Code article,Désignation,Marque,Modèle,Detail - القطاعي - LYD - Lybia,P.A HT
PE30377,اسمنت ابيض 1كغ,سانيتاري ويرز,اسمنت ابيض 1كغ,2.0,0.88
PE30376,جبس العز 1كغ,سرسانيت,جبس العز 1كغ,2.0,0.319
FAB0175,طلاء وجه خلاط شطافة,الشركة العالمية للتصدير و الإستيراد,,200.0,120.0
FAB0177,طلاء وجه زر بتارية,الشركة العالمية للتصدير و الإستيراد,,200.0,145.0
FAB0176,طلاء وجه خلاط دوش,الشركة العالمية للتصدير و الإستيراد,,200.0,130.0
RA30090,ورق سنفرة قماش رقم 220,الشركة العالمية للتصدير و الإستيراد,التاج,5.0,2.514
ART0226,سرفنتينة 15 سم * 15 سم كروم,دانيال,,85.0,72.0
PA30557,فيتي 3.5 * 40 (100غ),الشركة العالمية للتصدير و الإستيراد,,4.0,1.389
AECU50830,سلة تجفيف لحوض المطبخ رصاصي,بن أمور,مجموعة بن عمر,35.0,10.0
ML30836,مرايا حمام ضد البخار مع إضاءة لد 60*80 سم,سانيتاري ويرز,4005 دولاب,170.0,105.0
LG40754,حوض وجه كوارتز مع رف مع مراية 80 سم,سانيتاري واير,D1,1250.0,730.0
ARSB80471,"مسكر شطافة دبل ""1/2"" * ""1/2 كروم",فينوس,RACHEL P,80.0,48.0
PE30373,لصقة مع مجفف 200 مل,بولبو,PA260,10.0,6.25
AM0112,حوض وجه مع دولاب حمام -80 سم,سانيتاري ويرز,9212,1000.0,625.0
AB10113,خزانة حمام أبيض,سانيتاري ويرز,9212,400.0,255.0
ML30114,مرايا حمام مع إضاءة لد 80*60 سم,سانيتاري ويرز,9212,250.0,100.0
AM0736,دولاب حمام مع حوض وجه 60 سم,سانيتاري ويرز,41,1200.0,740.0
AB10741,خزانة حمام أبيض,سانيتاري ويرز,41,430.0,200.0
ART0746,مرايا حمام مع إضاءة لد,سانيتاري ويرز,41,150.0,100.0
ARSB80498,سماعة دوش مع طوبو كروم,ليسو,,85.0,52.0
AM0182,حوض وجه مع دولاب حمام -80 سم,سانيتاري ويرز,ML-02-80,670.0,460.0
LG40388,حوض وجه برسلين مع رف 65 سم,رويال,YB036_2,600.0,450.0
LG40389,حوض وجه برسلين مع رف 60 سم,رويال,YB036_4,600.0,460.0
VS10454,حوض وجه معلق 100 سم,أوركا,NEW ROSE,700.0,310.0
PE30159,محشة,الشركة العالمية للتصدير و الإستيراد,,25.0,16.0
PA30481,بينسة رقم 7,اي بي سي,AC18796,21.0,12.75
PA30548,برشام 4.8 * 12,الشركة العالمية للتصدير و الإستيراد,,5.0,2.0
RA20084,طوبو3''(1) متر,الرطيل,جي أم GM,20.0,12.5
AASB30092,حاملة ورق ناعم أسود,سانيتاري ويرز,MILET,100.0,65.0
RO10019,مسكر زاوية ''1/2 * ''1/2 كروم,فينوس,S-5,40.0,21.0
AM0078,دولاب حمام -90 سم,سانيتاري ويرز,9211,1000.0,600.0
ML30079,مرايا حمام مع إضاءة لد 90*60 سم,سانيتاري ويرز,9211,450.0,395.0
LG40100,حوض وجه برسلين مشطوف مع رف 60,سانيتاري ويرز,23126C,650.0,440.0
ML30835,مرايا حمام ضد البخار مع إضاءة لد 60*80 سم,سانيتاري ويرز,4007 دولاب,170.0,105.0
PE30452,غيار روله قطني 10سم,الشركة العالمية للتصدير و الإستيراد,2100,8.0,4.5
FAB0100,تصنيع قاعدة برسلين,الشركة العالمية للتصدير و الإستيراد,,1100.0,650.0
ARSB80302,شطاف ظغط مربع كبيرمع طوبو كروم,توريما,1372-03330-008,210.0,175.0
ML30099,مرايا حمام مع إضاءة لد سداسية 60*80 سم,سانيتاري ويرز,1443,160.0,95.0
ARSB80300,"مسكر شطافة ""1/2"" * ""1/2 كروم",بضائع أوروبية,5630,35.0,29.5
ALVM50505,مطول سيفون حوض الوجه 40سم كروم,سانيتاري ويرز,ORTA,30.0,16.5
PE30274,لصقة مع مجفف 300 مل,أويستار,,20.0,15.25
PLSA0664,وردة كروم,سانيتاري ويرز,SASSI,15.0,9.0
AASB30780,صابونية أسود,بن أمور,50-10-49,50.0,15.0
PS20782,علاقة مناشف أسود,بن أمور,50-10-49,100.0,25.0
AASB30992,حاملة فوط كروم,بن أمور,50-10-49,50.0,15.0
LG40331,حوض وجه برسلين 65 سم,رويال,YB036_7,600.0,400.0
EG40359,رف حوض وجه برسلين 65 سم,رويال,YB036_7,150.0,60.0
AM0416,حوض وجه مع دولاب حمام -80 سم,سانيتاري ويرز,8205,900.0,600.0
AB10417,خزانة حمام 120*24*20,سانيتاري ويرز,8205,250.0,100.0
ML30418,مرايا حمام مع إضاءة لد 80*60 سم,سانيتاري ويرز,8205,150.0,80.0
AM0838,حوض وجه مع دولاب حمام -80 سم,سانيتاري ويرز,9622,1000.0,700.0
AB10839,خزانة حمام أبيض,سانيتاري ويرز,9622,430.0,270.0
MD20003,خلاط دوش كروم,فينوس,RACHEL A3,340.0,190.0
MDE50046,خلاط دوش مدفون كروم,توريما,8Q01011-090,400.0,295.0
VS10186,حوض وجه معلق -100 سم,تركواز سيراستايل,MONA,560.0,413.0
AECU50203,سيفون حوض المطبخ,سي أر سمارت,,30.0,14.5
VS10221,حوض وجه سداسي معلق أبيض,ب.أمور,SH-B182-H,250.0,150.0
EL10242,حوض مطبخ ستانلس ستيل منظومة بيانو 304 75*46 أسود,ليسو,,700.0,465.0
ML30282,مرايا حمام مع إضاءة لد دائرية 60سم,سانيتاري ويرز,,135.0,90.0
RD30307,حوض قدم خزف مربع 80*80 سم,اديال سانيتار,,330.0,208.65
LG40399,حوض وجه برسلين مع رف 80 سم,رويال,2608,650.0,435.0
RA30010,"كوربة 4"" 45°",الرطيل,جي أم GM,22.0,13.344
RA30052,طوبو رش 3/4 40 متر,التوفيق,,120.0,94.0
PE30182,رولة طلاء 20 سم / 10,فندر,,8.0,5.25
PE30334,رولة طلاء 25 سم / 10,الشركة العالمية للتصدير و الإستيراد,,10.0,5.75
EL50399,لصقة 0.13 مم * 19 مم * 25 متر,الشركة العالمية للتصدير و الإستيراد,SCAPA 2702,7.5,4.75
PA30614,تل رخام 2 مم (1كغ),الشركة العالمية للتصدير و الإستيراد,,13.0,7.75
EL10017,حوض مطبخ ستانلس ستيل 304 81*51 كروم,أسيل,AS 187,495.0,330.0
AASB30037,مجفف شعر ذهبي,جي اف مارك,889WK,170.0,110.0
ART0020,شطاف ظغط مع طوبو كروم,فينوس,AHF01,120.0,76.0
AECU50150,سلة تجفيف لحوض المطبخ أسود,سانيتاري ويرز,,40.0,21.0
RD30054,حوض قدم مربع اكريليك 90*90*14,ساناكريل,M303,850.0,532.056
CD40007,مسطرة دوش زوجية ذهبي,سانيتاري ويرز,10200,310.0,200.0
RO10107,مسكر زاوية ''1/2 * ''1/2 كروم,فيوري,,20.0,15.0
FAB0178,طلاء وجه مسكر بي بي ار,الشركة العالمية للتصدير و الإستيراد,,100.0,50.0
SC10167,بوكس مربع 190*120*90 سم كروم,تركي,,1080.0,684.072
LG40195,حوض وجه برسلين مشطوف مع رف 80 سم,ليسو,A2080C,750.0,450.0
PE30211,غيار روله صينيه 10سم,الشركة العالمية للتصدير و الإستيراد,2100,3.0,0.55
ML30298,مرايا حمام مع إضاءة لد 80*60 سم,سانيتاري ويرز,,200.0,120.0
AM0358,دولاب حمام 80 سم أبيض,سانيتاري ويرز,8112,500.0,230.0
AM0359,حوض وجه دولاب حمام -80 سم,سانيتاري ويرز,8110,500.0,300.0
AB10360,خزانة حمام أبيض,سانيتاري ويرز,8110,400.0,280.0
AM40361,مراية دولاب حمام -80 سم,سانيتاري ويرز,8110,250.0,175.0
EL10721,حوض مطبخ ستانلس ستيل 304 أسود 65 * 45 سم,أسيل,AS3468,720.0,480.0
PE30423,شيمة جبس,سرسانيت,,20.0,10.0
MA20122,خلاط حوض المطبخ سحاب كروم,سانيتاري ويرز,,450.0,208.0
RO10294,حنفية غسالة ''1/2 * ''3/4 كروم,أركو,L.85,40.0,30.5
LG40336,حوض وجه برسلين 100 سم,رويال,YB032_6,450.0,310.0
MDE50005,خلاط دوش مدفون مع مصب وقصبة وكسكاس برنزي,فرامو,PA211BRO,2370.0,1975.0
MD20013,خلاط دوش كروم,توريما,8G16211-040,530.0,345.0
MD20020,خلاط دوش مع سماعة كروم,فرامو,SM202CR,450.0,335.0
ML10095,خلاط حوض وجه كروم,نابولي,Z-7033N,120.0,69.5
AASB30114,رف زاوية زوجي كروم,سانيتاري ويرز,1162-2,60.0,45.0
AECU50151,سلة تجفيف لحوض المطبخ رصاصي,سانيتاري ويرز,,40.0,21.0
ML30087,مرايا حمام مع إضاءة لد 50*70 سم,سانيتاري ويرز,GAK77,140.0,65.0
CD40050,مسطرة دوش زوجية كروم,سانيتاري ويرز,DOUS,200.0,120.0
RD30242,حوض قدم اكريليك 80*80 مربع بالجنب بالسيفوني,سانيتاري ويرز,TK 813,250.0,140.0
ML30753,مرايا حمام مع إضاءة لد مع بخاراطار ذهبي 70سم,KBM,55B,250.0,160.0
CD40782,مسطرة دوش زوجية اسود,سانيتاري ويرز,NOVA 859154,160.0,91.0
PD20785,حاجز دوش6مم اطار كروم 70 سم,سانيتاري ويرز,,525.0,350.0
ART0200,سيفون حوض المطبخ,سي أر سمارت,MARYPLAST,40.0,16.5
MD20435,خلاط دوش كروم,تركارت,TERRA,310.0,202.12
WA40482,غطاء مقعد أبيض,ب.أمور,SC-SH-030,100.0,50.0
ML30536,مرايا حمام دائرية مع إضاءة لد 80*80 سم,سانيتاري ويرز,114120,170.0,88.0
RO10548,مسكر زاوية ''1/2 * ''1/2 من غير مطول كروم,مونتانا س.ل,MT-6102,30.0,17.65
FAB0559,تصنيع حوض مع قاعدة برسلين,الشركة العالمية للتصدير و الإستيراد,,1500.0,1350.0
RD30581,حوض قدم مستطيل اكريليك 120*80*14,ساناكريل,M309,900.0,700.0
AM0695,دولاب مع حوض وجه مع مراية حمام 80 سم,بن أمور,203-80,1300.0,800.0
ATWC50388,وصلة بتارية مدفونة 22 سم,سانيتاري ويرز,,75.0,21.5
ART0764,مصب دوش بالتحويلة كروم انحاس,ليسو,11-079,150.0,75.0
AASB30779,حاملة فرشاة أسنان أسود,بن أمور,50-10-49,60.0,20.0
FAB1064,تصنيع حوض مع قاعدة برسلين,الشركة العالمية للتصدير و الإستيراد,,3000.0,2500.0
AECU50097,سيفون حوض المطبخ معا راجع,سي أر سمارت,,40.0,19.5
VS10140,حوض وجه معلق -90 سم,سانيتاري واير,9211,560.0,300.0
PD20783,حاجز دوش 10مم اطار كروم مضبب 70 سم,سانيتاري ويرز,LUE70,850.0,565.0
LG40147,حوض وجه برسلين 100 سم,سانيتاري ويرز,2715,650.0,400.0
EG40149,رف حوض وجه برسلين 100 سم,سانيتاري ويرز,2715,300.0,125.0
LG40368,حوض وجه برسلين مشطوف 80 سم,سانيتاري ويرز,2711,600.0,400.0
EG40373,رف حوض وجه برسلين 80 سم,سانيتاري ويرز,2711,350.0,185.0
ML30374,مرايا حمام مع إضاءة لد مع اطار أسود 80*60 سم,سانيتاري ويرز,1440,210.0,145.0
AM0106,حوض وجه مع دولاب حمام -80 سم,سانيتاري ويرز,5027,1000.0,600.0
AB10107,خزانة حمام أبيض,سانيتاري ويرز,5027,400.0,255.0
ML30108,مرايا حمام مع إضاءة لد 80*60 سم,سانيتاري ويرز,5027,250.0,100.0
VP20119,حوض وجه فوق الرخام 100 سم أبيض,سانيتاري ويرز,9135,600.0,350.0
AM0120,دولاب حمام 100 سم أبيض,سانيتاري ويرز,9135,1000.0,700.0
ML30121,مرايا حمام مع إضاءة لد 90 سم,سانيتاري ويرز,9135,350.0,240.0
EL10432,حوض مطبخ ستانلس ستيل 304 50 * 45 سم,أسيل,AS3466,550.0,385.0
PD20920,حاجز دوش 8 مم مضبب60 سم,سانيتاري ويرز,PF40-16,540.0,360.0
EL10770,حوض مطبخ ستانلس ستيل 304 78*43,سانيتاري ويرز,,260.0,175.0
ML10004,خلاط حوض وجه كروم,توريما,EDGE 8E33011-093,470.0,305.0
ME10010,خلاط حوض المطبخ شجرة كروم,توريما,THEOS 9253411-040,340.0,225.0
ARSB80012,كسكاس دوش مربع 250*250 مم كروم,توريما,0149511-T40,200.0,125.0
ARSB80013,كسكاس دوش مربع 250*250 مم كروم,توريما,IH056CRSC,200.0,125.0
ML10020,خلاط حوض وجه كروم,فينوس,PEARL,170.0,147.233
ML10022,خلاط حوض وجه شلال طويل كروم,سانيتاري واير,XSDD012458,340.0,163.0
ML10024,خلاط حوض وجه 15 سم كروم,شيزا,TULIP,260.0,185.0
ML10025,خلاط حوض وجه 20 سم كروم,شيزا,NOVA,280.0,185.0
ML10027,خلاط حوض وجه 15 سم كروم,شيزا,STORM,230.0,135.0
ML10028,خلاط حوض وجه كروم,فينوس,CALVIN B2,330.0,213.0
ML10030,خلاط حوض وجه طويل 17 سم كروم,رايمر,EY12A,540.0,390.0
ML10031,خلاط حوض وجه طويل كروم,يولي,,150.0,85.0
ML10032,خلاط حوض وجه شلال قصير كروم,سانيتاري واير,8879-5,150.0,95.0
ML10034,خلاط حوض وجه شلال طويل ذهبي,سانيتاري واير,XSDD014549,380.0,163.0
ML10040,خلاط حوض وجه كروم,فيرونا,VE75410,120.0,68.0
ML10042,خلاط حوض وجه طويل مربع كروم,نيو !,7-8,170.0,110.0
ML10044,خلاط حوض وجه طويل كروم,سانيتاري ويرز,,230.0,135.0
ML10047,خلاط حوض وجه كروم,ب س,PLS-61-F,130.0,88.0
ML10048,خلاط حوض وجه كروم,هيادياو,HD-5116,190.0,125.0
ML10049,خلاط حوض وجه كروم,هيادياو,HD-5114A,330.0,218.0
ML10050,خلاط حوض وجه ذهبي,فيرمر,YLN18558-1G,170.0,105.0
ML10051,خلاط حوض وجه أسود,فيرمر,YLN18560-1H,150.0,105.0
ML10055,خلاط حوض وجه مضيء كروم,ليفرنو هوم,,210.0,115.0
MD20006,خلاط دوش أسود,شيزا,NOVA,410.0,265.0
MD20009,خلاط دوش كروم,شيزا,STORM,240.0,150.0
MD20010,خلاط دوش كروم,شيزا,NOVA,260.0,280.0
MD20012,خلاط دوش مع سماعة كروم,سانيتاري ويرز,,130.0,80.0
MD20057,خلاط دوش مع سماعة كروم,أيولي,STILE,330.0,210.0
MD20058,خلاط دوش مع سماعة كروم,فرامو,HO202CR,450.0,325.0
MT30063,خلاط شطاف مع شطاف كروم,شيزا,STORM,210.0,105.0
MT30066,خلاط شطاف كروم,توريما,8G25211-043,300.0,155.0
MT30068,خلاط شطاف مع شطاف دائري كروم,بريمكس,2066,290.0,175.0
ARSB80071,شطاف ظغط مع طوبو كروم,فينوس,AHF02,115.0,73.0
ARSB80073,شطاف ظغط دائري مع طوبو كروم,سانيتاري ويرز,,90.0,45.0
ARSB80076,شطاف ظغط دائري مع طوبو كروم,مونتانا س.ل,MT-3101,45.0,32.25
ARSB80080,شطاف ظغط دائري مع طوبو كروم,فينوس,AHF14,85.0,43.0
ARSB80084,شطاف ظغط دائري بلاستك مع طوبو أَبْيَض,فينوس,AHF10,50.0,24.0
ARSB80086,شطاف ظغط دائري مع طوبو أسود,توريما,,330.0,150.0
ARSB80087,شطاف ظغط مربع مع طوبو كروم,توريما,1372-03330-026,180.0,115.0
ARSB80088,شطاف ظغط دائري مع طوبو كروم,توريما,,110.0,31.0
CD40095,مسطرة دوش زوجية كروم,فينوس,,290.0,189.0
CD40096,مسطرة دوش زوجية كروم,ميتا فورم,PERFECT H28,215.0,143.0
CD40098,مسطرة دوش زوجية مربعة كروم,سانيتاري ويرز,,520.0,345.0
CD40102,مسطرة دوش زوجية كروم,فينوس,3227,350.0,255.0
CD40103,مسطرة دوش زوجية كروم,فينوس,3229,295.0,195.0
CD40104,مسطرة دوش زوجية كروم,فينوس,,350.0,255.0
CD40106,مسطرة دوش زوجية كروم,باست,,150.0,92.0
CD40107,مسطرة دوش زوجية كروم,ازورا ربنتري,,120.0,92.0
CD40108,مسطرة دوش زوجية كروم,باست,,150.0,86.0
CD40112,مسطرة دوش زوجية مع خلاط دجتل كروم,يولي,,400.0,255.0
CD40113,مسطرة دوش لاد مع خلاط كروم,ا بي ام انترناشونال,,570.0,425.0
MA20115,خلاط حوض المطبخ سحاب أسود,سانيتاري ويرز,XSDD010255,300.0,138.0
MA20116,خلاط حوض المطبخ سحاب ذهبي,سانيتاري ويرز,,450.0,237.0
MA20117,خلاط حوض المطبخ دبل سحاب أسود,سانيتاري ويرز,BO1130-3BN-1S,450.0,213.0
MA20119,خلاط حوض المطبخ سحاب رَمَادِي,سانيتاري ويرز,,450.0,213.0
MA20123,خلاط حوض المطبخ سحاب مع حساس اوتوماتيكي أسود,سانيتاري ويرز,CP969-33B-1P-SS-DE,350.0,163.0
MA20124,خلاط حوض المطبخ سحاب أسود,بريمكس,5152H,400.0,213.0
MA20125,خلاط حوض المطبخ سحاب كروم,بريمكس,6214D,300.0,213.0
MA20126,خلاط حوض المطبخ سحاب كروم,بريمكس,6174D,280.0,213.0
MA20128,خلاط حوض المطبخ سحاب كروم,بريمكس,6144,400.0,265.0
MA20129,خلاط حوض المطبخ سحاب كروم,بريمكس,11067B,330.0,210.0
ME10008,خلاط حوض المطبخ شجرة كروم,نوبلي,BS1011034CR,360.0,235.0
MA20009,خلاط حوض المطبخ سحاب كروم,شهاب,BERMOODA AS-351487504,570.0,380.0
MM30011,خلاط حوض المطبخ حائطي كروم,اعتماد,MEGA 546,200.0,130.0
ME10013,خلاط حوض المطبخ شجرة كروم,اعتماد,KAPPA 593,170.0,110.0
MA20013,خلاط حوض المطبخ سحاب كروم مطفي,سانيتاري ويرز,,280.0,129.0
MA20016,خلاط حوض المطبخ سحاب كروم أسود,فيرونا,VE00370,350.0,230.0
ME10017,خلاط حوض المطبخ شجرة كروم,فرامو,MA123CR,285.0,191.0
ME10018,خلاط حوض المطبخ شجرة كروم,فينوس,SVS1,165.0,110.0
MM30019,خلاط حوض المطبخ حائطي كروم,فينوس,DELMA,170.0,120.0
MM30022,خلاط حوض المطبخ حائطي كروم,فينوس,PEARL,175.0,115.0
MA20031,خلاط حوض المطبخ سحاب أسود,سانيتاري ويرز,,370.0,168.0
MA20033,خلاط حوض المطبخ سحاب كروم,سانيتاري ويرز,,360.0,168.0
ME10037,خلاط حوض المطبخ شجرة لاد كروم,ليفرنو هوم,,250.0,125.0
MA20043,خلاط حوض المطبخ سحاب نحاسي,سانيتاري ويرز,,360.0,168.0
MDE50048,خلاط دوش مدفون كروم,توريما,8G01011-093,410.0,235.0
ARSB80056,كسكاس دوش مربع 300*300 مم كروم,فينوس,UTS12,140.0,68.0
ARSB80057,كسكاس دوش مربع 200*200 مم كروم,فينوس,SSH08,135.0,85.0
ARSB80058,كسكاس دوش دائري 200 مم كروم,فينوس,UTR8,70.0,37.0
ARSB80059,كسكاس دوش مربع 250*250 مم كروم,فينوس,SSHS10,200.0,133.0
ARSB80063,كسكاس دوش دائري 300 مم كروم,ستورم,MSR1230,150.0,88.0
ARSB80064,كسكاس دوش مربع 200*200 مم كروم,سانيتاري ويرز,,85.0,45.0
ARSB80066,كسكاس دوش مربع 300*300 مم مع قصبة كروم,شيزا,,200.0,135.0
ARSB80097,مصب دوش بدون تحويلة كروم,بريمكس,J008D,100.0,58.0
ARSB80101,مصب دوش مع تحويلة كروم,بريمكس,J006D,125.0,77.0
ARSB80102,مصب دوش مع تحويلة كروم,دانيال,K4702CR,380.0,255.0
ARSB80105,مصب دوش مع تحويلة كروم,دانيال,SK4702CR,470.0,360.0
ARSB80107,مصب قصير دوش مع تحويلة كروم,دانيال,SK4702CR,300.0,215.0
ARSB80112,قصبة دوش مربعة 43 سم كروم,فينوس,,75.0,42.0
ARSB80117,مصب دوش مع تحويلة كروم,فينوس,RACHEL D1,170.0,113.0
ARSB80118,مصب دوش مع تحويلة ليفة كروم,فينوس,CALVIN K,130.0,81.0
ARSB80119,مصب دوش مع تحويلة كروم,فورتميكس,,150.0,85.0
ARSB80121,قصبة دوش 40 سم سقفية كروم,دانيال,A557QCM40,350.0,225.0
ARSB80127,سماعة دوش مع طوبو كروم,رايمر,339N317MDI,170.0,110.0
ARSB80131,قصبة دوش 35 سم كروم,سانيتاري ويرز,,75.0,39.0
AEVE20141,رأس سيفوني 1 ''1/4 كروم,فينوس,1083,50.0,2.0
ARSB80143,قصبة دوش مربعة 40 سم ذهبي,توريما,0324433-T40,500.0,340.0
ARSB80148,مصب دوش مع تحويلة كروم,فينوس,RACHEL D1S,160.0,110.0
ARSB80151,قصبة دوش 33 سم كروم,توريما,0324611-T40,130.0,78.0
PSB10153,خلاط مع سماعة مع مسطرة دوش زوجية كروم,سانيتاري ويرز,,500.0,312.0
AASB30155,حاملة فرشاة أسنان كروم,فينوس,BA702,75.0,44.0
WP20156,مقعد أرضي ملحوم تورىيدو أبيض,ب.أمور,SH-6201,760.0,543.0
WP20158,مقعد أرضي ملحوم طويل أبيض,ب.أمور,SH-9009,800.0,461.0
WP20160,مقعد أرضي ملحوم سداسي مدفع أبيض,ب.أمور,SH-276-P,570.0,450.0
WS10165,مقعد معلق تورنيدو أبيض,ب.أمور,SH-024,700.0,390.0
WP20166,مقعد أرضي ملحوم بيضوي أبيض,ب.أمور,SH-GA801,1050.0,610.0
WS10167,مقعد معلق رايملس رصاصي,ب.أمور,SH-A001-MG,750.0,565.0
WS10173,مقعد معلق أبيض,ب.أمور,SH-M206,480.0,280.0
WS10174,مقعد معلق رايملس أبيض,تركواز سيراستايل,NOURA,820.0,584.0
ARSB80175,مخرج شطاف مع علاق كروم,دانيال,A547,200.0,135.0
VS10176,حوض وجه معلق أبيض,ب.أمور,SH-116,320.0,129.5
VS10180,حوض وجه معلق رخامي أبيض,ب.أمور,SH-P128MGL,340.0,230.0
AM0183,حوض وجه مع دولاب حمام -80 سم,سانيتاري ويرز,ML-01-80,600.0,380.0
AM0184,حوض وجه مع دولاب حمام -60 سم,سانيتاري ويرز,ML-02-60,620.0,380.0
VS10190,حوض وجه معلق -80 سم,تركواز سيراستايل,MONA,460.0,315.0
WP20192,مقعد أرضي أبيض,ايجا فتريفاي,KAPAYA,430.0,310.0
AECU50199,سيفون حوض المطبخ رأس كبير,سي أر سمارت,L-B-PLAST,50.0,29.5
VS10204,حوض وجه معلق أبيض -50سم,ب.أمور,8302A,250.0,154.0
VS10208,حوض وجه معلق أبيض -60سم,ب.أمور,SH-8420-60-W,450.0,190.922
ATWC50217,بتارية مقعد أرضي بيضوي تحت,سانيتاري ويرز,,80.0,50.0
MC10219,سرفنتينة 15 سم * 15 سم كروم,سانيتاري ويرز,SUN AISI 304,85.0,45.0
VS10222,حوض وجه سداسي مع عمود معلق أبيض,ب.أمور,SH-B182-H,320.0,215.0
VS10223,حوض وجه سداسي مع عمود أرضي أبيض,ب.أمور,SH-501,320.0,195.0
MC10224,سرفنتينة ضغط 15 سم * 15 سم كروم,فينوس,610,65.0,35.46
MC10225,سرفنتينة 15 سم * 15 سم كروم,سانيتاري ويرز,,65.0,75.0
MC10226,مجرى 29 سم * 9 سم كروم,سانيتاري ويرز,,180.0,135.0
PSB10228,حوض وجه مع دولاب حمام مع مراية -60 سم,سانيتاري ويرز,ML-02-60,650.0,480.0
PSB10229,حوض وجه مع دولاب حمام مع مراية -80 سم,سانيتاري ويرز,ML-01-80,750.0,470.0
PSB10230,حوض وجه مع دولاب حمام مع مراية -80 سم,سانيتاري ويرز,ML-02-80,750.0,554.0
EL10235,حوض مطبخ ستانلس ستيل 304 كروم,أسيل,AS386,720.0,510.0
EL10237,حوض مطبخ ستانلس ستيل 304 50*50 كروم,أسيل,AS 14,300.0,174.0
EL10239,حوض مطبخ ستانلس ستيل 82*45 كروم,بريمكس,EC 02,530.0,270.0
EG30246,حوض مطبخ جرانيت أبيض 70*50,سانيبال,رودا,450.0,300.0
EG30247,حوض مطبخ جرانيت رصاصي محبب 70*50,سانيبال,رودا,450.0,290.0
EG30248,حوض مطبخ جرانيت أبيض محبب 70*50,سانيبال,رودا,450.0,300.0
EG30251,حوض مطبخ جرانيت أسود محبب 70*50,سانيبال,رودا,450.0,300.0
ACE20266,فلفلة سخانة,سانيتاري ويرز,,20.0,11.5
AM40270,مراية حمام بالدولاب أبيض منقط -80 سم,أرسين,,250.0,175.0
AM40273,مراية حمام بالدولاب كروم -80 سم,أرسين,,250.0,175.0
ALVM50276,رأس سيفوني كروم,بريمكس,T221,50.0,24.0
ML30275,مرايا حمام مع إضاءة لد 80*60 سم,كاي بي ام,ML_002,125.0,77.6
ML30278,مرايا حمام مع إضاءة لد 80*60 سم,كاي بي ام,ML_006,125.0,77.6
ALVM50281,رأس سيفوني كروم,سانيتاري ويرز,,35.0,19.0
ALVM50282,رأس سيفوني كروم,سانيتاري ويرز,,30.0,14.5
ML30283,مرايا حمام مع إضاءة لد دائرية 80سم,سانيتاري ويرز,,170.0,120.0
ML30284,مرايا حمام مع إضاءة لد دائرية بالعلاقة مع اطار أسود 60سم,سانيتاري ويرز,,190.0,135.0
ML30288,مرايا حمام مع إضاءة لد 80*60 سم,سانيتاري ويرز,,125.0,85.0
RO10289,مسكر زاوية ''1/2 * ''1/2 كروم,فينوس,S-7,35.0,19.0
RO10290,مسكر زاوية ''1/2 * ''1/2 كروم,سانيتاري ويرز,,45.0,29.5
BAI10291,حوض استحمام بانيو 120*70*53 سم,ساناكريل,A119,1100.0,761.25
RO10293,مسكر زاوية ''1/2 * ''1/2 أسود,سانيتاري ويرز,,25.0,15.5
BAI10293,حوض استحمام بانيو 150*70*53 سم,ساناكريل,A116,1400.0,1047.5
BAI10294,حوض استحمام بانيو 180*80*60 سم,ساناكريل,A141,3000.0,2120.0
RO10295,حنفية غسالة ''1/2 * ''3/4 كروم,ريو,R0040,30.0,17.75
ARSB80297,سماعة دوش مع طوبو ذهبي,توريما,1372-012,470.0,320.0
MD20300,خلاط دوش أسود,توريما,8G162BB-040,770.0,505.0
ARSB80305,مخرج شطاف مع علاق مع محول كروم,توريما,1372-003,190.0,120.0
RD30308,حوض قدم مستطيل اكريليك 100*70,ساناكريل,M331,580.0,412.25
RD30309,حوض قدم مستطيل زاوية يسار اكريليك 120*80*14,ساناكريل,M331,580.0,446.0
ARSB80311,مخرج شطاف مع علاق كروم,شيزا,48593,80.0,43.5
ATWC50313,صندوق طرد مدفون بتارية مع زر دائري 9 لتر,غروهي,38723,930.0,920.0
ARSB80315,مخرج شطاف مع علاق كروم,سلارنو,HR-M05,80.0,39.5
ARSB80316,مخرج شطاف مع علاق كروم,سلارنو,HR-M09,60.0,28.0
ARSB80317,مخرج شطاف مع علاق كروم,سلارنو,HR-M07,60.0,31.5
ARSB80320,مخرج شطاف مع علاق ذهبي,بريمكس,J014G,120.0,64.0
LG40333,حوض وجه برسلين 100 سم,رويال,YB032_19,450.0,310.0
LG40334,حوض وجه برسلين 100 سم,رويال,YB032_11,450.0,310.0
LG40337,حوض وجه برسلين 100 سم,رويال,YB032_1,450.0,310.0
ARSB80336,مخرج شطاف كروم,فينوس,OER,60.0,30.0
EG40350,رف حوض وجه برسلين 80 سم,رويال,YB14-10,150.0,60.0
EG40354,رف حوض وجه برسلين 80 سم,رويال,YB14-2,150.0,60.0
ARSB80361,مخرج شطاف كروم,بضائع أوروبية,230E,70.0,37.5
LG40001,حوض وجه برسلين مشطوف مع رف 80 سم,رويال,YB14-6,750.0,560.0
ARSB80009,سماعة دوش مع طوبو كروم,سانيتاري واير,,45.0,15.5
ARSB80011,سماعة دوش مع طوبو كروم,سانيتاري واير,,30.0,14.5
LG40371,حوض وجه برسلين مشطوف مع رف 80 سم,رويال,YB14-7,750.0,60.0
LG40372,حوض وجه برسلين مشطوف مع رف 80 سم,رويال,YB14-4,750.0,560.0
ARSB80373,سماعة دوش مع طوبو كروم,سلارنو,,90.0,47.0
ARSB80374,سماعة دوش مع طوبو كروم,ليسو,,80.0,48.0
LG40377,حوض وجه برسلين مشطوف مع رف 80 سم,رويال,YB14-13,750.0,560.0
LG40378,حوض وجه برسلين مشطوف مع رف 80 سم,رويال,YB14-3,750.0,560.0
LG40379,حوض وجه برسلين مشطوف مع رف 80 سم,رويال,YB14-1,750.0,560.0
LG40380,حوض وجه برسلين مشطوف مع رف 80 سم,رويال,YB14-10,750.0,560.0
LG40381,حوض وجه برسلين مع رف 80 سم,رويال,YB03_20,650.0,460.0
LG40382,حوض وجه برسلين مشطوف مع رف 80 سم,رويال,YB14-2,750.0,460.0
LG40383,حوض وجه برسلين مع رف 80 سم,رويال,YB03_18,650.0,470.0
LG40384,حوض وجه برسلين مع رف 80 سم,رويال,YB03_10,650.0,470.0
LG40385,حوض وجه برسلين مع رف 65 سم,رويال,YB036_9,600.0,460.0
LG40386,حوض وجه برسلين مع رف 65 سم,رويال,YB036_8,600.0,440.0
LG40390,حوض وجه برسلين مع رف 65 سم,رويال,YB036_7,600.0,460.0
LG40393,حوض وجه برسلين مع رف 80 سم,رويال,2611,650.0,460.0
LG40396,حوض وجه برسلين مع رف 80 سم,رويال,2612,650.0,460.0
ALVM50401,سيفون حوض الوجه 25سم 30سم كروم,بوڨاتي,,250.0,140.0
ALVM50403,سيفون حوض الوجه كروم,فينوس,BS32C,220.0,154.23
ALVM50405,سيفون حوض الوجه كروم,نابولي,XSQ-01N,120.0,59.0
ALVM50406,سيفون حوض الوجه كروم,سانيتاري ويرز,LY4002-CP,90.0,58.0
MSB0410,حوض وجه مع دولاب حمام مع خزانة مع مراية -80 سم,سانيتاري ويرز,8102,1150.0,730.0
AM0414,حوض وجه مع دولاب حمام مع خزانة مع مراية -80 سم,سانيتاري ويرز,9402,1150.0,730.0
AM0419,حوض وجه مع دولاب حمام مع خزانة مع مراية -80 سم,سانيتاري ويرز,9402,1150.0,780.0
AM0423,حوض وجه مع دولاب حمام مع خزانة مع مراية -80 سم,سانيتاري ويرز,8204,1150.0,780.0
PD20434,حاجز دوش 10 مم اطار كروم مضبب 80 سم,ليسو,ZW003,650.0,465.0
PD20435,حاجز دوش 10 مم اطار كروم مضبب100 سم,ليسو,ZW003,725.0,510.0
PD20436,حاجز دوش 10 مم اطار كروم 60 سم,ليسو,ZW001,600.0,420.0
PD20437,حاجز دوش 10 مم اطار كروم منقط 80 سم,ليسو,ZW004,650.0,480.0
PD20438,حاجز 10 مم اطار دهبي 80 سم,ليسو,ZW-001G,700.0,475.0
PD20439,حاجز دوش 10مم اطار كروم 70 سم,ليسو,ZW001,630.0,435.0
PD20443,حاجز دوش 8 مم سلفر كروم 80 سم,سانيتاري ويرز,AS 002,650.0,470.0
PD20444,حاجز دوش 8مم اطار أسود 70 سم,ليسو,D08G BLACK,650.0,435.0
LG40447,حوض وجه برسلين مع رف 80 سم,رويال,04-03,650.0,430.0
MC10451,مجرى 50 سم 6* سم ذهبي,درنيا,,400.0,290.0
MC10453,مجرى 40 سم *6 سم كروم,درنيا,,250.0,155.0
AM0455,دولاب مع مراية حمام 100 سم,أوركا,NEW ROSE,3500.0,2610.0
AM0459,دولاب مع حوض وجه مع مراية حمام 85 سم,أوركا,AYDOS,1450.0,1020.0
99991,خدمة توصيل,,,70.0,70.0
99992,رسوم البنك,,,50.0,50.0
MF20461,مراية حمام 80 سم,أوركا,CLAY,250.0,150.0
PSB10587,دولاب مع حوض وجه مع مراية حمام 80 سم,أوركا,LUCCA,3200.0,2430.0
MC10469,"مسكر شطافة دبل ""1/2"" * ""1/2 كروم",فينوس,CALVIN P,80.0,48.0
ARSB80470,"مسكر شطافة دبل ""1/2"" * ""1/2 كروم",فينوس,,60.0,32.0
PS20472,علاقة مناشف زوجية كروم,سانيتاري ويرز,,160.0,105.0
CC10003,كولة بلاط أرضيات 20 كغ,بولبو,POLPO P320 C1,20.0,13.0
PS20005,علاقة مناشف زوجية كروم,سانيتاري ويرز,,90.0,85.0
VS10000,حوض وجه معلق -60 سم,تركواز سيراستايل,NOURA,350.0,200.0
MTE60009,خلاط شطاف مدفون كروم,فيوري,,330.0,220.0
ARSB80714,مخرج شطاف مربع بالعلاقة أسود,سي أر سمارت,15-52,100.0,68.0
ALVM50013,سيفون حوض الوجه اسود,سانيتاري ويرز,7,150.0,86.0
PE30016,زمالطو ضد الصدأ 4 كغ أسود,دهانات المدينة مصراتة,,45.0,40.0
PE30019,زمالطو 2.5 كغ أزرق داكن,دهانات المدينة مصراتة,,50.0,44.0
PE30026,طلاء مائي داخلي 18 كغ أبيض,دهانات المدينة مصراتة,بلاستيكو 2021,105.0,94.09
ARSB80039,شطاف ظغط مربع مع طوبو كروم,سانيتاري ويرز,,100.0,55.0
MA20040,خلاط حوض المطبخ سحاب كروم,تركواز سيراستايل,,200.0,110.0
MA20044,خلاط حوض المطبخ سحاب اسود,تركواز سيراستايل,15-684,330.0,210.0
ADOU50043,سيفون حوض قدم,,,35.0,15.0
PS20045,علاقة مناشف كروم,سانيتاري ويرز,,140.0,95.0
VP20048,حوض وجه فوق الرخام أبيض -41سم,كورنات,,200.0,130.0
ML30050,مرايا حمام مع إضاءة لد 80*60 سم,سانيتاري ويرز,,150.0,95.0
PE30039,طلاء عاز ل مطاطي 3 كغ,الواحة,العازل,45.0,35.0
PE30041,دهان عازل خارجي داخلي كغ10 أبيض,سوتينول - الغزالة,سوبرلاتكس,140.0,134.0
EL10003,حوض مطبخ ستانلس ستيل 304 كروم,أسيل,,390.0,270.0
EL10004,حوض مطبخ ستانلس ستيل 304 75*45 سم كروم,أسيل,,750.0,605.0
EL10005,حوض مطبخ ستانلس ستيل 304,أسيل,,700.0,590.0
EL10006,حوض مطبخ ستانلس ستيل AS248 50*81,أسيل,AS 248,780.0,530.0
PE30009,استوك 1 كغ,وان تايم,,40.0,35.0
CD40017,مسطرة دوش زوجية اسود,تركواز سيراستايل,BR7,250.0,120.0
AASB30019,رف زاوية زوجي كروم,سانيتاري ويرز,,140.0,85.0
AASB30020,رف زاوية زوجي كروم,سانيتاري ويرز,,175.0,125.0
PS20022,علاقة مناشف مع رف كروم,سانيتاري ويرز,,70.0,35.0
AASB30024,حامل منضفات كروم,بضائع أوروبية,SINI,50.0,13.0
AASB30030,رف ستاينلس ستيل كروم,فينوس,458C,75.0,42.0
MI10031,مراية تجميل مكبرة,سانيتاري ويرز,,110.0,73.0
RA30037,"ديسكو حديد 9"" 230 مم",كداس,A 24 PLUS T-BF,15.0,8.5
AASB30034,مجفف شعر أبيض,بريمكس,882,120.0,85.0
AASB30035,مجفف شعر أبيض,بريمكس,883,110.0,68.0
AASB30038,حامل منضفات ثلاثي أسود,سانيتاري ويرز,,310.0,215.0
PS20042,علاقة ملابس ثلاثية,فينوس,LI-03,50.0,36.0
PS20048,علاقة مناشف كروم,فينوس,ST-07,400.0,285.0
MI10050,مراية تجميل مكبرة,سانيتاري ويرز,1207-8,380.0,275.0
PS20054,علاقة ملابس ثلاثية كروم,سانيتاري ويرز,,55.0,34.0
PS20063,علاقة ملابس خماسية,فينوس,LI-05,90.0,62.08
AASB30073,حاملة ورق منظف كلينكس,سانيتاري ويرز,AZ1300,130.0,83.0
PS20079,علاقة مناشف كروم,سانيتاري ويرز,,90.0,58.0
PS20081,علاقة ملابس رباعية,سانيتاري ويرز,,45.0,29.0
AASB30085,رف زاوية كروم,بريمكس,5658,150.0,95.0
ALVM50014,سيفون حوض الوجه كروم,سانيتاري ويرز,,120.0,78.0
ALVM50015,سيفون حوض الوجه كروم,سانيتاري ويرز,LY401-CP,120.0,68.0
PE30096,موس فرش 18 مم,اي بي سي,AC18868,7.0,4.5
PE30105,صندوق عدة حديد 43 سم,اي بي سي,AC16430,80.0,52.0
PE30109,"صندوق عدة 19""",فندر,,80.0,55.0
PE30111,ماصة 2 كغ,اي بي سي,AC18727,30.0,22.0
PA30098,ڨومة برويطة,الشركة العالمية للتصدير و الإستيراد,,85.0,75.0
PA30099,ڨومة برويطة ديسكو مفتوح قلب متحرك 4 بار,الشركة العالمية للتصدير و الإستيراد,,45.0,36.0
PA30100,ڨومة برويطة قلب ثابت,الشركة العالمية للتصدير و الإستيراد,,85.0,63.0
PA30101,ڨومة برويطة قلب متحرك أحمر نجمة,الشركة العالمية للتصدير و الإستيراد,,55.0,46.0
PA30102,ڨومة برويطة فوم قلب متحرك ديسكو مسكر مضغوطة,الشركة العالمية للتصدير و الإستيراد,,90.0,70.0
P30103,مضخة 1 حصان,بنتكس,PM80,690.0,428.0
P30104,مضخة 1/2 حصان,بنتكس,PM45,470.0,310.0
P30109,مضخة ماجن 1 حصان ضد التآكل,شمجا,QDX1.5-32-0.75K3-F,890.0,575.0
P30115,بدل كورة,بنتكس,P1213/2021,210.0,157.0
PE30123,صاروخ 115مم 900 وات,سبيكو,SP-5018,210.0,155.0
PA30118,ميزان إلكتروني 30 كغ,فندر,194919,190.0,135.0
PA30140,سلوم 4 درجات,الشركة العالمية للتصدير و الإستيراد,,380.0,270.0
LG40146,حوض وجه برسلين مع رف 100 سم,سانيتاري ويرز,2715,800.0,525.0
LG40154,حوض وجه برسلين مشطوف لد مع رف 80 سم,سانيتاري ويرز,2712,870.0,595.0
PA30163,سطل بناء,الشركة العالمية للتصدير و الإستيراد,,22.0,15.5
PE30171,"فرشة طلاء 2"" 50.8 مم",فندر,,5.0,2.8
PE30172,"فرشة طلاء 3"" 76.2 مم",فندر,,6.5,4.0
PE30173,"فرشة طلاء 4"" 101.6 مم",فندر,,8.0,5.25
PE30184,"فرشة طلاء2.5"" 63.5 مم",فندر,,6.0,3.1
PE30188,فوم 600 غرام,أويستار,FS-012,20.0,14.75
PE30203,"سكينة تغليف يد خشب 8"" 200 مم",اي بي سي,AC18799,7.0,4.35
PE30205,"سكينة تغليف يد خشب 10""",الشركة العالمية للتصدير و الإستيراد,,8.5,5.6
PA30215,كلاب 180 مم,الشركة العالمية للتصدير و الإستيراد,KNIPEX 68 01 180,30.0,19.5
ALVM50225,سيفون حوض الوجه كروم,سانيتاري ويرز,,120.0,68.0
EL50238,سير ربط 5.2 * 200 مم (100 قطعة),الشركة العالمية للتصدير و الإستيراد,,7.5,4.75
PA30245,طراحة حديد 50 سم,الشركة العالمية للتصدير و الإستيراد,,22.0,15.5
PE30256,كولة 473 مل,الشركة العالمية للتصدير و الإستيراد,,35.0,26.5
AASB30261,رف زاوية زوجي اسود,ليمكس,LY2559,250.0,155.0
AASB30262,رف زاوية زوجي كروم,ليمكس,LY2094,200.0,105.0
PLSA0286,وردة أسود,سانيتاري ويرز,,5.0,2.0
ML10299,خلاط حوض وجه كروم,ليسو,JR031-14,140.0,93.0
ML10300,خلاط حوض وجه كروم,ليسو,JR031-25,200.0,115.0
AASB30306,حامل ورق منظف كلينكس,ليسو,JR031-13,70.0,35.0
RS40309,بلاط ارضيات بورسلين 60 سم * 60 سم (1.08 م²),مجموعة بن عمر,,54.0,48.6
SA10312,طقم اكسسوار كروم,ليسو,2663,350.0,240.0
SA10313,طقم اكسسوار كروم,ليسو,2664,350.0,240.0
SA10315,طقم اكسسوار كروم,ليسو,2665,370.0,250.0
SA10316,طقم اكسسوار كروم,ليسو,2666,350.0,240.0
ART0317,مخرج شطاف مع علاق كروم,فورتميكس,JR031-29,75.0,50.0
PS20318,علاقة مناشف كروم,سانيتاري واير,AF-19108-13,60.0,35.0
PA30328,موس منشار جبس,فندر,SDY-97744,25.0,14.5
PE30333,رولة كروسة 10 سم ( 3 قطع ),الشركة العالمية للتصدير و الإستيراد,,10.0,5.5
PE30335,رولة طلاء,الشركة العالمية للتصدير و الإستيراد,1343,10.0,6.75
PE30336,رولة زمالطو,الشركة العالمية للتصدير و الإستيراد,1331,6.0,2.75
PA30337,ماكينة سلكون,فندر,,30.0,22.5
PA30338,ماكينة سلكون,الشركة العالمية للتصدير و الإستيراد,,13.0,7.5
AASB30344,فرشاة تنظيف مرحاض كروم,ليسو,BS-11,110.0,70.0
AASB30346,فرشة مرحاض كروم,ليسو,KW06,80.0,50.0
ATWC50347,زر بتريا كروم,الشركة التونسية للمواد الصحية,YC8010-2,175.0,125.0
RA30359,ديسكو جرانيت 4.5'' 115 مم,فندر,195544,20.0,12.2
PA30362,متر 7.5م,فندر,,28.0,18.5
PA30363,متر 5م,فندر,,25.0,15.5
ARSB80364,كسكاس دوش مربع مع قصبة 250*250 مم كروم,ليسو,JR031-26,120.0,59.0
PA30371,فرطاسة,الشركة العالمية للتصدير و الإستيراد,,25.0,16.75
PA30376,كستولة,فندر,,29.0,19.0
RA30386,ديسكو جرانيت 9'' 230 مم,ماركيت,A-08230,25.0,17.5
EL50393,لصقة 0.13 مم * 19 مم * 25 متر,الشركة العالمية للتصدير و الإستيراد,SCAPA 2702,7.5,4.75
EL50394,لصقة 0.13 مم * 19 مم * 25 متر,الشركة العالمية للتصدير و الإستيراد,SCAPA 2702,7.5,4.75
EL50395,لصقة 0.13 مم * 19 مم * 25 متر,الشركة العالمية للتصدير و الإستيراد,SCAPA 2702,7.5,4.75
EL50396,لصقة 0.13 مم * 19 مم * 25 متر,الشركة العالمية للتصدير و الإستيراد,SCAPA 2702,7.5,4.75
PE30426,موس فرش 18 مم,اي بي سي,AC18805,6.0,3.75
PA30434,ڨوانطي,الشركة التونسية للمواد الصحية,160G XL,7.0,3.95
PE30438,ماكينة قص بي بي ار,اي بي سي,AC18763,90.0,68.0
PA30462,رأس سخانة بدون ترمستاتة,الشركة العالمية للتصدير و الإستيراد,,40.0,29.5
PE30465,بونتة ترابنو (10 قطع),اي بي سي,AC18802 PH2X65mm,20.0,11.5
ELC1472,سلك كهرباء 1 *2.5 مم²,الشركة العالمية للتصدير و الإستيراد,,2.75,2.2
ELC1473,سلك كهرباء 1 *2.5 مم²,الشركة العالمية للتصدير و الإستيراد,,2.75,2.2
PA30479,بينسة رقم 8,اي بي سي,AC18641,22.0,12.75
PA30480,بينسة رقم 8,اي بي سي,AC18795,23.0,13.5
PE30484,موس لحم,فندر,191804,27.0,18.0
PA30492,منشار جبس 6.5'' 165 مم,فندر,SDY-97744,25.0,13.75
PA30498,بونتة 12 * 450 مم,الشركة العالمية للتصدير و الإستيراد,,11.0,7.5
PA30515,دراع 2 متر,الشركة العالمية للتصدير و الإستيراد,LAMEL 60x30 cm 200,60.0,42.5
PA30516,دراع 2.5 متر,الشركة العالمية للتصدير و الإستيراد,LAMEL 60x30 cm 250,80.0,58.0
RA30545,قفل باب رئيسي,الشركة العالمية للتصدير و الإستيراد,DAF 540.14-3M,90.0,57.0
LG40559,حوض وجه برسلين مشطوف مع رف 80 سم,الشركة العالمية للتصدير و الإستيراد,2708,750.0,585.0
PA30561,فيتي بالخبور 6 مم,المتفوق,,6.0,3.75
ACOL30577,ريتي لياسة 20 سم * 20 متر,أسترا,,30.0,19.5
PE30590,مشمع ثقيل 3 * 2,الشركة العالمية للتصدير و الإستيراد,,15.0,9.0
PE30593,مشمع ثقيل 3 * 5,الشركة العالمية للتصدير و الإستيراد,,35.0,25.5
PE30594,مشمع ثقيل 4 * 4,الشركة العالمية للتصدير و الإستيراد,,35.0,25.8
PE30595,مشمع ثقيل 5 * 6,الشركة العالمية للتصدير و الإستيراد,,75.0,47.5
LG40376,حوض وجه برسلين مع رف 80 سم,رويال,2709,750.0,580.0
LG40373,حوض وجه برسلين مع رف 80 سم,رويال,2717,650.0,485.0
LG40402,حوض وجه برسلين مع رف 80 سم,رويال,2716,650.0,485.0
LG40401,حوض وجه برسلين مشطوف مع رف 80 سم,الشركة العالمية للتصدير و الإستيراد,2710,750.0,400.0
LG40403,حوض وجه برسلين مشطوف مع رف 80 سم,الشركة العالمية للتصدير و الإستيراد,2711,750.0,585.0
PE30371,فوم 750 غرام,بولبو,PF480,20.0,16.0
PE30378,طلاء عاز ل مطاطي اكسترا 1 كغ,الواحة,العازل اكسترا,20.0,16.5
PE30379,طلاء عاز ل مطاطي اكسترا 3 كغ,الواحة,العازل اكسترا,50.0,42.5
PE30380,طلاء عاز ل مطاطي اكسترا 5 كغ,الواحة,العازل اكسترا,80.0,68.5
PE30381,طلاء عاز ل مطاطي اكسترا 10 كغ,الواحة,العازل اكسترا,155.0,137.0
PE30382,طلاء عاز ل مطاطي اكسترا 15 كغ,الواحة,العازل اكسترا,230.0,205.0
PE30383,طلاء عاز ل مطاطي اكسترا 3 كغ,الواحة,العازل اكسترا,40.0,35.0
PE30384,طلاء عاز ل مطاطي اكسترا 5 كغ,الواحة,العازل اكسترا,60.0,53.0
PE30385,طلاء عاز ل مطاطي اكسترا 10 كغ,الواحة,العازل اكسترا,120.0,105.0
PE30386,طلاء عاز ل مطاطي اكسترا 15 كغ,الواحة,العازل اكسترا,175.0,155.0
PE30387,طلاء عاز ل مطاطي 1 كغ,الواحة,العازل,20.0,14.0
PE30388,طلاء عاز ل مطاطي 5 كغ,الواحة,العازل,65.0,55.0
PE30391,طلاء عاز ل مطاطي 3 كغ,الواحة,العازل,40.0,27.0
PE30392,طلاء عاز ل مطاطي 5 كغ,الواحة,العازل,53.0,45.0
PE30393,طلاء عاز ل مطاطي 10 كغ,الواحة,العازل,95.0,80.0
PE30394,طلاء عاز ل مطاطي 15 كغ,الواحة,العازل,135.0,120.0
ML30370,مرايا حمام مع إضاءة لد 80*60 سم,سانيتاري ويرز,1442,160.0,105.0
ML30371,مرايا حمام مع إضاءة لد 80*60 سم,سانيتاري ويرز,1429,160.0,105.0
ML30372,مرايا حمام مع إضاءة لد 80*60 سم,سانيتاري ويرز,1432,160.0,105.0
ML30373,مرايا حمام مع إضاءة لد 80*60 سم,سانيتاري ويرز,1437,160.0,105.0
ML30377,مرايا حمام مع إضاءة لد دائرية مع اطار 60سم,سانيتاري ويرز,MB60,260.0,165.0
ML30378,مرايا حمام مع إضاءة لد دائرية مع اطار 80سم,سانيتاري ويرز,MB80,280.0,185.0
ML30379,مرايا حمام مع إضاءة لد 100*80 سم,سانيتاري ويرز,293A,240.0,155.0
ML30380,مرايا حمام مع إضاءة لد دائرية بالعلاقة مع اطار أسود 60سم,سانيتاري ويرز,1213,250.0,155.0
ML10381,خلاط حوض وجه كروم,ليسو,JR031-36,140.0,85.0
ARSB80045,مخرج شطاف مع علاق كروم,سانيتاري ويرز,I.DOWAS 1109a,100.0,55.0
ARSB8052,مخرج شطاف مع علاق ذهبي,مجموعة بن عمر,48593,100.0,70.0
WA40080,غطاء مقعد 9009 أبيض,مجموعة بن عمر,,70.0,30.0
LG40083,طقم حوض وجه برسلي 90سم,سانيتاري ويرز,A05,750.0,520.0
ARSB8079,مصب دوش طويل بتحويلة كروم,توريما,0327411-T40,400.0,330.0
PA30086,فيتي 5 * 50مم 60 قطعة,باركسايد,,12.0,5.0
PA30087,فيتي 4 * 40مم 120 قطعة,باركسايد,,12.0,5.0
PA30088,فيتي 5 * 60مم 40 قطعة,باركسايد,,12.0,5.0
RFP1094,"فسيبلي "" 1/2 أنثى * ""1/2 أنثى 60سم",سانيتاري ويرز,,20.0,13.5
RO10095,مسكر زاوية ''1/2 * ''1/2 كروم,سانيتاري ويرز,,15.0,6.75
SI10098,سلكون 280 غرام شفاف,بوڨاتي,SIGPLL,20.0,15.0
WS10016,مقعد معلق مع صندوق خارجي أبيض,سانيتاري ويرز,2194,970.0,570.0
EL10018,حوض مطبخ ستانلس ستيل 304 50.5*55 كروم,أسيل,AS 383,490.0,345.0
ME10022,خلاط حوض المطبخ شجرة كروم,شيزا,NOVA U SPOUT,240.0,155.0
ML10057,خلاط حوض وجه 15 سم كروم,شيزا,ROBIN,290.0,190.0
ML10058,خلاط حوض وجه 15 سم كروم,شيزا,LAYER,240.0,150.0
MT30027,خلاط شطاف مع شطاف كروم,شيزا,MELLOW,210.0,130.0
ML10060,خلاط حوض وجه أسود,شيزا,COBRA 45578 BL,390.0,250.0
ML10070,خلاط حوض وجه طويل كروم,شيزا,GLAYOR,200.0,125.0
ARSB80028,سماعة دوش مع طوبو كروم,توريما,1372-006,170.0,95.0
VP20102,حوض وجه فوق الرخام أبيض,سانيتاري ويرز,2135,250.0,95.0
AM0103,دولاب حمام 80 سم أبيض,سانيتاري ويرز,2135,800.0,500.0
AB10104,خزانة حمام أبيض,سانيتاري ويرز,2135,400.0,250.0
ML30105,مرايا حمام مع إضاءة لد 80*60 سم,سانيتاري ويرز,2135,300.0,130.0
ML30109,مرايا حمام مع إضاءة لد 80*60 سم,سانيتاري ويرز,9126C,250.0,100.0
AB10110,خزانة حمام أبيض,سانيتاري ويرز,9126C,400.0,255.0
AM0111,حوض وجه مع دولاب حمام -80 سم,سانيتاري ويرز,9126C,1000.0,600.0
PD20123,حاجز دوش 8 مم مضبب120 سم,ليسو,WIC-120D,750.0,495.0
PD20124,حاجز دوش 8 مم مضبب80 سم,ليسو,WIC-80D,600.0,355.0
PD20126,حاجز دوش 8 مم مربعات80 سم,ليسو,WIC-80C,600.0,395.0
AM0127,دولاب حمام بالملحق مع مرايا لد -80 سم,سانيتاري ويرز,9126C,1400.0,955.0
AM0128,دولاب حمام بالملحق مع مرايا لد -100 سم,سانيتاري ويرز,9126G,1850.0,1080.0
AM0129,دولاب حمام بالملحق مع مرايا لد -80 سم,سانيتاري ويرز,5027,1400.0,955.0
AM0130,حوض وجه مع دولاب حمام مع مرايا لد-100 سم,سانيتاري ويرز,9135,1750.0,1290.0
AM0131,دولاب حمام بالملحق مع مرايا لد -80 سم,سانيتاري ويرز,9212,1400.0,980.0
AM0132,دولاب حمام بالملحق مع مرايا لد -80 سم,سانيتاري ويرز,2135,1400.0,975.0
ARSB80030,شطاف ظغط دائري مع طوبو كروم,توريما,1372-018,180.0,110.0
MTE60032,خلاط شطاف مدفون كروم,توريما,8V00011-093,280.0,120.0
MTE60003,خلاط شطاف مدفون أسود,توريما,8V000BB-093,870.0,485.0
MDE50051,خلاط دوش مدفون كروم,توريما,8X01011-094,480.0,310.0
MT30005,خلاط شطاف كروم,توريما,EDGE 8E25211-040,280.0,180.0
MD20014,خلاط دوش كروم,توريما,8E16011-090,510.0,335.0
ML10011,خلاط حوض وجه كروم,توريما,BLOG 8G54511-T40,930.0,615.0
MD20015,خلاط دوش كروم,توريما,MERIDA 8Q16011-093,530.0,345.0
MM30008,خلاط حوض المطبخ حائطي كروم,توريما,MERIDA 8Q91211-040,450.0,295.0
ME10014,خلاط حوض المطبخ شجرة كروم,توريما,TAG 8L52711-040,240.0,150.625
MM30012,خلاط حوض المطبخ حائطي كروم,توريما,BLOG 8G91011-043,450.0,295.0
MA20018,خلاط حوض المطبخ سحاب كروم,توريما,FUNZIONI 1751211-T40,740.0,530.0
ALVM50016,سيفون حوض الوجه أسود,توريما,03313BB-T42,800.0,460.0
ALVM50017,سيفون حوض الوجه طويل كروم,توريما,0331311-T42,285.0,190.0
ARSB80016,سماعة دوش مع طوبو مع مخرج أسود,توريما,03203BB-T40,650.0,365.0
ML10012,خلاط حوض وجه كروم,شيزا,COBRA 45578 CR,350.0,215.0
ME10015,خلاط حوض المطبخ شجرة كروم,فرامو,DE160CR,380.0,245.0
ML10013,خلاط حوض وجه كروم,فرامو,HO204CR,390.0,315.0
ML10015,خلاط حوض وجه كروم,فرامو,LM204TCCR,480.0,355.0
ML10071,خلاط حوض وجه طويل كروم,فرامو,SM204H18TCCR,495.0,390.0
ML10073,خلاط حوض وجه كروم,فرامو,TU204CR,260.0,194.0
MD20021,خلاط دوش مع سماعة كروم,فرامو,NM202CR,440.0,325.0
MTE60028,خلاط شطاف مدفون برنزي,فرامو,PA206BRO,650.0,525.0
ARSB80032,شطاف ظغط مع طوبو برنزي,فرامو,KIT03BRO,390.0,290.0
ARSB80034,شطاف ظغط مع طوبو ذهبي,فرامو,KIT03ORO,400.0,290.0
MTE60035,خلاط شطاف مدفون كروم,فرامو,DE206CR,250.0,160.0
ARSB80040,شطاف ظغط مربع مع طوبو كروم,فرامو,KIT04CR,240.0,165.0
ARSB80041,شطاف ظغط مربع مع طوبو كروم,فرامو,KIT03CR,160.0,105.0
MTE60037,خلاط شطاف مدفون كروم,دانيال,RIO R6602CR,230.0,160.0
MTE60040,خلاط شطاف مدفون كروم,دانيال,TIARA TA602GCR,330.0,200.0
MDE50038,خلاط دوش مدفون كروم,دانيال,TIARA TA612GCR,530.0,345.0
MDE50039,خلاط دوش مدفون كروم,دانيال,RIO R6612CR,590.0,380.0
ARSB80044,سماعة دوش مع طوبو كروم,دانيال,A44835PX150S,170.0,97.5
ME10016,حنفية حوض المطبخ شجرة كروم,فينوس,CALVIN I,150.0,95.0
MTE60005,خلاط شطاف مدفون كروم,فيوري,100CR7582,370.0,240.0
MDE50007,خلاط دوش مدفون كروم,فيوري,100CR7581,790.0,320.0
RE10004,حنفية حوض المطبخ شجرة كروم,فينوس,RACHEL I,150.0,95.0
ML10074,خلاط حوض وجه كروم,ليسو,JR031-37,140.0,85.0
ML10081,خلاط حوض وجه كروم,جي اف مارك,6736D,450.0,310.0
MA20008,خلاط حوض المطبخ سحاب أسود,جي اف مارك,6229X,320.0,200.0
ARSB80020,كسكاس دوش مربع 300*300 مم مع قصبة كروم,دانيال,A553QSD30,680.0,395.0
MO10006,خلاط حوض المطبخ تحلية كروم,فيوري,73CR419,470.0,330.0
MT30007,خلاط شطاف كروم,سانيتاري واير,LEONARDO 2023-58,120.0,65.0
MD20022,خلاط دوش مع طوبو كروم,سانيتاري ويرز,PURE MOH-40,130.0,68.0
MA20020,خلاط حوض المطبخ دبل سحاب أسود كروم,سانيتاري ويرز,1130-33BN-BO-DE,490.0,225.0
MD20133,خلاط دوش مع سماعة كروم,سانيتاري ويرز,S1002,120.0,60.0
ME10019,خلاط حوض المطبخ شجرة كروم,شيزا,FLOWER,190.0,115.0
MA20052,خلاط حوض المطبخ سحاب كروم,ليسو,,340.0,225.0
MA20021,خلاط حوض المطبخ سحاب ذهبي,سانيتاري ويرز,AF-08,250.0,170.0
ME10034,خلاط حوض المطبخ شجرة كروم,أيولي,STILE 9446,340.0,217.0
ME10035,خلاط حوض المطبخ شجرة كروم,أيولي,STILE 9450,300.0,190.0
MA20025,خلاط حوض المطبخ سحاب كروم,نيوأرك,STEP 900591,600.0,545.0
ME10026,خلاط حوض المطبخ شجرة أسود,نيوأرك,AQUA 941881B,330.0,265.0
MA20080,خلاط حوض المطبخ سحاب كروم,يولي,JR031-35,400.0,245.0
MD20018,خلاط دوش كروم,نيوأرك,MASTER 187511,290.0,190.0
MD20019,خلاط دوش كروم,نيوأرك,LOFT 921041,200.0,125.0
ARSB80035,سماعة دوش كروم,دانيال,A435S,190.0,125.0
ME10039,خلاط حوض المطبخ شلال شجرة رصاصي,سانيتاري ويرز,8881-10,240.0,155.0
ME10041,خلاط حوض المطبخ شلال شجرة أسود,سانيتاري ويرز,8881-9,220.0,155.0
ML10091,خلاط حوض وجه كروم,شهاب,NEW MARJAN,220.0,145.0
ML10098,خلاط حوض وجه أسود,نيوأرك,AQUA 941521B,330.0,230.0
MT30015,خلاط شطاف مع شطاف كروم,سانيتاري ويرز,VESUN Z-9000-12,110.0,69.0
MT30017,خلاط شطاف مع شطاف كروم,سانيتاري ويرز,,220.0,145.0
MD20032,خلاط دوش كروم,سانيتاري ويرز,EKOL RT001,140.0,79.0
MT30070,خلاط شطاف كروم,نيوأرك,LOFT 9510410CM,200.0,125.0
MD20059,خلاط دوش كروم,سانيتاري ويرز,AIHOM CZ445003CP,300.0,200.0
ARSB80155,شطاف ضغط مربع مع طوبو أسود,سانيتاري ويرز,,80.0,28.0
ARSB80157,شطاف ظغط دائري مع طوبو كروم,سانيتاري ويرز,EURODOCCIA,50.0,27.0
ARSB80160,شطاف ظغط مع طوبو كروم,فيرمر,YLNGLB34-3,90.0,23.5
ARSB80162,شطاف ظغط مربع مع طوبو ذهبي,سانيتاري ويرز,FIDAR,70.0,36.0
ARSB80163,شطاف ظغط مربع مع طوبو كروم,سانيتاري ويرز,FIDAR,60.0,29.0
ARSB80164,سماعة دوش مع طوبو كروم,سانيتاري واير,BOSINI SH-01,50.0,25.0
ARSB80167,سماعة دوش مع طوبو كروم,سانيتاري واير,OZBEST,45.0,18.0
ARSB80173,سماعة دوش مع طوبو أسود,ليفرنو هوم,,120.0,35.0
MT30020,خلاط شطاف مع شطاف أسود,ليمكس,LY-2270-B,260.0,175.0
ML10101,خلاط حوض وجه كروم,سانيتاري واير,8019,110.0,73.0
ARSB80381,كسكاس دوش دائري 250 مم كروم,سانيتاري ويرز,,120.0,65.0
ARSB80383,كسكاس دوش مربع 300*300 مم كروم,سانيتاري ويرز,SASSI PIERO,420.0,300.0
ARSB80384,كسكاس دوش دائري 200 مم مع قصبة كروم,موباكس,DAS-595,130.0,79.0
ARSB80386,كسكاس دوش دائري 300 مم ذهبي,سانيتاري ويرز,W103K,100.0,48.0
ARSB80389,سماعة دوش مع طوبو كروم,سانيتاري ويرز,MCS60133,80.0,39.75
ARSB80392,مصب دوش مع تحويلة أسود,ليمكس,LY-4006,150.0,88.75
ARSB80345,مصب دوش بدون تحويلة متحرك كروم,سانيتاري ويرز,VIGAROO SP80011,220.0,145.0
ALVM50032,سيفون حوض الوجه كروم,سانيتاري ويرز,Modemes Design,120.0,78.0
MT30071,خلاط شطاف مع شطاف ذهبي,نابولي,VESUN 9000ZG,140.0,85.0
ARSB80178,مخرج شطاف مع علاق كروم,سانيتاري ويرز,I.DOWAS 1108a,90.0,55.0
ART0005,مصب دوش مع تحويلة كروم,رايمر,91MD,430.0,215.0
ART0008,كسكاس دوش دائري 200*200 مم كروم,رايمر,,150.0,95.0
ART0009,مخرج شطاف مربع بالعلاقة كروم,رايمر,,150.0,95.0
ARSB80394,قصبة دوش 28 سم كروم,فينوس,,50.0,26.0
ARSB80192,قصبة دوش مربعة 40 سم كروم,سانيتاري ويرز,,35.0,11.0
ARSB80198,مصب دوش مع تحويلة كروم,أنكا,ANKA ANK-1011,110.0,78.0
ALVM50393,رأس سيفوني رخامي,سانيتاري ويرز,,65.0,29.0
ALVM50395,رأس سيفوني كروم,سانيتاري ويرز,,85.0,49.0
PE30088,سيكه فلكس مزود 600مل,تركواز سيراستايل,,85.0,65.0
ALVM50036,رأس سيفوني كروم,بوسيني,D-88,40.0,17.0
AASB30022,حاملة ورق ناعم كروم,سانيتاري ويرز,2668,90.0,55.0
AASB30040,مجفف شعر أبيض,جي اف مارك,889,180.0,110.0
AASB30046,موزع ورق منظف كلينكس أبيض,سانيتاري ويرز,C2 W,90.0,49.0
AASB30050,صابونية ذهبي,بريمكس,6100K-69,120.0,70.0
AASB30063,صابونية كروم,ونكو,BOSIO SHINE,50.0,18.75
AASB30068,حاملة فرشاة أسنان زوجية كروم,ونكو,BOSIO SHINE,60.0,33.75
AASB30070,موزع صابون سائل كروم,ونكو,PUERTO RICO,50.0,24.0
AASB30081,حاملة فرشاة أسنان كروم,KBM,3112,75.0,35.0
AASB30082,حاملة ورق ناعم أسود,سانيتاري ويرز,2668,60.0,30.0
AASB30086,صابونية كروم,KBM,4017,75.0,35.0
AASB30087,حاملة فرشاة أسنان كروم,KBM,4015,75.0,35.0
AASB30089,حاملة فرشاة أسنان كروم,سانيتاري ويرز,AVATAR,75.0,35.0
AASB30091,حاملة ورق ناعم كروم,KBM,3102/1,70.0,40.0
AASB30093,رف زاوية زوجي زجاجي كروم,جي اف مارك,3524-2Y,210.0,135.0
AASB30097,حاملة منظفات زوجي كروم,سانيتاري ويرز,,60.0,30.0
AASB30098,موزع صابون ابيض,سانيتاري ويرز,202B WHITE,70.0,36.0
AASB30099,موزع صابون أسود,سانيتاري ويرز,202C BLACK,75.0,38.0
AASB30100,موزع صابون أسود,ونكو,24589100,50.0,20.0
AASB30101,موزع صابون ابيض,ونكو,24588100,50.0,20.0
AASB30102,موزع صابون كروم,ونكو,24587100,50.0,20.0
AASB30108,فرشاة تنظيف مرحاض كروم,سانيتاري ويرز,KW06,65.0,45.0
AASB30109,فرشاة تنظيف مرحاض كروم,سانيتاري ويرز,2671,150.0,90.0
ML10110,خلاط حوض وجه كروم,بالمو,SG19164-2,150.0,73.5
MT30111,خلاط شطاف مع شطاف كروم,بالمو,SG19164-12,130.0,62.0
MD20112,خلاط دوش كروم,بالمو,SG19164-1,170.0,84.0
ART0017,وصلة مسطرة دوش50سم,فينوس,,30.0,12.0
AASB30113,فرشة مرحاض كروم,ونكو,ELEGANCE,120.0,33.75
AASB30116,حاملة منظفات زوجي كروم,سانيتاري ويرز,BAATH,60.0,30.0
AASB30117,حاملة منظفات زوجي كروم,فينوس,VE-35,120.0,75.0
AASB30120,صابونية أسود,ونكو,BOSIO BLACK,60.0,18.75
ART0021,خلاط حوض المطبخ شجرة كروم,فينوس,SVS2,220.0,110.0
ART0026,حاملة فوط كروم,فينوس,SA-02,120.0,73.0
ART0034,سماعة دوش مع طوبو كروم,فينوس,,75.0,46.0
ART0035,سماعة دوش مع طوبو كروم,فينوس,1520,75.0,48.0
ARSB80036,سماعة دوش مع طوبو كروم,بريمكس,SR536D,110.0,68.0
MC10038,سرفنتينة 15 سم * 15 سم كروم,فينوس,F609 SATIN,90.0,58.0
AASB30122,رف فردي 50 سم,جي اف مارك,3511-1Y,120.0,75.0
PS20123,علاقة ملابس ثلاثية كروم,KBM,4033,90.0,57.5
PS20126,علاقة ملابس سداسية,سانيتاري ويرز,,25.0,12.0
CD40036,مسطرة دوش زوجية كروم,فينوس,TOP3301,350.0,225.0
CD40037,مسطرة دوش زوجية كروم,فينوس,TOP3302,350.0,221.625
PS20127,علاقة ملابس رباعية,سانيتاري ويرز,,25.0,10.0
PS20129,علاقة مناشف كروم,سانيتاري ويرز,,50.0,25.0
AASB30131,رف زجاجي كروم,بلوميس,AREO,130.0,80.0
PS20136,علاقة مناشف أسود,ديكسا,A.1735.S,135.0,85.0
AASB30137,صابونية أسود,ديكسا,1703.S,95.0,60.0
AASB30138,حاملة فرشاة أسنان أسود,ديكسا,1704.S,100.0,60.0
PS20142,علاقة مناشف أسود,سانيتاري ويرز,MILET 37006-K,110.0,65.0
AASB30143,مسند لكبار السن كروم,ونكو,SECURA,80.0,40.0
AASB30145,حاملة فوط كروم,KBM,3118,70.0,36.0
AASB30146,حاملة فوط كروم,KBM,4022,70.0,40.0
AASB30147,حاملة فوط كروم,KBM,204008,70.0,31.0
AASB30152,حاملة فوط كروم,سانيتاري ويرز,Kairo chrom,70.0,40.0
AASB30153,حاملة فوط أسود,سانيتاري ويرز,MILET 37007-K,85.0,65.0
AASB30156,حاملة فوط كروم,سانيتاري ويرز,NEPTUN,70.0,40.0
SA10158,طقم اكسسوار خزف ثلاثي رصاصي,سانيتاري ويرز,EKOSTIL,75.0,33.0
ARSB80187,كسكاس دوش دائري 250 مم مع قصبة كروم,سانيتاري ويرز,MAF ELSEAH,100.0,56.0
ML10159,خلاط حوض وجه كروم,سانيتاري ويرز,WD-07,110.0,48.0
ML10160,خلاط حوض وجه كروم,سانيتاري ويرز,FIR-79,125.0,61.0
ML10161,خلاط حوض وجه أسود,سانيتاري ويرز,2308073,150.0,69.0
ML10162,خلاط حوض وجه كروم,سانيتاري ويرز,D-2,110.0,48.0
MD20163,خلاط دوش أسود,سانيتاري ويرز,2308070,160.0,85.0
ARSB80210,مخرج شطاف مع علاق كروم,سانيتاري ويرز,KOD SB010,65.0,35.0
ARSB80190,يد شطاف كروم,أسترا,F1 823149011,20.0,9.5
PS20170,علاقة ملابس فردية أسود,سانيتاري ويرز,MILET 37011,65.0,35.0
PS20172,علاقة ملابس فردية كروم,KBM,4006,40.0,22.5
PS20173,علاقة ملابس فردية أسود,KBM,9103,40.0,15.0
AASB30174,حاملة ورق ناعم أسود,ديكسا,A.1708.S,110.0,70.0
ARSB80249,مخرج شطاف مع علاق أسود,سانيتاري ويرز,,40.0,17.5
ARSB80247,مخرج شطاف مع علاق كروم,سانيتاري ويرز,TRD,90.0,53.0
MB70177,خلاط بانيو كروم,سانيتاري ويرز,OVUS,320.0,200.0
ATWC50180,زر بتريا كروم,غروهي,38505000,355.0,230.0
ATWC50182,زر بتريا ذهبي,سانيتاري ويرز,YC8010-3 GOLD,200.0,135.0
PS20183,علاقة مناشف كروم,KBM,4030,110.0,55.0
ARSB80244,سماعة دوش كروم,سانيتاري ويرز,WS-AD054002,40.0,20.0
PS20187,علاقة مناشف كروم,ونكو,PUERTO RICO,70.0,45.0
MC10188,مجرى 40 سم *7 سم كروم,فيها,,120.0,63.2
AASB30191,موزع صابون 750 أسود,ونكو,24586100,70.0,35.0
MC10192,سرفنتينة 15 سم * 15 سم كروم,سانيتاري ويرز,PML,120.0,70.0
ALVM50194,رأس سيفوني ذهبي,سانيتاري ويرز,MAF ELSEAH,55.0,29.0
PS20196,علاقة ملابس سداسية كروم,سانيتاري ويرز,,45.0,19.5
PS20201,علاقة مناشف كبيرة ثلاثية ذهبي,جي اف مارك,7760K,200.0,130.0
ARSB80205,مخرج شطاف مع علاق كروم,سانيتاري ويرز,990,45.0,15.5
ALVM50207,رأس سيفوني كروم,دانيال,A735,175.0,125.0
ARSB80208,قصبة دوش مربعة 40 سم كروم,سانيتاري ويرز,,65.0,37.0
ART0045,طلاء عاز ل مطاطي اخضر 10 كغ,الواحة,العازل اكسترا,125.0,106.7
SA10046,طقم اكسسوار كروم,ام سي بولو,AF-19108-14,180.0,85.0
PE30153,غيار موس فرش 0.5 مم,الشركة العالمية للتصدير و الإستيراد,,5.0,2.0
PD20049,حاجز دوش 90 * 190 سم 8مم أسود,تركي,SDB-03,1120.0,703.148
PD20050,حاجز دوش 100 * 180 سم 8مم أسود,تركي,SDB-16,870.0,541.557
BAI10051,حوض استحمام بانيو 120*80*53 سم,ساناكريل,A281,1500.0,1049.861
SC10052,بوكس مستطيل 120*80 *148 سم كروم,تركي,,1080.0,679.322
SC10053,بوكس مربع 190*90 *90 سم كروم,تركي,,1080.0,684.072
ARSB81001,شطاف ضغط مربع مع طوبو ذهبي,سانيتاري ويرز,NONAS,110.0,49.0
PA30018,مفتاح بيبة رقم12مم,الشركة العالمية للتصدير و الإستيراد,AC18693,10.0,4.5
PA30060,بونته تخليط 60ملي,الشركة العالمية للتصدير و الإستيراد,,15.0,8.5
PE30076,لصقة دبل فيس 5 سم,الشركة العالمية للتصدير و الإستيراد,,10.0,5.5
ALVM50058,سيفون حوض الوجه كروم,سوبال,1908A04,230.0,165.0
MC10060,مجرى 40 سم *7 سم كروم,الشركة التونسية للمواد الصحية,IRIS+,70.0,44.0
MC10068,مجرى 30 سم *6 سم دهبي,راف,1372-DRAINER-007,320.0,210.0
MC10069,مجرى 40 سم 6* سم ذهبي,راف,1372-DRAINER-008,350.0,215.0
MC10070,مجرى 30 سم *6 سم أسود,جي اف مارك,8034X,355.0,80.0
MC10071,مجرى 30 سم *6 سم دهبي,جي اف مارك,8034G,350.0,230.0
ARSB80239,كسكاس دوش دائري 250 مم مع قصبة كروم,توريما,1372-BRACSOFF-001,360.0,235.0
MC10077,سرفنتينة 10 سم * 10 سم كروم,فيرمر,YLN7131-10,25.0,10.5
MC10078,سرفنتينة 15 سم * 15 سم كروم,فيرمر,YLN7132-15,50.0,23.5
MC10081,سرفنتينة 15 سم * 15 سم اسود,بيورا,FD-GB-GOLD,125.0,90.0
ML10069,خلاط حوض وجه كروم,رايمر,EY1252,400.0,300.0
MC10099,مجرى 65سم *7 سم كروم,بيورا,DL-07-65,350.0,266.5
CD40010,مسطرة دوش زوجية كروم,ازورا ربنتري,,120.0,75.0
CD40003,مسطرة دوش زوجية مربعة كروم,سانيتاري ويرز,10149,240.0,145.0
CD40004,مسطرة دوش زوجية مربعة كروم,سانيتاري ويرز,10130,200.0,125.0
ARSB80280,مخرج شطاف ذهبي,توريما,991,500.0,270.0
ARSB80870,مصب دوش ذهبي,دانيال,15.17.2,750.0,500.0
ML30071,مرايا حمام مع إضاءة لد مع بخار 60 اطار ذهبي,سانيتاري ويرز,L320,350.0,225.0
AB10072,خزانة حمام أبيض,سانيتاري ويرز,2151,400.0,280.0
AM0073,حوض وجه مع دولاب حمام -80 سم,سانيتاري ويرز,2151,1000.0,600.0
ML30074,مرايا حمام مع إضاءة لد 80*60 سم,سانيتاري ويرز,2151,250.0,100.0
ML30080,مرايا حمام مع إضاءة لد 80*60 سم,سانيتاري ويرز,115180,160.0,85.0
CD40005,مسطرة دوش زوجية مربعة كروم,سانيتاري ويرز,3550 PATTI,180.0,85.0
ML30081,مرايا حمام مع إضاءة لد 60*80 سم,سانيتاري ويرز,121150,160.0,85.0
WS10083,مقعد معلق رايملس أبيض,GALASSIA,5486,1750.0,1195.0
EL10084,حوض مطبخ ستانلس ستيل 304 60* 45 سم,ليسو,,220.0,138.0
ML30085,مرايا حمام مع إضاءة لد 60*60 سم,سانيتاري ويرز,GAK57,150.0,75.0
CD40009,مسطرة دوش زوجية كروم,بضائع أوروبية,,550.0,370.0
ML30088,مرايا حمام مع إضاءة لد 50*70 سم,سانيتاري ويرز,GAK11,140.0,65.0
ML30089,مرايا حمام مع إضاءة لد 50*70 سم,سانيتاري ويرز,GAK5,140.0,65.0
CD40011,مسطرة دوش زوجية كروم,سانيتاري ويرز,BEST,160.0,98.0
CD40013,مسطرة دوش فرديه كروم,تركي,EZ-1965,140.0,85.0
ML30091,مرايا حمام مع إضاءة لد مع اطار كروم 80*60 سم,سانيتاري ويرز,2-8866,200.0,125.0
CD40014,مسطرة دوش فرديه كروم,كورنات,ARIELLI,150.0,95.0
AM0092,دولاب حمام حوض مع مرايا لد -90 سم,سانيتاري ويرز,9211,1400.0,1295.0
ARSB80238,طوبو شطاف 120 سم كروم,بضائع أوروبية,ENS2001120C,60.0,38.0
ARSB80235,وصلة مسطرة دوش30سم,فينوس,,25.0,8.5
ARSB80234,طوبو شطاف 120 سم كروم,بضائع أوروبية,01514-000 INIFLEX,30.0,11.5
ARSB80232,طوبو شطاف 120 سم ذهبي,سانيتاري ويرز,,30.0,10.0
ARSB80400,مصب دوش مع تحويلة كروم,سانيتاري ويرز,EZ-3065,150.0,97.75
ARSB80401,مخرج شطاف مع علاق كروم,أنكا,ANKA ANK-1015,75.0,59.0
AASB30220,موزع صابون ابيض,فينوس,SD14W,50.0,26.0
EG30093,حوض مطبخ جرانيت رملي محبب 70*50,سانيبال,رودا,450.0,291.0
CD40115,مسطرة دوش لاد مع خلاط أسود,سانيتاري ويرز,PURE,620.0,425.0
CC10094,كولة بلاط أرضيات 20 كغ,ميولكة,POLPO P320 C1,15.0,12.5
EL50099,لامبة لد 20 وات,دي بي اس,E27,8.0,4.75
PE30796,طلاء مائي مطفي 4 كغ,الواحة,الواحة لاتاكس,30.0,14.4
LG40102,حوض وجه برسلين 65 سم,رويال,YB036_6,600.0,400.0
EG40103,رف حوض وجه برسلين 65 سم,رويال,YB036_6,150.0,40.0
LG40107,حوض وجه برسلين مع رف 80 سم,رويال,YB03_3,650.0,460.0
MTE60109,خلاط شطاف مدفون أسود,توريما,BB000-090,360.0,245.0
VS10112,حوض وجه معلق -80 سم,تركواز سيراستايل,BLUE,460.0,310.0
VS10121,حوض وجه معلق -100 سم,تركواز سيراستايل,SHARP,1300.0,585.0
CE10105,سخانة 50 لتر,ناسو,,410.0,380.0
CE10106,سخانة 80 لتر,ناسو,,420.0,395.0
WS10128,مقعد معلق رايملس أبيض,نيوأرك,3823,550.0,425.0
ML30129,مرايا حمام مع إضاءة لد 50*70 سم,سانيتاري ويرز,ML-22,140.0,87.0
ELC1108,مطول كهرباء 4مدخل 3متر,الشركة العالمية للتصدير و الإستيراد,,65.0,49.5
ELC1110,مطول كهرباء 3مدخل 5متر,كونزا,,50.0,41.5
EL50114,برتولامبه بدون تامينه,دي بي اس,,2.0,1.25
ML30132,مرايا حمام مع إضاءة لد80*60 سم,سانيتاري ويرز,DIO-15-3,150.0,80.0
RO10116,مسكر زاوية ''1/2 * ''1/2 كروم,سانيتاري ويرز,METC,20.0,12.5
PE30128,بونتة صاروخ طاسة,اي بي سي,45,75.0,50.0
ML30134,مرايا حمام مع إضاءة لد 80*60 سم,كاي بي ام,,125.0,77.6
AM0135,دولاب حمام 100 سم أبيض,سانيتاري ويرز,9048,910.0,600.0
VS10136,حوض وجه معلق -100 سم,سانيتاري واير,9048,560.0,300.0
ML30137,مرايا حمام مع إضاءة لد 100*80 سم,سانيتاري ويرز,9048,350.0,195.0
AM0138,دولاب حمام 100 سم مع حوض و مرآة أبيض,سانيتاري ويرز,9048,1650.0,1095.0
AMEV50119,رقبه خلاط مطبخ,سانيتاري ويرز,,20.0,7.5
AM0139,حوض وجه مع دولاب حمام مع مرآة -80 سم,سانيتاري ويرز,5025,1550.0,0.0
AB10142,خزانة حمام أبيض,سانيتاري ويرز,EKOSE WHITE,300.0,189.17
AB10143,خزانة حمام أسود,سانيتاري ويرز,BLACK,300.0,200.0
LG40121,حوض وجه برسلين مشطوف مع رف 80 سم,سانيتاري واير,M006,700.0,500.0
AB10146,خزانة حمام خشبي,أوركا,RICATO,780.0,580.0
VS10149,حوض وجه معلق مع عمود-43 سم,سانيتاري ويرز,DROP,150.0,95.0
VS10150,حوض وجه معلق مع عمود أبيض -45*35سم,سانيتاري ويرز,FEBIA,130.0,75.0
VP20151,حوض وجه فوق الرخام أبيض -35سم,سانيتاري ويرز,PRIMA,220.0,145.0
VE30153,حوض وجه تحت الرخام أبيض -50سم,ايجا فتريفاي,PINARA 91561,200.0,121.0
VS10155,حوض وجه معلق -65 سم,تركواز سيراستايل,ARTE,325.0,206.0
VS10156,حوض وجه معلق 85 سم,تركواز سيراستايل,PORTO,450.0,310.0
VS10157,حوض وجه معلق -60 سم,سانيتاري ويرز,MULIN,200.0,105.0
VS10158,حوض وجه معلق -65 سم,سانيتاري ويرز,MEGA,260.0,195.0
VS10159,حوض وجه معلق مع عمود -65 سم,سانيتاري ويرز,MEGA,260.0,195.0
AM0161,دولاب حمام 80 سم,بضائع أوروبية,,600.0,200.0
VP20162,حوض وجه فوق الرخام أبيض,بضائع أوروبية,,160.0,100.0
VP20163,حوض وجه فوق الرخام رخامي,بضائع أوروبية,,250.0,150.0
AASB30165,رف زاوية زوجي اسود,بضائع أوروبية,BAD-3636,90.0,30.0
AASB30666,حاملة ورق ناعم أسود,بضائع أوروبية,,60.0,10.0
ARSB82022,شطاف ظغط دائري مع طوبو كروم,توريما,0332911-T40,150.0,88.0
ARSB80992,كسكاس دوش مربع 250*250 مم مع قصبة دهبي,توريما,1372-BRACSOFF-010,800.0,535.0
ML10169,خلاط حوض وجه 12 سم كروم,شيزا,ROBIN,270.0,165.0
ARSB80998,كسكاس دوش مربع 200*200 مم كروم,بضائع أوروبية,OB03M20Q-CR,150.0,95.0
ARSB80996,كسكاس دوش دائري 250 مم كروم,سانيتاري ويرز,WL30,65.0,39.0
ARSB80287,مخرج شطاف مع علاق كروم,سانيتاري ويرز,LUSSO 5-133,90.0,53.0
CD40170,مسطرة دوش زوجية كروم,بضائع أوروبية,,640.0,450.0
ARSB82122,كسكاس دوش دائري 250*250 مم مع قصبة اسود,ليمكس,LY2677R,300.0,185.0
FAB0179,طلاء قصبة,الشركة العالمية للتصدير و الإستيراد,,100.0,60.0
CD40181,مسطرة دوش زوجية كروم,,,200.0,130.0
ABAG50185,سيفون حوض استحمام بانيو,تركي,,70.0,35.0
CC10189,صليبة سن ذكر 100 قطعة,الشركة العالمية للتصدير و الإستيراد,,20.0,8.5
ARSB80290,"مسكر شطافة ""1/2"" * ""1/2 اسود",سانيتاري ويرز,FIDAR,35.0,16.0
ARSB80291,"مسكر شطافة ""1/2"" * ""1/2 كروم",سانيتاري ويرز,I.DOWAS,30.0,15.0
ARSB80295,"مسكر شطافة ""1/2"" * ""1/2 كروم",سانيتاري ويرز,ARB,60.0,38.0
ARSB80299,"مسكر شطافة ""1/2"" * ""1/2 كروم",ام سي بولو,MAV30102,25.0,13.75
ARSB80301,"مسكر شطافة ""1/2"" * ""1/2 كروم",سانيتاري ويرز,MEDA BRIO,20.0,11.0
RO10198,حنفية 1/2,سانيتاري ويرز,BUGATTI,35.0,19.679
AASB30201,أرضية دوش 54×54 سم,بضائع أوروبية,,55.0,33.75
ARSB80211,شطاف ظغط مع طوبو مع مخرج كروم,PAINI,51CR133IG,320.0,207.0
ARSB80252,شطاف ظغط مع طوبو مع مخرج كروم,PAINI,51CR133IG2,200.0,108.0
ML10212,خلاط حوض وجه كروم,PAINI,LE MANS 90CR205,270.0,180.0
ML10213,خلاط حوض وجه كروم,PAINI,DAXR SMALL 84CR205LRS,380.0,252.0
AASB30214,صابونية أسود,سانيتاري ويرز,CAPELLA,85.0,60.0
AASB30216,حاملة فرشاة أسنان أسود,ديكسا,CAPELLA,100.0,60.0
AASB30217,حاملة فوط أسود,سانيتاري ويرز,CAPELLA,85.0,65.0
VP20123,حوض وجه دائري حوض فوق الرخام - 55سم,تركواز سيراستايل,ONE,1000.0,700.0
RS40222,بلاط ارضيات بورسلين 120 سم * 60 سم (0.360 م²),سانيتاري ويرز,,50.0,36.0
CE10223,سخانة 15 لتر,تيسي,COMPACT 15,570.0,400.0
CE10225,سخانة 80 لتر أفقية,تيسي,HORIZONTAL-TESY-80,1150.0,955.0
PLSA0238,وردة كروم 1/2,MYVEN,ITALY,3.0,0.82
MC10126,غطاء غرفة تفتيش 60*60مخفي SUS304,بيورا,,540.0,430.0
MC10127,غطاء غرفة تفتيش 70*70مخفي SUS304,بيورا,,690.0,550.0
PLSA0239,"وصلة مخفض خلاط دوش ""3/8 ذكر × ""1/2 انثى كروم",سانيتاري ويرز,,10.0,2.25
RA20128,مثلث كروم سن داخلي 1/2,سانيتاري ويرز,,15.0,8.75
MT30009,خلاط شطاف مع شطاف كروم,سانيتاري ويرز,GROHE,180.0,115.0
CD40234,مسطرة دوش زوجية مربعة كروم,سانيتاري ويرز,,210.0,150.0
AECU50236,رقبة خلاط حوض مطبخ,سانيتاري ويرز,,25.0,9.25
MT30240,خلاط شطاف مع شطاف كروم,رايمر,ENERGY EYC31DP,450.0,305.0
ARSB80741,مصب دوش بدون تحويلة أسود,فرامو,HO-245,420.0,300.0
PE30895,لصقة مع مجفف 400 مل,سانيتاري واير,,20.0,13.5
EG30241,حوض مطبخ جرانيت أسود محبب 55*44,سانيتاري ويرز,جرمة,370.0,225.0
WP20752,مقعد فرنجي أرضي أبيض,BOZFIT,5430-5330,400.0,260.0
SA10758,طقم اكسسوار كروم,سانيتاري ويرز,2674,170.0,75.0
ML10761,خلاط حوض وجه كروم,توريما,BR73111-093,450.0,255.0
EL10768,حوض مطبخ ستانلس ستيل 70*45 كروم,بريمكس,EC 20,550.0,275.0
EL10769,حوض مطبخ ستانلس ستيل 60*45 أسود,بريمكس,EC 04,500.0,265.0
ML10139,خلاط حوض وجه كروم,فيوري,124CR3460,390.0,270.0
EG30770,حوض مطبخ جرانيت أسود 100*50,بلانكو,,550.0,350.0
WA40772,غطاء مقعد أبيض,سانيتاري ويرز,IDEAL,120.0,70.0
AASB30773,حامل كلينكس مع فرشاة تنظيف المراحيض,سانيتاري ويرز,WENKO,140.0,90.0
WA40775,غطاء مقعد أبيض,سانيتاري ويرز,,220.0,145.0
EL10143,حوض مطبخ ستانلس ستيل 70*45 أسود,سانيتاري ويرز,,300.0,159.5
EL10144,حوض مطبخ ستانلس ستيل 80*50 أسود,سانيتاري ويرز,,400.0,255.0
EL10145,حوض مطبخ ستانلس ستيل 60*45 أسود,سانيتاري ويرز,,300.0,135.0
EL10146,حوض مطبخ ستانلس ستيل 50*40 أسود,سانيتاري ويرز,,300.0,135.0
MA20147,خلاط حوض المطبخ سحاب أسود,سانيتاري ويرز,1002,150.0,95.5
MA20148,خلاط حوض المطبخ سحاب كروم,سانيتاري ويرز,1001,200.0,99.5
MT30149,خلاط شطاف مع شطاف ذهبي,سانيتاري ويرز,3003,130.0,97.5
RO10159,مسكر زاوية ''1/2 * ''1/2 ذهبي,فاردر,,30.0,14.5
CD40160,مسطرة دوش لاد مع خلاط ذهبي,سانيتاري ويرز,AH35-2,570.0,385.0
RFP1780,"فسيبلي خلاط مطبخ شجرة (2طرف) ""1/2أنثى 60سم",فيرمر,,30.0,13.75
CD40781,مسطرة دوش زوجية اسود,ليفرنو هوم,452820,230.0,130.0
BAI10165,حوض استحمام بانيو 180*80*53 سم,ساناكريل,A116,2500.0,1835.0
LG40788,طقم حوض وجه مع دولاب حمام - 80سم,سانيتاري ويرز,2151,1550.0,345.0
AASB30789,صابونية كروم,سانيتاري ويرز,,50.0,35.0
AASB30801,مجفف يد أبيض,فينوس,HD-600,220.0,145.0
ARSB80195,كسكاس دوش دائري 250 مم مع قصبة كروم,توريما,1372-BRACSOFF-002,360.0,240.0
ARSB80806,شطاف ضغط دائري مع طوبو أسود,فوكس,VX-02B,110.0,61.0
CD40808,مسطرة دوش زوجية كروم,فينوس,TOP3303,350.0,221.625
ARSB80490,كسكاس دوش مربع 250*250 مم كروم,ليسو,SIZE-10,120.0,65.0
PE30175,استوك 18 كغ,دهانات البحر المتوسط,دهانات البحر المتوسط,45.0,41.85
PE30176,طلاء مائي داخلي 18 كغ أبيض,دهانات البحر المتوسط,دهانات البحر المتوسط,60.0,55.7
PE30196,طلاء عاز ل مطاطي اكسترا 11كغ,دهانات البحر المتوسط,دهانات البحر المتوسط,130.0,121.0
ME10810,خلاط حوض المطبخ شجرة كروم,أيولي,QUICK 4646,300.0,187.5
ML10170,خلاط حوض وجه كروم,فيرونا,VE20310,120.0,73.0
ME10171,خلاط حوض المطبخ,فيرونا,VE56470,140.0,70.0
ME10455,خلاط حوض المطبخ شجرة كروم,شهاب,SORINA,250.0,165.0
ME10456,خلاط حوض المطبخ شجرة كروم,شهاب,NEW MARJAN,250.0,160.0
ML10813,خلاط حوض وجه كروم,شهاب,ARIO,250.0,165.0
ME10457,خلاط حوض المطبخ شجرة كروم,شهاب,ARIO,280.0,150.0
LG40174,حوض وجه برسلين مشطوف 80 سم,ليسو,C2080C,600.0,400.0
EG40175,رف حوض وجه برسلين 80 سم,ليسو,C2080C,350.0,185.0
LG40178,حوض وجه برسلين مشطوف 80 سم,ليسو,C2080A,600.0,400.0
EG40179,رف حوض وجه برسلين 80 سم,ليسو,C2080A,350.0,185.0
LG40183,حوض وجه برسلين مشطوف 80 سم,ليسو,A2080B,600.0,300.0
LG40185,حوض وجه برسلين مشطوف 80 سم,ليسو,A2080A,600.0,300.0
EG40186,رف حوض وجه برسلين 80 سم,ليسو,A2080A,350.0,150.0
LG40191,حوض وجه برسلين مع رف 100 سم,ليسو,B20100,1050.0,680.0
LG40192,حوض وجه برسلين مشطوف مع رف 80 سم,ليسو,C2080D,750.0,585.0
LG40193,حوض وجه برسلين مشطوف مع رف 80 سم,ليسو,A2080B,750.0,450.0
LG40194,حوض وجه برسلين مشطوف مع رف 80 سم,ليسو,C2080A,750.0,585.0
LG40196,حوض وجه برسلين مشطوف مع رف 80 سم,ليسو,3080,750.0,580.0
LG40197,حوض وجه برسلين مشطوف مع رف 80 سم,ليسو,C2080C,750.0,585.0
LG40198,حوض وجه برسلين مشطوف مع رف 80 سم,ليسو,A2080D,750.0,450.0
LG40199,حوض وجه برسلين مشطوف مع رف 80 سم,ليسو,A2080A,750.0,450.0
EL10818,حوض مطبخ ستانلس ستيل منظومة دائري بيانو 304 75*46 أسود,سانيتاري ويرز,,1050.0,580.0
PSB10826,حوض وجه مع دولاب حمام مع مراية مضيئة -80 سم,سانيتاري ويرز,9142,1170.0,780.0
ALVM50821,رأس سيفوني كروم,بضائع أوروبية,SASSI ART 702,150.0,95.0
VS10823,حوض وجه معلق 80 سم,سانيتاري ويرز,9142,400.0,250.0
AM0824,دولاب حمام 80 سم أبيض,سانيتاري ويرز,9142,450.0,300.0
AM40825,مراية دولاب حمام لد -80 سم,سانيتاري ويرز,9142,200.0,100.0
AB10826,خزانة حمام 80*24*12,سانيتاري ويرز,9142,250.0,130.0
VS10827,حوض وجه معلق -80 * 45 سم,تركي,70C80,480.0,320.0
FAB0828,طلاء أكسسوارات باب,الشركة العالمية للتصدير و الإستيراد,,90.0,50.0
WP20397,مقعد عربي ورده أبيض45*60,سانيتاري ويرز,IDEVIT 0705-0008,260.0,190.0
ARSB80406,مصب دوش بدون تحويلة متحرك ذهبي,ليمكس,LY-2728,300.0,220.0
ARSB80450,سماعة دوش مع طوبواسود,مونتانا س.ل,MT-4101B,250.0,150.0
ARSB80452,سماعة دوش مع طوبو كروم,توريما,0140311-40,180.0,90.0
SA10202,طقم اكسسوار أسود,سانيتاري ويرز,1142-5,300.0,195.0
RFP1402,"فسيبلي "" 1/2 أنثى * ""1/2 أنثى 50سم",سانيتاري ويرز,ايطالي,120.0,75.0
CE10204,سخانة 80 لتر,Thermex,,1250.0,730.0
PS20207,علاقة مناشف,سانيتاري ويرز,5-133,120.0,55.0
ML30209,مرايا حمام مع إضاءة لد 100*70 سم,سانيتاري ويرز,684,200.0,125.0
PE30210,غيار روله ديكور,الشركة العالمية للتصدير و الإستيراد,2100,10.0,2.75
ARSB80223,"مسكر شطافة ""1/2"" * ""1/2 كروم",رايمر,1291212,55.0,26.5
PD20404,حاجز دوش 8 مم مضبب80 سم,ليسو,AKD,500.0,395.0
ARSB80225,"مسكر شطافة ""1/2"" * ""1/2 كروم",سانيتاري ويرز,FIRMER YLN8872,35.0,22.0
PE30215,شفاط ابيض,ABM,L20,160.0,65.5
ARSB80407,شطاف ظغط دائري مع طوبو كروم,I.DOWAS,1114ZC,110.0,40.0
AB10220,خزانة حمام,سانيتاري واير,,450.0,370.0
ARSB80416,وجه خلاط دوش مدفون,المتوسطية,,55.0,30.0
MT30417,خلاط شطاف مع شطاف كروم,ليمكس,2439,300.0,200.0
ML30221,مرايا حمام مع إضاءة لد 80*60 سم,سانيتاري ويرز,3075,200.0,120.0
ML30223,مرايا حمام مع إضاءة لد اطار اسود,سانيتاري ويرز,3070A,200.0,120.0
ML30224,مرايا حمام مع إضاءة لد 80*60سم,سانيتاري ويرز,3067,200.0,115.0
ML30225,مرايا حمام مع إضاءة لد 60*80سم,سانيتاري ويرز,3072,180.0,85.0
ML30226,مرايا حمام مع إضاءة لد 60*80سم,سانيتاري ويرز,3068,180.0,85.0
ML30227,مرايا حمام مع إضاءة لد 90*80سم,سانيتاري ويرز,3063,240.0,135.0
ML30228,مرايا حمام مع إضاءة لد 100*80 سم,سانيتاري ويرز,3061,260.0,145.0
ML30229,مرايا حمام مع إضاءة لد 70*70سم,سانيتاري ويرز,3077,200.0,100.0
ML30230,مرايا حمام مع إضاءة لد 60*80سم اطار كروم,سانيتاري ويرز,3060,220.0,120.0
ML30231,مرايا حمام مع إضاءة لد 80*60سم,سانيتاري ويرز,3073,180.0,85.0
MC10421,سرفنتينة ثقيلة 15 سم * 15 سم كروم,أكوا دزاين,AD151RS/4,140.0,70.0
ARSB80427,سماعة دوش مع طوبو ذهبي,مونتانا س.ل,MT-4101G,250.0,150.0
ARSB80600,مصب دوش بدون تحويلة كروم,أنكا,ANKA ANK-1012,100.0,77.0
ARSB80433,مخرج شطاف مع علاق كروم,مونتانا س.ل,MT-01,135.0,88.0
WS10431,مقعد معلق رايملس أبيض,ديولو,4847,550.0,335.0
MA20441,خلاط حوض المطبخ سحاب كروم,تركارت,TURKUAZ,390.0,257.95
MD20438,خلاط دوش كروم,تركارت,KRIPTO,310.0,198.27
ML10440,خلاط حوض وجه 20 سم كروم,تركارت,KRIPTO,270.0,177.0
SA10232,طقم اكسسوار كروم,سانيتاري ويرز,HW-202,220.0,125.0
SA10234,طقم اكسسوار اسود,سانيتاري ويرز,HW-201,260.0,145.0
CD40237,مسطرة دوش مع خلاط اسود,ا بي ام انترناشونال,2007,650.0,435.0
ML10244,خلاط حوض وجه كروم,توريما,CHROME-8C33011-093,400.0,260.0
ARSB80882,وجه خلاط شطاف مدفون كروم,رايمر,,180.0,45.0
CD40449,مسطرة دوش زوجية كروم,كوتارا,TPS-621,220.0,135.0
ATWC50450,غطاء خزان,اديال سانيتار,,60.0,30.0
CE10452,سخانة فورية مربعة,شارب,RYK-001,330.0,215.0
MD20453,خلاط دوش كروم,شهاب,NEW MARJAN,240.0,155.0
SA10459,طقم اكسسوار كروم,ديولو,5-60-45,240.0,160.0
ARSB80466,قصبة دوش مربعة 40 سم كروم,ديولو,33-45-2250,45.0,24.0
CD40467,مسطرة دوش زوجية كروم,I.DOWAS,S01,150.0,100.0
WS10481,مقعد معلق رايملس أبيض,ب.أمور,SH-030,600.0,355.0
VS10177,حوض وجه معلق أبيض,ب.أمور,SH-P131,440.0,260.0
ARSB80485,شطاف ظغط مربع مع طوبو ذهبي,تركي,GPD,290.0,190.0
CD40254,مسطرة دوش زوجية كروم,نيو,NUT-05XM,450.0,320.0
PE30246,فوم 750 غرام,ابل,PF312,20.0,13.25
PE30286,لصقة مع مجفف 400 مل,كرفت,,20.0,11.75
PE30296,لصقة مع مجفف 100 مل,كرفت,,10.0,5.75
SA10256,طقم اكسسوار كروم,بريمكس,Y6-9300,350.0,195.0
SA10257,طقم اكسسوار أسود,بريمكس,X6-9300,400.0,192.0
ARSB80480,مصب دوش مع تحويلة كروم,فينوس,RACHEL D1ES,180.0,86.68
AASB35261,مجفف شعر أسود,بريمكس,882X,170.0,86.68
PS20487,علاقة ملابس رباعية,سانيتاري ويرز,JR031-4,150.0,45.0
CD40261,مسطرة دوش زوجية كروم,بريميوم,27-079,150.0,100.0
MI10263,مراية تجميل مكبرة,سانيتاري ويرز,WL20,140.0,58.0
ML10265,خلاط حوض وجه كروم,GEROME,H8005,520.0,335.0
ML10266,خلاط حوض وجه كروم,INFINIT,H8001,550.0,360.0
MD20269,خلاط دوش مع سماعة كروم,أيولي,9410,450.0,280.0
ML10492,خلاط حوض وجه كروم,بنتاقونو,117/633,320.0,207.0
ARSB80493,قصبة دوش مربعة 30 سم كروم,بنتاقونو,SA03-30,45.0,26.25
RO10494,مسكر زاوية ''1/2 * ''1/2 كروم,بضائع أوروبية,SCHLOSSER 1709,40.0,26.15
ML10495,خلاط حوض وجه كروم,بنتاقونو,117/3002,400.0,289.0
ME10496,خلاط حوض المطبخ شجرة كروم,بنتاقونو,118/6705,270.0,284.0
CE10497,سخانة 80 لتر,IT SIMAT,80L,650.0,577.0
CE10498,سخانة 50 لتر,IT SIMAT,,620.0,557.0
P30499,مضخة 2.5,داب,K36/100,1750.0,1560.0
CE10500,سخانة 15 لتر,استرا,COMPACT 15,650.0,500.0
ML30501,مرايا حمام مع إضاءة لد اطارذهبي 55 سم,سانيتاري ويرز,,140.0,90.0
SI10506,سلكون 260 غرام أبيض,سلسيل,1292/18,13.0,7.0
SI10507,سلكون 260 غرام شفاف,سلسيل,,13.0,7.0
AASB30508,حاملة منظفات كروم,wilko,,40.0,20.0
AASB30509,حاملة منظفات أسود,wilko,,50.0,20.0
SA10510,طقم اكسسوار خزف خماسي بيج,سانيتاري ويرز,wilko,150.0,105.0
AASB30512,سلة قمامة,wilko,,70.0,35.0
AASB30516,حاملة فوط كروم,ساتين-نيكال,,60.0,40.0
PE30273,لصقة مع مجفف 500 مل,ابل,,24.0,15.5
ML10521,خلاط حوض وجه كروم,سانيتاري ويرز,OM-106,90.0,52.0
ALVM50526,رأس سيفوني كروم,سانيتاري ويرز,OM-14,30.0,14.0
AASB30528,مجفف شعر أسود,سانيتاري ويرز,,120.0,62.0
AASB30529,مجفف شعر أبيض,سانيتاري ويرز,,110.0,62.0
PS20530,علاقة مناشف زوجية كروم,سانيتاري ويرز,,130.0,80.0
ML30533,مرايا حمام مع إضاءة لد 60*80 سم,سانيتاري ويرز,22,150.0,74.0
ML30537,مرايا حمام مع إضاءة لد 80*60 سم,سانيتاري ويرز,88,150.0,74.0
CD40539,مسطرة دوش زوجية كروم,سانيتاري ويرز,2024-25,180.0,90.0
ARSB80277,"مسكر شطافة ""1/2"" * ""1/2 كروم",VA,C147486,40.0,23.5
MA20281,خلاط حوض المطبخ سحاب كروم,ARB,KILC486LYC00,780.0,617.5
ME10282,خلاط حوض المطبخ شجرة كروم,ARB,KILC046LYC00,380.0,237.5
EL10544,حوض مطبخ ستانلس ستيل 304 86 * 45 سم,أسيل,AS3458,1020.0,675.0
ML30545,مرايا حمام قوس مع إضاءة لد 60*100 سم,سانيتاري ويرز,123120,180.0,100.0
CE10546,سخانة 80 لتر افقية,فرش,,650.0,700.0
PD20286,حاجز دوش 8 مم مضبب70 سم,ليسو,WIC-70D,550.0,340.0
PD20287,حاجز دوش 8 مم بالعلاقة المناشف 70 سم,ليسو,WIC-70E,580.0,365.0
ARSB80549,كسكاس دوش دائري شريحه 250 مم مع قصبة كروم,توريما,1372-BRACSOFF-002,360.0,240.0
ARSB80551,سماعة دوش مع طوبو كروم,فينوس,HSS1520,75.0,48.0
WS10553,مقعد معلق راما أبيض,تركواز سيراستايل,راما,450.0,320.0
AECU50556,سيفون حوض المطبخ,TANFLEKS,,35.0,17.5
WS10557,مقعد معلق راما أبيض 134-1,راما,راما,450.0,310.0
WS10558,مقعد معلق راما أبيض 122-1,راما,راما,450.0,310.0
CE10560,سخانة 15 لتر,ارستون,COMPACT 15,920.0,595.0
WP20561,مقعد عربي بورسلين رصاصي,سانيتاري ويرز,K01,180.0,120.0
EG30564,حوض مطبخ جرانيت أسود محبب 80*50,سانيبال,فلورا,530.0,350.0
EG30568,حوض مطبخ جرانيت رملي محبب 47.5*47.5,سانيبال,ليكسوس,450.0,300.7
AASB30569,سلة قمامة استيل أسود ثقيل,سانيتاري ويرز,,120.0,95.0
AASB30570,سلة قمامة استيل ذهبي ثقيل,سانيتاري ويرز,,100.0,95.0
CE10571,سخانة 10 لتر,شافوتو,10L,780.0,615.0
ME10573,خلاط حوض المطبخ شجرة كروم,توريما,MERIDA 8Q52711-043,540.0,305.0
RD30578,حوض قدم خزف مربع 90*90 سم,سانيتاري ويرز,,210.0,137.0
LG40296,حوض رخامي كوارتز 80سم,سانيتاري واير,2608,700.0,500.0
EG40297,رف رخامي كوارتز 80سم,سانيتاري ويرز,2608,400.0,140.0
RD30579,حوض قدم مستطيل زاوية يسار اكريليك 120*80*14,ساناكريل,M309,900.0,700.0
LG40299,حوض وجه كوارتز مع رف مع مراية 80 سم,رويال,2608,1100.0,760.0
LG40300,حوض وجه كوارتز مع رف مع مراية 80 سم,سانيتاري واير,2610,1100.0,760.0
ML30304,مرايا حمام مع إضاءة لد 80*60 سم,سانيتاري ويرز,GAK24,180.0,85.0
ML30305,مرايا حمام مع إضاءة لد 80*60 سم,ستار سانيتار,18,180.0,80.0
ML30306,مرايا حمام مع إضاءة لد 60*80 سم,سانيتاري ويرز,22,160.0,85.0
EL10594,حوض مطبخ ستانلس ستيل 304 75*43,سانيتاري ويرز,,250.0,154.0
LG40605,حوض وجه كوارتز مع رف مع مراية 60 سم,سانيتاري ويرز,1-3-40,1100.0,700.0
ARSB80606,مخرج شطاف مع علاق كروم,أنكا,ANKA ANK-1014,100.0,64.0
EL10607,حوض مطبخ ستانلس ستيل 60*45 كروم,سانيتاري ويرز,,200.0,128.0
ME10607,خلاط حوض المطبخ شجرة أسود,سالرنو,HF-16,120.0,57.5
LG40608,حوض رخامي كوارتز 60*50سم,سانيتاري واير,1-3-40,550.0,350.0
MA20618,خلاط حوض المطبخ سحاب كروم,بن أمور,EY1252,550.0,115.0
VS10312,حوض وجه معلق 100 سم,تركواز سيراستايل,FRAME,600.0,350.0
MA20625,خلاط حوض المطبخ سحاب كروم مطفي,بن أمور,huang crown-A,230.0,110.0
ML10663,خلاط حوض وجه كروم,فينوس,CAMRY-C,230.0,143.0
RD30678,حوض قدم مستطيل شريحة 100*80سم,سانيبال,غلاكسيت,1050.0,775.0
RS40679,بلاط ارضيات بورسلين 120 سم * 60 سم (صندوق),سانيتاري ويرز,12291,64.8,56.12
ALVM50680,سيفون حوض الوجه ذهبي,دانيال,A740114DO,650.0,425.0
CI20314,خزان الصفاء 2000لتر,الصفاء,,650.0,560.0
MA20688,خلاط حوض المطبخ سحاب كروم مطفي,بن أمور,huang crown-B,280.0,110.0
AM0689,دولاب مع حوض وجه مع مراية حمام 80 سم,بن أمور,T305-8046,1250.0,700.0
AM0693,دولاب مع حوض وجه مع مراية حمام 60 سم,بن أمور,T305-6040,920.0,600.0
AM0698,دولاب مع حوض وجه مع مراية حمام 60 سم,بن أمور,60-C,950.0,180.0
PE30316,استوك 18 كغ,شركة الحيرة لدهانات,معون الحيرة,40.0,35.0
PE30317,استوك 4 كغ,شركة الحيرة لدهانات,معون الحيرة,20.0,15.0
PE30318,طلاء مائي داخلي 10 كغ أبيض نص لمعه,شركة الحيرة لدهانات,,160.0,150.0
PE30319,طلاء مائي داخلي 5 كغ أبيض نص لمعه,شركة الحيرة لدهانات,,85.0,75.0
PE30320,طلاء مائي داخلي 10 كغ أبيض ربع لمعه,شركة الحيرة لدهانات,,150.0,140.0
PE30351,طلاء مائي داخلي5 كغ أبيض ربع لمعه,شركة الحيرة لدهانات,,80.0,70.0
PE30325,طلاء مائي داخلي 18 كغ اقتصادي,شركة الحيرة لدهانات,200,70.0,60.0
PE30329,طلاء مائي داخلي 5 كغ اقتصادي,شركة الحيرة لدهانات,200,30.0,23.0
PE30327,طلاء مائي داخلي 5 كغ لاتكس,شركة الحيرة لدهانات,770,45.0,33.0
ARSB80708,سماعة دوش مع طوبو كروم,ليفرنو هوم,IAN 452821-2310,60.0,30.0
VS10321,حوض وجه معلق -130 سم,تركواز سيراستايل,CITY,750.0,300.0
AASB30712,صابونية كروم,بن أمور,مجموعة بن عمر,50.0,20.0
MC10714,مجرى 40 سم *7 سم كروم,لونج 304,LONG,250.0,145.0
PE30353,زمالطو ضد الصدأ 3 كغ اسود,دهانات المدينة مصراتة,,50.0,42.75
CC10323,صليبة بيضاء 1.5ملي,الشركة العالمية للتصدير و الإستيراد,,10.0,6.85
CC10326,كولة 560غ,بنتكول,C 400,35.0,25.5
ARSB80787,وجه خلاط دوش مدفون كروم,غروهي,6-6,350.0,175.0
RD30718,بانيوا زاوية تركي بعد سراميك 120*120,STELLE,SG,1000.0,600.0
PE30339,استوك 18 كغ,دهانات المدائن,,50.0,45.0
PE30823,استوك 18كغ,دهانات المدائن,,40.0,34.0
PE30400,طلاء المدائن 2000بلاستك 20كجم,دهانات المدينة مصراتة,,65.0,60.0
PE30401,طلاء مائي داخلي 18 كغ أبيض مطفي,دهانات المدائن,2002,85.0,78.0
PE30402,طلاء مائي داخلي 10 كغ أبيض ربع لمعه,دهانات المدائن,4000,190.06,120.0
PE30403,طلاء مائي داخلي 10 كغ أبيض نص لمعه,دهانات المدائن,4004,145.0,135.0
AM0337,حوض وجه مع دولاب حمام مع خزانة مع مراية -80 سم,سانيتاري ويرز,8102,1500.0,985.0
AM0338,دولاب حمام 80 سم أبيض,سانيتاري ويرز,8103,500.0,230.0
AM0339,حوض وجه دولاب حمام -80 سم,سانيتاري ويرز,8103,500.0,300.0
AM40340,مراية دولاب حمام -80 سم,سانيتاري ويرز,8103,250.0,175.0
AB10341,خزانة حمام أبيض,سانيتاري ويرز,8103,400.0,280.0
AM0342,حوض وجه مع دولاب حمام مع خزانة مع مراية -80 سم,سانيتاري ويرز,8103,1500.0,985.0
AM0343,دولاب حمام 80 سم أبيض,سانيتاري ويرز,8108,500.0,230.0
AM0344,حوض وجه دولاب حمام -80 سم,سانيتاري ويرز,8108,500.0,300.0
AM40345,مراية دولاب حمام -80 سم,سانيتاري ويرز,8108,250.0,175.0
AB10346,خزانة حمام أبيض,سانيتاري ويرز,8108,400.0,280.0
AM0347,حوض وجه مع دولاب حمام مع خزانة مع مراية -80 سم,سانيتاري ويرز,8108,1500.0,985.0
AM0348,دولاب حمام 80 سم أبيض,سانيتاري ويرز,8109,500.0,230.0
AM0349,حوض وجه دولاب حمام -80 سم,سانيتاري ويرز,8109,500.0,300.0
AB10350,خزانة حمام أبيض,سانيتاري ويرز,8109,400.0,280.0
AM40351,مراية دولاب حمام -80 سم,سانيتاري ويرز,8109,250.0,175.0
AM0352,حوض وجه مع دولاب حمام مع خزانة مع مراية -80 سم,سانيتاري ويرز,8109,1500.0,985.0
AM0353,دولاب حمام 80 سم أبيض,سانيتاري ويرز,8112,500.0,230.0
AM0354,حوض وجه دولاب حمام -80 سم,سانيتاري ويرز,8112,500.0,300.0
AB10355,خزانة حمام أبيض,سانيتاري ويرز,8112,400.0,280.0
AM40356,مراية دولاب حمام -80 سم,سانيتاري ويرز,8112,250.0,175.0
AM0357,حوض وجه مع دولاب حمام مع خزانة مع مراية -80 سم,سانيتاري ويرز,8112,1500.0,985.0
AM0362,حوض وجه مع دولاب حمام مع خزانة مع مراية -80 سم,سانيتاري ويرز,8110,1500.0,755.0
ARSB80723,كسكاس دوش دائري 250 مم كروم,ديولو,,70.0,38.0
RS40727,بلاط ارضيات بورسلين 60 سم * 60 سم (0.360 م²),سانيتاري ويرز,,50.0,45.0
ARSB80777,سماعة دوش مع طوبو كروم,ليسو,,100.0,45.0
ARSB80348,مخرج شطاف مع علاق كروم,deante,059k n01,170.0,85.0
PLSA0381,وردة كروم 1/2,SASSL,IT141,10.0,4.6
PLSA0382,وردة كروم 1/2,SASSL,IT143C,15.0,8.1
RO10383,مسكر زاوية ''1/2 * ''1/2 كروم,استرا,AP261,40.0,28.0
VS10738,حوض وجه معلق -80 سم,لابينو,3080,480.0,320.0
ML30743,مرايا حمام مع إضاءة لد-عرض 60*90 سم,ديولو,DE 025,200.0,120.0
ML30744,مرايا حمام مع إضاءة لد-عرض60*80 سم,ديولو,DE 022,150.0,81.0
VS10396,حوض وجه معلق -80 سم كريمة,تركواز سيراستايل,SHARP,1480.0,712.95
PE30498,فرشة طلاء ايطالية رقم70,فندر,,12.0,7.25
ARSB80799,شطاف ظغط مربعة مع طوبو كروم معا مخرج شطافة,اي ار بي,121101,250.0,120.0
AASB30408,حاملة فوط كروم,فينوس,IRIS02,120.0,75.66
AASB30410,صابونية كروم,فينوس,IRIS03,95.0,64.02
AASB30412,صابونية كروم,فينوس,SO-03,95.0,61.11
AASB30414,حامل ورق منظف كلينكس,فينوس,GR-06,110.0,68.87
ML30399,مرايا حمام مع إضاءة لد مع بخار 60 اطار كروم,سانيتاري ويرز,L806,350.0,218.25
EL10400,حوض مطبخ ستانلس ستيل 80*45 اسود,بريمكس,EC 06,650.0,426.8
AM0751,دولاب حمام -80 سم,سانيتاري ويرز,2609,900.0,600.0
VS10752,حوض وجه معلق 80 سم,سانيتاري ويرز,2609,550.0,295.0
AM0754,دولاب حمام مع حوض 80 سم,سانيتاري ويرز,2609,1450.0,895.0
ML30765,مرايا حمام ضد البخار مع إضاءة لد 60*60 سم,سانيتاري ويرز,1432,190.0,120.0
SA10771,طقم اكسسوار كروم,فيدار,,260.0,165.0
SA10772,طقم اكسسوار أسود,فيدار,,420.0,285.0
ME10774,خلاط حوض المطبخ شلال أسود,سانيتاري ويرز,KAT-2,220.0,99.0
ARSB87752,سماعة دوش مع طوبو أسود,سانيتاري واير,B-29,95.0,45.0
LG40779,حوض وجه برسلين مع رف 60 سم,رويال,YB14B-14,600.0,460.0
ARSB80436,سماعة دوش مع طوبو كروم,موباكس,30-651,75.0,32.5
ARSB80439,سماعة دوش مع طوبو كروم,ستار سانيتار,02-204,75.0,24.5
AM0801,دولاب حمام مع حوض وجه بالملحق مع مرايا لد -80 سم,سانيتاري ويرز,8107,1600.0,985.0
ARSB80808,كسكاس دوش دائري كبير شلال مع قصبة ملحومة كروم,ليسو,756,450.0,240.0
SA10814,طقم اكسسوار كروم,دودوس,,250.0,145.0
ARSB80817,شطاف ظغط دائري مع طوبو كروم,توريما,1372-03329-030 NEW,180.0,105.0
PS20819,علاقة مناشف زوجية كروم,توريما,1372-ACCESS-005,310.0,175.0
MLE40822,خلاط حوض وجه مدفون مع مصب أسود,توريما,BLOG 8G313BB-094,1560.0,895.0
ARSB80824,كسكاس دوش مربع 250*250 مم مع قصبة كروم,توريما,1372-15322-001,420.0,275.0
ARSB80825,كسكاس دوش دائري شريحه 250 مم مع قصبة كروم,توريما,1372-15237-002,430.0,285.0
ML30831,مرايا حمام مع إضاءة لد-طول 80*60 سم,ديولو,DE 007,150.0,81.0
SC10833,بوكس زاوية 200*120*80 سم كروم,سانيتاري ويرز,,1000.0,450.0
AM0837,دولاب حمام بالملحق مع مرايا لد -80 سم,سانيتاري ويرز,9622,1600.0,1075.0
AM0840,دولاب حمام بالملحق مع مرايا لد -80 سم,سانيتاري ويرز,9614,1600.0,1075.0
AM0844,دولاب حمام بالملحق مع مرايا لد -80 سم,سانيتاري ويرز,9615,1600.0,1075.0
AM0846,دولاب حمام بالملحق مع مرايا لد -80 سم,سانيتاري ويرز,9623,1600.0,105.0
AM0847,حوض وجه مع دولاب حمام -80 سم,سانيتاري ويرز,9623,1000.0,700.0
AB10848,خزانة حمام أبيض,سانيتاري ويرز,9623,430.0,270.0
AB10849,خزانة حمام أبيض,سانيتاري ويرز,9611,430.0,270.0
AM0850,دولاب حمام بالملحق مع مرايا لد -80 سم,سانيتاري ويرز,9611,1600.0,1075.0
AM0851,حوض وجه مع دولاب حمام -80 سم,سانيتاري ويرز,9611,1000.0,700.0
AM0852,دولاب حمام بالملحق مع مرايا لد -80 سم,سانيتاري ويرز,9616,1600.0,1075.0
WS10409,مقعد معلق رايملس كريمة,تركواز سيراستايل,IBIZA,1550.0,1062.15
VS10873,حوض وجه معلق -75 سم,تركواز سيراستايل,AQUA,750.0,491.0
PA30412,متر 3م,wehand,,8.0,4.75
PE30418,فوم 750غرام,كرفت,,26.0,22.5
ML10420,خلاط حوض وجه ذهبي,توريما,MERIDA,700.0,560.0
MA20876,خلاط حوض المطبخ سحاب أسود لامع,توريما,MOLLA 17527DM-T40,1200.0,685.0
VS10879,حوض وجه معلق أبيض- 50سم,ايجا فتريفاي,KARINA-64501101,450.0,300.0
VS10882,حوض وجه معلق60 سم أبيض,ايجا فتريفاي,LAGINA-35601101,300.0,100.0
CC10421,كولة بلاط أرضيات 25 كغ,DEUTSCH COLOR,C2,47.0,43.0
MC10885,سرفنتينة 15 سم * 15 سم كروم,أكوا بلاست,Q1515RS/5,120.0,59.0
RFP1422,فسيبلي خلاط سحاب,ليريا,NT-240401-12,40.0,20.0
DAF0888,دفاية أسود,سانيتاري ويرز,WL 27,600.0,360.0
SA10889,طقم اكسسوار كروم,ليسو,2693,300.0,175.0
RO10424,حنفية غسالة ''1/2 * ''3/4 كروم,بوڨاتي,Italian,40.0,27.5
LG40893,حوض وجه كوارتز مع رف مع مراية 80 سم,سانيتاري واير,W801,1100.0,870.0
ARSB88531,وصلة مسطرة دوش30سم,استرا,,25.0,10.0
ARSB85431,كسكاس دوش دائري شريحه 250 مم,توريما,1372-01480-001,280.0,165.0
LG40904,حوض وجه كواريون مع دولاب مع مراية 80 سم,سانيتاري واير,PL80-2,1500.0,940.0
RS40441,بلاط ارضيات كوطو 60سم * 60 سم (0.360 م²),سانيتاري ويرز,6600038,36.0,43.2
CD40912,مسطرة دوش زوجية كروم,سانيتاري ويرز,JR079-25,270.0,160.0
PD20919,حاجز دوش 8 مم مضبب90 سم,سانيتاري ويرز,PF40-16,650.0,410.0
PS20921,علاقة مناشف زوجية كروم,سانيتاري ويرز,WL-31,140.0,85.0
MD20926,خلاط دوش مع سماعة كروم,أيولي,9510 VIDA,465.0,310.0
MT30927,خلاط شطاف كروم,أيولي,9525-100 VIDA,360.0,235.0
ARSB80930,"مسكر شطافة ""1/2"" * ""1/2 كروم",ليسو,JR031-83,35.0,19.0
ARSB80933,مصب دوش مع تحويلة كروم,ليسو,JR031-57,180.0,95.0
LG40734,حوض مع رف كواريون كوارتز 100سم مع مراية,سانيتاري ويرز,S-100-4,1550.0,860.0
AB10745,خزانة حمام أبيض,سانيتاري ويرز,5,430.0,200.0
AM0763,دولاب حمام مع حوض 80 سم,سانيتاري ويرز,2611,1450.0,895.0
AM0764,دولاب حمام -80 سم,سانيتاري ويرز,2611,900.0,600.0
VS10765,حوض وجه معلق 80 سم,سانيتاري ويرز,2611,550.0,295.0
LG40766,حوض وجه برسلين مع رف 80 سم,رويال,R-L5,850.0,550.0
LG40767,حوض وجه برسلين 80 سم,رويال,R-L5,600.0,400.0
EG40768,رف حوض وجه برسلين 80 سم,رويال,R-L5,250.0,150.0
LG40769,حوض مع رف كواريون كوارتز 80سم أسود,سانيتاري ويرز,S80-2,1300.0,770.0
LG40770,حوض كواريون كوارتز80سم أسود,سانيتاري واير,S80-2,650.0,400.0
EG40771,رف كواريون كوارتز 80سم أسود,سانيتاري ويرز,S80-2,470.0,270.0
AM0776,حوض وجه مع دولاب حمام مع خزانة مع مراية -60 سم,سانيتاري ويرز,41,1500.0,1040.0
AM0777,حوض وجه مع دولاب حمام مع خزانة مع مراية -60 سم,سانيتاري ويرز,40,1500.0,1040.0
AM0778,حوض وجه مع دولاب حمام مع خزانة مع مراية -60 سم,سانيتاري ويرز,5,1500.0,100.0
AM0779,حوض وجه مع دولاب حمام مع خزانة مع مراية -80 سم,سانيتاري ويرز,1,1650.0,1080.0
AM0780,حوض وجه مع دولاب حمام مع خزانة مع مراية -80 سم,سانيتاري ويرز,38,1650.0,1080.0
ML10787,خلاط حوض وجه كروم,سانيتاري ويرز,OM-32C,350.0,210.0
LG40755,حوض وجه كوارتز مع رف مع مراية 80 سم,سانيتاري واير,0360-2-1,1200.0,700.0
AETS20445,نايلو صوبات 1(متر),شركة الغزالة لمواد البناء,,5.0,1.7
PE30443,غيار موس فرش 0.5 مم,فندر,,8.0,4.25
SA10463,طقم اكسسوار اسود,توريما,1372-KITACC-005,1750.0,1050.0
VS10466,حوض وجه وضوء معا خلاط معا سيفوني صرف,سانيتاري واير,,1750.0,1150.0
CE10472,سخانة 50 لتر,اكوالينا,,540.0,490.0
PE30476,شفاط خشبي,ABM,L6,160.0,79.5
CI20480,خزان النبع 1500لتر,الصفاء,,655.0,435.0
PE30462,لصقة مع مجفف 200 مل,ابل,,15.0,10.25
RA20482,مواسير 25'' لفة ضغط 16 100متر,فرات,بي بي ر - PPR,400.0,305.0
RA20483,بوتلين مسكر1*1ربط من جهتين,فرات,,25.0,14.5
P30484,مضخة فرامة 1حصان,UMBRA POMPE,,720.0,625.0
PE30486,غطاء شفاط خارجي 6*15سم,ABM,L20,45.0,22.5
RA20487,طبوا بلاستك 63ضغط 16,شركة الغزالة لمواد البناء,,85.0,79.998
RA20488,كوربة 63*90لصقة ضغط 16,الرطيل,جي أم GM,12.0,10.0
RA20489,كوربة 63*45لصقة ضغط 16,الرطيل,جي أم GM,12.0,10.0
RA20490,وصلة 63*2 لصقة ذكر ضغط 16,الرطيل,جي أم GM,15.0,10.0
RA20491,كواردةبلاستك 63 لصقة ضغط 16ايرا,الرطيل,جي أم GM,35.0,30.0
RA20492,مخفض 1.25*1نحاس,فينوس,139,25.0,20.0
ML30496,مرايا حمام مع إضاءة لد 80*60 سم,سانيتاري ويرز,SYC014,220.0,120.0
ML30497,مرايا حمام مع إضاءة لد 80*60 سم,سانيتاري ويرز,SYC007,220.0,120.0
RS40501,بلاط ارضيات كوطو 60سم * 60 سم (0.360 م²),سانيتاري ويرز,6600050,36.0,47.5
CD40768,مسطرة دوش فرديه كروم,بضائع أوروبية,Wilko,130.0,75.0
MC10769,سرفنتينة 20سم * 20 سم كروم,دوسشال,BS-50820,150.0,90.0
LG40774,حوض كواريون كوارتز 60سم,سانيتاري واير,diollo,750.0,400.0
EG40775,رف كواريون كوارتز 60سم,سانيتاري ويرز,diollo,330.0,230.0
ML30776,مرايا حمام مع إضاءة لد 60*60 سم,سانيتاري ويرز,RIMERIO,150.0,100.0
AASB30778,حاملة ورق ناعم أسود,بن أمور,50-10-49,60.0,20.0
AASB30781,حاملة فوط أسود,بن أمور,50-10-49,50.0,15.0
ML10794,خلاط حوض وجه كروم,ليسو,JR-085-13,280.0,170.0
MT30786,خلاط شطاف مع شطاف كروم,ليسو,JR085-6C,240.0,98.0
ARSB80789,كسكاس دوش مربع 250*250 مم مع قصبة كروم,ليسو,404,250.0,135.0
VS10792,حوض وجه معلق بالعلاقة-80 سم,ليسو,193-80,800.0,550.0
MA20793,خلاط حوض المطبخ سحاب كروم مطفي,سانيتاري ويرز,3018,200.0,70.0
LG40794,حوض مع رف كواريون كوارتز 60سم أبيض,سانيتاري ويرز,S-60-1,1200.0,785.0
EG40796,رف كواريون كوارتزأبيض 60سم,سانيتاري ويرز,S-60-1,350.0,200.0
MA20797,خلاط حوض المطبخ سحاب كروم مطفي,سانيتاري ويرز,,180.0,68.5
AM0799,حوض وجه مع دولاب حمام مع مراية -90 سم,سانيتاري ويرز,9932,1900.0,1275.0
AM0804,حوض وجه مع دولاب حمام مع خزانة مع مراية -80 سم,سانيتاري ويرز,9922,1850.0,1250.0
AM0809,حوض وجه مع دولاب حمام مع خزانة مع مراية -100 سم,سانيتاري ويرز,9927,2100.0,1480.0
AM0821,حوض وجه مع دولاب حمام مع مراية -100 سم,سانيتاري ويرز,9924,1950.0,1350.0
AM0825,حوض وجه مع دولاب حمام مع مراية -100 سم,سانيتاري ويرز,9928,2000.0,1395.0
AM0827,حوض وجه مع دولاب حمام مع خزانة مع مراية -80 سم,سانيتاري ويرز,9936,1850.0,1220.0
ML10829,خلاط حوض وجه وزة كروم,بن أمور,,425.0,256.0
ML10830,خلاط حوض وجه وزة أسود,بن أمور,,440.0,265.0
AM0829,حوض وجه مع دولاب حمام مع خزانة مع مراية -80 سم,سانيتاري ويرز,1513,1850.0,1260.0
AM0842,حوض وجه مع دولاب حمام مع خزانة مع مراية -60 سم,سانيتاري ويرز,1528,1500.0,1050.0
AM0848,حوض وجه مع دولاب حمام مع خزانة مع مراية -60 سم,سانيتاري ويرز,1526,1500.0,1050.0
AM0854,حوض وجه مع دولاب حمام مع خزانة مع مراية -80 سم,سانيتاري ويرز,9938,1850.0,1220.0
AM0855,حوض وجه مع دولاب حمام مع خزانة مع مراية -80 سم,سانيتاري ويرز,9911,1850.0,1220.0
AM0856,حوض وجه مع دولاب حمام مع مراية -60 سم,سانيتاري ويرز,9912,1400.0,1050.0
ARSB80855,سماعة دوش دائرية مع طوبو ذهبي,مجموعة بن عمر,,140.0,70.0
CE10853,سخانة أفقية 50 لتر,اف جي باور,D50-15A3-4791,820.0,705.0
ARSB80856,طوبو شطاف 120 سم كروم,مونتانا س.ل,,80.0,45.0
LG40860,حوض وجه كواريون مع رف مع مراية 100 سم,سانيتاري واير,6004,1300.0,920.0
EG30874,حوض مطبخ جرانيت أبيض ناصع 72*47 فردي,ب.أمور,Nice,720.0,480.0
EL10889,حوض مطبخ ستانلس ستيل 80*48 أسود,ب.أمور,Siena,750.0,450.0
WA40915,غطاء مقعد أسود,سانيتاري ويرز,IDEAL,120.0,70.0
WA40917,غطاء مقعد معلق كبير تورنيدو أبيض,ب.أمور,6304/140E,150.0,51.0
WA40919,غطاء مقعد رايملس أسود,ب.أمور,SH-A006-MB,100.0,53.333
PLSA0924,مطول 1/2 *0.5 سم نحاسي,سانيتاري ويرز,,5.0,2.0
RO10536,حنفية غسالة ''1/2 * ''3/4 كروم,دوشال,IDR010,45.0,25.0
VS10928,حوض وجه معلق بالعلاقة-80 سم,سانيتاري ويرز,C173,800.0,600.0
ART0929,عمال,,,0.0,0.0
EL10933,حوض مطبخ ستانلس ستيل تحت الرخامة 304 75*44 سم,أسيل,AS237DRAWN,830.0,550.0
AM0938,دولاب مع حوض وجه مع مراية حمام 80 سم,بن أمور,G009-80,1400.0,880.0
AM0942,دولاب مع حوض وجه مع مراية حمام 80 سم,بن أمور,G011-80,1400.0,880.0
MD20946,خلاط دوش كروم,شيزا,ROBIN,350.0,195.0
AM0947,دولاب مع حوض وجه مع مراية حمام 80 سم,بن أمور,330-80,1500.0,800.0
ATWC50950,صندوق بتارية مقعد أرضي,اديال سانيتار,CORAIL,260.0,160.0
AM0954,دولاب مع حوض وجه مع مراية حمام 70 سم,بن أمور,DS53-70,1400.0,700.0
AM0958,دولاب مع حوض وجه مع مراية حمام 70 سم,بن أمور,330-70,1400.0,700.0
AM0962,دولاب مع حوض وجه مع مراية حمام 70 سم,بن أمور,DS83-70,1300.0,700.0
AM0966,دولاب مع حوض وجه مع مراية حمام 60 سم,بن أمور,003-60,1300.0,710.0
AM0970,دولاب مع حوض وجه مع مراية حمام 60 سم,بن أمور,011-60,1300.0,710.0
AM0974,دولاب مع حوض وجه مع مراية حمام 60 سم,بن أمور,009-60,1300.0,710.0
LG40978,حوض مع رف كواريون كوارتز مع مرايا 60سم بيج,سانيتاري ويرز,S60-4,1100.0,720.0
LG40980,حوض وجه كواريون مع رف مع مراية 100 سم,ديولو,C-2,1300.0,795.0
LG40986,حوض وجه كوارتز مع رف مع مراية 80 سم,سانيتاري واير,S80-1,1100.0,635.0
LG41017,حوض وجه كواريون مع دولاب مع مراية 80 سم,سانيتاري واير,PL80-1,1450.0,940.0
LG41027,حوض وجه كواريون مع رف مع مراية 80 سم,RIMERIO,KL-80-6,1650.0,1240.0
ARSB81051,اكسسوار وجه خلاط دوش مدفون كروم,توريما,8V01011-092,400.0,250.0
ARSB81052,اكسسوار وجه خلاط شطاف مدفون كروم,توريما,8V00011-092,300.0,150.0
WA41057,غطاء مقعد معلق تورنيدو أبيض,ب.أمور,6101/046E,120.0,51.0
AM0561,دولاب حمام مع حوض وجه بالملحق مع مرايا لد -80 سم,سانيتاري ويرز,9716,1850.0,1215.0
AM0566,حوض وجه مع دولاب حمام مع خزانة مع مراية -90سم,سانيتاري ويرز,9914,2100.0,1295.0
AM0570,دولاب حمام مع حوض وجه بالملحق مع مرايا لد -80 سم,سانيتاري ويرز,9712,1850.0,1215.0
AM0576,حوض وجه مع دولاب حمام مع مراية -60 سم,سانيتاري ويرز,1527,1600.0,1050.0
ARSB81071,مصب دوش مع تحويلة ذهبي,لوندا,,700.0,470.0
MA20120,خلاط حوض المطبخ دبل سحاب أسود,سانيتاري ويرز,XSDD010582,450.0,180.0
AASB30064,حاملة فرشاة أسنان كروم,فينوس,BA702,75.0,48.265
RO10096,مسكر زاوية ''1/2 * ''1/2 كروم,فيرمر,,20.0,14.5
ALVM50020,رأس سيفوني حوض الوجه طويل أسود,توريما,1372-002,230.0,145.0
SI10133,سلكون 280 غرام شفاف,TKK,,15.0,9.5
CD40236,مسطرة دوش مع خلاط كروم,ا بي ام انترناشونال,2001,650.0,385.0
WP20480,مقعد أرضي ملحوم مربع أبيض,ب.أمور,SH-6616,850.0,500.0
EL10701,حوض مطبخ ستانلس ستيل منظومة بيانو 304 75*46 كروم,بن أمور,7546-C,950.0,500.0
ML10017,خلاط حوض وجه كروم,فينوس,RACHEL B1,230.0,169.0
ARSB80138,مصب حوض وجه 22 سم كروم,توريما,0314111-T40,520.0,295.0
ARSB80150,مصب حوض وجه 22 سم كروم,توريما,0329111-T40,400.0,250.0
LG40318,حوض وجه برسلين مشطوف 80 سم,رويال,YB14-6,700.0,500.0
RFP1427,"فسيبلي "" 1/2 أنثى * ""1/2 أنثى 50سم",فانسكي,اسباني,25.0,17.5
AASB30069,موزع صابون سائل كروم,ونكو,BOSIO SHINE,50.0,24.0
ART0030,قصبة دوش مربعة 45 سم كروم,فينوس,,80.0,56.0
ML30746,مرايا حمام مع إضاءة لد-عرض60*80 سم,ديولو,DE 017,150.0,81.0
ML30798,مرايا حمام ضد البخار مع إضاءة لد 80*60 سم,سانيتاري ويرز,4009,170.0,105.0
AB10842,خزانة حمام أبيض,سانيتاري ويرز,9614,430.0,270.0
ML10009,خلاط حوض وجه أسود,توريما,BLOG 8G330BB-093,885.0,505.0
ML10041,خلاط حوض وجه طويل كروم,يولي,,180.0,115.0
MD20002,خلاط دوش كروم,فينوس,CALVIN A3,330.0,215.0
ME10004,خلاط حوض المطبخ شجرة كروم,فرامو,MA133CR,295.0,235.0
ARSB80060,كسكاس دوش مربع 400*400 مم كروم,فينوس,UTS16,230.0,153.0
ARSB80128,مخرج شطاف مع علاق مع محول كروم,رايمر,338M,160.0,95.0
ARSB80129,قصبة دوش 30 سم سقفية كروم,سانيتاري ويرز,,70.0,32.0
MLE40153,خلاط حوض وجه مدفون مع مَصَب كروم,فرامو,SI244CR,800.0,590.0
WS10171,مقعد معلق رايملس أبيض,تركواز سيراستايل,CITY,1370.0,700.0
AM0185,حوض وجه مع دولاب حمام -60 سم,سانيتاري ويرز,ML-01-60,550.0,308.0
WP20199,مقعد أرضي أبيض,اديال سانيتار,Emeraude,620.0,466.0
VS10210,حوض وجه معلق أبيض -45*37سم,سانيتاري ويرز,VCM,260.0,140.0
AM40227,مراية دولاب حمام -70 سم,سانيتاري ويرز,ML-02-80,150.0,94.0
EL10236,حوض مطبخ ستانلس ستيل 304 50.5*45 كروم,أسيل,AS 381,430.0,309.0
ML30280,مرايا حمام مع إضاءة لد 80*60 سم,كاي بي ام,ML_009,125.0,77.6
ML30285,مرايا حمام مع إضاءة لد مع اطار أسود 80*60 سم,سانيتاري ويرز,,210.0,145.0
LG40320,حوض وجه برسلين مشطوف 80 سم,رويال,YB14-4,700.0,500.0
LG40325,حوض وجه برسلين مشطوف 80 سم,رويال,YB14-7,700.0,500.0
LG40326,حوض وجه برسلين مشطوف 80 سم,رويال,YB14-1,700.0,500.0
LG40328,حوض وجه برسلين 80 سم,رويال,YB03_18,600.0,400.0
LG40329,حوض وجه برسلين 80 سم,رويال,YB03_10,600.0,400.0
EG40346,رف حوض وجه برسلين 80 سم,رويال,YB14-7,150.0,60.0
EG40349,رف حوض وجه برسلين 80 سم,رويال,YB14-1,150.0,60.0
EG40352,رف حوض وجه برسلين 80 سم,رويال,YB03_18,150.0,70.0
EG40353,رف حوض وجه برسلين 80 سم,رويال,YB03_10,150.0,70.0
LG40394,حوض وجه برسلين 80 سم,رويال,2612,600.0,400.0
EG40395,رف حوض وجه برسلين 80 سم,رويال,2612,150.0,60.0
AM0411,حوض وجه مع دولاب حمام -80 سم,سانيتاري ويرز,9402,900.0,600.0
AB10412,خزانة حمام 120*24*20,سانيتاري ويرز,9402,250.0,80.0
ML30413,مرايا حمام مع إضاءة لد 80*60 سم,سانيتاري ويرز,9402,150.0,50.0
AB10420,خزانة حمام 120*24*20,سانيتاري ويرز,8204,250.0,100.0
AM0421,حوض وجه مع دولاب حمام -80 سم,سانيتاري ويرز,8204,900.0,600.0
ML30422,مرايا حمام مع إضاءة لد 80*60 سم,سانيتاري ويرز,8204,150.0,80.0
LG40445,حوض وجه برسلين 80 سم,رويال,04-03,600.0,400.0
EG40446,رف حوض وجه برسلين 65 سم,رويال,04-03,150.0,30.0
VS10462,حوض وجه معلق 80 سم,أوركا,LUCCA,550.0,350.0
MDE50006,خلاط دوش مدفون مع مصب وقصبة وكسكاس أبيض,فرامو,DE211BO,2050.0,1950.0
ARSB80718,مخرج شطاف مربع بالعلاقة كروم,سي أر سمارت,15-4-4,100.0,66.0
CD40016,مسطرة دوش زوجية كروم,تركواز سيراستايل,BR100-8,200.0,110.0
AASB30025,رف زاوية زوجي كروم,فينوس,462C,100.0,63.0
AASB30074,مجفف يد أبيض,بريمكس,A1005-W,140.0,82.0
AASB30084,مقبض قابل للطي مضاد للانزلاق لكبار السن,سانيتاري ويرز,,170.0,100.0
ML10301,خلاط حوض وجه كروم,ليسو,JR031-30,300.0,200.0
ARSB80350,قصبة دوش دائرية 30 سم كروم,سانيتاري ويرز,32-31,70.0,22.0
AASB30343,فرشاة مرحاض كروم,ليسو,BS-51,150.0,78.0
LG40375,حوض وجه برسلين مشطوف 80 سم,رويال,2709,700.0,500.0
EG40371,رف حوض وجه برسلين 80 سم,رويال,2709,200.0,80.0
LG40400,حوض وجه برسلين 80 سم,رويال,2717,600.0,400.0
EG40372,رف حوض وجه برسلين 80 سم,رويال,2717,250.0,85.0
ML30369,مرايا حمام مع إضاءة لد 80*60 سم,سانيتاري ويرز,1430,160.0,105.0
ML30376,مرايا حمام مع إضاءة لد 80*80 سم,سانيتاري ويرز,1433,200.0,135.0
EL10386,حوض مطبخ ستانلس ستيل 304 65 * 45 سم,أسيل,AS3468,700.0,460.0
MTE60013,خلاط شطاف مدفون كروم,فرامو,HO206CR,270.0,170.0
ME10024,خلاط حوض المطبخ شجرة كروم,شيزا,NOVA L SPOUT,240.0,155.0
ML10056,خلاط حوض وجه طويل كروم,شيزا,ROBIN,320.0,207.0
ML30115,مرايا حمام مع إضاءة لد 100*80 سم,سانيتاري ويرز,9126G,300.0,200.0
AB10116,خزانة حمام أبيض,سانيتاري ويرز,9126G,400.0,250.0
AM0117,دولاب حمام 100 سم أبيض,سانيتاري ويرز,9126G,900.0,430.0
VP20118,حوض وجه فوق الرخام 100 سم أبيض,سانيتاري ويرز,9126G,350.0,200.0
MTE60004,خلاط شطاف مدفون كروم,توريما,8X00011-094,330.0,210.0
MDE50050,خلاط دوش مدفون أسود,توريما,8V010BB-090,650.0,425.0
MT30006,خلاط شطاف كروم,توريما,8Q25222-040,300.0,195.0
MLE40007,خلاط حوض وجه مدفون مع مَصَب كروم,توريما,VELVET 8V31311-090,890.0,510.0
ME10009,خلاط حوض المطبخ شجرة كروم,توريما,BG LIGHT 1751311-T40,350.0,170.0
MA20010,خلاط حوض المطبخ سحاب كروم,توريما,BOCCA 1782111-T90,1000.0,695.0
ALVM50021,رأس سيفوني حوض الوجه طويل ذهبي,توريما,1372-003,240.0,135.0
ML10014,خلاط حوض وجه ذهبي,فرامو,HO204ORO,730.0,600.0
ML10072,خلاط حوض وجه أبيض,فرامو,SI204BO,1200.0,990.0
MT30019,خلاط شطاف كروم مع شطاف أَبْيَضُ,فرامو,SHA102CR,280.0,177.0
MDE50024,خلاط دوش مدفون كروم,فرامو,HO207CR,400.0,325.0
MDE50025,خلاط دوش مدفون كروم,فرامو,MA207CR,350.0,276.0
MDE50026,خلاط دوش مدفون كروم,فرامو,DE207CR,420.0,320.0
MTE60029,خلاط شطاف مدفون كروم,فرامو,MA206CR,250.0,140.0
MTE60031,خلاط شطاف مدفون ذهبي,فرامو,HO206ORO,600.0,475.0
ARSB80033,شطاف ظغط مع طوبو أبيض,فرامو,KIT03BO,400.0,325.0
MTE60036,خلاط شطاف مدفون أبيض,فرامو,DE206BO,690.0,525.0
ARSB80042,مصب دوش مع تحويلة ذهبي,دانيال,SK4702CR,800.0,600.0
MD20025,خلاط دوش ذهبي,ام سي بولو,MFA20428G,350.0,260.0
MA20050,خلاط حوض المطبخ سحاب أسود,سانيتاري ويرز,,300.0,175.0
ME10027,خلاط حوض المطبخ شجرة كروم,نيوأرك,MASTER 187731,230.0,150.0
ME10028,خلاط حوض المطبخ شجرة كروم,نيوأرك,AQUA 941881,290.0,230.0
MD20017,خلاط دوش كروم,سانيتاري واير,LEONARDO 2023-16,160.0,84.0
MD20027,خلاط دوش ذهبي,سانيتاري ويرز,VESUN Z-9003ZG,170.0,95.0
ME10025,خلاط حوض المطبخ سخانة فورية شجرة كروم,سانيتاري ويرز,MAX BAHR CYPRESS,140.0,70.0
ME10038,خلاط حوض المطبخ تحلية شجرة كروم,سانيتاري ويرز,AR529,430.0,280.0
ML10090,خلاط حوض وجه طويل كروم,شهاب,SORINA,220.0,150.0
ML10096,خلاط حوض وجه حساس كروم,سانيتاري ويرز,XSDD010471,280.0,160.0
ML10097,خلاط حوض وجه طويل كروم,سانيتاري ويرز,TURLQK FOL-002-A,170.0,105.0
MT30014,خلاط شطاف مع شطاف ذهبي,سانيتاري ويرز,Z-9000N ZG-12,150.0,85.0
MT30016,خلاط شطاف كروم,سانيتاري ويرز,VALTEMO VMF-7222,130.0,64.0
MD20031,خلاط دوش كروم,نابولي,Z-9003N,140.0,76.0
ARSB80159,شطاف ظغط دائري مع مخرج بالعلاقة مع طوبو أسود,نيوأرك,15022B,270.0,185.0
ARSB80170,سماعة دوش مع طوبو كروم,سانيتاري ويرز,MAF ELSEAH,100.0,45.0
ARSB80174,سماعة دوش مع طوبو كروم,ليسو,NOVA,70.0,34.0
AMEV50019,سماعة خلاط حوض المطبخ كروم,سانيتاري ويرز,59925,60.0,30.0
ARSB80284,كسكاس دوش مربع 200*200 مم كروم,رايمر,,90.0,40.0
ARSB80285,كسكاس دوش مربع 200*200 مم مع قصبة ذهبي,سانيتاري ويرز,FIDAR,50.0,23.5
ARSB80385,كسكاس دوش مربع 250*250 مم مع قصبة كروم,سانيتاري ويرز,LATTE D-580,140.0,95.0
ARSB80390,مصب دوش بدون تحويلة أسود,بريمكس,J007X,130.0,60.0
ARSB80332,مصب دوش مع تحويلة كروم,سانيتاري ويرز,LY4006-CP,120.0,70.0
ARSB80333,مصب دوش مع تحويلة كروم,شيزا,48845,120.0,85.0
ARSB80342,مصب دوش مع تحويلة طويل كروم,شيزا,48449,160.0,105.0
ALVM50024,سيفون حوض الوجه كروم,سانيتاري ويرز,I.DOWAS LY4001-CP,130.0,81.5
ALVM50025,سيفون حوض الوجه كروم,سانيتاري ويرز,VALMO SG 2978-24,90.0,43.5
ALVM50033,سيفون حوض الوجه بلاستك كروم,سانيتاري ويرز,BONOMINI 0595PR25K7,100.0,65.0
ALVM50034,سيفون حوض الوجه ذهبي,بريمكس,230K,170.0,105.0
ALVM50035,سيفون حوض الوجه كروم,سانيتاري ويرز,,100.0,49.0
ARSB80146,قصبة دوش مربعة 40 سم ذهبي,سانيتاري ويرز,FIDAR,30.0,20.0
AASB30042,موزع ورق منظف كلينكس أبيض,ليمكس,LY2699-White,90.0,57.5
AASB30047,موزع ورق منظف كلينكس أسود,سانيتاري ويرز,C2 B,100.0,64.0
AASB30054,حاملة منظفات كروم,KBM,S-106,85.0,50.0
AASB30058,صابونية ذهبي,سانيتاري ويرز,9042-12,50.0,29.0
AASB30061,حاملة فرشاة أسنان ذهبي,بريمكس,6100K-61,120.0,70.0
AASB30083,موزع صابون سائل خزف,سانيتاري ويرز,AQUANOVA,60.0,27.5
AASB30088,صابونية كروم,سانيتاري ويرز,AVATAR,75.0,35.0
AASB30094,حامل منضفات كروم,بضائع أوروبية,ALUXX,65.0,35.0
AASB30095,رف زاوية زوجي كروم,بضائع أوروبية,ALUXX,60.0,26.25
AASB30103,موزع صابون ابيض,ونكو,24594100,50.0,20.0
AASB30104,موزع صابون حساس ابيض,سانيتاري ويرز,1389,50.0,22.0
AASB30105,موزع صابون حساس ابيض,امبرا,OTTO FOAMING,75.0,35.0
AASB30106,موزع صابون حساس ابيض,امبرا,OTTO WALL MOUNT,75.0,35.0
AASB30107,موزع صابون حساس كروم,امبرا,OTTO WALL MOUNT,75.0,35.0
AASB30115,حاملة منظفات زوجي كروم,سانيتاري ويرز,1163-2,80.0,45.0
PS20118,علاقة مناشف زوجية كروم,سانيتاري ويرز,,160.0,95.0
AASB30119,حاملة منظفات زوجي كروم,سانيتاري ويرز,,150.0,95.0
ART0032,سماعة دوش مع طوبو كروم,فينوس,HSS422,85.0,49.47
PS20121,علاقة ملابس خماسية,سانيتاري ويرز,NDR-19184-1,100.0,65.0
PS20124,علاقة مناشف كروم,جي اف مارك,9200-60,115.0,65.0
ART0039,حامل ورق منظف كلينكس,فينوس,BA804,80.0,54.0
PS20128,علاقة ملابس سداسية ذهبي,سانيتاري ويرز,,50.0,25.0
PS20130,علاقة مناشف كروم,بلوميس,AREO,100.0,50.0
PS20132,علاقة مناشف متحركة كروم,فينوس,1511,90.0,65.0
PS20135,علاقة مناشف كروم,سانيتاري ويرز,PUSH LOC,35.0,25.0
ARSB80188,كسكاس دوش مربع 250*250 مم مع قصبة كروم,سانيتاري ويرز,MAF ELSEAH,120.0,58.0
MT30165,خلاط شطاف مع شطاف كروم,سانيتاري ويرز,RT007-B,100.0,55.0
MT30166,خلاط شطاف مع شطاف كروم,سانيتاري ويرز,MATEX,85.0,48.0
ARSB80189,شطاف ظغط مربع مع طوبو أسود,سانيتاري ويرز,FIDAR,70.0,35.0
AASB30167,حاملة فوط أسود,KBM,8102,75.0,27.7
PS20169,علاقة ملابس فردي,سانيتاري ويرز,NEPTUN,60.0,35.0
ATWC50181,زر بتريا كروم,سانيتاري ويرز,YC8010-1,190.0,120.0
ML10184,خلاط حوض وجه زر كروم,ميوماري,,250.0,125.0
AASB30195,حاملة منظفات كروم,ميوماري,S-106,60.0,35.0
ARSB80242,مخرج شطاف أبيض,فرامو,PRA01BO,200.0,150.0
ALVM50203,رأس سيفوني رخامي,سانيتاري ويرز,,40.0,21.462
ALVM50055,سيفون حوض الوجه طويل كروم,توريما,0331211-T42,280.0,170.0
MC10056,مجرى 33 سم *10 سم مشبك كروم,فيها,,75.0,45.0
MC10064,مجرى 20سم *7 سم كروم,ستار سانيتار,TOLEDO,65.0,42.0
MC10074,مجرى 30 سم *6 سم دهبي,سانيتاري ويرز,,150.0,90.0
MC10075,مجرى 40 سم *6 سم دهبي,سانيتاري ويرز,,160.0,100.0
MC10082,سرفنتينة 15 سم * 15 سم أبيض,بيورا,FD-GB,110.0,80.0
MC10084,مجرى 45سم *7 سم كروم,بيورا,DL-01-45,320.0,257.0
MC10086,مجرى 55سم *7 سم كروم,بيورا,DL-7-55,320.0,257.0
MC10087,مجرى 55سم *7 سم كروم,بيورا,DL-04-55,320.0,257.0
MC10088,مجرى 55سم *7 سم كروم,بيورا,DL-11-55,320.0,257.0
MC10090,مجرى 45سم *7 سم كروم,بيورا,DL-GW-45,400.0,292.5
AASB30121,مجفف يد ذهبي,بريمكس,6901,180.0,118.0
MC10094,مجرى 75سم *7 سم أبيض,بيورا,DL-GW-75,450.0,360.0
MC10095,مجرى 45سم *7 سم كروم,بيورا,DL-03-45,320.0,257.0
MC10096,مجرى 45سم *7 سم كروم,بيورا,DL-04-45,320.0,257.0
MC10098,مجرى 45سم *7 سم كروم,بيورا,DL-05-45,320.0,257.0
CD40001,مسطرة دوش زوجية مربعة كروم,سانيتاري ويرز,8888-5 SQ,250.0,148.0
ML30082,مرايا حمام مع إضاءة لد 60*80 سم,سانيتاري ويرز,118150,160.0,85.0
CD40006,مسطرة دوش زوجية كروم,سانيتاري ويرز,DOUS,200.0,120.0
CD40008,مسطرة دوش زوجية اسود,سانيتاري ويرز,10155,250.0,150.0
CD40012,مسطرة دوش فرديه أسود,تركي,EZ-2025,130.0,80.0
LG40105,حوض وجه برسلين 80 سم,رويال,YB03_3,600.0,400.0
EG40106,رف حوض وجه برسلين 80 سم,رويال,YB03_3,150.0,60.0
ML30100,مرايا حمام مع إضاءة لد 80*60 سم,سانيتاري ويرز,L16,150.0,80.0
MC10110,سرفنتينة 15 سم * 15 سم كروم,بضائع أوروبية,FERPLAST 156/V,120.0,80.0
WA40117,غطاء مقعد أبيض,سانيتاري ويرز,CITY,220.0,145.0
ML10126,خلاط حوض وجه 2 فتحات كروم,سانيتاري واير,,180.0,110.0
WS10127,مقعد معلق أبيض,سانيبال,توكيو,450.0,340.0
ML30131,مرايا حمام مع إضاءة لد 80*60 سم,كاي بي ام,ML_019,150.0,92.5
ML30133,مرايا حمام مع إضاءة لد 80*60 سم,كاي بي ام,ML_018,150.0,92.5
AB10144,خزانة حمام خشبي,سانيتاري ويرز,SPOTTED LIGHT,300.0,200.0
AB10145,خزانة حمام أبيض,أوركا,AYDOS,650.0,470.0
AM40147,مراية دولاب حمام 100 سم,أوركا,RICATO,610.0,400.0
AM0148,حوض وجه مع دولاب حمام مع خزانة مع مراية -100 سم,سانيتاري ويرز,STAR 100,2450.0,2325.0
VP20154,حوض وجه فوق الرخام أبيض,سانيماد,BOL CUBO,300.0,205.0
AASB30166,رف زاوية اسود,بضائع أوروبية,,45.0,15.0
ARSB80666,كسكاس دوش مربع 250*250 مم مع قصبة كروم,فيڤارو,SS 030-A,140.0,75.0
ARSB80286,قصبة دوش مربعة 35 سم كروم,سانيتاري ويرز,,40.0,20.0
ARSB80994,كسكاس دوش مربع 300*300 مم مع قصبة كروم,فيڤارو,SS030-B,190.0,100.0
ARSB80993,كسكاس دوش مربع 250*250 مم كروم,سانيتاري ويرز,133-8,110.0,65.0
WA40173,غطاء مقعد تركي أبيض,تركي,WASSEBERG,45.0,23.5
ADOU50190,سيفون حوض قدم,تركي,رأس صغير,20.0,7.0
EG30193,حوض مطبخ جرانيت أبيض محبب 90*50,سانيبال,رومبا,650.0,481.0
ARSB80293,"مسكر شطافة ""1/2"" * ""1/2 كروم",سانيتاري ويرز,VERTO,25.0,12.75
ARSB80402,"مسكر شطافة ""1/2"" * ""1/2 كروم",سانيتاري ويرز,FARSKI,15.0,4.75
RO10199,حنفية 3/4,سانيتاري ويرز,BUGATTI,40.0,24.0
AASB30200,أرضية دوش 54×54 سم,بضائع أوروبية,,55.0,33.75
ARSB80204,"مسكر شطافة ""1/2"" * ""1/2 كروم",سانيتاري ويرز,FIDAR,25.0,13.75
ALVM50205,طابة حوض الوجه,سانيتاري ويرز,,25.0,12.5
AASB30215,حاملة ورق ناعم أسود,سانيتاري ويرز,CAPELLA,100.0,55.0
VS10625,حوض وجه معلق -100 سم,لابينو,7100,500.0,290.0
AASB30223,رف زاوية كروم,ونكو,17792100C,60.0,35.0
ADOU50220,لصقة عازلة للماء 3.5 م*2.8 سم,ونكو,5652351100,30.0,15.0
BAI10238,حوض استحمام بانيو 120*70*55 سم,طيبة,,885.0,565.0
RD30243,حوض قدم اكريليك 90*90 زاوية بالجنب بالسيفوني,سانيتاري ويرز,TO 815,290.0,165.0
WA40774,غطاء مقعد أبيض,GALASSIA,5478,200.0,120.0
WA40776,غطاء مقعد أبيض,تركواز سيراستايل,MONA,250.0,145.0
RD30778,حوض قدم خزف مربع 80*80 سم,اديال سانيتار,,500.0,330.0
PS20787,علاقة مناشف مع قاعدة كروم لامع,بضائع أوروبية,4406,210.0,135.0
PS20790,علاقة ملابس فردية كروم,KBM,,40.0,22.5
AASB30791,رف زاوية اسود,تركي,4405,45.0,20.0
WS10792,مقعد معلق أبيض,سانيتاري ويرز,دولفين,450.0,300.0
AASB30795,سلة قمامة حمام,بضائع أوروبية,,45.0,26.25
ALVM50797,رأس سيفوني كروم,بضائع أوروبية,CWU60CB-110,170.0,105.0
PS20800,علاقة ملابس سداسية,فينوس,NL-06,80.0,48.0
MC10802,مجرى 30 سم *6 سم كروم,فيرونا,SP530,180.0,105.0
LG40176,حوض وجه برسلين مشطوف 80 سم,ليسو,C2080D,600.0,400.0
EG40177,رف حوض وجه برسلين 80 سم,ليسو,C2080D,350.0,185.0
ALVM50820,رأس سيفوني ذهبي,سانيتاري ويرز,,60.0,23.0
ARSB80372,كسكاس دوش مربع 250*250 مم اسود مع قصبة,مونتانا س.ل,MT-2525SQ-B,350.0,251.0
AM0405,دولاب حمام أرضي,بضائع أوروبية,,600.0,300.0
RO10406,حنفية غسالة ''1/2 * ''3/4 كروم,سانيتاري ويرز,Italian,20.0,11.0
MM30410,خلاط حوض المطبخ حائطي كروم,فرامو,TU111CR,290.0,175.0
ARSB80414,مصب دوش مع تحويلة أسود,ريفانا,CND410 B,170.0,82.2
ALVM50424,رأس سيفوني ذهبي,مونتانا س.ل,MT1011G,130.0,66.0
ARSB80429,كسكاس دوش مربع 250*250 مم ذهبي مع قصبة,مونتانا س.ل,MT-2525SQ-G,350.0,228.0
SA10426,طقم اكسسوار أسود,ديولو,125-25-46,260.0,160.0
ML10430,خلاط حوض وجه كروم,سانيتاري ويرز,OM-33,140.0,78.0
MT30434,خلاط شطاف مع شطاف كروم,تركارت,TERRA,200.0,128.8
ML10436,خلاط حوض وجه 20 سم كروم,تركارت,TERRA,250.0,161.7
CD40239,مسطرة دوش مع خلاط كروم,ا بي ام انترناشونال,1002,550.0,275.0
EL10251,حوض مطبخ ستانلس ستيل 60*45 أسود,أسيل,AS3467,880.0,490.0
WP20447,مقعد عربي ورده أبيض50*60,لابينو,4310,290.0,190.0
CD40448,مسطرة دوش زوجية كروم,كوتارا,TPS-691,220.0,145.0
PD20458,حاجز دوش 8 مم مخطط 90*190 سم أسود,سانيتاري ويرز,14-40,600.0,360.0
MD20470,خلاط دوش كروم,شهاب,ARIO,260.0,175.0
PS20484,علاقة مناشف زوجية أسود,سانيتاري ويرز,SG-24,75.0,30.0
ALVM50262,سيفون حوض الوجه كروم,سانيتاري ويرز,,150.0,95.0
ML30502,مرايا حمام مع إضاءة لد اطاركروم 55 سم,سانيتاري ويرز,,140.0,90.0
ML30503,مرايا حمام مع إضاءة لد اطارأسود 55 سم,سانيتاري ويرز,,140.0,80.0
AASB30511,فرشاة تنظيف مرحاض رصاصي,wilko,,50.0,25.0
AASB30513,موزع صابون سائل كروم,ساتين-نيكال,80231,80.0,45.0
PS20514,علاقة ملابس فردي,ساتين-نيكال,,40.0,25.0
ALVM50517,رأس سيفوني كروم,سانيتاري ويرز,,75.0,49.0
ML30518,مرايا حمام مع إضاءة لد 50*70 سم اطار اكريلك,سانيتاري ويرز,3.1.20,180.0,115.0
ML30519,مرايا حمام مع إضاءة لد 50*70 سم اطار اكريلك,سانيتاري ويرز,4.1.30,180.0,120.0
MD20525,خلاط دوش كروم,سانيتاري ويرز,OM-107,130.0,69.0
ML30535,مرايا حمام مع إضاءة لد 80*80 سم,سانيتاري ويرز,11,170.0,88.0
EG30565,حوض مطبخ جرانيت أسود محبب 47.5*47.5,سانيبال,ليكسوس,450.0,300.7
EG30567,حوض مطبخ جرانيت رصاصي محبب 47.5*47.5,سانيبال,ليكسوس,450.0,300.7
ARSB80575,طوبو دوش ألماني كروم,ليفرنو هوم,,50.0,20.0
RD30576,حوض قدم خزف مربع 60*60 سم,بضائع أوروبية,roca,70.0,45.0
RD30580,حوض قدم مستطيل اكريليك 120*80,بيانكو,,420.0,335.0
BAI10582,حوض استحمام بانيو برشلونة 190*90سم,الطيب,برشلونة,2500.0,2350.0
RD30583,حوض قدم مستطيل فلات 120*70سم,الطيب,Tib 120*70,500.0,435.0
RD30584,حوض قدم مستطيل فلات 150*70سم,الطيب,Tib 150*70,650.0,530.0
RD30585,حوض قدم مستطيل شريحة 120*80سم,سانيبال,غلاكسيت,1275.0,820.0
RD30586,حوض قدم مستطيل شريحة 100*80سم,سانيبال,غلاكسيت,1300.0,901.25
EG40609,رف رخامي كوارتز 60*50سم,سانيتاري ويرز,1-3-40,400.0,230.0
ML30610,مرايا حمام مع إضاءة لد 60*50 سم,سانيتاري ويرز,1-3-40,200.0,120.0
AASB30706,سلة قمامة كروم,wilko,,90.0,35.0
VS10707,حوض وجه معلق - يسار-60*30سم,تركواز سيراستايل,SHARP,590.0,330.0
ARSB80716,شطاف ظغط مربع مع طوبو أسود,ليمكس,2778,150.0,95.0
ARSB80722,كسكاس دوش دائري 300 مم كروم,ديولو,,95.0,48.0
VS10737,حوض وجه معلق -80 سم,لابينو,4843,410.0,270.0
VS10739,حوض وجه معلق -65 سم,لابينو,4465,580.0,290.0
AASB30405,حامل ورق منظف كلينكس,فينوس,ST-06,110.0,68.87
ML10764,خلاط حوض وجه أسود,ليسو,B-079,200.0,95.0
SA10770,طقم اكسسوار ذهبي,فيدار,,290.0,185.0
ME10775,خلاط حوض المطبخ شجرة نص منظومة كروم,سانيتاري ويرز,KAT-6,320.0,180.0
ML30788,مرايا حمام ضد البخار مع إضاءة لد 60*80 سم,سانيتاري ويرز,4005,190.0,105.0
ML30789,مرايا حمام ضد البخار مع إضاءة لد 60*80 سم,سانيتاري ويرز,4006,170.0,105.0
ML30793,مرايا حمام ضد البخار مع إضاءة لد 70*50 سم,سانيتاري ويرز,4012,160.0,100.0
ML30795,مرايا حمام ضد البخار مع إضاءة لد 60*80 سم,سانيتاري ويرز,4014,170.0,105.0
ARSB80811,مصب دوش مربع قصير بالتحويله أسود,توريما,03278BB-T40,900.0,515.0
SA10823,طقم اكسسوار كروم,توريما,1372-KITACC-007,700.0,400.0
PLSA0827,مطول 1/2 *10 سم نحاسي,سانيتاري ويرز,,5.0,2.0
EL10865,حوض مطبخ ستانلس ستيل 304 76 *50.5 سم,أسيل,AS 233,800.0,545.0
WS10880,مقعد معلق أبيض,ايجا فتريفاي,KARINA-64303201,360.0,240.0
MC10886,مجرى 60 سم *5 سم كروم,أكوا بلاست,LQ-226-60,300.0,190.0
LG40890,حوض رخامي كوارتز 80سم,سانيتاري واير,W801,900.0,550.0
EG40891,رف رخامي كوارتز 80سم,سانيتاري ويرز,W801,600.0,270.0
ARSB80911,كسكاس دوش مربع 300*200 مم مع قصبة أسود,ديولو,63-5-100,150.0,75.0
ML30941,مرايا حمام مع إضاءة لد 60*100 سم عرض,سانيتاري ويرز,S-100-4,200.0,100.0
AM0738,دولاب حمام مع حوض وجه 60 سم,سانيتاري ويرز,5,1200.0,740.0
ML30749,مرايا حمام مع إضاءة لد,سانيتاري ويرز,5,150.0,100.0
PS20751,علاقة مناشف كبيرة ثلاثية كروم,سانيتاري ويرز,WL11,200.0,110.0
MT30754,خلاط شطاف كروم,سانيتاري ويرز,OM-07,120.0,57.0
ML10788,خلاط حوض وجه كروم,سانيتاري ويرز,OM-1-3,290.0,165.0
MDE50756,خلاط دوش مدفون أبيض,فرامو,DE211BO,900.0,850.0
ARSB80800,مصب دوش بدون تحويلة أبيض,فرامو,DE211BO,500.0,450.0
ARSB80801,كسكاس دوش دائري 200 مم مع قصبة أبيض,فرامو,DE211BO,650.0,650.0
MDE50757,خلاط دوش مدفون ذهبي,فرامو,PA211ORO,900.0,850.0
ARSB80802,مصب دوش بدون تحويلة ذهبي,فرامو,PA211ORO,500.0,450.0
ARSB80803,كسكاس دوش دائري 200 مم مع قصبة ذهبي,فرامو,PA211ORO,650.0,650.0
VS10759,حوض وجه معلق -100 سم,لابينو,2100,800.0,452.0
MDE50760,خلاط دوش مدفون ايدج ذهبي,توريما,8E01033-090 ايدج قديم,830.0,703.0
ARSB80766,شطاف ظغط مع طوبو كروم,PAINI,51CR133IG,220.0,150.0
RO10771,حنفية غسالة ''1/2 * ''3/4 كروم,بنتاغونو,182CS,45.0,33.5
PS20777,علاقة ملابس فردية أسود,بن أمور,50-10-49,30.0,5.0
CD40788,مسطرة دوش زوجية اسود,ليسو,085-10,330.0,190.0
LG40795,حوض كواريون كوارتزأبيض 60سم,سانيتاري واير,S-60-1,680.0,500.0
ML30806,مرايا حمام مع إضاءة لد 60*80 سم عرض,سانيتاري ويرز,S-60-1,170.0,85.0
WA40918,غطاء مقعد معلق كبير تورنيدو أبيض,ب.أمور,6203/131E,150.0,51.0
ATWC50540,صندوق بتارية مقعد أرضي,اديال سانيتار,مرجان,250.0,160.0
LG40993,حوض مع رف كواريون كوارتز 60سم أبيض,سانيتاري ويرز,999,890.0,670.0
CE11002,سخانة 50 لتر أفقية,تيسي,HORIZONTAL-TESY-50,1080.0,895.0
ARSB81016,علاقة سماعة دوش جانبية كروم,سانيتاري ويرز,,10.0,2.25
LG41018,حوض رخامي كوريان 80سم,سانيتاري واير,PL80-1,520.0,340.0
AM1019,دولاب حمام -80 سم,سانيتاري ويرز,PL80-1,800.0,500.0
ARSB81040,اكسسوار خلاط دوش مدفون دائري أسود,فيدار,FD-8T0025,250.0,145.0
ARSB81041,اكسسوار خلاط شطاف مدفون دائري أسود,فيدار,FD-8T0022,150.0,90.0
WA41053,غطاء مقعد معلق تورنيدو أسود,ب.أمور,6103/052E-MB,120.0,51.0
WA41059,غطاء مقعد معلق تورنيدو أبيض,ب.أمور,6102/053E,120.0,51.0
VS11062,عمود حوض وجه سفير معلق أبيض,اديال سانيتار,سفير,190.0,110.0
ML10002,خلاط حوض وجه ذهبي,توريما,EDGE 8E33033-093,790.0,535.0
ML10005,خلاط حوض وجه كروم,توريما,TAG 8L33011-093,360.0,235.0
ME10011,خلاط حوض المطبخ شجرة كروم,توريما,EDGE 8E33011-093,500.0,225.0
ML10016,خلاط حوض وجه كروم,رايمر,L12L52,500.0,380.0
ML10026,خلاط حوض وجه 15 سم أسود,شيزا,NOVA,350.0,145.0
ML10029,خلاط حوض وجه طويل كروم,فينوس,RACHEL B2,330.0,212.76
ML10033,خلاط حوض وجه طويل كروم,ليسو,,230.0,145.0
ML10043,خلاط حوض وجه طويل 30 سم كروم,سانيتاري ويرز,,150.0,95.0
ML10045,خلاط حوض وجه كروم,أيولي,VIDA,280.0,255.0
MD20005,خلاط دوش كروم,فينوس,PEARL,230.0,143.0
MD20008,خلاط دوش ذهبي,نابولي,Z-9003N ZG,180.0,92.0
MD20011,خلاط دوش كروم,شيزا,TULIP,280.0,195.0
MD20056,خلاط دوش مع سماعة كروم,فرامو,MA212CR,450.0,220.0
MT30059,خلاط شطاف مع شطاف كروم,فرامو,HO102SHT/CR,240.0,165.0
ARSB80075,شطاف ظغط مربع مع طوبو كروم,مونتانا س.ل,MT-3102,70.0,32.25
ARSB80077,شطاف ظغط دائري مع طوبو ذهبي,"فليكس توب, س.ل",,80.0,45.0
CD40099,مسطرة دوش زوجية مربعة كروم,سانيتاري ويرز,,480.0,345.0
CD40101,مسطرة دوش زوجية كروم,باست,,150.0,92.0
CD40110,مسطرة دوش زوجية كروم,سلفيرمكس,,190.0,110.0
MA20121,خلاط حوض المطبخ سحاب ذهبي,سانيتاري ويرز,,400.0,213.0
MA20002,خلاط حوض المطبخ سحاب أسود,سانيتاري ويرز,,790.0,580.0
MA20007,خلاط حوض المطبخ سحاب كروم,كاسكاد,C8923,525.0,350.0
MTE60025,خلاط شطاف مدفون كروم,رايمر,EY30,260.0,170.0
MDE50029,خلاط دوش مدفون كروم,رايمر,EY09,450.0,300.0
MA20034,خلاط حوض المطبخ سحاب أسود,سانيتاري ويرز,,400.0,188.0
MA20035,خلاط حوض المطبخ سحاب أسود,سانيتاري ويرز,,400.0,188.0
MTE60044,خلاط شطاف مدفون كروم,غروهي,33556002,650.0,510.0
MTE60050,خلاط شطاف مدفون كروم,توريما,8Q00011-090,270.0,175.0
MTE60051,خلاط شطاف مدفون كروم,توريما,8V00011-090,240.0,125.0
ARSB80054,كسكاس دوش دائري 300 مم مع قصبة كروم,موباكس,DAS-610,190.0,140.0
ARSB80055,كسكاس دوش مربع 250*250 مم مع قصبة ذهبي,موباكس,DAS-580G,210.0,125.0
ARSB80061,كسكاس دوش مربع 250*250 مم مع قصبة كروم,سانيتاري ويرز,,90.0,55.0
ARSB80065,كسكاس دوش دائري 300 مم مع قصبة كروم,شيزا,,200.0,135.0
ARSB80067,كسكاس دوش مربع 250*250 مم كروم,فينوس,SSHO10,200.0,135.0
ARSB80108,قصبة دوش مربعة 35 سم كروم,فينوس,,70.0,32.0
ARSB80115,مصب دوش بدون تحويلة كروم,فينوس,CALVIN D2S,150.0,95.0
ARSB80136,مصب دوش مع تحويلة كروم,سانيتاري ويرز,I.DOWAS 1101,150.0,95.0
ML10145,خلاط حوض وجه مدفون مع مصب ذهبي,توريما,VELVET 8V31333-090,1230.0,680.0
ARSB80149,مصب دوش مع تحويلة كروم,فينوس,RACHEL K,135.0,84.0
WP20179,مقعد أرضي ملحوم ذهبي,ليمكس,1078,1650.0,1000.0
AM40194,مراية دولاب حمام -60 سم,سانيتاري ويرز,ML-02-60,150.0,100.0
WP20196,مقعد أرضي أبيض,ايجا فتريفاي,LAGINA,770.0,557.75
WP20198,مقعد أرضي أبيض,ايجا فتريفاي,TYANA,800.0,574.0
VS10219,عمود حوض وجه سداسي أرضي أبيض,ب.أمور,SH-501,120.0,45.0
VS10220,عمود حوض وجه سداسي معلق أبيض,ب.أمور,SH-B182-H,120.0,65.0
EL10238,حوض مطبخ ستانلس ستيل 90*45 كروم,بريمكس,EC 05,550.0,355.0
RO10250,حنفية 3/4,سانيتاري ويرز,,55.0,35.0
EG30254,حوض مطبخ جرانيت كريمي 80*50,سانيبال,سالسا,590.0,435.0
EG30255,حوض مطبخ جرانيت أبيض 80*50,سانيبال,سالسا,570.0,405.0
ML30274,مرايا حمام مع إضاءة لد 80*60 سم,كاي بي ام,ML_011,125.0,77.6
ML30279,مرايا حمام مع إضاءة لد 80*60 سم,كاي بي ام,ML_008,125.0,77.6
ALVM50280,رأس سيفوني أبيض,يولي,,50.0,31.0
ML30281,مرايا حمام مع إضاءة لد 80*60 سم,كاي بي ام,ML_014,125.0,77.6
RO10291,مسكر زاوية ''1/2 * ''1/2 ذهبي,سانيتاري ويرز,,30.0,16.25
RD30295,حوض قدم زاوية 80*80 سم,اديال سانيتار,A116,330.0,208.65
ARSB80310,مخرج شطاف مع علاق كروم,شيزا,48616,80.0,40.0
LG40322,حوض وجه برسلين 80 سم,رويال,YB03_20,600.0,400.0
LG40327,حوض وجه برسلين مشطوف 80 سم,رويال,YB14-10,700.0,500.0
LG40341,حوض وجه برسلين مشطوف 80 سم,رويال,YB14-2,700.0,400.0
EG40351,رف حوض وجه برسلين 80 سم,رويال,YB03_20,150.0,60.0
EG40356,رف حوض وجه برسلين 60 سم,رويال,YB14B-14,150.0,60.0
LG40361,حوض وجه برسلين 60 سم,رويال,YB14B-14,600.0,400.0
ARSB80007,سماعة دوش مع طوبو أسود,سانيتاري ويرز,,50.0,22.5
ARSB80010,سماعة دوش مع طوبو كروم,سانيتاري واير,,45.0,15.5
ARSB80368,سماعة دوش مع طوبو كروم,فينوس,HSS417,70.0,44.0
EG40397,رف حوض وجه برسلين 80 سم,رويال,2608,150.0,35.0
LG40398,حوض وجه برسلين 80 سم,رويال,2608,600.0,400.0
MC10414,مجرى 80 سم *7 سم كروم,بيورا,DL-11-85,410.0,331.0
ML30433,مرايا حمام مع إضاءة لد 80*60 سم,سانيتاري ويرز,,150.0,80.0
PD20440,حاجز دوش 10 مم اطار كروم 90 سم,ليسو,ZW001,700.0,495.0
PD20441,حاجز 8 مم اطار ذهبي 100 سم,سانيتاري ويرز,,650.0,425.0
PD20442,حاجز دوش 10مم اطار كروم منقط 90 سم,ليسو,ZW004,700.0,485.0
MC10449,سرفنتينة 15 سم * 15 سم ذهبي,درنيا,,225.0,160.0
MC10450,مجرى 40 سم 6* سم ذهبي,درنيا,,390.0,280.0
AM0463,دولاب مع مراية حمام 80 سم,أوركا,CLAY,2300.0,1700.0
PS20474,علاقة مناشف زوجية كروم,سانيتاري ويرز,,220.0,138.0
ARSB80475,طوبو دوش 150سم كروم,فينوس,,50.0,22.0
MC10479,مجرى 55سم *7 سم كروم,بيورا,DL-03-55,320.0,257.0
PS20004,علاقة مناشف زوجية ذهبي,سانيتاري ويرز,,120.0,85.0
PS20006,علاقة مناشف كروم,سانيتاري ويرز,,70.0,48.0
PS20010,علاقة مناشف كروم,فينوس,BA 705,120.0,76.83
ARSB80823,مصب دوش بدون تحويلة كروم,شيزا,,130.0,80.0
ARSB0824,كسكاس دوش دائري 25سم مع قصبة كروم,,,300.0,180.0
ALVM50011,رأس سيفوني كروم,,,75.0,40.0
ARSB80038,شطاف ظغط مربع مع مخرج بالعلاقة مع طوبو أسود,تركواز سيراستايل,ANOVA,90.0,36.0
AM40044,مراية دولاب حمام لد -80 سم,سانيتاري ويرز,DICTAC,350.0,235.0
PE30038,طلاء مائي عازل للرطوبة 5 كغ,الواحة,العازل,60.0,44.65
PE30063,طلاء بخاخ داخلي و خارجي أبيض,إس كيو إل أو,,10.0,4.333
EL10008,حوض مطبخ ستانلس ستيل 304,أسيل,AS 381,370.0,230.0
AASB30023,رف زاوية زوجي كروم,سانيتاري ويرز,,140.0,85.0
RA30042,"ديسكو سريع 9"" 230 مم",كداس,AZ 46 P-BF INOX,16.0,8.75
SA10040,طقم اكسسوار ذهبي,سانيتاري ويرز,5800-7,350.0,225.0
PS20041,علاقة ملابس رباعية,فينوس,LI-04,85.0,52.38
RA30053,طوبو رش 3/4 50 متر,التوفيق,,140.0,115.0
PS20049,علاقة مناشف كروم,فينوس,GR-07,400.0,280.0
AECU50055,غسالة أكواب حوض المطبخ,سانيتاري ويرز,,50.0,23.65
ATWC50083,عوامة صندوق طرد,غروهي,3709500,150.0,105.0
PE30106,"صندوق عدة بلاستك 14"" 37*19.5*18سم",اي بي سي,AC18778,40.0,28.0
PE30107,"صندوق عدة بلاستك 17"" 42*22*19.5سم",اي بي سي,AC18779,50.0,38.0
PE30108,"صندوق عدة بلاستك 19"" 47*24.5*21.5سم",اي بي سي,AC1880,60.0,45.0
PE30110,ماصة 1.5 كغ,اي بي سي,AC18726,27.0,18.0
PE30113,ملعقة رقم 20,اي بي سي,AC70002,8.0,5.0
P30110,مضخة ماجن 3/4 حصان ضد التآكل,شمجا,QDX1.5-25-0.55K3-F,670.0,565.0
PE30120,ترابنو850 وات,سبيكو,SP-7010,280.0,225.0
PE30121,"صاروخ 4.5"" 600 وات",كراون,CT13003,220.0,165.0
PE30122,"صاروخ 9"" 2200 وات",كراون,CT13070,450.0,395.0
PA30123,قفل سرانتي يمين + يسار,أف أف,F839516,145.0,95.0
PA30139,عصاة مكنسة,ماتاكس,PS06-1A,3.0,1.65
PA30142,سلوم 6 درجات,الشركة العالمية للتصدير و الإستيراد,,490.0,300.0
PA30143,سلوم 4 درجات 4 متر,الشركة العالمية للتصدير و الإستيراد,,330.0,240.0
PA30145,سلوم 6 درجات 5 متر,الشركة العالمية للتصدير و الإستيراد,,390.0,275.0
PA30198,منفاخ هواء كهربائي 600 وات,اي بي سي,AC-002,120.0,70.0
PE30222,"سكينة تغليف 5"" 12.5 سم",فندر,,7.5,4.65
EL50242,سير ربط 4 * 400 مم (100 قطعة),الشركة العالمية للتصدير و الإستيراد,,7.0,4.2
ARSB80267,مخرج شطاف مربع بالعلاقة كروم,ليمكس,LY-2763,125.0,65.0
PA30267,مفتاح إنجليزي رقم 10,فندر,,20.0,13.5
ASCA60273,ستريتشة 2.50 متر,الشركة العالمية للتصدير و الإستيراد,,75.0,30.0
ASCA60285,ستريتشة 2.44 متر,الشركة العالمية للتصدير و الإستيراد,,75.0,30.0
ASCA60288,ستريتشة 2.44 متر,الشركة العالمية للتصدير و الإستيراد,,75.0,30.0
ASCA60289,ستريتشة 3 متر,الشركة العالمية للتصدير و الإستيراد,,80.0,35.0
ASCA60292,ستريتشة 3 متر,الشركة العالمية للتصدير و الإستيراد,,80.0,35.0
ASCA60293,ستريتشة 3 متر,الشركة العالمية للتصدير و الإستيراد,,80.0,35.0
ASCA60294,ستريتشة 2.50 متر,الشركة العالمية للتصدير و الإستيراد,,75.0,30.0
ASCA60295,ستريتشة 3 متر,الشركة العالمية للتصدير و الإستيراد,,80.0,35.0
ASCA60296,ستريتشة 3 متر,الشركة العالمية للتصدير و الإستيراد,,80.0,35.0
ASCA60297,ستريتشة 3 متر,الشركة العالمية للتصدير و الإستيراد,,80.0,35.0
ASCA60298,ستريتشة 2.70 متر,الشركة العالمية للتصدير و الإستيراد,,75.0,30.0
ASCA60305,ستريتشة 3 متر,الشركة العالمية للتصدير و الإستيراد,,80.0,35.0
MC10310,سرفنتينة 15 سم * 15 سم كروم,دانيال,,120.0,72.0
PS20319,علاقة مناشف كروم,ليسو,JR031-11,120.0,70.0
PE30324,كولة 118 مل,الشركة العالمية للتصدير و الإستيراد,,17.0,11.5
PE30332,رولة كروسة 10 سم مع فرشة,شركة الغزالة لمواد البناء,,10.0,3.6
PA30343,سخانة يدوية 1500 وات,الشركة العالمية للتصدير و الإستيراد,,15.0,8.75
PA30381,منقار,الشركة العالمية للتصدير و الإستيراد,COLT,10.0,5.5
RA30384,ديسكو جرانيت 4.5'' 115 مم,ماركيت,A-08115,10.0,5.5
PA30387,ديسكو خشب 4.5'' 115 مم,الشركة العالمية للتصدير و الإستيراد,BELOTA BE111530,8.0,4.25
EL50400,لصقة 0.13 مم * 50 مم * 25 متر,الشركة العالمية للتصدير و الإستيراد,SCAPA 2702,20.0,13.75
PA30421,حبل نشر 5 مم 10 متر,الشركة العالمية للتصدير و الإستيراد,,4.0,2.5
PA30422,حبل 8 مم 10 متر,الشركة العالمية للتصدير و الإستيراد,,8.0,4.25
PE30439,ماكينة لحام بي بي ار,الشركة العالمية للتصدير و الإستيراد,DJ 20-32,70.0,50.0
PA30457,ليفة مسمار 80 سم,الشركة العالمية للتصدير و الإستيراد,,20.0,12.5
RO10476,حنفية 3/4,سانيتاري ويرز,FIRMER YLN6313-3/4,35.0,24.5
PE30485,موس فرش 18 مم بالغيار,اي بي سي,191799,11.0,7.5
PA30487,مفتاح زڨنالي مشرشر (9 قطع),فندر,193121,25.0,17.5
PA30503,بونتة منقار 14 * 250 مم,الشركة العالمية للتصدير و الإستيراد,CHISEL,8.0,3.75
EL50520,لصقة 0.13 مم * 19 مم * 25 متر,الشركة العالمية للتصدير و الإستيراد,SCAPA 2702,7.5,4.75
PA30562,خبور 10 مم,المتفوق,,5.0,2.75
ACOL30575,ريتي لياسة 20 سم * 10 متر,أسترا,,10.0,4.75
ACOL30580,ريتي لياسة 25 سم * 20 متر,أسترا,,35.0,26.5
PE30592,مشمع ثقيل 3 * 4,الشركة العالمية للتصدير و الإستيراد,,30.0,18.6
PA30602,ميزان خيط 500 غرام,الشركة العالمية للتصدير و الإستيراد,,10.0,5.5
PA30603,بالة 1.2 متر,الشركة العالمية للتصدير و الإستيراد,,73.0,37.0
PE30370,عصاة بالة,الشركة العالمية للتصدير و الإستيراد,,20.0,14.0
ML10382,خلاط حوض وجه كروم,ليسو,JR031-24,250.0,145.0
ML10383,خلاط حوض وجه كروم,ليسو,JR031-34,120.0,68.0
PA30089,فيتي نجمة سداسية 4 * 30مم 600 قطعة,باركسايد,,15.0,5.0
PD20125,حاجز دوش 8 مم مضبب90 سم,ليسو,WIC-90D,650.0,370.0
MLE40016,خلاط حوض وجه مدفون مع مَصَب ذهبي,فرامو,HO244ORO,1520.0,1250.0
MLE40017,خلاط حوض وجه مدفون مع مَصَب أسود,فرامو,HO244NO/22,1520.0,1250.0
MA20005,خلاط حوض المطبخ سحاب أسود-كروم,جي اف مارك,8005D,500.0,340.0
ML10088,خلاط حوض وجه كروم,سانيتاري ويرز,PURE MOH-39,110.0,57.0
AECU50134,سيفون حوض المطبخ,سانيتاري ويرز,,25.0,9.0
ML10093,خلاط حوض وجه كروم,سانيتاري ويرز,HUINASI ML2221,100.0,47.0
RE10018,حنفية حوض المطبخ شجرة كروم,سانيتاري ويرز,MINIX 210040029,110.0,65.0
ARSB80154,شطاف ظغط دائري مع طوبو أسود,سانيتاري ويرز,NOVARA,120.0,75.0
ARSB80158,شطاف ظغط دائري مع مخرج شطاف دبل مع طوبو كروم,سانيتاري ويرز,,150.0,85.0
ARSB80331,مصب دوش مع تحويلة ذهبي,سانيتاري ويرز,MSLINO LY008,140.0,85.0
ARSB80360,قصبة دوش 35 سم كروم,فينوس,,60.0,36.0
RA20083,طوبو2''(1) متر,الرطيل,جي أم GM,12.0,5.833
AASB30039,مجفف شعر أسود,جي اف مارك,882X,160.0,90.0
AASB30041,مجفف شعر أبيض,ليمكس,LY2101-White,100.0,81.755
AASB30071,صابونية أسود,سانيتاري ويرز,MILET,75.0,45.0
AASB30176,حاملة فوط أسود,ديكسا,A.1712.S,100.0,60.0
PD20041,حاجز دوش 8 مم مظلم80 سم,ليسو,WIC-80A,600.0,410.0
PA30019,مفتاح بيبة رقم10مم,الشركة العالمية للتصدير و الإستيراد,AC18693,8.0,3.25
PA30062,مفك دبل جهتين كهرباء,سانيتاري ويرز,1706,5.0,1.95
PE30135,ترابنو شحن دبل بترية 21فولت,سبيكو,ABS,250.0,195.0
ARSB80241,كسكاس دوش مربع 200*200 مم كروم,توريما,IH015CRSC,240.0,155.0
ML30070,مرايا حمام مع إضاءة لد مع بخار 60 اطار ذهبي,سانيتاري ويرز,L323,350.0,210.0
PE30995,قطرامينة 13ك زيتيه سطل حديد,دهانات المدينة مصراتة,العازل,125.0,100.8
EL50796,برتولامبه بدون تامينه,دي بي اس,,6.0,3.0
LG40099,حوض وجه برسلين مشطوف مع رف 80,سانيتاري ويرز,23128C,750.0,455.0
VS10118,حوض وجه معلق -65 سم,تركواز سيراستايل,ANOVA,530.0,310.4
VS10122,حوض وجه معلق -100 سم,تركواز سيراستايل,KAPADOKYA,980.0,395.0
VS10125,حوض وجه معلق -55 سم,تركواز سيراستايل,PORTO,430.0,276.45
CE10104,سخانة 50 لتر,فرش,,600.0,595.0
ELC1109,مطول كهرباء 3مدخل 3متر,كونزا,,45.0,32.5
ELC1112,مثلث كهرباء تنائي مداخل,الشركة العالمية للتصدير و الإستيراد,,10.0,4.5
AMEV50120,رقبه خلاط مطبخ مع مقبض,سانيتاري ويرز,,25.0,12.5
ATWC50174,صندوق طرد معلق,سانيتاري ويرز,,100.0,45.0
CC10188,صليبة 2 مم (250 قطعة),الشركة العالمية للتصدير و الإستيراد,,10.0,4.0
MD20239,خلاط دوش كروم,رايمر,EY5 ENERGY,550.0,360.0
PE30295,دهان عازل خارجي داخلي كغ3.5 أبيض,سوتينول - الغزالة,سوبرلاتكس,70.0,55.834
PA30935,متر 7.5م,فندر,TP-569X,15.0,7.5
ARSB80966,قصبة دوش غلطة سباك,سانيتاري ويرز,1008,120.0,50.0
ARSB80869,كسكاس دوش دائري 250 مم دهبي,مونتانا س.ل,MT-2525R-G,350.0,209.0
EG40184,رف حوض وجه برسلين 80 سم,ليسو,A2080B,350.0,150.0
LG40189,حوض وجه برسلين مشطوف 80 سم,ليسو,A2080C,600.0,300.0
EG40190,رف حوض وجه برسلين 80 سم,ليسو,A2080C,350.0,150.0
PSB10824,دولاب حمام حوض مع مرايا لد -90 سم,سانيتاري ويرز,6111,1350.0,890.0
ATWC50201,زر بتريا اسود,سانيتاري ويرز,G-02,250.0,115.0
PE30214,شفاط ابيض,ABM,M6,140.0,54.5
RO10219,حنفية غسالة ''1/2 * ''3/4 كروم,سانيتاري ويرز,ايطالي,35.0,18.5
SA10233,طقم اكسسوار دهبي,سانيتاري ويرز,203,280.0,165.0
ARSB80852,وجه خلاط دوش مدفون,رايمر,,180.0,65.0
ART0252,مقبض خلاط فيوري,فيوري,35LEV081,160.0,40.0
PS20259,علاقة ملابس فردي,فينوس,ST-01,70.0,32.15
ARSB80963,سماعة دوش مع طوبو كروم,توريما,0323511T43,200.0,115.0
ML10268,خلاط حوض وجه كروم,أيولي,9203-TC,350.0,215.0
PS20531,علاقة مناشف زوجية أسود,سانيتاري ويرز,,140.0,80.0
MD20278,خلاط دوش كروم,ARB,KLVE010LYC00,450.0,299.25
MDE50279,خلاط دوش مدفون كروم,ARB,KLDI021LYC00,480.0,310.0
MTE60280,خلاط شطاف مدفون كروم,ARB,KIDI020LYC00,250.0,166.5
LG40294,حوض رخامي كوارتز 80سم,سانيتاري واير,2610,700.0,500.0
EG40295,رف رخامي كوارتز 80سم,سانيتاري ويرز,2610,400.0,140.0
ML30303,مرايا حمام مع إضاءة لد 60*80 سم,سانيتاري ويرز,907,160.0,85.0
ARSB80307,كسكاس دوش مربع 200*200 مم مع قصبة كروم,ليسو,26-031,180.0,75.0
P30703,مضخة ماجن 0.8 حصان بالأوتوماتك,UMBRA POMPE,,2550.0,2250.0
P30704,مضخة ماجن 0.8 حصان بالعوامة,UMBRA POMPE,,2185.0,1900.0
PE30315,استوك 20 كغ,شركة الحيرة لدهانات,معون الحيرة,50.0,45.0
PE30328,طلاء مائي داخلي 18 كغ لاتكس,شركة الحيرة لدهانات,770,100.0,90.0
AM0333,دولاب حمام 80 سم أبيض,سانيتاري ويرز,8102,500.0,230.0
AM0334,حوض وجه دولاب حمام -80 سم,سانيتاري ويرز,8102,500.0,300.0
AM40335,مراية دولاب حمام -80 سم,سانيتاري ويرز,8102,250.0,175.0
AB10336,خزانة حمام أبيض,سانيتاري ويرز,8102,400.0,280.0
ATWC50372,زر بتريا ذهبي,سانيتاري ويرز,,180.0,95.0
WS10397,مقعد معلق رايملس كريمة,تركواز سيراستايل,IBIZA,2300.0,1062.15
AASB30409,حاملة فوط كروم,فينوس,SO-02,150.0,80.65
MA20401,خلاط حوض المطبخ سحاب كروم,فينوس,KFPC,350.0,213.4
AB10843,خزانة حمام أبيض,سانيتاري ويرز,9615,430.0,270.0
AM0845,حوض وجه مع دولاب حمام -80 سم,سانيتاري ويرز,9615,1000.0,700.0
BAI10461,حوض استحمام بانيو 150*70*53 سم,ساناكريل,A125/53,1650.0,1070.0
CE10473,سخانة 80 لتر,اكوالينا,,560.0,510.0
PE30475,شفاط ابيض,ABM,N8,155.0,64.5
ML30494,مرايا حمام مع إضاءة لد 100*80 سم,سانيتاري ويرز,SYC017,280.0,175.0
ML30495,مرايا حمام مع إضاءة لد 80*60 سم,سانيتاري ويرز,SYC015,220.0,120.0
ML10767,خلاط حوض وجه كروم,توريما,7G33011-093,620.0,355.0
EG30881,حوض مطبخ جرانيت أسود مطفي78*50 فردي,ب.أمور,Sousse,880.0,555.0
ATWC50214,بتارية مقعد أرضي جنب,سانيتاري ويرز,,75.0,45.0
AASB30021,رف زاوية كروم,بريمكس,,80.0,46.0
AASB30010,صابونية كروم,بلوميس,AREO,75.0,35.0
AASB30341,حاملة منظفات زوجي كروم,ليسو,,160.0,105.0
MT30025,خلاط شطاف مع شطاف كروم,شيزا,LAYER,190.0,130.0
WP20588,مقعد أرضي ملحوم أبيض,ب.أمور,SH-295,700.0,515.0
ALVM50212,قرجوطة سيفون حوض الوجه 1.1/4*80 سم,فينوس,,35.0,23.0
AM40226,مراية دولاب حمام -70 سم,سانيتاري ويرز,ML-01-80,140.0,90.0
LG40149,حوض وجه برسلين مشطوف 80 سم,سانيتاري ويرز,2708,600.0,400.0
EG40150,رف حوض وجه برسلين 80 سم,سانيتاري ويرز,2708,350.0,185.0
ARSB80341,مصب دوش بدون تحويلة كروم,شيزا,48456,120.0,79.615
ATWC50168,وصلة بتارية مدفونة مائلة 25 سم,G.M.S,PM001,250.0,125.0
AM0841,حوض وجه مع دولاب حمام -80 سم,سانيتاري ويرز,9614,1000.0,700.0
ML10008,خلاط حوض وجه أسود,توريما,VELVET 8V330BB-093,745.0,425.0
ML10019,خلاط حوض وجه كروم,ب س,2026-4,90.0,88.0
ARSB80082,شطاف ظغط مربع مع طوبو كروم,رايمر,332332OS,250.0,175.0
CD40105,مسطرة دوش زوجية كروم,أوليفيا,,200.0,130.0
ARSB80053,كسكاس دوش مربع 300*300 مم مع قصبة كروم,موباكس,DAS-590,195.0,130.0
WS10164,مقعد معلق رايملس أبيض,ب.أمور,SHA002,620.0,355.0
VS10189,حوض وجه معلق -65 سم,تركواز سيراستايل,KAPADOKYA,700.0,238.0
EG30250,حوض مطبخ جرانيت أسود محبب 90*50,سانيبال,رومبا,650.0,450.0
EG30256,حوض مطبخ جرانيت رملي محبب 80*50,سانيبال,فلورا,520.0,339.605
CE10268,سخانة 30 لتر,فرش,,580.0,545.0
ML30286,مرايا حمام مع إضاءة لد مع اطار أبيض 80*60 سم,سانيتاري ويرز,,210.0,145.0
LG40330,حوض وجه برسلين 65 سم,رويال,YB036_9,600.0,400.0
EG40345,رف حوض وجه برسلين 80 سم,رويال,YB14-6,150.0,60.0
EG40355,رف حوض وجه برسلين 65 سم,رويال,YB036_9,150.0,60.0
ALVM50402,سيفون حوض الوجه كروم,سانيتاري ويرز,LY4002-CP,120.0,78.0
AM0407,حوض وجه مع دولاب حمام -80 سم,سانيتاري ويرز,8102,900.0,600.0
ML30408,مرايا حمام مع إضاءة لد 80*60 سم,سانيتاري ويرز,8102,150.0,50.0
AB10409,خزانة حمام 120*24*20,سانيتاري ويرز,8102,250.0,80.0
RFP1430,"فسيبلي "" 1/2 ذكر * ""1/2 أنثى 50سم",سانيتاري ويرز,,25.0,12.75
MDE50003,خلاط دوش مدفون مع مصب وقصبة وكسكاس ذهبي,فرامو,HO211ORO,1950.0,1650.0
CE10007,سخانة 80 لتر,فرش,,625.0,580.0
VS10049,حوض وجه معلق 80 سم أبيض مع خلاط مع سيفوني,كورنات,,480.0,250.0
VP20009,حوض وجه فوق الرخام أبيض -49سم,كورنات,4900,250.0,150.0
VS10011,حوض وجه معلق أبيض 35 سم,كورنات,3500,150.0,75.0
AASB30096,رف زاوية ثلاثي كروم,بريمكس,,240.0,150.35
LG40155,حوض وجه برسلين مشطوف لد 80 سم,سانيتاري ويرز,2712,750.0,500.0
LG40374,حوض وجه برسلين 80 سم,رويال,2716,600.0,400.0
EG40375,رف حوض وجه برسلين 80 سم,رويال,2716,250.0,85.0
MTE60033,خلاط شطاف مدفون كروم,توريما,8V00011-092,250.0,165.0
ML10010,خلاط حوض وجه ذهبي,توريما,EDGE 8E34033-090,1330.0,760.0
MO10011,خلاط حوض المطبخ تحلية كروم,توريما,AQUA 1782411-T40,930.0,535.0
ALVM50022,رأس سيفوني حوض الوجه طويل ذهبي,توريما,1372-006,230.0,145.0
MDE50023,خلاط دوش مدفون كروم,فرامو,PA217CR,600.0,495.0
MDE50052,خلاط دوش مدفون ثلاثي كروم,فرامو,UP227CR,830.0,680.0
MTE60027,خلاط شطاف مدفون كروم,فرامو,PA216CR,430.0,280.0
ARSB80200,طوبو دوش 150سم كروم,دانيال,A505X150S,60.0,32.0
ARSB80003,مصب حوض كروم,فيوري,35BOC088,290.0,187.0
ML10077,خلاط حوض وجه أسود,جي اف مارك,1-0061X,430.0,165.0
MA20019,خلاط حوض المطبخ سحاب ذهبي,جي اف مارك,6229K,300.0,180.0
MD20029,خلاط دوش كروم,سانيتاري ويرز,HUINASI ML2222-1,120.0,65.0
ML10100,خلاط حوض وجه كروم,ليسو,OL-260,280.0,120.0
MT30011,خلاط شطاف مع شطاف ذهبي,نابولي,Z-9000N ZG-16,130.0,76.0
MT30012,خلاط شطاف مع شطاف كروم,سانيتاري ويرز,ALELMARA 40458002,150.0,95.0
MT30013,خلاط شطاف مع شطاف أسود,سانيتاري ويرز,MSLINO LY2270-B,220.0,140.0
ARSB80172,سماعة دوش مع طوبو كروم,سانيتاري واير,EZ-2357,90.0,52.25
ARSB80176,سماعة خلاط دوش كروم,سانيتاري ويرز,WENKO 2286610,90.0,33.75
ARSB80181,كسكاس دوش مربع 250*250 مم مع قصبة أسود,سانيتاري ويرز,,170.0,95.0
ARSB80282,كسكاس دوش مربع 200*200 مم مع قصبة أسود,سانيتاري ويرز,MAF ELSEAH,140.0,80.0
ARSB80283,كسكاس دوش دائري 250 مم كروم,سانيتاري ويرز,MMAAT LSH-RND-250,120.0,65.0
ARSB80199,قصبة دوش مربعة 35 سم ذهبي,سانيتاري ويرز,MSLINO LY2363-A,70.0,35.0
AASB30090,حاملة ورق ناعم كروم,سانيتاري ويرز,AVATAR,70.0,40.0
PS20125,علاقة مناشف كروم,KBM,L-5065,120.0,72.5
PS20133,علاقة مناشف كروم,KBM,3104,110.0,55.0
AASB30140,حاملة ورق ناعم زوجية كروم,سانيتاري ويرز,NEPTUN,115.0,65.0
AASB30144,حاملة فوط أسود,KBM,9109,50.0,35.0
AASB30149,حاملة فوط كروم,سانيتاري ويرز,AVATAR,70.0,40.0
MT30164,خلاط شطاف مع شطاف أسود,سانيتاري ويرز,2308076,110.0,70.0
PS20168,علاقة ملابس فردي,سانيتاري ويرز,AVATAR,60.0,35.0
PS20175,علاقة ملابس زوجية أسود,KBM,8105,45.0,20.0
ARSB80248,مخرج شطاف مع علاق ذهبي,سانيتاري ويرز,,50.0,18.5
SA10185,طقم اكسسوار كروم,شيزا,49132,500.0,355.0
ARSB80202,قصبة دوش 40 سم شبشاشة كروم,سانيتاري ويرز,,100.0,68.0
ARSB80209,قصبة دوش 32 سم أسود,ليمكس,,80.0,35.0
MC10059,مجرى 40 سم *10 سم أسود,تركي,TM141-40B,150.0,88.0
MC10066,مجرى 30سم *7 سم كروم,الشركة التونسية للمواد الصحية,,70.0,37.0
MC10076,سرفنتينة 15 سم * 15 سم كروم,سانيتاري ويرز,,120.0,72.0
MC10079,سرفنتينة 15 سم * 15 سم كروم,بيورا,FD-03,75.0,53.0
AECU50001,غسالة أكواب حوض المطبخ,سانيتاري ويرز,JC-03,50.0,28.0
ML30090,مرايا حمام مع إضاءة لد مع اطار دهبي 80*60 سم,سانيتاري ويرز,8867,200.0,125.0
ARSB80221,سماعة دوش رصاصي,سانيتاري واير,,20.0,10.0
ARSB80222,سماعة دوش رصاصي,بضائع أوروبية,ALEX,30.0,15.0
AASB30169,حاملة منظفات زوجي كروم,سانيتاري ويرز,4402,120.0,95.0
MF20130,مراية حمام 80*60 سم,سانيتاري ويرز,,140.0,80.0
AM40141,مراية دولاب حمام لد -80 سم,بضائع أوروبية,326512.A,260.0,180.0
ML30160,مرايا حمام مع إضاءة لد دائرية *3,تركي,4408,250.0,180.0
AASB30180,أرضية دوش,بضائع أوروبية,WENKO 23123100,65.0,40.0
ARSB80995,كسكاس دوش مربع 300*300 مم كروم,سانيتاري ويرز,,240.0,138.0
ATWC50184,رجسترو مقعد أرضي مائل 7 سم,سانيتاري ويرز,,20.0,12.5
EG30192,حوض مطبخ جرانيت أسود 80*50,سانيبال,سالسا,510.0,445.0
EG30195,حوض مطبخ جرانيت رملي محبب 90*50,سانيبال,رومبا,650.0,481.0
AASB30202,أرضية دوش 71×36 سم,بضائع أوروبية,,55.0,33.75
AASB30203,أرضية دوش 71×36 سم,بضائع أوروبية,,55.0,33.75
PS20205,علاقة مناشف مع قاعدة كروم لامع,تركي,4406,400.0,300.0
PLSA0229,وردة كروم,سانيتاري ويرز,,5.0,3.0
ARSB80141,مصب دوش قصير بتحويلة كروم,توريما,0327611-T40,380.0,370.0
AASB30783,موزع صابون سائل كروم,بضائع أوروبية,46143,13.0,5.0
EL10166,حوض مطبخ ستانلس ستيل منظومة بيانو 304 75*45 كروم,TIEMME,,1000.0,655.0
AASB30793,سلة قمامة,بضائع أوروبية,,70.0,40.0
ALVM50796,رأس سيفوني كروم,فينوس,BW5PU32,85.0,49.0
AASB30798,مسند لكبار السن 45 كروم,سانيتاري ويرز,JP-NL08,100.0,55.0
WP20803,مقعد أرضي أبيض,نيوأرك,NEWARC 2321-2331,750.0,265.0
ML10822,خلاط حوض وجه أسود,سانيتاري ويرز,OM-35,180.0,85.0
ARSB80408,شطاف ظغط مربع مع طوبو كروم,I.DOWAS,1115ZC,120.0,55.0
ALVM50422,رأس سيفوني كروم,مونتانا س.ل,MT1011,120.0,68.75
ARSB80432,مخرج شطاف مع علاق ذهبي,مونتانا س.ل,MT-01G,140.0,90.0
SA10428,طقم اكسسوار ذهبي,ديولو,50-10-50,360.0,235.0
ML10441,خلاط حوض وجه شجرة كروم,تركارت,PLATINUM,200.0,128.8
ME10442,خلاط حوض المطبخ شجرة كروم,تركارت,PLATINUM,220.0,128.8
CE10451,سخانة 80 لتر عمودية,تيسي,VERTICAL-TESY-80,1000.0,830.0
ARSB80454,شطاف ظغط دائري مع طوبو أسود,سانيتاري ويرز,MSLINO,60.0,35.0
PD20455,حاجز دوش 8 مم مخطط 80*190 سم,سانيتاري ويرز,14-40,550.0,395.0
PD20457,حاجز دوش 8 مم مخطط 90*190 سم كروم,سانيتاري ويرز,14-40,570.0,360.0
ATWC50472,بتارية مقعد أرضي جنب,تركي,OZBEST,40.0,22.5
PS20488,علاقة مناشف كروم,سانيتاري ويرز,WL20,80.0,48.0
AASB30515,حاملة ورق ناعم كروم,ساتين-نيكال,80316,60.0,40.0
ML30534,مرايا حمام قوس مع إضاءة لد 60*80 سم,سانيتاري ويرز,17,170.0,74.0
AM0541,دولاب حمام أرضي 60,بضائع أوروبية,,200.0,120.0
MM30543,خلاط حوض المطبخ حائطي كروم,تركي,MEGA L07-K,190.0,117.0
ARSB80694,يد خلاط مدفون كروم,دانيال,R6630CR,65.0,38.5
MA20615,خلاط حوض المطبخ سحاب أسود,بن أمور,KITCHEN-BLACK,260.0,150.0
ARSB80709,رقبة خلاط متحركة كروم,ليفرنو هوم,P-IX 38700/IO,20.0,10.0
EG30728,حوض مطبخ جرانيت أبيض 80*50,سانيبال,SPAZIO,480.0,340.0
EG30729,حوض مطبخ جرانيت أبيض 60*50,سانيبال,SPAZIO,380.0,270.0
AASB30406,صابونية كروم,فينوس,ST-03,95.0,55.29
WA40780,غطاء مقعد أبيض,بضائع أوروبية,209wilko,70.0,30.0
ML30792,مرايا حمام ضد البخار مع إضاءة لد 70*50 سم,سانيتاري ويرز,4011,160.0,100.0
ML30794,مرايا حمام ضد البخار مع إضاءة لد 80*60 سم,سانيتاري ويرز,4013,170.0,105.0
AM0802,دولاب حمام -80 سم,سانيتاري ويرز,8107,600.0,400.0
VS10803,حوض وجه-80 سم أبيض,سانيتاري ويرز,8107,350.0,230.0
AB10804,خزانة حمام أبيض,سانيتاري ويرز,8107,380.0,255.0
WS10878,مقعد معلق أبيض,ايجا فتريفاي,MYTHOS-76303201,680.0,450.0
ML30892,مرايا حمام مع إضاءة لد-عرض60*80 سم,سانيتاري ويرز,W801,150.0,50.0
AM0901,دولاب حمام -80 سم,سانيتاري ويرز,PL80-2,800.0,500.0
LG40902,حوض رخامي كوريان 80سم,سانيتاري واير,PL80-2,520.0,340.0
ML30903,مرايا حمام مع إضاءة لد 60*80 سم,سانيتاري ويرز,PL80-2,150.0,100.0
PD20918,حاجز دوش 8 مم مضبب80 سم,سانيتاري ويرز,PF40-16,620.0,395.0
LG40939,حوض كواريون كوارتز 100سم,سانيتاري واير,S-100-4,900.0,500.0
EG40940,رف كواريون كوارتز 100سم,سانيتاري ويرز,S-100-4,500.0,260.0
AASB30756,مجفف يد أسود,سانيتاري ويرز,FL-2000 BLACK,285.0,182.0
ML30775,مرايا حمام مع إضاءة لد 60*80 سم عرض,سانيتاري ويرز,S80-2,180.0,100.0
ML10783,خلاط حوض وجه كروم,سانيتاري ويرز,OM-164,180.0,105.0
MDE50758,خلاط دوش مدفون مربع ذهبي,فرامو,HO211ORO,750.0,700.0
ARSB80827,مصب دوش-مربع بدون تحويلة ذهبي,فرامو,HO211ORO,500.0,450.0
ARSB80828,كسكاس دوش مربع 200 مم مع قصبة ذهبي,فرامو,HO211ORO,700.0,500.0
ARSB80775,مخرج شطاف كروم,PAINI,51CR133IG2,100.0,40.0
ARSB80776,يد خلاط مدفون كروم,فرامو,,60.0,31.5
MD20785,خلاط دوش كروم,ليسو,JR085-4C,280.0,100.0
PS20791,علاقة مناشف زوجية كروم,سانيتاري ويرز,WL-40,240.0,145.0
AM0800,دولاب حمام مع إضاءة لد -90 سم,سانيتاري ويرز,9932,1000.0,700.0
VS10801,حوض وجه معلق -90 سم,سانيتاري واير,9932,700.0,450.0
ML30802,مرايا حمام مع إضاءة لد 90*70 سم,سانيتاري ويرز,9932,200.0,125.0
ML30808,مرايا حمام مع إضاءة لد80*60 سم,سانيتاري ويرز,9922,200.0,120.0
AM0810,دولاب حمام مع إضاءة لد-100 سم,سانيتاري ويرز,9927,1000.0,750.0
VS10811,حوض وجه معلق -100 سم,سانيتاري واير,9927,750.0,450.0
AB10812,خزانة حمام بيج,سانيتاري ويرز,9927,300.0,150.0
ML30814,مرايا حمام مع إضاءة لد85*70 سم,سانيتاري ويرز,9927,220.0,130.0
AM0857,دولاب حمام -60 سم,سانيتاري ويرز,9912,800.0,600.0
VS10845,حوض وجه معلق -60 سم,سانيتاري واير,9912,500.0,330.0
ML30865,مرايا حمام مع إضاءة لد-عرض60*100 سم,سانيتاري ويرز,6004,250.0,120.0
EL10884,حوض مطبخ ستانلس ستيل 65*45 أسود,ب.أمور,Monastir,400.0,260.0
VS10539,حوض وجه سداسي معلق مع عمود أبيض,KBM,523,420.0,275.0
AM0951,دولاب حمام -80 سم,بن أمور,330-80,700.0,380.0
VS10952,حوض وجه معلق -80 سم,سانيتاري واير,330-80,450.0,220.0
ML31020,مرايا حمام مع إضاءة لد 60*80 سم,سانيتاري ويرز,PL80-1,150.0,100.0
AB11025,خزانة حمام مقبض أسود 120*23*20,سانيتاري ويرز,S-01-2,620.0,410.0
ML31026,مرايا حمام ضد البخار مع إضاءة لد 80*100 سم,سانيتاري ويرز,668,270.0,167.0
PD21032,حاجز دوش 70*190سم 8مم اطار كروم مخطط,KALVA,13.2/70CM,820.0,535.0
CE11035,سخانة مربعة 30 لتر,اف جي باور,D30-20VD-8008,650.0,530.0
ARSB81042,اكسسوار خلاط دوش مدفون دائري ذهبي,فيدار,FD-8T0026,250.0,145.0
ARSB81043,اكسسوار خلاط شطاف مدفون دائري ذهبي,فيدار,FD-8T0023,150.0,90.0
ARSB81044,اكسسوار خلاط شطاف مدفون دائري كروم,فيدار,FD-8T0021,150.0,85.0
ARSB81045,اكسسوار خلاط دوش مدفون دائري كروم,فيدار,FD-8T0024,250.0,135.0
WA41050,غطاء مقعد معلق تورنيدو أبيض,ب.أمور,6103/102E,120.0,51.0
WA41056,غطاء مقعد معلق تورنيدو أبيض,ب.أمور,6101/093E,120.0,51.0
WA41058,غطاء مقعد معلق تورنيدو أبيض,ب.أمور,6110/094E,120.0,51.0
ARSB80014,كسكاس دوش دائري 250 مم كروم,توريما,IH059CRSC,250.0,105.0
ML10035,خلاط حوض وجه مزخرف طويل أسود,سانيتاري واير,,350.0,188.0
ML10037,خلاط حوض وجه طويل ذهبي,سانيتاري واير,,380.0,188.0
ML10053,خلاط حوض وجه قصير مربع أسود,ب.أمور,مجموعة بن عمر,150.0,92.0
ARSB80137,قصبة دوش دائري 30 سم كروم,رايمر,348N30,230.0,130.0
VS10202,حوض وجه معلق -60 سم,تركواز سيراستايل,SHARP,780.0,436.5
VP20211,حوض وجه مربع فوق الرخام - 46*46سم,تركواز سيراستايل,ONE,430.0,250.0
AECU50213,سيفون حوض المطبخ,بلانكو,,50.0,30.0
ATWC50314,صندوق طرد مدفون بتارية مع زر مربع 9 لتر,غروهي,38825,950.0,925.0
LG40319,حوض وجه برسلين مشطوف 80 سم,رويال,YB14-3,700.0,500.0
EG40342,رف حوض وجه برسلين 80 سم,رويال,YB14-13,150.0,60.0
EG40347,رف حوض وجه برسلين 80 سم,رويال,YB14-3,150.0,60.0
EG40348,رف حوض وجه برسلين 80 سم,رويال,YB14-4,150.0,60.0
LG40391,حوض وجه برسلين 80 سم,رويال,2611,600.0,400.0
EG40392,رف حوض وجه برسلين 80 سم,رويال,2611,150.0,60.0
ALVM50400,سيفون حوض الوجه 25سم 30سم كروم,بوڨاتي,,250.0,130.0
AM0002,دولاب حمام -80 سم,أوركا,LUCCA,2260.0,1800.0
MF20003,مراية حمام 80 سم,أوركا,LUCCA,390.0,280.0
MDE50004,خلاط دوش مدفون مع مصب وقصبة وكسكاس ذهبي,فرامو,PA211ORO,2350.0,1950.0
ALVM50012,سيفون حوض الوجه ذهبي,سانيتاري ويرز,7,150.0,86.0
WA40087,غطاء مقعد سداسي أبيض,سانيتاري ويرز,,60.0,32.5
EG40156,رف حوض وجه برسلين 80 سم,سانيتاري ويرز,2712,350.0,95.0
PA30558,فيتي بالخبور 8 مم (50 قطعة),الشركة العالمية للتصدير و الإستيراد,,5.0,3.15
MM30023,خلاط حوض المطبخ حائطي كروم,شيزا,STORM,160.0,105.0
ML10089,خلاط حوض وجه 3 فتحات كروم,سانيتاري واير,WATERSONG AD043001,250.0,140.0
MT30010,خلاط شطاف مع شطاف أسود,نابولي,Z-9000N BK-14,120.0,66.0
ARSB80397,قصبة دوش 40 سم أسود,سانيتاري ويرز,RAN RAN NN-SC-6,60.0,24.5
ARSB80243,مخرج شطاف ذهبي,فرامو,PRA01ORO,200.0,150.0
WP20097,مقعد أرضي بدون صندوق أبيض,اديال سانيتار,سفير,300.0,213.4
ATWC50098,صندوق بتارية مقعد أرضي,اديال سانيتار,سفير,200.0,135.8
WS10777,مقعد معلق رايملس أبيض,GLOBO,,1500.0,890.0
EL10403,حوض مطبخ ستانلس ستيل منظومة دائري بيانو 304 75*46 كروم,سانيتاري ويرز,,750.0,580.0
EG30418,حوض مطبخ جرانيت بيج محبب 55*44,سانيتاري ويرز,جرمة,370.0,225.0
ARSB80445,مصب دوش طويل بتحويلة كروم,توريما,0327811-T40,520.0,295.0
CD40631,مسطرة دوش زوجية مع خلاط دجتل رصاصي,بن أمور,10005,600.0,300.0
AM40700,مراية دولاب حمام 60 سم,بن أمور,208-60-C,320.0,180.0
ARSB80791,وجه خلاط شطاف مدفون كروم,غروهي,KM-6-5,300.0,155.0
ADOU50728,كرسي دوش بدون ظهر,سانيتاري واير,,450.0,300.0
MA20875,خلاط حوض المطبخ سحاب أسود- كروم,توريما,MOLLA 1752711-T40,1100.0,605.0
ML10897,خلاط حوض وجه شاشة لاد كروم,ليسو,JR031-89,430.0,295.0
RD30460,حوض قدم مستطيل اكريليك 70*70 زاوية,ساناكريل,M305,490.0,335.0
ARSB80951,كسكاس دوش مربع شريحه 250 مم,توريما,1372-01485-002,600.0,375.0
SA10836,طقم اكسسوار كروم,بن أمور,,250.0,135.0
EG30876,حوض مطبخ جرانيت أسود مطفي80*50 فردي,ب.أمور,Zarmdine,990.0,635.0
EG30877,حوض مطبخ جرانيت بيج80*50 فردي,ب.أمور,Zarmdine,990.0,635.0
ML10006,خلاط حوض وجه كروم,توريما,VELVET 8V33011-093,640.0,425.0
ML10046,خلاط حوض وجه طويل كروم,فرامو,SMILE,400.0,280.0
MD20001,خلاط دوش مع سماعة أسود,فينوس,CIELO,180.0,118.0
MT30065,خلاط شطاف مع شطاف أسود,فيرمر,,260.0,180.0
MT30067,خلاط شطاف مع شطاف كروم,فيڤارو,EM-008A,130.0,86.5
ARSB80072,شطاف ظغط مربع مع طوبو كروم,سانيتاري ويرز,,90.0,45.0
MA20100,خلاط حوض المطبخ سحاب كروم,سانيتاري ويرز,,350.0,168.0
CD40111,مسطرة دوش زوجية مع خلاط دجتل أسود,فينوس,3709G,530.0,312.0
CD40114,مسطرة دوش لاد مع خلاط ذهبي,ا بي ام انترناشونال,,570.0,395.0
MA20127,خلاط حوض المطبخ سحاب كروم,بريمكس,11067GY,350.0,235.0
ME10003,خلاط حوض المطبخ شجرة كروم,فرامو,MA113CR,285.0,191.0
ME10005,خلاط حوض المطبخ تحلية شجرة كروم,سانيتاري ويرز,,300.0,185.0
MA20012,خلاط حوض المطبخ سحاب كروم,سانيتاري ويرز,,280.0,155.0
MTE60024,خلاط شطاف مدفون كروم,رايمر,L30,270.0,175.0
MTE60026,خلاط شطاف مدفون كروم,رايمر,EY30G,350.0,195.0
MDE50027,خلاط دوش مدفون كروم,رايمر,EY09G,500.0,385.0
MDE50028,خلاط دوش مدفون كروم,رايمر,L09,480.0,320.0
MA20032,خلاط حوض المطبخ سحاب أسود,سانيتاري ويرز,,370.0,132.0
MTE60038,خلاط شطاف مدفون كروم,فرامو,LM216CR,350.0,200.0
MDE50045,خلاط دوش مدفون كروم,غروهي,33305002,750.0,440.0
MDE50047,خلاط دوش مدفون كروم,توريما,8V01011-093,420.0,275.0
ARSB80062,كسكاس دوش مربع 200*200 مم كروم,فينوس,,85.0,49.0
ARSB80103,مصب دوش مع تحويلة كروم,دانيال,SK4704CR,360.0,255.0
ARSB80111,قصبة دوش مربعة 42 سم كروم,فينوس,,75.0,41.0
ARSB80114,قصبة دوش 20 سم كروم,فينوس,,40.0,21.0
ARSB80120,قصبة دوش 40 سم سقفية كروم,دانيال,A557CM40,250.0,165.0
ARSB80132,قصبة دوش مربعة 30 سم كروم,سانيتاري ويرز,,70.0,36.0
ARSB80142,"مسكر شطافة دبل ""1/2"" * ""1/2 كروم",فينوس,,60.0,32.0
WP20178,مقعد أرضي ملحوم ذهبي,ليمكس,1077,1600.0,1000.0
WP20197,مقعد أرضي أبيض,ايجا فتريفاي,DIDYMA,840.0,612.0
AECU50200,سيفون حوض المطبخ,سي أر سمارت,,35.0,24.0
VP20212,حوض وجه دائري حوض فوق الرخام - 46سم,تركواز سيراستايل,ONE,350.0,235.0
ATWC50246,رجسترو مقعد أرضي مائل 3 سم,سانيتاري ويرز,,10.0,8.75
CE10264,سخانة 50 لتر,ارستون,,960.0,910.0
CE10265,سخانة 80 لتر,ارستون,,1000.0,930.0
AM40272,مراية حمام بالدولاب خشبي داكن -80 سم,أرسين,,250.0,175.0
ALVM50275,رأس سيفوني كروم,سانيتاري ويرز,,25.0,12.7
ALVM50299,سيفون حوض الوجه كروم,توريما,0331311-T40,230.0,165.0
LG40323,حوض وجه برسلين 65 سم,رويال,YB036_8,600.0,400.0
LG40324,حوض وجه برسلين 65 سم,رويال,YB036_4,600.0,400.0
LG40332,حوض وجه برسلين 65 سم,رويال,YB036_2,600.0,400.0
EG40357,رف حوض وجه برسلين 65 سم,رويال,YB036_2,150.0,60.0
PLSA0363,وردة كروم,سانيتاري ويرز,,3.0,0.65
ARSB80367,سماعة دوش مع طوبو كروم,كوتالي,,100.0,72.0
ARSB80371,سماعة دوش مع طوبو كروم,سانيتاري واير,,50.0,25.0
ALVM50404,سيفون حوض الوجه كروم,فينوس,BR32C,220.0,155.0
PS20473,علاقة مناشف مع رف كروم,سانيتاري ويرز,,220.0,138.0
PS20475,علاقة مناشف زوجية ألمنيوم,سانيتاري ويرز,,85.0,48.0
ARSB80476,طوبو دوش 150سم كروم,فينوس,SP-150,50.0,29.0
MC10481,مجرى 55سم *7 سم كروم,بيورا,DL-01-55,320.0,257.0
MDE50008,خلاط دوش مدفون كروم,فيوري,,480.0,320.0
MA20042,خلاط حوض المطبخ سحاب اسود,تركواز سيراستايل,,200.0,120.0
MA20053,خلاط حوض المطبخ سحاب كروم,تركواز سيراستايل,16-684,330.0,210.0
VS10047,حوض وجه معلق أبيض 50 سم,كورنات,,300.0,200.0
PE30065,طلاء بخاخ داخلي و خارجي أصفر لامع,إس كيو إل أو,,10.0,5.417
PE30010,استوك سيارات حديد 1.9 كغ,كابسي,Latico 5200 Polyester,26.0,17.0
PS20017,علاقة مناشف مع رفين كروم,سانيتاري ويرز,,120.0,62.0
SA10038,طقم اكسسوار كروم,سانيتاري ويرز,BA100,320.0,223.0
PS20046,علاقة مناشف كروم,فينوس,AM-07,275.0,185.0
PS20047,علاقة مناشف كروم,فينوس,SA-07,420.0,305.0
AASB30052,موزع صابون سائل كروم,فينوس,SA-08,90.0,66.0
RA20060,"كوربة رايحة لسيفون 2""",الرطيل,جي أم GM,9.0,5.5
SA10070,طقم اكسسوار,بيروتي,Gibson,120.0,36.0
AASB30072,حاملة ورق منظف كلينكس,سانيتاري ويرز,AZ1300M,110.0,74.0
AASB30077,مجفف يد كروم,سانيتاري ويرز,,550.0,390.0
PS20080,علاقة ملابس ثلاثية,سانيتاري ويرز,,35.0,23.0
PE30104,صندوق عدة حديد 43 سم,اي بي سي,AC16530,75.0,48.0
P30108,مضخة ماجن 1/2 حصان ضد التآكل,شمجا,QDX1.5-17-0.37K3-F,620.0,365.0
P30116,مضخة ضغط شبكة صغيرة,شمجا,ZP15-9-160,390.0,275.0
P30117,مضخة ضغط شبكة كبيرة,شمجا,ZPS20-12-180,490.0,390.0
PE30119,ترابنو1500 وات,باورتيك,PT1323,345.0,285.0
PA30141,سلوم 5 درجات,الشركة العالمية للتصدير و الإستيراد,,430.0,280.0
PA30144,سلوم 5 درجات 4.5 متر,الشركة العالمية للتصدير و الإستيراد,,390.0,255.0
PA30153,مكنسة 60 سم,الشركة العالمية للتصدير و الإستيراد,,30.0,20.0
PE30157,منجل,الشركة العالمية للتصدير و الإستيراد,,25.0,16.5
PA30208,عدة جيدور 24 قطعة,بيسو,B-1067,170.0,125.0
PA30209,عدة جيدور 24 قطعة,الشركة العالمية للتصدير و الإستيراد,,140.0,95.0
PA30211,"مقص حديد 36"" 910 مم",اي بي سي,AC19076,110.0,73.0
EL50239,سير ربط 7.2 * 300 مم (100 قطعة),الشركة العالمية للتصدير و الإستيراد,,15.0,10.5
EL50241,سير ربط 5.2 * 500 مم (100 قطعة),الشركة العالمية للتصدير و الإستيراد,,24.0,17.5
PA30246,طراحة حديد 40 سم,الشركة العالمية للتصدير و الإستيراد,,21.0,14.5
PA30248,ميزان ألمنيوم 50 سم,سفيدن,,72.0,57.5
PA30253,ميزان خيط 500 غرام,صولا,,25.0,18.0
AASB30260,رف زاوية زوجي اسود,ليمكس,LY2288B,260.0,165.0
PLSA0270,وردة كروم,سانيتاري ويرز,,5.0,2.0
ASCA60290,ستريتشة 3 متر,الشركة العالمية للتصدير و الإستيراد,,80.0,35.0
ASCA60291,ستريتشة 2.32 متر,الشركة العالمية للتصدير و الإستيراد,,75.0,30.0
PA30329,منشار شجر,بيسو,,10.0,5.5
PA30346,مفتاح إنجليزي رقم 12,فندر,,25.0,16.5
PA30349,مفتاح إنجليزي رقم 48,الشركة العالمية للتصدير و الإستيراد,,125.0,90.0
PA30369,فرطاسة,الشركة العالمية للتصدير و الإستيراد,,5.0,1.75
PA30383,كستولة,الشركة العالمية للتصدير و الإستيراد,,13.0,7.5
EL50401,لصقة 0.13 مم * 50 مم * 25 متر,الشركة العالمية للتصدير و الإستيراد,SCAPA 2702,20.0,13.75
PA30408,عجلة باب سحاب رقم 100,الشركة العالمية للتصدير و الإستيراد,,70.0,50.5
RA30441,ديسكو ليزري 9'' 230 مم,الشركة العالمية للتصدير و الإستيراد,,170.0,130.0
RA30442,ديسكو ليزري 7'' 1800 مم,الشركة العالمية للتصدير و الإستيراد,KINGLION,160.0,115.0
RA30443,ديسكو ليزري 7'' 1800 مم,الشركة العالمية للتصدير و الإستيراد,,140.0,90.0
RA30444,ديسكو ليزري 9'' 230 مم,الشركة العالمية للتصدير و الإستيراد,KINGLION,190.0,145.0
PA30450,خيط أحذية 200 غ,الشركة العالمية للتصدير و الإستيراد,,12.0,7.5
PA30453,مفتاح فرنسي رقم 8,الشركة العالمية للتصدير و الإستيراد,,15.0,8.5
PA30459,ليفة مسمار 50 سم,الشركة العالمية للتصدير و الإستيراد,,60.0,47.0
PA30466,بونتة جبس (16 قطع),اي بي سي,AC18016,35.0,22.5
PE30483,موس مع 2 منشار,فندر,191801,30.0,21.0
PA30491,مسدس سلكون حراري,الشركة العالمية للتصدير و الإستيراد,,15.0,9.5
PA30500,بونتة 18 * 450 مم,الشركة العالمية للتصدير و الإستيراد,,15.0,10.5
PA30563,خبور 12 مم,المتفوق,,5.0,2.75
ACOL30576,ريتي لياسة 20 سم * 20 متر,أسترا,,30.0,19.5
ACOL30578,ريتي لياسة 25 سم * 20 متر,أسترا,,35.0,26.5
ACOL30579,ريتي لياسة 25 سم * 20 متر,أسترا,,35.0,26.5
PA30610,سلسلة رقم 12 (1متر),الشركة العالمية للتصدير و الإستيراد,,35.0,25.0
PA30611,سلسلة رقم 8 (1متر),الشركة العالمية للتصدير و الإستيراد,,15.0,10.0
RA30368,مقبض باب مع قفل 85 مم,الشركة العالمية للتصدير و الإستيراد,,90.0,68.0
PA30390,قفل شنطة 70 مم,الشركة العالمية للتصدير و الإستيراد,L1070000,85.0,65.0
PA30397,عصاة بالة,الشركة العالمية للتصدير و الإستيراد,,10.0,6.0
ML30375,مرايا حمام مع إضاءة لد 85*85 سم,سانيتاري ويرز,1435,240.0,155.0
ALVM50391,رأس سيفوني رخامي,سانيتاري ويرز,31-17,75.0,41.0
PE30079,بونتة ترابنو,اي بي سي,AC18802 PH2X65mm,5.0,1.15
PA30085,فيتي 3 * 30مم 200 قطعة,الشركة العالمية للتصدير و الإستيراد,,10.0,5.0
MD20023,خلاط دوش كروم,شيزا,LAYER,240.0,165.0
MTE60030,خلاط شطاف مدفون كروم,فرامو,NM206CR,200.0,137.5
ML10080,خلاط حوض وجه ذهبي,جي اف مارك,6-011G,470.0,330.0
MD20030,خلاط دوش مع سماعة كروم,سانيتاري ويرز,ALELMARA 30358000,150.0,95.0
ML10092,خلاط حوض وجه كروم,سانيتاري ويرز,RADIS,250.0,142.0
ALVM50026,سيفون حوض الوجه كروم,سانيتاري ويرز,VALMO SG 2978-23,100.0,48.111
ALVM50394,رأس سيفوني رخامي,سانيتاري ويرز,,75.0,38.0
ART0038,طوبو شطاف 120 سم كروم,فينوس,,45.0,18.0
ALVM50193,رأس سيفوني ذهبي,ليمكس,,60.0,35.0
PD20042,حاجز دوش 8 مم مظلم 90 سم,ليسو,WIC-90A,650.0,425.0
TO9047,مفتاح ربط رقم 10 مم,الشركة العالمية للتصدير و الإستيراد,AC18693,8.0,3.15
PA30050,صباصلي صاروخ 9 بوصة,بوش,,10.0,2.5
PA30045,مفتاح بيبة رقم19مم,الشركة العالمية للتصدير و الإستيراد,AC18693,15.0,8.75
AEVE20092,وصلة صرف يمنى رصاصي,ستار سانيتار,,15.0,7.5
AEVE20093,وصلة صرف يسرى رصاصي,ستار سانيتار,,15.0,7.5
EL50995,لامبة لد 50وات,دي بي اس,E27,15.0,9.75
PE30989,طلاء مائي داخلي 10 كغ أبيض ربع لمعه,جي ال سي,سوبر داي - تون 1500,260.0,193.92
LG40101,حوض وجه برسلين مشطوف مع رف 60,سانيتاري ويرز,23126A,650.0,440.0
VS10120,حوض وجه معلق -100 سم,تركواز سيراستايل,ANOVA,750.0,425.0
PS20122,علاقة مناشف كروم معا دفاية,ليمكس,CP9018,650.0,425.0
EG30194,حوض مطبخ جرانيت بيج 80*50,سانيبال,توكس,620.0,412.377
MC10124,غطاء غرفة تفتيش 30*30 مخفي SUS304,بيورا,,330.0,260.0
MC10125,غطاء غرفة تفتيش 40*40مخفي SUS304,بيورا,,390.0,310.0
PA30835,يد جيدور متحركة ممتازه كريكيتوا,الشركة العالمية للتصدير و الإستيراد,,25.0,14.5
PA30735,وصلة جيدور 3قطع في كرت اصفر,الشركة العالمية للتصدير و الإستيراد,,30.0,14.5
PS20152,علاقة ملابس خماسية دوران,سانيتاري ويرز,,100.0,39.0
SA10163,طقم اكسسوار ذهبي,سانيتاري ويرز,13-2024,220.0,125.0
MDE50164,مطول خلاط دوش مدفون,رايمر,,300.0,170.0
ARSB80425,مصب دوش بدون تحويله ذهبي,توريما,T90-0329033,550.0,345.0
LG40187,حوض وجه برسلين مشطوف 80 سم,ليسو,A2080D,600.0,300.0
ATWC50206,زر بتريا كروم,غروهي,YC8010-2,250.0,120.0
PE30216,شفاط ابيض,ABM,N,80.0,34.5
ML30222,مرايا حمام مع إضاءة لد اطار ابيض,سانيتاري ويرز,3070,200.0,120.0
SA10258,طقم اكسسوار كروم,بريمكس,6-7700,350.0,192.0
PS20490,علاقة مناشف زوجية بالعلاقة كروم,سانيتاري ويرز,wl-12,120.0,69.0
ML10285,خلاط حوض وجه كروم,ARB,KILT003LYC00,330.0,209.0
EG30293,حوض مطبخ جرانيت أبيض 80*50,سانيبال,توكس,600.0,422.08
AASB30302,فرشة مرحاض كروم,ليسو,2681,120.0,68.0
ARSB80351,شطاف ظغط دائرية مع طوبو كروم,بريمكس,1122,120.0,66.93
ML30593,مرايا حمام مع إضاءة لد دائرية 60*80 سم,سانيتاري ويرز,20011,240.0,145.0
ARSB80657,شطاف ظغط مربع مع طوبو كروم,بن أمور,,120.0,35.0
ARSB80329,كسكاس دوش مربع 400*400 مم كروم,هوادياو,7025-16,400.0,265.0
P30345,مضخة 1/2 حصان,ABC,ART129,280.0,195.0
CC10331,متبت صليبة المتفوق,الشركة العالمية للتصدير و الإستيراد,,15.0,8.0
ADOU50727,كرسي دوش بالظهر,بيورا,,590.0,425.0
ARSB80377,مخرج شطاف مع علاق كروم,deante,052k n02,180.0,95.0
P30384,مضخةرش مبيد حشري 2لتر,سانيتاري واير,,20.0,11.75
ALVM50481,سيفون حوض الوجه اسود,سانيتاري واير,,150.0,85.0
BAI10402,حوض استحمام بانيو 150*70*53 سم,BIANCO,,1200.0,580.0
ARSB80438,سماعة دوش مع طوبو كروم,موباكس,30-187,75.0,23.5
PA30758,مفك موجب,سانيتاري ويرز,193028,10.0,4.75
AASB30428,رف زاوية زوجي اسود,ليسو,wl26/wl5,180.0,88.0
SA10810,طقم اكسسوار كروم الامونيوم,ليسو,18B-079,250.0,130.0
PA36446,فيتي بالخبور10مم (50 قطعة),المتفوق,,12.0,5.5
PE30449,صندوق عدة بلاستك رقم13,اي بي سي,,28.0,15.0
RD30458,حوض قدم مستطيل اكريليك 90*90 زاوية,ساناكريل,M305,580.0,360.0
ML30499,مرايا حمام مع إضاءة لد 80*60 سم,سانيتاري ويرز,SYC013,220.0,120.0
PD20784,حاجز دوش 10 مم اطار كروم مضبب 80 سم,سانيتاري ويرز,LUE80,900.0,605.0
AM0828,دولاب حمام -80 سم,سانيتاري ويرز,9936,1000.0,600.0
VS10826,حوض وجه معلق -80 سم,سانيتاري واير,9936,700.0,350.0
AB10825,خزانة حمام أبيض,سانيتاري ويرز,9936,250.0,150.0
ML30826,مرايا حمام مع إضاءة لد80*60 سم,سانيتاري ويرز,9936,200.0,120.0
AM0849,حوض وجه مع دولاب حمام -60 سم,سانيتاري ويرز,1526,1100.0,780.0
AB10841,خزانة حمام أبيض,سانيتاري ويرز,1526,250.0,150.0
EG30879,حوض مطبخ جرانيت بيج50*43 فردي,ب.أمور,Tallinn,600.0,405.0
VS10200,حوض وجه معلق -80 سم,تركواز سيراستايل,KAPADOKYA,740.0,533.5
AASB30006,موزع صابون كروم,سانيتاري ويرز,305,40.0,18.0
AASB30059,حاملة فرشاة أسنان كروم,بلوميس,AREO,75.0,35.0
WS10596,مقعد معلق رايملس أبيض,ب.أمور,SH-002,560.0,360.0
MA20014,خلاط حوض المطبخ سحاب أسود,سانيتاري ويرز,,230.0,125.0
ARSB80124,مخرج شطاف مع علاق كروم,فورتميكس,GANOA MA2204,85.0,40.0
ARSB80130,قصبة دوش 30 سم سقفية كروم,سانيتاري ويرز,,70.0,39.0
EG30249,حوض مطبخ جرانيت رصاصي محبب 90*50,سانيبال,رومبا,650.0,435.0
MT30301,خلاط شطاف أسود,توريما,8G252BB-040,500.0,325.0
PLSA0002,وردة كروم,سانيتاري ويرز,,2.0,1.0
WS10007,مقعد معلق أبيض,كورنات,VIGO,350.0,195.0
SA10314,طقم اكسسوار كروم,ليسو,2673,300.0,200.0
ML10384,خلاط حوض وجه كروم,ليسو,JR031-42,120.0,75.0
EL10020,حوض مطبخ ستانلس ستيل 304 86 * 45 سم,أسيل,AS3458,950.0,645.0
PD20122,حاجز دوش 8 مم مضبب190*100 سم,ليسو,WIC-100D,680.0,395.0
ALVM50018,رأس سيفوني اسود,توريما,1372-005,270.0,155.0
ME10040,خلاط حوض المطبخ شلال شجرة كروم,سانيتاري ويرز,8881-8,220.0,155.0
ARSB80171,سماعة دوش مع طوبو كروم,سانيتاري ويرز,JR,130.0,78.0
MT30023,خلاط شطاف مع شطاف كروم,سانيتاري ويرز,8025,140.0,70.0
ALVM50028,سيفون حوض الوجه ذهبي,سانيتاري ويرز,SCHMIDT,140.0,76.0
AASB30060,صابونية ذهبي,بريمكس,6100K-67,120.0,70.0
PS20028,علاقة ملابس فردي,فينوس,BA 801,65.0,38.0
AECU50037,رقبة خلاط حوض مطبخ,فينوس,1505,45.0,28.13
AASB30148,حاملة فوط أسود,KBM,8115,50.0,35.0
ARSB80250,مخرج شطاف مع علاق كروم,سانيتاري ويرز,,30.0,16.5
ATWC50178,زر بتريا كروم,غروهي,38732000,355.0,280.0
PS20200,علاقة مناشف كبيرة كروم,سانيتاري ويرز,,180.0,100.0
MC10063,مجرى 60سم *7 سم كروم,ستار سانيتار,TOLEDO,135.0,83.0
MC10072,سرفنتينة 20*20*28 سم مثلث كروم,تركي,ELH2028,85.0,52.0
MC10080,سرفنتينة 15 سم * 15 سم كروم,بيورا,FD-05,75.0,53.0
MC10085,مجرى 45سم *7 سم كروم,بيورا,DL-GB-45,400.0,300.0
ARSB80233,طوبو شطاف 1.2 م رصاصي,الشركة التونسية للمواد الصحية,JWC2018,20.0,6.0
ARSB80231,طوبو شطاف 120 سم أسود,سانيتاري ويرز,,30.0,10.0
ML30199,مرايا حمام ضد البخار مع إضاءة لد 60*60 سم,سانيتاري ويرز,1432,190.0,120.0
VE30152,حوض وجه تحت الرخام أبيض -50سم,ايجا فتريفاي,PINARA 91551001,180.0,117.0
ARSB80997,كسكاس دوش مربع 200*200 مم مع قصبة كروم,ليسو,133-2,90.0,48.0
ML10171,خلاط حوض وجه 2 فتحات كروم,فاردر,,110.0,50.0
AECU50180,سيفون حوض المطبخ رأس صغير,سي أر سمارت,L-B-PLAST,50.0,29.5
ARSB80294,"مسكر شطافة ""1/2"" * ""1/2 كروم",سانيتاري ويرز,ARB,35.0,29.0
ATWC50207,مثبت غطاء مقعد,سانيتاري ويرز,,10.0,2.5
ATWC50209,مثبت صندوق بتارية مقعد أرضي,سانيتاري ويرز,,8.0,4.0
ARSB80405,يد شطاف كروم,سانيتاري ويرز,FLEXITUB. S.L,20.0,9.75
ALVM50218,مثبت حوض الوجه,سانيتاري ويرز,,4.0,1.0
PLSA0219,وردة ذهبي,سانيتاري ويرز,,10.0,3.25
PLSA0221,وردة كروم 3/4,سانيتاري ويرز,,5.0,2.0
ATWC50226,طقم تثبيت المرحاض المعلق على الحائط,سانيتاري ويرز,,40.0,25.0
AECU50235,رقبة خلاط حوض مطبخ,سانيتاري ويرز,,20.0,7.5
RFP1759,"فسيبلي "" 1/2 أنثى * ""3/8 أنثى 60سم",سانيتاري ويرز,ITALY,15.0,5.0
ML10763,خلاط حوض وجه ذهبي,Faucet,YJRU106-G,170.0,105.0
RFP1779,"فسيبلي "" 1/2 أنثى * ""1/2 أنثى 50سم",سانيتاري ويرز,Turkiye,17.0,11.0
AASB30799,مسند لكبار السن 60 كروم,سانيتاري ويرز,JP-NL08,140.0,88.0
ARSB80805,شطاف ضغط دائري مع طوبو كروم,فوكس,VX-01C,100.0,59.0
ARSB80409,مصب دوش بدون تحويلة كروم,فرامو,,220.0,110.0
SI10412,سلكون 280 غرام شفاف,تركي,RIDOFIX,15.0,7.4
ALVM50423,رأس سيفوني أسود,مونتانا س.ل,MT1011B,130.0,66.0
ALVM50427,سيفون حوض الوجه ذهبي,مونتانا س.ل,MT-9102G,250.0,160.0
ARSB80602,مصب دوش بدون تحويلة ذهبي,أنكا,ANKA ANK-1012,150.0,95.0
SA10427,طقم اكسسوار كروم,ديولو,150-30-48,330.0,220.0
MT30439,خلاط شطاف مع شطاف كروم,تركارت,KRIPTO,190.0,123.2
ARSB80465,كسكاس دوش مربع 250*250 مم كروم,ديولو,,80.0,38.0
MT30469,خلاط شطاف كروم,شهاب,As-351457752/4,190.0,125.0
PS20486,علاقة ملابس خماسية,سانيتاري ويرز,wl32,100.0,68.0
PS20489,علاقة مناشف كروم,سانيتاري ويرز,WL-17,90.0,58.0
VS10491,حوض وجه معلق -60 * 45 سم,تركي,70C60,410.0,275.0
PS20532,علاقة مناشف زوجية ذهبي,سانيتاري ويرز,,220.0,110.0
ARSB80574,سماعة دوش كروم مع اضاءة لد,ليفرنو هوم,,65.0,40.0
EL10595,حوض مطبخ ستانلس ستيل 304 80*45,سانيتاري ويرز,,260.0,175.0
AASB30668,رف زاوية زوجي اسود,بن أمور,مجموعة بن عمر,120.0,45.0
ME10683,خلاط حوض المطبخ شجرة كروم,فولنا,VO8003,120.0,72.0
AASB30705,سلة قمامة كروم,wilko,,60.0,35.0
ARSB80710,رقبة خلاط متحركة كروم,ليفرنو هوم,P-IX 38363/IIO,20.0,10.0
ARSB80711,رقبة خلاط متحركة كروم,ليفرنو هوم,P-IX 38701/IIO,20.0,10.0
RO10328,حنفية 3/4,بوڨاتي,,50.0,38.75
ARSB80736,كسكاس دوش دائري 250 مم ذهبي,ديولو,,120.0,55.0
ARSB80773,قلب خلاط حوض مطبخ شلال,سانيتاري ويرز,kat-3,50.0,19.0
ALVM50777,رأس سيفوني أسود,vip,OSY-7,40.0,17.0
AASB30782,حاملة ورق ناعم كروم,بضائع أوروبية,,40.0,20.0
ARSB80783,سماعة دوش كروم,بضائع أوروبية,Wilko 3 Fct,60.0,25.0
ARSB80784,طوبو دوش 200سم كروم,بضائع أوروبية,Wilko 2m,50.0,20.0
CD40403,مسطرة دوش زوجية كروم,نوفا,,160.0,95.0
ML30787,مرايا حمام ضد البخار مع إضاءة لد 80*60 سم,سانيتاري ويرز,4003,190.0,105.0
ML30805,مرايا حمام مع إضاءة لد 83*63 سم,سانيتاري ويرز,8107,200.0,100.0
ME10862,خلاط حوض المطبخ شجرة كروم,فيوري,81CR4323,430.0,285.0
EL10866,حوض مطبخ ستانلس ستيل تحت الرخامة 304 86 * 44 سم,أسيل,AS 380,870.0,585.0
ALVM50867,رأس سيفوني اسود,ليمكس,LYMIX 2771 B,90.0,42.5
AASB30870,رف زاوية زوجي كروم,ليمكس,LY 2329 CP,200.0,135.0
VS10881,حوض وجه فوق الرخام أبيض -40*34 سم,ايجا فتريفاي,LAGINA-35381001,150.0,80.0
DAF0887,دفاية كروم,سانيتاري ويرز,WL 34,690.0,460.0
ML10900,خلاط حوض وجه كروم,ليسو,JR-031-65,320.0,230.0
ARSB80905,سماعة دوش مايك مائلة مع طوبو كروم,ليسو,314,100.0,55.0
PD20914,حاجز دوش 8 مم مضبب70 سم,سانيتاري ويرز,PF40-16,570.0,380.0
AASB30757,مجفف يد ذهبي,سانيتاري ويرز,FL-2000 GOLDEN,275.0,182.0
ARSB8076,سماعة دوش مع طوبو كروم,بريمكس,SR117D,120.0,62.0
LG40773,حوض كواريون كوارتز 60سم,سانيتاري واير,S60-4,550.0,380.0
EG40774,رف كواريون كوارتز 60سم,سانيتاري ويرز,S60-4,400.0,250.0
MT30747,خلاط شطاف كروم,سانيتاري ويرز,OM-166,120.0,58.0
EG40748,رف كواريون كوارتز 80سم أبيض,سانيتاري ويرز,D1,330.0,230.0
LG40749,حوض كواريون كوارتز80سم أبيض,ديولو,D1,800.0,400.0
SA10753,طقم اكسسوار كروم,سانيتاري ويرز,OM-130,300.0,185.0
ML30763,مرايا حمام مع إضاءة لد 60*60 سم,سانيتاري ويرز,S60-4,150.0,90.0
ARSB80774,شطاف ظغط مع طوبو كروم,PAINI,51CR133IG2,160.0,68.0
ML30846,مرايا حمام مع إضاءة لد80*60 سم,سانيتاري ويرز,9912,200.0,120.0
CD40931,مسطرة دوش زوجية كروم,ليسو,,300.0,195.0
VS10537,حوض وجه السفير معلق60 سم أبيض,سانيبال,سفير,330.0,210.0
VS10538,عمود حوض وجه سفير أرضي أبيض,اديال سانيتار,سفير,165.0,110.0
AM40953,مراية دولاب حمام 80 سم,بن أمور,330-80,400.0,200.0
LG40981,حوض كواريون كوارتز100سم أبيض,سانيتاري واير,C-2,650.0,400.0
EG40982,رف كواريون كوارتز 100سم أبيض,سانيتاري ويرز,C-2,400.0,280.0
ALVM51001,سيفون حوض الوجه كلك بمانع رائحة,سانيتاري ويرز,SG5174-11,60.0,33.0
PD21023,حاجز دوش 80* 190سم 8مم اطار كروم مخطط,KALVA,13.2/80CM,890.0,575.0
AB11024,خزانة حمام مقبض أبيض 120*23*20,سانيتاري ويرز,S-01-1,620.0,410.0
PD21030,حاجز دوش 100*190سم 8مم اطار كروم مخطط,KALVA,13.2/100CM,950.0,620.0
WA41049,غطاء مقعد معلق تورنيدو أبيض,ب.أمور,6103/052E,120.0,51.0
VS11061,عمود حوض وجه سفير معلق أبيض,اديال سانيتار,سفير,190.0,110.0
EL11063,حوض مطبخ ستانلس ستيل تحت الرخامة 304 71*41*22 سم,أسيل,AS296DRAWN,980.0,645.0
ML10000,خلاط حوض وجه كروم,توريما,BLOG 8G33011-093,740.0,490.0
ML10039,خلاط حوض وجه كروم,فيڤارو,EM-002,130.0,86.5
MA20030,خلاط حوض المطبخ سحاب أسود,سانيتاري ويرز,XSDD007371,370.0,112.0
MTE60049,خلاط شطاف مدفون كروم,توريما,BLOG 8G00011-093,270.0,135.0
WS10163,مقعد معلق رايملس أبيض,ب.أمور,SH-006,600.0,355.0
EG30253,حوض مطبخ جرانيت رصاصي محبب 80*50,سانيبال,فلورا,520.0,340.0
CE10261,سخانة 30 لتر,ارستون,R 30,930.0,565.0
LG40315,حوض وجه برسلين مشطوف 80 سم,رويال,YB14-13,700.0,500.0
MC10009,سرفنتينة 15 سم * 15 سم كروم,بيورا,FD-04,75.0,53.0
MA20041,خلاط حوض المطبخ سحاب دهبي,تركواز سيراستايل,,200.0,120.0
LG40369,حوض وجه برسلين مشطوف 80 سم,سانيتاري ويرز,2710,600.0,400.0
EG40370,رف حوض وجه برسلين 80 سم,سانيتاري ويرز,2710,350.0,185.0
MM30026,حنفية حوض المطبخ حائطي كروم,شيزا,SIGMA,50.0,24.0
ARSB80156,شطاف ظغط دائري مع مخرج شطاف دبل مع طوبو أسود,سانيتاري ويرز,,130.0,72.0
ARSB80391,مصب دوش مع تحويلة ابيض,بريمكس,J005W,120.0,73.0
PS20171,علاقة ملابس زوجية أسود,ديكسا,A.1721.S,65.0,45.0
CE10224,سخانة 50 لتر عمودية,تيسي,VERTICAL-TESY-50,940.0,780.0
PS20766,علاقة ملابس ثلاثية دوران بدون قصبة,سانيتاري ويرز,8-8880,70.0,30.0
ATWC50158,مثبت غطاء مقعد ضغط كروم بالوردة,سانيتاري ويرز,,20.0,7.5
PD20289,حاجز دوش 8 مم بالعلاقة المناشف80 سم,ليسو,WIC-80E,640.0,375.0
PD20290,حاجز دوش 8 مم بالعلاقة المناشف90سم,ليسو,WIC-90E,680.0,395.0
EG30566,حوض مطبخ جرانيت أبيض محبب 47.5*47.5,سانيبال,ليكسوس,440.0,286.15
EG30292,حوض مطبخ جرانيت رصاصي محبب 80*50,سانيبال,توكس,620.0,412.25
ARSB80681,وجه خلاط شطاف مدفون مربع كروم,توريما,0124811-T40,110.0,70.0
AM0699,دولاب حمام مع حوض وجه 60 سم,بن أمور,60-C,670.0,440.0
ART0719,متبث مقعد معلق CITY,تركواز سيراستايل,,70.0,35.0
PD20887,حاجز 8 مم اطار ذهبي 80 سم,سانيتاري ويرز,PF-41,670.0,445.0
ARSB80467,شطاف ظغط مربع مع طوبو أسود,توريما,1372-03330-009,400.0,265.0
AB10803,خزانة حمام أبيض,سانيتاري ويرز,9922,250.0,150.0
AM0805,دولاب حمام مع إضاءة لد-80 سم,سانيتاري ويرز,9922,1000.0,630.0
VS10806,حوض وجه معلق -80 سم,سانيتاري واير,9922,700.0,350.0
AM0859,دولاب حمام -80 سم,سانيتاري ويرز,9911,1000.0,600.0
VS10843,حوض وجه معلق -80 سم,سانيتاري واير,9911,700.0,350.0
AB10845,خزانة حمام أبيض,سانيتاري ويرز,9911,250.0,150.0
ML30844,مرايا حمام مع إضاءة لد80*60 سم,سانيتاري ويرز,9911,200.0,120.0
ML10007,خلاط حوض وجه طويل كروم,توريما,VELVET 8V34011-093,860.0,725.0
ARSB80015,قصبة دوش مربعة 40 سم كروم,توريما,ABS,195.0,130.0
WS10172,مقعد معلق رايملس أبيض,تركواز سيراستايل,IBIZA,1000.0,785.0
VS10181,حوض وجه معلق أسود,ب.أمور,SH-P128TGL,450.0,250.0
RO10292,مسكر زاوية ''1/2 * ''3/8 مع وردة كروم,بضائع أوروبية,Eckventil,25.0,5.0
ARSB80321,مخرج شطاف أسود,بريمكس,J004G,75.0,36.0
EG40358,رف حوض وجه برسلين 65 سم,رويال,YB036_4,150.0,60.0
ARSB80375,سماعة دوش مع طوبو كروم,ليسو,,65.0,39.0
ML10076,خلاط حوض وجه ذهبي,جي اف مارك,1-0061G,450.0,170.0
EL10019,حوض مطبخ ستانلس ستيل 304 85*45 كروم,أسيل,AS 3470,850.0,540.0
ML10085,خلاط حوض وجه كروم,جي اف مارك,1-0061D,400.0,330.0
ML10086,خلاط حوض وجه شلال طويل أسود كروم,سانيتاري واير,XSDD012458,300.0,160.0
ML10087,خلاط حوض وجه كروم,سانيتاري ويرز,LEONARDO 2023-57,150.0,70.0
MD20026,خلاط دوش كروم,سانيتاري ويرز,VESUN Z-9003,130.0,83.0
ML10094,خلاط حوض وجه كروم,سانيتاري ويرز,ALELMARA 10358000,130.0,77.0
ARSB80387,كسكاس دوش مربع 240*240 مم مع قصبة أبيض,سانيتاري ويرز,VS-4816,130.0,72.0
ARSB80393,قصبة دوش 28 سم كروم,فينوس,,60.0,29.0
AASB30032,موزع صابون سائل كروم,ونكو,17962100ِA,80.0,25.0
VS10123,حوض وجه معلق -75 سم,تركواز سيراستايل,PINTO,840.0,596.55
ART0118,راس غاز,الشركة العالمية للتصدير و الإستيراد,,25.0,15.0
ARSB8022,مخرج شطاف مع علاق كروم,توريما,1372-PRESUPP-002,130.0,77.0
MT30134,مطول خلاط شطافه مدفون,رايمر,,200.0,120.0
LG40180,حوض وجه برسلين 100 سم,ليسو,B20100,700.0,500.0
EG40181,رف حوض وجه برسلين 100 سم,ليسو,B20100,350.0,180.0
EG40188,رف حوض وجه برسلين 80 سم,ليسو,A2080D,350.0,150.0
PSB10825,دولاب حمام حوض مع مرايا لد -90 سم,سانيتاري ويرز,6105,1350.0,890.0
ATWC50205,زر بتريا كروم,غروهي,YC8010-1,250.0,120.0
WP20478,مقعد أرضي ملحوم ذهبي مخطط,ب.أمور,SH-295PGL,900.0,547.0
RE10591,حنفية حوض المطبخ شجرة كروم,سانيتاري ويرز,71,45.0,20.0
MTE60675,خلاط شطاف مدفون كروم,توريما,BLOG 8G00011-094,350.0,235.0
ARSB80788,وجه خلاط دوش مدفون اسود,غروهي,KM-6-10,350.0,175.0
ARSB80790,وجه خلاط شطاف مدفون اسود,غروهي,KM-6-9,280.0,150.0
AASB30407,حاملة فوط كروم,فينوس,ST-02,120.0,66.93
ML30799,مرايا حمام ضد البخار مع إضاءة لد 70*50 سم,سانيتاري ويرز,4010,160.0,100.0
AM0853,حوض وجه مع دولاب حمام -80 سم,سانيتاري ويرز,9616,1000.0,700.0
AB10854,خزانة حمام أبيض,سانيتاري ويرز,9616,430.0,270.0
ARSB80914,شطاف ظغط دائري مع طوبو كروم,ليسو,366,150.0,45.0
RD30459,حوض قدم مربع اكريليك100*100,ساناكريل,M311,700.0,455.0
ML30840,مرايا حمام مع إضاءة لد80*60 سم,سانيتاري ويرز,1526,200.0,120.0
ARSB80979,مصب دوش مربع بالتحويله أسود,توريما,03278BB-T90,950.0,760.0
ML10003,خلاط حوض وجه أسود,فينوس,CIELO,135.0,90.0
ML10021,خلاط حوض وجه طويل كروم مطفي,سانيتاري واير,,300.0,163.0
ML10023,خلاط حوض وجه كروم,شيزا,GLAYOR,220.0,127.546
MD20007,خلاط دوش أسود,نابولي,Z-9003N BK,170.0,86.0
MT30069,خلاط شطاف مع شطاف دائري ذهبي,بريمكس,2063K,340.0,280.0
MM30021,خلاط حوض المطبخ حائطي كروم,فينوس,DELMA,190.0,125.0
ARSB80095,مصب دوش بدون تحويلة كروم,فينوس,RACHEL D2,160.0,98.0
ARSB80100,مصب دوش مع تحويلة أسود,بريمكس,J005X,120.0,77.0
ARSB80113,قصبة دوش 28 سم كروم,فينوس,,50.0,26.909
ARSB80126,مخرج شطاف مع علاق كروم,سلارنو,HR-M04,75.0,49.0
ARSB80133,قصبة دوش 35 سم كروم,سانيتاري ويرز,,75.0,39.0
ARSB80134,قصبة دوش مربعة 35 سم كروم,سانيتاري ويرز,,95.0,63.0
ATWC50216,بتارية مقعد أرضي تحت,سانيتاري ويرز,,75.0,39.0
AM40269,مراية حمام بالدولاب أبيض عتيق -80 سم,أرسين,,250.0,175.0
MC10270,مجرى 50 سم *7 سم كروم,فيها,,130.0,70.6
ARSB80303,شطاف ظغط مع طوبو كروم,توريما,1372-003,160.0,85.0
ARSB80005,سماعة دوش مع طوبو كروم,ليسو,,65.0,34.0
ARSB80369,سماعة دوش مع طوبو كروم,فينوس,1552,70.0,44.0
MC10448,سرفنتينة 15 سم * 15 سم أسود,درنيا,,125.0,85.0
MC10008,سرفنتينة 15 سم * 15 سم كروم,بيورا,FD-61,75.0,55.0
PE30037,طلاء مائي داخلي 18 كغ أبيض مطفي,جي ال سي,سوبر داي - تون 3030,155.0,139.0
PE30045,طلاء زيتي 700 غ رصاصي لامع,دهانات المدينة مصراتة,طلاء زيتي,20.0,15.0
EL10007,حوض مطبخ ستانلس ستيل 304,,,430.0,205.0
PE30011,استوك سيارات فايبر 1.9 كغ,كابسي,Latico polyfiber 360,32.0,21.0
AASB30013,حامل منضفات كروم,بضائع أوروبية,ALUXX,55.0,23.0
AASB30028,رف ستاينلس ستيل كروم,فينوس,457C,50.0,23.0
AASB30036,مجفف شعر أبيض,سانيتاري ويرز,,100.0,55.0
PS20040,علاقة ملابس سداسية,فينوس,LI-06,110.0,73.72
RA30051,طوبو رش 3/4 10 متر,التوفيق,,40.0,26.0
AASB30075,مجفف يد أبيض,بريمكس,A1020,220.0,155.0
AASB30076,مجفف يد أبيض,بريمكس,A2005-W,250.0,165.0
PE30097,"ملعقة 7"" 18سم",اي بي سي,AC18868,7.0,4.75
PE30103,صندوق عدة حديد 53 سم,اي بي سي,AC16530,85.0,60.0
P30105,مضخة 1 حصان,شمجا,QB80G1,580.0,330.0
P30111,بدل كورة,ماتاكس,PS06-1A,130.0,89.0
P30114,بدل كورة,شمجا,PS-01B,165.0,115.0
PA30120,رأس قفل 7 سم,داف,706.68-SM,30.0,22.5
PA30138,مكنسة 60 سم,الشركة العالمية للتصدير و الإستيراد,,17.0,11.25
PE30201,"سكينة تغليف 2""",اي بي سي,AC70024,4.5,2.35
PA30212,"مقص حديد 30"" 750 مم",اي بي سي,AC19075,100.0,65.0
PA30213,"مقص حديد 18"" 450 مم",الشركة العالمية للتصدير و الإستيراد,,35.0,25.5
PA30243,منشار شجر,بيسو,,14.0,8.5
PA30247,ميزان ألمنيوم 40 سم,سفيدن,,68.0,53.5
MA20263,خلاط حوض المطبخ سحاب كروم,ليمكس,LY2711-CP,350.0,265.0
ASCA60283,ستريتشة 2.44 متر,الشركة العالمية للتصدير و الإستيراد,,75.0,30.0
ASCA60284,ستريتشة 2.44 متر,الشركة العالمية للتصدير و الإستيراد,,75.0,30.0
SA10311,طقم اكسسوار كروم,ليسو,2667 ZINC,220.0,145.0
ARSB80322,"مسكر شطافة دبل ""1/2"" * ""1/2 كروم",ليسو,,60.0,25.0
RA30356,ديسكو جرانيت 4.5'' 115 مم,فندر,195544,18.0,11.5
PA30374,كستولة,الشركة العالمية للتصدير و الإستيراد,,16.0,10.5
RA30388,ديسكو خشب 7'' 180 مم,الشركة العالمية للتصدير و الإستيراد,BELOTA BE111530,15.0,8.5
EL50403,لصقة ألمنيوم 5 سم 30 متر,الشركة العالمية للتصدير و الإستيراد,,35.0,23.5
PA30404,"فرشة صاروخ نحاس 4"" 100 مم",اي بي سي,AC19109,8.0,5.1
PA30445,سلكون حراري,الشركة العالمية للتصدير و الإستيراد,,0.5,0.298
PA30451,شنطة مسمار,اي بي سي,AC18896,35.0,25.0
PA30454,مفتاح فرنسي رقم 10,الشركة العالمية للتصدير و الإستيراد,,18.0,11.5
PA30455,مفتاح فرنسي رقم 12,الشركة العالمية للتصدير و الإستيراد,,20.0,13.5
PA30456,ليفة مسمار 70 سم,الشركة العالمية للتصدير و الإستيراد,,18.0,11.5
PA30458,ليفة مسمار 60 سم,الشركة العالمية للتصدير و الإستيراد,,19.0,12.0
RO10477,حنفية 1/2,سانيتاري ويرز,FIRMER YLN6313-1/2,30.0,21.875
PA30478,بينسة رقم 7,اي بي سي,AC18796,20.0,12.25
PA30502,بونتة 22 * 450 مم,الشركة العالمية للتصدير و الإستيراد,,20.0,13.5
PA30505,بونتة منقار أفطس,الشركة العالمية للتصدير و الإستيراد,VEIBER 8275,12.0,6.75
EL50519,لصقة خزان 10 سم 5 متر,الشركة العالمية للتصدير و الإستيراد,,25.0,16.75
PA30521,ترودي 3.25 * 350 مم (1ممØ),الشركة العالمية للتصدير و الإستيراد,MAGMAWELD 3.25x350,55.0,38.5
PA30532,موس مرش,الشركة العالمية للتصدير و الإستيراد,,5.0,2.75
PA30549,فيتي لاميرة 4.2 * 13 (100غ),الشركة العالمية للتصدير و الإستيراد,,4.0,1.575
PA30560,فيتي بالخبور 10 مم (50 قطعة),الشركة العالمية للتصدير و الإستيراد,,6.0,3.5
PA30564,فيتي بالخبور 10مم (50 قطعة),الشركة العالمية للتصدير و الإستيراد,7203B,27.0,17.5
PA30565,فيتي بالخبور 6مم (100 قطعة),الشركة العالمية للتصدير و الإستيراد,72013,8.0,4.3
PA30609,سلسلة رقم 10 (1متر),الشركة العالمية للتصدير و الإستيراد,,25.0,16.667
RA30619,مقبض باب مع قفل 85 مم,الشركة العالمية للتصدير و الإستيراد,,90.0,68.0
PA30389,قفل شنطة 40 مم,الشركة العالمية للتصدير و الإستيراد,L4040000,45.0,35.0
ELC2005,قرجوطة 32مم *25 م,فاندي,F0025,55.0,32.0
ARSB80029,سماعة دوش مع طوبو كروم,توريما,1372-005,150.0,78.75
MA20017,خلاط حوض المطبخ سحاب كروم,توريما,MOLLA 1785011-T40,740.0,495.0
MD20028,خلاط دوش كروم,نيوأرك,NEWART 150551,320.0,230.0
ARSB80152,شطاف ظغط دائري مع طوبو كروم,يولي,LUSSO,120.0,59.0
AASB30078,حاملة فرشاة أسنان أسود,سانيتاري ويرز,MILET,65.0,45.0
AASB30190,حاملة فوط كروم,ونكو,SAN REMO,95.0,22.5
PD20043,حاجز دوش 8 مم مظلم 100 سم,ليسو,WIC-100A,680.0,445.0
PE30150,لصقة دبل فيس 3 سم,الشركة العالمية للتصدير و الإستيراد,,10.0,4.25
PA30015,مفتاح بيبة رقم17مم,الشركة العالمية للتصدير و الإستيراد,AC18693,15.0,7.5
PA30058,متر 7.5م,ABC,,25.0,18.5
ALVM50071,سيفون حوض الوجه دهبي,تركواز سيراستايل,,300.0,205.0
EL50996,لامبة لد 30وات,دي بي اس,E27,10.0,5.75
ML30103,مرايا حمام مع إضاءة لد 80*50سم,سانيتاري ويرز,M006,200.0,145.0
WS10114,مقعد معلق رايملس أبيض,تركواز سيراستايل,HERA,1300.0,1057.3
PE30127,بونتة صاروخ طاسة,اي بي سي,35,50.0,35.0
PE32118,راس غاز ايطالي,الشركة العالمية للتصدير و الإستيراد,,70.0,49.5
RA20135,سنيسكا خارجيه دبل كواردة لحام 32,كالدي,بي بي ر - PPR,35.0,23.0
PS20765,علاقة ملابس ثلاثية دوران بدون قصبة,سانيتاري ويرز,,180.0,78.0
EL10138,حوض مطبخ ستانلس ستيل 70*45 كروم,ليسو,,350.0,165.0
ABAG50150,سيفون حوض استحمام بانيو,رايمر,,70.0,38.5
CD40161,مسطرة دوش زوجية دهبي,ازورا ربنتري,ABM-01,220.0,125.0
ARSB80469,سماعة دوش مع طوبو ذهبي,مونتانا س.ل,MT-4102G,220.0,139.0
ALVM50260,سيفون حوض الوجه كروم,سانيتاري ويرز,17-8882,140.0,61.07
ARSB80272,شطاف ظغط دائري مع طوبو كروم,توريما,0332711-T40,200.0,98.0
MI10264,مراية تجميل مكبرة,سانيتاري ويرز,WL28WL23,140.0,75.0
PE30271,طلاء بخاخ داخلي و خارجي أبيض لامع,شركة الغزالة لمواد البناء,,10.0,4.833
ML10283,خلاط حوض وجه كروم,ARB,JALT001LYC00,330.0,209.0
MLE40284,خلاط حوض وجه مدفون مع مَصَب كروم,ARB,KILI002LYC00,850.0,560.5
PE30399,فرشة طلاء ايطالية رقم 50,فندر,,10.0,6.5
ARSB87399,سماعة دوش مع طوبو كروم,اي ار بي,100101,200.0,84.0
ARSB80786,قصبة دوش مربعة 40 سم اسود,سانيتاري ويرز,,100.0,62.02
ARSB80437,سماعة دوش مع طوبو كروم,سانيتاري واير,5,35.0,16.5
ARSB80818,شطاف ظغط دائري مع طوبو كروم,توريما,1372-01400-002,80.0,42.0
ARSB80826,كسكاس دوش دائري 250 مم مع قصبة كروم,توريما,1372-15254-014,450.0,240.0
ARSB80929,شطاف ظغط دائري مع طوبو كروم,ليسو,1138,150.0,68.0
CD40761,مسطرة دوش زوجية كروم,سانيتاري ويرز,JR079-26,350.0,175.0
ML10747,خلاط حوض وجه كروم,سانيتاري ويرز,OM-58C,350.0,225.0
PA35446,فيتي بالخبور 8 مم (50 قطعة),المتفوق,,10.0,4.45
PE30446,صندوق عدة بلاستك رقم21,اي بي سي,AC1880,65.0,50.0
PE30447,صندوق عدة بلاستك رقم18,اي بي سي,,60.0,45.0
PE30448,صندوق عدة بلاستك رقم15,اي بي سي,,45.0,35.0
ML30464,مرايا حمام مع إضاءة لد مربعة 60*80سم,سانيتاري ويرز,1519,180.0,97.0
ARSB80481,قصبة دوش 40 سم سقفية كروم,سانيتاري ويرز,,100.0,48.0
MA20471,خلاط حوض المطبخ شلال منظومة نص فل,سانيتاري ويرز,XSDD010582,200.0,99.0
PE30477,شفاط ابيض,ABM,L6,155.0,74.5
PE30478,شفاط خشبي,ABM,L8,185.0,91.5
PE30479,شفاط ابيض,ABM,L8,180.0,89.1
PE30481,لصقة مع مجفف 400 مل,ابل,,24.0,19.5
ALVM50765,رأس سيفوني كروم,كاسكاد,H2098,150.0,70.0
ML30493,مرايا حمام مع إضاءة لد 100*80 سم,سانيتاري ويرز,SYC018,280.0,175.0
ML30498,مرايا حمام مع إضاءة لد 80*60 سم,سانيتاري ويرز,SYC009,220.0,120.0
ML30500,مرايا حمام مع إضاءة لد مع اطار أسود 80*60 سم,سانيتاري واير,MY029,380.0,255.0
SA10520,طقم اكسسوار كروم,ليسو,2694,380.0,255.0
AB10558,خزانة حمام أبيض,سانيتاري ويرز,9716,550.0,300.0
AM0559,حوض وجه مع دولاب حمام -80 سم,سانيتاري ويرز,9716,1200.0,700.0
AM40560,مراية دولاب حمام -80 سم,سانيتاري ويرز,9716,320.0,215.0
AB10562,خزانة حمام أبيض,سانيتاري ويرز,9914,400.0,200.0
AM0563,حوض وجه دولاب حمام -90 سم,سانيتاري ويرز,9914,500.0,300.0
AM0564,دولاب حمام -90 سم,سانيتاري ويرز,9914,1000.0,600.0
AM40565,مراية دولاب حمام -90 سم,سانيتاري ويرز,9914,320.0,195.0
AB10567,خزانة حمام أبيض,سانيتاري ويرز,9712,550.0,300.0
AM0568,حوض وجه مع دولاب حمام -80 سم,سانيتاري ويرز,9712,1200.0,700.0
AM40569,مراية دولاب حمام -80 سم,سانيتاري ويرز,9712,320.0,215.0
ARSB80522,طوبو شطاف 120 سم كروم,سانيتاري ويرز,VG023,40.0,20.0
ALVM50061,مطول سيفون حوض الوجه 30سم كروم,فينوس,,35.0,23.0
RFP1428,"فسيبلي "" 1/2 أنثى * ""3/8 أنثى 60سم",سانيتاري ويرز,,20.0,9.5
MTE60822,خلاط شطاف مدفون شريحة مربع كروم,توريما,MERIDA 8Q00011-093,370.0,235.0
ARSB80362,رقبة خلاط متحركة كروم,سانيتاري ويرز,,15.0,6.5
ATWC50258,زر بتريا كروم,الشركة التونسية للمواد الصحية,9240701,225.0,140.0
AASB30304,حاملة ورق ناعم كلينكس رخامي,ليسو,JR031-8,150.0,80.0
MT30008,خلاط شطاف مع شطاف كروم,سانيتاري ويرز,PURE MOH-42,90.0,50.0
ALVM50027,سيفون حوض الوجه اسود,سانيتاري ويرز,,120.0,65.0
ALVM50031,سيفون حوض الوجه كروم,سانيتاري ويرز,JR079-49ZINC-SQ,160.0,75.0
AASB30055,حاملة فرشاة أسنان زجاجي,جي اف مارك,9200-61,70.0,38.0
AASB30056,صابونية كروم,فينوس,BA707,95.0,59.0
AASB30057,صابونية زجاجي,جي اف مارك,9200-67,70.0,38.0
AASB30079,صابونية أسود,KBM,9111,60.0,35.0
AASB30080,حاملة فرشاة أسنان أسود,KBM,9112,65.0,35.0
PS20139,علاقة مناشف كروم,سانيتاري ويرز,AVATAR,85.0,50.0
AASB30141,حاملة فوط كروم,سانيتاري ويرز,AVATAR,75.0,40.0
MC10047,مجرى 30 سم *6 سم أسود,تركي,,130.0,80.0
MC10057,سرفنتينة 15 سم * 15 سم كروم,ستار سانيتار,MARMARA,65.0,35.5
MC10083,مجرى 45سم *7 سم كروم,بيورا,DL-06-45,320.0,257.0
MC10089,مجرى 60سم *7 سم كروم,بيورا,DL-06-60,280.0,160.0
ARSB80237,طوبو دوش 175سم كروم,بضائع أوروبية,F21217141753,55.0,32.0
ARSB80230,وصلة مسطرة دوش50سم ذهبي,سانيتاري ويرز,,25.0,12.0
AASB30164,حاملة فرشاة أسنان,بضائع أوروبية,,45.0,10.0
ADOU50187,سيفون حوض قدم,سانيتاري ويرز,راس كبير,45.0,30.0
ATWC50210,مثبت غطاء مقعد جانبي,سانيتاري ويرز,,10.0,2.5
ALVM50208,مولة عمود حوض الوجه,سانيتاري ويرز,,10.0,2.75
AASB30784,موزع صابون سائل كروم,بضائع أوروبية,1397,13.0,5.0
ARSB80804,شطاف ضغط دائري مع طوبو ذهبي,فوكس,VX-03G,120.0,63.0
WP20809,مقعد أرضي أبيض,ايجا فتريفاي,LIKYA-12000,550.0,300.0
PLSA0208,وردة كروم,سانيتاري ويرز,,10.0,6.75
ARSB80426,مصب دوش مع تحويلة كروم,ريفانا,CND411,150.0,72.0
SA10429,طقم اكسسوار أسود\كروم,ديولو,50-10-49,350.0,235.0
MA20460,خلاط حوض المطبخ سحاب كروم,ديولو,WJ-1033,300.0,180.0
ARSB80468,"مسكر شطافة دبل ""1/2"" * ""1/2 كروم",تركارت,MIKRO,90.0,53.5
ML30520,مرايا حمام مع إضاءة لد 100*70 سم,سانيتاري ويرز,2,220.0,110.0
SA10649,طقم اكسسوار كروم,بن أمور,,150.0,90.0
ME10684,خلاط حوض المطبخ شجرة كروم,فولنا,VO8015,150.0,95.0
AASB30713,مورش صابونية دائري,بن أمور,مجموعة بن عمر,15.0,5.0
PS20781,علاقة مناشف كروم,بضائع أوروبية,230610,65.0,35.0
ALVM50785,رأس سيفوني كروم,سانيتاري ويرز,MAF ELSEAH,60.0,29.0
CD40813,مسطرة دوش زوجية كروم,سانيتاري واير,BRAVO,200.0,115.0
SC10832,بوكس زاوية 200*100*80 سم كروم,سانيتاري ويرز,,800.0,400.0
MT30861,خلاط شطاف ذهبي,سانيتاري ويرز,OM-104-GOLD,130.0,65.0
ML30864,مرايا حمام مع إضاءة لد 80*80 سم,ديولو,DE 006,180.0,95.0
AASB30871,رف زاوية زوجي اسود مطفي,ليمكس,LY 2329 BLACK,220.0,145.0
VS10874,حوض وجه معلق 80*48سم,تركواز سيراستايل,LILA,420.0,267.0
VS10883,عمود حوض وجه أرضي أبيض,ايجا فتريفاي,KAPYA-15102001,120.0,40.0
PS20923,علاقة ملابس رباعية,سانيتاري ويرز,WL-22,60.0,35.0
RO10924,مسكر زاوية ''1/2 * ''1/2 ذهبي,سانيتاري ويرز,POLO-002,35.0,19.0
MT30928,خلاط شطاف كروم,أيولي,9425-100 STILE,350.0,235.0
CD40753,مسطرة دوش زوجية اسود,سانيتاري ويرز,9614-9,250.0,105.0
CD40754,مسطرة دوش زوجية اسود,سانيتاري ويرز,9614-10,250.0,105.0
CD40762,مسطرة دوش زوجية كروم,سانيتاري ويرز,JR079-29,250.0,135.0
MT30794,خلاط شطاف كروم,سانيتاري ويرز,OM-108,90.0,52.0
AASB30763,فرشاة تنظيف مرحاض رصاصي,سانيتاري ويرز,SG-36,50.0,22.5
AASB30765,فرشاة تنظيف مرحاض أبيض,سانيتاري ويرز,SG-49,50.0,23.5
MDE50504,مطول خلاط شطافة مدفون,توريما,191811,300.0,195.0
ARSB80793,كسكاس دوش مربع شريحة 250*250 مم مع قصبة كروم,ليسو,JR133-1C,240.0,95.0
AM0822,دولاب حمام مع إضاءة لد-100 سم,سانيتاري ويرز,9924,1000.0,750.0
VS10824,حوض وجه معلق -100 سم,سانيتاري واير,9924,750.0,450.0
ML30823,مرايا حمام مع إضاءة لد 100*70 سم,سانيتاري ويرز,9924,300.0,150.0
WP20892,مقعد عربي أبيض61*51,اروزر,,220.0,120.0
CE10925,سخانة 80 لتر عمودية,اف جي باور,D80-15FA-4789,720.0,570.0
ARSB80940,اكسسوار وجه خلاط شطاف مدفون اسود,توريما,8G001BB-040,420.0,275.0
ARSB80941,واكسسوار وجه خلاط دوش مدفون اسود,توريما,8G002BB-040,700.0,475.0
ARSB80942,وردة خلاط شطاف مدفون كروم,توريما,A2L03890-001,130.0,85.0
ARSB80943,وردة خلاط دوش مدفون كروم,توريما,A2L04290-001,150.0,100.0
ARSB80944,يد خلاط مدفون كروم,توريما,BLOG 0124511,85.0,55.0
LG40987,حوض كواريون كوارتز80سم أبيض,ديولو,S80-1,580.0,350.0
EG40988,رف كواريون كوارتز 80سم أبيض,سانيتاري ويرز,S80-1,350.0,180.0
LG41028,حوض مع رف كواريون كوارتز 80سم أبيض,RIMERIO,KL-80-6,1350.0,900.0
ML31029,مرايا حمام كواريون 48*80سم أبيض,RIMERIO,KL-80-6,500.0,340.0
PD21031,حاجز دوش 60*190سم 8مم اطار كروم مخطط,KALVA,13.2/60CM,750.0,490.0
RA21065,"سنيسكا 25"" كروم مربع",الجودة,بي بي ر - PPR,150.0,95.0
ARSB81072,كسكاس دوش مربع 300*300 مم مع قصبة كروم,ليمكس,LY2785S-CP-12,200.0,125.0
ME10012,خلاط حوض المطبخ شجرة كروم,فرامو,DE111CR,410.0,265.0
MC10139,سرفنتينة 15 سم * 15 سم ذهبي,بيورا,FD-61-GOLD,110.0,75.0
MDE50822,خلاط دوش مدفون ايدج ذهبي,توريما,8E01033-090,1050.0,755.0
MTE60147,خلاط شطاف مدفون ذهبي,توريما,EDGE 8E00033-090,700.0,485.0
WP20159,مقعد أرضي ملحوم سداسي أبيض,ب.أمور,SH-276-S,680.0,435.0
AECU50198,سيفون حوض المطبخ,تانفليكس,,45.0,25.0
ARSB80376,سماعة دوش مع طوبو كروم,ليسو,,80.0,48.0
RFP1425,"فسيبلي "" 1/2 أنثى * ""1/2 أنثى 80سم",سانيتاري ويرز,,30.0,18.5
VS10046,حوض وجه معلق زاوية أبيض 50 سم,كورنات,NEW DAY,190.0,95.0
AASB30029,رف ستاينلس ستيل أسود,فينوس,458B,80.0,47.0
ALVM50392,رأس سيفوني رخامي,سانيتاري ويرز,974,35.0,15.0
AECU50100,سيفون حوض المطبخ,L.B.PLAST,M850R-226,45.0,21.5
ML10059,خلاط حوض وجه 15 سم كروم,شيزا,MELLOW,380.0,198.0
ARSB80197,قصبة دوش 40 سم شبشاشة كروم,سانيتاري ويرز,,100.0,57.0
ATWC50179,زر بتريا ذهبي,غروهي,38732GLO,780.0,385.0
LG40172,حوض وجه برسلين مشطوف 80 سم,ليسو,3080,600.0,400.0
EG40173,رف حوض وجه برسلين 80 سم,ليسو,3080,350.0,180.0
ARSB80594,وجه خلاط شطاف مدفون كروم,دانيال,5602ROCR,65.0,38.5
ARSB80611,وجه خلاط شطاف مدفون دائري كروم,توريما,0127611-001,80.0,55.0
ARSB80612,وجه خلاط دوش مدفون دائري كروم,توريما,0147911-40,160.0,90.0
ARSB80613,يد خلاط مدفون كروم,توريما,VELVET,75.0,50.0
ARSB80682,وجه خلاط دوش مدفون مربع كروم,توريما,0124911-T40,170.0,95.0
PS20820,علاقة مناشف فردية كروم,توريما,1372-ACCESS-002,250.0,145.0
MLE40823,خلاط حوض وجه مدفون مع مَصَب كروم,توريما,BLOG 8G31311-094,980.0,560.0
PD20889,حاجز دوش 100 * 190 سم 8مم أسود,سانيتاري ويرز,PF-40-12/100,700.0,465.0
ML10790,خلاط حوض وجه أسود,سانيتاري ويرز,OM-32B,350.0,230.0
EL10985,حوض مطبخ ستانلس ستيل تحت الرخامة 304 50*40*22 سم,أسيل,359,600.0,365.0
MD20004,خلاط دوش كروم,فينوس,RACHEL A2,520.0,350.0
MLE40042,خلاط حوض وجه مدفون مع مَصَب كروم,فرامو,UP244CR,850.0,585.0
VS10205,حوض وجه معلق رصاصي -60سم,ب.أمور,SH-8420-60-G,500.0,243.087
EG30252,حوض مطبخ جرانيت أسود 80*50,سانيبال,توكس,620.0,415.0
EG40360,رف حوض وجه برسلين 65 سم,رويال,YB036_8,150.0,40.0
MC10470,مجرى 55سم *7 سم كروم,بيورا,DL-02-55,320.0,257.0
ARSB8040,شطاف ظغط مربع مع طوبو ذهبي,سانيتاري ويرز,MAF ELSEAH,120.0,72.0
SA10069,طقم اكسسوار رصاصي,بيروتي,Lisbone,60.0,28.0
PLSA0265,وردة كروم,ليمكس,LY-2071-CP,20.0,13.5
EL10385,حوض مطبخ ستانلس ستيل 304 81 *45 سم,أسيل,AS3455,750.0,575.0
LG40081,قاعدة حوض وجه برسلين 90 سم,سانيتاري ويرز,A05,300.0,200.0
MM30025,خلاط حوض المطبخ حائطي كروم,شيزا,ROBIN,210.0,135.0
ML10075,خلاط حوض وجه أسود,فيرمر,YLN18559-1H,200.0,125.0
MD20060,خلاط دوش مع سماعة كروم,سانيتاري ويرز,8028,170.0,100.0
SA10020,طقم اكسسوار خزف رباعي أسود,سانيتاري ويرز,ALPER HOME 4,75.0,37.0
AASB30157,حاملة فوط أسود,سانيتاري ويرز,MILET 37077-K,115.0,70.0
VP20115,حوض وجه دائري فوق الرخام - 46سم,تركواز سيراستايل,ZERO,450.0,205.0
ARSB80270,مصب دوش مع تحويلة كروم,أنكا,ANKA ANK-1010,140.0,86.0
CD40162,مسطرة دوش زوجية دهبي,سانيتاري ويرز,,250.0,135.0
VP20786,حوض وجه فوق الرخام أبيض,سانيتاري ويرز,A05,260.0,175.0
EG30419,حوض مطبخ جرانيت رمادي محبب 55*44,سانيتاري ويرز,جرمة,370.0,225.0
CD40238,مسطرة دوش مع خلاط دهبي,ا بي ام انترناشونال,1003,550.0,335.0
CD40240,مسطرة دوش مع خلاط اسود,ا بي ام انترناشونال,1004,550.0,305.0
PD20288,حاجز دوش 8 مم بالعلاقة المناشف100 سم,ليسو,WIC-100E,700.0,410.0
ARSB80639,"مسكر شطافة ""1/2"" * ""1/2 كروم",بن أمور,,30.0,14.0
ARSB80807,شطاف ظغط دائري مع طوبو أسود,توريما,1372-03329-031,350.0,230.0
ARSB80810,مصب دوش مربع قصير بدون تحويله أسود,توريما,03279BB-T40,700.0,470.0
ALVM50809,سيفون حوض الوجه كروم,توريما,1372-01659-002,320.0,210.0
MDE50821,خلاط دوش مدفون فلفيت أسود,توريما,8V010BB-090,950.0,650.0
AM0739,دولاب حمام مع حوض وجه 80 سم,سانيتاري ويرز,38,1200.0,780.0
AB10742,خزانة حمام أبيض,سانيتاري ويرز,38,430.0,200.0
ML30747,مرايا حمام مع إضاءة لد,سانيتاري ويرز,38,150.0,100.0
WS10819,مقعد معلق كبير بلس سايز تورنيدو أبيض,ب.أمور,LT-140E-UQ3,900.0,505.0
AM0839,حوض وجه مع دولاب حمام -80 سم,سانيتاري ويرز,1513,1400.0,990.0
AB10838,خزانة حمام أبيض,سانيتاري ويرز,1513,250.0,150.0
ML30838,مرايا حمام مع إضاءة لد80*60 سم,سانيتاري ويرز,1513,200.0,120.0
AM0858,دولاب حمام -80 سم,سانيتاري ويرز,9938,1000.0,600.0
VS10841,حوض وجه معلق -80 سم,سانيتاري واير,9938,700.0,350.0
AB10844,خزانة حمام أبيض,سانيتاري ويرز,9938,250.0,150.0
EG30882,حوض مطبخ جرانيت بيج78*50 فردي,ب.أمور,Sousse,880.0,555.0
EL10932,حوض مطبخ ستانلس ستيل تحت الرخامة 304 75*44 سم,أسيل,AS237DRAWN,680.0,450.0
MTE60039,خلاط شطاف مدفون كروم,فرامو,SM206CR,270.0,170.0
RD30306,حوض قدم خزف مربع 70*70 سم,اديال سانيتار,,400.0,145.0
AASB30005,موزع صابون كروم,سانيتاري ويرز,317,40.0,18.0
AASB30008,موزع صابون سائل خزف,سانيتاري ويرز,,35.0,13.5
AASB30051,موزع صابون سائل كروم,فينوس,VA-08,105.0,69.0
WA40088,غطاء مقعد موطو أبيض,فينوس,SCH22,70.0,39.0
MDE50049,خلاط دوش مدفون كروم,توريما,8V01011-092,480.0,275.0
ART0007,كسكاس دوش مربع 200*200 مم كروم,رايمر,,230.0,145.0
ARSB80240,كسكاس دوش شريحة مربع 250*250 مم مع قصبة كروم,توريما,1372-15231-008,600.0,395.0
CD40235,مسطرة دوش مع خلاط ذهبي,ا بي ام انترناشونال,2003,650.0,465.0
ML10793,خلاط حوض وجه أسود,سانيتاري ويرز,OM-58B,350.0,225.0
ML10766,خلاط حوض وجه كروم,توريما,9C33011-093,600.0,395.0
PD20786,حاجز دوش 10مم اطار كروم مضبب 90 سم,سانيتاري ويرز,LUE90,940.0,620.0
EL10887,حوض مطبخ ستانلس ستيل 60*45 أسود,ب.أمور,Florence,420.0,265.0
ARSB80109,شطاف ظغط مربع مع طوبو ذهبي,توريما,1372-010-KITSHUTOF,400.0,230.0
MA20118,خلاط حوض المطبخ سحاب ذهبي,سانيتاري ويرز,,450.0,225.0
ME10130,خلاط حوض المطبخ سحاب كروم,سانيتاري ويرز,,190.0,125.0
MM30010,خلاط حوض المطبخ حائطي كروم,اعتماد,VEGA 356T,180.0,115.0
MM30020,خلاط حوض المطبخ حائطي كروم,فينوس,PEARL,185.0,122.0
MA20036,خلاط حوض المطبخ سحاب كروم,سانيتاري ويرز,,220.0,145.0
ARSB80069,مصب دوش بدون تحويلة كروم,فينوس,RACHEL D2,160.0,99.0
ARSB80098,مصب دوش بدون تحويلة ذهبي,بريمكس,J007G,120.0,63.0
ARSB80104,مصب دوش بدون تحويلة كروم,دانيال,K4704CR,270.0,185.0
AASB30154,موزع صابون كروم,فينوس,SD11C,50.0,28.0
AECU50205,سيفون حوض المطبخ,اعتماد,,25.0,10.5
ARSB80319,مخرج شطاف ذهبي,بريمكس,J004G,75.0,38.0
ARSB80335,مخرج شطاف كروم,فينوس,OES,65.0,39.0
ARSB80340,"مسكر شطافة ""1/2"" * ""1/2 كروم",فينوس,,45.0,28.0
ARSB80343,مخرج شطاف كروم,سانيتاري ويرز,LY-4003B,130.0,30.0
PE30015,زمالطو ضد الصدأ 4 كغ أَحْمَر,دهانات المدينة مصراتة,,45.0,40.0
PE30017,زمالطو ضد الصدأ 3 كغ رصاصي,دهانات المدينة مصراتة,,45.0,39.9
PE30020,زمالطو 2.5 كغ أصفر لامع,دهانات المدينة مصراتة,,55.0,48.5
PE30030,دهان مطاطي عازل أكريليكي كغ13 أبيض,دهانات المدينة مصراتة,,185.0,137.75
PE30043,طلاء زيتي 700 غ أَحْمَر لامع,دهانات المدينة مصراتة,طلاء زيتي,20.0,15.0
PE30048,طلاء زيتي 700 غ أزرق داكن,دهانات المدينة مصراتة,طلاء زيتي,20.0,15.0
AASB30012,رف زاوية كروم,بضائع أوروبية,ALUXX,45.0,23.0
RA30050,طوبو رش 3/4 20 متر,التوفيق,,70.0,50.0
ARSB80999,كسكاس دوش دائري بالقصبة 11*15 سم كروم,ستورم,MC04,35.0,12.5
WA40086,غطاء مقعد أبيض,سانيتاري ويرز,,60.0,32.5
PE30115,"منشار خشب 18"" 450 مم",بيسو,,12.0,7.5
PE30118,"منشار حديد 12""",اي بي سي,AC18734,30.0,16.75
P30113,بدل كورة,بريو,P1206/2024,220.0,138.0
PA30122,قفل سرانتي يمين + يسار,والي,L641,130.0,85.0
PA30161,خباشة,الشركة العالمية للتصدير و الإستيراد,,22.0,15.5
PE30170,"فرشة طلاء 1.5"" 38.1 مم",فندر,,4.5,2.5
PE30177,مزيل صدأ 450 مل,الشركة العالمية للتصدير و الإستيراد,OYSTER FL007,13.0,8.5
PE30190,مزيل صدأ 330 مل,الشركة العالمية للتصدير و الإستيراد,WDB,5.0,2.417
PA30196,منفاخ هواء كهربائي 500 وات,اي بي سي,AC18729,140.0,75.0
PE30218,"سكينة تغليف 2.5"" 6.5 سم",فندر,,5.5,3.5
PE30220,"سكينة تغليف 1.5"" 3.8 سم",فندر,,5.0,3.25
PE30221,"سكينة تغليف 3.5"" 9 سم",فندر,,6.5,4.0
PA30249,ميزان 30 سم,صولا,,11.0,6.5
RA30254,رأس غاز ظغط,الشركة العالمية للتصدير و الإستيراد,HRP-105,50.0,33.5
ARSB80269,شطاف ظغط مجرح مع طوبو كروم,رايمر,332332OZ,250.0,165.0
ASCA60276,ستريتشة 2.44 متر,الشركة العالمية للتصدير و الإستيراد,,75.0,30.0
RA30320,رأس غاز ظغط,الشركة العالمية للتصدير و الإستيراد,HP-300,50.0,33.5
PA30347,مفتاح إنجليزي رقم 8,فندر,,16.0,10.5
PA30348,مفتاح إنجليزي رقم 24,فندر,,45.0,32.0
PE30354,مطرقة,الشركة العالمية للتصدير و الإستيراد,,40.0,28.0
PA30366,كاوية لحام,الشركة العالمية للتصدير و الإستيراد,,15.0,7.5
PA30370,فرطاسة,الشركة العالمية للتصدير و الإستيراد,,7.0,3.5
PA30409,عجلة باب سحاب رقم 120,الشركة العالمية للتصدير و الإستيراد,,90.0,66.0
PA30410,عجلة باب سحاب رقم 80,الشركة العالمية للتصدير و الإستيراد,,25.0,17.5
PA30411,عجلة باب سحاب رقم 100,الشركة العالمية للتصدير و الإستيراد,,35.0,24.5
PE30414,مقص بي بي ار,الشركة العالمية للتصدير و الإستيراد,,15.0,6.75
PE30415,مقص بي بي ار,الشركة العالمية للتصدير و الإستيراد,B 105,15.0,7.5
PA30430,ڨوانطي,فندر,,9.0,4.25
PA30437,خيط تعليم,اي بي سي,AC18515,12.0,6.75
PA30452,ڨوانطي محبب,الشركة التونسية للمواد الصحية,,3.0,1.25
PA30461,رأس سخانة بدون ترمستاتة,الشركة العالمية للتصدير و الإستيراد,,40.0,29.5
PE30468,كولة رخام 750 مل فازلين شفافة,الشركة العالمية للتصدير و الإستيراد,GeneralKoll,55.0,39.5
PA30486,قطاعة 250 مم رقم 10,اي بي سي,AC19076,22.0,14.5
PA30525,موس منشار 12'' 300 مم (3 قطع),فندر,191573,10.0,5.5
PE30591,مشمع ثقيل 6 * 7,الشركة العالمية للتصدير و الإستيراد,,95.0,65.0
RA20597,"فلفلة باب 1"" سن داخلي",الشركة العالمية للتصدير و الإستيراد,,55.0,29.0
PA30615,قفل باب سحاب 40 مم,الشركة العالمية للتصدير و الإستيراد,447/PB,95.0,67.0
PA30616,قفل باب سحاب 30 مم,الشركة العالمية للتصدير و الإستيراد,447/S,93.0,66.0
PA30618,قفل درج 22 مم,الشركة العالمية للتصدير و الإستيراد,,5.0,3.25
ARSB80019,مخرج شطاف كروم,توريما,0182711-T41,430.0,65.0
ARSB80168,سماعة دوش مع طوبو أسود,ليمكس,LY2189S,145.0,185.0
RA30080,طوبو1'' (1 متر),الرطيل,جي أم GM,10.0,3.667
RA30082,طوبو1.5'' (1 متر),الرطيل,جي أم GM,11.0,4.667
RA20085,طوبو4''(1) متر,الرطيل,جي أم GM,20.0,13.0
ART0016,طوبو دوش 200سم كروم,فينوس,SH-200,55.0,31.0
PA30016,مفتاح بيبة رقم15مم,الشركة العالمية للتصدير و الإستيراد,AC18693,12.0,6.5
PA30057,متر 5م,ABC,,18.0,11.5
MC10091,مجرى خارجي 50 سم *13 سم كروم,ستار سانيتار,,240.0,158.0
VS10113,حوض وجه معلق - يمين -80 * 35 سم,تركواز سيراستايل,SHARP,590.0,392.85
PS20760,علاقة مناشف,سانيتاري ويرز,6-133,70.0,35.0
ARSB80357,سماعة دوش مع طوبو ذهبي,سلارنو,SS-09,75.0,25.5
RE10218,حنفية حوض المطبخ شجرة كروم,سانيتاري ويرز,SALERNO,30.0,13.75
ARSB80251,سماعة دوش مع طوبو ذهبي,توريما,1372-010,340.0,205.0
MC10288,مانع رائحة كروم,سانيتاري ويرز,,25.0,8.25
WP20587,مقعد أرضي ملحوم أسود,ب.أمور,SH-295B,950.0,615.0
WS10594,مقعد معلق تورنيدو أبيض,ب.أمور,SH-035,700.0,405.0
VS10597,حوض وجه معلق أبيض -60سم,ب.أمور,SH-8604,430.0,215.0
AM40691,مراية دولاب حمام 80 سم,بن أمور,T305-8046,400.0,200.0
PE30789,برايمر كالي 5كجم,kalekim,العازل,120.0,100.0
RFP1374,"فسيبلي "" 1/2 أنثى * ""1/2 أنثى 30سم",توريما,ايطالي,20.0,10.75
AETS20378,تفلون سائل 15ml,سانيتاري ويرز,,15.0,6.9
ARSB85499,رشاش دوش ذهبي,اي ار بي,9075,200.0,105.0
MDE50399,خلاط دوش مدفون كروم,ARB,KLDI621LYC00,450.0,285.0
MTE60400,خلاط شطاف مدفون كروم,ARB,KIDI120LYC00,260.0,160.0
ARSB80453,كسكاس دوش دائري 300 مم كروم,فينوس,UTR12,140.0,75.66
ARSB80473,قصبة دوش 35 سم كروم,فينوس,SAR15,140.0,89.24
AASB30413,حاملة فوط كروم,فينوس,GR-02,100.0,64.02
ML30398,مرايا حمام مع إضاءة لد مع بخار 60 اطار ذهبي,سانيتاري ويرز,L804,350.0,218.25
ARSB80442,شطاف ضغط مع طوبو كروم,سانيتاري ويرز,NONAS,95.0,41.71
PA30425,نايلو تغليف,سانيتاري واير,,50.0,38.5
ELC1413,مطول كهرباء 4مدخل 5متر,الشركة العالمية للتصدير و الإستيراد,,50.0,30.5
PA30416,فيتي 3.5 * 40 (1كيلوا),الشركة العالمية للتصدير و الإستيراد,,20.0,12.5
PA30417,سرية بونتة خشب,الشركة العالمية للتصدير و الإستيراد,,18.0,8.25
AASB30427,رف زاوية زوجي ذهبي,ليسو,wl-6,200.0,115.0
SA10809,طقم اكسسوار أسود الامونيوم,ليسو,18B-079,260.0,145.0
PA30424,متر 5م,فندر,,15.0,8.0
MC10439,غطاء غرفة تفتيش 60*60 فايبر اسود,ستار سانيتار,,75.0,63.0
MC10440,غطاء غرفة تفتيش 80*80 فايبر اسود,ستار سانيتار,,220.0,175.0
PA30443,متر 50 رولينة حديد,فندر,,85.0,76.0
PA30444,متر 100 رولينة قماش,فندر,,40.0,19.5
PE30884,زمالطو ضد الصدأ1كغ أسود,دهانات المدينة مصراتة,,20.0,13.44
PE30474,شفاط ابيض,ABM,N6,140.0,59.0
PS20513,علاقة مناشف أسود,بريمكس,6100X-60,185.0,78.0
AASB30517,حاملة ورق منظف كلينكس,ليسو,2698,110.0,38.0
AASB30547,رف زاوية كروم,بريمكس,117-2,190.0,114.7
AASB30548,رف زاوية أسود فردي,بريمكس,12-117,190.0,112.25
VS10571,حوض وجه معلق 60سم,ليسو,1197,400.0,220.0
AB10573,خزانة حمام أبيض,سانيتاري ويرز,1527,500.0,300.0
AM0574,حوض وجه مع دولاب حمام -60 سم,سانيتاري ويرز,1527,1000.0,600.0
AM40575,مراية دولاب حمام -60 سم,سانيتاري ويرز,1527,300.0,150.0
VS10577,حوض وجه معلق80 سم,ليسو,900,520.0,340.0
MC10013,مجرى 50 سم *6 سم كروم,فيرونا,SP540,350.0,240.0
AM0692,دولاب حمام مع حوض وجه 60 سم,بن أمور,T305-6040,650.0,430.0
AM40694,مراية دولاب حمام 60 سم,بن أمور,T305-6040,320.0,170.0
ALVM50211,قرجوطة سيفون حوض الوجه 1.1/4*80 سم,فينوس,,10.0,4.75
PLSA0231,"مُطوِّل ""1/2 * 20 كروم",سانيتاري ويرز,,7.0,6.1
EG30257,حوض مطبخ جرانيت أبيض محبب 80*50,سانيبال,فلورا,530.0,350.0
MC10269,مجرى 33 سم *7 سم كروم,فيها,,85.0,53.8
AECU50058,رقبة خلاط حوض مطبخ أسود,فينوس,1500,40.0,28.13
ME10021,خلاط حوض المطبخ شجرة كروم,شيزا,SHORT,290.0,185.0
MT30026,خلاط شطاف مع شطاف كروم,شيزا,ROBIN,210.0,130.0
MT30018,خلاط شطاف كروم مع شطاف,فرامو,SM102SHT/CR,290.0,200.0
ARSB80161,شطاف ظغط دائري مع طوبو رصاصي,سانيتاري ويرز,MSLINO,60.0,35.0
ARSB80165,سماعة دوش مع طوبو كروم,سانيتاري واير,BOSINI SH-05,60.0,25.0
ARSB80182,مخرج شطاف مربع بالعلاقة أسود,سانيتاري ويرز,992,50.0,17.143
MC10048,مجرى 40 سم *10 سم مشبك كروم,فيها,,90.0,55.0
AASB3105,رف زجاجي كروم,فينوس,BA810,130.0,83.0
MC10067,سرفنتينة 15 سم * 15 سم بلاستك,ستار سانيتار,FLORYA,35.0,18.0
MC10073,سرفنتينة 20*20*28 سم مثلث مشبك كروم,تركي,ELT2028,85.0,47.0
ML30075,مرايا حمام مع إضاءة لد 80*60 سم,سانيتاري ويرز,5025,250.0,100.0
AB10076,خزانة حمام أبيض,سانيتاري ويرز,5025,400.0,275.0
AM0077,حوض وجه مع دولاب حمام -80 سم,سانيتاري ويرز,5025,1000.0,590.0
MC10111,سرفنتينة 13 سم * 13 سم كروم,بضائع أوروبية,,80.0,49.0
EL10136,حوض مطبخ ستانلس ستيل 304 60 * 45 سم,أسيل,AS3467,650.0,475.0
ARSB80428,كسكاس دوش دائري 250 مم كروم مع القصبة,مونتانا س.ل,MT-2525R,280.0,175.0
ARSB80326,مصب دوش بدون تحويلة أسود,أنكا,ANKA ANK-1012,120.0,85.0
ARSB80601,مصب دوش مع تحويلة ذهبي,أنكا,ANKA ANK-1010,160.0,100.0
EL10433,حوض مطبخ ستانلس ستيل 76*45 سم أسود,أسيل,AS3456,1000.0,695.0
MA20461,خلاط حوض المطبخ سحاب كروم,ديولو,120-10-54,350.0,220.0
ARSB80463,سماعة دوش كروم,ديولو,31-20-800,70.0,35.0
PS20471,علاقة مناشف زوجية كروم,سانيتاري ويرز,SG-23,50.0,25.0
AASB30473,رف زاوية ثلاثي كروم,سانيتاري ويرز,,120.0,45.0
ARSB80552,سماعة دوش مع طوبو كروم,فينوس,HSS1522,75.0,48.0
ARSB80732,كسكاس دوش مربع 300*300 مم ذهبي,ديولو,,150.0,63.0
ML30740,مرايا حمام مع إضاءة لد-طول 80*60 سم,ديولو,DE 001,150.0,81.0
ALVM50778,سيفون حوض الوجه كروم,فيدار,91-73,140.0,75.0
ML30790,مرايا حمام ضد البخار مع إضاءة لد 60*80 سم,سانيتاري ويرز,4007,170.0,105.0
ML30863,مرايا حمام مع إضاءة لد 60*100 سم عرض,ديولو,DE 019,200.0,105.0
VS10872,حوض وجه معلق -60 سم,تركواز سيراستايل,FRAME,480.0,258.0
ML10899,خلاط حوض وجه كروم,ليسو,321,390.0,265.0
ARSB80909,كسكاس دوش مربع 300*200 مم مع قصبة كروم,ديولو,62-25-500,150.0,79.0
ARSB80910,كسكاس دوش مربع 300*200 مم مع قصبة ذهبي,ديولو,64-8-160,150.0,85.0
ARSB0758,سماعة دوش مع طوبو أسود,بريمكس,SR117X,120.0,68.0
ATWC50761,زر بتريا كروم,غروهي,SG-45,200.0,90.0
ARSB80767,مخرج شطاف كروم,PAINI,51CR133IG,120.0,57.0
ARSB80798,كسكاس دوش مربع سميك 25*25 مم مع قصبة كروم,ليسو,JR031-26SQ,250.0,120.0
LG40861,حوض كواريون كوارتز100سم أبيض,سانيتاري واير,6004,750.0,500.0
EG40862,رف كواريون كوارتز 100سم أبيض,سانيتاري ويرز,6004,500.0,300.0
ARSB80932,شطاف ظغط مربع مع طوبو ذهبي,توريما,1372-03330-028,250.0,145.0
ML30948,مرايا حمام مع إضاءة لد 60*80سم اطار كروم,ليسو,MS-8060,100.0,60.0
ML30949,مرايا حمام مع إضاءة لد 80*60سم طول اطار كروم,ليسو,MS-6080,100.0,60.0
AM0959,دولاب حمام -70 سم,بن أمور,330-70,650.0,300.0
VS10960,حوض وجه معلق -70 سم,سانيتاري واير,330-70,400.0,250.0
AM40961,مراية دولاب حمام 70 سم,بن أمور,330-70,350.0,150.0
ML30983,مرايا حمام مع إضاءة لد-عرض60*90 سم,سانيتاري ويرز,C-2,250.0,115.0
ML30989,مرايا حمام مع إضاءة لد-عرض60*80 سم,ديولو,S80-1,170.0,105.0
ARSB81015,علاقة سماعة دوش كبيرة متحركة كروم,سانيتاري ويرز,,10.0,2.25
ARSB81036,كسكاس دوش دائري 250*250 مم مع قصبة اسود,سانيتاري ويرز,B-24,120.0,65.0
ARSB81054,اكسسوار خلاط دوش مدفون مربع ذهبي,فيدار,FD-8T0015-R,250.0,145.0
ARSB81055,اكسسوار خلاط شطاف مدفون مربع ذهبي,فيدار,FD-8T0018-R,150.0,90.0
ARSB81066,سماعة دوش مع طوبو ذهبي,vip,709G,110.0,68.0
ARSB81067,مصب دوش مع تحويلة ذهبي,vip,VIP-9,180.0,75.0
ARSB81068,كسكاس دوش مربع 300*300 مم كروم,سانيتاري واير,3471,150.0,49.0
VS11069,حوض وجه موطو مع عمود أبيض,ABM,ABM-4006,450.0,295.0
VP20215,حوض وجه فوق الرخام أبيض -50سم,ب.أمور,8278,225.0,130.0
ATWC50245,رجسترو مقعد أرضي مستقيم,سانيتاري ويرز,,10.0,6.5
ARSB80365,سماعة دوش مع طوبو ذهبي,سلارنو,SS-07,75.0,47.0
MC10003,سرفنتينة 15 سم * 15 سم اسود,بيورا,FD-GB,110.0,80.0
ARSB80153,شطاف ظغط دائري مع طوبو كروم,سانيتاري ويرز,NOVARA,70.0,35.0
PD20044,حاجز دوش 8 مم مظلم 120 سم,ليسو,WIC-120A,750.0,495.0
MDE50291,مطول خلاط دوش مدفون,توريما,0383711-093,360.0,225.0
PD20888,حاجز دوش 80* 190 سم8 مم أسود,سانيتاري ويرز,PF-40-12/80,650.0,420.0
PD20917,حاجز دوش 100 * 190 سم 8مم اطار أسود مخطط,سانيتاري ويرز,PF14B,680.0,440.0
ML30751,مرايا حمام مع إضاءة لد-عرض60*80 سم,ديولو,D1,150.0,100.0
AM0826,دولاب حمام مع إضاءة لد-100 سم,سانيتاري ويرز,9928,1050.0,795.0
VS10825,حوض وجه معلق -100 سم,سانيتاري واير,9928,750.0,450.0
ML30824,مرايا حمام مع إضاءة لد 100*70 سم,سانيتاري ويرز,9928,300.0,150.0
ML10038,خلاط حوض وجه مزخرف طويل كروم,سانيتاري واير,,350.0,188.0
ARSB80144,كسكاس دوش مربع 250*250 مم ذهبي,توريما,0150133-T40,1100.0,600.0
WP20157,مقعد أرضي ملحوم موطو أبيض,ب.أمور,SH-8609,600.0,427.0
ATWC50208,رجسترومقعد أرضي 40 سم,ايجا فتريفاي,,40.0,26.5
EL10387,حوض مطبخ ستانلس ستيل 304 75 * 45 سم,أسيل,AS3457,900.0,630.0
ARSB80388,شطاف ظغط مع طوبو كروم,سانيتاري ويرز,418,80.0,35.0
EG40082,رف حوض وجه برسلين 90 سم,سانيتاري ويرز,A05,225.0,145.0
ALVM50023,رأس سيفوني كروم,توريما,1372-007,60.0,33.0
MDE50022,خلاط دوش مدفون كروم,فرامو,NM207CR,390.0,255.0
ML10082,خلاط حوض وجه كروم,جي اف مارك,6-011D,470.0,330.0
ARSB80021,مصب دوش بدون تحويلة كروم,سانيتاري ويرز,,90.0,55.0
ARSB80183,مخرج شطاف ذهبي,سانيتاري ويرز,991,50.0,18.571
ARSB80398,قصبة دوش مربعة 40 سم كروم,سانيتاري ويرز,,35.0,11.0
SA10021,طقم اكسسوار خزف ثلاثي رصاصي,سانيتاري ويرز,ALPER HOME 3,75.0,37.0
ARSB80268,مصب دوش طويل بدون تحويلة كروم,توريما,0327511-T40,390.0,235.0
PLSA0132,وردة كروم,رايمر,SAFRA,6.0,2.95
EL10137,حوض مطبخ ستانلس ستيل 304 70 * 45 سم,أسيل,AS3469,730.0,525.0
CD40656,مسطرة دوش زوجية مع خلاط دجتل رصاصي,بن أمور,68977,750.0,400.0
ARSB80483,مصب دوش بتحويلة كروم,فينوس,RACHEL D1ES,180.0,95.06
MLE40821,خلاط حوض وجه مدفون ذهبي,توريما,EDGE 8E31333-094,1300.0,850.0
WS10818,مقعد معلق كبير بلس سايز ملحوم تورنيدو أبيض,ب.أمور,LT-131E-UQ3,900.0,505.0
AASB30834,سلة قمامة أسود 8 لتر,بن أمور,مجموعة بن عمر,250.0,125.0
ML30842,مرايا حمام مع إضاءة لد80*60 سم,سانيتاري ويرز,9938,200.0,120.0
EG30883,حوض مطبخ جرانيت رصاصي78*50 فردي,ب.أمور,Sousse,880.0,555.0
ML11014,خلاط حوض وجه كروم,توريما,XS 8X30011-093,520.0,365.0
MDE50040,خلاط دوش مدفون كروم,فرامو,SM207CR,400.0,320.0
ARSB80008,سماعة دوش مع طوبو ذهبي,سانيتاري ويرز,,50.0,24.5
ARSB80217,وجه خلاط شطاف مدفون كروم,غروهي,19451002,500.0,360.0
PLSA0287,وردة ذهبي,سانيتاري ويرز,,5.0,2.0
VS10119,حوض وجه معلق -80 سم,تركواز سيراستايل,ANOVA,700.0,494.7
PSB10823,دولاب حمام حوض مع مرايا لد -90 سم,سانيتاري ويرز,6112,1350.0,890.0
ML10504,خلاط حوض وجه كروم,ليسو,OL-BM708,260.0,175.0
AB10743,خزانة حمام أبيض,سانيتاري ويرز,40,430.0,200.0
ML10792,خلاط حوض وجه ذهبي,سانيتاري ويرز,OM-32G,400.0,265.0
AM0843,حوض وجه مع دولاب حمام -60 سم,سانيتاري ويرز,1528,1100.0,780.0
AB10840,خزانة حمام أبيض,سانيتاري ويرز,1528,250.0,150.0
ML30839,مرايا حمام مع إضاءة لد80*60 سم,سانيتاري ويرز,1528,200.0,120.0
EG30880,حوض مطبخ جرانيت رصاصي50*43 فردي,ب.أمور,Tallinn,600.0,405.0
ARSB80099,مصب دوش مع تحويلة ذهبي,بريمكس,J005G,140.0,88.0
EL10243,حوض مطبخ ستانلس ستيل منظومة بيانو 304 75*46 كروم,ليسو,,700.0,465.0
AASB30027,رف ستاينلس ستيل أسود,فينوس,457B,50.0,26.0
ALVM50390,رأس سيفوني رخامي,سانيتاري ويرز,923,75.0,48.0
LG40112,حوض وجه برسلين مشطوف 80 سم,رويال,M006,700.0,400.0
EG40102,رف حوض وجه برسلين 80 سم,رويال,M006,150.0,100.0
MDE50676,خلاط دوش مدفون كروم,توريما,BLOG 8G01011-094,550.0,375.0
ARSB80988,كسكاس دوش دائري 250 مم كروم,توريما,1372-01476-001,250.0,145.0
ARSB80078,شطاف ظغط مربع مع طوبو أسود,ميبت,MAYA,75.0,43.0
MA20006,خلاط حوض المطبخ سحاب كروم,يولي,,330.0,210.0
ARSB80096,مصب دوش بدون تحويلة كروم,فورتميكس,KING M1233,130.0,85.0
ARSB80110,قصبة دوش 35 سم كروم,فينوس,,75.0,32.0
ARSB80116,مصب دوش مع تحويلة كروم,فينوس,CALVIN D1S,165.0,112.0
VS10188,حوض وجه معلق -60 سم,تركواز سيراستايل,DURU,480.0,339.5
ALVM50283,رأس سيفوني 1 ''1/4 ''5 كروم,فينوس,,80.0,49.0
ARSB80318,مخرج شطاف ذهبي,بريمكس,J013G,75.0,34.0
ARSB80344,مخرج شطاف كروم,سانيتاري ويرز,1110,115.0,55.0
ARSB80349,مخرج شطاف كروم,سانيتاري ويرز,,60.0,25.0
ARSB80366,سماعة دوش مع طوبو كروم,كوتالي,,100.0,72.0
RO10472,حنفية ضغط,فينوس,,125.0,88.0
PE30022,زمالطو 2.5 كغ أسود لامع,دهانات المدينة مصراتة,,50.0,44.0
PE30025,زمالطو 2.5 كغ رصاصي لامع,دهانات المدينة مصراتة,,50.0,44.0
PE30034,استوك 4 كغ,دهانات المدينة مصراتة,معجون المدينة مصراتة,25.0,17.945
PE30044,طلاء زيتي 700 غ أصفر لامع,دهانات المدينة مصراتة,طلاء زيتي,20.0,15.0
PE30047,طلاء زيتي 700 غ أسود لامع,دهانات المدينة مصراتة,طلاء زيتي,20.0,14.88
RA30041,"ديسكو خرسانة 9"" 230 مم",كداس,A 24 PLUS T-BF,17.0,10.5
RA30071,قفل كورة,والي,,400.0,325.0
PS20082,علاقة ملابس ثلاثية,سانيتاري ويرز,,30.0,18.5
PE30116,"منشار خشب 16"" 400 مم",فندر,,17.0,10.5
P30106,مضخة 1/2 حصان,شمجا,QB60L1,350.0,200.0
P30107,مضخة 3/4 حصان,شمجا,QB70G1,490.0,290.0
P30112,بدل كورة,فارس,2000-Hybrid,145.0,95.0
PA30124,قفل سرانتي يمين + يسار,داف,565.6,70.0,48.0
PA30134,قفل طلقة 90 مم,والي,,155.0,96.0
PA30137,قفل طلقة 90 مم,الشركة العالمية للتصدير و الإستيراد,NTB CAD84,55.0,35.0
P30166,بالة 1.3 متر,الشركة العالمية للتصدير و الإستيراد,,75.0,38.0
PA30167,مسحة,الشركة العالمية للتصدير و الإستيراد,,60.0,44.0
PA30168,مسحة,الشركة العالمية للتصدير و الإستيراد,,60.0,44.0
PE30178,مزيل صدأ 200 مل,الشركة العالمية للتصدير و الإستيراد,OYSTER FL007,10.0,7.0
PE30183,"فرشة طلاء 5"" 127 مم",فندر,,10.0,7.0
PA30195,طوبو رش 3/4 20 متر,التوفيق,,150.0,102.0
PE30219,"سكينة تغليف 2"" 5 سم",فندر,,5.5,3.454
PA30223,فرشاة حديد,الشركة العالمية للتصدير و الإستيراد,CRISTAL,11.0,6.5
EL50231,ڨويدة 30 متر,الشركة العالمية للتصدير و الإستيراد,,45.0,35.0
EL50240,سير ربط 7.2 * 400 مم (100 قطعة),الشركة العالمية للتصدير و الإستيراد,,18.0,13.5
PA30244,مكنسة 40 سم,الشركة العالمية للتصدير و الإستيراد,,27.0,20.0
ARSB80265,سماعة دوش مع طوبو أسود,ليمكس,LY2189R,200.0,115.0
ASCA60272,ستريتشة 2.44 متر,الشركة العالمية للتصدير و الإستيراد,,75.0,30.0
ASCA60274,ستريتشة 2.44 متر,الشركة العالمية للتصدير و الإستيراد,,75.0,30.0
ASCA60275,ستريتشة 2.44 متر,الشركة العالمية للتصدير و الإستيراد,,75.0,30.0
ASCA60277,ستريتشة 2.44 متر,الشركة العالمية للتصدير و الإستيراد,,75.0,30.0
ASCA60278,ستريتشة 2.44 متر,الشركة العالمية للتصدير و الإستيراد,,75.0,30.0
ASCA60279,ستريتشة 2.44 متر,الشركة العالمية للتصدير و الإستيراد,,75.0,30.0
ASCA60280,ستريتشة 2.44 متر,الشركة العالمية للتصدير و الإستيراد,,75.0,30.0
ASCA60281,ستريتشة 2.44 متر,الشركة العالمية للتصدير و الإستيراد,,75.0,30.0
ASCA60282,ستريتشة 2.44 متر,الشركة العالمية للتصدير و الإستيراد,,75.0,30.0
CC10341,كولة خشب 4 كغ,بنتكول,B 105,64.0,52.5
RA30357,ديسكو جرانيت 7'' 180 مم,فندر,195556,35.0,25.0
RA30358,ديسكو جرانيت 9'' 230 مم,فندر,195547,50.0,37.0
RA30360,ديسكو جرانيت 9'' 230 مم,فندر,195562,55.0,37.0
P30361,شاڨور,الشركة العالمية للتصدير و الإستيراد,,35.0,23.5
PA30368,مكارة رفع رقم 18,الشركة العالمية للتصدير و الإستيراد,,25.0,17.5
PA30372,فرطاسة,الشركة العالمية للتصدير و الإستيراد,,9.0,4.4
PA30373,حاملة إسمنت,الشركة العالمية للتصدير و الإستيراد,,13.0,7.5
PA30375,كستولة,الشركة العالمية للتصدير و الإستيراد,,21.0,14.5
PA30380,منقار,الشركة العالمية للتصدير و الإستيراد,COLT,9.0,4.5
RA30389,ديسكو جرانيت 7'' 180 مم,بوش,,20.0,13.5
PA30405,"فرشة صاروخ نحاس 5"" 125 مم",اي بي سي,AC19110,13.0,8.5
ATWC50425,بتارية مقعد أرضي جنب,سانيتاري ويرز,,75.0,58.5
PA30460,رأس سخانة بدون ترمستاتة,الشركة العالمية للتصدير و الإستيراد,,40.0,29.5
PA30464,عدة رقعة,الشركة العالمية للتصدير و الإستيراد,,10.0,4.75
PE30482,موس فرش,فندر,191800,15.0,8.5
PA30504,بونتة مكيف طاسة كاملة,الشركة العالمية للتصدير و الإستيراد,,40.0,28.0
EL50518,لصقة خزان 5 سم 5 متر,الشركة العالمية للتصدير و الإستيراد,,15.0,8.5
PA30522,ترودي 2.5 * 350 مم (1ممØ),الشركة العالمية للتصدير و الإستيراد,MAGMAWELD 2.5x350,55.0,37.5
PA30524,موس منشار 12'' 300 مم (10 قطع),فندر,191574,20.0,11.5
PA30527,فلوكة سخانة,الشركة العالمية للتصدير و الإستيراد,,10.0,6.25
RA30546,قفل باب رئيسي,الشركة العالمية للتصدير و الإستيراد,DAF 540.12-3M,90.0,57.0
RO10599,مطول مع مسكر ''1/2 * ''1/2,سانيتاري ويرز,,27.0,17.0
PE30369,عصاة مطرقة,الشركة العالمية للتصدير و الإستيراد,,7.0,5.0
AASB30393,مجفف شعر أسود,بريمكس,WL27,160.0,136.5
ELC2006,قرجوطة 40مم *25 م,فاندي,F0026,68.0,41.0
ELC2007,قرجوطة 50مم *25 م,فاندي,F0027,90.0,48.0
MI10135,مراية تجميل مع اكسوار,سانيتاري ويرز,,120.0,60.0
PA30047,مفتاح بيبة رقم 22 مم,الشركة العالمية للتصدير و الإستيراد,AC18693,20.0,13.5
PA30051,قشارة أسلاك كهرباء,الشركة العالمية للتصدير و الإستيراد,,15.0,7.5
TO9051,مفتاح ربط رقم 8 مم,الشركة العالمية للتصدير و الإستيراد,AC18693,8.0,3.0
TO9052,مفتاح ربط رقم14 مم,الشركة العالمية للتصدير و الإستيراد,AC18693,10.0,5.5
ARSB82067,سماعة دوش مع طوبو كروم,سانيتاري واير,,45.0,20.5
ALVM50870,سيفون حوض الوجه كروم,اي ار بي,,280.0,180.0
ARSB80770,مصب دوش بدون تحويلة متحرك دهبي,سانيتاري ويرز,1-8877,150.0,74.0
EL50095,لامبة لد 15 وات,دي بي اس,E27,7.0,4.25
EL50966,لامبة لد 40وات,دي بي اس,E27,13.0,7.0
PA33118,محقن بلاستك 13سم,فاندي,,10.0,1.75
AETS20237,تفلون 19 مم * 30 متر * 0.8 مم,سانيتاري ويرز,,9.0,5.75
ARSB80757,شطاف ظغط مربع مع طوبو ذهبي,ELALAR,015-G,120.0,69.0
AASB30762,رف زاوية كروم,سانيتاري ويرز,wl 8,160.0,95.0
PS20151,علاقة ملابس خماسية دوران,سانيتاري ويرز,,100.0,45.0
PS20153,علاقة ملابس ثلاثية دوران بدون قصبة,سانيتاري ويرز,,180.0,84.5
ATWC50154,زر بتارية مقعد كبير,سانيتاري ويرز,,10.0,3.5
AASB30301,فرشة مرحاض كروم,ليسو,2680,140.0,73.0
AASB30353,فرشة مرحاض كروم,ليسو,2671,160.0,80.0
EL50327,برتولامبه مقلد,دي بي اس,,4.0,1.9
ALVM50730,سيفون حوض الوجه كروم,سانيتاري ويرز,BS,120.0,75.0
ALVM50398,رأس سيفوني ذهبي,اي ار بي,,200.0,110.0
ARSB80415,مخرج شطاف مع علاق كروم معا مسكر,فينوس,SAHFS,120.0,51.41
ARSB80456,قصبة دوش 30 سم كروم,فينوس,SAR12,140.0,75.66
ARSB80446,قصبة دوش 40 سم كروم,فينوس,SAR18,180.0,104.76
ARSB87516,قصبة دوش مربعة 40 سم دهبي,سانيتاري ويرز,,100.0,62.02
ML30397,مرايا حمام مع إضاءة لد مع بخار 60 اطار ذهبي,سانيتاري ويرز,L806,350.0,218.25
ARSB80435,سماعة دوش مع طوبو كروم,اعتماد,401,80.0,46.5
PA30415,فيتي 3.5 * 30 (1كيلوا),الشركة العالمية للتصدير و الإستيراد,,20.0,12.5
AECU50431,سيفون حوض المطبخ,pgs,,70.0,35.0
PE30435,موس فرش,,,8.0,2.5
MC10438,غطاء غرفة تفتيش 50*50 فايبر اسود,ستار سانيتار,,55.0,42.5
ML10781,خلاط حوض وجه كروم,سانيتاري ويرز,OM-05,260.0,92.5
ARSB80479,قصبة دوش 40 سم سقفية ذهبي,سانيتاري ويرز,,100.0,58.0
RA20469,"سنيسكا 25"" اسود دائري",الجودة,بي بي ر - PPR,120.0,68.0
PE30242,رولة كروسة 10 سم,الشركة العالمية للتصدير و الإستيراد,,5.0,1.95
CD40508,مسطرة دوش زوجية كروم,سانيتاري ويرز,854,300.0,160.0
VS10514,حوض وجه معلق -50 سم,تركواز سيراستايل,FRAME,400.0,252.2
PS20516,علاقة ملابس ثلاثية,ليسو,JR031-61,120.0,35.0
ALVM50791,رأس سيفوني كروم,ليسو,929,110.0,65.0
ML10522,خلاط حوض وجه كروم,ليسو,5017-5,300.0,195.0
ML10018,خلاط حوض وجه كروم,فيوري,125CR3460,380.0,255.0
MT30060,خلاط شطاف كروم مع شطاف,فرامو,HO102SHT/CR,260.0,165.0
ARSB80399,سماعة دوش مع طوبو ذهبي,ليمكس,LY2189S-Gold,300.0,195.0
MC10014,مجرى 60 سم *6 سم كروم,فيرونا,SP540,370.0,225.0
MC10062,مجرى 50 سم *6 سم كروم,ستار سانيتار,IZMIR,100.0,61.5
AASB30222,سلة قمامة,بضائع أوروبية,Dutch Spa,75.0,45.0
MC10182,سرفنتينة 15 سم * 15 سم مع مانع رائحة كروم,سانيتاري ويرز,SUN AISI 304,85.0,52.0
MC10183,سرفنتينة 15 سم * 15 سم كروم,سانيتاري ويرز,155 SUN,75.0,45.0
RFP1755,"فسيبلي "" 1/2 ذكر * ""1/2 أنثى 30سم",سانيتاري ويرز,اسباني,18.0,10.5
ARSB80771,مخرج شطاف مع علاق ذهبي,سانيتاري ويرز,P-12,90.0,40.0
AASB30807,حامل ورق منظف كلينكس,فينوس,BA704,80.0,53.0
MA20462,خلاط حوض المطبخ سحاب كروم,سانيتاري ويرز,OM-18,350.0,220.0
ML30538,مرايا حمام مع إضاءة لد 100*60 سم,سانيتاري ويرز,21,200.0,105.0
PS20547,علاقة مناشف زوجية كروم,سانيتاري ويرز,5,80.0,15.0
RFP1720,"فسيبلي "" 1/2 أنثى * ""1/2 أنثى 20سم",فانسكي,,20.0,8.0
ARSB80733,كسكاس دوش مربع 250*250 مم ذهبي,ديولو,,100.0,52.0
ARSB80735,قصبة دوش مربعة 40 سم ذهبي,ديولو,400-8-34,60.0,27.0
ARSB80754,مصب دوش بدون تحويلة كروم,فيدار,FD12002-C,90.0,57.0
ARSB80769,رشاش دوش أسود,فيدار,,70.0,38.5
ARSB80772,رشاش دوش ذهبي,فيدار,,80.0,49.5
ML30786,مرايا حمام ضد البخار مع إضاءة لد 70*70 سم,سانيتاري ويرز,4001,450.0,290.0
EG30811,حوض مطبخ جرانيت أبيض 80*50,سانيبال,فلورا,520.0,340.0
RFP1936,فسيبلي خلاط سحاب,سانيتاري ويرز,031-66,35.0,20.0
ARSB80937,قصبة دوش سقفية 40 سم كروم,ليسو,JR031-99,100.0,50.0
ARSB80764,سماعة دوش مع طوبو ذهبي,بريمكس,SR116K,120.0,72.0
PS20759,علاقة ملابس سداسية,فينوس,PE-06,85.0,56.0
ML10791,خلاط حوض وجه طويل ذهبي,سانيتاري ويرز,OM-1-6-G,380.0,235.0
MD20792,خلاط دوش كروم,سانيتاري ويرز,OM-06,170.0,95.0
MD20793,خلاط دوش كروم,سانيتاري ويرز,OM-165,170.0,92.0
AECU50762,سيفون حوض المطبخ رأس صغير,اوز بيست,OZBEST,30.0,14.5
AASB30485,مجفف شعر أسود,سانيتاري ويرز,,160.0,79.5
CD40787,مسطرة دوش زوجية دهبي,ليسو,079-25G,370.0,265.0
AM0963,دولاب حمام -70 سم,بن أمور,DS83-70,650.0,300.0
VS10964,حوض وجه معلق -70 سم,سانيتاري واير,DS83-70,400.0,250.0
AM40965,مراية دولاب حمام 70 سم,بن أمور,DS83-70,250.0,150.0
ML10994,خلاط حوض وجه كروم,أيولي,KREO,525.0,350.0
MT30995,خلاط شطاف كروم,أيولي,9225-100 KING,350.0,235.0
MD20996,خلاط دوش مع سماعة كروم,أيولي,9210 KING,500.0,330.0
ME11006,خلاط حوض المطبخ شجرة كروم,فيغاروو,EM-005,250.0,132.0
ALVM51033,سيفون حوض الوجه كلك بمانع رائحة,سانيتاري ويرز,SG5174-13,70.0,33.0
ALVM51037,رأس سيفوني ذهبي,سانيتاري ويرز,BLD-114,80.0,25.0
PLSA0264,وردة أسود,ليمكس,LY-2071,25.0,16.75
MD20024,خلاط دوش كروم,شيزا,MELLOW,310.0,198.0
ART0033,سماعة دوش مع طوبو كروم,فينوس,HSS416,85.0,49.47
CD40540,مسطرة دوش زوجية كروم,سانيتاري ويرز,2024-26,180.0,90.0
ML10898,خلاط حوض وجه كروم,ليسو,079-7,150.0,88.0
ME10023,حنفية حوض المطبخ شجرة كروم,شيزا,SIGMA,75.0,27.0
ARSB80719,مصب دوش مع تحويلة ذهبي,سي أر سمارت,15.14.2,140.0,90.0
MC10257,مجرى 40 سم *6 سم كروم,فيرونا,SP540,255.0,155.0
ML10083,خلاط حوض وجه أسود,جي اف مارك,6-011X,470.0,330.0
ARSB80330,مصب دوش بدون تحويلة ذهبي,سانيتاري ويرز,MSLINO LY005,140.0,66.5
ARSB80180,مخرج شطاف كروم,سانيتاري ويرز,GANOA MA2203,75.0,40.0
MT30245,خلاط شطاف مع شطاف أسود,ليسو,B079,180.0,88.0
ML10267,خلاط حوض وجه كروم,أيولي,9403-TC,400.0,265.0
ML10520,خلاط حوض وجه كروم,سانيتاري ويرز,OM-105,130.0,59.0
RFP1868,"فسيبلي "" 1/2 أنثى * ""1/2 أنثى 50سم",فانسكي,اسباني,85.0,45.0
WP20828,مقعد أرضي ملحوم أبيض,ب.أمور,SH-8808,850.0,535.0
CE10930,سخانة عمودية 50 لتر,اف جي باور,D50-15FA-4788,680.0,535.0
ML10036,خلاط حوض وجه طويل أسود برنزي,سانيتاري واير,,430.0,188.0
VS10207,حوض وجه معلق أسود -60سم,ب.أمور,SH-8420-60-B,500.0,246.285
ARSB80216,وجه خلاط دوش مدفون,غروهي,19451002,600.0,430.0
ARSB80261,مصب دوش مع تحويلة أسود,ليمكس,LY-4008,220.0,125.0
ARSB80363,كسكاس دوش مربع 300*300 مم كروم,ليسو,JR031-27,150.0,110.0
ARSB80245,كسكاس دوش دائري مع قصبة كروم,سانيتاري ويرز,PM0700PA3F/CH,135.0,85.0
ARSB80812,مخرج شطاف دائري بالعلاقة أسود,توريما,1372-01821-004,200.0,135.0
AM0737,دولاب حمام مع حوض وجه 60 سم,سانيتاري ويرز,40,1200.0,740.0
AM0740,دولاب حمام مع حوض وجه 80 سم,سانيتاري ويرز,1,1200.0,780.0
AB10744,خزانة حمام أبيض,سانيتاري ويرز,1,430.0,200.0
ML30748,مرايا حمام مع إضاءة لد,سانيتاري ويرز,40,150.0,100.0
ML10752,خلاط حوض وجه اسود,ليسو,YJRU263-B,220.0,105.0
CD40755,مسطرة دوش زوجية كروم,سانيتاري ويرز,OM-55,250.0,128.0
ARSB80795,كسكاس دوش دائري 250*250 مم مع قصبة كروم,ليسو,JR031-26ROUND,170.0,120.0
ARSB80092,يد شطاف كروم,ميبت,DONA,25.0,18.0
EL10241,حوض مطبخ ستانلس ستيل نص منظومة 304 75*45 أسود,ليسو,,590.0,385.0
MC10271,مجرى 60 سم *7 سم كروم,فيها,,145.0,79.0
ARSB80821,مصب دوش مع تحويلة أسود,سي أر سمارت,15.13.2,120.0,80.0
AECU50056,صابونية حوض مطبخ كروم,سانيتاري ويرز,11-9613,30.0,18.0
PA30084,نظارات حماية,الشركة العالمية للتصدير و الإستيراد,,10.0,2.0
ARSB80194,قصبة دوش 40 سم أسود,سانيتاري ويرز,DIOLLO 7956-2-4,65.0,36.0
WS10116,مقعد معلق رايملس أبيض,تركواز سيراستايل,AQUA,1050.0,843.9
VS10124,حوض وجه معلق -65 سم,تركواز سيراستايل,PORTO,480.0,261.9
RD30577,حوض قدم خزف مربع 70*70 سم,ساناكريل,M301,650.0,335.0
WS10595,مقعد معلق رايملس مموج أبيض,ب.أمور,SH-088,720.0,420.0
AASB30833,سلة قمامة ذهبي 8 لتر,سانيتاري ويرز,,220.0,125.0
ARSB80093,يد شطاف كروم,سانيتاري ويرز,,60.0,35.0
ARSB80068,مصب دوش بدون تحويلة كروم,فينوس,RACHEL D2S,150.0,95.0
ARSB80070,شطاف ظغط مع طوبو كروم,ميبت,VIVA,75.0,42.0
ME10131,خلاط حوض المطبخ سحاب أسود,سانيتاري ويرز,,340.0,217.0
MA20015,خلاط حوض المطبخ سحاب كروم,سانيتاري ويرز,,290.0,195.0
ARSB80123,مخرج شطاف كروم,فورتميكس,KING MA1203,70.0,35.0
ARSB80338,مخرج شطاف كروم,فينوس,OLES,60.0,33.0
RFP1424,"فسيبلي "" 1/2 أنثى * ""1/2 أنثى 40سم",سانيتاري ويرز,,20.0,11.5
RFP1431,"فسيبلي "" 1/2 ذكر * ""1/2 أنثى 60سم",سانيتاري ويرز,,25.0,13.5
PS20009,علاقة مناشف كروم,فينوس,GR-05,155.0,112.8
ALVM50010,رأس سيفوني اسود,فيرمر,,90.0,55.0
PE30029,طلاء أكريليكي عازل رطوبة داخل خارج 10 كغ أبيض,دهانات المدينة مصراتة,الإقتصادي,97.0,73.0
PE30053,طلاء زيتي ضد الصدأ 850 غ رصاصي,دهانات المدينة مصراتة,طلاء زيتي,18.0,13.0
RA30054,ميزان ألمنيوم 30 سم,سفيدن,,60.0,47.5
PE30114,"منشار خشب 16"" 400 مم",بيسو,,11.0,6.5
PA30125,قفل طلقة,أف أف,L8270000,145.0,105.0
PA30126,قفل طلقة,الشركة العالمية للتصدير و الإستيراد,900,60.0,40.0
PA30135,قفل طلقة 80 مم,والي,,115.0,75.0
PA30136,قفل طلقة 90 مم,والي,,105.0,71.5
PE30174,"فرشة طلاء 6"" 152.4 مم",فندر,,12.0,8.35
PE30197,"سكينة تغليف 4""",اي بي سي,AC70027,5.5,3.5
PE30202,"سكينة تغليف يد خشب 5"" 300 مم",اي بي سي,AC18799,10.0,6.7
PE30206,"سكينة تغليف 5.5""",الشركة العالمية للتصدير و الإستيراد,,7.0,3.6
EL50227,ڨويدة 5 متر,الشركة العالمية للتصدير و الإستيراد,,22.0,15.5
EL50228,ڨويدة 10 متر,الشركة العالمية للتصدير و الإستيراد,,28.0,20.5
EL50229,ڨويدة 15 متر,الشركة العالمية للتصدير و الإستيراد,,30.0,22.5
EL50230,ڨويدة 20 متر,الشركة العالمية للتصدير و الإستيراد,,33.0,24.75
PA30234,دليل باب سحاب,الشركة العالمية للتصدير و الإستيراد,,21.0,14.5
ARSB80259,مصب دوش بدون تحويلة أسود,ليمكس,LY-4007,200.0,110.0
P30268,عوامة كهربائية 1 متر,الشركة العالمية للتصدير و الإستيراد,FOX G05,65.0,53.755
ASCA60271,ستريتشة 2.44 متر,الشركة العالمية للتصدير و الإستيراد,,75.0,30.0
P30327,عوامة 1,الشركة العالمية للتصدير و الإستيراد,,85.0,66.0
PA30330,منشار شجر,الشركة العالمية للتصدير و الإستيراد,TESEN,15.0,10.5
PE30343,مقص عنب,الشركة العالمية للتصدير و الإستيراد,,50.0,37.5
PE30344,مقص عنب,الشركة العالمية للتصدير و الإستيراد,1025-21,10.0,5.5
PA30355,منشار حديد مقفل 12'' 300 مم,فندر,307A,23.0,15.5
PA30365,كاوية لحام,فندر,,40.0,28.0
PA30367,قرص الصنفرة 5 قطع,الشركة العالمية للتصدير و الإستيراد,,12.0,7.5
PA30378,غربال,الشركة العالمية للتصدير و الإستيراد,,15.0,9.5
PA30379,مقص العشب,فندر,,35.0,23.0
PA30382,منقار,الشركة العالمية للتصدير و الإستيراد,STAREX,10.0,5.1
RA30385,ديسكو جرانيت 7'' 180 مم,ماركيت,A-08180,20.0,12.5
RA30390,ديسكو جرانيت 9'' 230 مم,بوش,,25.0,16.5
PE30412,مقص بي بي ار,الشركة العالمية للتصدير و الإستيراد,,15.0,7.5
PE30413,مقص بي بي ار,الشركة العالمية للتصدير و الإستيراد,,20.0,11.5
PE30416,مقص بي بي ار,الشركة العالمية للتصدير و الإستيراد,JRF-PC-203,20.0,14.0
PA30419,عصاة بالة,الشركة العالمية للتصدير و الإستيراد,,20.0,14.0
PA30436,مسحة,الشركة العالمية للتصدير و الإستيراد,,15.0,8.25
PA30440,قصدير لحام 30 غ,فندر,194850,7.0,3.65
CC10470,لصقة فأر 100غ,الشركة العالمية للتصدير و الإستيراد,RAT-STOP,5.0,2.5
PA30474,دباسة يدوية,فندر,195056,30.0,20.5
PA30475,مقص حدائق,الشركة العالمية للتصدير و الإستيراد,,27.0,18.0
PA30488,مفتاح زڨنالي (9 قطع),فندر,193124,25.0,17.5
PA30528,مقص 250 مم,بيسو,B1005,20.0,18.5
CC10529,باسطة 240 غ,الشركة العالمية للتصدير و الإستيراد,MIDO COATINGS,15.0,8.0
PA30530,قطن 250 غ,الشركة العالمية للتصدير و الإستيراد,,9.0,4.9
PA30533,مفتاح لوندينو 275 مم 11'' 18'',الشركة العالمية للتصدير و الإستيراد,,20.0,12.5
PA30534,مفتاح لوندينو,الشركة العالمية للتصدير و الإستيراد,,15.0,8.5
PA30556,فيتي 3.5 * 35 (100غ),الشركة العالمية للتصدير و الإستيراد,,4.0,1.389
PA30571,دادو بالخبوركامل مكيف (34 قطعة),الشركة العالمية للتصدير و الإستيراد,,7.0,3.75
ACOL30574,ريتي لياسة 20 سم * 10 متر,أسترا,,10.0,4.75
PA30398,قفل نجمة 38 مم,الشركة العالمية للتصدير و الإستيراد,640/S,6.0,3.75
CD40031,مسطرة دوش فرديه كروم,فينوس,4422,190.0,121.25
PA30049,رزة باب حديد رقم 10,الشركة العالمية للتصدير و الإستيراد,,10.0,3.1
ARSB83067,سماعة دوش مع طوبو كروم,سانيتاري واير,,50.0,23.5
ML30086,مرايا حمام مع إضاءة لد 60*60 سم,سانيتاري ويرز,GAK56,150.0,75.0
ELC1111,مثلث كهرباء ثلاث مداخل,الشركة العالمية للتصدير و الإستيراد,,10.0,4.9
PA30740,لقمة جيدور كروم رقم 17,الشركة العالمية للتصدير و الإستيراد,,15.0,3.5
ARSB80215,كسكاس دوش مربع 200*200 مم مع قصبة ذهبي,سانيتاري ويرز,SS-02,100.0,45.5
ARSB80218,كسكاس دوش مربع 200*200 مم مع قصبة ذهبي معا سماعه متحركة مع مخرج شطافة,فاردر,FD30021-G,300.0,175.0
ARSB80219,كسكاس دوش مربع 200*200 مم مع قصبة كروم معا سماعه متحركة مع مخرج شطافة,فاردر,FD30021-C,280.0,155.0
ATWC50155,زر بتارية مقعد سداسي,سانيتاري ويرز,,15.0,8.0
RO10169,مسكر زاوية ''1/2 * ''1/2 ذهبي,سانيتاري ويرز,,25.0,13.5
ARSB80758,مصب دوش قصير بتحويلة كروم,هاوتك,,140.0,60.0
ARSB80255,سماعة دوش مع طوبو كروم,ميرو,MIRO KD19,170.0,105.0
PE30272,طلاء بخاخ داخلي و خارجي ازرق,شركة الغزالة لمواد البناء,,10.0,4.5
ARSB80308,مخرج شطاف كروم بالعلاقة,ليسو,8-133,120.0,68.0
CC10332,صليبة بيضاء 2ملي,الشركة العالمية للتصدير و الإستيراد,,12.0,6.85
AECU50380,سيفون حوض المطبخ رأس كبير,ستار سانيتار,IT bonomini,55.0,33.0
ALVM50482,سيفون حوض الوجه ذهبي,سانيتاري واير,OM1-12-10,150.0,85.0
MC10856,مجرى 40 سم *6 سم كروم,راف,1372-01661-004,330.0,215.0
RFP1869,"فسيبلي "" 1/2 أنثى * ""1/2 أنثى 50سم",فانسكي,اسباني,100.0,65.0
PA30414,رأس غاز بلاستك,الشركة العالمية للتصدير و الإستيراد,HRP-100,45.0,33.0
PE30492,طلاء عاز ل مطاطي 15 كغ اكسترا,الواحة,العازل,250.0,201.6
ARSB80505,مخرج شطاف كروم بالعلاقة,ليسو,1-079,120.0,75.0
PA30510,قفل باب رئيسي,الشركة العالمية للتصدير و الإستيراد,DAF-70,60.0,38.0
AASB30501,حامل ورق منظف كلينكس,فينوس,IRIS-06,155.0,84.0
PS20511,علاقة ملابس رباعية,فينوس,RO-04,90.0,48.0
PS20512,علاقة ملابس ثلاثية,فينوس,PE-03,85.0,44.0
PS20524,علاقة ملابس خماسية,فينوس,PE-05,100.0,56.0
AASB30518,صابونية كروم,ليسو,JR079-19,110.0,38.0
ARSB80519,كسكاس دوش مربع مع قصبة 250*250 مم كروم,ليسو,JR085-12,240.0,120.0
PS20521,علاقة ملابس زوجية,ليسو,JR133-6,95.0,25.0
PS20546,علاقة مناشف كروم,فينوس,ST-05,190.0,112.8
PS20549,علاقة مناشف كروم,فينوس,OL-05,220.0,136.1
PS20551,علاقة مناشف زوجية بالعلاقة كروم,سانيتاري ويرز,WL30,220.0,130.0
ML10552,خلاط حوض وجه كروم,ليسو,JR085-9C,240.0,135.0
ML10553,خلاط حوض وجه كروم,ليسو,6060-140,320.0,175.0
ML10554,خلاط حوض وجه اسود,ليسو,JR085-1B,220.0,110.0
MT30556,خلاط شطاف مع شطاف كروم,ليسو,SF001,280.0,165.0
MT30557,خلاط شطاف مع شطاف كروم,ليسو,JR085-3C,220.0,98.0
AASB30043,رف زجاجي كروم,فينوس,BA710,110.0,73.0
ARSB80378,كسكاس دوش مربع 250*250 مم كروم,ليسو,,120.0,59.0
MC10061,مجرى 50 سم *7 سم كروم,الشركة التونسية للمواد الصحية,JASMIN 7198,90.0,56.0
ARSB80236,طوبو دوش 150سم كروم,سانيتاري ويرز,,10.0,1.5
ARSB80289,"مسكر شطافة ""1/2"" * ""1/2 كروم",TECHNO,bold,20.0,4.1
ARSB80530,طوبو شطاف 1.2 م رصاصي,تركي,EKOL,25.0,8.0
ALVM50426,سيفون حوض الوجه اسود,مونتانا س.ل,MT-9102B,290.0,176.0
ARSB80430,كسكاس دوش مربع 250*250 مم كروم مع قصبة,مونتانا س.ل,MT-2525SQ,320.0,210.0
ARSB80431,كسكاس دوش مربع 300*300 مم كروم مع قصبة,مونتانا س.ل,MT-3030SQ,420.0,240.0
ARSB80464,كسكاس دوش مربع 300*300 مم كروم,ديولو,,110.0,48.0
ARSB80527,شطاف ظغط دائري مع طوبو أسود,سانيتاري ويرز,OM-82,60.0,33.5
ML30742,مرايا حمام مع إضاءة لد-طول 90*60 سم,ديولو,DE 027,180.0,117.0
ARSB80763,مخرج شطاف مع علاق ذهبي,فيدار,FD12005-G,65.0,41.0
ML30791,مرايا حمام مع إضاءة لد مع بخار 60 اطار أسود,سانيتاري ويرز,4008,270.0,175.0
MDE50823,خلاط دوش مدفون شريحة مربع كروم,توريما,MERIDA 8Q 1011-093,570.0,375.0
ALVM50938,سيفون حوض الوجه بلاستك كروم,ليسو,LUSSO,110.0,65.0
ARSB80792,قصبة دوش دائري 40 سم كروم,ليسو,JR031-33-40CM,50.0,33.0
ARSB80796,كسكاس دوش دائري شريحة 250*250 مم مع قصبة كروم,ليسو,JR133-1C-ROUND,160.0,95.0
MD21005,خلاط دوش كروم,فيغاروو,EM-01,270.0,144.0
ARSB81013,مخرج شطاف مع علاق كروم مع مسكر,رايمر,338Q,190.0,125.0
ARSB80081,شطاف ظغط دائري مع طوبو كروم,فينوس,AHF10,70.0,43.0
ML30592,مرايا حمام مع إضاءة لد مربعة 60*80سم,سانيتاري ويرز,20010,240.0,145.0
EL10934,حوض مطبخ ستانلس ستيل 304 تحت الرخامة 76.2*40*22سم كروم,أسيل,AS297DRAWN,800.0,535.0
MDE50041,خلاط دوش مدفون كروم,فرامو,LM217CR,520.0,380.0
WS10177,مقعد معلق ذهبي,ب.أمور,G1074,750.0,400.0
WS10014,مقعد معلق (صندوق خارجي) أبيض,سانيتاري ويرز,2194,720.0,500.0
ARSB80140,شطاف ظغط دائري مع طوبو كروم,سانيتاري ويرز,AQUACI 406050000,70.0,20.0
ARSB80177,مخرج شطاف كروم,سانيتاري ويرز,LAWAKA,75.0,35.0
MTE60563,خلاط شطاف مدفون كروم,توريما,NEW THEOS 92000011-093,400.0,195.0
MA20932,خلاط حوض المطبخ سحاب كروم,ليسو,JR031-77C,260.0,135.0
ML10001,خلاط حوض وجه كروم,توريما,MERIDA,700.0,490.0
VS10187,حوض وجه معلق -50 سم,تركواز سيراستايل,DURU,360.0,212.0
MC10005,مجرى 50 سم *6 سم دهبي,سانيتاري ويرز,,190.0,110.0
MC10478,مجرى 60سم *7 سم كروم,بيورا,DL-11-60,280.0,160.0
WA40089,غطاء مقعد أبيض,سانيتاري ويرز,FIRST,45.0,23.5
ALVM50368,طابة حوض الوجه,سانيتاري ويرز,,30.0,18.0
PS20027,علاقة ملابس فردي,فينوس,BA701,65.0,37.83
PS20134,علاقة مناشف متحركة كروم,ونكو,MEZZANO,70.0,40.0
ML10241,خلاط حوض وجه كروم,توريما,EDGE 8E33011-093,600.0,395.0
ARSB80658,شطاف ظغط مربع مع طوبو أسود,بن أمور,,100.0,40.0
CD40404,مسطرة دوش زوجية كروم,ستار سانيتار,2440-4,160.0,95.0
MTE60806,خلاط شطاف مدفون ميريدا أسود,توريما,8Q007BB-093/2,720.0,475.0
MA20895,خلاط حوض المطبخ سحاب أسود,سانيتاري ويرز,WL16,350.0,230.0
ML10785,خلاط حوض وجه كروم,سانيتاري ويرز,OM-161,170.0,90.0
ML10786,خلاط حوض وجه كروم,سانيتاري ويرز,OM-225,230.0,148.0
ATWC50525,زر بتريا أسود,غروهي,38966KFO,780.0,385.0
EG30878,حوض مطبخ جرانيت أسود مطفي50*43 فردي,ب.أمور,Tallinn,600.0,405.0
ARSB80296,سماعة دوش مع طوبو أسود,توريما,1372-011,410.0,295.0
ARSB80266,مخرج شطاف مربع بالعلاقة أسود,ليمكس,LY-2763-B,140.0,82.5
ALVM50139,رأس سيفوني كروم,توريما,1372-001,200.0,145.0
VP20484,حوض وجه فوق الرخام أبيض 41.5 سم,ب.أمور,SH-8221,200.0,103.0
AM0690,دولاب حمام مع حوض وجه 80 سم,بن أمور,T305-8046,1100.0,500.0
MC10855,مجرى 30 سم *6 سم كروم,راف,1372-01661-003,260.0,165.0
ARSB80478,قصبة دوش 40 سم سقفية اسود,سانيتاري ويرز,,100.0,57.0
MC10770,مجرى 50 سم *8 سم كروم,أكوا دزاين,AD216-50,400.0,265.0
ARSB80794,مصب دوش بالتحويلة كروم انحاس,ليسو,076-1,250.0,150.0
AASB30832,سلة قمامة كروم 8 لتر,بن أمور,مجموعة بن عمر,200.0,118.0
EL10886,حوض مطبخ ستانلس ستيل 60*45 رصاصي,ب.أمور,Florence,380.0,245.0
ML10054,خلاط حوض وجه دائري أسود,ب.أمور,مجموعة بن عمر,140.0,76.0
ARSB80264,مطول فسيبلي خلاط نحاس,فينوس,,15.0,6.0
ARSB80820,مصب دوش مع تحويلة ذهبي,سي أر سمارت,15.17.2,120.0,81.0
ART0024,حاملة فوط كروم,فينوس,BA706,100.0,51.41
EL10685,حوض مطبخ ستانلس ستيل 304 75*45,بن أمور,مجموعة بن عمر,450.0,250.0
ARSB87799,شطاف ظغط دائري مع طوبو كروم,اي ار بي,50201,160.0,79.0
ML10784,خلاط حوض وجه كروم,سانيتاري ويرز,OM-163,160.0,84.0
AASB30831,سلة قمامة كروم معلقة 5 لتر,بن أمور,مجموعة بن عمر,180.0,95.0
AASB30048,صابونية كروم,ليسو,JR031-1,110.0,65.0
PS20666,علاقة مناشف زوجية أسود,بن أمور,مجموعة بن عمر,120.0,40.0
ARSB80260,نبلس خلاط تركي اعتماد مع وردة,سانيتاري ويرز,,15.0,10.25
ARSB80700,مخرج شطاف دائري بالعلاقة أسود,سي أر سمارت,15-8-2,80.0,51.0
PE30021,زمالطو 3 كغ أبيض لامع,دهانات المدينة مصراتة,,64.0,54.5
PE30024,زمالطو 2.5 كغ بُنِي,دهانات المدينة مصراتة,,50.0,44.0
RA30004,طوبو4'' 6 متر,الرطيل,جي أم GM,122.0,98.0
PE30050,طلاء زيتي 700 غ كريمي,دهانات المدينة مصراتة,طلاء زيتي,20.0,15.0
PE30067,طلاء بخاخ داخلي و خارجي أسود لامع,إس كيو إل أو,,10.0,4.833
RA30013,"كوربة اس (2 قطع) 4"" 45°",الرطيل,جي أم GM,35.0,28.5
AASB30026,رف زاوية زوجي كروم,سانيتاري ويرز,811,200.0,140.0
SA10039,طقم اكسسوار كروم,سانيتاري ويرز,BA200,320.0,230.5
AASB30053,حاملة فوط كروم,فينوس,VA-02,90.0,60.14
ALVM50062,مطول سيفون حوض الوجه كروم,سانيتاري ويرز,,25.0,12.5
MC10097,سرفنتينة 15 سم * 15 سم ذهبي,سانيتاري ويرز,1009-10015 GOLD,110.0,55.0
PE30112,ماصة 1 كغ,اي بي سي,AC18725,18.0,12.0
PA30121,رأس قفل باب خشب 6 سم,الشركة العالمية للتصدير و الإستيراد,,40.0,28.5
PE30169,"فرشة طلاء 1"" 25.4 مم",فندر,,4.0,2.0
PE30180,لصقة كرتون 200,الشركة العالمية للتصدير و الإستيراد,,9.0,5.75
PA30224,فرشاة حديد,الشركة العالمية للتصدير و الإستيراد,,4.0,1.75
PA30252,ميزان 60 سم,صولا,,15.0,9.5
PA30448,خيط لينسة,الشركة العالمية للتصدير و الإستيراد,,7.0,2.75
PA30469,فرشاة حديد رأس سكينة,اي بي سي,AC16401,7.0,3.35
PA30531,سلاح ماكينة,الشركة العالمية للتصدير و الإستيراد,1958,15.0,9.5
PE30541,لصقة سريعة (2 قطع),الشركة العالمية للتصدير و الإستيراد,QUICCK 17309K,12.0,7.25
PA30542,مسمارخشب رقم 6 (100غ),الشركة العالمية للتصدير و الإستيراد,,2.5,1.075
RA20394,"سنيسكا 25"" قصيرة طربوش",كالدي,بي بي ر - PPR,95.0,79.0
AR20046,طلاء مائي داخلي 10 كغ أبيض,دهانات المدينة مصراتة,أصول,60.0,34.92
TO9054,مفتاح ربط رقم11 مم,الشركة العالمية للتصدير و الإستيراد,AC18693,10.0,2.25
PE30994,عازل ناري 4 كغ,دهانات المدينة مصراتة,العازل,110.0,76.8
P30097,عصاة رولة,الشركة العالمية للتصدير و الإستيراد,,20.0,9.75
WA40115,غطاء مقعد تركي أبيض,سانيتاري ويرز,,35.0,21.0
ARSB80604,"مسكر شطافة ""1/2"" * ""1/2 كروم",بضائع أوروبية,HSH,50.0,35.0
ARSB80958,شطاف ضغط مربع مع طوبو ذهبي,سانيتاري ويرز,SALERNO,100.0,37.0
ARSB80586,شطاف ظغط مربع مع طوبو كروم,بريمكس,1120,120.0,57.1
CC10370,كولة فواصل 001,kalekim,WHITE,44.0,35.0
PE30124,كولة 118 مل,الشركة العالمية للتصدير و الإستيراد,GM900,20.0,15.0
PE30528,بونتة حديد رقم 3,سانيتاري واير,,5.0,1.85
ARSB80262,قلب خلاط كبير,سانيتاري ويرز,,30.0,16.0
RO10286,مسكر زاوية ''1/2 * ''1/2 كروم,مونتانا س.ل,MT-6101,35.0,26.75
RFP1429,"فسيبلي "" 1/2 ذكر * ""1/2 أنثى 40سم",سانيتاري ويرز,,20.0,11.5
AECU50099,سيفون حوض المطبخ رأس كبير,بضائع أوروبية,MARYPLAST,50.0,30.0
ARSB80043,مخرج شطاف كروم,دانيال,A521,130.0,77.0
RO10018,مسكر زاوية ''1/2 * ''1/2 اسود,فينوس,S-8B,40.0,22.0
ADOU50186,سيفون حوض قدم,سانيتاري ويرز,رأس صغير,20.0,7.0
ARSB80403,رقبة خلاط متحركة فلتر كروم,سانيتاري ويرز,,15.0,5.25
ARSB80206,قلب خلاط كبير,سانيتاري ويرز,,10.0,4.5
RFP1751,"فسيبلي "" 1/2 ذكر * ""1/2 أنثى 80سم",TUCAI,585087,25.0,16.5
SA10142,طقم اكسسوار أسود,ليسو,JR133-16B,300.0,175.0
ARSB80906,سماعة دوش مع طوبو كروم,ليسو,WL17,180.0,110.0
ARSB80938,طوبو شطاف فلتر1.2م رصاصي,سانيتاري ويرز,228,35.0,18.0
ARSB81010,سماعة دوش مع طوبو كروم,كريز,2110,60.0,30.5
MT30062,خلاط شطاف مع شطاف كروم,شيزا,NOVA,220.0,145.0
ART0002,سرفنتينة 15 سم * 15 سم كروم,بيورا,FD-01,75.0,53.0
AASB30044,رف زجاجي كروم,فينوس,VGS-02,110.0,72.0
RA20506,طابة نهاية خط حديد 1/2,الشركة العالمية للتصدير و الإستيراد,,1.5,0.75
EG30108,حوض مطبخ جرانيت أبيض محبب 80*50,سانيبال,توكس,600.0,417.1
MDE50674,خلاط دوش مدفون شريحة دائري كروم,توريما,THEOS 9201011-093,530.0,345.0
ARSB80083,شطاف ظغط دائري مع طوبو كروم,رايمر,332332OL,250.0,180.0
ARSB80356,مصب حوض وجه بدون تحويلة متحرك كروم,ليسو,JR031-16,170.0,115.0
AASB30197,موزع صابون حساس كروم,بضائع أوروبية,RUBBERMAID,150.0,45.0
EG40750,رف كواريون كوارتز 80سم أبيض,سانيتاري ويرز,0360-2-1,330.0,220.0
LG40751,حوض كواريون كوارتز80سم أبيض,سانيتاري واير,0360-2-1,800.0,380.0
ML30752,مرايا حمام مع إضاءة لد-عرض60*80 سم,ديولو,0360-2-1,150.0,100.0
ALVM50389,رأس سيفوني كروم,سانيتاري ويرز,930,75.0,48.0
WS10015,صندوق مقعد معلق أبيض,سانيتاري ويرز,2194,250.0,90.0
ARSB80139,شطاف ظغط دائري مع طوبو كروم,ليسو,902,150.0,98.0
ARSB80380,كسكاس دوش مربع 250*250 مم مع قصبة ذهبي,ليسو,,160.0,95.0
ARSB80257,مخرج شطاف ذهبي مع علاقة,توريما,1372-01018-007,270.0,155.0
PS20411,علاقة ملابس فردي,فينوس,OL-01,75.0,36.86
MDE50807,خلاط دوش مدفون ميريدا أسود,توريما,8Q017BB-093/2,1000.0,685.0
ML30750,مرايا حمام مع إضاءة لد,سانيتاري ويرز,1,150.0,100.0
ML0786,خلاط حوض وجه كروم,سانيتاري ويرز,OM-222,110.0,58.5
ARSB80091,يد شطاف كروم,ميبت,GILBA,25.0,18.0
WS10169,مقعد معلق رايملس أسود,ب.أمور,SH-A006-MB,900.0,552.684
ADOU50323,كروم M3/4'' M1/2'' M1/2'' محول مسطرة دوش,فينوس,NO. 13,40.0,19.0
SA10042,طقم اكسسوار نحاسي,سانيتاري ويرز,,200.0,150.0
ARSB80382,سماعة دوش كروم,بضائع أوروبية,Prakitker,120.0,35.0
AASB30670,مسند لكبار السن كروم,بن أمور,مجموعة بن عمر,200.0,135.0
ARSB80908,كسكاس دوش مربع 300*200 مم مع قصبة كروم,سانيتاري ويرز,OM-118C,110.0,54.0
ARSB80085,شطاف ظغط دائري مع طوبو كروم,توريما,1372-03330-014,200.0,108.0
ARSB80304,مخرج شطاف كروم,توريما,0182711-T40,90.0,48.0
ARSB80334,مخرج شطاف مع علاق كروم,فينوس,OEHS,60.0,42.68
ARSB80337,مصب دوش مع تحويلة كروم,شيزا,48463,140.0,85.0
ARSB80724,قصبة دوش دائري 40 سم كروم,ديولو,,45.0,23.0
ML10789,خلاط حوض وجه كروم,سانيتاري ويرز,OM-36,100.0,53.5
ARSB80868,كسكاس دوش مربع 250*250 مم مع قصبة اسود,توريما,1372-15322-005,890.0,705.0
EL10885,حوض مطبخ ستانلس ستيل 65*45 رصاصي,ب.أمور,Monastir,400.0,255.0
MA20911,خلاط حوض المطبخ سحاب رصاصي,بن أمور,B.AMOR028,470.0,315.0
MC10471,مجرى 30سم *7 سم كروم,بيورا,DL-11-30,170.0,120.0
RA30025,"جرجوري4""",الرطيل,جي أم GM,32.0,17.0
AASB30303,صابونية كروم,ليسو,JR031-2,90.0,45.0
ARSB80899,مثبت خلاط شجرة,سانيتاري ويرز,,15.0,3.75
ARSB80550,سماعة دوش مع طوبو كروم,فينوس,HSS424,85.0,49.47
MD20627,خلاط دوش كروم,بن أمور,huang crown-2,210.0,135.0
PS20687,علاقة مناشف كبيرة ثلاثية كروم,بن أمور,B.A7760-Cr,170.0,100.0
ARSB80089,طوبو شطاف 120 سم كروم,فينوس,BS-120,80.0,39.0
RFP1419,"فسيبلي "" 1/2 أنثى * ""1/2 أنثى 20سم",سالرنو,ITALY,20.0,8.5
ART0025,حاملة فوط كروم,فينوس,BA806,95.0,51.41
ARSB88899,سماعة دوش مع طوبو كروم,اي ار بي,92101,180.0,103.0
RA20468,"سنيسكا 25"" اسود مربع",الجودة,بي بي ر - PPR,180.0,105.0
ARSB80074,شطاف ظغط دائري مع طوبو كروم,ميلانو,,70.0,38.5
ARSB80263,قلب خلاط صغير,سانيتاري ويرز,,25.0,14.0
PE30014,زمالطو ضد الصدأ 3 كغ أبيض مطفي,دهانات المدينة مصراتة,,58.0,53.35
PE30018,زمالطو 3 كغ أزرق سماوي,دهانات المدينة مصراتة,,60.0,44.0
PE30023,زمالطو 2.5 كغ أَحْمَر لامع,دهانات المدينة مصراتة,,50.0,44.0
PE30052,طلاء زيتي ضد الصدأ 850 غ أَحْمَر لامع,دهانات المدينة مصراتة,طلاء زيتي,18.0,13.0
PE30064,طلاء بخاخ داخلي و خارجي كروم لامع,إس كيو إل أو,,10.0,5.25
RA30007,"كوربة 6"" 87.5°",الرطيل,جي أم GM,45.0,39.5
PE30102,ملعقة 20سم,اي بي سي,AC70002,7.0,5.0
PE30130,قادومة 500 غ,إنتكس,,12.0,7.75
PE30131,قادومة 300 غ,إنتكس,,10.0,5.75
PA30162,سطل بناء,الشركة العالمية للتصدير و الإستيراد,,9.0,5.25
PA30250,ميزان 40 سم,صولا,,12.0,7.5
PA30251,ميزان 50 سم,صولا,,14.0,8.5
PA30351,مفتاح تي بالمقبض رقم 10,الشركة العالمية للتصدير و الإستيراد,,10.0,3.25
PA30352,مفتاح تي بالمقبض رقم 12,الشركة العالمية للتصدير و الإستيراد,,10.0,3.25
PA30406,"فرشة صاروخ مفتولة 4"" 100 مم",اي بي سي,AC1906,13.0,7.5
PA30428,ڨوانطي,فندر,,5.0,2.5
PA30494,بونتة 8 * 110 مم,الشركة العالمية للتصدير و الإستيراد,,3.5,1.85
EL50517,لصقة مائية 19مم * 9.1 م,الشركة العالمية للتصدير و الإستيراد,,35.0,22.5
PA30523,ترودي 3.25 * 350 مم (1ممØ),الشركة العالمية للتصدير و الإستيراد,ELKADESIA AG - E 6013,40.0,27.75
FE30526,كسكاس 3/4,بوڨاتي,,30.0,21.0
PA30601,ميزان خيط 500 غرام,الشركة العالمية للتصدير و الإستيراد,,10.0,5.5
TO9053,مفتاح ربط رقم13 مم,الشركة العالمية للتصدير و الإستيراد,AC18693,10.0,5.5
PA30064,مفك سالب,سانيتاري ويرز,193010,10.0,4.1
ELC1113,مثلث كهرباء,الشركة العالمية للتصدير و الإستيراد,,20.0,14.25
PA30738,لقمة جيدور كروم رقم 12,الشركة العالمية للتصدير و الإستيراد,,12.0,2.75
PLSA0168,وردة ذهبي دائري,ليمكس,,15.0,5.5
CC10330,صليبة بيضاء 2.5ملي,الشركة العالمية للتصدير و الإستيراد,,12.0,6.85
CC10366,كولة فواصل 033,kalekim,VANILLA,44.0,35.0
RE10385,حنفية فردية حائط بلاستك,سانيتاري ويرز,TIEMME-57,25.0,6.6
ARSB80949,شطاف ظغط دائري مع طوبو كروم,اي ار بي,30201,140.0,77.0
ARSB92416,قصبة دوش 40 سم كروم,سانيتاري واير,,100.0,56.26
PE30493,طلاء مائي داخلي 10 كغ أبيض نص لمعة,جي ال سي,سوبر داي - تون 2000,280.0,207.36
MC10437,غطاء غرفة تفتيش 40*40 فايبر اسود,ستار سانيتار,,45.0,32.5
ML30465,مرايا حمام مع إضاءة لد مربعة 60*80سم,سانيتاري ويرز,1529,180.0,97.0
PE30503,زمالطو 3 كغ أبيض مطفي,الواحة,,58.0,48.5
PE30530,بونتة حديد رقم 8,سانيتاري واير,,15.0,8.5
PE30531,بونتة حديد رقم 10,سانيتاري واير,,17.0,10.5
ARSB80090,طوبو شطاف 1.2 م أبيض,الشركة التونسية للمواد الصحية,,15.0,5.25
EL10040,حوض مطبخ ستانلس ستيل 304 76*45 سم كروم,أسيل,AS3456,920.0,620.0
ARSB80288,مثبت خلاط فردي,سانيتاري ويرز,,10.0,3.0
ATWC50197,مثبت صندوق بتارية مقعد أرضي,سانيتاري ويرز,TMT257-11,5.0,3.35
ATWC50232,بتارية مقعد أرضي تحت في كييس,سانيتاري ويرز,,60.0,28.0
RFP1750,"فسيبلي "" 1/2 أنثى * ""1/2 أنثى 30سم سميك",فانسكي,اسباني,20.0,7.55
ARSB80451,سماعة دوش مع طوبو كروم,مونتانا س.ل,MT-4101,220.0,110.0
ARSB80411,نبلس خلاط دوش مع وردة كروم,سانيتاري ويرز,,10.0,4.5
CD40542,مسطرة دوش زوجية مع خلاط كروم,بضائع أوروبية,,500.0,250.0
RA20555,مخفض قومه 50*26*35 ايطالي,سانيتاري ويرز,,7.0,2.6
ARSB80734,قصبة دوش دائري 40 سم ذهبي,ديولو,4-36,60.0,27.0
ML30745,مرايا حمام مع إضاءة لد-طول 80*60 سم,ديولو,DE 007,150.0,81.0
ARSB80747,مخرج شطاف مع علاق أسود,فيدار,FD12005-B,60.0,38.0
ARSB80748,مخرج شطاف ذهبي,فيدار,1011-GOLD,65.0,40.0
ARSB80750,مخرج شطاف أسود,فيدار,FD120014-B,60.0,37.0
ALVM50766,سيفون حوض الوجه اسود,فيدار,,150.0,85.5
ALVM50767,سيفون حوض الوجه ذهبي,فيدار,,160.0,98.5
ARSB80816,مخرج شطاف مع علاق أسود,مونتانا س.ل,MT-01B,250.0,99.0
RFP1884,"فسيبلي "" 1/2 أنثى * ""1/2 أنثى 40سم",سانيتاري ويرز,ARB-13-18-SS304-FF,15.0,8.5
MA20927,خلاط حوض المطبخ سحاب أسود,ليسو,JR031-77B,270.0,135.0
PS20734,علاقة ملابس صبعين كروم,سانيتاري ويرز,WL20,40.0,19.0
AM40957,مراية دولاب حمام 70 سم,بن أمور,DS53-70,350.0,150.0
ARSB81009,سماعة دوش مع طوبو كروم,مونتانا س.ل,MT-4102,200.0,108.0
ARSB80106,مصب دوش قصير بدون تحويلة كروم,توريما,0327911-T40,300.0,185.0
MC10001,مجرى شباك 40 سم *8 سم كروم,سانيتاري ويرز,,120.0,49.0
RO10329,حنفية 3/4,سانيتاري ويرز,,25.0,16.5
ARSB80323,قصبة دوش مربعة 30 سم كروم,سانيتاري ويرز,32-31,70.0,25.0
ARSB80281,كسكاس دوش مربع 200*200 مم مع قصبة ذهبي,سانيتاري ويرز,MAF ELSEAH,170.0,93.0
WA40172,غطاء مقعد تركي أبيض,تركي,OZBEST,35.0,18.5
ARSB84562,كسكاس دوش مربع 250*250 مم اسود,ليسو,133-1b,150.0,95.0
AASB30045,رف زجاجي كروم,فينوس,VGS-01,110.0,71.0
AASB30049,موزع صابون سائل كروم,ليسو,JR031-20,90.0,55.0
MD20242,خلاط دوش كروم,توريما,VELVET 8V16211-093,550.0,395.0
SA10651,طقم اكسسوار ذهبي,بن أمور,,280.0,170.0
PS20732,علاقة مناشف كبيرة بالرف كروم,سانيتاري ويرز,WL10,200.0,130.0
ARSB80135,مصب دوش مع تحويلة كروم,سانيتاري ويرز,,80.0,42.0
MC10415,مجرى 75 سم *7 سم كروم,بيورا,DL-11-75,390.0,303.0
MC10006,مجرى 30 سم *6 سم دهبي,سانيتاري ويرز,,150.0,90.0
ARSB80822,مصب دوش مع تحويلة أسود,سي أر سمارت,15.16.2,120.0,75.0
ARSB80499,سماعة دوش مع طوبو كروم,توريما,1372-009,250.0,135.0
ATWC50233,بتارية مقعد أرضي تحت في كييس,سانيتاري ويرز,,40.0,15.0
ALVM50288,رأس سيفوني كروم,اي ار بي,,150.0,95.0
PD20456,حاجز دوش 8 مم مخطط 80*190 سم أسود,سانيتاري ويرز,14-40,520.0,395.0
MC10731,سرفنتينة 15 سم * 15 سم كروم,CYRENE,,75.0,45.0
ARSB80656,سماعة دوش مع طوبو كروم,فينوس,HSS423,85.0,49.47
PS20761,علاقة ملابس سداسية,فينوس,RO-06,110.0,58.0
SA10835,طقم اكسسوار أسود,بن أمور,,300.0,165.0
ML10052,خلاط حوض وجه طويل كروم,ب.أمور,مجموعة بن عمر,270.0,173.0
VS10191,حوض وجه معلق -80 سم,تركواز سيراستايل,FRAME,720.0,441.35
VS10201,حوض وجه معلق -80 سم,تركواز سيراستايل,SHARP,900.0,659.6
PLSA0258,"كوربة ذكر ""1/2 * ""1/2 مع وردة كروم",سانيتاري ويرز,F040CR002,20.0,14.0
MD20246,خلاط دوش أسود,ليسو,B15-031,200.0,105.0
AM0696,دولاب حمام مع حوض وجه 80 سم,بن أمور,203-80,1100.0,550.0
AM40697,مراية دولاب حمام 80 سم,بن أمور,203C-80,420.0,250.0
ARSB80989,شطاف ظغط مجرح مع طوبو كروم,اي ار بي,30101,150.0,77.0
SA10735,طقم اكسسوار ذهبي,ليسو,JR133-16G,320.0,190.0
RA20470,"سنيسكا 25"" ذهبي مربع",الجودة,بي بي ر - PPR,180.0,105.0
EL10888,حوض مطبخ ستانلس ستيل 80*48 رصاصي,ب.أمور,Siena,680.0,435.0
WS10168,مقعد معلق رايملس أسود,ب.أمور,SH-A001-MB,750.0,565.0
ARSB80312,مخرج شطاف كروم,شيزا,48593,80.0,40.0
MA20051,خلاط حوض المطبخ سحاب اسود,ليسو,,310.0,225.0
ATWC50157,مثبت غطاء مقعد سكة بلستك,سانيتاري ويرز,,10.0,2.5
ML10247,خلاط حوض وجه اسود,ليسو,B19-133,280.0,115.0
CD40760,مسطرة دوش زوجية كروم,سانيتاري ويرز,JR079-27,250.0,130.0
PLSA0404,وردة كروم,فينوس,F45,12.0,5.25
PA30449,خيط أحذية 120 غ,الشركة العالمية للتصدير و الإستيراد,,4.0,2.1
PA30056,بونتة 6 * 16سم,الشركة العالمية للتصدير و الإستيراد,,5.0,2.45
AASB30669,مسند لكبار السن أبيض,بن أمور,مجموعة بن عمر,180.0,100.0
ARSB80854,سماعة دوش دائرية مع طوبو أسود,مجموعة بن عمر,,140.0,70.0
ARSB80339,"مسكر شطافة ""1/2"" * ""1/2 كروم",فينوس,,60.0,26.0
PE30031,دهان عازل أكريليكي كغ3.5 أبيض,دهانات المدينة مصراتة,الزواق,60.0,38.4
PE30046,طلاء زيتي 700 غ بني لامع,دهانات المدينة مصراتة,طلاء زيتي,20.0,15.0
PE30049,طلاء زيتي 700 غ بُرْتُقَالِيّ,دهانات المدينة مصراتة,طلاء زيتي,20.0,15.0
PE30051,طلاء زيتي 850 غ أبيض لامع,دهانات المدينة مصراتة,طلاء زيتي,30.0,19.4
PE30054,طلاء زيتي 850 غ فضي,دهانات المدينة مصراتة,طلاء زيتي,30.0,25.0
PE30055,طلاء زيتي 850 غ نحاسي,دهانات المدينة مصراتة,طلاء زيتي,30.0,25.0
PE30069,طلاء بخاخ داخلي و خارجي 300 مل رَمَادِي,راتا,,10.0,5.0
PS20018,علاقة مناشف كروم,فينوس,BA 805,180.0,112.8
RA30069,"كوربة رايحة لسيفون 3""",الرطيل,جي أم GM,9.0,5.5
PA30119,رأس قفل بي في سي 9 سم,الشركة العالمية للتصدير و الإستيراد,,20.0,13.0
PE30200,"سكينة تغليف 5""",اي بي سي,AC70028,6.0,3.45
P30325,عوامة 3/4,الشركة العالمية للتصدير و الإستيراد,,65.0,48.0
PA30331,منشار شجر,الشركة العالمية للتصدير و الإستيراد,SAMORAI,20.0,12.0
PA30350,مفتاح تي بالمقبض رقم 8,الشركة العالمية للتصدير و الإستيراد,,10.0,3.25
PA30353,مفتاح تي بالمقبض رقم 13,الشركة العالمية للتصدير و الإستيراد,,10.0,3.25
PA30364,متر 3م,فندر,,9.0,4.75
PA30407,"فرشة صاروخ مفتولة 3"" 75 مم",اي بي سي,AC1905,8.0,5.0
PA30420,حبل نشر 2.5 مم 10 متر,الشركة العالمية للتصدير و الإستيراد,,3.0,1.5
PA30447,خيط لينسة,الشركة العالمية للتصدير و الإستيراد,,5.0,2.35
RA20596,"فلفلة باب 3/4"" سن داخلي",الشركة العالمية للتصدير و الإستيراد,,50.0,33.0
PA30396,قفل شنطة نحاس 63 مم,الشركة العالمية للتصدير و الإستيراد,,10.0,6.25
ELC2395,قرجوطة 16مم *50 م,فاندي,F0021,40.0,25.0
ELC2001,قرجوطة 19مم *50 م,فاندي,F0022,45.0,29.0
PA30013,برميل 20 لتر,فاندي,,15.0,8.36
EL50101,لامبة لد 10 وات,دي بي اس,E27,5.0,2.75
PE30195,طلاء مائي داخلي 10 كغ أبيض 4% لمعة,جي ال سي,سوبر داي - تون 7070,215.0,189.15
PA30736,لقمة جيدور كروم رقم 10,الشركة العالمية للتصدير و الإستيراد,,10.0,2.75
RFP1217,"فسيبلي "" 1/2 أنثى * ""1/2 أنثى 60سم",سانيتاري ويرز,,15.0,13.5
MC10253,سرفنتينة10 سم * 10 سم كروم,فينوس,,50.0,28.565
PE30355,دهان مطاطي عازل أكريليكي كغ3.5 أبيض,دهانات المدينة مصراتة,,53.0,41.8
RE10386,حنفية فردية حوض بلاستك,سانيتاري ويرز,TIEMME-58,25.0,6.6
PE30433,قاعدة ماكينة سنفر صاروخ,الشركة العالمية للتصدير و الإستيراد,,12.0,5.25
RFP1450,"فسيبلي "" 1/2 أنثى * ""1/2 أنثى 60سم",سانيتاري ويرز,اسباني,25.0,18.5
ARSB80507,مصب دوش مع تحويلة كروم,ليسو,JR079-10,160.0,85.0
PE30526,طلاء زيتي 850 غ أبيض مطفي,دهانات المدينة مصراتة,طلاء زيتي,30.0,19.4
PE30527,بونتة حديد رقم 4,سانيتاري واير,,8.0,3.75
PE30529,بونتة حديد رقم 6,سانيتاري واير,,12.0,4.75
EL50534,قاعدة مكيف ابوفارس,الشركة العالمية للتصدير و الإستيراد,,75.0,43.5
PE30542,كولة 500 مل,الشركة العالمية للتصدير و الإستيراد,GM900,60.0,52.5
PE30544,لصقة دبل فيس 3 سم 5متر,الشركة العالمية للتصدير و الإستيراد,,12.0,5.5
ARSB80006,سماعة دوش مايك مع طوبو كروم,ليسو,ABS 701,80.0,39.0
RA20209,"تحويلة 4""",سانيتاري ويرز,,7.0,2.0
PLSA0230,وردة كروم 3/4,سانيتاري ويرز,7-8865,7.0,2.4
PLSA0415,وردة أسود 1/2,MYVEN,ITALY,4.0,1.35
ALVM50428,سيفون حوض الوجه كروم,مونتانا س.ل,MT-9102,250.0,165.0
AASB30311,مجفف شعر أبيض,فينوس,SD-100,150.0,99.0
MC10715,مجرى 50 سم *7 سم كروم,لونج 304,LONG,300.0,160.0
ARSB80749,مخرج شطاف ذهبي,فيدار,1010-GOLD,65.0,41.0
ARSB80756,مصب دوش بدون تحويلة ذهبي,فيدار,8077-GOLD,100.0,63.0
ARSB80761,مخرج شطاف مع علاق أسود,فيدار,FD12008-B,110.0,69.0
ARSB80762,مخرج شطاف مع علاق ذهبي,فيدار,FD12008-G,115.0,75.0
ARSB80768,رشاش دوش كروم,فيدار,,65.0,37.5
ALVM50776,رأس سيفوني كروم,فيب,OSY-6,65.0,18.0
PS20922,علاقة مناشف زوجية كروم,سانيتاري ويرز,WL-30,200.0,130.0
ME10926,خلاط حوض المطبخ شجرة مولة كروم,ليسو,JR031-85,370.0,245.0
ARSB80935,مصب حوض وجه طويل بدون تحويلة كروم,ليسو,079-30,190.0,110.0
ML30936,مرايا حمام مع إضاءة لد كريستال 60*80سم,ديولو,DIOLLO 040,210.0,135.0
AM0955,دولاب حمام -70 سم,بن أمور,DS53-70,650.0,300.0
VS10956,حوض وجه معلق -70 سم,سانيتاري واير,DS53-70,400.0,250.0
AM0967,دولاب حمام -60 سم,بن أمور,003-60,600.0,310.0
VS10968,حوض وجه معلق -60 سم,سانيتاري واير,003-60,400.0,250.0
AM40969,مراية دولاب حمام 60 سم,بن أمور,003-60-AB,350.0,150.0
AM0971,دولاب حمام -60 سم,بن أمور,011-60,600.0,310.0
VS10972,حوض وجه معلق -60 سم,سانيتاري واير,011-60,400.0,250.0
AM40973,مراية دولاب حمام 60 سم,بن أمور,011-60-C,350.0,150.0
AM0975,دولاب حمام -60 سم,بن أمور,009-60,600.0,310.0
VS10976,حوض وجه معلق -60 سم,سانيتاري واير,009-60,400.0,250.0
AM40977,مراية دولاب حمام 60 سم,بن أمور,009-60-F,350.0,150.0
RFP1991,"فسيبلي "" 1/2 أنثى * ""1/2 أنثى 50سم",فانسكي,vip,60.0,65.0
PA31004,مدور نحاسي,سانيتاري ويرز,NEMBER-10,5.0,1.35
ML31021,مرايا حمام ضد البخار لد بالعلاقة اطار وردة كروم70*70سم,RIMERIO,670,230.0,148.0
ML31022,مرايا حمام ضد البخار لد بالعلاقة اطار وردةأسود70*70سم,RIMERIO,672,230.0,148.0
ALVM51034,سيفون حوض الوجه كروم,مونتانا س.ل,MT-9101,230.0,145.0
ARSB81046,وصلة مسطرة دوش60 كروم سم,DOUS,DT-52,25.0,6.95
ARSB81047,وصلة مسطرة دوش40سم كروم,سانيتاري ويرز,,25.0,6.3
AECU51048,سيفون حوض المطبخ راس كبير بالهواية,سانيتاري ويرز,,50.0,33.5
ML30797,مرايا حمام ضد البخار مع إضاءة لد بالعلاقة اطار أسود 70*70سم,سانيتاري ويرز,4017,280.0,185.0
MO10925,خلاط حوض المطبخ مولة تحلية كروم,ليسو,JR031-35,430.0,265.0
ALVM50790,رأس سيفوني رخامي,سانيتاري ويرز,41,60.0,18.0
MC10990,مجرى 40 سم *6 سم كروم,lineardrain,6A40/T42TC,255.0,185.0
MT30064,خلاط شطاف مع شطاف أسود,شيزا,NOVA,330.0,215.0
VP20216,حوض وجه فوق الرخام ذهبي -48سم,ب.أمور,G340,300.0,154.0
RO10287,مسكر زاوية ''1/2 * ''1/2 كروم,فينوس,S-8,35.0,18.0
ATWC50424,بتارية مقعد أرضي تحت,سانيتاري ويرز,,80.0,62.5
ARSB80018,مصب حوض وجه كروم,توريما,0320011-T45,270.0,185.0
MF20189,مراية حمام صغيرة بالعلاقة ضد البخار كروم,ونكو,CALI,40.0,15.0
AASB30198,صابون سائل,بضائع أوروبية,RUBBERMAID,15.0,10.0
ML10859,خلاط حوض وجه أسود,سانيتاري ويرز,OM-105-BLACK,150.0,60.0
SI10509,سلكون حراري استرا اسود 1600c,,,30.0,23.0
MA20913,خلاط حوض المطبخ سحاب أسود مطفي,بن أمور,B.AMOR031,320.0,210.0
WS10170,مقعد معلق رايملس أبيض,تركواز سيراستايل,AQUA NEW DESIGN,1100.0,873.0
AASB30004,موزع صابون ابيض,فينوس,SD11w,50.0,31.04
ARSB80031,شطاف ظغط دائري طتش مع طوبو كروم,توريما,1372-013,220.0,135.0
MT30243,خلاط شطاف كروم,توريما,VELVET 8V25111-093,380.0,295.0
VP20483,حوض وجه فوق الرخام أبيض -40*30 سم,ب.أمور,SH-8218A,200.0,103.0
AASB30310,صابونية كروم حساس,سانيتاري ويرز,WL19,80.0,48.0
WS10590,مقعد معلق رايملس رصاصي,ب.أمور,SH-006MG,900.0,570.0
ARSB80599,كسكاس دوش مربع شريحه 250 مم,توريما,1372-01485-001,320.0,180.0
ARSB80907,كسكاس دوش مربع 300*200 مم مع قصبة أسود,سانيتاري ويرز,OM-118B,110.0,55.0
ARSB81038,وصلة مسطرة دوش40سم ذهبي,سانيتاري ويرز,,25.0,13.5
ARSB81039,وصلة مسطرة دوش40سم أسود,سانيتاري ويرز,,25.0,12.5
WP20477,مقعد أرضي ملحوم مربع قصير أبيض,ب.أمور,SH-805,1150.0,680.0
MTE60562,خلاط شطاف مدفون كروم,بيلا,M30,250.0,165.0
ML30796,مرايا حمام ضد البخار مع إضاءة لد 80*100 سم,سانيتاري ويرز,4015,270.0,180.0
CD40426,مسطرة دوش زوجية كروم,بضائع أوروبية,5034-E MONTE,590.0,320.0
RFP1420,"فسيبلي "" 1/2 أنثى * ""1/2 أنثى 30سم",سانيتاري ويرز,اسباني,20.0,10.5
PS20039,علاقة مناشف كروم,سانيتاري ويرز,,90.0,32.0
ARSB80017,مصب دوش قصير بدون تحويلة كروم,توريما,0328111-T40,450.0,300.0
AASB30031,صابونية كروم,ونكو,SAN REMO,75.0,22.5
ART0023,صابونية كروم,فينوس,BA807,145.0,84.0
CD40002,مسطرة دوش زوجية كروم,بضائع أوروبية,5034-E MONTE,580.0,350.0
ATWC50156,مثبت غطاء مقعد سكة هندي,سانيتاري ويرز,,10.0,2.95
ARSB80460,مصب دوش بدون تحويلة كروم,فينوس,RACHEL D2ES,140.0,71.78
ARSB88400,طوبو شطاف 120 سم كروم,فينوس,9001,60.0,23.0
ML10800,خلاط حوض وجه كروم,بن أمور,B.AMOR004,340.0,225.0
ARSB80500,شطاف ظغط مربع مع طوبو كروم,ليسو,,160.0,78.0
ARSB80125,مخرج شطاف كروم,فينوس,OLER,60.0,43.6
RA20007,"كوع 32"" لحام",فرات,بي بي ر - PPR,3.0,1.321
RA20034,"سنيسكا 25"" كروم",فرات,بي بي ر - PPR,85.0,61.0
RA30002,طوبو1.5'' 6 متر,الرطيل,جي أم GM,50.0,39.0
RA30006,"مثلث 6"" 87.5°",الرطيل,جي أم GM,68.0,57.0
RA30024,"جرجوري 4"" * 3""",الرطيل,جي أم GM,30.0,17.0
RA30038,"ديسكو حديد تنظيف 7"" 180 مم",كداس,A 30 PLUS T-BF,17.0,10.5
RA30040,"ديسكو طرانجة 14"" 350 مم",كداس,A 24 PLUS T-BF,35.0,24.75
RA30043,"ديسكو تنظيف 4.5"" 115 مم",كداس,A 24 PLUS T-BF,10.0,5.65
RA30044,"ديسكو تنظيف 4"" 100*6.4*16",إيما,A 24 P BF,8.0,3.75
RA30096,كلبس كاو رقم 10,الشركة العالمية للتصدير و الإستيراد,,3.0,0.85
EL50097,كلبس كاو رقم 12,الشركة العالمية للتصدير و الإستيراد,,3.5,1.35
EL50096,كلبس كاو رقم 16,الشركة العالمية للتصدير و الإستيراد,,4.0,1.9
EL50098,كلبس كاو رقم 18,الشركة العالمية للتصدير و الإستيراد,,4.0,2.0
PE30099,ملعقة 18سم,اي بي سي,AC70001,7.0,4.75
PE30152,عصاة مطرقة,الشركة العالمية للتصدير و الإستيراد,,12.0,7.75
PE30158,منجل,الشركة العالمية للتصدير و الإستيراد,,10.0,5.75
P30165,عصاة فأس,الشركة العالمية للتصدير و الإستيراد,,21.0,14.5
PE30199,"سكينة تغليف 3""",اي بي سي,AC70026,5.0,2.95
P30326,عوامة 3/4,الشركة العالمية للتصدير و الإستيراد,,40.0,27.5
PE30345,مقص عنب,اي بي سي,AC18736,30.0,19.5
PA30377,كستولة,الشركة العالمية للتصدير و الإستيراد,,10.0,5.5
PE30417,عصاة ماصة,الشركة العالمية للتصدير و الإستيراد,,9.0,4.5
PA30418,عصاة مسحة,الشركة العالمية للتصدير و الإستيراد,,20.0,14.0
PA30431,ڨوانطي,فندر,,12.0,6.1
PA30432,ڨوانطي,فندر,,25.0,15.5
ACOL30581,ريتي لياسة حديد 25 سم,الشركة العالمية للتصدير و الإستيراد,,5.0,2.9
PA30586,سبتة التبجاني,الشركة العالمية للتصدير و الإستيراد,,20.0,15.5
RA20598,"فلفلة باب 1/2"" سن داخلي",الشركة العالمية للتصدير و الإستيراد,,30.0,19.0
RA20600,"كوربة توماتك 32 - 1"" سن خارجي",الشركة العالمية للتصدير و الإستيراد,,23.0,14.5
PA30393,قفل شنطة نحاس 32 مم,الشركة العالمية للتصدير و الإستيراد,263,4.0,1.9
PA30395,قفل شنطة نحاس 50 مم,الشركة العالمية للتصدير و الإستيراد,,7.0,4.5
PA30399,زاوية كرسي 20 * 37 * 1 مم (4 قطع),الشركة العالمية للتصدير و الإستيراد,,3.5,1.6
ELC2003,قرجوطة 23مم *50 م,فاندي,F0023,58.0,37.5
ELC2004,قرجوطة 26مم *50 م,فاندي,F0024,70.0,34.75
PA30017,مفتاح بيبة رقم13مم,الشركة العالمية للتصدير و الإستيراد,AC18693,10.0,4.85
PA30055,رزة باب حديد رقم12,الشركة العالمية للتصدير و الإستيراد,,10.0,3.5
PA30061,رزة باب حديد رقم14,الشركة العالمية للتصدير و الإستيراد,,10.0,4.5
PA30066,مفك سالب قصير كورة,سانيتاري ويرز,193000,10.0,3.5
EL50997,لامبة لد 60وات,دي بي اس,E27,20.0,10.75
PA30737,لقمة جيدور كروم رقم 11,الشركة العالمية للتصدير و الإستيراد,,12.0,2.75
PA30739,لقمة جيدور كروم رقم 13,الشركة العالمية للتصدير و الإستيراد,,12.0,2.75
PA30741,لقمة جيدور كروم رقم 8,الشركة العالمية للتصدير و الإستيراد,,8.0,2.75
RFP1213,"فسيبلي خلاط مطبخ شجرة (2طرف) ""1/2أنثى 50سم",فيرمر,,35.0,18.0
ARSB804093,مصب دوش بدون تحويلة,ليسو,31-079,180.0,95.0
ALVM56402,رأس سيفوني كروم,بريمكس,203,60.0,22.31
PE30457,طلاء بخاخ داخلي و خارجي رصاصي,سوتينول - الغزالة,,10.0,4.833
PE30432,قاعدة ماكينة سنفر6فتحات,الشركة العالمية للتصدير و الإستيراد,,32.0,25.5
PE30434,موس فرش قصير معا غيار,فندر,191801,10.0,4.25
PE30436,"سكينة تغليف يد بلاستك 10""",الشركة العالمية للتصدير و الإستيراد,,12.0,7.25
RA20453,"سنيسكا 32"" كروم",فرات,بي بي ر - PPR,125.0,97.75
MC10457,سرفنتينة 15 سم * 15 سم كروم,دافيس,,85.0,53.5
ARSB80506,مخرج شطاف كروم,ليسو,8-133,90.0,33.0
AASB30856,سلة قمامة ذهبي معلقة 5 لتر,سانيتاري ويرز,,133.0,100.0
RFP1543,"فسيبلي خلاط مطبخ شجرة (2طرف) ""1/2أنثى 60سم",ستار سانيتار,,20.0,8.25
RO10572,حنفية غسالة ''1/2 * ''3/4 كروم,توريما,1372-RO0271-002,60.0,35.0
RFP1877,"فسيبلي خلاط مطبخ شجرة (2طرف) ""1/2أنثى 60سم",ليريا,NT-240401-12,30.0,12.5
WA40444,غطاء مقعد تركي أبيض,تركي,OZBEST KP720,60.0,43.0
MD20524,خلاط دوش كروم,سانيتاري ويرز,OM-103,120.0,77.0
ARSB80760,مصب دوش مع تحويلة أسود,فيدار,FD12001-B,120.0,80.0
MD20857,خلاط دوش ذهبي,سانيتاري ويرز,OM-103-GOLD,150.0,88.0
MD20860,خلاط دوش أسود,سانيتاري ويرز,OM-103-BLACK,150.0,84.0
PS20733,علاقة ملابس ثلاثية دوران بدون قصبة,سانيتاري ويرز,2686,80.0,37.0
RFP1432,"فسيبلي خلاط (2طرف) ""1/2 أنثى 50سم",سانيتاري ويرز,,35.0,20.0
MM30024,خلاط حوض المطبخ حائطي كروم,شيزا,LONG,200.0,125.0
MD20248,خلاط دوش ذهبي,ليسو,G15-031,200.0,120.0
MC10452,مجرى 50 سم *6 سم كروم,درنيا,,330.0,200.0
ARSB80246,مصب دوش شلال بدون تحويلة كروم,سانيتاري ويرز,,240.0,155.0
CD40622,مسطرة دوش زوجية مربعة مع خلاط أسود,بن أمور,,520.0,320.0
ML10896,خلاط حوض وجه شاشة أسود,ليسو,JR031-88,290.0,175.0
ARSB80926,مصب دوش نحاس مع تحويلة كروم,ليسو,2505,180.0,115.0
MA20623,خلاط حوض المطبخ سحاب أسود-كروم,بن أمور,SUS304 PULL-OUT,300.0,175.0
MC10646,مجرى 40 سم *8 سم ذهبي,بن أمور,,220.0,85.0
ML10858,خلاط حوض وجه ذهبي,سانيتاري ويرز,OM-105-GOLD,150.0,77.0
MA20894,خلاط حوض المطبخ سحاب كروم,سانيتاري ويرز,WL15,350.0,230.0
AASB30737,رف فردي 50 سم,سانيتاري ويرز,wl7,100.0,55.0
AASB30672,فرشاة تنظيف مرحاض أسود,بن أمور,مجموعة بن عمر,85.0,50.0
AASB30401,حاملة ورق منظف كلينكس,سانيتاري ويرز,2683,90.0,33.0
ALVM50808,سيفون حوض الوجه كروم,توريما,1372-01658-002,300.0,205.0
WA40043,غطاء مقعد أبيض,كورنات,VIGO,90.0,45.0
EG30870,حوض مطبخ جرانيت رصاصي60*45 فردي,ب.أمور,Cedria,640.0,425.0
ARSB80079,شطاف ظغط دائري مع طوبو كروم,فينوس,AHF13,80.0,47.53
PE30033,استوك 10 كغ,دهانات المدينة مصراتة,معجون المدينة مصراتة,45.0,33.6
RA30001,طوبو1'' 6 متر,الرطيل,جي أم GM,45.0,33.0
RA30003,طوبو3'' 6 متر,الرطيل,جي أم GM,105.0,85.0
PE30098,ملعقة 18سم,اي بي سي,AC70001,7.0,4.75
PE30100,ملعقة 20سم,اي بي سي,AC70002,8.0,5.5
PE30101,ملعقة 20سم,اي بي سي,AC70002,8.0,5.5
PA30127,قفل طلقة 100 مم,الشركة العالمية للتصدير و الإستيراد,,25.0,17.5
PE30132,قادومة 200 غ,إنتكس,,9.0,4.75
PE30194,لصقة طلاء 27 مم,الشركة العالمية للتصدير و الإستيراد,2200,2.5,1.15
PLSA0266,وردة ذهبي,ليمكس,LY-2071,20.0,14.5
PE30321,كولة 473 مل,الشركة العالمية للتصدير و الإستيراد,,35.0,26.5
CC10340,كولة خشب 1 كغ,بنتكول,B 103,20.0,13.0
PA30493,بونتة 6 * 110 مم,الشركة العالمية للتصدير و الإستيراد,,5.0,2.35
PA30501,بونتة 20 * 450 مم,الشركة العالمية للتصدير و الإستيراد,,17.0,12.5
PE30374,اسمنت ابيض 50كغ,سانيتاري ويرز,اسمنت بورتلاندي ابيض,48.0,37.0
PA30063,مفك سالب,سانيتاري ويرز,193028,10.0,4.5
PE30896,عازل ناري 16 كغ,دهانات المدينة مصراتة,العازل,370.0,292.8
ARSB80275,كسكاس دوش مربع 250*250 مم مع قصبة كروم,ليسو,,250.0,120.0
RA20325,كسكاس ريتي 32غاطس,بوڨاتي,بي بي ر - PPR,40.0,31.5
RFP1375,"فسيبلي "" 1/2 ذكر * ""1/2 أنثى 50سم",سانيتاري ويرز,ايطالي,20.0,9.25
PLSA0233,"نبلس ""1/2 * ""3/8 كروم",سانيتاري ويرز,,10.0,4.5
AECU50057,صابونية حوض مطبخ أسود,سانيتاري ويرز,,35.0,12.0
ARSB80404,كسكاس رقبة خلاط متحركة كروم,سانيتاري ويرز,,5.0,0.375
ML30741,مرايا حمام مع إضاءة لد-عرض 60*90 سم,ديولو,DE 003,170.0,90.0
ARSB80755,مصب دوش بدون تحويلة أسود,فيدار,FD12002-B,90.0,57.0
ARSB80759,مصب دوش بدون تحويلة ذهبي,فيدار,FD12002-G,100.0,63.0
ARSB80934,مصب حوض وجه طويل بدون تحويلة كروم,ليسو,079-31,190.0,110.0
ML30935,مرايا حمام مع إضاءة لد 60*80سم اطار كروم,ديولو,DE 022-CC,200.0,125.0
ML30937,مرايا حمام مع إضاءة لد80*60سم,ديولو,DIOLLO 030,170.0,88.0
MT31007,خلاط شطاف مع شطاف كروم,فيغاروو,EM-003B,220.0,123.0
ML11008,خلاط حوض وجه طويل كروم,فيغاروو,EM-02,220.0,127.0
MT30249,خلاط شطاف مع شطاف ذهبي,ليسو,G2-079,180.0,100.0
ARSB80185,مخرج شطاف ذهبي,سانيتاري ويرز,,50.0,25.0
ME10572,خلاط حوض المطبخ شجرة كروم,توريما,TAG 8L52611-040,400.0,225.0
ARSB80765,وصلة مسطرة دوش30سم,DOUS,DS 06-213,25.0,7.5
MA20923,خلاط حوض المطبخ سحاب كروم مطفي,بن أمور,B.AMOR036,270.0,160.0
MA20931,خلاط حوض المطبخ سحاب كروم,ليسو,JR031-93,300.0,185.0
MA20910,خلاط حوض المطبخ سحاب ذهبي,بن أمور,B.AMOR027,445.0,295.0
ATWC50215,بتارية مقعد أرضي تحت,سانيتاري ويرز,,40.0,14.5
ARSB80477,طوبو دوش 150سم كروم,ليفرنو هوم,,50.0,20.0
AASB30003,موزع صابون كروم,فينوس,SD12C,80.0,41.71
WA40589,غطاء مقعد رايملس أبيض,ب.أمور,SC-SH-006,100.0,60.0
ML30800,مرايا حمام ضد البخار مع إضاءة لد 80*70 سم,سانيتاري ويرز,4004,200.0,125.0
EL10901,حوض مطبخ ستانلس ستيل منظومة بيانو 304 80*46 أسود,بن أمور,,980.0,620.0
ARSB81002,شطاف ضغط مربع مع طوبو ذهبي,سانيتاري ويرز,NONAS,95.0,44.62
ARSB80278,مخرج شطاف مع علاق كروم,شيزا,48593,85.0,38.0
ARSB80037,سماعة دوش مع طوبو ذهبي,تركواز سيراستايل,,100.0,63.0
ART0006,قصبة دوش مربعة 30 سم كروم,رايمر,348S30,270.0,145.0
MC10012,سرفنتينة 15 سم * 15 سم كروم,فيها,,90.0,37.7
EG30863,حوض مطبخ جرانيت أبيض مطفي79*51 فردي,ب.أمور,Jammel,750.0,475.0
EG30871,حوض مطبخ جرانيت رصاصي72*47 فردي,ب.أمور,Nice,720.0,480.0
PLSA0259,"طابة ""1/2 مع وردة كروم",دوس,06-110,20.0,11.5
PE30042,طلاء عاز ل مطاطي 15 كغ,الواحة,العازل,170.0,160.05
RA30008,"كوربة 6"" 45.5°",الرطيل,جي أم GM,48.0,36.5
RA30047,"مخفض 4"" * 3""",الرطيل,جي أم GM,15.0,7.5
PE30117,مقص عنب,اي بي سي,AC18735,21.0,13.5
PA30128,قفل طلقة 90 مم,الشركة العالمية للتصدير و الإستيراد,,24.0,16.5
PA30129,قفل طلقة 80 مم,الشركة العالمية للتصدير و الإستيراد,,22.0,15.5
PE30133,قادومة 100 غ,إنتكس,,8.0,4.5
PA30164,سطل بناء,الشركة العالمية للتصدير و الإستيراد,,10.0,6.25
PE30179,مزيل صدأ 400 مل,الشركة العالمية للتصدير و الإستيراد,NOBEX NST 180,25.0,18.5
PE30204,"سكينة تغليف يد خشب 6"" 150 مم",اي بي سي,AC18799,6.5,3.75
PA30207,"كلاب 7"" 175 مم",فندر,PT1323,27.0,19.5
PA30214,كلاب 180 مم,الشركة العالمية للتصدير و الإستيراد,NWS 131-12-180,110.0,75.0
PA30232,ڨنبالي,الشركة العالمية للتصدير و الإستيراد,,50.0,35.0
PA30233,دليل باب سحاب,الشركة العالمية للتصدير و الإستيراد,,11.0,6.75
PA30435,ڨوانطي,الشركة التونسية للمواد الصحية,200G XL,8.0,4.55
CC10472,كولة,بنتكول,,10.0,6.25
PA30489,مفتاح زڨنالي (9 قطع),فندر,193125,22.0,15.5
PA30497,بونتة 8 * 450 مم,الشركة العالمية للتصدير و الإستيراد,,9.0,5.5
PA30499,بونتة 16 * 450 مم,الشركة العالمية للتصدير و الإستيراد,,14.0,10.0
PA30535,بينسة فاصل سراميك,الشركة العالمية للتصدير و الإستيراد,,30.0,20.5
RA20536,وصلة أتوماتك,الشركة العالمية للتصدير و الإستيراد,,15.0,8.5
PA30552,فيتي لاميرة 4.2 * 32 (100غ),الشركة العالمية للتصدير و الإستيراد,,4.0,1.575
PA30589,سلسلة ترية (75 سم),الشركة العالمية للتصدير و الإستيراد,,5.0,3.0
PA30604,رزة إصلاح,الشركة العالمية للتصدير و الإستيراد,,2.0,1.3
PA30617,قفل درج 32 مم,الشركة العالمية للتصدير و الإستيراد,,6.0,3.75
PA30394,قفل شنطة نحاس 25 مم,الشركة العالمية للتصدير و الإستيراد,263,3.5,1.85
PLSA0092,"مُطوِّل ""1/2 * 25كروم",سانيتاري ويرز,,10.0,6.85
PA30048,خباشة زيتون فليتي,الشركة العالمية للتصدير و الإستيراد,,5.0,1.35
RA20275,"فلفلة مولة 3/4"" سن داخلي",الشركة العالمية للتصدير و الإستيراد,,35.0,20.5
FE30276,كسكاس 1 نحاس,بوڨاتي,,50.0,36.0
RA20554,"مخفض قومه 1.5""",سانيتاري ويرز,,7.0,2.1
PE30499,فرشة طلاء ايطالية رقم60,فندر,,12.0,5.75
ARSB85299,رشاش دوش كروم,اي ار بي,2,150.0,90.0
ARSB85300,رشاش دوش كروم,اي ار بي,2,145.0,160.0
EL50405,علبة مكيف,فاندي,F0026,30.0,23.0
PA32453,بونتة 8 * 160 مم,الشركة العالمية للتصدير و الإستيراد,,5.0,1.85
PE30552,زمالطو زيتي 3 كغ اسود مطفي,دهانات المدينة مصراتة,,58.0,49.92
PE30533,سكينة تغليف8 بلستك,اي بي سي,,12.0,6.75
PE30545,"سكينة تغليف 3""",,AC70026,8.0,3.283
PLSA0443,مطول 1/2*50 مم كروم,سانيتاري ويرز,,18.0,13.5
PLSA0403,وردة كروم,فينوس,F48,10.0,4.122
ARSB88868,مخرج شطاف مربع بالعلاقة أسود,توريما,1372-01018-006,220.0,155.0
ARSB80224,"مسكر شطافة ""1/2"" * ""1/2 كروم",رايمر,128S1212,90.0,61.5
MC10480,مجرى 45سم *7 سم كروم,بيورا,DL-11-45,310.0,238.0
ARSB80212,مصب بدون تحويلة 18 سم كروم,بضائع أوروبية,91L,260.0,160.0
ARSB80462,كسكاس دوش مربع 250 مم كروم,توريما,1372-01438-002,300.0,140.0
MC10455,مجرى 50 سم *8 سم مشبكة كروم,سانيتاري ويرز,,130.0,73.0
PS20007,علاقة ملابس خماسية,سانيتاري ويرز,,50.0,30.0
AASB30062,صابونية كروم,ونكو,REVELLO,75.0,22.5
MC10004,مجرى 40 سم *6 سم دهبي,سانيتاري ويرز,,160.0,100.0
ARSB80324,كسكاس دوش مربع 250*250 مم مع قصبة كروم,توريما,1372-15231-007,550.0,385.0
ALVM50397,رأس سيفوني رخامي,سانيتاري ويرز,25.15,60.0,25.0
MD20619,خلاط دوش كروم,بن أمور,huang crown-1,250.0,150.0
ML30834,مرايا حمام ضد البخار مع إضاءة لد 60*80 سم,سانيتاري ويرز,4006 دولاب,170.0,105.0
MA20620,خلاط حوض المطبخ دبل سحاب كروم,بن أمور,DOUBLE-MOLLA,380.0,200.0
PE30066,طلاء بخاخ داخلي و خارجي أسود مطفي,إس كيو إل أو,,10.0,5.72
PA30146,ڨلوني 20 لتر,الشركة العالمية للتصدير و الإستيراد,,7.5,5.0
CC10585,صليبة ضغط 2 مم (20 قطعة),الشركة العالمية للتصدير و الإستيراد,,8.0,3.0
PE30496,طلاء مائي داخلي 18 كغ الكلمنجارو اقتصادي,دهانات المدينة مصراتة,,84.0,58.56
RFP1140,"فسيبلي "" 1/2 أنثى * ""1/2 أنثى 80سم",سانيتاري ويرز,,20.0,12.5
PE30442,ورق سنفرة قماش رقم 150,شركة الغزالة لمواد البناء,,6.0,2.371
PA30606,ليفة تنضيف ألمنيوم,الشركة العالمية للتصدير و الإستيراد,,20.0,12.833
ARSB80396,قصبة دوش دائري 30 سم كروم,ليسو,,45.0,22.0
MT30522,خلاط شطاف كروم,سانيتاري ويرز,OM-104,90.0,55.0
VS10943,حوض وجه معلق -80 سم,سانيتاري واير,G011-80,400.0,240.0
AM0944,دولاب حمام -80 سم,بن أمور,G011-80,650.0,400.0
AM40945,مراية دولاب حمام 80 سم,بن أمور,G011-80-C,350.0,200.0
EL10702,حوض مطبخ ستانلس ستيل منظومة بيانو 304 75*46 أسود,بن أمور,7546-B,950.0,600.0
SA10837,طقم اكسسوار كروم,بن أمور,,250.0,150.0
AASB30673,فرشاة تنظيف مرحاض ذهبي,بن أمور,مجموعة بن عمر,80.0,55.0
SI10136,سلكون 280 غرام شفاف التاج,التاج,48593,15.0,8.25
CD40621,مسطرة دوش زوجية مربعة مع خلاط كروم,بن أمور,مجموعة بن عمر,510.0,300.0
ARSB80191,مخرج شطاف مع علاق كروم,سانيتاري ويرز,YOULLY 7-133,60.0,35.0
PS20515,علاقة مناشف كروم,ليسو,JR133-5,140.0,48.0
EG30867,حوض مطبخ جرانيت أبيض مطفي60*45 فردي,ب.أمور,Cedria,640.0,425.0
EG30875,حوض مطبخ جرانيت أبيض مطفي72*47 فردي,ب.أمور,Nice,720.0,480.0
ARSB80094,يد شطاف كروم,إتاتو,,15.0,4.25
ARSB80122,مخرج شطاف كروم,رايمر,309S,125.0,120.5
PA30538,"اسطافة 1"" (2 قطع)",الشركة العالمية للتصدير و الإستيراد,,4.0,2.5
ATWC50091,رجسترو مقعد أرضي مائل 7 سم,سانيتاري ويرز,,25.0,16.0
ATWC50231,مثبت صندوق بتارية مقعد أرضي,HANA,ART-830-M8,10.0,3.45
MC10644,مجرى 40 سم *8 سم كروم,بن أمور,,150.0,70.0
EG30866,حوض مطبخ جرانيت رصاصي79*51 فردي,ب.أمور,Jammel,750.0,475.0
RFP1426,"فسيبلي "" 1/2 أنثى * ""3/8 أنثى 40سم",سانيتاري ويرز,,20.0,9.5
RA30029,"واي 2"" 45°",الرطيل,جي أم GM,12.0,5.75
RA30062,"كوربة باب 2"" 90°",الرطيل,جي أم GM,12.0,5.5
RA30064,"طابة نهاية خط 2""",الرطيل,جي أم GM,8.0,3.25
RA30070,"هوَّاية 4""",الرطيل,جي أم GM,15.0,8.5
PE30255,كولة 237 مل,الشركة العالمية للتصدير و الإستيراد,,23.0,16.5
CC10342,كولة 180غ,بنتكول,C 400,15.0,9.5
PA30429,ڨوانطي,فندر,194627,10.0,5.5
PA30065,مفك سالب قصير,سانيتاري ويرز,193391,10.0,3.85
PE30898,ورق تغليف عادي,الشركة العالمية للتصدير و الإستيراد,,20.0,16.5
PE30535,ورق سنفرة 9بوصة 6فتحات,الشركة العالمية للتصدير و الإستيراد,P-120,3.0,0.85
CC10363,كولة فواصل 039,kalekim,WALNUT,44.0,35.0
CC10365,كولة فواصل 032,kalekim,CAPPADOCIA BEIGE,44.0,35.0
AECU50391,سيفون حوض المطبخ رأس كبير,اوز بيست,600,55.0,35.75
RA35441,ديسكو جرانيت 4.5'' 115 مم,اي بي سي,3549-21,20.0,12.5
PA30116,خفاف عتبة,الشركة العالمية للتصدير و الإستيراد,,12.0,6.25
WS10815,مقعد معلق ملحوم تورنيدو أبيض,ب.أمور,LT-102E-UQ3,750.0,430.0
PLSA0232,"مُطوِّل ""1/2 * 30 كروم",سانيتاري ويرز,,9.0,5.0
PE30094,ورق سنفرة قماش رقم 180,شركة الغزالة لمواد البناء,,6.0,2.371
VS10939,حوض وجه معلق -80 سم,سانيتاري واير,G009-80,400.0,240.0
AM40940,مراية دولاب حمام 80 سم,بن أمور,G009-80-F,350.0,200.0
AM0941,دولاب حمام -80 سم,بن أمور,G009-80,650.0,400.0
ARSB80186,مخرج شطاف كروم,سانيتاري ويرز,,70.0,35.0
RE10590,حنفية حوض المطبخ شجرة أسود,سانيتاري ويرز,72,85.0,20.0
ME10624,خلاط حوض المطبخ شجرة رصاصي,بن أمور,huang crown-SUS304,180.0,105.0
ML10804,خلاط حوض وجه كروم,بن أمور,B.AMOR015,250.0,135.0
ARSB80931,شطاف ظغط دائري كلاسيكي مع طوبو كروم,توريما,1372-03329-011,220.0,120.0
PS20015,علاقة ملابس خماسية دوران,سانيتاري ويرز,,160.0,78.0
ALVM50019,رأس سيفوني كروم,توريما,1372-004,220.0,140.0
CD40097,مسطرة دوش زوجية كروم,نيو,NBV 051K,550.0,390.0
WS10817,مقعد معلق ملحوم تورنيدو أبيض,ب.أمور,LT-094E-UQ3,750.0,440.0
EG30857,حوض مطبخ جرانيت بيج 80*45 زوجي,ب.أمور,Vienna,820.0,545.0
RA20026,كواردة 32 سن خارجي,فرات,,30.0,17.575
PE30070,طلاء بخاخ داخلي و خارجي بُنِيّ,راتا,,10.0,4.33
RA30028,"واي 1.5"" 45°",الرطيل,جي أم GM,9.0,4.5
RA30035,"مثلث باب 4""",الرطيل,جي أم GM,42.0,26.5
PE30186,لصقة مع مجفف 100 مل,أويستار,FS-012,10.0,6.25
PE30187,لصقة مع مجفف 200 مل,أويستار,FS-011,15.0,11.5
PA30463,ترمستاتة,الشركة العالمية للتصدير و الإستيراد,,28.0,19.0
PA30554,فيتي 3.5 * 25 (100غ),الشركة العالمية للتصدير و الإستيراد,,4.0,1.389
PA30059,متر 10م,ABC,,35.0,28.5
PE30087,دلونتي 1لتر,تركواز سيراستايل,ماء تخليط,5.0,3.333
PE30996,قطرامينة 15ك مائية سطل بلاستك,دهانات المدينة مصراتة,العازل,78.0,67.2
PLSA0130,مطول 1/2*20 مم كروم,سانيتاري ويرز,,10.0,6.95
CC10368,كولة فواصل 007,kalekim,SATIN GREY,44.0,38.0
ATWC50387,مثبت مقعد جانبي بلاستك,سانيتاري ويرز,SG-24,15.0,5.75
ARSB80849,شطاف ظغط مربع مع طوبو أسود,بن أمور,مجموعة بن عمر,180.0,70.0
ALVM50201,سيفون حوض الوجه,اعتماد,,10.0,4.75
MD20900,خلاط دوش أسود,بن أمور,B.AMOR014,450.0,300.0
ARSB80662,مخرج شطاف مع علاق كروم,بن أمور,B.A02-CA.A,120.0,40.0
WP20161,مقعد أرضي ملحوم رصاصي رخامي,ب.أمور,SH-295-MSL,950.0,650.0
PLSA0268,"مخفض أنثى ""1/2 ""3/8 كروم",سانيتاري ويرز,,5.0,2.25
RA20032,"سنيسكا 32"" ليفة",فرات,,45.0,34.587
PE30028,طلاء مائي داخلي 5 كغ أبيض,دهانات المدينة مصراتة,أصول,45.0,26.0
PA30433,ڨوانطي,الشركة التونسية للمواد الصحية,100G XL,5.0,3.0
PLSA0101,وردة كروم,رايمر,,5.0,2.95
PE30398,طلاء عاز ل بلاستيك 13 كغ,دهانات المدينة مصراتة,العازل,145.0,114.0
PA30324,ڨوانطي,ABC,,10.0,5.75
CC10364,كولة فواصل 024,kalekim,URGUP BEIGE,44.0,35.0
ATWC50196,مثبت مقعد أرضي,سانيتاري ويرز,WB 2,5.0,1.5
ARSB80292,"مسكر شطافة ""1/2"" * ""1/2 كروم",سانيتاري ويرز,FIRMER YLN8872,25.0,10.5
PLSA0773,"وصلة مخفض ""3/8 ذكر × ""1/2 انثى كروم",سانيتاري ويرز,,10.0,6.45
RA20997,مثلث كروم سن داخلي 1/2,سانيتاري ويرز,,20.0,14.5
PLSA0322,وردة كروم 1/2,توريما,1372-5690-002,10.0,6.75
ARSB80370,سماعة دوش كروم,سانيتاري واير,,45.0,23.0
ML10894,خلاط حوض وجه ذهبي,بن أمور,B.AMOR002,320.0,190.0
MC10446,مجرى 40 سم *8 سم كروم,أكوا دزاين,AD216-40,290.0,175.0
VS10209,حوض وجه معلق أبيض -60سم,ب.أمور,SH-8388,450.0,250.0
ML10250,خلاط حوض وجه ذهبي,ليسو,G19-133,250.0,130.0
ML30603,مرايا حمام مع إضاءة لد مع اطار ذهبي 90*70 سم,بن أمور,SH-096-90/70,200.0,125.0
AASB30916,رف زاوية زوجي كروم,ليسو,WL35,180.0,130.0
ATWC50244,مثبت مقعد أرضي,سانيتاري ويرز,,10.0,2.75
RA30026,"واي 4"" 45°",الرطيل,جي أم GM,46.0,34.0
RA30055,طوبو2'' 6 متر,الرطيل,جي أم GM,62.0,49.0
CC10471,لصقة فأر,الشركة العالمية للتصدير و الإستيراد,,3.0,1.5
PA30550,فيتي لاميرة 4.2 * 25 (100غ),الشركة العالمية للتصدير و الإستيراد,,4.0,1.575
PA30555,فيتي 3.5 * 30 (100غ),الشركة العالمية للتصدير و الإستيراد,,4.0,1.389
PE30985,طلاء مائي داخلي 4 كغ أبيض مطفي,جي ال سي,سوبر داي - تون 3030,60.0,56.26
CC10367,كولة فواصل 003,kalekim,GREY,44.0,35.0
ALVM50429,رأس سيفوني اسود,سانيتاري ويرز,,50.0,18.5
ARSB81011,طوبو شطاف فلتر1.2م كروم,مونتانا س.ل,MT-7105,35.0,18.75
ARSB80640,"مسكر شطافة ""1/2"" * ""1/2 كروم",بن أمور,,30.0,13.0
ARSB80298,سماعة دوش مع طوبو كروم,توريما,1372-007,270.0,140.0
MC10002,مجرى 50 سم *8 سم كروم,سانيتاري ويرز,,130.0,58.0
ATWC50167,وصلة بتارية مدفونة 35 سم,سانيتاري ويرز,,70.0,40.0
MT30630,خلاط شطاف مع شطاف 15 سم أسود,بن أمور,مجموعة بن عمر,170.0,115.0
ATWC50261,زر بتارية مقعد,سانيتاري ويرز,,10.0,6.5
ML10616,خلاط حوض وجه ذهبي,بن أمور,,220.0,110.0
EG30872,حوض مطبخ جرانيت أسود مطفي72*47 فردي,ب.أمور,Nice,720.0,480.0
VS10828,حوض وجه معلق أسود -60سم,ب.أمور,LT-2173-MB,450.0,295.0
EG30858,حوض مطبخ جرانيت أسود 80*45 زوجي,ب.أمور,Vienna,820.0,545.0
EG30869,حوض مطبخ جرانيت أسود مطفي60*45 فردي,ب.أمور,Cedria,640.0,425.0
EG30868,حوض مطبخ جرانيت بيج60*45 فردي,ب.أمور,Cedria,640.0,425.0
PE30040,طلاء مائي مطفي 18 كغ,الواحة,الواحة لاتاكس,145.0,130.95
PE30058,طلاء زيتي لماع داخلي و خارجي 100 غ أبيض,سوتينول - الغزالة,طلاء زيتي,5.0,2.95
RA30059,"طابة تسليك 4""",الرطيل,جي أم GM,18.0,8.5
RA30068,"مخفض 6"" * 4""",الرطيل,جي أم GM,42.0,38.0
PE30160,محشة,الشركة العالمية للتصدير و الإستيراد,,5.0,2.15
PE30322,كولة 237 مل,الشركة العالمية للتصدير و الإستيراد,,23.0,16.5
PA30339,ماكينة سلكون,الشركة العالمية للتصدير و الإستيراد,,10.0,6.5
PA30490,ماكينة برشام,فندر,250,23.0,15.5
RFP1754,"فسيبلي "" 1/2 أنثى * ""1/2 أنثى 50سم",سانيتاري ويرز,ايطالي,25.0,18.5
PE30411,فرشة ايطالية 15*5,,2000,20.0,14.0
RA20767,مخفض 1/2*3/4 كروم,فينوس,139,7.0,3.75
MD20855,خلاط دوش كروم,بن أمور,مجموعة بن عمر,250.0,130.0
MT30629,خلاط شطاف مع شطاف 15 سم كروم,بن أمور,,150.0,90.0
ARSB80598,قصبة دوش مربعة 40 سم كروم,توريما,1372-03244-010,270.0,145.0
MT30628,خلاط شطاف مع شطاف 15 سم كروم,بن أمور,مجموعة بن عمر,190.0,120.0
PLSA0392,منكوطي املس 3/4,سانيتاري ويرز,,5.0,1.75
PLSA0393,منكوطي املس1,سانيتاري ويرز,,6.0,2.3
EG30864,حوض مطبخ جرانيت بيج79*51 فردي,ب.أمور,Jammel,750.0,475.0
EG30859,حوض مطبخ جرانيت رصاصي 80*45 زوجي,ب.أمور,Vienna,820.0,545.0
EG30873,حوض مطبخ جرانيت بيج72*47 فردي,ب.أمور,Nice,720.0,480.0
PE30323,كولة 118 مل,الشركة العالمية للتصدير و الإستيراد,,17.0,11.5
PA30605,رزة إصلاح,الشركة العالمية للتصدير و الإستيراد,,2.5,1.5
PA30613,تل ربط مجلفن (2 كغ),الشركة العالمية للتصدير و الإستيراد,,18.0,14.5
PA30117,سكارة باب PVC بيضاء,والي,,6.0,3.0
RA20212,مخفض خلاط دوش 1/2*3/4,سانيتاري ويرز,,10.0,1.2
CC10410,صليبة بيضاء 3ملي,الشركة العالمية للتصدير و الإستيراد,,12.0,7.5
PA30844,ماكينة سلكون,اي بي سي,,18.0,11.5
EL50541,لصقة 0.13 مم * 19 مم * 25 متر,الشركة العالمية للتصدير و الإستيراد,SCAPA 2702,10.0,6.0
ARSB80717,"مسكر شطافة ""1/2"" * ""1/2 اسود",FANSKL,FANSKL-57-008,35.0,18.5
RFP1812,"فسيبلي "" 1/2 أنثى * ""3/8 أنثى 40سم",فانسكي,,15.0,5.55
AECU50891,راجع سيفون حوض مطبخ مربع,,,10.0,5.0
PLSA1003,"وصلة أنثى ""1/2 كروم",سانيتاري ويرز,,10.0,2.75
ARSB81012,علاقة سماعة دوش كبيرة متحركة كروم,سانيتاري ويرز,,10.0,2.25
ML10802,خلاط حوض وجه رصاصي,بن أمور,B.AMOR009,355.0,235.0
ML10803,خلاط حوض وجه ذهبي,بن أمور,B.AMOR010,370.0,245.0
ML10806,خلاط حوض وجه أسود مطفي,بن أمور,B.AMOR017,250.0,145.0
ATWC51060,طقم تثبيت المرحاض المعلق على الحائط,ب.أمور,مجموعة بن عمر,40.0,20.0
ARSB80813,مصب دوش قصير بتحويلة كروم,توريما,0327811-T90,510.0,340.0
MT30852,خلاط شطاف مربع مع شطاف 15 سم كروم,بن أمور,مجموعة بن عمر,150.0,115.0
MT30854,خلاط شطاف دائري مع شطاف 15 سم كروم,بن أمور,مجموعة بن عمر,150.0,100.0
WP20476,مقعد أرضي ملحوم مموج أبيض,ب.أمور,SH-6688,800.0,525.0
PLSA0267,"وصلة أنثى ""1/2 كروم",سانيتاري ويرز,,10.0,4.75
RA20028,كواردة 32 لحام FIRAT,فرات,بي بي ر - PPR,12.0,5.178
PE30060,طلاء زيتي لماع داخلي و خارجي 100 غ أَحْمَر,سوتينول - الغزالة,طلاء زيتي,5.0,2.35
EL50397,لصقة 0.13 مم * 19 مم * 25 متر,الشركة العالمية للتصدير و الإستيراد,SCAPA 2702,10.0,4.75
RA20508,طابة نهاية خط حديد 3/4,الشركة العالمية للتصدير و الإستيراد,,2.5,1.3
PA30566,زاوية كرسي 30 * 15 * 1.5 مم (4 قطع),الشركة العالمية للتصدير و الإستيراد,,3.0,1.24
PA30588,سلسلة ترية (75 سم),الشركة العالمية للتصدير و الإستيراد,,5.0,3.0
PA30178,سكارة باب PVC خشبي,والي,,6.0,3.0
ACE20379,قرسيوني راس سخانة فلتي,سانيتاري ويرز,,2.0,0.65
PLSA0394,كوربة حديد 3/4,سانيتاري ويرز,,6.0,2.6
PLSA0395,كوربة حديد1,سانيتاري ويرز,,8.0,3.15
PLSA0772,"نبلس ذكر""1/2 * ذكر""3/8 كروم",سانيتاري ويرز,,12.0,5.35
PLSA0555,مطول 1/2*40 مم كروم,سانيتاري ويرز,,40.0,27.0
PS20665,علاقة مناشف زوجية كروم,بن أمور,مجموعة بن عمر,120.0,40.0
ML30602,مرايا حمام مع إضاءة لد مع اطار أسود 90*70 سم,بن أمور,SH-097-90/70,200.0,125.0
PE30027,طلاء مائي داخلي 20 كغ أبيض,دهانات المدينة مصراتة,أصول,100.0,69.84
PE30056,طلاء زيتي لماع داخلي و خارجي 100 غ بني,سوتينول - الغزالة,طلاء زيتي,5.0,2.95
PA30553,فيتي 3.5 * 20 (100غ),الشركة العالمية للتصدير و الإستيراد,,4.0,1.389
PE30270,رولة طلاء 10 سم ديكور,الشركة العالمية للتصدير و الإستيراد,1081,18.0,9.5
PA30854,ماكينة سلكون ثقيلة,اي بي سي,,28.0,19.5
RA30421,ديسكو خشب 4.5'' 110 مم,الشركة العالمية للتصدير و الإستيراد,,10.0,4.5
ALVM50309,سيفون حوض الوجه كروم بلستك,سانيتاري ويرز,401,65.0,40.0
MA20902,خلاط حوض المطبخ مولة أسود مطفي,بن أمور,B.AMOR012,580.0,385.0
PLSA0420,"مخفض طاسة ""1/2 ""3/8 كروم",سانيتاري ويرز,,10.0,6.25
ACE20210,فلفلة سخانة,سانيتاري ويرز,CE 1370,20.0,11.9
MC10643,مجرى 30 سم *8 سم كروم,بن أمور,,120.0,55.0
ML30604,مرايا حمام مع إضاءة لد 80*60سم,بن أمور,SH-1014-80/60,180.0,105.0
ARSB80939,مخرج شطاف مع علاق جانبي كروم,توريما,1372-01821-002,170.0,100.0
EG30865,حوض مطبخ جرانيت أسود مطفي79*51 فردي,ب.أمور,Jammel,750.0,475.0
ALVM50307,سيفون حوض الوجه كروم,ليسو,JR031-48,220.0,148.0
RFP11000,"فسيبلي "" 1/2 أنثى * ""1/2 أنثى 50سم",توريما,1372-A9D50FF-001,25.0,15.5
RA20036,مواسير 25'' 4 متر,فرات,بي بي ر - PPR,30.0,22.25
RA30020,"مثلث 2""",الرطيل,جي أم GM,10.0,4.75
RA30048,"مخفض 4"" * 2""",الرطيل,جي أم GM,15.0,7.5
RA30061,"تحويلة 4""",الرطيل,جي أم GM,7.0,3.5
PE30191,لصقة سريعة 3 غرام,الشركة العالمية للتصدير و الإستيراد,ALTECO 110,1.5,0.813
RA20511,مثلث حديد سن داخلي 1,الشركة العالمية للتصدير و الإستيراد,,5.0,3.15
PA30551,فيتي لاميرة 4.2 * 19 (100غ),الشركة العالمية للتصدير و الإستيراد,,4.0,1.575
PA30495,بونتة 10 * 160 مم,الشركة العالمية للتصدير و الإستيراد,,6.0,2.15
ALVM50819,رأس سيفوني اسود,سانيتاري ويرز,,60.0,25.0
PLSA0814,"وصلة مخفض خلاط دوش ""3/8 ذكر × ""1/2 ذكر كروم",سانيتاري ويرز,,10.0,1.15
ARSB81070,"مسكر شطافة ""1/2"" * ""1/2 ذهبي",مونتانا س.ل,MT-6104G,60.0,39.0
MA20904,خلاط حوض المطبخ مولة أسود مطفي,بن أمور,B.AMOR019,330.0,220.0
ME10922,خلاط حوض المطبخ شجرة أسود مطفي,بن أمور,B.AMOR025,465.0,310.0
ARSB80781,شطاف ظغط مربع كبيرمع طوبو كروم,توريما,1372-03330-023,270.0,155.0
WA40474,غطاء مقعد موطو أبيض,ب.أمور,SC-SH-8609,60.0,27.5
MC10647,مجرى 50 سم *8 سم كروم,بن أمور,,160.0,80.0
RA20033,"سنيسكا 25"" ليفة",فرات,بي بي ر - PPR,32.0,15.533
PE30057,طلاء زيتي لماع داخلي و خارجي 100 غ رمادي فاتح,سوتينول - الغزالة,طلاء زيتي,5.0,2.95
PE30059,طلاء زيتي لماع داخلي و خارجي 100 غ أزرق داكن,سوتينول - الغزالة,طلاء زيتي,5.0,2.95
RA30023,"كوربة باب 4"" 87.5°",الرطيل,جي أم GM,34.0,18.75
PE30189,فوم 300 غرام,أويستار,FS-012,15.0,9.25
PA30423,حبل نشر,الشركة العالمية للتصدير و الإستيراد,,4.0,2.417
PA30496,بونتة 12 * 160 مم,الشركة العالمية للتصدير و الإستيراد,,6.0,2.45
CC10369,كولة فواصل 018,kalekim,CAPPADOCIA CRAM,44.0,38.0
PLSA0927,"كوربة ذكر ""1/2 * ""1/2 مع وردة كروم",توريما,1372-RACC1212-001,25.0,16.0
ME10921,خلاط حوض المطبخ شجرة ذهبي,بن أمور,B.AMOR024,435.0,290.0
MA20920,خلاط حوض المطبخ مولة كروم,بن أمور,B.AMOR011,550.0,365.0
ATWC50218,بتارية مقعد أرضي ملحوم تحت 28 سم,سانيتاري ويرز,KJ-233,40.0,18.5
MC10203,سرفنتينة 15 سم * 15 سم كروم,سانيتاري ويرز,SUNP15/103SE MAT,90.0,48.0
ALVM50030,سيفون حوض الوجه كروم,سانيتاري ويرز,JR031-49,190.0,120.0
RO10998,حنفية غسالة ''1/2 * ''3/4 كروم,سانيتاري واير,FOR0032LO,35.0,25.0
PE30061,طلاء زيتي لماع داخلي و خارجي 100 غ أَخْضَرُ,سوتينول - الغزالة,طلاء زيتي,5.0,2.75
PE30062,طلاء زيتي لماع داخلي و خارجي 100 غ أزرق فاتح,سوتينول - الغزالة,طلاء زيتي,5.0,2.95
PE30584,فوم 600 غرام,كرفت,,27.0,21.5
PLSA0240,"مخفض أنثى ""1/2 ""3/8 كروم",سانيتاري ويرز,SASSI,10.0,4.75
RFP1756,"فسيبلي "" 1/2 أنثى * ""3/8 أنثى 50سم",سانيتاري ويرز,ITALY,15.0,14.2
ARSB80004,مخرج شطاف كروم بالعلاقة,توريما,1372-001,180.0,105.0
ARSB80256,مثبت خلاط زوجي,سانيتاري ويرز,,5.0,2.25
PE30035,استوك 1 كغ,دهانات المدينة مصراتة,معجون المدينة مصراتة,10.0,7.76
RA30060,"وصلة 1.5""* 1.5"" سن داخلي",الرطيل,جي أم GM,9.0,3.75
PE30093,ورق سنفرة قماش رقم 120,الشركة العالمية للتصدير و الإستيراد,التاج,5.0,2.371
RA30451,"ديسكو حديد 9"" 230 مم",كداس,ايما,15.0,9.25
MD20899,خلاط دوش كروم,بن أمور,B.AMOR013,395.0,260.0
MC10655,سرفنتينة 10 سم * 10 سم كروم,بن أمور,,75.0,35.0
ARSB80815,"مسكر شطافة ""1/2"" * ""1/2 أسود",مونتانا س.ل,MT-6104B,60.0,35.25
ARSB80379,رشاش دوش مربع كروم,ليسو,JR031-7,70.0,48.0
SA10650,طقم اكسسوار أسود,بن أمور,50-10-49,250.0,100.0
AECU50633,سقطار لحوض المطبخ أسود85 سم,بن أمور,,200.0,120.0
WP20162,مقعد أرضي ملحوم ذهبي رخامي,ب.أمور,SH-295-MGL,880.0,642.0
PE30068,طلاء بخاخ داخلي و خارجي أصفر,أنشور قروب,,10.0,4.333
PA30587,سلسلة ترية (1 متر),الشركة العالمية للتصدير و الإستيراد,,5.0,2.667
PE30089,دلونتي 1لتر,تركواز سيراستايل,ماء تخليط,17.0,11.25
PE30419,استوك 25 كغ,دهانات المدينة مصراتة,معجون المدينة مصراتة,85.0,76.63
RA20371,مخفض قومه 2,سانيتاري ويرز,,7.0,2.1
PE30092,ورق سنفرة قماش رقم 400,الشركة العالمية للتصدير و الإستيراد,التاج,5.0,2.228
ML10893,خلاط حوض وجه كروم,بن أمور,B.AMOR001,280.0,160.0
ML30600,مرايا حمام مع إضاءة لد دائرية بالعلاقة مع اطار أسود 70سم,بن أمور,SH-1171-70,180.0,120.0
RA20035,"سنيسكا 25"" قصيرة طربوش",فرات,بي بي ر - PPR,68.0,38.475
RA30009,"كوربة 4"" 87.5°",الرطيل,جي أم GM,28.0,14.304
RA20053,"مخفض 4"" * 1.5""",الرطيل,جي أم GM,15.0,7.5
PE30953,رولة طلاء 25 سم / 10,الشركة العالمية للتصدير و الإستيراد,,10.0,6.75
ATWC50191,مثبت مقعد أرضي حرف L,سانيتاري ويرز,RUDEX,10.0,2.5
WS10807,مقعد معلق تورنيدو أبيض,ب.أمور,LT-046E-UQ3,650.0,420.0
ARSB80984,"مسكر شطافة ""1/2"" * ""1/2 كروم",توريما,1372-R0271-005,55.0,31.0
RA30027,"واي 3"" 45°",الرطيل,جي أم GM,30.0,23.5
PA30236,تسيلي حديد 10 مم,الشركة العالمية للتصدير و الإستيراد,,2.5,1.1
PA3370,مسمارخشب رقم 6 (2 كغ),الشركة العالمية للتصدير و الإستيراد,,17.0,14.25
PLSA0093,"مُطوِّل ""1/2 * 15كروم",سانيتاري ويرز,,9.0,5.35
RA30155,ديسكو حديد4 بوصه,كداس,A 24 PLUS T-BF,10.0,5.5
PA30090,مفك دبل جهتين,سانيتاري ويرز,1706,5.0,1.98
RA30535,ديسكو سريع4.5 بوصة حديد,كداس,ايما,8.0,2.45
MD20897,خلاط دوش أسود,بن أمور,B.AMOR007,475.0,315.0
MD20898,خلاط دوش كروم,بن أمور,B.AMOR005,460.0,305.0
PLSA0236,"كوربة ذكر أنثى ""1/2 كروم",سانيتاري ويرز,,20.0,16.5
PLSA0235,"كوربة أنثى ""1/2 كروم",سانيتاري ويرز,,20.0,9.5
ARSB80184,رشاش دوش كروم,ليسو,JR031-6,70.0,48.0
WP20475,مقعد أرضي ملحوم مربع أبيض,ب.أمور,SH-8869,780.0,450.0
AECU50425,سيفون حوض المطبخ,pgs,,40.0,21.5
WS10814,مقعد معلق تورنيدو أسود,ب.أمور,LT-052E-UQ3-MB,850.0,565.0
RA20031,كواردة 25 سن داخلي,فرات,بي بي ر - PPR,22.0,10.925
RA30021,"مثلث 3""",الرطيل,جي أم GM,33.0,11.5
RA30046,"مجمع 2"" 1.5"" 1.5"" 1.5""",الرطيل,جي أم GM,30.0,25.0
RA20507,طابة نهاية خط حديد 1,الشركة العالمية للتصدير و الإستيراد,,2.5,1.45
PA30582,مسمار حلقة مفتوح رقم 10 (2 قطع),الشركة العالمية للتصدير و الإستيراد,,1.0,0.42
PLSA0228,وردة ذهبي 1/2,MYVEN,ITALY,3.0,0.8
ART0003,حوض مطبخ ستانلس ستيل نص منظومة 304 75*45كروم,ليسو,,590.0,385.0
RO10141,مسكر زاوية ''1/2 * ''1/2 ذهبي,فيدار,,40.0,25.0
RA20030,كواردة 25 سن خارجي,فرات,بي بي ر - PPR,24.0,12.825
RA30039,"ديسكو حديد تنظيف 9"" 230 مم",كداس,A 30 PLUS T-BF,23.0,16.5
RA30066,"طابة نهاية خط 4""",الرطيل,جي أم GM,15.0,10.25
RA20456,طبوا مكيف 3/4,شركة الغزالة لمواد البناء,,6.0,2.725
PLSA0227,وردة ذهبي 1/2,MYVEN,ITALY,5.0,0.95
MA20905,خلاط حوض المطبخ مولة كروم,بن أمور,B.AMOR021,590.0,390.0
SI10138,سلكون 280 غرام أبيض التاج,التاج,48593,10.0,7.292
AASB30067,حاملة ورق ناعم كروم,سانيتاري ويرز,,50.0,25.0
RA30015,"كوربة 2"" - 90°",الرطيل,جي أم GM,8.0,4.365
RA30022,"مثلث 4""",الرطيل,جي أم GM,36.0,26.0
RA30057,"وصلة 3""",الرطيل,جي أم GM,12.0,5.5
MD20896,خلاط دوش ذهبي,بن أمور,B.AMOR006,520.0,345.0
ML10801,خلاط حوض وجه كروم,بن أمور,B.AMOR008,330.0,220.0
ML30601,مرايا حمام مع إضاءة لد دائرية بالعلاقة مع اطار ذهبي 70سم,بن أمور,SH-1172-70,200.0,125.0
RA30016,"كوربة 2"" - 45°",الرطيل,جي أم GM,7.0,3.9
RA30017,"كوربة 1.5"" - 90°",الرطيل,جي أم GM,7.0,2.3
PA30584,مسمار حلقة مفتوح رقم 18 (2 قطع),الشركة العالمية للتصدير و الإستيراد,,2.0,1.225
AASB30065,رف زاوية كروم,سانيتاري ويرز,,60.0,30.0
ARSB80660,مخرج شطاف مع علاق كروم,بن أمور,B.A-CI.A,60.0,25.0
MC10645,مجرى 40 سم *8 سم أسود,بن أمور,,180.0,80.0
VS10820,حوض وجه معلق أبيض 36x52,ب.أمور,LT-2002,300.0,170.0
WP20827,مقعد أرضي ملحوم أبيض,ب.أمور,SH-8809,880.0,550.0
RA30012,"كوربة 3"" 87.5°",الرطيل,جي أم GM,18.0,10.9
PE30185,لصقة قف 100 م,الشركة العالمية للتصدير و الإستيراد,,7.5,5.75
ARSB80214,"مسكر شطافة ""1/2"" * ""1/2 كروم",أركو,A.80 LUXE,55.0,33.5
ME10920,خلاط حوض المطبخ شجرة كروم,بن أمور,B.AMOR023,390.0,260.0
ARSB80220,سماعة دوش مروحة كروم,سانيتاري ويرز,,25.0,6.9
SI10176,سلكون 280 غرام شفاف,GP+,,20.0,13.0
WA40479,غطاء مقعد سداسي أبيض,ب.أمور,SC-SH-276,60.0,29.0
RA30049,"مخفض 3"" * 2""",الرطيل,جي أم GM,13.0,6.75
RA30065,"طابة نهاية خط 3""",الرطيل,جي أم GM,10.0,7.275
MA20912,خلاط حوض المطبخ سحاب كروم,بن أمور,B.AMOR029,280.0,190.0
MA20907,خلاط حوض المطبخ سحاب كروم,بن أمور,B.AMOR026,430.0,285.0
MC10653,سرفنتينة 15 سم * 15 سم أسود,بن أمور,مجموعة بن عمر,150.0,50.0
AASB30066,رف زاوية كروم,سانيتاري ويرز,,60.0,35.0
PE30181,لصقة كرتون 100,الشركة العالمية للتصدير و الإستيراد,,5.0,3.5
PE30192,لصقة سريعة 3 غرام,الشركة العالمية للتصدير و الإستيراد,DINGQI 127101,1.5,0.708
PLSA0523,وردة كروم,vip,,5.0,2.6
MC10413,سرفنتينة 15 سم * 15 سم كروم,أكوا دزاين,AD151RS/3,150.0,77.5
ALVM50430,رأس سيفوني رخامي,ليسو,928,95.0,52.0
AASB30671,فرشاة تنظيف مرحاض كروم,بن أمور,مجموعة بن عمر,75.0,40.0
RA20018,"وصلة 32* 1"" سن خارجي",فرات,بي بي ر - PPR,26.0,15.818
RA20037,مواسير 32'' 4 متر,فرات,بي بي ر - PPR,52.0,36.75
RA30058,"وصلة 4""",الرطيل,جي أم GM,15.0,7.5
PE30467,كولة رخام 750 مل كريمة,الشركة العالمية للتصدير و الإستيراد,GeneralKoll,40.0,30.0
PA30572,فيتي 10*80 (4 قطع),الشركة العالمية للتصدير و الإستيراد,,1.5,0.766
ARSB80850,سماعة دوش مربعة مع طوبو كروم,بن أمور,مجموعة بن عمر,120.0,40.0
WS10816,مقعد معلق ملحوم تورنيدو أبيض,ب.أمور,LT-093E-UQ3,750.0,435.0
PA3544,مسمارخرسانة رقم 2.5 (100غ),الشركة العالمية للتصدير و الإستيراد,,2.5,1.1
PE30125,رولة طلاء 25 سم ديكور,الشركة العالمية للتصدير و الإستيراد,1081,38.0,33.0
PE30532,غيار موس فرش 0.5 مم باكو اسود,الشركة العالمية للتصدير و الإستيراد,,5.0,1.75
ALVM50677,طابة حوض الوجه كروم,توريما,1372-POPUP-008,22.0,10.0
RFP1376,"فسيبلي "" 1/2 أنثى * ""1/2 أنثى 40سم",فانسكي,اسباني,25.0,16.5
RFP1373,"فسيبلي "" 1/2 أنثى * ""1/2 أنثى 60سم",توريما,ايطالي,25.0,16.5
ARSB80853,سماعة دوش دائرية مع طوبو كروم,بن أمور,مجموعة بن عمر,120.0,50.0
ML10626,خلاط حوض وجه رصاصي,بن أمور,huang crown,130.0,80.0
EL50237,سير ربط 8.8 * 900 مم,الشركة العالمية للتصدير و الإستيراد,,1.0,0.345
CC10308,كولة حائط 20 كغ,بولبو,GOLD POLPO P340 C2TE,32.0,27.0
PA30514,رنديلة (50 غ),الشركة العالمية للتصدير و الإستيراد,,1.5,0.525
RA20077,"25 * 1/2"" قاعدة خلاط متحركة",فرات,بي بي ر - PPR,28.0,14.2
ARSB80851,سماعة دوش مربعة مع طوبو أسود,بن أمور,مجموعة بن عمر,150.0,50.0
RA20001,"كوع 25"" لحام",فرات,بي بي ر - PPR,3.0,0.922
RA30045,"مجمع 3"" 2"" 1.5"" 2""",الرطيل,جي أم GM,30.0,22.0
RFP1999,"فسيبلي "" 1/2 أنثى * ""1/2 أنثى 40سم",توريما,1372-A9D40FF-001,20.0,14.5
EL50398,لصقة 0.13 مم * 19 مم * 25 متر,الشركة العالمية للتصدير و الإستيراد,SCAPA 2702,10.0,6.0
PA30612,سلسلة رقم 4 (1متر),الشركة العالمية للتصدير و الإستيراد,,5.0,3.111
PE30408,ورق سنفرة 9بوصة 8فتحات,الشركة العالمية للتصدير و الإستيراد,P 220,2.5,0.85
RA20455,طبوا مكيف 1/2,شركة الغزالة لمواد البناء,,5.0,2.325
ARSB80847,شطاف ظغط مربع مع طوبو كروم,بن أمور,مجموعة بن عمر,150.0,60.0
PA30607,حبل رقم 14,الشركة العالمية للتصدير و الإستيراد,,2.0,0.909
MC10654,سرفنتينة 15 سم * 15 سم ذهبي,بن أمور,,150.0,60.0
PE30375,جبس العز 40كغ,سرسانيت,جبس العز 40كغ,20.0,16.0
RA20027,كواردة 32 سن داخلي,فرات,بي بي ر - PPR,27.0,15.343
RA20010,"كوع 25* 3/4"" سن داخلي",فرات,بي بي ر - PPR,12.0,5.32
APCI40229,مطول 1/2 *10 مم كروم,سانيتاري ويرز,,12.0,7.25
AASB30635,حاملة فرشاة أسنان زوجية أسود,بن أمور,,60.0,30.0
AASB30638,صابونية أسود,بن أمور,مجموعة بن عمر,40.0,20.0
PLSA0237,وردة كروم1/2,سانيتاري ويرز,SASSI,6.0,4.75
PA3543,مسمارخرسانة رقم 1 (150غ),الشركة العالمية للتصدير و الإستيراد,,3.0,1.2
RA20080,"25 * 1/2"" * 15 قاعدة خلاط ثابتة",فرات,بي بي ر - PPR,24.0,11.15
PA30573,فيتي 10*100 (4 قطع),الشركة العالمية للتصدير و الإستيراد,,1.5,0.766
PE30091,ورق سنفرة قماش رقم 80 (1 متر),الشركة العالمية للتصدير و الإستيراد,التاج,5.0,2.371
MA20903,خلاط حوض المطبخ مولة كروم,بن أمور,B.AMOR018,290.0,195.0
ARSB80848,شطاف ظغط مربع مع طوبو ذهبي,بن أمور,مجموعة بن عمر,180.0,60.0
PA30391,موس منشار وجهين 30 سم,الشركة العالمية للتصدير و الإستيراد,,1.0,0.6
PLSA0510,نبلس حديد 1,سانيتاري ويرز,,3.0,1.4
RA20512,مخفض حديد 3/4 * 1,الشركة العالمية للتصدير و الإستيراد,,3.0,1.45
PA30547,برشام 4 * 12,الشركة العالمية للتصدير و الإستيراد,,5.0,2.0
RA20079,"25 * 1/2"" * 10 قاعدة خلاط",فرات,بي بي ر - PPR,20.0,9.8
WS10813,مقعد معلق تورنيدو أبيض,ب.أمور,LT-052E-UQ3,700.0,430.0
RA20011,"كوع 25 * 3/4"" سن خارجي",فرات,بي بي ر - PPR,14.0,6.793
RA30034,"مثلث 1.5"" 90°",الرطيل,جي أم GM,8.0,3.25
PA30235,تسيلي حديد 8 مم,الشركة العالمية للتصدير و الإستيراد,,2.0,0.95
PA30446,سلكون حراري,الشركة العالمية للتصدير و الإستيراد,,0.5,0.302
PLSA0509,نبلس حديد 3/4,سانيتاري ويرز,,3.0,1.3
PA30539,"اسطافة 3"" (2 قطع)",الشركة العالمية للتصدير و الإستيراد,,10.0,9.6
PLSA0550,وردة كروم 1/2,توريما,1372-ROST7090-002,7.0,2.95
PLSA0524,وردة أسود,vip,,6.0,2.6
ARSB80661,مخرج شطاف كروم,بن أمور,B.A01-CA,70.0,30.0
AASB30634,صابونية أسود,بن أمور,,50.0,20.0
RA20021,"مثلث 32* 1"" سن داخلي",فرات,بي بي ر - PPR,24.0,14.298
PE30036,استوك 18 كغ,دهانات المدينة مصراتة,معجون المدينة مصراتة,55.0,45.59
PE30427,موس فرش 18 مم,الشركة العالمية للتصدير و الإستيراد,,5.0,1.917
RA20513,مخفض حديد 3/4 * 1/2,الشركة العالمية للتصدير و الإستيراد,,2.0,0.75
AETS20004,تفلون 19 مم * 15 متر * 0.20 مم,سانيتاري ويرز,,10.0,5.4
RA20025,"مثلث 25* 3/4"" سن داخلي",فرات,بي بي ر - PPR,12.0,5.795
RA20029,كواردة 25 لحام FIRAT,فرات,بي بي ر - PPR,13.0,4.845
PA30583,مسمار حلقة مفتوح رقم 14 (2 قطع),الشركة العالمية للتصدير و الإستيراد,,1.5,0.66
PE30407,ورق سنفرة9بوصة 8فتحات,الشركة العالمية للتصدير و الإستيراد,P 180,2.5,0.85
PLSA0549,وردة كروم 1/2,توريما,ROSQ5690-002-1372,15.0,7.0
ML10617,خلاط حوض وجه كروم,بن أمور,,180.0,95.0
RA20005,"كوع 32 - 1"" سن داخلي",فرات,بي بي ر - PPR,24.0,13.538
AETS20454,تفلون 19 مم * 15 متر * 0.20 مم,سانيتاري ويرز,,5.0,2.75
MA20906,خلاط حوض المطبخ مولة أسود لامع,بن أمور,B.AMOR022,650.0,430.0
MC10648,مجرى 60 سم *8 سم كروم,بن أمور,مجموعة بن عمر,180.0,100.0
MC10641,مجرى 30سم *3 سم كروم,بن أمور,,150.0,80.0
RA20023,"مثلث 25"" لحام",فرات,,3.0,0.912
RA20019,"وصلة 32* 1"" سن داخلي",فرات,بي بي ر - PPR,24.0,13.538
EL50402,لصقة,الشركة العالمية للتصدير و الإستيراد,,5.0,2.5
PE30032,استوك 20 كغ,دهانات المدينة مصراتة,معجون المدينة مصراتة,73.0,70.81
RA20020,"مثلث 32"" لحام",فرات,بي بي ر - PPR,5.0,2.09
RA30033,"وصلة 2""",الرطيل,جي أم GM,5.0,1.95
RA30056,"مخفض 2"" *.5 1""",الرطيل,جي أم GM,10.0,4.9
VS10821,حوض وجه معلق أبيض 42x56,ب.أمور,LT-2021-S,350.0,215.0
VS10822,حوض وجه معلق أبيض60,ب.أمور,LT-2253,450.0,235.0
RA30063,"طابة مجمع 2""",الرطيل,جي أم GM,7.0,3.75
PA30540,"اسطافة 4"" (2 قطع)",الشركة العالمية للتصدير و الإستيراد,,8.0,9.8
MA20922,خلاط حوض المطبخ سحاب رصاصي مطفي,بن أمور,B.AMOR035,270.0,160.0
MC10642,مجرى 50سم *3 سم كروم,بن أمور,,200.0,120.0
RA30030,"واي 1""",الرطيل,جي أم GM,7.0,2.5
SI10502,سلكون 280 غرام أبيض المير,المير,48593,15.0,7.5
ML10895,خلاط حوض وجه أسود لامع,بن أمور,B.AMOR003,350.0,220.0
WS10812,مقعد معلق تورنيدو أبيض,ب.أمور,LT-053E-UQ3,650.0,390.0
RA30011,"كوربة 3"" 45°",الرطيل,جي أم GM,16.0,11.204
AASB30014,رف زاوية زوجي كروم,بن أمور,مجموعة بن عمر,120.0,55.0
RA20004,"كوع 32 - 1"" سن خارجي",فرات,بي بي ر - PPR,26.0,15.675
EL50296,لامبة لد 100 وات,ار تي سي,,2.0,0.9
RA20009,"كوع 25 * 1/2"" سن خارجي",فرات,بي بي ر - PPR,12.0,5.32
RO10916,مسكر زاوية ''1/2 * ''1/2 كروم,بن أمور,B.AMOR020,30.0,20.0
PE30469,ورق سنفرة 9بوصة 8 فتحات,الشركة العالمية للتصدير و الإستيراد,P 120,3.0,1.0
RA20002,"كوع 25"" - 45 لحام",فرات,بي بي ر - PPR,3.0,0.865
RA20582,"مخفض قومه 1.5"" * 1.25",سانيتاري ويرز,,7.0,3.25
PLSA0234,"نبلس ""1/2 * ""1/2 كروم",سانيتاري ويرز,,12.0,3.85
ACE20242,مثبت سخانة,سانيتاري ويرز,,7.0,3.5
PS20636,علاقة ملابس ثلاثية كروم,بن أمور,Y3-4Z-C,30.0,15.0
PE30095,ورق سنفرة قماش رقم 60,شركة الغزالة لمواد البناء,,6.0,2.429
PS20637,علاقة ملابس ثلاثية أسود,بن أمور,Y3-4Z-B,35.0,20.0
PE30472,ورق سنفرة 7بوصة 8فتحات,الشركة العالمية للتصدير و الإستيراد,P 180,3.0,0.85
ARSB80901,طوبو دوش 150سم كروم,بن أمور,مجموعة بن عمر,20.0,10.0
PE30473,ورق سنفرة 7بوصة 8فتحات,الشركة العالمية للتصدير و الإستيراد,P 220,3.0,0.85
RA20017,"وصلة 25* 3/4"" سن خارجي",فرات,بي بي ر - PPR,14.0,6.508
RA30031,"وصلة 1.5""",الرطيل,جي أم GM,5.0,1.65
ARSB80686,مخرج شطاف مع علاق كروم,بن أمور,B.A01-CA.A,110.0,40.0
AECU50890,راجع سيفون حوض مطبخ,,,10.0,5.0
PE30470,ورق سنفرة 7بوصة 6فتحات,الشركة العالمية للتصدير و الإستيراد,P 60,3.0,0.85
ALVM50090,سيفون حوض الوجه راس كروم متحرك,سانيتاري ويرز,,15.0,5.0
MA20921,خلاط حوض المطبخ سحاب كروم مطفي,بن أمور,B.AMOR034,270.0,160.0
PLSA0003,وردة أسود,سانيتاري ويرز,,5.0,2.2
RA30032,"وصلة 1""",الرطيل,جي أم GM,5.0,1.3
PE30455,ورق سنفرة,الشركة العالمية للتصدير و الإستيراد,P 120,8.0,6.0
ELC1067,سلك كهرباء 2 *2.5 مم²,الشركة العالمية للتصدير و الإستيراد,سلك مفتول,1.5,0.285
PLSA0131,"مطول ""1/2* 30 مم كروم",سانيتاري ويرز,,15.0,7.25
PE30454,ورق سنفرة,الشركة العالمية للتصدير و الإستيراد,P 80,8.0,6.0
MC10632,سرفنتينة 15 سم * 15 سم مع مانع رائحة كروم لامع,بن أمور,مجموعة بن عمر,60.0,30.0
PLSA0241,مطول 15 مم كروم,سانيتاري ويرز,,12.0,6.65
RA20006,"كوع 32 - 3/4"" سن داخلي",فرات,بي بي ر - PPR,14.0,7.505
PA30392,موس منشار 30 سم,الشركة العالمية للتصدير و الإستيراد,UJIRA FLEX,1.0,0.35
EL50011,لاغي بريزة,فاندي,F0013,1.0,0.5
PE30453,ورق سنفرة,الشركة العالمية للتصدير و الإستيراد,P 60,10.0,7.5
RA20016,"وصلة 25* 3/4"" سن داخلي",فرات,بي بي ر - PPR,11.0,4.988
PA30568,دادو بالخبور 10مم,الشركة العالمية للتصدير و الإستيراد,,0.5,0.237
PE30406,ورق سنفرة9 بوصة 6فتحات,الشركة العالمية للتصدير و الإستيراد,P 60,2.5,0.85
RA30005,"كوربة 1"" - 45°",الرطيل,جي أم GM,6.0,1.7
PA30608,حبل رقم 12,الشركة العالمية للتصدير و الإستيراد,,2.0,0.814
ALVM50240,مثبت حوض الوجه,سانيتاري ويرز,,10.0,5.5
RA30036,"مخفض 1.5"" * 1""",الرطيل,جي أم GM,5.0,2.25
RA30019,"مثلث 1""",الرطيل,جي أم GM,7.0,2.15
RA20022,"مثلث 32* 3/4"" سن داخلي",فرات,بي بي ر - PPR,15.0,8.17
PE30077,بونتة ترابنو (1 قطع),اي بي سي,AC18802 PH2X65mm,4.0,1.35
PE30456,ورق سنفرة,الشركة العالمية للتصدير و الإستيراد,P 220,8.0,6.0
PA3542,مسمارخرسانة رقم 2 (100غ),الشركة العالمية للتصدير و الإستيراد,,2.5,1.1
RA20015,"وصلة 25* 1/2"" سن خارجي",فرات,بي بي ر - PPR,13.0,4.902
PA30313,"اسطافة 1.5"" (2 قطع)",الشركة العالمية للتصدير و الإستيراد,,7.0,5.9
PA30567,زاوية كرسي 25 * 15 * 1.5 مم (4 قطع),الشركة العالمية للتصدير و الإستيراد,,3.0,1.08
RA20008,"كوع 25* 1/2"" سن داخلي",فرات,بي بي ر - PPR,10.0,4.038
RA30014,"كوربة 1"" - 90°",الرطيل,جي أم GM,6.0,1.7
RA30018,"كوربة 1.5"" - 45°",الرطيل,جي أم GM,7.0,2.3
EL50008,علبة سبوت,فاندي,R63\50,0.95,0.52
PA30570,دادو بالخبور 14مم,الشركة العالمية للتصدير و الإستيراد,,1.0,0.462
PLSA0129,"مطول ""1/2 * 25 مم كروم",سانيتاري ويرز,,15.0,10.75
RA20024,"مثلث 25* 1/2"" سن داخلي",فرات,,12.0,4.864
RA20014,"وصلة 25* 1/2"" سن داخلي",فرات,بي بي ر - PPR,10.0,4.085
RA30067,"طابة مجمع 1.5""",الرطيل,جي أم GM,7.0,3.88
RA20039,"طابة 25"" لحام",فرات,بي بي ر - PPR,2.0,0.523
RA20078,صرباص 25,فرات,بي بي ر - PPR,5.0,1.691
ELC1068,سلك كهرباء 2 *1.5 مم²,الشركة العالمية للتصدير و الإستيراد,سلك مفتول,1.5,0.22
PA30537,"اسطافة 3/4"" (2 قطع)",الشركة العالمية للتصدير و الإستيراد,,3.0,3.8
PE30193,لصقة طلاء 45 مم,الشركة العالمية للتصدير و الإستيراد,,4.0,2.639
RA20012,"وصلة 32"" لحام",فرات,بي بي ر - PPR,3.0,1.026
PE30471,ورق سنفرة 9بوصة 6فتحات,الشركة العالمية للتصدير و الإستيراد,P 80,3.0,0.85
MC10652,سرفنتينة 15 سم * 15 سم كروم,بن أمور,,120.0,55.0
RA20003,"كوع 32"" - 45 لحام",فرات,بي بي ر - PPR,4.0,1.52
PA30569,دادو بالخبور 12مم,الشركة العالمية للتصدير و الإستيراد,,0.8,0.387
ALVM50206,سيفون حوض الوجه كلك,سانيتاري ويرز,,35.0,11.89
EL50009,علبة بريزة ثلاثية,فاندي,F0001,1.5,0.85
RA20047,طابة تجربة 25 طويله,فرات,بي بي ر - PPR,1.5,0.522
EL50010,علبة كهرباء دائرية,فاندي,F0014,0.5,0.2
RA20013,"وصلة 25"" لحام",فرات,بي بي ر - PPR,2.0,0.523
PA3096,مسمارحرف L6,الشركة العالمية للتصدير و الإستيراد,,0.25,0.105
RA20038,"طابة 32"" لحام",فرات,بي بي ر - PPR,3.0,0.969
RA20040,"مخفض 32""* 25"" لحام",فرات,,3.0,0.817
RA20041,اسطافة 25'',فرات,بي بي ر - PPR,2.0,0.409
PA30046,كيس فارغ أبيض,فاندي,,1.25,0.9
