code,name,brand,model,category,supplier_id,purchase_price,retail_price,active,barcode,old_id
EL50394,لصقة 0.13 مم * 19 مم * 25 متر,الشركة العالمية للتصدير و الإستيراد,SCAPA 2702,ملحقات الكهرباء,4db58ef5-0e02-ae07-fc14-5629c40b7689,4.750,10.000,t,,210003905
ME10005,خلاط حوض المطبخ تحلية شجرة كروم,سانيتاري ويرز,,خلاط حوض المطبخ شجرة,ac78bb51-d153-70a3-ad89-bdb50a8537eb,185.000,330.000,t,,210002733
ML30493,مرايا حمام مع إضاءة لد 100*80 سم,سانيتاري ويرز,SYC018,مراية مضيئة,9a9f39af-a0d0-6a64-969d-7baa03e28c4f,175.000,280.000,t,,210005024
ML10781,خلاط حوض وجه كروم,سانيتاري ويرز,OM-05,خلاط حوض وجه,b254c840-e3dc-aa50-45cc-22c1a82f1d9d,92.500,170.000,t,,310004122
PA30474,دباسة يدوية,فندر,195056,دباسة,4db58ef5-0e02-ae07-fc14-5629c40b7689,20.500,35.000,t,,210003990
ARSB80283,كسكاس دوش دائري 250 مم كروم,سانيتاري ويرز,MMAAT LSH-RND-250,كسكاس دوش,f68c4a72-8eb2-7563-07ad-b344ff9fe960,65.000,130.000,t,,310002844
ML10055,خلاط حوض وجه مضيء كروم,ليفرنو هوم,,خلاط حوض وجه,081276dc-6952-a613-dc62-614b51522ad0,115.000,210.000,t,,210002639
ML10895,خلاط حوض وجه أسود لامع,بن أمور,B.AMOR003,خلاط حوض وجه,f3749abe-ab61-138e-bb47-655f16ecc625,220.000,350.000,t,,310004349
ARSB80477,طوبو دوش 150سم كروم,ليفرنو هوم,,طوبو دوش,f68c4a72-8eb2-7563-07ad-b344ff9fe960,20.000,50.000,t,,210003251
WA40774,غطاء مقعد أبيض,GALASSIA,5478,غطاء مقعد,f68c4a72-8eb2-7563-07ad-b344ff9fe960,120.000,200.000,t,,310003395
ARSB80390,مصب دوش بدون تحويلة أسود,بريمكس,J007X,مصب دوش,0dafba13-51f2-fc5a-eab7-f16d55bcce40,60.000,130.000,t,,310002851
ARSB80339,"مسكر شطافة ""1/2"" * ""1/2 كروم",فينوس,,مخرج شطاف,0dafba13-51f2-fc5a-eab7-f16d55bcce40,26.000,60.000,t,,210003083
RA30025,"جرجوري4""",الرطيل,جي أم GM,كوع - كوربة,4db58ef5-0e02-ae07-fc14-5629c40b7689,17.000,25.000,t,,210003423
ARSB80467,شطاف ظغط مربع مع طوبو أسود,توريما,1372-03330-009,شطاف,3f8e1d44-c2e4-cecd-ff29-48dc418eba21,265.000,400.000,t,,210004988
P30111,بدل كورة,ماتاكس,PS06-1A,مضخة,4db58ef5-0e02-ae07-fc14-5629c40b7689,89.000,140.000,t,,210003599
AECU50057,صابونية حوض مطبخ أسود,سانيتاري ويرز,,ملحقات أحواض المطابخ,0dafba13-51f2-fc5a-eab7-f16d55bcce40,11.000,35.000,t,,210003511
MA20012,خلاط حوض المطبخ سحاب كروم,سانيتاري ويرز,,خلاط حوض المطبخ سحاب,ac78bb51-d153-70a3-ad89-bdb50a8537eb,155.000,280.000,t,,210002742
PS21108,علاقة مناشف كروم,ليمكس,2664,علاقة مناشف,f592fa51-d431-40c9-f38d-39cdf4092eb2,90.000,200.000,t,,310004611
RA30011,"كوربة 3"" 45°",الرطيل,جي أم GM,كوع - كوربة,4db58ef5-0e02-ae07-fc14-5629c40b7689,11.204,15.000,t,,210003405
SI10509,سلكون حراري استرا اسود 1600c,,,سلكون,f330aa66-9a8a-90ee-d535-6c68ff14b0de,23.000,30.000,t,,210005040
PD20914,حاجز دوش 8 مم  مضبب70  سم,سانيتاري ويرز,PF40-16,حاجز دوش,b254c840-e3dc-aa50-45cc-22c1a82f1d9d,380.000,570.000,t,,310004039
PS20118,علاقة مناشف زوجية كروم,سانيتاري ويرز,,علاقة مناشف,f68c4a72-8eb2-7563-07ad-b344ff9fe960,95.000,160.000,t,,310002967
PLSA0259,"طابة ""1/2 مع وردة كروم",دوس,06-110,وصلة,4db58ef5-0e02-ae07-fc14-5629c40b7689,11.500,15.000,t,,210002982
ML10161,خلاط حوض وجه أسود,سانيتاري ويرز,2308073,خلاط حوض وجه,f68c4a72-8eb2-7563-07ad-b344ff9fe960,69.000,150.000,t,,310003010
ADOU50190,سيفون حوض قدم,تركي,رأس صغير,ملحقات دوش,dc6e5eb0-a2c4-7fc8-161c-528f389f29cc,7.000,20.000,t,,310003283
EL10433,حوض مطبخ ستانلس ستيل 76*45 سم أسود,أسيل,AS3456,حوض مطبخ ستانلس ستيل,b254c840-e3dc-aa50-45cc-22c1a82f1d9d,695.000,1000.000,t,,310003502
ARSB80786,قصبة دوش مربعة 40 سم اسود,سانيتاري ويرز,,قصبة دوش,0dafba13-51f2-fc5a-eab7-f16d55bcce40,62.020,100.000,t,,210004883
ARSB80072,شطاف ظغط مربع مع طوبو كروم,سانيتاري ويرز,,شطاف,0dafba13-51f2-fc5a-eab7-f16d55bcce40,45.000,90.000,t,,210002668
PE30218,"سكينة تغليف  2.5"" 6.5 سم",فندر,,أدوات,4db58ef5-0e02-ae07-fc14-5629c40b7689,3.500,10.000,t,,210003711
CD40101,مسطرة دوش زوجية كروم,باست,,مسطرة دوش,f68c4a72-8eb2-7563-07ad-b344ff9fe960,92.000,150.000,t,,210002697
ARSB80775,مخرج شطاف كروم,PAINI,51CR133IG2,شطاف,95a6cd40-9663-6e5a-2d2b-82c8a97852fc,40.000,100.000,t,,310004170
ARSB80071,شطاف ظغط مع طوبو كروم,فينوس,AHF02,شطاف,0dafba13-51f2-fc5a-eab7-f16d55bcce40,73.000,115.000,t,,210002667
AASB30027,رف ستاينلس ستيل أسود,فينوس,457B,اكسسوارات,0dafba13-51f2-fc5a-eab7-f16d55bcce40,26.000,50.000,t,,210003443
ML30132,مرايا حمام مع إضاءة لد80*60 سم,سانيتاري ويرز,DIO-15-3,مراية مضيئة,f68c4a72-8eb2-7563-07ad-b344ff9fe960,80.000,140.000,t,,310003208
ATWC50540,صندوق بتارية مقعد أرضي,اديال سانيتار,مرجان,ملحقات مقاعد,e47ac07e-2763-bc83-6cf2-c39bb577a1f9,160.000,240.000,t,,210005074
RA20490,وصلة 63*2 لصقة ذكر ضغط 16,الرطيل,جي أم GM,وصلة,571d2375-1774-6730-7af4-8df56a1d7a88,10.000,15.000,t,,210005021
AM0183,حوض وجه مع دولاب حمام -80 سم,سانيتاري ويرز,ML-01-80,دولاب حمام,3b74be9f-643f-cd77-2128-39d8b10170c9,380.000,700.000,t,,210002887
PE30030,دهان مطاطي عازل أكريليكي  كغ13 أبيض,دهانات المدينة مصراتة,,الجدران خارجي,4db58ef5-0e02-ae07-fc14-5629c40b7689,137.750,150.000,t,,210003326
MA20040,خلاط حوض المطبخ سحاب كروم,تركواز سيراستايل,,خلاط حوض المطبخ سحاب,2e234c5a-ae37-77f1-3c02-d40e664e7d50,110.000,200.000,t,,210003342
ML10521,خلاط حوض وجه  كروم,سانيتاري ويرز,OM-106,خلاط حوض وجه,b254c840-e3dc-aa50-45cc-22c1a82f1d9d,52.000,90.000,t,,310003592
PE30503,زمالطو  3 كغ أبيض مطفي,الواحة,,الحديد,f330aa66-9a8a-90ee-d535-6c68ff14b0de,48.500,58.000,t,,210005034
ELC1473,سلك كهرباء 1 *2.5 مم²,الشركة العالمية للتصدير و الإستيراد,,الأسلاك والكابلات,4db58ef5-0e02-ae07-fc14-5629c40b7689,2.200,3.000,t,,210003988
ARSB81097,شطاف ظغط دائري مع طوبو كروم,سانيتاري واير,DEER MISA-R,شطاف,41cf3726-7c18-801f-29b4-95bfba464df9,42.000,80.000,t,,310004600
AM0411,حوض وجه مع دولاب حمام -80 سم,سانيتاري ويرز,9402,دولاب حمام,f68c4a72-8eb2-7563-07ad-b344ff9fe960,600.000,900.000,t,,210003168
ARSB80145,شطاف ظغط مربع مع طوبو مع مخرج شطاف أسود,سانيتاري واير,NOVA,شطاف,f68c4a72-8eb2-7563-07ad-b344ff9fe960,45.000,100.000,f,,310002797
MD20001,خلاط دوش مع سماعة أسود,فينوس,CIELO,خلاط دوش,0dafba13-51f2-fc5a-eab7-f16d55bcce40,118.000,180.000,t,,210002640
ARSB81044,اكسسوار خلاط شطاف مدفون دائري كروم,فيدار,FD-8T0021,ملحقات خلاط,dc6e5eb0-a2c4-7fc8-161c-528f389f29cc,85.000,150.000,t,,310004515
ARSB80391,مصب دوش مع تحويلة ابيض,بريمكس,J005W,مصب دوش,0dafba13-51f2-fc5a-eab7-f16d55bcce40,73.000,130.000,t,,310002852
ME10456,خلاط حوض المطبخ شجرة كروم,شهاب,NEW MARJAN,خلاط حوض المطبخ شجرة,3371605a-058e-4bf1-07a5-d157c54ae58f,160.000,250.000,t,,310003433
AM0955,دولاب حمام -70 سم,بن أمور,DS53-70,دولاب حمام,3b74be9f-643f-cd77-2128-39d8b10170c9,300.000,650.000,t,,310004425
PLSA0132,وردة كروم,رايمر,SAFRA,وصلة,9a9f39af-a0d0-6a64-969d-7baa03e28c4f,2.950,5.000,t,,210004496
RA20578,"سنيسكا 25"" ذهبي دائرية",الجودة,بي بي ر - PPR,سنيسكا,95d22529-eb35-a000-949b-cc311fec737c,88.000,140.000,t,,210005113
ARSB80429,كسكاس دوش مربع  250*250 مم ذهبي مع قصبة,مونتانا س.ل,MT-2525SQ-G,كسكاس دوش,51882a69-3ac9-cde2-37e3-64e2b7daae96,228.000,350.000,t,,310003486
ARSB80288,مثبت خلاط فردي,سانيتاري ويرز,,ملحقات خلاط,51882a69-3ac9-cde2-37e3-64e2b7daae96,3.000,10.000,t,,310003290
AM0954,دولاب مع حوض وجه مع مراية حمام 70 سم,بن أمور,DS53-70,دولاب حمام,3b74be9f-643f-cd77-2128-39d8b10170c9,700.000,1400.000,t,,310004424
ME11006,خلاط حوض المطبخ شجرة كروم,فيغاروو,EM-005,خلاط حوض المطبخ شجرة,51882a69-3ac9-cde2-37e3-64e2b7daae96,132.000,250.000,t,,310004477
MD20627,خلاط دوش كروم,بن أمور,huang crown-2,خلاط دوش,ac78bb51-d153-70a3-ad89-bdb50a8537eb,135.000,210.000,t,,310003735
MTE60035,خلاط شطاف مدفون كروم,فرامو,DE206CR,خلاط شطاف مدفون,f9f6d83d-5b9d-2d22-c42a-21b487031fad,160.000,250.000,t,,310002712
ARSB80485,شطاف ظغط مربع مع طوبو ذهبي,تركي,GPD,شطاف,0c575208-c139-0260-a6d0-f96f93e5c6ae,190.000,285.000,t,,310003556
PD20286,حاجز دوش 8 مم  مضبب70  سم,ليسو,WIC-70D,حاجز دوش,9a9f39af-a0d0-6a64-969d-7baa03e28c4f,340.000,550.000,t,,210004707
ARSB80039,شطاف ظغط مربع مع طوبو كروم,سانيتاري ويرز,,شطاف,2e234c5a-ae37-77f1-3c02-d40e664e7d50,55.000,100.000,t,,210003340
VS10458,حوض وجه معلق 85 سم,أوركا,AYDOS,حوض وجه معلق,fd059421-15b9-e743-662a-d6c4e83bb171,310.000,700.000,t,,210003222
PA30056,بونتة 6 * 16سم,الشركة العالمية للتصدير و الإستيراد,,أدوات الثقب,4db58ef5-0e02-ae07-fc14-5629c40b7689,2.450,5.000,t,,210004381
P30703,مضخة ماجن 0.8 حصان بالأوتوماتك,UMBRA POMPE,,مضخة,b79e7abc-51e1-263e-7d9c-8207fbd25aaf,2250.000,2550.000,t,,310003811
PD20288,حاجز دوش 8 مم بالعلاقة المناشف100 سم,ليسو,WIC-100E,حاجز دوش,9a9f39af-a0d0-6a64-969d-7baa03e28c4f,410.000,700.000,t,,210004709
VS11062,عمود حوض وجه سفير معلق أبيض,اديال سانيتار,سفير,حوض وجه معلق,e47ac07e-2763-bc83-6cf2-c39bb577a1f9,110.000,200.000,t,,310004533
ELC1108,"مطول كهرباء 4مدخل 3متر
",الشركة العالمية للتصدير و الإستيراد,,الأسلاك والكابلات,4db58ef5-0e02-ae07-fc14-5629c40b7689,49.500,65.000,t,,210004466
MT30023,خلاط شطاف مع شطاف كروم,سانيتاري ويرز,8025,خلاط شطاف,7ea09f3f-5446-26a3-c653-90a14ccabc04,70.000,140.000,t,,310002834
ALVM51001,سيفون حوض الوجه كلك بمانع رائحة,سانيتاري ويرز,SG5174-11,سيفون حوض الوجه,51882a69-3ac9-cde2-37e3-64e2b7daae96,33.000,60.000,t,,310004472
WS10116,مقعد معلق رايملس أبيض,تركواز سيراستايل,AQUA,مقعد معلق,3ef761c8-d645-a9c8-47dc-960089e79b35,843.900,960.000,t,,310003192
PE30132,قادومة 200 غ,إنتكس,,مطرقة - ماصة,4db58ef5-0e02-ae07-fc14-5629c40b7689,4.750,9.000,t,,210003625
PS20125,علاقة مناشف كروم,KBM,L-5065,علاقة مناشف,e47ac07e-2763-bc83-6cf2-c39bb577a1f9,72.500,140.000,t,,310002974
AM40356,مراية دولاب حمام -80 سم,سانيتاري ويرز,8112,مراية دولاب,9a9f39af-a0d0-6a64-969d-7baa03e28c4f,175.000,250.000,t,,210004800
ARSB80166,سماعة دوش كروم,سانيتاري ويرز,X001CQMRE1,سماعة دوش,081276dc-6952-a613-dc62-614b51522ad0,30.000,50.000,f,,310002821
ARSB80400,مصب دوش مع تحويلة كروم,سانيتاري ويرز,EZ-3065,مصب دوش,e47ac07e-2763-bc83-6cf2-c39bb577a1f9,97.750,150.000,t,,310003157
PA30429,ڨوانطي,فندر,194627,قفازات,4db58ef5-0e02-ae07-fc14-5629c40b7689,5.500,15.000,t,,210003940
RA20513,مخفض حديد 3/4 * 1/2,الشركة العالمية للتصدير و الإستيراد,,مخفض,1054307a-87a0-d4d2-fe16-bd905fe6a04b,0.750,3.000,t,,210004029
MM30410,خلاط حوض المطبخ حائطي كروم,فرامو,TU111CR,خلاط حوض المطبخ حائطي,3371605a-058e-4bf1-07a5-d157c54ae58f,175.000,300.000,t,,310003465
PLSA0664,وردة كروم,سانيتاري ويرز,SASSI,وصلة,f68c4a72-8eb2-7563-07ad-b344ff9fe960,9.000,15.000,t,,310003772
VS10571,حوض وجه معلق 60سم,ليسو,1197,حوض وجه معلق,9a9f39af-a0d0-6a64-969d-7baa03e28c4f,220.000,380.000,t,,210005106
ARSB80821,مصب دوش مع تحويلة أسود,سي أر سمارت,15.13.2,مصب دوش,2e234c5a-ae37-77f1-3c02-d40e664e7d50,80.000,120.000,t,,210003302
VS10828,حوض وجه معلق أسود -60سم,ب.أمور,LT-2173-MB,حوض وجه معلق,77d76dcb-7fe6-a4b4-4998-83b869291b06,295.000,500.000,t,,310004258
ML10003,خلاط حوض وجه أسود,فينوس,CIELO,خلاط حوض وجه,0dafba13-51f2-fc5a-eab7-f16d55bcce40,90.000,135.000,t,,210002583
PLSA0924,مطول 1/2 *0.5 سم نحاسي,سانيتاري ويرز,,وصلة,3371605a-058e-4bf1-07a5-d157c54ae58f,2.000,5.000,t,,310004385
ML30082,مرايا حمام مع إضاءة لد 60*80 سم,سانيتاري ويرز,118150,مراية مضيئة,f68c4a72-8eb2-7563-07ad-b344ff9fe960,85.000,160.000,t,,210004424
WS10594,مقعد معلق تورنيدو أبيض,ب.أمور,SH-035,مقعد معلق,56855bde-1190-92a2-afb0-419a9650977f,405.000,700.000,t,,310003700
ART0023,صابونية كروم,فينوس,BA807,اكسسوارات,0dafba13-51f2-fc5a-eab7-f16d55bcce40,84.000,120.000,t,,210004334
PE30160,محشة,الشركة العالمية للتصدير و الإستيراد,,منجل,4db58ef5-0e02-ae07-fc14-5629c40b7689,2.150,5.000,t,,210003654
LG40330,حوض وجه برسلين 65 سم,رويال,YB036_9,حوض وجه برسلين,60d7d8a2-1083-abe4-d894-b1c7f3235d40,400.000,600.000,t,,210003072
MTE60039,خلاط شطاف مدفون كروم,فرامو,SM206CR,خلاط شطاف مدفون,f9f6d83d-5b9d-2d22-c42a-21b487031fad,170.000,270.000,t,,210002769
PA30547,برشام 4  * 12,الشركة العالمية للتصدير و الإستيراد,,برشام,4db58ef5-0e02-ae07-fc14-5629c40b7689,2.000,5.000,t,,210004064
ARSB80998,كسكاس دوش مربع 200*200 مم كروم,بضائع أوروبية,OB03M20Q-CR,كسكاس دوش,f68c4a72-8eb2-7563-07ad-b344ff9fe960,95.000,150.000,t,,310003251
ML30538,مرايا حمام مع إضاءة لد 100*60 سم,سانيتاري ويرز,21,مراية مضيئة,b254c840-e3dc-aa50-45cc-22c1a82f1d9d,105.000,200.000,t,,310003610
EL50096,كلبس كاو رقم 16,الشركة العالمية للتصدير و الإستيراد,,ملحقات الكهرباء,4db58ef5-0e02-ae07-fc14-5629c40b7689,1.900,4.000,t,,210003559
AASB31086,حاملة فرشاة أسنان كروم,بن أمور,B.AMOR-CA,اكسسوارات,ac78bb51-d153-70a3-ad89-bdb50a8537eb,20.000,60.000,t,,310004589
ARSB80005,سماعة دوش مع طوبو كروم,ليسو,,سماعة دوش,f68c4a72-8eb2-7563-07ad-b344ff9fe960,34.000,65.000,t,,210003114
WA40115,غطاء مقعد تركي أبيض,سانيتاري ويرز,,غطاء مقعد,4db58ef5-0e02-ae07-fc14-5629c40b7689,21.000,35.000,t,,210004474
RO10107,مسكر زاوية  ''1/2 * ''1/2 كروم,فيوري,,حنفية,4db58ef5-0e02-ae07-fc14-5629c40b7689,15.000,20.000,t,,210004465
PE30374,اسمنت ابيض 50كغ,سانيتاري ويرز,اسمنت بورتلاندي ابيض,استوك الجدران,e47ac07e-2763-bc83-6cf2-c39bb577a1f9,37.000,48.000,t,,210004170
MD20026,خلاط دوش كروم,سانيتاري ويرز,VESUN Z-9003,خلاط دوش,6404b473-9064-2186-1532-6b8e0def0d69,83.000,150.000,t,,310002768
RA30060,"وصلة 1.5""* 1.5"" سن داخلي",الرطيل,جي أم GM,وصلة,4db58ef5-0e02-ae07-fc14-5629c40b7689,3.750,9.000,t,,210003504
PE30043,طلاء زيتي 700 غ أَحْمَر لامع,دهانات المدينة مصراتة,طلاء زيتي,الحديد,4db58ef5-0e02-ae07-fc14-5629c40b7689,15.000,20.000,t,,210003362
MA20127,خلاط حوض المطبخ سحاب كروم,بريمكس,11067GY,خلاط حوض المطبخ سحاب,0dafba13-51f2-fc5a-eab7-f16d55bcce40,235.000,350.000,t,,210002723
EG40891,رف رخامي كوارتز 80سم,سانيتاري ويرز,W801,رف حوض وجه برسلين,b254c840-e3dc-aa50-45cc-22c1a82f1d9d,270.000,600.000,t,,310004012
ML30103,مرايا حمام مع إضاءة لد 80*50سم,سانيتاري ويرز,M006,مراية مضيئة,f68c4a72-8eb2-7563-07ad-b344ff9fe960,145.000,200.000,t,,210004461
CD40037,مسطرة دوش زوجية كروم,فينوس,TOP3302,مسطرة دوش,0dafba13-51f2-fc5a-eab7-f16d55bcce40,221.625,350.000,t,,210004351
ML10075,خلاط حوض وجه أسود,فيرمر,YLN18559-1H,خلاط حوض وجه,0dafba13-51f2-fc5a-eab7-f16d55bcce40,125.000,200.000,t,,310002731
RA20508,طابة نهاية خط حديد 3/4,الشركة العالمية للتصدير و الإستيراد,,طابة,1054307a-87a0-d4d2-fe16-bd905fe6a04b,1.300,3.000,t,,210004024
AASB30180,أرضية دوش,بضائع أوروبية,WENKO 23123100,اكسسوارات,081276dc-6952-a613-dc62-614b51522ad0,40.000,80.000,t,,310003246
AASB30152,حاملة فوط كروم,سانيتاري ويرز,Kairo chrom,اكسسوارات,081276dc-6952-a613-dc62-614b51522ad0,40.000,95.000,t,,310003001
AB10843,خزانة حمام أبيض,سانيتاري ويرز,9615,خزانة حمام,f68c4a72-8eb2-7563-07ad-b344ff9fe960,270.000,430.000,t,,310003964
PE30436,"سكينة تغليف يد بلاستك 10""",الشركة العالمية للتصدير و الإستيراد,,أدوات,f330aa66-9a8a-90ee-d535-6c68ff14b0de,7.250,12.000,t,,210004948
ML10011,خلاط حوض وجه كروم,توريما,BLOG 8G54511-T40,خلاط حوض وجه,3f8e1d44-c2e4-cecd-ff29-48dc418eba21,615.000,1000.000,t,,310002661
ML30604,مرايا حمام مع إضاءة لد 80*60سم,بن أمور,SH-1014-80/60,مراية مضيئة,56855bde-1190-92a2-afb0-419a9650977f,105.000,180.000,t,,310003711
ALVM50405,سيفون حوض الوجه كروم,نابولي,XSQ-01N,سيفون حوض الوجه,7bde2e9a-267b-c89e-0807-be8b711c03cd,59.000,120.000,t,,210003162
ML10039,خلاط حوض وجه كروم,فيڤارو,EM-002,خلاط حوض وجه,dc6e5eb0-a2c4-7fc8-161c-528f389f29cc,86.500,130.000,t,,210002623
PE30051,طلاء زيتي 850 غ أبيض لامع,دهانات المدينة مصراتة,طلاء زيتي,الحديد,4db58ef5-0e02-ae07-fc14-5629c40b7689,19.400,20.000,t,,210003370
PD20444,حاجز دوش 8مم اطار أسود 70 سم,ليسو,D08G BLACK,حاجز دوش,f68c4a72-8eb2-7563-07ad-b344ff9fe960,435.000,650.000,t,,210003205
WP20160,مقعد أرضي ملحوم سداسي مدفع أبيض,ب.أمور,SH-276-P,مقعد أرضي,56855bde-1190-92a2-afb0-419a9650977f,450.000,550.000,t,,210002864
CC10369,كولة فواصل 018,kalekim,CAPPADOCIA CRAM,كولة بلاط أرضيات,96788f75-aca7-6778-39d6-9ded903609dd,38.000,42.000,t,,210004813
MC10061,مجرى 50 سم *7 سم كروم,الشركة التونسية للمواد الصحية,JASMIN 7198,مجرى,4db58ef5-0e02-ae07-fc14-5629c40b7689,56.000,84.000,t,,310003091
PA30741,لقمة جيدور كروم رقم 8,الشركة العالمية للتصدير و الإستيراد,,مجموعة مفاتيح عدة,f330aa66-9a8a-90ee-d535-6c68ff14b0de,2.750,8.000,t,,210004511
ALVM50505,مطول سيفون حوض الوجه 40سم كروم,سانيتاري ويرز,ORTA,ملحقات أحواض مغاسل,c0faf038-b788-4ed3-15e1-cb4edf3f56f1,16.500,30.000,t,,310003576
ARSB80397,قصبة دوش 40 سم أسود,سانيتاري ويرز,RAN RAN NN-SC-6,قصبة دوش,0dafba13-51f2-fc5a-eab7-f16d55bcce40,24.500,60.000,t,,310002889
ATWC50214,بتارية مقعد أرضي جنب,سانيتاري ويرز,,ملحقات مقاعد,4db58ef5-0e02-ae07-fc14-5629c40b7689,45.000,75.000,t,,210002926
LG40319,حوض وجه برسلين مشطوف 80 سم,رويال,YB14-3,حوض وجه برسلين,60d7d8a2-1083-abe4-d894-b1c7f3235d40,500.000,650.000,t,,210003058
LG40322,حوض وجه برسلين 80 سم,رويال,YB03_20,حوض وجه برسلين,60d7d8a2-1083-abe4-d894-b1c7f3235d40,400.000,600.000,t,,210003063
MD20021,خلاط دوش مع سماعة كروم,فرامو,NM202CR,خلاط دوش,3371605a-058e-4bf1-07a5-d157c54ae58f,325.000,450.000,t,,310002697
MC10084,مجرى 45سم *7 سم كروم,بيورا,DL-01-45,مجرى,f9f6d83d-5b9d-2d22-c42a-21b487031fad,257.000,320.000,t,,310003117
ML30050,مرايا حمام مع إضاءة لد 80*60 سم,سانيتاري ويرز,,مراية مضيئة,2e234c5a-ae37-77f1-3c02-d40e664e7d50,95.000,150.000,t,,210003355
PE30462,لصقة مع مجفف 200 مل,ابل,,المواد اللاصقة و العازلة,f330aa66-9a8a-90ee-d535-6c68ff14b0de,10.250,15.000,t,,210005010
AASB30634,صابونية أسود,بن أمور,,اكسسوارات,ac78bb51-d153-70a3-ad89-bdb50a8537eb,20.000,50.000,t,,310003742
ARSB80010,سماعة دوش مع طوبو كروم,سانيتاري واير,,سماعة دوش,4db58ef5-0e02-ae07-fc14-5629c40b7689,15.500,45.000,t,,210003119
VS11069,حوض وجه موطو مع عمود أبيض,ABM,ABM-4006,حوض وجه معلق,dc6e5eb0-a2c4-7fc8-161c-528f389f29cc,295.000,450.000,t,,310004540
PA30139,عصاة مكنسة,ماتاكس,PS06-1A,مكنسة خارجية,4db58ef5-0e02-ae07-fc14-5629c40b7689,1.650,3.000,t,,210003632
LG40320,حوض وجه برسلين مشطوف 80 سم,رويال,YB14-4,حوض وجه برسلين,60d7d8a2-1083-abe4-d894-b1c7f3235d40,500.000,650.000,t,,210003060
MD20060,خلاط دوش مع سماعة كروم,سانيتاري ويرز,8028,خلاط دوش,7ea09f3f-5446-26a3-c653-90a14ccabc04,100.000,220.000,t,,310002833
ARSB80089,طوبو شطاف 120 سم كروم,فينوس,BS-120,طوبو شطاف,0dafba13-51f2-fc5a-eab7-f16d55bcce40,39.000,80.000,t,,210002685
ARSB80979,مصب دوش مربع بالتحويله أسود,توريما,03278BB-T90,مصب دوش,3f8e1d44-c2e4-cecd-ff29-48dc418eba21,760.000,950.000,t,,310004449
MC10126,غطاء غرفة تفتيش 60*60مخفي SUS304,بيورا,,مجرى,f9f6d83d-5b9d-2d22-c42a-21b487031fad,430.000,540.000,t,,210004493
ML10790,خلاط حوض وجه أسود,سانيتاري ويرز,OM-32B,خلاط حوض وجه,b254c840-e3dc-aa50-45cc-22c1a82f1d9d,230.000,350.000,t,,310004132
MA20471,خلاط حوض المطبخ شلال منظومة نص فل,سانيتاري ويرز,XSDD010582,خلاط حوض المطبخ سحاب,95d22529-eb35-a000-949b-cc311fec737c,99.000,225.000,t,,210004998
MD20058,خلاط دوش مع سماعة كروم,فرامو,HO202CR,خلاط دوش,3371605a-058e-4bf1-07a5-d157c54ae58f,325.000,460.000,t,,210002654
ML31136,مرايا حمام مع إضاءة لد 80*60 سم,ستار سانيتار,236,مراية مضيئة,8d388eaa-de46-d772-319c-750398f43c28,130.000,220.000,t,,310004639
PA30408,عجلة باب سحاب  رقم 100,الشركة العالمية للتصدير و الإستيراد,,ملحقات معدات الباب,4db58ef5-0e02-ae07-fc14-5629c40b7689,50.500,75.000,t,,210003919
PA30502,بونتة 22 * 450 مم,الشركة العالمية للتصدير و الإستيراد,,أدوات الثقب,4db58ef5-0e02-ae07-fc14-5629c40b7689,13.500,20.000,t,,210004018
MC10111,سرفنتينة 13 سم * 13 سم كروم,بضائع أوروبية,,مجرى,3371605a-058e-4bf1-07a5-d157c54ae58f,49.000,75.000,t,,310003186
PE30438,ماكينة قص بي بي ار,اي بي سي,AC18763,موس فرش والمقص,4db58ef5-0e02-ae07-fc14-5629c40b7689,68.000,100.000,t,,210003949
LG40394,حوض وجه برسلين 80 سم,رويال,2612,حوض وجه برسلين,f68c4a72-8eb2-7563-07ad-b344ff9fe960,400.000,600.000,t,,210003151
PA30164,سطل بناء,الشركة العالمية للتصدير و الإستيراد,,سطل بناء,4db58ef5-0e02-ae07-fc14-5629c40b7689,6.250,11.000,t,,210003658
ML10283,خلاط حوض وجه كروم,ARB,JALT001LYC00,خلاط حوض وجه,dd2fc8ac-5717-c00a-07b0-627c341c4a46,209.000,330.000,t,,210004704
AM0839,حوض وجه مع دولاب حمام -80 سم,سانيتاري ويرز,1513,دولاب حمام,f68c4a72-8eb2-7563-07ad-b344ff9fe960,990.000,1400.000,t,,310004271
ARSB80827,مصب دوش-مربع بدون تحويلة ذهبي,فرامو,HO211ORO,مصب دوش,f9f6d83d-5b9d-2d22-c42a-21b487031fad,450.000,500.000,t,,310004157
ARSB80476,طوبو دوش 150سم كروم,فينوس,SP-150,طوبو دوش,f68c4a72-8eb2-7563-07ad-b344ff9fe960,29.000,50.000,t,,210003250
ARSB80209,قصبة دوش 32 سم أسود,ليمكس,,قصبة دوش,f592fa51-d431-40c9-f38d-39cdf4092eb2,35.000,80.000,t,,310003070
SI10138,سلكون  280 غرام أبيض التاج,التاج,48593,سلكون,b907b80a-1272-6c41-14b7-dc0946e8d72a,7.292,10.000,t,,210004299
PS20039,علاقة مناشف كروم,سانيتاري ويرز,,علاقة مناشف,f68c4a72-8eb2-7563-07ad-b344ff9fe960,32.000,50.000,t,,210003476
RA20453,"سنيسكا 32"" كروم",فرات,بي بي ر - PPR,سنيسكا,f330aa66-9a8a-90ee-d535-6c68ff14b0de,97.750,75.000,t,,210004972
PE30091,ورق سنفرة قماش رقم 80 (1 متر),الشركة العالمية للتصدير و الإستيراد,التاج,ورق الصنفرة,4db58ef5-0e02-ae07-fc14-5629c40b7689,2.371,5.000,t,,210003552
AASB30516,حاملة فوط كروم,ساتين-نيكال,,اكسسوارات,081276dc-6952-a613-dc62-614b51522ad0,40.000,60.000,t,,310003587
RA30029,"واي 2"" 45°",الرطيل,جي أم GM,مثلث,4db58ef5-0e02-ae07-fc14-5629c40b7689,5.750,10.000,t,,210003436
RFP1750,"فسيبلي "" 1/2 أنثى * ""1/2 أنثى 30سم سميك",فانسكي,اسباني,فسيبلي,4db58ef5-0e02-ae07-fc14-5629c40b7689,7.550,20.000,t,,310003371
AASB30079,صابونية أسود,KBM,9111,اكسسوارات,e47ac07e-2763-bc83-6cf2-c39bb577a1f9,35.000,70.000,t,,310002931
ARSB80761,مخرج شطاف مع علاق أسود,فيدار,FD12008-B,مخرج شطاف,509e8e91-b47c-f17c-5f3a-a8dfebf81f76,69.000,110.000,t,,310003871
MC10182,سرفنتينة 15 سم * 15 سم مع مانع رائحة كروم,سانيتاري ويرز,SUN AISI 304,مجرى,f68c4a72-8eb2-7563-07ad-b344ff9fe960,52.000,80.000,t,,310003275
ARSB80575,طوبو دوش ألماني كروم,ليفرنو هوم,,طوبو دوش,081276dc-6952-a613-dc62-614b51522ad0,20.000,50.000,t,,310003679
AASB30712,صابونية كروم,بن أمور,مجموعة بن عمر,اكسسوارات,ac78bb51-d153-70a3-ad89-bdb50a8537eb,20.000,50.000,t,,310003820
EG30881,حوض مطبخ جرانيت أسود مطفي78*50 فردي,ب.أمور,Sousse,حوض مطبخ جرانيت,0b31d558-d145-3aaf-232e-dad3cc8669b6,555.000,880.000,t,,310004335
MC10124,غطاء غرفة تفتيش 30*30 مخفي SUS304,بيورا,,مجرى,f9f6d83d-5b9d-2d22-c42a-21b487031fad,260.000,330.000,t,,210004491
MT30111,خلاط شطاف مع شطاف كروم,بالمو,SG19164-12,خلاط شطاف,51882a69-3ac9-cde2-37e3-64e2b7daae96,62.000,130.000,t,,310002960
ALVM50211,قرجوطة سيفون حوض الوجه 1.1/4*80 سم,فينوس,,ملحقات أحواض مغاسل,0dafba13-51f2-fc5a-eab7-f16d55bcce40,4.750,10.000,t,,210002921
ALVM50796,رأس سيفوني كروم,فينوس,BW5PU32,رأس سيفوني,0dafba13-51f2-fc5a-eab7-f16d55bcce40,49.000,90.000,t,,310003417
BAI10461,حوض استحمام بانيو 150*70*53 سم,ساناكريل,A125/53,حوض استحمام,e47ac07e-2763-bc83-6cf2-c39bb577a1f9,1070.000,1650.000,t,,210004982
ML30494,مرايا حمام مع إضاءة لد 100*80 سم,سانيتاري ويرز,SYC017,مراية مضيئة,9a9f39af-a0d0-6a64-969d-7baa03e28c4f,175.000,280.000,t,,210005025
VS11141,حوض وجه معلق80 سم,ليسو,400,حوض وجه معلق,9a9f39af-a0d0-6a64-969d-7baa03e28c4f,375.000,550.000,t,,310004644
CD40753,مسطرة دوش زوجية اسود,سانيتاري ويرز,9614-9,مسطرة دوش,f68c4a72-8eb2-7563-07ad-b344ff9fe960,105.000,250.000,t,,310004091
ARSB80176,سماعة خلاط دوش كروم,سانيتاري ويرز,WENKO 2286610,ملحقات خلاط,081276dc-6952-a613-dc62-614b51522ad0,33.750,90.000,t,,310002832
MD20857,خلاط دوش ذهبي,سانيتاري ويرز,OM-103-GOLD,خلاط دوش,b254c840-e3dc-aa50-45cc-22c1a82f1d9d,88.000,150.000,t,,310003978
ATWC50216,بتارية مقعد أرضي تحت,سانيتاري ويرز,,ملحقات مقاعد,4db58ef5-0e02-ae07-fc14-5629c40b7689,39.000,75.000,t,,210002929
ARSB80255,سماعة دوش مع طوبو كروم,ميرو,MIRO KD19,سماعة دوش,5bd59cc2-f915-90b2-5eb0-3ec705744a94,105.000,170.000,t,,210004666
ML10088,خلاط حوض وجه كروم,سانيتاري ويرز,PURE MOH-39,خلاط حوض وجه,f68c4a72-8eb2-7563-07ad-b344ff9fe960,57.000,120.000,t,,310002749
PE30369,عصاة مطرقة,الشركة العالمية للتصدير و الإستيراد,,مطرقة - ماصة,4db58ef5-0e02-ae07-fc14-5629c40b7689,5.000,12.000,t,,210004148
ARSB80308,مخرج شطاف كروم بالعلاقة,ليسو,8-133,مخرج شطاف,9a9f39af-a0d0-6a64-969d-7baa03e28c4f,68.000,100.000,t,,210004733
ARSB80191,مخرج شطاف مع علاق كروم,سانيتاري ويرز,YOULLY 7-133,مخرج شطاف,f68c4a72-8eb2-7563-07ad-b344ff9fe960,35.000,70.000,t,,310003258
PE30064,طلاء بخاخ داخلي و خارجي كروم لامع,إس كيو إل أو,,الجدران والسقف,4db58ef5-0e02-ae07-fc14-5629c40b7689,5.250,10.000,t,,210003384
WA40479,غطاء مقعد سداسي أبيض,ب.أمور,SC-SH-276,غطاء مقعد,56855bde-1190-92a2-afb0-419a9650977f,29.000,60.000,t,,310003549
ARSB80914,شطاف ظغط دائري مع طوبو كروم,ليسو,366,شطاف,f68c4a72-8eb2-7563-07ad-b344ff9fe960,45.000,150.000,t,,310004037
ART0030,قصبة دوش مربعة 45 سم كروم,فينوس,,قصبة دوش,0dafba13-51f2-fc5a-eab7-f16d55bcce40,56.000,80.000,t,,210004341
ARSB80038,شطاف ظغط مربع مع مخرج بالعلاقة مع طوبو أسود,تركواز سيراستايل,ANOVA,شطاف,2e234c5a-ae37-77f1-3c02-d40e664e7d50,36.000,90.000,t,,210003339
MDE50821,خلاط دوش مدفون فلفيت أسود,توريما,8V010BB-090,خلاط دوش مدفون,3f8e1d44-c2e4-cecd-ff29-48dc418eba21,650.000,1000.000,t,,310003940
ML30545,مرايا حمام قوس مع إضاءة لد 60*100 سم,سانيتاري ويرز,123120,مراية مضيئة,b254c840-e3dc-aa50-45cc-22c1a82f1d9d,100.000,200.000,t,,310003617
TO9052,مفتاح ربط رقم14 مم,الشركة العالمية للتصدير و الإستيراد,AC18693,مفاتيح,4db58ef5-0e02-ae07-fc14-5629c40b7689,5.500,10.000,t,,210004377
ARSB80085,شطاف ظغط دائري مع طوبو كروم,توريما,1372-03330-014,شطاف,3f8e1d44-c2e4-cecd-ff29-48dc418eba21,108.000,200.000,t,,210002681
AR20046,طلاء مائي داخلي 10 كغ أبيض,دهانات المدينة مصراتة,أصول,الجدران والسقف,4db58ef5-0e02-ae07-fc14-5629c40b7689,34.920,40.000,t,,210004360
MDE50041,خلاط دوش مدفون كروم,فرامو,LM217CR,خلاط دوش مدفون,f9f6d83d-5b9d-2d22-c42a-21b487031fad,320.000,550.000,t,,210002771
ART0034,سماعة دوش مع طوبو كروم,فينوس,,سماعة دوش,0dafba13-51f2-fc5a-eab7-f16d55bcce40,46.000,75.000,t,,210004345
ARSB80154,شطاف ظغط دائري مع طوبو أسود,سانيتاري ويرز,NOVARA,شطاف,3005271c-aa59-cf81-5380-bf5c9a7cd5d1,75.000,130.000,t,,310002809
AASB30807,حامل ورق منظف كلينكس,فينوس,BA704,اكسسوارات,0dafba13-51f2-fc5a-eab7-f16d55bcce40,53.000,80.000,t,,310003428
ARSB80007,سماعة دوش مع طوبو أسود,سانيتاري ويرز,,سماعة دوش,dc6e5eb0-a2c4-7fc8-161c-528f389f29cc,22.500,50.000,t,,210003116
PS20761,علاقة ملابس سداسية,فينوس,RO-06,علاقة مناشف,0dafba13-51f2-fc5a-eab7-f16d55bcce40,58.000,110.000,t,,310004100
ML30863,مرايا حمام مع إضاءة لد 60*100 سم عرض,ديولو,DE 019,مراية مضيئة,b254c840-e3dc-aa50-45cc-22c1a82f1d9d,105.000,200.000,t,,310003984
EL10243,حوض مطبخ ستانلس ستيل منظومة بيانو 304 75*46 كروم,ليسو,,حوض مطبخ ستانلس ستيل,f68c4a72-8eb2-7563-07ad-b344ff9fe960,465.000,700.000,t,,210002963
ML30496,مرايا حمام مع إضاءة لد 80*60 سم,سانيتاري ويرز,SYC014,مراية مضيئة,9a9f39af-a0d0-6a64-969d-7baa03e28c4f,120.000,220.000,t,,210005027
RA20506,طابة نهاية خط حديد 1/2,الشركة العالمية للتصدير و الإستيراد,,طابة,1054307a-87a0-d4d2-fe16-bd905fe6a04b,0.750,3.000,t,,210004022
AASB30101,موزع صابون ابيض,ونكو,24588100,اكسسوارات,081276dc-6952-a613-dc62-614b51522ad0,20.000,60.000,t,,310002950
RO10095,مسكر زاوية  ''1/2 * ''1/2 كروم,سانيتاري ويرز,,حنفية,4db58ef5-0e02-ae07-fc14-5629c40b7689,6.750,15.000,t,,210004256
WA40772,غطاء مقعد أبيض,سانيتاري ويرز,IDEAL,غطاء مقعد,3ef761c8-d645-a9c8-47dc-960089e79b35,70.000,130.000,t,,310003393
RD30577,حوض قدم خزف مربع 70*70 سم,ساناكريل,M301,بانيو قدم,e47ac07e-2763-bc83-6cf2-c39bb577a1f9,335.000,650.000,t,,310003681
MD20860,خلاط دوش أسود,سانيتاري ويرز,OM-103-BLACK,خلاط دوش,b254c840-e3dc-aa50-45cc-22c1a82f1d9d,84.000,150.000,t,,310003981
AASB30199,رف زجاجي كروم,ونكو,BOSIO,اكسسوارات,0dafba13-51f2-fc5a-eab7-f16d55bcce40,41.250,80.000,t,,310003060
ARSB80994,كسكاس دوش مربع 300*300 مم مع قصبة كروم,فيڤارو,SS030-B,كسكاس دوش,dd2fc8ac-5717-c00a-07b0-627c341c4a46,100.000,170.000,t,,310003256
PS20532,علاقة مناشف زوجية ذهبي,سانيتاري ويرز,,علاقة مناشف,b254c840-e3dc-aa50-45cc-22c1a82f1d9d,110.000,220.000,t,,310003603
PE30097,"ملعقة 7"" 18سم",اي بي سي,AC18868,ملعقة,4db58ef5-0e02-ae07-fc14-5629c40b7689,4.750,7.000,t,,210003563
RO10169,مسكر زاوية  ''1/2 * ''1/2 ذهبي,سانيتاري ويرز,,حنفية,dc6e5eb0-a2c4-7fc8-161c-528f389f29cc,13.500,25.000,t,,210004559
ML10899,خلاط حوض وجه كروم,ليسو,321,خلاط حوض وجه,f68c4a72-8eb2-7563-07ad-b344ff9fe960,265.000,300.000,t,,310004020
ML10007,خلاط حوض وجه طويل كروم,توريما,VELVET 8V34011-093,خلاط حوض وجه,3f8e1d44-c2e4-cecd-ff29-48dc418eba21,725.000,600.000,t,,210002590
EG30871,حوض مطبخ جرانيت رصاصي72*47 فردي,ب.أمور,Nice,حوض مطبخ جرانيت,0b31d558-d145-3aaf-232e-dad3cc8669b6,480.000,720.000,t,,310004325
ML10266,خلاط حوض وجه  كروم,INFINIT,H8001,خلاط حوض وجه,9a9f39af-a0d0-6a64-969d-7baa03e28c4f,360.000,550.000,t,,210004686
ML30131,مرايا حمام مع إضاءة لد 80*60 سم,كاي بي ام,ML_019,مراية مضيئة,e47ac07e-2763-bc83-6cf2-c39bb577a1f9,92.500,150.000,t,,310003207
MT30015,خلاط شطاف مع شطاف كروم,سانيتاري ويرز,VESUN Z-9000-12,خلاط شطاف,a93105ca-29b4-361f-614d-22e405827e8c,69.000,100.000,t,,310002798
AASB30793,سلة قمامة,بضائع أوروبية,,اكسسوارات,081276dc-6952-a613-dc62-614b51522ad0,40.000,60.000,t,,310003414
PS20027,علاقة ملابس فردي,فينوس,BA701,علاقة مناشف,0dafba13-51f2-fc5a-eab7-f16d55bcce40,37.830,65.000,t,,210004338
CD40254,مسطرة دوش زوجية كروم,نيو,NUT-05XM,مسطرة دوش,5bd59cc2-f915-90b2-5eb0-3ec705744a94,320.000,450.000,t,,210004665
ALVM51033,سيفون حوض الوجه كلك بمانع رائحة,سانيتاري ويرز,SG5174-13,سيفون حوض الوجه,51882a69-3ac9-cde2-37e3-64e2b7daae96,33.000,70.000,t,,310004504
SA10069,طقم اكسسوار رصاصي,بيروتي,Lisbone,طقم اكسسوارات,081276dc-6952-a613-dc62-614b51522ad0,28.000,60.000,t,,210003530
PA30088,فيتي 5 * 60مم 40 قطعة,باركسايد,,برغي,081276dc-6952-a613-dc62-614b51522ad0,5.000,12.000,t,,210004249
VS10765,حوض وجه معلق 80 سم,سانيتاري ويرز,2611,حوض وجه معلق,f68c4a72-8eb2-7563-07ad-b344ff9fe960,295.000,550.000,t,,310004106
PA30556,فيتي 3.5 * 35 (100غ),الشركة العالمية للتصدير و الإستيراد,,برغي,4db58ef5-0e02-ae07-fc14-5629c40b7689,1.389,5.000,t,,210004073
PE30242,رولة كروسة 10 سم,الشركة العالمية للتصدير و الإستيراد,,فرشة طلاء,f330aa66-9a8a-90ee-d535-6c68ff14b0de,1.950,5.000,t,,210005011
ART0025,حاملة فوط كروم,فينوس,BA806,اكسسوارات,0dafba13-51f2-fc5a-eab7-f16d55bcce40,51.410,95.000,t,,210004336
ARSB80090,طوبو شطاف 1.2 م أبيض,الشركة التونسية للمواد الصحية,,طوبو شطاف,4db58ef5-0e02-ae07-fc14-5629c40b7689,5.250,15.000,t,,210002686
EG30876,حوض مطبخ جرانيت أسود مطفي80*50 فردي,ب.أمور,Zarmdine,حوض مطبخ جرانيت,0b31d558-d145-3aaf-232e-dad3cc8669b6,635.000,990.000,t,,310004330
MTE60005,خلاط شطاف مدفون كروم,فيوري,100CR7582,خلاط شطاف مدفون,3005271c-aa59-cf81-5380-bf5c9a7cd5d1,240.000,350.000,t,,310002727
ML30846,مرايا حمام مع إضاءة لد80*60 سم,سانيتاري ويرز,9912,مراية مضيئة,f68c4a72-8eb2-7563-07ad-b344ff9fe960,120.000,200.000,t,,310004295
ALVM50018,رأس سيفوني اسود,توريما,1372-005,رأس سيفوني,2e234c5a-ae37-77f1-3c02-d40e664e7d50,155.000,270.000,t,,310002677
ML10021,خلاط حوض وجه طويل كروم مطفي,سانيتاري واير,,خلاط حوض وجه,081276dc-6952-a613-dc62-614b51522ad0,163.000,300.000,t,,210002604
SI10412,سلكون  280 غرام شفاف,تركي,RIDOFIX,سلكون,e47ac07e-2763-bc83-6cf2-c39bb577a1f9,7.400,15.000,t,,310003467
MT30861,خلاط شطاف ذهبي,سانيتاري ويرز,OM-104-GOLD,خلاط شطاف,b254c840-e3dc-aa50-45cc-22c1a82f1d9d,65.000,130.000,t,,310003982
ARSB80734,قصبة دوش دائري 40 سم ذهبي,ديولو,4-36,قصبة دوش,b254c840-e3dc-aa50-45cc-22c1a82f1d9d,27.000,60.000,t,,310003846
ML30949,مرايا حمام مع إضاءة لد 80*60سم طول اطار كروم,ليسو,MS-6080,مراية مضيئة,f68c4a72-8eb2-7563-07ad-b344ff9fe960,60.000,120.000,t,,310004419
PLSA0239,"وصلة مخفض خلاط دوش ""3/8 ذكر × ""1/2 انثى كروم",سانيتاري ويرز,,وصلة,f330aa66-9a8a-90ee-d535-6c68ff14b0de,2.250,3.375,t,,310003350
ARSB80183,مخرج شطاف ذهبي,سانيتاري ويرز,991,مخرج شطاف,f68c4a72-8eb2-7563-07ad-b344ff9fe960,18.571,60.000,t,,310002881
VS10968,حوض وجه معلق -60 سم,سانيتاري واير,003-60,حوض وجه معلق,3b74be9f-643f-cd77-2128-39d8b10170c9,250.000,400.000,t,,310004438
VP20119,حوض وجه فوق الرخام 100 سم أبيض,سانيتاري ويرز,9135,حوض فوق الرخام,f68c4a72-8eb2-7563-07ad-b344ff9fe960,350.000,600.000,t,,210004280
AM40335,مراية دولاب حمام -80 سم,سانيتاري ويرز,8102,مراية دولاب,9a9f39af-a0d0-6a64-969d-7baa03e28c4f,175.000,250.000,t,,210004779
CE10104,سخانة 50 لتر,فرش,,سخانة,4db58ef5-0e02-ae07-fc14-5629c40b7689,565.000,595.000,t,,210004462
PS21121,علاقة مناشف كروم,ليسو,WL73,علاقة مناشف,f68c4a72-8eb2-7563-07ad-b344ff9fe960,90.000,180.000,t,,310004624
PS20471,علاقة مناشف زوجية كروم,سانيتاري ويرز,SG-23,علاقة مناشف,51882a69-3ac9-cde2-37e3-64e2b7daae96,25.000,50.000,t,,310003540
ML30865,مرايا حمام مع إضاءة لد-عرض60*100 سم,سانيتاري ويرز,6004,مراية مضيئة,b254c840-e3dc-aa50-45cc-22c1a82f1d9d,120.000,250.000,t,,310004316
PA30560,فيتي بالخبور 10 مم (50 قطعة),الشركة العالمية للتصدير و الإستيراد,,برغي,4db58ef5-0e02-ae07-fc14-5629c40b7689,3.500,10.000,t,,210004077
AASB30085,رف زاوية كروم,بريمكس,5658,اكسسوارات,0dafba13-51f2-fc5a-eab7-f16d55bcce40,95.000,150.000,t,,210003546
MC10188,مجرى 40 سم *7 سم كروم,فيها,,مجرى,3371605a-058e-4bf1-07a5-d157c54ae58f,63.200,120.000,t,,310003047
PA30584,مسمار حلقة مفتوح رقم 18 (2 قطع),الشركة العالمية للتصدير و الإستيراد,,خطاف,4db58ef5-0e02-ae07-fc14-5629c40b7689,1.225,3.000,t,,210004102
ATWC50196,مثبت مقعد أرضي,سانيتاري ويرز,WB 2,ملحقات مقاعد,dc6e5eb0-a2c4-7fc8-161c-528f389f29cc,1.500,5.000,t,,310003289
ME10017,خلاط حوض المطبخ شجرة كروم,فرامو,MA123CR,خلاط حوض المطبخ شجرة,3371605a-058e-4bf1-07a5-d157c54ae58f,191.000,285.000,t,,210002747
VS10140,حوض وجه معلق -90 سم,سانيتاري واير,9211,حوض وجه معلق,f68c4a72-8eb2-7563-07ad-b344ff9fe960,300.000,450.000,t,,310003216
ARSB80907,كسكاس دوش مربع 300*200 مم مع قصبة أسود,سانيتاري ويرز,OM-118B,كسكاس دوش,b254c840-e3dc-aa50-45cc-22c1a82f1d9d,55.000,110.000,t,,310004028
CD40426,مسطرة دوش زوجية كروم,بضائع أوروبية,5034-E MONTE,مسطرة دوش,9a9f39af-a0d0-6a64-969d-7baa03e28c4f,320.000,620.000,t,,210004931
ARSB80118,مصب دوش مع تحويلة ليفة كروم,فينوس,CALVIN K,مصب دوش,0dafba13-51f2-fc5a-eab7-f16d55bcce40,81.000,130.000,t,,210002822
PA30395,قفل شنطة نحاس 50 مم,الشركة العالمية للتصدير و الإستيراد,,قفل باب,4db58ef5-0e02-ae07-fc14-5629c40b7689,4.500,10.000,t,,210004144
ARSB80817,شطاف ظغط دائري مع طوبو كروم,توريما,1372-03329-030 NEW,شطاف,3f8e1d44-c2e4-cecd-ff29-48dc418eba21,105.000,180.000,t,,310003935
ALVM50395,رأس سيفوني كروم,سانيتاري ويرز,,رأس سيفوني,f68c4a72-8eb2-7563-07ad-b344ff9fe960,49.000,90.000,t,,310002899
ACOL30575,ريتي لياسة 20 سم * 10 متر,أسترا,,ملحقات غراء البلاط و الأرضيات,f9f6d83d-5b9d-2d22-c42a-21b487031fad,4.750,10.000,t,,210004092
PE30985,طلاء مائي داخلي 4 كغ أبيض مطفي,جي ال سي,سوبر داي - تون 3030,الجدران والسقف,f330aa66-9a8a-90ee-d535-6c68ff14b0de,56.260,40.000,t,,210004501
RA30035,"مثلث باب 4""",الرطيل,جي أم GM,مثلث,4db58ef5-0e02-ae07-fc14-5629c40b7689,26.500,33.000,t,,210003449
PA30244,مكنسة 40 سم,الشركة العالمية للتصدير و الإستيراد,,مكنسة خارجية,4db58ef5-0e02-ae07-fc14-5629c40b7689,20.000,28.000,t,,210003737
RA20032,"سنيسكا 32"" ليفة",فرات,,سنيسكا,1054307a-87a0-d4d2-fe16-bd905fe6a04b,34.587,35.000,t,,310002595
ML30742,مرايا حمام مع إضاءة لد-طول 90*60 سم,ديولو,DE 027,مراية مضيئة,b254c840-e3dc-aa50-45cc-22c1a82f1d9d,117.000,180.000,t,,310003854
RA20022,"مثلث 32* 3/4"" سن داخلي",فرات,بي بي ر - PPR,مثلث,1054307a-87a0-d4d2-fe16-bd905fe6a04b,8.170,20.000,t,,310002585
EG30879,حوض مطبخ جرانيت بيج50*43 فردي,ب.أمور,Tallinn,حوض مطبخ جرانيت,0b31d558-d145-3aaf-232e-dad3cc8669b6,405.000,600.000,t,,310004333
ATWC51080,زر بتريا أسود,غروهي,SG-43,ملحقات مقاعد,51882a69-3ac9-cde2-37e3-64e2b7daae96,100.000,200.000,t,,310004551
WP20892,مقعد عربي أبيض61*51,اروزر,,مقعد أرضي,431ac3fd-806d-3b31-7433-0f5bf3af56c7,120.000,200.000,t,,310004346
ML30376,مرايا حمام مع إضاءة لد 80*80 سم,سانيتاري ويرز,1433,مراية مضيئة,f68c4a72-8eb2-7563-07ad-b344ff9fe960,135.000,210.000,t,,210004199
CE10546,سخانة 80 لتر افقية,فرش,,سخانة,4db58ef5-0e02-ae07-fc14-5629c40b7689,605.000,620.000,t,,310003618
WP20161,مقعد أرضي ملحوم رصاصي رخامي,ب.أمور,SH-295-MSL,مقعد أرضي,56855bde-1190-92a2-afb0-419a9650977f,650.000,900.000,t,,210002865
RFP1402,"فسيبلي "" 1/2 أنثى * ""1/2 أنثى 50سم",سانيتاري ويرز,ايطالي,فسيبلي,7e4b3fc3-8241-ee4f-683f-bfe58ba55739,75.000,120.000,t,,310003457
RA20083,طوبو2''(1) متر,الرطيل,جي أم GM,مواسير - طوبو,4db58ef5-0e02-ae07-fc14-5629c40b7689,5.833,9.000,t,,210004321
PE30381,طلاء عاز ل مطاطي اكسترا 10 كغ,الواحة,العازل اكسترا,الجدران والسقف,193a3d2d-d39f-6712-72cb-c5f247087645,137.000,160.000,t,,210004177
ARSB80783,سماعة دوش كروم,بضائع أوروبية,Wilko 3 Fct,سماعة دوش,081276dc-6952-a613-dc62-614b51522ad0,25.000,80.000,t,,310003894
ARSB80480,مصب دوش مع تحويلة كروم,فينوس,RACHEL D1ES,مصب دوش,0dafba13-51f2-fc5a-eab7-f16d55bcce40,86.680,180.000,t,,210004676
AB10113,خزانة حمام أبيض,سانيتاري ويرز,9212,خزانة حمام,f68c4a72-8eb2-7563-07ad-b344ff9fe960,255.000,500.000,t,,210004274
ATWC50258,زر بتريا كروم,الشركة التونسية للمواد الصحية,9240701,ملحقات مقاعد,f68c4a72-8eb2-7563-07ad-b344ff9fe960,140.000,220.000,t,,210003751
P30103,مضخة 1 حصان,بنتكس,PM80,مضخة,4db58ef5-0e02-ae07-fc14-5629c40b7689,428.000,480.000,t,,210003591
PA30457,ليفة مسمار 80 سم,الشركة العالمية للتصدير و الإستيراد,,أداة المخل,4db58ef5-0e02-ae07-fc14-5629c40b7689,12.500,20.000,t,,210003972
EG40982,رف كواريون كوارتز 100سم أبيض,سانيتاري ويرز,C-2,رف حوض وجه برسلين,b254c840-e3dc-aa50-45cc-22c1a82f1d9d,280.000,400.000,t,,310004452
LG40332,حوض وجه برسلين 65 سم,رويال,YB036_2,حوض وجه برسلين,60d7d8a2-1083-abe4-d894-b1c7f3235d40,400.000,600.000,t,,210003074
RA20012,"وصلة 32"" لحام",فرات,بي بي ر - PPR,وصلة,1054307a-87a0-d4d2-fe16-bd905fe6a04b,1.026,5.000,t,,210003288
WS10177,مقعد معلق ذهبي,ب.أمور,G1074,مقعد معلق,56855bde-1190-92a2-afb0-419a9650977f,400.000,710.000,t,,210002881
AASB30169,حاملة منظفات زوجي كروم,سانيتاري ويرز,4402,اكسسوارات,ff3ad10c-136f-2eb9-510b-510058532e8d,95.000,140.000,t,,310003163
AM0809,حوض وجه مع دولاب حمام مع خزانة مع مراية -100 سم,سانيتاري ويرز,9927,دولاب حمام,f68c4a72-8eb2-7563-07ad-b344ff9fe960,1480.000,2100.000,t,,310004229
PA30610,سلسلة رقم 12 (1متر),الشركة العالمية للتصدير و الإستيراد,,خيط، حبل,4db58ef5-0e02-ae07-fc14-5629c40b7689,25.000,35.000,t,,210004128
ML30814,مرايا حمام مع إضاءة لد85*70 سم,سانيتاري ويرز,9927,مراية مضيئة,f68c4a72-8eb2-7563-07ad-b344ff9fe960,130.000,220.000,t,,310004241
ALVM50203,رأس سيفوني رخامي,سانيتاري ويرز,,رأس سيفوني,f68c4a72-8eb2-7563-07ad-b344ff9fe960,21.462,50.000,t,,310003064
ARSB80119,مصب دوش مع تحويلة كروم,فورتميكس,,مصب دوش,0dafba13-51f2-fc5a-eab7-f16d55bcce40,85.000,150.000,t,,210002823
ML11091,خلاط حوض وجه أبيض-كروم,MSLiNO,LY2327-WCP,خلاط حوض وجه,41cf3726-7c18-801f-29b4-95bfba464df9,188.500,300.000,t,,310004594
WA40918,غطاء مقعد معلق كبير تورنيدو أبيض,ب.أمور,6203/131E,غطاء مقعد,77d76dcb-7fe6-a4b4-4998-83b869291b06,51.000,150.000,t,,310004379
ARSB80087,شطاف ظغط مربع مع طوبو كروم,توريما,1372-03330-026,شطاف,3f8e1d44-c2e4-cecd-ff29-48dc418eba21,115.000,180.000,t,,210002683
ART0033,سماعة دوش مع طوبو كروم,فينوس,HSS416,سماعة دوش,0dafba13-51f2-fc5a-eab7-f16d55bcce40,49.470,75.000,t,,210004344
ATWC50424,بتارية مقعد أرضي تحت,سانيتاري ويرز,,ملحقات مقاعد,dc6e5eb0-a2c4-7fc8-161c-528f389f29cc,62.500,80.000,t,,210003935
RD30295,حوض قدم زاوية 80*80 سم,اديال سانيتار,A116,بانيو قدم,e47ac07e-2763-bc83-6cf2-c39bb577a1f9,208.650,330.000,t,,210003032
RA20487,طبوا بلاستك 63ضغط 16,شركة الغزالة لمواد البناء,,مواسير - طوبو,571d2375-1774-6730-7af4-8df56a1d7a88,79.998,85.000,t,,210005018
RA20029,كواردة 25 لحام FIRAT,فرات,بي بي ر - PPR,كواردة,1054307a-87a0-d4d2-fe16-bd905fe6a04b,4.845,10.000,t,,310002592
ME10023,حنفية حوض المطبخ شجرة كروم,شيزا,SIGMA,حنفية حوض المطبخ,3f8e1d44-c2e4-cecd-ff29-48dc418eba21,27.000,75.000,t,,210002753
ARSB80080,شطاف ظغط دائري مع طوبو كروم,فينوس,AHF14,شطاف,0dafba13-51f2-fc5a-eab7-f16d55bcce40,43.000,85.000,t,,210002676
PA30444,متر 100 رولينة قماش,فندر,,أدوات القياس والتتبع,f330aa66-9a8a-90ee-d535-6c68ff14b0de,19.500,40.000,t,,210004958
AM0127,دولاب حمام بالملحق مع مرايا لد -80 سم,سانيتاري ويرز,9126C,دولاب حمام,f68c4a72-8eb2-7563-07ad-b344ff9fe960,955.000,1750.000,t,,210004288
MC10225,سرفنتينة 15 سم * 15 سم كروم,سانيتاري ويرز,,مجرى,dc6e5eb0-a2c4-7fc8-161c-528f389f29cc,75.000,65.000,t,,210002940
AASB30262,رف زاوية زوجي كروم,ليمكس,LY2094,اكسسوارات,f592fa51-d431-40c9-f38d-39cdf4092eb2,105.000,200.000,t,,210003757
VS10187,حوض وجه معلق -50 سم,تركواز سيراستايل,DURU,حوض وجه معلق,3ef761c8-d645-a9c8-47dc-960089e79b35,212.000,320.000,t,,210002891
MD20024,خلاط دوش كروم,شيزا,MELLOW,خلاط دوش,3f8e1d44-c2e4-cecd-ff29-48dc418eba21,198.000,320.000,t,,310002638
MLE40016,خلاط حوض وجه مدفون مع مَصَب ذهبي,فرامو,HO244ORO,خلاط حوض وجه مدفون,3371605a-058e-4bf1-07a5-d157c54ae58f,1250.000,1550.000,t,,310002692
WS10595,مقعد معلق رايملس مموج أبيض,ب.أمور,SH-088,مقعد معلق,56855bde-1190-92a2-afb0-419a9650977f,420.000,720.000,t,,310003702
RA20469,"سنيسكا 25"" اسود دائري",الجودة,بي بي ر - PPR,سنيسكا,95d22529-eb35-a000-949b-cc311fec737c,68.000,120.000,t,,210004996
PA30451,شنطة مسمار,اي بي سي,AC18896,شد برغي,4db58ef5-0e02-ae07-fc14-5629c40b7689,25.000,40.000,t,,210003962
VS10759,حوض وجه معلق -100 سم,لابينو,2100,حوض وجه معلق,e47ac07e-2763-bc83-6cf2-c39bb577a1f9,452.000,700.000,t,,310004159
PE30274,لصقة مع مجفف 300 مل,أويستار,,المواد اللاصقة و العازلة,f330aa66-9a8a-90ee-d535-6c68ff14b0de,15.250,20.000,t,,210004695
PE30345,مقص عنب,اي بي سي,AC18736,مقص عنب,4db58ef5-0e02-ae07-fc14-5629c40b7689,19.500,35.000,t,,210003849
RA30545,قفل باب رئيسي,الشركة العالمية للتصدير و الإستيراد,DAF 540.14-3M,قفل باب,4db58ef5-0e02-ae07-fc14-5629c40b7689,57.000,100.000,t,,210004062
PD20437,حاجز دوش 10 مم اطار كروم منقط 80 سم,ليسو,ZW004,حاجز دوش,f68c4a72-8eb2-7563-07ad-b344ff9fe960,480.000,650.000,t,,210003198
CE10473,سخانة 80 لتر,اكوالينا,,سخانة,f330aa66-9a8a-90ee-d535-6c68ff14b0de,510.000,560.000,t,,210005001
ARSB85300,رشاش دوش كروم,اي ار بي,002,كسكاس دوش,51882a69-3ac9-cde2-37e3-64e2b7daae96,160.000,150.000,t,,210004856
ML30936,مرايا حمام مع إضاءة لد كريستال 60*80سم,ديولو,DIOLLO 040,مراية مضيئة,b254c840-e3dc-aa50-45cc-22c1a82f1d9d,135.000,210.000,t,,310004406
MC10802,مجرى 30 سم *6 سم كروم,فيرونا,SP530,مجرى,f68c4a72-8eb2-7563-07ad-b344ff9fe960,105.000,180.000,t,,310003423
VS10156,حوض وجه معلق 85 سم,تركواز سيراستايل,PORTO,حوض وجه معلق,3ef761c8-d645-a9c8-47dc-960089e79b35,310.000,450.000,t,,310003232
MD20926,خلاط دوش مع سماعة كروم,أيولي,9510 VIDA,خلاط دوش,9a9f39af-a0d0-6a64-969d-7baa03e28c4f,310.000,480.000,t,,310004050
ELC2395,قرجوطة 16مم *50 م,فاندي,F0021,قراجيط الكهرباء,06d20f1c-34a0-e014-64db-92734ce57411,25.000,30.000,t,,210004219
ARSB81068,كسكاس دوش مربع 300*300 مم كروم,سانيتاري واير,3471,كسكاس دوش,95d22529-eb35-a000-949b-cc311fec737c,49.000,150.000,t,,310004539
PLSA0814,"وصلة مخفض خلاط دوش ""3/8 ذكر × ""1/2 ذكر كروم",سانيتاري ويرز,,وصلة,51882a69-3ac9-cde2-37e3-64e2b7daae96,1.150,10.000,t,,310003931
RA20017,"وصلة 25* 3/4"" سن خارجي",فرات,بي بي ر - PPR,وصلة,1054307a-87a0-d4d2-fe16-bd905fe6a04b,6.508,15.000,t,,210003293
PA30146,ڨلوني 20 لتر,الشركة العالمية للتصدير و الإستيراد,,قطع غيار واكسسوارات معدات الحديقة,06d20f1c-34a0-e014-64db-92734ce57411,5.000,7.500,t,,210003639
AASB30122,رف فردي 50 سم,جي اف مارك,3511-1Y,اكسسوارات,60d7d8a2-1083-abe4-d894-b1c7f3235d40,75.000,120.000,t,,310002971
PA30404,"فرشة صاروخ نحاس  4"" 100 مم",اي بي سي,AC19109,أقراص الصنفرة,4db58ef5-0e02-ae07-fc14-5629c40b7689,5.100,15.000,t,,210003915
MDE50046,خلاط دوش مدفون كروم,توريما,8Q01011-090,خلاط دوش مدفون,f9f6d83d-5b9d-2d22-c42a-21b487031fad,295.000,450.000,t,,210002776
AM0690,دولاب حمام مع حوض وجه 80 سم,بن أمور,T305-8046,دولاب حمام,ac78bb51-d153-70a3-ad89-bdb50a8537eb,500.000,1000.000,t,,310003798
AASB30197,موزع صابون حساس كروم,بضائع أوروبية,RUBBERMAID,اكسسوارات,081276dc-6952-a613-dc62-614b51522ad0,45.000,90.000,t,,310003056
MA20080,خلاط حوض المطبخ سحاب كروم,يولي,JR031-35,خلاط حوض المطبخ سحاب,f68c4a72-8eb2-7563-07ad-b344ff9fe960,245.000,400.000,t,,310002764
MT30786,خلاط شطاف مع شطاف كروم,ليسو,JR085-6C,خلاط شطاف,f68c4a72-8eb2-7563-07ad-b344ff9fe960,98.000,170.000,t,,310004199
PA30374,كستولة,الشركة العالمية للتصدير و الإستيراد,,مجرفة مغلفة,4db58ef5-0e02-ae07-fc14-5629c40b7689,10.500,20.000,t,,210003885
EL50534,قاعدة مكيف ابوفارس,الشركة العالمية للتصدير و الإستيراد,,ملحقات الكهرباء,f330aa66-9a8a-90ee-d535-6c68ff14b0de,43.500,75.000,t,,210005068
PE30476,شفاط خشبي,ABM,L6,مثقاب كهربائي,dc6e5eb0-a2c4-7fc8-161c-528f389f29cc,79.500,160.000,t,,210005004
ARSB80384,كسكاس دوش دائري 200 مم مع قصبة كروم,موباكس,DAS-595,كسكاس دوش,f68c4a72-8eb2-7563-07ad-b344ff9fe960,79.000,150.000,t,,310002841
SA10313,طقم اكسسوار كروم,ليسو,2664,طقم اكسسوارات,f68c4a72-8eb2-7563-07ad-b344ff9fe960,240.000,350.000,t,,210003810
PA30478,بينسة رقم 7,اي بي سي,AC18796,مفك البراغي يدوي,4db58ef5-0e02-ae07-fc14-5629c40b7689,12.250,20.000,t,,210003994
ARSB80803,كسكاس دوش دائري 200 مم مع قصبة ذهبي,فرامو,PA211ORO,كسكاس دوش,f9f6d83d-5b9d-2d22-c42a-21b487031fad,650.000,650.000,t,,310004155
ARSB80788,وجه خلاط دوش مدفون اسود,غروهي,KM-6-10,ملحقات خلاط,f68c4a72-8eb2-7563-07ad-b344ff9fe960,175.000,300.000,t,,310003826
ARSB80733,كسكاس دوش مربع 250*250 مم ذهبي,ديولو,,كسكاس دوش,b254c840-e3dc-aa50-45cc-22c1a82f1d9d,52.000,100.000,t,,310003845
ML10626,خلاط حوض وجه  رصاصي,بن أمور,huang crown,خلاط حوض وجه,ac78bb51-d153-70a3-ad89-bdb50a8537eb,80.000,150.000,t,,310003734
CE11002,سخانة 50 لتر أفقية,تيسي,HORIZONTAL-TESY-50,سخانة,51882a69-3ac9-cde2-37e3-64e2b7daae96,895.000,1080.000,t,,310004473
ML30129,مرايا حمام مع إضاءة لد 50*70 سم,سانيتاري ويرز,ML-22,مراية مضيئة,f68c4a72-8eb2-7563-07ad-b344ff9fe960,87.000,140.000,t,,310003205
ARSB80929,شطاف ظغط دائري مع طوبو كروم,ليسو,1138,شطاف,f68c4a72-8eb2-7563-07ad-b344ff9fe960,68.000,150.000,t,,310004054
ARSB80381,كسكاس دوش دائري 250 مم كروم,سانيتاري ويرز,,كسكاس دوش,f68c4a72-8eb2-7563-07ad-b344ff9fe960,65.000,130.000,t,,310002839
PE30317,استوك 4 كغ,شركة الحيرة لدهانات,معون الحيرة,استوك,cbc8158a-9b45-9705-3f1d-05cad25ac2d7,15.000,20.000,t,,210004743
PA30137,قفل طلقة 90 مم,الشركة العالمية للتصدير و الإستيراد,NTB CAD84,قفل باب,4db58ef5-0e02-ae07-fc14-5629c40b7689,35.000,55.000,t,,210003630
ATWC50181,زر بتريا كروم,سانيتاري ويرز,YC8010-1,ملحقات مقاعد,f68c4a72-8eb2-7563-07ad-b344ff9fe960,120.000,180.000,t,,310003037
RA30062,"كوربة باب 2"" 90°",الرطيل,جي أم GM,كوع - كوربة,4db58ef5-0e02-ae07-fc14-5629c40b7689,5.500,12.000,t,,210003506
AASB30140,حاملة ورق ناعم زوجية كروم,سانيتاري ويرز,NEPTUN,اكسسوارات,ff3ad10c-136f-2eb9-510b-510058532e8d,65.000,125.000,t,,310002989
LG40987,حوض كواريون كوارتز80سم أبيض,ديولو,S80-1,حوض وجه برسلين,b254c840-e3dc-aa50-45cc-22c1a82f1d9d,350.000,580.000,t,,310004457
ML10004,خلاط حوض وجه كروم,توريما,EDGE 8E33011-093,خلاط حوض وجه,3f8e1d44-c2e4-cecd-ff29-48dc418eba21,305.000,470.000,t,,210002587
AASB31120,رف زاوية زوجي كروم,ليسو,WL69,اكسسوارات,f68c4a72-8eb2-7563-07ad-b344ff9fe960,145.000,240.000,t,,310004623
AASB3105,رف زجاجي كروم,فينوس,BA810,اكسسوارات,0dafba13-51f2-fc5a-eab7-f16d55bcce40,83.000,120.000,t,,310003081
WA40089,غطاء مقعد أبيض,سانيتاري ويرز,FIRST,غطاء مقعد,4db58ef5-0e02-ae07-fc14-5629c40b7689,23.500,45.000,t,,210003550
PA30252,ميزان 60 سم,صولا,,أدوات القياس والتتبع,4db58ef5-0e02-ae07-fc14-5629c40b7689,9.500,15.000,t,,210003745
EG30875,حوض مطبخ جرانيت أبيض مطفي72*47 فردي,ب.أمور,Nice,حوض مطبخ جرانيت,0b31d558-d145-3aaf-232e-dad3cc8669b6,480.000,720.000,t,,310004329
PS20515,علاقة مناشف كروم,ليسو,JR133-5,علاقة مناشف,9a9f39af-a0d0-6a64-969d-7baa03e28c4f,48.000,145.000,t,,210005048
MD20239,خلاط دوش  كروم,رايمر,EY5 ENERGY,خلاط دوش,5bd59cc2-f915-90b2-5eb0-3ec705744a94,360.000,540.000,t,,310003365
EG40357,رف حوض وجه برسلين 65 سم,رويال,YB036_2,رف حوض وجه برسلين,60d7d8a2-1083-abe4-d894-b1c7f3235d40,60.000,150.000,t,,210003102
AECU50380,سيفون حوض المطبخ رأس كبير,ستار سانيتار,IT bonomini,ملحقات أحواض المطابخ,803eabee-b81f-7acb-eb64-b2cae128a7cb,33.000,55.000,t,,210004827
PE30271,طلاء بخاخ داخلي و خارجي أبيض لامع,شركة الغزالة لمواد البناء,,الجدران والسقف,4db58ef5-0e02-ae07-fc14-5629c40b7689,4.833,10.000,t,,210004692
PA30488,مفتاح زڨنالي (9 قطع),فندر,193124,مفك البراغي يدوي,4db58ef5-0e02-ae07-fc14-5629c40b7689,17.500,30.000,t,,210004004
AASB30671,فرشاة تنظيف مرحاض كروم,بن أمور,مجموعة بن عمر,اكسسوارات,ac78bb51-d153-70a3-ad89-bdb50a8537eb,40.000,70.000,t,,310003779
PE30062,طلاء زيتي لماع داخلي و خارجي 100 غ أزرق فاتح,سوتينول - الغزالة,طلاء زيتي,الجدران والسقف,4db58ef5-0e02-ae07-fc14-5629c40b7689,2.950,5.000,t,,210003381
MTE60024,خلاط شطاف مدفون كروم,رايمر,L30,خلاط شطاف مدفون,5bd59cc2-f915-90b2-5eb0-3ec705744a94,175.000,270.000,t,,210002754
VS10739,حوض وجه معلق -65 سم,لابينو,4465,حوض وجه معلق,b254c840-e3dc-aa50-45cc-22c1a82f1d9d,290.000,500.000,t,,310003851
ML10552,خلاط حوض وجه  كروم,ليسو,JR085-9C,خلاط حوض وجه,9a9f39af-a0d0-6a64-969d-7baa03e28c4f,135.000,240.000,t,,210005087
RS40309,بلاط ارضيات بورسلين 60 سم * 60 سم (1.08  م²),مجموعة بن عمر,,بلاط الأرضيات,4e89bf71-db1a-fa5b-fdfe-90cbb376c1d4,48.600,54.000,t,,210003806
PA30421,حبل نشر 5 مم 10 متر,الشركة العالمية للتصدير و الإستيراد,,خيط، حبل,4db58ef5-0e02-ae07-fc14-5629c40b7689,2.500,7.000,t,,210003932
LG40149,حوض وجه برسلين مشطوف 80 سم,سانيتاري ويرز,2708,حوض وجه برسلين,f68c4a72-8eb2-7563-07ad-b344ff9fe960,400.000,600.000,t,,210003643
PS20524,علاقة ملابس خماسية,فينوس,PE-05,علاقة مناشف,0dafba13-51f2-fc5a-eab7-f16d55bcce40,56.000,95.000,t,,210005046
MLE40823,خلاط حوض وجه مدفون مع مَصَب كروم,توريما,BLOG 8G31311-094,خلاط حوض وجه مدفون,3f8e1d44-c2e4-cecd-ff29-48dc418eba21,560.000,980.000,t,,310003941
ML10069,خلاط حوض وجه كروم,رايمر,EY1252,خلاط حوض وجه,5bd59cc2-f915-90b2-5eb0-3ec705744a94,300.000,400.000,t,,210004406
ARSB81126,شطاف ظغط مربعة مع طوبو كروم,ليسو,F314,شطاف,f68c4a72-8eb2-7563-07ad-b344ff9fe960,95.000,180.000,t,,310004629
EG30857,حوض مطبخ جرانيت بيج 80*45 زوجي,ب.أمور,Vienna,حوض مطبخ جرانيت,0b31d558-d145-3aaf-232e-dad3cc8669b6,545.000,820.000,t,,310004310
ADOU50220,لصقة عازلة للماء 3.5 م*2.8 سم,ونكو,5652351100,ملحقات دوش,081276dc-6952-a613-dc62-614b51522ad0,15.000,25.000,t,,310003334
PS20733,علاقة ملابس ثلاثية دوران بدون قصبة,سانيتاري ويرز,2686,علاقة مناشف,f68c4a72-8eb2-7563-07ad-b344ff9fe960,37.000,80.000,t,,310004069
PA30153,مكنسة 60 سم,الشركة العالمية للتصدير و الإستيراد,,مكنسة خارجية,4db58ef5-0e02-ae07-fc14-5629c40b7689,20.000,30.000,t,,210003647
VS10118,حوض وجه معلق -65 سم,تركواز سيراستايل,ANOVA,حوض وجه معلق,3ef761c8-d645-a9c8-47dc-960089e79b35,310.400,435.000,t,,310003194
PA30455,مفتاح فرنسي رقم 12,الشركة العالمية للتصدير و الإستيراد,,مفك البراغي يدوي,4db58ef5-0e02-ae07-fc14-5629c40b7689,13.500,20.000,t,,210003970
PS20130,علاقة مناشف كروم,بلوميس,AREO,علاقة مناشف,081276dc-6952-a613-dc62-614b51522ad0,50.000,100.000,t,,310002979
RA20023,"مثلث 25"" لحام",فرات,,مثلث,1054307a-87a0-d4d2-fe16-bd905fe6a04b,0.912,5.000,t,,310002586
WA40915,غطاء مقعد أسود,سانيتاري ويرز,IDEAL,غطاء مقعد,3ef761c8-d645-a9c8-47dc-960089e79b35,70.000,130.000,t,,310004376
LG40388,حوض وجه برسلين مع رف 65 سم,رويال,YB036_2,حوض وجه برسلين,60d7d8a2-1083-abe4-d894-b1c7f3235d40,450.000,600.000,t,,210003145
MD20004,خلاط دوش كروم,فينوس,RACHEL A2,خلاط دوش,0dafba13-51f2-fc5a-eab7-f16d55bcce40,350.000,520.000,t,,210002643
AASB30673,فرشاة تنظيف مرحاض ذهبي,بن أمور,مجموعة بن عمر,اكسسوارات,ac78bb51-d153-70a3-ad89-bdb50a8537eb,55.000,80.000,t,,310003781
RA30042,"ديسكو سريع 9"" 230 مم",كداس,AZ 46 P-BF INOX,ديسكو منشار دائري,4db58ef5-0e02-ae07-fc14-5629c40b7689,8.750,16.000,t,,210003457
ALVM50240,مثبت حوض الوجه,سانيتاري ويرز,,ملحقات أحواض مغاسل,4db58ef5-0e02-ae07-fc14-5629c40b7689,5.500,5.000,t,,210002959
WA41053,غطاء مقعد معلق تورنيدو أسود,ب.أمور,6103/052E-MB,غطاء مقعد,77d76dcb-7fe6-a4b4-4998-83b869291b06,51.000,120.000,t,,310004524
RO10771,حنفية غسالة  ''1/2 * ''3/4 كروم,بنتاغونو,182CS,حنفية,3371605a-058e-4bf1-07a5-d157c54ae58f,33.500,45.000,t,,310004182
PE30498,فرشة طلاء ايطالية رقم70,فندر,,فرشة طلاء,f330aa66-9a8a-90ee-d535-6c68ff14b0de,7.250,12.000,t,,210004846
LIV00001,Au Magasin,,,SERVICES LIVRAISON WEB,,10.000,10.000,f,,2563
ML30741,مرايا حمام مع إضاءة لد-عرض 60*90 سم,ديولو,DE 003,مراية مضيئة,b254c840-e3dc-aa50-45cc-22c1a82f1d9d,90.000,170.000,t,,310003853
ML10017,خلاط حوض وجه كروم,فينوس,RACHEL B1,خلاط حوض وجه,0dafba13-51f2-fc5a-eab7-f16d55bcce40,169.000,200.000,t,,210002600
PS20820,علاقة مناشف فردية كروم,توريما,1372-ACCESS-002,علاقة مناشف,3f8e1d44-c2e4-cecd-ff29-48dc418eba21,145.000,250.000,t,,310003938
ARSB80251,سماعة دوش مع طوبو ذهبي,توريما,1372-010,سماعة دوش,9a9f39af-a0d0-6a64-969d-7baa03e28c4f,205.000,360.000,t,,210004648
AASB30059,حاملة فرشاة أسنان كروم,بلوميس,AREO,اكسسوارات,081276dc-6952-a613-dc62-614b51522ad0,35.000,75.000,t,,210003517
WP20179,مقعد أرضي ملحوم ذهبي,ليمكس,1078,مقعد أرضي,f592fa51-d431-40c9-f38d-39cdf4092eb2,1000.000,1650.000,t,,210002883
AASB30713,مورش صابونية دائري,بن أمور,مجموعة بن عمر,اكسسوارات,ac78bb51-d153-70a3-ad89-bdb50a8537eb,5.000,15.000,t,,310003821
ASCA60296,ستريتشة 3 متر,الشركة العالمية للتصدير و الإستيراد,,ستريتشة,193a3d2d-d39f-6712-72cb-c5f247087645,35.000,80.000,t,,210003793
PD20289,حاجز دوش 8 مم بالعلاقة المناشف80 سم,ليسو,WIC-80E,حاجز دوش,9a9f39af-a0d0-6a64-969d-7baa03e28c4f,375.000,640.000,t,,210004710
AASB30044,رف زجاجي كروم,فينوس,VGS-02,اكسسوارات,0dafba13-51f2-fc5a-eab7-f16d55bcce40,72.000,110.000,t,,210003482
ALVM50205,طابة حوض الوجه,سانيتاري ويرز,,ملحقات أحواض مغاسل,f68c4a72-8eb2-7563-07ad-b344ff9fe960,12.500,18.750,t,,310003312
MC10063,مجرى 60سم *7 سم كروم,ستار سانيتار,TOLEDO,مجرى,20684c48-6ec2-3cd4-8b05-9a431b0201bb,83.000,135.000,t,,310003093
AASB30100,موزع صابون أسود,ونكو,24589100,اكسسوارات,081276dc-6952-a613-dc62-614b51522ad0,20.000,50.000,t,,310002949
AECU50056,صابونية حوض مطبخ كروم,سانيتاري ويرز,11-9613,ملحقات أحواض المطابخ,0dafba13-51f2-fc5a-eab7-f16d55bcce40,18.000,30.000,t,,210003509
PE30482,موس فرش,فندر,191800,موس فرش والمقص,4db58ef5-0e02-ae07-fc14-5629c40b7689,8.500,25.000,t,,210003998
MC10079,سرفنتينة 15 سم * 15 سم كروم,بيورا,FD-03,مجرى,f9f6d83d-5b9d-2d22-c42a-21b487031fad,53.000,75.000,t,,310003112
PA30758,مفك موجب,سانيتاري ويرز,193028,مفك البراغي يدوي,f330aa66-9a8a-90ee-d535-6c68ff14b0de,4.750,10.000,t,,210004922
PA30046,كيس فارغ أبيض,فاندي,,قطع غيار واكسسوارات معدات الحديقة,06d20f1c-34a0-e014-64db-92734ce57411,0.900,1.000,t,,210004361
ARSB80129,قصبة دوش 30 سم سقفية كروم,سانيتاري ويرز,,قصبة دوش,0dafba13-51f2-fc5a-eab7-f16d55bcce40,32.000,70.000,t,,210002833
AASB30037,مجفف شعر ذهبي,جي اف مارك,889WK,اكسسوارات,60d7d8a2-1083-abe4-d894-b1c7f3235d40,110.000,180.000,t,,310002907
EL10040,حوض مطبخ ستانلس ستيل   304 76*45 سم كروم,أسيل,AS3456,حوض مطبخ ستانلس ستيل,f68c4a72-8eb2-7563-07ad-b344ff9fe960,620.000,850.000,t,,210004354
PS20521,علاقة ملابس زوجية,ليسو,JR133-6,علاقة مناشف,9a9f39af-a0d0-6a64-969d-7baa03e28c4f,25.000,90.000,t,,210005055
AM40691,مراية دولاب حمام 80 سم,بن أمور,T305-8046,مراية دولاب,ac78bb51-d153-70a3-ad89-bdb50a8537eb,200.000,400.000,t,,310003799
PE30096,موس فرش 18 مم,اي بي سي,AC18868,موس فرش والمقص,4db58ef5-0e02-ae07-fc14-5629c40b7689,4.500,9.000,t,,210003562
AM0130,حوض وجه مع دولاب حمام مع مرايا لد-100 سم,سانيتاري ويرز,9135,دولاب حمام,f68c4a72-8eb2-7563-07ad-b344ff9fe960,1290.000,1950.000,t,,210004291
ARSB80822,مصب دوش مع تحويلة أسود,سي أر سمارت,15.16.2,مصب دوش,2e234c5a-ae37-77f1-3c02-d40e664e7d50,75.000,120.000,t,,210003303
AM0423,حوض وجه مع دولاب حمام مع خزانة مع مراية -80 سم,سانيتاري ويرز,8204,دولاب حمام,f68c4a72-8eb2-7563-07ad-b344ff9fe960,780.000,1300.000,t,,210003183
ARSB80341,مصب دوش بدون تحويلة كروم,شيزا,48456,مصب دوش,3f8e1d44-c2e4-cecd-ff29-48dc418eba21,79.615,130.000,t,,310002859
PE30319,طلاء مائي داخلي 5 كغ أبيض نص لمعه,شركة الحيرة لدهانات,,الجدران والسقف,cbc8158a-9b45-9705-3f1d-05cad25ac2d7,75.000,85.000,t,,210004745
ALVM50797,رأس سيفوني كروم,بضائع أوروبية,CWU60CB-110,رأس سيفوني,0dafba13-51f2-fc5a-eab7-f16d55bcce40,105.000,170.000,t,,310003418
VP20211,حوض وجه مربع  فوق الرخام - 46*46سم,تركواز سيراستايل,ONE,حوض فوق الرخام,3ef761c8-d645-a9c8-47dc-960089e79b35,250.000,350.000,t,,210002922
PA30135,قفل طلقة 80 مم,والي,,قفل باب,4db58ef5-0e02-ae07-fc14-5629c40b7689,75.000,155.000,t,,210003628
PE30416,مقص بي بي ار,الشركة العالمية للتصدير و الإستيراد,JRF-PC-203,موس فرش والمقص,4db58ef5-0e02-ae07-fc14-5629c40b7689,14.000,30.000,t,,210003927
ATWC51082,زر بتريا مربع ذهبي,غروهي,SG-47,ملحقات مقاعد,51882a69-3ac9-cde2-37e3-64e2b7daae96,115.000,250.000,t,,310004553
EL10006,حوض مطبخ ستانلس ستيل AS248 50*81,أسيل,AS 248,حوض مطبخ ستانلس ستيل,2e234c5a-ae37-77f1-3c02-d40e664e7d50,530.000,730.000,t,,210003394
PLSA0265,وردة كروم,ليمكس,LY-2071-CP,وصلة,f592fa51-d431-40c9-f38d-39cdf4092eb2,13.500,20.000,t,,210003762
LG41028,حوض مع رف كواريون كوارتز 80سم أبيض,RIMERIO,KL-80-6,حوض وجه برسلين,b254c840-e3dc-aa50-45cc-22c1a82f1d9d,900.000,1350.000,t,,310004499
WP20588,مقعد أرضي ملحوم أبيض,ب.أمور,SH-295,مقعد أرضي,56855bde-1190-92a2-afb0-419a9650977f,515.000,800.000,t,,310003692
MT30069,خلاط شطاف مع شطاف دائري ذهبي,بريمكس,2063K,خلاط شطاف,0dafba13-51f2-fc5a-eab7-f16d55bcce40,280.000,340.000,t,,210002665
ARSB80287,مخرج شطاف مع علاق كروم,سانيتاري ويرز,LUSSO 5-133,مخرج شطاف,f68c4a72-8eb2-7563-07ad-b344ff9fe960,53.000,80.000,t,,310003259
MTE60009,خلاط شطاف مدفون كروم,فيوري,,خلاط شطاف مدفون,5bd59cc2-f915-90b2-5eb0-3ec705744a94,220.000,330.000,t,,210003296
AB10107,خزانة حمام أبيض,سانيتاري ويرز,5027,خزانة حمام,f68c4a72-8eb2-7563-07ad-b344ff9fe960,255.000,500.000,t,,210004268
ARSB81072,كسكاس دوش مربع 300*300 مم مع قصبة كروم,ليمكس,LY2785S-CP-12,كسكاس دوش,f592fa51-d431-40c9-f38d-39cdf4092eb2,125.000,200.000,t,,310004543
ML30600,مرايا حمام مع إضاءة لد دائرية بالعلاقة مع اطار أسود 70سم,بن أمور,SH-1171-70,مراية مضيئة,56855bde-1190-92a2-afb0-419a9650977f,120.000,180.000,t,,310003707
ARSB80717,"مسكر شطافة ""1/2"" * ""1/2 اسود",FANSKL,FANSKL-57-008,مخرج شطاف,51882a69-3ac9-cde2-37e3-64e2b7daae96,18.500,30.000,t,,310003825
ML30282,مرايا حمام مع إضاءة لد دائرية 60سم,سانيتاري ويرز,,مراية مضيئة,f68c4a72-8eb2-7563-07ad-b344ff9fe960,90.000,135.000,t,,210003012
ARSB80028,سماعة دوش مع طوبو كروم,توريما,1372-006,سماعة دوش,3f8e1d44-c2e4-cecd-ff29-48dc418eba21,95.000,170.000,t,,310002644
SI10176,سلكون  280 غرام شفاف,GP+,,سلكون,f330aa66-9a8a-90ee-d535-6c68ff14b0de,13.000,20.000,t,,210003670
ME10010,خلاط حوض المطبخ شجرة كروم,توريما,THEOS 9253411-040,خلاط حوض المطبخ شجرة,3f8e1d44-c2e4-cecd-ff29-48dc418eba21,225.000,300.000,t,,210002593
CD40760,مسطرة دوش زوجية كروم,سانيتاري ويرز,JR079-27,مسطرة دوش,f68c4a72-8eb2-7563-07ad-b344ff9fe960,130.000,250.000,t,,310004101
ARSB80268,مصب دوش طويل بدون تحويلة كروم,توريما,0327511-T40,مصب دوش,f68c4a72-8eb2-7563-07ad-b344ff9fe960,235.000,320.000,t,,310003249
ARSB80409,مصب دوش بدون تحويلة كروم,فرامو,,مصب دوش,3371605a-058e-4bf1-07a5-d157c54ae58f,110.000,220.000,t,,310003464
RA20053,"مخفض 4"" * 1.5""",الرطيل,جي أم GM,مخفض,1054307a-87a0-d4d2-fe16-bd905fe6a04b,7.500,15.000,t,,210003496
AASB30763,فرشاة تنظيف مرحاض رصاصي,سانيتاري ويرز,SG-36,اكسسوارات,51882a69-3ac9-cde2-37e3-64e2b7daae96,22.500,50.000,t,,310004162
CD40236,مسطرة دوش مع خلاط كروم,ا بي ام انترناشونال,2001,مسطرة دوش,dc6e5eb0-a2c4-7fc8-161c-528f389f29cc,385.000,650.000,t,,210004643
PE30456,ورق سنفرة,الشركة العالمية للتصدير و الإستيراد,P 220,ماكينة صنفرة,4db58ef5-0e02-ae07-fc14-5629c40b7689,6.000,10.000,t,,210003967
PE30192,لصقة سريعة 3 غرام,الشركة العالمية للتصدير و الإستيراد,DINGQI 127101,المواد اللاصقة و العازلة,4db58ef5-0e02-ae07-fc14-5629c40b7689,0.708,1.500,t,,210003686
PA30209,عدة جيدور 24 قطعة,الشركة العالمية للتصدير و الإستيراد,,مجموعة مفاتيح عدة,4db58ef5-0e02-ae07-fc14-5629c40b7689,95.000,150.000,t,,210003703
CC10003,كولة بلاط أرضيات 20 كغ,بولبو,POLPO P320 C1,كولة بلاط أرضيات,e47ac07e-2763-bc83-6cf2-c39bb577a1f9,13.000,20.000,t,,210003262
ART0317,مخرج شطاف مع علاق كروم,فورتميكس,JR031-29,مخرج شطاف,f68c4a72-8eb2-7563-07ad-b344ff9fe960,50.000,75.000,t,,210003814
PE30189,فوم 300 غرام,أويستار,FS-012,المواد اللاصقة و العازلة,4db58ef5-0e02-ae07-fc14-5629c40b7689,9.250,17.000,t,,210003683
MTE60051,خلاط شطاف مدفون كروم,توريما,8V00011-090,خلاط شطاف مدفون,3f8e1d44-c2e4-cecd-ff29-48dc418eba21,125.000,180.000,t,,210002781
PA30437,خيط تعليم,اي بي سي,AC18515,أدوات القياس والتتبع,4db58ef5-0e02-ae07-fc14-5629c40b7689,6.750,15.000,t,,210003948
AM0799,حوض وجه مع دولاب حمام مع مراية -90 سم,سانيتاري ويرز,9932,دولاب حمام,f68c4a72-8eb2-7563-07ad-b344ff9fe960,1275.000,1900.000,t,,310004219
PS20128,علاقة ملابس سداسية ذهبي,سانيتاري ويرز,,علاقة مناشف,3f8e1d44-c2e4-cecd-ff29-48dc418eba21,25.000,50.000,t,,310002977
ARSB80240,كسكاس دوش شريحة مربع 250*250 مم مع قصبة كروم,توريما,1372-15231-008,كسكاس دوش,f68c4a72-8eb2-7563-07ad-b344ff9fe960,395.000,550.000,t,,310003108
ATWC50174,صندوق طرد معلق,سانيتاري ويرز,,ملحقات مقاعد,f68c4a72-8eb2-7563-07ad-b344ff9fe960,45.000,100.000,t,,310003267
SA10258,طقم اكسسوار كروم,بريمكس,6-7700,طقم اكسسوارات,0dafba13-51f2-fc5a-eab7-f16d55bcce40,192.000,350.000,t,,210004673
EG30568,حوض مطبخ جرانيت رملي محبب  47.5*47.5,سانيبال,ليكسوس,حوض مطبخ جرانيت,e47ac07e-2763-bc83-6cf2-c39bb577a1f9,300.700,470.000,t,,310003672
PS20047,علاقة مناشف كروم,فينوس,SA-07,علاقة مناشف,0dafba13-51f2-fc5a-eab7-f16d55bcce40,305.000,420.000,t,,210003488
ML30824,مرايا حمام مع إضاءة لد 100*70 سم,سانيتاري ويرز,9928,مراية مضيئة,f68c4a72-8eb2-7563-07ad-b344ff9fe960,150.000,400.000,t,,310004251
PE30595,مشمع ثقيل 5 * 6,الشركة العالمية للتصدير و الإستيراد,,التغطية والحماية,4db58ef5-0e02-ae07-fc14-5629c40b7689,47.500,75.000,t,,210004113
AASB30154,موزع صابون كروم,فينوس,SD11C,اكسسوارات,0dafba13-51f2-fc5a-eab7-f16d55bcce40,28.000,50.000,t,,210002858
ARSB80107,مصب قصير دوش مع تحويلة كروم,دانيال,SK4702CR,مصب دوش,3f8e1d44-c2e4-cecd-ff29-48dc418eba21,215.000,295.000,t,,210002812
RA20598,"فلفلة باب  1/2"" سن داخلي",الشركة العالمية للتصدير و الإستيراد,,مثلث,1054307a-87a0-d4d2-fe16-bd905fe6a04b,19.000,35.000,t,,210004116
CD40539,مسطرة دوش زوجية كروم,سانيتاري ويرز,2024-25,مسطرة دوش,b254c840-e3dc-aa50-45cc-22c1a82f1d9d,90.000,180.000,t,,310003611
ASCA60298,ستريتشة 2.70 متر,الشركة العالمية للتصدير و الإستيراد,,ستريتشة,193a3d2d-d39f-6712-72cb-c5f247087645,30.000,75.000,t,,210003795
RD30242,حوض قدم اكريليك 80*80 مربع بالجنب بالسيفوني,سانيتاري ويرز,TK 813,بانيو قدم,3ef761c8-d645-a9c8-47dc-960089e79b35,140.000,250.000,t,,310003369
ARSB80123,مخرج شطاف كروم,فورتميكس,KING MA1203,مخرج شطاف,5bd59cc2-f915-90b2-5eb0-3ec705744a94,35.000,70.000,t,,210002827
APCI40229,مطول 1/2 *10 مم كروم,سانيتاري ويرز,,وصلة,4db58ef5-0e02-ae07-fc14-5629c40b7689,7.250,6.000,t,,210002946
PE30388,طلاء عاز ل مطاطي  5 كغ,الواحة,العازل,الجدران خارجي,193a3d2d-d39f-6712-72cb-c5f247087645,55.000,75.000,t,,210004184
ARSB80694,يد خلاط  مدفون كروم,دانيال,R6630CR,ملحقات خلاط,dd2fc8ac-5717-c00a-07b0-627c341c4a46,38.500,65.000,t,,210004716
ARSB81047,وصلة مسطرة دوش40سم كروم,سانيتاري ويرز,,طوبو دوش,dc6e5eb0-a2c4-7fc8-161c-528f389f29cc,6.300,25.000,t,,310004518
MTE60400,خلاط شطاف مدفون كروم,ARB,KIDI120LYC00,خلاط شطاف مدفون,dd2fc8ac-5717-c00a-07b0-627c341c4a46,160.000,260.000,t,,210004859
MM30008,خلاط حوض المطبخ حائطي كروم,توريما,MERIDA 8Q91211-040,خلاط حوض المطبخ حائطي,3f8e1d44-c2e4-cecd-ff29-48dc418eba21,295.000,460.000,t,,310002664
PA30399,زاوية كرسي 20 * 37 * 1 مم (4 قطع),الشركة العالمية للتصدير و الإستيراد,,تشكيلة من التثبيتات,4db58ef5-0e02-ae07-fc14-5629c40b7689,1.600,3.000,t,,210004150
MA20462,خلاط حوض المطبخ سحاب كروم,سانيتاري ويرز,OM-18,خلاط حوض المطبخ سحاب,b254c840-e3dc-aa50-45cc-22c1a82f1d9d,220.000,350.000,t,,310003531
LG40333,حوض وجه برسلين 100 سم,رويال,YB032_19,حوض وجه برسلين,60d7d8a2-1083-abe4-d894-b1c7f3235d40,310.000,450.000,t,,210003075
WA40080,غطاء مقعد 9009 أبيض,مجموعة بن عمر,,غطاء مقعد,193a3d2d-d39f-6712-72cb-c5f247087645,30.000,70.000,t,,210004240
PA30450,خيط أحذية 200 غ,الشركة العالمية للتصدير و الإستيراد,,خيط، حبل,4db58ef5-0e02-ae07-fc14-5629c40b7689,7.500,15.000,t,,210003961
AETS20004,تفلون 19 مم * 15 متر * 0.20 مم,سانيتاري ويرز,,ملحقات عوازل صحية,4db58ef5-0e02-ae07-fc14-5629c40b7689,5.400,10.000,t,,210003113
LG40174,حوض وجه برسلين مشطوف 80 سم,ليسو,C2080C,حوض وجه برسلين,9a9f39af-a0d0-6a64-969d-7baa03e28c4f,400.000,600.000,t,,210004570
ML30745,مرايا حمام مع إضاءة لد-طول 80*60 سم,ديولو,DE 007,مراية مضيئة,b254c840-e3dc-aa50-45cc-22c1a82f1d9d,81.000,150.000,t,,310003857
CD40813,مسطرة دوش زوجية كروم,سانيتاري واير,BRAVO,مسطرة دوش,51882a69-3ac9-cde2-37e3-64e2b7daae96,115.000,200.000,t,,310003930
AM0185,حوض وجه مع دولاب حمام -60 سم,سانيتاري ويرز,ML-01-60,دولاب حمام,3b74be9f-643f-cd77-2128-39d8b10170c9,308.000,600.000,t,,210002889
EG30257,حوض مطبخ جرانيت أبيض محبب  80*50,سانيبال,فلورا,حوض مطبخ جرانيت,e47ac07e-2763-bc83-6cf2-c39bb577a1f9,350.000,530.000,t,,210002979
SA10041,طقم اكسسوار ذهبي,سانيتاري ويرز,1600-7,طقم اكسسوارات,0dafba13-51f2-fc5a-eab7-f16d55bcce40,275.000,400.000,f,,210003467
ATWC50217,بتارية مقعد أرضي بيضوي تحت,سانيتاري ويرز,,ملحقات مقاعد,56855bde-1190-92a2-afb0-419a9650977f,50.000,80.000,t,,210002931
MD20278,خلاط دوش  كروم,ARB,KLVE010LYC00,خلاط دوش,dd2fc8ac-5717-c00a-07b0-627c341c4a46,299.250,430.000,t,,210004699
VS11140,حوض وجه معلق 80سم,ليسو,8-1212,حوض وجه معلق,9a9f39af-a0d0-6a64-969d-7baa03e28c4f,425.000,600.000,t,,310004643
ARSB80500,شطاف ظغط مربع مع طوبو كروم,ليسو,,شطاف,f68c4a72-8eb2-7563-07ad-b344ff9fe960,78.000,125.000,t,,310003261
ARSB81055,اكسسوار خلاط شطاف مدفون مربع ذهبي,فيدار,FD-8T0018-R,ملحقات خلاط,dc6e5eb0-a2c4-7fc8-161c-528f389f29cc,90.000,150.000,t,,310004526
LG40107,حوض وجه برسلين مع رف 80 سم,رويال,YB03_3,حوض وجه برسلين,60d7d8a2-1083-abe4-d894-b1c7f3235d40,460.000,750.000,t,,310003179
ALVM50397,رأس سيفوني رخامي,سانيتاري ويرز,25.15,رأس سيفوني,9a9f39af-a0d0-6a64-969d-7baa03e28c4f,25.000,70.000,t,,210004731
WP20197,مقعد أرضي أبيض,ايجا فتريفاي,DIDYMA,مقعد أرضي,e47ac07e-2763-bc83-6cf2-c39bb577a1f9,612.000,825.000,t,,210002901
MA20053,خلاط حوض المطبخ سحاب كروم,تركواز سيراستايل,16-684,خلاط حوض المطبخ سحاب,2e234c5a-ae37-77f1-3c02-d40e664e7d50,210.000,330.000,t,,210003345
ML10057,خلاط حوض وجه  15 سم كروم,شيزا,ROBIN,خلاط حوض وجه,3f8e1d44-c2e4-cecd-ff29-48dc418eba21,190.000,270.000,t,,310002634
AASB31132,مجفف يد أبيض,سانيتاري ويرز,WL36,اكسسوارات,f68c4a72-8eb2-7563-07ad-b344ff9fe960,150.000,250.000,t,,310004635
MD20619,خلاط دوش كروم,بن أمور,huang crown-1,خلاط دوش,ac78bb51-d153-70a3-ad89-bdb50a8537eb,150.000,250.000,t,,310003727
AM0117,دولاب حمام 100 سم أبيض,سانيتاري ويرز,9126G,دولاب حمام,f68c4a72-8eb2-7563-07ad-b344ff9fe960,430.000,900.000,t,,210004278
CC10367,كولة فواصل 003,kalekim,GREY,كولة بلاط أرضيات,96788f75-aca7-6778-39d6-9ded903609dd,35.000,42.000,t,,210004811
ML10859,خلاط حوض وجه أسود,سانيتاري ويرز,OM-105-BLACK,خلاط حوض وجه,b254c840-e3dc-aa50-45cc-22c1a82f1d9d,60.000,150.000,t,,310003980
PS20124,علاقة مناشف كروم,جي اف مارك,9200-60,علاقة مناشف,3f8e1d44-c2e4-cecd-ff29-48dc418eba21,65.000,120.000,t,,310002973
PS20411,علاقة ملابس فردي,فينوس,OL-01,علاقة مناشف,0dafba13-51f2-fc5a-eab7-f16d55bcce40,36.860,75.000,t,,210004876
PE30796,طلاء مائي مطفي  4 كغ,الواحة,الواحة لاتاكس,الجدران والسقف,4db58ef5-0e02-ae07-fc14-5629c40b7689,14.400,20.000,t,,210004448
MA20036,خلاط حوض المطبخ سحاب كروم,سانيتاري ويرز,,خلاط حوض المطبخ سحاب,f68c4a72-8eb2-7563-07ad-b344ff9fe960,145.000,220.000,t,,210002766
ALVM50778,سيفون حوض الوجه كروم,فيدار,91-73,سيفون حوض الوجه,dc6e5eb0-a2c4-7fc8-161c-528f389f29cc,75.000,140.000,t,,310003889
WS10819,مقعد معلق كبير بلس سايز تورنيدو أبيض,ب.أمور,LT-140E-UQ3,مقعد معلق,77d76dcb-7fe6-a4b4-4998-83b869291b06,505.000,850.000,t,,310004240
LG40104,حوض وجه برسلين مع رف 65 سم,رويال,YB036_7,حوض وجه برسلين,60d7d8a2-1083-abe4-d894-b1c7f3235d40,440.000,750.000,f,,310003176
VS10220,عمود حوض وجه سداسي معلق أبيض,ب.أمور,SH-B182-H,حوض وجه معلق,56855bde-1190-92a2-afb0-419a9650977f,65.000,120.000,t,,210002935
MM30011,خلاط حوض المطبخ حائطي كروم,اعتماد,MEGA 546,خلاط حوض المطبخ حائطي,4db58ef5-0e02-ae07-fc14-5629c40b7689,130.000,200.000,t,,210002740
ALVM50808,سيفون حوض الوجه كروم,توريما,1372-01658-002,سيفون حوض الوجه,3f8e1d44-c2e4-cecd-ff29-48dc418eba21,205.000,300.000,t,,310003924
ML10023,خلاط حوض وجه كروم,شيزا,GLAYOR,خلاط حوض وجه,3f8e1d44-c2e4-cecd-ff29-48dc418eba21,127.546,220.000,t,,210002606
ML30108,مرايا حمام مع إضاءة لد 80*60 سم,سانيتاري ويرز,5027,مراية مضيئة,f68c4a72-8eb2-7563-07ad-b344ff9fe960,100.000,250.000,t,,210004269
ATWC50313,صندوق طرد مدفون بتارية مع زر دائري 9 لتر,غروهي,38723,ملحقات مقاعد,f68c4a72-8eb2-7563-07ad-b344ff9fe960,920.000,930.000,t,,210003050
EL10019,حوض مطبخ ستانلس ستيل   304 85*45 كروم,أسيل,AS 3470,حوض مطبخ ستانلس ستيل,f68c4a72-8eb2-7563-07ad-b344ff9fe960,540.000,900.000,t,,310002624
AM0338,دولاب حمام 80 سم أبيض,سانيتاري ويرز,8103,دولاب حمام,9a9f39af-a0d0-6a64-969d-7baa03e28c4f,230.000,500.000,t,,210004782
ARSB8040,شطاف ظغط مربع مع طوبو ذهبي,سانيتاري ويرز,MAF ELSEAH,شطاف,2e234c5a-ae37-77f1-3c02-d40e664e7d50,72.000,120.000,t,,210003341
PA30568,دادو بالخبور 10مم,الشركة العالمية للتصدير و الإستيراد,,برغي,4db58ef5-0e02-ae07-fc14-5629c40b7689,0.237,0.500,t,,210004085
ML30378,مرايا حمام مع إضاءة لد دائرية مع اطار 80سم,سانيتاري ويرز,MB80,مراية مضيئة,f68c4a72-8eb2-7563-07ad-b344ff9fe960,185.000,300.000,t,,210004201
LG40334,حوض وجه برسلين 100 سم,رويال,YB032_11,حوض وجه برسلين,60d7d8a2-1083-abe4-d894-b1c7f3235d40,310.000,450.000,t,,210003078
ML10145,خلاط حوض وجه مدفون مع مصب ذهبي,توريما,VELVET 8V31333-090,خلاط حوض وجه مدفون,3f8e1d44-c2e4-cecd-ff29-48dc418eba21,680.000,950.000,t,,210002849
LG40403,حوض وجه برسلين مشطوف مع رف 80 سم,الشركة العالمية للتصدير و الإستيراد,2711,حوض وجه برسلين,60d7d8a2-1083-abe4-d894-b1c7f3235d40,585.000,950.000,t,,210004166
LG40337,حوض وجه برسلين 100 سم,رويال,YB032_1,حوض وجه برسلين,60d7d8a2-1083-abe4-d894-b1c7f3235d40,310.000,450.000,t,,210003080
AASB30055,حاملة فرشاة أسنان زجاجي,جي اف مارك,9200-61,اكسسوارات,3f8e1d44-c2e4-cecd-ff29-48dc418eba21,38.000,70.000,t,,310002918
AASB30034,مجفف شعر أبيض,بريمكس,882,اكسسوارات,0dafba13-51f2-fc5a-eab7-f16d55bcce40,85.000,120.000,t,,210003460
PA30449,خيط أحذية 120 غ,الشركة العالمية للتصدير و الإستيراد,,خيط، حبل,4db58ef5-0e02-ae07-fc14-5629c40b7689,2.100,5.000,t,,210003960
AASB30077,مجفف يد كروم,سانيتاري ويرز,,اكسسوارات,0dafba13-51f2-fc5a-eab7-f16d55bcce40,390.000,550.000,t,,210003538
AM40945,مراية دولاب حمام 80 سم,بن أمور,G011-80-C,مراية دولاب,3b74be9f-643f-cd77-2128-39d8b10170c9,200.000,350.000,t,,310004415
PE30324,كولة 118 مل,الشركة العالمية للتصدير و الإستيراد,,المواد اللاصقة و العازلة,4db58ef5-0e02-ae07-fc14-5629c40b7689,11.500,20.000,t,,210003823
PA30431,ڨوانطي,فندر,,قفازات,4db58ef5-0e02-ae07-fc14-5629c40b7689,6.100,15.000,t,,210003942
ARSB80242,مخرج شطاف أبيض,فرامو,PRA01BO,مخرج شطاف,f9f6d83d-5b9d-2d22-c42a-21b487031fad,150.000,200.000,t,,310003059
ARSB80660,مخرج شطاف مع علاق كروم,بن أمور,B.A-CI.A,مخرج شطاف,ac78bb51-d153-70a3-ad89-bdb50a8537eb,25.000,60.000,t,,310003768
CE10106,سخانة 80 لتر,ناسو,,سخانة,4db58ef5-0e02-ae07-fc14-5629c40b7689,395.000,420.000,t,,210004464
PE30169,"فرشة طلاء 1"" 25.4 مم",فندر,,فرشة طلاء,4db58ef5-0e02-ae07-fc14-5629c40b7689,2.000,5.000,t,,210003663
ARSB80823,مصب دوش بدون تحويلة كروم,شيزا,,مصب دوش,2e234c5a-ae37-77f1-3c02-d40e664e7d50,80.000,130.000,t,,210003304
MI10264,مراية تجميل مكبرة,سانيتاري ويرز,WL28WL23,مراية,9a9f39af-a0d0-6a64-969d-7baa03e28c4f,75.000,150.000,t,,210004684
ATWC50231,مثبت صندوق بتارية مقعد أرضي,HANA,ART-830-M8,ملحقات مقاعد,4db58ef5-0e02-ae07-fc14-5629c40b7689,3.450,4.875,t,,310003346
ARSB80302,شطاف ظغط مربع كبيرمع طوبو كروم,توريما,1372-03330-008,شطاف,3f8e1d44-c2e4-cecd-ff29-48dc418eba21,175.000,210.000,t,,210003039
ML30610,مرايا حمام مع إضاءة لد 60*50 سم,سانيتاري ويرز,1-3-40,مراية مضيئة,b254c840-e3dc-aa50-45cc-22c1a82f1d9d,120.000,200.000,t,,310003718
ARSB80716,شطاف ظغط مربع مع طوبو أسود,ليمكس,2778,شطاف,f592fa51-d431-40c9-f38d-39cdf4092eb2,95.000,150.000,t,,310003824
RA30359,ديسكو جرانيت 4.5'' 115 مم,فندر,195544,ديسكو منشار دائري,4db58ef5-0e02-ae07-fc14-5629c40b7689,12.200,20.000,t,,210003866
ARSB80198,مصب دوش مع تحويلة كروم,أنكا,ANKA ANK-1011,مصب دوش,f68c4a72-8eb2-7563-07ad-b344ff9fe960,78.000,120.000,t,,310002896
EL10237,حوض مطبخ ستانلس ستيل   304 50*50 كروم,أسيل,AS 14,حوض مطبخ ستانلس ستيل,e47ac07e-2763-bc83-6cf2-c39bb577a1f9,174.000,300.000,t,,210002956
ML30744,مرايا حمام مع إضاءة لد-عرض60*80 سم,ديولو,DE 022,مراية مضيئة,b254c840-e3dc-aa50-45cc-22c1a82f1d9d,81.000,150.000,t,,310003856
PE30296,لصقة مع مجفف 100 مل,كرفت,,المواد اللاصقة و العازلة,1feb71a5-1d49-b1e4-f571-cf039a9a809d,5.750,10.000,t,,210004669
AM0837,دولاب حمام بالملحق مع مرايا لد -80 سم,سانيتاري ويرز,9622,دولاب حمام,f68c4a72-8eb2-7563-07ad-b344ff9fe960,1075.000,1600.000,t,,310003958
ARSB80816,مخرج شطاف مع علاق أسود,مونتانا س.ل,MT-01B,مخرج شطاف,51882a69-3ac9-cde2-37e3-64e2b7daae96,99.000,160.000,t,,310003934
ML10805,خلاط حوض وجه ذهبي,بن أمور,B.AMOR0017,خلاط حوض وجه,f3749abe-ab61-138e-bb47-655f16ecc625,155.000,235.000,f,,310004355
SA10070,طقم اكسسوار,بيروتي,Gibson,طقم اكسسوارات,081276dc-6952-a613-dc62-614b51522ad0,36.000,120.000,t,,210003531
ARSB80073,شطاف ظغط دائري مع طوبو كروم,سانيتاري ويرز,,شطاف,0dafba13-51f2-fc5a-eab7-f16d55bcce40,45.000,90.000,t,,210002669
MTE60033,خلاط شطاف مدفون كروم,توريما,8V00011-092,خلاط شطاف مدفون,3f8e1d44-c2e4-cecd-ff29-48dc418eba21,165.000,250.500,t,,310002649
EL10166,حوض مطبخ ستانلس ستيل منظومة بيانو 304 75*45 كروم,TIEMME,,حوض مطبخ ستانلس ستيل,dc6e5eb0-a2c4-7fc8-161c-528f389f29cc,655.000,1000.000,t,,210004552
MC10087,مجرى 55سم *7 سم كروم,بيورا,DL-04-55,مجرى,f9f6d83d-5b9d-2d22-c42a-21b487031fad,257.000,320.000,t,,310003120
PE30102,ملعقة 20سم,اي بي سي,AC70002,ملعقة,4db58ef5-0e02-ae07-fc14-5629c40b7689,5.000,8.000,t,,210003568
ATWC50083,عوامة صندوق طرد,غروهي,3709500,ملحقات مقاعد,f68c4a72-8eb2-7563-07ad-b344ff9fe960,105.000,150.000,t,,210003544
ARSB80231,طوبو شطاف 120 سم أسود,سانيتاري ويرز,,طوبو شطاف,4db58ef5-0e02-ae07-fc14-5629c40b7689,10.000,25.000,t,,310003155
ML10806,خلاط حوض وجه أسود مطفي,بن أمور,B.AMOR017,خلاط حوض وجه,f3749abe-ab61-138e-bb47-655f16ecc625,145.000,250.000,t,,310004356
ARSB80454,شطاف ظغط دائري مع طوبو أسود,سانيتاري ويرز,MSLINO,شطاف,3371605a-058e-4bf1-07a5-d157c54ae58f,35.000,60.000,t,,310003523
ML30794,مرايا حمام ضد البخار مع إضاءة لد 80*60 سم,سانيتاري ويرز,4013,مراية مضيئة,f68c4a72-8eb2-7563-07ad-b344ff9fe960,105.000,170.000,t,,310003905
AB10573,خزانة حمام أبيض,سانيتاري ويرز,1527,خزانة حمام,9a9f39af-a0d0-6a64-969d-7baa03e28c4f,300.000,500.000,t,,210005108
PS20042,علاقة ملابس ثلاثية,فينوس,LI-03,علاقة مناشف,0dafba13-51f2-fc5a-eab7-f16d55bcce40,36.000,55.000,t,,210003479
RA30546,قفل باب رئيسي,الشركة العالمية للتصدير و الإستيراد,DAF 540.12-3M,قفل باب,4db58ef5-0e02-ae07-fc14-5629c40b7689,57.000,100.000,t,,210004063
PA30045,مفتاح بيبة رقم19مم,الشركة العالمية للتصدير و الإستيراد,AC18693,مفاتيح,4db58ef5-0e02-ae07-fc14-5629c40b7689,8.750,15.000,t,,210004370
CD40095,مسطرة دوش زوجية كروم,فينوس,,مسطرة دوش,0dafba13-51f2-fc5a-eab7-f16d55bcce40,189.000,290.000,t,,210002691
ML10184,خلاط حوض وجه زر كروم,ميوماري,,خلاط حوض وجه,081276dc-6952-a613-dc62-614b51522ad0,125.000,250.000,t,,310003043
ML10267,خلاط حوض وجه كروم,أيولي,9403-TC,خلاط حوض وجه,9a9f39af-a0d0-6a64-969d-7baa03e28c4f,265.000,400.000,t,,210004687
PE30493,طلاء مائي داخلي 10 كغ أبيض نص لمعة,جي ال سي,سوبر داي - تون 2000,الجدران والسقف,f330aa66-9a8a-90ee-d535-6c68ff14b0de,207.360,216.000,t,,210004899
AECU50100,سيفون حوض المطبخ,L.B.PLAST,M850R-226,ملحقات أحواض المطابخ,f68c4a72-8eb2-7563-07ad-b344ff9fe960,21.500,50.000,t,,210004261
CD40787,مسطرة دوش زوجية دهبي,ليسو,079-25G,مسطرة دوش,f68c4a72-8eb2-7563-07ad-b344ff9fe960,265.000,370.000,t,,310004201
ML10420,خلاط حوض وجه ذهبي,توريما,MERIDA,خلاط حوض وجه,3f8e1d44-c2e4-cecd-ff29-48dc418eba21,560.000,600.000,t,,210004925
AASB30113,فرشة مرحاض كروم,ونكو,ELEGANCE,اكسسوارات,081276dc-6952-a613-dc62-614b51522ad0,33.750,120.000,t,,310002962
EG30241,حوض مطبخ جرانيت أسود محبب 55*44,سانيتاري ويرز,جرمة,حوض مطبخ جرانيت,3ef761c8-d645-a9c8-47dc-960089e79b35,225.000,380.000,t,,310003368
ARSB80855,سماعة دوش دائرية مع طوبو ذهبي,مجموعة بن عمر,,سماعة دوش,ac78bb51-d153-70a3-ad89-bdb50a8537eb,70.000,150.000,t,,310004303
AASB31122,رف زاوية زوجي كروم,ليسو,WL33,اكسسوارات,f68c4a72-8eb2-7563-07ad-b344ff9fe960,165.000,280.000,t,,310004625
AM0460,دولاب حمام 80 سم,أوركا,CLAY,دولاب حمام,fd059421-15b9-e743-662a-d6c4e83bb171,1200.000,1800.000,f,,210003225
ARSB80275,كسكاس دوش مربع 250*250 مم مع قصبة كروم,ليسو,,كسكاس دوش,9a9f39af-a0d0-6a64-969d-7baa03e28c4f,120.000,150.000,t,,210004605
PA30246,طراحة حديد 40 سم,الشركة العالمية للتصدير و الإستيراد,,بالة,4db58ef5-0e02-ae07-fc14-5629c40b7689,14.500,25.000,t,,210003739
RA20394,"سنيسكا 25"" قصيرة طربوش",كالدي,بي بي ر - PPR,سنيسكا,3371605a-058e-4bf1-07a5-d157c54ae58f,79.000,95.000,t,,210004218
MD20013,خلاط دوش كروم,توريما,8G16211-040,خلاط دوش,f68c4a72-8eb2-7563-07ad-b344ff9fe960,345.000,450.000,t,,310002658
MA20034,خلاط حوض المطبخ سحاب أسود,سانيتاري ويرز,,خلاط حوض المطبخ سحاب,081276dc-6952-a613-dc62-614b51522ad0,188.000,400.000,t,,210002764
EG40796,رف كواريون كوارتزأبيض 60سم,سانيتاري ويرز,S-60-1,رف حوض وجه برسلين,dc6e5eb0-a2c4-7fc8-161c-528f389f29cc,200.000,350.000,t,,310004215
PE30158,منجل,الشركة العالمية للتصدير و الإستيراد,,منجل,4db58ef5-0e02-ae07-fc14-5629c40b7689,5.750,10.000,t,,210003652
ARSB80442,شطاف ضغط  مع طوبو كروم,سانيتاري ويرز,NONAS,شطاف,0dafba13-51f2-fc5a-eab7-f16d55bcce40,41.710,100.000,t,,210004894
ML30375,مرايا حمام مع إضاءة لد 85*85 سم,سانيتاري ويرز,1435,مراية مضيئة,f68c4a72-8eb2-7563-07ad-b344ff9fe960,155.000,250.000,t,,210004198
PS20136,علاقة مناشف أسود,ديكسا,A.1735.S,علاقة مناشف,ff3ad10c-136f-2eb9-510b-510058532e8d,85.000,160.000,t,,310002985
PS20514,علاقة ملابس فردي,ساتين-نيكال,,علاقة مناشف,081276dc-6952-a613-dc62-614b51522ad0,25.000,40.000,t,,310003585
EG40349,رف حوض وجه برسلين 80 سم,رويال,YB14-1,رف حوض وجه برسلين,60d7d8a2-1083-abe4-d894-b1c7f3235d40,60.000,150.000,t,,210003093
MA20910,خلاط حوض المطبخ سحاب ذهبي,بن أمور,B.AMOR027,خلاط حوض المطبخ سحاب,f3749abe-ab61-138e-bb47-655f16ecc625,295.000,445.000,t,,310004371
ML10162,خلاط حوض وجه كروم,سانيتاري ويرز,D-2,خلاط حوض وجه,7ea09f3f-5446-26a3-c653-90a14ccabc04,48.000,100.000,t,,310003011
RA30002,طوبو1.5'' 6 متر,الرطيل,جي أم GM,مواسير - طوبو,4db58ef5-0e02-ae07-fc14-5629c40b7689,39.000,40.000,t,,210003334
ARSB80096,مصب دوش بدون تحويلة كروم,فورتميكس,KING M1233,مصب دوش,5bd59cc2-f915-90b2-5eb0-3ec705744a94,85.000,130.000,t,,210002801
PE30153,غيار موس فرش 0.5 مم,الشركة العالمية للتصدير و الإستيراد,,موس فرش والمقص,4db58ef5-0e02-ae07-fc14-5629c40b7689,2.000,5.000,t,,210004367
ML10076,خلاط حوض وجه ذهبي,جي اف مارك,1-0061G,خلاط حوض وجه,193a3d2d-d39f-6712-72cb-c5f247087645,170.000,450.000,t,,210004236
ARSB80943,وردة خلاط دوش مدفون كروم,توريما,A2L04290-001,ملحقات خلاط,3f8e1d44-c2e4-cecd-ff29-48dc418eba21,100.000,150.000,t,,310004400
ML10085,خلاط حوض وجه كروم,جي اف مارك,1-0061D,خلاط حوض وجه,60d7d8a2-1083-abe4-d894-b1c7f3235d40,330.000,400.000,t,,310002738
ALVM50790,رأس سيفوني رخامي,سانيتاري ويرز,41,رأس سيفوني,f68c4a72-8eb2-7563-07ad-b344ff9fe960,18.000,60.000,t,,310004209
AASB30051,موزع صابون سائل كروم,فينوس,VA-08,اكسسوارات,0dafba13-51f2-fc5a-eab7-f16d55bcce40,69.000,100.000,t,,210003494
ML30806,مرايا حمام مع إضاءة لد 60*80 سم عرض,سانيتاري ويرز,S-60-1,مراية مضيئة,dc6e5eb0-a2c4-7fc8-161c-528f389f29cc,85.000,170.000,t,,310004216
ML30229,مرايا حمام مع إضاءة لد 70*70سم,سانيتاري ويرز,3077,مراية مضيئة,9a9f39af-a0d0-6a64-969d-7baa03e28c4f,100.000,220.000,t,,210004636
ML10040,خلاط حوض وجه كروم,فيرونا,VE75410,خلاط حوض وجه,dc6e5eb0-a2c4-7fc8-161c-528f389f29cc,68.000,120.000,t,,210002624
ALVM50398,رأس سيفوني ذهبي,اي ار بي,,رأس سيفوني,dd2fc8ac-5717-c00a-07b0-627c341c4a46,110.000,200.000,t,,210004848
RFP1936,فسيبلي خلاط سحاب,سانيتاري ويرز,031-66,فسيبلي,f68c4a72-8eb2-7563-07ad-b344ff9fe960,20.000,35.000,t,,310004062
ML30534,مرايا حمام قوس مع إضاءة لد 60*80 سم,سانيتاري ويرز,17,مراية مضيئة,b254c840-e3dc-aa50-45cc-22c1a82f1d9d,74.000,170.000,t,,310003606
PA30362,متر 7.5م,فندر,,أدوات القياس والتتبع,4db58ef5-0e02-ae07-fc14-5629c40b7689,18.500,25.000,t,,210003869
AM40940,مراية دولاب حمام 80 سم,بن أمور,G009-80-F,مراية دولاب,3b74be9f-643f-cd77-2128-39d8b10170c9,200.000,350.000,t,,310004410
ELC1113,"مثلث كهرباء 
",الشركة العالمية للتصدير و الإستيراد,,الأسلاك والكابلات,4db58ef5-0e02-ae07-fc14-5629c40b7689,14.250,20.000,t,,210004471
PE30590,مشمع ثقيل 3 * 2,الشركة العالمية للتصدير و الإستيراد,,التغطية والحماية,4db58ef5-0e02-ae07-fc14-5629c40b7689,9.000,15.000,t,,210004108
ML11078,خلاط حوض وجه كروم,هيدرا,A00380EYHY,خلاط حوض وجه,93ead9a8-1565-7895-eba8-1a3572957f4c,290.000,450.000,t,,310004549
PE30105,صندوق عدة حديد 43 سم,اي بي سي,AC16430,صندوق الأدوات,4db58ef5-0e02-ae07-fc14-5629c40b7689,52.000,80.000,t,,210003571
AM0568,حوض وجه مع دولاب حمام -80 سم,سانيتاري ويرز,9712,دولاب حمام,9a9f39af-a0d0-6a64-969d-7baa03e28c4f,700.000,1100.000,t,,210005103
AM0738,دولاب حمام مع حوض وجه 60 سم,سانيتاري ويرز,005,دولاب حمام,b254c840-e3dc-aa50-45cc-22c1a82f1d9d,740.000,1110.000,t,,310004075
AASB30060,صابونية ذهبي,بريمكس,6100K-67,اكسسوارات,f68c4a72-8eb2-7563-07ad-b344ff9fe960,70.000,120.000,t,,310002922
ARSB81099,شطاف ظغط دائري مع طوبو كروم,جي اف مارك,SR126D,شطاف,41cf3726-7c18-801f-29b4-95bfba464df9,55.000,90.000,t,,310004602
PE30353,زمالطو ضد الصدأ 3 كغ  اسود,دهانات المدينة مصراتة,,الحديد,f330aa66-9a8a-90ee-d535-6c68ff14b0de,42.750,45.000,t,,210004756
PE30215,شفاط ابيض,ABM,L20,مثقاب كهربائي,dc6e5eb0-a2c4-7fc8-161c-528f389f29cc,65.500,160.000,t,,210004622
RA20008,"كوع 25* 1/2"" سن داخلي",فرات,بي بي ر - PPR,كوع - كوربة,1054307a-87a0-d4d2-fe16-bd905fe6a04b,4.038,10.000,t,,210003284
ARSB80854,سماعة دوش دائرية مع طوبو أسود,مجموعة بن عمر,,سماعة دوش,ac78bb51-d153-70a3-ad89-bdb50a8537eb,70.000,140.000,t,,310004302
AM40575,مراية دولاب حمام -60 سم,سانيتاري ويرز,1527,مراية دولاب,9a9f39af-a0d0-6a64-969d-7baa03e28c4f,150.000,300.000,t,,210005110
EL10887,حوض مطبخ ستانلس ستيل   60*45 أسود,ب.أمور,Florence,حوض مطبخ ستانلس ستيل,0b31d558-d145-3aaf-232e-dad3cc8669b6,265.000,420.000,t,,310004341
ML30285,مرايا حمام مع إضاءة لد مع اطار أسود 80*60 سم,سانيتاري ويرز,,مراية مضيئة,f68c4a72-8eb2-7563-07ad-b344ff9fe960,145.000,210.000,t,,210003017
ARSB80066,كسكاس دوش مربع 300*300 مم مع قصبة كروم,شيزا,,كسكاس دوش,5bd59cc2-f915-90b2-5eb0-3ec705744a94,135.000,200.000,t,,210002796
ARSB80368,سماعة دوش مع طوبو كروم,فينوس,HSS417,سماعة دوش,0dafba13-51f2-fc5a-eab7-f16d55bcce40,44.000,70.000,t,,210003124
ARSB80640,"مسكر شطافة ""1/2"" * ""1/2 كروم",بن أمور,,مخرج شطاف,ac78bb51-d153-70a3-ad89-bdb50a8537eb,13.000,35.000,t,,310003748
ML10139,خلاط حوض وجه كروم,فيوري,124CR3460,خلاط حوض وجه,9a9f39af-a0d0-6a64-969d-7baa03e28c4f,270.000,390.000,t,,210004519
AASB30164,حاملة فرشاة أسنان,بضائع أوروبية,,اكسسوارات,081276dc-6952-a613-dc62-614b51522ad0,10.000,40.000,t,,310003240
MT30629,خلاط شطاف مع شطاف 15 سم كروم,بن أمور,,خلاط شطاف,ac78bb51-d153-70a3-ad89-bdb50a8537eb,90.000,180.000,t,,310003737
PE30321,كولة 473 مل,الشركة العالمية للتصدير و الإستيراد,,المواد اللاصقة و العازلة,4db58ef5-0e02-ae07-fc14-5629c40b7689,26.500,25.000,t,,210003820
PA30018,مفتاح بيبة رقم12مم,الشركة العالمية للتصدير و الإستيراد,AC18693,مفاتيح,4db58ef5-0e02-ae07-fc14-5629c40b7689,4.500,10.000,t,,210004374
RO10406,حنفية غسالة  ''1/2 * ''3/4 كروم,سانيتاري ويرز,Italian,حنفية,3371605a-058e-4bf1-07a5-d157c54ae58f,11.000,20.000,t,,310003461
MA20033,خلاط حوض المطبخ سحاب كروم,سانيتاري ويرز,,خلاط حوض المطبخ سحاب,081276dc-6952-a613-dc62-614b51522ad0,168.000,370.000,t,,210002763
RA20060,"كوربة رايحة لسيفون  2""",الرطيل,جي أم GM,كوع - كوربة,4db58ef5-0e02-ae07-fc14-5629c40b7689,5.500,9.000,t,,210003519
ARSB80206,قلب خلاط كبير,سانيتاري ويرز,,ملحقات خلاط,4db58ef5-0e02-ae07-fc14-5629c40b7689,4.500,6.750,t,,310003313
MC10643,مجرى 30 سم *8 سم كروم,بن أمور,,مجرى,ac78bb51-d153-70a3-ad89-bdb50a8537eb,55.000,100.000,t,,310003751
EL50398,لصقة 0.13 مم * 19 مم * 25 متر,الشركة العالمية للتصدير و الإستيراد,SCAPA 2702,ملحقات الكهرباء,4db58ef5-0e02-ae07-fc14-5629c40b7689,6.000,10.000,t,,210003909
WP20196,مقعد أرضي أبيض,ايجا فتريفاي,LAGINA,مقعد أرضي,e47ac07e-2763-bc83-6cf2-c39bb577a1f9,557.750,770.000,t,,210002900
MDE50025,خلاط دوش مدفون كروم,فرامو,MA207CR,خلاط دوش مدفون,f9f6d83d-5b9d-2d22-c42a-21b487031fad,276.000,350.000,t,,310002701
ART0045,طلاء عاز ل مطاطي اخضر  10 كغ,الواحة,العازل اكسترا,الجدران والسقف,4db58ef5-0e02-ae07-fc14-5629c40b7689,106.700,125.000,t,,210004359
ML30520,مرايا حمام مع إضاءة لد 100*70 سم,سانيتاري ويرز,02,مراية مضيئة,b254c840-e3dc-aa50-45cc-22c1a82f1d9d,110.000,220.000,t,,310003604
PA30366,كاوية لحام,الشركة العالمية للتصدير و الإستيراد,,أدوات كهربائية صغيرة,4db58ef5-0e02-ae07-fc14-5629c40b7689,7.500,15.000,t,,210003875
ARSB80153,شطاف ظغط دائري مع طوبو كروم,سانيتاري ويرز,NOVARA,شطاف,3005271c-aa59-cf81-5380-bf5c9a7cd5d1,35.000,80.000,t,,310002808
ELC2003,قرجوطة 23مم *50 م,فاندي,F0023,قراجيط الكهرباء,06d20f1c-34a0-e014-64db-92734ce57411,37.500,45.000,t,,210004221
ARSB81042,اكسسوار خلاط دوش مدفون دائري ذهبي,فيدار,FD-8T0026,ملحقات خلاط,dc6e5eb0-a2c4-7fc8-161c-528f389f29cc,145.000,250.000,t,,310004513
PE30181,لصقة كرتون 100,الشركة العالمية للتصدير و الإستيراد,,المواد اللاصقة و العازلة,4db58ef5-0e02-ae07-fc14-5629c40b7689,3.500,7.000,t,,210003675
ML30602,مرايا حمام مع إضاءة لد مع اطار أسود 90*70 سم,بن أمور,SH-097-90/70,مراية مضيئة,56855bde-1190-92a2-afb0-419a9650977f,125.000,200.000,t,,310003709
RA30013,"كوربة اس (2 قطع) 4"" 45°",الرطيل,جي أم GM,كوع - كوربة,4db58ef5-0e02-ae07-fc14-5629c40b7689,28.500,35.000,t,,210003407
MTE60280,خلاط شطاف مدفون كروم,ARB,KIDI020LYC00,خلاط شطاف مدفون,dd2fc8ac-5717-c00a-07b0-627c341c4a46,166.500,250.000,t,,210004701
ARSB80265,سماعة دوش مع طوبو أسود,ليمكس,LY2189R,سماعة دوش,2e234c5a-ae37-77f1-3c02-d40e664e7d50,115.000,200.000,t,,210003754
ML10802,خلاط حوض وجه رصاصي,بن أمور,B.AMOR009,خلاط حوض وجه,f3749abe-ab61-138e-bb47-655f16ecc625,235.000,355.000,t,,310004352
ATWC50425,بتارية مقعد أرضي جنب,سانيتاري ويرز,,ملحقات مقاعد,4db58ef5-0e02-ae07-fc14-5629c40b7689,58.500,58.500,t,,210003936
CD40099,مسطرة دوش زوجية مربعة كروم,سانيتاري ويرز,,مسطرة دوش,f68c4a72-8eb2-7563-07ad-b344ff9fe960,345.000,480.000,t,,210002695
PE30011,استوك سيارات فايبر  1.9 كغ,كابسي,Latico polyfiber 360,استوك سيارات,4db58ef5-0e02-ae07-fc14-5629c40b7689,21.000,32.000,t,,210003404
MD20056,خلاط دوش مع سماعة كروم,فرامو,MA212CR,خلاط دوش,3371605a-058e-4bf1-07a5-d157c54ae58f,220.000,450.000,t,,210002652
ARSB80286,قصبة دوش مربعة 35 سم كروم,سانيتاري ويرز,,قصبة دوش,b3c3c120-ea64-9a00-f068-5896d8f5926d,20.000,40.000,t,,310003245
ML10033,خلاط حوض وجه طويل كروم,ليسو,,خلاط حوض وجه,f68c4a72-8eb2-7563-07ad-b344ff9fe960,145.000,230.000,t,,210002616
ML30303,مرايا حمام مع إضاءة لد 60*80 سم,سانيتاري ويرز,907,مراية مضيئة,9a9f39af-a0d0-6a64-969d-7baa03e28c4f,85.000,160.000,t,,210004727
ARSB80802,مصب دوش بدون تحويلة ذهبي,فرامو,PA211ORO,مصب دوش,f9f6d83d-5b9d-2d22-c42a-21b487031fad,450.000,500.000,t,,310004154
EG40750,رف كواريون كوارتز 80سم أبيض,سانيتاري ويرز,360-2-1,رف حوض وجه برسلين,b254c840-e3dc-aa50-45cc-22c1a82f1d9d,220.000,330.000,t,,310004144
MTE60822,خلاط شطاف مدفون شريحة مربع كروم,توريما,MERIDA 8Q00011-093,خلاط شطاف مدفون,3f8e1d44-c2e4-cecd-ff29-48dc418eba21,235.000,370.000,t,,310003943
ARSB81043,اكسسوار خلاط شطاف مدفون دائري ذهبي,فيدار,FD-8T0023,ملحقات خلاط,dc6e5eb0-a2c4-7fc8-161c-528f389f29cc,90.000,150.000,t,,310004514
PE30092,ورق سنفرة قماش رقم 400,الشركة العالمية للتصدير و الإستيراد,التاج,ورق الصنفرة,4db58ef5-0e02-ae07-fc14-5629c40b7689,2.228,5.000,t,,210003553
ML10784,خلاط حوض وجه كروم,سانيتاري ويرز,OM-163,خلاط حوض وجه,b254c840-e3dc-aa50-45cc-22c1a82f1d9d,84.000,160.000,t,,310004125
ML30763,مرايا حمام مع إضاءة لد 60*60 سم,سانيتاري ويرز,S60-4,مراية مضيئة,f68c4a72-8eb2-7563-07ad-b344ff9fe960,90.000,150.000,t,,310004166
PS21076,علاقة مناشف كروم,بن أمور,50-10-48,علاقة مناشف,ac78bb51-d153-70a3-ad89-bdb50a8537eb,25.000,80.000,t,,310004547
AB10145,خزانة حمام أبيض,أوركا,AYDOS,خزانة حمام,e47ac07e-2763-bc83-6cf2-c39bb577a1f9,470.000,705.000,t,,310003221
ML10100,خلاط حوض وجه  كروم,ليسو,OL-260,خلاط حوض وجه,f68c4a72-8eb2-7563-07ad-b344ff9fe960,120.000,180.000,t,,310002790
WS10807,مقعد معلق تورنيدو أبيض,ب.أمور,LT-046E-UQ3,مقعد معلق,77d76dcb-7fe6-a4b4-4998-83b869291b06,420.000,720.000,t,,310004227
RA20005,"كوع 32 - 1"" سن داخلي",فرات,بي بي ر - PPR,كوع - كوربة,1054307a-87a0-d4d2-fe16-bd905fe6a04b,13.538,25.000,t,,210003282
WS10015,صندوق مقعد معلق أبيض,سانيتاري ويرز,2194,مقعد معلق,f68c4a72-8eb2-7563-07ad-b344ff9fe960,135.000,250.000,t,,310002620
WP20827,مقعد أرضي ملحوم أبيض,ب.أمور,SH-8809,مقعد أرضي,56855bde-1190-92a2-afb0-419a9650977f,550.000,880.000,t,,310004259
PE30055,طلاء زيتي 850 غ نحاسي,دهانات المدينة مصراتة,طلاء زيتي,الحديد,4db58ef5-0e02-ae07-fc14-5629c40b7689,25.000,30.000,t,,210003374
RA30356,ديسكو جرانيت 4.5'' 115 مم,فندر,195544,ديسكو منشار دائري,4db58ef5-0e02-ae07-fc14-5629c40b7689,11.500,20.000,t,,210003863
MT30071,خلاط شطاف مع شطاف ذهبي,نابولي,VESUN 9000ZG,خلاط شطاف,f68c4a72-8eb2-7563-07ad-b344ff9fe960,85.000,140.000,t,,310002875
PS20041,علاقة ملابس رباعية,فينوس,LI-04,علاقة مناشف,0dafba13-51f2-fc5a-eab7-f16d55bcce40,52.380,70.000,t,,210003478
PA30223,فرشاة حديد,الشركة العالمية للتصدير و الإستيراد,CRISTAL,فرشاة سنفرة,60d7d8a2-1083-abe4-d894-b1c7f3235d40,6.500,15.000,t,,210003716
PA30120,رأس قفل  7 سم,داف,706.68-SM,رأس قفل,4db58ef5-0e02-ae07-fc14-5629c40b7689,22.500,30.000,t,,210003613
MA20050,خلاط حوض المطبخ سحاب أسود,سانيتاري ويرز,,خلاط حوض المطبخ سحاب,081276dc-6952-a613-dc62-614b51522ad0,175.000,400.000,t,,310002752
PE30120,ترابنو850 وات,سبيكو,SP-7010,مثقاب كهربائي,4db58ef5-0e02-ae07-fc14-5629c40b7689,225.000,280.000,t,,210003607
RD30718,بانيوا زاوية تركي بعد سراميك  120*120,STELLE,SG,بانيو قدم,431ac3fd-806d-3b31-7433-0f5bf3af56c7,600.000,1000.000,t,,310003830
AASB30215,حاملة ورق ناعم أسود,سانيتاري ويرز,CAPELLA,اكسسوارات,ff3ad10c-136f-2eb9-510b-510058532e8d,55.000,100.000,t,,310003327
PE30093,ورق سنفرة قماش رقم 120,الشركة العالمية للتصدير و الإستيراد,التاج,ورق الصنفرة,4db58ef5-0e02-ae07-fc14-5629c40b7689,2.371,5.000,t,,210003554
PA30487,مفتاح زڨنالي مشرشر (9 قطع),فندر,193121,مفك البراغي يدوي,4db58ef5-0e02-ae07-fc14-5629c40b7689,17.500,30.000,t,,210004003
AM0696,دولاب حمام مع حوض وجه 80 سم,بن أمور,203-80,دولاب حمام,ac78bb51-d153-70a3-ad89-bdb50a8537eb,550.000,825.000,t,,310003804
RFP1720,"فسيبلي "" 1/2 أنثى * ""1/2 أنثى 20سم",فانسكي,,فسيبلي,51882a69-3ac9-cde2-37e3-64e2b7daae96,8.000,20.000,t,,310003832
PA30249,ميزان 30 سم,صولا,,أدوات القياس والتتبع,4db58ef5-0e02-ae07-fc14-5629c40b7689,6.500,15.000,t,,210003742
ARSB80126,مخرج شطاف مع علاق كروم,سلارنو,HR-M04,مخرج شطاف,dc6e5eb0-a2c4-7fc8-161c-528f389f29cc,49.000,75.000,t,,210002830
VP20163,حوض وجه فوق الرخام رخامي,بضائع أوروبية,,حوض فوق الرخام,f68c4a72-8eb2-7563-07ad-b344ff9fe960,150.000,250.000,t,,310003239
AM0405,دولاب حمام أرضي,بضائع أوروبية,,دولاب حمام,081276dc-6952-a613-dc62-614b51522ad0,300.000,600.000,t,,310003460
MD20023,خلاط دوش كروم,شيزا,LAYER,خلاط دوش,3f8e1d44-c2e4-cecd-ff29-48dc418eba21,165.000,260.000,t,,310002636
PA30609,سلسلة رقم 10 (1متر),الشركة العالمية للتصدير و الإستيراد,,خيط، حبل,4db58ef5-0e02-ae07-fc14-5629c40b7689,16.667,25.000,t,,210004127
ML10080,خلاط حوض وجه ذهبي,جي اف مارك,6-011G,خلاط حوض وجه,60d7d8a2-1083-abe4-d894-b1c7f3235d40,330.000,500.000,t,,310002734
ARSB80601,مصب دوش مع تحويلة ذهبي,أنكا,ANKA ANK-1010,مصب دوش,b254c840-e3dc-aa50-45cc-22c1a82f1d9d,100.000,160.000,t,,310003491
PS20751,علاقة مناشف كبيرة ثلاثية كروم,سانيتاري ويرز,WL11,علاقة مناشف,f68c4a72-8eb2-7563-07ad-b344ff9fe960,110.000,200.000,t,,310004089
P30109,مضخة ماجن 1 حصان ضد التآكل,شمجا,QDX1.5-32-0.75K3-F,مضخة,4db58ef5-0e02-ae07-fc14-5629c40b7689,575.000,630.000,t,,210003597
ARSB80598,قصبة دوش مربعة 40 سم كروم,توريما,1372-03244-010,قصبة دوش,3f8e1d44-c2e4-cecd-ff29-48dc418eba21,145.000,203.000,t,,310003705
MA20797,خلاط حوض المطبخ سحاب كروم مطفي,سانيتاري ويرز,,خلاط حوض المطبخ سحاب,dc6e5eb0-a2c4-7fc8-161c-528f389f29cc,68.500,180.000,t,,310004217
PE30334,رولة طلاء 25 سم / 10,الشركة العالمية للتصدير و الإستيراد,,فرشة طلاء,4db58ef5-0e02-ae07-fc14-5629c40b7689,5.750,15.000,t,,210003833
EG40186,رف حوض وجه برسلين 80 سم,ليسو,A2080A,رف حوض وجه برسلين,9a9f39af-a0d0-6a64-969d-7baa03e28c4f,150.000,350.000,t,,210004582
MT30245,خلاط شطاف مع شطاف أسود,ليسو,B079,خلاط شطاف,9a9f39af-a0d0-6a64-969d-7baa03e28c4f,88.000,180.000,t,,210004654
AASB30174,حاملة ورق ناعم أسود,ديكسا,A.1708.S,اكسسوارات,ff3ad10c-136f-2eb9-510b-510058532e8d,70.000,110.000,t,,310003026
ARSB80060,كسكاس دوش مربع 400*400 مم كروم,فينوس,UTS16,كسكاس دوش,0dafba13-51f2-fc5a-eab7-f16d55bcce40,153.000,230.000,t,,210002790
EL10544,حوض مطبخ ستانلس ستيل   304 86 * 45 سم,أسيل,AS3458,حوض مطبخ ستانلس ستيل,b254c840-e3dc-aa50-45cc-22c1a82f1d9d,675.000,1100.000,t,,310003616
ML30839,مرايا حمام مع إضاءة لد80*60 سم,سانيتاري ويرز,1528,مراية مضيئة,f68c4a72-8eb2-7563-07ad-b344ff9fe960,120.000,200.000,t,,310004277
PE30128,بونتة صاروخ طاسة,اي بي سي,45,مثقاب كهربائي,4db58ef5-0e02-ae07-fc14-5629c40b7689,50.000,75.000,t,,210004477
ML10036,خلاط حوض وجه طويل أسود برنزي,سانيتاري واير,,خلاط حوض وجه,081276dc-6952-a613-dc62-614b51522ad0,430.000,430.000,t,,210002620
MDE50051,خلاط دوش مدفون كروم,توريما,8X01011-094,خلاط دوش مدفون,f9f6d83d-5b9d-2d22-c42a-21b487031fad,310.000,460.000,t,,310002655
PE30471,ورق سنفرة 9بوصة 6فتحات,الشركة العالمية للتصدير و الإستيراد,P 80,ماكينة صنفرة,4db58ef5-0e02-ae07-fc14-5629c40b7689,0.850,3.000,t,,210004403
MDE50504,مطول خلاط شطافة مدفون,توريما,0191811,خلاط دوش مدفون,9a9f39af-a0d0-6a64-969d-7baa03e28c4f,195.000,300.000,t,,210005035
MDE50807,خلاط دوش مدفون ميريدا أسود,توريما,8Q017BB-093/2,خلاط دوش مدفون,3f8e1d44-c2e4-cecd-ff29-48dc418eba21,685.000,1000.000,t,,310003920
AASB30029,رف ستاينلس ستيل أسود,فينوس,458B,اكسسوارات,0dafba13-51f2-fc5a-eab7-f16d55bcce40,47.000,80.000,t,,210003446
EL10242,حوض مطبخ ستانلس ستيل منظومة بيانو 304 75*46 أسود,ليسو,,حوض مطبخ ستانلس ستيل,f68c4a72-8eb2-7563-07ad-b344ff9fe960,465.000,700.000,t,,210002962
PE30316,استوك 18 كغ,شركة الحيرة لدهانات,معون الحيرة,استوك,cbc8158a-9b45-9705-3f1d-05cad25ac2d7,35.000,40.000,t,,210004742
WA40919,غطاء مقعد رايملس أسود,ب.أمور,SH-A006-MB,غطاء مقعد,56855bde-1190-92a2-afb0-419a9650977f,53.333,100.000,t,,310004380
ME10862,خلاط حوض المطبخ شجرة كروم,فيوري,81CR4323,خلاط حوض المطبخ شجرة,b254c840-e3dc-aa50-45cc-22c1a82f1d9d,285.000,430.000,t,,310003983
PA30122,قفل سرانتي يمين + يسار,والي,L641,قفل باب,4db58ef5-0e02-ae07-fc14-5629c40b7689,85.000,140.000,t,,210003615
PA30530,قطن 250 غ,الشركة العالمية للتصدير و الإستيراد,,خيط، حبل,4db58ef5-0e02-ae07-fc14-5629c40b7689,4.900,10.000,t,,210004046
ACOL30574,ريتي لياسة 20 سم * 10 متر,أسترا,,ملحقات غراء البلاط و الأرضيات,f9f6d83d-5b9d-2d22-c42a-21b487031fad,4.750,10.000,t,,210004091
PE30481,لصقة مع مجفف 400 مل,ابل,,المواد اللاصقة و العازلة,f330aa66-9a8a-90ee-d535-6c68ff14b0de,19.500,22.000,t,,210005009
LG40195,حوض وجه برسلين مشطوف مع رف 80 سم,ليسو,A2080C,حوض وجه برسلين,9a9f39af-a0d0-6a64-969d-7baa03e28c4f,450.000,850.000,t,,210004591
EL10865,حوض مطبخ ستانلس ستيل   304 76 *50.5 سم,أسيل,AS 233,حوض مطبخ ستانلس ستيل,b254c840-e3dc-aa50-45cc-22c1a82f1d9d,545.000,800.000,t,,310003986
ALVM50013,سيفون حوض الوجه اسود,سانيتاري ويرز,07,سيفون حوض الوجه,2e234c5a-ae37-77f1-3c02-d40e664e7d50,86.000,150.000,t,,210003309
MA20920,خلاط حوض المطبخ مولة كروم,بن أمور,B.AMOR011,خلاط حوض المطبخ سحاب,f3749abe-ab61-138e-bb47-655f16ecc625,365.000,550.000,t,,310004381
PE30188,فوم 600 غرام,أويستار,FS-012,المواد اللاصقة و العازلة,4db58ef5-0e02-ae07-fc14-5629c40b7689,14.750,20.000,t,,210003682
ML30223,مرايا حمام مع إضاءة لد اطار اسود,سانيتاري ويرز,3070A,مراية مضيئة,9a9f39af-a0d0-6a64-969d-7baa03e28c4f,120.000,200.000,t,,210004630
PE30443,غيار موس فرش 0.5 مم,فندر,,موس فرش والمقص,f330aa66-9a8a-90ee-d535-6c68ff14b0de,4.250,8.000,t,,210004970
AM40452,مراية دولاب حمام 100 سم,أوركا,NEW ROSE,مراية دولاب,fd059421-15b9-e743-662a-d6c4e83bb171,700.000,1000.000,t,,210003215
PA30058,متر 7.5م,ABC,,أدوات القياس والتتبع,4db58ef5-0e02-ae07-fc14-5629c40b7689,18.500,15.000,t,,210004384
CD40235,مسطرة دوش مع خلاط ذهبي,ا بي ام انترناشونال,2003,مسطرة دوش,dc6e5eb0-a2c4-7fc8-161c-528f389f29cc,465.000,650.000,t,,210004642
ML30802,مرايا حمام مع إضاءة لد 90*70 سم,سانيتاري ويرز,9932,مراية مضيئة,f68c4a72-8eb2-7563-07ad-b344ff9fe960,125.000,200.000,t,,310004222
ARSB80791,وجه خلاط شطاف مدفون كروم,غروهي,KM-6-5,ملحقات خلاط,f68c4a72-8eb2-7563-07ad-b344ff9fe960,155.000,300.000,t,,310003829
ARSB80483,مصب دوش بتحويلة كروم,فينوس,RACHEL D1ES,مصب دوش,0dafba13-51f2-fc5a-eab7-f16d55bcce40,95.060,180.000,t,,210004865
WS10170,مقعد معلق رايملس أبيض,تركواز سيراستايل,AQUA NEW DESIGN,مقعد معلق,3ef761c8-d645-a9c8-47dc-960089e79b35,873.000,820.000,t,,210002874
ME10027,خلاط حوض المطبخ شجرة كروم,نيوأرك,MASTER 187731,خلاط حوض المطبخ شجرة,e47ac07e-2763-bc83-6cf2-c39bb577a1f9,150.000,250.000,t,,310002760
PE30202,"سكينة تغليف يد خشب 5"" 300 مم",اي بي سي,AC18799,أدوات,4db58ef5-0e02-ae07-fc14-5629c40b7689,6.700,15.000,t,,210003696
ASCA60294,ستريتشة 2.50 متر,الشركة العالمية للتصدير و الإستيراد,,ستريتشة,193a3d2d-d39f-6712-72cb-c5f247087645,30.000,75.000,t,,210003791
PA30522,ترودي 2.5 * 350 مم (1ممØ),الشركة العالمية للتصدير و الإستيراد,MAGMAWELD 2.5x350,لحام,4db58ef5-0e02-ae07-fc14-5629c40b7689,37.500,60.000,t,,210004038
PE30115,"منشار خشب 18"" 450 مم",بيسو,,صندوق الأدوات,4db58ef5-0e02-ae07-fc14-5629c40b7689,7.500,13.000,t,,210003581
ML30536,مرايا حمام دائرية مع إضاءة لد 80*80 سم,سانيتاري ويرز,114120,مراية مضيئة,b254c840-e3dc-aa50-45cc-22c1a82f1d9d,88.000,160.000,t,,310003608
EG30859,حوض مطبخ جرانيت رصاصي 80*45 زوجي,ب.أمور,Vienna,حوض مطبخ جرانيت,0b31d558-d145-3aaf-232e-dad3cc8669b6,545.000,820.000,t,,310004312
WS10431,مقعد معلق رايملس أبيض,ديولو,4847,مقعد معلق,b254c840-e3dc-aa50-45cc-22c1a82f1d9d,335.000,600.000,t,,310003500
AASB30756,مجفف يد أسود,سانيتاري ويرز,FL-2000 BLACK,اكسسوارات,0dafba13-51f2-fc5a-eab7-f16d55bcce40,182.000,275.000,t,,310004094
ARSB80386,كسكاس دوش دائري 300 مم ذهبي,سانيتاري ويرز,W103K,كسكاس دوش,0dafba13-51f2-fc5a-eab7-f16d55bcce40,48.000,10.000,t,,310002848
ARSB87799,شطاف ظغط دائري مع طوبو كروم,اي ار بي,050201,شطاف,dd2fc8ac-5717-c00a-07b0-627c341c4a46,79.000,160.000,t,,210004854
ALVM50015,سيفون حوض الوجه كروم,سانيتاري ويرز,LY401-CP,سيفون حوض الوجه,3371605a-058e-4bf1-07a5-d157c54ae58f,68.000,120.000,t,,310002616
ARSB80364,كسكاس دوش مربع مع قصبة 250*250 مم كروم,ليسو,JR031-26,كسكاس دوش,f68c4a72-8eb2-7563-07ad-b344ff9fe960,59.000,130.000,t,,210003873
ARSB80014,كسكاس دوش دائري 250 مم كروم,توريما,IH059CRSC,كسكاس دوش,3f8e1d44-c2e4-cecd-ff29-48dc418eba21,105.000,250.000,t,,210002597
ARSB81009,سماعة دوش مع طوبو كروم,مونتانا س.ل,MT-4102,سماعة دوش,51882a69-3ac9-cde2-37e3-64e2b7daae96,108.000,200.000,t,,310004480
PLSA0002,وردة كروم,سانيتاري ويرز,,وصلة,dc6e5eb0-a2c4-7fc8-161c-528f389f29cc,1.000,3.000,t,,210003111
BAI10294,حوض استحمام بانيو 180*80*60 سم,ساناكريل,A141,حوض استحمام,e47ac07e-2763-bc83-6cf2-c39bb577a1f9,2120.000,3000.000,t,,210003029
ML10094,خلاط حوض وجه  كروم,سانيتاري ويرز,ALELMARA 10358000,خلاط حوض وجه,2e234c5a-ae37-77f1-3c02-d40e664e7d50,77.000,140.000,t,,310002784
VS10514,حوض وجه معلق -50 سم,تركواز سيراستايل,FRAME,حوض وجه معلق,9a9f39af-a0d0-6a64-969d-7baa03e28c4f,252.200,520.000,t,,210005047
ARSB80019,مخرج شطاف كروم,توريما,0182711-T41,مخرج شطاف,3f8e1d44-c2e4-cecd-ff29-48dc418eba21,65.000,120.000,t,,310002684
EG40179,رف حوض وجه برسلين 80 سم,ليسو,C2080A,رف حوض وجه برسلين,9a9f39af-a0d0-6a64-969d-7baa03e28c4f,185.000,350.000,t,,210004575
EG40774,رف كواريون كوارتز 60سم,سانيتاري ويرز,S60-4,رف حوض وجه برسلين,f68c4a72-8eb2-7563-07ad-b344ff9fe960,250.000,400.000,t,,310004115
WS10171,مقعد معلق رايملس أبيض,تركواز سيراستايل,CITY,مقعد معلق,3ef761c8-d645-a9c8-47dc-960089e79b35,700.000,830.000,t,,210002875
PS20004,علاقة مناشف زوجية ذهبي,سانيتاري ويرز,,علاقة مناشف,ac78bb51-d153-70a3-ad89-bdb50a8537eb,85.000,120.000,t,,210003263
ARSB80999,كسكاس دوش دائري بالقصبة 11*15 سم كروم,ستورم,MC04,كسكاس دوش,5ab52856-ad90-444c-7e94-fd714235d708,12.500,35.000,t,,210003498
PA30235,تسيلي حديد 8 مم,الشركة العالمية للتصدير و الإستيراد,,شد برغي,4db58ef5-0e02-ae07-fc14-5629c40b7689,0.950,3.000,t,,210003728
AM0358,دولاب حمام 80 سم أبيض,سانيتاري ويرز,8112,دولاب حمام,9a9f39af-a0d0-6a64-969d-7baa03e28c4f,230.000,500.000,t,,210004802
ARSB80104,مصب دوش بدون تحويلة كروم,دانيال,K4704CR,مصب دوش,dd2fc8ac-5717-c00a-07b0-627c341c4a46,185.000,270.000,t,,210002809
RA20482,مواسير 25'' لفة ضغط 16 100متر,فرات,بي بي ر - PPR,مواسير - طوبو,f330aa66-9a8a-90ee-d535-6c68ff14b0de,305.000,400.000,t,,210005013
PE30531,بونتة حديد رقم 10,سانيتاري واير,,مثقاب كهربائي,f330aa66-9a8a-90ee-d535-6c68ff14b0de,10.500,17.000,t,,210005065
AASB30049,موزع صابون سائل كروم,ليسو,JR031-20,اكسسوارات,f68c4a72-8eb2-7563-07ad-b344ff9fe960,55.000,90.000,t,,310002915
AASB30065,رف زاوية كروم,سانيتاري ويرز,,اكسسوارات,ac78bb51-d153-70a3-ad89-bdb50a8537eb,30.000,60.000,t,,210003526
PA30617,قفل درج 32 مم,الشركة العالمية للتصدير و الإستيراد,,قفل باب,4db58ef5-0e02-ae07-fc14-5629c40b7689,3.750,10.000,t,,210004135
ARSB80109,شطاف ظغط مربع مع طوبو ذهبي,توريما,1372-010-KITSHUTOF,شطاف,3f8e1d44-c2e4-cecd-ff29-48dc418eba21,230.000,280.000,t,,210002705
EL50400,لصقة 0.13 مم * 50 مم * 25 متر,الشركة العالمية للتصدير و الإستيراد,SCAPA 2702,ملحقات الكهرباء,4db58ef5-0e02-ae07-fc14-5629c40b7689,13.750,20.000,t,,210003911
ARSB80067,كسكاس دوش مربع 250*250 مم كروم,فينوس,SSHO10,كسكاس دوش,0dafba13-51f2-fc5a-eab7-f16d55bcce40,135.000,200.000,t,,210002797
MA20263,خلاط حوض المطبخ سحاب كروم,ليمكس,LY2711-CP,خلاط حوض المطبخ سحاب,f592fa51-d431-40c9-f38d-39cdf4092eb2,265.000,350.000,t,,210003758
ATWC50761,زر بتريا كروم,غروهي,SG-45,ملحقات مقاعد,51882a69-3ac9-cde2-37e3-64e2b7daae96,90.000,200.000,t,,310004161
PA30089,فيتي نجمة سداسية 4 * 30مم 600 قطعة,باركسايد,,برغي,081276dc-6952-a613-dc62-614b51522ad0,5.000,12.000,t,,210004250
PD20049,حاجز دوش 90 * 190 سم 8مم أسود,تركي,SDB-03,حاجز دوش,e47ac07e-2763-bc83-6cf2-c39bb577a1f9,703.148,1110.000,t,,310003075
WA41050,غطاء مقعد معلق تورنيدو أبيض,ب.أمور,6103/102E,غطاء مقعد,77d76dcb-7fe6-a4b4-4998-83b869291b06,51.000,120.000,t,,310004521
MTE60026,خلاط شطاف مدفون كروم,رايمر,EY30G,خلاط شطاف مدفون,5bd59cc2-f915-90b2-5eb0-3ec705744a94,195.000,350.000,t,,210002756
SA10314,طقم اكسسوار كروم,ليسو,2673,طقم اكسسوارات,f68c4a72-8eb2-7563-07ad-b344ff9fe960,200.000,300.000,t,,210003811
PA30178,سكارة باب PVC خشبي,والي,,قفل باب,4db58ef5-0e02-ae07-fc14-5629c40b7689,3.000,6.000,t,,210004479
PA30245,طراحة حديد 50 سم,الشركة العالمية للتصدير و الإستيراد,,بالة,4db58ef5-0e02-ae07-fc14-5629c40b7689,15.500,25.000,t,,210003738
AASB30706,سلة قمامة كروم,wilko,,اكسسوارات,1e40627e-ea09-d325-6c11-fb6c068c423e,35.000,52.500,t,,310003814
PE30220,"سكينة تغليف  1.5"" 3.8 سم",فندر,,أدوات,4db58ef5-0e02-ae07-fc14-5629c40b7689,3.250,5.000,t,,210003713
AECU50431,سيفون حوض المطبخ,pgs,,ملحقات أحواض المطابخ,9a9f39af-a0d0-6a64-969d-7baa03e28c4f,35.000,70.000,t,,210004940
AASB30014,رف زاوية زوجي كروم,بن أمور,مجموعة بن عمر,اكسسوارات,ac78bb51-d153-70a3-ad89-bdb50a8537eb,55.000,120.000,t,,210003419
ML11008,خلاط حوض وجه طويل كروم,فيغاروو,EM-02,خلاط حوض وجه,51882a69-3ac9-cde2-37e3-64e2b7daae96,127.000,220.000,t,,310004479
AM40361,مراية دولاب حمام -80 سم,سانيتاري ويرز,8110,مراية دولاب,9a9f39af-a0d0-6a64-969d-7baa03e28c4f,175.000,250.000,t,,210004805
ARSB80086,شطاف ظغط دائري مع طوبو أسود,توريما,,شطاف,3f8e1d44-c2e4-cecd-ff29-48dc418eba21,150.000,250.000,t,,210002682
LG40389,حوض وجه برسلين مع رف 60 سم,رويال,YB036_4,حوض وجه برسلين,60d7d8a2-1083-abe4-d894-b1c7f3235d40,460.000,750.000,t,,210003146
PA30569,دادو بالخبور 12مم,الشركة العالمية للتصدير و الإستيراد,,برغي,4db58ef5-0e02-ae07-fc14-5629c40b7689,0.387,1.000,t,,210004086
VP20215,حوض وجه فوق الرخام أبيض -50سم,ب.أمور,8278,حوض فوق الرخام,56855bde-1190-92a2-afb0-419a9650977f,130.000,200.000,t,,210002928
PLSA0237,وردة كروم1/2,سانيتاري ويرز,SASSI,وصلة,dd2fc8ac-5717-c00a-07b0-627c341c4a46,4.750,4.500,t,,310003345
ARSB80804,شطاف ضغط دائري مع طوبو ذهبي,فوكس,VX-03G,شطاف,0dafba13-51f2-fc5a-eab7-f16d55bcce40,63.000,100.000,t,,310003425
AM0148,حوض وجه مع دولاب حمام مع خزانة مع مراية -100 سم,سانيتاري ويرز,STAR 100,دولاب حمام,e47ac07e-2763-bc83-6cf2-c39bb577a1f9,2325.000,2450.000,t,,310003224
ARSB80195,كسكاس دوش دائري 250 مم مع قصبة كروم,توريما,1372-BRACSOFF-002,كسكاس دوش,f68c4a72-8eb2-7563-07ad-b344ff9fe960,240.000,360.000,t,,210004554
ML30603,مرايا حمام مع إضاءة لد مع اطار ذهبي 90*70 سم,بن أمور,SH-096-90/70,مراية مضيئة,56855bde-1190-92a2-afb0-419a9650977f,125.000,200.000,t,,310003710
PLSA0363,وردة كروم,سانيتاري ويرز,,وصلة,dc6e5eb0-a2c4-7fc8-161c-528f389f29cc,0.650,3.000,t,,210003109
ML11094,خلاط حوض وجه كلاسيكي كروم,MSLiNO,LY2428-CP,خلاط حوض وجه,41cf3726-7c18-801f-29b4-95bfba464df9,160.000,250.000,t,,310004597
PS20516,علاقة ملابس ثلاثية,ليسو,JR031-61,علاقة مناشف,9a9f39af-a0d0-6a64-969d-7baa03e28c4f,35.000,120.000,t,,210005049
ARSB80506,مخرج شطاف كروم,ليسو,8-133,مخرج شطاف,9a9f39af-a0d0-6a64-969d-7baa03e28c4f,33.000,90.000,t,,210005037
PS20142,علاقة مناشف أسود,سانيتاري ويرز,MILET 37006-K,علاقة مناشف,ff3ad10c-136f-2eb9-510b-510058532e8d,65.000,120.000,t,,310002991
RA20275,"فلفلة مولة 3/4"" سن داخلي",الشركة العالمية للتصدير و الإستيراد,,مثلث,f330aa66-9a8a-90ee-d535-6c68ff14b0de,20.500,35.000,t,,210004696
AB10842,خزانة حمام أبيض,سانيتاري ويرز,9614,خزانة حمام,f68c4a72-8eb2-7563-07ad-b344ff9fe960,270.000,430.000,t,,310003963
AM0846,دولاب حمام بالملحق مع مرايا لد -80 سم,سانيتاري ويرز,9623,دولاب حمام,f68c4a72-8eb2-7563-07ad-b344ff9fe960,105.000,1600.000,t,,310003967
AM40700,مراية دولاب حمام 60 سم,بن أمور,208-60-C,مراية دولاب,ac78bb51-d153-70a3-ad89-bdb50a8537eb,180.000,320.000,t,,310003808
ARSB80755,مصب دوش بدون تحويلة أسود,فيدار,FD12002-B,مصب دوش,509e8e91-b47c-f17c-5f3a-a8dfebf81f76,57.000,90.000,t,,310003867
PE30473,ورق سنفرة 7بوصة 8فتحات,الشركة العالمية للتصدير و الإستيراد,P 220,ماكينة صنفرة,4db58ef5-0e02-ae07-fc14-5629c40b7689,0.850,3.000,t,,210004405
RA30058,"وصلة 4""",الرطيل,جي أم GM,وصلة,1054307a-87a0-d4d2-fe16-bd905fe6a04b,7.500,14.000,t,,210003501
PA30740,لقمة جيدور كروم رقم 17,الشركة العالمية للتصدير و الإستيراد,,مجموعة مفاتيح عدة,f330aa66-9a8a-90ee-d535-6c68ff14b0de,3.500,15.000,t,,210004510
MDE50029,خلاط دوش مدفون كروم,رايمر,EY09,خلاط دوش مدفون,5bd59cc2-f915-90b2-5eb0-3ec705744a94,300.000,450.000,t,,210002759
CC10410,صليبة بيضاء 3ملي,الشركة العالمية للتصدير و الإستيراد,,كولة بلاط أرضيات,f330aa66-9a8a-90ee-d535-6c68ff14b0de,7.500,10.000,t,,210004913
PA30055,رزة باب حديد رقم12,الشركة العالمية للتصدير و الإستيراد,,ملحقات معدات الباب,4db58ef5-0e02-ae07-fc14-5629c40b7689,3.500,10.000,t,,210004380
ATWC50347,زر بتريا كروم,الشركة التونسية للمواد الصحية,YC8010-2,ملحقات مقاعد,f68c4a72-8eb2-7563-07ad-b344ff9fe960,125.000,175.000,t,,210003853
ARSB80406,مصب دوش بدون تحويلة متحرك ذهبي,ليمكس,LY-2728,مصب دوش,2b5a299a-8a4f-4338-ee3a-05d76bf1fa29,220.000,330.000,t,,310003452
AB10104,خزانة حمام أبيض,سانيتاري ويرز,2135,خزانة حمام,f68c4a72-8eb2-7563-07ad-b344ff9fe960,250.000,500.000,t,,210004265
ARSB80402,"مسكر شطافة ""1/2"" * ""1/2 كروم",سانيتاري ويرز,FARSKI,مخرج شطاف,4db58ef5-0e02-ae07-fc14-5629c40b7689,4.750,7.125,t,,310003301
PD20440,حاجز دوش 10 مم اطار كروم 90 سم,ليسو,ZW001,حاجز دوش,f68c4a72-8eb2-7563-07ad-b344ff9fe960,495.000,700.000,t,,210003201
PA30415,فيتي 3.5 * 30 (1كيلوا),الشركة العالمية للتصدير و الإستيراد,,برغي,f330aa66-9a8a-90ee-d535-6c68ff14b0de,12.500,20.000,t,,210004918
RA30388,ديسكو خشب 7'' 180 مم,الشركة العالمية للتصدير و الإستيراد,BELOTA BE111530,ديسكو منشار دائري,4db58ef5-0e02-ae07-fc14-5629c40b7689,8.500,20.000,t,,210003899
PE30527,بونتة حديد رقم 4,سانيتاري واير,,مثقاب كهربائي,f330aa66-9a8a-90ee-d535-6c68ff14b0de,3.750,7.000,t,,210005061
EG30858,حوض مطبخ جرانيت أسود 80*45 زوجي,ب.أمور,Vienna,حوض مطبخ جرانيت,0b31d558-d145-3aaf-232e-dad3cc8669b6,545.000,820.000,t,,310004311
VS10155,حوض وجه معلق -65 سم,تركواز سيراستايل,ARTE,حوض وجه معلق,3ef761c8-d645-a9c8-47dc-960089e79b35,206.000,325.000,t,,310003231
PE30200,"سكينة تغليف 5""",اي بي سي,AC70028,أدوات,4db58ef5-0e02-ae07-fc14-5629c40b7689,3.450,8.000,t,,210003694
PD20125,حاجز دوش 8 مم  مضبب90  سم,ليسو,WIC-90D,حاجز دوش,f68c4a72-8eb2-7563-07ad-b344ff9fe960,370.000,650.000,t,,210004286
ACOL30578,ريتي لياسة 25 سم * 20 متر,أسترا,,ملحقات غراء البلاط و الأرضيات,f9f6d83d-5b9d-2d22-c42a-21b487031fad,26.500,40.000,t,,210004095
MDE50008,خلاط دوش مدفون كروم,فيوري,,خلاط دوش مدفون,5bd59cc2-f915-90b2-5eb0-3ec705744a94,320.000,480.000,t,,210003295
ATWC50098,صندوق بتارية مقعد أرضي,اديال سانيتار,سفير,ملحقات مقاعد,e47ac07e-2763-bc83-6cf2-c39bb577a1f9,135.800,200.000,t,,310003170
PA30123,قفل سرانتي يمين + يسار,أف أف,F839516,قفل باب,4db58ef5-0e02-ae07-fc14-5629c40b7689,95.000,150.000,t,,210003616
RA20007,"كوع 32"" لحام",فرات,بي بي ر - PPR,كوع - كوربة,1054307a-87a0-d4d2-fe16-bd905fe6a04b,1.321,5.000,t,,210003276
MC10090,مجرى 45سم *7 سم كروم,بيورا,DL-GW-45,مجرى,f9f6d83d-5b9d-2d22-c42a-21b487031fad,292.500,350.000,t,,310003123
PA30329,منشار شجر,بيسو,,أداة القص - منشار,4db58ef5-0e02-ae07-fc14-5629c40b7689,5.500,15.000,t,,210003828
MA20010,خلاط حوض المطبخ سحاب كروم,توريما,BOCCA 1782111-T90,خلاط حوض المطبخ سحاب,3f8e1d44-c2e4-cecd-ff29-48dc418eba21,695.000,1000.000,t,,310002668
ACOL30581,ريتي لياسة حديد 25 سم,الشركة العالمية للتصدير و الإستيراد,,ملحقات غراء البلاط و الأرضيات,f9f6d83d-5b9d-2d22-c42a-21b487031fad,2.900,10.000,t,,210004098
ML30114,مرايا حمام مع إضاءة لد 80*60 سم,سانيتاري ويرز,9212,مراية مضيئة,f68c4a72-8eb2-7563-07ad-b344ff9fe960,100.000,250.000,t,,210004275
PLSA0232,"مُطوِّل ""1/2 * 30 كروم",سانيتاري ويرز,,وصلة,4db58ef5-0e02-ae07-fc14-5629c40b7689,5.000,9.000,t,,210002949
MI10050,مراية تجميل مكبرة,سانيتاري ويرز,1207-8,مراية,0dafba13-51f2-fc5a-eab7-f16d55bcce40,275.000,380.000,t,,210003491
PD20126,حاجز دوش 8 مم  مربعات80  سم,ليسو,WIC-80C,حاجز دوش,f68c4a72-8eb2-7563-07ad-b344ff9fe960,395.000,600.000,t,,210004287
MD20011,خلاط دوش كروم,شيزا,TULIP,خلاط دوش,3f8e1d44-c2e4-cecd-ff29-48dc418eba21,195.000,290.000,t,,210002650
ML30790,مرايا حمام ضد البخار مع إضاءة لد 60*80 سم,سانيتاري ويرز,4007,مراية مضيئة,f68c4a72-8eb2-7563-07ad-b344ff9fe960,105.000,170.000,t,,310003901
MT30164,خلاط شطاف مع شطاف أسود,سانيتاري ويرز,2308076,خلاط شطاف,f68c4a72-8eb2-7563-07ad-b344ff9fe960,70.000,140.000,t,,310003013
MT30014,خلاط شطاف مع شطاف ذهبي,سانيتاري ويرز,Z-9000N ZG-12,خلاط شطاف,f68c4a72-8eb2-7563-07ad-b344ff9fe960,85.000,150.000,t,,310002796
SA10426,طقم اكسسوار أسود,ديولو,125-25-46,طقم اكسسوارات,b254c840-e3dc-aa50-45cc-22c1a82f1d9d,160.000,260.000,t,,310003493
SA10186,طقم اكسسوار كروم,شيزا,49149,طقم اكسسوارات,3f8e1d44-c2e4-cecd-ff29-48dc418eba21,375.000,560.000,f,,310003045
PA30370,فرطاسة,الشركة العالمية للتصدير و الإستيراد,,مجرفة مغلفة,4db58ef5-0e02-ae07-fc14-5629c40b7689,3.500,10.000,t,,210003881
ADOU50043,سيفون حوض قدم,,,ملحقات دوش,2e234c5a-ae37-77f1-3c02-d40e664e7d50,15.000,35.000,t,,210003348
MTE60049,خلاط شطاف مدفون كروم,توريما,BLOG 8G00011-093,خلاط شطاف مدفون,3f8e1d44-c2e4-cecd-ff29-48dc418eba21,135.000,250.000,t,,210002779
VS10046,حوض وجه معلق زاوية أبيض 50 سم,كورنات,NEW DAY,حوض وجه معلق,081276dc-6952-a613-dc62-614b51522ad0,95.000,190.000,t,,210003351
MTE60147,خلاط شطاف مدفون ذهبي,توريما,EDGE 8E00033-090,خلاط شطاف مدفون,3f8e1d44-c2e4-cecd-ff29-48dc418eba21,485.000,700.000,t,,210002851
MDE50026,خلاط دوش مدفون كروم,فرامو,DE207CR,خلاط دوش مدفون,f9f6d83d-5b9d-2d22-c42a-21b487031fad,320.000,450.000,t,,310002702
WS10590,مقعد معلق رايملس رصاصي,ب.أمور,SH-006MG,مقعد معلق,56855bde-1190-92a2-afb0-419a9650977f,570.000,900.000,t,,310003697
AASB30013,حامل منضفات كروم,بضائع أوروبية,ALUXX,اكسسوارات,081276dc-6952-a613-dc62-614b51522ad0,23.000,55.000,t,,210003418
MA20124,خلاط حوض المطبخ سحاب أسود,بريمكس,5152H,خلاط حوض المطبخ سحاب,0dafba13-51f2-fc5a-eab7-f16d55bcce40,213.000,400.000,t,,210002720
RA30071,قفل كورة,والي,,قفل باب,4db58ef5-0e02-ae07-fc14-5629c40b7689,325.000,390.000,t,,210003524
AM0967,دولاب حمام -60 سم,بن أمور,003-60,دولاب حمام,3b74be9f-643f-cd77-2128-39d8b10170c9,310.000,600.000,t,,310004437
ARSB80771,مخرج شطاف مع علاق ذهبي,سانيتاري ويرز,P-12,مخرج شطاف,a120d008-0652-2c9d-a55f-a05b792df37c,40.000,100.000,t,,310003392
VS10321,حوض وجه معلق -130 سم,تركواز سيراستايل,CITY,حوض وجه معلق,3ef761c8-d645-a9c8-47dc-960089e79b35,320.000,600.000,t,,210004752
AM0073,حوض وجه مع دولاب حمام -80 سم,سانيتاري ويرز,2151,دولاب حمام,f68c4a72-8eb2-7563-07ad-b344ff9fe960,600.000,1000.000,t,,210004415
PS20765,علاقة ملابس ثلاثية دوران بدون قصبة,سانيتاري ويرز,,علاقة مناشف,7ea09f3f-5446-26a3-c653-90a14ccabc04,78.000,180.000,t,,310003386
RA30032,"وصلة 1""",الرطيل,جي أم GM,وصلة,1054307a-87a0-d4d2-fe16-bd905fe6a04b,1.300,5.000,t,,210003442
AASB30870,رف زاوية زوجي كروم,ليمكس,LY 2329 CP,اكسسوارات,f592fa51-d431-40c9-f38d-39cdf4092eb2,135.000,200.000,t,,310003991
PD20123,حاجز دوش 8 مم  مضبب120  سم,ليسو,WIC-120D,حاجز دوش,f68c4a72-8eb2-7563-07ad-b344ff9fe960,495.000,750.000,t,,210004284
ARSB80342,مصب دوش مع تحويلة طويل كروم,شيزا,48449,مصب دوش,3f8e1d44-c2e4-cecd-ff29-48dc418eba21,105.000,170.000,t,,310002860
PS20133,علاقة مناشف كروم,KBM,3104,علاقة مناشف,e47ac07e-2763-bc83-6cf2-c39bb577a1f9,55.000,110.000,t,,310002982
ML30089,مرايا حمام مع إضاءة لد 50*70 سم,سانيتاري ويرز,GAK5,مراية مضيئة,f68c4a72-8eb2-7563-07ad-b344ff9fe960,65.000,140.000,t,,210004431
PA30528,مقص 250 مم,بيسو,B1005,كماشة القطع,4db58ef5-0e02-ae07-fc14-5629c40b7689,18.500,25.000,t,,210004044
ARSB80481,قصبة دوش 40 سم سقفية كروم,سانيتاري ويرز,,قصبة دوش,95d22529-eb35-a000-949b-cc311fec737c,48.000,90.000,t,,210004994
PE30017,زمالطو ضد الصدأ 3 كغ  رصاصي,دهانات المدينة مصراتة,,الحديد,f330aa66-9a8a-90ee-d535-6c68ff14b0de,39.900,45.000,t,,210003313
MC10648,مجرى 60 سم *8 سم كروم,بن أمور,مجموعة بن عمر,مجرى,ac78bb51-d153-70a3-ad89-bdb50a8537eb,100.000,180.000,t,,310003756
MD20014,خلاط دوش كروم,توريما,8E16011-090,خلاط دوش,f68c4a72-8eb2-7563-07ad-b344ff9fe960,335.000,450.000,t,,310002659
PE30383,طلاء عاز ل مطاطي اكسترا 3 كغ,الواحة,العازل اكسترا,الجدران والسقف,193a3d2d-d39f-6712-72cb-c5f247087645,35.000,50.000,t,,210004179
MT31007,خلاط شطاف مع شطاف كروم,فيغاروو,EM-003B,خلاط شطاف,51882a69-3ac9-cde2-37e3-64e2b7daae96,123.000,220.000,t,,310004478
AB10804,خزانة حمام أبيض,سانيتاري ويرز,8107,خزانة حمام,f68c4a72-8eb2-7563-07ad-b344ff9fe960,255.000,380.000,t,,310003915
MC10072,سرفنتينة 20*20*28 سم مثلث كروم,تركي,ELH2028,مجرى,51882a69-3ac9-cde2-37e3-64e2b7daae96,52.000,100.000,t,,310003102
PS20819,علاقة مناشف زوجية كروم,توريما,1372-ACCESS-005,علاقة مناشف,3f8e1d44-c2e4-cecd-ff29-48dc418eba21,175.000,310.000,t,,310003937
RA20554,"مخفض قومه 1.5""",سانيتاري ويرز,,مخفض,46b65556-274a-45aa-9c85-4e9803db664f,2.100,7.000,t,,310003626
WP20803,مقعد أرضي أبيض,نيوأرك,NEWARC 2321-2331,مقعد أرضي,e47ac07e-2763-bc83-6cf2-c39bb577a1f9,265.000,750.000,t,,310003424
ME10014,خلاط حوض المطبخ شجرة كروم,توريما,TAG 8L52711-040,خلاط حوض المطبخ شجرة,3f8e1d44-c2e4-cecd-ff29-48dc418eba21,150.625,300.000,t,,310002666
P30499,مضخة 2.5,داب,K36/100,مضخة,803eabee-b81f-7acb-eb64-b2cae128a7cb,1560.000,1720.000,t,,310003570
AASB30023,رف زاوية زوجي كروم,سانيتاري ويرز,,اكسسوارات,f68c4a72-8eb2-7563-07ad-b344ff9fe960,85.000,140.000,t,,210003432
VS10952,حوض وجه معلق -80 سم,سانيتاري واير,330-80,حوض وجه معلق,3b74be9f-643f-cd77-2128-39d8b10170c9,220.000,450.000,t,,310004422
AM40269,مراية حمام بالدولاب أبيض عتيق  -80 سم,أرسين,,مراية دولاب,e47ac07e-2763-bc83-6cf2-c39bb577a1f9,175.000,250.000,t,,210002996
PA30490,ماكينة برشام,فندر,250,دباسة,4db58ef5-0e02-ae07-fc14-5629c40b7689,15.500,30.000,t,,210004006
MA20623,خلاط حوض المطبخ سحاب أسود-كروم,بن أمور,SUS304 PULL-OUT,خلاط حوض المطبخ سحاب,ac78bb51-d153-70a3-ad89-bdb50a8537eb,175.000,300.000,t,,310003731
ML30983,مرايا حمام مع إضاءة لد-عرض60*90 سم,سانيتاري ويرز,C-2,مراية مضيئة,b254c840-e3dc-aa50-45cc-22c1a82f1d9d,115.000,250.000,t,,310004453
ML30209,مرايا حمام مع إضاءة لد 100*70 سم,سانيتاري ويرز,684,مراية مضيئة,9a9f39af-a0d0-6a64-969d-7baa03e28c4f,125.000,200.000,t,,210004613
ML30228,مرايا حمام مع إضاءة لد 100*80 سم,سانيتاري ويرز,3061,مراية مضيئة,f68c4a72-8eb2-7563-07ad-b344ff9fe960,145.000,260.000,t,,210004635
PS21107,علاقة مناشف زوجية كروم متحركة,ليمكس,2690,علاقة مناشف,f592fa51-d431-40c9-f38d-39cdf4092eb2,62.500,155.000,t,,310004610
ASCA60278,ستريتشة 2.44 متر,الشركة العالمية للتصدير و الإستيراد,,ستريتشة,193a3d2d-d39f-6712-72cb-c5f247087645,30.000,75.000,t,,210003775
ARSB80169,سماعة دوش مع طوبو ذهبي,سانيتاري ويرز,MAF ELSEAH,سماعة دوش,2e234c5a-ae37-77f1-3c02-d40e664e7d50,63.000,110.000,f,,310002824
PLSA0228,وردة ذهبي 1/2,MYVEN,ITALY,وصلة,7ea09f3f-5446-26a3-c653-90a14ccabc04,0.800,1.200,t,,310003342
ARSB80211,شطاف ظغط مع طوبو مع مخرج كروم,PAINI,51CR133IG,شطاف,95a6cd40-9663-6e5a-2d2b-82c8a97852fc,207.000,340.000,t,,310003322
AB10742,خزانة حمام أبيض,سانيتاري ويرز,038,خزانة حمام,b254c840-e3dc-aa50-45cc-22c1a82f1d9d,200.000,300.000,t,,310004079
EG40395,رف حوض وجه برسلين 80 سم,رويال,2612,رف حوض وجه برسلين,f68c4a72-8eb2-7563-07ad-b344ff9fe960,60.000,150.000,t,,210003152
AASB30427,رف زاوية زوجي ذهبي,ليسو,wl-6,اكسسوارات,9a9f39af-a0d0-6a64-969d-7baa03e28c4f,115.000,180.000,t,,210004932
PLSA0286,وردة أسود,سانيتاري ويرز,,وصلة,f68c4a72-8eb2-7563-07ad-b344ff9fe960,2.000,5.000,t,,210003783
LG40734,حوض مع رف كواريون كوارتز 100سم مع مراية,سانيتاري ويرز,S-100-4,حوض وجه برسلين,b254c840-e3dc-aa50-45cc-22c1a82f1d9d,860.000,1600.000,t,,310004070
PS20123,علاقة ملابس ثلاثية كروم,KBM,4033,علاقة مناشف,e47ac07e-2763-bc83-6cf2-c39bb577a1f9,57.500,100.000,t,,310002972
MA20123,خلاط حوض المطبخ سحاب مع حساس اوتوماتيكي أسود,سانيتاري ويرز,CP969-33B-1P-SS-DE,خلاط حوض المطبخ سحاب,081276dc-6952-a613-dc62-614b51522ad0,163.000,350.000,t,,210002719
PS20134,علاقة مناشف متحركة كروم,ونكو,MEZZANO,علاقة مناشف,081276dc-6952-a613-dc62-614b51522ad0,40.000,80.000,t,,310002983
CE10498,سخانة 50 لتر,IT SIMAT,,سخانة,5bd59cc2-f915-90b2-5eb0-3ec705744a94,557.000,640.000,t,,310003569
PA30328,موس منشار جبس,فندر,SDY-97744,منشار يدوي,4db58ef5-0e02-ae07-fc14-5629c40b7689,14.500,25.000,t,,210003827
CD40036,مسطرة دوش زوجية كروم,فينوس,TOP3301,مسطرة دوش,0dafba13-51f2-fc5a-eab7-f16d55bcce40,225.000,350.000,t,,210004350
LG40294,حوض رخامي كوارتز 80سم,سانيتاري واير,2610,حوض وجه برسلين,2e234c5a-ae37-77f1-3c02-d40e664e7d50,500.000,700.000,t,,210004717
ASCA60273,ستريتشة 2.50 متر,الشركة العالمية للتصدير و الإستيراد,,ستريتشة,193a3d2d-d39f-6712-72cb-c5f247087645,30.000,75.000,t,,210003770
ALVM50288,رأس سيفوني كروم,اي ار بي,,رأس سيفوني,dd2fc8ac-5717-c00a-07b0-627c341c4a46,95.000,120.000,t,,210004603
ARSB80464,كسكاس دوش مربع 300*300 مم كروم,ديولو,,كسكاس دوش,b254c840-e3dc-aa50-45cc-22c1a82f1d9d,48.000,110.000,t,,310003533
ARSB80164,سماعة دوش مع طوبو كروم,سانيتاري واير,BOSINI SH-01,سماعة دوش,f68c4a72-8eb2-7563-07ad-b344ff9fe960,25.000,50.000,t,,310002819
PE30197,"سكينة تغليف 4""",اي بي سي,AC70027,أدوات,4db58ef5-0e02-ae07-fc14-5629c40b7689,3.500,7.000,t,,210003691
PE30542,كولة 500 مل,الشركة العالمية للتصدير و الإستيراد,GM900,المواد اللاصقة و العازلة,f330aa66-9a8a-90ee-d535-6c68ff14b0de,52.500,60.000,t,,210005076
AASB30343,فرشاة مرحاض كروم,ليسو,BS-51,اكسسوارات,f68c4a72-8eb2-7563-07ad-b344ff9fe960,78.000,150.000,t,,210003845
PE30177,مزيل صدأ 450 مل,الشركة العالمية للتصدير و الإستيراد,OYSTER FL007,المزيلات و المذيباتت,4db58ef5-0e02-ae07-fc14-5629c40b7689,8.500,13.000,t,,210003671
AB10220,خزانة حمام,سانيتاري واير,,خزانة حمام,9a9f39af-a0d0-6a64-969d-7baa03e28c4f,370.000,450.000,t,,210004627
EL50230,ڨويدة 20 متر,الشركة العالمية للتصدير و الإستيراد,,ملحقات الكهرباء,4db58ef5-0e02-ae07-fc14-5629c40b7689,24.750,35.000,t,,210003723
AASB30121,مجفف يد ذهبي,بريمكس,6901,اكسسوارات,0dafba13-51f2-fc5a-eab7-f16d55bcce40,118.000,180.000,t,,310003127
ARSB80135,مصب دوش مع تحويلة كروم,سانيتاري ويرز,,مصب دوش,0dafba13-51f2-fc5a-eab7-f16d55bcce40,42.000,80.000,t,,210002839
ART0035,سماعة دوش مع طوبو كروم,فينوس,1520,سماعة دوش,0dafba13-51f2-fc5a-eab7-f16d55bcce40,48.000,75.000,t,,210004346
ELC1112,"مثلث كهرباء تنائي مداخل 
",الشركة العالمية للتصدير و الإستيراد,,الأسلاك والكابلات,4db58ef5-0e02-ae07-fc14-5629c40b7689,4.500,10.000,t,,210004470
ARSB80393,قصبة دوش 28 سم كروم,فينوس,,قصبة دوش,0dafba13-51f2-fc5a-eab7-f16d55bcce40,29.000,70.000,t,,310002886
PE30477,شفاط ابيض,ABM,L6,مثقاب كهربائي,dc6e5eb0-a2c4-7fc8-161c-528f389f29cc,74.500,160.000,t,,210005005
RA20019,"وصلة 32* 1"" سن داخلي",فرات,بي بي ر - PPR,وصلة,1054307a-87a0-d4d2-fe16-bd905fe6a04b,13.538,25.000,t,,310002582
EG40446,رف حوض وجه برسلين 65 سم,رويال,4-03,رف حوض وجه برسلين,60d7d8a2-1083-abe4-d894-b1c7f3235d40,30.000,150.000,t,,210003207
MO10925,خلاط حوض المطبخ مولة تحلية كروم,ليسو,JR031-35,خلاط حوض المطبخ تحلية,f68c4a72-8eb2-7563-07ad-b344ff9fe960,265.000,430.000,t,,310004049
ARSB82067,سماعة دوش مع طوبو كروم,سانيتاري واير,,سماعة دوش,4db58ef5-0e02-ae07-fc14-5629c40b7689,20.500,45.000,t,,210004394
PA30121,رأس قفل باب خشب 6 سم,الشركة العالمية للتصدير و الإستيراد,,رأس قفل,4db58ef5-0e02-ae07-fc14-5629c40b7689,28.500,40.000,t,,210003614
AASB30201,أرضية دوش 54×54 سم,بضائع أوروبية,,اكسسوارات,081276dc-6952-a613-dc62-614b51522ad0,33.750,80.000,t,,310003307
PA30371,فرطاسة,الشركة العالمية للتصدير و الإستيراد,,مجرفة مغلفة,4db58ef5-0e02-ae07-fc14-5629c40b7689,16.750,30.000,t,,210003882
MDE50005,خلاط دوش مدفون مع مصب وقصبة وكسكاس برنزي,فرامو,PA211BRO,خلاط دوش مدفون,f9f6d83d-5b9d-2d22-c42a-21b487031fad,1975.000,2250.000,t,,310002607
ARSB80091,يد شطاف كروم,ميبت,GILBA,يد شطاف,0dafba13-51f2-fc5a-eab7-f16d55bcce40,18.000,25.000,t,,210002687
ARSB80052,كسكاس دوش مربع 250*250 مم مع قصبة أسود,موباكس,,كسكاس دوش,3f8e1d44-c2e4-cecd-ff29-48dc418eba21,125.000,210.000,f,,210002782
ARSB80059,كسكاس دوش مربع 250*250 مم كروم,فينوس,SSHS10,كسكاس دوش,3f8e1d44-c2e4-cecd-ff29-48dc418eba21,133.000,200.000,t,,210002789
PA30445,سلكون حراري,الشركة العالمية للتصدير و الإستيراد,,مسدس حراري,4db58ef5-0e02-ae07-fc14-5629c40b7689,0.298,1.000,t,,210003956
ML10019,خلاط حوض وجه كروم,ب س,4-14,خلاط حوض وجه,f68c4a72-8eb2-7563-07ad-b344ff9fe960,88.000,90.000,t,,210002602
EL50095,لامبة لد 15 وات,دي بي اس,E27,المصابيح الكهربائية,4db58ef5-0e02-ae07-fc14-5629c40b7689,4.250,8.000,t,,210004440
RA20371,مخفض قومه 2,سانيتاري ويرز,,مخفض,46b65556-274a-45aa-9c85-4e9803db664f,2.100,7.000,t,,210004816
ARSB80031,شطاف ظغط دائري طتش مع طوبو كروم,توريما,1372-013,شطاف,3f8e1d44-c2e4-cecd-ff29-48dc418eba21,135.000,170.000,t,,310002647
ME10004,خلاط حوض المطبخ شجرة كروم,فرامو,MA133CR,خلاط حوض المطبخ شجرة,3371605a-058e-4bf1-07a5-d157c54ae58f,235.000,285.000,t,,210002732
PA30411,عجلة باب سحاب  رقم 100,الشركة العالمية للتصدير و الإستيراد,,ملحقات معدات الباب,4db58ef5-0e02-ae07-fc14-5629c40b7689,24.500,35.000,t,,210003922
AM1019,دولاب حمام -80 سم,سانيتاري ويرز,PL80-1,دولاب حمام,b254c840-e3dc-aa50-45cc-22c1a82f1d9d,500.000,800.000,t,,310004490
MTE60563,خلاط شطاف مدفون كروم,توريما,NEW THEOS 92000011-093,خلاط شطاف مدفون,3f8e1d44-c2e4-cecd-ff29-48dc418eba21,195.000,400.000,t,,310003667
VS10125,حوض وجه معلق -55 سم,تركواز سيراستايل,PORTO,حوض وجه معلق,3ef761c8-d645-a9c8-47dc-960089e79b35,276.450,310.000,t,,310003201
ARSB80958,شطاف ضغط مربع مع طوبو ذهبي,سانيتاري ويرز,SALERNO,شطاف,dc6e5eb0-a2c4-7fc8-161c-528f389f29cc,37.000,100.000,t,,210004548
ATWC50450,غطاء خزان,اديال سانيتار,,ملحقات مقاعد,431ac3fd-806d-3b31-7433-0f5bf3af56c7,30.000,40.000,t,,310003519
PA30500,بونتة 18 * 450 مم,الشركة العالمية للتصدير و الإستيراد,,أدوات الثقب,4db58ef5-0e02-ae07-fc14-5629c40b7689,10.500,20.000,t,,210004016
AM0357,حوض وجه مع دولاب حمام مع خزانة مع مراية -80 سم,سانيتاري ويرز,8112,دولاب حمام,9a9f39af-a0d0-6a64-969d-7baa03e28c4f,985.000,1750.000,t,,210004801
RA20085,طوبو4''(1) متر,الرطيل,جي أم GM,مواسير - طوبو,4db58ef5-0e02-ae07-fc14-5629c40b7689,13.000,17.000,t,,210004323
ALVM50024,سيفون حوض الوجه كروم,سانيتاري ويرز,I.DOWAS LY4001-CP,سيفون حوض الوجه,3371605a-058e-4bf1-07a5-d157c54ae58f,81.500,120.000,t,,310002862
AETS20454,تفلون 19 مم * 15 متر * 0.20 مم,سانيتاري ويرز,,ملحقات عوازل صحية,f330aa66-9a8a-90ee-d535-6c68ff14b0de,2.750,5.000,t,,210004975
PE30393,طلاء عاز ل مطاطي  10 كغ,الواحة,العازل,الجدران خارجي,193a3d2d-d39f-6712-72cb-c5f247087645,80.000,110.000,t,,210004189
EL10607,حوض مطبخ ستانلس ستيل   60*45 كروم,سانيتاري ويرز,,حوض مطبخ ستانلس ستيل,b254c840-e3dc-aa50-45cc-22c1a82f1d9d,128.000,200.000,t,,310003714
ARSB80233,طوبو شطاف 1.2 م رصاصي,الشركة التونسية للمواد الصحية,JWC2018,طوبو شطاف,4db58ef5-0e02-ae07-fc14-5629c40b7689,6.000,20.000,t,,310003153
PA30406,"فرشة صاروخ مفتولة  4"" 100 مم",اي بي سي,AC1906,أقراص الصنفرة,4db58ef5-0e02-ae07-fc14-5629c40b7689,7.500,15.000,t,,210003917
PE30182,رولة طلاء 20 سم / 10,فندر,,فرشة طلاء,4db58ef5-0e02-ae07-fc14-5629c40b7689,5.250,12.000,t,,210003676
RA30096,كلبس كاو رقم 10,الشركة العالمية للتصدير و الإستيراد,,ملحقات الكهرباء,4db58ef5-0e02-ae07-fc14-5629c40b7689,0.850,3.000,t,,210003557
ML10026,خلاط حوض وجه  15 سم أسود,شيزا,NOVA,خلاط حوض وجه,3f8e1d44-c2e4-cecd-ff29-48dc418eba21,145.000,350.000,t,,210002609
SI10133,سلكون  280 غرام شفاف,TKK,,سلكون,9a9f39af-a0d0-6a64-969d-7baa03e28c4f,9.500,15.000,t,,210004497
ATWC50209,مثبت صندوق بتارية مقعد أرضي,سانيتاري ويرز,,ملحقات مقاعد,4db58ef5-0e02-ae07-fc14-5629c40b7689,4.000,6.000,t,,310003316
PA30737,لقمة جيدور كروم رقم 11,الشركة العالمية للتصدير و الإستيراد,,مجموعة مفاتيح عدة,f330aa66-9a8a-90ee-d535-6c68ff14b0de,2.750,12.000,t,,210004507
SA10163,طقم اكسسوار ذهبي,سانيتاري ويرز,13-2024,طقم اكسسوارات,dc6e5eb0-a2c4-7fc8-161c-528f389f29cc,125.000,220.000,t,,210004547
AM0942,دولاب مع حوض وجه مع مراية حمام 80 سم,بن أمور,G011-80,دولاب حمام,3b74be9f-643f-cd77-2128-39d8b10170c9,880.000,1550.000,t,,310004412
ML30537,مرايا حمام مع إضاءة لد 80*60 سم,سانيتاري ويرز,088,مراية مضيئة,b254c840-e3dc-aa50-45cc-22c1a82f1d9d,74.000,150.000,t,,310003609
EL10005,حوض مطبخ ستانلس ستيل   304,أسيل,,حوض مطبخ ستانلس ستيل,2e234c5a-ae37-77f1-3c02-d40e664e7d50,590.000,700.000,t,,210003393
VS10577,حوض وجه معلق80 سم,ليسو,900,حوض وجه معلق,9a9f39af-a0d0-6a64-969d-7baa03e28c4f,340.000,520.000,t,,210005112
LG40369,حوض وجه برسلين مشطوف 80 سم,سانيتاري ويرز,2710,حوض وجه برسلين,f68c4a72-8eb2-7563-07ad-b344ff9fe960,400.000,600.000,t,,210004162
ARSB80055,كسكاس دوش مربع 250*250 مم مع قصبة ذهبي,موباكس,DAS-580G,كسكاس دوش,f68c4a72-8eb2-7563-07ad-b344ff9fe960,125.000,210.000,t,,210002785
CC10370,كولة فواصل 001,kalekim,WHITE,كولة بلاط أرضيات,96788f75-aca7-6778-39d6-9ded903609dd,35.000,42.000,t,,210004814
MC10457,سرفنتينة 15 سم * 15 سم كروم,دافيس,,مجرى,f330aa66-9a8a-90ee-d535-6c68ff14b0de,53.500,85.000,t,,210004978
RD30580,حوض قدم مستطيل اكريليك 120*80,بيانكو,,بانيو قدم,e47ac07e-2763-bc83-6cf2-c39bb577a1f9,335.000,500.000,t,,310003684
PE30019,زمالطو  2.5 كغ أزرق داكن,دهانات المدينة مصراتة,,الحديد,4db58ef5-0e02-ae07-fc14-5629c40b7689,44.000,75.000,t,,210003315
PE30015,زمالطو ضد الصدأ 4 كغ أَحْمَر,دهانات المدينة مصراتة,,الحديد,4db58ef5-0e02-ae07-fc14-5629c40b7689,40.000,45.000,t,,210003311
AASB30781,حاملة فوط أسود,بن أمور,50-10-49,اكسسوارات,ac78bb51-d153-70a3-ad89-bdb50a8537eb,15.000,50.000,t,,310004192
EG30729,حوض مطبخ جرانيت أبيض  60*50,سانيبال,SPAZIO,حوض مطبخ جرانيت,e47ac07e-2763-bc83-6cf2-c39bb577a1f9,270.000,380.000,t,,310003841
AASB30302,فرشة مرحاض كروم,ليسو,2681,اكسسوارات,9a9f39af-a0d0-6a64-969d-7baa03e28c4f,68.000,120.000,t,,210004725
PA30588,سلسلة ترية (75 سم),الشركة العالمية للتصدير و الإستيراد,,خيط، حبل,4db58ef5-0e02-ae07-fc14-5629c40b7689,3.000,5.000,t,,210004106
AM0764,دولاب حمام -80 سم,سانيتاري ويرز,2611,دولاب حمام,f68c4a72-8eb2-7563-07ad-b344ff9fe960,600.000,900.000,t,,310004105
EG40175,رف حوض وجه برسلين 80 سم,ليسو,C2080C,رف حوض وجه برسلين,9a9f39af-a0d0-6a64-969d-7baa03e28c4f,185.000,350.000,t,,210004571
MC10288,مانع رائحة كروم,سانيتاري ويرز,,مجرى,803eabee-b81f-7acb-eb64-b2cae128a7cb,8.250,25.000,t,,210004690
PA30343,سخانة يدوية 1500 وات,الشركة العالمية للتصدير و الإستيراد,,أدوات  متعددة الوظائف,4db58ef5-0e02-ae07-fc14-5629c40b7689,8.750,15.000,t,,210003844
PE30375,جبس العز 40كغ,سرسانيت,جبس العز 40كغ,استوك الجدران,e47ac07e-2763-bc83-6cf2-c39bb577a1f9,16.000,19.000,t,,210004171
99991,خدمة توصيل,,,نفقات التشغيل,,70.000,70.000,t,,210003224
ML10099,خلاط حوض وجه أسود,سانيتاري ويرز,1924,خلاط حوض وجه,193a3d2d-d39f-6712-72cb-c5f247087645,95.000,160.000,f,,310002789
MC10770,مجرى 50 سم *8 سم كروم,أكوا دزاين,AD216-50,مجرى,3371605a-058e-4bf1-07a5-d157c54ae58f,265.000,400.000,t,,310004181
PA30422,حبل 8 مم 10 متر,الشركة العالمية للتصدير و الإستيراد,,خيط، حبل,4db58ef5-0e02-ae07-fc14-5629c40b7689,4.250,10.000,t,,210003933
PA30835,يد جيدور متحركة ممتازه كريكيتوا,الشركة العالمية للتصدير و الإستيراد,,مجموعة مفاتيح عدة,f330aa66-9a8a-90ee-d535-6c68ff14b0de,14.500,25.000,t,,210004503
ARSB80820,مصب دوش مع تحويلة ذهبي,سي أر سمارت,15.17.2,مصب دوش,2e234c5a-ae37-77f1-3c02-d40e664e7d50,81.000,120.000,t,,210003301
PE30016,زمالطو ضد الصدأ 4 كغ أسود,دهانات المدينة مصراتة,,الحديد,4db58ef5-0e02-ae07-fc14-5629c40b7689,40.000,70.000,t,,210003312
MD20855,خلاط دوش كروم,بن أمور,مجموعة بن عمر,خلاط دوش,ac78bb51-d153-70a3-ad89-bdb50a8537eb,130.000,220.000,t,,310004308
ALVM50677,طابة حوض الوجه كروم,توريما,1372-POPUP-008,ملحقات أحواض مغاسل,3f8e1d44-c2e4-cecd-ff29-48dc418eba21,10.000,25.000,t,,310003785
ALVM50206,سيفون حوض الوجه كلك,سانيتاري ويرز,,سيفون حوض الوجه,4db58ef5-0e02-ae07-fc14-5629c40b7689,11.890,35.000,t,,210002914
PA30211,"مقص حديد 36"" 910 مم",اي بي سي,AC19076,كماشة القطع,4db58ef5-0e02-ae07-fc14-5629c40b7689,73.000,120.000,t,,210003704
AASB30515,حاملة ورق ناعم كروم,ساتين-نيكال,080316,اكسسوارات,081276dc-6952-a613-dc62-614b51522ad0,40.000,60.000,t,,310003586
PE30474,شفاط ابيض,ABM,N6,مثقاب كهربائي,dc6e5eb0-a2c4-7fc8-161c-528f389f29cc,59.000,120.000,t,,210005002
AASB30638,صابونية أسود,بن أمور,مجموعة بن عمر,اكسسوارات,ac78bb51-d153-70a3-ad89-bdb50a8537eb,20.000,50.000,t,,310003746
RS40679,بلاط ارضيات بورسلين 120 سم * 60 سم (صندوق),سانيتاري ويرز,12291,بلاط الأرضيات,e47ac07e-2763-bc83-6cf2-c39bb577a1f9,56.120,64.800,t,,310003787
MTE60004,خلاط شطاف مدفون كروم,توريما,8X00011-094,خلاط شطاف مدفون,3f8e1d44-c2e4-cecd-ff29-48dc418eba21,210.000,320.000,t,,310002652
LG41017,حوض وجه كواريون مع دولاب مع مراية 80 سم,سانيتاري واير,PL80-1,حوض وجه برسلين,b254c840-e3dc-aa50-45cc-22c1a82f1d9d,940.000,1600.000,t,,310004488
MC10125,غطاء غرفة تفتيش 40*40مخفي SUS304,بيورا,,مجرى,f9f6d83d-5b9d-2d22-c42a-21b487031fad,310.000,390.000,t,,210004492
EL10886,حوض مطبخ ستانلس ستيل   60*45 رصاصي,ب.أمور,Florence,حوض مطبخ ستانلس ستيل,0b31d558-d145-3aaf-232e-dad3cc8669b6,245.000,380.000,t,,310004340
ARSB80098,مصب دوش بدون تحويلة ذهبي,بريمكس,J007G,مصب دوش,0dafba13-51f2-fc5a-eab7-f16d55bcce40,63.000,120.000,t,,210002803
RFP1431,"فسيبلي "" 1/2 ذكر * ""1/2 أنثى 60سم",سانيتاري ويرز,,فسيبلي,4db58ef5-0e02-ae07-fc14-5629c40b7689,13.500,25.000,t,,210003191
PA30128,قفل طلقة 90 مم,الشركة العالمية للتصدير و الإستيراد,,قفل باب,4db58ef5-0e02-ae07-fc14-5629c40b7689,16.500,23.000,t,,210003621
ARSB80465,كسكاس دوش مربع 250*250 مم كروم,ديولو,,كسكاس دوش,b254c840-e3dc-aa50-45cc-22c1a82f1d9d,38.000,80.000,t,,310003534
PE30385,طلاء عاز ل مطاطي اكسترا 10 كغ,الواحة,العازل اكسترا,الجدران والسقف,193a3d2d-d39f-6712-72cb-c5f247087645,105.000,120.000,t,,210004181
RFP1425,"فسيبلي "" 1/2 أنثى * ""1/2 أنثى 80سم",سانيتاري ويرز,,فسيبلي,4db58ef5-0e02-ae07-fc14-5629c40b7689,18.500,30.000,t,,210003185
PE30125,رولة طلاء 25 سم ديكور,الشركة العالمية للتصدير و الإستيراد,1081,فرشة طلاء,4db58ef5-0e02-ae07-fc14-5629c40b7689,33.000,25.000,t,,210004473
99999,ملحقات مواد صحية,,,اكسسوارات,,0.000,90.000,t,,210003193
FAB0177,طلاء وجه زر بتارية,الشركة العالمية للتصدير و الإستيراد,,التصنيع,fb599d54-8fbe-2649-11aa-9640573a2468,145.000,200.000,t,,310003270
CE10451,سخانة 80 لتر عمودية,تيسي,VERTICAL-TESY-80,سخانة,51882a69-3ac9-cde2-37e3-64e2b7daae96,830.000,800.000,t,,310003520
RA20512,مخفض حديد 3/4 * 1,الشركة العالمية للتصدير و الإستيراد,,مخفض,1054307a-87a0-d4d2-fe16-bd905fe6a04b,1.450,5.000,t,,210004028
ARSB80326,مصب دوش بدون تحويلة أسود,أنكا,ANKA ANK-1012,مصب دوش,b254c840-e3dc-aa50-45cc-22c1a82f1d9d,85.000,150.000,t,,310003488
PLSA0003,وردة أسود,سانيتاري ويرز,,وصلة,dc6e5eb0-a2c4-7fc8-161c-528f389f29cc,2.200,3.000,t,,210003112
VP20048,حوض وجه فوق الرخام أبيض -41سم,كورنات,,حوض فوق الرخام,081276dc-6952-a613-dc62-614b51522ad0,130.000,200.000,t,,210003353
PA30087,فيتي 4 * 40مم 120 قطعة,باركسايد,,برغي,081276dc-6952-a613-dc62-614b51522ad0,5.000,12.000,t,,210004248
ARSB80189,شطاف ظغط مربع مع طوبو أسود,سانيتاري ويرز,FIDAR,شطاف,7ea09f3f-5446-26a3-c653-90a14ccabc04,35.000,90.000,t,,310003017
ARSB80749,مخرج شطاف ذهبي,فيدار,1010-GOLD,مخرج شطاف,509e8e91-b47c-f17c-5f3a-a8dfebf81f76,41.000,70.000,t,,310003861
PE30467,كولة رخام 750 مل كريمة,الشركة العالمية للتصدير و الإستيراد,GeneralKoll,المواد اللاصقة و العازلة,4db58ef5-0e02-ae07-fc14-5629c40b7689,30.000,35.000,t,,210003982
ARSB81144,شطاف ظغط ايطالية بلاستك,اي ار بي,11464,شطاف,dd2fc8ac-5717-c00a-07b0-627c341c4a46,47.000,80.000,t,,310004647
PA30398,قفل نجمة 38 مم,الشركة العالمية للتصدير و الإستيراد,640/S,قفل باب,4db58ef5-0e02-ae07-fc14-5629c40b7689,3.750,7.000,t,,210004147
ARSB80156,شطاف ظغط دائري مع مخرج شطاف دبل مع طوبو أسود,سانيتاري ويرز,,شطاف,3f8e1d44-c2e4-cecd-ff29-48dc418eba21,72.000,140.000,t,,310002811
PE30014,زمالطو ضد الصدأ 3 كغ أبيض مطفي,دهانات المدينة مصراتة,,الحديد,f330aa66-9a8a-90ee-d535-6c68ff14b0de,53.350,58.000,t,,210003310
AASB30705,سلة قمامة كروم,wilko,,اكسسوارات,1e40627e-ea09-d325-6c11-fb6c068c423e,35.000,52.500,t,,310003813
WS10481,مقعد معلق رايملس أبيض,ب.أمور,SH-030,مقعد معلق,56855bde-1190-92a2-afb0-419a9650977f,355.000,600.000,t,,310003551
RE10591,حنفية حوض المطبخ شجرة كروم,سانيتاري ويرز,71,حنفية حوض المطبخ,b254c840-e3dc-aa50-45cc-22c1a82f1d9d,20.000,45.000,t,,310003695
PA3542,مسمارخرسانة رقم 2 (100غ),الشركة العالمية للتصدير و الإستيراد,,مسمار,4db58ef5-0e02-ae07-fc14-5629c40b7689,1.100,3.000,t,,210004059
MT30016,خلاط شطاف كروم,سانيتاري ويرز,VALTEMO VMF-7222,خلاط شطاف,51882a69-3ac9-cde2-37e3-64e2b7daae96,64.000,130.000,t,,310002799
EG30870,حوض مطبخ جرانيت رصاصي60*45 فردي,ب.أمور,Cedria,حوض مطبخ جرانيت,0b31d558-d145-3aaf-232e-dad3cc8669b6,425.000,640.000,t,,310004324
EG30418,حوض مطبخ جرانيت بيج محبب 55*44,سانيتاري ويرز,جرمة,حوض مطبخ جرانيت,3ef761c8-d645-a9c8-47dc-960089e79b35,225.000,380.000,t,,310003473
PS20080,علاقة ملابس ثلاثية,سانيتاري ويرز,,علاقة مناشف,f68c4a72-8eb2-7563-07ad-b344ff9fe960,23.000,35.000,t,,210003541
AM0574,حوض وجه مع دولاب حمام -60 سم,سانيتاري ويرز,1527,دولاب حمام,9a9f39af-a0d0-6a64-969d-7baa03e28c4f,600.000,1000.000,t,,210005109
ARSB80298,سماعة دوش مع طوبو كروم,توريما,1372-007,سماعة دوش,3f8e1d44-c2e4-cecd-ff29-48dc418eba21,140.000,270.000,t,,210003035
ARSB80100,مصب دوش مع تحويلة أسود,بريمكس,J005X,مصب دوش,0dafba13-51f2-fc5a-eab7-f16d55bcce40,77.000,120.000,t,,210002805
ML30071,مرايا حمام مع إضاءة لد مع بخار 60 اطار ذهبي,سانيتاري ويرز,L320,مراية مضيئة,0dafba13-51f2-fc5a-eab7-f16d55bcce40,225.000,350.000,t,,210004413
CD40160,مسطرة دوش لاد مع خلاط ذهبي,سانيتاري ويرز,AH35-2,مسطرة دوش,dc6e5eb0-a2c4-7fc8-161c-528f389f29cc,385.000,570.000,t,,210004544
PLSA0219,وردة ذهبي,سانيتاري ويرز,,وصلة,0dafba13-51f2-fc5a-eab7-f16d55bcce40,3.250,10.000,t,,310003332
SA10068,طقم اكسسوار كروم,بريمكس,8300-D-6,طقم اكسسوارات,0dafba13-51f2-fc5a-eab7-f16d55bcce40,285.000,410.000,f,,210003529
PE30203,"سكينة تغليف يد خشب 8"" 200 مم",اي بي سي,AC18799,أدوات,4db58ef5-0e02-ae07-fc14-5629c40b7689,4.350,10.000,t,,210003697
ML10046,خلاط حوض وجه طويل كروم,فرامو,SMILE,خلاط حوض وجه,3371605a-058e-4bf1-07a5-d157c54ae58f,280.000,400.000,t,,210002630
ARSB80411,نبلس خلاط دوش مع وردة كروم,سانيتاري ويرز,,ملحقات خلاط,51882a69-3ac9-cde2-37e3-64e2b7daae96,4.500,10.000,t,,310003466
PA30195,طوبو رش 3/4 20 متر,التوفيق,,طوبو رش,4db58ef5-0e02-ae07-fc14-5629c40b7689,102.000,150.000,t,,210003689
PA30573,فيتي 10*100 (4 قطع),الشركة العالمية للتصدير و الإستيراد,,برغي,4db58ef5-0e02-ae07-fc14-5629c40b7689,0.766,5.000,t,,210004090
ARSB80951,كسكاس دوش مربع شريحه 250 مم,توريما,1372-01485-002,كسكاس دوش,3f8e1d44-c2e4-cecd-ff29-48dc418eba21,375.000,600.000,t,,210004990
ARSB80549,كسكاس دوش دائري شريحه 250 مم مع قصبة كروم,توريما,1372-BRACSOFF-002,كسكاس دوش,f68c4a72-8eb2-7563-07ad-b344ff9fe960,240.000,360.000,t,,310003621
PE30070,طلاء بخاخ داخلي و خارجي بُنِيّ,راتا,,الجدران والسقف,4db58ef5-0e02-ae07-fc14-5629c40b7689,5.720,10.000,t,,210003390
AM40340,مراية دولاب حمام -80 سم,سانيتاري ويرز,8103,مراية دولاب,9a9f39af-a0d0-6a64-969d-7baa03e28c4f,175.000,250.000,t,,210004784
MT30556,خلاط شطاف مع شطاف كروم,ليسو,SF001,خلاط شطاف,9a9f39af-a0d0-6a64-969d-7baa03e28c4f,195.000,280.000,t,,210005091
EG40356,رف حوض وجه برسلين 60 سم,رويال,YB14B-14,رف حوض وجه برسلين,60d7d8a2-1083-abe4-d894-b1c7f3235d40,60.000,150.000,t,,210003101
CC10094,كولة بلاط أرضيات 20 كغ,ميولكة,POLPO P320 C1,كولة بلاط أرضيات,4db58ef5-0e02-ae07-fc14-5629c40b7689,12.500,15.000,t,,210004439
AM0078,دولاب حمام -90 سم,سانيتاري ويرز,9211,دولاب حمام,f68c4a72-8eb2-7563-07ad-b344ff9fe960,600.000,1000.000,t,,210004420
EL10146,حوض مطبخ ستانلس ستيل   50*40 أسود,سانيتاري ويرز,,حوض مطبخ ستانلس ستيل,dc6e5eb0-a2c4-7fc8-161c-528f389f29cc,135.000,300.000,t,,210004526
CD40508,مسطرة دوش زوجية كروم,سانيتاري ويرز,854,مسطرة دوش,f68c4a72-8eb2-7563-07ad-b344ff9fe960,160.000,300.000,t,,210005039
ML10091,خلاط حوض وجه  كروم,شهاب,NEW MARJAN,خلاط حوض وجه,f68c4a72-8eb2-7563-07ad-b344ff9fe960,145.000,230.000,t,,310002781
MC10437,غطاء غرفة تفتيش 40*40 فايبر اسود,ستار سانيتار,,مجرى,f330aa66-9a8a-90ee-d535-6c68ff14b0de,32.500,45.000,t,,210004949
MA20117,خلاط حوض المطبخ دبل سحاب أسود,سانيتاري ويرز,BO1130-3BN-1S,خلاط حوض المطبخ سحاب,081276dc-6952-a613-dc62-614b51522ad0,213.000,450.000,t,,210002713
PA30389,قفل شنطة 40 مم,الشركة العالمية للتصدير و الإستيراد,L4040000,قفل باب,4db58ef5-0e02-ae07-fc14-5629c40b7689,35.000,50.000,t,,210004140
AASB30146,حاملة فوط كروم,KBM,4022,اكسسوارات,e47ac07e-2763-bc83-6cf2-c39bb577a1f9,40.000,70.000,t,,310002995
PA30604,رزة إصلاح,الشركة العالمية للتصدير و الإستيراد,,تشكيلة من التثبيتات,4db58ef5-0e02-ae07-fc14-5629c40b7689,1.300,3.000,t,,210004122
PA30844,ماكينة سلكون,اي بي سي,,مسدس الغراء,f330aa66-9a8a-90ee-d535-6c68ff14b0de,11.500,18.000,t,,210004945
ARSB80777,سماعة دوش مع طوبو كروم,ليسو,,سماعة دوش,9a9f39af-a0d0-6a64-969d-7baa03e28c4f,45.000,100.000,t,,210004821
LG40315,حوض وجه برسلين مشطوف 80 سم,رويال,YB14-13,حوض وجه برسلين,60d7d8a2-1083-abe4-d894-b1c7f3235d40,500.000,650.000,t,,210003055
ML10038,خلاط حوض وجه مزخرف طويل كروم,سانيتاري واير,,خلاط حوض وجه,081276dc-6952-a613-dc62-614b51522ad0,188.000,370.000,t,,210002622
VS10823,حوض وجه معلق 80 سم,سانيتاري ويرز,9142,حوض وجه معلق,f68c4a72-8eb2-7563-07ad-b344ff9fe960,250.000,400.000,t,,310003445
ARSB80094,يد شطاف كروم,إتاتو,,يد شطاف,dc6e5eb0-a2c4-7fc8-161c-528f389f29cc,4.250,15.000,t,,210002690
EG30863,حوض مطبخ جرانيت أبيض مطفي79*51 فردي,ب.أمور,Jammel,حوض مطبخ جرانيت,0b31d558-d145-3aaf-232e-dad3cc8669b6,475.000,750.000,t,,310004317
ARSB81012,علاقة سماعة دوش كبيرة متحركة كروم,سانيتاري ويرز,,ملحقات خلاط,51882a69-3ac9-cde2-37e3-64e2b7daae96,2.250,10.000,t,,310004483
ALVM50867,رأس سيفوني اسود,ليمكس,LYMIX 2771 B,رأس سيفوني,f592fa51-d431-40c9-f38d-39cdf4092eb2,42.500,90.000,t,,310003988
ARSB80602,مصب دوش بدون تحويلة ذهبي,أنكا,ANKA ANK-1012,مصب دوش,b254c840-e3dc-aa50-45cc-22c1a82f1d9d,95.000,150.000,t,,310003492
VS10149,حوض وجه معلق مع عمود-43 سم,سانيتاري ويرز,DROP,حوض وجه معلق,f68c4a72-8eb2-7563-07ad-b344ff9fe960,95.000,150.000,t,,310003225
MD20112,خلاط دوش كروم,بالمو,SG19164-1,خلاط دوش,b3c3c120-ea64-9a00-f068-5896d8f5926d,84.000,170.000,t,,310002961
ML10504,خلاط حوض وجه  كروم,ليسو,OL-BM708,خلاط حوض وجه,f68c4a72-8eb2-7563-07ad-b344ff9fe960,175.000,200.000,t,,310003575
PS20530,علاقة مناشف زوجية كروم,سانيتاري ويرز,,علاقة مناشف,b254c840-e3dc-aa50-45cc-22c1a82f1d9d,80.000,130.000,t,,310003601
ARSB87752,سماعة دوش مع طوبو أسود,سانيتاري واير,B-29,سماعة دوش,9a9f39af-a0d0-6a64-969d-7baa03e28c4f,45.000,95.000,t,,210004897
ARSB80044,سماعة دوش مع طوبو كروم,دانيال,A44835PX150S,سماعة دوش,5bd59cc2-f915-90b2-5eb0-3ec705744a94,97.500,150.000,t,,310002722
ARSB80330,مصب دوش بدون تحويلة ذهبي,سانيتاري ويرز,MSLINO LY005,مصب دوش,60d7d8a2-1083-abe4-d894-b1c7f3235d40,66.500,150.000,t,,310002854
MA20461,خلاط حوض المطبخ سحاب كروم,ديولو,120-10-54,خلاط حوض المطبخ سحاب,b254c840-e3dc-aa50-45cc-22c1a82f1d9d,220.000,350.000,t,,310003530
ML10005,خلاط حوض وجه كروم,توريما,TAG 8L33011-093,خلاط حوض وجه,3f8e1d44-c2e4-cecd-ff29-48dc418eba21,235.000,370.000,t,,210002588
CI20314,خزان الصفاء 2000لتر,الصفاء,,خزان,f330aa66-9a8a-90ee-d535-6c68ff14b0de,560.000,650.000,t,,210004740
AM0399,دولاب حمام 65 سم أبيض,تركي,LIGHT-OAK EKO,دولاب حمام,431ac3fd-806d-3b31-7433-0f5bf3af56c7,300.000,450.000,f,,310003454
VS10186,حوض وجه معلق -100 سم,تركواز سيراستايل,MONA,حوض وجه معلق,3ef761c8-d645-a9c8-47dc-960089e79b35,413.000,560.000,t,,210002890
EG40371,رف حوض وجه برسلين 80 سم,رويال,2709,رف حوض وجه برسلين,60d7d8a2-1083-abe4-d894-b1c7f3235d40,80.000,200.000,t,,210004153
RA20489,كوربة 63*45لصقة ضغط 16,الرطيل,جي أم GM,كوع - كوربة,571d2375-1774-6730-7af4-8df56a1d7a88,10.000,12.000,t,,210005020
MC10421,سرفنتينة ثقيلة  15 سم * 15 سم كروم,أكوا دزاين,AD151RS/4,مجرى,51882a69-3ac9-cde2-37e3-64e2b7daae96,70.000,150.000,t,,310003476
ALVM50424,رأس سيفوني ذهبي,مونتانا س.ل,MT1011G,رأس سيفوني,51882a69-3ac9-cde2-37e3-64e2b7daae96,66.000,130.000,t,,310003479
ALVM50030,سيفون حوض الوجه كروم,سانيتاري ويرز,JR031-49,سيفون حوض الوجه,f68c4a72-8eb2-7563-07ad-b344ff9fe960,120.000,200.000,t,,310002868
ARSB80317,مخرج شطاف مع علاق كروم,سلارنو,HR-M07,مخرج شطاف,dc6e5eb0-a2c4-7fc8-161c-528f389f29cc,31.500,60.000,t,,210003054
RO10289,مسكر زاوية  ''1/2 * ''1/2 كروم,فينوس,S-7,حنفية,0dafba13-51f2-fc5a-eab7-f16d55bcce40,19.000,35.000,t,,210003022
ARSB80747,مخرج شطاف مع علاق أسود,فيدار,FD12005-B,مخرج شطاف,509e8e91-b47c-f17c-5f3a-a8dfebf81f76,38.000,60.000,t,,310003859
MTE60027,خلاط شطاف مدفون كروم,فرامو,PA216CR,خلاط شطاف مدفون,f9f6d83d-5b9d-2d22-c42a-21b487031fad,280.000,400.000,t,,310002704
MDE50399,خلاط دوش مدفون كروم,ARB,KLDI621LYC00,خلاط دوش مدفون,dd2fc8ac-5717-c00a-07b0-627c341c4a46,285.000,450.000,t,,210004858
ASCA60281,ستريتشة 2.44 متر,الشركة العالمية للتصدير و الإستيراد,,ستريتشة,193a3d2d-d39f-6712-72cb-c5f247087645,30.000,75.000,t,,210003778
EG40370,رف حوض وجه برسلين 80 سم,سانيتاري ويرز,2710,رف حوض وجه برسلين,f68c4a72-8eb2-7563-07ad-b344ff9fe960,185.000,350.000,t,,210004163
MM30543,خلاط حوض المطبخ حائطي كروم,تركي,MEGA L07-K,خلاط حوض المطبخ حائطي,b254c840-e3dc-aa50-45cc-22c1a82f1d9d,117.000,190.000,t,,310003615
MT30434,خلاط شطاف مع شطاف كروم,تركارت,TERRA,خلاط شطاف,c0faf038-b788-4ed3-15e1-cb4edf3f56f1,128.800,200.000,t,,310003503
PE30038,طلاء مائي عازل للرطوبة 5 كغ,الواحة,العازل,الجدران خارجي,4db58ef5-0e02-ae07-fc14-5629c40b7689,44.650,70.000,t,,210003357
VP20123,حوض وجه دائري حوض فوق الرخام - 55سم,تركواز سيراستايل,ONE,حوض فوق الرخام,60d7d8a2-1083-abe4-d894-b1c7f3235d40,700.000,1000.000,t,,210004490
MTE60036,خلاط شطاف مدفون أبيض,فرامو,DE206BO,خلاط شطاف مدفون,f9f6d83d-5b9d-2d22-c42a-21b487031fad,525.000,650.000,t,,310002713
AM0739,دولاب حمام مع حوض وجه 80 سم,سانيتاري ويرز,038,دولاب حمام,b254c840-e3dc-aa50-45cc-22c1a82f1d9d,780.000,1110.000,t,,310004076
EG40149,رف حوض وجه برسلين 100 سم,سانيتاري ويرز,2715,رف حوض وجه برسلين,f68c4a72-8eb2-7563-07ad-b344ff9fe960,125.000,300.000,t,,210003642
MT30439,خلاط شطاف مع شطاف كروم,تركارت,KRIPTO,خلاط شطاف,c0faf038-b788-4ed3-15e1-cb4edf3f56f1,123.200,190.000,t,,310003508
RO10292,مسكر زاوية  ''1/2 * ''3/8 مع وردة كروم,بضائع أوروبية,Eckventil,حنفية,081276dc-6952-a613-dc62-614b51522ad0,5.000,25.000,t,,210003026
PLSA0773,"وصلة مخفض ""3/8 ذكر × ""1/2 انثى كروم",سانيتاري ويرز,,وصلة,46b65556-274a-45aa-9c85-4e9803db664f,6.450,10.000,t,,310004184
PS20546,علاقة مناشف كروم,فينوس,ST-05,علاقة مناشف,0dafba13-51f2-fc5a-eab7-f16d55bcce40,112.800,190.000,t,,210005080
EG40771,رف كواريون كوارتز 80سم أسود,سانيتاري ويرز,S80-2,رف حوض وجه برسلين,f68c4a72-8eb2-7563-07ad-b344ff9fe960,270.000,470.000,t,,310004112
AASB30006,موزع صابون كروم,سانيتاري ويرز,305,اكسسوارات,f68c4a72-8eb2-7563-07ad-b344ff9fe960,18.000,40.000,t,,210003275
PA30348,مفتاح إنجليزي رقم 24,فندر,,مفك البراغي يدوي,4db58ef5-0e02-ae07-fc14-5629c40b7689,32.000,50.000,t,,210003854
P30361,شاڨور,الشركة العالمية للتصدير و الإستيراد,,فأس,4db58ef5-0e02-ae07-fc14-5629c40b7689,23.500,35.000,t,,210003868
MD20792,خلاط دوش كروم,سانيتاري ويرز,OM-06,خلاط دوش,b254c840-e3dc-aa50-45cc-22c1a82f1d9d,95.000,170.000,t,,310004134
PA30571,دادو بالخبوركامل مكيف (34 قطعة),الشركة العالمية للتصدير و الإستيراد,,برغي,4db58ef5-0e02-ae07-fc14-5629c40b7689,3.750,10.000,t,,210004088
CD40234,مسطرة دوش زوجية مربعة كروم,سانيتاري ويرز,,مسطرة دوش,193a3d2d-d39f-6712-72cb-c5f247087645,150.000,230.000,t,,310003358
PA30615,قفل باب سحاب 40 مم,الشركة العالمية للتصدير و الإستيراد,447/PB,قفل باب,4db58ef5-0e02-ae07-fc14-5629c40b7689,67.000,95.000,t,,210004133
CD40467,مسطرة دوش زوجية كروم,I.DOWAS,S01,مسطرة دوش,3371605a-058e-4bf1-07a5-d157c54ae58f,100.000,150.000,t,,310003536
ARSB80093,يد شطاف كروم,سانيتاري ويرز,,يد شطاف,4db58ef5-0e02-ae07-fc14-5629c40b7689,35.000,60.000,t,,210002689
ARSB80759,مصب دوش بدون تحويلة ذهبي,فيدار,FD12002-G,مصب دوش,509e8e91-b47c-f17c-5f3a-a8dfebf81f76,63.000,100.000,t,,310003869
PE30184,"فرشة طلاء2.5"" 63.5 مم",فندر,,فرشة طلاء,4db58ef5-0e02-ae07-fc14-5629c40b7689,3.100,6.000,t,,210003678
ML30748,مرايا حمام مع إضاءة لد,سانيتاري ويرز,040,مراية مضيئة,b254c840-e3dc-aa50-45cc-22c1a82f1d9d,100.000,150.000,t,,310004086
ARSB0758,سماعة دوش مع طوبو أسود,بريمكس,SR117X,سماعة دوش,0dafba13-51f2-fc5a-eab7-f16d55bcce40,68.000,120.000,t,,310004096
MC10645,مجرى 40 سم *8 سم أسود,بن أمور,,مجرى,ac78bb51-d153-70a3-ad89-bdb50a8537eb,80.000,160.000,t,,310003753
PLSA0229,وردة كروم,سانيتاري ويرز,,وصلة,f68c4a72-8eb2-7563-07ad-b344ff9fe960,3.000,4.500,t,,310003343
PA30119,رأس قفل بي في سي 9 سم,الشركة العالمية للتصدير و الإستيراد,,رأس قفل,4db58ef5-0e02-ae07-fc14-5629c40b7689,13.000,22.000,t,,210003612
ARSB80208,قصبة دوش مربعة 40 سم كروم,سانيتاري ويرز,,قصبة دوش,4db58ef5-0e02-ae07-fc14-5629c40b7689,37.000,70.000,t,,310003069
ALVM50276,رأس سيفوني كروم,بريمكس,T221,رأس سيفوني,0dafba13-51f2-fc5a-eab7-f16d55bcce40,24.000,50.000,t,,210003004
ARSB80204,"مسكر شطافة ""1/2"" * ""1/2 كروم",سانيتاري ويرز,FIDAR,مخرج شطاف,4db58ef5-0e02-ae07-fc14-5629c40b7689,13.750,25.000,t,,310003311
PE30399,فرشة طلاء ايطالية رقم 50,فندر,,فرشة طلاء,f330aa66-9a8a-90ee-d535-6c68ff14b0de,6.500,10.000,t,,210004845
WA40117,غطاء مقعد أبيض,سانيتاري ويرز,CITY,غطاء مقعد,dc6e5eb0-a2c4-7fc8-161c-528f389f29cc,145.000,220.000,t,,310003193
ARSB80356,مصب حوض وجه بدون تحويلة متحرك كروم,ليسو,JR031-16,مصب دوش,f68c4a72-8eb2-7563-07ad-b344ff9fe960,115.000,200.000,t,,210003856
PLSA0393,منكوطي املس1,سانيتاري ويرز,,وصلة,f330aa66-9a8a-90ee-d535-6c68ff14b0de,2.300,8.000,t,,210004840
ARSB80122,مخرج شطاف كروم,رايمر,309S,مخرج شطاف,5bd59cc2-f915-90b2-5eb0-3ec705744a94,120.500,190.000,t,,210002826
ARSB80392,مصب دوش مع تحويلة أسود,ليمكس,LY-4006,مصب دوش,f68c4a72-8eb2-7563-07ad-b344ff9fe960,88.750,160.000,t,,310002853
PLSA0231,"مُطوِّل ""1/2 * 20 كروم",سانيتاري ويرز,,وصلة,4db58ef5-0e02-ae07-fc14-5629c40b7689,6.100,7.000,t,,210002948
ML30789,مرايا حمام ضد البخار مع إضاءة لد 60*80 سم,سانيتاري ويرز,4006,مراية مضيئة,f68c4a72-8eb2-7563-07ad-b344ff9fe960,105.000,170.000,t,,310003900
ART0003,حوض مطبخ ستانلس ستيل نص منظومة  304 75*45كروم,ليسو,,حوض مطبخ ستانلس ستيل,f68c4a72-8eb2-7563-07ad-b344ff9fe960,385.000,590.000,t,,210004309
PE30823,استوك 18كغ,دهانات المدائن,,استوك,5b018a56-a89e-b7f1-caf0-d8c5eec60a97,34.000,40.000,t,,210004772
ARSB80369,سماعة دوش مع طوبو كروم,فينوس,1552,سماعة دوش,0dafba13-51f2-fc5a-eab7-f16d55bcce40,44.000,70.000,t,,210003125
AB10350,خزانة حمام أبيض,سانيتاري ويرز,8109,خزانة حمام,9a9f39af-a0d0-6a64-969d-7baa03e28c4f,280.000,500.000,t,,210004794
AM0689,دولاب مع حوض وجه مع مراية حمام 80 سم,بن أمور,T305-8046,دولاب حمام,ac78bb51-d153-70a3-ad89-bdb50a8537eb,700.000,1250.000,t,,310003797
MA20625,خلاط حوض المطبخ سحاب كروم مطفي,بن أمور,huang crown-A,خلاط حوض المطبخ سحاب,ac78bb51-d153-70a3-ad89-bdb50a8537eb,110.000,250.000,t,,310003733
ARSB80331,مصب دوش مع تحويلة ذهبي,سانيتاري ويرز,MSLINO LY008,مصب دوش,60d7d8a2-1083-abe4-d894-b1c7f3235d40,85.000,150.000,t,,310002855
MA20688,خلاط حوض المطبخ سحاب كروم مطفي,بن أمور,huang crown-B,خلاط حوض المطبخ سحاب,ac78bb51-d153-70a3-ad89-bdb50a8537eb,110.000,250.000,t,,310003796
MC10086,مجرى 55سم *7 سم كروم,بيورا,DL-7-55,مجرى,f9f6d83d-5b9d-2d22-c42a-21b487031fad,257.000,320.000,t,,310003119
PE30329,طلاء مائي داخلي 5 كغ اقتصادي,شركة الحيرة لدهانات,200,الجدران والسقف,cbc8158a-9b45-9705-3f1d-05cad25ac2d7,23.000,35.000,t,,210004749
AECU50058,رقبة خلاط حوض مطبخ أسود,فينوس,1500,ملحقات أحواض المطابخ,0dafba13-51f2-fc5a-eab7-f16d55bcce40,28.130,35.000,t,,210003515
LG40191,حوض وجه برسلين مع رف 100 سم,ليسو,B20100,حوض وجه برسلين,9a9f39af-a0d0-6a64-969d-7baa03e28c4f,680.000,1050.000,t,,210004587
ML30226,مرايا حمام مع إضاءة لد 60*80سم,سانيتاري ويرز,3068,مراية مضيئة,9a9f39af-a0d0-6a64-969d-7baa03e28c4f,85.000,180.000,t,,210004633
RA20021,"مثلث 32* 1"" سن داخلي",فرات,بي بي ر - PPR,مثلث,1054307a-87a0-d4d2-fe16-bd905fe6a04b,14.298,25.000,t,,310002584
RA30059,"طابة تسليك 4""",الرطيل,جي أم GM,طابة,1054307a-87a0-d4d2-fe16-bd905fe6a04b,8.500,15.000,t,,210003503
ALVM50225,سيفون حوض الوجه كروم,سانيتاري ويرز,,سيفون حوض الوجه,3371605a-058e-4bf1-07a5-d157c54ae58f,68.000,120.000,t,,210003718
PS20082,علاقة ملابس ثلاثية,سانيتاري ويرز,,علاقة مناشف,f68c4a72-8eb2-7563-07ad-b344ff9fe960,18.500,30.000,t,,210003543
AM0182,حوض وجه مع دولاب حمام -80 سم,سانيتاري ويرز,ML-02-80,دولاب حمام,3b74be9f-643f-cd77-2128-39d8b10170c9,460.000,670.000,t,,210002886
SA10042,طقم اكسسوار نحاسي,سانيتاري ويرز,,طقم اكسسوارات,ac78bb51-d153-70a3-ad89-bdb50a8537eb,150.000,200.000,t,,210003468
EL10236,حوض مطبخ ستانلس ستيل   304 50.5*45 كروم,أسيل,AS 381,حوض مطبخ ستانلس ستيل,e47ac07e-2763-bc83-6cf2-c39bb577a1f9,309.000,430.000,t,,210002955
MTE60675,خلاط شطاف مدفون كروم,توريما,BLOG 8G00011-094,خلاط شطاف مدفون,3f8e1d44-c2e4-cecd-ff29-48dc418eba21,225.000,350.000,t,,310003783
MD20032,خلاط دوش كروم,سانيتاري ويرز,EKOL RT001,خلاط دوش,dc6e5eb0-a2c4-7fc8-161c-528f389f29cc,79.000,150.000,t,,310002802
ML30115,مرايا حمام مع إضاءة لد 100*80 سم,سانيتاري ويرز,9126G,مراية مضيئة,f68c4a72-8eb2-7563-07ad-b344ff9fe960,200.000,300.000,t,,210004276
PE30077,بونتة ترابنو (1 قطع),اي بي سي,AC18802 PH2X65mm,مثقاب كهربائي,4db58ef5-0e02-ae07-fc14-5629c40b7689,1.350,4.000,t,,210004325
ML10060,خلاط حوض وجه أسود,شيزا,COBRA 45578 BL,خلاط حوض وجه,3f8e1d44-c2e4-cecd-ff29-48dc418eba21,250.000,400.000,t,,310002642
PE30408,ورق سنفرة 9بوصة 8فتحات,الشركة العالمية للتصدير و الإستيراد,P 220,ماكينة صنفرة,f330aa66-9a8a-90ee-d535-6c68ff14b0de,0.850,3.000,t,,210004911
MC10453,مجرى 40 سم *6 سم كروم,درنيا,,مجرى,5bd59cc2-f915-90b2-5eb0-3ec705744a94,155.000,250.000,t,,210003216
ARSB80851,سماعة دوش مربعة مع طوبو أسود,بن أمور,مجموعة بن عمر,سماعة دوش,ac78bb51-d153-70a3-ad89-bdb50a8537eb,50.000,150.000,t,,310004300
PA30372,فرطاسة,الشركة العالمية للتصدير و الإستيراد,,مجرفة مغلفة,4db58ef5-0e02-ae07-fc14-5629c40b7689,4.400,10.000,t,,210003883
ARSB80214,"مسكر شطافة ""1/2"" * ""1/2 كروم",أركو,A.80 LUXE,مخرج شطاف,0dafba13-51f2-fc5a-eab7-f16d55bcce40,32.500,45.000,t,,310003189
PLSA0129,"مطول ""1/2 * 25 مم كروم",سانيتاري ويرز,,وصلة,2f9d5e94-b710-5c3f-6a26-dfdc98317ce4,10.750,8.888,t,,310003354
PLSA0208,وردة كروم,سانيتاري ويرز,,وصلة,9a9f39af-a0d0-6a64-969d-7baa03e28c4f,6.750,10.000,t,,210004611
AM0851,حوض وجه مع دولاب حمام -80 سم,سانيتاري ويرز,9611,دولاب حمام,f68c4a72-8eb2-7563-07ad-b344ff9fe960,700.000,1000.000,t,,310003972
ART0038,طوبو شطاف 120 سم كروم,فينوس,,طوبو شطاف,0dafba13-51f2-fc5a-eab7-f16d55bcce40,18.000,45.000,t,,210004352
ARSB84562,كسكاس دوش مربع 250*250 مم اسود,ليسو,133-1b,كسكاس دوش,9a9f39af-a0d0-6a64-969d-7baa03e28c4f,95.000,150.000,t,,210004896
ML30751,مرايا حمام مع إضاءة لد-عرض60*80 سم,ديولو,D1,مراية مضيئة,b254c840-e3dc-aa50-45cc-22c1a82f1d9d,100.000,150.000,t,,310004143
AM0002,دولاب حمام -80 سم,أوركا,LUCCA,دولاب حمام,fd059421-15b9-e743-662a-d6c4e83bb171,1800.000,2260.000,t,,210003235
PD21110,حاجز دوش 10مم اطار كروم منقط 100 سم,ليسو,LUD,حاجز دوش,f68c4a72-8eb2-7563-07ad-b344ff9fe960,675.000,980.000,t,,310004613
PE30159,محشة,الشركة العالمية للتصدير و الإستيراد,,منجل,4db58ef5-0e02-ae07-fc14-5629c40b7689,16.000,25.000,t,,210003653
ARSB80425,مصب دوش بدون تحويله ذهبي,توريما,T90-0329033,مصب دوش,2e234c5a-ae37-77f1-3c02-d40e664e7d50,345.000,550.000,t,,210004558
VS10136,حوض وجه معلق -100 سم,سانيتاري واير,9048,حوض وجه معلق,f68c4a72-8eb2-7563-07ad-b344ff9fe960,300.000,450.000,t,,310003212
EL10769,حوض مطبخ ستانلس ستيل   60*45  أسود,بريمكس,EC 04,حوض مطبخ ستانلس ستيل,0dafba13-51f2-fc5a-eab7-f16d55bcce40,265.000,500.000,t,,310003390
VS10827,حوض وجه معلق -80 * 45 سم,تركي,70C80,حوض وجه معلق,3ef761c8-d645-a9c8-47dc-960089e79b35,320.000,480.000,t,,310003449
RFP1754,"فسيبلي "" 1/2 أنثى * ""1/2 أنثى 50سم",سانيتاري ويرز,ايطالي,فسيبلي,5ab52856-ad90-444c-7e94-fd714235d708,18.500,13.500,t,,310003375
LG40083,طقم حوض وجه برسلي 90سم,سانيتاري ويرز,A05,حوض وجه برسلين,f68c4a72-8eb2-7563-07ad-b344ff9fe960,520.000,1320.000,t,,210004243
ART0252,مقبض خلاط فيوري,فيوري,35LEV081,ملحقات خلاط,5bd59cc2-f915-90b2-5eb0-3ec705744a94,40.000,160.000,t,,210004663
PA30392,موس منشار 30 سم,الشركة العالمية للتصدير و الإستيراد,UJIRA FLEX,منشار يدوي,4db58ef5-0e02-ae07-fc14-5629c40b7689,0.350,2.000,t,,210003903
AM0802,دولاب حمام -80 سم,سانيتاري ويرز,8107,دولاب حمام,f68c4a72-8eb2-7563-07ad-b344ff9fe960,400.000,600.000,t,,310003913
WS10792,مقعد معلق أبيض,سانيتاري ويرز,دولفين,مقعد معلق,3ef761c8-d645-a9c8-47dc-960089e79b35,300.000,450.000,t,,310003413
LG40299,حوض وجه كوارتز مع رف مع مراية 80 سم,رويال,2608,حوض وجه برسلين,2e234c5a-ae37-77f1-3c02-d40e664e7d50,760.000,1300.000,t,,210004722
MC10099,مجرى 65سم *7 سم كروم,بيورا,DL-07-65,مجرى,f9f6d83d-5b9d-2d22-c42a-21b487031fad,266.500,350.000,t,,310003132
AM0693,دولاب مع حوض وجه مع مراية حمام 60 سم,بن أمور,T305-6040,دولاب حمام,ac78bb51-d153-70a3-ad89-bdb50a8537eb,600.000,950.000,t,,310003801
AM40193,مراية دولاب حمام -60 سم,سانيتاري ويرز,ML-01-60,مراية دولاب,3b74be9f-643f-cd77-2128-39d8b10170c9,100.000,150.000,t,,210002897
MC10731,سرفنتينة 15 سم * 15 سم كروم,CYRENE,,مجرى,fa057642-4ae8-6289-9911-a6c274991952,45.000,80.000,t,,310003843
EL10595,حوض مطبخ ستانلس ستيل 304 80*45,سانيتاري ويرز,,حوض مطبخ ستانلس ستيل,b254c840-e3dc-aa50-45cc-22c1a82f1d9d,175.000,270.000,t,,310003701
MF20189,مراية حمام صغيرة بالعلاقة ضد البخار كروم,ونكو,CALI,مراية معلقة,081276dc-6952-a613-dc62-614b51522ad0,15.000,40.000,t,,310003048
MT30852,خلاط شطاف مربع مع شطاف 15 سم كروم,بن أمور,مجموعة بن عمر,خلاط شطاف,ac78bb51-d153-70a3-ad89-bdb50a8537eb,115.000,165.000,t,,310004304
AASB30008,موزع صابون سائل خزف,سانيتاري ويرز,,اكسسوارات,081276dc-6952-a613-dc62-614b51522ad0,13.500,35.000,t,,310002610
ML30840,مرايا حمام مع إضاءة لد80*60 سم,سانيتاري ويرز,1526,مراية مضيئة,f68c4a72-8eb2-7563-07ad-b344ff9fe960,120.000,200.000,t,,310004281
PLSA0236,"كوربة ذكر أنثى ""1/2 كروم",سانيتاري ويرز,,وصلة,4db58ef5-0e02-ae07-fc14-5629c40b7689,16.500,20.000,t,,210002954
ML30743,مرايا حمام مع إضاءة لد-عرض 60*90 سم,ديولو,DE 025,مراية مضيئة,b254c840-e3dc-aa50-45cc-22c1a82f1d9d,120.000,190.000,t,,310003855
PA30409,عجلة باب سحاب  رقم 120,الشركة العالمية للتصدير و الإستيراد,,ملحقات معدات الباب,4db58ef5-0e02-ae07-fc14-5629c40b7689,66.000,80.000,t,,210003920
VS10157,حوض وجه معلق -60 سم,سانيتاري ويرز,MULIN,حوض وجه معلق,f68c4a72-8eb2-7563-07ad-b344ff9fe960,105.000,200.000,t,,310003233
MTE60013,خلاط شطاف مدفون كروم,فرامو,HO206CR,خلاط شطاف مدفون,f9f6d83d-5b9d-2d22-c42a-21b487031fad,170.000,270.000,t,,310002617
ARSB80068,مصب دوش بدون تحويلة كروم,فينوس,RACHEL D2S,مصب دوش,0dafba13-51f2-fc5a-eab7-f16d55bcce40,95.000,150.000,t,,210002798
ACOL30580,ريتي لياسة 25 سم * 20 متر,أسترا,,ملحقات غراء البلاط و الأرضيات,f9f6d83d-5b9d-2d22-c42a-21b487031fad,26.500,40.000,t,,210004097
ARSB80016,سماعة دوش مع طوبو مع مخرج أسود,توريما,03203BB-T40,سماعة دوش,3f8e1d44-c2e4-cecd-ff29-48dc418eba21,365.000,500.000,t,,310002674
PE30028,طلاء مائي داخلي 5 كغ أبيض,دهانات المدينة مصراتة,أصول,الجدران والسقف,4db58ef5-0e02-ae07-fc14-5629c40b7689,26.000,25.000,t,,210003324
VS10964,حوض وجه معلق -70 سم,سانيتاري واير,DS83-70,حوض وجه معلق,3b74be9f-643f-cd77-2128-39d8b10170c9,250.000,400.000,t,,310004434
VS10811,حوض وجه معلق -100 سم,سانيتاري واير,9927,حوض وجه معلق,f68c4a72-8eb2-7563-07ad-b344ff9fe960,450.000,750.000,t,,310004231
ML30937,مرايا حمام مع إضاءة لد80*60سم,ديولو,DIOLLO 030,مراية مضيئة,b254c840-e3dc-aa50-45cc-22c1a82f1d9d,88.000,170.000,t,,310004407
MTE60109,خلاط شطاف مدفون أسود,توريما,BB000-090,خلاط شطاف مدفون,f68c4a72-8eb2-7563-07ad-b344ff9fe960,245.000,360.000,t,,310003183
AASB30005,موزع صابون كروم,سانيتاري ويرز,317,اكسسوارات,f68c4a72-8eb2-7563-07ad-b344ff9fe960,18.000,40.000,t,,210003274
RA30061,"تحويلة 4""",الرطيل,جي أم GM,وصلة,1054307a-87a0-d4d2-fe16-bd905fe6a04b,3.500,7.000,t,,210003505
AECU50199,سيفون حوض المطبخ رأس كبير,سي أر سمارت,L-B-PLAST,ملحقات أحواض المطابخ,dc6e5eb0-a2c4-7fc8-161c-528f389f29cc,29.500,50.000,t,,210002905
CC10326,كولة  560غ,بنتكول,C 400,كولة بلاط أرضيات,f330aa66-9a8a-90ee-d535-6c68ff14b0de,25.500,34.000,t,,210004764
ML30099,مرايا حمام مع إضاءة لد سداسية 60*80 سم,سانيتاري ويرز,1443,مراية مضيئة,f68c4a72-8eb2-7563-07ad-b344ff9fe960,95.000,160.000,t,,310003171
AB10803,خزانة حمام أبيض,سانيتاري ويرز,9922,خزانة حمام,f68c4a72-8eb2-7563-07ad-b344ff9fe960,150.000,250.000,t,,310004223
PS21116,علاقة مناشف كروم,ليسو,WL64,علاقة مناشف,f68c4a72-8eb2-7563-07ad-b344ff9fe960,190.000,320.000,t,,310004619
PE30994,عازل ناري 4 كغ,دهانات المدينة مصراتة,العازل,الجدران خارجي,4db58ef5-0e02-ae07-fc14-5629c40b7689,76.800,85.000,t,,210004436
MT30020,خلاط شطاف مع شطاف أسود,ليمكس,LY-2270-B,خلاط شطاف,f592fa51-d431-40c9-f38d-39cdf4092eb2,175.000,270.000,t,,310002830
AASB30508,حاملة منظفات كروم,wilko,,اكسسوارات,1e40627e-ea09-d325-6c11-fb6c068c423e,20.000,40.000,t,,310003579
MT30007,خلاط شطاف كروم,سانيتاري واير,LEONARDO 2023-58,خلاط شطاف,3f8e1d44-c2e4-cecd-ff29-48dc418eba21,65.000,130.000,t,,310002746
PA30331,منشار شجر,الشركة العالمية للتصدير و الإستيراد,SAMORAI,أداة القص - منشار,4db58ef5-0e02-ae07-fc14-5629c40b7689,12.000,25.000,t,,210003830
ATWC50472,بتارية مقعد أرضي جنب,تركي,OZBEST,ملحقات مقاعد,51882a69-3ac9-cde2-37e3-64e2b7daae96,22.500,40.000,t,,310003541
RFP11079,"فسيبلي "" 1/2 أنثى * ""1/2 أنثى 50سم",amaflex,A15314,فسيبلي,93ead9a8-1565-7895-eba8-1a3572957f4c,19.750,30.000,t,,310004550
ARSB81100,قصبة دوش 40 سم كروم,توريما,1372-03246-011,قصبة دوش,3f8e1d44-c2e4-cecd-ff29-48dc418eba21,135.000,190.000,t,,310004603
PS20049,علاقة مناشف كروم,فينوس,GR-07,علاقة مناشف,0dafba13-51f2-fc5a-eab7-f16d55bcce40,280.000,400.000,t,,210003490
RA30019,"مثلث 1""",الرطيل,جي أم GM,مثلث,4db58ef5-0e02-ae07-fc14-5629c40b7689,2.150,7.000,t,,210003413
RA21065,"سنيسكا 25"" كروم مربع",الجودة,بي بي ر - PPR,سنيسكا,95d22529-eb35-a000-949b-cc311fec737c,95.000,150.000,t,,310004536
PA30602,ميزان خيط 500 غرام,الشركة العالمية للتصدير و الإستيراد,,أدوات القياس والتتبع,4db58ef5-0e02-ae07-fc14-5629c40b7689,5.500,15.000,t,,210004120
AB10341,خزانة حمام أبيض,سانيتاري ويرز,8103,خزانة حمام,9a9f39af-a0d0-6a64-969d-7baa03e28c4f,280.000,500.000,t,,210004785
PA30486,قطاعة 250 مم رقم 10,اي بي سي,AC19076,كماشة القطع,4db58ef5-0e02-ae07-fc14-5629c40b7689,14.500,30.000,t,,210004002
ATWC50180,زر بتريا كروم,غروهي,38505000,ملحقات مقاعد,f68c4a72-8eb2-7563-07ad-b344ff9fe960,230.000,345.000,t,,310003036
ARSB81098,شطاف ظغط مربع مع طوبو كروم,سانيتاري واير,DEER MISA-R,شطاف,41cf3726-7c18-801f-29b4-95bfba464df9,42.000,80.000,t,,310004601
MM30022,خلاط حوض المطبخ حائطي كروم,فينوس,PEARL,خلاط حوض المطبخ حائطي,0dafba13-51f2-fc5a-eab7-f16d55bcce40,115.000,175.000,t,,210002752
RO10548,مسكر زاوية  ''1/2 * ''1/2 من غير مطول كروم,مونتانا س.ل,MT-6102,حنفية,4db58ef5-0e02-ae07-fc14-5629c40b7689,17.650,30.000,t,,310003620
CE10268,سخانة 30 لتر,فرش,,سخانة,4db58ef5-0e02-ae07-fc14-5629c40b7689,545.000,480.000,t,,210002994
ARSB80719,مصب دوش مع تحويلة ذهبي,سي أر سمارت,15.14.2,مصب دوش,2e234c5a-ae37-77f1-3c02-d40e664e7d50,90.000,140.000,t,,210003300
MC10452,مجرى 50 سم *6 سم كروم,درنيا,,مجرى,5bd59cc2-f915-90b2-5eb0-3ec705744a94,200.000,330.000,t,,210003214
ASCA60280,ستريتشة 2.44 متر,الشركة العالمية للتصدير و الإستيراد,,ستريتشة,193a3d2d-d39f-6712-72cb-c5f247087645,30.000,75.000,t,,210003777
CE10261,سخانة 30 لتر,ارستون,R 30,سخانة,5bd59cc2-f915-90b2-5eb0-3ec705744a94,565.000,780.000,t,,210002987
ME10496,خلاط حوض المطبخ شجرة كروم,بنتاقونو,118/6705,خلاط حوض المطبخ شجرة,803eabee-b81f-7acb-eb64-b2cae128a7cb,284.000,397.600,t,,310003567
ARSB80076,شطاف ظغط دائري مع طوبو كروم,مونتانا س.ل,MT-3101,شطاف,3371605a-058e-4bf1-07a5-d157c54ae58f,32.250,45.000,t,,210002672
LG40766,حوض وجه برسلين مع رف 80 سم,رويال,R-L5,حوض وجه برسلين,f68c4a72-8eb2-7563-07ad-b344ff9fe960,550.000,850.000,t,,310004107
AM0414,حوض وجه مع دولاب حمام مع خزانة مع مراية -80 سم,سانيتاري ويرز,9402,دولاب حمام,f68c4a72-8eb2-7563-07ad-b344ff9fe960,730.000,1300.000,t,,210003171
ML10830,خلاط حوض وجه وزة أسود,بن أمور,,خلاط حوض وجه,ac78bb51-d153-70a3-ad89-bdb50a8537eb,265.000,440.000,t,,310004262
SI10390,سلكون  280 غرام شفاف,SOMA FLX,SE218,سلكون,51882a69-3ac9-cde2-37e3-64e2b7daae96,8.958,15.000,f,,210004837
WA41049,غطاء مقعد معلق تورنيدو أبيض,ب.أمور,6103/052E,غطاء مقعد,77d76dcb-7fe6-a4b4-4998-83b869291b06,51.000,120.000,t,,310004520
PA30424,متر 5م,فندر,,أدوات القياس والتتبع,f330aa66-9a8a-90ee-d535-6c68ff14b0de,8.000,15.000,t,,210004943
PS20081,علاقة ملابس رباعية,سانيتاري ويرز,,علاقة مناشف,f68c4a72-8eb2-7563-07ad-b344ff9fe960,29.000,45.000,t,,210003542
CC10323,صليبة بيضاء 1.5ملي,الشركة العالمية للتصدير و الإستيراد,,كولة بلاط أرضيات,f330aa66-9a8a-90ee-d535-6c68ff14b0de,6.850,10.000,t,,210004759
PA30606,ليفة تنضيف ألمنيوم,الشركة العالمية للتصدير و الإستيراد,,خيط، حبل,4db58ef5-0e02-ae07-fc14-5629c40b7689,12.833,25.000,t,,210004124
ML10043,خلاط حوض وجه طويل  30 سم كروم,سانيتاري ويرز,,خلاط حوض وجه,f68c4a72-8eb2-7563-07ad-b344ff9fe960,95.000,150.000,t,,210002627
AASB30117,حاملة منظفات زوجي كروم,فينوس,VE-35,اكسسوارات,0dafba13-51f2-fc5a-eab7-f16d55bcce40,75.000,140.000,t,,310002966
LG40180,حوض وجه برسلين 100 سم,ليسو,B20100,حوض وجه برسلين,9a9f39af-a0d0-6a64-969d-7baa03e28c4f,500.000,0.000,t,,210004576
RA20009,"كوع 25 *  1/2"" سن خارجي",فرات,بي بي ر - PPR,كوع - كوربة,1054307a-87a0-d4d2-fe16-bd905fe6a04b,5.320,10.000,t,,210003285
MA20043,خلاط حوض المطبخ سحاب نحاسي,سانيتاري ويرز,,خلاط حوض المطبخ سحاب,081276dc-6952-a613-dc62-614b51522ad0,168.000,370.000,t,,210002773
RA30036,"مخفض 1.5"" * 1""",الرطيل,جي أم GM,مخفض,1054307a-87a0-d4d2-fe16-bd905fe6a04b,2.250,5.000,t,,210003450
PLSA0230,وردة كروم 3/4,سانيتاري ويرز,7-8865,وصلة,0dafba13-51f2-fc5a-eab7-f16d55bcce40,2.400,7.000,t,,310003344
ARSB80064,كسكاس دوش مربع 200*200 مم كروم,سانيتاري ويرز,,كسكاس دوش,f68c4a72-8eb2-7563-07ad-b344ff9fe960,45.000,85.000,t,,210002794
PE30180,لصقة كرتون 200,الشركة العالمية للتصدير و الإستيراد,,المواد اللاصقة و العازلة,4db58ef5-0e02-ae07-fc14-5629c40b7689,5.750,10.000,t,,210003674
AM0570,دولاب حمام مع حوض وجه بالملحق مع مرايا لد -80 سم,سانيتاري ويرز,9712,دولاب حمام,9a9f39af-a0d0-6a64-969d-7baa03e28c4f,1215.000,1850.000,t,,210005105
VS10822,حوض وجه معلق أبيض60,ب.أمور,LT-2253,حوض وجه معلق,77d76dcb-7fe6-a4b4-4998-83b869291b06,235.000,450.000,t,,310004252
MA20116,خلاط حوض المطبخ سحاب ذهبي,سانيتاري ويرز,,خلاط حوض المطبخ سحاب,081276dc-6952-a613-dc62-614b51522ad0,237.000,450.000,t,,210002712
ADOU50727,كرسي دوش بالظهر,بيورا,,ملحقات دوش,f9f6d83d-5b9d-2d22-c42a-21b487031fad,425.000,590.000,t,,310003837
PE30418,فوم 750غرام,كرفت,,المواد اللاصقة و العازلة,f330aa66-9a8a-90ee-d535-6c68ff14b0de,22.500,24.000,t,,210004923
ARSB80320,مخرج شطاف مع علاق ذهبي,بريمكس,J014G,مخرج شطاف,0dafba13-51f2-fc5a-eab7-f16d55bcce40,64.000,100.000,t,,210003061
AASB30028,رف ستاينلس ستيل كروم,فينوس,457C,اكسسوارات,0dafba13-51f2-fc5a-eab7-f16d55bcce40,23.000,50.000,t,,210003444
ARSB80304,مخرج شطاف كروم,توريما,0182711-T40,مخرج شطاف,3f8e1d44-c2e4-cecd-ff29-48dc418eba21,48.000,100.000,t,,210003041
AASB30070,موزع صابون سائل كروم,ونكو,PUERTO RICO,اكسسوارات,081276dc-6952-a613-dc62-614b51522ad0,24.000,50.000,t,,310002928
EG30256,حوض مطبخ جرانيت رملي محبب 80*50,سانيبال,فلورا,حوض مطبخ جرانيت,e47ac07e-2763-bc83-6cf2-c39bb577a1f9,339.605,520.000,t,,210002978
RO10328,حنفية 3/4,بوڨاتي,,حنفية,f330aa66-9a8a-90ee-d535-6c68ff14b0de,38.750,50.000,t,,210004766
CE10105,سخانة 50 لتر,ناسو,,سخانة,4db58ef5-0e02-ae07-fc14-5629c40b7689,380.000,410.000,t,,210004463
LG40147,حوض وجه برسلين 100 سم,سانيتاري ويرز,2715,حوض وجه برسلين,f68c4a72-8eb2-7563-07ad-b344ff9fe960,400.000,650.000,t,,210003641
ARSB80469,سماعة دوش مع طوبو ذهبي,مونتانا س.ل,MT-4102G,سماعة دوش,2e234c5a-ae37-77f1-3c02-d40e664e7d50,139.000,220.000,t,,210004556
EG30880,حوض مطبخ جرانيت رصاصي50*43 فردي,ب.أمور,Tallinn,حوض مطبخ جرانيت,0b31d558-d145-3aaf-232e-dad3cc8669b6,405.000,600.000,t,,310004334
ARSB80181,كسكاس دوش مربع 250*250 مم مع قصبة أسود,سانيتاري ويرز,,كسكاس دوش,f68c4a72-8eb2-7563-07ad-b344ff9fe960,95.000,170.000,t,,310002836
AECU50235,رقبة خلاط حوض مطبخ,سانيتاري ويرز,,ملحقات أحواض المطابخ,4db58ef5-0e02-ae07-fc14-5629c40b7689,7.500,20.000,t,,310003359
AASB31073,حاملة فرشاة أسنان كروم,بن أمور,50-10-48,اكسسوارات,ac78bb51-d153-70a3-ad89-bdb50a8537eb,20.000,60.000,t,,310004544
ARSB80807,شطاف ظغط دائري مع طوبو أسود,توريما,1372-03329-031,شطاف,3f8e1d44-c2e4-cecd-ff29-48dc418eba21,230.000,350.000,t,,310003917
EG40775,رف كواريون كوارتز 60سم,سانيتاري ويرز,diollo,رف حوض وجه برسلين,56855bde-1190-92a2-afb0-419a9650977f,230.000,330.000,t,,310004186
CD40007,مسطرة دوش زوجية ذهبي,سانيتاري ويرز,10200,مسطرة دوش,3f8e1d44-c2e4-cecd-ff29-48dc418eba21,200.000,300.000,t,,310003141
EG30195,حوض مطبخ جرانيت رملي محبب 90*50,سانيبال,رومبا,حوض مطبخ جرانيت,e47ac07e-2763-bc83-6cf2-c39bb577a1f9,481.000,650.000,t,,310003288
AASB30081,حاملة فرشاة أسنان كروم,KBM,3112,اكسسوارات,e47ac07e-2763-bc83-6cf2-c39bb577a1f9,35.000,75.000,t,,310002933
RA30056,"مخفض 2"" *.5 1""",الرطيل,جي أم GM,مخفض,1054307a-87a0-d4d2-fe16-bd905fe6a04b,4.900,7.000,t,,210003499
CD40781,مسطرة دوش زوجية اسود,ليفرنو هوم,452820,مسطرة دوش,081276dc-6952-a613-dc62-614b51522ad0,130.000,200.000,t,,310003402
MC10885,سرفنتينة 15 سم * 15 سم كروم,أكوا بلاست,Q1515RS/5,مجرى,74e1dacd-b468-4717-ef12-a0a78349e141,59.000,120.000,t,,310004006
VS11083,حوض وجه معلق 85*38سم,تركواز سيراستايل,SHARP,حوض وجه معلق,3ef761c8-d645-a9c8-47dc-960089e79b35,615.000,860.000,t,,310004586
AASB30223,رف زاوية كروم,ونكو,17792100C,اكسسوارات,081276dc-6952-a613-dc62-614b51522ad0,35.000,60.000,t,,310003333
MM30023,خلاط حوض المطبخ حائطي كروم,شيزا,STORM,خلاط حوض المطبخ حائطي,3f8e1d44-c2e4-cecd-ff29-48dc418eba21,105.000,180.000,t,,310002626
RA30051,طوبو رش 3/4 10 متر,التوفيق,,طوبو رش,4db58ef5-0e02-ae07-fc14-5629c40b7689,26.000,40.000,t,,210003484
AASB30149,حاملة فوط كروم,سانيتاري ويرز,AVATAR,اكسسوارات,ff3ad10c-136f-2eb9-510b-510058532e8d,40.000,95.000,t,,310002998
PE30219,"سكينة تغليف  2"" 5 سم",فندر,,أدوات,4db58ef5-0e02-ae07-fc14-5629c40b7689,3.454,10.000,t,,210003712
EG30254,حوض مطبخ جرانيت كريمي 80*50,سانيبال,سالسا,حوض مطبخ جرانيت,e47ac07e-2763-bc83-6cf2-c39bb577a1f9,435.000,590.000,t,,210002976
PA30434,ڨوانطي,الشركة التونسية للمواد الصحية,160G XL,قفازات,4db58ef5-0e02-ae07-fc14-5629c40b7689,3.950,10.000,t,,210003945
SI10098,سلكون  280 غرام شفاف,بوڨاتي,SIGPLL,سلكون,f68c4a72-8eb2-7563-07ad-b344ff9fe960,15.000,20.000,t,,210004259
PE30407,ورق سنفرة9بوصة 8فتحات,الشركة العالمية للتصدير و الإستيراد,P 180,ماكينة صنفرة,f330aa66-9a8a-90ee-d535-6c68ff14b0de,0.850,3.000,t,,210004910
PA30405,"فرشة صاروخ نحاس  5"" 125 مم",اي بي سي,AC19110,أقراص الصنفرة,4db58ef5-0e02-ae07-fc14-5629c40b7689,8.500,15.000,t,,210003916
RA30009,"كوربة 4"" 87.5°",الرطيل,جي أم GM,كوع - كوربة,4db58ef5-0e02-ae07-fc14-5629c40b7689,14.304,20.000,t,,210003401
ARSB80186,مخرج شطاف كروم,سانيتاري ويرز,,مخرج شطاف,f68c4a72-8eb2-7563-07ad-b344ff9fe960,35.000,80.000,t,,310002884
RA30066,"طابة نهاية خط 4""",الرطيل,جي أم GM,طابة,1054307a-87a0-d4d2-fe16-bd905fe6a04b,10.250,13.000,t,,210003513
MDE50022,خلاط دوش مدفون كروم,فرامو,NM207CR,خلاط دوش مدفون,f9f6d83d-5b9d-2d22-c42a-21b487031fad,255.000,400.000,t,,310002698
CD40237,مسطرة دوش مع خلاط اسود,ا بي ام انترناشونال,2007,مسطرة دوش,dc6e5eb0-a2c4-7fc8-161c-528f389f29cc,435.000,650.000,t,,210004644
AASB30548,رف زاوية أسود فردي,بريمكس,12-117,اكسسوارات,0dafba13-51f2-fc5a-eab7-f16d55bcce40,112.250,190.000,t,,210005083
MD20008,خلاط دوش ذهبي,نابولي,Z-9003N ZG,خلاط دوش,b3c3c120-ea64-9a00-f068-5896d8f5926d,92.000,180.000,t,,210002647
PSB10229,حوض وجه مع دولاب حمام مع مراية -80 سم,سانيتاري ويرز,ML-01-80,طقم حمام,3b74be9f-643f-cd77-2128-39d8b10170c9,470.000,750.000,t,,210002945
PS20490,علاقة مناشف زوجية بالعلاقة كروم,سانيتاري ويرز,wl-12,علاقة مناشف,f68c4a72-8eb2-7563-07ad-b344ff9fe960,69.000,120.000,t,,310003561
PE30106,"صندوق عدة بلاستك 14"" 37*19.5*18سم",اي بي سي,AC18778,صندوق الأدوات,4db58ef5-0e02-ae07-fc14-5629c40b7689,28.000,40.000,t,,210003572
ALVM50422,رأس سيفوني كروم,مونتانا س.ل,MT1011,رأس سيفوني,51882a69-3ac9-cde2-37e3-64e2b7daae96,68.750,120.000,t,,310003477
AM40273,مراية حمام بالدولاب كروم  -80 سم,أرسين,,مراية دولاب,e47ac07e-2763-bc83-6cf2-c39bb577a1f9,175.000,250.000,t,,210003001
EL10403,حوض مطبخ ستانلس ستيل منظومة دائري بيانو 304 75*46 كروم,سانيتاري ويرز,,حوض مطبخ ستانلس ستيل,f68c4a72-8eb2-7563-07ad-b344ff9fe960,580.000,750.000,t,,310003458
ML30422,مرايا حمام مع إضاءة لد 80*60 سم,سانيتاري ويرز,8204,مراية مضيئة,f68c4a72-8eb2-7563-07ad-b344ff9fe960,80.000,150.000,t,,210003182
AB10355,خزانة حمام أبيض,سانيتاري ويرز,8112,خزانة حمام,9a9f39af-a0d0-6a64-969d-7baa03e28c4f,280.000,500.000,t,,210004799
AASB30073,حاملة ورق منظف كلينكس,سانيتاري ويرز,AZ1300,اكسسوارات,0dafba13-51f2-fc5a-eab7-f16d55bcce40,83.000,130.000,t,,210003534
AASB30143,مسند لكبار السن كروم,ونكو,SECURA,اكسسوارات,081276dc-6952-a613-dc62-614b51522ad0,40.000,80.000,t,,310002992
LG40398,حوض وجه برسلين 80 سم,رويال,2608,حوض وجه برسلين,f68c4a72-8eb2-7563-07ad-b344ff9fe960,400.000,600.000,t,,210003155
ARSB80825,كسكاس دوش دائري شريحه 250 مم مع قصبة كروم,توريما,1372-15237-002,كسكاس دوش,3f8e1d44-c2e4-cecd-ff29-48dc418eba21,285.000,450.000,t,,310003946
ARSB80963,سماعة دوش مع طوبو كروم,توريما,0323511T43,سماعة دوش,9a9f39af-a0d0-6a64-969d-7baa03e28c4f,115.000,200.000,t,,210004682
WS10172,مقعد معلق رايملس أبيض,تركواز سيراستايل,IBIZA,مقعد معلق,3ef761c8-d645-a9c8-47dc-960089e79b35,940.000,1350.000,t,,210002876
ML30231,مرايا حمام مع إضاءة لد 80*60سم,سانيتاري ويرز,3073,مراية مضيئة,9a9f39af-a0d0-6a64-969d-7baa03e28c4f,85.000,180.000,t,,210004638
EG40188,رف حوض وجه برسلين 80 سم,ليسو,A2080D,رف حوض وجه برسلين,9a9f39af-a0d0-6a64-969d-7baa03e28c4f,150.000,350.000,t,,210004584
RA30442,ديسكو ليزري 7'' 1800 مم,الشركة العالمية للتصدير و الإستيراد,KINGLION,ديسكو منشار دائري,4db58ef5-0e02-ae07-fc14-5629c40b7689,115.000,150.000,t,,210003953
ARSB80471,"مسكر شطافة دبل ""1/2"" * ""1/2 كروم",فينوس,RACHEL P,مخرج شطاف,0dafba13-51f2-fc5a-eab7-f16d55bcce40,48.000,80.000,t,,210003243
LG40101,حوض وجه برسلين مشطوف مع رف 60,سانيتاري ويرز,23126A,حوض وجه برسلين,f68c4a72-8eb2-7563-07ad-b344ff9fe960,440.000,650.000,t,,210004458
MT30068,خلاط شطاف مع شطاف دائري كروم,بريمكس,2066,خلاط شطاف,0dafba13-51f2-fc5a-eab7-f16d55bcce40,175.000,290.000,t,,210002664
RA30057,"وصلة 3""",الرطيل,جي أم GM,وصلة,1054307a-87a0-d4d2-fe16-bd905fe6a04b,5.500,12.000,t,,210003500
ML10097,خلاط حوض وجه طويل كروم,سانيتاري ويرز,TURLQK FOL-002-A,خلاط حوض وجه,f68c4a72-8eb2-7563-07ad-b344ff9fe960,105.000,170.000,t,,310002787
MO10006,خلاط حوض المطبخ تحلية كروم,فيوري,73CR419,خلاط حوض المطبخ تحلية,3f8e1d44-c2e4-cecd-ff29-48dc418eba21,330.000,500.000,t,,310002743
ML30160,مرايا حمام مع إضاءة لد دائرية *3,تركي,4408,مراية مضيئة,ff3ad10c-136f-2eb9-510b-510058532e8d,180.000,270.000,t,,310003236
ATWC50215,بتارية مقعد أرضي تحت,سانيتاري ويرز,,ملحقات مقاعد,dc6e5eb0-a2c4-7fc8-161c-528f389f29cc,14.500,40.000,t,,210002927
CD40181,مسطرة دوش زوجية كروم,,,مسطرة دوش,193a3d2d-d39f-6712-72cb-c5f247087645,130.000,200.000,t,,310003274
ML10896,خلاط حوض وجه شاشة أسود,ليسو,JR031-88,خلاط حوض وجه,f68c4a72-8eb2-7563-07ad-b344ff9fe960,175.000,290.000,t,,310004017
PA30552,فيتي لاميرة 4.2 * 32 (100غ),الشركة العالمية للتصدير و الإستيراد,,برغي,4db58ef5-0e02-ae07-fc14-5629c40b7689,1.575,5.000,t,,210004069
LG40893,حوض وجه كوارتز مع رف مع مراية 80 سم,سانيتاري واير,W801,حوض وجه برسلين,b254c840-e3dc-aa50-45cc-22c1a82f1d9d,870.000,1100.000,t,,310004014
WA40043,غطاء مقعد أبيض,كورنات,VIGO,غطاء مقعد,081276dc-6952-a613-dc62-614b51522ad0,45.000,90.000,t,,210003347
RA20014,"وصلة 25* 1/2"" سن داخلي",فرات,بي بي ر - PPR,وصلة,1054307a-87a0-d4d2-fe16-bd905fe6a04b,4.085,10.000,t,,210003290
ARSB80217,وجه خلاط شطاف مدفون كروم,غروهي,19451002,ملحقات خلاط,f68c4a72-8eb2-7563-07ad-b344ff9fe960,360.000,490.000,t,,210003710
RA20555,مخفض قومه 50*26*35 ايطالي,سانيتاري ويرز,,مخفض,46b65556-274a-45aa-9c85-4e9803db664f,2.600,7.000,t,,310003627
RA20020,"مثلث 32"" لحام",فرات,بي بي ر - PPR,مثلث,1054307a-87a0-d4d2-fe16-bd905fe6a04b,2.090,5.000,t,,310002583
AASB30214,صابونية أسود,سانيتاري ويرز,CAPELLA,اكسسوارات,ff3ad10c-136f-2eb9-510b-510058532e8d,60.000,100.000,t,,310003326
ML30935,مرايا حمام مع إضاءة لد 60*80سم اطار كروم,ديولو,DE 022-CC,مراية مضيئة,b254c840-e3dc-aa50-45cc-22c1a82f1d9d,125.000,200.000,t,,310004405
ARSB80909,كسكاس دوش مربع 300*200 مم مع قصبة كروم,ديولو,62-25-500,كسكاس دوش,b254c840-e3dc-aa50-45cc-22c1a82f1d9d,79.000,150.000,t,,310004030
ARSB80247,مخرج شطاف مع علاق كروم,سانيتاري ويرز,TRD,مخرج شطاف,f68c4a72-8eb2-7563-07ad-b344ff9fe960,53.000,90.000,t,,310003032
ART0200,سيفون حوض المطبخ,سي أر سمارت,MARYPLAST,ملحقات أحواض المطابخ,9a9f39af-a0d0-6a64-969d-7baa03e28c4f,16.500,40.000,t,,210004596
PE30039,طلاء عاز ل مطاطي  3 كغ,الواحة,العازل,الجدران خارجي,4db58ef5-0e02-ae07-fc14-5629c40b7689,35.000,55.000,t,,210003358
ARSB80750,مخرج شطاف أسود,فيدار,FD120014-B,مخرج شطاف,509e8e91-b47c-f17c-5f3a-a8dfebf81f76,37.000,60.000,t,,310003862
ALVM50766,سيفون حوض الوجه اسود,فيدار,,سيفون حوض الوجه,dc6e5eb0-a2c4-7fc8-161c-528f389f29cc,85.500,150.000,t,,310003876
EG40768,رف حوض وجه برسلين 80 سم,رويال,R-L5,رف حوض وجه برسلين,f68c4a72-8eb2-7563-07ad-b344ff9fe960,150.000,250.000,t,,310004109
EL10143,حوض مطبخ ستانلس ستيل   70*45  أسود,سانيتاري ويرز,,حوض مطبخ ستانلس ستيل,dc6e5eb0-a2c4-7fc8-161c-528f389f29cc,159.500,300.000,t,,210004523
PLSA0131,"مطول ""1/2* 30 مم كروم",سانيتاري ويرز,,وصلة,4db58ef5-0e02-ae07-fc14-5629c40b7689,13.500,12.000,t,,310003356
PS20015,علاقة ملابس خماسية دوران,سانيتاري ويرز,,علاقة مناشف,0dafba13-51f2-fc5a-eab7-f16d55bcce40,78.000,100.000,t,,210003420
ARSB80037,سماعة دوش مع طوبو ذهبي,تركواز سيراستايل,,سماعة دوش,2e234c5a-ae37-77f1-3c02-d40e664e7d50,63.000,100.000,t,,210003338
RA20041,اسطافة 25'',فرات,بي بي ر - PPR,اسطافة,1054307a-87a0-d4d2-fe16-bd905fe6a04b,0.409,5.000,t,,310002604
PD21032,حاجز دوش 70*190سم 8مم اطار كروم مخطط,KALVA,13.2/70CM,حاجز دوش,b254c840-e3dc-aa50-45cc-22c1a82f1d9d,535.000,820.000,t,,310004503
PE30110,ماصة 1.5 كغ,اي بي سي,AC18726,مطرقة - ماصة,4db58ef5-0e02-ae07-fc14-5629c40b7689,18.000,27.000,t,,210003577
ELC2004,قرجوطة 26مم *50 م,فاندي,F0024,قراجيط الكهرباء,06d20f1c-34a0-e014-64db-92734ce57411,34.750,50.000,t,,210004222
AM0859,دولاب حمام -80 سم,سانيتاري ويرز,9911,دولاب حمام,f68c4a72-8eb2-7563-07ad-b344ff9fe960,600.000,1000.000,t,,310004288
PD20918,حاجز دوش 8 مم  مضبب80  سم,سانيتاري ويرز,PF40-16,حاجز دوش,b254c840-e3dc-aa50-45cc-22c1a82f1d9d,395.000,620.000,t,,310004042
AB10360,خزانة حمام أبيض,سانيتاري ويرز,8110,خزانة حمام,9a9f39af-a0d0-6a64-969d-7baa03e28c4f,280.000,500.000,t,,210004804
99992,رسوم البنك,,,نفقات التشغيل,,50.000,50.000,t,,210003226
PS20781,علاقة مناشف كروم,بضائع أوروبية,230610,علاقة مناشف,081276dc-6952-a613-dc62-614b51522ad0,35.000,70.000,t,,310003892
AM0848,حوض وجه مع دولاب حمام مع خزانة مع مراية -60 سم,سانيتاري ويرز,1526,دولاب حمام,f68c4a72-8eb2-7563-07ad-b344ff9fe960,1050.000,1550.000,t,,310004278
FE30276,كسكاس 1 نحاس,بوڨاتي,,فيلتر المياه,f330aa66-9a8a-90ee-d535-6c68ff14b0de,36.000,50.000,t,,210004697
MI10263,مراية تجميل مكبرة,سانيتاري ويرز,WL20,مراية,9a9f39af-a0d0-6a64-969d-7baa03e28c4f,58.000,130.000,t,,210004683
AASB30137,صابونية أسود,ديكسا,1703.S,اكسسوارات,ff3ad10c-136f-2eb9-510b-510058532e8d,60.000,100.000,t,,310002986
PE30426,موس فرش 18 مم,اي بي سي,AC18805,موس فرش والمقص,4db58ef5-0e02-ae07-fc14-5629c40b7689,3.750,9.000,t,,210003937
VS10803,حوض وجه-80 سم أبيض,سانيتاري ويرز,8107,حوض وجه معلق,f68c4a72-8eb2-7563-07ad-b344ff9fe960,230.000,350.000,t,,310003914
ARSB80988,كسكاس دوش دائري 250 مم كروم,توريما,1372-01476-001,كسكاس دوش,3f8e1d44-c2e4-cecd-ff29-48dc418eba21,145.000,250.000,t,,310004176
WP20561,مقعد عربي  بورسلين رصاصي,سانيتاري ويرز,K01,مقعد أرضي,0b8a959f-88d0-b62a-6697-d466cdbea926,120.000,180.000,t,,310003633
RFP11109,"فسيبلي "" 1/2 أنثى * ""3/8 أنثى 60سم",مونتانا س.ل,,فسيبلي,9a9f39af-a0d0-6a64-969d-7baa03e28c4f,11.250,25.000,t,,310004612
PE30109,"صندوق عدة  19""",فندر,,صندوق الأدوات,4db58ef5-0e02-ae07-fc14-5629c40b7689,55.000,85.000,t,,210003576
EL10594,حوض مطبخ ستانلس ستيل 304 75*43,سانيتاري ويرز,,حوض مطبخ ستانلس ستيل,b254c840-e3dc-aa50-45cc-22c1a82f1d9d,154.000,250.000,t,,310003699
LG40329,حوض وجه برسلين 80 سم,رويال,YB03_10,حوض وجه برسلين,60d7d8a2-1083-abe4-d894-b1c7f3235d40,400.000,600.000,t,,210003071
AASB30798,مسند لكبار السن 45 كروم,سانيتاري ويرز,JP-NL08,اكسسوارات,0dafba13-51f2-fc5a-eab7-f16d55bcce40,55.000,100.000,t,,310003419
EL50229,ڨويدة 15 متر,الشركة العالمية للتصدير و الإستيراد,,ملحقات الكهرباء,4db58ef5-0e02-ae07-fc14-5629c40b7689,22.500,30.000,t,,210003722
MD20453,خلاط دوش كروم,شهاب,NEW MARJAN,خلاط دوش,3371605a-058e-4bf1-07a5-d157c54ae58f,155.000,240.000,t,,310003522
ARSB80112,قصبة دوش مربعة 43 سم كروم,فينوس,,قصبة دوش,0dafba13-51f2-fc5a-eab7-f16d55bcce40,42.000,70.000,t,,210002816
ALVM50016,سيفون حوض الوجه أسود,توريما,03313BB-T42,سيفون حوض الوجه,3f8e1d44-c2e4-cecd-ff29-48dc418eba21,460.000,800.000,t,,310002672
ME10038,خلاط حوض المطبخ تحلية شجرة كروم,سانيتاري ويرز,AR529,خلاط حوض المطبخ شجرة,dd2fc8ac-5717-c00a-07b0-627c341c4a46,280.000,450.000,t,,310002776
RFP1868,"فسيبلي "" 1/2 أنثى * ""1/2 أنثى 50سم",فانسكي,اسباني,فسيبلي,f592fa51-d431-40c9-f38d-39cdf4092eb2,45.000,20.000,t,,310003989
LG40192,حوض وجه برسلين مشطوف مع رف 80 سم,ليسو,C2080D,حوض وجه برسلين,9a9f39af-a0d0-6a64-969d-7baa03e28c4f,585.000,950.000,t,,210004588
ML10081,خلاط حوض وجه كروم,جي اف مارك,6736D,خلاط حوض وجه,60d7d8a2-1083-abe4-d894-b1c7f3235d40,310.000,490.000,t,,310002735
EG30194,حوض مطبخ جرانيت بيج  80*50,سانيبال,توكس,حوض مطبخ جرانيت,e47ac07e-2763-bc83-6cf2-c39bb577a1f9,412.377,620.000,t,,310003287
PE30996,قطرامينة 15ك مائية سطل بلاستك,دهانات المدينة مصراتة,العازل,الجدران خارجي,4db58ef5-0e02-ae07-fc14-5629c40b7689,67.200,60.000,t,,210004438
PA30558,فيتي بالخبور 8 مم (50 قطعة),الشركة العالمية للتصدير و الإستيراد,,برغي,4db58ef5-0e02-ae07-fc14-5629c40b7689,3.150,10.000,t,,210004075
MD20002,خلاط دوش كروم,فينوس,CALVIN A3,خلاط دوش,0dafba13-51f2-fc5a-eab7-f16d55bcce40,215.000,330.000,t,,210002641
MD20010,خلاط دوش كروم,شيزا,NOVA,خلاط دوش,3f8e1d44-c2e4-cecd-ff29-48dc418eba21,280.000,240.000,t,,210002649
AM0419,حوض وجه مع دولاب حمام مع خزانة مع مراية -80 سم,سانيتاري ويرز,9402,دولاب حمام,f68c4a72-8eb2-7563-07ad-b344ff9fe960,780.000,1300.000,t,,210003178
ALVM50029,سيفون حوض الوجه ذهبي,سانيتاري ويرز,SCHMIDT,سيفون حوض الوجه,2e234c5a-ae37-77f1-3c02-d40e664e7d50,86.000,150.000,f,,310002867
PE30896,عازل ناري 16 كغ,دهانات المدينة مصراتة,العازل,الجدران خارجي,4db58ef5-0e02-ae07-fc14-5629c40b7689,292.800,285.000,t,,210004447
SA11115,طقم اكسسوار كروم,ليسو,FL0400,طقم اكسسوارات,f68c4a72-8eb2-7563-07ad-b344ff9fe960,190.000,340.000,t,,310004618
EG30728,حوض مطبخ جرانيت أبيض  80*50,سانيبال,SPAZIO,حوض مطبخ جرانيت,e47ac07e-2763-bc83-6cf2-c39bb577a1f9,340.000,510.000,t,,310003840
ML30808,مرايا حمام مع إضاءة لد80*60 سم,سانيتاري ويرز,9922,مراية مضيئة,f68c4a72-8eb2-7563-07ad-b344ff9fe960,120.000,200.000,t,,310004228
ARSB80430,كسكاس دوش مربع  250*250 مم كروم مع قصبة,مونتانا س.ل,MT-2525SQ,كسكاس دوش,51882a69-3ac9-cde2-37e3-64e2b7daae96,210.000,310.000,t,,310003487
RA30043,"ديسكو تنظيف 4.5"" 115 مم",كداس,A 24 PLUS T-BF,ديسكو منشار دائري,4db58ef5-0e02-ae07-fc14-5629c40b7689,5.650,10.000,t,,210003458
PD20457,حاجز دوش 8 مم  مخطط 90*190  سم كروم,سانيتاري ويرز,14-40,حاجز دوش,b254c840-e3dc-aa50-45cc-22c1a82f1d9d,360.000,600.000,t,,310003526
ARSB80241,كسكاس دوش مربع 200*200 مم كروم,توريما,IH015CRSC,كسكاس دوش,f68c4a72-8eb2-7563-07ad-b344ff9fe960,155.000,250.000,t,,310003107
AASB30063,صابونية كروم,ونكو,BOSIO SHINE,اكسسوارات,081276dc-6952-a613-dc62-614b51522ad0,18.750,50.000,t,,310002925
AM0852,دولاب حمام بالملحق مع مرايا لد -80 سم,سانيتاري ويرز,9616,دولاب حمام,f68c4a72-8eb2-7563-07ad-b344ff9fe960,1075.000,1600.000,t,,310003973
SA11135,طقم اكسسوار كروم,ليسو,662,طقم اكسسوارات,f68c4a72-8eb2-7563-07ad-b344ff9fe960,245.000,380.000,t,,310004638
RO10096,مسكر زاوية  ''1/2 * ''1/2 كروم,فيرمر,,حنفية,4db58ef5-0e02-ae07-fc14-5629c40b7689,14.500,20.000,t,,210004257
RA30067,"طابة مجمع 1.5""",الرطيل,جي أم GM,طابة,1054307a-87a0-d4d2-fe16-bd905fe6a04b,3.880,6.000,t,,210003514
AASB30834,سلة قمامة أسود  8 لتر,بن أمور,مجموعة بن عمر,اكسسوارات,ac78bb51-d153-70a3-ad89-bdb50a8537eb,125.000,250.000,t,,310004266
RO10924,مسكر زاوية  ''1/2 * ''1/2 ذهبي,سانيتاري ويرز,POLO-002,حنفية,9a9f39af-a0d0-6a64-969d-7baa03e28c4f,19.000,30.000,t,,310004048
ARSB80294,"مسكر شطافة ""1/2"" * ""1/2 كروم",سانيتاري ويرز,ARB,مخرج شطاف,dd2fc8ac-5717-c00a-07b0-627c341c4a46,35.500,45.000,t,,310003296
AASB30103,موزع صابون ابيض,ونكو,24594100,اكسسوارات,081276dc-6952-a613-dc62-614b51522ad0,20.000,60.000,t,,310002952
RA30052,طوبو رش 3/4 40 متر,التوفيق,,طوبو رش,4db58ef5-0e02-ae07-fc14-5629c40b7689,94.000,120.000,t,,210003485
LG40978,حوض مع رف كواريون كوارتز مع مرايا  60سم بيج,سانيتاري ويرز,S60-4,حوض وجه برسلين,f68c4a72-8eb2-7563-07ad-b344ff9fe960,720.000,1100.000,t,,310004448
PE30325,طلاء مائي داخلي 18 كغ اقتصادي,شركة الحيرة لدهانات,200,الجدران والسقف,cbc8158a-9b45-9705-3f1d-05cad25ac2d7,60.000,70.000,t,,210004748
MC10005,مجرى 50 سم *6 سم دهبي,سانيتاري ويرز,,مجرى,eaec4caa-2cd8-a5a0-0ace-817c235e4ecc,110.000,175.000,t,,210003238
AASB30031,صابونية كروم,ونكو,SAN REMO,اكسسوارات,081276dc-6952-a613-dc62-614b51522ad0,22.500,75.000,t,,310002902
RA30024,"جرجوري 4"" * 3""",الرطيل,جي أم GM,كوع - كوربة,4db58ef5-0e02-ae07-fc14-5629c40b7689,17.000,25.000,t,,210003422
MT30061,خلاط شطاف مع شطاف كروم,شيزا,TULIP,خلاط شطاف,3f8e1d44-c2e4-cecd-ff29-48dc418eba21,145.000,220.000,f,,210002657
ATWC50167,وصلة بتارية مدفونة 35 سم,سانيتاري ويرز,,ملحقات مقاعد,51882a69-3ac9-cde2-37e3-64e2b7daae96,40.000,70.000,t,,310003247
PA30378,غربال,الشركة العالمية للتصدير و الإستيراد,,غربال,4db58ef5-0e02-ae07-fc14-5629c40b7689,9.500,20.000,t,,210003889
ARSB80848,شطاف ظغط مربع مع طوبو ذهبي,بن أمور,مجموعة بن عمر,شطاف,ac78bb51-d153-70a3-ad89-bdb50a8537eb,60.000,180.000,t,,310004297
ML10047,خلاط حوض وجه كروم,ب س,PLS-61-F,خلاط حوض وجه,f68c4a72-8eb2-7563-07ad-b344ff9fe960,88.000,130.000,t,,210002631
ARSB80266,مخرج شطاف مربع بالعلاقة أسود,ليمكس,LY-2763-B,مخرج شطاف,f592fa51-d431-40c9-f38d-39cdf4092eb2,82.500,140.000,t,,210003760
LG40178,حوض وجه برسلين مشطوف 80 سم,ليسو,C2080A,حوض وجه برسلين,9a9f39af-a0d0-6a64-969d-7baa03e28c4f,400.000,600.000,t,,210004574
ARSB80088,شطاف ظغط دائري مع طوبو كروم,توريما,,شطاف,3f8e1d44-c2e4-cecd-ff29-48dc418eba21,31.000,85.000,t,,210002684
PA30017,مفتاح بيبة رقم13مم,الشركة العالمية للتصدير و الإستيراد,AC18693,مفاتيح,4db58ef5-0e02-ae07-fc14-5629c40b7689,4.850,10.000,t,,210004373
CD40755,مسطرة دوش زوجية كروم,سانيتاري ويرز,OM-55,مسطرة دوش,b254c840-e3dc-aa50-45cc-22c1a82f1d9d,128.000,250.000,t,,310004093
PE30222,"سكينة تغليف  5"" 12.5 سم",فندر,,أدوات,4db58ef5-0e02-ae07-fc14-5629c40b7689,4.650,10.000,t,,210003715
AASB30217,حاملة فوط أسود,سانيتاري ويرز,CAPELLA,اكسسوارات,ff3ad10c-136f-2eb9-510b-510058532e8d,65.000,130.000,t,,310003329
AB10336,خزانة حمام أبيض,سانيتاري ويرز,8102,خزانة حمام,9a9f39af-a0d0-6a64-969d-7baa03e28c4f,280.000,500.000,t,,210004780
ARSB80182,مخرج شطاف مربع بالعلاقة أسود,سانيتاري ويرز,992,مخرج شطاف,f68c4a72-8eb2-7563-07ad-b344ff9fe960,17.143,60.000,t,,310002880
PE30354,مطرقة,الشركة العالمية للتصدير و الإستيراد,,مطرقة - ماصة,4db58ef5-0e02-ae07-fc14-5629c40b7689,28.000,40.000,t,,210003861
PE30318,طلاء مائي داخلي 10 كغ أبيض نص لمعه,شركة الحيرة لدهانات,,الجدران والسقف,cbc8158a-9b45-9705-3f1d-05cad25ac2d7,150.000,160.000,t,,210004744
ARSB80868,كسكاس دوش مربع 250*250 مم مع قصبة اسود,توريما,1372-15322-005,كسكاس دوش,3f8e1d44-c2e4-cecd-ff29-48dc418eba21,705.000,890.000,t,,210004989
PE30023,زمالطو 2.5 كغ أَحْمَر لامع,دهانات المدينة مصراتة,,الحديد,4db58ef5-0e02-ae07-fc14-5629c40b7689,44.000,75.000,t,,210003319
PS20121,علاقة ملابس خماسية,سانيتاري ويرز,NDR-19184-1,علاقة مناشف,f68c4a72-8eb2-7563-07ad-b344ff9fe960,65.000,100.000,t,,310002970
CD40631,مسطرة دوش زوجية مع خلاط دجتل رصاصي,بن أمور,10005,مسطرة دوش,ac78bb51-d153-70a3-ad89-bdb50a8537eb,300.000,600.000,t,,310003739
ARSB80828,كسكاس دوش مربع  200 مم مع قصبة ذهبي,فرامو,HO211ORO,كسكاس دوش,f9f6d83d-5b9d-2d22-c42a-21b487031fad,500.000,700.000,t,,310004158
LG40769,حوض مع رف كواريون كوارتز 80سم أسود,سانيتاري ويرز,S80-2,حوض وجه برسلين,f68c4a72-8eb2-7563-07ad-b344ff9fe960,770.000,1300.000,t,,310004110
ARSB80219,كسكاس دوش مربع 200*200 مم مع قصبة كروم معا سماعه متحركة مع مخرج شطافة,فاردر,FD30021-C,كسكاس دوش,dc6e5eb0-a2c4-7fc8-161c-528f389f29cc,155.000,280.000,t,,210004531
AM0541,دولاب حمام أرضي 60,بضائع أوروبية,,دولاب حمام,081276dc-6952-a613-dc62-614b51522ad0,120.000,200.000,t,,310003613
PA30567,زاوية كرسي 25 * 15 * 1.5 مم (4 قطع),الشركة العالمية للتصدير و الإستيراد,,تشكيلة من التثبيتات,4db58ef5-0e02-ae07-fc14-5629c40b7689,1.080,3.000,t,,210004084
ARSB80117,مصب دوش مع تحويلة كروم,فينوس,RACHEL D1,مصب دوش,0dafba13-51f2-fc5a-eab7-f16d55bcce40,113.000,170.000,t,,210002821
P30114,بدل كورة,شمجا,PS-01B,مضخة,4db58ef5-0e02-ae07-fc14-5629c40b7689,115.000,165.000,t,,210003602
LG40198,حوض وجه برسلين مشطوف مع رف 80 سم,ليسو,A2080D,حوض وجه برسلين,9a9f39af-a0d0-6a64-969d-7baa03e28c4f,450.000,850.000,t,,210004594
PS20474,علاقة مناشف زوجية كروم,سانيتاري ويرز,,علاقة مناشف,0dafba13-51f2-fc5a-eab7-f16d55bcce40,138.000,220.000,t,,210003247
ARSB80718,مخرج شطاف مربع بالعلاقة كروم,سي أر سمارت,15-4-4,مخرج شطاف,2e234c5a-ae37-77f1-3c02-d40e664e7d50,66.000,100.000,t,,210003299
AM0958,دولاب مع حوض وجه مع مراية حمام 70 سم,بن أمور,330-70,دولاب حمام,3b74be9f-643f-cd77-2128-39d8b10170c9,700.000,1400.000,t,,310004428
ME10021,خلاط حوض المطبخ شجرة كروم,شيزا,SHORT,خلاط حوض المطبخ شجرة,3f8e1d44-c2e4-cecd-ff29-48dc418eba21,185.000,300.000,t,,310002628
VS10737,حوض وجه معلق -80 سم,لابينو,4843,حوض وجه معلق,b254c840-e3dc-aa50-45cc-22c1a82f1d9d,270.000,600.000,t,,310003849
AM0740,دولاب حمام مع حوض وجه 80 سم,سانيتاري ويرز,001,دولاب حمام,b254c840-e3dc-aa50-45cc-22c1a82f1d9d,780.000,1110.000,t,,310004077
LG40102,حوض وجه برسلين 65 سم,رويال,YB036_6,حوض وجه برسلين,60d7d8a2-1083-abe4-d894-b1c7f3235d40,400.000,600.000,t,,310003174
PA30102,ڨومة برويطة فوم قلب متحرك ديسكو مسكر مضغوطة,الشركة العالمية للتصدير و الإستيراد,,برويطة,4db58ef5-0e02-ae07-fc14-5629c40b7689,70.000,90.000,t,,210003590
ARSB80081,شطاف ظغط دائري مع طوبو كروم,فينوس,AHF10,شطاف,0dafba13-51f2-fc5a-eab7-f16d55bcce40,43.000,75.000,t,,210002677
PE30018,زمالطو  3 كغ أزرق سماوي,دهانات المدينة مصراتة,,الحديد,4db58ef5-0e02-ae07-fc14-5629c40b7689,52.500,75.000,t,,210003314
MM30019,خلاط حوض المطبخ حائطي كروم,فينوس,DELMA,خلاط حوض المطبخ حائطي,4db58ef5-0e02-ae07-fc14-5629c40b7689,120.000,170.000,t,,210002749
AM0901,دولاب حمام -80 سم,سانيتاري ويرز,PL80-2,دولاب حمام,b254c840-e3dc-aa50-45cc-22c1a82f1d9d,500.000,800.000,t,,310004022
CC10529,باسطة 240 غ,الشركة العالمية للتصدير و الإستيراد,MIDO COATINGS,كولة بلاط أرضيات,e47ac07e-2763-bc83-6cf2-c39bb577a1f9,8.000,15.000,t,,210004045
MA20618,خلاط حوض المطبخ سحاب كروم,بن أمور,EY1252,خلاط حوض المطبخ سحاب,ac78bb51-d153-70a3-ad89-bdb50a8537eb,115.000,550.000,t,,310003726
MC10060,مجرى 40 سم *7 سم كروم,الشركة التونسية للمواد الصحية,IRIS+,مجرى,4db58ef5-0e02-ae07-fc14-5629c40b7689,44.000,70.000,t,,310003090
RO10295,حنفية غسالة  ''1/2 * ''3/4 كروم,ريو,R0040,حنفية,51882a69-3ac9-cde2-37e3-64e2b7daae96,17.750,30.000,t,,210003031
VP20212,حوض وجه دائري حوض فوق الرخام - 46سم,تركواز سيراستايل,ONE,حوض فوق الرخام,3ef761c8-d645-a9c8-47dc-960089e79b35,235.000,350.000,t,,210002923
P30112,بدل كورة,فارس,2000-Hybrid,مضخة,4db58ef5-0e02-ae07-fc14-5629c40b7689,95.000,145.000,t,,210003600
ARSB80415,مخرج شطاف مع علاق كروم معا مسكر,فينوس,SAHFS,مخرج شطاف,0dafba13-51f2-fc5a-eab7-f16d55bcce40,51.410,120.000,t,,210004880
ARSB81002,شطاف ضغط مربع مع طوبو ذهبي,سانيتاري ويرز,NONAS,شطاف,0dafba13-51f2-fc5a-eab7-f16d55bcce40,44.620,100.000,t,,310003083
ML30413,مرايا حمام مع إضاءة لد 80*60 سم,سانيتاري ويرز,9402,مراية مضيئة,f68c4a72-8eb2-7563-07ad-b344ff9fe960,50.000,150.000,t,,210003170
MC10257,مجرى 40 سم *6 سم كروم,فيرونا,SP540,مجرى,f68c4a72-8eb2-7563-07ad-b344ff9fe960,155.000,250.000,t,,210003750
MD20246,خلاط دوش أسود,ليسو,B15-031,خلاط دوش,9a9f39af-a0d0-6a64-969d-7baa03e28c4f,105.000,200.000,t,,210004655
PA30479,بينسة رقم 8,اي بي سي,AC18641,مفك البراغي يدوي,4db58ef5-0e02-ae07-fc14-5629c40b7689,12.750,25.000,t,,210003995
ARSB80767,مخرج شطاف كروم,PAINI,51CR133IG,شطاف,95a6cd40-9663-6e5a-2d2b-82c8a97852fc,57.000,120.000,t,,310004168
AM0450,دولاب حمام 100 سم,أوركا,NEW ROSE,دولاب حمام,fd059421-15b9-e743-662a-d6c4e83bb171,1600.000,2400.000,t,,210003213
AB10825,خزانة حمام أبيض,سانيتاري ويرز,9936,خزانة حمام,f68c4a72-8eb2-7563-07ad-b344ff9fe960,150.000,250.000,t,,310004256
MD20057,خلاط دوش مع سماعة كروم,أيولي,STILE,خلاط دوش,e2471349-f041-76d6-af3b-07b14234b9a8,210.000,330.000,t,,210002653
ML30091,مرايا حمام مع إضاءة لد مع اطار كروم  80*60 سم,سانيتاري ويرز,2-8866,مراية مضيئة,f68c4a72-8eb2-7563-07ad-b344ff9fe960,125.000,200.000,t,,210004433
PA30394,قفل شنطة نحاس 25 مم,الشركة العالمية للتصدير و الإستيراد,263,قفل باب,4db58ef5-0e02-ae07-fc14-5629c40b7689,1.850,5.000,t,,210004143
EG30873,حوض مطبخ جرانيت بيج72*47 فردي,ب.أمور,Nice,حوض مطبخ جرانيت,0b31d558-d145-3aaf-232e-dad3cc8669b6,480.000,720.000,t,,310004327
RFP1877,"فسيبلي خلاط مطبخ شجرة (2طرف) ""1/2أنثى 60سم",ليريا,NT-240401-12,فسيبلي,f68c4a72-8eb2-7563-07ad-b344ff9fe960,12.500,30.000,t,,310003998
ALVM50010,رأس سيفوني اسود,فيرمر,,رأس سيفوني,2e234c5a-ae37-77f1-3c02-d40e664e7d50,55.000,90.000,t,,210003306
PA30379,مقص العشب,فندر,,مقص العشب,4db58ef5-0e02-ae07-fc14-5629c40b7689,23.000,40.000,t,,210003890
MLE40007,خلاط حوض وجه مدفون مع مَصَب كروم,توريما,VELVET 8V31311-090,خلاط حوض وجه مدفون,3f8e1d44-c2e4-cecd-ff29-48dc418eba21,510.000,890.000,t,,310002662
AASB30058,صابونية ذهبي,سانيتاري ويرز,9042-12,اكسسوارات,0dafba13-51f2-fc5a-eab7-f16d55bcce40,29.000,50.000,t,,310002921
MC10059,مجرى 40 سم *10 سم أسود,تركي,TM141-40B,مجرى,f68c4a72-8eb2-7563-07ad-b344ff9fe960,88.000,150.000,t,,310003089
PS20489,علاقة مناشف كروم,سانيتاري ويرز,WL-17,علاقة مناشف,f68c4a72-8eb2-7563-07ad-b344ff9fe960,58.000,90.000,t,,310003560
ABAG50150,سيفون حوض استحمام بانيو,رايمر,,ملحقات أحواض استحمام,dc6e5eb0-a2c4-7fc8-161c-528f389f29cc,38.500,70.000,t,,210004533
ML31021,مرايا حمام ضد البخار لد بالعلاقة اطار وردة كروم70*70سم,RIMERIO,670,مراية مضيئة,b254c840-e3dc-aa50-45cc-22c1a82f1d9d,148.000,230.000,t,,310004492
PA30603,بالة 1.2 متر,الشركة العالمية للتصدير و الإستيراد,,بالة,4db58ef5-0e02-ae07-fc14-5629c40b7689,37.000,55.000,t,,210004121
LG40384,حوض وجه برسلين مع رف 80 سم,رويال,YB03_10,حوض وجه برسلين,60d7d8a2-1083-abe4-d894-b1c7f3235d40,470.000,750.000,t,,210003141
WS10127,مقعد معلق أبيض,سانيبال,توكيو,مقعد معلق,e47ac07e-2763-bc83-6cf2-c39bb577a1f9,340.000,450.000,t,,310003203
ARSB80148,مصب دوش مع تحويلة كروم,فينوس,RACHEL D1S,مصب دوش,0dafba13-51f2-fc5a-eab7-f16d55bcce40,110.000,160.000,t,,210002852
PE30113,ملعقة رقم 20,اي بي سي,AC70002,ملعقة,4db58ef5-0e02-ae07-fc14-5629c40b7689,5.000,8.000,t,,210003580
ARSB80322,"مسكر شطافة دبل ""1/2"" * ""1/2 كروم",ليسو,,مخرج شطاف,f68c4a72-8eb2-7563-07ad-b344ff9fe960,25.000,60.000,t,,210003817
ALVM50390,رأس سيفوني رخامي,سانيتاري ويرز,923,رأس سيفوني,f68c4a72-8eb2-7563-07ad-b344ff9fe960,48.000,80.000,t,,210004213
ARSB80151,قصبة دوش 33 سم كروم,توريما,0324611-T40,قصبة دوش,3f8e1d44-c2e4-cecd-ff29-48dc418eba21,78.000,140.000,t,,210002855
ML30134,مرايا حمام مع إضاءة لد 80*60 سم,كاي بي ام,,مراية مضيئة,e47ac07e-2763-bc83-6cf2-c39bb577a1f9,77.600,125.000,t,,310003210
LG40183,حوض وجه برسلين مشطوف 80 سم,ليسو,A2080B,حوض وجه برسلين,9a9f39af-a0d0-6a64-969d-7baa03e28c4f,300.000,500.000,t,,210004579
ML10383,خلاط حوض وجه  كروم,ليسو,JR031-34,خلاط حوض وجه,f68c4a72-8eb2-7563-07ad-b344ff9fe960,68.000,130.000,t,,210004206
SA10257,طقم اكسسوار أسود,بريمكس,X6-9300,طقم اكسسوارات,0dafba13-51f2-fc5a-eab7-f16d55bcce40,192.000,380.000,t,,210004672
AM0829,حوض وجه مع دولاب حمام مع خزانة مع مراية -80 سم,سانيتاري ويرز,1513,دولاب حمام,f68c4a72-8eb2-7563-07ad-b344ff9fe960,1260.000,1850.000,t,,310004270
FAB0559,تصنيع حوض مع قاعدة برسلين,الشركة العالمية للتصدير و الإستيراد,,التصنيع,174345bc-5f58-c59c-b48a-3f0b5d1ff910,1350.000,1500.000,t,,310003631
RD30583,حوض قدم مستطيل فلات 120*70سم,الطيب,Tib 120*70,بانيو قدم,f9f6d83d-5b9d-2d22-c42a-21b487031fad,435.000,652.500,t,,310003687
RA30041,"ديسكو خرسانة 9"" 230 مم",كداس,A 24 PLUS T-BF,ديسكو منشار دائري,4db58ef5-0e02-ae07-fc14-5629c40b7689,10.500,17.000,t,,210003456
ART0012,مخرج شطاف مع علاق  كروم,توريما,1372-001,مخرج شطاف,3f8e1d44-c2e4-cecd-ff29-48dc418eba21,120.000,160.000,f,,210004318
VS10219,عمود حوض وجه سداسي أرضي أبيض,ب.أمور,SH-501,حوض وجه معلق,56855bde-1190-92a2-afb0-419a9650977f,45.000,120.000,t,,210002934
ARSB80754,مصب دوش بدون تحويلة كروم,فيدار,FD12002-C,مصب دوش,509e8e91-b47c-f17c-5f3a-a8dfebf81f76,57.000,90.000,t,,310003866
CD40762,مسطرة دوش زوجية كروم,سانيتاري ويرز,JR079-29,مسطرة دوش,f68c4a72-8eb2-7563-07ad-b344ff9fe960,135.000,250.000,t,,310004103
EL50995,لامبة لد 50وات,دي بي اس,E27,المصابيح الكهربائية,4db58ef5-0e02-ae07-fc14-5629c40b7689,9.750,17.000,t,,210004444
LG40376,حوض وجه برسلين مع رف 80 سم,رويال,2709,حوض وجه برسلين,f68c4a72-8eb2-7563-07ad-b344ff9fe960,580.000,900.000,t,,210004154
AB11024,خزانة حمام مقبض أبيض 120*23*20,سانيتاري ويرز,S-01-1,خزانة حمام,b254c840-e3dc-aa50-45cc-22c1a82f1d9d,410.000,620.000,t,,310004495
ML30279,مرايا حمام مع إضاءة لد 80*60 سم,كاي بي ام,ML_008,مراية مضيئة,e47ac07e-2763-bc83-6cf2-c39bb577a1f9,77.600,125.000,t,,210003007
ML31022,مرايا حمام ضد البخار لد بالعلاقة اطار وردةأسود70*70سم,RIMERIO,672,مراية مضيئة,b254c840-e3dc-aa50-45cc-22c1a82f1d9d,148.000,230.000,t,,310004493
RA30069,"كوربة رايحة لسيفون  3""",الرطيل,جي أم GM,كوع - كوربة,4db58ef5-0e02-ae07-fc14-5629c40b7689,5.500,9.000,t,,210003518
PA30453,مفتاح فرنسي رقم 8,الشركة العالمية للتصدير و الإستيراد,,مفك البراغي يدوي,4db58ef5-0e02-ae07-fc14-5629c40b7689,8.500,20.000,t,,210003968
MA20013,خلاط حوض المطبخ سحاب كروم مطفي,سانيتاري ويرز,,خلاط حوض المطبخ سحاب,ac78bb51-d153-70a3-ad89-bdb50a8537eb,129.000,280.000,t,,210002743
ARSB83067,سماعة دوش مع طوبو كروم,سانيتاري واير,,سماعة دوش,4db58ef5-0e02-ae07-fc14-5629c40b7689,23.500,50.000,t,,210004395
FAB0176,طلاء وجه خلاط دوش,الشركة العالمية للتصدير و الإستيراد,,التصنيع,174345bc-5f58-c59c-b48a-3f0b5d1ff910,130.000,200.000,t,,310003269
RA30048,"مخفض 4"" * 2""",الرطيل,جي أم GM,مخفض,1054307a-87a0-d4d2-fe16-bd905fe6a04b,7.500,15.000,t,,210003473
ARSB80259,مصب دوش بدون تحويلة أسود,ليمكس,LY-4007,مصب دوش,f592fa51-d431-40c9-f38d-39cdf4092eb2,110.000,200.000,t,,210003752
AASB30047,موزع ورق منظف كلينكس أسود,سانيتاري ويرز,C2 B,اكسسوارات,0dafba13-51f2-fc5a-eab7-f16d55bcce40,64.000,100.000,t,,310002913
ARSB85431,كسكاس دوش دائري شريحه 250 مم,توريما,1372-01480-001,كسكاس دوش,9a9f39af-a0d0-6a64-969d-7baa03e28c4f,165.000,280.000,t,,210004939
SA10315,طقم اكسسوار كروم,ليسو,2665,طقم اكسسوارات,f68c4a72-8eb2-7563-07ad-b344ff9fe960,250.000,370.000,t,,210003812
RA30006,"مثلث 6"" 87.5°",الرطيل,جي أم GM,مثلث,4db58ef5-0e02-ae07-fc14-5629c40b7689,57.000,68.000,t,,210003396
MC10440,غطاء غرفة تفتيش 80*80 فايبر اسود,ستار سانيتار,,مجرى,f330aa66-9a8a-90ee-d535-6c68ff14b0de,175.000,220.000,t,,210004952
AM40141,مراية دولاب حمام لد -80 سم,بضائع أوروبية,326512.A,مراية دولاب,081276dc-6952-a613-dc62-614b51522ad0,180.000,300.000,t,,310003217
ARSB80280,مخرج شطاف ذهبي,توريما,991,مخرج شطاف,f68c4a72-8eb2-7563-07ad-b344ff9fe960,270.000,500.000,t,,210004407
LG41027,حوض وجه كواريون مع رف مع مراية 80 سم,RIMERIO,KL-80-6,حوض وجه برسلين,b254c840-e3dc-aa50-45cc-22c1a82f1d9d,1240.000,1700.000,t,,310004498
AASB30778,حاملة ورق ناعم أسود,بن أمور,50-10-49,اكسسوارات,ac78bb51-d153-70a3-ad89-bdb50a8537eb,20.000,60.000,t,,310004189
PA30207,"كلاب  7"" 175 مم",فندر,PT1323,كماشة القطع,4db58ef5-0e02-ae07-fc14-5629c40b7689,19.500,30.000,t,,210003701
PS20187,علاقة مناشف كروم,ونكو,PUERTO RICO,علاقة مناشف,081276dc-6952-a613-dc62-614b51522ad0,45.000,90.000,t,,310003046
ALVM50028,سيفون حوض الوجه ذهبي,سانيتاري ويرز,SCHMIDT,سيفون حوض الوجه,2e234c5a-ae37-77f1-3c02-d40e664e7d50,76.000,140.000,t,,310002866
AECU50134,سيفون حوض المطبخ,سانيتاري ويرز,,ملحقات أحواض المطابخ,f9f6d83d-5b9d-2d22-c42a-21b487031fad,9.000,25.000,t,,210004295
ARSB80938,طوبو شطاف فلتر1.2م رصاصي,سانيتاري ويرز,228,طوبو شطاف,f68c4a72-8eb2-7563-07ad-b344ff9fe960,18.000,35.000,t,,310004393
ARSB80763,مخرج شطاف مع علاق ذهبي,فيدار,FD12005-G,مخرج شطاف,509e8e91-b47c-f17c-5f3a-a8dfebf81f76,41.000,61.500,t,,310003873
ME10035,خلاط حوض المطبخ شجرة كروم,أيولي,STILE 9450,خلاط حوض المطبخ شجرة,e2471349-f041-76d6-af3b-07b14234b9a8,190.000,300.000,t,,310002759
ML10077,خلاط حوض وجه أسود,جي اف مارك,1-0061X,خلاط حوض وجه,60d7d8a2-1083-abe4-d894-b1c7f3235d40,165.000,430.000,t,,310002732
ADOU50187,سيفون حوض قدم,سانيتاري ويرز,راس كبير,ملحقات دوش,dc6e5eb0-a2c4-7fc8-161c-528f389f29cc,30.000,45.000,t,,310003280
ARSB80507,مصب دوش مع تحويلة كروم,ليسو,JR079-10,مصب دوش,9a9f39af-a0d0-6a64-969d-7baa03e28c4f,85.000,180.000,t,,210005038
ARSB80826,كسكاس دوش دائري 250 مم مع قصبة كروم,توريما,1372-15254-014,كسكاس دوش,3f8e1d44-c2e4-cecd-ff29-48dc418eba21,250.000,420.000,t,,310003947
RD30243,حوض قدم اكريليك 90*90 زاوية بالجنب بالسيفوني,سانيتاري ويرز,TO 815,بانيو قدم,3ef761c8-d645-a9c8-47dc-960089e79b35,165.000,300.000,t,,310003370
AECU50213,سيفون حوض المطبخ,بلانكو,,ملحقات أحواض المطابخ,eaec4caa-2cd8-a5a0-0ace-817c235e4ecc,30.000,50.000,t,,210002925
ARSB80801,كسكاس دوش دائري 200 مم مع قصبة أبيض,فرامو,DE211BO,كسكاس دوش,f9f6d83d-5b9d-2d22-c42a-21b487031fad,650.000,650.000,t,,310004152
ARSB80790,وجه خلاط شطاف مدفون اسود,غروهي,KM-6-9,ملحقات خلاط,f68c4a72-8eb2-7563-07ad-b344ff9fe960,150.000,280.000,t,,310003828
PSB10195,حوض وجه مع دولاب حمام مع مراية -60 سم,سانيتاري ويرز,ML-01-60,طقم حمام,3b74be9f-643f-cd77-2128-39d8b10170c9,408.000,750.000,t,,210002899
VS10210,حوض وجه معلق أبيض -45*37سم,سانيتاري ويرز,VCM,حوض وجه معلق,081276dc-6952-a613-dc62-614b51522ad0,140.000,260.000,t,,210002920
EL10386,حوض مطبخ ستانلس ستيل   304 65 * 45 سم,أسيل,AS3468,حوض مطبخ ستانلس ستيل,f68c4a72-8eb2-7563-07ad-b344ff9fe960,460.000,700.000,t,,210004209
PS20005,علاقة مناشف زوجية كروم,سانيتاري ويرز,,علاقة مناشف,ac78bb51-d153-70a3-ad89-bdb50a8537eb,85.000,120.000,t,,210003265
CE10560,سخانة 15 لتر,ارستون,COMPACT 15,سخانة,4c33ba4c-5f54-c701-dee2-3e778c3a4932,595.000,650.000,t,,310003632
ML30075,مرايا حمام مع إضاءة لد 80*60 سم,سانيتاري ويرز,5025,مراية مضيئة,f68c4a72-8eb2-7563-07ad-b344ff9fe960,100.000,250.000,t,,210004417
EL10985,حوض مطبخ ستانلس ستيل تحت الرخامة 304 50*40*22 سم,أسيل,359,حوض مطبخ ستانلس ستيل,b254c840-e3dc-aa50-45cc-22c1a82f1d9d,365.000,600.000,t,,310004455
ME10011,خلاط حوض المطبخ شجرة كروم,توريما,EDGE 8E33011-093,خلاط حوض المطبخ شجرة,,225.000,380.000,t,,210002594
MC10413,سرفنتينة 15 سم * 15 سم كروم,أكوا دزاين,AD151RS/3,مجرى,3371605a-058e-4bf1-07a5-d157c54ae58f,77.500,150.000,t,,310003468
ATWC50179,زر بتريا ذهبي,غروهي,38732GLO,ملحقات مقاعد,f68c4a72-8eb2-7563-07ad-b344ff9fe960,385.000,780.000,t,,310003035
VS10879,حوض وجه معلق أبيض- 50سم,ايجا فتريفاي,KARINA-64501101,حوض وجه معلق,e47ac07e-2763-bc83-6cf2-c39bb577a1f9,300.000,450.000,t,,310004000
ARSB80758,مصب دوش قصير بتحويلة كروم,هاوتك,,مصب دوش,9a9f39af-a0d0-6a64-969d-7baa03e28c4f,60.000,140.000,t,,210004562
RA30004,طوبو4'' 6 متر,الرطيل,جي أم GM,مواسير - طوبو,4db58ef5-0e02-ae07-fc14-5629c40b7689,98.000,90.000,t,,210003336
PA30213,"مقص حديد 18"" 450 مم",الشركة العالمية للتصدير و الإستيراد,,كماشة القطع,4db58ef5-0e02-ae07-fc14-5629c40b7689,25.500,40.000,t,,210003706
LG40185,حوض وجه برسلين مشطوف 80 سم,ليسو,A2080A,حوض وجه برسلين,9a9f39af-a0d0-6a64-969d-7baa03e28c4f,300.000,500.000,t,,210004581
AM0828,دولاب حمام -80 سم,سانيتاري ويرز,9936,دولاب حمام,f68c4a72-8eb2-7563-07ad-b344ff9fe960,600.000,1000.000,t,,310004254
MT30928,خلاط شطاف كروم,أيولي,9425-100 STILE,خلاط شطاف,9a9f39af-a0d0-6a64-969d-7baa03e28c4f,235.000,350.000,t,,310004053
ARSB8022,مخرج شطاف مع علاق  كروم,توريما,1372-PRESUPP-002,مخرج شطاف,9a9f39af-a0d0-6a64-969d-7baa03e28c4f,77.000,150.000,t,,210004495
ACE20379,قرسيوني راس سخانة فلتي,سانيتاري ويرز,,ملحقات سخانات,803eabee-b81f-7acb-eb64-b2cae128a7cb,0.650,2.000,t,,210004826
PA30248,ميزان ألمنيوم 50 سم,سفيدن,,أدوات القياس والتتبع,4db58ef5-0e02-ae07-fc14-5629c40b7689,57.500,70.000,t,,210003741
ML30792,مرايا حمام ضد البخار مع إضاءة لد 70*50 سم,سانيتاري ويرز,4011,مراية مضيئة,f68c4a72-8eb2-7563-07ad-b344ff9fe960,100.000,160.000,t,,310003903
ARSB80398,قصبة دوش مربعة 40 سم كروم,سانيتاري ويرز,,قصبة دوش,b3c3c120-ea64-9a00-f068-5896d8f5926d,11.000,40.000,t,,310002890
ARSB80157,شطاف ظغط دائري مع طوبو كروم,سانيتاري ويرز,EURODOCCIA,شطاف,3f8e1d44-c2e4-cecd-ff29-48dc418eba21,27.000,50.000,t,,310002812
MD20899,خلاط دوش كروم,بن أمور,B.AMOR013,خلاط دوش,f3749abe-ab61-138e-bb47-655f16ecc625,260.000,395.000,t,,310004360
AM0842,حوض وجه مع دولاب حمام مع خزانة مع مراية -60 سم,سانيتاري ويرز,1528,دولاب حمام,f68c4a72-8eb2-7563-07ad-b344ff9fe960,1050.000,1550.000,t,,310004274
ARSB80611,وجه خلاط شطاف مدفون دائري كروم,توريما,0127611-001,ملحقات خلاط,f68c4a72-8eb2-7563-07ad-b344ff9fe960,55.000,80.000,t,,310003719
RA20010,"كوع 25* 3/4"" سن داخلي",فرات,بي بي ر - PPR,كوع - كوربة,1054307a-87a0-d4d2-fe16-bd905fe6a04b,5.320,10.000,t,,210003286
ART0020,شطاف ظغط مع طوبو كروم,فينوس,AHF01,شطاف,0dafba13-51f2-fc5a-eab7-f16d55bcce40,76.000,120.000,t,,210004331
ARSB81125,شطاف ظغط دائرية مع طوبو كروم,ليسو,14-647,شطاف,f68c4a72-8eb2-7563-07ad-b344ff9fe960,95.000,180.000,t,,310004628
PE30532,غيار موس فرش 0.5 مم باكو اسود,الشركة العالمية للتصدير و الإستيراد,,موس فرش والمقص,f330aa66-9a8a-90ee-d535-6c68ff14b0de,1.750,5.000,t,,210005066
MDE50045,خلاط دوش مدفون كروم,غروهي,33305002,خلاط دوش مدفون,f9f6d83d-5b9d-2d22-c42a-21b487031fad,440.000,750.000,t,,210002775
PA3544,مسمارخرسانة رقم 2.5 (100غ),الشركة العالمية للتصدير و الإستيراد,,مسمار,4db58ef5-0e02-ae07-fc14-5629c40b7689,1.100,3.000,t,,210004061
SA10463,طقم اكسسوار اسود,توريما,1372-KITACC-005,طقم اكسسوارات,3f8e1d44-c2e4-cecd-ff29-48dc418eba21,1050.000,1750.000,t,,210004984
AASB35261,مجفف شعر أسود,بريمكس,882X,اكسسوارات,0dafba13-51f2-fc5a-eab7-f16d55bcce40,86.680,170.000,t,,210004678
AECU50099,سيفون حوض المطبخ رأس كبير,بضائع أوروبية,MARYPLAST,ملحقات أحواض المطابخ,f68c4a72-8eb2-7563-07ad-b344ff9fe960,30.000,50.000,t,,210004260
PE30183,"فرشة طلاء 5"" 127 مم",فندر,,فرشة طلاء,4db58ef5-0e02-ae07-fc14-5629c40b7689,7.000,13.000,t,,210003677
PE30054,طلاء زيتي 850 غ فضي,دهانات المدينة مصراتة,طلاء زيتي,الحديد,4db58ef5-0e02-ae07-fc14-5629c40b7689,25.000,29.000,t,,210003373
RFP1779,"فسيبلي "" 1/2 أنثى * ""1/2 أنثى 50سم",سانيتاري ويرز,Turkiye,فسيبلي,c0faf038-b788-4ed3-15e1-cb4edf3f56f1,11.000,16.500,t,,310003400
PE30406,ورق سنفرة9 بوصة 6فتحات,الشركة العالمية للتصدير و الإستيراد,P 60,ماكينة صنفرة,f330aa66-9a8a-90ee-d535-6c68ff14b0de,0.850,3.000,t,,210004909
MT30469,خلاط شطاف كروم,شهاب,As-351457752/4,خلاط شطاف,3371605a-058e-4bf1-07a5-d157c54ae58f,125.000,190.000,t,,310003538
PS20511,علاقة ملابس رباعية,فينوس,RO-04,علاقة مناشف,0dafba13-51f2-fc5a-eab7-f16d55bcce40,48.000,90.000,t,,210005043
PD20290,حاجز دوش 8 مم بالعلاقة المناشف90سم,ليسو,WIC-90E,حاجز دوش,9a9f39af-a0d0-6a64-969d-7baa03e28c4f,395.000,680.000,t,,210004711
PS20472,علاقة مناشف زوجية كروم,سانيتاري ويرز,,علاقة مناشف,0dafba13-51f2-fc5a-eab7-f16d55bcce40,105.000,160.000,t,,210003244
CC10188,صليبة  2 مم (250 قطعة),الشركة العالمية للتصدير و الإستيراد,,كولة بلاط أرضيات,dc6e5eb0-a2c4-7fc8-161c-528f389f29cc,4.000,10.000,t,,310003281
MDE50052,خلاط دوش مدفون ثلاثي كروم,فرامو,UP227CR,خلاط دوش مدفون,f9f6d83d-5b9d-2d22-c42a-21b487031fad,680.000,800.000,t,,310002703
ART0024,حاملة فوط كروم,فينوس,BA706,اكسسوارات,0dafba13-51f2-fc5a-eab7-f16d55bcce40,51.410,100.000,t,,210004335
PLSA0524,وردة أسود,vip,,وصلة,95d22529-eb35-a000-949b-cc311fec737c,2.600,5.000,t,,210005058
ATWC50207,مثبت غطاء مقعد,سانيتاري ويرز,,ملحقات مقاعد,4db58ef5-0e02-ae07-fc14-5629c40b7689,2.500,3.750,t,,310003314
PE30411,فرشة ايطالية 15*5,,2000,فرشة طلاء,f330aa66-9a8a-90ee-d535-6c68ff14b0de,14.000,20.000,t,,210004914
PA30736,لقمة جيدور كروم رقم 10,الشركة العالمية للتصدير و الإستيراد,,مجموعة مفاتيح عدة,f330aa66-9a8a-90ee-d535-6c68ff14b0de,2.750,10.000,t,,210004506
MC10073,سرفنتينة 20*20*28 سم مثلث مشبك كروم,تركي,ELT2028,مجرى,51882a69-3ac9-cde2-37e3-64e2b7daae96,47.000,100.000,t,,310003103
PA30514,رنديلة (50 غ),الشركة العالمية للتصدير و الإستيراد,,رنديلة,4db58ef5-0e02-ae07-fc14-5629c40b7689,0.525,3.000,t,,210004030
SA10510,طقم اكسسوار خزف خماسي بيج,سانيتاري ويرز,wilko,طقم اكسسوارات,1e40627e-ea09-d325-6c11-fb6c068c423e,105.000,150.000,t,,310003581
EG30770,حوض مطبخ جرانيت أسود  100*50,بلانكو,,حوض مطبخ جرانيت,eaec4caa-2cd8-a5a0-0ace-817c235e4ecc,350.000,550.000,t,,310003391
PE30380,طلاء عاز ل مطاطي اكسترا 5 كغ,الواحة,العازل اكسترا,الجدران والسقف,193a3d2d-d39f-6712-72cb-c5f247087645,68.500,90.000,t,,210004176
WS10397,مقعد معلق رايملس كريمة,تركواز سيراستايل,IBIZA,مقعد معلق,9a9f39af-a0d0-6a64-969d-7baa03e28c4f,1062.150,1550.000,t,,210004844
RA30001,طوبو1'' 6 متر,الرطيل,جي أم GM,مواسير - طوبو,4db58ef5-0e02-ae07-fc14-5629c40b7689,33.000,30.000,t,,210003333
CD40912,مسطرة دوش زوجية كروم,سانيتاري ويرز,JR079-25,مسطرة دوش,f68c4a72-8eb2-7563-07ad-b344ff9fe960,160.000,270.000,t,,310004033
PLSA0241,مطول  15 مم كروم,سانيتاري ويرز,,وصلة,2f9d5e94-b710-5c3f-6a26-dfdc98317ce4,6.650,7.000,t,,310003352
CD40017,مسطرة دوش زوجية اسود,تركواز سيراستايل,BR7,مسطرة دوش,2e234c5a-ae37-77f1-3c02-d40e664e7d50,120.000,250.000,t,,210003425
PE30042,طلاء عاز ل مطاطي  15 كغ,الواحة,العازل,الجدران والسقف,4db58ef5-0e02-ae07-fc14-5629c40b7689,160.050,160.000,t,,210003361
ARSB80256,مثبت خلاط زوجي,سانيتاري ويرز,,ملحقات خلاط,4db58ef5-0e02-ae07-fc14-5629c40b7689,2.250,5.000,t,,210002980
ML10250,خلاط حوض وجه ذهبي,ليسو,G19-133,خلاط حوض وجه,9a9f39af-a0d0-6a64-969d-7baa03e28c4f,130.000,220.000,t,,210004659
PS20205,علاقة مناشف مع قاعدة كروم لامع,تركي,4406,علاقة مناشف,ff3ad10c-136f-2eb9-510b-510058532e8d,300.000,450.000,t,,310003310
ML10893,خلاط حوض وجه كروم,بن أمور,B.AMOR001,خلاط حوض وجه,f3749abe-ab61-138e-bb47-655f16ecc625,160.000,280.000,t,,310004347
MD20028,خلاط دوش كروم,نيوأرك,NEWART 150551,خلاط دوش,e47ac07e-2763-bc83-6cf2-c39bb577a1f9,230.000,300.000,t,,310002770
PE30469,ورق سنفرة 9بوصة 8 فتحات,الشركة العالمية للتصدير و الإستيراد,P 120,ماكينة صنفرة,4db58ef5-0e02-ae07-fc14-5629c40b7689,1.000,3.000,t,,210004401
AM40565,مراية دولاب حمام -90 سم,سانيتاري ويرز,9914,مراية دولاب,9a9f39af-a0d0-6a64-969d-7baa03e28c4f,195.000,320.000,t,,210005100
PA30459,ليفة مسمار 50 سم,الشركة العالمية للتصدير و الإستيراد,,أداة المخل,4db58ef5-0e02-ae07-fc14-5629c40b7689,47.000,65.000,t,,210003974
P30165,عصاة فأس,الشركة العالمية للتصدير و الإستيراد,,فأس,4db58ef5-0e02-ae07-fc14-5629c40b7689,14.500,14.500,t,,210003659
MDE50047,خلاط دوش مدفون كروم,توريما,8V01011-093,خلاط دوش مدفون,f9f6d83d-5b9d-2d22-c42a-21b487031fad,360.000,450.000,t,,210002777
MC10067,سرفنتينة 15 سم * 15 سم بلاستك,ستار سانيتار,FLORYA,مجرى,20684c48-6ec2-3cd4-8b05-9a431b0201bb,18.000,35.000,t,,310003097
ML10110,خلاط حوض وجه كروم,بالمو,SG19164-2,خلاط حوض وجه,51882a69-3ac9-cde2-37e3-64e2b7daae96,73.500,150.000,t,,310002959
ME10573,خلاط حوض المطبخ شجرة كروم,توريما,MERIDA 8Q52711-043,خلاط حوض المطبخ شجرة,f68c4a72-8eb2-7563-07ad-b344ff9fe960,305.000,440.000,t,,310003677
RA30007,"كوربة 6"" 87.5°",الرطيل,جي أم GM,كوع - كوربة,4db58ef5-0e02-ae07-fc14-5629c40b7689,39.500,45.000,t,,210003398
AM0843,حوض وجه مع دولاب حمام -60 سم,سانيتاري ويرز,1528,دولاب حمام,f68c4a72-8eb2-7563-07ad-b344ff9fe960,780.000,1100.000,t,,310004275
VS10202,حوض وجه معلق -60 سم,تركواز سيراستايل,SHARP,حوض وجه معلق,3ef761c8-d645-a9c8-47dc-960089e79b35,436.500,470.000,t,,210002910
MD20029,خلاط دوش كروم,سانيتاري ويرز,HUINASI ML2222-1,خلاط دوش,04237243-dd5f-7582-ba66-b76abde0fd74,65.000,130.000,t,,310002771
AM0566,حوض وجه مع دولاب حمام مع خزانة مع مراية -90سم,سانيتاري ويرز,9914,دولاب حمام,9a9f39af-a0d0-6a64-969d-7baa03e28c4f,1295.000,2220.000,t,,210005101
ML10763,خلاط حوض وجه  ذهبي,Faucet,YJRU106-G,خلاط حوض وجه,f68c4a72-8eb2-7563-07ad-b344ff9fe960,105.000,180.000,t,,310003384
ARSB80869,كسكاس دوش دائري 250 مم دهبي,مونتانا س.ل,MT-2525R-G,كسكاس دوش,2e234c5a-ae37-77f1-3c02-d40e664e7d50,209.000,330.000,t,,210004557
ME10039,خلاط حوض المطبخ شلال شجرة رصاصي,سانيتاري ويرز,8881-10,خلاط حوض المطبخ شجرة,0dafba13-51f2-fc5a-eab7-f16d55bcce40,155.000,250.000,t,,310002777
PE30009,استوك 1 كغ,وان تايم,,استوك الجدران,4db58ef5-0e02-ae07-fc14-5629c40b7689,35.000,40.000,t,,210003400
MDE50028,خلاط دوش مدفون كروم,رايمر,L09,خلاط دوش مدفون,5bd59cc2-f915-90b2-5eb0-3ec705744a94,320.000,480.000,t,,210002758
ARSB80432,مخرج شطاف مع علاق ذهبي,مونتانا س.ل,MT-01G,مخرج شطاف,51882a69-3ac9-cde2-37e3-64e2b7daae96,90.000,140.000,t,,310003494
ATWC50168,وصلة بتارية مدفونة مائلة 25 سم,G.M.S,PM001,ملحقات مقاعد,f68c4a72-8eb2-7563-07ad-b344ff9fe960,125.000,160.000,t,,310003248
ML10801,خلاط حوض وجه كروم,بن أمور,B.AMOR008,خلاط حوض وجه,f3749abe-ab61-138e-bb47-655f16ecc625,220.000,330.000,t,,310004351
AASB30115,حاملة منظفات زوجي كروم,سانيتاري ويرز,1163-2,اكسسوارات,b79e7abc-51e1-263e-7d9c-8207fbd25aaf,45.000,90.000,t,,310002964
SI10001,سلكون  280 غرام شفاف,سانيتاري ويرز,,سلكون,f68c4a72-8eb2-7563-07ad-b344ff9fe960,10.500,15.000,f,,210003259
SA10428,طقم اكسسوار ذهبي,ديولو,50-10-50,طقم اكسسوارات,b254c840-e3dc-aa50-45cc-22c1a82f1d9d,235.000,360.000,t,,310003496
RA30320,رأس غاز ظغط,الشركة العالمية للتصدير و الإستيراد,HP-300,أدوات  متعددة الوظائف,4db58ef5-0e02-ae07-fc14-5629c40b7689,33.500,50.000,t,,210003819
RA20600,"كوربة توماتك 32 - 1"" سن خارجي",الشركة العالمية للتصدير و الإستيراد,,كوع - كوربة,1054307a-87a0-d4d2-fe16-bd905fe6a04b,14.500,25.000,t,,210004118
ALVM50680,سيفون حوض الوجه ذهبي,دانيال,A740114DO,سيفون حوض الوجه,dd2fc8ac-5717-c00a-07b0-627c341c4a46,425.000,650.000,t,,310003788
PD21111,حاجز دوش 10مم اطار كروم منقط 70 سم,ليسو,LUD,حاجز دوش,f68c4a72-8eb2-7563-07ad-b344ff9fe960,575.000,780.000,t,,310004614
ARSB80143,قصبة دوش مربعة 40 سم ذهبي,توريما,0324433-T40,قصبة دوش,3f8e1d44-c2e4-cecd-ff29-48dc418eba21,340.000,475.000,t,,210002847
MA20118,خلاط حوض المطبخ سحاب ذهبي,سانيتاري ويرز,,خلاط حوض المطبخ سحاب,081276dc-6952-a613-dc62-614b51522ad0,225.000,450.000,t,,210002714
PE30150,لصقة دبل فيس 3 سم,الشركة العالمية للتصدير و الإستيراد,,المواد اللاصقة و العازلة,4db58ef5-0e02-ae07-fc14-5629c40b7689,4.250,10.000,t,,210004366
ARSB80850,سماعة دوش مربعة مع طوبو كروم,بن أمور,مجموعة بن عمر,سماعة دوش,ac78bb51-d153-70a3-ad89-bdb50a8537eb,40.000,120.000,t,,310004299
RFP1427,"فسيبلي "" 1/2 أنثى * ""1/2 أنثى 50سم",فانسكي,اسباني,فسيبلي,5ab52856-ad90-444c-7e94-fd714235d708,17.500,20.000,t,,210003187
AM0353,دولاب حمام 80 سم أبيض,سانيتاري ويرز,8112,دولاب حمام,9a9f39af-a0d0-6a64-969d-7baa03e28c4f,230.000,500.000,t,,210004797
SA10771,طقم اكسسوار كروم,فيدار,,طقم اكسسوارات,dc6e5eb0-a2c4-7fc8-161c-528f389f29cc,165.000,260.000,t,,310003882
MD20248,خلاط دوش ذهبي,ليسو,G15-031,خلاط دوش,9a9f39af-a0d0-6a64-969d-7baa03e28c4f,120.000,190.000,t,,210004657
ML30842,مرايا حمام مع إضاءة لد80*60 سم,سانيتاري ويرز,9938,مراية مضيئة,f68c4a72-8eb2-7563-07ad-b344ff9fe960,120.000,200.000,t,,310004286
EL10888,حوض مطبخ ستانلس ستيل   80*48 رصاصي,ب.أمور,Siena,حوض مطبخ ستانلس ستيل,0b31d558-d145-3aaf-232e-dad3cc8669b6,435.000,680.000,t,,310004342
ARSB80120,قصبة دوش 40 سم سقفية كروم,دانيال,A557CM40,قصبة دوش,dd2fc8ac-5717-c00a-07b0-627c341c4a46,165.000,250.000,t,,210002824
AASB30779,حاملة فرشاة أسنان أسود,بن أمور,50-10-49,اكسسوارات,ac78bb51-d153-70a3-ad89-bdb50a8537eb,20.000,60.000,t,,310004190
P30484,مضخة فرامة 1حصان,UMBRA POMPE,,مضخة,dc6e5eb0-a2c4-7fc8-161c-528f389f29cc,625.000,720.000,t,,210005015
CC10472,كولة,بنتكول,,كولة بلاط أرضيات,e47ac07e-2763-bc83-6cf2-c39bb577a1f9,6.250,15.000,t,,210003989
AASB30410,صابونية كروم,فينوس,IRIS03,اكسسوارات,0dafba13-51f2-fc5a-eab7-f16d55bcce40,64.020,95.000,t,,210004875
WA40917,غطاء مقعد معلق كبير تورنيدو أبيض,ب.أمور,6304/140E,غطاء مقعد,77d76dcb-7fe6-a4b4-4998-83b869291b06,51.000,150.000,t,,310004378
PA30935,متر 7.5م,فندر,TP-569X,أدوات القياس والتتبع,f330aa66-9a8a-90ee-d535-6c68ff14b0de,7.500,15.000,t,,210004502
CE10264,سخانة 50 لتر,ارستون,,سخانة,5bd59cc2-f915-90b2-5eb0-3ec705744a94,910.000,640.000,t,,210002989
ADOU50186,سيفون حوض قدم,سانيتاري ويرز,رأس صغير,ملحقات دوش,dc6e5eb0-a2c4-7fc8-161c-528f389f29cc,7.000,20.000,t,,310003279
CD40004,مسطرة دوش زوجية مربعة كروم,سانيتاري ويرز,10130,مسطرة دوش,f68c4a72-8eb2-7563-07ad-b344ff9fe960,125.000,200.000,t,,310003137
CD40162,مسطرة دوش زوجية دهبي,سانيتاري ويرز,,مسطرة دوش,dc6e5eb0-a2c4-7fc8-161c-528f389f29cc,135.000,230.000,t,,210004546
PD20458,حاجز دوش 8 مم  مخطط 90*190  سم أسود,سانيتاري ويرز,14-40,حاجز دوش,b254c840-e3dc-aa50-45cc-22c1a82f1d9d,360.000,600.000,t,,310003527
ARSB80301,"مسكر شطافة ""1/2"" * ""1/2 كروم",سانيتاري ويرز,MEDA BRIO,مخرج شطاف,f68c4a72-8eb2-7563-07ad-b344ff9fe960,11.000,16.500,t,,310003300
RA20002,"كوع 25"" - 45 لحام",فرات,بي بي ر - PPR,كوع - كوربة,1054307a-87a0-d4d2-fe16-bd905fe6a04b,0.865,5.000,t,,210003279
EL50099,لامبة لد 20 وات,دي بي اس,E27,المصابيح الكهربائية,4db58ef5-0e02-ae07-fc14-5629c40b7689,4.750,10.000,t,,210004441
ARSB80134,قصبة دوش مربعة 35 سم كروم,سانيتاري ويرز,,قصبة دوش,0dafba13-51f2-fc5a-eab7-f16d55bcce40,63.000,95.000,t,,210002838
PA30417,سرية بونتة خشب,الشركة العالمية للتصدير و الإستيراد,,أدوات الثقب,f330aa66-9a8a-90ee-d535-6c68ff14b0de,8.250,18.000,t,,210004921
ARSB80774,شطاف ظغط مع طوبو كروم,PAINI,51CR133IG2,شطاف,95a6cd40-9663-6e5a-2d2b-82c8a97852fc,68.000,160.000,t,,310004169
ML10079,خلاط حوض وجه ذهبي,جي اف مارك,1-0061G,خلاط حوض وجه,60d7d8a2-1083-abe4-d894-b1c7f3235d40,165.000,300.000,f,,310002733
ASCA60277,ستريتشة 2.44 متر,الشركة العالمية للتصدير و الإستيراد,,ستريتشة,193a3d2d-d39f-6712-72cb-c5f247087645,30.000,75.000,t,,210003774
PA30047,مفتاح بيبة رقم 22 مم,الشركة العالمية للتصدير و الإستيراد,AC18693,مفاتيح,4db58ef5-0e02-ae07-fc14-5629c40b7689,13.500,25.000,t,,210004362
PD21031,حاجز دوش 60*190سم 8مم اطار كروم مخطط,KALVA,13.2/60CM,حاجز دوش,b254c840-e3dc-aa50-45cc-22c1a82f1d9d,490.000,750.000,t,,310004502
ARSB80267,مخرج شطاف مربع بالعلاقة كروم,ليمكس,LY-2763,مخرج شطاف,f592fa51-d431-40c9-f38d-39cdf4092eb2,65.000,125.000,t,,210003759
PA30100,ڨومة برويطة قلب ثابت,الشركة العالمية للتصدير و الإستيراد,,برويطة,4db58ef5-0e02-ae07-fc14-5629c40b7689,63.000,85.000,t,,210003588
MTE60040,خلاط شطاف مدفون كروم,دانيال,TIARA TA602GCR,خلاط شطاف مدفون,dd2fc8ac-5717-c00a-07b0-627c341c4a46,200.000,350.000,t,,310002717
ML30495,مرايا حمام مع إضاءة لد 80*60 سم,سانيتاري ويرز,SYC015,مراية مضيئة,9a9f39af-a0d0-6a64-969d-7baa03e28c4f,120.000,220.000,t,,210005026
PE30256,كولة 473 مل,الشركة العالمية للتصدير و الإستيراد,,المواد اللاصقة و العازلة,4db58ef5-0e02-ae07-fc14-5629c40b7689,26.500,25.000,t,,210003749
ART0367,رشاش دوش مربع كروم,ليسو,JR031-6,كسكاس دوش,f68c4a72-8eb2-7563-07ad-b344ff9fe960,40.000,70.000,f,,210003877
ML30306,مرايا حمام مع إضاءة لد 60*80 سم,سانيتاري ويرز,22,مراية مضيئة,9a9f39af-a0d0-6a64-969d-7baa03e28c4f,85.000,160.000,t,,210004730
PA30101,ڨومة برويطة قلب متحرك أحمر نجمة,الشركة العالمية للتصدير و الإستيراد,,برويطة,4db58ef5-0e02-ae07-fc14-5629c40b7689,46.000,65.000,t,,210003589
MC10451,مجرى 50 سم 6* سم ذهبي,درنيا,,مجرى,5bd59cc2-f915-90b2-5eb0-3ec705744a94,290.000,400.000,t,,210003212
AM0840,دولاب حمام بالملحق مع مرايا لد -80 سم,سانيتاري ويرز,9614,دولاب حمام,f68c4a72-8eb2-7563-07ad-b344ff9fe960,1075.000,1600.000,t,,310003961
PA32453,بونتة 8 * 160 مم,الشركة العالمية للتصدير و الإستيراد,,أدوات الثقب,f330aa66-9a8a-90ee-d535-6c68ff14b0de,1.850,5.000,t,,210004971
ML30892,مرايا حمام مع إضاءة لد-عرض60*80 سم,سانيتاري ويرز,W801,مراية مضيئة,b254c840-e3dc-aa50-45cc-22c1a82f1d9d,50.000,150.000,t,,310004013
MC10856,مجرى 40 سم *6 سم كروم,راف,1372-01661-004,مجرى,3f8e1d44-c2e4-cecd-ff29-48dc418eba21,215.000,270.000,t,,310003977
RO10250,حنفية 3/4,سانيتاري ويرز,,حنفية,4db58ef5-0e02-ae07-fc14-5629c40b7689,35.000,55.000,t,,210002973
ML30224,مرايا حمام مع إضاءة لد 80*60سم,سانيتاري ويرز,3067,مراية مضيئة,9a9f39af-a0d0-6a64-969d-7baa03e28c4f,115.000,200.000,t,,210004631
RO10290,مسكر زاوية  ''1/2 * ''1/2 كروم,سانيتاري ويرز,,حنفية,4db58ef5-0e02-ae07-fc14-5629c40b7689,29.500,45.000,t,,210003023
FAB0828,طلاء أكسسوارات باب,الشركة العالمية للتصدير و الإستيراد,,التصنيع,174345bc-5f58-c59c-b48a-3f0b5d1ff910,50.000,90.000,t,,310003450
ML31029,مرايا حمام كواريون 48*80سم أبيض,RIMERIO,KL-80-6,مراية مضيئة,b254c840-e3dc-aa50-45cc-22c1a82f1d9d,340.000,500.000,t,,310004500
PE30048,طلاء زيتي 700 غ أزرق داكن,دهانات المدينة مصراتة,طلاء زيتي,الحديد,4db58ef5-0e02-ae07-fc14-5629c40b7689,15.000,20.000,t,,210003367
ARSB80040,شطاف ظغط مربع مع طوبو كروم,فرامو,KIT04CR,شطاف,3371605a-058e-4bf1-07a5-d157c54ae58f,165.000,220.000,t,,310002714
PE30174,"فرشة طلاء 6"" 152.4 مم",فندر,,فرشة طلاء,4db58ef5-0e02-ae07-fc14-5629c40b7689,8.350,12.000,t,,210003668
RD30306,حوض قدم خزف مربع 70*70 سم,اديال سانيتار,,بانيو قدم,e47ac07e-2763-bc83-6cf2-c39bb577a1f9,145.000,280.000,t,,210003043
ML30752,مرايا حمام مع إضاءة لد-عرض60*80 سم,ديولو,360-2-1,مراية مضيئة,b254c840-e3dc-aa50-45cc-22c1a82f1d9d,100.000,150.000,t,,310004146
MDE50050,خلاط دوش مدفون أسود,توريما,8V010BB-090,خلاط دوش مدفون,f9f6d83d-5b9d-2d22-c42a-21b487031fad,425.000,670.000,t,,310002654
PA30454,مفتاح فرنسي رقم 10,الشركة العالمية للتصدير و الإستيراد,,مفك البراغي يدوي,4db58ef5-0e02-ae07-fc14-5629c40b7689,11.500,20.000,t,,210003969
ML10265,خلاط حوض وجه  كروم,GEROME,H8005,خلاط حوض وجه,9a9f39af-a0d0-6a64-969d-7baa03e28c4f,335.000,520.000,t,,210004685
RA20034,"سنيسكا 25"" كروم",فرات,بي بي ر - PPR,سنيسكا,1054307a-87a0-d4d2-fe16-bd905fe6a04b,61.000,60.000,t,,310002597
CD40097,مسطرة دوش زوجية كروم,نيو,NBV 051K,مسطرة دوش,0dafba13-51f2-fc5a-eab7-f16d55bcce40,390.000,550.000,t,,210002693
AASB30074,مجفف يد أبيض,بريمكس,A1005-W,اكسسوارات,0dafba13-51f2-fc5a-eab7-f16d55bcce40,82.000,140.000,t,,210003535
ME10457,خلاط حوض المطبخ شجرة كروم,شهاب,ARIO,خلاط حوض المطبخ شجرة,3371605a-058e-4bf1-07a5-d157c54ae58f,150.000,280.000,t,,310003435
ML10441,خلاط حوض وجه شجرة كروم,تركارت,PLATINUM,خلاط حوض وجه,c0faf038-b788-4ed3-15e1-cb4edf3f56f1,128.800,200.000,t,,310003510
PA30215,كلاب 180 مم,الشركة العالمية للتصدير و الإستيراد,KNIPEX 68 01 180,كماشة القطع,4db58ef5-0e02-ae07-fc14-5629c40b7689,19.500,40.000,t,,210003708
MT30059,خلاط شطاف مع شطاف كروم,فرامو,HO102SHT/CR,خلاط شطاف,3371605a-058e-4bf1-07a5-d157c54ae58f,165.000,240.000,t,,210002655
ML10761,خلاط حوض وجه كروم,توريما,BR73111-093,خلاط حوض وجه,f68c4a72-8eb2-7563-07ad-b344ff9fe960,255.000,400.000,t,,310003382
RA30050,طوبو رش 3/4 20 متر,التوفيق,,طوبو رش,4db58ef5-0e02-ae07-fc14-5629c40b7689,50.000,70.000,t,,210003481
MD20009,خلاط دوش كروم,شيزا,STORM,خلاط دوش,3f8e1d44-c2e4-cecd-ff29-48dc418eba21,150.000,260.000,t,,210002648
AB10741,خزانة حمام أبيض,سانيتاري ويرز,041,خزانة حمام,b254c840-e3dc-aa50-45cc-22c1a82f1d9d,200.000,300.000,t,,310004078
PS20022,علاقة مناشف مع رف كروم,سانيتاري ويرز,,علاقة مناشف,081276dc-6952-a613-dc62-614b51522ad0,35.000,70.000,t,,210003431
AASB30020,رف زاوية زوجي كروم,سانيتاري ويرز,,اكسسوارات,f68c4a72-8eb2-7563-07ad-b344ff9fe960,125.000,175.000,t,,210003429
ART0032,سماعة دوش مع طوبو كروم,فينوس,HSS422,سماعة دوش,0dafba13-51f2-fc5a-eab7-f16d55bcce40,49.470,75.000,t,,210004343
AEVE20093,وصلة صرف يسرى رصاصي,ستار سانيتار,,ملحقات مجرى,20684c48-6ec2-3cd4-8b05-9a431b0201bb,7.500,15.000,t,,310003126
PS20169,علاقة ملابس فردي,سانيتاري ويرز,NEPTUN,علاقة مناشف,ff3ad10c-136f-2eb9-510b-510058532e8d,35.000,65.000,t,,310003021
AM40961,مراية دولاب حمام 70 سم,بن أمور,330-70,مراية دولاب,3b74be9f-643f-cd77-2128-39d8b10170c9,150.000,350.000,t,,310004431
EG40190,رف حوض وجه برسلين 80 سم,ليسو,A2080C,رف حوض وجه برسلين,9a9f39af-a0d0-6a64-969d-7baa03e28c4f,150.000,350.000,t,,210004586
ME10683,خلاط حوض المطبخ شجرة كروم,فولنا,VO8003,خلاط حوض المطبخ شجرة,504b00e0-ee7e-b901-3cf5-426a8de78bc7,72.000,110.000,t,,310003791
PS20017,علاقة مناشف مع رفين كروم,سانيتاري ويرز,,علاقة مناشف,ac78bb51-d153-70a3-ad89-bdb50a8537eb,62.000,120.000,t,,210003426
EL50241,سير ربط 5.2 * 500 مم (100 قطعة),الشركة العالمية للتصدير و الإستيراد,,ملحقات الكهرباء,4db58ef5-0e02-ae07-fc14-5629c40b7689,17.500,25.000,t,,210003734
PS20549,علاقة مناشف كروم,فينوس,OL-05,علاقة مناشف,0dafba13-51f2-fc5a-eab7-f16d55bcce40,136.100,220.000,t,,210005081
PE30433,قاعدة ماكينة سنفر صاروخ,الشركة العالمية للتصدير و الإستيراد,,ماكينة صنفرة,f330aa66-9a8a-90ee-d535-6c68ff14b0de,5.250,12.000,t,,210004942
MM30020,خلاط حوض المطبخ حائطي كروم,فينوس,PEARL,خلاط حوض المطبخ حائطي,0dafba13-51f2-fc5a-eab7-f16d55bcce40,122.000,185.000,t,,210002750
PS20126,علاقة ملابس سداسية,سانيتاري ويرز,,علاقة مناشف,3f8e1d44-c2e4-cecd-ff29-48dc418eba21,12.000,30.000,t,,310002975
PA30462,رأس سخانة بدون ترمستاتة,الشركة العالمية للتصدير و الإستيراد,,أدوات  متعددة الوظائف,4db58ef5-0e02-ae07-fc14-5629c40b7689,29.500,50.000,t,,210003977
LG40361,حوض وجه برسلين 60 سم,رويال,YB14B-14,حوض وجه برسلين,60d7d8a2-1083-abe4-d894-b1c7f3235d40,400.000,600.000,t,,210003108
ML30374,مرايا حمام مع إضاءة لد مع اطار أسود 80*60 سم,سانيتاري ويرز,1440,مراية مضيئة,f68c4a72-8eb2-7563-07ad-b344ff9fe960,145.000,220.000,t,,210004197
AASB30144,حاملة فوط أسود,KBM,9109,اكسسوارات,e47ac07e-2763-bc83-6cf2-c39bb577a1f9,35.000,70.000,t,,310002993
PA30562,خبور 10 مم,المتفوق,,وصل تثبيت,4db58ef5-0e02-ae07-fc14-5629c40b7689,2.750,10.000,t,,210004079
RFP1373,"فسيبلي "" 1/2 أنثى * ""1/2 أنثى 60سم",توريما,ايطالي,فسيبلي,9a9f39af-a0d0-6a64-969d-7baa03e28c4f,16.500,20.000,t,,210004818
TO9054,مفتاح ربط رقم11 مم,الشركة العالمية للتصدير و الإستيراد,AC18693,مفاتيح,4db58ef5-0e02-ae07-fc14-5629c40b7689,2.250,10.000,t,,210004379
AM40194,مراية دولاب حمام -60 سم,سانيتاري ويرز,ML-02-60,مراية دولاب,3b74be9f-643f-cd77-2128-39d8b10170c9,100.000,150.000,t,,210002898
PA30377,كستولة,الشركة العالمية للتصدير و الإستيراد,,مجرفة مغلفة,4db58ef5-0e02-ae07-fc14-5629c40b7689,5.500,15.000,t,,210003888
AASB30757,مجفف يد ذهبي,سانيتاري ويرز,FL-2000 GOLDEN,اكسسوارات,0dafba13-51f2-fc5a-eab7-f16d55bcce40,182.000,275.000,t,,310004095
MC10081,سرفنتينة 15 سم * 15 سم اسود,بيورا,FD-GB-GOLD,مجرى,f9f6d83d-5b9d-2d22-c42a-21b487031fad,90.000,135.000,t,,310003114
ML10554,خلاط حوض وجه اسود,ليسو,JR085-1B,خلاط حوض وجه,9a9f39af-a0d0-6a64-969d-7baa03e28c4f,110.000,220.000,t,,210005089
PA30247,ميزان ألمنيوم 40 سم,سفيدن,,أدوات القياس والتتبع,4db58ef5-0e02-ae07-fc14-5629c40b7689,53.500,70.000,t,,210003740
ML10048,خلاط حوض وجه كروم,هيادياو,HD-5116,خلاط حوض وجه,0dafba13-51f2-fc5a-eab7-f16d55bcce40,125.000,190.000,t,,210002632
AASB30393,مجفف شعر أسود,بريمكس,WL27,اكسسوارات,f68c4a72-8eb2-7563-07ad-b344ff9fe960,136.500,170.000,t,,210004216
RFP1375,"فسيبلي "" 1/2 ذكر * ""1/2 أنثى 50سم",سانيتاري ويرز,ايطالي,فسيبلي,9a9f39af-a0d0-6a64-969d-7baa03e28c4f,9.250,20.000,t,,210004820
AB10072,خزانة حمام أبيض,سانيتاري ويرز,2151,خزانة حمام,f68c4a72-8eb2-7563-07ad-b344ff9fe960,280.000,500.000,t,,210004414
ARSB80781,شطاف ظغط مربع كبيرمع طوبو كروم,توريما,1372-03330-023,شطاف,3f8e1d44-c2e4-cecd-ff29-48dc418eba21,155.000,270.000,t,,310004173
EG30878,حوض مطبخ جرانيت أسود مطفي50*43 فردي,ب.أمور,Tallinn,حوض مطبخ جرانيت,0b31d558-d145-3aaf-232e-dad3cc8669b6,405.000,600.000,t,,310004332
MA20615,خلاط حوض المطبخ سحاب أسود,بن أمور,KITCHEN-BLACK,خلاط حوض المطبخ سحاب,ac78bb51-d153-70a3-ad89-bdb50a8537eb,150.000,250.000,t,,310003723
VS10597,حوض وجه معلق أبيض -60سم,ب.أمور,SH-8604,حوض وجه معلق,56855bde-1190-92a2-afb0-419a9650977f,215.000,350.000,t,,310003704
EG30251,حوض مطبخ جرانيت أسود محبب 70*50,سانيبال,رودا,حوض مطبخ جرانيت,e47ac07e-2763-bc83-6cf2-c39bb577a1f9,291.000,450.000,t,,210002972
CE10223,سخانة 15 لتر,تيسي,COMPACT 15,سخانة,51882a69-3ac9-cde2-37e3-64e2b7daae96,400.000,600.000,t,,310003337
ARSB80773,قلب خلاط حوض مطبخ شلال,سانيتاري ويرز,kat-3,ملحقات خلاط,f68c4a72-8eb2-7563-07ad-b344ff9fe960,19.000,30.000,t,,310003884
ARSB80250,مخرج شطاف مع علاق كروم,سانيتاري ويرز,,مخرج شطاف,dc6e5eb0-a2c4-7fc8-161c-528f389f29cc,16.500,35.000,t,,310003029
ALVM50034,سيفون حوض الوجه ذهبي,بريمكس,230K,سيفون حوض الوجه,0dafba13-51f2-fc5a-eab7-f16d55bcce40,105.000,180.000,t,,310002872
AB10567,خزانة حمام أبيض,سانيتاري ويرز,9712,خزانة حمام,9a9f39af-a0d0-6a64-969d-7baa03e28c4f,300.000,500.000,t,,210005102
PA30060,بونته تخليط 60ملي,الشركة العالمية للتصدير و الإستيراد,,أدوات الثقب,4db58ef5-0e02-ae07-fc14-5629c40b7689,8.500,15.000,t,,210004386
ARSB81066,سماعة دوش مع طوبو ذهبي,vip,709G,سماعة دوش,95d22529-eb35-a000-949b-cc311fec737c,68.000,120.000,t,,310004537
ASCA60282,ستريتشة 2.44 متر,الشركة العالمية للتصدير و الإستيراد,,ستريتشة,193a3d2d-d39f-6712-72cb-c5f247087645,30.000,75.000,t,,210003779
MA20044,خلاط حوض المطبخ سحاب اسود,تركواز سيراستايل,15-684,خلاط حوض المطبخ سحاب,2e234c5a-ae37-77f1-3c02-d40e664e7d50,210.000,330.000,t,,210003346
ARSB80215,كسكاس دوش مربع 200*200 مم مع قصبة ذهبي,سانيتاري ويرز,SS-02,كسكاس دوش,dc6e5eb0-a2c4-7fc8-161c-528f389f29cc,45.500,100.000,t,,210004529
LG40325,حوض وجه برسلين مشطوف 80 سم,رويال,YB14-7,حوض وجه برسلين,60d7d8a2-1083-abe4-d894-b1c7f3235d40,500.000,650.000,t,,210003067
ARSB80175,مخرج شطاف مع علاق كروم,دانيال,A547,مخرج شطاف,dd2fc8ac-5717-c00a-07b0-627c341c4a46,135.000,200.000,t,,210002879
ML10090,خلاط حوض وجه طويل كروم,شهاب,SORINA,خلاط حوض وجه,f68c4a72-8eb2-7563-07ad-b344ff9fe960,150.000,230.000,t,,310002780
AM40569,مراية دولاب حمام -80 سم,سانيتاري ويرز,9712,مراية دولاب,9a9f39af-a0d0-6a64-969d-7baa03e28c4f,215.000,320.000,t,,210005104
AB10849,خزانة حمام أبيض,سانيتاري ويرز,9611,خزانة حمام,f68c4a72-8eb2-7563-07ad-b344ff9fe960,270.000,430.000,t,,310003970
AASB30153,حاملة فوط أسود,سانيتاري ويرز,MILET 37007-K,اكسسوارات,ff3ad10c-136f-2eb9-510b-510058532e8d,65.000,130.000,t,,310003002
VS10222,حوض وجه سداسي مع عمود معلق أبيض,ب.أمور,SH-B182-H,حوض وجه معلق,56855bde-1190-92a2-afb0-419a9650977f,215.000,410.000,t,,210002937
PA30435,ڨوانطي,الشركة التونسية للمواد الصحية,200G XL,قفازات,4db58ef5-0e02-ae07-fc14-5629c40b7689,4.550,10.000,t,,210003946
RO10472,حنفية ضغط,فينوس,,حنفية,0dafba13-51f2-fc5a-eab7-f16d55bcce40,88.000,125.000,t,,210003245
ART0029,خلاط حوض وجه كروم,فينوس,RACHEL B1,خلاط حوض وجه,0dafba13-51f2-fc5a-eab7-f16d55bcce40,148.000,220.000,f,,210004340
CD40540,مسطرة دوش زوجية كروم,سانيتاري ويرز,2024-26,مسطرة دوش,b254c840-e3dc-aa50-45cc-22c1a82f1d9d,90.000,180.000,t,,310003612
MC10438,غطاء غرفة تفتيش 50*50 فايبر اسود,ستار سانيتار,,مجرى,f330aa66-9a8a-90ee-d535-6c68ff14b0de,42.500,55.000,t,,210004950
ML10747,خلاط حوض وجه  كروم,سانيتاري ويرز,OM-58C,خلاط حوض وجه,b254c840-e3dc-aa50-45cc-22c1a82f1d9d,225.000,350.000,t,,310004140
ARSB80351,شطاف ظغط دائرية مع طوبو كروم,بريمكس,1122,شطاف,0dafba13-51f2-fc5a-eab7-f16d55bcce40,66.930,120.000,t,,210004736
PE30122,"صاروخ 9"" 2200 وات",كراون,CT13070,صاروخ,4db58ef5-0e02-ae07-fc14-5629c40b7689,395.000,450.000,t,,210003609
ALVM50820,رأس سيفوني ذهبي,سانيتاري ويرز,,رأس سيفوني,4e069e00-1faf-fec3-009d-c22ff78edd71,23.000,70.000,t,,310003441
PS20151,علاقة ملابس خماسية دوران,سانيتاري ويرز,,علاقة مناشف,dc6e5eb0-a2c4-7fc8-161c-528f389f29cc,45.000,100.000,t,,210004534
AASB30076,مجفف يد أبيض,بريمكس,A2005-W,اكسسوارات,0dafba13-51f2-fc5a-eab7-f16d55bcce40,165.000,250.000,t,,210003537
PS20484,علاقة مناشف زوجية أسود,سانيتاري ويرز,SG-24,علاقة مناشف,51882a69-3ac9-cde2-37e3-64e2b7daae96,30.000,70.000,t,,310003543
PE30382,طلاء عاز ل مطاطي اكسترا 15 كغ,الواحة,العازل اكسترا,الجدران والسقف,193a3d2d-d39f-6712-72cb-c5f247087645,205.000,240.000,t,,210004178
AM0135,دولاب حمام 100 سم أبيض,سانيتاري ويرز,9048,دولاب حمام,f68c4a72-8eb2-7563-07ad-b344ff9fe960,600.000,900.000,t,,310003211
ML30502,مرايا حمام مع إضاءة لد اطاركروم 55 سم,سانيتاري ويرز,,مراية مضيئة,14950469-fd5d-b082-a076-567607dd7c0e,90.000,140.000,t,,310003573
EG40748,رف كواريون كوارتز 80سم أبيض,سانيتاري ويرز,D1,رف حوض وجه برسلين,b254c840-e3dc-aa50-45cc-22c1a82f1d9d,230.000,330.000,t,,310004141
ML10285,خلاط حوض وجه كروم,ARB,KILT003LYC00,خلاط حوض وجه,dd2fc8ac-5717-c00a-07b0-627c341c4a46,209.000,330.000,t,,210004706
AB10841,خزانة حمام أبيض,سانيتاري ويرز,1526,خزانة حمام,f68c4a72-8eb2-7563-07ad-b344ff9fe960,150.000,250.000,t,,310004280
MA20876,خلاط حوض المطبخ سحاب أسود لامع,توريما,MOLLA 17527DM-T40,خلاط حوض المطبخ سحاب,f68c4a72-8eb2-7563-07ad-b344ff9fe960,685.000,1060.000,t,,310003997
PA30162,سطل بناء,الشركة العالمية للتصدير و الإستيراد,,سطل بناء,4db58ef5-0e02-ae07-fc14-5629c40b7689,5.250,10.000,t,,210003656
MT30166,خلاط شطاف مع شطاف كروم,سانيتاري ويرز,MATEX,خلاط شطاف,dc6e5eb0-a2c4-7fc8-161c-528f389f29cc,48.000,85.000,t,,310003015
EL10235,حوض مطبخ ستانلس ستيل   304  كروم,أسيل,AS386,حوض مطبخ ستانلس ستيل,f68c4a72-8eb2-7563-07ad-b344ff9fe960,510.000,720.000,t,,210002952
EL50098,كلبس كاو رقم 18,الشركة العالمية للتصدير و الإستيراد,,ملحقات الكهرباء,4db58ef5-0e02-ae07-fc14-5629c40b7689,2.000,5.000,t,,210003560
MC10655,سرفنتينة 10 سم * 10 سم كروم,بن أمور,,مجرى,ac78bb51-d153-70a3-ad89-bdb50a8537eb,35.000,60.000,t,,310003763
ML10783,خلاط حوض وجه كروم,سانيتاري ويرز,OM-164,خلاط حوض وجه,b254c840-e3dc-aa50-45cc-22c1a82f1d9d,105.000,180.000,t,,310004124
ALVM50819,رأس سيفوني اسود,سانيتاري ويرز,,رأس سيفوني,4e069e00-1faf-fec3-009d-c22ff78edd71,25.000,60.000,t,,310003440
CD40261,مسطرة دوش زوجية كروم,بريميوم,27-079,مسطرة دوش,9a9f39af-a0d0-6a64-969d-7baa03e28c4f,100.000,150.000,t,,210004679
PE30178,مزيل صدأ 200 مل,الشركة العالمية للتصدير و الإستيراد,OYSTER FL007,المزيلات و المذيباتت,4db58ef5-0e02-ae07-fc14-5629c40b7689,7.000,11.000,t,,210003672
PD20044,حاجز دوش 8 مم  مظلم 120  سم,ليسو,WIC-120A,حاجز دوش,f68c4a72-8eb2-7563-07ad-b344ff9fe960,495.000,750.000,t,,210004358
ML10092,خلاط حوض وجه كروم,سانيتاري ويرز,RADIS,خلاط حوض وجه,f68c4a72-8eb2-7563-07ad-b344ff9fe960,142.000,270.000,t,,310002782
WA41059,غطاء مقعد معلق تورنيدو أبيض,ب.أمور,6102/053E,غطاء مقعد,77d76dcb-7fe6-a4b4-4998-83b869291b06,51.000,120.000,t,,310004530
AASB30119,حاملة منظفات زوجي كروم,سانيتاري ويرز,,اكسسوارات,f68c4a72-8eb2-7563-07ad-b344ff9fe960,95.000,180.000,t,,310002968
ARSB80263,قلب خلاط صغير,سانيتاري ويرز,,ملحقات خلاط,0dafba13-51f2-fc5a-eab7-f16d55bcce40,14.000,25.000,t,,210002986
PLSA0927,"كوربة ذكر ""1/2 * ""1/2 مع وردة كروم",توريما,1372-RACC1212-001,وصلة,f68c4a72-8eb2-7563-07ad-b344ff9fe960,16.000,25.000,t,,310004388
MC10006,مجرى 30 سم *6 سم دهبي,سانيتاري ويرز,,مجرى,eaec4caa-2cd8-a5a0-0ace-817c235e4ecc,90.000,150.000,t,,210003240
RFP1755,"فسيبلي "" 1/2 ذكر * ""1/2 أنثى 30سم",سانيتاري ويرز,اسباني,فسيبلي,5ab52856-ad90-444c-7e94-fd714235d708,10.500,20.000,t,,310003376
ML30838,مرايا حمام مع إضاءة لد80*60 سم,سانيتاري ويرز,1513,مراية مضيئة,f68c4a72-8eb2-7563-07ad-b344ff9fe960,120.000,200.000,t,,310004273
ARSB80290,"مسكر شطافة ""1/2"" * ""1/2 اسود",سانيتاري ويرز,FIDAR,مخرج شطاف,4db58ef5-0e02-ae07-fc14-5629c40b7689,16.000,24.000,t,,310003292
RD30585,حوض قدم مستطيل شريحة 120*80سم,سانيبال,غلاكسيت,بانيو قدم,e47ac07e-2763-bc83-6cf2-c39bb577a1f9,820.000,1275.000,t,,310003689
MC10886,مجرى 60 سم *5 سم كروم,أكوا بلاست,LQ-226-60,مجرى,74e1dacd-b468-4717-ef12-a0a78349e141,190.000,300.000,t,,310004007
PA30125,قفل طلقة,أف أف,L8270000,قفل باب,4db58ef5-0e02-ae07-fc14-5629c40b7689,105.000,145.000,t,,210003618
WP20097,مقعد أرضي بدون صندوق أبيض,اديال سانيتار,سفير,مقعد أرضي,e47ac07e-2763-bc83-6cf2-c39bb577a1f9,213.400,300.000,t,,310003169
ATWC50208,رجسترومقعد أرضي 40 سم,ايجا فتريفاي,,ملحقات مقاعد,51882a69-3ac9-cde2-37e3-64e2b7daae96,26.500,40.000,t,,210002919
ACE20242,مثبت سخانة,سانيتاري ويرز,,ملحقات سخانات,4db58ef5-0e02-ae07-fc14-5629c40b7689,3.500,7.000,t,,210002961
RD30460,حوض قدم مستطيل اكريليك 70*70 زاوية,ساناكريل,M305,بانيو قدم,e47ac07e-2763-bc83-6cf2-c39bb577a1f9,335.000,500.000,t,,210004981
PE30210,غيار روله ديكور,الشركة العالمية للتصدير و الإستيراد,2100,فرشة طلاء,1feb71a5-1d49-b1e4-f571-cf039a9a809d,2.750,10.000,t,,210004614
RO10293,مسكر زاوية  ''1/2 * ''1/2 أسود,سانيتاري ويرز,,حنفية,dc6e5eb0-a2c4-7fc8-161c-528f389f29cc,15.500,25.000,t,,210003027
AM0841,حوض وجه مع دولاب حمام -80 سم,سانيتاري ويرز,9614,دولاب حمام,f68c4a72-8eb2-7563-07ad-b344ff9fe960,700.000,1000.000,t,,310003962
AECU50391,سيفون حوض المطبخ رأس كبير,اوز بيست,600,ملحقات أحواض المطابخ,51882a69-3ac9-cde2-37e3-64e2b7daae96,35.750,55.000,t,,210004838
MA20907,خلاط حوض المطبخ سحاب كروم,بن أمور,B.AMOR026,خلاط حوض المطبخ سحاب,f3749abe-ab61-138e-bb47-655f16ecc625,285.000,430.000,t,,310004368
ML10794,خلاط حوض وجه كروم,ليسو,JR-085-13,خلاط حوض وجه,f68c4a72-8eb2-7563-07ad-b344ff9fe960,170.000,280.000,t,,310004198
ARSB80373,سماعة دوش مع طوبو كروم,سلارنو,,سماعة دوش,dc6e5eb0-a2c4-7fc8-161c-528f389f29cc,47.000,90.000,t,,210003130
RA20013,"وصلة 25"" لحام",فرات,بي بي ر - PPR,وصلة,1054307a-87a0-d4d2-fe16-bd905fe6a04b,0.523,5.000,t,,210003289
AB10346,خزانة حمام أبيض,سانيتاري ويرز,8108,خزانة حمام,9a9f39af-a0d0-6a64-969d-7baa03e28c4f,280.000,500.000,t,,210004790
ML10058,خلاط حوض وجه  15 سم كروم,شيزا,LAYER,خلاط حوض وجه,3f8e1d44-c2e4-cecd-ff29-48dc418eba21,150.000,190.000,t,,310002635
PE30468,كولة رخام 750 مل فازلين شفافة,الشركة العالمية للتصدير و الإستيراد,GeneralKoll,المواد اللاصقة و العازلة,4db58ef5-0e02-ae07-fc14-5629c40b7689,39.500,65.000,t,,210003983
EL10770,حوض مطبخ ستانلس ستيل 304 78*43,سانيتاري ويرز,,حوض مطبخ ستانلس ستيل,b254c840-e3dc-aa50-45cc-22c1a82f1d9d,175.000,270.000,t,,310004178
AASB30052,موزع صابون سائل كروم,فينوس,SA-08,اكسسوارات,0dafba13-51f2-fc5a-eab7-f16d55bcce40,66.000,90.000,t,,210003495
ARSB80033,شطاف ظغط مع طوبو أبيض,فرامو,KIT03BO,شطاف,f9f6d83d-5b9d-2d22-c42a-21b487031fad,325.000,400.000,t,,310002710
AM40965,مراية دولاب حمام 70 سم,بن أمور,DS83-70,مراية دولاب,3b74be9f-643f-cd77-2128-39d8b10170c9,150.000,250.000,t,,310004435
CD40031,مسطرة دوش فرديه كروم,فينوس,4422,مسطرة دوش,0dafba13-51f2-fc5a-eab7-f16d55bcce40,121.250,160.000,t,,210004342
TO9051,مفتاح ربط رقم 8 مم,الشركة العالمية للتصدير و الإستيراد,AC18693,مفاتيح,4db58ef5-0e02-ae07-fc14-5629c40b7689,3.000,8.000,t,,210004376
MDE50291,مطول خلاط دوش مدفون,توريما,0383711-093,خلاط دوش مدفون,9a9f39af-a0d0-6a64-969d-7baa03e28c4f,225.000,300.000,t,,210004712
ML10031,خلاط حوض وجه طويل كروم,يولي,,خلاط حوض وجه,f68c4a72-8eb2-7563-07ad-b344ff9fe960,85.000,150.000,t,,210002614
MA20441,خلاط حوض المطبخ سحاب كروم,تركارت,TURKUAZ,خلاط حوض المطبخ سحاب,c0faf038-b788-4ed3-15e1-cb4edf3f56f1,257.950,390.000,t,,310003506
ALVM50400,سيفون حوض الوجه 25سم 30سم كروم,بوڨاتي,,سيفون حوض الوجه,f68c4a72-8eb2-7563-07ad-b344ff9fe960,130.000,250.000,t,,210003157
ARSB80234,طوبو شطاف 120 سم كروم,بضائع أوروبية,01514-000 INIFLEX,طوبو شطاف,4db58ef5-0e02-ae07-fc14-5629c40b7689,11.500,30.000,t,,310003152
ME10034,خلاط حوض المطبخ شجرة كروم,أيولي,STILE 9446,خلاط حوض المطبخ شجرة,e2471349-f041-76d6-af3b-07b14234b9a8,217.000,350.000,t,,310002758
MC10632,سرفنتينة 15 سم * 15 سم مع مانع رائحة كروم لامع,بن أمور,مجموعة بن عمر,مجرى,ac78bb51-d153-70a3-ad89-bdb50a8537eb,30.000,50.000,t,,310003740
CD40001,مسطرة دوش زوجية مربعة كروم,سانيتاري ويرز,8888-5 SQ,مسطرة دوش,f68c4a72-8eb2-7563-07ad-b344ff9fe960,148.000,250.000,t,,310003134
PLSA0234,"نبلس ""1/2 * ""1/2 كروم",سانيتاري ويرز,,وصلة,4db58ef5-0e02-ae07-fc14-5629c40b7689,3.850,10.125,t,,210002951
CE10472,سخانة 50 لتر,اكوالينا,,سخانة,f330aa66-9a8a-90ee-d535-6c68ff14b0de,490.000,540.000,t,,210005000
AASB30795,سلة قمامة حمام,بضائع أوروبية,,اكسسوارات,081276dc-6952-a613-dc62-614b51522ad0,26.250,45.000,t,,310003416
PA30353,مفتاح تي بالمقبض رقم 13,الشركة العالمية للتصدير و الإستيراد,,مفك البراغي يدوي,4db58ef5-0e02-ae07-fc14-5629c40b7689,3.250,10.000,t,,210003860
ARSB80911,كسكاس دوش مربع 300*200 مم مع قصبة أسود,ديولو,63-5-100,كسكاس دوش,b254c840-e3dc-aa50-45cc-22c1a82f1d9d,75.000,150.000,t,,310004032
PE30398,طلاء عاز ل بلاستيك  13 كغ,دهانات المدينة مصراتة,العازل,الجدران والسقف,4db58ef5-0e02-ae07-fc14-5629c40b7689,114.000,120.000,t,,210004757
PE30898,ورق تغليف عادي,الشركة العالمية للتصدير و الإستيراد,,المواد اللاصقة و العازلة,4db58ef5-0e02-ae07-fc14-5629c40b7689,16.500,15.000,t,,210004454
PE30199,"سكينة تغليف 3""",اي بي سي,AC70026,أدوات,4db58ef5-0e02-ae07-fc14-5629c40b7689,2.950,7.000,t,,210003693
MC10469,"مسكر شطافة دبل ""1/2"" * ""1/2 كروم",فينوس,CALVIN P,مخرج شطاف,0dafba13-51f2-fc5a-eab7-f16d55bcce40,48.000,80.000,t,,210003241
ML30793,مرايا حمام ضد البخار مع إضاءة لد 70*50 سم,سانيتاري ويرز,4012,مراية مضيئة,f68c4a72-8eb2-7563-07ad-b344ff9fe960,100.000,160.000,t,,310003904
RFP1869,"فسيبلي "" 1/2 أنثى * ""1/2 أنثى 50سم",فانسكي,اسباني,فسيبلي,f592fa51-d431-40c9-f38d-39cdf4092eb2,65.000,20.000,t,,310003990
ARSB80149,مصب دوش مع تحويلة كروم,فينوس,RACHEL K,مصب دوش,0dafba13-51f2-fc5a-eab7-f16d55bcce40,84.000,135.000,t,,210002853
RA20470,"سنيسكا 25"" ذهبي مربع",الجودة,بي بي ر - PPR,سنيسكا,95d22529-eb35-a000-949b-cc311fec737c,105.000,120.000,t,,210004997
MA20018,خلاط حوض المطبخ سحاب كروم,توريما,FUNZIONI 1751211-T40,خلاط حوض المطبخ سحاب,3f8e1d44-c2e4-cecd-ff29-48dc418eba21,530.000,800.000,t,,310002671
ARSB80376,سماعة دوش مع طوبو كروم,ليسو,,سماعة دوش,f68c4a72-8eb2-7563-07ad-b344ff9fe960,48.000,90.000,t,,210003133
AASB30409,حاملة فوط كروم,فينوس,SO-02,اكسسوارات,0dafba13-51f2-fc5a-eab7-f16d55bcce40,80.650,150.000,t,,210004874
RO10018,مسكر زاوية  ''1/2 * ''1/2 اسود,فينوس,S-8B,حنفية,0dafba13-51f2-fc5a-eab7-f16d55bcce40,22.000,40.000,t,,210004329
PA30232,ڨنبالي,الشركة العالمية للتصدير و الإستيراد,,أحذية السلامة,4db58ef5-0e02-ae07-fc14-5629c40b7689,35.000,50.000,t,,210003725
PA30735,وصلة جيدور 3قطع في كرت اصفر,الشركة العالمية للتصدير و الإستيراد,,مجموعة مفاتيح عدة,f330aa66-9a8a-90ee-d535-6c68ff14b0de,14.500,30.000,t,,210004504
PLSA0510,نبلس حديد 1,سانيتاري ويرز,,وصلة,4db58ef5-0e02-ae07-fc14-5629c40b7689,1.400,5.000,t,,210004026
AASB30413,حاملة فوط كروم,فينوس,GR-02,اكسسوارات,0dafba13-51f2-fc5a-eab7-f16d55bcce40,64.020,100.000,t,,210004878
AM0138,دولاب حمام 100 سم مع حوض و مرآة أبيض,سانيتاري ويرز,9048,دولاب حمام,f68c4a72-8eb2-7563-07ad-b344ff9fe960,1095.000,1700.000,t,,310003214
PE30170,"فرشة طلاء 1.5"" 38.1 مم",فندر,,فرشة طلاء,4db58ef5-0e02-ae07-fc14-5629c40b7689,2.500,5.000,t,,210003664
ARSB80470,"مسكر شطافة دبل ""1/2"" * ""1/2 كروم",فينوس,,مخرج شطاف,0dafba13-51f2-fc5a-eab7-f16d55bcce40,32.000,60.000,t,,210003242
ML10829,خلاط حوض وجه وزة كروم,بن أمور,,خلاط حوض وجه,ac78bb51-d153-70a3-ad89-bdb50a8537eb,256.000,425.000,t,,310004261
EL50008,علبة سبوت,فاندي,R63\50,اللوحات الكهربائية والقواطع و العلب,06d20f1c-34a0-e014-64db-92734ce57411,0.520,2.000,t,,210004227
MM30026,حنفية حوض المطبخ حائطي كروم,شيزا,SIGMA,حنفية حوض المطبخ,3f8e1d44-c2e4-cecd-ff29-48dc418eba21,24.000,50.000,t,,310002632
ARSB80282,كسكاس دوش مربع 200*200 مم مع قصبة أسود,سانيتاري ويرز,MAF ELSEAH,كسكاس دوش,f68c4a72-8eb2-7563-07ad-b344ff9fe960,80.000,150.000,t,,310002843
LG40112,حوض وجه برسلين مشطوف 80 سم,رويال,M006,حوض وجه برسلين,f68c4a72-8eb2-7563-07ad-b344ff9fe960,400.000,650.000,t,,210004459
PE30333,رولة كروسة 10 سم ( 3 قطع ),الشركة العالمية للتصدير و الإستيراد,,فرشة طلاء,4db58ef5-0e02-ae07-fc14-5629c40b7689,5.500,15.000,t,,210003832
LG40336,حوض وجه برسلين 100 سم,رويال,YB032_6,حوض وجه برسلين,60d7d8a2-1083-abe4-d894-b1c7f3235d40,310.000,450.000,t,,210003079
AASB30762,رف زاوية كروم,سانيتاري ويرز,wl 8,اكسسوارات,f68c4a72-8eb2-7563-07ad-b344ff9fe960,95.000,130.000,t,,310003383
AM0106,حوض وجه مع دولاب حمام -80 سم,سانيتاري ويرز,5027,دولاب حمام,f68c4a72-8eb2-7563-07ad-b344ff9fe960,600.000,1000.000,t,,210004267
ML10035,خلاط حوض وجه مزخرف طويل أسود,سانيتاري واير,,خلاط حوض وجه,081276dc-6952-a613-dc62-614b51522ad0,188.000,400.000,t,,210002619
EG30869,حوض مطبخ جرانيت أسود مطفي60*45 فردي,ب.أمور,Cedria,حوض مطبخ جرانيت,0b31d558-d145-3aaf-232e-dad3cc8669b6,425.000,640.000,t,,310004323
PE30069,طلاء بخاخ داخلي و خارجي 300 مل رَمَادِي,راتا,,الجدران والسقف,4db58ef5-0e02-ae07-fc14-5629c40b7689,5.000,10.000,t,,210003389
AASB30832,سلة قمامة كروم  8 لتر,بن أمور,مجموعة بن عمر,اكسسوارات,ac78bb51-d153-70a3-ad89-bdb50a8537eb,118.000,200.000,t,,310004264
ARSB80133,قصبة دوش 35 سم كروم,سانيتاري ويرز,,قصبة دوش,0dafba13-51f2-fc5a-eab7-f16d55bcce40,39.000,70.000,t,,210002837
AASB30260,رف زاوية زوجي اسود,ليمكس,LY2288B,اكسسوارات,f592fa51-d431-40c9-f38d-39cdf4092eb2,165.000,260.000,t,,210003755
EL50011,لاغي بريزة,فاندي,F0013,اللوحات الكهربائية والقواطع و العلب,06d20f1c-34a0-e014-64db-92734ce57411,0.500,1.000,t,,210004230
CD40238,مسطرة دوش مع خلاط  دهبي,ا بي ام انترناشونال,1003,مسطرة دوش,dc6e5eb0-a2c4-7fc8-161c-528f389f29cc,335.000,550.000,t,,210004645
AECU50200,سيفون حوض المطبخ,سي أر سمارت,,ملحقات أحواض المطابخ,dc6e5eb0-a2c4-7fc8-161c-528f389f29cc,24.000,35.000,t,,210002906
MT30794,خلاط شطاف كروم,سانيتاري ويرز,OM-108,خلاط شطاف,b254c840-e3dc-aa50-45cc-22c1a82f1d9d,52.000,100.000,t,,310004138
SA10311,طقم اكسسوار كروم,ليسو,2667 ZINC,طقم اكسسوارات,f68c4a72-8eb2-7563-07ad-b344ff9fe960,145.000,220.000,t,,210003808
AM0463,دولاب مع مراية حمام 80 سم,أوركا,CLAY,دولاب حمام,fd059421-15b9-e743-662a-d6c4e83bb171,1700.000,0.000,t,,210003229
PA30375,كستولة,الشركة العالمية للتصدير و الإستيراد,,مجرفة مغلفة,4db58ef5-0e02-ae07-fc14-5629c40b7689,14.500,25.000,t,,210003886
PA30563,خبور 12 مم,المتفوق,,وصل تثبيت,4db58ef5-0e02-ae07-fc14-5629c40b7689,2.750,10.000,t,,210004080
ALVM51034,سيفون حوض الوجه كروم,مونتانا س.ل,MT-9101,سيفون حوض الوجه,51882a69-3ac9-cde2-37e3-64e2b7daae96,145.000,230.000,t,,310004505
AASB30156,حاملة فوط كروم,سانيتاري ويرز,NEPTUN,اكسسوارات,ff3ad10c-136f-2eb9-510b-510058532e8d,40.000,95.000,t,,310003003
ARSB80108,قصبة دوش مربعة 35 سم كروم,فينوس,,قصبة دوش,0dafba13-51f2-fc5a-eab7-f16d55bcce40,32.000,70.000,t,,210002813
ARSB80295,"مسكر شطافة ""1/2"" * ""1/2 دهبي",سانيتاري ويرز,ARB,مخرج شطاف,dd2fc8ac-5717-c00a-07b0-627c341c4a46,65.000,85.000,t,,310003297
MC10470,مجرى 55سم *7 سم كروم,بيورا,DL-02-55,مجرى,f9f6d83d-5b9d-2d22-c42a-21b487031fad,257.000,320.000,t,,210003257
AASB30094,حامل منضفات كروم,بضائع أوروبية,ALUXX,اكسسوارات,081276dc-6952-a613-dc62-614b51522ad0,35.000,70.000,t,,310002944
AM0103,دولاب حمام 80 سم أبيض,سانيتاري ويرز,2135,دولاب حمام,f68c4a72-8eb2-7563-07ad-b344ff9fe960,500.000,800.000,t,,210004264
EL10145,حوض مطبخ ستانلس ستيل   60*45 أسود,سانيتاري ويرز,,حوض مطبخ ستانلس ستيل,dc6e5eb0-a2c4-7fc8-161c-528f389f29cc,135.000,300.000,t,,210004525
PE30191,لصقة سريعة 3 غرام,الشركة العالمية للتصدير و الإستيراد,ALTECO 110,المواد اللاصقة و العازلة,4db58ef5-0e02-ae07-fc14-5629c40b7689,0.813,2.000,t,,210003685
LG41138,حوض وجه كوارتز مع رف مع مراية 80 سم,,236,حوض وجه برسلين,8d388eaa-de46-d772-319c-750398f43c28,730.000,1320.000,t,,310004641
ML10074,خلاط حوض وجه  كروم,ليسو,JR031-37,خلاط حوض وجه,f68c4a72-8eb2-7563-07ad-b344ff9fe960,85.000,150.000,t,,310002730
VS10122,حوض وجه معلق -100 سم,تركواز سيراستايل,KAPADOKYA,حوض وجه معلق,3ef761c8-d645-a9c8-47dc-960089e79b35,395.000,590.000,t,,310003198
RE10386,حنفية فردية حوض بلاستك,سانيتاري ويرز,TIEMME-58,حنفية حوض المطبخ,51882a69-3ac9-cde2-37e3-64e2b7daae96,6.600,25.000,t,,210004833
ARSB80132,قصبة دوش مربعة 30 سم كروم,سانيتاري ويرز,,قصبة دوش,0dafba13-51f2-fc5a-eab7-f16d55bcce40,36.000,70.000,t,,210002836
ALVM50260,سيفون حوض الوجه كروم,سانيتاري ويرز,17-8882,سيفون حوض الوجه,0dafba13-51f2-fc5a-eab7-f16d55bcce40,61.070,140.000,t,,210004677
VS10874,حوض وجه معلق 80*48سم,تركواز سيراستايل,LILA,حوض وجه معلق,3ef761c8-d645-a9c8-47dc-960089e79b35,267.000,600.000,t,,310003995
ARSB80659,شطاف ظغط مربع مع طوبو ذهبي,بن أمور,مجموعة بن عمر,شطاف,ac78bb51-d153-70a3-ad89-bdb50a8537eb,35.000,70.000,f,,310003767
PE30391,طلاء عاز ل مطاطي  3 كغ,الواحة,العازل,الجدران خارجي,193a3d2d-d39f-6712-72cb-c5f247087645,27.000,45.000,t,,210004187
EL50240,سير ربط 7.2 * 400 مم (100 قطعة),الشركة العالمية للتصدير و الإستيراد,,ملحقات الكهرباء,4db58ef5-0e02-ae07-fc14-5629c40b7689,13.500,20.000,t,,210003733
MD20027,خلاط دوش ذهبي,سانيتاري ويرز,VESUN Z-9003ZG,خلاط دوش,b3c3c120-ea64-9a00-f068-5896d8f5926d,95.000,190.000,t,,310002769
PE30206,"سكينة تغليف 5.5""",الشركة العالمية للتصدير و الإستيراد,,أدوات,4db58ef5-0e02-ae07-fc14-5629c40b7689,3.600,8.000,t,,210003700
PA30330,منشار شجر,الشركة العالمية للتصدير و الإستيراد,TESEN,أداة القص - منشار,4db58ef5-0e02-ae07-fc14-5629c40b7689,10.500,20.000,t,,210003829
PE30344,مقص عنب,الشركة العالمية للتصدير و الإستيراد,1025-21,مقص عنب,4db58ef5-0e02-ae07-fc14-5629c40b7689,5.500,15.000,t,,210003847
AEVE20092,وصلة صرف يمنى رصاصي,ستار سانيتار,,ملحقات مجرى,20684c48-6ec2-3cd4-8b05-9a431b0201bb,7.500,15.000,t,,310003125
MC10077,سرفنتينة 10 سم * 10 سم كروم,فيرمر,YLN7131-10,مجرى,4db58ef5-0e02-ae07-fc14-5629c40b7689,10.500,25.000,t,,310003110
DAF0888,دفاية أسود,سانيتاري ويرز,WL 27,دفايات,f68c4a72-8eb2-7563-07ad-b344ff9fe960,360.000,580.000,t,,310004009
LG40773,حوض كواريون كوارتز 60سم,سانيتاري واير,S60-4,حوض وجه برسلين,f68c4a72-8eb2-7563-07ad-b344ff9fe960,380.000,550.000,t,,310004114
EL10385,حوض مطبخ ستانلس ستيل   304 81 *45 سم,أسيل,AS3455,حوض مطبخ ستانلس ستيل,b254c840-e3dc-aa50-45cc-22c1a82f1d9d,575.000,870.000,t,,210004208
ML30274,مرايا حمام مع إضاءة لد 80*60 سم,كاي بي ام,ML_011,مراية مضيئة,e47ac07e-2763-bc83-6cf2-c39bb577a1f9,70.000,125.000,t,,210003003
MA20894,خلاط حوض المطبخ سحاب كروم,سانيتاري ويرز,WL15,خلاط حوض المطبخ سحاب,f68c4a72-8eb2-7563-07ad-b344ff9fe960,230.000,350.000,t,,310004015
ASCA60293,ستريتشة 3 متر,الشركة العالمية للتصدير و الإستيراد,,ستريتشة,193a3d2d-d39f-6712-72cb-c5f247087645,35.000,80.000,t,,210003790
MD20525,خلاط دوش كروم,سانيتاري ويرز,OM-107,خلاط دوش,b254c840-e3dc-aa50-45cc-22c1a82f1d9d,69.000,130.000,t,,310003596
ARSB80934,مصب حوض وجه طويل بدون تحويلة كروم,ليسو,079-31,مصب دوش,f68c4a72-8eb2-7563-07ad-b344ff9fe960,110.000,190.000,t,,310004060
ARSB80095,مصب دوش بدون تحويلة كروم,فينوس,RACHEL D2,مصب دوش,0dafba13-51f2-fc5a-eab7-f16d55bcce40,98.000,160.000,t,,210002800
EL50393,لصقة 0.13 مم * 19 مم * 25 متر,الشركة العالمية للتصدير و الإستيراد,SCAPA 2702,ملحقات الكهرباء,4db58ef5-0e02-ae07-fc14-5629c40b7689,4.750,10.000,t,,210003904
ARSB80188,كسكاس دوش مربع 250*250 مم مع قصبة كروم,سانيتاري ويرز,MAF ELSEAH,كسكاس دوش,f68c4a72-8eb2-7563-07ad-b344ff9fe960,58.000,130.000,t,,310003007
EG30565,حوض مطبخ جرانيت أسود محبب  47.5*47.5,سانيبال,ليكسوس,حوض مطبخ جرانيت,e47ac07e-2763-bc83-6cf2-c39bb577a1f9,300.700,470.000,t,,310003669
ARSB80127,سماعة دوش مع طوبو كروم,رايمر,339N317MDI,سماعة دوش,5bd59cc2-f915-90b2-5eb0-3ec705744a94,110.000,170.000,t,,210002831
PLSA0404,وردة كروم,فينوس,F45,وصلة,0dafba13-51f2-fc5a-eab7-f16d55bcce40,5.250,12.000,t,,210004869
ML30397,مرايا حمام مع إضاءة لد مع بخار 60 اطار ذهبي,سانيتاري ويرز,L806,مراية مضيئة,0dafba13-51f2-fc5a-eab7-f16d55bcce40,218.250,330.000,t,,210004888
WP20156,مقعد أرضي ملحوم تورىيدو أبيض,ب.أمور,SH-6201,مقعد أرضي,56855bde-1190-92a2-afb0-419a9650977f,543.000,760.000,t,,210002860
PE30047,طلاء زيتي 700 غ أسود لامع,دهانات المدينة مصراتة,طلاء زيتي,الحديد,4db58ef5-0e02-ae07-fc14-5629c40b7689,14.880,20.000,t,,210003366
ARSB80160,شطاف ظغط مع طوبو كروم,فيرمر,YLNGLB34-3,شطاف,0dafba13-51f2-fc5a-eab7-f16d55bcce40,23.500,90.000,t,,310002815
MF20003,مراية حمام 80 سم,أوركا,LUCCA,مراية معلقة,fd059421-15b9-e743-662a-d6c4e83bb171,280.000,390.000,t,,210003236
RA30045,"مجمع 3"" 2"" 1.5"" 2""",الرطيل,جي أم GM,مثلث,4db58ef5-0e02-ae07-fc14-5629c40b7689,22.000,23.000,t,,210003464
P30106,مضخة 1/2 حصان,شمجا,QB60L1,مضخة,4db58ef5-0e02-ae07-fc14-5629c40b7689,200.000,250.000,t,,210003594
PE30529,بونتة حديد رقم 6,سانيتاري واير,,مثقاب كهربائي,f330aa66-9a8a-90ee-d535-6c68ff14b0de,4.750,10.000,t,,210005063
ML10159,خلاط حوض وجه كروم,سانيتاري ويرز,WD-07,خلاط حوض وجه,7ea09f3f-5446-26a3-c653-90a14ccabc04,48.000,100.000,t,,310003008
PS20259,علاقة ملابس فردي,فينوس,ST-01,علاقة مناشف,0dafba13-51f2-fc5a-eab7-f16d55bcce40,32.150,70.000,t,,210004674
PLSA0266,وردة ذهبي,ليمكس,LY-2071,وصلة,f592fa51-d431-40c9-f38d-39cdf4092eb2,14.500,20.000,t,,210003763
PS21118,علاقة مناشف كروم,ليسو,wl63,علاقة مناشف,f68c4a72-8eb2-7563-07ad-b344ff9fe960,155.000,320.000,t,,310004621
CD40013,مسطرة دوش فرديه كروم,تركي,EZ-1965,مسطرة دوش,e47ac07e-2763-bc83-6cf2-c39bb577a1f9,85.000,135.000,t,,310003146
LG40387,حوض وجه برسلين مع رف 60 سم,رويال,YB14B-14,حوض وجه برسلين,60d7d8a2-1083-abe4-d894-b1c7f3235d40,450.000,750.000,f,,210003144
ARSB80984,"مسكر شطافة ""1/2"" * ""1/2 كروم",توريما,1372-R0271-005,مخرج شطاف,f68c4a72-8eb2-7563-07ad-b344ff9fe960,31.000,55.000,t,,310004454
CD40448,مسطرة دوش زوجية كروم,كوتارا,TPS-691,مسطرة دوش,431ac3fd-806d-3b31-7433-0f5bf3af56c7,145.000,220.000,t,,310003517
AM0974,دولاب مع حوض وجه مع مراية حمام 60 سم,بن أمور,009-60,دولاب حمام,3b74be9f-643f-cd77-2128-39d8b10170c9,710.000,1300.000,t,,310004444
PS20196,علاقة ملابس سداسية كروم,سانيتاري ويرز,,علاقة مناشف,3f8e1d44-c2e4-cecd-ff29-48dc418eba21,19.500,45.000,t,,310003055
LG40779,حوض وجه برسلين مع رف 60 سم,رويال,YB14B-14,حوض وجه برسلين,60d7d8a2-1083-abe4-d894-b1c7f3235d40,460.000,750.000,t,,310003890
RA30031,"وصلة 1.5""",الرطيل,جي أم GM,وصلة,1054307a-87a0-d4d2-fe16-bd905fe6a04b,1.650,5.000,t,,210003438
PA30586,سبتة التبجاني,الشركة العالمية للتصدير و الإستيراد,,خيط، حبل,4db58ef5-0e02-ae07-fc14-5629c40b7689,15.500,20.000,t,,210004104
ML11090,خلاط حوض وجه كلاسيكي أسود-كروم,MSLiNO,LY2430-BCP,خلاط حوض وجه,41cf3726-7c18-801f-29b4-95bfba464df9,180.000,280.000,t,,310004593
RO10294,حنفية غسالة  ''1/2 * ''3/4 كروم,أركو,L.85,حنفية,4db58ef5-0e02-ae07-fc14-5629c40b7689,28.000,35.000,t,,210003030
MC10038,سرفنتينة 15 سم * 15 سم كروم,فينوس,F609 SATIN,مجرى,0dafba13-51f2-fc5a-eab7-f16d55bcce40,58.000,85.000,t,,210004349
CC10421,كولة بلاط أرضيات 25 كغ,DEUTSCH COLOR,C2,كولة بلاط أرضيات,dd2fc8ac-5717-c00a-07b0-627c341c4a46,43.000,47.000,t,,210004926
PE30041,دهان عازل خارجي داخلي كغ10 أبيض,سوتينول - الغزالة,سوبرلاتكس,الجدران والسقف,4db58ef5-0e02-ae07-fc14-5629c40b7689,134.000,170.000,t,,210003360
MC10009,سرفنتينة 15 سم * 15 سم كروم,بيورا,FD-04,مجرى,f9f6d83d-5b9d-2d22-c42a-21b487031fad,53.000,75.000,t,,210003269
PA30440,قصدير لحام 30 غ,فندر,194850,لحام,4db58ef5-0e02-ae07-fc14-5629c40b7689,3.650,10.000,t,,210003951
PA30364,متر 3م,فندر,,أدوات القياس والتتبع,4db58ef5-0e02-ae07-fc14-5629c40b7689,4.750,15.000,t,,210003872
SI10002,سلكون 280 غرام أبيض,سانيتاري ويرز,,سلكون,f68c4a72-8eb2-7563-07ad-b344ff9fe960,10.500,15.000,f,,210003261
EG30108,حوض مطبخ جرانيت أبيض محبب 80*50,سانيبال,توكس,حوض مطبخ جرانيت,e47ac07e-2763-bc83-6cf2-c39bb577a1f9,417.100,650.000,t,,310003182
VS10205,حوض وجه معلق رصاصي -60سم,ب.أمور,SH-8420-60-G,حوض وجه معلق,56855bde-1190-92a2-afb0-419a9650977f,243.087,500.000,t,,210002915
AASB30148,حاملة فوط أسود,KBM,8115,اكسسوارات,e47ac07e-2763-bc83-6cf2-c39bb577a1f9,35.000,70.000,t,,310002997
EL10004,حوض مطبخ ستانلس ستيل   304 75*45 سم كروم,أسيل,,حوض مطبخ ستانلس ستيل,2e234c5a-ae37-77f1-3c02-d40e664e7d50,605.000,750.000,t,,210003392
WP20828,مقعد أرضي ملحوم أبيض,ب.أمور,SH-8808,مقعد أرضي,56855bde-1190-92a2-afb0-419a9650977f,535.000,880.000,t,,310004260
ARSB80225,"مسكر شطافة ""1/2"" * ""1/2 كروم",سانيتاري ويرز,FIRMER YLN8872,مخرج شطاف,0ac84589-249c-ec1c-90a6-5324415510d3,22.000,35.000,t,,210004620
ARSB80334,مخرج شطاف مع علاق كروم,فينوس,OEHS,مخرج شطاف,0dafba13-51f2-fc5a-eab7-f16d55bcce40,42.680,60.000,t,,210003076
AM0800,دولاب حمام مع إضاءة لد -90 سم,سانيتاري ويرز,9932,دولاب حمام,f68c4a72-8eb2-7563-07ad-b344ff9fe960,700.000,1000.000,t,,310004220
ME11095,خلاط حوض المطبخ شلال شجرة رصاصي,MSLiNO,MS1005B-GGY,خلاط حوض المطبخ شجرة,41cf3726-7c18-801f-29b4-95bfba464df9,315.000,550.000,t,,310004598
VS10047,حوض وجه معلق أبيض 50 سم,كورنات,,حوض وجه معلق,081276dc-6952-a613-dc62-614b51522ad0,200.000,300.000,t,,210003352
AM0111,حوض وجه مع دولاب حمام -80 سم,سانيتاري ويرز,9126C,دولاب حمام,f68c4a72-8eb2-7563-07ad-b344ff9fe960,600.000,1000.000,t,,210004272
ARSB80530,طوبو شطاف 1.2 م رصاصي,تركي,EKOL,طوبو شطاف,3371605a-058e-4bf1-07a5-d157c54ae58f,8.000,25.000,t,,310003363
PA33118,محقن بلاستك 13سم,فاندي,,قطع غيار واكسسوارات معدات الحديقة,4db58ef5-0e02-ae07-fc14-5629c40b7689,1.750,10.000,t,,210004480
CE10224,سخانة 50 لتر عمودية,تيسي,VERTICAL-TESY-50,سخانة,51882a69-3ac9-cde2-37e3-64e2b7daae96,780.000,750.000,t,,310003338
AASB30737,رف فردي 50 سم,سانيتاري ويرز,wl7,اكسسوارات,f68c4a72-8eb2-7563-07ad-b344ff9fe960,55.000,100.000,t,,310004085
ARSB80315,مخرج شطاف مع علاق كروم,سلارنو,HR-M05,مخرج شطاف,dc6e5eb0-a2c4-7fc8-161c-528f389f29cc,39.500,75.000,t,,210003052
ML30373,مرايا حمام مع إضاءة لد 80*60 سم,سانيتاري ويرز,1437,مراية مضيئة,f68c4a72-8eb2-7563-07ad-b344ff9fe960,105.000,170.000,t,,210004196
ML11014,خلاط حوض وجه كروم,توريما,XS 8X30011-093,خلاط حوض وجه,3f8e1d44-c2e4-cecd-ff29-48dc418eba21,365.000,520.000,t,,310004485
EG40295,رف رخامي كوارتز 80سم,سانيتاري ويرز,2610,رف حوض وجه برسلين,2e234c5a-ae37-77f1-3c02-d40e664e7d50,140.000,400.000,t,,210004718
VS10000,حوض وجه معلق -60 سم,تركواز سيراستايل,NOURA,حوض وجه معلق,3ef761c8-d645-a9c8-47dc-960089e79b35,200.000,280.000,t,,310002580
EL50227,ڨويدة 5 متر,الشركة العالمية للتصدير و الإستيراد,,ملحقات الكهرباء,4db58ef5-0e02-ae07-fc14-5629c40b7689,15.500,25.000,t,,210003720
PE30419,استوك 25 كغ,دهانات المدينة مصراتة,معجون المدينة مصراتة,استوك,f330aa66-9a8a-90ee-d535-6c68ff14b0de,76.630,72.000,t,,210004924
ML10858,خلاط حوض وجه ذهبي,سانيتاري ويرز,OM-105-GOLD,خلاط حوض وجه,b254c840-e3dc-aa50-45cc-22c1a82f1d9d,77.000,150.000,t,,310003979
ML30278,مرايا حمام مع إضاءة لد 80*60 سم,كاي بي ام,ML_006,مراية مضيئة,e47ac07e-2763-bc83-6cf2-c39bb577a1f9,77.600,125.000,t,,210003006
AM0854,حوض وجه مع دولاب حمام مع خزانة مع مراية -80 سم,سانيتاري ويرز,9938,دولاب حمام,f68c4a72-8eb2-7563-07ad-b344ff9fe960,1220.000,1850.000,t,,310004282
ARSB80414,مصب دوش مع تحويلة أسود,ريفانا,CND410 B,مصب دوش,51882a69-3ac9-cde2-37e3-64e2b7daae96,82.200,170.000,t,,310003469
ARSB80167,سماعة دوش مع طوبو كروم,سانيتاري واير,OZBEST,سماعة دوش,e47ac07e-2763-bc83-6cf2-c39bb577a1f9,18.000,50.000,t,,310002822
PS20201,علاقة مناشف كبيرة ثلاثية ذهبي,جي اف مارك,7760K,علاقة مناشف,3f8e1d44-c2e4-cecd-ff29-48dc418eba21,130.000,200.000,t,,310003062
PE30179,مزيل صدأ 400 مل,الشركة العالمية للتصدير و الإستيراد,NOBEX NST 180,المزيلات و المذيباتت,4db58ef5-0e02-ae07-fc14-5629c40b7689,18.500,25.000,t,,210003673
ARSB80741,مصب دوش بدون تحويلة أسود,فرامو,HO-245,مصب دوش,3371605a-058e-4bf1-07a5-d157c54ae58f,300.000,420.000,t,,310003367
ARSB80389,سماعة دوش مع طوبو كروم,سانيتاري ويرز,MCS60133,سماعة دوش,f68c4a72-8eb2-7563-07ad-b344ff9fe960,39.750,90.000,t,,310002850
PE30176,طلاء مائي داخلي 18 كغ أبيض,دهانات البحر المتوسط,دهانات البحر المتوسط,الجدران والسقف,97a5219b-1b5e-6889-0ed3-e1ade17254d5,55.700,60.000,t,,210004564
ALVM50393,رأس سيفوني رخامي,سانيتاري ويرز,,رأس سيفوني,f68c4a72-8eb2-7563-07ad-b344ff9fe960,29.000,70.000,t,,310002897
AECU50055,غسالة أكواب حوض المطبخ,سانيتاري ويرز,,ملحقات أحواض المطابخ,51882a69-3ac9-cde2-37e3-64e2b7daae96,14.000,50.000,t,,210003507
RA20596,"فلفلة باب  3/4"" سن داخلي",الشركة العالمية للتصدير و الإستيراد,,مثلث,1054307a-87a0-d4d2-fe16-bd905fe6a04b,33.000,55.000,t,,210004114
MT30240,خلاط شطاف مع شطاف كروم,رايمر,ENERGY EYC31DP,خلاط شطاف,5bd59cc2-f915-90b2-5eb0-3ec705744a94,305.000,460.000,t,,310003366
ARSB80084,شطاف ظغط دائري بلاستك مع طوبو أَبْيَض,فينوس,AHF10,شطاف,0dafba13-51f2-fc5a-eab7-f16d55bcce40,24.000,50.000,t,,210002680
PA30369,فرطاسة,الشركة العالمية للتصدير و الإستيراد,,مجرفة مغلفة,4db58ef5-0e02-ae07-fc14-5629c40b7689,1.750,5.000,t,,210003880
ARSB80906,سماعة دوش مع طوبو كروم,ليسو,WL17,سماعة دوش,f68c4a72-8eb2-7563-07ad-b344ff9fe960,110.000,150.000,t,,310004027
PE30384,طلاء عاز ل مطاطي اكسترا 5 كغ,الواحة,العازل اكسترا,الجدران والسقف,193a3d2d-d39f-6712-72cb-c5f247087645,53.000,70.000,t,,210004180
AM0459,دولاب مع حوض وجه مع مراية حمام 85 سم,أوركا,AYDOS,دولاب حمام,fd059421-15b9-e743-662a-d6c4e83bb171,1020.000,2050.000,t,,210003223
ARSB80199,قصبة دوش مربعة 35 سم ذهبي,سانيتاري ويرز,MSLINO LY2363-A,قصبة دوش,60d7d8a2-1083-abe4-d894-b1c7f3235d40,35.000,80.000,t,,310002893
ML10054,خلاط حوض وجه دائري أسود,ب.أمور,مجموعة بن عمر,خلاط حوض وجه,193a3d2d-d39f-6712-72cb-c5f247087645,76.000,135.000,t,,210002638
AM40345,مراية دولاب حمام -80 سم,سانيتاري ويرز,8108,مراية دولاب,9a9f39af-a0d0-6a64-969d-7baa03e28c4f,175.000,250.000,t,,210004789
LG40890,حوض رخامي كوارتز 80سم,سانيتاري واير,W801,حوض وجه برسلين,b254c840-e3dc-aa50-45cc-22c1a82f1d9d,550.000,900.000,t,,310004011
ARSB80144,كسكاس دوش مربع 250*250 مم ذهبي,توريما,0150133-T40,كسكاس دوش,3f8e1d44-c2e4-cecd-ff29-48dc418eba21,600.000,1100.000,t,,210002848
PE30423,شيمة جبس,سرسانيت,,استوك الجدران,193a3d2d-d39f-6712-72cb-c5f247087645,10.000,20.000,t,,210004928
ACE20210,فلفلة سخانة,سانيتاري ويرز,CE 1370,ملحقات سخانات,4db58ef5-0e02-ae07-fc14-5629c40b7689,11.900,18.750,t,,310003321
AASB30669,مسند لكبار السن أبيض,بن أمور,مجموعة بن عمر,اكسسوارات,ac78bb51-d153-70a3-ad89-bdb50a8537eb,100.000,200.000,t,,310003777
ARSB80239,كسكاس دوش دائري 250 مم مع قصبة كروم,توريما,1372-BRACSOFF-001,كسكاس دوش,f68c4a72-8eb2-7563-07ad-b344ff9fe960,235.000,360.000,t,,310003109
PE30392,طلاء عاز ل مطاطي  5 كغ,الواحة,العازل,الجدران خارجي,193a3d2d-d39f-6712-72cb-c5f247087645,45.000,55.000,t,,210004188
ARSB80319,مخرج شطاف ذهبي,بريمكس,J004G,مخرج شطاف,0dafba13-51f2-fc5a-eab7-f16d55bcce40,38.000,75.000,t,,210003059
AM0184,حوض وجه مع دولاب حمام -60 سم,سانيتاري ويرز,ML-02-60,دولاب حمام,3b74be9f-643f-cd77-2128-39d8b10170c9,380.000,620.000,t,,210002888
PE30036,استوك 18 كغ,دهانات المدينة مصراتة,معجون المدينة مصراتة,استوك,4db58ef5-0e02-ae07-fc14-5629c40b7689,48.500,50.000,t,,210003332
AM0857,دولاب حمام -60 سم,سانيتاري ويرز,9912,دولاب حمام,f68c4a72-8eb2-7563-07ad-b344ff9fe960,600.000,800.000,t,,310004293
ME10455,خلاط حوض المطبخ شجرة كروم,شهاب,SORINA,خلاط حوض المطبخ شجرة,3371605a-058e-4bf1-07a5-d157c54ae58f,165.000,250.000,t,,310003432
ML30800,مرايا حمام ضد البخار مع إضاءة لد 80*70 سم,سانيتاري ويرز,4004,مراية مضيئة,f68c4a72-8eb2-7563-07ad-b344ff9fe960,125.000,200.000,t,,310003911
MC10226,مجرى 29 سم * 9 سم كروم,سانيتاري ويرز,,مجرى,dc6e5eb0-a2c4-7fc8-161c-528f389f29cc,135.000,180.000,t,,210002943
MT30013,خلاط شطاف مع شطاف أسود,سانيتاري ويرز,MSLINO LY2270-B,خلاط شطاف,60d7d8a2-1083-abe4-d894-b1c7f3235d40,140.000,230.000,t,,310002794
WA40474,غطاء مقعد موطو أبيض,ب.أمور,SC-SH-8609,غطاء مقعد,56855bde-1190-92a2-afb0-419a9650977f,27.500,60.000,t,,310003544
AASB30198,صابون سائل,بضائع أوروبية,RUBBERMAID,اكسسوارات,081276dc-6952-a613-dc62-614b51522ad0,10.000,15.000,t,,310003057
PE30123,صاروخ 115مم 900 وات,سبيكو,SP-5018,صاروخ,4db58ef5-0e02-ae07-fc14-5629c40b7689,155.000,210.000,t,,210003610
AM0850,دولاب حمام بالملحق مع مرايا لد -80 سم,سانيتاري ويرز,9611,دولاب حمام,f68c4a72-8eb2-7563-07ad-b344ff9fe960,1075.000,1600.000,t,,310003971
SA11134,طقم اكسسوار كروم,ليسو,710,طقم اكسسوارات,f68c4a72-8eb2-7563-07ad-b344ff9fe960,155.000,340.000,t,,310004637
AM0737,دولاب حمام مع حوض وجه 60 سم,سانيتاري ويرز,040,دولاب حمام,b254c840-e3dc-aa50-45cc-22c1a82f1d9d,740.000,1110.000,t,,310004074
ML30750,مرايا حمام مع إضاءة لد,سانيتاري ويرز,001,مراية مضيئة,b254c840-e3dc-aa50-45cc-22c1a82f1d9d,100.000,150.000,t,,310004088
RA30064,"طابة نهاية خط 2""",الرطيل,جي أم GM,طابة,1054307a-87a0-d4d2-fe16-bd905fe6a04b,3.250,8.000,t,,210003510
MC10478,مجرى 60سم *7 سم كروم,بيورا,DL-11-60,مجرى,f9f6d83d-5b9d-2d22-c42a-21b487031fad,160.000,280.000,t,,210003252
RA20468,"سنيسكا 25"" اسود مربع",الجودة,بي بي ر - PPR,سنيسكا,95d22529-eb35-a000-949b-cc311fec737c,105.000,120.000,t,,210004995
ARSB80237,طوبو دوش 175سم كروم,بضائع أوروبية,F21217141753,طوبو دوش,dd2fc8ac-5717-c00a-07b0-627c341c4a46,32.000,50.000,t,,310003149
ARSB80244,سماعة دوش كروم,سانيتاري ويرز,WS-AD054002,سماعة دوش,081276dc-6952-a613-dc62-614b51522ad0,20.000,40.000,t,,310003042
MSB0410,حوض وجه مع دولاب حمام مع خزانة مع مراية -80 سم,سانيتاري ويرز,8102,دولاب حمام,f68c4a72-8eb2-7563-07ad-b344ff9fe960,730.000,1300.000,t,,210003167
PE30273,لصقة مع مجفف 500 مل,ابل,,المواد اللاصقة و العازلة,f330aa66-9a8a-90ee-d535-6c68ff14b0de,15.500,24.000,t,,210004694
ALVM50055,سيفون حوض الوجه طويل كروم,توريما,0331211-T42,سيفون حوض الوجه,f68c4a72-8eb2-7563-07ad-b344ff9fe960,170.000,280.000,t,,310003084
SA10202,طقم اكسسوار أسود,سانيتاري ويرز,1142-5,طقم اكسسوارات,2e234c5a-ae37-77f1-3c02-d40e664e7d50,195.000,300.000,t,,210004602
PA30382,منقار,الشركة العالمية للتصدير و الإستيراد,STAREX,منقار,4db58ef5-0e02-ae07-fc14-5629c40b7689,5.100,15.000,t,,210003893
CE10225,سخانة 80 لتر أفقية,تيسي,HORIZONTAL-TESY-80,سخانة,51882a69-3ac9-cde2-37e3-64e2b7daae96,955.000,990.000,t,,310003339
AM40227,مراية دولاب حمام -70 سم,سانيتاري ويرز,ML-02-80,مراية دولاب,3b74be9f-643f-cd77-2128-39d8b10170c9,94.000,150.000,t,,210002942
SC10052,بوكس مستطيل 120*80 *148 سم كروم,تركي,,بوكس حمام,e47ac07e-2763-bc83-6cf2-c39bb577a1f9,679.322,1000.000,t,,310003078
ALVM50309,سيفون حوض الوجه كروم بلستك,سانيتاري ويرز,401,سيفون حوض الوجه,9a9f39af-a0d0-6a64-969d-7baa03e28c4f,40.000,80.000,t,,210004734
ARSB81040,اكسسوار خلاط دوش مدفون دائري أسود,فيدار,FD-8T0025,ملحقات خلاط,dc6e5eb0-a2c4-7fc8-161c-528f389f29cc,145.000,250.000,t,,310004511
CI20480,خزان النبع 1500لتر,الصفاء,,خزان,f330aa66-9a8a-90ee-d535-6c68ff14b0de,435.000,650.000,t,,210005008
ATWC50201,زر بتريا اسود,سانيتاري ويرز,G-02,ملحقات مقاعد,9a9f39af-a0d0-6a64-969d-7baa03e28c4f,115.000,250.000,t,,210004597
ML10170,خلاط حوض وجه كروم,فيرونا,VE20310,خلاط حوض وجه,1a3e68c6-4b49-c842-7d20-2ef3559b05d2,73.000,120.000,t,,210004566
WP20157,مقعد أرضي ملحوم موطو أبيض,ب.أمور,SH-8609,مقعد أرضي,56855bde-1190-92a2-afb0-419a9650977f,427.000,580.000,t,,210002861
PE30020,زمالطو  2.5 كغ أصفر لامع,دهانات المدينة مصراتة,,الحديد,4db58ef5-0e02-ae07-fc14-5629c40b7689,48.500,75.000,t,,210003316
AASB30080,حاملة فرشاة أسنان أسود,KBM,9112,اكسسوارات,e47ac07e-2763-bc83-6cf2-c39bb577a1f9,35.000,70.000,t,,310002932
ASCA60271,ستريتشة 2.44 متر,الشركة العالمية للتصدير و الإستيراد,,ستريتشة,193a3d2d-d39f-6712-72cb-c5f247087645,30.000,75.000,t,,210003768
ME10008,خلاط حوض المطبخ شجرة كروم,نوبلي,BS1011034CR,خلاط حوض المطبخ شجرة,,235.000,360.000,t,,210002736
AASB30222,سلة قمامة,بضائع أوروبية,Dutch Spa,اكسسوارات,081276dc-6952-a613-dc62-614b51522ad0,45.000,140.000,t,,310003167
ARSB80939,مخرج شطاف مع علاق جانبي كروم,توريما,1372-01821-002,مخرج شطاف,3f8e1d44-c2e4-cecd-ff29-48dc418eba21,100.000,180.000,t,,310004396
PA30589,سلسلة ترية (75 سم),الشركة العالمية للتصدير و الإستيراد,,خيط، حبل,4db58ef5-0e02-ae07-fc14-5629c40b7689,3.000,5.000,t,,210004107
ARSB80349,مخرج شطاف كروم,سانيتاري ويرز,,مخرج شطاف,3371605a-058e-4bf1-07a5-d157c54ae58f,25.000,60.000,t,,210003095
RFP1429,"فسيبلي "" 1/2 ذكر * ""1/2 أنثى 40سم",سانيتاري ويرز,,فسيبلي,4db58ef5-0e02-ae07-fc14-5629c40b7689,11.500,20.000,t,,210003189
WS10558,مقعد معلق راما أبيض 122-1,راما,راما,مقعد معلق,8d388eaa-de46-d772-319c-750398f43c28,310.000,450.000,t,,310003630
ARSB80121,قصبة دوش 40 سم سقفية كروم,دانيال,A557QCM40,قصبة دوش,dd2fc8ac-5717-c00a-07b0-627c341c4a46,225.000,385.000,t,,210002825
PE30378,طلاء عاز ل مطاطي اكسترا 1 كغ,الواحة,العازل اكسترا,الجدران والسقف,193a3d2d-d39f-6712-72cb-c5f247087645,16.500,30.000,t,,210004174
CC10308,كولة حائط 20 كغ,بولبو,GOLD POLPO P340 C2TE,كولة بلاط أرضيات,e47ac07e-2763-bc83-6cf2-c39bb577a1f9,27.000,30.000,t,,210003805
ARSB81013,مخرج شطاف مع علاق كروم مع مسكر,رايمر,338Q,مخرج شطاف,51882a69-3ac9-cde2-37e3-64e2b7daae96,125.000,190.000,t,,310004484
PE30107,"صندوق عدة بلاستك 17"" 42*22*19.5سم",اي بي سي,AC18779,صندوق الأدوات,4db58ef5-0e02-ae07-fc14-5629c40b7689,38.000,50.000,t,,210003573
ML30535,مرايا حمام مع إضاءة لد 80*80 سم,سانيتاري ويرز,11,مراية مضيئة,b254c840-e3dc-aa50-45cc-22c1a82f1d9d,88.000,160.000,t,,310003607
MDE50676,خلاط دوش مدفون كروم,توريما,BLOG 8G01011-094,خلاط دوش مدفون,3f8e1d44-c2e4-cecd-ff29-48dc418eba21,395.000,550.000,t,,310003784
CD40103,مسطرة دوش زوجية كروم,فينوس,3229,مسطرة دوش,0dafba13-51f2-fc5a-eab7-f16d55bcce40,195.000,295.000,t,,210002699
PA30050,صباصلي صاروخ 9 بوصة,بوش,,قطع غيار واكسسوارات معدات الحديقة,193a3d2d-d39f-6712-72cb-c5f247087645,2.500,10.000,t,,210004368
VS10843,حوض وجه معلق -80 سم,سانيتاري واير,9911,حوض وجه معلق,f68c4a72-8eb2-7563-07ad-b344ff9fe960,350.000,700.000,t,,310004289
PS20531,علاقة مناشف زوجية أسود,سانيتاري ويرز,,علاقة مناشف,b254c840-e3dc-aa50-45cc-22c1a82f1d9d,80.000,140.000,t,,310003602
ALVM50061,مطول سيفون حوض الوجه 30سم كروم,فينوس,,ملحقات أحواض مغاسل,0dafba13-51f2-fc5a-eab7-f16d55bcce40,23.000,35.000,t,,210003521
VS10049,حوض وجه معلق 80 سم أبيض مع خلاط مع سيفوني,كورنات,,حوض وجه معلق,081276dc-6952-a613-dc62-614b51522ad0,250.000,480.000,t,,210003354
AASB30141,حاملة فوط كروم,سانيتاري ويرز,AVATAR,اكسسوارات,ff3ad10c-136f-2eb9-510b-510058532e8d,40.000,95.000,t,,310002990
EL10018,حوض مطبخ ستانلس ستيل   304 50.5*55 كروم,أسيل,AS 383,حوض مطبخ ستانلس ستيل,f68c4a72-8eb2-7563-07ad-b344ff9fe960,345.000,490.000,t,,310002623
ALVM50031,سيفون حوض الوجه كروم,سانيتاري ويرز,JR079-49ZINC-SQ,سيفون حوض الوجه,f68c4a72-8eb2-7563-07ad-b344ff9fe960,75.000,150.000,t,,310002869
PA3096,مسمارحرف L6,الشركة العالمية للتصدير و الإستيراد,,مسمار,4db58ef5-0e02-ae07-fc14-5629c40b7689,0.105,0.250,t,,210004451
MA20125,خلاط حوض المطبخ سحاب كروم,بريمكس,6214D,خلاط حوض المطبخ سحاب,0dafba13-51f2-fc5a-eab7-f16d55bcce40,213.000,300.000,t,,210002721
ML10008,خلاط حوض وجه أسود,توريما,VELVET 8V330BB-093,خلاط حوض وجه,3f8e1d44-c2e4-cecd-ff29-48dc418eba21,425.000,600.000,t,,210002591
PLSA0101,وردة كروم,رايمر,,وصلة,f68c4a72-8eb2-7563-07ad-b344ff9fe960,2.950,5.000,t,,210004262
ARSB80439,سماعة دوش مع طوبو كروم,ستار سانيتار,02-204,سماعة دوش,f330aa66-9a8a-90ee-d535-6c68ff14b0de,24.500,75.000,t,,210004907
PE30187,لصقة مع مجفف 200 مل,أويستار,FS-011,المواد اللاصقة و العازلة,4db58ef5-0e02-ae07-fc14-5629c40b7689,11.500,12.000,t,,210003681
LG40939,حوض كواريون كوارتز 100سم,سانيتاري واير,S-100-4,حوض وجه برسلين,b254c840-e3dc-aa50-45cc-22c1a82f1d9d,500.000,900.000,t,,310004065
LG40559,حوض وجه برسلين مشطوف مع رف 80 سم,الشركة العالمية للتصدير و الإستيراد,2708,حوض وجه برسلين,60d7d8a2-1083-abe4-d894-b1c7f3235d40,585.000,950.000,t,,210004076
ML10022,خلاط حوض وجه شلال طويل كروم,سانيتاري واير,XSDD012458,خلاط حوض وجه,081276dc-6952-a613-dc62-614b51522ad0,163.000,350.000,t,,210002605
MT30301,خلاط شطاف أسود,توريما,8G252BB-040,خلاط شطاف,3f8e1d44-c2e4-cecd-ff29-48dc418eba21,325.000,460.000,t,,210003038
CE10452,سخانة فورية مربعة,شارب,RYK-001,سخانة,dc6e5eb0-a2c4-7fc8-161c-528f389f29cc,215.000,330.000,t,,310003521
RA30390,ديسكو جرانيت 9'' 230 مم,بوش,,ديسكو منشار دائري,4db58ef5-0e02-ae07-fc14-5629c40b7689,16.500,30.000,t,,210003901
AB10412,خزانة حمام 120*24*20,سانيتاري ويرز,9402,خزانة حمام,f68c4a72-8eb2-7563-07ad-b344ff9fe960,80.000,250.000,t,,210003169
AM0805,دولاب حمام مع إضاءة لد-80 سم,سانيتاري ويرز,9922,دولاب حمام,f68c4a72-8eb2-7563-07ad-b344ff9fe960,630.000,1000.000,t,,310004225
MDE50003,خلاط دوش مدفون مع مصب وقصبة وكسكاس ذهبي,فرامو,HO211ORO,خلاط دوش مدفون,f9f6d83d-5b9d-2d22-c42a-21b487031fad,1650.000,1950.000,t,,310002605
ML10126,خلاط حوض وجه 2 فتحات كروم,سانيتاري واير,,خلاط حوض وجه,081276dc-6952-a613-dc62-614b51522ad0,110.000,300.000,t,,310003202
AASB30167,حاملة فوط أسود,KBM,8102,اكسسوارات,e47ac07e-2763-bc83-6cf2-c39bb577a1f9,27.700,80.000,t,,310003019
AASB30082,حاملة ورق ناعم أسود,سانيتاري ويرز,2668,اكسسوارات,e47ac07e-2763-bc83-6cf2-c39bb577a1f9,30.000,60.000,t,,310002934
PS20923,علاقة ملابس رباعية,سانيتاري ويرز,WL-22,علاقة مناشف,f68c4a72-8eb2-7563-07ad-b344ff9fe960,35.000,60.000,t,,310004047
PA30051,قشارة أسلاك كهرباء,الشركة العالمية للتصدير و الإستيراد,,مجموعة أدوات كهربائية,4db58ef5-0e02-ae07-fc14-5629c40b7689,7.500,15.000,t,,210004369
ARSB82122,كسكاس دوش دائري 250*250 مم مع قصبة اسود,ليمكس,LY2677R,كسكاس دوش,f592fa51-d431-40c9-f38d-39cdf4092eb2,185.000,300.000,t,,210004488
AM0698,دولاب مع حوض وجه مع مراية حمام 60 سم,بن أمور,60-C,دولاب حمام,ac78bb51-d153-70a3-ad89-bdb50a8537eb,180.000,950.000,t,,310003806
ATWC50191,مثبت مقعد أرضي حرف L,سانيتاري ويرز,RUDEX,ملحقات مقاعد,4db58ef5-0e02-ae07-fc14-5629c40b7689,2.500,10.000,t,,310003284
TO9053,مفتاح ربط رقم13 مم,الشركة العالمية للتصدير و الإستيراد,AC18693,مفاتيح,4db58ef5-0e02-ae07-fc14-5629c40b7689,5.500,10.000,t,,210004378
ML30275,مرايا حمام مع إضاءة لد 80*60 سم,كاي بي ام,ML_002,مراية مضيئة,e47ac07e-2763-bc83-6cf2-c39bb577a1f9,70.000,125.000,t,,210003005
EL50231,ڨويدة 30 متر,الشركة العالمية للتصدير و الإستيراد,,ملحقات الكهرباء,4db58ef5-0e02-ae07-fc14-5629c40b7689,35.000,45.000,t,,210003724
PA30432,ڨوانطي,فندر,,قفازات,4db58ef5-0e02-ae07-fc14-5629c40b7689,15.500,25.000,t,,210003943
PD20889,حاجز دوش 100 * 190 سم 8مم  أسود,سانيتاري ويرز,PF-40-12/100,حاجز دوش,b254c840-e3dc-aa50-45cc-22c1a82f1d9d,465.000,700.000,t,,310004034
ML30796,مرايا حمام ضد البخار مع إضاءة لد 80*100 سم,سانيتاري ويرز,4015,مراية مضيئة,f68c4a72-8eb2-7563-07ad-b344ff9fe960,180.000,270.000,t,,310003907
WS10165,مقعد معلق تورنيدو أبيض,ب.أمور,SH-024,مقعد معلق,56855bde-1190-92a2-afb0-419a9650977f,390.000,700.000,t,,210002869
ML30280,مرايا حمام مع إضاءة لد 80*60 سم,كاي بي ام,ML_009,مراية مضيئة,e47ac07e-2763-bc83-6cf2-c39bb577a1f9,77.600,125.000,t,,210003008
ML30109,مرايا حمام مع إضاءة لد 80*60 سم,سانيتاري ويرز,9126C,مراية مضيئة,f68c4a72-8eb2-7563-07ad-b344ff9fe960,100.000,250.000,t,,210004270
ML10247,خلاط حوض وجه اسود,ليسو,B19-133,خلاط حوض وجه,9a9f39af-a0d0-6a64-969d-7baa03e28c4f,115.000,180.000,t,,210004656
RA30034,"مثلث 1.5"" 90°",الرطيل,جي أم GM,مثلث,4db58ef5-0e02-ae07-fc14-5629c40b7689,3.250,8.000,t,,210003448
PA30501,بونتة 20 * 450 مم,الشركة العالمية للتصدير و الإستيراد,,أدوات الثقب,4db58ef5-0e02-ae07-fc14-5629c40b7689,12.500,20.000,t,,210004017
ARSB80853,سماعة دوش دائرية مع طوبو كروم,بن أمور,مجموعة بن عمر,سماعة دوش,ac78bb51-d153-70a3-ad89-bdb50a8537eb,50.000,120.000,t,,310004301
ML30370,مرايا حمام مع إضاءة لد 80*60 سم,سانيتاري ويرز,1442,مراية مضيئة,f68c4a72-8eb2-7563-07ad-b344ff9fe960,105.000,170.000,t,,210004193
PE30526,طلاء زيتي 850 غ أبيض مطفي,دهانات المدينة مصراتة,طلاء زيتي,الحديد,f330aa66-9a8a-90ee-d535-6c68ff14b0de,19.400,30.000,t,,210005060
EL50010,علبة كهرباء دائرية,فاندي,F0014,اللوحات الكهربائية والقواطع و العلب,06d20f1c-34a0-e014-64db-92734ce57411,0.200,1.000,t,,210004229
ARSB80361,مخرج شطاف كروم,بضائع أوروبية,230E,مخرج شطاف,f68c4a72-8eb2-7563-07ad-b344ff9fe960,37.500,70.000,t,,210003106
PE30214,شفاط ابيض,ABM,M6,مثقاب كهربائي,dc6e5eb0-a2c4-7fc8-161c-528f389f29cc,54.500,140.000,t,,210004621
MD20163,خلاط دوش أسود,سانيتاري ويرز,2308070,خلاط دوش,f68c4a72-8eb2-7563-07ad-b344ff9fe960,85.000,160.000,t,,310003012
PS20048,علاقة مناشف كروم,فينوس,ST-07,علاقة مناشف,0dafba13-51f2-fc5a-eab7-f16d55bcce40,285.000,400.000,t,,210003489
AM0963,دولاب حمام -70 سم,بن أمور,DS83-70,دولاب حمام,3b74be9f-643f-cd77-2128-39d8b10170c9,300.000,650.000,t,,310004433
RFP1432,"فسيبلي خلاط (2طرف) ""1/2 أنثى 50سم",سانيتاري ويرز,,فسيبلي,5ab52856-ad90-444c-7e94-fd714235d708,20.000,35.000,t,,210003192
PE30323,كولة 118 مل,الشركة العالمية للتصدير و الإستيراد,,المواد اللاصقة و العازلة,4db58ef5-0e02-ae07-fc14-5629c40b7689,11.500,20.000,t,,210003822
ML30133,مرايا حمام مع إضاءة لد 80*60 سم,كاي بي ام,ML_018,مراية مضيئة,e47ac07e-2763-bc83-6cf2-c39bb577a1f9,92.500,150.000,t,,310003209
MT30995,خلاط شطاف كروم,أيولي,9225-100 KING,خلاط شطاف,e2471349-f041-76d6-af3b-07b14234b9a8,235.000,350.000,t,,310004465
MA20906,خلاط حوض المطبخ مولة أسود لامع,بن أمور,B.AMOR022,خلاط حوض المطبخ سحاب,f3749abe-ab61-138e-bb47-655f16ecc625,430.000,650.000,t,,310004367
ARSB80799,شطاف ظغط مربعة مع طوبو كروم معا مخرج شطافة,اي ار بي,121101,شطاف,dd2fc8ac-5717-c00a-07b0-627c341c4a46,120.000,250.000,t,,210004849
SI10389,سلكون  280 غرام أبيض,SOMA FLX,SE218,سلكون,51882a69-3ac9-cde2-37e3-64e2b7daae96,9.167,15.000,f,,210004836
MDE50829,خلاط دوش مدفون ايدج ذهبي,توريما,8E01033-093,خلاط دوش مدفون,3f8e1d44-c2e4-cecd-ff29-48dc418eba21,755.000,1100.000,f,,310003950
EL10885,حوض مطبخ ستانلس ستيل   65*45 رصاصي,ب.أمور,Monastir,حوض مطبخ ستانلس ستيل,0b31d558-d145-3aaf-232e-dad3cc8669b6,255.000,400.000,t,,310004339
ML30787,مرايا حمام ضد البخار مع إضاءة لد 80*60 سم,سانيتاري ويرز,4003,مراية مضيئة,f68c4a72-8eb2-7563-07ad-b344ff9fe960,105.000,170.000,t,,310003898
PLSA0240,"مخفض أنثى ""1/2 ""3/8 كروم",سانيتاري ويرز,SASSI,وصلة,5ab52856-ad90-444c-7e94-fd714235d708,4.750,7.125,t,,310003351
PE30067,طلاء بخاخ داخلي و خارجي أسود لامع,إس كيو إل أو,,الجدران والسقف,4db58ef5-0e02-ae07-fc14-5629c40b7689,5.721,10.000,t,,210003387
PLSA0130,مطول 1/2*20 مم كروم,سانيتاري ويرز,,وصلة,f68c4a72-8eb2-7563-07ad-b344ff9fe960,6.950,13.000,t,,310003355
ME10810,خلاط حوض المطبخ شجرة كروم,أيولي,QUICK 4646,خلاط حوض المطبخ شجرة,e2471349-f041-76d6-af3b-07b14234b9a8,187.500,300.000,t,,310003431
PE30544,لصقة دبل فيس 3 سم 5متر,الشركة العالمية للتصدير و الإستيراد,,المواد اللاصقة و العازلة,f330aa66-9a8a-90ee-d535-6c68ff14b0de,5.500,12.000,t,,210005078
MD20996,خلاط دوش مع سماعة كروم,أيولي,9210 KING,خلاط دوش,e2471349-f041-76d6-af3b-07b14234b9a8,330.000,500.000,t,,310004466
MC10479,مجرى 55سم *7 سم كروم,بيورا,DL-03-55,مجرى,f9f6d83d-5b9d-2d22-c42a-21b487031fad,257.000,320.000,t,,210003253
ARSB80345,مصب دوش بدون تحويلة متحرك كروم,سانيتاري ويرز,VIGAROO SP80011,مصب دوش,2e234c5a-ae37-77f1-3c02-d40e664e7d50,145.000,230.000,t,,310002861
VE30153,حوض وجه تحت الرخام أبيض -50سم,ايجا فتريفاي,PINARA 91561,حوض تحت الرخام,e47ac07e-2763-bc83-6cf2-c39bb577a1f9,121.000,200.000,t,,310003229
MA20922,خلاط حوض المطبخ سحاب رصاصي مطفي,بن أمور,B.AMOR035,خلاط حوض المطبخ سحاب,f3749abe-ab61-138e-bb47-655f16ecc625,160.000,270.000,t,,310004383
PSB10825,دولاب حمام حوض مع مرايا لد -90 سم,سانيتاري ويرز,6105,طقم حمام,f68c4a72-8eb2-7563-07ad-b344ff9fe960,890.000,0.000,t,,310003438
PA30198,منفاخ هواء كهربائي 600 وات,اي بي سي,AC-002,قطع غيار واكسسوارات معدات الحديقة,193a3d2d-d39f-6712-72cb-c5f247087645,70.000,0.000,t,,210003692
MLE40017,خلاط حوض وجه مدفون مع مَصَب أسود,فرامو,HO244NO/22,خلاط حوض وجه مدفون,3371605a-058e-4bf1-07a5-d157c54ae58f,1250.000,1550.000,t,,310002693
WS10818,مقعد معلق كبير بلس سايز ملحوم تورنيدو أبيض,ب.أمور,LT-131E-UQ3,مقعد معلق,77d76dcb-7fe6-a4b4-4998-83b869291b06,505.000,950.000,t,,310004239
ML30499,مرايا حمام مع إضاءة لد 80*60 سم,سانيتاري ويرز,SYC013,مراية مضيئة,9a9f39af-a0d0-6a64-969d-7baa03e28c4f,120.000,220.000,t,,210005030
PA30214,كلاب 180 مم,الشركة العالمية للتصدير و الإستيراد,NWS 131-12-180,كماشة القطع,4db58ef5-0e02-ae07-fc14-5629c40b7689,75.000,100.000,t,,210003707
AASB30114,رف زاوية زوجي كروم,سانيتاري ويرز,1162-2,اكسسوارات,b79e7abc-51e1-263e-7d9c-8207fbd25aaf,45.000,90.000,t,,310002963
AASB30102,موزع صابون كروم,ونكو,24587100,اكسسوارات,081276dc-6952-a613-dc62-614b51522ad0,20.000,60.000,t,,310002951
CC10330,صليبة بيضاء 2.5ملي,الشركة العالمية للتصدير و الإستيراد,,كولة بلاط أرضيات,f330aa66-9a8a-90ee-d535-6c68ff14b0de,6.850,10.000,t,,210004768
PE30530,بونتة حديد رقم 8,سانيتاري واير,,مثقاب كهربائي,f330aa66-9a8a-90ee-d535-6c68ff14b0de,8.500,15.000,t,,210005064
PA30587,سلسلة ترية (1 متر),الشركة العالمية للتصدير و الإستيراد,,خيط، حبل,4db58ef5-0e02-ae07-fc14-5629c40b7689,2.667,5.000,t,,210004105
LG40189,حوض وجه برسلين مشطوف 80 سم,ليسو,A2080C,حوض وجه برسلين,9a9f39af-a0d0-6a64-969d-7baa03e28c4f,300.000,500.000,t,,210004585
ME10282,خلاط حوض المطبخ شجرة كروم,ARB,KILC046LYC00,خلاط حوض المطبخ شجرة,dd2fc8ac-5717-c00a-07b0-627c341c4a46,237.500,380.000,t,,210004703
RA30451,"ديسكو حديد 9"" 230 مم",كداس,ايما,ديسكو منشار دائري,f330aa66-9a8a-90ee-d535-6c68ff14b0de,9.250,15.000,t,,210004968
ART0005,مصب دوش مع تحويلة كروم,رايمر,91MD,مصب دوش,5bd59cc2-f915-90b2-5eb0-3ec705744a94,215.000,430.000,t,,210004311
PE30112,ماصة 1 كغ,اي بي سي,AC18725,مطرقة - ماصة,4db58ef5-0e02-ae07-fc14-5629c40b7689,12.000,20.000,t,,210003579
VS10825,حوض وجه معلق -100 سم,سانيتاري واير,9928,حوض وجه معلق,f68c4a72-8eb2-7563-07ad-b344ff9fe960,450.000,750.000,t,,310004250
SA10232,طقم اكسسوار كروم,سانيتاري ويرز,HW-202,طقم اكسسوارات,dc6e5eb0-a2c4-7fc8-161c-528f389f29cc,125.000,220.000,t,,210004639
MT30010,خلاط شطاف مع شطاف أسود,نابولي,Z-9000N BK-14,خلاط شطاف,b3c3c120-ea64-9a00-f068-5896d8f5926d,66.000,130.000,t,,310002791
EL10884,حوض مطبخ ستانلس ستيل   65*45 أسود,ب.أمور,Monastir,حوض مطبخ ستانلس ستيل,0b31d558-d145-3aaf-232e-dad3cc8669b6,260.000,400.000,t,,310004338
ML10241,خلاط حوض وجه كروم,توريما,EDGE 8E33011-093,خلاط حوض وجه,9a9f39af-a0d0-6a64-969d-7baa03e28c4f,395.000,600.000,t,,210004650
AETS20378,تفلون سائل 15ml,سانيتاري ويرز,,ملحقات عوازل صحية,803eabee-b81f-7acb-eb64-b2cae128a7cb,6.900,15.000,t,,210004825
MTE60030,خلاط شطاف مدفون كروم,فرامو,NM206CR,خلاط شطاف مدفون,f9f6d83d-5b9d-2d22-c42a-21b487031fad,137.500,200.000,t,,310002707
AASB30120,صابونية أسود,ونكو,BOSIO BLACK,اكسسوارات,081276dc-6952-a613-dc62-614b51522ad0,18.750,75.000,t,,310002969
ARSB80205,مخرج شطاف مع علاق كروم,سانيتاري ويرز,990,مخرج شطاف,,15.500,45.000,t,,310003066
RFP1991,"فسيبلي "" 1/2 أنثى * ""1/2 أنثى 50سم",فانسكي,vip,فسيبلي,95d22529-eb35-a000-949b-cc311fec737c,18.000,20.000,t,,310004461
ML10082,خلاط حوض وجه كروم,جي اف مارك,6-011D,خلاط حوض وجه,60d7d8a2-1083-abe4-d894-b1c7f3235d40,330.000,500.000,t,,310002736
PA30064,مفك سالب,سانيتاري ويرز,193010,مفك البراغي يدوي,4db58ef5-0e02-ae07-fc14-5629c40b7689,4.100,10.000,t,,210004391
MA20120,خلاط حوض المطبخ دبل سحاب أسود,سانيتاري ويرز,XSDD010582,خلاط حوض المطبخ سحاب,081276dc-6952-a613-dc62-614b51522ad0,180.000,450.000,t,,210002716
WS10816,مقعد معلق ملحوم تورنيدو أبيض,ب.أمور,LT-093E-UQ3,مقعد معلق,77d76dcb-7fe6-a4b4-4998-83b869291b06,435.000,750.000,t,,310004237
ML10160,خلاط حوض وجه كروم,سانيتاري ويرز,FIR-79,خلاط حوض وجه,f68c4a72-8eb2-7563-07ad-b344ff9fe960,61.000,125.000,t,,310003009
MA20006,خلاط حوض المطبخ سحاب كروم,يولي,,خلاط حوض المطبخ سحاب,0dafba13-51f2-fc5a-eab7-f16d55bcce40,210.000,330.000,t,,210002734
PA30542,مسمارخشب رقم 6 (100غ),الشركة العالمية للتصدير و الإستيراد,,مسمار,4db58ef5-0e02-ae07-fc14-5629c40b7689,1.075,3.000,t,,210004058
AB10558,خزانة حمام أبيض,سانيتاري ويرز,9716,خزانة حمام,9a9f39af-a0d0-6a64-969d-7baa03e28c4f,300.000,500.000,t,,210005093
PSB10398,حوض وجه مع دولاب حمام مع مراية -65سم,تركي,LIGHT-OAK EKO,طقم حمام,431ac3fd-806d-3b31-7433-0f5bf3af56c7,980.000,840.000,f,,310003453
MT30628,خلاط شطاف مع شطاف 15 سم كروم,بن أمور,مجموعة بن عمر,خلاط شطاف,ac78bb51-d153-70a3-ad89-bdb50a8537eb,120.000,200.000,t,,310003736
PS21117,علاقة مناشف كروم,ليسو,wl75,علاقة مناشف,f68c4a72-8eb2-7563-07ad-b344ff9fe960,195.000,350.000,t,,310004620
ARSB80316,مخرج شطاف مع علاق كروم,سلارنو,HR-M09,مخرج شطاف,dc6e5eb0-a2c4-7fc8-161c-528f389f29cc,28.000,60.000,t,,210003053
PE30895,لصقة مع مجفف 400 مل,سانيتاري واير,,المواد اللاصقة و العازلة,f330aa66-9a8a-90ee-d535-6c68ff14b0de,13.500,20.000,t,,210004512
ML10001,خلاط حوض وجه كروم,توريما,MERIDA,خلاط حوض وجه,3f8e1d44-c2e4-cecd-ff29-48dc418eba21,490.000,700.000,t,,210002585
ELC2001,قرجوطة 19مم *50 م,فاندي,F0022,قراجيط الكهرباء,06d20f1c-34a0-e014-64db-92734ce57411,29.000,35.000,t,,210004220
MDE50823,خلاط دوش مدفون شريحة مربع كروم,توريما,MERIDA 8Q 1011-093,خلاط دوش مدفون,3f8e1d44-c2e4-cecd-ff29-48dc418eba21,375.000,570.000,t,,310003942
PE30255,كولة 237 مل,الشركة العالمية للتصدير و الإستيراد,,المواد اللاصقة و العازلة,4db58ef5-0e02-ae07-fc14-5629c40b7689,16.500,25.000,t,,210003748
AM40977,مراية دولاب حمام 60 سم,بن أمور,009-60-F,مراية دولاب,3b74be9f-643f-cd77-2128-39d8b10170c9,150.000,300.000,t,,310004447
PA30412,متر 3م,wehand,,أدوات القياس والتتبع,f330aa66-9a8a-90ee-d535-6c68ff14b0de,4.750,15.000,t,,210004915
PA30380,منقار,الشركة العالمية للتصدير و الإستيراد,COLT,منقار,4db58ef5-0e02-ae07-fc14-5629c40b7689,4.500,15.000,t,,210003891
MC10714,مجرى 40 سم *7 سم كروم,لونج 304,LONG,مجرى,51882a69-3ac9-cde2-37e3-64e2b7daae96,145.000,250.000,t,,310003822
AASB30871,رف زاوية زوجي اسود مطفي,ليمكس,LY 2329 BLACK,اكسسوارات,f592fa51-d431-40c9-f38d-39cdf4092eb2,145.000,200.000,t,,310003992
ARSB80661,مخرج شطاف كروم,بن أمور,B.A01-CA,مخرج شطاف,ac78bb51-d153-70a3-ad89-bdb50a8537eb,30.000,70.000,t,,310003769
RA20209,"تحويلة 4""",سانيتاري ويرز,,وصلة,f9f6d83d-5b9d-2d22-c42a-21b487031fad,2.000,3.000,t,,310003320
PA30098,ڨومة برويطة,الشركة العالمية للتصدير و الإستيراد,,برويطة,4db58ef5-0e02-ae07-fc14-5629c40b7689,75.000,95.000,t,,210003586
AM0825,حوض وجه مع دولاب حمام مع مراية -100 سم,سانيتاري ويرز,9928,دولاب حمام,f68c4a72-8eb2-7563-07ad-b344ff9fe960,1395.000,2000.000,t,,310004248
ART0302,شطاف ظغط دائري مع طوبو كروم,ليسو,,شطاف,3371605a-058e-4bf1-07a5-d157c54ae58f,50.000,120.000,f,,210003799
MT30065,خلاط شطاف مع شطاف أسود,فيرمر,,خلاط شطاف,0dafba13-51f2-fc5a-eab7-f16d55bcce40,180.000,260.000,t,,210002661
AB11025,خزانة حمام مقبض أسود 120*23*20,سانيتاري ويرز,S-01-2,خزانة حمام,b254c840-e3dc-aa50-45cc-22c1a82f1d9d,410.000,620.000,t,,310004496
ML10093,خلاط حوض وجه كروم,سانيتاري ويرز,HUINASI ML2221,خلاط حوض وجه,04237243-dd5f-7582-ba66-b76abde0fd74,47.000,120.000,t,,310002783
MLE40822,خلاط حوض وجه مدفون مع مصب أسود,توريما,BLOG 8G313BB-094,خلاط حوض وجه مدفون,3f8e1d44-c2e4-cecd-ff29-48dc418eba21,895.000,1300.000,t,,310003939
ARSB80527,شطاف ظغط دائري مع طوبو أسود,سانيتاري ويرز,OM-82,شطاف,b254c840-e3dc-aa50-45cc-22c1a82f1d9d,33.500,60.000,t,,310003598
PD20579,حاجز دوش 80*190سم 10مم اطار كروم منقط,,,حاجز دوش,9a9f39af-a0d0-6a64-969d-7baa03e28c4f,595.000,850.000,t,,210005114
PA30419,عصاة بالة,الشركة العالمية للتصدير و الإستيراد,,بالة,4db58ef5-0e02-ae07-fc14-5629c40b7689,14.000,25.000,t,,210003930
VS10943,حوض وجه معلق -80 سم,سانيتاري واير,G011-80,حوض وجه معلق,3b74be9f-643f-cd77-2128-39d8b10170c9,240.000,400.000,t,,310004413
ML10042,خلاط حوض وجه طويل مربع كروم,نيو !,7-8,خلاط حوض وجه,f68c4a72-8eb2-7563-07ad-b344ff9fe960,110.000,170.000,t,,210002626
PE30295,دهان عازل خارجي داخلي كغ3.5 أبيض,سوتينول - الغزالة,سوبرلاتكس,الجدران والسقف,f330aa66-9a8a-90ee-d535-6c68ff14b0de,55.834,65.000,t,,210004500
PS20759,علاقة ملابس سداسية,فينوس,PE-06,علاقة مناشف,0dafba13-51f2-fc5a-eab7-f16d55bcce40,56.000,85.000,t,,310004099
P30110,مضخة ماجن 3/4 حصان ضد التآكل,شمجا,QDX1.5-25-0.55K3-F,مضخة,4db58ef5-0e02-ae07-fc14-5629c40b7689,565.000,590.000,t,,210003598
PA30066,مفك سالب قصير كورة,سانيتاري ويرز,193000,مفك البراغي يدوي,4db58ef5-0e02-ae07-fc14-5629c40b7689,3.500,10.000,t,,210004393
AASB30099,موزع صابون أسود,سانيتاري ويرز,202C BLACK,اكسسوارات,0dafba13-51f2-fc5a-eab7-f16d55bcce40,38.000,70.000,t,,310002948
PD21113,حاجز دوش 10مم اطار كروم منقط 90سم,ليسو,LUD,حاجز دوش,f68c4a72-8eb2-7563-07ad-b344ff9fe960,640.000,880.000,t,,310004616
ARSB80103,مصب دوش مع تحويلة كروم,دانيال,SK4704CR,مصب دوش,dd2fc8ac-5717-c00a-07b0-627c341c4a46,255.000,335.000,t,,210002808
ARSB80380,كسكاس دوش مربع 250*250 مم مع قصبة ذهبي,ليسو,,كسكاس دوش,f68c4a72-8eb2-7563-07ad-b344ff9fe960,95.000,170.000,t,,310002838
CD40098,مسطرة دوش زوجية مربعة كروم,سانيتاري ويرز,,مسطرة دوش,f68c4a72-8eb2-7563-07ad-b344ff9fe960,345.000,520.000,t,,210002694
ML10059,خلاط حوض وجه  15 سم كروم,شيزا,MELLOW,خلاط حوض وجه,3f8e1d44-c2e4-cecd-ff29-48dc418eba21,198.000,380.000,t,,310002637
PE30592,مشمع ثقيل 3 * 4,الشركة العالمية للتصدير و الإستيراد,,التغطية والحماية,4db58ef5-0e02-ae07-fc14-5629c40b7689,18.600,30.000,t,,210004110
ARSB80711,رقبة خلاط متحركة كروم,ليفرنو هوم,P-IX 38701/IIO,ملحقات خلاط,1e40627e-ea09-d325-6c11-fb6c068c423e,10.000,20.000,t,,310003819
WS10814,مقعد معلق تورنيدو أسود,ب.أمور,LT-052E-UQ3-MB,مقعد معلق,77d76dcb-7fe6-a4b4-4998-83b869291b06,565.000,850.000,t,,310004235
PA30491,مسدس سلكون حراري,الشركة العالمية للتصدير و الإستيراد,,مسدس الغراء,4db58ef5-0e02-ae07-fc14-5629c40b7689,9.500,20.000,t,,210004007
VP20484,حوض وجه فوق الرخام أبيض 41.5 سم,ب.أمور,SH-8221,حوض فوق الرخام,56855bde-1190-92a2-afb0-419a9650977f,103.000,200.000,t,,310003555
LG40402,حوض وجه برسلين مع رف 80 سم,رويال,2716,حوض وجه برسلين,f68c4a72-8eb2-7563-07ad-b344ff9fe960,485.000,850.000,t,,210004160
ARSB80989,شطاف ظغط مجرح مع طوبو كروم,اي ار بي,030101,شطاف,dd2fc8ac-5717-c00a-07b0-627c341c4a46,77.000,150.000,t,,210004851
PS21119,علاقة مناشف كروم,ليسو,wl72,علاقة مناشف,f68c4a72-8eb2-7563-07ad-b344ff9fe960,195.000,360.000,t,,310004622
CC10365,كولة فواصل 032,kalekim,CAPPADOCIA BEIGE,كولة بلاط أرضيات,96788f75-aca7-6778-39d6-9ded903609dd,35.000,42.000,t,,210004809
EG30882,حوض مطبخ جرانيت بيج78*50 فردي,ب.أمور,Sousse,حوض مطبخ جرانيت,0b31d558-d145-3aaf-232e-dad3cc8669b6,555.000,880.000,t,,310004336
PE30057,طلاء زيتي لماع داخلي و خارجي 100 غ رمادي فاتح,سوتينول - الغزالة,طلاء زيتي,الجدران والسقف,4db58ef5-0e02-ae07-fc14-5629c40b7689,2.950,10.000,t,,210003376
ML30137,مرايا حمام مع إضاءة لد 100*80 سم,سانيتاري ويرز,9048,مراية مضيئة,f68c4a72-8eb2-7563-07ad-b344ff9fe960,195.000,350.000,t,,310003213
VS10400,حوض وجه معلق 65 سم,تركي,LIGHT-OAK EKO,حوض وجه معلق,431ac3fd-806d-3b31-7433-0f5bf3af56c7,160.000,250.000,f,,310003455
PE30414,مقص بي بي ار,الشركة العالمية للتصدير و الإستيراد,,موس فرش والمقص,4db58ef5-0e02-ae07-fc14-5629c40b7689,6.750,15.000,t,,210003925
ARSB80281,كسكاس دوش مربع 200*200 مم مع قصبة ذهبي,سانيتاري ويرز,MAF ELSEAH,كسكاس دوش,f68c4a72-8eb2-7563-07ad-b344ff9fe960,93.000,180.000,t,,310002842
ME11096,خلاط حوض المطبخ شلال شجرة كروم,MSLiNO,MS1005B-CP,خلاط حوض المطبخ شجرة,41cf3726-7c18-801f-29b4-95bfba464df9,315.000,550.000,t,,310004599
ML10766,خلاط حوض وجه كروم,توريما,9C33011-093,خلاط حوض وجه,3f8e1d44-c2e4-cecd-ff29-48dc418eba21,395.000,630.000,t,,310004174
MDE50004,خلاط دوش مدفون مع مصب وقصبة وكسكاس ذهبي,فرامو,PA211ORO,خلاط دوش مدفون,f9f6d83d-5b9d-2d22-c42a-21b487031fad,1950.000,2250.000,t,,310002606
MC10448,سرفنتينة 15 سم * 15 سم أسود,درنيا,,مجرى,5bd59cc2-f915-90b2-5eb0-3ec705744a94,85.000,125.000,t,,210003209
SA10753,طقم اكسسوار كروم,سانيتاري ويرز,OM-130,طقم اكسسوارات,b254c840-e3dc-aa50-45cc-22c1a82f1d9d,185.000,300.000,t,,310004147
PLSA0233,"نبلس ""1/2 * ""3/8 كروم",سانيتاري ويرز,,وصلة,4db58ef5-0e02-ae07-fc14-5629c40b7689,4.500,10.000,t,,210002950
ML10095,خلاط حوض وجه كروم,نابولي,Z-7033N,خلاط حوض وجه,b3c3c120-ea64-9a00-f068-5896d8f5926d,69.500,130.000,t,,310002785
ARSB81045,اكسسوار خلاط دوش مدفون دائري كروم,فيدار,FD-8T0024,ملحقات خلاط,dc6e5eb0-a2c4-7fc8-161c-528f389f29cc,135.000,250.000,t,,310004516
EG40372,رف حوض وجه برسلين 80 سم,رويال,2717,رف حوض وجه برسلين,f68c4a72-8eb2-7563-07ad-b344ff9fe960,85.000,250.000,t,,210004156
ML30225,مرايا حمام مع إضاءة لد 60*80سم,سانيتاري ويرز,3072,مراية مضيئة,9a9f39af-a0d0-6a64-969d-7baa03e28c4f,85.000,180.000,t,,210004632
MC10449,سرفنتينة 15 سم * 15 سم ذهبي,درنيا,,مجرى,5bd59cc2-f915-90b2-5eb0-3ec705744a94,160.000,225.000,t,,210003210
ARSB87399,سماعة دوش مع طوبو كروم,اي ار بي,100101,سماعة دوش,dd2fc8ac-5717-c00a-07b0-627c341c4a46,84.000,160.000,t,,210004853
ELC2007,قرجوطة 50مم *25 م,فاندي,F0027,قراجيط الكهرباء,06d20f1c-34a0-e014-64db-92734ce57411,48.000,60.000,t,,210004226
ML10792,خلاط حوض وجه  ذهبي,سانيتاري ويرز,OM-32G,خلاط حوض وجه,b254c840-e3dc-aa50-45cc-22c1a82f1d9d,265.000,400.000,t,,310004135
LG40154,حوض وجه برسلين مشطوف لد مع رف 80 سم,سانيتاري ويرز,2712,حوض وجه برسلين,f68c4a72-8eb2-7563-07ad-b344ff9fe960,595.000,1100.000,t,,210003648
MA20931,خلاط حوض المطبخ سحاب كروم,ليسو,JR031-93,خلاط حوض المطبخ سحاب,f68c4a72-8eb2-7563-07ad-b344ff9fe960,185.000,320.000,t,,310004057
ARSB80141,مصب دوش قصير بتحويلة كروم,توريما,0327611-T40,مصب دوش,9a9f39af-a0d0-6a64-969d-7baa03e28c4f,370.000,380.000,t,,210004518
MA20904,خلاط حوض المطبخ مولة أسود مطفي,بن أمور,B.AMOR019,خلاط حوض المطبخ سحاب,f3749abe-ab61-138e-bb47-655f16ecc625,220.000,330.000,t,,310004365
ELC1068,سلك كهرباء 2 *1.5 مم²,الشركة العالمية للتصدير و الإستيراد,سلك مفتول,الأسلاك والكابلات,4db58ef5-0e02-ae07-fc14-5629c40b7689,0.220,1.500,t,,210004400
RO10572,حنفية غسالة  ''1/2 * ''3/4 كروم,توريما,1372-RO0271-002,حنفية,9a9f39af-a0d0-6a64-969d-7baa03e28c4f,35.000,60.000,t,,210005107
MA20001,خلاط حوض المطبخ سحاب أسود,سانيتاري ويرز,,خلاط حوض المطبخ سحاب,f68c4a72-8eb2-7563-07ad-b344ff9fe960,165.000,250.000,f,,210002729
AASB30301,فرشة مرحاض كروم,ليسو,2680,اكسسوارات,9a9f39af-a0d0-6a64-969d-7baa03e28c4f,73.000,140.000,t,,210004724
MT30009,خلاط شطاف مع شطاف كروم,سانيتاري ويرز,GROHE,خلاط شطاف,7ea09f3f-5446-26a3-c653-90a14ccabc04,115.000,200.000,t,,310003357
RFP1756,"فسيبلي "" 1/2 أنثى * ""3/8 أنثى 50سم",سانيتاري ويرز,ITALY,فسيبلي,dc6e5eb0-a2c4-7fc8-161c-528f389f29cc,14.200,15.000,t,,310003377
MT30026,خلاط شطاف مع شطاف كروم,شيزا,ROBIN,خلاط شطاف,3f8e1d44-c2e4-cecd-ff29-48dc418eba21,130.000,220.000,t,,310002640
ARSB80212,مصب بدون تحويلة 18 سم كروم,بضائع أوروبية,91L,مصب دوش,3371605a-058e-4bf1-07a5-d157c54ae58f,160.000,240.000,t,,310003184
PA30616,قفل باب سحاب 30 مم,الشركة العالمية للتصدير و الإستيراد,447/S,قفل باب,4db58ef5-0e02-ae07-fc14-5629c40b7689,66.000,95.000,t,,210004134
RO10198,حنفية 1/2,سانيتاري ويرز,BUGATTI,حنفية,4db58ef5-0e02-ae07-fc14-5629c40b7689,19.679,29.519,t,,310003304
MA20126,خلاط حوض المطبخ سحاب كروم,بريمكس,6174D,خلاط حوض المطبخ سحاب,0dafba13-51f2-fc5a-eab7-f16d55bcce40,213.000,280.000,t,,210002722
MC10481,مجرى 55سم *7 سم كروم,بيورا,DL-01-55,مجرى,f9f6d83d-5b9d-2d22-c42a-21b487031fad,257.000,320.000,t,,210003255
EG40375,رف حوض وجه برسلين 80 سم,رويال,2716,رف حوض وجه برسلين,f68c4a72-8eb2-7563-07ad-b344ff9fe960,85.000,250.000,t,,210004159
MT30067,خلاط شطاف مع شطاف كروم,فيڤارو,EM-008A,خلاط شطاف,dc6e5eb0-a2c4-7fc8-161c-528f389f29cc,86.500,130.000,t,,210002663
PE30484,موس لحم,فندر,191804,موس فرش والمقص,4db58ef5-0e02-ae07-fc14-5629c40b7689,18.000,35.000,t,,210004000
RA30020,"مثلث 2""",الرطيل,جي أم GM,مثلث,4db58ef5-0e02-ae07-fc14-5629c40b7689,4.750,9.000,t,,210003414
PA30503,بونتة منقار 14 * 250 مم,الشركة العالمية للتصدير و الإستيراد,CHISEL,أدوات الثقب,4db58ef5-0e02-ae07-fc14-5629c40b7689,3.750,10.000,t,,210004019
AM0455,دولاب مع مراية حمام 100 سم,أوركا,NEW ROSE,دولاب حمام,fd059421-15b9-e743-662a-d6c4e83bb171,2610.000,4100.000,t,,210003219
LG40146,حوض وجه برسلين مع رف 100 سم,سانيتاري ويرز,2715,حوض وجه برسلين,f68c4a72-8eb2-7563-07ad-b344ff9fe960,525.000,950.000,t,,210003640
ML31026,مرايا حمام ضد البخار مع إضاءة لد 80*100 سم,سانيتاري ويرز,668,مراية مضيئة,b254c840-e3dc-aa50-45cc-22c1a82f1d9d,167.000,270.000,t,,310004497
ML30281,مرايا حمام مع إضاءة لد 80*60 سم,كاي بي ام,ML_014,مراية مضيئة,e47ac07e-2763-bc83-6cf2-c39bb577a1f9,70.000,125.000,t,,210003010
PLSA0523,وردة كروم,vip,,وصلة,95d22529-eb35-a000-949b-cc311fec737c,2.600,5.000,t,,210005057
AM40969,مراية دولاب حمام 60 سم,بن أمور,003-60-AB,مراية دولاب,3b74be9f-643f-cd77-2128-39d8b10170c9,150.000,300.000,t,,310004439
ARSB80519,كسكاس دوش مربع مع قصبة 250*250 مم كروم,ليسو,JR085-12,كسكاس دوش,9a9f39af-a0d0-6a64-969d-7baa03e28c4f,120.000,240.000,t,,210005052
AM0754,دولاب حمام مع حوض 80 سم,سانيتاري ويرز,2609,دولاب حمام,f68c4a72-8eb2-7563-07ad-b344ff9fe960,895.000,1350.000,t,,310003865
VS10208,حوض وجه معلق أبيض -60سم,ب.أمور,SH-8420-60-W,حوض وجه معلق,56855bde-1190-92a2-afb0-419a9650977f,190.922,450.000,t,,210002917
CD40768,مسطرة دوش فرديه كروم,بضائع أوروبية,Wilko,مسطرة دوش,081276dc-6952-a613-dc62-614b51522ad0,75.000,140.000,t,,310004179
ML10044,خلاط حوض وجه طويل كروم,سانيتاري ويرز,,خلاط حوض وجه,f68c4a72-8eb2-7563-07ad-b344ff9fe960,135.000,230.000,t,,210002628
LG40324,حوض وجه برسلين 65 سم,رويال,YB036_4,حوض وجه برسلين,60d7d8a2-1083-abe4-d894-b1c7f3235d40,400.000,600.000,t,,210003065
ARSB80260,نبلس خلاط تركي اعتماد مع وردة,سانيتاري ويرز,,ملحقات خلاط,4db58ef5-0e02-ae07-fc14-5629c40b7689,10.250,15.000,t,,210002983
P30104,مضخة 1/2 حصان,بنتكس,PM45,مضخة,4db58ef5-0e02-ae07-fc14-5629c40b7689,310.000,480.000,t,,210003592
ARSB80179,حنفية شطاف دبل كروم,ليسو,JR031-32,مخرج شطاف,f68c4a72-8eb2-7563-07ad-b344ff9fe960,15.000,50.000,f,,310002878
PA30124,قفل سرانتي يمين + يسار,داف,565.60,قفل باب,4db58ef5-0e02-ae07-fc14-5629c40b7689,48.000,70.000,t,,210003617
P30116,مضخة ضغط شبكة صغيرة,شمجا,ZP15-9-160,مضخة,4db58ef5-0e02-ae07-fc14-5629c40b7689,275.000,325.000,t,,210003604
PA30612,سلسلة رقم 4 (1متر),الشركة العالمية للتصدير و الإستيراد,,خيط، حبل,4db58ef5-0e02-ae07-fc14-5629c40b7689,3.111,10.000,t,,210004130
AM0077,حوض وجه مع دولاب حمام -80 سم,سانيتاري ويرز,5025,دولاب حمام,f68c4a72-8eb2-7563-07ad-b344ff9fe960,590.000,1000.000,t,,210004419
ALVM50281,رأس سيفوني كروم,سانيتاري ويرز,,رأس سيفوني,0dafba13-51f2-fc5a-eab7-f16d55bcce40,19.000,35.000,t,,210003011
MA20016,خلاط حوض المطبخ سحاب كروم أسود,فيرونا,VE00370,خلاط حوض المطبخ سحاب,739ceb52-f1a3-15d6-d9c6-3f5c45b789b0,230.000,350.000,t,,210002746
MC10068,مجرى 30 سم *6 سم دهبي,راف,1372-DRAINER-007,مجرى,3f8e1d44-c2e4-cecd-ff29-48dc418eba21,210.000,315.000,t,,310003098
P30325,عوامة 3/4,الشركة العالمية للتصدير و الإستيراد,,مضخة,4db58ef5-0e02-ae07-fc14-5629c40b7689,48.000,70.000,t,,210003824
EG40181,رف حوض وجه برسلين 100 سم,ليسو,B20100,رف حوض وجه برسلين,9a9f39af-a0d0-6a64-969d-7baa03e28c4f,180.000,350.000,t,,210004577
ARSB80910,كسكاس دوش مربع 300*200 مم مع قصبة ذهبي,ديولو,64-8-160,كسكاس دوش,b254c840-e3dc-aa50-45cc-22c1a82f1d9d,85.000,150.000,t,,310004031
WS10114,مقعد معلق رايملس أبيض,تركواز سيراستايل,HERA,مقعد معلق,3ef761c8-d645-a9c8-47dc-960089e79b35,1057.300,1300.000,t,,310003190
MA20119,خلاط حوض المطبخ سحاب رَمَادِي,سانيتاري ويرز,,خلاط حوض المطبخ سحاب,081276dc-6952-a613-dc62-614b51522ad0,213.000,450.000,t,,210002715
CE10204,سخانة 80 لتر,Thermex,,سخانة,803eabee-b81f-7acb-eb64-b2cae128a7cb,730.000,1250.000,t,,210004606
ML30601,مرايا حمام مع إضاءة لد دائرية بالعلاقة مع اطار ذهبي 70سم,بن أمور,SH-1172-70,مراية مضيئة,56855bde-1190-92a2-afb0-419a9650977f,125.000,200.000,t,,310003708
RA30003,طوبو3'' 6 متر,الرطيل,جي أم GM,مواسير - طوبو,4db58ef5-0e02-ae07-fc14-5629c40b7689,85.000,70.000,t,,210003335
ARSB80908,كسكاس دوش مربع 300*200 مم مع قصبة كروم,سانيتاري ويرز,OM-118C,كسكاس دوش,b254c840-e3dc-aa50-45cc-22c1a82f1d9d,54.000,110.000,t,,310004029
LG40755,حوض وجه كوارتز مع رف مع مراية 80 سم,سانيتاري واير,360-2-1,حوض وجه برسلين,b254c840-e3dc-aa50-45cc-22c1a82f1d9d,700.000,1230.000,t,,310004149
PA30496,بونتة 12 * 160 مم,الشركة العالمية للتصدير و الإستيراد,,أدوات الثقب,4db58ef5-0e02-ae07-fc14-5629c40b7689,2.450,5.000,t,,210004012
ML30304,مرايا حمام مع إضاءة لد 80*60 سم,سانيتاري ويرز,GAK24,مراية مضيئة,9a9f39af-a0d0-6a64-969d-7baa03e28c4f,85.000,180.000,t,,210004728
ATWC50372,زر بتريا ذهبي,سانيتاري ويرز,,ملحقات مقاعد,dc6e5eb0-a2c4-7fc8-161c-528f389f29cc,95.000,180.000,t,,210004817
PE30175,استوك 18 كغ,دهانات البحر المتوسط,دهانات البحر المتوسط,استوك,97a5219b-1b5e-6889-0ed3-e1ade17254d5,41.850,45.000,t,,210004563
ML0786,خلاط حوض وجه كروم,سانيتاري ويرز,OM-222,خلاط حوض وجه,b254c840-e3dc-aa50-45cc-22c1a82f1d9d,58.500,110.000,t,,310004127
PD20122,حاجز دوش 8 مم  مضبب190*100  سم,ليسو,WIC-100D,حاجز دوش,f68c4a72-8eb2-7563-07ad-b344ff9fe960,395.000,680.000,t,,210004283
ML10813,خلاط حوض وجه  كروم,شهاب,ARIO,خلاط حوض وجه,3371605a-058e-4bf1-07a5-d157c54ae58f,165.000,250.000,t,,310003434
CD40240,مسطرة دوش مع خلاط اسود,ا بي ام انترناشونال,1004,مسطرة دوش,dc6e5eb0-a2c4-7fc8-161c-528f389f29cc,305.000,550.000,t,,210004647
AASB30066,رف زاوية كروم,سانيتاري ويرز,,اكسسوارات,ac78bb51-d153-70a3-ad89-bdb50a8537eb,35.000,60.000,t,,210003527
MT30063,خلاط شطاف مع شطاف كروم,شيزا,STORM,خلاط شطاف,3f8e1d44-c2e4-cecd-ff29-48dc418eba21,105.000,150.000,t,,210002659
ML30826,مرايا حمام مع إضاءة لد80*60 سم,سانيتاري ويرز,9936,مراية مضيئة,f68c4a72-8eb2-7563-07ad-b344ff9fe960,120.000,200.000,t,,310004257
MA20121,خلاط حوض المطبخ سحاب ذهبي,سانيتاري ويرز,,خلاط حوض المطبخ سحاب,081276dc-6952-a613-dc62-614b51522ad0,213.000,400.000,t,,210002717
PS20922,علاقة مناشف زوجية كروم,سانيتاري ويرز,WL-30,علاقة مناشف,f68c4a72-8eb2-7563-07ad-b344ff9fe960,130.000,200.000,t,,310004046
MA20041,خلاط حوض المطبخ سحاب دهبي,تركواز سيراستايل,,خلاط حوض المطبخ سحاب,2e234c5a-ae37-77f1-3c02-d40e664e7d50,120.000,200.000,t,,210003343
ALVM50282,رأس سيفوني كروم,سانيتاري ويرز,,رأس سيفوني,dc6e5eb0-a2c4-7fc8-161c-528f389f29cc,14.500,30.000,t,,210003013
PA30534,مفتاح لوندينو,الشركة العالمية للتصدير و الإستيراد,,مفك البراغي يدوي,4db58ef5-0e02-ae07-fc14-5629c40b7689,8.500,20.000,t,,210004050
PLSA0827,مطول 1/2 *10 سم نحاسي,سانيتاري ويرز,,وصلة,3371605a-058e-4bf1-07a5-d157c54ae58f,2.000,5.000,t,,310003948
PA30583,مسمار حلقة مفتوح رقم 14 (2 قطع),الشركة العالمية للتصدير و الإستيراد,,خطاف,4db58ef5-0e02-ae07-fc14-5629c40b7689,0.660,2.000,t,,210004101
RS40727,بلاط ارضيات بورسلين 60 سم * 60 سم (0.360  م²),سانيتاري ويرز,,بلاط الأرضيات,65debbbf-d158-9217-a5df-94070e87c4d1,45.000,50.000,t,,310003839
LG40382,حوض وجه برسلين مشطوف مع رف 80 سم,رويال,YB14-2,حوض وجه برسلين,60d7d8a2-1083-abe4-d894-b1c7f3235d40,460.000,800.000,t,,210003139
AM0139,حوض وجه مع دولاب حمام مع مرآة -80 سم,سانيتاري ويرز,5025,دولاب حمام,f68c4a72-8eb2-7563-07ad-b344ff9fe960,0.000,0.000,t,,310003215
CD40404,مسطرة دوش زوجية كروم,ستار سانيتار,2440-4,مسطرة دوش,f330aa66-9a8a-90ee-d535-6c68ff14b0de,95.000,160.000,t,,210004901
ARSB80604,"مسكر شطافة ""1/2"" * ""1/2 كروم",بضائع أوروبية,HSH,مخرج شطاف,4db58ef5-0e02-ae07-fc14-5629c40b7689,35.000,40.000,t,,310003364
PS20782,علاقة مناشف أسود,بن أمور,50-10-49,علاقة مناشف,ac78bb51-d153-70a3-ad89-bdb50a8537eb,25.000,100.000,t,,310004193
AASB30097,حاملة منظفات زوجي كروم,سانيتاري ويرز,,اكسسوارات,081276dc-6952-a613-dc62-614b51522ad0,30.000,60.000,t,,310002946
AM0362,حوض وجه مع دولاب حمام مع خزانة مع مراية -80 سم,سانيتاري ويرز,8110,دولاب حمام,9a9f39af-a0d0-6a64-969d-7baa03e28c4f,755.000,1250.000,t,,210004806
PE30479,شفاط ابيض,ABM,L8,مثقاب كهربائي,dc6e5eb0-a2c4-7fc8-161c-528f389f29cc,89.100,180.000,t,,210005007
PA30410,عجلة باب سحاب  رقم 80,الشركة العالمية للتصدير و الإستيراد,,ملحقات معدات الباب,4db58ef5-0e02-ae07-fc14-5629c40b7689,17.500,35.000,t,,210003921
ARSB80172,سماعة دوش مع طوبو كروم,سانيتاري واير,EZ-2357,سماعة دوش,e47ac07e-2763-bc83-6cf2-c39bb577a1f9,52.250,90.000,t,,310002827
AASB30783,موزع صابون سائل كروم,بضائع أوروبية,46143,اكسسوارات,f63d523a-4b6c-61d1-f98b-04b240c67d39,5.000,15.000,t,,310003404
PLSA0227,وردة ذهبي 1/2,MYVEN,ITALY,وصلة,0dafba13-51f2-fc5a-eab7-f16d55bcce40,0.950,5.000,t,,310003341
EL10901,حوض مطبخ ستانلس ستيل منظومة بيانو 304 80*46 أسود,بن أمور,,حوض مطبخ ستانلس ستيل,f3749abe-ab61-138e-bb47-655f16ecc625,620.000,980.000,t,,310004362
ARSB80372,كسكاس دوش مربع  250*250 مم اسود مع قصبة,مونتانا س.ل,MT-2525SQ-B,كسكاس دوش,2e234c5a-ae37-77f1-3c02-d40e664e7d50,251.000,350.000,t,,210004598
ADOU50728,كرسي دوش بدون ظهر,سانيتاري واير,,ملحقات دوش,f9f6d83d-5b9d-2d22-c42a-21b487031fad,300.000,450.000,t,,310003838
AASB30856,سلة قمامة ذهبي معلقة 5 لتر,سانيتاري ويرز,,اكسسوارات,ac78bb51-d153-70a3-ad89-bdb50a8537eb,100.000,190.000,t,,310004309
CD40108,مسطرة دوش زوجية كروم,باست,,مسطرة دوش,f68c4a72-8eb2-7563-07ad-b344ff9fe960,86.000,150.000,t,,210002704
LG40794,حوض مع رف كواريون كوارتز 60سم أبيض,سانيتاري ويرز,S-60-1,حوض وجه برسلين,dc6e5eb0-a2c4-7fc8-161c-528f389f29cc,785.000,1270.000,t,,310004213
RA20456,طبوا مكيف 3/4,شركة الغزالة لمواد البناء,,مواسير - طوبو,f330aa66-9a8a-90ee-d535-6c68ff14b0de,2.725,6.000,t,,210004977
ML30090,مرايا حمام مع إضاءة لد مع اطار دهبي  80*60 سم,سانيتاري ويرز,8867,مراية مضيئة,f68c4a72-8eb2-7563-07ad-b344ff9fe960,125.000,200.000,t,,210004432
ATWC50182,زر بتريا ذهبي,سانيتاري ويرز,YC8010-3 GOLD,ملحقات مقاعد,f68c4a72-8eb2-7563-07ad-b344ff9fe960,135.000,200.000,t,,310003038
RA20027,كواردة 32 سن داخلي,فرات,بي بي ر - PPR,كواردة,1054307a-87a0-d4d2-fe16-bd905fe6a04b,15.343,25.000,t,,310002590
PA30338,ماكينة سلكون,الشركة العالمية للتصدير و الإستيراد,,مسدس الغراء,4db58ef5-0e02-ae07-fc14-5629c40b7689,7.500,15.000,t,,210003838
FAB0178,طلاء وجه مسكر بي بي ار,الشركة العالمية للتصدير و الإستيراد,,التصنيع,174345bc-5f58-c59c-b48a-3f0b5d1ff910,50.000,100.000,t,,310003271
EL50239,سير ربط 7.2 * 300 مم (100 قطعة),الشركة العالمية للتصدير و الإستيراد,,ملحقات الكهرباء,4db58ef5-0e02-ae07-fc14-5629c40b7689,10.500,20.000,t,,210003732
ML10793,خلاط حوض وجه أسود,سانيتاري ويرز,OM-58B,خلاط حوض وجه,b254c840-e3dc-aa50-45cc-22c1a82f1d9d,225.000,350.000,t,,310004137
ML10268,خلاط حوض وجه كروم,أيولي,9203-TC,خلاط حوض وجه,9a9f39af-a0d0-6a64-969d-7baa03e28c4f,215.000,350.000,t,,210004688
PE30449,صندوق عدة بلاستك رقم13,اي بي سي,,صندوق الأدوات,f330aa66-9a8a-90ee-d535-6c68ff14b0de,15.000,25.000,t,,210004966
MD20897,خلاط دوش أسود,بن أمور,B.AMOR007,خلاط دوش,f3749abe-ab61-138e-bb47-655f16ecc625,315.000,475.000,t,,310004358
MC10990,مجرى 40 سم *6 سم كروم,lineardrain,6A40/T42TC,مجرى,dd2fc8ac-5717-c00a-07b0-627c341c4a46,185.000,250.000,t,,310004460
ML30371,مرايا حمام مع إضاءة لد 80*60 سم,سانيتاري ويرز,1429,مراية مضيئة,f68c4a72-8eb2-7563-07ad-b344ff9fe960,105.000,170.000,t,,210004194
EG40397,رف حوض وجه برسلين 80 سم,رويال,2608,رف حوض وجه برسلين,f68c4a72-8eb2-7563-07ad-b344ff9fe960,35.000,150.000,t,,210003154
WS10813,مقعد معلق تورنيدو أبيض,ب.أمور,LT-052E-UQ3,مقعد معلق,77d76dcb-7fe6-a4b4-4998-83b869291b06,430.000,770.000,t,,310004234
PE30415,مقص بي بي ار,الشركة العالمية للتصدير و الإستيراد,B 105,موس فرش والمقص,4db58ef5-0e02-ae07-fc14-5629c40b7689,7.500,15.000,t,,210003926
PA30136,قفل طلقة 90 مم,والي,,قفل باب,4db58ef5-0e02-ae07-fc14-5629c40b7689,71.500,120.000,t,,210003629
MC10654,سرفنتينة 15 سم * 15 سم ذهبي,بن أمور,,مجرى,ac78bb51-d153-70a3-ad89-bdb50a8537eb,60.000,150.000,t,,310003762
PE30010,استوك سيارات حديد  1.9 كغ,كابسي,Latico 5200 Polyester,استوك سيارات,4db58ef5-0e02-ae07-fc14-5629c40b7689,17.000,26.000,t,,210003403
PE30033,استوك 10 كغ,دهانات المدينة مصراتة,معجون المدينة مصراتة,استوك,4db58ef5-0e02-ae07-fc14-5629c40b7689,33.600,35.000,t,,210003329
PE30059,طلاء زيتي لماع داخلي و خارجي 100 غ أزرق داكن,سوتينول - الغزالة,طلاء زيتي,الجدران والسقف,4db58ef5-0e02-ae07-fc14-5629c40b7689,2.950,7.000,t,,210003378
ALVM50423,رأس سيفوني أسود,مونتانا س.ل,MT1011B,رأس سيفوني,51882a69-3ac9-cde2-37e3-64e2b7daae96,66.000,130.000,t,,310003478
MDE50757,خلاط دوش مدفون ذهبي,فرامو,PA211ORO,خلاط دوش مدفون,f9f6d83d-5b9d-2d22-c42a-21b487031fad,850.000,900.000,t,,310004153
AB10110,خزانة حمام أبيض,سانيتاري ويرز,9126C,خزانة حمام,f68c4a72-8eb2-7563-07ad-b344ff9fe960,255.000,500.000,t,,210004271
WP20199,مقعد أرضي أبيض,اديال سانيتار,Emeraude,مقعد أرضي,e47ac07e-2763-bc83-6cf2-c39bb577a1f9,466.000,620.000,t,,210002904
CD40115,مسطرة دوش لاد مع خلاط أسود,سانيتاري ويرز,PURE,مسطرة دوش,7ea09f3f-5446-26a3-c653-90a14ccabc04,425.000,620.000,t,,310003168
LG40196,حوض وجه برسلين مشطوف مع رف 80 سم,ليسو,3080,حوض وجه برسلين,9a9f39af-a0d0-6a64-969d-7baa03e28c4f,580.000,750.000,t,,210004592
AASB30089,حاملة فرشاة أسنان كروم,سانيتاري ويرز,AVATAR,اكسسوارات,ff3ad10c-136f-2eb9-510b-510058532e8d,35.000,75.000,t,,310002939
ARSB81041,اكسسوار خلاط شطاف مدفون دائري أسود,فيدار,FD-8T0022,ملحقات خلاط,dc6e5eb0-a2c4-7fc8-161c-528f389f29cc,90.000,150.000,t,,310004512
SA10429,طقم اكسسوار أسود\كروم,ديولو,50-10-49,طقم اكسسوارات,b254c840-e3dc-aa50-45cc-22c1a82f1d9d,235.000,370.000,t,,310003497
ML10788,خلاط حوض وجه كروم,سانيتاري ويرز,OM-1-3,خلاط حوض وجه,b254c840-e3dc-aa50-45cc-22c1a82f1d9d,165.000,290.000,t,,310004130
RD30576,حوض قدم خزف مربع 60*60 سم,بضائع أوروبية,roca,بانيو قدم,081276dc-6952-a613-dc62-614b51522ad0,45.000,70.000,t,,310003680
FAB0100,تصنيع قاعدة برسلين,الشركة العالمية للتصدير و الإستيراد,,التصنيع,174345bc-5f58-c59c-b48a-3f0b5d1ff910,650.000,1100.000,t,,310003172
PA30363,متر 5م,فندر,,أدوات القياس والتتبع,4db58ef5-0e02-ae07-fc14-5629c40b7689,15.500,25.000,t,,210003870
ARSB80933,مصب دوش مع تحويلة كروم,ليسو,JR031-57,مصب دوش,f68c4a72-8eb2-7563-07ad-b344ff9fe960,95.000,160.000,t,,310004059
ML30088,مرايا حمام مع إضاءة لد 50*70 سم,سانيتاري ويرز,GAK11,مراية مضيئة,f68c4a72-8eb2-7563-07ad-b344ff9fe960,65.000,140.000,t,,210004430
VP20786,حوض وجه فوق الرخام أبيض,سانيتاري ويرز,A05,حوض فوق الرخام,f68c4a72-8eb2-7563-07ad-b344ff9fe960,175.000,270.000,t,,310003407
VS10960,حوض وجه معلق -70 سم,سانيتاري واير,330-70,حوض وجه معلق,3b74be9f-643f-cd77-2128-39d8b10170c9,250.000,400.000,t,,310004430
ARSB80115,مصب دوش بدون تحويلة كروم,فينوس,CALVIN D2S,مصب دوش,0dafba13-51f2-fc5a-eab7-f16d55bcce40,95.000,150.000,t,,210002819
ARSB80966,قصبة دوش غلطة سباك,سانيتاري ويرز,1008,قصبة دوش,9a9f39af-a0d0-6a64-969d-7baa03e28c4f,50.000,200.000,t,,210004551
RE10590,حنفية حوض المطبخ شجرة أسود,سانيتاري ويرز,72,حنفية حوض المطبخ,b254c840-e3dc-aa50-45cc-22c1a82f1d9d,20.000,85.000,t,,310003694
CD40788,مسطرة دوش زوجية اسود,ليسو,085-10,مسطرة دوش,f68c4a72-8eb2-7563-07ad-b344ff9fe960,190.000,330.000,t,,310004202
ARSB80261,مصب دوش مع تحويلة أسود,ليمكس,LY-4008,مصب دوش,f592fa51-d431-40c9-f38d-39cdf4092eb2,125.000,220.000,t,,210003753
SA10234,طقم اكسسوار اسود,سانيتاري ويرز,HW-201,طقم اكسسوارات,dc6e5eb0-a2c4-7fc8-161c-528f389f29cc,145.000,260.000,t,,210004641
CC10332,صليبة بيضاء 2ملي,الشركة العالمية للتصدير و الإستيراد,,كولة بلاط أرضيات,f330aa66-9a8a-90ee-d535-6c68ff14b0de,6.850,10.000,t,,210004770
MC10450,مجرى 40 سم 6* سم ذهبي,درنيا,,مجرى,5bd59cc2-f915-90b2-5eb0-3ec705744a94,280.000,390.000,t,,210003211
LG40447,حوض وجه برسلين مع رف 80 سم,رويال,4-03,حوض وجه برسلين,f68c4a72-8eb2-7563-07ad-b344ff9fe960,430.000,750.000,t,,210003208
ML10382,خلاط حوض وجه  كروم,ليسو,JR031-24,خلاط حوض وجه,f68c4a72-8eb2-7563-07ad-b344ff9fe960,145.000,260.000,t,,210004205
EG30247,حوض مطبخ جرانيت رصاصي محبب 70*50,سانيبال,رودا,حوض مطبخ جرانيت,e47ac07e-2763-bc83-6cf2-c39bb577a1f9,290.000,450.000,t,,210002968
PE30457,طلاء بخاخ داخلي و خارجي رصاصي,سوتينول - الغزالة,,الجدران والسقف,f330aa66-9a8a-90ee-d535-6c68ff14b0de,4.833,10.000,t,,210004920
VS10120,حوض وجه معلق -100 سم,تركواز سيراستايل,ANOVA,حوض وجه معلق,3ef761c8-d645-a9c8-47dc-960089e79b35,425.000,630.000,t,,310003196
CD40113,مسطرة دوش لاد مع خلاط كروم,ا بي ام انترناشونال,,مسطرة دوش,0dafba13-51f2-fc5a-eab7-f16d55bcce40,425.000,570.000,t,,210002709
AASB31085,حاملة ورق ناعم كروم,بن أمور,50-10-48,اكسسوارات,ac78bb51-d153-70a3-ad89-bdb50a8537eb,20.000,60.000,t,,310004588
ML30836,مرايا حمام ضد البخار مع إضاءة لد 60*80 سم,سانيتاري ويرز,4005 دولاب,مراية مضيئة,f68c4a72-8eb2-7563-07ad-b344ff9fe960,105.000,170.000,t,,310003957
PA30739,لقمة جيدور كروم رقم 13,الشركة العالمية للتصدير و الإستيراد,,مجموعة مفاتيح عدة,f330aa66-9a8a-90ee-d535-6c68ff14b0de,2.750,12.000,t,,210004509
RA30028,"واي 1.5"" 45°",الرطيل,جي أم GM,مثلث,4db58ef5-0e02-ae07-fc14-5629c40b7689,4.500,9.000,t,,210003435
MB70177,خلاط بانيو كروم,سانيتاري ويرز,OVUS,خلاط بانيو,081276dc-6952-a613-dc62-614b51522ad0,200.000,300.000,t,,310003033
PS20122,علاقة مناشف كروم معا دفاية,ليمكس,CP9018,علاقة مناشف,f592fa51-d431-40c9-f38d-39cdf4092eb2,425.000,650.000,t,,210004489
ARSB80479,قصبة دوش 40 سم سقفية ذهبي,سانيتاري ويرز,,قصبة دوش,95d22529-eb35-a000-949b-cc311fec737c,58.000,100.000,t,,210004993
EG40360,رف حوض وجه برسلين 65 سم,رويال,YB036_8,رف حوض وجه برسلين,60d7d8a2-1083-abe4-d894-b1c7f3235d40,40.000,150.000,t,,210003105
PD20050,حاجز دوش 100 * 180 سم 8مم أسود,تركي,SDB-16,حاجز دوش,e47ac07e-2763-bc83-6cf2-c39bb577a1f9,541.557,855.000,t,,310003076
EL50238,سير ربط 5.2 * 200 مم (100 قطعة),الشركة العالمية للتصدير و الإستيراد,,ملحقات الكهرباء,4db58ef5-0e02-ae07-fc14-5629c40b7689,4.750,10.000,t,,210003731
MT30066,خلاط شطاف كروم,توريما,8G25211-043,خلاط شطاف,3f8e1d44-c2e4-cecd-ff29-48dc418eba21,155.000,230.000,t,,210002662
RO10199,حنفية 3/4,سانيتاري ويرز,BUGATTI,حنفية,4db58ef5-0e02-ae07-fc14-5629c40b7689,24.000,36.000,t,,310003305
PE30172,"فرشة طلاء 3"" 76.2 مم",فندر,,فرشة طلاء,4db58ef5-0e02-ae07-fc14-5629c40b7689,4.000,5.000,t,,210003666
P30117,مضخة ضغط شبكة كبيرة,شمجا,ZPS20-12-180,مضخة,4db58ef5-0e02-ae07-fc14-5629c40b7689,390.000,450.000,t,,210003605
MC10071,مجرى 30 سم *6 سم دهبي,جي اف مارك,8034G,مجرى,3f8e1d44-c2e4-cecd-ff29-48dc418eba21,230.000,245.000,t,,310003101
ML10301,خلاط حوض وجه  كروم,ليسو,JR031-30,خلاط حوض وجه,f68c4a72-8eb2-7563-07ad-b344ff9fe960,200.000,300.000,t,,210003798
AASB30036,مجفف شعر أبيض,سانيتاري ويرز,,اكسسوارات,f68c4a72-8eb2-7563-07ad-b344ff9fe960,55.000,100.000,t,,210003462
ABAG50185,سيفون حوض استحمام بانيو,تركي,,ملحقات أحواض استحمام,dc6e5eb0-a2c4-7fc8-161c-528f389f29cc,35.000,70.000,t,,310003278
ARSB80708,سماعة دوش مع طوبو كروم,ليفرنو هوم,IAN 452821-2310,سماعة دوش,081276dc-6952-a613-dc62-614b51522ad0,30.000,60.000,t,,310003816
CC10363,كولة فواصل 039,kalekim,WALNUT,كولة بلاط أرضيات,96788f75-aca7-6778-39d6-9ded903609dd,35.000,42.000,t,,210004807
ARSB80710,رقبة خلاط متحركة كروم,ليفرنو هوم,P-IX 38363/IIO,ملحقات خلاط,1e40627e-ea09-d325-6c11-fb6c068c423e,10.000,20.000,t,,310003818
ARSB80004,مخرج شطاف كروم بالعلاقة,توريما,1372-001,مخرج شطاف,f68c4a72-8eb2-7563-07ad-b344ff9fe960,105.000,180.000,t,,210004310
AASB31074,صابونية كروم,بن أمور,50-10-48,اكسسوارات,ac78bb51-d153-70a3-ad89-bdb50a8537eb,15.000,50.000,t,,310004545
EL10084,حوض مطبخ ستانلس ستيل   304 60* 45 سم,ليسو,,حوض مطبخ ستانلس ستيل,f68c4a72-8eb2-7563-07ad-b344ff9fe960,138.000,220.000,t,,210004426
ML30500,مرايا حمام مع إضاءة لد مع اطار أسود 80*60 سم,سانيتاري واير,MY029,مراية مضيئة,9a9f39af-a0d0-6a64-969d-7baa03e28c4f,255.000,380.000,t,,210005031
SI10372,سلكون  280 غرام شفاف,بولبو,PS422,سلكون,e47ac07e-2763-bc83-6cf2-c39bb577a1f9,10.750,15.000,f,,210004168
LG40860,حوض وجه كواريون مع رف مع مراية 100 سم,سانيتاري واير,6004,حوض وجه برسلين,f68c4a72-8eb2-7563-07ad-b344ff9fe960,920.000,1300.000,t,,310004313
PS20045,علاقة مناشف كروم,سانيتاري ويرز,,علاقة مناشف,2e234c5a-ae37-77f1-3c02-d40e664e7d50,95.000,140.000,t,,210003350
ML10096,خلاط حوض وجه حساس كروم,سانيتاري ويرز,XSDD010471,خلاط حوض وجه,081276dc-6952-a613-dc62-614b51522ad0,160.000,300.000,t,,310002786
MA20620,خلاط حوض المطبخ دبل سحاب كروم,بن أمور,DOUBLE-MOLLA,خلاط حوض المطبخ سحاب,ac78bb51-d153-70a3-ad89-bdb50a8537eb,200.000,380.000,t,,310003728
MDE50756,خلاط دوش مدفون أبيض,فرامو,DE211BO,خلاط دوش مدفون,f9f6d83d-5b9d-2d22-c42a-21b487031fad,850.000,900.000,t,,310004150
RA30155,ديسكو حديد4 بوصه,كداس,A 24 PLUS T-BF,ديسكو منشار دائري,4db58ef5-0e02-ae07-fc14-5629c40b7689,5.500,10.000,t,,210004382
ALVM50526,رأس سيفوني كروم,سانيتاري ويرز,OM-14,رأس سيفوني,b254c840-e3dc-aa50-45cc-22c1a82f1d9d,14.000,30.000,t,,310003597
ALVM50767,سيفون حوض الوجه ذهبي,فيدار,,سيفون حوض الوجه,dc6e5eb0-a2c4-7fc8-161c-528f389f29cc,98.500,160.000,t,,310003877
ARSB80735,قصبة دوش مربعة 40 سم ذهبي,ديولو,400-8-34,قصبة دوش,b254c840-e3dc-aa50-45cc-22c1a82f1d9d,27.000,60.000,t,,310003847
SA10312,طقم اكسسوار كروم,ليسو,2663,طقم اكسسوارات,f68c4a72-8eb2-7563-07ad-b344ff9fe960,240.000,350.000,t,,210003809
WP20397,مقعد عربي ورده أبيض45*60,سانيتاري ويرز,IDEVIT 0705-0008,مقعد أرضي,431ac3fd-806d-3b31-7433-0f5bf3af56c7,190.000,285.000,t,,310003451
EL10818,حوض مطبخ ستانلس ستيل منظومة دائري بيانو 304 75*46 أسود,سانيتاري ويرز,,حوض مطبخ ستانلس ستيل,4e069e00-1faf-fec3-009d-c22ff78edd71,580.000,1100.000,t,,310003439
CE10007,سخانة 80 لتر,فرش,,سخانة,4db58ef5-0e02-ae07-fc14-5629c40b7689,530.000,560.000,t,,210003294
LG41137,حوض معا رف كوارتز80سم أبيض,ديولو,236,حوض وجه برسلين,8d388eaa-de46-d772-319c-750398f43c28,600.000,1100.000,t,,310004640
AASB30513,موزع صابون سائل كروم,ساتين-نيكال,080231,اكسسوارات,081276dc-6952-a613-dc62-614b51522ad0,45.000,80.000,t,,310003584
LG40386,حوض وجه برسلين مع رف 65 سم,رويال,YB036_8,حوض وجه برسلين,60d7d8a2-1083-abe4-d894-b1c7f3235d40,440.000,600.000,t,,210003143
PLSA0415,وردة أسود 1/2,MYVEN,ITALY,وصلة,dc6e5eb0-a2c4-7fc8-161c-528f389f29cc,1.350,4.000,t,,310003470
ALVM50021,رأس سيفوني حوض الوجه طويل ذهبي,توريما,1372-003,رأس سيفوني,3f8e1d44-c2e4-cecd-ff29-48dc418eba21,135.000,240.000,t,,310002681
AB10838,خزانة حمام أبيض,سانيتاري ويرز,1513,خزانة حمام,f68c4a72-8eb2-7563-07ad-b344ff9fe960,150.000,250.000,t,,310004272
RA20047,طابة تجربة 25 طويله,فرات,بي بي ر - PPR,طابة,1054307a-87a0-d4d2-fe16-bd905fe6a04b,0.522,5.000,t,,310002618
ARSB80312,مخرج شطاف كروم,شيزا,48593,مخرج شطاف,5bd59cc2-f915-90b2-5eb0-3ec705744a94,40.000,80.000,t,,210003049
ARSB80190,يد شطاف كروم,أسترا,F1 823149011,يد شطاف,4db58ef5-0e02-ae07-fc14-5629c40b7689,9.500,25.000,t,,310003018
AM0838,حوض وجه مع دولاب حمام -80 سم,سانيتاري ويرز,9622,دولاب حمام,f68c4a72-8eb2-7563-07ad-b344ff9fe960,700.000,1000.000,t,,310003959
EL10137,حوض مطبخ ستانلس ستيل   304 70 * 45 سم,أسيل,AS3469,حوض مطبخ ستانلس ستيل,9a9f39af-a0d0-6a64-969d-7baa03e28c4f,525.000,790.000,t,,210004516
EG40350,رف حوض وجه برسلين 80 سم,رويال,YB14-10,رف حوض وجه برسلين,60d7d8a2-1083-abe4-d894-b1c7f3235d40,60.000,150.000,t,,210003094
ML10050,خلاط حوض وجه ذهبي,فيرمر,YLN18558-1G,خلاط حوض وجه,0dafba13-51f2-fc5a-eab7-f16d55bcce40,105.000,170.000,t,,210002634
EL10768,حوض مطبخ ستانلس ستيل   70*45  كروم,بريمكس,EC 20,حوض مطبخ ستانلس ستيل,0dafba13-51f2-fc5a-eab7-f16d55bcce40,275.000,550.000,t,,310003389
PE30035,استوك 1 كغ,دهانات المدينة مصراتة,معجون المدينة مصراتة,استوك,193a3d2d-d39f-6712-72cb-c5f247087645,7.760,15.000,t,,210003331
PA30347,مفتاح إنجليزي رقم 8,فندر,,مفك البراغي يدوي,4db58ef5-0e02-ae07-fc14-5629c40b7689,10.500,20.000,t,,210003852
RA20536,وصلة أتوماتك,الشركة العالمية للتصدير و الإستيراد,,وصلة,1054307a-87a0-d4d2-fe16-bd905fe6a04b,8.500,15.000,t,,210004052
PA30349,مفتاح إنجليزي رقم 48,الشركة العالمية للتصدير و الإستيراد,,مفك البراغي يدوي,4db58ef5-0e02-ae07-fc14-5629c40b7689,90.000,150.000,t,,210003855
ARSB80882,وجه خلاط شطاف مدفون كروم,رايمر,,ملحقات خلاط,5bd59cc2-f915-90b2-5eb0-3ec705744a94,45.000,180.000,t,,210004662
EG40354,رف حوض وجه برسلين 80 سم,رويال,YB14-2,رف حوض وجه برسلين,60d7d8a2-1083-abe4-d894-b1c7f3235d40,60.000,150.000,t,,210003099
PE30094,ورق سنفرة قماش رقم 180,شركة الغزالة لمواد البناء,,ورق الصنفرة,4db58ef5-0e02-ae07-fc14-5629c40b7689,2.371,6.000,t,,210003555
VS10845,حوض وجه معلق -60 سم,سانيتاري واير,9912,حوض وجه معلق,f68c4a72-8eb2-7563-07ad-b344ff9fe960,330.000,500.000,t,,310004294
PE30058,طلاء زيتي لماع داخلي و خارجي 100 غ أبيض,سوتينول - الغزالة,طلاء زيتي,الجدران والسقف,4db58ef5-0e02-ae07-fc14-5629c40b7689,2.950,7.000,t,,210003377
LG40986,حوض وجه كوارتز مع رف مع مراية 80 سم,سانيتاري واير,S80-1,حوض وجه برسلين,b254c840-e3dc-aa50-45cc-22c1a82f1d9d,635.000,1100.000,t,,310004456
AEVE20141,رأس سيفوني 1 ''1/4 كروم,فينوس,1083,رأس سيفوني,0dafba13-51f2-fc5a-eab7-f16d55bcce40,2.000,50.000,t,,210002844
PA30019,مفتاح بيبة رقم10مم,الشركة العالمية للتصدير و الإستيراد,AC18693,مفاتيح,4db58ef5-0e02-ae07-fc14-5629c40b7689,3.250,8.000,t,,210004375
AB10116,خزانة حمام أبيض,سانيتاري ويرز,9126G,خزانة حمام,f68c4a72-8eb2-7563-07ad-b344ff9fe960,250.000,500.000,t,,210004277
WP20192,مقعد أرضي أبيض,ايجا فتريفاي,KAPAYA,مقعد أرضي,e47ac07e-2763-bc83-6cf2-c39bb577a1f9,310.000,430.000,t,,210002896
ARSB804093,مصب دوش بدون تحويلة,ليسو,31-079,مصب دوش,9a9f39af-a0d0-6a64-969d-7baa03e28c4f,95.000,170.000,t,,210004864
AASB30038,حامل منضفات ثلاثي أسود,سانيتاري ويرز,,اكسسوارات,0dafba13-51f2-fc5a-eab7-f16d55bcce40,215.000,310.000,t,,210003474
ARSB80473,قصبة دوش 35 سم كروم,فينوس,SAR15,قصبة دوش,0dafba13-51f2-fc5a-eab7-f16d55bcce40,89.240,140.000,t,,210004867
LG40327,حوض وجه برسلين مشطوف 80 سم,رويال,YB14-10,حوض وجه برسلين,60d7d8a2-1083-abe4-d894-b1c7f3235d40,500.000,650.000,t,,210003069
P30327,عوامة 1,الشركة العالمية للتصدير و الإستيراد,,مضخة,4db58ef5-0e02-ae07-fc14-5629c40b7689,66.000,55.000,t,,210003826
AASB30078,حاملة فرشاة أسنان أسود,سانيتاري ويرز,MILET,اكسسوارات,ff3ad10c-136f-2eb9-510b-510058532e8d,45.000,75.000,t,,310002930
AASB30485,مجفف شعر أسود,سانيتاري ويرز,,اكسسوارات,dc6e5eb0-a2c4-7fc8-161c-528f389f29cc,79.500,140.000,t,,210005016
PE30021,زمالطو  3 كغ أبيض لامع,دهانات المدينة مصراتة,,الحديد,4db58ef5-0e02-ae07-fc14-5629c40b7689,54.500,80.000,t,,210003317
ARSB80367,سماعة دوش مع طوبو كروم,كوتالي,,سماعة دوش,dc6e5eb0-a2c4-7fc8-161c-528f389f29cc,72.000,100.000,t,,210003123
AASB30412,صابونية كروم,فينوس,SO-03,اكسسوارات,0dafba13-51f2-fc5a-eab7-f16d55bcce40,61.110,95.000,t,,210004877
PA30614,تل رخام 2 مم (1كغ),الشركة العالمية للتصدير و الإستيراد,,خيط، حبل,4db58ef5-0e02-ae07-fc14-5629c40b7689,7.750,15.000,t,,210004132
ARSB80805,شطاف ضغط دائري مع طوبو كروم,فوكس,VX-01C,شطاف,0dafba13-51f2-fc5a-eab7-f16d55bcce40,59.000,100.000,t,,310003426
ARSB80522,طوبو شطاف 120 سم كروم,سانيتاري ويرز,VG023,طوبو شطاف,9a9f39af-a0d0-6a64-969d-7baa03e28c4f,20.000,40.000,t,,210005056
AM0131,دولاب حمام بالملحق مع مرايا لد -80 سم,سانيتاري ويرز,9212,دولاب حمام,f68c4a72-8eb2-7563-07ad-b344ff9fe960,255.000,1750.000,t,,210004292
PLSA0381,وردة كروم 1/2,SASSL,IT141,وصلة,803eabee-b81f-7acb-eb64-b2cae128a7cb,4.600,10.000,t,,210004828
ARSB81143,"مسكر شطافة ""1/2"" * ""1/2 دهبي",ARB,ARB,مخرج شطاف,dd2fc8ac-5717-c00a-07b0-627c341c4a46,65.000,85.000,t,,310004646
PA30494,بونتة 8 * 110 مم,الشركة العالمية للتصدير و الإستيراد,,أدوات الثقب,4db58ef5-0e02-ae07-fc14-5629c40b7689,1.850,5.000,t,,210004010
CE11088,سخانة 50 لتر أفقية,فرش,,سخانة,0ac84589-249c-ec1c-90a6-5324415510d3,595.000,650.000,t,,310004591
PA30339,ماكينة سلكون,الشركة العالمية للتصدير و الإستيراد,,مسدس الغراء,4db58ef5-0e02-ae07-fc14-5629c40b7689,6.500,10.000,t,,210003839
SC10053,بوكس مربع  190*90 *90 سم كروم,تركي,,بوكس حمام,e47ac07e-2763-bc83-6cf2-c39bb577a1f9,684.072,1080.000,t,,310003079
PE30355,دهان مطاطي عازل أكريليكي  كغ3.5 أبيض,دهانات المدينة مصراتة,,الجدران خارجي,f330aa66-9a8a-90ee-d535-6c68ff14b0de,41.800,45.000,t,,210004755
PE30272,طلاء بخاخ داخلي و خارجي ازرق,شركة الغزالة لمواد البناء,,الجدران والسقف,f330aa66-9a8a-90ee-d535-6c68ff14b0de,4.500,10.000,t,,210004693
CD40020,مسطرة دوش زوجية اسود,سانيتاري ويرز,9614-9,مسطرة دوش,f68c4a72-8eb2-7563-07ad-b344ff9fe960,110.000,250.000,f,,310003164
AMEV50119,رقبه خلاط مطبخ,سانيتاري ويرز,,ملحقات خلاطات حوض المطبخ,4db58ef5-0e02-ae07-fc14-5629c40b7689,7.500,20.000,t,,210004483
ARSB81071,مصب دوش مع تحويلة ذهبي,LONDA,A14B2180P-GO,مصب دوش,eef1f192-19d8-3e65-afd7-cdc3b12037eb,390.000,705.000,t,,310004542
EG30248,حوض مطبخ جرانيت أبيض محبب 70*50,سانيبال,رودا,حوض مطبخ جرانيت,e47ac07e-2763-bc83-6cf2-c39bb577a1f9,300.000,450.000,t,,210002969
MT30060,خلاط شطاف كروم مع شطاف,فرامو,HO102SHT/CR,خلاط شطاف,3371605a-058e-4bf1-07a5-d157c54ae58f,165.000,240.000,t,,210002656
VS10976,حوض وجه معلق -60 سم,سانيتاري واير,009-60,حوض وجه معلق,3b74be9f-643f-cd77-2128-39d8b10170c9,250.000,400.000,t,,310004446
CD40016,مسطرة دوش زوجية كروم,تركواز سيراستايل,BR100-8,مسطرة دوش,2e234c5a-ae37-77f1-3c02-d40e664e7d50,110.000,200.000,t,,210003424
ARSB81010,سماعة دوش مع طوبو كروم,كريز,2110,سماعة دوش,51882a69-3ac9-cde2-37e3-64e2b7daae96,30.500,60.000,t,,310004481
VS10537,حوض وجه السفير معلق60 سم أبيض,سانيبال,سفير,حوض وجه معلق,e47ac07e-2763-bc83-6cf2-c39bb577a1f9,210.000,330.000,t,,210005071
LG40328,حوض وجه برسلين 80 سم,رويال,YB03_18,حوض وجه برسلين,60d7d8a2-1083-abe4-d894-b1c7f3235d40,400.000,600.000,t,,210003070
MT30165,خلاط شطاف مع شطاف كروم,سانيتاري ويرز,RT007-B,خلاط شطاف,dc6e5eb0-a2c4-7fc8-161c-528f389f29cc,55.000,100.000,t,,310003014
LG40100,حوض وجه برسلين مشطوف مع رف 60,سانيتاري ويرز,23126C,حوض وجه برسلين,f68c4a72-8eb2-7563-07ad-b344ff9fe960,440.000,650.000,t,,210004457
RE10004,حنفية حوض المطبخ شجرة كروم,فينوس,RACHEL I,حنفية حوض المطبخ,0dafba13-51f2-fc5a-eab7-f16d55bcce40,95.000,160.000,t,,310002729
MC10192,سرفنتينة 15 سم * 15 سم كروم,سانيتاري ويرز,PML,مجرى,3371605a-058e-4bf1-07a5-d157c54ae58f,70.000,140.000,t,,310003051
ARSB80360,قصبة دوش 35 سم كروم,فينوس,,قصبة دوش,0dafba13-51f2-fc5a-eab7-f16d55bcce40,36.000,70.000,t,,310002885
RO10019,مسكر زاوية  ''1/2 * ''1/2 كروم,فينوس,S-5,حنفية,0dafba13-51f2-fc5a-eab7-f16d55bcce40,21.000,40.000,t,,210004330
ARSB80110,قصبة دوش 35 سم كروم,فينوس,,قصبة دوش,0dafba13-51f2-fc5a-eab7-f16d55bcce40,32.000,70.000,t,,210002814
ARSB80776,يد خلاط  مدفون كروم,فرامو,,ملحقات خلاط,3371605a-058e-4bf1-07a5-d157c54ae58f,31.500,60.000,t,,310004177
RA20488,كوربة 63*90لصقة ضغط 16,الرطيل,جي أم GM,كوع - كوربة,571d2375-1774-6730-7af4-8df56a1d7a88,10.000,12.000,t,,210005019
ML30799,مرايا حمام ضد البخار مع إضاءة لد 70*50 سم,سانيتاري ويرز,4010,مراية مضيئة,f68c4a72-8eb2-7563-07ad-b344ff9fe960,100.000,160.000,t,,310003910
AASB30075,مجفف يد أبيض,بريمكس,A1020,اكسسوارات,0dafba13-51f2-fc5a-eab7-f16d55bcce40,155.000,220.000,t,,210003536
P30704,مضخة ماجن 0.8 حصان بالعوامة,UMBRA POMPE,,مضخة,b79e7abc-51e1-263e-7d9c-8207fbd25aaf,1900.000,2185.000,t,,310003812
ML30085,مرايا حمام مع إضاءة لد 60*60 سم,سانيتاري ويرز,GAK57,مراية مضيئة,f68c4a72-8eb2-7563-07ad-b344ff9fe960,75.000,150.000,t,,210004427
WA40444,غطاء مقعد تركي أبيض,تركي,OZBEST KP720,غطاء مقعد,c0faf038-b788-4ed3-15e1-cb4edf3f56f1,43.000,60.000,t,,310003513
RA30012,"كوربة 3"" 87.5°",الرطيل,جي أم GM,كوع - كوربة,4db58ef5-0e02-ae07-fc14-5629c40b7689,10.900,15.000,t,,210003406
MDE50024,خلاط دوش مدفون كروم,فرامو,HO207CR,خلاط دوش مدفون,f9f6d83d-5b9d-2d22-c42a-21b487031fad,325.000,365.000,t,,310002700
CD40931,مسطرة دوش زوجية كروم,ليسو,,مسطرة دوش,f68c4a72-8eb2-7563-07ad-b344ff9fe960,195.000,290.000,t,,310004395
MA20052,خلاط حوض المطبخ سحاب كروم,ليسو,,خلاط حوض المطبخ سحاب,f68c4a72-8eb2-7563-07ad-b344ff9fe960,225.000,400.000,t,,310002756
CC10368,كولة فواصل 007,kalekim,SATIN GREY,كولة بلاط أرضيات,96788f75-aca7-6778-39d6-9ded903609dd,38.000,42.000,t,,210004812
ML30844,مرايا حمام مع إضاءة لد80*60 سم,سانيتاري ويرز,9911,مراية مضيئة,f68c4a72-8eb2-7563-07ad-b344ff9fe960,120.000,200.000,t,,310004291
AM0736,دولاب حمام مع حوض وجه 60 سم,سانيتاري ويرز,041,دولاب حمام,b254c840-e3dc-aa50-45cc-22c1a82f1d9d,740.000,1110.000,t,,310004073
MC10074,مجرى 30 سم *6 سم دهبي,سانيتاري ويرز,,مجرى,eaec4caa-2cd8-a5a0-0ace-817c235e4ecc,90.000,150.000,t,,310003104
VS10209,حوض وجه معلق أبيض -60سم,ب.أمور,SH-8388,حوض وجه معلق,56855bde-1190-92a2-afb0-419a9650977f,250.000,400.000,t,,210002918
ML30864,مرايا حمام مع إضاءة لد 80*80 سم,ديولو,DE 006,مراية مضيئة,b254c840-e3dc-aa50-45cc-22c1a82f1d9d,95.000,180.000,t,,310003985
ML10384,خلاط حوض وجه  كروم,ليسو,JR031-42,خلاط حوض وجه,f68c4a72-8eb2-7563-07ad-b344ff9fe960,75.000,130.000,t,,210004207
EG30193,حوض مطبخ جرانيت أبيض محبب 90*50,سانيبال,رومبا,حوض مطبخ جرانيت,e47ac07e-2763-bc83-6cf2-c39bb577a1f9,481.000,650.000,t,,310003286
SA10316,طقم اكسسوار كروم,ليسو,2666,طقم اكسسوارات,f68c4a72-8eb2-7563-07ad-b344ff9fe960,240.000,350.000,t,,210003813
PA30554,فيتي 3.5 * 25 (100غ),الشركة العالمية للتصدير و الإستيراد,,برغي,4db58ef5-0e02-ae07-fc14-5629c40b7689,1.389,5.000,t,,210004071
PSB10826,حوض وجه مع دولاب حمام مع مراية مضيئة -80 سم,سانيتاري ويرز,9142,طقم حمام,f68c4a72-8eb2-7563-07ad-b344ff9fe960,780.000,1330.000,t,,310003442
VP20115,حوض وجه دائري فوق الرخام - 46سم,تركواز سيراستايل,ZERO,حوض فوق الرخام,3ef761c8-d645-a9c8-47dc-960089e79b35,205.000,310.000,t,,310003191
ARSB81127,مخرج شطاف بالعلاقة مربع كروم,ليسو,WL82,مخرج شطاف,f68c4a72-8eb2-7563-07ad-b344ff9fe960,38.000,90.000,t,,310004630
ME10607,خلاط حوض المطبخ شجرة أسود,سالرنو,HF-16,خلاط حوض المطبخ شجرة,dc6e5eb0-a2c4-7fc8-161c-528f389f29cc,57.500,90.000,t,,310003715
LG40393,حوض وجه برسلين مع رف 80 سم,رويال,2611,حوض وجه برسلين,60d7d8a2-1083-abe4-d894-b1c7f3235d40,460.000,0.000,t,,210003150
MT30062,خلاط شطاف مع شطاف كروم,شيزا,NOVA,خلاط شطاف,3f8e1d44-c2e4-cecd-ff29-48dc418eba21,145.000,180.000,t,,210002658
CC10331,"متبت صليبة المتفوق 
",الشركة العالمية للتصدير و الإستيراد,,كولة بلاط أرضيات,f330aa66-9a8a-90ee-d535-6c68ff14b0de,8.000,15.000,t,,210004769
PA30168,مسحة,الشركة العالمية للتصدير و الإستيراد,,مسحة,4db58ef5-0e02-ae07-fc14-5629c40b7689,44.000,60.000,t,,210003662
MC10224,سرفنتينة ضغط  15 سم * 15 سم كروم,فينوس,610,مجرى,0dafba13-51f2-fc5a-eab7-f16d55bcce40,35.460,65.000,t,,210002939
AASB30022,حاملة ورق ناعم كروم,سانيتاري ويرز,2668,اكسسوارات,f68c4a72-8eb2-7563-07ad-b344ff9fe960,55.000,90.000,t,,310002906
MA20927,خلاط حوض المطبخ سحاب أسود,ليسو,JR031-77B,خلاط حوض المطبخ سحاب,f68c4a72-8eb2-7563-07ad-b344ff9fe960,135.000,280.000,t,,310004056
AM0407,حوض وجه مع دولاب حمام -80 سم,سانيتاري ويرز,8102,دولاب حمام,f68c4a72-8eb2-7563-07ad-b344ff9fe960,600.000,900.000,t,,210003164
ARSB87516,قصبة دوش مربعة 40 سم دهبي,سانيتاري ويرز,,قصبة دوش,0dafba13-51f2-fc5a-eab7-f16d55bcce40,62.020,100.000,t,,210004884
PD21030,حاجز دوش 100*190سم 8مم اطار كروم مخطط,KALVA,13.2/100CM,حاجز دوش,b254c840-e3dc-aa50-45cc-22c1a82f1d9d,620.000,950.000,t,,310004501
AM0416,حوض وجه مع دولاب حمام -80 سم,سانيتاري ويرز,8205,دولاب حمام,f68c4a72-8eb2-7563-07ad-b344ff9fe960,600.000,900.000,t,,210003174
PA30515,دراع 2 متر,الشركة العالمية للتصدير و الإستيراد,LAMEL 60x30 cm 200,أدوات القياس والتتبع,4db58ef5-0e02-ae07-fc14-5629c40b7689,42.500,60.000,t,,210004031
ARSB80849,شطاف ظغط مربع مع طوبو أسود,بن أمور,مجموعة بن عمر,شطاف,ac78bb51-d153-70a3-ad89-bdb50a8537eb,70.000,180.000,t,,310004298
ARSB88400,طوبو شطاف 120 سم كروم,فينوس,9001,طوبو شطاف,0dafba13-51f2-fc5a-eab7-f16d55bcce40,23.000,60.000,t,,210004891
SC10832,بوكس زاوية  200*100*80 سم كروم,سانيتاري ويرز,,بوكس حمام,9ccc9fc8-8055-1b6e-040d-fd7bde7fbb45,400.000,800.000,t,,310003953
AASB30667,رف زاوية زوجي كروم,بن أمور,مجموعة بن عمر,اكسسوارات,ac78bb51-d153-70a3-ad89-bdb50a8537eb,55.000,100.000,f,,310003775
PSB10587,دولاب مع حوض وجه مع مراية حمام 80 سم,أوركا,LUCCA,طقم حمام,fd059421-15b9-e743-662a-d6c4e83bb171,2430.000,3540.000,t,,210003239
SA10650,طقم اكسسوار أسود,بن أمور,50-10-49,طقم اكسسوارات,ac78bb51-d153-70a3-ad89-bdb50a8537eb,100.000,170.000,t,,310003758
PA30117,سكارة باب PVC بيضاء,والي,,قفل باب,4db58ef5-0e02-ae07-fc14-5629c40b7689,3.000,6.000,t,,210004478
ATWC50314,صندوق طرد مدفون بتارية مع زر مربع 9 لتر,غروهي,38825,ملحقات مقاعد,f68c4a72-8eb2-7563-07ad-b344ff9fe960,960.000,950.000,t,,210003051
CE10500,سخانة 15 لتر,استرا,COMPACT 15,سخانة,184c0017-ca38-f03c-39a0-fc597ff5dc70,500.000,750.000,t,,310003571
EL10400,حوض مطبخ ستانلس ستيل   80*45  اسود,بريمكس,EC 06,حوض مطبخ ستانلس ستيل,0dafba13-51f2-fc5a-eab7-f16d55bcce40,426.800,650.000,t,,210004892
PD20783,حاجز دوش 10مم اطار كروم مضبب 70 سم,سانيتاري ويرز,LUE70,حاجز دوش,f68c4a72-8eb2-7563-07ad-b344ff9fe960,565.000,850.000,t,,310004194
AASB30203,أرضية دوش 71×36 سم,بضائع أوروبية,,اكسسوارات,081276dc-6952-a613-dc62-614b51522ad0,33.750,80.000,t,,310003309
ARSB80248,مخرج شطاف مع علاق ذهبي,سانيتاري ويرز,,مخرج شطاف,dc6e5eb0-a2c4-7fc8-161c-528f389f29cc,18.500,50.000,t,,310003031
PE30370,عصاة بالة,الشركة العالمية للتصدير و الإستيراد,,بالة,4db58ef5-0e02-ae07-fc14-5629c40b7689,14.000,25.000,t,,210004149
PE30394,طلاء عاز ل مطاطي  15 كغ,الواحة,العازل,الجدران خارجي,193a3d2d-d39f-6712-72cb-c5f247087645,120.000,145.000,t,,210004190
AM0348,دولاب حمام 80 سم أبيض,سانيتاري ويرز,8109,دولاب حمام,9a9f39af-a0d0-6a64-969d-7baa03e28c4f,230.000,500.000,t,,210004792
ARSB80015,قصبة دوش مربعة 40 سم كروم,توريما,ABS,قصبة دوش,3f8e1d44-c2e4-cecd-ff29-48dc418eba21,130.000,180.000,t,,210002598
PLSA0420,"مخفض طاسة ""1/2 ""3/8 كروم",سانيتاري ويرز,,وصلة,7e4b3fc3-8241-ee4f-683f-bfe58ba55739,6.250,10.000,t,,310003475
RA30386,ديسكو جرانيت 9'' 230 مم,ماركيت,A-08230,ديسكو منشار دائري,4db58ef5-0e02-ae07-fc14-5629c40b7689,17.500,30.000,t,,210003897
ML30747,مرايا حمام مع إضاءة لد,سانيتاري ويرز,038,مراية مضيئة,b254c840-e3dc-aa50-45cc-22c1a82f1d9d,100.000,150.000,t,,310004084
PA30538,"اسطافة 1"" (2 قطع)",الشركة العالمية للتصدير و الإستيراد,,تشكيلة من التثبيتات,4db58ef5-0e02-ae07-fc14-5629c40b7689,2.500,10.000,t,,210004054
ARSB80700,مخرج شطاف دائري بالعلاقة أسود,سي أر سمارت,15-8-2,مخرج شطاف,2e234c5a-ae37-77f1-3c02-d40e664e7d50,51.000,80.000,t,,210003297
ARSB80824,كسكاس دوش مربع 250*250 مم مع قصبة كروم,توريما,1372-15322-001,كسكاس دوش,3f8e1d44-c2e4-cecd-ff29-48dc418eba21,275.000,450.000,t,,310003945
PD20043,حاجز دوش 8 مم  مظلم 100  سم,ليسو,WIC-100A,حاجز دوش,f68c4a72-8eb2-7563-07ad-b344ff9fe960,445.000,680.000,t,,210004357
ARSB80466,قصبة دوش مربعة 40 سم كروم,ديولو,33-45-2250,قصبة دوش,b254c840-e3dc-aa50-45cc-22c1a82f1d9d,24.000,45.000,t,,310003535
RS40222,بلاط ارضيات بورسلين 120 سم * 60 سم (0.360  م²),سانيتاري ويرز,,بلاط الأرضيات,65debbbf-d158-9217-a5df-94070e87c4d1,36.000,50.000,t,,310003336
PE30024,زمالطو  2.5 كغ بُنِي,دهانات المدينة مصراتة,,الحديد,4db58ef5-0e02-ae07-fc14-5629c40b7689,44.000,75.000,t,,210003320
ARSB80736,كسكاس دوش دائري 250 مم ذهبي,ديولو,,كسكاس دوش,b254c840-e3dc-aa50-45cc-22c1a82f1d9d,55.000,120.000,t,,310003848
MDE50039,خلاط دوش مدفون كروم,دانيال,RIO R6612CR,خلاط دوش مدفون,dd2fc8ac-5717-c00a-07b0-627c341c4a46,380.000,570.000,t,,310002719
LG40749,حوض كواريون كوارتز80سم أبيض,ديولو,D1,حوض وجه برسلين,b254c840-e3dc-aa50-45cc-22c1a82f1d9d,400.000,750.000,t,,310004142
SA10044,طقم اكسسوار أسود,بريمكس,8400X-6,طقم اكسسوارات,0dafba13-51f2-fc5a-eab7-f16d55bcce40,285.000,400.000,f,,210003471
PE30377,اسمنت ابيض 1كغ,سانيتاري ويرز,اسمنت ابيض 1كغ,استوك الجدران,e47ac07e-2763-bc83-6cf2-c39bb577a1f9,0.880,3.000,t,,210004173
MC10057,سرفنتينة 15 سم * 15 سم كروم,ستار سانيتار,MARMARA,مجرى,20684c48-6ec2-3cd4-8b05-9a431b0201bb,35.500,60.000,t,,310003086
VS10956,حوض وجه معلق -70 سم,سانيتاري واير,DS53-70,حوض وجه معلق,3b74be9f-643f-cd77-2128-39d8b10170c9,250.000,400.000,t,,310004426
SA10040,طقم اكسسوار ذهبي,سانيتاري ويرز,5800-7,طقم اكسسوارات,0dafba13-51f2-fc5a-eab7-f16d55bcce40,225.000,350.000,t,,210003466
AASB30069,موزع صابون سائل كروم,ونكو,BOSIO SHINE,اكسسوارات,081276dc-6952-a613-dc62-614b51522ad0,24.000,50.000,t,,310002927
VS10462,حوض وجه معلق 80 سم,أوركا,LUCCA,حوض وجه معلق,fd059421-15b9-e743-662a-d6c4e83bb171,350.000,550.000,t,,210003228
ARSB80600,مصب دوش بدون تحويلة كروم,أنكا,ANKA ANK-1012,مصب دوش,b254c840-e3dc-aa50-45cc-22c1a82f1d9d,77.000,110.000,t,,310003490
SI10506,سلكون 260 غرام أبيض,سلسيل,1292/18,سلكون,c0faf038-b788-4ed3-15e1-cb4edf3f56f1,7.000,11.000,t,,310003577
PLSA0270,وردة كروم,سانيتاري ويرز,,وصلة,f68c4a72-8eb2-7563-07ad-b344ff9fe960,2.000,5.000,t,,210003767
PE30221,"سكينة تغليف  3.5"" 9 سم",فندر,,أدوات,4db58ef5-0e02-ae07-fc14-5629c40b7689,4.000,10.000,t,,210003714
WA40173,غطاء مقعد تركي أبيض,تركي,WASSEBERG,غطاء مقعد,4db58ef5-0e02-ae07-fc14-5629c40b7689,23.500,45.000,t,,310003266
RO10916,مسكر زاوية  ''1/2 * ''1/2 كروم,بن أمور,B.AMOR020,حنفية,f3749abe-ab61-138e-bb47-655f16ecc625,20.000,30.000,t,,310004377
LG40105,حوض وجه برسلين 80 سم,رويال,YB03_3,حوض وجه برسلين,60d7d8a2-1083-abe4-d894-b1c7f3235d40,400.000,600.000,t,,310003177
MC10048,مجرى 40 سم *10 سم  مشبك كروم,فيها,,مجرى,3371605a-058e-4bf1-07a5-d157c54ae58f,55.000,90.000,t,,310003074
PE30335,رولة طلاء,الشركة العالمية للتصدير و الإستيراد,1343,فرشة طلاء,4db58ef5-0e02-ae07-fc14-5629c40b7689,6.750,10.000,t,,210003835
ARSB80332,مصب دوش مع تحويلة كروم,سانيتاري ويرز,LY4006-CP,مصب دوش,60d7d8a2-1083-abe4-d894-b1c7f3235d40,70.000,130.000,t,,310002856
ARSB80475,طوبو دوش 150سم كروم,فينوس,,طوبو دوش,f68c4a72-8eb2-7563-07ad-b344ff9fe960,22.000,50.000,t,,210003248
MC10439,غطاء غرفة تفتيش 60*60 فايبر اسود,ستار سانيتار,,مجرى,f330aa66-9a8a-90ee-d535-6c68ff14b0de,63.000,75.000,t,,210004951
ML10010,خلاط حوض وجه ذهبي,توريما,EDGE 8E34033-090,خلاط حوض وجه,3f8e1d44-c2e4-cecd-ff29-48dc418eba21,760.000,1170.000,t,,310002660
CD40622,مسطرة دوش زوجية مربعة مع خلاط أسود,بن أمور,,مسطرة دوش,ac78bb51-d153-70a3-ad89-bdb50a8537eb,320.000,520.000,t,,310003730
ASCA60305,ستريتشة 3 متر,الشركة العالمية للتصدير و الإستيراد,,ستريتشة,193a3d2d-d39f-6712-72cb-c5f247087645,35.000,80.000,t,,210003802
VS10625,حوض وجه معلق -100 سم,لابينو,7100,حوض وجه معلق,e47ac07e-2763-bc83-6cf2-c39bb577a1f9,290.000,550.000,t,,310003331
ML30746,مرايا حمام مع إضاءة لد-عرض60*80 سم,ديولو,DE 017,مراية مضيئة,b254c840-e3dc-aa50-45cc-22c1a82f1d9d,81.000,150.000,t,,310003858
AASB30072,حاملة ورق منظف كلينكس,سانيتاري ويرز,AZ1300M,اكسسوارات,0dafba13-51f2-fc5a-eab7-f16d55bcce40,74.000,110.000,t,,210003533
AASB30012,رف زاوية كروم,بضائع أوروبية,ALUXX,اكسسوارات,081276dc-6952-a613-dc62-614b51522ad0,23.000,45.000,t,,210003417
MD21005,خلاط دوش كروم,فيغاروو,EM-01,خلاط دوش,51882a69-3ac9-cde2-37e3-64e2b7daae96,144.000,270.000,t,,310004476
VS10188,حوض وجه معلق -60 سم,تركواز سيراستايل,DURU,حوض وجه معلق,3ef761c8-d645-a9c8-47dc-960089e79b35,339.500,350.000,t,,210002892
ML30121,مرايا حمام مع إضاءة لد 90 سم,سانيتاري ويرز,9135,مراية مضيئة,f68c4a72-8eb2-7563-07ad-b344ff9fe960,240.000,350.000,t,,210004282
ML10101,خلاط حوض وجه كروم,سانيتاري واير,8019,خلاط حوض وجه,7ea09f3f-5446-26a3-c653-90a14ccabc04,73.000,120.000,t,,310002835
SI10507,سلكون 260 غرام شفاف,سلسيل,,سلكون,c0faf038-b788-4ed3-15e1-cb4edf3f56f1,7.000,11.000,t,,310003578
PLSA0267,"وصلة أنثى ""1/2 كروم",سانيتاري ويرز,,وصلة,5ab52856-ad90-444c-7e94-fd714235d708,4.750,10.000,t,,210002992
RO10424,حنفية غسالة  ''1/2 * ''3/4 كروم,بوڨاتي,Italian,حنفية,9a9f39af-a0d0-6a64-969d-7baa03e28c4f,27.500,40.000,t,,210004929
AASB31105,صابونية كروم,ليمكس,2762,اكسسوارات,f592fa51-d431-40c9-f38d-39cdf4092eb2,72.500,160.000,t,,310004608
RA20001,"كوع 25"" لحام",فرات,بي بي ر - PPR,كوع - كوربة,1054307a-87a0-d4d2-fe16-bd905fe6a04b,0.922,5.000,t,,210003278
ARSB8076,سماعة دوش مع طوبو كروم,بريمكس,SR117D,سماعة دوش,0dafba13-51f2-fc5a-eab7-f16d55bcce40,62.000,120.000,t,,310004097
MD20435,خلاط دوش كروم,تركارت,TERRA,خلاط دوش,c0faf038-b788-4ed3-15e1-cb4edf3f56f1,202.120,310.000,t,,310003504
AASB30672,فرشاة تنظيف مرحاض أسود,بن أمور,مجموعة بن عمر,اكسسوارات,ac78bb51-d153-70a3-ad89-bdb50a8537eb,50.000,85.000,t,,310003780
ALVM50777,رأس سيفوني أسود,vip,OSY-7,رأس سيفوني,f68c4a72-8eb2-7563-07ad-b344ff9fe960,17.000,40.000,t,,310003888
PE30373,لصقة مع مجفف 200 مل,بولبو,PA260,المواد اللاصقة و العازلة,e47ac07e-2763-bc83-6cf2-c39bb577a1f9,6.250,10.000,t,,210004169
PA30127,قفل طلقة 100 مم,الشركة العالمية للتصدير و الإستيراد,,قفل باب,4db58ef5-0e02-ae07-fc14-5629c40b7689,17.500,25.000,t,,210003620
ARSB80656,سماعة دوش مع طوبو كروم,فينوس,HSS423,سماعة دوش,0dafba13-51f2-fc5a-eab7-f16d55bcce40,49.470,85.000,t,,210004886
LG40399,حوض وجه برسلين مع رف 80 سم,رويال,2608,حوض وجه برسلين,f68c4a72-8eb2-7563-07ad-b344ff9fe960,435.000,650.000,t,,210003156
ARSB80657,شطاف ظغط مربع مع طوبو كروم,بن أمور,,شطاف,ac78bb51-d153-70a3-ad89-bdb50a8537eb,35.000,60.000,t,,310003765
AM40147,مراية دولاب حمام 100 سم,أوركا,RICATO,مراية دولاب,fd059421-15b9-e743-662a-d6c4e83bb171,400.000,600.000,t,,310003223
ARSB80139,شطاف ظغط دائري مع طوبو كروم,ليسو,902,شطاف,f68c4a72-8eb2-7563-07ad-b344ff9fe960,98.000,150.000,t,,310002795
RA20018,"وصلة 32* 1"" سن خارجي",فرات,بي بي ر - PPR,وصلة,1054307a-87a0-d4d2-fe16-bd905fe6a04b,15.818,25.000,t,,310002581
P30166,بالة 1.3 متر,الشركة العالمية للتصدير و الإستيراد,,بالة,4db58ef5-0e02-ae07-fc14-5629c40b7689,38.000,55.000,t,,210003660
ARSB80161,شطاف ظغط دائري مع طوبو رصاصي,سانيتاري ويرز,MSLINO,شطاف,3371605a-058e-4bf1-07a5-d157c54ae58f,35.000,60.000,t,,310002816
EL50396,لصقة 0.13 مم * 19 مم * 25 متر,الشركة العالمية للتصدير و الإستيراد,SCAPA 2702,ملحقات الكهرباء,4db58ef5-0e02-ae07-fc14-5629c40b7689,4.750,10.000,t,,210003907
PE30111,ماصة 2 كغ,اي بي سي,AC18727,مطرقة - ماصة,4db58ef5-0e02-ae07-fc14-5629c40b7689,22.000,30.000,t,,210003578
PS20127,علاقة ملابس رباعية,سانيتاري ويرز,,علاقة مناشف,f68c4a72-8eb2-7563-07ad-b344ff9fe960,10.000,25.000,t,,310002976
PE30545,"سكينة تغليف 3""",,AC70026,أدوات,f330aa66-9a8a-90ee-d535-6c68ff14b0de,3.283,8.000,t,,210005079
AM0849,حوض وجه مع دولاب حمام -60 سم,سانيتاري ويرز,1526,دولاب حمام,f68c4a72-8eb2-7563-07ad-b344ff9fe960,780.000,1100.000,t,,310004279
AASB30092,حاملة ورق ناعم أسود,سانيتاري ويرز,MILET,اكسسوارات,ff3ad10c-136f-2eb9-510b-510058532e8d,65.000,100.000,t,,310002942
MC10310,سرفنتينة 15 سم * 15 سم كروم,دانيال,,مجرى,f9f6d83d-5b9d-2d22-c42a-21b487031fad,72.000,120.000,t,,210003807
ME10040,خلاط حوض المطبخ شلال شجرة كروم,سانيتاري ويرز,8881-8,خلاط حوض المطبخ شجرة,0dafba13-51f2-fc5a-eab7-f16d55bcce40,155.000,230.000,t,,310002778
AASB30064,حاملة فرشاة أسنان كروم,فينوس,BA702,اكسسوارات,0dafba13-51f2-fc5a-eab7-f16d55bcce40,48.265,75.000,t,,210003525
ARSB80003,مصب حوض كروم,فيوري,35BOC088,مصب حوض,f68c4a72-8eb2-7563-07ad-b344ff9fe960,187.000,290.000,t,,310002726
RA30027,"واي 3"" 45°",الرطيل,جي أم GM,مثلث,4db58ef5-0e02-ae07-fc14-5629c40b7689,23.500,25.000,t,,210003434
PA30605,رزة إصلاح,الشركة العالمية للتصدير و الإستيراد,,تشكيلة من التثبيتات,4db58ef5-0e02-ae07-fc14-5629c40b7689,1.500,3.000,t,,210004123
ARSB80365,سماعة دوش مع طوبو ذهبي,سلارنو,SS-07,سماعة دوش,dc6e5eb0-a2c4-7fc8-161c-528f389f29cc,47.000,75.000,t,,210003121
WP20178,مقعد أرضي ملحوم ذهبي,ليمكس,1077,مقعد أرضي,f592fa51-d431-40c9-f38d-39cdf4092eb2,1000.000,1600.000,t,,210002882
PE30427,موس فرش 18 مم,الشركة العالمية للتصدير و الإستيراد,,موس فرش والمقص,4db58ef5-0e02-ae07-fc14-5629c40b7689,1.917,5.000,t,,210003938
ARSB80363,كسكاس دوش مربع 300*300 مم كروم,ليسو,JR031-27,كسكاس دوش,f68c4a72-8eb2-7563-07ad-b344ff9fe960,110.000,110.000,t,,210003871
EL10721,حوض مطبخ ستانلس ستيل   304 أسود  65 * 45 سم,أسيل,AS3468,حوض مطبخ ستانلس ستيل,b254c840-e3dc-aa50-45cc-22c1a82f1d9d,480.000,720.000,t,,310003833
PS20028,علاقة ملابس فردي,فينوس,BA 801,علاقة مناشف,0dafba13-51f2-fc5a-eab7-f16d55bcce40,38.000,65.000,t,,210004339
ML30798,مرايا حمام ضد البخار مع إضاءة لد 80*60 سم,سانيتاري ويرز,4009,مراية مضيئة,f68c4a72-8eb2-7563-07ad-b344ff9fe960,105.000,170.000,t,,310003909
ARSB80336,مخرج شطاف كروم,فينوس,OER,مخرج شطاف,5bd59cc2-f915-90b2-5eb0-3ec705744a94,30.000,60.000,t,,210003081
PA35446,فيتي بالخبور 8 مم (50 قطعة),المتفوق,,برغي,f330aa66-9a8a-90ee-d535-6c68ff14b0de,4.450,10.000,t,,210004961
AB10854,خزانة حمام أبيض,سانيتاري ويرز,9616,خزانة حمام,f68c4a72-8eb2-7563-07ad-b344ff9fe960,270.000,430.000,t,,310003975
MA20128,خلاط حوض المطبخ سحاب كروم,بريمكس,6144,خلاط حوض المطبخ سحاب,0dafba13-51f2-fc5a-eab7-f16d55bcce40,265.000,400.000,t,,210002724
LG40904,حوض وجه كواريون مع دولاب مع مراية 80 سم,سانيتاري واير,PL80-2,حوض وجه برسلين,b254c840-e3dc-aa50-45cc-22c1a82f1d9d,940.000,1550.000,t,,310004025
PS20040,علاقة ملابس سداسية,فينوس,LI-06,علاقة مناشف,0dafba13-51f2-fc5a-eab7-f16d55bcce40,73.720,100.000,t,,210003477
MA20903,خلاط حوض المطبخ مولة كروم,بن أمور,B.AMOR018,خلاط حوض المطبخ سحاب,f3749abe-ab61-138e-bb47-655f16ecc625,195.000,290.000,t,,310004364
ARSB81016,علاقة سماعة دوش جانبية كروم,سانيتاري ويرز,,ملحقات خلاط,51882a69-3ac9-cde2-37e3-64e2b7daae96,2.250,10.000,t,,310004487
MA20460,خلاط حوض المطبخ سحاب كروم,ديولو,WJ-1033,خلاط حوض المطبخ سحاب,b254c840-e3dc-aa50-45cc-22c1a82f1d9d,180.000,300.000,t,,310003529
VP20151,حوض وجه فوق الرخام أبيض -35سم,سانيتاري ويرز,PRIMA,حوض فوق الرخام,f68c4a72-8eb2-7563-07ad-b344ff9fe960,145.000,220.000,t,,310003227
ML30372,مرايا حمام مع إضاءة لد 80*60 سم,سانيتاري ويرز,1432,مراية مضيئة,f68c4a72-8eb2-7563-07ad-b344ff9fe960,105.000,170.000,t,,210004195
MC10080,سرفنتينة 15 سم * 15 سم كروم,بيورا,FD-05,مجرى,f9f6d83d-5b9d-2d22-c42a-21b487031fad,53.000,75.000,t,,310003113
ARSB80223,"مسكر شطافة ""1/2"" * ""1/2 كروم",رايمر,1291212,مخرج شطاف,5bd59cc2-f915-90b2-5eb0-3ec705744a94,26.500,55.000,t,,210004616
ARSB80362,رقبة خلاط متحركة كروم,سانيتاري ويرز,,ملحقات خلاط,dc6e5eb0-a2c4-7fc8-161c-528f389f29cc,6.500,15.000,t,,210003107
VS10824,حوض وجه معلق -100 سم,سانيتاري واير,9924,حوض وجه معلق,f68c4a72-8eb2-7563-07ad-b344ff9fe960,450.000,750.000,t,,310004246
PD20887,حاجز 8 مم اطار ذهبي 80  سم,سانيتاري ويرز,PF-41,حاجز دوش,b254c840-e3dc-aa50-45cc-22c1a82f1d9d,445.000,670.000,t,,310004036
ARSB80378,كسكاس دوش مربع 250*250 مم كروم,ليسو,,كسكاس دوش,f68c4a72-8eb2-7563-07ad-b344ff9fe960,59.000,130.000,t,,310002837
P30097,عصاة رولة,الشركة العالمية للتصدير و الإستيراد,,فأس,4db58ef5-0e02-ae07-fc14-5629c40b7689,9.750,15.000,t,,210004453
PS20010,علاقة مناشف كروم,فينوس,BA 705,علاقة مناشف,0dafba13-51f2-fc5a-eab7-f16d55bcce40,76.830,140.000,t,,210003271
PA30373,حاملة إسمنت,الشركة العالمية للتصدير و الإستيراد,,مجرفة مغلفة,4db58ef5-0e02-ae07-fc14-5629c40b7689,7.500,15.000,t,,210003884
ARSB80748,مخرج شطاف ذهبي,فيدار,1011-GOLD,مخرج شطاف,509e8e91-b47c-f17c-5f3a-a8dfebf81f76,40.000,60.000,t,,310003860
RO11146,حنفية  3/4مع تفلون,فانسكي,AG102,حنفية,51882a69-3ac9-cde2-37e3-64e2b7daae96,38.500,60.000,t,,310004649
ALVM50809,سيفون حوض الوجه كروم,توريما,1372-01659-002,سيفون حوض الوجه,3f8e1d44-c2e4-cecd-ff29-48dc418eba21,210.000,320.000,t,,310003925
ATWC50154,زر بتارية مقعد كبير,سانيتاري ويرز,,ملحقات مقاعد,dc6e5eb0-a2c4-7fc8-161c-528f389f29cc,3.500,10.000,t,,210004537
MA20793,خلاط حوض المطبخ سحاب كروم مطفي,سانيتاري ويرز,3018,خلاط حوض المطبخ سحاب,95d22529-eb35-a000-949b-cc311fec737c,70.000,200.000,t,,310004212
ARSB80499,سماعة دوش مع طوبو كروم,توريما,1372-009,سماعة دوش,f68c4a72-8eb2-7563-07ad-b344ff9fe960,135.000,250.000,t,,310003262
CD40239,مسطرة دوش مع خلاط  كروم,ا بي ام انترناشونال,1002,مسطرة دوش,dc6e5eb0-a2c4-7fc8-161c-528f389f29cc,275.000,550.000,t,,210004646
AM40973,مراية دولاب حمام 60 سم,بن أمور,011-60-C,مراية دولاب,3b74be9f-643f-cd77-2128-39d8b10170c9,150.000,300.000,t,,310004443
ML10898,خلاط حوض وجه كروم,ليسو,079-7,خلاط حوض وجه,f68c4a72-8eb2-7563-07ad-b344ff9fe960,88.000,150.000,t,,310004019
PA30464,عدة رقعة,الشركة العالمية للتصدير و الإستيراد,,أدوات  متعددة الوظائف,4db58ef5-0e02-ae07-fc14-5629c40b7689,4.750,10.000,t,,210003979
LG40383,حوض وجه برسلين مع رف 80 سم,رويال,YB03_18,حوض وجه برسلين,60d7d8a2-1083-abe4-d894-b1c7f3235d40,470.000,750.000,t,,210003140
ML30941,مرايا حمام مع إضاءة لد 60*100 سم عرض,سانيتاري ويرز,S-100-4,مراية مضيئة,b254c840-e3dc-aa50-45cc-22c1a82f1d9d,100.000,200.000,t,,310004067
PS20171,علاقة ملابس زوجية أسود,ديكسا,A.1721.S,علاقة مناشف,ff3ad10c-136f-2eb9-510b-510058532e8d,45.000,75.000,t,,310003023
MC10644,مجرى 40 سم *8 سم كروم,بن أمور,,مجرى,ac78bb51-d153-70a3-ad89-bdb50a8537eb,70.000,130.000,t,,310003752
MT30927,خلاط شطاف كروم,أيولي,9525-100 VIDA,خلاط شطاف,9a9f39af-a0d0-6a64-969d-7baa03e28c4f,235.000,360.000,t,,310004052
ARSB80436,سماعة دوش مع طوبو كروم,موباكس,30-651,سماعة دوش,f330aa66-9a8a-90ee-d535-6c68ff14b0de,32.500,70.000,t,,210004903
AECU50203,سيفون حوض المطبخ,سي أر سمارت,,ملحقات أحواض المطابخ,4db58ef5-0e02-ae07-fc14-5629c40b7689,14.500,30.000,t,,210002911
PA30397,عصاة بالة,الشركة العالمية للتصدير و الإستيراد,,بالة,4db58ef5-0e02-ae07-fc14-5629c40b7689,6.000,15.000,t,,210004146
PA30118,ميزان إلكتروني 30 كغ,فندر,194919,أدوات القياس والتتبع,4db58ef5-0e02-ae07-fc14-5629c40b7689,135.000,180.000,t,,210003611
AB10420,خزانة حمام 120*24*20,سانيتاري ويرز,8204,خزانة حمام,f68c4a72-8eb2-7563-07ad-b344ff9fe960,100.000,250.000,t,,210003180
ME10018,خلاط حوض المطبخ شجرة كروم,فينوس,SVS1,خلاط حوض المطبخ شجرة,3371605a-058e-4bf1-07a5-d157c54ae58f,110.000,165.000,t,,210002748
AASB30311,مجفف شعر أبيض,فينوس,SD-100,اكسسوارات,0dafba13-51f2-fc5a-eab7-f16d55bcce40,99.000,150.000,t,,210004737
ME10025,خلاط حوض المطبخ سخانة فورية شجرة كروم,سانيتاري ويرز,MAX BAHR CYPRESS,خلاط حوض المطبخ شجرة,081276dc-6952-a613-dc62-614b51522ad0,70.000,150.000,t,,310002775
ALVM50022,رأس سيفوني حوض الوجه طويل ذهبي,توريما,1372-006,رأس سيفوني,3f8e1d44-c2e4-cecd-ff29-48dc418eba21,145.000,230.000,t,,310002682
RA20492,مخفض 1.25*1نحاس,فينوس,139,مخفض,571d2375-1774-6730-7af4-8df56a1d7a88,20.000,25.000,t,,210005023
ARSB80462,كسكاس دوش مربع 250 مم  كروم,توريما,1372-01438-002,كسكاس دوش,9a9f39af-a0d0-6a64-969d-7baa03e28c4f,140.000,300.000,t,,210004983
RA20011,"كوع 25 *  3/4"" سن خارجي",فرات,بي بي ر - PPR,كوع - كوربة,1054307a-87a0-d4d2-fe16-bd905fe6a04b,6.793,15.000,t,,210003287
ART0026,حاملة فوط كروم,فينوس,SA-02,اكسسوارات,0dafba13-51f2-fc5a-eab7-f16d55bcce40,73.000,160.000,t,,210004337
RA30065,"طابة نهاية خط 3""",الرطيل,جي أم GM,طابة,1054307a-87a0-d4d2-fe16-bd905fe6a04b,7.275,9.000,t,,210003512
ARSB80177,مخرج شطاف كروم,سانيتاري ويرز,LAWAKA,مخرج شطاف,f68c4a72-8eb2-7563-07ad-b344ff9fe960,35.000,80.000,t,,310002876
EG40373,رف حوض وجه برسلين 80 سم,سانيتاري ويرز,2711,رف حوض وجه برسلين,f68c4a72-8eb2-7563-07ad-b344ff9fe960,185.000,350.000,t,,210004164
MTE60044,خلاط شطاف مدفون كروم,غروهي,33556002,خلاط شطاف مدفون,f68c4a72-8eb2-7563-07ad-b344ff9fe960,510.000,650.000,t,,210002774
CD40107,مسطرة دوش زوجية كروم,ازورا ربنتري,,مسطرة دوش,f68c4a72-8eb2-7563-07ad-b344ff9fe960,92.000,170.000,t,,210002703
PA30142,سلوم 6 درجات,الشركة العالمية للتصدير و الإستيراد,,السلالم والسقالات,4db58ef5-0e02-ae07-fc14-5629c40b7689,300.000,360.000,t,,210003635
PE30485,موس فرش 18 مم بالغيار,اي بي سي,191799,موس فرش والمقص,4db58ef5-0e02-ae07-fc14-5629c40b7689,7.500,15.000,t,,210004001
EG40359,رف حوض وجه برسلين 65 سم,رويال,YB036_7,رف حوض وجه برسلين,60d7d8a2-1083-abe4-d894-b1c7f3235d40,60.000,150.000,t,,210003104
EL10007,حوض مطبخ ستانلس ستيل   304,,,حوض مطبخ ستانلس ستيل,2e234c5a-ae37-77f1-3c02-d40e664e7d50,205.000,430.000,t,,210003395
PA30443,متر 50 رولينة حديد,فندر,,أدوات القياس والتتبع,f330aa66-9a8a-90ee-d535-6c68ff14b0de,76.000,85.000,t,,210004957
AASB30916,رف زاوية زوجي كروم,ليسو,WL35,اكسسوارات,f68c4a72-8eb2-7563-07ad-b344ff9fe960,130.000,160.000,t,,310004040
EL11063,حوض مطبخ ستانلس ستيل تحت الرخامة 304 71*41*22 سم,أسيل,AS296DRAWN,حوض مطبخ ستانلس ستيل,b254c840-e3dc-aa50-45cc-22c1a82f1d9d,645.000,980.000,t,,310004534
ARSB80069,مصب دوش بدون تحويلة كروم,فينوس,RACHEL D2,مصب دوش,0dafba13-51f2-fc5a-eab7-f16d55bcce40,99.000,160.000,t,,210002799
RD30309,حوض قدم مستطيل زاوية يسار اكريليك 120*80*14,ساناكريل,M331,بانيو قدم,e47ac07e-2763-bc83-6cf2-c39bb577a1f9,446.000,580.000,t,,210003046
RA30357,ديسكو جرانيت 7'' 180 مم,فندر,195556,ديسكو منشار دائري,4db58ef5-0e02-ae07-fc14-5629c40b7689,25.000,35.000,t,,210003864
WP20478,مقعد أرضي ملحوم ذهبي مخطط,ب.أمور,SH-295PGL,مقعد أرضي,56855bde-1190-92a2-afb0-419a9650977f,547.000,900.000,t,,310003548
LG40378,حوض وجه برسلين مشطوف مع رف 80 سم,رويال,YB14-3,حوض وجه برسلين,60d7d8a2-1083-abe4-d894-b1c7f3235d40,560.000,800.000,t,,210003135
MC10085,مجرى 45سم *7 سم كروم,بيورا,DL-GB-45,مجرى,f9f6d83d-5b9d-2d22-c42a-21b487031fad,300.000,400.000,t,,310003118
ALVM50283,رأس سيفوني 1 ''1/4  ''5 كروم,فينوس,,رأس سيفوني,0dafba13-51f2-fc5a-eab7-f16d55bcce40,49.000,80.000,t,,210003015
ARSB80130,قصبة دوش 30 سم سقفية كروم,سانيتاري ويرز,,قصبة دوش,0dafba13-51f2-fc5a-eab7-f16d55bcce40,39.000,70.000,t,,210002834
P30107,مضخة 3/4 حصان,شمجا,QB70G1,مضخة,4db58ef5-0e02-ae07-fc14-5629c40b7689,290.000,340.000,t,,210003595
ARSB80996,كسكاس دوش دائري 250 مم كروم,سانيتاري ويرز,WL30,كسكاس دوش,f68c4a72-8eb2-7563-07ad-b344ff9fe960,39.000,80.000,t,,310003253
AM0779,حوض وجه مع دولاب حمام مع خزانة مع مراية -80 سم,سانيتاري ويرز,001,دولاب حمام,b254c840-e3dc-aa50-45cc-22c1a82f1d9d,1080.000,1560.000,t,,310004120
MC10066,مجرى 30سم *7 سم كروم,الشركة التونسية للمواد الصحية,,مجرى,4db58ef5-0e02-ae07-fc14-5629c40b7689,37.000,60.000,t,,310003096
AM0777,حوض وجه مع دولاب حمام مع خزانة مع مراية -60 سم,سانيتاري ويرز,040,دولاب حمام,b254c840-e3dc-aa50-45cc-22c1a82f1d9d,1040.000,1560.000,t,,310004118
LG40379,حوض وجه برسلين مشطوف مع رف 80 سم,رويال,YB14-1,حوض وجه برسلين,60d7d8a2-1083-abe4-d894-b1c7f3235d40,560.000,800.000,t,,210003136
PD20441,حاجز 8 مم اطار ذهبي 100 سم,سانيتاري ويرز,,حاجز دوش,f68c4a72-8eb2-7563-07ad-b344ff9fe960,425.000,650.000,t,,210003202
AM0853,حوض وجه مع دولاب حمام -80 سم,سانيتاري ويرز,9616,دولاب حمام,f68c4a72-8eb2-7563-07ad-b344ff9fe960,700.000,1000.000,t,,310003974
ML10056,خلاط حوض وجه طويل كروم,شيزا,ROBIN,خلاط حوض وجه,3f8e1d44-c2e4-cecd-ff29-48dc418eba21,207.000,310.000,t,,310002633
MC10642,مجرى 50سم *3 سم كروم,بن أمور,,مجرى,ac78bb51-d153-70a3-ad89-bdb50a8537eb,120.000,200.000,t,,310003750
ALVM50020,رأس سيفوني حوض الوجه طويل أسود,توريما,1372-002,رأس سيفوني,3f8e1d44-c2e4-cecd-ff29-48dc418eba21,145.000,230.000,t,,310002680
ARSB80431,كسكاس دوش مربع  300*300 مم كروم مع قصبة,مونتانا س.ل,MT-3030SQ,كسكاس دوش,51882a69-3ac9-cde2-37e3-64e2b7daae96,240.000,420.000,t,,310003489
ARSB80042,مصب دوش مع تحويلة ذهبي,دانيال,SK4702CR,مصب دوش,dd2fc8ac-5717-c00a-07b0-627c341c4a46,600.000,800.000,t,,310002720
PS20791,علاقة مناشف زوجية كروم,سانيتاري ويرز,WL-40,علاقة مناشف,f68c4a72-8eb2-7563-07ad-b344ff9fe960,145.000,240.000,t,,310004206
PE30079,بونتة ترابنو,اي بي سي,AC18802 PH2X65mm,مثقاب كهربائي,4db58ef5-0e02-ae07-fc14-5629c40b7689,1.150,5.000,t,,210004239
LG40373,حوض وجه برسلين مع رف 80 سم,رويال,2717,حوض وجه برسلين,f68c4a72-8eb2-7563-07ad-b344ff9fe960,485.000,850.000,t,,210004157
PA30561,فيتي بالخبور 6 مم,المتفوق,,برغي,4db58ef5-0e02-ae07-fc14-5629c40b7689,3.750,10.000,t,,210004078
PLSA0772,"نبلس ذكر""1/2 * ذكر""3/8 كروم",سانيتاري ويرز,,وصلة,4db58ef5-0e02-ae07-fc14-5629c40b7689,5.350,12.000,t,,310004183
AASB30019,رف زاوية زوجي كروم,سانيتاري ويرز,,اكسسوارات,f68c4a72-8eb2-7563-07ad-b344ff9fe960,85.000,140.000,t,,210003428
ML30080,مرايا حمام مع إضاءة لد 80*60 سم,سانيتاري ويرز,115180,مراية مضيئة,f68c4a72-8eb2-7563-07ad-b344ff9fe960,85.000,160.000,t,,210004422
PD20455,حاجز دوش 8 مم  مخطط 80*190  سم,سانيتاري ويرز,14-40,حاجز دوش,b254c840-e3dc-aa50-45cc-22c1a82f1d9d,395.000,550.000,t,,310003524
CC10470,لصقة فأر 100غ,الشركة العالمية للتصدير و الإستيراد,RAT-STOP,كولة بلاط أرضيات,e47ac07e-2763-bc83-6cf2-c39bb577a1f9,2.500,5.000,t,,210003985
AETS20445,نايلو صوبات 1(متر),شركة الغزالة لمواد البناء,,ملحقات عوازل صحية,f330aa66-9a8a-90ee-d535-6c68ff14b0de,1.700,5.000,t,,210004959
ARSB80468,"مسكر شطافة دبل ""1/2"" * ""1/2 كروم",تركارت,MIKRO,مخرج شطاف,3371605a-058e-4bf1-07a5-d157c54ae58f,53.500,90.000,t,,310003537
ARSB80056,كسكاس دوش مربع 300*300 مم كروم,فينوس,UTS12,كسكاس دوش,0dafba13-51f2-fc5a-eab7-f16d55bcce40,68.000,140.000,t,,210002786
ARSB80296,سماعة دوش مع طوبو أسود,توريما,1372-011,سماعة دوش,3f8e1d44-c2e4-cecd-ff29-48dc418eba21,295.000,410.000,t,,210003033
ML30775,مرايا حمام مع إضاءة لد 60*80 سم عرض,سانيتاري ويرز,S80-2,مراية مضيئة,f68c4a72-8eb2-7563-07ad-b344ff9fe960,100.000,180.000,t,,310004116
PA30367,قرص الصنفرة 5 قطع,الشركة العالمية للتصدير و الإستيراد,,أقراص الصنفرة,4db58ef5-0e02-ae07-fc14-5629c40b7689,7.500,20.000,t,,210003878
AM0559,حوض وجه مع دولاب حمام -80 سم,سانيتاري ويرز,9716,دولاب حمام,9a9f39af-a0d0-6a64-969d-7baa03e28c4f,700.000,1100.000,t,,210005094
EL50009,علبة بريزة ثلاثية,فاندي,F0001,اللوحات الكهربائية والقواطع و العلب,06d20f1c-34a0-e014-64db-92734ce57411,0.850,2.000,t,,210004228
EG30250,حوض مطبخ جرانيت أسود محبب 90*50,سانيبال,رومبا,حوض مطبخ جرانيت,e47ac07e-2763-bc83-6cf2-c39bb577a1f9,450.000,650.000,t,,210002971
ATWC50388,وصلة بتارية مدفونة 22 سم,سانيتاري ويرز,,ملحقات مقاعد,51882a69-3ac9-cde2-37e3-64e2b7daae96,21.500,75.000,t,,210004835
ARSB80808,كسكاس دوش دائري كبير شلال مع قصبة ملحومة كروم,ليسو,756,كسكاس دوش,f68c4a72-8eb2-7563-07ad-b344ff9fe960,240.000,360.000,t,,310003918
PS20207,علاقة مناشف,سانيتاري ويرز,5-133,علاقة مناشف,9a9f39af-a0d0-6a64-969d-7baa03e28c4f,55.000,120.000,t,,210004609
AASB30050,صابونية ذهبي,بريمكس,6100K-69,اكسسوارات,f68c4a72-8eb2-7563-07ad-b344ff9fe960,70.000,120.000,t,,310002916
PA30313,"اسطافة 1.5"" (2 قطع)",الشركة العالمية للتصدير و الإستيراد,,تشكيلة من التثبيتات,f330aa66-9a8a-90ee-d535-6c68ff14b0de,5.900,15.000,t,,210004739
ATWC50197,مثبت صندوق بتارية مقعد أرضي,سانيتاري ويرز,TMT257-11,ملحقات مقاعد,4db58ef5-0e02-ae07-fc14-5629c40b7689,3.350,5.025,t,,310003303
PA30383,كستولة,الشركة العالمية للتصدير و الإستيراد,,مجرفة مغلفة,4db58ef5-0e02-ae07-fc14-5629c40b7689,7.500,20.000,t,,210003894
PA30505,بونتة منقار أفطس,الشركة العالمية للتصدير و الإستيراد,VEIBER 8275,أدوات الثقب,4db58ef5-0e02-ae07-fc14-5629c40b7689,6.750,20.000,t,,210004021
EL50796,برتولامبه بدون تامينه,دي بي اس,,المصابيح الكهربائية,4db58ef5-0e02-ae07-fc14-5629c40b7689,3.000,6.000,t,,210004446
PE30089,دلونتي 1لتر,تركواز سيراستايل,ماء تخليط,الجدران والسقف,4db58ef5-0e02-ae07-fc14-5629c40b7689,11.250,15.000,t,,210004398
AASB30635,حاملة فرشاة أسنان زوجية أسود,بن أمور,,اكسسوارات,ac78bb51-d153-70a3-ad89-bdb50a8537eb,30.000,60.000,t,,310003743
ART0021,خلاط حوض المطبخ شجرة كروم,فينوس,SVS2,خلاط حوض المطبخ شجرة,0dafba13-51f2-fc5a-eab7-f16d55bcce40,110.000,220.000,t,,210004332
AM40457,مراية دولاب حمام 80 سم,أوركا,AYDOS,مراية دولاب,fd059421-15b9-e743-662a-d6c4e83bb171,110.000,250.000,t,,210003221
ARSB81036,كسكاس دوش دائري 250*250 مم مع قصبة اسود,سانيتاري ويرز,B-24,كسكاس دوش,f68c4a72-8eb2-7563-07ad-b344ff9fe960,65.000,120.000,t,,310004507
ARSB80427,سماعة دوش مع طوبو ذهبي,مونتانا س.ل,MT-4101G,سماعة دوش,51882a69-3ac9-cde2-37e3-64e2b7daae96,150.000,250.000,t,,310003481
MD20793,خلاط دوش كروم,سانيتاري ويرز,OM-165,خلاط دوش,b254c840-e3dc-aa50-45cc-22c1a82f1d9d,92.000,170.000,t,,310004136
EG30293,حوض مطبخ جرانيت أبيض  80*50,سانيبال,توكس,حوض مطبخ جرانيت,e47ac07e-2763-bc83-6cf2-c39bb577a1f9,422.080,650.000,t,,210004714
EL10138,حوض مطبخ ستانلس ستيل   70*45 كروم,ليسو,,حوض مطبخ ستانلس ستيل,9a9f39af-a0d0-6a64-969d-7baa03e28c4f,165.000,350.000,t,,210004517
AASB30799,مسند لكبار السن 60 كروم,سانيتاري ويرز,JP-NL08,اكسسوارات,0dafba13-51f2-fc5a-eab7-f16d55bcce40,88.000,140.000,t,,310003420
PA30414,رأس غاز بلاستك,الشركة العالمية للتصدير و الإستيراد,HRP-100,أدوات  متعددة الوظائف,f330aa66-9a8a-90ee-d535-6c68ff14b0de,33.000,45.000,t,,210004917
AM0576,حوض وجه مع دولاب حمام مع مراية -60 سم,سانيتاري ويرز,1527,دولاب حمام,9a9f39af-a0d0-6a64-969d-7baa03e28c4f,1050.000,1600.000,t,,210005111
WS10174,مقعد معلق رايملس أبيض,تركواز سيراستايل,NOURA,مقعد معلق,3ef761c8-d645-a9c8-47dc-960089e79b35,584.000,820.000,t,,210002878
ML10800,خلاط حوض وجه كروم,بن أمور,B.AMOR004,خلاط حوض وجه,f3749abe-ab61-138e-bb47-655f16ecc625,225.000,340.000,t,,310004350
AECU50556,سيفون حوض المطبخ,TANFLEKS,,ملحقات أحواض المطابخ,46b65556-274a-45aa-9c85-4e9803db664f,17.500,35.000,t,,310003628
ME10015,خلاط حوض المطبخ شجرة كروم,فرامو,DE160CR,خلاط حوض المطبخ شجرة,3371605a-058e-4bf1-07a5-d157c54ae58f,245.000,380.000,t,,310002685
CD40761,مسطرة دوش زوجية كروم,سانيتاري ويرز,JR079-26,مسطرة دوش,f68c4a72-8eb2-7563-07ad-b344ff9fe960,175.000,280.000,t,,310004102
AASB30056,صابونية كروم,فينوس,BA707,اكسسوارات,0dafba13-51f2-fc5a-eab7-f16d55bcce40,59.000,90.000,t,,310002919
ALVM50019,رأس سيفوني كروم,توريما,1372-004,رأس سيفوني,dc6e5eb0-a2c4-7fc8-161c-528f389f29cc,140.000,220.000,t,,310002678
EG40862,رف كواريون كوارتز 100سم أبيض,سانيتاري ويرز,6004,رف حوض وجه برسلين,f68c4a72-8eb2-7563-07ad-b344ff9fe960,300.000,500.000,t,,310004315
MDE50164,مطول خلاط دوش مدفون,رايمر,,خلاط دوش مدفون,5bd59cc2-f915-90b2-5eb0-3ec705744a94,170.000,300.000,t,,210004549
AASB30195,حاملة منظفات كروم,ميوماري,S-106,اكسسوارات,081276dc-6952-a613-dc62-614b51522ad0,35.000,80.000,t,,310003054
PE30465,بونتة ترابنو (10 قطع),اي بي سي,AC18802 PH2X65mm,مثقاب كهربائي,4db58ef5-0e02-ae07-fc14-5629c40b7689,11.500,25.000,t,,210003980
MDE50027,خلاط دوش مدفون كروم,رايمر,EY09G,خلاط دوش مدفون,5bd59cc2-f915-90b2-5eb0-3ec705744a94,385.000,500.000,t,,210002757
ML10028,خلاط حوض وجه كروم,فينوس,CALVIN B2,خلاط حوض وجه,0dafba13-51f2-fc5a-eab7-f16d55bcce40,213.000,330.000,t,,210002611
ARSB80949,شطاف ظغط دائري مع طوبو كروم,اي ار بي,030201,شطاف,dd2fc8ac-5717-c00a-07b0-627c341c4a46,77.000,140.000,t,,210004850
ARSB81145,شطاف ظغط ايطالية بلاستك,اي ار بي,15791,شطاف,dd2fc8ac-5717-c00a-07b0-627c341c4a46,77.000,120.000,t,,310004648
AECU50151,سلة تجفيف لحوض المطبخ رصاصي,سانيتاري ويرز,,ملحقات أحواض المطابخ,64b9e43c-5e5d-3fa7-c325-44e0007df5fc,21.000,40.000,t,,310003000
EL50541,لصقة 0.13 مم * 19 مم * 25 متر,الشركة العالمية للتصدير و الإستيراد,SCAPA 2702,ملحقات الكهرباء,f330aa66-9a8a-90ee-d535-6c68ff14b0de,6.000,10.000,t,,210005075
EL50520,لصقة 0.13 مم * 19 مم * 25 متر,الشركة العالمية للتصدير و الإستيراد,SCAPA 2702,ملحقات الكهرباء,4db58ef5-0e02-ae07-fc14-5629c40b7689,4.750,10.000,t,,210004036
ARSB80021,مصب دوش بدون تحويلة كروم,سانيتاري ويرز,,مصب دوش,f68c4a72-8eb2-7563-07ad-b344ff9fe960,55.000,90.000,t,,310002873
PA30253,ميزان خيط 500 غرام,صولا,,أدوات القياس والتتبع,4db58ef5-0e02-ae07-fc14-5629c40b7689,18.000,30.000,t,,210003746
ML30199,مرايا حمام ضد البخار مع إضاءة لد 60*60 سم,سانيتاري ويرز,1432,مراية مضيئة,f68c4a72-8eb2-7563-07ad-b344ff9fe960,120.000,200.000,t,,310003180
ME10009,خلاط حوض المطبخ شجرة كروم,توريما,BG LIGHT 1751311-T40,خلاط حوض المطبخ شجرة,3f8e1d44-c2e4-cecd-ff29-48dc418eba21,170.000,350.000,t,,310002665
ARSB80993,كسكاس دوش مربع 250*250 مم كروم,سانيتاري ويرز,133-8,كسكاس دوش,f68c4a72-8eb2-7563-07ad-b344ff9fe960,65.000,100.000,t,,310003257
EL50397,لصقة 0.13 مم * 19 مم * 25 متر,الشركة العالمية للتصدير و الإستيراد,SCAPA 2702,ملحقات الكهرباء,4db58ef5-0e02-ae07-fc14-5629c40b7689,6.000,10.000,t,,210003908
PS20054,علاقة ملابس ثلاثية كروم,سانيتاري ويرز,,علاقة مناشف,0dafba13-51f2-fc5a-eab7-f16d55bcce40,34.000,55.000,t,,210003502
PE30448,صندوق عدة بلاستك رقم15,اي بي سي,,صندوق الأدوات,f330aa66-9a8a-90ee-d535-6c68ff14b0de,35.000,45.000,t,,210004965
MA20008,خلاط حوض المطبخ سحاب أسود,جي اف مارك,6229X,خلاط حوض المطبخ سحاب,60d7d8a2-1083-abe4-d894-b1c7f3235d40,200.000,320.000,t,,310002740
AASB30511,فرشاة تنظيف مرحاض رصاصي,wilko,,اكسسوارات,1e40627e-ea09-d325-6c11-fb6c068c423e,25.000,50.000,t,,310003582
ARSB80178,مخرج شطاف مع علاق كروم,سانيتاري ويرز,I.DOWAS 1108a,مخرج شطاف,3371605a-058e-4bf1-07a5-d157c54ae58f,55.000,90.000,t,,310002877
PE30470,ورق سنفرة 7بوصة 6فتحات,الشركة العالمية للتصدير و الإستيراد,P 60,ماكينة صنفرة,4db58ef5-0e02-ae07-fc14-5629c40b7689,0.850,3.000,t,,210004402
PS20687,علاقة مناشف كبيرة ثلاثية كروم,بن أمور,B.A7760-Cr,علاقة مناشف,ac78bb51-d153-70a3-ad89-bdb50a8537eb,100.000,170.000,t,,310003795
ARSB80197,قصبة دوش  40 سم شبشاشة كروم,سانيتاري ويرز,,قصبة دوش,0dafba13-51f2-fc5a-eab7-f16d55bcce40,57.000,110.000,t,,310002895
PS20512,علاقة ملابس ثلاثية,فينوس,PE-03,علاقة مناشف,0dafba13-51f2-fc5a-eab7-f16d55bcce40,44.000,80.000,t,,210005044
PA36446,فيتي بالخبور10مم (50 قطعة),المتفوق,,برغي,f330aa66-9a8a-90ee-d535-6c68ff14b0de,5.500,12.000,t,,210004962
RO10329,حنفية 3/4,سانيتاري ويرز,,حنفية,f330aa66-9a8a-90ee-d535-6c68ff14b0de,16.500,25.000,t,,210004767
EL10934,حوض مطبخ ستانلس ستيل   304 تحت الرخامة 76.2*40*22سم كروم,أسيل,AS297DRAWN,حوض مطبخ ستانلس ستيل,b254c840-e3dc-aa50-45cc-22c1a82f1d9d,535.000,800.000,t,,310004404
AMEV50019,سماعة خلاط حوض المطبخ كروم,سانيتاري ويرز,59925,ملحقات خلاطات حوض المطبخ,081276dc-6952-a613-dc62-614b51522ad0,30.000,60.000,t,,310002831
ARSB80142,"مسكر شطافة دبل ""1/2"" * ""1/2 كروم",فينوس,,مخرج شطاف,0dafba13-51f2-fc5a-eab7-f16d55bcce40,32.000,60.000,t,,210002846
PA30498,بونتة 12 * 450 مم,الشركة العالمية للتصدير و الإستيراد,,أدوات الثقب,4db58ef5-0e02-ae07-fc14-5629c40b7689,7.500,15.000,t,,210004014
ARSB80020,كسكاس دوش مربع 300*300 مم مع قصبة كروم,دانيال,A553QSD30,كسكاس دوش,dd2fc8ac-5717-c00a-07b0-627c341c4a46,395.000,685.000,t,,310002742
WS10777,مقعد معلق رايملس أبيض,GLOBO,,مقعد معلق,f68c4a72-8eb2-7563-07ad-b344ff9fe960,890.000,1500.000,t,,310003398
ML10030,خلاط حوض وجه طويل 17 سم كروم,رايمر,EY12A,خلاط حوض وجه,5bd59cc2-f915-90b2-5eb0-3ec705744a94,395.000,540.000,t,,210002613
PE30127,بونتة صاروخ طاسة,اي بي سي,35,مثقاب كهربائي,4db58ef5-0e02-ae07-fc14-5629c40b7689,35.000,50.000,t,,210004476
AM40272,مراية حمام بالدولاب خشبي داكن  -80 سم,أرسين,,مراية دولاب,e47ac07e-2763-bc83-6cf2-c39bb577a1f9,175.000,250.000,t,,210003000
ARSB80185,مخرج شطاف ذهبي,سانيتاري ويرز,,مخرج شطاف,f68c4a72-8eb2-7563-07ad-b344ff9fe960,25.000,60.000,t,,310002883
AASB30569,سلة قمامة استيل أسود ثقيل,سانيتاري ويرز,,اكسسوارات,7ea09f3f-5446-26a3-c653-90a14ccabc04,95.000,140.000,t,,310003673
PE30453,ورق سنفرة,الشركة العالمية للتصدير و الإستيراد,P 60,ماكينة صنفرة,4db58ef5-0e02-ae07-fc14-5629c40b7689,7.500,10.000,t,,210003964
LIV00002,Livraison à domicile,,,SERVICES LIVRAISON WEB,,10.000,10.000,f,,2564
MC10480,مجرى 45سم *7 سم كروم,بيورا,DL-11-45,مجرى,f9f6d83d-5b9d-2d22-c42a-21b487031fad,238.000,310.000,t,,210003254
AB10826,خزانة حمام 80*24*12,سانيتاري ويرز,9142,خزانة حمام,f68c4a72-8eb2-7563-07ad-b344ff9fe960,130.000,250.000,t,,310003448
ML10015,خلاط حوض وجه كروم,فرامو,LM204TCCR,خلاط حوض وجه,f9f6d83d-5b9d-2d22-c42a-21b487031fad,355.000,470.000,t,,310002688
EG30872,حوض مطبخ جرانيت أسود مطفي72*47 فردي,ب.أمور,Nice,حوض مطبخ جرانيت,0b31d558-d145-3aaf-232e-dad3cc8669b6,480.000,720.000,t,,310004326
EG40347,رف حوض وجه برسلين 80 سم,رويال,YB14-3,رف حوض وجه برسلين,60d7d8a2-1083-abe4-d894-b1c7f3235d40,60.000,150.000,t,,210003091
MA20905,خلاط حوض المطبخ مولة كروم,بن أمور,B.AMOR021,خلاط حوض المطبخ سحاب,f3749abe-ab61-138e-bb47-655f16ecc625,390.000,590.000,t,,310004366
ARSB81128,مخرج شطاف مربع كروم,ليسو,JR-133,مخرج شطاف,f68c4a72-8eb2-7563-07ad-b344ff9fe960,28.000,70.000,t,,310004631
VS10972,حوض وجه معلق -60 سم,سانيتاري واير,011-60,حوض وجه معلق,3b74be9f-643f-cd77-2128-39d8b10170c9,250.000,400.000,t,,310004442
AM0844,دولاب حمام بالملحق مع مرايا لد -80 سم,سانيتاري ويرز,9615,دولاب حمام,f68c4a72-8eb2-7563-07ad-b344ff9fe960,1075.000,1600.000,t,,310003965
ARSB88899,سماعة دوش مع طوبو كروم,اي ار بي,092101,سماعة دوش,dd2fc8ac-5717-c00a-07b0-627c341c4a46,103.000,180.000,t,,210004852
EL10136,حوض مطبخ ستانلس ستيل   304 60 * 45 سم,أسيل,AS3467,حوض مطبخ ستانلس ستيل,9a9f39af-a0d0-6a64-969d-7baa03e28c4f,475.000,650.000,t,,210004515
BAI10293,حوض استحمام بانيو 150*70*53 سم,ساناكريل,A116,حوض استحمام,e47ac07e-2763-bc83-6cf2-c39bb577a1f9,1047.500,1400.000,t,,210003028
WP20587,مقعد أرضي ملحوم أسود,ب.أمور,SH-295B,مقعد أرضي,56855bde-1190-92a2-afb0-419a9650977f,615.000,950.000,t,,310003691
CD40008,مسطرة دوش زوجية اسود,سانيتاري ويرز,10155,مسطرة دوش,3f8e1d44-c2e4-cecd-ff29-48dc418eba21,150.000,250.000,t,,310003142
ARSB80017,مصب دوش قصير بدون تحويلة كروم,توريما,0328111-T40,مصب دوش,3f8e1d44-c2e4-cecd-ff29-48dc418eba21,300.000,470.000,t,,310002675
AASB30473,رف زاوية ثلاثي كروم,سانيتاري ويرز,,اكسسوارات,51882a69-3ac9-cde2-37e3-64e2b7daae96,45.000,120.000,t,,310003542
PA30129,قفل طلقة 80 مم,الشركة العالمية للتصدير و الإستيراد,,قفل باب,4db58ef5-0e02-ae07-fc14-5629c40b7689,15.500,23.000,t,,210003622
ATWC50218,بتارية مقعد أرضي ملحوم تحت 28 سم,سانيتاري ويرز,KJ-233,ملحقات مقاعد,dc6e5eb0-a2c4-7fc8-161c-528f389f29cc,18.500,40.000,t,,210002932
ARSB80238,طوبو شطاف 120 سم كروم,بضائع أوروبية,ENS2001120C,طوبو شطاف,f68c4a72-8eb2-7563-07ad-b344ff9fe960,38.000,60.000,t,,310003148
ART0000,Test Server FRS,,,الحمام,,0.000,0.000,f,,410002581
ARSB80666,كسكاس دوش مربع 250*250 مم مع قصبة كروم,فيڤارو,SS 030-A,كسكاس دوش,3371605a-058e-4bf1-07a5-d157c54ae58f,75.000,140.000,t,,310003244
ML10381,خلاط حوض وجه  كروم,ليسو,JR031-36,خلاط حوض وجه,f68c4a72-8eb2-7563-07ad-b344ff9fe960,85.000,150.000,t,,210004204
CD40449,مسطرة دوش زوجية كروم,كوتارا,TPS-621,مسطرة دوش,431ac3fd-806d-3b31-7433-0f5bf3af56c7,135.000,220.000,t,,310003518
RA20024,"مثلث 25* 1/2"" سن داخلي",فرات,,مثلث,1054307a-87a0-d4d2-fe16-bd905fe6a04b,4.864,10.000,t,,310002587
SA10836,طقم اكسسوار كروم,بن أمور,B.AMOR-CA,طقم اكسسوارات,ac78bb51-d153-70a3-ad89-bdb50a8537eb,135.000,220.000,t,,310004268
RA30044,"ديسكو تنظيف 4"" 100*6.4*16",إيما,A 24 P BF,ديسكو منشار دائري,4db58ef5-0e02-ae07-fc14-5629c40b7689,3.750,8.000,t,,210003459
PS21131,علاقة مناشف كروم,ليسو,WL74,علاقة مناشف,f68c4a72-8eb2-7563-07ad-b344ff9fe960,95.000,180.000,t,,310004634
LG40187,حوض وجه برسلين مشطوف 80 سم,ليسو,A2080D,حوض وجه برسلين,9a9f39af-a0d0-6a64-969d-7baa03e28c4f,300.000,500.000,t,,210004583
ARSB80932,شطاف ظغط مربع مع طوبو ذهبي,توريما,1372-03330-028,شطاف,3f8e1d44-c2e4-cecd-ff29-48dc418eba21,145.000,150.000,t,,310004392
PE30095,ورق سنفرة قماش رقم 60,شركة الغزالة لمواد البناء,,ورق الصنفرة,4db58ef5-0e02-ae07-fc14-5629c40b7689,2.429,6.000,t,,210003556
PS20475,علاقة مناشف زوجية ألمنيوم,سانيتاري ويرز,,علاقة مناشف,0dafba13-51f2-fc5a-eab7-f16d55bcce40,48.000,85.000,t,,210003249
PA30531,سلاح ماكينة,الشركة العالمية للتصدير و الإستيراد,01958,موس فرش والمقص,4db58ef5-0e02-ae07-fc14-5629c40b7689,9.500,20.000,t,,210004047
ARSB80992,كسكاس دوش مربع 250*250 مم مع قصبة دهبي,توريما,1372-BRACSOFF-010,كسكاس دوش,f68c4a72-8eb2-7563-07ad-b344ff9fe960,535.000,800.000,t,,210004487
MT30070,خلاط شطاف كروم,نيوأرك,LOFT 9510410CM,خلاط شطاف,e47ac07e-2763-bc83-6cf2-c39bb577a1f9,125.000,190.000,t,,310002803
PLSA0221,وردة كروم 3/4,سانيتاري ويرز,,وصلة,f68c4a72-8eb2-7563-07ad-b344ff9fe960,2.000,5.000,t,,310003335
AM0944,دولاب حمام -80 سم,بن أمور,G011-80,دولاب حمام,3b74be9f-643f-cd77-2128-39d8b10170c9,400.000,650.000,t,,310004414
ARSB80221,سماعة دوش رصاصي,سانيتاري واير,,سماعة دوش,081276dc-6952-a613-dc62-614b51522ad0,10.000,20.000,t,,310003160
PE30119,ترابنو1500 وات,باورتيك,PT1323,مثقاب كهربائي,4db58ef5-0e02-ae07-fc14-5629c40b7689,285.000,340.000,t,,210003606
LG40197,حوض وجه برسلين مشطوف مع رف 80 سم,ليسو,C2080C,حوض وجه برسلين,9a9f39af-a0d0-6a64-969d-7baa03e28c4f,585.000,950.000,t,,210004593
ML11093,خلاط حوض وجه برنزي,MSLiNO,LY1958B-arch,خلاط حوض وجه,41cf3726-7c18-801f-29b4-95bfba464df9,170.000,260.000,t,,310004596
MD20019,خلاط دوش كروم,نيوأرك,LOFT 921041,خلاط دوش,e47ac07e-2763-bc83-6cf2-c39bb577a1f9,125.000,200.000,t,,310002767
WS10016,مقعد معلق مع صندوق خارجي أبيض,سانيتاري ويرز,2194,مقعد معلق,f68c4a72-8eb2-7563-07ad-b344ff9fe960,570.000,950.000,t,,310002621
EG40150,رف حوض وجه برسلين 80 سم,سانيتاري ويرز,2708,رف حوض وجه برسلين,f68c4a72-8eb2-7563-07ad-b344ff9fe960,185.000,350.000,t,,210003644
PA30461,رأس سخانة بدون ترمستاتة,الشركة العالمية للتصدير و الإستيراد,,أدوات  متعددة الوظائف,4db58ef5-0e02-ae07-fc14-5629c40b7689,29.500,50.000,t,,210003976
ML30593,مرايا حمام مع إضاءة لد دائرية 60*80 سم,سانيتاري ويرز,20011,مراية مضيئة,b254c840-e3dc-aa50-45cc-22c1a82f1d9d,145.000,240.000,t,,310003698
ML10430,خلاط حوض وجه  كروم,سانيتاري ويرز,OM-33,خلاط حوض وجه,b254c840-e3dc-aa50-45cc-22c1a82f1d9d,78.000,140.000,t,,310003498
VS10201,حوض وجه معلق -80 سم,تركواز سيراستايل,SHARP,حوض وجه معلق,3ef761c8-d645-a9c8-47dc-960089e79b35,659.600,930.000,t,,210002908
ARSB80292,"مسكر شطافة ""1/2"" * ""1/2 كروم",سانيتاري ويرز,FIRMER YLN8872,مخرج شطاف,4db58ef5-0e02-ae07-fc14-5629c40b7689,10.500,15.750,t,,310003294
CE10853,سخانة أفقية   50 لتر,اف جي باور,D50-15A3-4791,سخانة,3371605a-058e-4bf1-07a5-d157c54ae58f,705.000,820.000,t,,310004305
MC10094,مجرى 75سم *7 سم أبيض,بيورا,DL-GW-75,مجرى,f9f6d83d-5b9d-2d22-c42a-21b487031fad,360.000,450.000,t,,310003128
ML10752,خلاط حوض وجه اسود,ليسو,YJRU263-B,خلاط حوض وجه,f68c4a72-8eb2-7563-07ad-b344ff9fe960,105.000,180.000,t,,310004090
FAB1089,تصنيع قاعدة برسلين,الشركة العالمية للتصدير و الإستيراد,,التصنيع,174345bc-5f58-c59c-b48a-3f0b5d1ff910,1100.000,1400.000,t,,310004592
LG41018,حوض رخامي كوريان 80سم,سانيتاري واير,PL80-1,حوض وجه برسلين,b254c840-e3dc-aa50-45cc-22c1a82f1d9d,340.000,650.000,t,,310004489
PLSA0394,كوربة حديد 3/4,سانيتاري ويرز,,وصلة,f330aa66-9a8a-90ee-d535-6c68ff14b0de,2.600,8.000,t,,210004841
AASB31106,موزع صابون كروم,ليمكس,208,اكسسوارات,f592fa51-d431-40c9-f38d-39cdf4092eb2,75.000,150.000,t,,310004609
PS20204,علاقة ملابس ثلاثية أسود,سانيتاري ويرز,,علاقة مناشف,7ea09f3f-5446-26a3-c653-90a14ccabc04,73.000,120.000,f,,310003065
PE30376,جبس العز 1كغ,سرسانيت,جبس العز 1كغ,استوك الجدران,e47ac07e-2763-bc83-6cf2-c39bb577a1f9,0.319,2.000,t,,210004172
ARSB80407,شطاف ظغط دائري مع طوبو كروم,I.DOWAS,1114ZC,شطاف,3371605a-058e-4bf1-07a5-d157c54ae58f,40.000,110.000,t,,310003462
EG40940,رف كواريون كوارتز 100سم,سانيتاري ويرز,S-100-4,رف حوض وجه برسلين,b254c840-e3dc-aa50-45cc-22c1a82f1d9d,260.000,500.000,t,,310004066
EL50237,سير ربط 8.8 * 900 مم,الشركة العالمية للتصدير و الإستيراد,,ملحقات الكهرباء,4db58ef5-0e02-ae07-fc14-5629c40b7689,0.345,2.000,t,,210003730
MT30008,خلاط شطاف مع شطاف كروم,سانيتاري ويرز,PURE MOH-42,خلاط شطاف,dc6e5eb0-a2c4-7fc8-161c-528f389f29cc,50.000,100.000,t,,310002747
WP20475,مقعد أرضي ملحوم مربع  أبيض,ب.أمور,SH-8869,مقعد أرضي,56855bde-1190-92a2-afb0-419a9650977f,450.000,700.000,t,,310003545
AECU50762,سيفون حوض المطبخ رأس صغير,اوز بيست,OZBEST,ملحقات أحواض المطابخ,51882a69-3ac9-cde2-37e3-64e2b7daae96,14.500,30.000,t,,310004164
PA30365,كاوية لحام,فندر,,أدوات كهربائية صغيرة,4db58ef5-0e02-ae07-fc14-5629c40b7689,28.000,40.000,t,,210003874
VS10181,حوض وجه معلق أسود,ب.أمور,SH-P128TGL,حوض وجه معلق,56855bde-1190-92a2-afb0-419a9650977f,250.000,360.000,t,,210002885
VS10707,حوض وجه معلق - يسار-60*30سم,تركواز سيراستايل,SHARP,حوض وجه معلق,3ef761c8-d645-a9c8-47dc-960089e79b35,330.000,590.000,t,,310003815
ML10785,خلاط حوض وجه  كروم,سانيتاري ويرز,OM-161,خلاط حوض وجه,b254c840-e3dc-aa50-45cc-22c1a82f1d9d,90.000,160.000,t,,310004126
ALVM50207,رأس سيفوني كروم,دانيال,A735,رأس سيفوني,dc6e5eb0-a2c4-7fc8-161c-528f389f29cc,125.000,170.000,t,,310003068
RFP1999,"فسيبلي "" 1/2 أنثى * ""1/2 أنثى 40سم",توريما,1372-A9D40FF-001,فسيبلي,9a9f39af-a0d0-6a64-969d-7baa03e28c4f,14.500,20.000,t,,310004470
ARSB80899,مثبت خلاط شجرة,سانيتاري ويرز,,ملحقات خلاط,dc6e5eb0-a2c4-7fc8-161c-528f389f29cc,3.750,15.000,t,,210004543
ALVM50035,سيفون حوض الوجه كروم,سانيتاري ويرز,,سيفون حوض الوجه,f68c4a72-8eb2-7563-07ad-b344ff9fe960,49.000,100.000,t,,310002874
PE30118,"منشار حديد 12""",اي بي سي,AC18734,صندوق الأدوات,4db58ef5-0e02-ae07-fc14-5629c40b7689,16.750,30.000,t,,210003585
ARSB81001,شطاف ضغط مربع مع طوبو ذهبي,سانيتاري ويرز,NONAS,شطاف,7ea09f3f-5446-26a3-c653-90a14ccabc04,49.000,110.000,t,,310003082
PE30193,لصقة طلاء 45 مم,الشركة العالمية للتصدير و الإستيراد,,التغطية والحماية,4db58ef5-0e02-ae07-fc14-5629c40b7689,2.639,3.000,t,,210003687
ARSB81070,"مسكر شطافة ""1/2"" * ""1/2 ذهبي",مونتانا س.ل,MT-6104G,مخرج شطاف,51882a69-3ac9-cde2-37e3-64e2b7daae96,39.000,60.000,t,,310004541
RA30385,ديسكو جرانيت 7'' 180 مم,ماركيت,A-08180,ديسكو منشار دائري,4db58ef5-0e02-ae07-fc14-5629c40b7689,12.500,25.000,t,,210003896
ML30831,مرايا حمام مع إضاءة لد-طول 80*60 سم,ديولو,DE 007,مراية مضيئة,b254c840-e3dc-aa50-45cc-22c1a82f1d9d,81.000,150.000,t,,310003952
ML30749,مرايا حمام مع إضاءة لد,سانيتاري ويرز,005,مراية مضيئة,b254c840-e3dc-aa50-45cc-22c1a82f1d9d,100.000,150.000,t,,310004087
MT30417,خلاط شطاف مع شطاف كروم,ليمكس,2439,خلاط شطاف,2b5a299a-8a4f-4338-ee3a-05d76bf1fa29,200.000,300.000,t,,310003472
MD20018,خلاط دوش كروم,نيوأرك,MASTER 187511,خلاط دوش,e47ac07e-2763-bc83-6cf2-c39bb577a1f9,190.000,270.000,t,,310002766
PS20488,علاقة مناشف كروم,سانيتاري ويرز,WL20,علاقة مناشف,f68c4a72-8eb2-7563-07ad-b344ff9fe960,48.000,75.000,t,,310003559
ART0396,سيفون حوض الوجه كروم,سانيتاري ويرز,LY4002,سيفون حوض الوجه,3371605a-058e-4bf1-07a5-d157c54ae58f,78.000,120.000,f,,210004217
AASB30086,صابونية كروم,KBM,4017,اكسسوارات,e47ac07e-2763-bc83-6cf2-c39bb577a1f9,35.000,75.000,t,,310002936
PD20784,حاجز دوش 10 مم اطار كروم مضبب 80 سم,سانيتاري ويرز,LUE80,حاجز دوش,f68c4a72-8eb2-7563-07ad-b344ff9fe960,605.000,900.000,t,,310004195
RA30443,ديسكو ليزري 7'' 1800 مم,الشركة العالمية للتصدير و الإستيراد,,ديسكو منشار دائري,4db58ef5-0e02-ae07-fc14-5629c40b7689,90.000,130.000,t,,210003954
AM0845,حوض وجه مع دولاب حمام -80 سم,سانيتاري ويرز,9615,دولاب حمام,f68c4a72-8eb2-7563-07ad-b344ff9fe960,700.000,1000.000,t,,310003966
PS20063,علاقة ملابس خماسية,فينوس,LI-05,علاقة مناشف,0dafba13-51f2-fc5a-eab7-f16d55bcce40,62.080,90.000,t,,210003523
VS10207,حوض وجه معلق أسود -60سم,ب.أمور,SH-8420-60-B,حوض وجه معلق,56855bde-1190-92a2-afb0-419a9650977f,246.285,500.000,t,,210002916
PE30196,طلاء عاز ل مطاطي اكسترا 11كغ,دهانات البحر المتوسط,دهانات البحر المتوسط,الجدران والسقف,97a5219b-1b5e-6889-0ed3-e1ade17254d5,121.000,130.000,t,,210004565
ARSB80289,"مسكر شطافة ""1/2"" * ""1/2 كروم",TECHNO,bold,مخرج شطاف,4db58ef5-0e02-ae07-fc14-5629c40b7689,4.100,60.000,t,,310003291
LG40371,حوض وجه برسلين مشطوف مع رف 80 سم,رويال,YB14-7,حوض وجه برسلين,60d7d8a2-1083-abe4-d894-b1c7f3235d40,60.000,800.000,t,,210003128
VP20154,حوض وجه فوق الرخام أبيض,سانيماد,BOL CUBO,حوض فوق الرخام,f68c4a72-8eb2-7563-07ad-b344ff9fe960,205.000,300.000,t,,310003230
ML10787,خلاط حوض وجه  كروم,سانيتاري ويرز,OM-32C,خلاط حوض وجه,b254c840-e3dc-aa50-45cc-22c1a82f1d9d,210.000,330.000,t,,310004129
AASB30191,موزع صابون 750 أسود,ونكو,24586100,اكسسوارات,081276dc-6952-a613-dc62-614b51522ad0,35.000,70.000,t,,310003050
LG40980,حوض وجه كواريون مع رف مع مراية 100 سم,ديولو,C-2,حوض وجه برسلين,b254c840-e3dc-aa50-45cc-22c1a82f1d9d,795.000,1300.000,t,,310004450
ML30518,مرايا حمام مع إضاءة لد 50*70 سم اطار اكريلك,سانيتاري ويرز,3.1.20,مراية مضيئة,b254c840-e3dc-aa50-45cc-22c1a82f1d9d,115.000,180.000,t,,310003589
WS10169,مقعد معلق رايملس أسود,ب.أمور,SH-A006-MB,مقعد معلق,56855bde-1190-92a2-afb0-419a9650977f,552.684,800.000,t,,210002873
VS10454,حوض وجه معلق 100 سم,أوركا,NEW ROSE,حوض وجه معلق,fd059421-15b9-e743-662a-d6c4e83bb171,310.000,700.000,t,,210003217
AASB30131,رف زجاجي كروم,بلوميس,AREO,اكسسوارات,081276dc-6952-a613-dc62-614b51522ad0,80.000,130.000,t,,310002980
PE30026,طلاء مائي داخلي 18 كغ أبيض,دهانات المدينة مصراتة,بلاستيكو 2021,الجدران والسقف,4db58ef5-0e02-ae07-fc14-5629c40b7689,94.090,90.000,t,,210003322
CE10571,سخانة 10 لتر,شافوتو,10L,سخانة,261d312b-ca2f-d43a-ee0b-a165e81631b3,615.000,800.000,t,,310003675
ALVM50062,مطول سيفون حوض الوجه كروم,سانيتاري ويرز,,ملحقات أحواض مغاسل,dc6e5eb0-a2c4-7fc8-161c-528f389f29cc,12.500,25.000,t,,210003522
PLSA0403,وردة كروم,فينوس,F48,وصلة,0dafba13-51f2-fc5a-eab7-f16d55bcce40,4.250,10.000,t,,210004868
LG40894,حوض مع رف كواريون كوارتز مع مرايا  60سم بيج,سانيتاري ويرز,S60-4,حوض وجه برسلين,f68c4a72-8eb2-7563-07ad-b344ff9fe960,0.000,0.000,f,,310004113
ARSB80366,سماعة دوش مع طوبو كروم,كوتالي,,سماعة دوش,dc6e5eb0-a2c4-7fc8-161c-528f389f29cc,72.000,100.000,t,,210003122
SI10502,سلكون  280 غرام أبيض المير,المير,48593,سلكون,f330aa66-9a8a-90ee-d535-6c68ff14b0de,7.500,12.000,t,,210005033
AM0339,حوض وجه  دولاب حمام -80 سم,سانيتاري ويرز,8103,دولاب حمام,9a9f39af-a0d0-6a64-969d-7baa03e28c4f,300.000,500.000,t,,210004783
RD30308,حوض قدم مستطيل اكريليك 100*70,ساناكريل,M331,بانيو قدم,e47ac07e-2763-bc83-6cf2-c39bb577a1f9,412.250,580.000,t,,210003045
LG40381,حوض وجه برسلين مع رف 80 سم,رويال,YB03_20,حوض وجه برسلين,60d7d8a2-1083-abe4-d894-b1c7f3235d40,460.000,750.000,t,,210003138
ARSB80399,سماعة دوش مع طوبو ذهبي,ليمكس,LY2189S-Gold,سماعة دوش,f592fa51-d431-40c9-f38d-39cdf4092eb2,195.000,300.000,t,,310002900
AASB30428,رف زاوية زوجي اسود,ليسو,wl26/wl5,اكسسوارات,9a9f39af-a0d0-6a64-969d-7baa03e28c4f,88.000,160.000,t,,210004933
ARSB80765,وصلة مسطرة دوش30سم,DOUS,DS 06-213,طوبو دوش,4db58ef5-0e02-ae07-fc14-5629c40b7689,7.500,25.000,t,,310004165
EL10932,حوض مطبخ ستانلس ستيل تحت الرخامة 304 75*44 سم,أسيل,AS237DRAWN,حوض مطبخ ستانلس ستيل,b254c840-e3dc-aa50-45cc-22c1a82f1d9d,450.000,680.000,t,,310004402
PS20152,علاقة ملابس خماسية دوران,سانيتاري ويرز,,علاقة مناشف,dc6e5eb0-a2c4-7fc8-161c-528f389f29cc,39.000,100.000,t,,210004535
ARSB80658,شطاف ظغط مربع مع طوبو أسود,بن أمور,,شطاف,ac78bb51-d153-70a3-ad89-bdb50a8537eb,40.000,70.000,t,,310003766
MI10031,مراية تجميل مكبرة,سانيتاري ويرز,,مراية,0dafba13-51f2-fc5a-eab7-f16d55bcce40,73.000,110.000,t,,210003451
ARSB80931,شطاف ظغط دائري كلاسيكي مع طوبو كروم,توريما,1372-03329-011,شطاف,3f8e1d44-c2e4-cecd-ff29-48dc418eba21,120.000,220.000,t,,310004391
PA30557,فيتي 3.5 * 40 (100غ),الشركة العالمية للتصدير و الإستيراد,,برغي,4db58ef5-0e02-ae07-fc14-5629c40b7689,1.389,5.000,t,,210004074
ARSB80453,كسكاس دوش دائري 300 مم كروم,فينوس,UTR12,كسكاس دوش,0dafba13-51f2-fc5a-eab7-f16d55bcce40,75.660,140.000,t,,210004866
VS10841,حوض وجه معلق -80 سم,سانيتاري واير,9938,حوض وجه معلق,f68c4a72-8eb2-7563-07ad-b344ff9fe960,350.000,700.000,t,,310004284
ARSB80058,كسكاس دوش دائري 200 مم كروم,فينوس,UTR8,كسكاس دوش,0dafba13-51f2-fc5a-eab7-f16d55bcce40,37.000,70.000,t,,210002788
MA20017,خلاط حوض المطبخ سحاب كروم,توريما,MOLLA 1785011-T40,خلاط حوض المطبخ سحاب,3f8e1d44-c2e4-cecd-ff29-48dc418eba21,495.000,720.000,t,,310002670
ALVM50403,سيفون حوض الوجه كروم,فينوس,BS32C,سيفون حوض الوجه,0dafba13-51f2-fc5a-eab7-f16d55bcce40,154.230,220.000,t,,210003160
ARSB80249,مخرج شطاف مع علاق أسود,سانيتاري ويرز,,مخرج شطاف,dc6e5eb0-a2c4-7fc8-161c-528f389f29cc,17.500,40.000,t,,310003030
RA30254,رأس غاز ظغط,الشركة العالمية للتصدير و الإستيراد,HRP-105,أدوات  متعددة الوظائف,4db58ef5-0e02-ae07-fc14-5629c40b7689,33.500,50.000,t,,210003747
ML30592,مرايا حمام مع إضاءة لد مربعة 60*80سم,سانيتاري ويرز,20010,مراية مضيئة,b254c840-e3dc-aa50-45cc-22c1a82f1d9d,145.000,240.000,t,,310003696
ML30286,مرايا حمام مع إضاءة لد مع اطار أبيض 80*60 سم,سانيتاري ويرز,,مراية مضيئة,f68c4a72-8eb2-7563-07ad-b344ff9fe960,145.000,210.000,t,,210003018
ARSB80150,مصب حوض وجه 22 سم كروم,توريما,0329111-T40,مصب حوض,3f8e1d44-c2e4-cecd-ff29-48dc418eba21,250.000,400.000,t,,210002854
ARSB80769,رشاش دوش أسود,فيدار,,كسكاس دوش,dc6e5eb0-a2c4-7fc8-161c-528f389f29cc,38.500,70.000,t,,310003879
ARSB80278,مخرج شطاف مع علاق كروم,شيزا,48593,مخرج شطاف,9a9f39af-a0d0-6a64-969d-7baa03e28c4f,38.000,85.000,t,,210004610
VS10011,حوض وجه معلق أبيض 35 سم,كورنات,3500,حوض وجه معلق,081276dc-6952-a613-dc62-614b51522ad0,75.000,150.000,t,,310002613
ARSB80030,شطاف ظغط دائري مع طوبو كروم,توريما,1372-018,شطاف,3f8e1d44-c2e4-cecd-ff29-48dc418eba21,110.000,180.000,t,,310002646
ARSB80490,كسكاس دوش مربع 250*250 مم كروم,ليسو,SIZE-10,كسكاس دوش,9a9f39af-a0d0-6a64-969d-7baa03e28c4f,65.000,120.000,t,,210004561
RA30026,"واي 4"" 45°",الرطيل,جي أم GM,مثلث,4db58ef5-0e02-ae07-fc14-5629c40b7689,34.000,33.000,t,,210003433
AECU50205,سيفون حوض المطبخ,اعتماد,,ملحقات أحواض المطابخ,4db58ef5-0e02-ae07-fc14-5629c40b7689,10.500,25.000,t,,210002913
AASB30666,حاملة ورق ناعم أسود,بضائع أوروبية,,اكسسوارات,081276dc-6952-a613-dc62-614b51522ad0,10.000,60.000,t,,310003243
CC10341,كولة خشب 4 كغ,بنتكول,B 105,كولة بلاط أرضيات,e47ac07e-2763-bc83-6cf2-c39bb577a1f9,52.500,50.000,t,,210003841
PD20920,حاجز دوش 8 مم  مضبب60  سم,سانيتاري ويرز,PF40-16,حاجز دوش,b254c840-e3dc-aa50-45cc-22c1a82f1d9d,360.000,540.000,t,,310004044
AASB30138,حاملة فرشاة أسنان أسود,ديكسا,1704.S,اكسسوارات,ff3ad10c-136f-2eb9-510b-510058532e8d,60.000,100.000,t,,310002987
PS20734,علاقة ملابس صبعين كروم,سانيتاري ويرز,WL20,علاقة مناشف,f68c4a72-8eb2-7563-07ad-b344ff9fe960,19.000,40.000,t,,310004071
PLSA0555,مطول 1/2*40 مم كروم,سانيتاري ويرز,,وصلة,3371605a-058e-4bf1-07a5-d157c54ae58f,27.000,40.000,t,,210005090
PA30420,حبل نشر 2.5 مم 10 متر,الشركة العالمية للتصدير و الإستيراد,,خيط، حبل,4db58ef5-0e02-ae07-fc14-5629c40b7689,1.500,5.000,t,,210003931
PA30460,رأس سخانة بدون ترمستاتة,الشركة العالمية للتصدير و الإستيراد,,أدوات  متعددة الوظائف,4db58ef5-0e02-ae07-fc14-5629c40b7689,29.500,50.000,t,,210003975
PLSA0287,وردة ذهبي,سانيتاري ويرز,,وصلة,f68c4a72-8eb2-7563-07ad-b344ff9fe960,2.000,5.000,t,,210003784
VS10801,حوض وجه معلق -90 سم,سانيتاري واير,9932,حوض وجه معلق,f68c4a72-8eb2-7563-07ad-b344ff9fe960,450.000,700.000,t,,310004221
RA30010,"كوربة 4"" 45°",الرطيل,جي أم GM,كوع - كوربة,4db58ef5-0e02-ae07-fc14-5629c40b7689,13.344,20.000,t,,210003402
AASB30039,مجفف شعر أسود,جي اف مارك,882X,اكسسوارات,60d7d8a2-1083-abe4-d894-b1c7f3235d40,90.000,170.000,t,,310002908
ARSB80937,قصبة دوش سقفية  40 سم كروم,ليسو,JR031-99,قصبة دوش,f68c4a72-8eb2-7563-07ad-b344ff9fe960,50.000,100.000,t,,310004063
AASB30068,حاملة فرشاة أسنان زوجية كروم,ونكو,BOSIO SHINE,اكسسوارات,081276dc-6952-a613-dc62-614b51522ad0,33.750,60.000,t,,310002926
PD20435,حاجز دوش 10 مم اطار كروم مضبب100  سم,ليسو,ZW003,حاجز دوش,f68c4a72-8eb2-7563-07ad-b344ff9fe960,510.000,725.000,t,,210003196
ARSB80252,شطاف ظغط مع طوبو مع مخرج كروم,PAINI,51CR133IG2,شطاف,95a6cd40-9663-6e5a-2d2b-82c8a97852fc,108.000,200.000,t,,310003323
PE30371,فوم 750 غرام,بولبو,PF480,المواد اللاصقة و العازلة,e47ac07e-2763-bc83-6cf2-c39bb577a1f9,16.000,20.000,t,,210004167
PE30201,"سكينة تغليف 2""",اي بي سي,AC70024,أدوات,4db58ef5-0e02-ae07-fc14-5629c40b7689,2.350,5.000,t,,210003695
AM0354,حوض وجه  دولاب حمام -80 سم,سانيتاري ويرز,8112,دولاب حمام,9a9f39af-a0d0-6a64-969d-7baa03e28c4f,300.000,500.000,t,,210004798
AECU50891,راجع سيفون حوض مطبخ مربع,,,ملحقات أحواض المطابخ,eaec4caa-2cd8-a5a0-0ace-817c235e4ecc,5.000,10.000,t,,310004345
PLSA0235,"كوربة أنثى ""1/2 كروم",سانيتاري ويرز,,وصلة,4db58ef5-0e02-ae07-fc14-5629c40b7689,9.500,20.000,t,,210002953
RFP11000,"فسيبلي "" 1/2 أنثى * ""1/2 أنثى 50سم",توريما,1372-A9D50FF-001,فسيبلي,f68c4a72-8eb2-7563-07ad-b344ff9fe960,15.500,25.000,t,,310004471
ARSB80070,شطاف ظغط مع طوبو كروم,ميبت,VIVA,شطاف,0dafba13-51f2-fc5a-eab7-f16d55bcce40,42.000,75.000,t,,210002666
ARSB80170,سماعة دوش مع طوبو كروم,سانيتاري ويرز,MAF ELSEAH,سماعة دوش,2e234c5a-ae37-77f1-3c02-d40e664e7d50,45.000,100.000,t,,310002825
ARSB80077,شطاف ظغط دائري مع طوبو ذهبي,"فليكس توب, س.ل",,شطاف,5ab52856-ad90-444c-7e94-fd714235d708,45.000,80.000,t,,210002673
AB10840,خزانة حمام أبيض,سانيتاري ويرز,1528,خزانة حمام,f68c4a72-8eb2-7563-07ad-b344ff9fe960,150.000,250.000,t,,310004276
ML30753,مرايا حمام مع إضاءة لد مع بخاراطار ذهبي 70سم,KBM,55B,مراية مضيئة,e47ac07e-2763-bc83-6cf2-c39bb577a1f9,160.000,250.000,t,,310003374
PE30045,طلاء زيتي 700 غ رصاصي لامع,دهانات المدينة مصراتة,طلاء زيتي,الحديد,4db58ef5-0e02-ae07-fc14-5629c40b7689,15.000,20.000,t,,210003364
EG30192,حوض مطبخ جرانيت أسود 80*50,سانيبال,سالسا,حوض مطبخ جرانيت,e47ac07e-2763-bc83-6cf2-c39bb577a1f9,445.000,590.000,t,,310003285
MC10089,مجرى 60سم *7 سم كروم,بيورا,DL-06-60,مجرى,f9f6d83d-5b9d-2d22-c42a-21b487031fad,160.000,280.000,t,,310003122
PE30157,منجل,الشركة العالمية للتصدير و الإستيراد,,منجل,4db58ef5-0e02-ae07-fc14-5629c40b7689,16.500,25.000,t,,210003651
WP20162,مقعد أرضي ملحوم ذهبي رخامي,ب.أمور,SH-295-MGL,مقعد أرضي,56855bde-1190-92a2-afb0-419a9650977f,642.000,880.000,t,,210002866
AASB30043,رف زجاجي كروم,فينوس,BA710,اكسسوارات,0dafba13-51f2-fc5a-eab7-f16d55bcce40,73.000,110.000,t,,210003480
PE30121,"صاروخ 4.5"" 600 وات",كراون,CT13003,صاروخ,4db58ef5-0e02-ae07-fc14-5629c40b7689,165.000,220.000,t,,210003608
VS10792,حوض وجه معلق بالعلاقة-80 سم,ليسو,193-80,حوض وجه معلق,f68c4a72-8eb2-7563-07ad-b344ff9fe960,550.000,800.000,t,,310004211
MC10062,مجرى 50 سم *6 سم كروم,ستار سانيتار,IZMIR,مجرى,20684c48-6ec2-3cd4-8b05-9a431b0201bb,61.500,100.000,t,,310003092
AM40270,مراية حمام بالدولاب أبيض منقط  -80 سم,أرسين,,مراية دولاب,e47ac07e-2763-bc83-6cf2-c39bb577a1f9,175.000,250.000,t,,210002999
ME10684,خلاط حوض المطبخ شجرة كروم,فولنا,VO8015,خلاط حوض المطبخ شجرة,504b00e0-ee7e-b901-3cf5-426a8de78bc7,95.000,150.000,t,,310003792
RO10141,مسكر زاوية  ''1/2 * ''1/2 ذهبي,فيدار,,حنفية,9a9f39af-a0d0-6a64-969d-7baa03e28c4f,25.000,40.000,t,,210004521
LG40380,حوض وجه برسلين مشطوف مع رف 80 سم,رويال,YB14-10,حوض وجه برسلين,60d7d8a2-1083-abe4-d894-b1c7f3235d40,560.000,800.000,t,,210003137
ATWC50184,رجسترو مقعد أرضي مائل 7 سم,سانيتاري ويرز,,ملحقات مقاعد,4db58ef5-0e02-ae07-fc14-5629c40b7689,12.500,20.000,t,,310003277
ALVM50201,سيفون حوض الوجه,اعتماد,,سيفون حوض الوجه,4db58ef5-0e02-ae07-fc14-5629c40b7689,4.750,10.000,t,,210002909
RA30033,"وصلة 2""",الرطيل,جي أم GM,وصلة,1054307a-87a0-d4d2-fe16-bd905fe6a04b,1.950,5.000,t,,210003445
LG40001,حوض وجه برسلين مشطوف مع رف 80 سم,رويال,YB14-6,حوض وجه برسلين,60d7d8a2-1083-abe4-d894-b1c7f3235d40,560.000,800.000,t,,210003110
MD20438,خلاط دوش كروم,تركارت,KRIPTO,خلاط دوش,c0faf038-b788-4ed3-15e1-cb4edf3f56f1,198.270,310.000,t,,310003507
AASB31087,صابونية كروم,بن أمور,B.AMOR-CA,اكسسوارات,ac78bb51-d153-70a3-ad89-bdb50a8537eb,15.000,50.000,t,,310004590
VE30152,حوض وجه تحت الرخام أبيض -50سم,ايجا فتريفاي,PINARA 91551001,حوض تحت الرخام,e47ac07e-2763-bc83-6cf2-c39bb577a1f9,117.000,180.000,t,,310003228
ARSB80063,كسكاس دوش دائري 300 مم كروم,ستورم,MSR1230,كسكاس دوش,5ab52856-ad90-444c-7e94-fd714235d708,88.000,150.000,t,,210002793
ALVM50208,مولة عمود حوض الوجه,سانيتاري ويرز,,ملحقات أحواض مغاسل,dc6e5eb0-a2c4-7fc8-161c-528f389f29cc,2.750,4.125,t,,310003318
PE30103,صندوق عدة حديد 53 سم,اي بي سي,AC16530,صندوق الأدوات,4db58ef5-0e02-ae07-fc14-5629c40b7689,60.000,85.000,t,,210003569
MA20147,خلاط حوض المطبخ سحاب أسود,سانيتاري ويرز,1002,خلاط حوض المطبخ سحاب,dc6e5eb0-a2c4-7fc8-161c-528f389f29cc,95.500,150.000,t,,210004527
ARSB80299,"مسكر شطافة ""1/2"" * ""1/2 كروم",ام سي بولو,MAV30102,مخرج شطاف,4db58ef5-0e02-ae07-fc14-5629c40b7689,13.750,25.000,t,,310003298
PA30537,"اسطافة 3/4"" (2 قطع)",الشركة العالمية للتصدير و الإستيراد,,تشكيلة من التثبيتات,4db58ef5-0e02-ae07-fc14-5629c40b7689,3.800,3.000,t,,210004053
AASB30831,سلة قمامة كروم معلقة 5 لتر,بن أمور,مجموعة بن عمر,اكسسوارات,ac78bb51-d153-70a3-ad89-bdb50a8537eb,95.000,180.000,t,,310004263
ARSB80784,طوبو دوش 200سم كروم,بضائع أوروبية,Wilko 2m,طوبو دوش,081276dc-6952-a613-dc62-614b51522ad0,20.000,50.000,t,,310003895
ADOU50323,كروم M3/4'' M1/2''  M1/2'' محول مسطرة دوش,فينوس,NO. 13,ملحقات دوش,0dafba13-51f2-fc5a-eab7-f16d55bcce40,19.000,40.000,t,,210003066
PD20786,حاجز دوش 10مم اطار كروم مضبب 90 سم,سانيتاري ويرز,LUE90,حاجز دوش,f68c4a72-8eb2-7563-07ad-b344ff9fe960,620.000,940.000,t,,310004196
AASB30547,رف زاوية كروم,بريمكس,117-2,اكسسوارات,0dafba13-51f2-fc5a-eab7-f16d55bcce40,114.700,190.000,t,,210005082
RA20079,"25 * 1/2"" *  10  قاعدة خلاط",فرات,بي بي ر - PPR,كوع - كوربة,1054307a-87a0-d4d2-fe16-bd905fe6a04b,9.800,20.000,t,,210004234
ART0016,طوبو دوش 200سم كروم,فينوس,SH-200,طوبو دوش,0dafba13-51f2-fc5a-eab7-f16d55bcce40,31.000,55.000,t,,210004327
PA30233,دليل باب سحاب,الشركة العالمية للتصدير و الإستيراد,,ملحقات معدات الباب,4db58ef5-0e02-ae07-fc14-5629c40b7689,6.750,15.000,t,,210003726
AM0349,حوض وجه  دولاب حمام -80 سم,سانيتاري ويرز,8109,دولاب حمام,9a9f39af-a0d0-6a64-969d-7baa03e28c4f,300.000,500.000,t,,210004793
AM0941,دولاب حمام -80 سم,بن أمور,G009-80,دولاب حمام,3b74be9f-643f-cd77-2128-39d8b10170c9,400.000,650.000,t,,310004411
AASB30303,صابونية كروم,ليسو,JR031-2,اكسسوارات,f68c4a72-8eb2-7563-07ad-b344ff9fe960,45.000,90.000,t,,210003800
LG40795,حوض كواريون كوارتزأبيض 60سم,سانيتاري واير,S-60-1,حوض وجه برسلين,dc6e5eb0-a2c4-7fc8-161c-528f389f29cc,450.000,750.000,t,,310004214
AASB30166,رف زاوية  اسود,بضائع أوروبية,,اكسسوارات,081276dc-6952-a613-dc62-614b51522ad0,15.000,45.000,t,,310003242
AASB30408,حاملة فوط كروم,فينوس,IRIS02,اكسسوارات,0dafba13-51f2-fc5a-eab7-f16d55bcce40,75.660,120.000,t,,210004873
MA20895,خلاط حوض المطبخ سحاب أسود,سانيتاري ويرز,WL16,خلاط حوض المطبخ سحاب,f68c4a72-8eb2-7563-07ad-b344ff9fe960,230.000,350.000,t,,310004016
PE30211,غيار روله صينيه 10سم,الشركة العالمية للتصدير و الإستيراد,2100,فرشة طلاء,1feb71a5-1d49-b1e4-f571-cf039a9a809d,0.550,3.000,t,,210004615
PD20888,حاجز دوش 80* 190 سم8 مم أسود,سانيتاري ويرز,PF-40-12/80,حاجز دوش,b254c840-e3dc-aa50-45cc-22c1a82f1d9d,420.000,650.000,t,,310004035
ARSB80818,شطاف ظغط دائري مع طوبو كروم,توريما,1372-01400-002,شطاف,3f8e1d44-c2e4-cecd-ff29-48dc418eba21,42.000,80.000,t,,310003936
PE30022,زمالطو  2.5 كغ أسود لامع,دهانات المدينة مصراتة,,الحديد,4db58ef5-0e02-ae07-fc14-5629c40b7689,44.000,75.000,t,,210003318
MA20921,خلاط حوض المطبخ سحاب كروم مطفي,بن أمور,B.AMOR034,خلاط حوض المطبخ سحاب,f3749abe-ab61-138e-bb47-655f16ecc625,160.000,270.000,t,,310004382
AASB30054,حاملة منظفات كروم,KBM,S-106,اكسسوارات,e47ac07e-2763-bc83-6cf2-c39bb577a1f9,50.000,80.000,t,,310002917
ART0746,مرايا حمام مع إضاءة لد,سانيتاري ويرز,041,مراية مضيئة,b254c840-e3dc-aa50-45cc-22c1a82f1d9d,100.000,150.000,t,,310004083
SI10136,سلكون  280 غرام شفاف التاج,التاج,48593,سلكون,b907b80a-1272-6c41-14b7-dc0946e8d72a,8.250,15.000,t,,210004297
ARSB80277,"مسكر شطافة ""1/2"" * ""1/2 كروم",VA,C147486,مخرج شطاف,dd2fc8ac-5717-c00a-07b0-627c341c4a46,23.500,40.000,t,,210004698
VS10223,حوض وجه سداسي مع عمود أرضي أبيض,ب.أمور,SH-501,حوض وجه معلق,56855bde-1190-92a2-afb0-419a9650977f,195.000,410.000,t,,210002938
AB10144,خزانة حمام خشبي,سانيتاري ويرز,SPOTTED LIGHT,خزانة حمام,e47ac07e-2763-bc83-6cf2-c39bb577a1f9,200.000,300.000,t,,310003220
PA30267,مفتاح إنجليزي رقم 10,فندر,,مفك البراغي يدوي,4db58ef5-0e02-ae07-fc14-5629c40b7689,13.500,25.000,t,,210003764
MA20911,خلاط حوض المطبخ سحاب رصاصي,بن أمور,B.AMOR028,خلاط حوض المطبخ سحاب,f3749abe-ab61-138e-bb47-655f16ecc625,315.000,470.000,t,,310004372
VS10112,حوض وجه معلق -80 سم,تركواز سيراستايل,BLUE,حوض وجه معلق,3ef761c8-d645-a9c8-47dc-960089e79b35,310.000,450.000,t,,310003187
ALVM50026,سيفون حوض الوجه كروم,سانيتاري ويرز,VALMO SG 2978-23,سيفون حوض الوجه,51882a69-3ac9-cde2-37e3-64e2b7daae96,48.111,100.000,t,,310002864
ATWC50261,زر بتارية مقعد,سانيتاري ويرز,,ملحقات مقاعد,dc6e5eb0-a2c4-7fc8-161c-528f389f29cc,6.500,10.000,t,,210002984
AM40697,مراية دولاب حمام 80 سم,بن أمور,203C-80,مراية دولاب,ac78bb51-d153-70a3-ad89-bdb50a8537eb,250.000,420.000,t,,310003805
ARSB80405,يد شطاف كروم,سانيتاري ويرز,FLEXITUB. S.L,يد شطاف,4db58ef5-0e02-ae07-fc14-5629c40b7689,9.750,14.625,t,,310003319
SA10814,طقم اكسسوار كروم,دودوس,,طقم اكسسوارات,51882a69-3ac9-cde2-37e3-64e2b7daae96,145.000,250.000,t,,310003932
ASCA60288,ستريتشة 2.44 متر,الشركة العالمية للتصدير و الإستيراد,,ستريتشة,193a3d2d-d39f-6712-72cb-c5f247087645,30.000,75.000,t,,210003785
ML30765,مرايا حمام ضد البخار مع إضاءة لد 60*60 سم,سانيتاري ويرز,1432,مراية مضيئة,f68c4a72-8eb2-7563-07ad-b344ff9fe960,120.000,200.000,t,,310003875
AM0778,حوض وجه مع دولاب حمام مع خزانة مع مراية -60 سم,سانيتاري ويرز,005,دولاب حمام,b254c840-e3dc-aa50-45cc-22c1a82f1d9d,100.000,1560.000,t,,310004119
CD40110,مسطرة دوش زوجية كروم,سلفيرمكس,,مسطرة دوش,f68c4a72-8eb2-7563-07ad-b344ff9fe960,110.000,190.000,t,,210002706
PA30016,مفتاح بيبة رقم15مم,الشركة العالمية للتصدير و الإستيراد,AC18693,مفاتيح,4db58ef5-0e02-ae07-fc14-5629c40b7689,6.500,12.000,t,,210004372
AASB30344,فرشاة تنظيف مرحاض كروم,ليسو,BS-11,اكسسوارات,f68c4a72-8eb2-7563-07ad-b344ff9fe960,70.000,110.000,t,,210003848
ML30377,مرايا حمام مع إضاءة لد دائرية مع اطار 60سم,سانيتاري ويرز,MB60,مراية مضيئة,f68c4a72-8eb2-7563-07ad-b344ff9fe960,165.000,270.000,t,,210004200
CD40808,مسطرة دوش زوجية كروم,فينوس,TOP3303,مسطرة دوش,0dafba13-51f2-fc5a-eab7-f16d55bcce40,221.625,350.000,t,,310003429
PA30161,خباشة,الشركة العالمية للتصدير و الإستيراد,,خباشة,4db58ef5-0e02-ae07-fc14-5629c40b7689,15.500,22.000,t,,210003655
SA10837,طقم اكسسوار كروم,بن أمور,B.AMOR-CI,طقم اكسسوارات,ac78bb51-d153-70a3-ad89-bdb50a8537eb,150.000,250.000,t,,310004269
LG40390,حوض وجه برسلين مع رف 65 سم,رويال,YB036_7,حوض وجه برسلين,60d7d8a2-1083-abe4-d894-b1c7f3235d40,460.000,750.000,t,,210003147
AASB30048,صابونية كروم,ليسو,JR031-1,اكسسوارات,f68c4a72-8eb2-7563-07ad-b344ff9fe960,65.000,90.000,t,,310002914
MLE40284,خلاط حوض وجه مدفون مع مَصَب كروم,ARB,KILI002LYC00,خلاط حوض وجه مدفون,dd2fc8ac-5717-c00a-07b0-627c341c4a46,560.500,850.000,t,,210004705
RFP1374,"فسيبلي "" 1/2 أنثى * ""1/2 أنثى 30سم",توريما,ايطالي,فسيبلي,9a9f39af-a0d0-6a64-969d-7baa03e28c4f,10.750,20.000,t,,210004819
ALVM50482,سيفون حوض الوجه ذهبي,سانيتاري واير,OM1-12-10,سيفون حوض الوجه,9a9f39af-a0d0-6a64-969d-7baa03e28c4f,85.000,150.000,t,,210004861
RFP1543,"فسيبلي خلاط مطبخ شجرة (2طرف) ""1/2أنثى 60سم",ستار سانيتار,,فسيبلي,f330aa66-9a8a-90ee-d535-6c68ff14b0de,8.250,25.000,t,,210005077
PD20438,حاجز 10 مم اطار دهبي 80 سم,ليسو,ZW-001G,حاجز دوش,f68c4a72-8eb2-7563-07ad-b344ff9fe960,475.000,700.000,t,,210003199
EG30246,حوض مطبخ جرانيت أبيض 70*50,سانيبال,رودا,حوض مطبخ جرانيت,e47ac07e-2763-bc83-6cf2-c39bb577a1f9,300.000,450.000,t,,210002966
RD30678,حوض قدم مستطيل شريحة 100*80سم,سانيبال,غلاكسيت,بانيو قدم,e47ac07e-2763-bc83-6cf2-c39bb577a1f9,775.000,1000.000,t,,310003786
SA10185,طقم اكسسوار كروم,شيزا,49132,طقم اكسسوارات,3f8e1d44-c2e4-cecd-ff29-48dc418eba21,355.000,530.000,t,,310003044
ML10000,خلاط حوض وجه كروم,توريما,BLOG 8G33011-093,خلاط حوض وجه,3f8e1d44-c2e4-cecd-ff29-48dc418eba21,490.000,650.000,t,,210002584
RA20597,"فلفلة باب  1"" سن داخلي",الشركة العالمية للتصدير و الإستيراد,,مثلث,1054307a-87a0-d4d2-fe16-bd905fe6a04b,29.000,60.000,t,,210004115
ARSB80097,مصب دوش بدون تحويلة كروم,بريمكس,J008D,مصب دوش,0dafba13-51f2-fc5a-eab7-f16d55bcce40,58.000,100.000,t,,210002802
ARSB80200,طوبو دوش 150سم كروم,دانيال,A505X150S,طوبو دوش,dd2fc8ac-5717-c00a-07b0-627c341c4a46,32.000,60.000,t,,310002723
ML30835,مرايا حمام ضد البخار مع إضاءة لد 60*80 سم,سانيتاري ويرز,4007 دولاب,مراية مضيئة,f68c4a72-8eb2-7563-07ad-b344ff9fe960,105.000,170.000,t,,310003956
ARSB80284,كسكاس دوش مربع 200*200 مم كروم,رايمر,,كسكاس دوش,f68c4a72-8eb2-7563-07ad-b344ff9fe960,40.000,100.000,t,,310002845
PE30492,طلاء عاز ل مطاطي  15 كغ اكسترا,الواحة,العازل,الجدران والسقف,f330aa66-9a8a-90ee-d535-6c68ff14b0de,201.600,225.000,t,,210004999
AASB30087,حاملة فرشاة أسنان كروم,KBM,4015,اكسسوارات,e47ac07e-2763-bc83-6cf2-c39bb577a1f9,35.000,75.000,t,,310002937
ARSB80387,كسكاس دوش مربع 240*240 مم مع قصبة أبيض,سانيتاري ويرز,VS-4816,كسكاس دوش,51882a69-3ac9-cde2-37e3-64e2b7daae96,72.000,140.000,t,,310002849
SC10167,بوكس مربع  190*120*90 سم كروم,تركي,,بوكس حمام,e47ac07e-2763-bc83-6cf2-c39bb577a1f9,684.072,1080.000,t,,210004553
PD20443,حاجز دوش 8 مم سلفر كروم 80 سم,سانيتاري ويرز,AS 002,حاجز دوش,e47ac07e-2763-bc83-6cf2-c39bb577a1f9,470.000,650.000,t,,210003204
BAI10051,حوض استحمام بانيو 120*80*53 سم,ساناكريل,A281,حوض استحمام,e47ac07e-2763-bc83-6cf2-c39bb577a1f9,1049.861,1490.000,t,,310003077
LG40374,حوض وجه برسلين 80 سم,رويال,2716,حوض وجه برسلين,f68c4a72-8eb2-7563-07ad-b344ff9fe960,400.000,600.000,t,,210004158
AASB30517,حاملة ورق منظف كلينكس,ليسو,2698,اكسسوارات,9a9f39af-a0d0-6a64-969d-7baa03e28c4f,38.000,110.000,t,,210005050
SA10651,طقم اكسسوار ذهبي,بن أمور,,طقم اكسسوارات,ac78bb51-d153-70a3-ad89-bdb50a8537eb,170.000,280.000,t,,310003759
MC10271,مجرى 60 سم *7 سم كروم,فيها,,مجرى,3371605a-058e-4bf1-07a5-d157c54ae58f,79.000,145.000,t,,210002998
BAI10582,حوض استحمام بانيو برشلونة 190*90سم,الطيب,برشلونة,حوض استحمام,f9f6d83d-5b9d-2d22-c42a-21b487031fad,2350.000,2900.000,t,,310003686
AASB30024,حامل منضفات كروم,بضائع أوروبية,SINI,اكسسوارات,081276dc-6952-a613-dc62-614b51522ad0,13.000,50.000,t,,210003439
ELC1413,"مطول كهرباء 4مدخل 5متر
",الشركة العالمية للتصدير و الإستيراد,,الأسلاك والكابلات,f330aa66-9a8a-90ee-d535-6c68ff14b0de,30.500,50.000,t,,210004916
MA20031,خلاط حوض المطبخ سحاب أسود,سانيتاري ويرز,,خلاط حوض المطبخ سحاب,081276dc-6952-a613-dc62-614b51522ad0,168.000,370.000,t,,210002761
EG30253,حوض مطبخ جرانيت رصاصي محبب 80*50,سانيبال,فلورا,حوض مطبخ جرانيت,e47ac07e-2763-bc83-6cf2-c39bb577a1f9,340.000,520.000,t,,210002975
ML10994,خلاط حوض وجه كروم,أيولي,KREO,خلاط حوض وجه,e2471349-f041-76d6-af3b-07b14234b9a8,350.000,525.000,t,,310004464
PS20547,علاقة مناشف زوجية كروم,سانيتاري ويرز,05,علاقة مناشف,f68c4a72-8eb2-7563-07ad-b344ff9fe960,15.000,80.000,t,,310003619
RA30053,طوبو رش 3/4 50 متر,التوفيق,,طوبو رش,4db58ef5-0e02-ae07-fc14-5629c40b7689,115.000,140.000,t,,210003487
MD20007,خلاط دوش أسود,نابولي,Z-9003N BK,خلاط دوش,b3c3c120-ea64-9a00-f068-5896d8f5926d,86.000,170.000,t,,210002646
PA30613,تل ربط مجلفن (2 كغ),الشركة العالمية للتصدير و الإستيراد,,خيط، حبل,4db58ef5-0e02-ae07-fc14-5629c40b7689,14.500,25.000,t,,210004131
PE30486,غطاء شفاط خارجي 6*15سم,ABM,L20,مثقاب كهربائي,dc6e5eb0-a2c4-7fc8-161c-528f389f29cc,22.500,40.000,t,,210005017
ARSB80450,سماعة دوش مع طوبواسود,مونتانا س.ل,MT-4101B,سماعة دوش,2e234c5a-ae37-77f1-3c02-d40e664e7d50,150.000,250.000,t,,210004599
PLSA0238,وردة كروم 1/2,MYVEN,ITALY,وصلة,7ea09f3f-5446-26a3-c653-90a14ccabc04,0.820,1.200,t,,310003347
MA20005,خلاط حوض المطبخ سحاب أسود-كروم,جي اف مارك,8005D,خلاط حوض المطبخ سحاب,60d7d8a2-1083-abe4-d894-b1c7f3235d40,340.000,500.000,t,,310002739
PA30553,فيتي 3.5 * 20 (100غ),الشركة العالمية للتصدير و الإستيراد,,برغي,4db58ef5-0e02-ae07-fc14-5629c40b7689,1.389,5.000,t,,210004070
ARSB88531,وصلة مسطرة دوش30سم,استرا,,طوبو دوش,9a9f39af-a0d0-6a64-969d-7baa03e28c4f,10.000,25.000,t,,210004938
VP20118,حوض وجه فوق الرخام 100 سم أبيض,سانيتاري ويرز,9126G,حوض فوق الرخام,f68c4a72-8eb2-7563-07ad-b344ff9fe960,200.000,350.000,t,,210004279
WP20809,مقعد أرضي أبيض,ايجا فتريفاي,LIKYA-12000,مقعد أرضي,e47ac07e-2763-bc83-6cf2-c39bb577a1f9,300.000,611.250,t,,310003430
ML10663,خلاط حوض وجه كروم,فينوس,CAMRY-C,خلاط حوض وجه,0dafba13-51f2-fc5a-eab7-f16d55bcce40,143.000,250.000,t,,310003771
MD20059,خلاط دوش كروم,سانيتاري ويرز,AIHOM CZ445003CP,خلاط دوش,081276dc-6952-a613-dc62-614b51522ad0,200.000,290.000,t,,310002805
ATWC50210,مثبت غطاء مقعد جانبي,سانيتاري ويرز,,ملحقات مقاعد,4db58ef5-0e02-ae07-fc14-5629c40b7689,2.500,3.750,t,,310003317
PD20919,حاجز دوش 8 مم  مضبب90  سم,سانيتاري ويرز,PF40-16,حاجز دوش,b254c840-e3dc-aa50-45cc-22c1a82f1d9d,410.000,650.000,t,,310004043
ARSB80333,مصب دوش مع تحويلة كروم,شيزا,48845,مصب دوش,3f8e1d44-c2e4-cecd-ff29-48dc418eba21,85.000,130.000,t,,310002857
ME10921,خلاط حوض المطبخ شجرة ذهبي,بن أمور,B.AMOR024,خلاط حوض المطبخ شجرة,f3749abe-ab61-138e-bb47-655f16ecc625,290.000,435.000,t,,310004369
PE30068,طلاء بخاخ داخلي و خارجي أصفر,أنشور قروب,,الجدران والسقف,4db58ef5-0e02-ae07-fc14-5629c40b7689,5.720,10.000,t,,210003388
P30105,مضخة 1 حصان,شمجا,QB80G1,مضخة,4db58ef5-0e02-ae07-fc14-5629c40b7689,330.000,380.000,t,,210003593
LG40608,حوض رخامي كوارتز 60*50سم,سانيتاري واير,1-3-40,حوض وجه برسلين,b254c840-e3dc-aa50-45cc-22c1a82f1d9d,350.000,550.000,t,,310003716
EG30292,حوض مطبخ جرانيت رصاصي محبب  80*50,سانيبال,توكس,حوض مطبخ جرانيت,e47ac07e-2763-bc83-6cf2-c39bb577a1f9,412.377,620.000,t,,210004713
PE30535,ورق سنفرة 9بوصة 6فتحات,الشركة العالمية للتصدير و الإستيراد,P-120,ماكينة صنفرة,f330aa66-9a8a-90ee-d535-6c68ff14b0de,0.850,3.000,t,,210004505
ATWC50226,طقم تثبيت المرحاض المعلق على الحائط,سانيتاري ويرز,,ملحقات مقاعد,f68c4a72-8eb2-7563-07ad-b344ff9fe960,25.000,40.000,t,,310003340
ARSB80184,رشاش دوش كروم,ليسو,JR031-6,كسكاس دوش,f68c4a72-8eb2-7563-07ad-b344ff9fe960,48.000,80.000,t,,310002882
ARSB80794,مصب دوش بالتحويلة كروم انحاس,ليسو,076-1,مصب دوش,f68c4a72-8eb2-7563-07ad-b344ff9fe960,150.000,250.000,t,,310004205
ARSB80224,"مسكر شطافة ""1/2"" * ""1/2 كروم",رايمر,128S1212,مخرج شطاف,5bd59cc2-f915-90b2-5eb0-3ec705744a94,61.500,90.000,t,,210004617
AB10839,خزانة حمام أبيض,سانيتاري ويرز,9622,خزانة حمام,f68c4a72-8eb2-7563-07ad-b344ff9fe960,270.000,430.000,t,,310003960
ML30380,مرايا حمام مع إضاءة لد دائرية بالعلاقة مع اطار أسود 60سم,سانيتاري ويرز,1213,مراية مضيئة,f68c4a72-8eb2-7563-07ad-b344ff9fe960,155.000,270.000,t,,210004203
ARSB80222,سماعة دوش رصاصي,بضائع أوروبية,ALEX,سماعة دوش,081276dc-6952-a613-dc62-614b51522ad0,15.000,30.000,t,,310003161
PA30539,"اسطافة 3"" (2 قطع)",الشركة العالمية للتصدير و الإستيراد,,تشكيلة من التثبيتات,4db58ef5-0e02-ae07-fc14-5629c40b7689,9.600,20.000,t,,210004055
ML10086,خلاط حوض وجه شلال طويل أسود كروم,سانيتاري واير,XSDD012458,خلاط حوض وجه,081276dc-6952-a613-dc62-614b51522ad0,160.000,400.000,t,,310002744
PS20766,علاقة ملابس ثلاثية دوران بدون قصبة,سانيتاري ويرز,8-8880,علاقة مناشف,0dafba13-51f2-fc5a-eab7-f16d55bcce40,30.000,70.000,t,,310003387
RFP1450,"فسيبلي "" 1/2 أنثى * ""1/2 أنثى 60سم",سانيتاري ويرز,اسباني,فسيبلي,f330aa66-9a8a-90ee-d535-6c68ff14b0de,18.500,25.000,t,,210004967
VS10119,حوض وجه معلق -80 سم,تركواز سيراستايل,ANOVA,حوض وجه معلق,3ef761c8-d645-a9c8-47dc-960089e79b35,494.700,700.000,t,,310003195
ARSB80297,سماعة دوش مع طوبو ذهبي,توريما,1372-012,سماعة دوش,3f8e1d44-c2e4-cecd-ff29-48dc418eba21,320.000,360.000,t,,210003034
MT30011,خلاط شطاف مع شطاف ذهبي,نابولي,Z-9000N ZG-16,خلاط شطاف,b3c3c120-ea64-9a00-f068-5896d8f5926d,76.000,140.000,t,,310002792
MC10013,مجرى 50 سم *6 سم كروم,فيرونا,SP540,مجرى,dd2fc8ac-5717-c00a-07b0-627c341c4a46,240.000,350.000,t,,210004319
ARSB80428,كسكاس دوش دائري 250 مم كروم  مع القصبة,مونتانا س.ل,MT-2525R,كسكاس دوش,51882a69-3ac9-cde2-37e3-64e2b7daae96,190.000,300.000,t,,310003485
PE30063,طلاء بخاخ داخلي و خارجي أبيض,إس كيو إل أو,,الجدران والسقف,4db58ef5-0e02-ae07-fc14-5629c40b7689,4.333,10.000,t,,210003382
ARSB80171,سماعة دوش مع طوبو كروم,سانيتاري ويرز,JR,سماعة دوش,f68c4a72-8eb2-7563-07ad-b344ff9fe960,78.000,130.000,t,,310002826
ARSB80310,مخرج شطاف مع علاق كروم,شيزا,48616,مخرج شطاف,5bd59cc2-f915-90b2-5eb0-3ec705744a94,40.000,80.000,t,,210003047
ARSB80202,قصبة دوش  40 سم شبشاشة كروم,سانيتاري ويرز,,قصبة دوش,0dafba13-51f2-fc5a-eab7-f16d55bcce40,68.000,110.000,t,,310003063
MDE50023,خلاط دوش مدفون كروم,فرامو,PA217CR,خلاط دوش مدفون,f9f6d83d-5b9d-2d22-c42a-21b487031fad,495.000,600.000,t,,310002699
ML30433,مرايا حمام مع إضاءة لد 80*60 سم,سانيتاري ويرز,,مراية مضيئة,f68c4a72-8eb2-7563-07ad-b344ff9fe960,80.000,150.000,t,,210003194
ATWC50205,زر بتريا كروم,غروهي,YC8010-1,ملحقات مقاعد,9a9f39af-a0d0-6a64-969d-7baa03e28c4f,120.000,250.000,t,,210004607
LG40396,حوض وجه برسلين مع رف 80 سم,رويال,2612,حوض وجه برسلين,f68c4a72-8eb2-7563-07ad-b344ff9fe960,460.000,750.000,t,,210003153
ARSB80210,مخرج شطاف مع علاق كروم,سانيتاري ويرز,KOD SB010,مخرج شطاف,2e234c5a-ae37-77f1-3c02-d40e664e7d50,35.000,70.000,t,,310003016
CC10364,كولة فواصل 024,kalekim,URGUP BEIGE,كولة بلاط أرضيات,96788f75-aca7-6778-39d6-9ded903609dd,35.000,42.000,t,,210004808
PS20046,علاقة مناشف كروم,فينوس,AM-07,علاقة مناشف,0dafba13-51f2-fc5a-eab7-f16d55bcce40,185.000,275.000,t,,210003486
MC10012,سرفنتينة 15 سم * 15 سم كروم,فيها,,مجرى,3371605a-058e-4bf1-07a5-d157c54ae58f,37.700,90.000,t,,310002614
PA30212,"مقص حديد 30"" 750 مم",اي بي سي,AC19075,كماشة القطع,4db58ef5-0e02-ae07-fc14-5629c40b7689,65.000,100.000,t,,210003705
PA30352,مفتاح تي بالمقبض رقم 12,الشركة العالمية للتصدير و الإستيراد,,مفك البراغي يدوي,4db58ef5-0e02-ae07-fc14-5629c40b7689,3.250,10.000,t,,210003859
RO10536,حنفية غسالة  ''1/2 * ''3/4 كروم,دوشال,IDR010,حنفية,9a9f39af-a0d0-6a64-969d-7baa03e28c4f,25.000,35.000,t,,210005070
VS10180,حوض وجه معلق رخامي أبيض,ب.أمور,SH-P128MGL,حوض وجه معلق,56855bde-1190-92a2-afb0-419a9650977f,230.000,340.000,t,,210002884
EG30566,حوض مطبخ جرانيت أبيض محبب  47.5*47.5,سانيبال,ليكسوس,حوض مطبخ جرانيت,e47ac07e-2763-bc83-6cf2-c39bb577a1f9,286.150,450.000,t,,310003670
PA30351,مفتاح تي بالمقبض رقم 10,الشركة العالمية للتصدير و الإستيراد,,مفك البراغي يدوي,4db58ef5-0e02-ae07-fc14-5629c40b7689,3.250,10.000,t,,210003858
PS20319,علاقة مناشف كروم,ليسو,JR031-11,علاقة مناشف,f68c4a72-8eb2-7563-07ad-b344ff9fe960,70.000,120.000,t,,210003816
RFP1884,"فسيبلي "" 1/2 أنثى * ""1/2 أنثى 40سم",سانيتاري ويرز,ARB-13-18-SS304-FF,فسيبلي,dd2fc8ac-5717-c00a-07b0-627c341c4a46,8.500,15.000,t,,310004005
ARSB80639,"مسكر شطافة ""1/2"" * ""1/2 كروم",بن أمور,,مخرج شطاف,ac78bb51-d153-70a3-ad89-bdb50a8537eb,14.000,35.000,t,,310003747
ARSB80269,شطاف ظغط مجرح مع طوبو كروم,رايمر,332332OZ,شطاف,5bd59cc2-f915-90b2-5eb0-3ec705744a94,165.000,250.000,t,,210003766
EL50402,لصقة,الشركة العالمية للتصدير و الإستيراد,,ملحقات الكهرباء,4db58ef5-0e02-ae07-fc14-5629c40b7689,2.500,5.000,t,,210003913
VS10176,حوض وجه معلق أبيض,ب.أمور,SH-116,حوض وجه معلق,56855bde-1190-92a2-afb0-419a9650977f,129.500,290.000,t,,210002880
AECU50150,سلة تجفيف لحوض المطبخ أسود,سانيتاري ويرز,,ملحقات أحواض المطابخ,64b9e43c-5e5d-3fa7-c325-44e0007df5fc,21.000,40.000,t,,310002999
AM0804,حوض وجه مع دولاب حمام مع خزانة مع مراية -80 سم,سانيتاري ويرز,9922,دولاب حمام,f68c4a72-8eb2-7563-07ad-b344ff9fe960,1250.000,1850.000,t,,310004224
RFP1420,"فسيبلي "" 1/2 أنثى * ""1/2 أنثى 30سم",سانيتاري ويرز,اسباني,فسيبلي,4db58ef5-0e02-ae07-fc14-5629c40b7689,10.500,20.000,t,,210003179
MA20902,خلاط حوض المطبخ مولة أسود مطفي,بن أمور,B.AMOR012,خلاط حوض المطبخ سحاب,f3749abe-ab61-138e-bb47-655f16ecc625,385.000,580.000,t,,310004363
EG40156,رف حوض وجه برسلين 80 سم,سانيتاري ويرز,2712,رف حوض وجه برسلين,f68c4a72-8eb2-7563-07ad-b344ff9fe960,95.000,350.000,t,,210003650
AM40694,مراية دولاب حمام 60 سم,بن أمور,T305-6040,مراية دولاب,ac78bb51-d153-70a3-ad89-bdb50a8537eb,170.000,300.000,t,,310003802
ART0929,عمال,,,نفقات التشغيل,,0.000,0.000,t,,310004390
PA30391,موس منشار وجهين 30 سم,الشركة العالمية للتصدير و الإستيراد,,منشار يدوي,4db58ef5-0e02-ae07-fc14-5629c40b7689,0.600,2.000,t,,210003902
PLSA0382,وردة كروم 1/2,SASSL,IT143C,وصلة,803eabee-b81f-7acb-eb64-b2cae128a7cb,8.100,15.000,t,,210004829
PA30521,ترودي 3.25 * 350 مم (1ممØ),الشركة العالمية للتصدير و الإستيراد,MAGMAWELD 3.25x350,لحام,4db58ef5-0e02-ae07-fc14-5629c40b7689,38.500,60.000,t,,210004037
SA10142,طقم اكسسوار أسود,ليسو,JR133-16B,طقم اكسسوارات,f68c4a72-8eb2-7563-07ad-b344ff9fe960,175.000,300.000,t,,210004522
MD20015,خلاط دوش كروم,توريما,MERIDA 8Q16011-093,خلاط دوش,3f8e1d44-c2e4-cecd-ff29-48dc418eba21,345.000,450.000,t,,310002663
MDE50007,خلاط دوش مدفون كروم,فيوري,100CR7581,خلاط دوش مدفون,5bd59cc2-f915-90b2-5eb0-3ec705744a94,320.000,800.000,t,,310002728
ML30100,مرايا حمام مع إضاءة لد 80*60 سم,سانيتاري ويرز,L16,مراية مضيئة,f68c4a72-8eb2-7563-07ad-b344ff9fe960,80.000,150.000,t,,310003181
ARSB80041,شطاف ظغط مربع مع طوبو كروم,فرامو,KIT03CR,شطاف,3371605a-058e-4bf1-07a5-d157c54ae58f,105.000,170.000,t,,310002715
ARSB80940,اكسسوار وجه خلاط شطاف مدفون اسود,توريما,8G001BB-040,ملحقات خلاط,3f8e1d44-c2e4-cecd-ff29-48dc418eba21,275.000,420.000,t,,310004397
AASB30145,حاملة فوط كروم,KBM,3118,اكسسوارات,e47ac07e-2763-bc83-6cf2-c39bb577a1f9,36.000,70.000,t,,310002994
ALVM50139,رأس سيفوني كروم,توريما,1372-001,رأس سيفوني,2e234c5a-ae37-77f1-3c02-d40e664e7d50,145.000,200.000,t,,210004514
CE10925,سخانة 80 لتر عمودية,اف جي باور,D80-15FA-4789,سخانة,3371605a-058e-4bf1-07a5-d157c54ae58f,570.000,720.000,t,,310004386
PA30527,فلوكة سخانة,الشركة العالمية للتصدير و الإستيراد,,أدوات  متعددة الوظائف,4db58ef5-0e02-ae07-fc14-5629c40b7689,6.250,15.000,t,,210004043
AASB30093,رف زاوية زوجي زجاجي كروم,جي اف مارك,3524-2Y,اكسسوارات,60d7d8a2-1083-abe4-d894-b1c7f3235d40,135.000,220.000,t,,310002943
ARSB80770,مصب دوش بدون تحويلة متحرك دهبي,سانيتاري ويرز,1-8877,مصب دوش,0dafba13-51f2-fc5a-eab7-f16d55bcce40,74.000,120.000,t,,210004411
ARSB81038,وصلة مسطرة دوش40سم ذهبي,سانيتاري ويرز,,طوبو دوش,f68c4a72-8eb2-7563-07ad-b344ff9fe960,13.500,25.000,t,,310004509
ARSB80062,كسكاس دوش مربع 200*200 مم كروم,فينوس,,كسكاس دوش,0dafba13-51f2-fc5a-eab7-f16d55bcce40,49.000,85.000,t,,210002792
ME10130,خلاط حوض المطبخ سحاب كروم,سانيتاري ويرز,,خلاط حوض المطبخ سحاب,f68c4a72-8eb2-7563-07ad-b344ff9fe960,125.000,190.000,t,,210002726
CD40542,مسطرة دوش زوجية مع خلاط كروم,بضائع أوروبية,,مسطرة دوش,081276dc-6952-a613-dc62-614b51522ad0,250.000,500.000,t,,310003614
RA20997,مثلث كروم سن داخلي 1/2,سانيتاري ويرز,,مثلث,51882a69-3ac9-cde2-37e3-64e2b7daae96,14.500,20.000,t,,310004468
AASB30107,موزع صابون حساس كروم,امبرا,OTTO WALL MOUNT,اكسسوارات,081276dc-6952-a613-dc62-614b51522ad0,35.000,80.000,t,,310002956
MC10647,مجرى 50 سم *8 سم كروم,بن أمور,,مجرى,ac78bb51-d153-70a3-ad89-bdb50a8537eb,80.000,150.000,t,,310003755
PA30540,"اسطافة 4"" (2 قطع)",الشركة العالمية للتصدير و الإستيراد,,تشكيلة من التثبيتات,4db58ef5-0e02-ae07-fc14-5629c40b7689,9.800,10.000,t,,210004056
ARSB81101,قصبة دوش 40 سم كروم,توريما,1372-03247-029,قصبة دوش,3f8e1d44-c2e4-cecd-ff29-48dc418eba21,60.000,100.000,t,,310004604
ACOL30579,ريتي لياسة 25 سم * 20 متر,أسترا,,ملحقات غراء البلاط و الأرضيات,f9f6d83d-5b9d-2d22-c42a-21b487031fad,26.500,40.000,t,,210004096
RA30016,"كوربة 2"" - 45°",الرطيل,جي أم GM,كوع - كوربة,4db58ef5-0e02-ae07-fc14-5629c40b7689,3.900,7.000,t,,210003410
AM0858,دولاب حمام -80 سم,سانيتاري ويرز,9938,دولاب حمام,f68c4a72-8eb2-7563-07ad-b344ff9fe960,600.000,1000.000,t,,310004283
ARSB80230,وصلة مسطرة دوش50سم ذهبي,سانيتاري ويرز,,طوبو دوش,4db58ef5-0e02-ae07-fc14-5629c40b7689,12.000,25.000,t,,310003156
ARSB80795,كسكاس دوش دائري 250*250 مم مع قصبة كروم,ليسو,JR031-26ROUND,كسكاس دوش,f68c4a72-8eb2-7563-07ad-b344ff9fe960,120.000,170.000,t,,310004207
PD20287,حاجز دوش 8 مم بالعلاقة المناشف 70 سم,ليسو,WIC-70E,حاجز دوش,9a9f39af-a0d0-6a64-969d-7baa03e28c4f,365.000,580.000,t,,210004708
MA20923,خلاط حوض المطبخ سحاب كروم مطفي,بن أمور,B.AMOR036,خلاط حوض المطبخ سحاب,f3749abe-ab61-138e-bb47-655f16ecc625,160.000,270.000,t,,310004384
SA10735,طقم اكسسوار ذهبي,ليسو,JR133-16G,طقم اكسسوارات,f68c4a72-8eb2-7563-07ad-b344ff9fe960,190.000,320.000,t,,310004072
AASB30780,صابونية أسود,بن أمور,50-10-49,اكسسوارات,ac78bb51-d153-70a3-ad89-bdb50a8537eb,15.000,50.000,t,,310004191
ASCA60295,ستريتشة 3 متر,الشركة العالمية للتصدير و الإستيراد,,ستريتشة,193a3d2d-d39f-6712-72cb-c5f247087645,35.000,80.000,t,,210003792
AM0951,دولاب حمام -80 سم,بن أمور,330-80,دولاب حمام,3b74be9f-643f-cd77-2128-39d8b10170c9,380.000,700.000,t,,310004421
ML10299,خلاط حوض وجه  كروم,ليسو,JR031-14,خلاط حوض وجه,f68c4a72-8eb2-7563-07ad-b344ff9fe960,93.000,180.000,t,,210003796
PD21112,حاجز دوش 10مم اطار كروم منقط 80سم,ليسو,LUD,حاجز دوش,f68c4a72-8eb2-7563-07ad-b344ff9fe960,595.000,820.000,t,,310004615
LG40155,حوض وجه برسلين مشطوف لد 80 سم,سانيتاري ويرز,2712,حوض وجه برسلين,f68c4a72-8eb2-7563-07ad-b344ff9fe960,500.000,750.000,t,,210003649
MA20009,خلاط حوض المطبخ سحاب كروم,شهاب,BERMOODA AS-351487504,خلاط حوض المطبخ سحاب,3371605a-058e-4bf1-07a5-d157c54ae58f,380.000,590.000,t,,210002737
ML30230,مرايا حمام مع إضاءة لد 60*80سم اطار كروم,سانيتاري ويرز,3060,مراية مضيئة,9a9f39af-a0d0-6a64-969d-7baa03e28c4f,120.000,220.000,t,,210004637
MT30006,خلاط شطاف كروم,توريما,8Q25222-040,خلاط شطاف,3f8e1d44-c2e4-cecd-ff29-48dc418eba21,195.000,320.000,t,,310002657
ARSB85299,رشاش دوش كروم,اي ار بي,002,كسكاس دوش,51882a69-3ac9-cde2-37e3-64e2b7daae96,90.000,150.000,t,,210004855
CC10366,كولة فواصل 033,kalekim,VANILLA,كولة بلاط أرضيات,96788f75-aca7-6778-39d6-9ded903609dd,35.000,42.000,t,,210004810
AM0826,دولاب حمام مع إضاءة لد-100 سم,سانيتاري ويرز,9928,دولاب حمام,f68c4a72-8eb2-7563-07ad-b344ff9fe960,795.000,1050.000,t,,310004249
AASB30147,حاملة فوط كروم,KBM,204008,اكسسوارات,e47ac07e-2763-bc83-6cf2-c39bb577a1f9,31.000,70.000,t,,310002996
PE30131,قادومة 300 غ,إنتكس,,مطرقة - ماصة,4db58ef5-0e02-ae07-fc14-5629c40b7689,5.750,11.000,t,,210003624
ARSB81011,طوبو شطاف فلتر1.2م كروم,مونتانا س.ل,MT-7105,طوبو شطاف,51882a69-3ac9-cde2-37e3-64e2b7daae96,18.750,50.000,t,,310004482
PA30524,موس منشار 12'' 300 مم (10 قطع),فندر,191574,منشار يدوي,4db58ef5-0e02-ae07-fc14-5629c40b7689,11.500,20.000,t,,210004040
MC10001,مجرى شباك  40 سم *8 سم كروم,سانيتاري ويرز,,مجرى,ac78bb51-d153-70a3-ad89-bdb50a8537eb,49.000,120.000,t,,210003233
ALVM50481,سيفون حوض الوجه اسود,سانيتاري واير,,سيفون حوض الوجه,9a9f39af-a0d0-6a64-969d-7baa03e28c4f,85.000,150.000,t,,210004860
AM0343,دولاب حمام 80 سم أبيض,سانيتاري ويرز,8108,دولاب حمام,9a9f39af-a0d0-6a64-969d-7baa03e28c4f,230.000,500.000,t,,210004787
AASB30062,صابونية كروم,ونكو,REVELLO,اكسسوارات,081276dc-6952-a613-dc62-614b51522ad0,22.500,75.000,t,,310002924
SA10889,طقم اكسسوار كروم,ليسو,2693,طقم اكسسوارات,f68c4a72-8eb2-7563-07ad-b344ff9fe960,175.000,300.000,t,,310004010
EG30567,حوض مطبخ جرانيت رصاصي محبب  47.5*47.5,سانيبال,ليكسوس,حوض مطبخ جرانيت,e47ac07e-2763-bc83-6cf2-c39bb577a1f9,300.700,450.000,t,,310003671
PA30085,فيتي 3 * 30مم 200 قطعة,الشركة العالمية للتصدير و الإستيراد,,برغي,081276dc-6952-a613-dc62-614b51522ad0,5.000,12.000,t,,210004246
RA20031,كواردة 25 سن داخلي,فرات,بي بي ر - PPR,كواردة,1054307a-87a0-d4d2-fe16-bd905fe6a04b,10.925,20.000,t,,310002594
ARSB80723,كسكاس دوش دائري 250 مم كروم,ديولو,,كسكاس دوش,b254c840-e3dc-aa50-45cc-22c1a82f1d9d,38.000,80.000,t,,310003835
P30326,عوامة 3/4,الشركة العالمية للتصدير و الإستيراد,,مضخة,4db58ef5-0e02-ae07-fc14-5629c40b7689,27.500,50.000,t,,210003825
ARSB80787,وجه خلاط دوش مدفون كروم,غروهي,6-6,ملحقات خلاط,f68c4a72-8eb2-7563-07ad-b344ff9fe960,175.000,300.000,t,,310003827
ALVM50821,رأس سيفوني كروم,بضائع أوروبية,SASSI ART 702,رأس سيفوني,4e069e00-1faf-fec3-009d-c22ff78edd71,95.000,160.000,t,,310003443
ARSB80433,مخرج شطاف مع علاق كروم,مونتانا س.ل,MT-01,مخرج شطاف,51882a69-3ac9-cde2-37e3-64e2b7daae96,88.000,150.000,t,,310003499
CE10930,سخانة عمودية   50 لتر,اف جي باور,D50-15FA-4788,سخانة,3371605a-058e-4bf1-07a5-d157c54ae58f,535.000,680.000,t,,310004394
ARSB80935,مصب حوض وجه طويل بدون تحويلة كروم,ليسو,079-30,مصب دوش,f68c4a72-8eb2-7563-07ad-b344ff9fe960,110.000,190.000,t,,310004061
ATWC50178,زر بتريا كروم,غروهي,38732000,ملحقات مقاعد,f68c4a72-8eb2-7563-07ad-b344ff9fe960,280.000,345.000,t,,310003034
PE30432,قاعدة ماكينة سنفر6فتحات,الشركة العالمية للتصدير و الإستيراد,,ماكينة صنفرة,f330aa66-9a8a-90ee-d535-6c68ff14b0de,25.500,32.000,t,,210004941
LG40400,حوض وجه برسلين 80 سم,رويال,2717,حوض وجه برسلين,f68c4a72-8eb2-7563-07ad-b344ff9fe960,400.000,600.000,t,,210004155
MD20022,خلاط دوش مع طوبو كروم,سانيتاري ويرز,PURE MOH-40,خلاط دوش,7ea09f3f-5446-26a3-c653-90a14ccabc04,68.000,150.000,t,,310002748
PA30393,قفل شنطة نحاس 32 مم,الشركة العالمية للتصدير و الإستيراد,263,قفل باب,4db58ef5-0e02-ae07-fc14-5629c40b7689,1.900,5.000,t,,210004142
LG40754,حوض وجه كوارتز مع رف مع مراية 80 سم,سانيتاري واير,D1,حوض وجه برسلين,b254c840-e3dc-aa50-45cc-22c1a82f1d9d,730.000,1230.000,t,,310004148
WA40780,غطاء مقعد أبيض,بضائع أوروبية,209wilko,غطاء مقعد,081276dc-6952-a613-dc62-614b51522ad0,30.000,70.000,t,,310003891
VS11084,حوض وجه معلق 65*38سم,تركواز سيراستايل,SHARP,حوض وجه معلق,3ef761c8-d645-a9c8-47dc-960089e79b35,540.000,760.000,t,,310004587
ML10051,خلاط حوض وجه أسود,فيرمر,YLN18560-1H,خلاط حوض وجه,0dafba13-51f2-fc5a-eab7-f16d55bcce40,105.000,150.000,t,,210002635
VS10738,حوض وجه معلق -80 سم,لابينو,3080,حوض وجه معلق,b254c840-e3dc-aa50-45cc-22c1a82f1d9d,320.000,480.000,t,,310003850
MTE60562,خلاط شطاف مدفون كروم,بيلا,M30,خلاط شطاف مدفون,2e234c5a-ae37-77f1-3c02-d40e664e7d50,165.000,247.500,t,,310003634
VS10539,حوض وجه سداسي معلق مع عمود أبيض,KBM,523,حوض وجه معلق,e47ac07e-2763-bc83-6cf2-c39bb577a1f9,275.000,420.000,t,,210005073
PS20666,علاقة مناشف زوجية أسود,بن أمور,مجموعة بن عمر,علاقة مناشف,ac78bb51-d153-70a3-ad89-bdb50a8537eb,40.000,120.000,t,,310003774
MLE40153,خلاط حوض وجه مدفون مع مَصَب كروم,فرامو,SI244CR,خلاط حوض وجه مدفون,3371605a-058e-4bf1-07a5-d157c54ae58f,585.000,820.000,t,,210002857
PA30433,ڨوانطي,الشركة التونسية للمواد الصحية,100G XL,قفازات,4db58ef5-0e02-ae07-fc14-5629c40b7689,3.000,7.000,t,,210003944
ART0118,راس غاز,الشركة العالمية للتصدير و الإستيراد,,ملحقات المعدات,4db58ef5-0e02-ae07-fc14-5629c40b7689,15.000,25.000,t,,210004482
ARSB80800,مصب دوش بدون تحويلة أبيض,فرامو,DE211BO,مصب دوش,f9f6d83d-5b9d-2d22-c42a-21b487031fad,450.000,500.000,t,,310004151
AM40953,مراية دولاب حمام 80 سم,بن أمور,330-80,مراية دولاب,3b74be9f-643f-cd77-2128-39d8b10170c9,200.000,400.000,t,,310004423
EL50996,لامبة لد 30وات,دي بي اس,E27,المصابيح الكهربائية,4db58ef5-0e02-ae07-fc14-5629c40b7689,5.750,12.000,t,,210004442
ARSB80594,وجه خلاط شطاف مدفون كروم,دانيال,5602ROCR,ملحقات خلاط,dd2fc8ac-5717-c00a-07b0-627c341c4a46,38.500,65.000,t,,210004715
PA30065,مفك سالب قصير,سانيتاري ويرز,193391,مفك البراغي يدوي,4db58ef5-0e02-ae07-fc14-5629c40b7689,3.850,10.000,t,,210004392
PD20436,حاجز دوش 10 مم اطار كروم  60 سم,ليسو,ZW001,حاجز دوش,f68c4a72-8eb2-7563-07ad-b344ff9fe960,420.000,600.000,t,,210003197
AECU50425,سيفون حوض المطبخ,pgs,,ملحقات أحواض المطابخ,9a9f39af-a0d0-6a64-969d-7baa03e28c4f,21.500,40.000,t,,210004930
CD40106,مسطرة دوش زوجية كروم,باست,,مسطرة دوش,f68c4a72-8eb2-7563-07ad-b344ff9fe960,92.000,150.000,t,,210002702
ALVM50036,رأس سيفوني كروم,بوسيني,D-88,رأس سيفوني,f68c4a72-8eb2-7563-07ad-b344ff9fe960,17.000,50.000,t,,310002901
PE30053,طلاء زيتي ضد الصدأ 850 غ رصاصي,دهانات المدينة مصراتة,طلاء زيتي,الحديد,4db58ef5-0e02-ae07-fc14-5629c40b7689,13.000,18.000,t,,210003372
PE30452,غيار روله قطني 10سم,الشركة العالمية للتصدير و الإستيراد,2100,فرشة طلاء,f330aa66-9a8a-90ee-d535-6c68ff14b0de,4.500,8.000,t,,210004969
MA20932,خلاط حوض المطبخ سحاب كروم,ليسو,JR031-77C,خلاط حوض المطبخ سحاب,f68c4a72-8eb2-7563-07ad-b344ff9fe960,135.000,260.000,t,,310004058
LG40081,قاعدة حوض وجه برسلين 90 سم,سانيتاري ويرز,A05,حوض وجه برسلين,f68c4a72-8eb2-7563-07ad-b344ff9fe960,200.000,300.000,t,,210004241
AB10743,خزانة حمام أبيض,سانيتاري ويرز,040,خزانة حمام,b254c840-e3dc-aa50-45cc-22c1a82f1d9d,200.000,300.000,t,,310004080
LG40318,حوض وجه برسلين مشطوف 80 سم,رويال,YB14-6,حوض وجه برسلين,60d7d8a2-1083-abe4-d894-b1c7f3235d40,500.000,650.000,t,,210003056
PE32118,راس غاز ايطالي,الشركة العالمية للتصدير و الإستيراد,,ملحقات المعدات,4db58ef5-0e02-ae07-fc14-5629c40b7689,49.500,70.000,t,,210004481
PLSA0550,وردة كروم  1/2,توريما,1372-ROST7090-002,وصلة,9a9f39af-a0d0-6a64-969d-7baa03e28c4f,2.950,7.000,t,,210005085
ML30834,مرايا حمام ضد البخار مع إضاءة لد 60*80 سم,سانيتاري ويرز,4006 دولاب,مراية مضيئة,f68c4a72-8eb2-7563-07ad-b344ff9fe960,105.000,170.000,t,,310003955
PE30185,لصقة قف 100 م,الشركة العالمية للتصدير و الإستيراد,,مواد لاصقة ولافتات,4db58ef5-0e02-ae07-fc14-5629c40b7689,5.750,9.000,t,,210003679
ML30408,مرايا حمام مع إضاءة لد 80*60 سم,سانيتاري ويرز,8102,مراية مضيئة,f68c4a72-8eb2-7563-07ad-b344ff9fe960,50.000,150.000,t,,210003165
MD20900,خلاط دوش أسود,بن أمور,B.AMOR014,خلاط دوش,f3749abe-ab61-138e-bb47-655f16ecc625,300.000,450.000,t,,310004361
ATWC50233,بتارية مقعد أرضي تحت في كييس,سانيتاري ويرز,,ملحقات مقاعد,2e234c5a-ae37-77f1-3c02-d40e664e7d50,15.000,22.500,t,,310003349
PE30478,شفاط خشبي,ABM,L8,مثقاب كهربائي,dc6e5eb0-a2c4-7fc8-161c-528f389f29cc,91.500,185.000,t,,210005006
ARSB80245,كسكاس دوش دائري مع قصبة كروم,سانيتاري ويرز,PM0700PA3F/CH,كسكاس دوش,2e234c5a-ae37-77f1-3c02-d40e664e7d50,85.000,160.000,t,,310003041
WS10812,مقعد معلق تورنيدو أبيض,ب.أمور,LT-053E-UQ3,مقعد معلق,77d76dcb-7fe6-a4b4-4998-83b869291b06,390.000,650.000,t,,310004232
AASB30165,رف زاوية زوجي اسود,بضائع أوروبية,BAD-3636,اكسسوارات,081276dc-6952-a613-dc62-614b51522ad0,30.000,90.000,t,,310003241
MA20051,خلاط حوض المطبخ سحاب اسود,ليسو,,خلاط حوض المطبخ سحاب,f68c4a72-8eb2-7563-07ad-b344ff9fe960,225.000,350.000,t,,310002755
PE30351,طلاء مائي داخلي5 كغ أبيض ربع لمعه,شركة الحيرة لدهانات,,الجدران والسقف,cbc8158a-9b45-9705-3f1d-05cad25ac2d7,70.000,80.000,t,,210004747
AECU50830,سلة تجفيف لحوض المطبخ رصاصي,بن أمور,مجموعة بن عمر,ملحقات أحواض المطابخ,56855bde-1190-92a2-afb0-419a9650977f,10.000,35.000,t,,310003951
P30268,عوامة كهربائية 1 متر,الشركة العالمية للتصدير و الإستيراد,FOX G05,مضخة,4db58ef5-0e02-ae07-fc14-5629c40b7689,53.755,60.000,t,,210003765
EG30255,حوض مطبخ جرانيت أبيض  80*50,سانيبال,سالسا,حوض مطبخ جرانيت,e47ac07e-2763-bc83-6cf2-c39bb577a1f9,405.000,570.000,t,,210002977
ML10020,خلاط حوض وجه كروم,فينوس,PEARL,خلاط حوض وجه,0dafba13-51f2-fc5a-eab7-f16d55bcce40,147.233,170.000,t,,210002603
AB10143,خزانة حمام أسود,سانيتاري ويرز,BLACK,خزانة حمام,e47ac07e-2763-bc83-6cf2-c39bb577a1f9,200.000,300.000,t,,310003219
PLSA0093,"مُطوِّل ""1/2 * 15كروم",سانيتاري ويرز,,وصلة,4db58ef5-0e02-ae07-fc14-5629c40b7689,5.350,9.000,t,,210004254
ARSB80445,مصب دوش طويل بتحويلة كروم,توريما,0327811-T40,مصب دوش,c0faf038-b788-4ed3-15e1-cb4edf3f56f1,295.000,265.000,t,,310003514
MC10253,سرفنتينة10 سم * 10 سم كروم,فينوس,,مجرى,0dafba13-51f2-fc5a-eab7-f16d55bcce40,28.565,50.000,t,,210004664
SA10835,طقم اكسسوار أسود,بن أمور,,طقم اكسسوارات,ac78bb51-d153-70a3-ad89-bdb50a8537eb,165.000,280.000,t,,310004267
PA30013,برميل 20 لتر,فاندي,,قطع غيار واكسسوارات معدات الحديقة,06d20f1c-34a0-e014-64db-92734ce57411,8.360,20.000,t,,210004232
ML10018,خلاط حوض وجه كروم,فيوري,125CR3460,خلاط حوض وجه,5bd59cc2-f915-90b2-5eb0-3ec705744a94,255.000,380.000,t,,210002601
RA20015,"وصلة 25* 1/2"" سن خارجي",فرات,بي بي ر - PPR,وصلة,1054307a-87a0-d4d2-fe16-bd905fe6a04b,4.902,10.000,t,,210003291
MT30747,خلاط شطاف كروم,سانيتاري ويرز,OM-166,خلاط شطاف,b254c840-e3dc-aa50-45cc-22c1a82f1d9d,58.000,120.000,t,,310004139
ARSB80079,شطاف ظغط دائري مع طوبو كروم,فينوس,AHF13,شطاف,0dafba13-51f2-fc5a-eab7-f16d55bcce40,47.530,80.000,t,,210002675
AASB30261,رف زاوية زوجي اسود,ليمكس,LY2559,اكسسوارات,f592fa51-d431-40c9-f38d-39cdf4092eb2,155.000,250.000,t,,210003756
ARSB80111,قصبة دوش مربعة 42 سم كروم,فينوس,,قصبة دوش,0dafba13-51f2-fc5a-eab7-f16d55bcce40,41.000,60.000,t,,210002815
RD30778,حوض قدم خزف مربع 80*80 سم,اديال سانيتار,,بانيو قدم,2b5a299a-8a4f-4338-ee3a-05d76bf1fa29,330.000,600.000,t,,310003399
PS20732,علاقة مناشف كبيرة بالرف كروم,سانيتاري ويرز,WL10,علاقة مناشف,f68c4a72-8eb2-7563-07ad-b344ff9fe960,130.000,200.000,t,,310004068
ALVM50071,سيفون حوض الوجه دهبي,تركواز سيراستايل,,سيفون حوض الوجه,dd2fc8ac-5717-c00a-07b0-627c341c4a46,205.000,300.000,t,,210004410
PS20153,علاقة ملابس ثلاثية دوران بدون قصبة,سانيتاري ويرز,,علاقة مناشف,dc6e5eb0-a2c4-7fc8-161c-528f389f29cc,84.500,180.000,t,,210004536
VS10158,حوض وجه معلق -65 سم,سانيتاري ويرز,MEGA,حوض وجه معلق,f68c4a72-8eb2-7563-07ad-b344ff9fe960,195.000,270.000,t,,310003234
MTE60037,خلاط شطاف مدفون كروم,دانيال,RIO R6602CR,خلاط شطاف مدفون,dd2fc8ac-5717-c00a-07b0-627c341c4a46,160.000,320.000,t,,310002716
MC10069,مجرى 40 سم 6* سم ذهبي,راف,1372-DRAINER-008,مجرى,3f8e1d44-c2e4-cecd-ff29-48dc418eba21,215.000,350.000,t,,310003099
ARSB80009,سماعة دوش مع طوبو كروم,سانيتاري واير,,سماعة دوش,4db58ef5-0e02-ae07-fc14-5629c40b7689,15.500,45.000,t,,210003118
ALVM50193,رأس سيفوني ذهبي,ليمكس,,رأس سيفوني,f68c4a72-8eb2-7563-07ad-b344ff9fe960,35.000,60.000,t,,310003052
PE30989,طلاء مائي داخلي 10 كغ أبيض ربع لمعه,جي ال سي,سوبر داي - تون 1500,الجدران والسقف,4db58ef5-0e02-ae07-fc14-5629c40b7689,193.920,175.000,t,,210004452
MA20025,خلاط حوض المطبخ سحاب كروم,نيوأرك,STEP 900591,خلاط حوض المطبخ سحاب,e47ac07e-2763-bc83-6cf2-c39bb577a1f9,545.000,800.000,t,,310002761
ARSB80340,"مسكر شطافة ""1/2"" * ""1/2 كروم",فينوس,,مخرج شطاف,0dafba13-51f2-fc5a-eab7-f16d55bcce40,28.000,40.000,t,,210003084
AM0801,دولاب حمام مع حوض وجه بالملحق مع مرايا لد -80 سم,سانيتاري ويرز,8107,دولاب حمام,f68c4a72-8eb2-7563-07ad-b344ff9fe960,985.000,1530.000,t,,310003912
ARSB80574,سماعة دوش كروم مع اضاءة لد,ليفرنو هوم,,سماعة دوش,081276dc-6952-a613-dc62-614b51522ad0,40.000,65.000,t,,310003678
AB10146,خزانة حمام خشبي,أوركا,RICATO,خزانة حمام,e47ac07e-2763-bc83-6cf2-c39bb577a1f9,580.000,780.000,t,,310003222
PA30368,مكارة رفع رقم 18,الشركة العالمية للتصدير و الإستيراد,,بكرة,4db58ef5-0e02-ae07-fc14-5629c40b7689,17.500,30.000,t,,210003879
PA30601,ميزان خيط 500 غرام,الشركة العالمية للتصدير و الإستيراد,,أدوات القياس والتتبع,4db58ef5-0e02-ae07-fc14-5629c40b7689,5.500,15.000,t,,210004119
ML30369,مرايا حمام مع إضاءة لد 80*60 سم,سانيتاري ويرز,1430,مراية مضيئة,f68c4a72-8eb2-7563-07ad-b344ff9fe960,105.000,170.000,t,,210004192
ARSB80724,قصبة دوش دائري 40 سم كروم,ديولو,,قصبة دوش,b254c840-e3dc-aa50-45cc-22c1a82f1d9d,23.000,40.000,t,,310003836
MDE50822,خلاط دوش مدفون ايدج ذهبي,توريما,8E01033-090,خلاط دوش مدفون,3f8e1d44-c2e4-cecd-ff29-48dc418eba21,755.000,1050.000,t,,210002850
PS20007,علاقة ملابس خماسية,سانيتاري ويرز,,علاقة مناشف,ac78bb51-d153-70a3-ad89-bdb50a8537eb,30.000,50.000,t,,210003267
PA30456,ليفة مسمار 70 سم,الشركة العالمية للتصدير و الإستيراد,,أداة المخل,4db58ef5-0e02-ae07-fc14-5629c40b7689,11.500,20.000,t,,210003971
MT30557,خلاط شطاف مع شطاف كروم,ليسو,JR085-3C,خلاط شطاف,9a9f39af-a0d0-6a64-969d-7baa03e28c4f,98.000,200.000,t,,210005092
ML30222,مرايا حمام مع إضاءة لد اطار ابيض,سانيتاري ويرز,3070,مراية مضيئة,9a9f39af-a0d0-6a64-969d-7baa03e28c4f,120.000,200.000,t,,210004629
ALVM50785,رأس سيفوني كروم,سانيتاري ويرز,MAF ELSEAH,رأس سيفوني,f68c4a72-8eb2-7563-07ad-b344ff9fe960,29.000,70.000,t,,310003896
RFP1751,"فسيبلي "" 1/2 ذكر * ""1/2 أنثى 80سم",TUCAI,585087,فسيبلي,5ab52856-ad90-444c-7e94-fd714235d708,16.500,25.000,t,,310003372
AASB30518,صابونية كروم,ليسو,JR079-19,اكسسوارات,9a9f39af-a0d0-6a64-969d-7baa03e28c4f,38.000,100.000,t,,210005051
WA40589,غطاء مقعد رايملس أبيض,ب.أمور,SC-SH-006,غطاء مقعد,56855bde-1190-92a2-afb0-419a9650977f,60.000,100.000,t,,310003693
MC10096,مجرى 45سم *7 سم كروم,بيورا,DL-04-45,مجرى,f9f6d83d-5b9d-2d22-c42a-21b487031fad,257.000,320.000,t,,310003130
MTE60029,خلاط شطاف مدفون كروم,فرامو,MA206CR,خلاط شطاف مدفون,f9f6d83d-5b9d-2d22-c42a-21b487031fad,140.000,250.000,t,,310002706
PS21075,علاقة ملابس فردية كروم,بن أمور,50-10-48,علاقة مناشف,ac78bb51-d153-70a3-ad89-bdb50a8537eb,5.000,30.000,t,,310004546
ARSB80371,سماعة دوش مع طوبو كروم,سانيتاري واير,,سماعة دوش,f68c4a72-8eb2-7563-07ad-b344ff9fe960,25.000,50.000,t,,210003127
ART0017,وصلة مسطرة دوش50سم,فينوس,,طوبو دوش,0dafba13-51f2-fc5a-eab7-f16d55bcce40,12.000,30.000,t,,210004328
MA20122,خلاط حوض المطبخ سحاب كروم,سانيتاري ويرز,,خلاط حوض المطبخ سحاب,081276dc-6952-a613-dc62-614b51522ad0,208.000,450.000,t,,210002718
ML10034,خلاط حوض وجه شلال طويل ذهبي,سانيتاري واير,XSDD014549,خلاط حوض وجه,081276dc-6952-a613-dc62-614b51522ad0,163.000,380.000,t,,210002618
RD30581,حوض قدم مستطيل اكريليك 120*80*14,ساناكريل,M309,بانيو قدم,e47ac07e-2763-bc83-6cf2-c39bb577a1f9,700.000,1000.000,t,,310003685
ALVM50765,رأس سيفوني كروم,كاسكاد,H2098,رأس سيفوني,f68c4a72-8eb2-7563-07ad-b344ff9fe960,70.000,170.000,t,,310004172
CD40010,مسطرة دوش زوجية كروم,ازورا ربنتري,,مسطرة دوش,60d7d8a2-1083-abe4-d894-b1c7f3235d40,75.000,150.000,t,,310003133
CD40014,مسطرة دوش فرديه كروم,كورنات,ARIELLI,مسطرة دوش,081276dc-6952-a613-dc62-614b51522ad0,95.000,150.000,t,,310003147
PS20790,علاقة ملابس فردية كروم,KBM,,علاقة مناشف,ff3ad10c-136f-2eb9-510b-510058532e8d,22.500,50.000,t,,310003411
ARSB80926,مصب دوش نحاس مع تحويلة كروم,ليسو,2505,مصب دوش,f68c4a72-8eb2-7563-07ad-b344ff9fe960,115.000,180.000,t,,310004387
ARSB80772,رشاش دوش ذهبي,فيدار,,كسكاس دوش,dc6e5eb0-a2c4-7fc8-161c-528f389f29cc,49.500,80.000,t,,310003880
EG40351,رف حوض وجه برسلين 80 سم,رويال,YB03_20,رف حوض وجه برسلين,60d7d8a2-1083-abe4-d894-b1c7f3235d40,60.000,150.000,t,,210003096
ALVM50428,سيفون حوض الوجه كروم,مونتانا س.ل,MT-9102,سيفون حوض الوجه,51882a69-3ac9-cde2-37e3-64e2b7daae96,165.000,250.000,t,,310003484
AB10745,خزانة حمام أبيض,سانيتاري ويرز,005,خزانة حمام,b254c840-e3dc-aa50-45cc-22c1a82f1d9d,200.000,300.000,t,,310004082
ML10520,خلاط حوض وجه  كروم,سانيتاري ويرز,OM-105,خلاط حوض وجه,b254c840-e3dc-aa50-45cc-22c1a82f1d9d,59.000,130.000,t,,310003591
ML10016,خلاط حوض وجه كروم,رايمر,L12L52,خلاط حوض وجه,5bd59cc2-f915-90b2-5eb0-3ec705744a94,380.000,500.000,t,,210002599
WP20198,مقعد أرضي أبيض,ايجا فتريفاي,TYANA,مقعد أرضي,e47ac07e-2763-bc83-6cf2-c39bb577a1f9,574.000,800.000,t,,210002902
PA30167,مسحة,الشركة العالمية للتصدير و الإستيراد,,مسحة,4db58ef5-0e02-ae07-fc14-5629c40b7689,44.000,60.000,t,,210003661
FE30526,كسكاس 3/4,بوڨاتي,,فيلتر المياه,0dafba13-51f2-fc5a-eab7-f16d55bcce40,21.000,35.000,t,,210004042
ARSB80810,مصب دوش مربع قصير بدون تحويله أسود,توريما,03279BB-T40,مصب دوش,3f8e1d44-c2e4-cecd-ff29-48dc418eba21,470.000,700.000,t,,310003921
PSB10230,حوض وجه مع دولاب حمام مع مراية -80 سم,سانيتاري ويرز,ML-02-80,طقم حمام,3b74be9f-643f-cd77-2128-39d8b10170c9,554.000,750.000,t,,210002947
ARSB80426,مصب دوش مع تحويلة كروم,ريفانا,CND411,مصب دوش,51882a69-3ac9-cde2-37e3-64e2b7daae96,72.000,150.000,t,,310003480
ARSB81052,اكسسوار وجه خلاط شطاف مدفون كروم,توريما,8V00011-092,ملحقات خلاط,3f8e1d44-c2e4-cecd-ff29-48dc418eba21,150.000,300.000,t,,310004523
EG40355,رف حوض وجه برسلين 65 سم,رويال,YB036_9,رف حوض وجه برسلين,60d7d8a2-1083-abe4-d894-b1c7f3235d40,60.000,150.000,t,,210003100
MT30019,خلاط شطاف كروم مع شطاف أَبْيَضُ,فرامو,SHA102CR,خلاط شطاف,3371605a-058e-4bf1-07a5-d157c54ae58f,177.000,250.000,t,,310002695
ARSB80136,مصب دوش مع تحويلة كروم,سانيتاري ويرز,I.DOWAS 1101,مصب دوش,3371605a-058e-4bf1-07a5-d157c54ae58f,95.000,160.000,t,,210002840
PE30435,موس فرش,,,موس فرش والمقص,f330aa66-9a8a-90ee-d535-6c68ff14b0de,2.500,8.000,t,,210004947
ML10212,خلاط حوض وجه كروم,PAINI,LE MANS 90CR205,خلاط حوض وجه,95a6cd40-9663-6e5a-2d2b-82c8a97852fc,180.000,290.000,t,,310003324
RD30054,حوض قدم مربع اكريليك 90*90*14,ساناكريل,M303,بانيو قدم,e47ac07e-2763-bc83-6cf2-c39bb577a1f9,532.056,840.000,t,,310003080
RO10219,حنفية غسالة  ''1/2 * ''3/4 كروم,سانيتاري ويرز,ايطالي,حنفية,9a9f39af-a0d0-6a64-969d-7baa03e28c4f,18.500,35.000,t,,210004626
PS20009,علاقة مناشف كروم,فينوس,GR-05,علاقة مناشف,0dafba13-51f2-fc5a-eab7-f16d55bcce40,112.800,155.000,t,,210003270
FAB0175,طلاء وجه خلاط شطافة,الشركة العالمية للتصدير و الإستيراد,,التصنيع,174345bc-5f58-c59c-b48a-3f0b5d1ff910,120.000,200.000,t,,310003268
AASB30106,موزع صابون حساس ابيض,امبرا,OTTO WALL MOUNT,اكسسوارات,081276dc-6952-a613-dc62-614b51522ad0,35.000,80.000,t,,310002955
ARSB80901,طوبو دوش 150سم كروم,بن أمور,مجموعة بن عمر,طوبو دوش,ac78bb51-d153-70a3-ad89-bdb50a8537eb,10.000,20.000,t,,310004467
ELC2005,قرجوطة 32مم *25 م,فاندي,F0025,قراجيط الكهرباء,06d20f1c-34a0-e014-64db-92734ce57411,32.000,50.000,t,,210004224
CC10471,لصقة فأر,الشركة العالمية للتصدير و الإستيراد,,كولة بلاط أرضيات,e47ac07e-2763-bc83-6cf2-c39bb577a1f9,1.500,5.000,t,,210003986
EL10702,حوض مطبخ ستانلس ستيل منظومة بيانو 304 75*46 أسود,بن أمور,7546-B,حوض مطبخ ستانلس ستيل,f3749abe-ab61-138e-bb47-655f16ecc625,600.000,950.000,t,,310003810
ML30519,مرايا حمام مع إضاءة لد 50*70 سم اطار اكريلك,سانيتاري ويرز,4.1.30,مراية مضيئة,b254c840-e3dc-aa50-45cc-22c1a82f1d9d,120.000,180.000,t,,310003590
CD40050,مسطرة دوش زوجية كروم,سانيتاري ويرز,DOUS,مسطرة دوش,f68c4a72-8eb2-7563-07ad-b344ff9fe960,120.000,200.000,t,,310003165
AM40351,مراية دولاب حمام -80 سم,سانيتاري ويرز,8109,مراية دولاب,9a9f39af-a0d0-6a64-969d-7baa03e28c4f,175.000,250.000,t,,210004795
EG40346,رف حوض وجه برسلين 80 سم,رويال,YB14-7,رف حوض وجه برسلين,60d7d8a2-1083-abe4-d894-b1c7f3235d40,60.000,150.000,t,,210003090
EL10251,حوض مطبخ ستانلس ستيل 60*45  أسود,أسيل,AS3467,حوض مطبخ ستانلس ستيل,9a9f39af-a0d0-6a64-969d-7baa03e28c4f,490.000,700.000,t,,210004660
ME10131,خلاط حوض المطبخ سحاب أسود,سانيتاري ويرز,,خلاط حوض المطبخ سحاب,ac78bb51-d153-70a3-ad89-bdb50a8537eb,217.000,350.000,t,,210002727
CD40403,مسطرة دوش زوجية كروم,نوفا,,مسطرة دوش,f330aa66-9a8a-90ee-d535-6c68ff14b0de,95.000,160.000,t,,210004900
ARSB80995,كسكاس دوش مربع 300*300 مم كروم,سانيتاري ويرز,,كسكاس دوش,f68c4a72-8eb2-7563-07ad-b344ff9fe960,138.000,210.000,t,,310003254
MA20032,خلاط حوض المطبخ سحاب أسود,سانيتاري ويرز,,خلاط حوض المطبخ سحاب,081276dc-6952-a613-dc62-614b51522ad0,132.000,370.000,t,,210002762
PA30090,مفك دبل جهتين,سانيتاري ويرز,1706,مفك البراغي يدوي,4db58ef5-0e02-ae07-fc14-5629c40b7689,1.980,5.000,t,,310003088
ML10803,خلاط حوض وجه ذهبي,بن أمور,B.AMOR010,خلاط حوض وجه,f3749abe-ab61-138e-bb47-655f16ecc625,245.000,370.000,t,,310004353
EG30877,حوض مطبخ جرانيت بيج80*50 فردي,ب.أمور,Zarmdine,حوض مطبخ جرانيت,0b31d558-d145-3aaf-232e-dad3cc8669b6,635.000,990.000,t,,310004331
PA30523,ترودي 3.25 * 350 مم (1ممØ),الشركة العالمية للتصدير و الإستيراد,ELKADESIA AG - E 6013,لحام,4db58ef5-0e02-ae07-fc14-5629c40b7689,27.750,50.000,t,,210004039
ML10049,خلاط حوض وجه كروم,هيادياو,HD-5114A,خلاط حوض وجه,0dafba13-51f2-fc5a-eab7-f16d55bcce40,218.000,330.000,t,,210002633
AASB30992,حاملة فوط كروم,بن أمور,50-10-48,اكسسوارات,ac78bb51-d153-70a3-ad89-bdb50a8537eb,15.000,50.000,t,,310004462
ARSB80388,شطاف ظغط مع طوبو كروم,سانيتاري ويرز,418,شطاف,f68c4a72-8eb2-7563-07ad-b344ff9fe960,35.000,80.000,t,,210004211
PA30532,موس مرش,الشركة العالمية للتصدير و الإستيراد,,موس فرش والمقص,4db58ef5-0e02-ae07-fc14-5629c40b7689,2.750,5.000,t,,210004048
MC10056,مجرى 33 سم *10 سم مشبك كروم,فيها,,مجرى,3371605a-058e-4bf1-07a5-d157c54ae58f,45.000,85.000,t,,310003085
PA30350,مفتاح تي بالمقبض رقم 8,الشركة العالمية للتصدير و الإستيراد,,مفك البراغي يدوي,4db58ef5-0e02-ae07-fc14-5629c40b7689,3.250,10.000,t,,210003857
EL10008,حوض مطبخ ستانلس ستيل   304,أسيل,AS 381,حوض مطبخ ستانلس ستيل,2e234c5a-ae37-77f1-3c02-d40e664e7d50,230.000,370.000,t,,210003397
AASB30046,موزع ورق منظف كلينكس أبيض,سانيتاري ويرز,C2 W,اكسسوارات,0dafba13-51f2-fc5a-eab7-f16d55bcce40,49.000,80.000,t,,310002912
ME10041,خلاط حوض المطبخ شلال شجرة أسود,سانيتاري ويرز,8881-9,خلاط حوض المطبخ شجرة,0dafba13-51f2-fc5a-eab7-f16d55bcce40,155.000,230.000,t,,310002779
AASB30010,صابونية كروم,بلوميس,AREO,اكسسوارات,081276dc-6952-a613-dc62-614b51522ad0,35.000,75.000,t,,310002612
CD40754,مسطرة دوش زوجية اسود,سانيتاري ويرز,9614-10,مسطرة دوش,f68c4a72-8eb2-7563-07ad-b344ff9fe960,105.000,250.000,t,,310004092
ARSB81051,اكسسوار وجه خلاط دوش مدفون كروم,توريما,8V01011-092,ملحقات خلاط,3f8e1d44-c2e4-cecd-ff29-48dc418eba21,250.000,400.000,t,,310004522
RA20025,"مثلث 25* 3/4"" سن داخلي",فرات,بي بي ر - PPR,مثلث,1054307a-87a0-d4d2-fe16-bd905fe6a04b,5.795,10.000,t,,310002588
EG30868,حوض مطبخ جرانيت بيج60*45 فردي,ب.أمور,Cedria,حوض مطبخ جرانيت,0b31d558-d145-3aaf-232e-dad3cc8669b6,425.000,640.000,t,,310004322
RA30360,ديسكو جرانيت 9'' 230 مم,فندر,195562,ديسكو منشار دائري,4db58ef5-0e02-ae07-fc14-5629c40b7689,37.000,50.000,t,,210003867
VS10396,حوض وجه معلق -80 سم كريمة,تركواز سيراستايل,SHARP,حوض وجه معلق,9a9f39af-a0d0-6a64-969d-7baa03e28c4f,920.000,1380.000,t,,210004843
ASCA60284,ستريتشة 2.44 متر,الشركة العالمية للتصدير و الإستيراد,,ستريتشة,193a3d2d-d39f-6712-72cb-c5f247087645,30.000,75.000,t,,210003781
AM0359,حوض وجه  دولاب حمام -80 سم,سانيتاري ويرز,8110,دولاب حمام,9a9f39af-a0d0-6a64-969d-7baa03e28c4f,300.000,500.000,t,,210004803
EL10144,حوض مطبخ ستانلس ستيل   80*50  أسود,سانيتاري ويرز,,حوض مطبخ ستانلس ستيل,dc6e5eb0-a2c4-7fc8-161c-528f389f29cc,255.000,400.000,t,,210004524
ART0006,قصبة دوش مربعة 30 سم كروم,رايمر,348S30,قصبة دوش,5bd59cc2-f915-90b2-5eb0-3ec705744a94,145.000,270.000,t,,210004312
AASB30353,فرشة مرحاض كروم,ليسو,2671,اكسسوارات,9a9f39af-a0d0-6a64-969d-7baa03e28c4f,80.000,160.000,t,,210004726
PA30144,سلوم 5 درجات 4.5 متر,الشركة العالمية للتصدير و الإستيراد,,السلالم والسقالات,4db58ef5-0e02-ae07-fc14-5629c40b7689,255.000,320.000,t,,210003637
PS20551,علاقة مناشف زوجية بالعلاقة كروم,سانيتاري ويرز,WL30,علاقة مناشف,9a9f39af-a0d0-6a64-969d-7baa03e28c4f,130.000,220.000,t,,210005086
SA10043,طقم اكسسوار كروم,بريمكس,3200-6,طقم اكسسوارات,0dafba13-51f2-fc5a-eab7-f16d55bcce40,245.000,350.000,f,,210003469
ALVM50392,رأس سيفوني رخامي,سانيتاري ويرز,974,رأس سيفوني,f68c4a72-8eb2-7563-07ad-b344ff9fe960,15.000,40.000,t,,210004215
RD30307,حوض قدم خزف مربع 80*80 سم,اديال سانيتار,,بانيو قدم,e47ac07e-2763-bc83-6cf2-c39bb577a1f9,208.650,330.000,t,,210003044
RFP1812,"فسيبلي "" 1/2 أنثى * ""3/8 أنثى 40سم",فانسكي,,فسيبلي,51882a69-3ac9-cde2-37e3-64e2b7daae96,5.550,15.000,t,,310003929
LG40828,حوض وجه برسلين مشطوف مع رف 80,سانيتاري ويرز,23128C,حوض وجه برسلين,f68c4a72-8eb2-7563-07ad-b344ff9fe960,455.000,750.000,f,,310003949
RA20040,"مخفض 32""* 25"" لحام",فرات,,مخفض,1054307a-87a0-d4d2-fe16-bd905fe6a04b,0.817,5.000,t,,310002603
MM30010,خلاط حوض المطبخ حائطي كروم,اعتماد,VEGA 356T,خلاط حوض المطبخ حائطي,4db58ef5-0e02-ae07-fc14-5629c40b7689,115.000,200.000,t,,210002739
RD30459,حوض قدم مربع  اكريليك100*100,ساناكريل,M311,بانيو قدم,e47ac07e-2763-bc83-6cf2-c39bb577a1f9,455.000,700.000,t,,210004980
RA30038,"ديسكو حديد تنظيف 7"" 180 مم",كداس,A 30 PLUS T-BF,ديسكو منشار دائري,4db58ef5-0e02-ae07-fc14-5629c40b7689,10.500,15.000,t,,210003453
PS20513,علاقة مناشف أسود,بريمكس,6100X-60,علاقة مناشف,ff3ad10c-136f-2eb9-510b-510058532e8d,78.000,200.000,t,,210005045
AASB30108,فرشاة تنظيف مرحاض كروم,سانيتاري ويرز,KW06,اكسسوارات,f68c4a72-8eb2-7563-07ad-b344ff9fe960,45.000,90.000,t,,310002957
PE30087,دلونتي 1لتر,تركواز سيراستايل,ماء تخليط,الجدران والسقف,4db58ef5-0e02-ae07-fc14-5629c40b7689,3.333,5.000,t,,210004397
ARSB80343,مخرج شطاف كروم,سانيتاري ويرز,LY-4003B,مخرج شطاف,3371605a-058e-4bf1-07a5-d157c54ae58f,30.000,130.000,t,,210003087
AASB30045,رف زجاجي كروم,فينوس,VGS-01,اكسسوارات,0dafba13-51f2-fc5a-eab7-f16d55bcce40,71.000,110.000,t,,210003483
MT30018,خلاط شطاف كروم مع شطاف,فرامو,SM102SHT/CR,خلاط شطاف,3371605a-058e-4bf1-07a5-d157c54ae58f,200.000,250.000,t,,310002694
PS20800,علاقة ملابس سداسية,فينوس,NL-06,علاقة مناشف,0dafba13-51f2-fc5a-eab7-f16d55bcce40,48.000,80.000,t,,310003421
LG40391,حوض وجه برسلين 80 سم,رويال,2611,حوض وجه برسلين,f68c4a72-8eb2-7563-07ad-b344ff9fe960,400.000,600.000,t,,210003148
PA30063,مفك سالب,سانيتاري ويرز,193028,مفك البراغي يدوي,4db58ef5-0e02-ae07-fc14-5629c40b7689,4.500,10.000,t,,210004390
ARSB80357,سماعة دوش مع طوبو ذهبي,سلارنو,SS-09,سماعة دوش,dc6e5eb0-a2c4-7fc8-161c-528f389f29cc,25.500,75.000,t,,210004560
ML10053,خلاط حوض وجه قصير مربع أسود,ب.أمور,مجموعة بن عمر,خلاط حوض وجه,193a3d2d-d39f-6712-72cb-c5f247087645,92.000,150.000,t,,210002637
PE30052,طلاء زيتي ضد الصدأ 850 غ أَحْمَر لامع,دهانات المدينة مصراتة,طلاء زيتي,الحديد,4db58ef5-0e02-ae07-fc14-5629c40b7689,13.000,20.000,t,,210003371
PE30402,طلاء مائي داخلي 10 كغ أبيض ربع لمعه,دهانات المدائن,4000,الجدران والسقف,5b018a56-a89e-b7f1-caf0-d8c5eec60a97,120.000,130.000,t,,210004775
VS10873,حوض وجه معلق -75 سم,تركواز سيراستايل,AQUA,حوض وجه معلق,3ef761c8-d645-a9c8-47dc-960089e79b35,570.000,800.000,t,,310003994
PA30447,خيط لينسة,الشركة العالمية للتصدير و الإستيراد,,خيط، حبل,4db58ef5-0e02-ae07-fc14-5629c40b7689,2.350,7.000,t,,210003958
PS20132,علاقة مناشف متحركة كروم,فينوس,1511,علاقة مناشف,0dafba13-51f2-fc5a-eab7-f16d55bcce40,65.000,100.000,t,,310002981
ME10926,خلاط حوض المطبخ شجرة مولة كروم,ليسو,JR031-85,خلاط حوض المطبخ شجرة,f68c4a72-8eb2-7563-07ad-b344ff9fe960,245.000,370.000,t,,310004051
PE30040,طلاء مائي مطفي  18 كغ,الواحة,الواحة لاتاكس,الجدران والسقف,4db58ef5-0e02-ae07-fc14-5629c40b7689,130.950,95.000,t,,210003359
VS10939,حوض وجه معلق -80 سم,سانيتاري واير,G009-80,حوض وجه معلق,3b74be9f-643f-cd77-2128-39d8b10170c9,240.000,400.000,t,,310004409
ML30087,مرايا حمام مع إضاءة لد 50*70 سم,سانيتاري ويرز,GAK77,مراية مضيئة,f68c4a72-8eb2-7563-07ad-b344ff9fe960,65.000,140.000,t,,210004429
VS10883,عمود حوض وجه أرضي أبيض,ايجا فتريفاي,KAPYA-15102001,حوض وجه معلق,e47ac07e-2763-bc83-6cf2-c39bb577a1f9,40.000,130.000,t,,310004004
ML10213,خلاط حوض وجه كروم,PAINI,DAXR SMALL 84CR205LRS,خلاط حوض وجه,95a6cd40-9663-6e5a-2d2b-82c8a97852fc,252.000,390.000,t,,310003325
ATWC50232,بتارية مقعد أرضي تحت في كييس,سانيتاري ويرز,,ملحقات مقاعد,2e234c5a-ae37-77f1-3c02-d40e664e7d50,28.000,42.000,t,,310003348
ARSB80101,مصب دوش مع تحويلة كروم,بريمكس,J006D,مصب دوش,0dafba13-51f2-fc5a-eab7-f16d55bcce40,77.000,125.000,t,,210002806
LG40770,حوض كواريون كوارتز80سم أسود,سانيتاري واير,S80-2,حوض وجه برسلين,f68c4a72-8eb2-7563-07ad-b344ff9fe960,400.000,650.000,t,,310004111
SA10071,طقم اكسسوار,بيروتي,Braga,طقم اكسسوارات,081276dc-6952-a613-dc62-614b51522ad0,52.000,150.000,f,,210003532
PE30088,سيكه فلكس مزود 600مل,تركواز سيراستايل,,استوك,193a3d2d-d39f-6712-72cb-c5f247087645,65.000,85.000,t,,210004324
PLSA0268,"مخفض أنثى ""1/2 ""3/8 كروم",سانيتاري ويرز,,وصلة,5ab52856-ad90-444c-7e94-fd714235d708,2.250,5.000,t,,210002993
VS10123,حوض وجه معلق -75 سم,تركواز سيراستايل,PINTO,حوض وجه معلق,3ef761c8-d645-a9c8-47dc-960089e79b35,596.550,840.000,t,,310003199
ALVM50032,سيفون حوض الوجه كروم,سانيتاري ويرز,Modemes Design,سيفون حوض الوجه,3371605a-058e-4bf1-07a5-d157c54ae58f,78.000,130.000,t,,310002870
ALVM50870,سيفون حوض الوجه كروم,اي ار بي,,سيفون حوض الوجه,dd2fc8ac-5717-c00a-07b0-627c341c4a46,180.000,280.000,t,,210004409
MO10011,خلاط حوض المطبخ تحلية كروم,توريما,AQUA 1782411-T40,خلاط حوض المطبخ تحلية,3f8e1d44-c2e4-cecd-ff29-48dc418eba21,535.000,930.000,t,,310002669
PE30496,طلاء مائي داخلي 18 كغ الكلمنجارو اقتصادي,دهانات المدينة مصراتة,,الجدران والسقف,4db58ef5-0e02-ae07-fc14-5629c40b7689,58.560,54.000,t,,210004449
AASB30529,مجفف شعر أبيض,سانيتاري ويرز,,اكسسوارات,b254c840-e3dc-aa50-45cc-22c1a82f1d9d,62.000,100.000,t,,310003600
PE30417,عصاة ماصة,الشركة العالمية للتصدير و الإستيراد,,مطرقة - ماصة,4db58ef5-0e02-ae07-fc14-5629c40b7689,4.500,10.000,t,,210003928
LG40193,حوض وجه برسلين مشطوف مع رف 80 سم,ليسو,A2080B,حوض وجه برسلين,9a9f39af-a0d0-6a64-969d-7baa03e28c4f,450.000,850.000,t,,210004589
SA10459,طقم اكسسوار كروم,ديولو,5-60-45,طقم اكسسوارات,b254c840-e3dc-aa50-45cc-22c1a82f1d9d,160.000,240.000,t,,310003528
RA20036,مواسير 25'' 4 متر,فرات,بي بي ر - PPR,مواسير - طوبو,1054307a-87a0-d4d2-fe16-bd905fe6a04b,22.250,25.000,t,,310002599
PA30458,ليفة مسمار 60 سم,الشركة العالمية للتصدير و الإستيراد,,أداة المخل,4db58ef5-0e02-ae07-fc14-5629c40b7689,12.000,20.000,t,,210003973
RA30444,ديسكو ليزري 9'' 230 مم,الشركة العالمية للتصدير و الإستيراد,KINGLION,ديسكو منشار دائري,4db58ef5-0e02-ae07-fc14-5629c40b7689,145.000,180.000,t,,210003955
EL10387,حوض مطبخ ستانلس ستيل   304 75 * 45 سم,أسيل,AS3457,حوض مطبخ ستانلس ستيل,f68c4a72-8eb2-7563-07ad-b344ff9fe960,630.000,900.000,t,,210004210
ARSB80709,رقبة خلاط متحركة كروم,ليفرنو هوم,P-IX 38700/IO,ملحقات خلاط,1e40627e-ea09-d325-6c11-fb6c068c423e,10.000,20.000,t,,310003817
RO10494,مسكر زاوية  ''1/2 * ''1/2 كروم,بضائع أوروبية,SCHLOSSER 1709,حنفية,803eabee-b81f-7acb-eb64-b2cae128a7cb,26.150,40.000,t,,310003565
AM0763,دولاب حمام مع حوض 80 سم,سانيتاري ويرز,2611,دولاب حمام,f68c4a72-8eb2-7563-07ad-b344ff9fe960,895.000,1450.000,t,,310004104
PSB10823,دولاب حمام حوض مع مرايا لد -90 سم,سانيتاري ويرز,6112,طقم حمام,f68c4a72-8eb2-7563-07ad-b344ff9fe960,890.000,0.000,t,,310003436
ART0002,سرفنتينة 15 سم * 15 سم كروم,بيورا,FD-01,مجرى,f9f6d83d-5b9d-2d22-c42a-21b487031fad,53.000,75.000,t,,210003260
ARSB82022,شطاف ظغط دائري مع طوبو كروم,توريما,0332911-T40,شطاف,f68c4a72-8eb2-7563-07ad-b344ff9fe960,88.000,140.000,t,,210004486
PE30315,استوك 20 كغ,شركة الحيرة لدهانات,معون الحيرة,استوك,cbc8158a-9b45-9705-3f1d-05cad25ac2d7,45.000,50.000,t,,210004741
ARSB80140,شطاف ظغط دائري مع طوبو كروم,سانيتاري ويرز,AQUACI 406050000,شطاف,5bd59cc2-f915-90b2-5eb0-3ec705744a94,20.000,70.000,t,,310002806
ML11133,خلاط حوض وجه  كروم,ليسو,WL49,خلاط حوض وجه,f68c4a72-8eb2-7563-07ad-b344ff9fe960,210.000,340.000,t,,310004636
WA41056,غطاء مقعد معلق تورنيدو أبيض,ب.أمور,6101/093E,غطاء مقعد,77d76dcb-7fe6-a4b4-4998-83b869291b06,51.000,120.000,t,,310004527
PS20129,علاقة مناشف كروم,سانيتاري ويرز,,علاقة مناشف,f68c4a72-8eb2-7563-07ad-b344ff9fe960,25.000,50.000,t,,310002978
VP20009,حوض وجه فوق الرخام أبيض -49سم,كورنات,4900,حوض فوق الرخام,081276dc-6952-a613-dc62-614b51522ad0,150.000,250.000,t,,310002611
AASB30003,موزع صابون كروم,فينوس,SD12C,اكسسوارات,0dafba13-51f2-fc5a-eab7-f16d55bcce40,41.710,60.000,t,,210003272
MC10070,مجرى 30 سم *6 سم أسود,جي اف مارك,8034X,مجرى,3f8e1d44-c2e4-cecd-ff29-48dc418eba21,80.000,130.000,t,,310003100
VS10821,حوض وجه معلق أبيض 42x56,ب.أمور,LT-2021-S,حوض وجه معلق,77d76dcb-7fe6-a4b4-4998-83b869291b06,215.000,350.000,t,,310004244
ML10822,خلاط حوض وجه أسود,سانيتاري ويرز,OM-35,خلاط حوض وجه,4e069e00-1faf-fec3-009d-c22ff78edd71,85.000,180.000,t,,310003444
MT30243,خلاط شطاف كروم,توريما,VELVET 8V25111-093,خلاط شطاف,9a9f39af-a0d0-6a64-969d-7baa03e28c4f,295.000,340.000,t,,210004652
AASB30310,صابونية كروم حساس,سانيتاري ويرز,WL19,اكسسوارات,9a9f39af-a0d0-6a64-969d-7baa03e28c4f,48.000,80.000,t,,210004735
PE30029,طلاء  أكريليكي عازل رطوبة داخل خارج  10 كغ أبيض,دهانات المدينة مصراتة,الإقتصادي,الجدران والسقف,4db58ef5-0e02-ae07-fc14-5629c40b7689,73.000,120.000,t,,210003325
MC10653,سرفنتينة 15 سم * 15 سم أسود,بن أمور,مجموعة بن عمر,مجرى,ac78bb51-d153-70a3-ad89-bdb50a8537eb,50.000,150.000,t,,310003761
ARSB80337,مصب دوش مع تحويلة كروم,شيزا,48463,مصب دوش,3f8e1d44-c2e4-cecd-ff29-48dc418eba21,85.000,150.000,t,,310002858
PE30412,مقص بي بي ار,الشركة العالمية للتصدير و الإستيراد,,موس فرش والمقص,4db58ef5-0e02-ae07-fc14-5629c40b7689,7.500,20.000,t,,210003923
MDE50040,خلاط دوش مدفون كروم,فرامو,SM207CR,خلاط دوش مدفون,f9f6d83d-5b9d-2d22-c42a-21b487031fad,255.000,365.000,t,,210002770
RA20582,"مخفض قومه 1.5"" * 1.25",سانيتاري ويرز,,مخفض,f68c4a72-8eb2-7563-07ad-b344ff9fe960,3.250,7.000,t,,210004099
MC10715,مجرى 50 سم *7 سم كروم,لونج 304,LONG,مجرى,51882a69-3ac9-cde2-37e3-64e2b7daae96,160.000,300.000,t,,310003823
AASB30773,حامل كلينكس مع فرشاة تنظيف المراحيض,سانيتاري ويرز,WENKO,اكسسوارات,0dafba13-51f2-fc5a-eab7-f16d55bcce40,90.000,150.000,t,,310003394
MTE60038,خلاط شطاف مدفون كروم,فرامو,LM216CR,خلاط شطاف مدفون,f9f6d83d-5b9d-2d22-c42a-21b487031fad,200.000,300.000,t,,210002768
RA20035,"سنيسكا 25"" قصيرة طربوش",فرات,بي بي ر - PPR,سنيسكا,1054307a-87a0-d4d2-fe16-bd905fe6a04b,38.475,55.000,t,,310002598
MD20269,خلاط دوش مع سماعة كروم,أيولي,9410,خلاط دوش,9a9f39af-a0d0-6a64-969d-7baa03e28c4f,280.000,380.000,t,,210004689
PE30205,"سكينة تغليف يد خشب 10""",الشركة العالمية للتصدير و الإستيراد,,أدوات,4db58ef5-0e02-ae07-fc14-5629c40b7689,5.600,10.000,t,,210003699
ARSB80798,كسكاس دوش مربع سميك 25*25 مم مع قصبة كروم,ليسو,JR031-26SQ,كسكاس دوش,f68c4a72-8eb2-7563-07ad-b344ff9fe960,120.000,160.000,t,,310004218
AMEV50120,رقبه خلاط مطبخ مع مقبض,سانيتاري ويرز,,ملحقات خلاطات حوض المطبخ,4db58ef5-0e02-ae07-fc14-5629c40b7689,12.500,25.000,t,,210004484
ARSB80293,"مسكر شطافة ""1/2"" * ""1/2 كروم",سانيتاري ويرز,VERTO,مخرج شطاف,4db58ef5-0e02-ae07-fc14-5629c40b7689,12.750,19.125,t,,310003295
PS20079,علاقة مناشف كروم,سانيتاري ويرز,,علاقة مناشف,f68c4a72-8eb2-7563-07ad-b344ff9fe960,58.000,90.000,t,,210003540
AM0334,حوض وجه  دولاب حمام -80 سم,سانيتاري ويرز,8102,دولاب حمام,9a9f39af-a0d0-6a64-969d-7baa03e28c4f,300.000,500.000,t,,210004778
VS10466,حوض وجه وضوء معا خلاط معا سيفوني صرف,سانيتاري واير,,حوض وجه معلق,71b0de26-4571-b512-a21b-b9c9f2f7d6ca,1150.000,1800.000,t,,210004987
MC10641,مجرى 30سم *3 سم كروم,بن أمور,,مجرى,ac78bb51-d153-70a3-ad89-bdb50a8537eb,80.000,150.000,t,,310003749
PE30101,ملعقة 20سم,اي بي سي,AC70002,ملعقة,4db58ef5-0e02-ae07-fc14-5629c40b7689,5.500,8.000,t,,210003567
AASB30021,رف زاوية كروم,بريمكس,,اكسسوارات,0dafba13-51f2-fc5a-eab7-f16d55bcce40,46.000,80.000,t,,210003430
ME10016,حنفية حوض المطبخ شجرة كروم,فينوس,CALVIN I,حنفية حوض المطبخ,0dafba13-51f2-fc5a-eab7-f16d55bcce40,95.000,160.000,t,,310002725
LG40194,حوض وجه برسلين مشطوف مع رف 80 سم,ليسو,C2080A,حوض وجه برسلين,9a9f39af-a0d0-6a64-969d-7baa03e28c4f,585.000,750.000,t,,210004590
ACOL30576,ريتي لياسة 20 سم * 20 متر,أسترا,,ملحقات غراء البلاط و الأرضيات,f9f6d83d-5b9d-2d22-c42a-21b487031fad,19.500,35.000,t,,210004093
ALVM50058,سيفون حوض الوجه كروم,سوبال,1908A04,سيفون حوض الوجه,3ef761c8-d645-a9c8-47dc-960089e79b35,165.000,230.000,t,,310003087
MDE50760,خلاط دوش مدفون ايدج ذهبي,توريما,8E01033-090 ايدج قديم,خلاط دوش مدفون,3f8e1d44-c2e4-cecd-ff29-48dc418eba21,703.000,830.000,t,,310004160
MA20281,خلاط حوض المطبخ سحاب كروم,ARB,KILC486LYC00,خلاط حوض المطبخ سحاب,dd2fc8ac-5717-c00a-07b0-627c341c4a46,617.500,780.000,t,,210004702
PA30492,منشار جبس 6.5'' 165 مم,فندر,SDY-97744,منشار يدوي,4db58ef5-0e02-ae07-fc14-5629c40b7689,13.750,30.000,t,,210004008
ASCA60290,ستريتشة 3 متر,الشركة العالمية للتصدير و الإستيراد,,ستريتشة,193a3d2d-d39f-6712-72cb-c5f247087645,35.000,80.000,t,,210003787
RS40501,بلاط ارضيات كوطو 60سم * 60 سم (0.360  م²),سانيتاري ويرز,6600050,بلاط الأرضيات,695330b1-f457-9bb1-70db-3ef19382e7c9,47.500,36.000,t,,210005032
EL10933,حوض مطبخ ستانلس ستيل تحت الرخامة 304 75*44 سم,أسيل,AS237DRAWN,حوض مطبخ ستانلس ستيل,b254c840-e3dc-aa50-45cc-22c1a82f1d9d,595.000,830.000,t,,310004403
PLSA0549,وردة كروم  1/2,توريما,ROSQ5690-002-1372,وصلة,9a9f39af-a0d0-6a64-969d-7baa03e28c4f,7.000,12.000,t,,210005084
RFP1426,"فسيبلي "" 1/2 أنثى * ""3/8 أنثى 40سم",سانيتاري ويرز,,فسيبلي,4db58ef5-0e02-ae07-fc14-5629c40b7689,9.500,20.000,t,,210003186
MA20002,خلاط حوض المطبخ سحاب أسود,سانيتاري ويرز,,خلاط حوض المطبخ سحاب,f68c4a72-8eb2-7563-07ad-b344ff9fe960,580.000,790.000,t,,210002730
RA30389,ديسكو جرانيت 7'' 180 مم,بوش,,ديسكو منشار دائري,4db58ef5-0e02-ae07-fc14-5629c40b7689,13.500,30.000,t,,210003900
WS10083,مقعد معلق رايملس أبيض,GALASSIA,5486,مقعد معلق,f68c4a72-8eb2-7563-07ad-b344ff9fe960,1195.000,1750.000,t,,210004425
ARSB80243,مخرج شطاف ذهبي,فرامو,PRA01ORO,مخرج شطاف,f9f6d83d-5b9d-2d22-c42a-21b487031fad,150.000,200.000,t,,310003058
WS10409,مقعد معلق رايملس كريمة,تركواز سيراستايل,IBIZA,مقعد معلق,9a9f39af-a0d0-6a64-969d-7baa03e28c4f,1062.150,1550.000,t,,210004912
ARSB80379,رشاش دوش مربع كروم,ليسو,JR031-7,كسكاس دوش,f68c4a72-8eb2-7563-07ad-b344ff9fe960,48.000,70.000,t,,210003876
VS10189,حوض وجه معلق -65 سم,تركواز سيراستايل,KAPADOKYA,حوض وجه معلق,3ef761c8-d645-a9c8-47dc-960089e79b35,238.000,480.000,t,,210002893
PLSA0322,وردة كروم  1/2,توريما,1372-5690-002,وصلة,9a9f39af-a0d0-6a64-969d-7baa03e28c4f,6.750,10.000,t,,210004754
ARSB80321,مخرج شطاف أسود,بريمكس,J004G,مخرج شطاف,0dafba13-51f2-fc5a-eab7-f16d55bcce40,36.000,75.000,t,,210003062
LG40385,حوض وجه برسلين مع رف 65 سم,رويال,YB036_9,حوض وجه برسلين,60d7d8a2-1083-abe4-d894-b1c7f3235d40,460.000,750.000,t,,210003142
PS20636,علاقة ملابس ثلاثية كروم,بن أمور,Y3-4Z-C,علاقة مناشف,ac78bb51-d153-70a3-ad89-bdb50a8537eb,15.000,30.000,t,,310003744
AB10562,خزانة حمام أبيض,سانيتاري ويرز,9914,خزانة حمام,9a9f39af-a0d0-6a64-969d-7baa03e28c4f,195.000,400.000,t,,210005097
LG40331,حوض وجه برسلين 65 سم,رويال,YB036_7,حوض وجه برسلين,60d7d8a2-1083-abe4-d894-b1c7f3235d40,400.000,600.000,t,,210003073
SA10810,طقم اكسسوار كروم الامونيوم,ليسو,18B-079,طقم اكسسوارات,9a9f39af-a0d0-6a64-969d-7baa03e28c4f,130.000,240.000,t,,210004935
RA35441,ديسكو جرانيت 4.5'' 115 مم,اي بي سي,3549-21,ديسكو منشار دائري,f330aa66-9a8a-90ee-d535-6c68ff14b0de,12.500,20.000,t,,210004953
PS20172,علاقة ملابس فردية كروم,KBM,4006,علاقة مناشف,ff3ad10c-136f-2eb9-510b-510058532e8d,22.500,50.000,t,,310003024
RD30578,حوض قدم خزف مربع 90*90 سم,سانيتاري ويرز,,بانيو قدم,e47ac07e-2763-bc83-6cf2-c39bb577a1f9,137.000,210.000,t,,310003682
AM0827,حوض وجه مع دولاب حمام مع خزانة مع مراية -80 سم,سانيتاري ويرز,9936,دولاب حمام,f68c4a72-8eb2-7563-07ad-b344ff9fe960,1220.000,1850.000,t,,310004253
MC10008,سرفنتينة 15 سم * 15 سم كروم,بيورا,FD-61,مجرى,f9f6d83d-5b9d-2d22-c42a-21b487031fad,55.000,75.000,t,,210003268
ARSB80396,قصبة دوش دائري 30 سم كروم,ليسو,,قصبة دوش,f68c4a72-8eb2-7563-07ad-b344ff9fe960,22.000,50.000,t,,310002888
ML10029,خلاط حوض وجه طويل كروم,فينوس,RACHEL B2,خلاط حوض وجه,0dafba13-51f2-fc5a-eab7-f16d55bcce40,212.760,330.000,t,,210002612
ALVM50023,رأس سيفوني كروم,توريما,1372-007,رأس سيفوني,dc6e5eb0-a2c4-7fc8-161c-528f389f29cc,33.000,70.000,t,,310002683
PS20173,علاقة ملابس فردية أسود,KBM,9103,علاقة مناشف,e47ac07e-2763-bc83-6cf2-c39bb577a1f9,15.000,35.000,t,,310003025
MTE60028,خلاط شطاف مدفون برنزي,فرامو,PA206BRO,خلاط شطاف مدفون,f9f6d83d-5b9d-2d22-c42a-21b487031fad,525.000,650.000,t,,310002705
PE30076,لصقة دبل فيس 5 سم,الشركة العالمية للتصدير و الإستيراد,,المواد اللاصقة و العازلة,4db58ef5-0e02-ae07-fc14-5629c40b7689,5.500,10.000,t,,210004388
PA30448,خيط لينسة,الشركة العالمية للتصدير و الإستيراد,,خيط، حبل,4db58ef5-0e02-ae07-fc14-5629c40b7689,2.750,9.000,t,,210003959
VS10221,حوض وجه سداسي معلق أبيض,ب.أمور,SH-B182-H,حوض وجه معلق,56855bde-1190-92a2-afb0-419a9650977f,150.000,225.000,t,,210002936
PD20041,حاجز دوش 8 مم  مظلم80  سم,ليسو,WIC-80A,حاجز دوش,f68c4a72-8eb2-7563-07ad-b344ff9fe960,410.000,600.000,t,,210004355
AB10744,خزانة حمام أبيض,سانيتاري ويرز,001,خزانة حمام,b254c840-e3dc-aa50-45cc-22c1a82f1d9d,200.000,300.000,t,,310004081
EL10685,حوض مطبخ ستانلس ستيل 304 75*45,بن أمور,مجموعة بن عمر,حوض مطبخ ستانلس ستيل,ac78bb51-d153-70a3-ad89-bdb50a8537eb,250.000,450.000,t,,310003793
ME10614,خلاط حوض المطبخ شجرة أسود,سالرنو,HF-16,خلاط حوض المطبخ شجرة,dc6e5eb0-a2c4-7fc8-161c-528f389f29cc,57.500,120.000,f,,310003722
EG30252,حوض مطبخ جرانيت أسود  80*50,سانيبال,توكس,حوض مطبخ جرانيت,e47ac07e-2763-bc83-6cf2-c39bb577a1f9,415.000,620.000,t,,210002974
ML10098,خلاط حوض وجه أسود,نيوأرك,AQUA 941521B,خلاط حوض وجه,e47ac07e-2763-bc83-6cf2-c39bb577a1f9,230.000,320.000,t,,310002788
ML30464,مرايا حمام مع إضاءة لد مربعة 60*80سم,سانيتاري ويرز,1519,مراية مضيئة,9a9f39af-a0d0-6a64-969d-7baa03e28c4f,97.000,180.000,t,,210004985
PD20124,حاجز دوش 8 مم  مضبب80  سم,ليسو,WIC-80D,حاجز دوش,f68c4a72-8eb2-7563-07ad-b344ff9fe960,355.000,600.000,t,,210004285
VP20162,حوض وجه فوق الرخام أبيض,بضائع أوروبية,,حوض فوق الرخام,f68c4a72-8eb2-7563-07ad-b344ff9fe960,100.000,160.000,t,,310003238
ALVM50517,رأس سيفوني كروم,سانيتاري ويرز,,رأس سيفوني,f68c4a72-8eb2-7563-07ad-b344ff9fe960,49.000,75.000,t,,310003588
PE30216,شفاط ابيض,ABM,N,مثقاب كهربائي,dc6e5eb0-a2c4-7fc8-161c-528f389f29cc,34.500,80.000,t,,210004623
WS10168,مقعد معلق رايملس أسود,ب.أمور,SH-A001-MB,مقعد معلق,56855bde-1190-92a2-afb0-419a9650977f,565.000,750.000,t,,210002872
VS10881,حوض وجه فوق الرخام أبيض -40*34 سم,ايجا فتريفاي,LAGINA-35381001,حوض وجه معلق,e47ac07e-2763-bc83-6cf2-c39bb577a1f9,80.000,150.000,t,,310004002
ART0007,كسكاس دوش مربع 200*200 مم كروم,رايمر,,كسكاس دوش,5bd59cc2-f915-90b2-5eb0-3ec705744a94,145.000,230.000,t,,210004313
EL10238,حوض مطبخ ستانلس ستيل   90*45  كروم,بريمكس,EC 05,حوض مطبخ ستانلس ستيل,eaec4caa-2cd8-a5a0-0ace-817c235e4ecc,355.000,550.000,t,,210002957
EG40342,رف حوض وجه برسلين 80 سم,رويال,YB14-13,رف حوض وجه برسلين,60d7d8a2-1083-abe4-d894-b1c7f3235d40,60.000,150.000,t,,210003086
ATWC50525,زر بتريا أسود,غروهي,38966KFO,ملحقات مقاعد,f592fa51-d431-40c9-f38d-39cdf4092eb2,385.000,750.000,t,,210005059
ALVM50280,رأس سيفوني أبيض,يولي,,رأس سيفوني,0dafba13-51f2-fc5a-eab7-f16d55bcce40,31.000,50.000,t,,210003009
RA20128,مثلث كروم سن داخلي 1/2,سانيتاري ويرز,,مثلث,f68c4a72-8eb2-7563-07ad-b344ff9fe960,8.750,13.125,t,,310003353
RFP1430,"فسيبلي "" 1/2 ذكر * ""1/2 أنثى 50سم",سانيتاري ويرز,,فسيبلي,4db58ef5-0e02-ae07-fc14-5629c40b7689,12.750,25.000,t,,210003190
EG30883,حوض مطبخ جرانيت رصاصي78*50 فردي,ب.أمور,Sousse,حوض مطبخ جرانيت,0b31d558-d145-3aaf-232e-dad3cc8669b6,555.000,880.000,t,,310004337
EG30564,حوض مطبخ جرانيت أسود محبب  80*50,سانيبال,فلورا,حوض مطبخ جرانيت,e47ac07e-2763-bc83-6cf2-c39bb577a1f9,350.000,530.000,t,,310003668
VP20483,حوض وجه فوق الرخام أبيض -40*30 سم,ب.أمور,SH-8218A,حوض فوق الرخام,56855bde-1190-92a2-afb0-419a9650977f,103.000,200.000,t,,310003554
ALVM50033,سيفون حوض الوجه بلاستك كروم,سانيتاري ويرز,BONOMINI 0595PR25K7,سيفون حوض الوجه,f68c4a72-8eb2-7563-07ad-b344ff9fe960,65.000,100.000,t,,310002871
RD30586,حوض قدم مستطيل شريحة 100*80سم,سانيبال,غلاكسيت,بانيو قدم,e47ac07e-2763-bc83-6cf2-c39bb577a1f9,901.250,1350.000,t,,310003690
DAF0887,دفاية كروم,سانيتاري ويرز,WL 34,دفايات,f68c4a72-8eb2-7563-07ad-b344ff9fe960,460.000,690.000,t,,310004008
PA3543,مسمارخرسانة رقم 1 (150غ),الشركة العالمية للتصدير و الإستيراد,,مسمار,4db58ef5-0e02-ae07-fc14-5629c40b7689,1.200,3.000,t,,210004060
PE30446,صندوق عدة بلاستك رقم21,اي بي سي,AC1880,صندوق الأدوات,f330aa66-9a8a-90ee-d535-6c68ff14b0de,50.000,65.000,t,,210004963
ARSB80300,"مسكر شطافة ""1/2"" * ""1/2 كروم",بضائع أوروبية,5630,مخرج شطاف,4db58ef5-0e02-ae07-fc14-5629c40b7689,29.500,40.000,t,,310003299
MLE40821,خلاط حوض وجه مدفون ذهبي,توريما,EDGE 8E31333-094,خلاط حوض وجه مدفون,3f8e1d44-c2e4-cecd-ff29-48dc418eba21,850.000,1300.000,t,,310003926
RA30023,"كوربة باب 4"" 87.5°",الرطيل,جي أم GM,كوع - كوربة,4db58ef5-0e02-ae07-fc14-5629c40b7689,18.750,25.000,t,,210003421
PE30401,طلاء مائي داخلي 18 كغ أبيض مطفي,دهانات المدائن,2002,الجدران والسقف,5b018a56-a89e-b7f1-caf0-d8c5eec60a97,78.000,85.000,t,,210004774
MT30025,خلاط شطاف مع شطاف كروم,شيزا,LAYER,خلاط شطاف,3f8e1d44-c2e4-cecd-ff29-48dc418eba21,130.000,200.000,t,,310002639
RA30358,ديسكو جرانيت 9'' 230 مم,فندر,195547,ديسكو منشار دائري,4db58ef5-0e02-ae07-fc14-5629c40b7689,37.000,50.000,t,,210003865
RE10218,حنفية حوض المطبخ شجرة كروم,سانيتاري ويرز,SALERNO,حنفية حوض المطبخ,dc6e5eb0-a2c4-7fc8-161c-528f389f29cc,13.750,30.000,t,,210004625
PA30608,حبل رقم 12,الشركة العالمية للتصدير و الإستيراد,,خيط، حبل,4db58ef5-0e02-ae07-fc14-5629c40b7689,0.814,2.000,t,,210004126
PE30528,بونتة حديد رقم 3,سانيتاري واير,,مثقاب كهربائي,f330aa66-9a8a-90ee-d535-6c68ff14b0de,1.850,5.000,t,,210005062
ARSB80915,شطاف ظغط مربع مع طوبو كروم,ليسو,608,شطاف,f68c4a72-8eb2-7563-07ad-b344ff9fe960,78.000,150.000,f,,310004038
ML10037,خلاط حوض وجه طويل ذهبي,سانيتاري واير,,خلاط حوض وجه,081276dc-6952-a613-dc62-614b51522ad0,188.000,380.000,t,,210002621
RFP1419,"فسيبلي "" 1/2 أنثى * ""1/2 أنثى 20سم",سالرنو,ITALY,فسيبلي,4db58ef5-0e02-ae07-fc14-5629c40b7689,8.500,20.000,t,,210003177
ARSB80722,كسكاس دوش دائري 300 مم كروم,ديولو,,كسكاس دوش,b254c840-e3dc-aa50-45cc-22c1a82f1d9d,48.000,95.000,t,,310003834
WP20166,مقعد أرضي ملحوم بيضوي أبيض,ب.أمور,SH-GA801,مقعد أرضي,56855bde-1190-92a2-afb0-419a9650977f,610.000,1050.000,t,,210002870
SA10233,طقم اكسسوار دهبي,سانيتاري ويرز,203,طقم اكسسوارات,dc6e5eb0-a2c4-7fc8-161c-528f389f29cc,165.000,280.000,t,,210004640
ACE20266,فلفلة سخانة,سانيتاري ويرز,,ملحقات سخانات,4db58ef5-0e02-ae07-fc14-5629c40b7689,11.500,20.000,t,,210002991
PA30251,ميزان 50 سم,صولا,,أدوات القياس والتتبع,4db58ef5-0e02-ae07-fc14-5629c40b7689,8.500,15.000,t,,210003744
ARSB80011,سماعة دوش مع طوبو كروم,سانيتاري واير,,سماعة دوش,4db58ef5-0e02-ae07-fc14-5629c40b7689,14.500,30.000,t,,210003120
PE30472,ورق سنفرة 7بوصة 8فتحات,الشركة العالمية للتصدير و الإستيراد,P 180,ماكينة صنفرة,4db58ef5-0e02-ae07-fc14-5629c40b7689,0.850,3.000,t,,210004404
ARSB80370,سماعة دوش كروم,سانيتاري واير,,سماعة دوش,081276dc-6952-a613-dc62-614b51522ad0,23.000,45.000,t,,210003126
PE30884,زمالطو ضد الصدأ1كغ أسود,دهانات المدينة مصراتة,,الحديد,f330aa66-9a8a-90ee-d535-6c68ff14b0de,13.440,20.000,t,,210004973
EG40348,رف حوض وجه برسلين 80 سم,رويال,YB14-4,رف حوض وجه برسلين,60d7d8a2-1083-abe4-d894-b1c7f3235d40,60.000,150.000,t,,210003092
AASB30220,موزع صابون ابيض,فينوس,SD14W,اكسسوارات,0dafba13-51f2-fc5a-eab7-f16d55bcce40,26.000,50.000,t,,310003162
ARSB80796,كسكاس دوش دائري شريحة 250*250 مم مع قصبة كروم,ليسو,JR133-1C-ROUND,كسكاس دوش,f68c4a72-8eb2-7563-07ad-b344ff9fe960,95.000,150.000,t,,310004208
PA30481,بينسة رقم 7,اي بي سي,AC18796,مفك البراغي يدوي,4db58ef5-0e02-ae07-fc14-5629c40b7689,12.750,20.000,t,,210003997
LG40199,حوض وجه برسلين مشطوف مع رف 80 سم,ليسو,A2080A,حوض وجه برسلين,9a9f39af-a0d0-6a64-969d-7baa03e28c4f,450.000,850.000,t,,210004595
EL10017,حوض مطبخ ستانلس ستيل   304 81*51 كروم,أسيل,AS 187,حوض مطبخ ستانلس ستيل,f68c4a72-8eb2-7563-07ad-b344ff9fe960,330.000,495.000,t,,310002622
AM0975,دولاب حمام -60 سم,بن أمور,009-60,دولاب حمام,3b74be9f-643f-cd77-2128-39d8b10170c9,310.000,600.000,t,,310004445
ARSB80394,قصبة دوش 28 سم كروم,فينوس,,قصبة دوش,0dafba13-51f2-fc5a-eab7-f16d55bcce40,26.000,55.000,t,,310002887
PLSA0509,نبلس حديد 3/4,سانيتاري ويرز,,وصلة,4db58ef5-0e02-ae07-fc14-5629c40b7689,1.300,5.000,t,,210004025
PE30533,سكينة تغليف8 بلستك,اي بي سي,,أدوات,4db58ef5-0e02-ae07-fc14-5629c40b7689,6.750,12.000,t,,210005067
ALVM50218,مثبت حوض الوجه,سانيتاري ويرز,,ملحقات أحواض مغاسل,56855bde-1190-92a2-afb0-419a9650977f,1.000,5.000,t,,310003330
CD40114,مسطرة دوش لاد مع خلاط ذهبي,ا بي ام انترناشونال,,مسطرة دوش,f68c4a72-8eb2-7563-07ad-b344ff9fe960,395.000,570.000,t,,210002710
RA20767,مخفض 1/2*3/4 كروم,فينوس,139,مخفض,0dafba13-51f2-fc5a-eab7-f16d55bcce40,3.750,5.625,t,,310003388
ARSB80446,قصبة دوش 40 سم كروم,فينوس,SAR18,قصبة دوش,0dafba13-51f2-fc5a-eab7-f16d55bcce40,104.760,180.000,t,,210004882
PLSA0443,مطول 1/2*50 مم كروم,سانيتاري ويرز,,وصلة,3371605a-058e-4bf1-07a5-d157c54ae58f,13.500,18.000,t,,310003512
ATWC50244,مثبت مقعد أرضي,سانيتاري ويرز,,ملحقات مقاعد,4db58ef5-0e02-ae07-fc14-5629c40b7689,2.750,10.000,t,,210002964
AASB30116,حاملة منظفات زوجي كروم,سانيتاري ويرز,BAATH,اكسسوارات,081276dc-6952-a613-dc62-614b51522ad0,30.000,60.000,t,,310002965
AM0780,حوض وجه مع دولاب حمام مع خزانة مع مراية -80 سم,سانيتاري ويرز,038,دولاب حمام,b254c840-e3dc-aa50-45cc-22c1a82f1d9d,1080.000,1650.000,t,,310004121
MC10455,مجرى 50 سم *8 سم مشبكة كروم,سانيتاري ويرز,,مجرى,ac78bb51-d153-70a3-ad89-bdb50a8537eb,63.875,130.000,t,,210003218
SA10427,طقم اكسسوار كروم,ديولو,150-30-48,طقم اكسسوارات,b254c840-e3dc-aa50-45cc-22c1a82f1d9d,220.000,330.000,t,,310003495
AASB30105,موزع صابون حساس ابيض,امبرا,OTTO FOAMING,اكسسوارات,081276dc-6952-a613-dc62-614b51522ad0,35.000,80.000,t,,310002954
RA20483,بوتلين مسكر1*1ربط من جهتين,فرات,,سنيسكا,f330aa66-9a8a-90ee-d535-6c68ff14b0de,14.500,25.000,t,,210005014
PE30032,استوك 20 كغ,دهانات المدينة مصراتة,معجون المدينة مصراتة,استوك,4db58ef5-0e02-ae07-fc14-5629c40b7689,70.810,55.000,t,,210003328
ARSB80187,كسكاس دوش دائري 250 مم مع قصبة كروم,سانيتاري ويرز,MAF ELSEAH,كسكاس دوش,f68c4a72-8eb2-7563-07ad-b344ff9fe960,56.000,100.000,t,,310003006
ARSB80478,قصبة دوش 40 سم سقفية اسود,سانيتاري ويرز,,قصبة دوش,95d22529-eb35-a000-949b-cc311fec737c,57.000,85.000,t,,210004992
LG40788,طقم حوض وجه مع دولاب حمام -  80سم,سانيتاري ويرز,2151,حوض وجه برسلين,f68c4a72-8eb2-7563-07ad-b344ff9fe960,345.000,1650.000,t,,310003409
CC10189,صليبة سن ذكر 100 قطعة,الشركة العالمية للتصدير و الإستيراد,,كولة بلاط أرضيات,51882a69-3ac9-cde2-37e3-64e2b7daae96,8.500,25.000,t,,310003282
PA30854,ماكينة سلكون ثقيلة,اي بي سي,,مسدس الغراء,f330aa66-9a8a-90ee-d535-6c68ff14b0de,19.500,28.000,t,,210004944
MA20913,خلاط حوض المطبخ سحاب أسود مطفي,بن أمور,B.AMOR031,خلاط حوض المطبخ سحاب,f3749abe-ab61-138e-bb47-655f16ecc625,210.000,320.000,t,,310004374
ALVM50368,طابة حوض الوجه,سانيتاري ويرز,,ملحقات أحواض مغاسل,f68c4a72-8eb2-7563-07ad-b344ff9fe960,18.000,35.000,t,,210004191
ML10764,خلاط حوض وجه أسود,ليسو,B-079,خلاط حوض وجه,f68c4a72-8eb2-7563-07ad-b344ff9fe960,95.000,180.000,t,,310003874
ML30498,مرايا حمام مع إضاءة لد 80*60 سم,سانيتاري ويرز,SYC009,مراية مضيئة,9a9f39af-a0d0-6a64-969d-7baa03e28c4f,120.000,220.000,t,,210005029
ELC1067,سلك كهرباء 2 *2.5 مم²,الشركة العالمية للتصدير و الإستيراد,سلك مفتول,الأسلاك والكابلات,4db58ef5-0e02-ae07-fc14-5629c40b7689,0.285,1.500,t,,210004399
AASB30801,مجفف يد أبيض,فينوس,HD-600,اكسسوارات,0dafba13-51f2-fc5a-eab7-f16d55bcce40,145.000,220.000,t,,310003422
PA30138,مكنسة 60 سم,الشركة العالمية للتصدير و الإستيراد,,مكنسة خارجية,4db58ef5-0e02-ae07-fc14-5629c40b7689,11.250,17.000,t,,210003631
MA20042,خلاط حوض المطبخ سحاب اسود,تركواز سيراستايل,,خلاط حوض المطبخ سحاب,2e234c5a-ae37-77f1-3c02-d40e664e7d50,120.000,200.000,t,,210003344
MD20012,خلاط دوش مع سماعة كروم,سانيتاري ويرز,,خلاط دوش,f68c4a72-8eb2-7563-07ad-b344ff9fe960,80.000,130.000,t,,210002651
PS20473,علاقة مناشف مع رف كروم,سانيتاري ويرز,,علاقة مناشف,0dafba13-51f2-fc5a-eab7-f16d55bcce40,138.000,220.000,t,,210003246
ME10037,خلاط حوض المطبخ شجرة لاد كروم,ليفرنو هوم,,خلاط حوض المطبخ شجرة,081276dc-6952-a613-dc62-614b51522ad0,125.000,260.000,t,,210002767
ML30795,مرايا حمام ضد البخار مع إضاءة لد 60*80 سم,سانيتاري ويرز,4014,مراية مضيئة,f68c4a72-8eb2-7563-07ad-b344ff9fe960,105.000,170.000,t,,310003906
AASB31129,رف زاوية زوجي ذهبي,ليسو,WL81,اكسسوارات,f68c4a72-8eb2-7563-07ad-b344ff9fe960,145.000,220.000,t,,310004632
MTE60025,خلاط شطاف مدفون كروم,رايمر,EY30,خلاط شطاف مدفون,5bd59cc2-f915-90b2-5eb0-3ec705744a94,170.000,260.000,t,,210002755
VS10491,حوض وجه معلق -60 * 45 سم,تركي,70C60,حوض وجه معلق,3ef761c8-d645-a9c8-47dc-960089e79b35,275.000,400.000,t,,310003562
AM40825,مراية دولاب حمام لد -80 سم,سانيتاري ويرز,9142,مراية دولاب,f68c4a72-8eb2-7563-07ad-b344ff9fe960,100.000,200.000,t,,310003447
PS20665,علاقة مناشف زوجية كروم,بن أمور,مجموعة بن عمر,علاقة مناشف,ac78bb51-d153-70a3-ad89-bdb50a8537eb,40.000,120.000,t,,310003773
WA41057,غطاء مقعد معلق تورنيدو أبيض,ب.أمور,6101/046E,غطاء مقعد,77d76dcb-7fe6-a4b4-4998-83b869291b06,51.000,120.000,t,,310004528
ML10791,خلاط حوض وجه طويل ذهبي,سانيتاري ويرز,OM-1-6-G,خلاط حوض وجه,b254c840-e3dc-aa50-45cc-22c1a82f1d9d,235.000,380.000,t,,310004133
WS10128,مقعد معلق رايملس أبيض,نيوأرك,3823,مقعد معلق,e47ac07e-2763-bc83-6cf2-c39bb577a1f9,425.000,550.000,t,,310003204
MT30149,خلاط شطاف مع شطاف ذهبي,سانيتاري ويرز,3003,خلاط شطاف,dc6e5eb0-a2c4-7fc8-161c-528f389f29cc,97.500,140.000,t,,210004532
VS10204,حوض وجه معلق أبيض -50سم,ب.أمور,8302A,حوض وجه معلق,56855bde-1190-92a2-afb0-419a9650977f,154.000,250.000,t,,210002912
CD40621,مسطرة دوش زوجية مربعة مع خلاط كروم,بن أمور,مجموعة بن عمر,مسطرة دوش,ac78bb51-d153-70a3-ad89-bdb50a8537eb,300.000,510.000,t,,310003729
PE30400,طلاء المدائن 2000بلاستك 20كجم,دهانات المدينة مصراتة,,الجدران والسقف,5b018a56-a89e-b7f1-caf0-d8c5eec60a97,60.000,65.000,t,,210004773
WP20158,مقعد أرضي ملحوم طويل أبيض,ب.أمور,SH-9009,مقعد أرضي,56855bde-1190-92a2-afb0-419a9650977f,461.000,700.000,t,,210002862
EL50228,ڨويدة 10 متر,الشركة العالمية للتصدير و الإستيراد,,ملحقات الكهرباء,4db58ef5-0e02-ae07-fc14-5629c40b7689,20.500,25.000,t,,210003721
ARSB80329,كسكاس دوش مربع 400*400 مم كروم,هوادياو,7025-16,كسكاس دوش,0dafba13-51f2-fc5a-eab7-f16d55bcce40,265.000,400.000,t,,210004753
VS10820,حوض وجه معلق أبيض 36x52,ب.أمور,LT-2002,حوض وجه معلق,77d76dcb-7fe6-a4b4-4998-83b869291b06,170.000,350.000,t,,310004242
ARSB80078,شطاف ظغط مربع مع طوبو أسود,ميبت,MAYA,شطاف,0dafba13-51f2-fc5a-eab7-f16d55bcce40,43.000,75.000,t,,210002674
AM0120,دولاب حمام 100 سم أبيض,سانيتاري ويرز,9135,دولاب حمام,f68c4a72-8eb2-7563-07ad-b344ff9fe960,700.000,1000.000,t,,210004281
PA30475,مقص حدائق,الشركة العالمية للتصدير و الإستيراد,,مقص العشب,4db58ef5-0e02-ae07-fc14-5629c40b7689,18.000,35.000,t,,210003991
ML30081,مرايا حمام مع إضاءة لد 60*80 سم,سانيتاري ويرز,121150,مراية مضيئة,f68c4a72-8eb2-7563-07ad-b344ff9fe960,85.000,160.000,t,,210004423
RFP1422,فسيبلي خلاط سحاب,ليريا,NT-240401-12,فسيبلي,9a9f39af-a0d0-6a64-969d-7baa03e28c4f,20.000,40.000,t,,210004927
ML30305,مرايا حمام مع إضاءة لد 80*60 سم,ستار سانيتار,18,مراية مضيئة,9a9f39af-a0d0-6a64-969d-7baa03e28c4f,80.000,180.000,t,,210004729
PA30564,فيتي بالخبور 10مم (50 قطعة),الشركة العالمية للتصدير و الإستيراد,7203B,برغي,4db58ef5-0e02-ae07-fc14-5629c40b7689,17.500,25.000,t,,210004081
PE30044,طلاء زيتي 700 غ أصفر لامع,دهانات المدينة مصراتة,طلاء زيتي,الحديد,4db58ef5-0e02-ae07-fc14-5629c40b7689,15.000,40.000,t,,210003363
MA20912,خلاط حوض المطبخ سحاب كروم,بن أمور,B.AMOR029,خلاط حوض المطبخ سحاب,f3749abe-ab61-138e-bb47-655f16ecc625,190.000,280.000,t,,310004373
ARSB80262,قلب خلاط كبير,سانيتاري ويرز,,ملحقات خلاط,0dafba13-51f2-fc5a-eab7-f16d55bcce40,16.000,30.000,t,,210002985
PA30550,فيتي لاميرة 4.2 * 25 (100غ),الشركة العالمية للتصدير و الإستيراد,,برغي,4db58ef5-0e02-ae07-fc14-5629c40b7689,1.575,5.000,t,,210004067
MD20020,خلاط دوش مع سماعة كروم,فرامو,SM202CR,خلاط دوش,3371605a-058e-4bf1-07a5-d157c54ae58f,335.000,450.000,t,,310002696
RA20507,طابة نهاية خط حديد 1,الشركة العالمية للتصدير و الإستيراد,,طابة,1054307a-87a0-d4d2-fe16-bd905fe6a04b,1.450,5.000,t,,210004023
PA30236,تسيلي حديد 10 مم,الشركة العالمية للتصدير و الإستيراد,,شد برغي,4db58ef5-0e02-ae07-fc14-5629c40b7689,1.100,4.000,t,,210003729
PS20175,علاقة ملابس زوجية أسود,KBM,8105,علاقة مناشف,e47ac07e-2763-bc83-6cf2-c39bb577a1f9,20.000,60.000,t,,310003027
PE30027,طلاء مائي داخلي 20 كغ أبيض,دهانات المدينة مصراتة,أصول,الجدران والسقف,4db58ef5-0e02-ae07-fc14-5629c40b7689,87.300,70.000,t,,210003323
ARSB81077,كسكاس دوش مربع شريحه كروم 300 مم,LONDA,B031Q1302-CR,كسكاس دوش,93ead9a8-1565-7895-eba8-1a3572957f4c,195.000,320.000,t,,310004548
PS20760,علاقة مناشف,سانيتاري ويرز,6-133,علاقة مناشف,f68c4a72-8eb2-7563-07ad-b344ff9fe960,35.000,70.000,t,,310003381
AASB30053,حاملة فوط كروم,فينوس,VA-02,اكسسوارات,0dafba13-51f2-fc5a-eab7-f16d55bcce40,60.140,90.000,t,,210003497
ME10572,خلاط حوض المطبخ شجرة كروم,توريما,TAG 8L52611-040,خلاط حوض المطبخ شجرة,f68c4a72-8eb2-7563-07ad-b344ff9fe960,225.000,400.000,t,,310003676
EL50519,لصقة خزان 10 سم 5 متر,الشركة العالمية للتصدير و الإستيراد,,ملحقات الكهرباء,4db58ef5-0e02-ae07-fc14-5629c40b7689,16.750,30.000,t,,210004035
ASCA60292,ستريتشة 3 متر,الشركة العالمية للتصدير و الإستيراد,,ستريتشة,193a3d2d-d39f-6712-72cb-c5f247087645,35.000,80.000,t,,210003789
RO10159,مسكر زاوية  ''1/2 * ''1/2 ذهبي,فاردر,,حنفية,dc6e5eb0-a2c4-7fc8-161c-528f389f29cc,14.500,25.000,t,,210004542
AM0959,دولاب حمام -70 سم,بن أمور,330-70,دولاب حمام,3b74be9f-643f-cd77-2128-39d8b10170c9,300.000,650.000,t,,310004429
MDE50674,خلاط دوش مدفون شريحة دائري كروم,توريما,THEOS 9201011-093,خلاط دوش مدفون,3f8e1d44-c2e4-cecd-ff29-48dc418eba21,345.000,520.000,t,,310003782
ARSB80264,مطول فسيبلي خلاط نحاس,فينوس,,ملحقات خلاط,0dafba13-51f2-fc5a-eab7-f16d55bcce40,6.000,15.000,t,,210002988
MM30025,خلاط حوض المطبخ حائطي كروم,شيزا,ROBIN,خلاط حوض المطبخ حائطي,3f8e1d44-c2e4-cecd-ff29-48dc418eba21,135.000,230.000,t,,310002629
RA20028,كواردة 32 لحام FIRAT,فرات,بي بي ر - PPR,كواردة,1054307a-87a0-d4d2-fe16-bd905fe6a04b,5.178,15.000,t,,310002591
CD40002,مسطرة دوش زوجية كروم,بضائع أوروبية,5034-E MONTE,مسطرة دوش,f68c4a72-8eb2-7563-07ad-b344ff9fe960,350.000,550.000,t,,310003135
RFP1094,"فسيبلي "" 1/2 أنثى * ""1/2 أنثى 60سم",سانيتاري ويرز,,فسيبلي,4db58ef5-0e02-ae07-fc14-5629c40b7689,13.500,20.000,t,,210004255
RE10018,حنفية حوض المطبخ شجرة كروم,سانيتاري ويرز,MINIX 210040029,حنفية حوض المطبخ,f68c4a72-8eb2-7563-07ad-b344ff9fe960,65.000,130.000,t,,310002804
RA30018,"كوربة 1.5"" - 45°",الرطيل,جي أم GM,كوع - كوربة,4db58ef5-0e02-ae07-fc14-5629c40b7689,2.300,7.000,t,,210003412
LG40296,حوض رخامي كوارتز 80سم,سانيتاري واير,2608,حوض وجه برسلين,2e234c5a-ae37-77f1-3c02-d40e664e7d50,500.000,700.000,t,,210004719
ARSB80232,طوبو شطاف 120 سم ذهبي,سانيتاري ويرز,,طوبو شطاف,4db58ef5-0e02-ae07-fc14-5629c40b7689,10.000,25.000,t,,310003154
AECU50097,سيفون حوض المطبخ معا راجع,سي أر سمارت,,ملحقات أحواض المطابخ,4db58ef5-0e02-ae07-fc14-5629c40b7689,19.500,40.000,t,,210004258
AASB30833,سلة قمامة ذهبي   8 لتر,سانيتاري ويرز,,اكسسوارات,ac78bb51-d153-70a3-ad89-bdb50a8537eb,125.000,200.000,t,,310004265
ARSB80192,قصبة دوش مربعة 40 سم كروم,سانيتاري ويرز,,قصبة دوش,b3c3c120-ea64-9a00-f068-5896d8f5926d,11.000,40.000,t,,310002894
ARSB80681,وجه خلاط شطاف مدفون مربع كروم,توريما,0124811-T40,ملحقات خلاط,f68c4a72-8eb2-7563-07ad-b344ff9fe960,70.000,120.000,t,,310003789
ARSB80416,وجه خلاط دوش مدفون,المتوسطية,,ملحقات خلاط,a2b20411-3fb5-6229-5ec5-b013ac930739,30.000,50.000,t,,310003471
RA30080,طوبو1'' (1 متر),الرطيل,جي أم GM,مواسير - طوبو,4db58ef5-0e02-ae07-fc14-5629c40b7689,3.667,8.000,t,,210004316
RA30070,"هوَّاية 4""",الرطيل,جي أم GM,ملحقات إمدادات المياه,4db58ef5-0e02-ae07-fc14-5629c40b7689,8.500,15.000,t,,210003520
PA31004,مدور نحاسي,سانيتاري ويرز,NEMBER-10,خطاف,51882a69-3ac9-cde2-37e3-64e2b7daae96,1.350,5.000,t,,310004475
PE30034,استوك 4 كغ,دهانات المدينة مصراتة,معجون المدينة مصراتة,استوك,4db58ef5-0e02-ae07-fc14-5629c40b7689,17.945,20.000,t,,210003330
ALVM50430,رأس سيفوني رخامي,ليسو,928,رأس سيفوني,9a9f39af-a0d0-6a64-969d-7baa03e28c4f,52.000,110.000,t,,210004937
LG40300,حوض وجه كوارتز مع رف مع مراية 80 سم,سانيتاري واير,2610,حوض وجه برسلين,2e234c5a-ae37-77f1-3c02-d40e664e7d50,760.000,1300.000,t,,210004723
SA10039,طقم اكسسوار كروم,سانيتاري ويرز,BA200,طقم اكسسوارات,0dafba13-51f2-fc5a-eab7-f16d55bcce40,230.500,320.000,t,,210003465
VS10113,حوض وجه معلق - يمين -80 * 35 سم,تركواز سيراستايل,SHARP,حوض وجه معلق,3ef761c8-d645-a9c8-47dc-960089e79b35,392.850,590.000,t,,310003188
ARSB80102,مصب دوش مع تحويلة كروم,دانيال,K4702CR,مصب دوش,dd2fc8ac-5717-c00a-07b0-627c341c4a46,255.000,380.000,t,,210002807
ML10052,خلاط حوض وجه طويل كروم,ب.أمور,مجموعة بن عمر,خلاط حوض وجه,193a3d2d-d39f-6712-72cb-c5f247087645,173.000,260.000,t,,210002636
PE30332,رولة كروسة 10 سم مع فرشة,شركة الغزالة لمواد البناء,,فرشة طلاء,4db58ef5-0e02-ae07-fc14-5629c40b7689,3.600,10.000,t,,210003831
RA30535,ديسكو سريع4.5 بوصة حديد,كداس,ايما,ديسكو منشار دائري,f330aa66-9a8a-90ee-d535-6c68ff14b0de,2.450,8.000,t,,210005069
ARSB80401,مخرج شطاف مع علاق كروم,أنكا,ANKA ANK-1015,مخرج شطاف,f68c4a72-8eb2-7563-07ad-b344ff9fe960,59.000,80.000,t,,310003158
ARSB80815,"مسكر شطافة ""1/2"" * ""1/2 أسود",مونتانا س.ل,MT-6104B,مخرج شطاف,51882a69-3ac9-cde2-37e3-64e2b7daae96,35.250,60.000,t,,310003933
ARSB80307,كسكاس دوش مربع 200*200 مم مع قصبة كروم,ليسو,26-031,كسكاس دوش,9a9f39af-a0d0-6a64-969d-7baa03e28c4f,75.000,180.000,t,,210004732
WS10163,مقعد معلق رايملس أبيض,ب.أمور,SH-006,مقعد معلق,56855bde-1190-92a2-afb0-419a9650977f,355.000,600.000,t,,210002867
RA30039,"ديسكو حديد تنظيف 9"" 230 مم",كداس,A 30 PLUS T-BF,ديسكو منشار دائري,4db58ef5-0e02-ae07-fc14-5629c40b7689,16.500,20.000,t,,210003454
RFP1217,"فسيبلي "" 1/2 أنثى * ""1/2 أنثى 60سم",سانيتاري ويرز,,فسيبلي,dc6e5eb0-a2c4-7fc8-161c-528f389f29cc,13.500,15.000,t,,210004624
PE30124,كولة 118 مل,الشركة العالمية للتصدير و الإستيراد,GM900,المواد اللاصقة و العازلة,f330aa66-9a8a-90ee-d535-6c68ff14b0de,15.000,20.000,t,,210004974
MA20020,خلاط حوض المطبخ دبل سحاب أسود كروم,سانيتاري ويرز,1130-33BN-BO-DE,خلاط حوض المطبخ سحاب,081276dc-6952-a613-dc62-614b51522ad0,225.000,470.000,t,,310002751
AM40957,مراية دولاب حمام 70 سم,بن أمور,DS53-70,مراية دولاب,3b74be9f-643f-cd77-2128-39d8b10170c9,150.000,350.000,t,,310004427
PA30141,سلوم 5 درجات,الشركة العالمية للتصدير و الإستيراد,,السلالم والسقالات,4db58ef5-0e02-ae07-fc14-5629c40b7689,280.000,330.000,t,,210003634
AM0856,حوض وجه مع دولاب حمام مع مراية -60 سم,سانيتاري ويرز,9912,دولاب حمام,f68c4a72-8eb2-7563-07ad-b344ff9fe960,1050.000,1500.000,t,,310004292
ALVM50307,سيفون حوض الوجه كروم,ليسو,JR031-48,سيفون حوض الوجه,f68c4a72-8eb2-7563-07ad-b344ff9fe960,148.000,180.000,t,,210003804
ML30533,مرايا حمام مع إضاءة لد 60*80 سم,سانيتاري ويرز,22,مراية مضيئة,b254c840-e3dc-aa50-45cc-22c1a82f1d9d,74.000,150.000,t,,310003605
ARSB88868,مخرج شطاف مربع بالعلاقة أسود,توريما,1372-01018-006,مخرج شطاف,3f8e1d44-c2e4-cecd-ff29-48dc418eba21,155.000,230.000,t,,210004991
ARSB80385,كسكاس دوش مربع 250*250 مم مع قصبة كروم,سانيتاري ويرز,LATTE D-580,كسكاس دوش,f68c4a72-8eb2-7563-07ad-b344ff9fe960,95.000,150.000,t,,310002847
VS10752,حوض وجه معلق 80 سم,سانيتاري ويرز,2609,حوض وجه معلق,f68c4a72-8eb2-7563-07ad-b344ff9fe960,295.000,550.000,t,,310003864
SA10520,طقم اكسسوار كروم,ليسو,2694,طقم اكسسوارات,9a9f39af-a0d0-6a64-969d-7baa03e28c4f,255.000,380.000,t,,210005054
PE30455,ورق سنفرة,الشركة العالمية للتصدير و الإستيراد,P 120,ماكينة صنفرة,4db58ef5-0e02-ae07-fc14-5629c40b7689,6.000,10.000,t,,210003966
ARSB80146,قصبة دوش مربعة 40 سم ذهبي,سانيتاري ويرز,FIDAR,قصبة دوش,4db58ef5-0e02-ae07-fc14-5629c40b7689,20.000,50.000,t,,310002891
PE30133,قادومة 100 غ,إنتكس,,مطرقة - ماصة,4db58ef5-0e02-ae07-fc14-5629c40b7689,4.500,8.000,t,,210003626
MC10083,مجرى 45سم *7 سم كروم,بيورا,DL-06-45,مجرى,f9f6d83d-5b9d-2d22-c42a-21b487031fad,257.000,320.000,t,,310003116
PS20486,علاقة ملابس خماسية,سانيتاري ويرز,wl32,علاقة مناشف,f68c4a72-8eb2-7563-07ad-b344ff9fe960,68.000,100.000,t,,310003557
ARSB80374,سماعة دوش مع طوبو كروم,ليسو,,سماعة دوش,f68c4a72-8eb2-7563-07ad-b344ff9fe960,48.000,90.000,t,,210003131
PE30171,"فرشة طلاء 2"" 50.8 مم",فندر,,فرشة طلاء,4db58ef5-0e02-ae07-fc14-5629c40b7689,2.800,5.000,t,,210003665
PA30243,منشار شجر,بيسو,,أداة القص - منشار,4db58ef5-0e02-ae07-fc14-5629c40b7689,8.500,15.000,t,,210003736
CD40104,مسطرة دوش زوجية كروم,فينوس,,مسطرة دوش,0dafba13-51f2-fc5a-eab7-f16d55bcce40,255.000,350.000,t,,210002700
EG30874,حوض مطبخ جرانيت أبيض ناصع 72*47 فردي,ب.أمور,Nice,حوض مطبخ جرانيت,0b31d558-d145-3aaf-232e-dad3cc8669b6,480.000,720.000,t,,310004328
PD20042,حاجز دوش 8 مم  مظلم 90  سم,ليسو,WIC-90A,حاجز دوش,f68c4a72-8eb2-7563-07ad-b344ff9fe960,425.000,650.000,t,,210004356
PA30497,بونتة 8 * 450 مم,الشركة العالمية للتصدير و الإستيراد,,أدوات الثقب,4db58ef5-0e02-ae07-fc14-5629c40b7689,5.500,10.000,t,,210004013
ARSB80008,سماعة دوش مع طوبو ذهبي,سانيتاري ويرز,,سماعة دوش,dc6e5eb0-a2c4-7fc8-161c-528f389f29cc,24.500,50.000,t,,210003117
PE30065,طلاء بخاخ داخلي و خارجي أصفر لامع,إس كيو إل أو,,الجدران والسقف,4db58ef5-0e02-ae07-fc14-5629c40b7689,5.417,10.000,t,,210003385
VS10150,حوض وجه معلق مع عمود أبيض -45*35سم,سانيتاري ويرز,FEBIA,حوض وجه معلق,f68c4a72-8eb2-7563-07ad-b344ff9fe960,75.000,120.000,t,,310003226
VS10124,حوض وجه معلق -65 سم,تركواز سيراستايل,PORTO,حوض وجه معلق,3ef761c8-d645-a9c8-47dc-960089e79b35,261.900,340.000,t,,310003200
ARSB80083,شطاف ظغط دائري مع طوبو كروم,رايمر,332332OL,شطاف,5bd59cc2-f915-90b2-5eb0-3ec705744a94,180.000,250.000,t,,210002679
ELC1110,"مطول كهرباء 3مدخل 5متر
",كونزا,,الأسلاك والكابلات,4db58ef5-0e02-ae07-fc14-5629c40b7689,41.500,50.000,t,,210004468
WS10014,مقعد معلق (صندوق خارجي) أبيض,سانيتاري ويرز,2194,مقعد معلق,f68c4a72-8eb2-7563-07ad-b344ff9fe960,470.000,700.000,t,,310002619
ARSB80159,شطاف ظغط دائري مع مخرج بالعلاقة مع طوبو أسود,نيوأرك,15022B,شطاف,3f8e1d44-c2e4-cecd-ff29-48dc418eba21,185.000,270.000,t,,310002814
ARSB80218,كسكاس دوش مربع 200*200 مم مع قصبة ذهبي معا سماعه متحركة مع مخرج شطافة,فاردر,FD30021-G,كسكاس دوش,dc6e5eb0-a2c4-7fc8-161c-528f389f29cc,175.000,300.000,t,,210004530
PA30049,رزة باب حديد رقم 10,الشركة العالمية للتصدير و الإستيراد,,ملحقات معدات الباب,4db58ef5-0e02-ae07-fc14-5629c40b7689,3.100,10.000,t,,210004365
AASB30042,موزع ورق منظف كلينكس أبيض,ليمكس,LY2699-White,اكسسوارات,f592fa51-d431-40c9-f38d-39cdf4092eb2,57.500,90.000,t,,310002911
PA30582,مسمار حلقة مفتوح رقم 10 (2 قطع),الشركة العالمية للتصدير و الإستيراد,,خطاف,4db58ef5-0e02-ae07-fc14-5629c40b7689,0.420,2.000,t,,210004100
PE30447,صندوق عدة بلاستك رقم18,اي بي سي,,صندوق الأدوات,f330aa66-9a8a-90ee-d535-6c68ff14b0de,45.000,60.000,t,,210004964
ALVM50401,سيفون حوض الوجه 25سم 30سم كروم,بوڨاتي,,سيفون حوض الوجه,f68c4a72-8eb2-7563-07ad-b344ff9fe960,140.000,250.000,t,,210003158
RO10116,مسكر زاوية  ''1/2 * ''1/2 كروم,سانيتاري ويرز,METC,حنفية,4db58ef5-0e02-ae07-fc14-5629c40b7689,12.500,20.000,t,,210004475
AASB30406,صابونية كروم,فينوس,ST-03,اكسسوارات,0dafba13-51f2-fc5a-eab7-f16d55bcce40,55.290,90.000,t,,210004871
MTE60003,خلاط شطاف مدفون أسود,توريما,8V000BB-093,خلاط شطاف مدفون,3f8e1d44-c2e4-cecd-ff29-48dc418eba21,485.000,870.000,t,,310002651
PE30442,ورق سنفرة قماش رقم 150,شركة الغزالة لمواد البناء,,ورق الصنفرة,f330aa66-9a8a-90ee-d535-6c68ff14b0de,2.371,6.000,t,,210004956
ARSB80551,سماعة دوش مع طوبو كروم,فينوس,HSS1520,سماعة دوش,0dafba13-51f2-fc5a-eab7-f16d55bcce40,48.000,75.000,t,,310003623
ME10920,خلاط حوض المطبخ شجرة كروم,بن أمور,B.AMOR023,خلاط حوض المطبخ شجرة,f3749abe-ab61-138e-bb47-655f16ecc625,260.000,390.000,t,,310004375
PE30130,قادومة 500 غ,إنتكس,,مطرقة - ماصة,4db58ef5-0e02-ae07-fc14-5629c40b7689,7.750,13.000,t,,210003623
AM40226,مراية دولاب حمام -70 سم,سانيتاري ويرز,ML-01-80,مراية دولاب,3b74be9f-643f-cd77-2128-39d8b10170c9,90.000,140.000,t,,210002941
ATWC50157,مثبت غطاء مقعد سكة بلستك,سانيتاري ويرز,,ملحقات مقاعد,dc6e5eb0-a2c4-7fc8-161c-528f389f29cc,2.500,10.000,t,,210004540
PLSA0392,منكوطي املس 3/4,سانيتاري ويرز,,وصلة,f330aa66-9a8a-90ee-d535-6c68ff14b0de,1.750,5.000,t,,210004839
PE30322,كولة 237 مل,الشركة العالمية للتصدير و الإستيراد,,المواد اللاصقة و العازلة,4db58ef5-0e02-ae07-fc14-5629c40b7689,16.500,25.000,t,,210003821
AASB30791,رف زاوية  اسود,تركي,4405,اكسسوارات,ff3ad10c-136f-2eb9-510b-510058532e8d,20.000,30.000,t,,310003412
CD40006,مسطرة دوش زوجية كروم,سانيتاري ويرز,DOUS,مسطرة دوش,f68c4a72-8eb2-7563-07ad-b344ff9fe960,120.000,200.000,t,,310003140
MI10135,مراية تجميل مع اكسوار,سانيتاري ويرز,,مراية,f9f6d83d-5b9d-2d22-c42a-21b487031fad,60.000,120.000,t,,210004296
MC10139,سرفنتينة 15 سم * 15 سم ذهبي,بيورا,FD-61-GOLD,مجرى,f9f6d83d-5b9d-2d22-c42a-21b487031fad,75.000,100.000,t,,210002843
MC10270,مجرى 50 سم *7 سم كروم,فيها,,مجرى,3371605a-058e-4bf1-07a5-d157c54ae58f,70.600,130.000,t,,210002997
ARSB80686,مخرج شطاف مع علاق كروم,بن أمور,B.A01-CA.A,مخرج شطاف,ac78bb51-d153-70a3-ad89-bdb50a8537eb,40.000,70.000,t,,310003794
ACOL30577,ريتي لياسة 20 سم * 20 متر,أسترا,,ملحقات غراء البلاط و الأرضيات,f9f6d83d-5b9d-2d22-c42a-21b487031fad,19.500,35.000,t,,210004094
ARSB80158,شطاف ظغط دائري مع مخرج شطاف دبل مع طوبو كروم,سانيتاري ويرز,,شطاف,7ea09f3f-5446-26a3-c653-90a14ccabc04,85.000,150.000,t,,310002813
PS20200,علاقة مناشف كبيرة كروم,سانيتاري ويرز,,علاقة مناشف,ff3ad10c-136f-2eb9-510b-510058532e8d,100.000,200.000,t,,310003061
MD20946,خلاط دوش كروم,شيزا,ROBIN,خلاط دوش,3f8e1d44-c2e4-cecd-ff29-48dc418eba21,195.000,380.000,t,,310004416
ALVM50275,رأس سيفوني كروم,سانيتاري ويرز,,رأس سيفوني,dc6e5eb0-a2c4-7fc8-161c-528f389f29cc,12.700,25.000,t,,210003002
ARSB80550,سماعة دوش مع طوبو كروم,فينوس,HSS424,سماعة دوش,0dafba13-51f2-fc5a-eab7-f16d55bcce40,49.470,75.000,t,,310003622
ARSB80162,شطاف ظغط مربع مع طوبو ذهبي,سانيتاري ويرز,FIDAR,شطاف,7ea09f3f-5446-26a3-c653-90a14ccabc04,36.000,90.000,t,,310002817
EL50997,لامبة لد 60وات,دي بي اس,E27,المصابيح الكهربائية,4db58ef5-0e02-ae07-fc14-5629c40b7689,10.750,25.000,t,,210004445
ARSB80404,كسكاس رقبة خلاط متحركة كروم,سانيتاري ويرز,,ملحقات خلاط,51882a69-3ac9-cde2-37e3-64e2b7daae96,0.375,0.563,t,,310003315
ME10026,خلاط حوض المطبخ شجرة أسود,نيوأرك,AQUA 941881B,خلاط حوض المطبخ شجرة,e47ac07e-2763-bc83-6cf2-c39bb577a1f9,265.000,350.000,t,,310002762
PA30126,قفل طلقة,الشركة العالمية للتصدير و الإستيراد,900,قفل باب,4db58ef5-0e02-ae07-fc14-5629c40b7689,40.000,60.000,t,,210003619
WS10164,مقعد معلق رايملس أبيض,ب.أمور,SHA002,مقعد معلق,56855bde-1190-92a2-afb0-419a9650977f,355.000,650.000,t,,210002868
MTE60031,خلاط شطاف مدفون ذهبي,فرامو,HO206ORO,خلاط شطاف مدفون,f9f6d83d-5b9d-2d22-c42a-21b487031fad,475.000,600.000,t,,310002708
ML10492,خلاط حوض وجه كروم,بنتاقونو,117/633,خلاط حوض وجه,803eabee-b81f-7acb-eb64-b2cae128a7cb,207.000,320.000,t,,310003563
ARSB8052,مخرج شطاف مع علاق ذهبي,مجموعة بن عمر,48593,مخرج شطاف,193a3d2d-d39f-6712-72cb-c5f247087645,70.000,100.000,t,,210004238
PA30140,سلوم 4 درجات,الشركة العالمية للتصدير و الإستيراد,,السلالم والسقالات,4db58ef5-0e02-ae07-fc14-5629c40b7689,270.000,330.000,t,,210003633
BAI10291,حوض استحمام بانيو 120*70*53 سم,ساناكريل,A119,حوض استحمام,e47ac07e-2763-bc83-6cf2-c39bb577a1f9,761.250,1100.000,t,,210003025
PA30396,قفل شنطة نحاس 63 مم,الشركة العالمية للتصدير و الإستيراد,,قفل باب,4db58ef5-0e02-ae07-fc14-5629c40b7689,6.250,10.000,t,,210004145
PA30376,كستولة,فندر,,مجرفة مغلفة,4db58ef5-0e02-ae07-fc14-5629c40b7689,19.000,30.000,t,,210003887
MC10646,مجرى 40 سم *8 سم ذهبي,بن أمور,,مجرى,ac78bb51-d153-70a3-ad89-bdb50a8537eb,85.000,220.000,t,,310003754
ML10553,خلاط حوض وجه  كروم,ليسو,6060-140,خلاط حوض وجه,9a9f39af-a0d0-6a64-969d-7baa03e28c4f,175.000,320.000,t,,210005088
ARSB80762,مخرج شطاف مع علاق ذهبي,فيدار,FD12008-G,مخرج شطاف,509e8e91-b47c-f17c-5f3a-a8dfebf81f76,75.000,115.000,t,,310003872
PA30525,موس منشار 12'' 300 مم (3 قطع),فندر,191573,منشار يدوي,4db58ef5-0e02-ae07-fc14-5629c40b7689,5.500,10.000,t,,210004041
AASB30670,مسند لكبار السن كروم,بن أمور,مجموعة بن عمر,اكسسوارات,ac78bb51-d153-70a3-ad89-bdb50a8537eb,135.000,200.000,t,,310003778
ML10073,خلاط حوض وجه كروم,فرامو,TU204CR,خلاط حوض وجه,f9f6d83d-5b9d-2d22-c42a-21b487031fad,194.000,270.000,t,,310002691
ALVM50426,سيفون حوض الوجه اسود,مونتانا س.ل,MT-9102B,سيفون حوض الوجه,51882a69-3ac9-cde2-37e3-64e2b7daae96,176.000,290.000,t,,310003482
AM0971,دولاب حمام -60 سم,بن أمور,011-60,دولاب حمام,3b74be9f-643f-cd77-2128-39d8b10170c9,310.000,600.000,t,,310004441
PA30489,مفتاح زڨنالي (9 قطع),فندر,193125,مفك البراغي يدوي,4db58ef5-0e02-ae07-fc14-5629c40b7689,15.500,25.000,t,,210004005
PE30135,ترابنو شحن دبل بترية 21فولت,سبيكو,ABS,مثقاب كهربائي,4db58ef5-0e02-ae07-fc14-5629c40b7689,195.000,250.000,t,,210004396
RA30054,ميزان ألمنيوم 30 سم,سفيدن,,أدوات القياس والتتبع,4db58ef5-0e02-ae07-fc14-5629c40b7689,47.500,65.000,t,,210003492
ATWC50091,رجسترو مقعد أرضي مائل 7 سم,سانيتاري ويرز,,ملحقات مقاعد,4db58ef5-0e02-ae07-fc14-5629c40b7689,16.000,25.000,t,,210004252
SA10015,طقم اكسسوار ذهبي,سانيتاري ويرز,6-10447,طقم اكسسوارات,f68c4a72-8eb2-7563-07ad-b344ff9fe960,245.000,370.000,f,,210004326
EG40106,رف حوض وجه برسلين 80 سم,رويال,YB03_3,رف حوض وجه برسلين,60d7d8a2-1083-abe4-d894-b1c7f3235d40,60.000,150.000,t,,310003178
WS10817,مقعد معلق ملحوم تورنيدو أبيض,ب.أمور,LT-094E-UQ3,مقعد معلق,77d76dcb-7fe6-a4b4-4998-83b869291b06,440.000,750.000,t,,310004238
RA30049,"مخفض 3"" * 2""",الرطيل,جي أم GM,مخفض,1054307a-87a0-d4d2-fe16-bd905fe6a04b,6.750,13.000,t,,210003475
ARSB80612,وجه خلاط دوش مدفون دائري كروم,توريما,0147911-40,ملحقات خلاط,f68c4a72-8eb2-7563-07ad-b344ff9fe960,90.000,130.000,t,,310003720
PE30108,"صندوق عدة بلاستك 19"" 47*24.5*21.5سم",اي بي سي,AC1880,صندوق الأدوات,4db58ef5-0e02-ae07-fc14-5629c40b7689,45.000,60.000,t,,210003575
ML10617,خلاط حوض وجه كروم,بن أمور,,خلاط حوض وجه,ac78bb51-d153-70a3-ad89-bdb50a8537eb,95.000,190.000,t,,310003725
ML10300,خلاط حوض وجه  كروم,ليسو,JR031-25,خلاط حوض وجه,f68c4a72-8eb2-7563-07ad-b344ff9fe960,115.000,200.000,t,,210003797
ME10171,خلاط حوض المطبخ,فيرونا,VE56470,خلاط حوض المطبخ شجرة,1a3e68c6-4b49-c842-7d20-2ef3559b05d2,70.000,140.000,t,,210004567
ARSB80768,رشاش دوش كروم,فيدار,,كسكاس دوش,dc6e5eb0-a2c4-7fc8-161c-528f389f29cc,37.500,65.000,t,,310003878
ARSB80764,سماعة دوش مع طوبو ذهبي,بريمكس,SR116K,سماعة دوش,0dafba13-51f2-fc5a-eab7-f16d55bcce40,72.000,120.000,t,,310004098
SC10833,بوكس زاوية  200*120*80 سم كروم,سانيتاري ويرز,,بوكس حمام,9ccc9fc8-8055-1b6e-040d-fd7bde7fbb45,450.000,900.000,t,,310003954
EL50296,لامبة لد 100 وات,ار تي سي,,المصابيح الكهربائية,4db58ef5-0e02-ae07-fc14-5629c40b7689,0.900,2.000,t,,210004450
ARSB80061,كسكاس دوش مربع 250*250 مم مع قصبة كروم,سانيتاري ويرز,,كسكاس دوش,f68c4a72-8eb2-7563-07ad-b344ff9fe960,55.000,90.000,t,,210002791
ARSB80789,كسكاس دوش مربع 250*250 مم مع قصبة كروم,ليسو,404,كسكاس دوش,9a9f39af-a0d0-6a64-969d-7baa03e28c4f,135.000,250.000,t,,310004203
ME10019,خلاط حوض المطبخ شجرة كروم,شيزا,FLOWER,خلاط حوض المطبخ شجرة,3f8e1d44-c2e4-cecd-ff29-48dc418eba21,115.000,200.000,t,,310002754
ME10003,خلاط حوض المطبخ شجرة كروم,فرامو,MA113CR,خلاط حوض المطبخ شجرة,3371605a-058e-4bf1-07a5-d157c54ae58f,191.000,285.000,t,,210002731
AASB30176,حاملة فوط أسود,ديكسا,A.1712.S,اكسسوارات,ff3ad10c-136f-2eb9-510b-510058532e8d,60.000,130.000,t,,310003028
ARSB80812,مخرج شطاف دائري بالعلاقة أسود,توريما,1372-01821-004,مخرج شطاف,3f8e1d44-c2e4-cecd-ff29-48dc418eba21,135.000,200.000,t,,310003923
PE30343,مقص عنب,الشركة العالمية للتصدير و الإستيراد,,مقص عنب,4db58ef5-0e02-ae07-fc14-5629c40b7689,37.500,50.000,t,,210003846
CC10585,صليبة ضغط 2 مم (20 قطعة),الشركة العالمية للتصدير و الإستيراد,,كولة بلاط أرضيات,e47ac07e-2763-bc83-6cf2-c39bb577a1f9,3.000,8.000,t,,210004103
AASB30784,موزع صابون سائل كروم,بضائع أوروبية,1397,اكسسوارات,f63d523a-4b6c-61d1-f98b-04b240c67d39,5.000,15.000,t,,310003405
CD40782,مسطرة دوش زوجية اسود,سانيتاري ويرز,NOVA 859154,مسطرة دوش,f63d523a-4b6c-61d1-f98b-04b240c67d39,91.000,170.000,t,,310003403
MD20524,خلاط دوش كروم,سانيتاري ويرز,OM-103,خلاط دوش,b254c840-e3dc-aa50-45cc-22c1a82f1d9d,77.000,120.000,t,,310003595
PE30117,مقص عنب,اي بي سي,AC18735,مقص عنب,4db58ef5-0e02-ae07-fc14-5629c40b7689,13.500,21.000,t,,210003584
AB10076,خزانة حمام أبيض,سانيتاري ويرز,5025,خزانة حمام,f68c4a72-8eb2-7563-07ad-b344ff9fe960,275.000,500.000,t,,210004418
LG40861,حوض كواريون كوارتز100سم أبيض,سانيتاري واير,6004,حوض وجه برسلين,b254c840-e3dc-aa50-45cc-22c1a82f1d9d,500.000,750.000,t,,310004314
AECU51048,سيفون حوض المطبخ راس كبير بالهواية,سانيتاري ويرز,,ملحقات أحواض المطابخ,dc6e5eb0-a2c4-7fc8-161c-528f389f29cc,33.500,50.000,t,,310004519
ALVM50427,سيفون حوض الوجه ذهبي,مونتانا س.ل,MT-9102G,سيفون حوض الوجه,51882a69-3ac9-cde2-37e3-64e2b7daae96,160.000,250.000,t,,310003483
ML30079,مرايا حمام مع إضاءة لد 90*60 سم,سانيتاري ويرز,9211,مراية مضيئة,f68c4a72-8eb2-7563-07ad-b344ff9fe960,395.000,450.000,t,,210004421
ALVM50212,قرجوطة سيفون حوض الوجه 1.1/4*80 سم,فينوس,,ملحقات أحواض مغاسل,0dafba13-51f2-fc5a-eab7-f16d55bcce40,23.000,35.000,t,,210002924
VS11139,حوض وجه معلق 60سم,ليسو,6-1212,حوض وجه معلق,9a9f39af-a0d0-6a64-969d-7baa03e28c4f,345.000,480.000,t,,310004642
EG30811,حوض مطبخ جرانيت أبيض   80*50,سانيبال,فلورا,حوض مطبخ جرانيت,e47ac07e-2763-bc83-6cf2-c39bb577a1f9,340.000,520.000,t,,310003928
ML10014,خلاط حوض وجه ذهبي,فرامو,HO204ORO,خلاط حوض وجه,f9f6d83d-5b9d-2d22-c42a-21b487031fad,600.000,750.000,t,,310002687
MC10091,مجرى خارجي  50 سم *13 سم كروم,ستار سانيتار,,مجرى,20684c48-6ec2-3cd4-8b05-9a431b0201bb,158.000,250.000,t,,310003124
PA30145,سلوم 6 درجات 5 متر,الشركة العالمية للتصدير و الإستيراد,,السلالم والسقالات,4db58ef5-0e02-ae07-fc14-5629c40b7689,275.000,340.000,t,,210003638
FAB1064,تصنيع حوض مع قاعدة برسلين,الشركة العالمية للتصدير و الإستيراد,,التصنيع,174345bc-5f58-c59c-b48a-3f0b5d1ff910,2500.000,3000.000,t,,310004535
ML10087,خلاط حوض وجه كروم,سانيتاري ويرز,LEONARDO 2023-57,خلاط حوض وجه,7ea09f3f-5446-26a3-c653-90a14ccabc04,70.000,160.000,t,,310002745
ARSB80941,واكسسوار وجه خلاط دوش مدفون اسود,توريما,8G002BB-040,ملحقات خلاط,3f8e1d44-c2e4-cecd-ff29-48dc418eba21,475.000,700.000,t,,310004398
ARSB80194,قصبة دوش 40 سم أسود,سانيتاري ويرز,DIOLLO 7956-2-4,قصبة دوش,f68c4a72-8eb2-7563-07ad-b344ff9fe960,36.000,70.000,t,,310002892
ARSB80054,كسكاس دوش دائري 300 مم مع قصبة كروم,موباكس,DAS-610,كسكاس دوش,f68c4a72-8eb2-7563-07ad-b344ff9fe960,140.000,170.000,t,,210002784
PA30390,قفل شنطة 70 مم,الشركة العالمية للتصدير و الإستيراد,L1070000,قفل باب,4db58ef5-0e02-ae07-fc14-5629c40b7689,65.000,95.000,t,,210004141
ASCA60275,ستريتشة 2.44 متر,الشركة العالمية للتصدير و الإستيراد,,ستريتشة,193a3d2d-d39f-6712-72cb-c5f247087645,30.000,75.000,t,,210003772
ARSB80099,مصب دوش مع تحويلة ذهبي,بريمكس,J005G,مصب دوش,0dafba13-51f2-fc5a-eab7-f16d55bcce40,88.000,140.000,t,,210002804
MD20242,خلاط دوش كروم,توريما,VELVET 8V16211-093,خلاط دوش,9a9f39af-a0d0-6a64-969d-7baa03e28c4f,395.000,440.000,t,,210004651
AASB30071,صابونية أسود,سانيتاري ويرز,MILET,اكسسوارات,ff3ad10c-136f-2eb9-510b-510058532e8d,45.000,75.000,t,,310002929
AASB30304,حاملة ورق ناعم كلينكس رخامي,ليسو,JR031-8,اكسسوارات,f68c4a72-8eb2-7563-07ad-b344ff9fe960,80.000,150.000,t,,210003801
RA20004,"كوع 32 - 1"" سن خارجي",فرات,بي بي ر - PPR,كوع - كوربة,1054307a-87a0-d4d2-fe16-bd905fe6a04b,15.675,20.000,t,,210003281
PE30454,ورق سنفرة,الشركة العالمية للتصدير و الإستيراد,P 80,ماكينة صنفرة,4db58ef5-0e02-ae07-fc14-5629c40b7689,6.000,10.000,t,,210003965
ML30786,مرايا حمام ضد البخار مع إضاءة لد 70*70 سم,سانيتاري ويرز,4001,مراية مضيئة,f68c4a72-8eb2-7563-07ad-b344ff9fe960,290.000,450.000,t,,310003897
ML30070,مرايا حمام مع إضاءة لد مع بخار 60 اطار ذهبي,سانيتاري ويرز,L323,مراية مضيئة,0dafba13-51f2-fc5a-eab7-f16d55bcce40,210.000,330.000,t,,210004412
RA20033,"سنيسكا 25"" ليفة",فرات,بي بي ر - PPR,سنيسكا,1054307a-87a0-d4d2-fe16-bd905fe6a04b,15.533,20.000,t,,310002596
AM0456,دولاب حمام 85 سم,أوركا,AYDOS,دولاب حمام,fd059421-15b9-e743-662a-d6c4e83bb171,600.000,1100.000,t,,210003220
MT30134,مطول خلاط شطافه مدفون,رايمر,,خلاط شطاف,9a9f39af-a0d0-6a64-969d-7baa03e28c4f,120.000,150.000,t,,210004498
AM0342,حوض وجه مع دولاب حمام مع خزانة مع مراية -80 سم,سانيتاري ويرز,8103,دولاب حمام,9a9f39af-a0d0-6a64-969d-7baa03e28c4f,985.000,1750.000,t,,210004786
RA30040,"ديسكو طرانجة 14"" 350 مم",كداس,A 24 PLUS T-BF,ديسكو منشار دائري,4db58ef5-0e02-ae07-fc14-5629c40b7689,24.750,35.000,t,,210003455
PS20183,علاقة مناشف كروم,KBM,4030,علاقة مناشف,e47ac07e-2763-bc83-6cf2-c39bb577a1f9,55.000,110.000,t,,310003039
RA30068,"مخفض 6"" * 4""",الرطيل,جي أم GM,مخفض,1054307a-87a0-d4d2-fe16-bd905fe6a04b,38.000,35.000,t,,210003516
MC10014,مجرى 60 سم *6 سم كروم,فيرونا,SP540,مجرى,dd2fc8ac-5717-c00a-07b0-627c341c4a46,225.000,370.000,t,,210004320
ML10616,خلاط حوض وجه ذهبي,بن أمور,,خلاط حوض وجه,ac78bb51-d153-70a3-ad89-bdb50a8537eb,110.000,220.000,t,,310003724
ELC1472,سلك كهرباء 1 *2.5 مم²,الشركة العالمية للتصدير و الإستيراد,,الأسلاك والكابلات,4db58ef5-0e02-ae07-fc14-5629c40b7689,2.200,3.000,t,,210003987
SA10021,طقم اكسسوار خزف ثلاثي رصاصي,سانيتاري ويرز,ALPER HOME 3,طقم اكسسوارات,b79e7abc-51e1-263e-7d9c-8207fbd25aaf,37.000,80.000,t,,310002905
P30115,بدل كورة,بنتكس,P1213/2021,مضخة,4db58ef5-0e02-ae07-fc14-5629c40b7689,157.000,210.000,t,,210003603
RA20077,"25 * 1/2"" قاعدة خلاط متحركة",فرات,بي بي ر - PPR,كوع - كوربة,1054307a-87a0-d4d2-fe16-bd905fe6a04b,14.200,20.000,t,,210004233
ARSB80057,كسكاس دوش مربع 200*200 مم كروم,فينوس,SSH08,كسكاس دوش,0dafba13-51f2-fc5a-eab7-f16d55bcce40,85.000,135.000,t,,210002787
PE30789,برايمر كالي 5كجم,kalekim,العازل,الجدران خارجي,96788f75-aca7-6778-39d6-9ded903609dd,100.000,110.000,t,,210004815
AECU50890,راجع سيفون حوض مطبخ,,,ملحقات أحواض المطابخ,0b31d558-d145-3aaf-232e-dad3cc8669b6,5.000,10.000,t,,310004344
WP20477,مقعد أرضي ملحوم مربع قصير أبيض,ب.أمور,SH-805,مقعد أرضي,56855bde-1190-92a2-afb0-419a9650977f,680.000,1150.000,t,,310003547
LG40341,حوض وجه برسلين مشطوف 80 سم,رويال,YB14-2,حوض وجه برسلين,60d7d8a2-1083-abe4-d894-b1c7f3235d40,400.000,650.000,t,,210003085
AM0092,دولاب حمام حوض مع مرايا لد -90 سم,سانيتاري ويرز,9211,دولاب حمام,f68c4a72-8eb2-7563-07ad-b344ff9fe960,1295.000,1900.000,t,,210004434
RO10291,مسكر زاوية  ''1/2 * ''1/2 ذهبي,سانيتاري ويرز,,حنفية,dc6e5eb0-a2c4-7fc8-161c-528f389f29cc,16.250,30.000,t,,210003024
AASB30095,رف زاوية زوجي كروم,بضائع أوروبية,ALUXX,اكسسوارات,081276dc-6952-a613-dc62-614b51522ad0,26.250,50.000,t,,310002945
CD40161,مسطرة دوش زوجية دهبي,ازورا ربنتري,ABM-01,مسطرة دوش,dc6e5eb0-a2c4-7fc8-161c-528f389f29cc,125.000,250.000,t,,210004545
ARSB80074,شطاف ظغط دائري مع طوبو كروم,ميلانو,,شطاف,4db58ef5-0e02-ae07-fc14-5629c40b7689,38.500,70.000,t,,210002670
ARSB80793,كسكاس دوش مربع شريحة 250*250 مم مع قصبة كروم,ليسو,JR133-1C,كسكاس دوش,f68c4a72-8eb2-7563-07ad-b344ff9fe960,95.000,160.000,t,,310004204
MA20115,خلاط حوض المطبخ سحاب أسود,سانيتاري ويرز,XSDD010255,خلاط حوض المطبخ سحاب,081276dc-6952-a613-dc62-614b51522ad0,138.000,300.000,t,,210002711
ARSB80714,مخرج شطاف مربع بالعلاقة أسود,سي أر سمارت,15-52,مخرج شطاف,2e234c5a-ae37-77f1-3c02-d40e664e7d50,68.000,100.000,t,,210003298
EG30419,حوض مطبخ جرانيت رمادي محبب 55*44,سانيتاري ويرز,جرمة,حوض مطبخ جرانيت,3ef761c8-d645-a9c8-47dc-960089e79b35,225.000,380.000,t,,310003474
ARSB80246,مصب دوش شلال بدون تحويلة كروم,سانيتاري ويرز,,مصب دوش,f68c4a72-8eb2-7563-07ad-b344ff9fe960,155.000,250.000,t,,310003040
PA30062,مفك دبل جهتين كهرباء,سانيتاري ويرز,1706,مفك البراغي يدوي,4db58ef5-0e02-ae07-fc14-5629c40b7689,1.950,5.000,t,,210004389
ARSB81015,علاقة سماعة دوش كبيرة متحركة كروم,سانيتاري ويرز,,ملحقات خلاط,51882a69-3ac9-cde2-37e3-64e2b7daae96,2.250,10.000,t,,310004486
ARSB80045,مخرج شطاف مع علاق كروم,سانيتاري ويرز,I.DOWAS 1109a,مخرج شطاف,3371605a-058e-4bf1-07a5-d157c54ae58f,55.000,100.000,t,,210004223
PE30114,"منشار خشب 16"" 400 مم",بيسو,,صندوق الأدوات,4db58ef5-0e02-ae07-fc14-5629c40b7689,6.500,11.000,t,,210003582
ME10442,خلاط حوض المطبخ شجرة كروم,تركارت,PLATINUM,خلاط حوض المطبخ شجرة,c0faf038-b788-4ed3-15e1-cb4edf3f56f1,128.800,220.000,t,,310003511
ARSB80870,مصب دوش ذهبي,دانيال,15.17.2,مصب دوش,dd2fc8ac-5717-c00a-07b0-627c341c4a46,500.000,750.000,t,,210004408
MT30522,خلاط شطاف كروم,سانيتاري ويرز,OM-104,خلاط شطاف,b254c840-e3dc-aa50-45cc-22c1a82f1d9d,55.000,100.000,t,,310003593
ARSB80552,سماعة دوش مع طوبو كروم,فينوس,HSS1522,سماعة دوش,0dafba13-51f2-fc5a-eab7-f16d55bcce40,48.000,75.000,t,,310003624
PA30469,فرشاة حديد رأس سكينة,اي بي سي,AC16401,فرشاة سنفرة,60d7d8a2-1083-abe4-d894-b1c7f3235d40,3.350,10.000,t,,210003984
ML30788,مرايا حمام ضد البخار مع إضاءة لد 60*80 سم,سانيتاري ويرز,4005,مراية مضيئة,f68c4a72-8eb2-7563-07ad-b344ff9fe960,105.000,170.000,t,,310003899
ALVM56402,رأس سيفوني كروم,بريمكس,203,رأس سيفوني,0dafba13-51f2-fc5a-eab7-f16d55bcce40,22.310,60.000,t,,210004895
LG40121,حوض وجه برسلين مشطوف مع رف 80 سم,سانيتاري واير,M006,حوض وجه برسلين,f68c4a72-8eb2-7563-07ad-b344ff9fe960,500.000,0.000,t,,210004485
ARSB80662,مخرج شطاف مع علاق كروم,بن أمور,B.A02-CA.A,مخرج شطاف,ac78bb51-d153-70a3-ad89-bdb50a8537eb,40.000,120.000,t,,310003770
EG40345,رف حوض وجه برسلين 80 سم,رويال,YB14-6,رف حوض وجه برسلين,60d7d8a2-1083-abe4-d894-b1c7f3235d40,60.000,150.000,t,,210003089
PE30056,طلاء زيتي لماع داخلي و خارجي 100 غ بني,سوتينول - الغزالة,طلاء زيتي,الجدران والسقف,4db58ef5-0e02-ae07-fc14-5629c40b7689,2.950,10.000,t,,210003375
PS20487,علاقة ملابس رباعية,سانيتاري ويرز,JR031-4,علاقة مناشف,f68c4a72-8eb2-7563-07ad-b344ff9fe960,45.000,70.000,t,,310003558
PE30190,مزيل صدأ 330 مل,الشركة العالمية للتصدير و الإستيراد,WDB,المزيلات و المذيباتت,4db58ef5-0e02-ae07-fc14-5629c40b7689,2.417,7.000,t,,210003684
AM0938,دولاب مع حوض وجه مع مراية حمام 80 سم,بن أمور,G009-80,دولاب حمام,3b74be9f-643f-cd77-2128-39d8b10170c9,880.000,1550.000,t,,310004408
AASB30067,حاملة ورق ناعم كروم,سانيتاري ويرز,,اكسسوارات,ac78bb51-d153-70a3-ad89-bdb50a8537eb,25.000,50.000,t,,210003528
CE11035,سخانة مربعة   30 لتر,اف جي باور,D30-20VD-8008,سخانة,3371605a-058e-4bf1-07a5-d157c54ae58f,530.000,650.000,t,,310004506
ARSB81067,مصب دوش مع تحويلة ذهبي,vip,VIP-9,مصب دوش,95d22529-eb35-a000-949b-cc311fec737c,75.000,180.000,t,,310004538
WS10878,مقعد معلق أبيض,ايجا فتريفاي,MYTHOS-76303201,مقعد معلق,e47ac07e-2763-bc83-6cf2-c39bb577a1f9,450.000,680.000,t,,310003999
ML30791,مرايا حمام مع إضاءة لد مع بخار 60 اطار أسود,سانيتاري ويرز,4008,مراية مضيئة,f68c4a72-8eb2-7563-07ad-b344ff9fe960,175.000,270.000,t,,310003902
BAI10238,حوض استحمام بانيو 120*70*55 سم,طيبة,,حوض استحمام,f68c4a72-8eb2-7563-07ad-b344ff9fe960,565.000,850.000,t,,310003362
FAB0179,طلاء قصبة,الشركة العالمية للتصدير و الإستيراد,,التصنيع,fb599d54-8fbe-2649-11aa-9640573a2468,60.000,100.000,t,,310003272
MC10002,مجرى 50 سم *8 سم كروم,سانيتاري ويرز,,مجرى,ac78bb51-d153-70a3-ad89-bdb50a8537eb,58.000,130.000,t,,210003234
ALVM50394,رأس سيفوني رخامي,سانيتاري ويرز,,رأس سيفوني,f68c4a72-8eb2-7563-07ad-b344ff9fe960,38.000,80.000,t,,310002898
CD40170,مسطرة دوش زوجية كروم,بضائع أوروبية,,مسطرة دوش,f68c4a72-8eb2-7563-07ad-b344ff9fe960,450.000,650.000,t,,310003260
PA30618,قفل درج 22 مم,الشركة العالمية للتصدير و الإستيراد,,قفل باب,4db58ef5-0e02-ae07-fc14-5629c40b7689,3.250,10.000,t,,210004136
ARSB80792,قصبة دوش دائري 40 سم كروم,ليسو,JR031-33-40CM,قصبة دوش,f68c4a72-8eb2-7563-07ad-b344ff9fe960,33.000,50.000,t,,310004200
SA10020,طقم اكسسوار خزف رباعي أسود,سانيتاري ويرز,ALPER HOME 4,طقم اكسسوارات,b79e7abc-51e1-263e-7d9c-8207fbd25aaf,37.000,80.000,t,,310002904
ART0008,كسكاس دوش دائري 200*200 مم كروم,رايمر,,كسكاس دوش,5bd59cc2-f915-90b2-5eb0-3ec705744a94,95.000,150.000,t,,210004314
MC10855,مجرى 30 سم *6 سم كروم,راف,1372-01661-003,مجرى,3f8e1d44-c2e4-cecd-ff29-48dc418eba21,165.000,260.000,t,,310003976
CC10340,كولة خشب 1 كغ,بنتكول,B 103,كولة بلاط أرضيات,e47ac07e-2763-bc83-6cf2-c39bb577a1f9,13.000,20.000,t,,210003840
ARSB80124,مخرج شطاف مع علاق كروم,فورتميكس,GANOA MA2204,مخرج شطاف,5bd59cc2-f915-90b2-5eb0-3ec705744a94,40.000,90.000,t,,210002828
PA30446,سلكون حراري,الشركة العالمية للتصدير و الإستيراد,,مسدس حراري,4db58ef5-0e02-ae07-fc14-5629c40b7689,0.302,1.000,t,,210003957
WA40088,غطاء مقعد موطو أبيض,فينوس,SCH22,غطاء مقعد,0dafba13-51f2-fc5a-eab7-f16d55bcce40,39.000,70.000,t,,210003549
EL50517,لصقة مائية 19مم * 9.1 م,الشركة العالمية للتصدير و الإستيراد,,ملحقات الكهرباء,4db58ef5-0e02-ae07-fc14-5629c40b7689,22.500,35.000,t,,210004033
RA20003,"كوع 32"" - 45 لحام",فرات,بي بي ر - PPR,كوع - كوربة,1054307a-87a0-d4d2-fe16-bd905fe6a04b,1.520,5.000,t,,210003280
EG40358,رف حوض وجه برسلين 65 سم,رويال,YB036_4,رف حوض وجه برسلين,60d7d8a2-1083-abe4-d894-b1c7f3235d40,60.000,150.000,t,,210003103
WA40086,غطاء مقعد أبيض,سانيتاري ويرز,,غطاء مقعد,dc6e5eb0-a2c4-7fc8-161c-528f389f29cc,32.500,60.000,t,,210003547
AASB30032,موزع صابون سائل كروم,ونكو,17962100ِA,اكسسوارات,081276dc-6952-a613-dc62-614b51522ad0,25.000,80.000,t,,310002903
VS10190,حوض وجه معلق -80 سم,تركواز سيراستايل,MONA,حوض وجه معلق,3ef761c8-d645-a9c8-47dc-960089e79b35,315.000,450.000,t,,210002894
ASCA60289,ستريتشة 3 متر,الشركة العالمية للتصدير و الإستيراد,,ستريتشة,193a3d2d-d39f-6712-72cb-c5f247087645,35.000,80.000,t,,210003786
EL10241,حوض مطبخ ستانلس ستيل نص منظومة  304 75*45 أسود,ليسو,,حوض مطبخ ستانلس ستيل,f68c4a72-8eb2-7563-07ad-b344ff9fe960,385.000,590.000,t,,210002960
PLSA1003,"وصلة أنثى ""1/2 كروم",سانيتاري ويرز,,وصلة,51882a69-3ac9-cde2-37e3-64e2b7daae96,2.750,5.000,t,,310004474
AASB30190,حاملة فوط كروم,ونكو,SAN REMO,اكسسوارات,081276dc-6952-a613-dc62-614b51522ad0,22.500,100.000,t,,310003049
AM0824,دولاب حمام 80 سم أبيض,سانيتاري ويرز,9142,دولاب حمام,f68c4a72-8eb2-7563-07ad-b344ff9fe960,300.000,480.000,t,,310003446
MTE60050,خلاط شطاف مدفون كروم,توريما,8Q00011-090,خلاط شطاف مدفون,f68c4a72-8eb2-7563-07ad-b344ff9fe960,175.000,262.500,t,,210002780
ASCA60283,ستريتشة 2.44 متر,الشركة العالمية للتصدير و الإستيراد,,ستريتشة,193a3d2d-d39f-6712-72cb-c5f247087645,30.000,75.000,t,,210003780
MC10064,مجرى 20سم *7 سم كروم,ستار سانيتار,TOLEDO,مجرى,20684c48-6ec2-3cd4-8b05-9a431b0201bb,42.000,65.000,t,,310003094
ML10169,خلاط حوض وجه  12 سم كروم,شيزا,ROBIN,خلاط حوض وجه,f68c4a72-8eb2-7563-07ad-b344ff9fe960,165.000,270.000,t,,310003250
ML10900,خلاط حوض وجه كروم,ليسو,JR-031-65,خلاط حوض وجه,f68c4a72-8eb2-7563-07ad-b344ff9fe960,230.000,280.000,t,,310004021
ARSB80131,قصبة دوش 35 سم كروم,سانيتاري ويرز,,قصبة دوش,0dafba13-51f2-fc5a-eab7-f16d55bcce40,39.000,70.000,t,,210002835
ARSB80493,قصبة دوش مربعة 30 سم كروم,بنتاقونو,SA03-30,قصبة دوش,803eabee-b81f-7acb-eb64-b2cae128a7cb,26.250,45.000,t,,310003564
MD20017,خلاط دوش كروم,سانيتاري واير,LEONARDO 2023-16,خلاط دوش,7ea09f3f-5446-26a3-c653-90a14ccabc04,84.000,170.000,t,,310002765
AASB30501,حامل ورق منظف كلينكس,فينوس,IRIS-06,اكسسوارات,0dafba13-51f2-fc5a-eab7-f16d55bcce40,84.000,155.000,t,,210005042
PE30327,طلاء مائي داخلي 5 كغ لاتكس,شركة الحيرة لدهانات,770,الجدران والسقف,cbc8158a-9b45-9705-3f1d-05cad25ac2d7,33.000,45.000,t,,210004751
PA30224,فرشاة حديد,الشركة العالمية للتصدير و الإستيراد,,فرشاة سنفرة,60d7d8a2-1083-abe4-d894-b1c7f3235d40,1.750,5.000,t,,210003717
BAI10402,حوض استحمام بانيو 150*70*53 سم,BIANCO,,حوض استحمام,431ac3fd-806d-3b31-7433-0f5bf3af56c7,580.000,1200.000,t,,210004898
ARSB80053,كسكاس دوش مربع 300*300 مم مع قصبة كروم,موباكس,DAS-590,كسكاس دوش,3f8e1d44-c2e4-cecd-ff29-48dc418eba21,130.000,195.000,t,,210002783
AM0161,دولاب حمام 80 سم,بضائع أوروبية,,دولاب حمام,081276dc-6952-a613-dc62-614b51522ad0,200.000,600.000,t,,310003237
PA30565,فيتي بالخبور 6مم (100 قطعة),الشركة العالمية للتصدير و الإستيراد,72013,برغي,4db58ef5-0e02-ae07-fc14-5629c40b7689,4.300,20.000,t,,210004082
PE30328,طلاء مائي داخلي 18 كغ لاتكس,شركة الحيرة لدهانات,770,الجدران والسقف,cbc8158a-9b45-9705-3f1d-05cad25ac2d7,90.000,100.000,t,,210004750
VP20102,حوض وجه فوق الرخام أبيض,سانيتاري ويرز,2135,حوض فوق الرخام,f68c4a72-8eb2-7563-07ad-b344ff9fe960,95.000,250.000,t,,210004263
ML30465,مرايا حمام مع إضاءة لد مربعة 60*80سم,سانيتاري ويرز,1529,مراية مضيئة,9a9f39af-a0d0-6a64-969d-7baa03e28c4f,97.000,180.000,t,,210004986
ALVM50011,رأس سيفوني كروم,,,رأس سيفوني,2e234c5a-ae37-77f1-3c02-d40e664e7d50,40.000,75.000,t,,210003307
AB10845,خزانة حمام أبيض,سانيتاري ويرز,9911,خزانة حمام,f68c4a72-8eb2-7563-07ad-b344ff9fe960,150.000,250.000,t,,310004290
PA30463,ترمستاتة,الشركة العالمية للتصدير و الإستيراد,,أدوات  متعددة الوظائف,4db58ef5-0e02-ae07-fc14-5629c40b7689,19.000,30.000,t,,210003978
ARSB80168,سماعة دوش مع طوبو أسود,ليمكس,LY2189S,سماعة دوش,f68c4a72-8eb2-7563-07ad-b344ff9fe960,185.000,150.000,t,,310002823
AM0352,حوض وجه مع دولاب حمام مع خزانة مع مراية -80 سم,سانيتاري ويرز,8109,دولاب حمام,9a9f39af-a0d0-6a64-969d-7baa03e28c4f,985.000,1750.000,t,,210004796
ARSB80852,وجه خلاط دوش مدفون,رايمر,,ملحقات خلاط,5bd59cc2-f915-90b2-5eb0-3ec705744a94,65.000,180.000,t,,210004661
SA10770,طقم اكسسوار ذهبي,فيدار,,طقم اكسسوارات,dc6e5eb0-a2c4-7fc8-161c-528f389f29cc,185.000,290.000,t,,310003881
WA40482,غطاء مقعد أبيض,ب.أمور,SC-SH-030,غطاء مقعد,56855bde-1190-92a2-afb0-419a9650977f,50.000,100.000,t,,310003552
ME10024,خلاط حوض المطبخ شجرة كروم,شيزا,NOVA L SPOUT,خلاط حوض المطبخ شجرة,3f8e1d44-c2e4-cecd-ff29-48dc418eba21,155.000,250.000,t,,310002631
RA30014,"كوربة 1"" - 90°",الرطيل,جي أم GM,كوع - كوربة,4db58ef5-0e02-ae07-fc14-5629c40b7689,1.700,6.000,t,,210003408
PE30025,زمالطو  2.5 كغ رصاصي لامع,دهانات المدينة مصراتة,,الحديد,4db58ef5-0e02-ae07-fc14-5629c40b7689,44.000,75.000,t,,210003321
AASB30083,موزع صابون سائل خزف,سانيتاري ويرز,AQUANOVA,اكسسوارات,081276dc-6952-a613-dc62-614b51522ad0,27.500,60.000,t,,310002935
ATWC50950,صندوق بتارية مقعد أرضي,اديال سانيتار,CORAIL,ملحقات مقاعد,e47ac07e-2763-bc83-6cf2-c39bb577a1f9,160.000,260.000,t,,310004420
AASB30200,أرضية دوش 54×54 سم,بضائع أوروبية,,اكسسوارات,081276dc-6952-a613-dc62-614b51522ad0,33.750,80.000,t,,310003306
ML10045,خلاط حوض وجه كروم,أيولي,VIDA,خلاط حوض وجه,e2471349-f041-76d6-af3b-07b14234b9a8,255.000,280.000,t,,210002629
AM0962,دولاب مع حوض وجه مع مراية حمام 70 سم,بن أمور,DS83-70,دولاب حمام,3b74be9f-643f-cd77-2128-39d8b10170c9,700.000,1300.000,t,,310004432
ARSB80613,يد خلاط  مدفون كروم,توريما,VELVET,ملحقات خلاط,f68c4a72-8eb2-7563-07ad-b344ff9fe960,50.000,75.000,t,,310003721
AASB30004,موزع صابون ابيض,فينوس,SD11w,اكسسوارات,0dafba13-51f2-fc5a-eab7-f16d55bcce40,31.040,50.000,t,,210003273
AM0421,حوض وجه مع دولاب حمام -80 سم,سانيتاري ويرز,8204,دولاب حمام,f68c4a72-8eb2-7563-07ad-b344ff9fe960,600.000,900.000,t,,210003181
AM0333,دولاب حمام 80 سم أبيض,سانيتاري ويرز,8102,دولاب حمام,9a9f39af-a0d0-6a64-969d-7baa03e28c4f,230.000,500.000,t,,210004777
ME10775,خلاط حوض المطبخ شجرة نص منظومة كروم,سانيتاري ويرز,KAT-6,خلاط حوض المطبخ شجرة,f68c4a72-8eb2-7563-07ad-b344ff9fe960,180.000,350.000,t,,310003886
MD20003,خلاط دوش كروم,فينوس,RACHEL A3,خلاط دوش,0dafba13-51f2-fc5a-eab7-f16d55bcce40,190.000,340.000,t,,210002642
ML10495,خلاط حوض وجه كروم,بنتاقونو,117/3002,خلاط حوض وجه,803eabee-b81f-7acb-eb64-b2cae128a7cb,289.000,400.000,t,,310003566
ALVM50262,سيفون حوض الوجه كروم,سانيتاري ويرز,,سيفون حوض الوجه,9a9f39af-a0d0-6a64-969d-7baa03e28c4f,95.000,150.000,t,,210004681
PE30061,طلاء زيتي لماع داخلي و خارجي 100 غ أَخْضَرُ,سوتينول - الغزالة,طلاء زيتي,الجدران والسقف,4db58ef5-0e02-ae07-fc14-5629c40b7689,2.750,5.000,t,,210003380
ARSB80035,سماعة دوش كروم,دانيال,A435S,سماعة دوش,dd2fc8ac-5717-c00a-07b0-627c341c4a46,125.000,200.000,t,,310002774
EL10003,حوض مطبخ ستانلس ستيل   304  كروم,أسيل,,حوض مطبخ ستانلس ستيل,2e234c5a-ae37-77f1-3c02-d40e664e7d50,270.000,390.000,t,,210003391
PD21023,حاجز دوش 80* 190سم 8مم اطار كروم مخطط,KALVA,13.2/80CM,حاجز دوش,b254c840-e3dc-aa50-45cc-22c1a82f1d9d,575.000,890.000,t,,310004494
PE30413,مقص بي بي ار,الشركة العالمية للتصدير و الإستيراد,,موس فرش والمقص,4db58ef5-0e02-ae07-fc14-5629c40b7689,11.500,20.000,t,,210003924
WP20447,مقعد عربي ورده أبيض50*60,لابينو,4310,مقعد أرضي,431ac3fd-806d-3b31-7433-0f5bf3af56c7,190.000,290.000,t,,310003516
PS20006,علاقة مناشف كروم,سانيتاري ويرز,,علاقة مناشف,f68c4a72-8eb2-7563-07ad-b344ff9fe960,48.000,70.000,t,,210003266
MC10098,مجرى 45سم *7 سم كروم,بيورا,DL-05-45,مجرى,f9f6d83d-5b9d-2d22-c42a-21b487031fad,257.000,320.000,t,,310003131
AASB30764,رف زاوية زوجي كروم,سانيتاري ويرز,811,اكسسوارات,f68c4a72-8eb2-7563-07ad-b344ff9fe960,88.000,150.000,f,,310003385
EG30867,حوض مطبخ جرانيت أبيض مطفي60*45 فردي,ب.أمور,Cedria,حوض مطبخ جرانيت,0b31d558-d145-3aaf-232e-dad3cc8669b6,425.000,640.000,t,,310004321
MDE50038,خلاط دوش مدفون كروم,دانيال,TIARA TA612GCR,خلاط دوش مدفون,dd2fc8ac-5717-c00a-07b0-627c341c4a46,345.000,520.000,t,,310002718
MD20470,خلاط دوش كروم,شهاب,ARIO,خلاط دوش,3371605a-058e-4bf1-07a5-d157c54ae58f,175.000,260.000,t,,310003539
ELC1111,"مثلث كهرباء ثلاث مداخل 
",الشركة العالمية للتصدير و الإستيراد,,الأسلاك والكابلات,4db58ef5-0e02-ae07-fc14-5629c40b7689,4.900,10.000,t,,210004469
ARSB80344,مخرج شطاف كروم,سانيتاري ويرز,1110,مخرج شطاف,3371605a-058e-4bf1-07a5-d157c54ae58f,55.000,115.000,t,,210003088
MC10652,سرفنتينة 15 سم * 15 سم كروم,بن أمور,,مجرى,ac78bb51-d153-70a3-ad89-bdb50a8537eb,55.000,120.000,t,,310003760
PE30286,لصقة مع مجفف 400 مل,كرفت,,المواد اللاصقة و العازلة,1feb71a5-1d49-b1e4-f571-cf039a9a809d,11.750,20.000,t,,210004668
ASCA60272,ستريتشة 2.44 متر,الشركة العالمية للتصدير و الإستيراد,,ستريتشة,193a3d2d-d39f-6712-72cb-c5f247087645,30.000,75.000,t,,210003769
SA10772,طقم اكسسوار أسود,فيدار,,طقم اكسسوارات,0dafba13-51f2-fc5a-eab7-f16d55bcce40,285.000,420.000,t,,310003883
MLE40042,خلاط حوض وجه مدفون مع مَصَب كروم,فرامو,UP244CR,خلاط حوض وجه مدفون,3371605a-058e-4bf1-07a5-d157c54ae58f,585.000,770.000,t,,210002772
RA30046,"مجمع 2"" 1.5"" 1.5"" 1.5""",الرطيل,جي أم GM,مثلث,4db58ef5-0e02-ae07-fc14-5629c40b7689,25.000,23.000,t,,210003470
AM0132,دولاب حمام بالملحق مع مرايا لد -80 سم,سانيتاري ويرز,2135,دولاب حمام,f68c4a72-8eb2-7563-07ad-b344ff9fe960,975.000,1750.000,t,,210004293
LG40902,حوض رخامي كوريان 80سم,سانيتاري واير,PL80-2,حوض وجه برسلين,b254c840-e3dc-aa50-45cc-22c1a82f1d9d,340.000,650.000,t,,310004023
PE30060,طلاء زيتي لماع داخلي و خارجي 100 غ أَحْمَر,سوتينول - الغزالة,طلاء زيتي,الجدران والسقف,4db58ef5-0e02-ae07-fc14-5629c40b7689,2.350,7.000,t,,210003379
ARSB80174,سماعة دوش مع طوبو كروم,ليسو,NOVA,سماعة دوش,f68c4a72-8eb2-7563-07ad-b344ff9fe960,34.000,80.000,t,,310002829
ARSB80811,مصب دوش مربع قصير بالتحويله أسود,توريما,03278BB-T40,مصب دوش,3f8e1d44-c2e4-cecd-ff29-48dc418eba21,515.000,730.000,t,,310003922
PA30084,نظارات حماية,الشركة العالمية للتصدير و الإستيراد,,قناع واقي,081276dc-6952-a613-dc62-614b51522ad0,2.000,10.000,t,,210004245
ARSB80065,كسكاس دوش دائري 300 مم مع قصبة كروم,شيزا,,كسكاس دوش,5bd59cc2-f915-90b2-5eb0-3ec705744a94,135.000,200.000,t,,210002795
MA20129,خلاط حوض المطبخ سحاب كروم,بريمكس,11067B,خلاط حوض المطبخ سحاب,0dafba13-51f2-fc5a-eab7-f16d55bcce40,210.000,330.000,t,,210002725
RFP1424,"فسيبلي "" 1/2 أنثى * ""1/2 أنثى 40سم",سانيتاري ويرز,,فسيبلي,4db58ef5-0e02-ae07-fc14-5629c40b7689,11.500,20.000,t,,210003184
PA30738,لقمة جيدور كروم رقم 12,الشركة العالمية للتصدير و الإستيراد,,مجموعة مفاتيح عدة,f330aa66-9a8a-90ee-d535-6c68ff14b0de,2.750,10.000,t,,210004508
LG40981,حوض كواريون كوارتز100سم أبيض,سانيتاري واير,C-2,حوض وجه برسلين,b254c840-e3dc-aa50-45cc-22c1a82f1d9d,400.000,650.000,t,,310004451
AASB31104,حاملة فوط كروم,ليمكس,2664,اكسسوارات,f592fa51-d431-40c9-f38d-39cdf4092eb2,105.000,180.000,t,,310004607
EG40988,رف كواريون كوارتز 80سم أبيض,سانيتاري ويرز,S80-1,رف حوض وجه برسلين,b254c840-e3dc-aa50-45cc-22c1a82f1d9d,180.000,350.000,t,,310004458
SA10758,طقم اكسسوار كروم,سانيتاري ويرز,2674,طقم اكسسوارات,f68c4a72-8eb2-7563-07ad-b344ff9fe960,75.000,112.500,t,,310003379
PE30387,طلاء عاز ل مطاطي  1 كغ,الواحة,العازل,الجدران خارجي,193a3d2d-d39f-6712-72cb-c5f247087645,14.000,25.000,t,,210004183
ASCA60291,ستريتشة 2.32 متر,الشركة العالمية للتصدير و الإستيراد,,ستريتشة,193a3d2d-d39f-6712-72cb-c5f247087645,30.000,75.000,t,,210003788
LG40774,حوض كواريون كوارتز 60سم,سانيتاري واير,diollo,حوض وجه برسلين,56855bde-1190-92a2-afb0-419a9650977f,400.000,750.000,t,,310004185
EL10889,حوض مطبخ ستانلس ستيل   80*48 أسود,ب.أمور,Siena,حوض مطبخ ستانلس ستيل,0b31d558-d145-3aaf-232e-dad3cc8669b6,450.000,750.000,t,,310004343
AASB30040,مجفف شعر أبيض,جي اف مارك,889,اكسسوارات,3f8e1d44-c2e4-cecd-ff29-48dc418eba21,110.000,180.000,t,,310002909
VS11142,حوض وجه معلق60 سم,ليسو,800,حوض وجه معلق,9a9f39af-a0d0-6a64-969d-7baa03e28c4f,315.000,470.000,t,,310004645
ALVM50025,سيفون حوض الوجه كروم,سانيتاري ويرز,VALMO SG 2978-24,سيفون حوض الوجه,51882a69-3ac9-cde2-37e3-64e2b7daae96,43.500,90.000,t,,310002863
EL50399,لصقة 0.13 مم * 19 مم * 25 متر,الشركة العالمية للتصدير و الإستيراد,SCAPA 2702,ملحقات الكهرباء,4db58ef5-0e02-ae07-fc14-5629c40b7689,4.750,10.000,t,,210003910
AASB30405,حامل ورق منظف كلينكس,فينوس,ST-06,اكسسوارات,0dafba13-51f2-fc5a-eab7-f16d55bcce40,68.870,110.000,t,,210004870
PA30452,ڨوانطي محبب,الشركة التونسية للمواد الصحية,,قفازات,4db58ef5-0e02-ae07-fc14-5629c40b7689,1.250,5.000,t,,210003963
MD20005,خلاط دوش كروم,فينوس,PEARL,خلاط دوش,0dafba13-51f2-fc5a-eab7-f16d55bcce40,143.000,230.000,t,,210002644
PA30572,فيتي 10*80 (4 قطع),الشركة العالمية للتصدير و الإستيراد,,برغي,4db58ef5-0e02-ae07-fc14-5629c40b7689,0.766,5.000,t,,210004089
ARSB80270,مصب دوش مع تحويلة كروم,أنكا,ANKA ANK-1010,مصب دوش,f68c4a72-8eb2-7563-07ad-b344ff9fe960,86.000,150.000,t,,310003255
ARSB80756,مصب دوش بدون تحويلة ذهبي,فيدار,8077-GOLD,مصب دوش,509e8e91-b47c-f17c-5f3a-a8dfebf81f76,63.000,100.000,t,,310003868
RA30037,"ديسكو حديد 9"" 230 مم",كداس,A 24 PLUS T-BF,ديسكو منشار دائري,4db58ef5-0e02-ae07-fc14-5629c40b7689,8.500,15.000,t,,210003452
PE30066,طلاء بخاخ داخلي و خارجي أسود مطفي,إس كيو إل أو,,الجدران والسقف,4db58ef5-0e02-ae07-fc14-5629c40b7689,5.720,10.000,t,,210003386
ARSB80813,مصب دوش قصير بتحويلة كروم,توريما,0327811-T90,مصب دوش,3f8e1d44-c2e4-cecd-ff29-48dc418eba21,340.000,510.000,t,,310003927
SA10649,طقم اكسسوار كروم,بن أمور,50-10-48,طقم اكسسوارات,ac78bb51-d153-70a3-ad89-bdb50a8537eb,90.000,150.000,t,,310003757
ML30379,مرايا حمام مع إضاءة لد 100*80 سم,سانيتاري ويرز,293A,مراية مضيئة,f68c4a72-8eb2-7563-07ad-b344ff9fe960,155.000,230.000,t,,210004202
ML10083,خلاط حوض وجه أسود,جي اف مارك,6-011X,خلاط حوض وجه,60d7d8a2-1083-abe4-d894-b1c7f3235d40,330.000,500.000,t,,310002737
MC10446,مجرى 40 سم *8 سم كروم,أكوا دزاين,AD216-40,مجرى,51882a69-3ac9-cde2-37e3-64e2b7daae96,175.000,400.000,t,,310003515
ARSB8079,مصب دوش طويل بتحويلة كروم,توريما,0327411-T40,مصب دوش,3f8e1d44-c2e4-cecd-ff29-48dc418eba21,330.000,380.000,t,,210004244
LG40767,حوض وجه برسلين 80 سم,رويال,R-L5,حوض وجه برسلين,f68c4a72-8eb2-7563-07ad-b344ff9fe960,400.000,600.000,t,,310004108
AM40401,مراية دولاب حمام-80 سم,تركي,LIGHT-OAK EKO,مراية دولاب,431ac3fd-806d-3b31-7433-0f5bf3af56c7,100.000,180.000,f,,310003456
ATWC50158,مثبت غطاء مقعد ضغط كروم بالوردة,سانيتاري ويرز,,ملحقات مقاعد,dc6e5eb0-a2c4-7fc8-161c-528f389f29cc,7.500,20.000,t,,210004541
EG40103,رف حوض وجه برسلين 65 سم,رويال,YB036_6,رف حوض وجه برسلين,60d7d8a2-1083-abe4-d894-b1c7f3235d40,40.000,150.000,t,,310003175
AASB30026,رف زاوية زوجي كروم,سانيتاري ويرز,811,اكسسوارات,f68c4a72-8eb2-7563-07ad-b344ff9fe960,140.000,140.000,t,,210003441
RA20135,سنيسكا خارجيه دبل كواردة لحام 32,كالدي,بي بي ر - PPR,سنيسكا,f330aa66-9a8a-90ee-d535-6c68ff14b0de,23.000,35.000,t,,210004513
ML10012,خلاط حوض وجه كروم,شيزا,COBRA 45578 CR,خلاط حوض وجه,3f8e1d44-c2e4-cecd-ff29-48dc418eba21,215.000,400.000,t,,310002679
ARSB80403,رقبة خلاط متحركة فلتر كروم,سانيتاري ويرز,,ملحقات خلاط,4db58ef5-0e02-ae07-fc14-5629c40b7689,5.250,7.875,t,,310003302
ARSB80451,سماعة دوش مع طوبو كروم,مونتانا س.ل,MT-4101,سماعة دوش,2e234c5a-ae37-77f1-3c02-d40e664e7d50,110.000,220.000,t,,210004600
ASCA60279,ستريتشة 2.44 متر,الشركة العالمية للتصدير و الإستيراد,,ستريتشة,193a3d2d-d39f-6712-72cb-c5f247087645,30.000,75.000,t,,210003776
AASB30104,موزع صابون حساس ابيض,سانيتاري ويرز,1389,اكسسوارات,081276dc-6952-a613-dc62-614b51522ad0,22.000,60.000,t,,310002953
AB10142,خزانة حمام أبيض,سانيتاري ويرز,EKOSE WHITE,خزانة حمام,e47ac07e-2763-bc83-6cf2-c39bb577a1f9,189.170,300.000,t,,310003218
MT30064,خلاط شطاف مع شطاف أسود,شيزا,NOVA,خلاط شطاف,3f8e1d44-c2e4-cecd-ff29-48dc418eba21,215.000,350.000,t,,210002660
PS20135,علاقة مناشف كروم,سانيتاري ويرز,PUSH LOC,علاقة مناشف,081276dc-6952-a613-dc62-614b51522ad0,25.000,40.000,t,,310002984
EL10866,حوض مطبخ ستانلس ستيل    تحت الرخامة 304 86 * 44 سم,أسيل,AS 380,حوض مطبخ ستانلس ستيل,b254c840-e3dc-aa50-45cc-22c1a82f1d9d,585.000,870.000,t,,310003987
MC10078,سرفنتينة 15 سم * 15 سم كروم,فيرمر,YLN7132-15,مجرى,4db58ef5-0e02-ae07-fc14-5629c40b7689,23.500,50.000,t,,310003111
RA30015,"كوربة 2"" - 90°",الرطيل,جي أم GM,كوع - كوربة,4db58ef5-0e02-ae07-fc14-5629c40b7689,4.365,7.000,t,,210003409
EG40609,رف رخامي كوارتز 60*50سم,سانيتاري ويرز,1-3-40,رف حوض وجه برسلين,b254c840-e3dc-aa50-45cc-22c1a82f1d9d,230.000,400.000,t,,310003717
ARSB80236,طوبو دوش 150سم كروم,سانيتاري ويرز,,طوبو دوش,4db58ef5-0e02-ae07-fc14-5629c40b7689,1.500,10.000,t,,310003150
PS20018,علاقة مناشف كروم,فينوس,BA 805,علاقة مناشف,0dafba13-51f2-fc5a-eab7-f16d55bcce40,112.800,120.000,t,,210003427
EL50518,لصقة خزان 5 سم 5 متر,الشركة العالمية للتصدير و الإستيراد,,ملحقات الكهرباء,4db58ef5-0e02-ae07-fc14-5629c40b7689,8.500,20.000,t,,210004034
EG40352,رف حوض وجه برسلين 80 سم,رويال,YB03_18,رف حوض وجه برسلين,60d7d8a2-1083-abe4-d894-b1c7f3235d40,70.000,150.000,t,,210003097
RA20491,كواردةبلاستك 63 لصقة ضغط 16ايرا,الرطيل,جي أم GM,كواردة,571d2375-1774-6730-7af4-8df56a1d7a88,30.000,35.000,t,,210005022
AASB30155,حاملة فرشاة أسنان كروم,فينوس,BA702,اكسسوارات,0dafba13-51f2-fc5a-eab7-f16d55bcce40,44.000,75.000,t,,210002859
ML10894,خلاط حوض وجه ذهبي,بن أمور,B.AMOR002,خلاط حوض وجه,f3749abe-ab61-138e-bb47-655f16ecc625,190.000,320.000,t,,310004348
EG40392,رف حوض وجه برسلين 80 سم,رويال,2611,رف حوض وجه برسلين,60d7d8a2-1083-abe4-d894-b1c7f3235d40,60.000,150.000,t,,210003149
EG30093,حوض مطبخ جرانيت رملي محبب 70*50,سانيبال,رودا,حوض مطبخ جرانيت,e47ac07e-2763-bc83-6cf2-c39bb577a1f9,291.000,450.000,t,,210004435
PE30173,"فرشة طلاء 4"" 101.6 مم",فندر,,فرشة طلاء,4db58ef5-0e02-ae07-fc14-5629c40b7689,5.250,7.000,t,,210003667
PE30499,فرشة طلاء ايطالية رقم60,فندر,,فرشة طلاء,f330aa66-9a8a-90ee-d535-6c68ff14b0de,5.750,12.000,t,,210004847
EG30865,حوض مطبخ جرانيت أسود مطفي79*51 فردي,ب.أمور,Jammel,حوض مطبخ جرانيت,0b31d558-d145-3aaf-232e-dad3cc8669b6,475.000,750.000,t,,310004319
ARSB80435,سماعة دوش مع طوبو كروم,اعتماد,401,سماعة دوش,f330aa66-9a8a-90ee-d535-6c68ff14b0de,46.500,80.000,t,,210004902
EL50114,برتولامبه بدون تامينه,دي بي اس,,المصابيح الكهربائية,4db58ef5-0e02-ae07-fc14-5629c40b7689,1.250,2.000,t,,210004472
RA30441,ديسكو ليزري 9'' 230 مم,الشركة العالمية للتصدير و الإستيراد,,ديسكو منشار دائري,4db58ef5-0e02-ae07-fc14-5629c40b7689,130.000,160.000,t,,210003952
ARSB80732,كسكاس دوش مربع 300*300 مم ذهبي,ديولو,,كسكاس دوش,b254c840-e3dc-aa50-45cc-22c1a82f1d9d,63.000,150.000,t,,310003844
RS40441,بلاط ارضيات كوطو 60سم * 60 سم (0.360  م²),سانيتاري ويرز,6600038,بلاط الأرضيات,695330b1-f457-9bb1-70db-3ef19382e7c9,43.200,35.000,t,,210004955
P30108,مضخة ماجن 1/2 حصان ضد التآكل,شمجا,QDX1.5-17-0.37K3-F,مضخة,4db58ef5-0e02-ae07-fc14-5629c40b7689,365.000,420.000,t,,210003596
ARSB80382,سماعة دوش كروم,بضائع أوروبية,Prakitker,سماعة دوش,081276dc-6952-a613-dc62-614b51522ad0,35.000,120.000,t,,310003166
PA30116,خفاف عتبة,الشركة العالمية للتصدير و الإستيراد,,أدوات  متعددة الوظائف,f330aa66-9a8a-90ee-d535-6c68ff14b0de,6.250,10.000,t,,210004960
ARSB80303,شطاف ظغط مع طوبو كروم,توريما,1372-003,شطاف,3f8e1d44-c2e4-cecd-ff29-48dc418eba21,85.000,160.000,t,,210003040
PE30541,لصقة سريعة (2 قطع),الشركة العالمية للتصدير و الإستيراد,QUICCK 17309K,المواد اللاصقة و العازلة,4db58ef5-0e02-ae07-fc14-5629c40b7689,7.250,15.000,t,,210004057
AASB30041,مجفف شعر أبيض,ليمكس,LY2101-White,اكسسوارات,0dafba13-51f2-fc5a-eab7-f16d55bcce40,81.755,100.000,t,,310002910
RO10476,حنفية 3/4,سانيتاري ويرز,FIRMER YLN6313-3/4,حنفية,4db58ef5-0e02-ae07-fc14-5629c40b7689,24.500,35.000,t,,210003992
ML10440,خلاط حوض وجه  20 سم كروم,تركارت,KRIPTO,خلاط حوض وجه,c0faf038-b788-4ed3-15e1-cb4edf3f56f1,177.000,270.000,t,,310003509
CD40096,مسطرة دوش زوجية كروم,ميتا فورم,PERFECT H28,مسطرة دوش,0dafba13-51f2-fc5a-eab7-f16d55bcce40,143.000,215.000,t,,210002692
MC10414,مجرى 80 سم *7 سم كروم,بيورا,DL-11-85,مجرى,f9f6d83d-5b9d-2d22-c42a-21b487031fad,331.000,410.000,t,,210003172
EG40082,رف حوض وجه برسلين 90 سم,سانيتاري ويرز,A05,رف حوض وجه برسلين,f68c4a72-8eb2-7563-07ad-b344ff9fe960,145.000,225.000,t,,210004242
ML10171,خلاط حوض وجه 2 فتحات كروم,فاردر,,خلاط حوض وجه,4db58ef5-0e02-ae07-fc14-5629c40b7689,50.000,100.000,t,,310003264
EG30249,حوض مطبخ جرانيت رصاصي محبب 90*50,سانيبال,رومبا,حوض مطبخ جرانيت,e47ac07e-2763-bc83-6cf2-c39bb577a1f9,435.000,650.000,t,,210002970
RA30047,"مخفض 4"" * 3""",الرطيل,جي أم GM,مخفض,1054307a-87a0-d4d2-fe16-bd905fe6a04b,7.500,15.000,t,,210003472
MC10004,مجرى 40 سم *6 سم دهبي,سانيتاري ويرز,,مجرى,eaec4caa-2cd8-a5a0-0ace-817c235e4ecc,100.000,160.000,t,,210003237
VS10200,حوض وجه معلق -80 سم,تركواز سيراستايل,KAPADOKYA,حوض وجه معلق,3ef761c8-d645-a9c8-47dc-960089e79b35,533.500,790.000,t,,210002907
LG40372,حوض وجه برسلين مشطوف مع رف 80 سم,رويال,YB14-4,حوض وجه برسلين,60d7d8a2-1083-abe4-d894-b1c7f3235d40,560.000,800.000,t,,210003129
ALVM50938,سيفون حوض الوجه بلاستك كروم,ليسو,LUSSO,سيفون حوض الوجه,f68c4a72-8eb2-7563-07ad-b344ff9fe960,65.000,110.000,t,,310004064
RA20084,طوبو3''(1) متر,الرطيل,جي أم GM,مواسير - طوبو,4db58ef5-0e02-ae07-fc14-5629c40b7689,12.500,17.000,t,,210004322
VS10928,حوض وجه معلق بالعلاقة-80 سم,سانيتاري ويرز,C173,حوض وجه معلق,2e234c5a-ae37-77f1-3c02-d40e664e7d50,600.000,800.000,t,,310004389
MC10076,سرفنتينة 15 سم * 15 سم كروم,سانيتاري ويرز,,مجرى,f68c4a72-8eb2-7563-07ad-b344ff9fe960,72.000,120.000,t,,310003106
ML30503,مرايا حمام مع إضاءة لد اطارأسود 55 سم,سانيتاري ويرز,,مراية مضيئة,14950469-fd5d-b082-a076-567607dd7c0e,80.000,140.000,t,,310003574
PE30320,طلاء مائي داخلي 10 كغ أبيض ربع لمعه,شركة الحيرة لدهانات,,الجدران والسقف,cbc8158a-9b45-9705-3f1d-05cad25ac2d7,140.000,150.000,t,,210004746
VP20216,حوض وجه فوق الرخام ذهبي -48سم,ب.أمور,G340,حوض فوق الرخام,56855bde-1190-92a2-afb0-419a9650977f,154.000,250.000,t,,210002930
AECU50180,سيفون حوض المطبخ رأس صغير,سي أر سمارت,L-B-PLAST,ملحقات أحواض المطابخ,dc6e5eb0-a2c4-7fc8-161c-528f389f29cc,29.500,50.000,t,,310003273
AASB30202,أرضية دوش 71×36 سم,بضائع أوروبية,,اكسسوارات,081276dc-6952-a613-dc62-614b51522ad0,33.750,80.000,t,,310003308
RA30022,"مثلث 4""",الرطيل,جي أم GM,مثلث,4db58ef5-0e02-ae07-fc14-5629c40b7689,26.000,25.000,t,,210003416
PA30134,قفل طلقة 90 مم,والي,,قفل باب,4db58ef5-0e02-ae07-fc14-5629c40b7689,96.000,155.000,t,,210003627
PLSA0264,وردة أسود,ليمكس,LY-2071,وصلة,f592fa51-d431-40c9-f38d-39cdf4092eb2,16.750,20.000,t,,210003761
RA20038,"طابة 32"" لحام",فرات,بي بي ر - PPR,طابة,1054307a-87a0-d4d2-fe16-bd905fe6a04b,0.969,5.000,t,,310002601
LG40751,حوض كواريون كوارتز80سم أبيض,سانيتاري واير,360-2-1,حوض وجه برسلين,b254c840-e3dc-aa50-45cc-22c1a82f1d9d,380.000,750.000,t,,310004145
PA30533,مفتاح لوندينو 275 مم 11''  18'',الشركة العالمية للتصدير و الإستيراد,,مفك البراغي يدوي,4db58ef5-0e02-ae07-fc14-5629c40b7689,12.500,25.000,t,,210004049
ARSB80377,مخرج شطاف مع علاق كروم,deante,052k n02,مخرج شطاف,5bd59cc2-f915-90b2-5eb0-3ec705744a94,95.000,180.000,t,,210004823
PLSA0258,"كوربة ذكر ""1/2 * ""1/2 مع وردة كروم",سانيتاري ويرز,F040CR002,وصلة,4db58ef5-0e02-ae07-fc14-5629c40b7689,14.000,20.000,t,,210002981
ELC1109,"مطول كهرباء 3مدخل 3متر
",كونزا,,الأسلاك والكابلات,4db58ef5-0e02-ae07-fc14-5629c40b7689,32.500,45.000,t,,210004467
ML30740,مرايا حمام مع إضاءة لد-طول 80*60 سم,ديولو,DE 001,مراية مضيئة,b254c840-e3dc-aa50-45cc-22c1a82f1d9d,81.000,150.000,t,,310003852
AASB30512,سلة قمامة,wilko,,اكسسوارات,1e40627e-ea09-d325-6c11-fb6c068c423e,35.000,52.500,t,,310003583
RD30579,حوض قدم مستطيل زاوية يسار اكريليك 120*80*14,ساناكريل,M309,بانيو قدم,e47ac07e-2763-bc83-6cf2-c39bb577a1f9,700.000,1000.000,t,,310003683
EL50101,لامبة لد 10 وات,دي بي اس,E27,المصابيح الكهربائية,4db58ef5-0e02-ae07-fc14-5629c40b7689,2.750,6.000,t,,310003173
AM0695,دولاب مع حوض وجه مع مراية حمام 80 سم,بن أمور,203-80,دولاب حمام,ac78bb51-d153-70a3-ad89-bdb50a8537eb,800.000,1245.000,t,,310003803
RA20212,مخفض خلاط دوش 1/2*3/4,سانيتاري ويرز,,مخفض,0ac84589-249c-ec1c-90a6-5324415510d3,1.200,10.000,t,,210004618
ML30805,مرايا حمام مع إضاءة لد 83*63 سم,سانيتاري ويرز,8107,مراية مضيئة,f68c4a72-8eb2-7563-07ad-b344ff9fe960,100.000,200.000,t,,310003916
VS10872,حوض وجه معلق -60 سم,تركواز سيراستايل,FRAME,حوض وجه معلق,3ef761c8-d645-a9c8-47dc-960089e79b35,258.000,550.000,t,,310003993
ARSB80155,شطاف ضغط مربع مع طوبو أسود,سانيتاري ويرز,,شطاف,f68c4a72-8eb2-7563-07ad-b344ff9fe960,28.000,80.000,t,,310002810
MC10095,مجرى 45سم *7 سم كروم,بيورا,DL-03-45,مجرى,f9f6d83d-5b9d-2d22-c42a-21b487031fad,257.000,320.000,t,,310003129
ARSB80847,شطاف ظغط مربع مع طوبو كروم,بن أمور,مجموعة بن عمر,شطاف,ac78bb51-d153-70a3-ad89-bdb50a8537eb,60.000,150.000,t,,310004296
MD20785,خلاط دوش كروم,ليسو,JR085-4C,خلاط دوش,f68c4a72-8eb2-7563-07ad-b344ff9fe960,100.000,220.000,t,,310004197
MDE50758,خلاط دوش مدفون مربع ذهبي,فرامو,HO211ORO,خلاط دوش مدفون,f9f6d83d-5b9d-2d22-c42a-21b487031fad,700.000,750.000,t,,310004156
PA30430,ڨوانطي,فندر,,قفازات,4db58ef5-0e02-ae07-fc14-5629c40b7689,4.250,10.000,t,,210003941
MA20019,خلاط حوض المطبخ سحاب ذهبي,جي اف مارك,6229K,خلاط حوض المطبخ سحاب,7ea09f3f-5446-26a3-c653-90a14ccabc04,180.000,320.000,t,,310002741
PE30186,لصقة مع مجفف 100 مل,أويستار,FS-012,المواد اللاصقة و العازلة,4db58ef5-0e02-ae07-fc14-5629c40b7689,6.250,10.000,t,,210003680
ML10032,خلاط حوض وجه شلال قصير كروم,سانيتاري واير,8879-5,خلاط حوض وجه,0dafba13-51f2-fc5a-eab7-f16d55bcce40,95.000,160.000,t,,210002615
PD20785,حاجز دوش6مم اطار كروم 70 سم,سانيتاري ويرز,,حاجز دوش,f68c4a72-8eb2-7563-07ad-b344ff9fe960,350.000,525.000,t,,310003406
RO10286,مسكر زاوية  ''1/2 * ''1/2 كروم,مونتانا س.ل,MT-6101,حنفية,3371605a-058e-4bf1-07a5-d157c54ae58f,26.750,35.000,t,,210003019
ARSB80032,شطاف ظغط مع طوبو برنزي,فرامو,KIT03BRO,شطاف,f9f6d83d-5b9d-2d22-c42a-21b487031fad,290.000,370.000,t,,310002709
PA30607,حبل رقم 14,الشركة العالمية للتصدير و الإستيراد,,خيط، حبل,4db58ef5-0e02-ae07-fc14-5629c40b7689,0.909,2.000,t,,210004125
LG40445,حوض وجه برسلين 80 سم,رويال,4-03,حوض وجه برسلين,f68c4a72-8eb2-7563-07ad-b344ff9fe960,400.000,600.000,t,,210003206
ARSB80013,كسكاس دوش مربع 250*250 مم كروم,توريما,IH056CRSC,كسكاس دوش,3f8e1d44-c2e4-cecd-ff29-48dc418eba21,125.000,230.000,t,,210002596
AASB30509,حاملة منظفات أسود,wilko,,اكسسوارات,1e40627e-ea09-d325-6c11-fb6c068c423e,20.000,50.000,t,,310003580
ARSB80125,مخرج شطاف كروم,فينوس,OLER,مخرج شطاف,0dafba13-51f2-fc5a-eab7-f16d55bcce40,43.600,60.000,t,,210002829
RA30030,"واي 1""",الرطيل,جي أم GM,مثلث,4db58ef5-0e02-ae07-fc14-5629c40b7689,2.500,7.000,t,,210003437
CD40005,مسطرة دوش زوجية مربعة كروم,سانيتاري ويرز,3550 PATTI,مسطرة دوش,f68c4a72-8eb2-7563-07ad-b344ff9fe960,85.000,200.000,t,,310003139
TO9047,مفتاح ربط رقم 10 مم,الشركة العالمية للتصدير و الإستيراد,AC18693,مفاتيح,4db58ef5-0e02-ae07-fc14-5629c40b7689,3.150,10.000,t,,210004363
MT30630,خلاط شطاف مع شطاف 15 سم أسود,بن أمور,مجموعة بن عمر,خلاط شطاف,ac78bb51-d153-70a3-ad89-bdb50a8537eb,115.000,200.000,t,,310003738
ARSB80324,كسكاس دوش مربع 250*250 مم مع قصبة كروم,توريما,1372-15231-007,كسكاس دوش,9a9f39af-a0d0-6a64-969d-7baa03e28c4f,385.000,570.000,t,,210004612
RA30082,طوبو1.5'' (1 متر),الرطيل,جي أم GM,مواسير - طوبو,4db58ef5-0e02-ae07-fc14-5629c40b7689,4.667,10.000,t,,210004317
AB10844,خزانة حمام أبيض,سانيتاري ويرز,9938,خزانة حمام,f68c4a72-8eb2-7563-07ad-b344ff9fe960,150.000,250.000,t,,310004285
EL50327,برتولامبه مقلد,دي بي اس,,المصابيح الكهربائية,f330aa66-9a8a-90ee-d535-6c68ff14b0de,1.900,5.000,t,,210004765
ARSB80106,مصب دوش قصير بدون تحويلة كروم,توريما,0327911-T40,مصب دوش,3f8e1d44-c2e4-cecd-ff29-48dc418eba21,185.000,300.000,t,,210002811
ML30105,مرايا حمام مع إضاءة لد 80*60 سم,سانيتاري ويرز,2135,مراية مضيئة,f68c4a72-8eb2-7563-07ad-b344ff9fe960,130.000,300.000,t,,210004266
WP20476,مقعد أرضي ملحوم مموج  أبيض,ب.أمور,SH-6688,مقعد أرضي,56855bde-1190-92a2-afb0-419a9650977f,525.000,800.000,t,,310003546
MD20025,خلاط دوش ذهبي,ام سي بولو,MFA20428G,خلاط دوش,b3c3c120-ea64-9a00-f068-5896d8f5926d,260.000,350.000,t,,310002750
CD40112,مسطرة دوش زوجية مع خلاط دجتل كروم,يولي,,مسطرة دوش,0dafba13-51f2-fc5a-eab7-f16d55bcce40,255.000,400.000,t,,210002708
RA30055,طوبو2'' 6 متر,الرطيل,جي أم GM,مواسير - طوبو,4db58ef5-0e02-ae07-fc14-5629c40b7689,49.000,60.000,t,,210003493
AM0347,حوض وجه مع دولاب حمام مع خزانة مع مراية -80 سم,سانيتاري ويرز,8108,دولاب حمام,9a9f39af-a0d0-6a64-969d-7baa03e28c4f,985.000,1750.000,t,,210004791
VS10312,حوض وجه معلق 100 سم,تركواز سيراستايل,FRAME,حوض وجه معلق,3ef761c8-d645-a9c8-47dc-960089e79b35,505.000,730.000,t,,210004738
ART0039,حامل ورق منظف كلينكس,فينوس,BA804,اكسسوارات,0dafba13-51f2-fc5a-eab7-f16d55bcce40,54.000,80.000,t,,210004353
RA30090,ورق سنفرة قماش رقم 220,الشركة العالمية للتصدير و الإستيراد,التاج,ورق الصنفرة,4db58ef5-0e02-ae07-fc14-5629c40b7689,2.514,5.000,t,,210003551
CD40012,مسطرة دوش فرديه أسود,تركي,EZ-2025,مسطرة دوش,e47ac07e-2763-bc83-6cf2-c39bb577a1f9,80.000,130.000,t,,310003145
ML10002,خلاط حوض وجه ذهبي,توريما,EDGE 8E33033-093,خلاط حوض وجه,3f8e1d44-c2e4-cecd-ff29-48dc418eba21,535.000,750.000,t,,210002586
ARSB80305,مخرج شطاف مع علاق مع محول كروم,توريما,1372-003,مخرج شطاف,3f8e1d44-c2e4-cecd-ff29-48dc418eba21,120.000,160.000,t,,210003042
PE30593,مشمع ثقيل 3 * 5,الشركة العالمية للتصدير و الإستيراد,,التغطية والحماية,4db58ef5-0e02-ae07-fc14-5629c40b7689,25.500,35.000,t,,210004111
WS10557,مقعد معلق راما أبيض 134-1,راما,راما,مقعد معلق,8d388eaa-de46-d772-319c-750398f43c28,310.000,450.000,t,,310003629
WS10815,مقعد معلق ملحوم تورنيدو أبيض,ب.أمور,LT-102E-UQ3,مقعد معلق,77d76dcb-7fe6-a4b4-4998-83b869291b06,430.000,750.000,t,,310004236
PE30152,عصاة مطرقة,الشركة العالمية للتصدير و الإستيراد,,مطرقة - ماصة,4db58ef5-0e02-ae07-fc14-5629c40b7689,7.750,12.000,t,,210003646
ARSB80375,سماعة دوش مع طوبو كروم,ليسو,,سماعة دوش,f68c4a72-8eb2-7563-07ad-b344ff9fe960,39.000,90.000,t,,210003132
ARSB80338,مخرج شطاف كروم,فينوس,OLES,مخرج شطاف,5bd59cc2-f915-90b2-5eb0-3ec705744a94,33.000,60.000,t,,210003082
RA20039,"طابة 25"" لحام",فرات,بي بي ر - PPR,طابة,1054307a-87a0-d4d2-fe16-bd905fe6a04b,0.523,5.000,t,,310002602
PA30423,حبل نشر,الشركة العالمية للتصدير و الإستيراد,,خيط، حبل,4db58ef5-0e02-ae07-fc14-5629c40b7689,2.417,7.000,t,,210003934
ARSB80463,سماعة دوش كروم,ديولو,31-20-800,سماعة دوش,b254c840-e3dc-aa50-45cc-22c1a82f1d9d,35.000,70.000,t,,310003532
PE30246,فوم 750 غرام,ابل,PF312,المواد اللاصقة و العازلة,1feb71a5-1d49-b1e4-f571-cf039a9a809d,13.250,20.000,t,,210004667
ALVM50194,رأس سيفوني ذهبي,سانيتاري ويرز,MAF ELSEAH,رأس سيفوني,f68c4a72-8eb2-7563-07ad-b344ff9fe960,29.000,70.000,t,,310003053
WS10173,مقعد معلق أبيض,ب.أمور,SH-M206,مقعد معلق,56855bde-1190-92a2-afb0-419a9650977f,280.000,480.000,t,,210002877
ML10244,خلاط حوض وجه كروم,توريما,CHROME-8C33011-093,خلاط حوض وجه,9a9f39af-a0d0-6a64-969d-7baa03e28c4f,260.000,440.000,t,,210004653
AM40560,مراية دولاب حمام -80 سم,سانيتاري ويرز,9716,مراية دولاب,9a9f39af-a0d0-6a64-969d-7baa03e28c4f,215.000,320.000,t,,210005095
PSB10228,حوض وجه مع دولاب حمام مع مراية -60 سم,سانيتاري ويرز,ML-02-60,طقم حمام,3b74be9f-643f-cd77-2128-39d8b10170c9,480.000,770.000,t,,210002944
VS10826,حوض وجه معلق -80 سم,سانيتاري واير,9936,حوض وجه معلق,f68c4a72-8eb2-7563-07ad-b344ff9fe960,350.000,700.000,t,,310004255
ARSB80944,يد خلاط  مدفون كروم,توريما,BLOG 0124511,ملحقات خلاط,3f8e1d44-c2e4-cecd-ff29-48dc418eba21,55.000,85.000,t,,310004401
RA20455,طبوا مكيف 1/2,شركة الغزالة لمواد البناء,,مواسير - طوبو,f330aa66-9a8a-90ee-d535-6c68ff14b0de,2.325,5.000,t,,210004976
PA30551,فيتي لاميرة 4.2 * 19 (100غ),الشركة العالمية للتصدير و الإستيراد,,برغي,4db58ef5-0e02-ae07-fc14-5629c40b7689,1.575,5.000,t,,210004068
ML30086,مرايا حمام مع إضاءة لد 60*60 سم,سانيتاري ويرز,GAK56,مراية مضيئة,f68c4a72-8eb2-7563-07ad-b344ff9fe960,75.000,150.000,t,,210004428
PLSA0092,"مُطوِّل ""1/2 * 25كروم",سانيتاري ويرز,,وصلة,4db58ef5-0e02-ae07-fc14-5629c40b7689,6.850,10.000,t,,210004253
MD20030,خلاط دوش مع سماعة كروم,سانيتاري ويرز,ALELMARA 30358000,خلاط دوش,2e234c5a-ae37-77f1-3c02-d40e664e7d50,95.000,170.000,t,,310002772
MF20461,مراية حمام 80 سم,أوركا,CLAY,مراية معلقة,fd059421-15b9-e743-662a-d6c4e83bb171,150.000,250.000,t,,210003227
MDE50279,خلاط دوش مدفون كروم,ARB,KLDI021LYC00,خلاط دوش مدفون,dd2fc8ac-5717-c00a-07b0-627c341c4a46,310.000,400.000,t,,210004700
MC10097,سرفنتينة 15 سم * 15 سم ذهبي,سانيتاري ويرز,1009-10015 GOLD,مجرى,f68c4a72-8eb2-7563-07ad-b344ff9fe960,55.000,110.000,t,,210003574
MC10471,مجرى 30سم *7 سم كروم,بيورا,DL-11-30,مجرى,f9f6d83d-5b9d-2d22-c42a-21b487031fad,120.000,170.000,t,,210003258
AM0564,دولاب حمام -90 سم,سانيتاري ويرز,9914,دولاب حمام,9a9f39af-a0d0-6a64-969d-7baa03e28c4f,600.000,1000.000,t,,210005099
PS20168,علاقة ملابس فردي,سانيتاري ويرز,AVATAR,علاقة مناشف,ff3ad10c-136f-2eb9-510b-510058532e8d,35.000,65.000,t,,310003020
ARSB92416,قصبة دوش 40 سم كروم,سانيتاري واير,,قصبة دوش,0dafba13-51f2-fc5a-eab7-f16d55bcce40,56.260,100.000,t,,210004885
SA10809,طقم اكسسوار أسود الامونيوم,ليسو,18B-079,طقم اكسسوارات,9a9f39af-a0d0-6a64-969d-7baa03e28c4f,145.000,260.000,t,,210004934
PE30591,مشمع ثقيل 6 * 7,الشركة العالمية للتصدير و الإستيراد,,التغطية والحماية,4db58ef5-0e02-ae07-fc14-5629c40b7689,65.000,100.000,t,,210004109
AASB30061,حاملة فرشاة أسنان ذهبي,بريمكس,6100K-61,اكسسوارات,0dafba13-51f2-fc5a-eab7-f16d55bcce40,70.000,120.000,t,,310002923
RA30421,ديسكو خشب 4.5'' 110 مم,الشركة العالمية للتصدير و الإستيراد,,ديسكو منشار دائري,f330aa66-9a8a-90ee-d535-6c68ff14b0de,4.500,10.000,t,,210004954
MC10127,غطاء غرفة تفتيش 70*70مخفي SUS304,بيورا,,مجرى,f9f6d83d-5b9d-2d22-c42a-21b487031fad,550.000,690.000,t,,210004494
ALVM50791,رأس سيفوني كروم,ليسو,929,رأس سيفوني,f68c4a72-8eb2-7563-07ad-b344ff9fe960,65.000,110.000,t,,310004210
AASB30035,مجفف شعر أبيض,بريمكس,883,اكسسوارات,0dafba13-51f2-fc5a-eab7-f16d55bcce40,68.000,110.000,t,,210003461
ARSB80116,مصب دوش مع تحويلة كروم,فينوس,CALVIN D1S,مصب دوش,dd2fc8ac-5717-c00a-07b0-627c341c4a46,112.000,165.000,t,,210002820
RA20037,مواسير 32'' 4 متر,فرات,بي بي ر - PPR,مواسير - طوبو,1054307a-87a0-d4d2-fe16-bd905fe6a04b,36.750,40.000,t,,310002600
ARSB80757,شطاف ظغط مربع مع طوبو ذهبي,ELALAR,015-G,شطاف,f68c4a72-8eb2-7563-07ad-b344ff9fe960,69.000,120.000,t,,310003378
MA20021,خلاط حوض المطبخ سحاب ذهبي,سانيتاري ويرز,AF-08,خلاط حوض المطبخ سحاب,f68c4a72-8eb2-7563-07ad-b344ff9fe960,170.000,250.000,t,,310002757
ARSB80942,وردة خلاط شطاف مدفون كروم,توريما,A2L03890-001,ملحقات خلاط,3f8e1d44-c2e4-cecd-ff29-48dc418eba21,85.000,130.000,t,,310004399
PA30355,منشار حديد مقفل 12'' 300 مم,فندر,307A,منشار يدوي,4db58ef5-0e02-ae07-fc14-5629c40b7689,15.500,25.000,t,,210003862
AASB30084,مقبض قابل للطي مضاد للانزلاق لكبار السن,سانيتاري ويرز,,اكسسوارات,ac78bb51-d153-70a3-ad89-bdb50a8537eb,100.000,170.000,t,,210003545
ML30497,مرايا حمام مع إضاءة لد 80*60 سم,سانيتاري ويرز,SYC007,مراية مضيئة,9a9f39af-a0d0-6a64-969d-7baa03e28c4f,120.000,220.000,t,,210005028
LG40099,حوض وجه برسلين مشطوف مع رف 80,سانيتاري ويرز,23128C,حوض وجه برسلين,f68c4a72-8eb2-7563-07ad-b344ff9fe960,455.000,750.000,t,,210004456
ASCA60297,ستريتشة 3 متر,الشركة العالمية للتصدير و الإستيراد,,ستريتشة,193a3d2d-d39f-6712-72cb-c5f247087645,35.000,80.000,t,,210003794
PA30143,سلوم 4 درجات 4 متر,الشركة العالمية للتصدير و الإستيراد,,السلالم والسقالات,4db58ef5-0e02-ae07-fc14-5629c40b7689,240.000,300.000,t,,210003636
PA30504,بونتة مكيف طاسة كاملة,الشركة العالمية للتصدير و الإستيراد,,أدوات الثقب,4db58ef5-0e02-ae07-fc14-5629c40b7689,28.000,50.000,t,,210004020
ML10024,خلاط حوض وجه  15 سم كروم,شيزا,TULIP,خلاط حوض وجه,3f8e1d44-c2e4-cecd-ff29-48dc418eba21,185.000,230.000,t,,210002607
AM0822,دولاب حمام مع إضاءة لد-100 سم,سانيتاري ويرز,9924,دولاب حمام,f68c4a72-8eb2-7563-07ad-b344ff9fe960,750.000,1000.000,t,,310004245
MC10082,سرفنتينة 15 سم * 15 سم أبيض,بيورا,FD-GB,مجرى,f9f6d83d-5b9d-2d22-c42a-21b487031fad,80.000,110.000,t,,310003115
EG40102,رف حوض وجه برسلين 80 سم,رويال,M006,رف حوض وجه برسلين,f68c4a72-8eb2-7563-07ad-b344ff9fe960,100.000,150.000,t,,210004460
PE30116,"منشار خشب 16"" 400 مم",فندر,,صندوق الأدوات,4db58ef5-0e02-ae07-fc14-5629c40b7689,10.500,17.000,t,,210003583
ML10006,خلاط حوض وجه كروم,توريما,VELVET 8V33011-093,خلاط حوض وجه,3f8e1d44-c2e4-cecd-ff29-48dc418eba21,425.000,375.000,t,,210002589
MA20100,خلاط حوض المطبخ سحاب كروم,سانيتاري ويرز,,خلاط حوض المطبخ سحاب,081276dc-6952-a613-dc62-614b51522ad0,168.000,350.000,t,,210002696
ME10022,خلاط حوض المطبخ شجرة كروم,شيزا,NOVA U SPOUT,خلاط حوض المطبخ شجرة,3f8e1d44-c2e4-cecd-ff29-48dc418eba21,155.000,250.000,t,,310002630
RA30384,ديسكو جرانيت 4.5'' 115 مم,ماركيت,A-08115,ديسكو منشار دائري,4db58ef5-0e02-ae07-fc14-5629c40b7689,5.500,15.000,t,,210003895
ARSB80029,سماعة دوش مع طوبو كروم,توريما,1372-005,سماعة دوش,3f8e1d44-c2e4-cecd-ff29-48dc418eba21,78.750,160.000,t,,310002645
ML30501,مرايا حمام مع إضاءة لد اطارذهبي 55 سم,سانيتاري ويرز,,مراية مضيئة,14950469-fd5d-b082-a076-567607dd7c0e,90.000,140.000,t,,310003572
EL50401,لصقة 0.13 مم * 50 مم * 25 متر,الشركة العالمية للتصدير و الإستيراد,SCAPA 2702,ملحقات الكهرباء,4db58ef5-0e02-ae07-fc14-5629c40b7689,13.750,20.000,t,,210003912
CD40011,مسطرة دوش زوجية كروم,سانيتاري ويرز,BEST,مسطرة دوش,f68c4a72-8eb2-7563-07ad-b344ff9fe960,98.000,180.000,t,,310003144
ARSB80006,سماعة دوش مايك مع طوبو كروم,ليسو,ABS 701,سماعة دوش,f68c4a72-8eb2-7563-07ad-b344ff9fe960,39.000,80.000,t,,210003115
MTE60806,خلاط شطاف مدفون ميريدا أسود,توريما,8Q007BB-093/2,خلاط شطاف مدفون,3f8e1d44-c2e4-cecd-ff29-48dc418eba21,475.000,800.000,t,,310003919
EL50395,لصقة 0.13 مم * 19 مم * 25 متر,الشركة العالمية للتصدير و الإستيراد,SCAPA 2702,ملحقات الكهرباء,4db58ef5-0e02-ae07-fc14-5629c40b7689,4.750,10.000,t,,210003906
PA30416,فيتي 3.5 * 40 (1كيلوا),الشركة العالمية للتصدير و الإستيراد,,برغي,f330aa66-9a8a-90ee-d535-6c68ff14b0de,12.500,20.000,t,,210004919
LG40172,حوض وجه برسلين مشطوف 80 سم,ليسو,3080,حوض وجه برسلين,9a9f39af-a0d0-6a64-969d-7baa03e28c4f,400.000,600.000,t,,210004568
RD30584,حوض قدم مستطيل فلات 150*70سم,الطيب,Tib 150*70,بانيو قدم,f9f6d83d-5b9d-2d22-c42a-21b487031fad,530.000,795.000,t,,310003688
PE30386,طلاء عاز ل مطاطي اكسترا 15 كغ,الواحة,العازل اكسترا,الجدران والسقف,193a3d2d-d39f-6712-72cb-c5f247087645,155.000,190.000,t,,210004182
PE30098,ملعقة 18سم,اي بي سي,AC70001,ملعقة,4db58ef5-0e02-ae07-fc14-5629c40b7689,4.750,7.000,t,,210003564
PA30234,دليل باب سحاب,الشركة العالمية للتصدير و الإستيراد,,ملحقات معدات الباب,4db58ef5-0e02-ae07-fc14-5629c40b7689,14.500,15.000,t,,210003727
RA30005,"كوربة 1"" - 45°",الرطيل,جي أم GM,كوع - كوربة,4db58ef5-0e02-ae07-fc14-5629c40b7689,1.700,5.000,t,,210003337
LG40377,حوض وجه برسلين مشطوف مع رف 80 سم,رويال,YB14-13,حوض وجه برسلين,60d7d8a2-1083-abe4-d894-b1c7f3235d40,560.000,800.000,t,,210003134
EG40353,رف حوض وجه برسلين 80 سم,رويال,YB03_10,رف حوض وجه برسلين,60d7d8a2-1083-abe4-d894-b1c7f3235d40,70.000,150.000,t,,210003098
CD40102,مسطرة دوش زوجية كروم,فينوس,3227,مسطرة دوش,0dafba13-51f2-fc5a-eab7-f16d55bcce40,255.000,350.000,t,,210002698
PA30425,نايلو تغليف,سانيتاري واير,,أحذية السلامة,f330aa66-9a8a-90ee-d535-6c68ff14b0de,38.500,50.000,t,,210004906
PA30057,متر 5م,ABC,,أدوات القياس والتتبع,4db58ef5-0e02-ae07-fc14-5629c40b7689,11.500,10.000,t,,210004383
MC10065,مجرى 30سم *7 سم كروم,الشركة التونسية للمواد الصحية,ALEXANDRE,مجرى,4db58ef5-0e02-ae07-fc14-5629c40b7689,37.000,60.000,f,,310003095
ML30283,مرايا حمام مع إضاءة لد دائرية 80سم,سانيتاري ويرز,,مراية مضيئة,f68c4a72-8eb2-7563-07ad-b344ff9fe960,120.000,170.000,t,,210003014
LG40605,حوض وجه كوارتز مع رف مع مراية 60 سم,سانيتاري ويرز,1-3-40,حوض وجه برسلين,b254c840-e3dc-aa50-45cc-22c1a82f1d9d,700.000,1100.000,t,,310003712
PE30434,موس فرش قصير معا غيار,فندر,191801,موس فرش والمقص,f330aa66-9a8a-90ee-d535-6c68ff14b0de,4.250,10.000,t,,210004946
ELC2006,قرجوطة 40مم *25 م,فاندي,F0026,قراجيط الكهرباء,06d20f1c-34a0-e014-64db-92734ce57411,41.000,52.000,t,,210004225
AM0810,دولاب حمام مع إضاءة لد-100 سم,سانيتاري ويرز,9927,دولاب حمام,f68c4a72-8eb2-7563-07ad-b344ff9fe960,750.000,1000.000,t,,310004230
PA30061,رزة باب حديد رقم14,الشركة العالمية للتصدير و الإستيراد,,ملحقات معدات الباب,4db58ef5-0e02-ae07-fc14-5629c40b7689,4.500,10.000,t,,210004387
WS10007,مقعد معلق أبيض,كورنات,VIGO,مقعد معلق,081276dc-6952-a613-dc62-614b51522ad0,195.000,350.000,t,,310002609
ARSB80036,سماعة دوش مع طوبو كروم,بريمكس,SR536D,سماعة دوش,0dafba13-51f2-fc5a-eab7-f16d55bcce40,68.000,110.000,t,,210004347
AASB31123,رف زاوية زوجي كروم,ليسو,WL80,اكسسوارات,f68c4a72-8eb2-7563-07ad-b344ff9fe960,115.000,220.000,t,,310004626
ARSB81039,وصلة مسطرة دوش40سم أسود,سانيتاري ويرز,,طوبو دوش,f68c4a72-8eb2-7563-07ad-b344ff9fe960,12.500,25.000,t,,310004510
ARSB80408,شطاف ظغط مربع مع طوبو كروم,I.DOWAS,1115ZC,شطاف,3371605a-058e-4bf1-07a5-d157c54ae58f,55.000,120.000,t,,310003463
MA20007,خلاط حوض المطبخ سحاب كروم,كاسكاد,C8923,خلاط حوض المطبخ سحاب,0dafba13-51f2-fc5a-eab7-f16d55bcce40,350.000,525.000,t,,210002735
ALVM50402,سيفون حوض الوجه كروم,سانيتاري ويرز,LY4002-CP,سيفون حوض الوجه,3371605a-058e-4bf1-07a5-d157c54ae58f,78.000,120.000,t,,210003159
RFP1140,"فسيبلي "" 1/2 أنثى * ""1/2 أنثى 80سم",سانيتاري ويرز,,فسيبلي,9a9f39af-a0d0-6a64-969d-7baa03e28c4f,12.500,20.000,t,,210004520
MD20898,خلاط دوش كروم,بن أمور,B.AMOR005,خلاط دوش,f3749abe-ab61-138e-bb47-655f16ecc625,305.000,460.000,t,,310004359
PA30346,مفتاح إنجليزي رقم 12,فندر,,مفك البراغي يدوي,4db58ef5-0e02-ae07-fc14-5629c40b7689,16.500,30.000,t,,210003851
ARSB80930,"مسكر شطافة ""1/2"" * ""1/2 كروم",ليسو,JR031-83,مخرج شطاف,f68c4a72-8eb2-7563-07ad-b344ff9fe960,19.000,35.000,t,,310004055
PA30510,قفل باب رئيسي,الشركة العالمية للتصدير و الإستيراد,DAF-70,قفل باب,f330aa66-9a8a-90ee-d535-6c68ff14b0de,38.000,60.000,t,,210005041
RA20078,صرباص 25,فرات,بي بي ر - PPR,وصلة,1054307a-87a0-d4d2-fe16-bd905fe6a04b,1.691,3.000,t,,210003539
CD40003,مسطرة دوش زوجية مربعة كروم,سانيتاري ويرز,10149,مسطرة دوش,f68c4a72-8eb2-7563-07ad-b344ff9fe960,145.000,240.000,t,,310003136
PA30611,سلسلة رقم 8 (1متر),الشركة العالمية للتصدير و الإستيراد,,خيط، حبل,4db58ef5-0e02-ae07-fc14-5629c40b7689,10.000,15.000,t,,210004129
PA30099,ڨومة برويطة ديسكو مفتوح قلب متحرك 4 بار,الشركة العالمية للتصدير و الإستيراد,,برويطة,4db58ef5-0e02-ae07-fc14-5629c40b7689,36.000,55.000,t,,210003587
PE30995,قطرامينة 13ك زيتيه سطل حديد,دهانات المدينة مصراتة,العازل,الجدران خارجي,4db58ef5-0e02-ae07-fc14-5629c40b7689,100.800,95.000,t,,210004437
ARSB80163,شطاف ظغط مربع مع طوبو كروم,سانيتاري ويرز,FIDAR,شطاف,7ea09f3f-5446-26a3-c653-90a14ccabc04,29.000,60.000,t,,310002818
ML10804,خلاط حوض وجه كروم,بن أمور,B.AMOR015,خلاط حوض وجه,f3749abe-ab61-138e-bb47-655f16ecc625,135.000,250.000,t,,310004354
ALVM50391,رأس سيفوني رخامي,سانيتاري ويرز,31-17,رأس سيفوني,f68c4a72-8eb2-7563-07ad-b344ff9fe960,41.000,80.000,t,,210004214
ME10013,خلاط حوض المطبخ شجرة كروم,اعتماد,KAPPA 593,خلاط حوض المطبخ شجرة,3371605a-058e-4bf1-07a5-d157c54ae58f,110.000,170.000,t,,210002741
ML30903,مرايا حمام مع إضاءة لد 60*80 سم,سانيتاري ويرز,PL80-2,مراية مضيئة,b254c840-e3dc-aa50-45cc-22c1a82f1d9d,100.000,150.000,t,,310004024
ML30221,مرايا حمام مع إضاءة لد 80*60 سم,سانيتاري ويرز,3075,مراية مضيئة,9a9f39af-a0d0-6a64-969d-7baa03e28c4f,120.000,200.000,t,,210004628
ML30776,مرايا حمام مع إضاءة لد 60*60 سم,سانيتاري ويرز,RIMERIO,مراية مضيئة,56855bde-1190-92a2-afb0-419a9650977f,100.000,150.000,t,,310004187
LG40401,حوض وجه برسلين مشطوف مع رف 80 سم,الشركة العالمية للتصدير و الإستيراد,2710,حوض وجه برسلين,60d7d8a2-1083-abe4-d894-b1c7f3235d40,400.000,950.000,t,,210004165
ATWC50245,رجسترو مقعد أرضي مستقيم,سانيتاري ويرز,,ملحقات مقاعد,dc6e5eb0-a2c4-7fc8-161c-528f389f29cc,6.500,10.000,t,,210002965
PD20456,حاجز دوش 8 مم  مخطط 80*190  سم أسود,سانيتاري ويرز,14-40,حاجز دوش,b254c840-e3dc-aa50-45cc-22c1a82f1d9d,395.000,550.000,t,,310003525
P30345,مضخة 1/2 حصان,ABC,ART129,مضخة,f330aa66-9a8a-90ee-d535-6c68ff14b0de,195.000,280.000,t,,210004762
EG40177,رف حوض وجه برسلين 80 سم,ليسو,C2080D,رف حوض وجه برسلين,9a9f39af-a0d0-6a64-969d-7baa03e28c4f,185.000,350.000,t,,210004573
PS20318,علاقة مناشف كروم,سانيتاري واير,AF-19108-13,علاقة مناشف,f68c4a72-8eb2-7563-07ad-b344ff9fe960,35.000,60.000,t,,210003815
ME10922,خلاط حوض المطبخ شجرة أسود مطفي,بن أمور,B.AMOR025,خلاط حوض المطبخ شجرة,f3749abe-ab61-138e-bb47-655f16ecc625,310.000,465.000,t,,310004370
RA20030,كواردة 25 سن خارجي,فرات,بي بي ر - PPR,كواردة,1054307a-87a0-d4d2-fe16-bd905fe6a04b,12.825,20.000,t,,310002593
PE30379,طلاء عاز ل مطاطي اكسترا 3 كغ,الواحة,العازل اكسترا,الجدران والسقف,193a3d2d-d39f-6712-72cb-c5f247087645,42.500,60.000,t,,210004175
ARSB81054,اكسسوار خلاط دوش مدفون مربع ذهبي,فيدار,FD-8T0015-R,ملحقات خلاط,dc6e5eb0-a2c4-7fc8-161c-528f389f29cc,145.000,250.000,t,,310004525
PA30048,خباشة زيتون فليتي,الشركة العالمية للتصدير و الإستيراد,,خباشة,4db58ef5-0e02-ae07-fc14-5629c40b7689,1.350,5.000,t,,210004364
ARSB80113,قصبة دوش 28 سم كروم,فينوس,,قصبة دوش,0dafba13-51f2-fc5a-eab7-f16d55bcce40,26.909,70.000,t,,210002817
AASB30096,رف زاوية ثلاثي كروم,بريمكس,,اكسسوارات,0dafba13-51f2-fc5a-eab7-f16d55bcce40,150.350,220.000,t,,210003561
RO10477,حنفية 1/2,سانيتاري ويرز,FIRMER YLN6313-1/2,حنفية,4db58ef5-0e02-ae07-fc14-5629c40b7689,21.875,30.000,t,,210003993
MC10003,سرفنتينة 15 سم * 15 سم اسود,بيورا,FD-GB,مجرى,f9f6d83d-5b9d-2d22-c42a-21b487031fad,80.000,110.000,t,,210003264
PA30208,عدة جيدور 24 قطعة,بيسو,B-1067,مجموعة مفاتيح عدة,4db58ef5-0e02-ae07-fc14-5629c40b7689,125.000,170.000,t,,210003702
AASB30570,سلة قمامة استيل ذهبي ثقيل,سانيتاري ويرز,,اكسسوارات,7ea09f3f-5446-26a3-c653-90a14ccabc04,95.000,140.000,t,,310003674
AB10417,خزانة حمام 120*24*20,سانيتاري ويرز,8205,خزانة حمام,f68c4a72-8eb2-7563-07ad-b344ff9fe960,100.000,250.000,t,,210003175
ML10897,خلاط حوض وجه شاشة لاد كروم,ليسو,JR031-89,خلاط حوض وجه,f68c4a72-8eb2-7563-07ad-b344ff9fe960,295.000,430.000,t,,310004018
ML30823,مرايا حمام مع إضاءة لد 100*70 سم,سانيتاري ويرز,9924,مراية مضيئة,f68c4a72-8eb2-7563-07ad-b344ff9fe960,150.000,250.000,t,,310004247
ARSB80138,مصب حوض وجه  22 سم كروم,توريما,0314111-T40,مصب حوض,3f8e1d44-c2e4-cecd-ff29-48dc418eba21,295.000,350.000,t,,210002842
AM0699,دولاب حمام مع حوض وجه 60 سم,بن أمور,60-C,دولاب حمام,ac78bb51-d153-70a3-ad89-bdb50a8537eb,440.000,650.000,t,,310003807
ML10789,خلاط حوض وجه كروم,سانيتاري ويرز,OM-36,خلاط حوض وجه,b254c840-e3dc-aa50-45cc-22c1a82f1d9d,53.500,100.000,t,,310004131
PA30480,بينسة رقم 8,اي بي سي,AC18795,مفك البراغي يدوي,4db58ef5-0e02-ae07-fc14-5629c40b7689,13.500,25.000,t,,210003996
PA30250,ميزان 40 سم,صولا,,أدوات القياس والتتبع,4db58ef5-0e02-ae07-fc14-5629c40b7689,7.500,15.000,t,,210003743
AETS20237,تفلون 19 مم * 30 متر * 0.8 مم,سانيتاري ويرز,,ملحقات عوازل صحية,dd2fc8ac-5717-c00a-07b0-627c341c4a46,5.750,10.000,t,,310003361
ML30284,مرايا حمام مع إضاءة لد دائرية بالعلاقة مع اطار أسود 60سم,سانيتاري ويرز,,مراية مضيئة,f68c4a72-8eb2-7563-07ad-b344ff9fe960,135.000,190.000,t,,210003016
RA20080,"25 * 1/2"" * 15 قاعدة خلاط ثابتة",فرات,بي بي ر - PPR,كوع - كوربة,1054307a-87a0-d4d2-fe16-bd905fe6a04b,11.150,20.000,t,,210004235
PE30031,دهان عازل أكريليكي  كغ3.5 أبيض,دهانات المدينة مصراتة,الزواق,الجدران خارجي,4db58ef5-0e02-ae07-fc14-5629c40b7689,38.400,70.000,t,,210003327
ARSB81046,وصلة مسطرة دوش60 كروم سم,DOUS,DT-52,طوبو دوش,dc6e5eb0-a2c4-7fc8-161c-528f389f29cc,6.950,25.000,t,,310004517
ASCA60274,ستريتشة 2.44 متر,الشركة العالمية للتصدير و الإستيراد,,ستريتشة,193a3d2d-d39f-6712-72cb-c5f247087645,30.000,75.000,t,,210003771
LG40323,حوض وجه برسلين 65 سم,رويال,YB036_8,حوض وجه برسلين,60d7d8a2-1083-abe4-d894-b1c7f3235d40,400.000,600.000,t,,210003064
ME10774,خلاط حوض المطبخ شلال أسود,سانيتاري ويرز,KAT-2,خلاط حوض المطبخ شجرة,f68c4a72-8eb2-7563-07ad-b344ff9fe960,99.000,220.000,t,,310003885
PE30389,طلاء عاز ل مطاطي  10 كغ,الواحة,العازل,الجدران خارجي,193a3d2d-d39f-6712-72cb-c5f247087645,110.000,140.000,f,,210004185
PE30037,طلاء مائي داخلي 18 كغ أبيض مطفي,جي ال سي,سوبر داي - تون 3030,الجدران والسقف,4db58ef5-0e02-ae07-fc14-5629c40b7689,139.000,100.000,t,,210003356
AASB30782,حاملة ورق ناعم كروم,بضائع أوروبية,,اكسسوارات,081276dc-6952-a613-dc62-614b51522ad0,20.000,40.000,t,,310003893
MD20006,خلاط دوش أسود,شيزا,NOVA,خلاط دوش,0dafba13-51f2-fc5a-eab7-f16d55bcce40,265.000,390.000,t,,210002645
PSB10153,خلاط مع سماعة مع مسطرة دوش زوجية كروم,سانيتاري ويرز,,طقم حمام,,312.000,500.000,t,,210002856
AM0947,دولاب مع حوض وجه مع مراية حمام 80 سم,بن أمور,330-80,دولاب حمام,3b74be9f-643f-cd77-2128-39d8b10170c9,800.000,1550.000,t,,310004417
EL50097,كلبس كاو رقم 12,الشركة العالمية للتصدير و الإستيراد,,ملحقات الكهرباء,4db58ef5-0e02-ae07-fc14-5629c40b7689,1.350,3.500,t,,210003558
MT30854,خلاط شطاف دائري مع شطاف 15 سم كروم,بن أمور,مجموعة بن عمر,خلاط شطاف,ac78bb51-d153-70a3-ad89-bdb50a8537eb,100.000,150.000,t,,310004307
AASB30346,فرشة مرحاض كروم,ليسو,KW06,اكسسوارات,f68c4a72-8eb2-7563-07ad-b344ff9fe960,50.000,80.000,t,,210003850
RA20016,"وصلة 25* 3/4"" سن داخلي",فرات,بي بي ر - PPR,وصلة,1054307a-87a0-d4d2-fe16-bd905fe6a04b,4.988,10.000,t,,210003292
ML10009,خلاط حوض وجه أسود,توريما,BLOG 8G330BB-093,خلاط حوض وجه,0dafba13-51f2-fc5a-eab7-f16d55bcce40,505.000,700.000,t,,210002592
ATWC50246,رجسترو مقعد أرضي مائل 3 سم,سانيتاري ويرز,,ملحقات مقاعد,dc6e5eb0-a2c4-7fc8-161c-528f389f29cc,8.750,10.000,t,,210002967
MM30024,خلاط حوض المطبخ حائطي كروم,شيزا,LONG,خلاط حوض المطبخ حائطي,3f8e1d44-c2e4-cecd-ff29-48dc418eba21,125.000,220.000,t,,310002627
PA30059,متر 10م,ABC,,أدوات القياس والتتبع,4db58ef5-0e02-ae07-fc14-5629c40b7689,28.500,25.000,t,,210004385
ATWC50156,مثبت غطاء مقعد سكة هندي,سانيتاري ويرز,,ملحقات مقاعد,dc6e5eb0-a2c4-7fc8-161c-528f389f29cc,2.950,10.000,t,,210004539
SA10158,طقم اكسسوار خزف ثلاثي رصاصي,سانيتاري ويرز,EKOSTIL,طقم اكسسوارات,081276dc-6952-a613-dc62-614b51522ad0,33.000,80.000,t,,310003005
AASB30025,رف زاوية زوجي كروم,فينوس,462C,اكسسوارات,0dafba13-51f2-fc5a-eab7-f16d55bcce40,63.000,110.000,t,,210003440
MC10088,مجرى 55سم *7 سم كروم,بيورا,DL-11-55,مجرى,f9f6d83d-5b9d-2d22-c42a-21b487031fad,257.000,320.000,t,,310003121
CE10497,سخانة 80 لتر,IT SIMAT,80L,سخانة,803eabee-b81f-7acb-eb64-b2cae128a7cb,577.000,650.000,t,,310003568
RA20006,"كوع 32 - 3/4"" سن داخلي",فرات,بي بي ر - PPR,كوع - كوربة,1054307a-87a0-d4d2-fe16-bd905fe6a04b,7.505,20.000,t,,210003283
MT30754,خلاط شطاف كروم,سانيتاري ويرز,OM-07,خلاط شطاف,b254c840-e3dc-aa50-45cc-22c1a82f1d9d,57.000,100.000,t,,310004123
AASB30528,مجفف شعر أسود,سانيتاري ويرز,,اكسسوارات,b254c840-e3dc-aa50-45cc-22c1a82f1d9d,62.000,100.000,t,,310003599
AASB30401,حاملة ورق منظف كلينكس,سانيتاري ويرز,2683,اكسسوارات,9a9f39af-a0d0-6a64-969d-7baa03e28c4f,33.000,90.000,t,,210004862
MA20148,خلاط حوض المطبخ سحاب كروم,سانيتاري ويرز,1001,خلاط حوض المطبخ سحاب,dc6e5eb0-a2c4-7fc8-161c-528f389f29cc,99.500,150.000,t,,210004528
PE30475,شفاط ابيض,ABM,N8,مثقاب كهربائي,dc6e5eb0-a2c4-7fc8-161c-528f389f29cc,64.500,140.000,t,,210005003
MDE50048,خلاط دوش مدفون كروم,توريما,8G01011-093,خلاط دوش مدفون,3f8e1d44-c2e4-cecd-ff29-48dc418eba21,235.000,350.000,t,,210002778
PE30584,فوم 600 غرام,كرفت,,المواد اللاصقة و العازلة,f330aa66-9a8a-90ee-d535-6c68ff14b0de,21.500,20.000,t,,210004760
RFP1213,"فسيبلي خلاط مطبخ شجرة (2طرف) ""1/2أنثى 50سم",فيرمر,,فسيبلي,0ac84589-249c-ec1c-90a6-5324415510d3,21.500,35.000,t,,210004619
PS20139,علاقة مناشف كروم,سانيتاري ويرز,AVATAR,علاقة مناشف,ff3ad10c-136f-2eb9-510b-510058532e8d,50.000,100.000,t,,310002988
AASB30157,حاملة فوط أسود,سانيتاري ويرز,MILET 37077-K,اكسسوارات,ff3ad10c-136f-2eb9-510b-510058532e8d,70.000,130.000,t,,310003004
P30384,مضخةرش مبيد حشري 2لتر,سانيتاري واير,,مضخة,51882a69-3ac9-cde2-37e3-64e2b7daae96,11.750,20.000,t,,210004831
WA40776,غطاء مقعد أبيض,تركواز سيراستايل,MONA,غطاء مقعد,dc6e5eb0-a2c4-7fc8-161c-528f389f29cc,145.000,250.000,t,,310003397
MT30005,خلاط شطاف كروم,توريما,EDGE 8E25211-040,خلاط شطاف,3f8e1d44-c2e4-cecd-ff29-48dc418eba21,180.000,300.000,t,,310002656
AM0129,دولاب حمام بالملحق مع مرايا لد -80 سم,سانيتاري ويرز,5027,دولاب حمام,f68c4a72-8eb2-7563-07ad-b344ff9fe960,955.000,1400.000,t,,210004290
ML10072,خلاط حوض وجه أبيض,فرامو,SI204BO,خلاط حوض وجه,f9f6d83d-5b9d-2d22-c42a-21b487031fad,990.000,1250.000,t,,310002690
SA11114,طقم اكسسوار كروم,ليسو,665,طقم اكسسوارات,f68c4a72-8eb2-7563-07ad-b344ff9fe960,295.000,460.000,t,,310004617
AECU50236,رقبة خلاط حوض مطبخ,سانيتاري ويرز,,ملحقات أحواض المطابخ,4db58ef5-0e02-ae07-fc14-5629c40b7689,9.250,25.000,t,,310003360
PD20442,حاجز دوش 10مم اطار كروم منقط 90 سم,ليسو,ZW004,حاجز دوش,f68c4a72-8eb2-7563-07ad-b344ff9fe960,485.000,700.000,t,,210003203
MTE60032,خلاط شطاف مدفون كروم,توريما,8V00011-093,خلاط شطاف مدفون,3f8e1d44-c2e4-cecd-ff29-48dc418eba21,195.000,260.000,t,,310002648
ARSB80220,سماعة دوش مروحة كروم,سانيتاري ويرز,,سماعة دوش,4db58ef5-0e02-ae07-fc14-5629c40b7689,6.900,25.000,t,,310003159
MA20401,خلاط حوض المطبخ سحاب كروم,فينوس,KFPC,خلاط حوض المطبخ سحاب,0dafba13-51f2-fc5a-eab7-f16d55bcce40,213.400,350.000,t,,210004893
MA20035,خلاط حوض المطبخ سحاب أسود,سانيتاري ويرز,,خلاط حوض المطبخ سحاب,081276dc-6952-a613-dc62-614b51522ad0,188.000,400.000,t,,210002765
CC10342,كولة  180غ,بنتكول,C 400,كولة بلاط أرضيات,e47ac07e-2763-bc83-6cf2-c39bb577a1f9,9.500,9.000,t,,210003843
AM0337,حوض وجه مع دولاب حمام مع خزانة مع مراية -80 سم,سانيتاري ويرز,8102,دولاب حمام,9a9f39af-a0d0-6a64-969d-7baa03e28c4f,985.000,1750.000,t,,210004781
PA30407,"فرشة صاروخ مفتولة  3"" 75 مم",اي بي سي,AC1905,أقراص الصنفرة,4db58ef5-0e02-ae07-fc14-5629c40b7689,5.000,15.000,t,,210003918
ASCA60285,ستريتشة 2.44 متر,الشركة العالمية للتصدير و الإستيراد,,ستريتشة,193a3d2d-d39f-6712-72cb-c5f247087645,30.000,75.000,t,,210003782
ARSB80323,قصبة دوش مربعة 30 سم كروم,سانيتاري ويرز,32-31,قصبة دوش,f68c4a72-8eb2-7563-07ad-b344ff9fe960,25.000,70.000,t,,210003818
RA20026,كواردة 32 سن خارجي,فرات,,كواردة,1054307a-87a0-d4d2-fe16-bd905fe6a04b,17.575,30.000,t,,310002589
ML10522,خلاط حوض وجه  كروم,ليسو,5017-5,خلاط حوض وجه,9a9f39af-a0d0-6a64-969d-7baa03e28c4f,195.000,300.000,t,,210005053
ML10070,خلاط حوض وجه طويل كروم,شيزا,GLAYOR,خلاط حوض وجه,3f8e1d44-c2e4-cecd-ff29-48dc418eba21,125.000,220.000,t,,310002643
MA20030,خلاط حوض المطبخ سحاب أسود,سانيتاري ويرز,XSDD007371,خلاط حوض المطبخ سحاب,081276dc-6952-a613-dc62-614b51522ad0,112.000,370.000,t,,210002760
ARSB80760,مصب دوش مع تحويلة أسود,فيدار,FD12001-B,مصب دوش,509e8e91-b47c-f17c-5f3a-a8dfebf81f76,80.000,120.000,t,,310003870
ARSB80272,شطاف ظغط دائري مع طوبو كروم,توريما,0332711-T40,شطاف,9a9f39af-a0d0-6a64-969d-7baa03e28c4f,98.000,200.000,t,,210004680
ARSB80180,مخرج شطاف كروم,سانيتاري ويرز,GANOA MA2203,مخرج شطاف,2f9d5e94-b710-5c3f-6a26-dfdc98317ce4,40.000,80.000,t,,310002879
ARSB80235,وصلة مسطرة دوش30سم,فينوس,,طوبو دوش,4db58ef5-0e02-ae07-fc14-5629c40b7689,8.500,25.000,t,,310003151
ARSB80137,قصبة دوش دائري 30 سم كروم,رايمر,348N30,قصبة دوش,5bd59cc2-f915-90b2-5eb0-3ec705744a94,130.000,230.000,t,,210002841
ALVM50389,رأس سيفوني كروم,سانيتاري ويرز,930,رأس سيفوني,f68c4a72-8eb2-7563-07ad-b344ff9fe960,48.000,80.000,t,,210004212
ARSB80905,سماعة دوش مايك مائلة مع طوبو كروم,ليسو,314,سماعة دوش,f68c4a72-8eb2-7563-07ad-b344ff9fe960,55.000,100.000,t,,310004026
ARSB80092,يد شطاف كروم,ميبت,DONA,يد شطاف,0dafba13-51f2-fc5a-eab7-f16d55bcce40,18.000,25.000,t,,210002688
ARSB80012,كسكاس دوش مربع 250*250 مم كروم,توريما,0149511-T40,كسكاس دوش,3f8e1d44-c2e4-cecd-ff29-48dc418eba21,125.000,230.000,t,,210002595
PE30194,لصقة طلاء 27 مم,الشركة العالمية للتصدير و الإستيراد,2200,التغطية والحماية,4db58ef5-0e02-ae07-fc14-5629c40b7689,1.150,3.500,t,,210003688
ML10041,خلاط حوض وجه طويل كروم,يولي,,خلاط حوض وجه,f68c4a72-8eb2-7563-07ad-b344ff9fe960,115.000,180.000,t,,210002625
MT30027,خلاط شطاف مع شطاف كروم,شيزا,MELLOW,خلاط شطاف,3f8e1d44-c2e4-cecd-ff29-48dc418eba21,130.000,220.000,t,,310002641
CD40656,مسطرة دوش زوجية مع خلاط دجتل رصاصي,بن أمور,68977,مسطرة دوش,ac78bb51-d153-70a3-ad89-bdb50a8537eb,400.000,750.000,t,,310003764
ALVM50776,رأس سيفوني كروم,فيب,OSY-6,رأس سيفوني,f68c4a72-8eb2-7563-07ad-b344ff9fe960,18.000,40.000,t,,310003887
RE10385,حنفية فردية حائط بلاستك,سانيتاري ويرز,TIEMME-57,حنفية حوض المطبخ,51882a69-3ac9-cde2-37e3-64e2b7daae96,6.600,25.000,t,,210004832
SA10098,طقم اكسسوار كروم,رايمر,,طقم اكسسوارات,3f8e1d44-c2e4-cecd-ff29-48dc418eba21,450.000,740.000,f,,210004455
AM40044,مراية دولاب حمام لد -80 سم,سانيتاري ويرز,DICTAC,مراية دولاب,081276dc-6952-a613-dc62-614b51522ad0,235.000,450.000,t,,210003349
SA10823,طقم اكسسوار كروم,توريما,1372-KITACC-007,طقم اكسسوارات,3f8e1d44-c2e4-cecd-ff29-48dc418eba21,400.000,600.000,t,,310003944
AB10812,خزانة حمام بيج,سانيتاري ويرز,9927,خزانة حمام,f68c4a72-8eb2-7563-07ad-b344ff9fe960,150.000,300.000,t,,310004233
ARSB80456,قصبة دوش 30 سم كروم,فينوس,SAR12,قصبة دوش,0dafba13-51f2-fc5a-eab7-f16d55bcce40,75.660,140.000,t,,210004881
PA30493,بونتة 6 * 110 مم,الشركة العالمية للتصدير و الإستيراد,,أدوات الثقب,4db58ef5-0e02-ae07-fc14-5629c40b7689,2.350,5.000,t,,210004009
ART0226,سرفنتينة 15 سم * 15 سم كروم,دانيال,,مجرى,f9f6d83d-5b9d-2d22-c42a-21b487031fad,72.000,85.000,t,,210003719
RA20325,كسكاس ريتي 32غاطس,بوڨاتي,بي بي ر - PPR,وصلة,f330aa66-9a8a-90ee-d535-6c68ff14b0de,31.500,40.000,t,,210004763
BAI10165,حوض استحمام بانيو 180*80*53 سم,ساناكريل,A116,حوض استحمام,e47ac07e-2763-bc83-6cf2-c39bb577a1f9,1835.000,2500.000,t,,210004550
ATWC51081,زر بتريا ذهبي,غروهي,SG-44,ملحقات مقاعد,51882a69-3ac9-cde2-37e3-64e2b7daae96,105.000,200.000,t,,310004552
ARSB80285,كسكاس دوش مربع 200*200 مم مع قصبة ذهبي,سانيتاري ويرز,FIDAR,كسكاس دوش,4db58ef5-0e02-ae07-fc14-5629c40b7689,23.500,60.000,t,,310002846
PA30015,مفتاح بيبة رقم17مم,الشركة العالمية للتصدير و الإستيراد,AC18693,مفاتيح,4db58ef5-0e02-ae07-fc14-5629c40b7689,7.500,15.000,t,,210004371
EL10239,حوض مطبخ ستانلس ستيل   82*45  كروم,بريمكس,EC 02,حوض مطبخ ستانلس ستيل,eaec4caa-2cd8-a5a0-0ace-817c235e4ecc,270.000,530.000,t,,210002958
ALVM50090,سيفون حوض الوجه راس كروم متحرك,سانيتاري ويرز,,سيفون حوض الوجه,56855bde-1190-92a2-afb0-419a9650977f,5.000,15.000,t,,210004251
EG40173,رف حوض وجه برسلين 80 سم,ليسو,3080,رف حوض وجه برسلين,9a9f39af-a0d0-6a64-969d-7baa03e28c4f,180.000,350.000,t,,210004569
SA10038,طقم اكسسوار كروم,سانيتاري ويرز,BA100,طقم اكسسوارات,0dafba13-51f2-fc5a-eab7-f16d55bcce40,223.000,320.000,t,,210003463
ARSB80586,شطاف ظغط مربع مع طوبو كروم,بريمكس,1120,شطاف,0dafba13-51f2-fc5a-eab7-f16d55bcce40,57.100,120.000,t,,210004670
AM0112,حوض وجه مع دولاب حمام -80 سم,سانيتاري ويرز,9212,دولاب حمام,f68c4a72-8eb2-7563-07ad-b344ff9fe960,625.000,1000.000,t,,210004273
ARSB80335,مخرج شطاف كروم,فينوس,OES,مخرج شطاف,5bd59cc2-f915-90b2-5eb0-3ec705744a94,39.000,65.000,t,,210003077
PD20404,حاجز دوش 8 مم  مضبب80  سم,ليسو,AKD,حاجز دوش,f68c4a72-8eb2-7563-07ad-b344ff9fe960,395.000,500.000,t,,310003459
EL10701,حوض مطبخ ستانلس ستيل منظومة بيانو 304 75*46 كروم,بن أمور,7546-C,حوض مطبخ ستانلس ستيل,ac78bb51-d153-70a3-ad89-bdb50a8537eb,500.000,900.000,t,,310003809
AM0970,دولاب مع حوض وجه مع مراية حمام 60 سم,بن أمور,011-60,دولاب حمام,3b74be9f-643f-cd77-2128-39d8b10170c9,710.000,1300.000,t,,310004440
PE30552,زمالطو زيتي  3 كغ  اسود مطفي,دهانات المدينة مصراتة,,الحديد,f330aa66-9a8a-90ee-d535-6c68ff14b0de,49.920,55.000,t,,210005012
EG40297,رف رخامي كوارتز 80سم,سانيتاري ويرز,2608,رف حوض وجه برسلين,2e234c5a-ae37-77f1-3c02-d40e664e7d50,140.000,400.000,t,,210004720
VS10806,حوض وجه معلق -80 سم,سانيتاري واير,9922,حوض وجه معلق,f68c4a72-8eb2-7563-07ad-b344ff9fe960,350.000,700.000,t,,310004226
PA3370,مسمارخشب رقم 6 (2 كغ),الشركة العالمية للتصدير و الإستيراد,,مسمار,4db58ef5-0e02-ae07-fc14-5629c40b7689,14.250,20.000,t,,210004151
RFP1759,"فسيبلي "" 1/2 أنثى * ""3/8 أنثى 60سم",سانيتاري ويرز,ITALY,فسيبلي,dc6e5eb0-a2c4-7fc8-161c-528f389f29cc,5.000,20.000,t,,310003380
ALVM50404,سيفون حوض الوجه كروم,فينوس,BR32C,سيفون حوض الوجه,0dafba13-51f2-fc5a-eab7-f16d55bcce40,155.000,200.000,t,,210003161
AM0128,دولاب حمام بالملحق مع مرايا لد -100 سم,سانيتاري ويرز,9126G,دولاب حمام,f68c4a72-8eb2-7563-07ad-b344ff9fe960,1080.000,2050.000,t,,210004289
ALVM50429,رأس سيفوني اسود,سانيتاري ويرز,,رأس سيفوني,9a9f39af-a0d0-6a64-969d-7baa03e28c4f,18.500,50.000,t,,210004936
ALVM50406,سيفون حوض الوجه كروم,سانيتاري ويرز,LY4002-CP,سيفون حوض الوجه,0dafba13-51f2-fc5a-eab7-f16d55bcce40,58.000,90.000,t,,210003163
LG40375,حوض وجه برسلين مشطوف 80 سم,رويال,2709,حوض وجه برسلين,f68c4a72-8eb2-7563-07ad-b344ff9fe960,500.000,700.000,t,,210004152
AASB30789,صابونية كروم,سانيتاري ويرز,,اكسسوارات,ff3ad10c-136f-2eb9-510b-510058532e8d,35.000,45.000,t,,310003410
PE30439,ماكينة  لحام بي بي ار,الشركة العالمية للتصدير و الإستيراد,DJ 20-32,موس فرش والمقص,4db58ef5-0e02-ae07-fc14-5629c40b7689,50.000,80.000,t,,210003950
ATWC50155,زر بتارية مقعد سداسي,سانيتاري ويرز,,ملحقات مقاعد,dc6e5eb0-a2c4-7fc8-161c-528f389f29cc,8.000,15.000,t,,210004538
ML10071,خلاط حوض وجه طويل كروم,فرامو,SM204H18TCCR,خلاط حوض وجه,f9f6d83d-5b9d-2d22-c42a-21b487031fad,390.000,500.000,t,,310002689
ML10013,خلاط حوض وجه كروم,فرامو,HO204CR,خلاط حوض وجه,f9f6d83d-5b9d-2d22-c42a-21b487031fad,315.000,400.000,t,,310002686
MM30021,خلاط حوض المطبخ حائطي كروم,فينوس,DELMA,خلاط حوض المطبخ حائطي,0dafba13-51f2-fc5a-eab7-f16d55bcce40,125.000,190.000,t,,210002751
PE30204,"سكينة تغليف يد خشب 6"" 150 مم",اي بي سي,AC18799,أدوات,4db58ef5-0e02-ae07-fc14-5629c40b7689,3.750,10.000,t,,210003698
ALVM50299,سيفون حوض الوجه كروم,توريما,0331311-T40,سيفون حوض الوجه,3f8e1d44-c2e4-cecd-ff29-48dc418eba21,165.000,220.000,t,,210003036
WS10553,مقعد معلق راما أبيض,تركواز سيراستايل,راما,مقعد معلق,8d388eaa-de46-d772-319c-750398f43c28,320.000,450.000,t,,310003625
AASB30407,حاملة فوط كروم,فينوس,ST-02,اكسسوارات,0dafba13-51f2-fc5a-eab7-f16d55bcce40,66.930,120.000,t,,210004872
RFP1376,"فسيبلي "" 1/2 أنثى * ""1/2 أنثى 40سم",فانسكي,اسباني,فسيبلي,9a9f39af-a0d0-6a64-969d-7baa03e28c4f,16.500,20.000,t,,210004822
AASB30098,موزع صابون ابيض,سانيتاري ويرز,202B WHITE,اكسسوارات,0dafba13-51f2-fc5a-eab7-f16d55bcce40,36.000,70.000,t,,310002947
AASB30341,حاملة منظفات زوجي كروم,ليسو,,اكسسوارات,f68c4a72-8eb2-7563-07ad-b344ff9fe960,105.000,160.000,t,,210003842
ARSB80105,مصب دوش مع تحويلة كروم,دانيال,SK4702CR,مصب دوش,dd2fc8ac-5717-c00a-07b0-627c341c4a46,360.000,450.000,t,,210002810
RFP1780,"فسيبلي خلاط مطبخ شجرة (2طرف) ""1/2أنثى 60سم",فيرمر,,فسيبلي,4db58ef5-0e02-ae07-fc14-5629c40b7689,13.750,25.000,t,,310003401
SI10175,سلكون  280 غرام أبيض,سانيتاري ويرز,,سلكون,f68c4a72-8eb2-7563-07ad-b344ff9fe960,10.500,15.000,f,,210003669
MDE50006,خلاط دوش مدفون مع مصب وقصبة وكسكاس أبيض,فرامو,DE211BO,خلاط دوش مدفون,f9f6d83d-5b9d-2d22-c42a-21b487031fad,1950.000,2050.000,t,,310002608
AASB31130,مجفف يد أسود,سانيتاري ويرز,WL37,اكسسوارات,f68c4a72-8eb2-7563-07ad-b344ff9fe960,185.000,280.000,t,,310004633
WP20159,مقعد أرضي ملحوم سداسي أبيض,ب.أمور,SH-276-S,مقعد أرضي,56855bde-1190-92a2-afb0-419a9650977f,435.000,680.000,t,,210002863
PS20787,علاقة مناشف مع قاعدة كروم لامع,بضائع أوروبية,4406,علاقة مناشف,081276dc-6952-a613-dc62-614b51522ad0,135.000,220.000,t,,310003408
ARSB81124,شطاف ظغط مربع مع طوبو كروم,ليسو,Y361,شطاف,f68c4a72-8eb2-7563-07ad-b344ff9fe960,49.000,150.000,t,,310004627
ART0009,مخرج شطاف مربع بالعلاقة كروم,رايمر,,مخرج شطاف,5bd59cc2-f915-90b2-5eb0-3ec705744a94,95.000,150.000,t,,210004315
PS20777,علاقة ملابس فردية أسود,بن أمور,50-10-49,علاقة مناشف,ac78bb51-d153-70a3-ad89-bdb50a8537eb,5.000,30.000,t,,310004188
ARSB80383,كسكاس دوش مربع 300*300 مم كروم,سانيتاري ويرز,SASSI PIERO,كسكاس دوش,dd2fc8ac-5717-c00a-07b0-627c341c4a46,300.000,420.000,t,,310002840
ARSB80075,شطاف ظغط مربع مع طوبو كروم,مونتانا س.ل,MT-3102,شطاف,3371605a-058e-4bf1-07a5-d157c54ae58f,32.250,70.000,t,,210002671
ME10012,خلاط حوض المطبخ شجرة كروم,فرامو,DE111CR,خلاط حوض المطبخ شجرة,3371605a-058e-4bf1-07a5-d157c54ae58f,265.000,380.000,t,,210002738
WS10167,مقعد معلق رايملس رصاصي,ب.أمور,SH-A001-MG,مقعد معلق,56855bde-1190-92a2-afb0-419a9650977f,565.000,750.000,t,,210002871
EL10020,حوض مطبخ ستانلس ستيل   304 86 * 45 سم,أسيل,AS3458,حوض مطبخ ستانلس ستيل,f68c4a72-8eb2-7563-07ad-b344ff9fe960,645.000,900.000,t,,310002625
ALVM50027,سيفون حوض الوجه اسود,سانيتاري ويرز,,سيفون حوض الوجه,f68c4a72-8eb2-7563-07ad-b344ff9fe960,65.000,110.000,t,,310002865
PA30466,بونتة جبس (16 قطع),اي بي سي,AC18016,أدوات منشار الثقب الدائري,4db58ef5-0e02-ae07-fc14-5629c40b7689,22.500,35.000,t,,210003981
ARSB80606,مخرج شطاف مع علاق كروم,أنكا,ANKA ANK-1014,مخرج شطاف,b254c840-e3dc-aa50-45cc-22c1a82f1d9d,64.000,100.000,t,,310003713
WS10596,مقعد معلق رايملس أبيض,ب.أمور,SH-002,مقعد معلق,56855bde-1190-92a2-afb0-419a9650977f,360.000,540.000,t,,310003703
ART0764,مصب دوش بالتحويلة كروم انحاس,ليسو,11-079,مصب دوش,f68c4a72-8eb2-7563-07ad-b344ff9fe960,75.000,170.000,t,,310004171
RA30021,"مثلث 3""",الرطيل,جي أم GM,مثلث,4db58ef5-0e02-ae07-fc14-5629c40b7689,11.500,20.000,t,,210003415
ARSB80216,وجه خلاط دوش مدفون,غروهي,19451002,ملحقات خلاط,f68c4a72-8eb2-7563-07ad-b344ff9fe960,430.000,600.000,t,,210003709
ML30399,مرايا حمام مع إضاءة لد مع بخار 60 اطار كروم,سانيتاري ويرز,L806,مراية مضيئة,0dafba13-51f2-fc5a-eab7-f16d55bcce40,218.250,330.000,t,,210004890
MC10203,سرفنتينة 15 سم * 15 سم كروم,سانيتاري ويرز,SUNP15/103SE MAT,مجرى,dd2fc8ac-5717-c00a-07b0-627c341c4a46,48.000,80.000,t,,210004604
VS10121,حوض وجه معلق -100 سم,تركواز سيراستايل,SHARP,حوض وجه معلق,3ef761c8-d645-a9c8-47dc-960089e79b35,585.000,750.000,t,,310003197
MC10183,سرفنتينة 15 سم * 15 سم كروم,سانيتاري ويرز,155 SUN,مجرى,dd2fc8ac-5717-c00a-07b0-627c341c4a46,45.000,80.000,t,,310003276
ARSB80291,"مسكر شطافة ""1/2"" * ""1/2 كروم",سانيتاري ويرز,I.DOWAS,مخرج شطاف,3371605a-058e-4bf1-07a5-d157c54ae58f,15.000,35.000,t,,310003293
PA30555,فيتي 3.5 * 30 (100غ),الشركة العالمية للتصدير و الإستيراد,,برغي,4db58ef5-0e02-ae07-fc14-5629c40b7689,1.389,5.000,t,,210004072
RA30017,"كوربة 1.5"" - 90°",الرطيل,جي أم GM,كوع - كوربة,4db58ef5-0e02-ae07-fc14-5629c40b7689,2.300,7.000,t,,210003411
AECU50037,رقبة خلاط حوض مطبخ,فينوس,1505,ملحقات أحواض المطابخ,0dafba13-51f2-fc5a-eab7-f16d55bcce40,28.130,40.000,t,,210004348
MD20133,خلاط دوش مع سماعة كروم,سانيتاري ويرز,S1002,خلاط دوش,f9f6d83d-5b9d-2d22-c42a-21b487031fad,60.000,12.000,t,,210004294
ASCA60276,ستريتشة 2.44 متر,الشركة العالمية للتصدير و الإستيراد,,ستريتشة,193a3d2d-d39f-6712-72cb-c5f247087645,30.000,75.000,t,,210003773
MC10269,مجرى 33 سم *7 سم كروم,فيها,,مجرى,3371605a-058e-4bf1-07a5-d157c54ae58f,53.800,85.000,t,,210002995
LG40368,حوض وجه برسلين مشطوف 80 سم,سانيتاري ويرز,2711,حوض وجه برسلين,f68c4a72-8eb2-7563-07ad-b344ff9fe960,400.000,600.000,t,,210004161
AM0344,حوض وجه  دولاب حمام -80 سم,سانيتاري ويرز,8108,دولاب حمام,9a9f39af-a0d0-6a64-969d-7baa03e28c4f,300.000,500.000,t,,210004788
PD20439,حاجز دوش 10مم اطار كروم 70 سم,ليسو,ZW001,حاجز دوش,f68c4a72-8eb2-7563-07ad-b344ff9fe960,435.000,630.000,t,,210003200
AM0966,دولاب مع حوض وجه مع مراية حمام 60 سم,بن أمور,003-60,دولاب حمام,3b74be9f-643f-cd77-2128-39d8b10170c9,710.000,1300.000,t,,310004436
PA30387,ديسكو خشب 4.5'' 115 مم,الشركة العالمية للتصدير و الإستيراد,BELOTA BE111530,ديسكو منشار دائري,4db58ef5-0e02-ae07-fc14-5629c40b7689,4.250,15.000,t,,210003898
EG30866,حوض مطبخ جرانيت رصاصي79*51 فردي,ب.أمور,Jammel,حوض مطبخ جرانيت,0b31d558-d145-3aaf-232e-dad3cc8669b6,475.000,750.000,t,,310004320
AASB30216,حاملة فرشاة أسنان أسود,ديكسا,CAPELLA,اكسسوارات,ff3ad10c-136f-2eb9-510b-510058532e8d,60.000,100.000,t,,310003328
ML30398,مرايا حمام مع إضاءة لد مع بخار 60 اطار ذهبي,سانيتاري ويرز,L804,مراية مضيئة,0dafba13-51f2-fc5a-eab7-f16d55bcce40,218.250,330.000,t,,210004889
ARSB80437,سماعة دوش مع طوبو كروم,سانيتاري واير,05,سماعة دوش,f330aa66-9a8a-90ee-d535-6c68ff14b0de,16.500,35.000,t,,210004904
PA30436,مسحة,الشركة العالمية للتصدير و الإستيراد,,مسحة,4db58ef5-0e02-ae07-fc14-5629c40b7689,8.250,20.000,t,,210003947
ML30227,مرايا حمام مع إضاءة لد 90*80سم,سانيتاري ويرز,3063,مراية مضيئة,9a9f39af-a0d0-6a64-969d-7baa03e28c4f,135.000,240.000,t,,210004634
PE30336,رولة زمالطو,الشركة العالمية للتصدير و الإستيراد,1331,فرشة طلاء,4db58ef5-0e02-ae07-fc14-5629c40b7689,2.750,10.000,t,,210003836
AASB30414,حامل ورق منظف كلينكس,فينوس,GR-06,اكسسوارات,0dafba13-51f2-fc5a-eab7-f16d55bcce40,68.870,110.000,t,,210004879
ARSB80806,شطاف ضغط دائري مع طوبو أسود,فوكس,VX-02B,شطاف,0dafba13-51f2-fc5a-eab7-f16d55bcce40,61.000,120.000,t,,310003427
SA10046,طقم اكسسوار كروم,ام سي بولو,AF-19108-14,طقم اكسسوارات,0dafba13-51f2-fc5a-eab7-f16d55bcce40,85.000,200.000,t,,310003072
ARSB80997,كسكاس دوش مربع 200*200 مم مع قصبة كروم,ليسو,133-2,كسكاس دوش,f68c4a72-8eb2-7563-07ad-b344ff9fe960,48.000,90.000,t,,310003252
CD40111,مسطرة دوش زوجية مع خلاط دجتل أسود,فينوس,3709G,مسطرة دوش,0dafba13-51f2-fc5a-eab7-f16d55bcce40,312.000,530.000,t,,210002707
ARSB80082,شطاف ظغط مربع مع طوبو كروم,رايمر,332332OS,شطاف,5bd59cc2-f915-90b2-5eb0-3ec705744a94,175.000,250.000,t,,210002678
MA20875,خلاط حوض المطبخ سحاب أسود- كروم,توريما,MOLLA 1752711-T40,خلاط حوض المطبخ سحاب,f68c4a72-8eb2-7563-07ad-b344ff9fe960,605.000,1100.000,t,,310003996
ARSB80152,شطاف ظغط دائري مع طوبو كروم,يولي,LUSSO,شطاف,f68c4a72-8eb2-7563-07ad-b344ff9fe960,59.000,130.000,t,,310002807
MDE50049,خلاط دوش مدفون كروم,توريما,8V01011-092,خلاط دوش مدفون,f9f6d83d-5b9d-2d22-c42a-21b487031fad,275.000,480.000,t,,310002653
VS10159,حوض وجه معلق مع عمود -65 سم,سانيتاري ويرز,MEGA,حوض وجه معلق,f68c4a72-8eb2-7563-07ad-b344ff9fe960,195.000,270.000,t,,310003235
ALVM50014,سيفون حوض الوجه كروم,سانيتاري ويرز,,سيفون حوض الوجه,3371605a-058e-4bf1-07a5-d157c54ae58f,78.000,120.000,t,,310002615
AECU50633,سقطار لحوض المطبخ أسود85 سم,بن أمور,,ملحقات أحواض المطابخ,ac78bb51-d153-70a3-ad89-bdb50a8537eb,120.000,200.000,t,,310003741
ARSB80128,مخرج شطاف مع علاق مع محول كروم,رايمر,338M,مخرج شطاف,5bd59cc2-f915-90b2-5eb0-3ec705744a94,95.000,160.000,t,,210002832
ATWC50387,مثبت مقعد جانبي بلاستك,سانيتاري ويرز,SG-24,ملحقات مقاعد,51882a69-3ac9-cde2-37e3-64e2b7daae96,5.750,15.000,t,,210004834
ML30948,مرايا حمام مع إضاءة لد 60*80سم اطار كروم,ليسو,MS-8060,مراية مضيئة,f68c4a72-8eb2-7563-07ad-b344ff9fe960,60.000,120.000,t,,310004418
MD20300,خلاط دوش أسود,توريما,8G162BB-040,خلاط دوش,3f8e1d44-c2e4-cecd-ff29-48dc418eba21,505.000,780.000,t,,210003037
VS11061,عمود حوض وجه سفير معلق أبيض,اديال سانيتار,سفير,حوض وجه معلق,e47ac07e-2763-bc83-6cf2-c39bb577a1f9,110.000,200.000,t,,310004532
SA10256,طقم اكسسوار كروم,بريمكس,Y6-9300,طقم اكسسوارات,0dafba13-51f2-fc5a-eab7-f16d55bcce40,195.000,350.000,t,,210004671
ARSB80350,قصبة دوش دائرية 30 سم كروم,سانيتاري ويرز,32-31,قصبة دوش,f68c4a72-8eb2-7563-07ad-b344ff9fe960,22.000,70.000,t,,210003834
MM30012,خلاط حوض المطبخ حائطي كروم,توريما,BLOG 8G91011-043,خلاط حوض المطبخ حائطي,3f8e1d44-c2e4-cecd-ff29-48dc418eba21,295.000,460.000,t,,310002667
PA30324,ڨوانطي,ABC,,قفازات,f330aa66-9a8a-90ee-d535-6c68ff14b0de,5.750,10.000,t,,210004761
P30113,بدل كورة,بريو,P1206/2024,مضخة,4db58ef5-0e02-ae07-fc14-5629c40b7689,138.000,185.000,t,,210003601
ML30418,مرايا حمام مع إضاءة لد 80*60 سم,سانيتاري ويرز,8205,مراية مضيئة,f68c4a72-8eb2-7563-07ad-b344ff9fe960,80.000,150.000,t,,210003176
RA30008,"كوربة 6"" 45.5°",الرطيل,جي أم GM,كوع - كوربة,4db58ef5-0e02-ae07-fc14-5629c40b7689,36.500,43.000,t,,210003399
LG40176,حوض وجه برسلين مشطوف 80 سم,ليسو,C2080D,حوض وجه برسلين,9a9f39af-a0d0-6a64-969d-7baa03e28c4f,400.000,600.000,t,,210004572
LG40326,حوض وجه برسلين مشطوف 80 سم,رويال,YB14-1,حوض وجه برسلين,60d7d8a2-1083-abe4-d894-b1c7f3235d40,500.000,650.000,t,,210003068
EL50403,لصقة ألمنيوم 5 سم 30 متر,الشركة العالمية للتصدير و الإستيراد,,ملحقات الكهرباء,4db58ef5-0e02-ae07-fc14-5629c40b7689,23.500,30.000,t,,210003914
RD30458,حوض قدم مستطيل اكريليك 90*90 زاوية,ساناكريل,M305,بانيو قدم,e47ac07e-2763-bc83-6cf2-c39bb577a1f9,360.000,550.000,t,,210004979
SA10206,طقم اكسسوار كروم,سانيتاري ويرز,,طقم اكسسوارات,2e234c5a-ae37-77f1-3c02-d40e664e7d50,230.000,350.000,f,,310003067
ARSB80438,سماعة دوش مع طوبو كروم,موباكس,30-187,سماعة دوش,f330aa66-9a8a-90ee-d535-6c68ff14b0de,23.500,70.000,t,,210004905
PE30195,طلاء مائي داخلي 10 كغ أبيض 4% لمعة,جي ال سي,سوبر داي - تون 7070,الجدران والسقف,f330aa66-9a8a-90ee-d535-6c68ff14b0de,189.150,170.000,t,,210004499
ARSB80114,قصبة دوش 20 سم كروم,فينوس,,قصبة دوش,0dafba13-51f2-fc5a-eab7-f16d55bcce40,21.000,40.000,t,,210002818
ARSB80599,كسكاس دوش مربع شريحه 250 مم,توريما,1372-01485-001,كسكاس دوش,3f8e1d44-c2e4-cecd-ff29-48dc418eba21,180.000,320.000,t,,310003706
AM0855,حوض وجه مع دولاب حمام مع خزانة مع مراية -80 سم,سانيتاري ويرز,9911,دولاب حمام,f68c4a72-8eb2-7563-07ad-b344ff9fe960,1220.000,1850.000,t,,310004287
ML31020,مرايا حمام مع إضاءة لد 60*80 سم,سانيتاري ويرز,PL80-1,مراية مضيئة,b254c840-e3dc-aa50-45cc-22c1a82f1d9d,100.000,150.000,t,,310004491
PA30196,منفاخ هواء كهربائي 500 وات,اي بي سي,AC18729,قطع غيار واكسسوارات معدات الحديقة,193a3d2d-d39f-6712-72cb-c5f247087645,75.000,0.000,t,,210003690
RA30368,مقبض باب مع قفل 85 مم,الشركة العالمية للتصدير و الإستيراد,,قفل باب,4db58ef5-0e02-ae07-fc14-5629c40b7689,68.000,95.000,t,,210004139
PA30566,زاوية كرسي 30 * 15 * 1.5 مم (4 قطع),الشركة العالمية للتصدير و الإستيراد,,تشكيلة من التثبيتات,4db58ef5-0e02-ae07-fc14-5629c40b7689,1.240,3.000,t,,210004083
CD40009,مسطرة دوش زوجية كروم,بضائع أوروبية,,مسطرة دوش,f68c4a72-8eb2-7563-07ad-b344ff9fe960,370.000,555.000,t,,310003143
MT30017,خلاط شطاف مع شطاف كروم,سانيتاري ويرز,,خلاط شطاف,f68c4a72-8eb2-7563-07ad-b344ff9fe960,145.000,230.000,t,,310002801
ML10767,خلاط حوض وجه كروم,توريما,7G33011-093,خلاط حوض وجه,3f8e1d44-c2e4-cecd-ff29-48dc418eba21,355.000,620.000,t,,310004175
MD20896,خلاط دوش ذهبي,بن أمور,B.AMOR006,خلاط دوش,f3749abe-ab61-138e-bb47-655f16ecc625,345.000,520.000,t,,310004357
AASB30668,رف زاوية زوجي اسود,بن أمور,مجموعة بن عمر,اكسسوارات,ac78bb51-d153-70a3-ad89-bdb50a8537eb,45.000,100.000,t,,310003776
SA10794,طقم حمام مشكل  6 قطع,سانيتاري ويرز,,طقم اكسسوارات,b79e7abc-51e1-263e-7d9c-8207fbd25aaf,78.000,120.000,f,,310003415
ARSB80856,طوبو شطاف 120 سم كروم,مونتانا س.ل,,طوبو شطاف,7e4b3fc3-8241-ee4f-683f-bfe58ba55739,45.000,80.000,t,,310004306
ART0719,متبث مقعد معلق CITY,تركواز سيراستايل,,ملحقات خلاط,3ef761c8-d645-a9c8-47dc-960089e79b35,35.000,5.000,t,,310003831
ML11092,خلاط حوض وجه أسود,MSLiNO,LY2430-BCP,خلاط حوض وجه,41cf3726-7c18-801f-29b4-95bfba464df9,185.000,280.000,t,,310004595
ML10786,خلاط حوض وجه كروم,سانيتاري ويرز,OM-225,خلاط حوض وجه,b254c840-e3dc-aa50-45cc-22c1a82f1d9d,148.000,230.000,t,,310004128
CD40105,مسطرة دوش زوجية كروم,أوليفيا,,مسطرة دوش,0dafba13-51f2-fc5a-eab7-f16d55bcce40,130.000,200.000,t,,210002701
ML31102,مرايا حمام مع إضاءة لد60*80 سم,كاي بي ام,ML_001,مراية مضيئة,e47ac07e-2763-bc83-6cf2-c39bb577a1f9,70.000,100.000,t,,310004605
RO10599,مطول مع مسكر  ''1/2 * ''1/2,سانيتاري ويرز,,حنفية,dc6e5eb0-a2c4-7fc8-161c-528f389f29cc,17.000,30.000,t,,210004117
PS21103,علاقة مناشف زوجية كروم,ليمكس,2762,علاقة مناشف,f592fa51-d431-40c9-f38d-39cdf4092eb2,140.000,240.000,t,,310004606
WP20480,مقعد أرضي ملحوم مربع أبيض,ب.أمور,SH-6616,مقعد أرضي,56855bde-1190-92a2-afb0-419a9650977f,500.000,850.000,t,,310003550
PE30339,استوك 18 كغ,دهانات المدائن,,استوك,5b018a56-a89e-b7f1-caf0-d8c5eec60a97,45.000,50.000,t,,210004771
VS10882,حوض وجه معلق60 سم أبيض,ايجا فتريفاي,LAGINA-35601101,حوض وجه معلق,e47ac07e-2763-bc83-6cf2-c39bb577a1f9,100.000,200.000,t,,310004003
WA40775,غطاء مقعد أبيض,سانيتاري ويرز,,غطاء مقعد,3ef761c8-d645-a9c8-47dc-960089e79b35,145.000,220.000,t,,310003396
AECU50198,سيفون حوض المطبخ,تانفليكس,,ملحقات أحواض المطابخ,4db58ef5-0e02-ae07-fc14-5629c40b7689,25.000,45.000,t,,210002903
WA41058,غطاء مقعد معلق تورنيدو أبيض,ب.أمور,6110/094E,غطاء مقعد,77d76dcb-7fe6-a4b4-4998-83b869291b06,51.000,120.000,t,,310004529
EG30864,حوض مطبخ جرانيت بيج79*51 فردي,ب.أمور,Jammel,حوض مطبخ جرانيت,0b31d558-d145-3aaf-232e-dad3cc8669b6,475.000,750.000,t,,310004318
AM0821,حوض وجه مع دولاب حمام مع مراية -100 سم,سانيتاري ويرز,9924,دولاب حمام,f68c4a72-8eb2-7563-07ad-b344ff9fe960,1350.000,1950.000,t,,310004243
RFP1428,"فسيبلي "" 1/2 أنثى * ""3/8 أنثى 60سم",سانيتاري ويرز,,فسيبلي,4db58ef5-0e02-ae07-fc14-5629c40b7689,9.500,20.000,t,,210003188
ME10624,خلاط حوض المطبخ شجرة رصاصي,بن أمور,huang crown-SUS304,خلاط حوض المطبخ شجرة,ac78bb51-d153-70a3-ad89-bdb50a8537eb,105.000,220.000,t,,310003732
AB10848,خزانة حمام أبيض,سانيتاري ويرز,9623,خزانة حمام,f68c4a72-8eb2-7563-07ad-b344ff9fe960,270.000,430.000,t,,310003969
VS10538,عمود حوض وجه سفير أرضي أبيض,اديال سانيتار,سفير,حوض وجه معلق,e47ac07e-2763-bc83-6cf2-c39bb577a1f9,110.000,165.000,t,,210005072
AM0561,دولاب حمام مع حوض وجه بالملحق مع مرايا لد -80 سم,سانيتاري ويرز,9716,دولاب حمام,9a9f39af-a0d0-6a64-969d-7baa03e28c4f,1215.000,1850.000,t,,210005096
PE30050,طلاء زيتي 700 غ كريمي,دهانات المدينة مصراتة,طلاء زيتي,الحديد,4db58ef5-0e02-ae07-fc14-5629c40b7689,15.000,20.000,t,,210003369
PA30495,بونتة 10 * 160 مم,الشركة العالمية للتصدير و الإستيراد,,أدوات الثقب,4db58ef5-0e02-ae07-fc14-5629c40b7689,1.900,5.000,t,,210004011
AB10409,خزانة حمام 120*24*20,سانيتاري ويرز,8102,خزانة حمام,f68c4a72-8eb2-7563-07ad-b344ff9fe960,80.000,250.000,t,,210003166
ARSB80018,مصب حوض وجه كروم,توريما,0320011-T45,مصب حوض,3f8e1d44-c2e4-cecd-ff29-48dc418eba21,185.000,260.000,t,,310002676
ALVM51037,رأس سيفوني ذهبي,سانيتاري ويرز,BLD-114,رأس سيفوني,f68c4a72-8eb2-7563-07ad-b344ff9fe960,25.000,80.000,t,,310004508
ML30298,مرايا حمام مع إضاءة لد 80*60 سم,سانيتاري ويرز,,مراية مضيئة,2e234c5a-ae37-77f1-3c02-d40e664e7d50,120.000,200.000,t,,210004721
ARSB80460,مصب دوش بدون تحويلة كروم,فينوس,RACHEL D2ES,مصب دوش,0dafba13-51f2-fc5a-eab7-f16d55bcce40,71.780,140.000,t,,210004675
PA30086,فيتي 5 * 50مم 60 قطعة,باركسايد,,برغي,081276dc-6952-a613-dc62-614b51522ad0,5.000,12.000,t,,210004247
AM0776,حوض وجه مع دولاب حمام مع خزانة مع مراية -60 سم,سانيتاري ويرز,041,دولاب حمام,b254c840-e3dc-aa50-45cc-22c1a82f1d9d,1040.000,1500.000,t,,310004117
ARSB80505,مخرج شطاف كروم بالعلاقة,ليسو,1-079,مخرج شطاف,9a9f39af-a0d0-6a64-969d-7baa03e28c4f,75.000,120.000,t,,210005036
LG40993,حوض مع رف كواريون كوارتز 60سم أبيض,سانيتاري ويرز,999,حوض وجه برسلين,156403ef-fd81-bf9e-05af-5a4f8dcde75e,670.000,890.000,t,,310004463
ARSB80498,سماعة دوش مع طوبو كروم,ليسو,,سماعة دوش,f68c4a72-8eb2-7563-07ad-b344ff9fe960,52.000,90.000,t,,310003263
PA30548,برشام 4.8  * 12,الشركة العالمية للتصدير و الإستيراد,,برشام,4db58ef5-0e02-ae07-fc14-5629c40b7689,2.000,5.000,t,,210004065
PA30428,ڨوانطي,فندر,,قفازات,4db58ef5-0e02-ae07-fc14-5629c40b7689,2.500,7.000,t,,210003939
PA30516,دراع 2.5 متر,الشركة العالمية للتصدير و الإستيراد,LAMEL 60x30 cm 250,أدوات القياس والتتبع,4db58ef5-0e02-ae07-fc14-5629c40b7689,58.000,85.000,t,,210004032
ML30288,مرايا حمام مع إضاءة لد 80*60 سم,سانيتاري ويرز,,مراية مضيئة,eaec4caa-2cd8-a5a0-0ace-817c235e4ecc,85.000,125.000,t,,210003021
ALVM50730,سيفون حوض الوجه كروم,سانيتاري ويرز,BS,سيفون حوض الوجه,f68c4a72-8eb2-7563-07ad-b344ff9fe960,75.000,120.000,t,,310003842
MT30249,خلاط شطاف مع شطاف ذهبي,ليسو,G2-079,خلاط شطاف,9a9f39af-a0d0-6a64-969d-7baa03e28c4f,100.000,180.000,t,,210004658
ML30074,مرايا حمام مع إضاءة لد 80*60 سم,سانيتاري ويرز,2151,مراية مضيئة,f68c4a72-8eb2-7563-07ad-b344ff9fe960,100.000,250.000,t,,210004416
ML30989,مرايا حمام مع إضاءة لد-عرض60*80 سم,ديولو,S80-1,مراية مضيئة,b254c840-e3dc-aa50-45cc-22c1a82f1d9d,105.000,170.000,t,,310004459
PS20637,علاقة ملابس ثلاثية أسود,بن أمور,Y3-4Z-B,علاقة مناشف,ac78bb51-d153-70a3-ad89-bdb50a8537eb,20.000,35.000,t,,310003745
ARSB80318,مخرج شطاف ذهبي,بريمكس,J013G,مخرج شطاف,0dafba13-51f2-fc5a-eab7-f16d55bcce40,34.000,75.000,t,,210003057
PE30104,صندوق عدة حديد 43 سم,اي بي سي,AC16530,صندوق الأدوات,4db58ef5-0e02-ae07-fc14-5629c40b7689,48.000,75.000,t,,210003570
EG40184,رف حوض وجه برسلين 80 سم,ليسو,A2080B,رف حوض وجه برسلين,9a9f39af-a0d0-6a64-969d-7baa03e28c4f,150.000,350.000,t,,210004580
MD20031,خلاط دوش كروم,نابولي,Z-9003N,خلاط دوش,b3c3c120-ea64-9a00-f068-5896d8f5926d,76.000,200.000,t,,310002800
PE30483,موس مع 2 منشار,فندر,191801,موس فرش والمقص,4db58ef5-0e02-ae07-fc14-5629c40b7689,21.000,30.000,t,,210003999
ARSB80311,مخرج شطاف مع علاق كروم,شيزا,48593,مخرج شطاف,5bd59cc2-f915-90b2-5eb0-3ec705744a94,43.500,80.000,t,,210003048
MA20015,خلاط حوض المطبخ سحاب كروم,سانيتاري ويرز,,خلاط حوض المطبخ سحاب,ac78bb51-d153-70a3-ad89-bdb50a8537eb,195.000,290.000,t,,210002745
MT30012,خلاط شطاف مع شطاف كروم,سانيتاري ويرز,ALELMARA 40458002,خلاط شطاف,2e234c5a-ae37-77f1-3c02-d40e664e7d50,95.000,160.000,t,,310002793
VS10191,حوض وجه معلق -80 سم,تركواز سيراستايل,FRAME,حوض وجه معلق,3ef761c8-d645-a9c8-47dc-960089e79b35,405.000,620.000,t,,210002895
RO10998,حنفية غسالة  ''1/2 * ''3/4 كروم,سانيتاري واير,FOR0032LO,حنفية,51882a69-3ac9-cde2-37e3-64e2b7daae96,25.000,35.000,t,,310004469
MC10415,مجرى 75 سم *7 سم كروم,بيورا,DL-11-75,مجرى,f9f6d83d-5b9d-2d22-c42a-21b487031fad,303.000,390.000,t,,210003173
EL10432,حوض مطبخ ستانلس ستيل   304 50 * 45 سم,أسيل,AS3466,حوض مطبخ ستانلس ستيل,b254c840-e3dc-aa50-45cc-22c1a82f1d9d,385.000,550.000,t,,310003501
AASB30057,صابونية زجاجي,جي اف مارك,9200-67,اكسسوارات,3f8e1d44-c2e4-cecd-ff29-48dc418eba21,38.000,70.000,t,,310002920
ML10025,خلاط حوض وجه  20 سم كروم,شيزا,NOVA,خلاط حوض وجه,3f8e1d44-c2e4-cecd-ff29-48dc418eba21,185.000,230.000,t,,210002608
ARSB80173,سماعة دوش مع طوبو أسود,ليفرنو هوم,,سماعة دوش,081276dc-6952-a613-dc62-614b51522ad0,35.000,130.000,t,,310002828
WS10880,مقعد معلق أبيض,ايجا فتريفاي,KARINA-64303201,مقعد معلق,e47ac07e-2763-bc83-6cf2-c39bb577a1f9,240.000,360.000,t,,310004001
ARSB80165,سماعة دوش مع طوبو كروم,سانيتاري واير,BOSINI SH-05,سماعة دوش,f68c4a72-8eb2-7563-07ad-b344ff9fe960,25.000,60.000,t,,310002820
MC10047,مجرى 30 سم *6 سم أسود,تركي,,مجرى,f68c4a72-8eb2-7563-07ad-b344ff9fe960,80.000,130.000,t,,310003073
ME10028,خلاط حوض المطبخ شجرة كروم,نيوأرك,AQUA 941881,خلاط حوض المطبخ شجرة,e47ac07e-2763-bc83-6cf2-c39bb577a1f9,230.000,300.000,t,,310002763
AM0751,دولاب حمام -80 سم,سانيتاري ويرز,2609,دولاب حمام,f68c4a72-8eb2-7563-07ad-b344ff9fe960,600.000,900.000,t,,310003863
ML10089,خلاط حوض وجه 3 فتحات كروم,سانيتاري واير,WATERSONG AD043001,خلاط حوض وجه,081276dc-6952-a613-dc62-614b51522ad0,140.000,300.000,t,,310002753
AASB30765,فرشاة تنظيف مرحاض أبيض,سانيتاري ويرز,SG-49,اكسسوارات,51882a69-3ac9-cde2-37e3-64e2b7daae96,23.500,50.000,t,,310004163
ML30797,مرايا حمام ضد البخار مع إضاءة لد بالعلاقة اطار أسود 70*70سم,سانيتاري ويرز,4017,مراية مضيئة,f68c4a72-8eb2-7563-07ad-b344ff9fe960,185.000,280.000,t,,310003908
PS20921,علاقة مناشف زوجية كروم,سانيتاري ويرز,WL-31,علاقة مناشف,f68c4a72-8eb2-7563-07ad-b344ff9fe960,85.000,140.000,t,,310004045
AM0563,حوض وجه  دولاب حمام -90 سم,سانيتاري ويرز,9914,دولاب حمام,9a9f39af-a0d0-6a64-969d-7baa03e28c4f,300.000,500.000,t,,210005098
PE30046,طلاء زيتي 700 غ بني لامع,دهانات المدينة مصراتة,طلاء زيتي,الحديد,4db58ef5-0e02-ae07-fc14-5629c40b7689,15.000,20.000,t,,210003365
ATWC51060,طقم تثبيت المرحاض المعلق على الحائط,ب.أمور,مجموعة بن عمر,ملحقات مقاعد,77d76dcb-7fe6-a4b4-4998-83b869291b06,20.000,40.000,t,,310004531
PD20917,حاجز دوش 100 * 190 سم 8مم اطار أسود مخطط,سانيتاري ويرز,PF14B,حاجز دوش,b254c840-e3dc-aa50-45cc-22c1a82f1d9d,440.000,680.000,t,,310004041
MA20014,خلاط حوض المطبخ سحاب أسود,سانيتاري ويرز,,خلاط حوض المطبخ سحاب,ac78bb51-d153-70a3-ad89-bdb50a8537eb,125.000,310.000,t,,210002744
ARSB80348,مخرج شطاف مع علاق كروم,deante,059k n01,مخرج شطاف,5bd59cc2-f915-90b2-5eb0-3ec705744a94,85.000,160.000,t,,210004824
MC10075,مجرى 40 سم *6 سم دهبي,سانيتاري ويرز,,مجرى,eaec4caa-2cd8-a5a0-0ace-817c235e4ecc,100.000,160.000,t,,310003105
ML10436,خلاط حوض وجه  20 سم كروم,تركارت,TERRA,خلاط حوض وجه,c0faf038-b788-4ed3-15e1-cb4edf3f56f1,161.700,250.000,t,,310003505
ALVM50012,سيفون حوض الوجه ذهبي,سانيتاري ويرز,07,سيفون حوض الوجه,2e234c5a-ae37-77f1-3c02-d40e664e7d50,86.000,150.000,t,,210003308
PE30594,مشمع ثقيل 4 * 4,الشركة العالمية للتصدير و الإستيراد,,التغطية والحماية,4db58ef5-0e02-ae07-fc14-5629c40b7689,25.800,35.000,t,,210004112
ARSB80043,مخرج شطاف كروم,دانيال,A521,مخرج شطاف,dd2fc8ac-5717-c00a-07b0-627c341c4a46,77.000,150.000,t,,310002721
PE30270,رولة طلاء 10 سم ديكور,الشركة العالمية للتصدير و الإستيراد,1081,فرشة طلاء,f330aa66-9a8a-90ee-d535-6c68ff14b0de,9.500,10.000,t,,210004691
PA30549,فيتي لاميرة 4.2 * 13 (100غ),الشركة العالمية للتصدير و الإستيراد,,برغي,4db58ef5-0e02-ae07-fc14-5629c40b7689,1.575,5.000,t,,210004066
VS10177,حوض وجه معلق أبيض,ب.أمور,SH-P131,حوض وجه معلق,56855bde-1190-92a2-afb0-419a9650977f,260.000,440.000,t,,310003553
PA30337,ماكينة سلكون,فندر,,مسدس الغراء,4db58ef5-0e02-ae07-fc14-5629c40b7689,22.500,40.000,t,,210003837
PE30049,طلاء زيتي 700 غ بُرْتُقَالِيّ,دهانات المدينة مصراتة,طلاء زيتي,الحديد,4db58ef5-0e02-ae07-fc14-5629c40b7689,15.000,20.000,t,,210003368
PE30099,ملعقة 18سم,اي بي سي,AC70001,ملعقة,4db58ef5-0e02-ae07-fc14-5629c40b7689,4.750,7.000,t,,210003565
AASB30091,حاملة ورق ناعم كروم,KBM,3102/1,اكسسوارات,e47ac07e-2763-bc83-6cf2-c39bb577a1f9,40.000,70.000,t,,310002941
ARSB80452,سماعة دوش مع طوبو كروم,توريما,0140311-40,سماعة دوش,2e234c5a-ae37-77f1-3c02-d40e664e7d50,90.000,180.000,t,,210004601
ARSB80766,شطاف ظغط مع طوبو كروم,PAINI,51CR133IG,شطاف,95a6cd40-9663-6e5a-2d2b-82c8a97852fc,150.000,220.000,t,,310004167
PE30100,ملعقة 20سم,اي بي سي,AC70002,ملعقة,4db58ef5-0e02-ae07-fc14-5629c40b7689,5.500,8.000,t,,210003566
WA40172,غطاء مقعد تركي أبيض,تركي,OZBEST,غطاء مقعد,4db58ef5-0e02-ae07-fc14-5629c40b7689,18.500,35.000,t,,310003265
MC10769,سرفنتينة 20سم * 20 سم كروم,دوسشال,BS-50820,مجرى,3371605a-058e-4bf1-07a5-d157c54ae58f,90.000,150.000,t,,310004180
AASB30090,حاملة ورق ناعم كروم,سانيتاري ويرز,AVATAR,اكسسوارات,ff3ad10c-136f-2eb9-510b-510058532e8d,40.000,70.000,t,,310002940
PS20170,علاقة ملابس فردية أسود,سانيتاري ويرز,MILET 37011,علاقة مناشف,ff3ad10c-136f-2eb9-510b-510058532e8d,35.000,70.000,t,,310003022
RO10287,مسكر زاوية  ''1/2 * ''1/2 كروم,فينوس,S-8,حنفية,0dafba13-51f2-fc5a-eab7-f16d55bcce40,18.000,35.000,t,,210003020
AM0692,دولاب حمام مع حوض وجه 60 سم,بن أمور,T305-6040,دولاب حمام,ac78bb51-d153-70a3-ad89-bdb50a8537eb,430.000,650.000,t,,310003800
MC10219,سرفنتينة 15 سم * 15 سم كروم,سانيتاري ويرز,SUN AISI 304,مجرى,dd2fc8ac-5717-c00a-07b0-627c341c4a46,38.000,80.000,t,,210002933
PA30418,عصاة مسحة,الشركة العالمية للتصدير و الإستيراد,,مسحة,4db58ef5-0e02-ae07-fc14-5629c40b7689,14.000,25.000,t,,210003929
AM0847,حوض وجه مع دولاب حمام -80 سم,سانيتاري ويرز,9623,دولاب حمام,f68c4a72-8eb2-7563-07ad-b344ff9fe960,700.000,1000.000,t,,310003968
ATWC50206,زر بتريا كروم,غروهي,YC8010-2,ملحقات مقاعد,9a9f39af-a0d0-6a64-969d-7baa03e28c4f,120.000,250.000,t,,210004608
ARSB80034,شطاف ظغط مع طوبو ذهبي,فرامو,KIT03ORO,شطاف,f9f6d83d-5b9d-2d22-c42a-21b487031fad,290.000,420.000,t,,310002711
PE30403,طلاء مائي داخلي 10 كغ أبيض نص لمعه,دهانات المدائن,4004,الجدران والسقف,5b018a56-a89e-b7f1-caf0-d8c5eec60a97,135.000,145.000,t,,210004776
WA40087,غطاء مقعد سداسي أبيض,سانيتاري ويرز,,غطاء مقعد,dc6e5eb0-a2c4-7fc8-161c-528f389f29cc,32.500,60.000,t,,210003548
PLSA0395,كوربة حديد1,سانيتاري ويرز,,وصلة,f330aa66-9a8a-90ee-d535-6c68ff14b0de,3.150,8.000,t,,210004842
RA30619,مقبض باب مع قفل 85 مم,الشركة العالمية للتصدير و الإستيراد,,قفل باب,4db58ef5-0e02-ae07-fc14-5629c40b7689,68.000,95.000,t,,210004137
AASB30088,صابونية كروم,سانيتاري ويرز,AVATAR,اكسسوارات,ff3ad10c-136f-2eb9-510b-510058532e8d,35.000,75.000,t,,310002938
PA30499,بونتة 16 * 450 مم,الشركة العالمية للتصدير و الإستيراد,,أدوات الثقب,4db58ef5-0e02-ae07-fc14-5629c40b7689,10.000,15.000,t,,210004015
MC10402,مجرى 40 سم *6 سم كروم,راف,1372-01661-004,مجرى,9a9f39af-a0d0-6a64-969d-7baa03e28c4f,185.000,280.000,f,,210004863
PA30570,دادو بالخبور 14مم,الشركة العالمية للتصدير و الإستيراد,,برغي,4db58ef5-0e02-ae07-fc14-5629c40b7689,0.462,1.000,t,,210004087
RA30063,"طابة مجمع 2""",الرطيل,جي أم GM,طابة,1054307a-87a0-d4d2-fe16-bd905fe6a04b,3.750,7.000,t,,210003508
RO10383,مسكر زاوية  ''1/2 * ''1/2 كروم,استرا,AP261,حنفية,803eabee-b81f-7acb-eb64-b2cae128a7cb,28.000,40.000,t,,210004830
PLSA0168,وردة ذهبي دائري,ليمكس,,وصلة,9a9f39af-a0d0-6a64-969d-7baa03e28c4f,5.500,15.000,t,,210004555
AASB30109,فرشاة تنظيف مرحاض كروم,سانيتاري ويرز,2671,اكسسوارات,f68c4a72-8eb2-7563-07ad-b344ff9fe960,90.000,180.000,t,,310002958
ARSB80257,مخرج شطاف ذهبي مع علاقة,توريما,1372-01018-007,مخرج شطاف,9a9f39af-a0d0-6a64-969d-7baa03e28c4f,155.000,270.000,t,,210004649
CE10265,سخانة 80 لتر,ارستون,,سخانة,5bd59cc2-f915-90b2-5eb0-3ec705744a94,930.000,750.000,t,,210002990
PA30381,منقار,الشركة العالمية للتصدير و الإستيراد,COLT,منقار,4db58ef5-0e02-ae07-fc14-5629c40b7689,5.500,15.000,t,,210003892
ALVM50017,سيفون حوض الوجه طويل كروم,توريما,0331311-T42,سيفون حوض الوجه,3f8e1d44-c2e4-cecd-ff29-48dc418eba21,190.000,230.000,t,,310002673
EL50405,علبة مكيف,فاندي,F0026,اللوحات الكهربائية والقواطع و العلب,06d20f1c-34a0-e014-64db-92734ce57411,23.000,30.000,t,,210004908
PA30163,سطل بناء,الشركة العالمية للتصدير و الإستيراد,,سطل بناء,4db58ef5-0e02-ae07-fc14-5629c40b7689,15.500,22.000,t,,210003657
PA30535,بينسة فاصل سراميك,الشركة العالمية للتصدير و الإستيراد,,مشبك,4db58ef5-0e02-ae07-fc14-5629c40b7689,20.500,40.000,t,,210004051
MC10110,سرفنتينة 15 سم * 15 سم كروم,بضائع أوروبية,FERPLAST 156/V,مجرى,3371605a-058e-4bf1-07a5-d157c54ae58f,80.000,120.000,t,,310003185
ARSB80682,وجه خلاط دوش مدفون مربع كروم,توريما,0124911-T40,ملحقات خلاط,f68c4a72-8eb2-7563-07ad-b344ff9fe960,95.000,170.000,t,,310003790
ARSB0824,كسكاس دوش دائري 25سم مع قصبة كروم,,,كسكاس دوش,2e234c5a-ae37-77f1-3c02-d40e664e7d50,180.000,300.000,t,,210003305
EL50242,سير ربط 4 * 400 مم (100 قطعة),الشركة العالمية للتصدير و الإستيراد,,ملحقات الكهرباء,4db58ef5-0e02-ae07-fc14-5629c40b7689,4.200,10.000,t,,210003735
PE30953,رولة طلاء 25 سم / 10,الشركة العالمية للتصدير و الإستيراد,,فرشة طلاء,f330aa66-9a8a-90ee-d535-6c68ff14b0de,6.750,10.000,t,,210004758
AASB30030,رف ستاينلس ستيل كروم,فينوس,458C,اكسسوارات,0dafba13-51f2-fc5a-eab7-f16d55bcce40,42.000,75.000,t,,210003447
EL50966,لامبة لد 40وات,دي بي اس,E27,المصابيح الكهربائية,4db58ef5-0e02-ae07-fc14-5629c40b7689,7.000,15.000,t,,210004443
ML10027,خلاط حوض وجه  15 سم كروم,شيزا,STORM,خلاط حوض وجه,3f8e1d44-c2e4-cecd-ff29-48dc418eba21,135.000,230.000,t,,210002610
ARSB85499,رشاش دوش ذهبي,اي ار بي,9075,كسكاس دوش,dd2fc8ac-5717-c00a-07b0-627c341c4a46,105.000,200.000,t,,210004857
AASB30306,حامل ورق منظف كلينكس,ليسو,JR031-13,اكسسوارات,f68c4a72-8eb2-7563-07ad-b344ff9fe960,35.000,60.000,t,,210003803
MF20130,مراية حمام 80*60 سم,سانيتاري ويرز,,مراية معلقة,f68c4a72-8eb2-7563-07ad-b344ff9fe960,80.000,120.000,t,,310003206
AECU50001,غسالة أكواب حوض المطبخ,سانيتاري ويرز,JC-03,ملحقات أحواض المطابخ,0dafba13-51f2-fc5a-eab7-f16d55bcce40,28.000,50.000,t,,310003138
RA20511,مثلث حديد سن داخلي 1,الشركة العالمية للتصدير و الإستيراد,,مثلث,1054307a-87a0-d4d2-fe16-bd905fe6a04b,3.150,10.000,t,,210004027
PD20434,حاجز دوش 10 مم اطار كروم مضبب 80 سم,ليسو,ZW003,حاجز دوش,f68c4a72-8eb2-7563-07ad-b344ff9fe960,465.000,650.000,t,,210003195
PSB10824,دولاب حمام حوض مع مرايا لد -90 سم,سانيتاري ويرز,6111,طقم حمام,f68c4a72-8eb2-7563-07ad-b344ff9fe960,890.000,0.000,t,,310003437
WP20752,مقعد فرنجي أرضي أبيض,BOZFIT,5430-5330,مقعد أرضي,e47ac07e-2763-bc83-6cf2-c39bb577a1f9,260.000,400.000,t,,310003373
