id,purchase_no,supplier_id,location_name,invoice_no,purchase_date,subtotal,discount,total,paid_amount,status,notes,old_id
94faac77-fc9d-0594-4e5e-2f1f37df7765,إيراد :0138 -ين,b254c840-e3dc-aa50-45cc-22c1a82f1d9d,فرع 11 يونيو,580,2025-02-22,10052.000,0.000,10052.000,0,posted,old_id=310000127,310000127
97d6ad8d-e82b-7b25-2a7f-dd9c1bd11a85,إيراد :0475 -ين,8d388eaa-de46-d772-319c-750398f43c28,فرع 11 يونيو,1555,2026-04-22,3540.000,0.000,3540.000,0,posted,old_id=310000336,310000336
750669ac-ff1e-44cc-070f-cb43b8c75b5b,إيراد :0001 -ين,4db58ef5-0e02-ae07-fc14-5629c40b7689,فرع السراج,5962-,2024-08-25,3732.000,0.000,3732.000,0,posted,old_id=210000038,210000038
6338f2dd-78ce-8293-b759-d67be3e385fa,إيراد :0001 -ين,4db58ef5-0e02-ae07-fc14-5629c40b7689,فرع السراج,5962--,2024-08-25,4539.000,0.000,4539.000,0,posted,old_id=210000039,210000039
ab1966aa-06dd-713c-5379-225e5ad82a5c,إيراد :0001 -ين,4db58ef5-0e02-ae07-fc14-5629c40b7689,فرع السراج,5964,2024-08-25,476.400,0.000,476.400,0,posted,old_id=210000040,210000040
96aeb3db-f9c9-3d73-49bb-41f28f0a1bfd,إيراد :0001 -ين,4db58ef5-0e02-ae07-fc14-5629c40b7689,فرع السراج,5964-,2024-08-25,447.948,0.000,447.948,0,posted,old_id=210000041,210000041
da18edde-1d09-9dea-3237-6e2d69b959d8,إيراد :0001 -ين,4db58ef5-0e02-ae07-fc14-5629c40b7689,فرع السراج,5953,2024-08-26,1850.000,0.000,1850.000,0,posted,old_id=210000042,210000042
18e2f090-d47f-853f-7944-7a5050f753c3,إيراد :0001 -ين,4db58ef5-0e02-ae07-fc14-5629c40b7689,فرع السراج,5958,2024-08-26,4385.500,0.000,4385.500,0,posted,old_id=210000043,210000043
c3fae07e-4a71-9d46-b447-c96f942cda5f,إيراد :0001 -ين,4db58ef5-0e02-ae07-fc14-5629c40b7689,فرع السراج,5953-,2024-08-26,2346.250,0.000,2346.250,0,posted,old_id=210000044,210000044
60e8ac80-de25-9dc4-cb3f-ef37218e67b1,إيراد :0001 -ين,4db58ef5-0e02-ae07-fc14-5629c40b7689,فرع السراج,5957,2024-08-27,2397.500,0.000,2397.500,0,posted,old_id=210000045,210000045
a138539c-e70d-1eae-971f-e3d0b7f1427f,إيراد :0001 -ين,4db58ef5-0e02-ae07-fc14-5629c40b7689,فرع السراج,6074,2024-08-27,1635.250,0.000,1635.250,0,posted,old_id=210000046,210000046
821c04f4-1e18-83e9-e07b-faedc4a559cd,إيراد :0001 -ين,4db58ef5-0e02-ae07-fc14-5629c40b7689,فرع السراج,5955,2024-08-27,2897.500,0.000,2897.500,0,posted,old_id=210000047,210000047
ea1dcf17-baed-cc34-d60a-38d475be247b,إيراد :0001 -ين,4db58ef5-0e02-ae07-fc14-5629c40b7689,فرع السراج,6115,2024-08-28,990.000,0.000,990.000,0,posted,old_id=210000049,210000049
6164c833-cc00-e263-1989-3224300fdf3e,إيراد :0001 -ين,4db58ef5-0e02-ae07-fc14-5629c40b7689,فرع السراج,6131,2024-08-28,2809.600,0.000,2809.600,0,posted,old_id=210000048,210000048
fc8a7aec-d579-c436-20f7-bddfbe56c845,إيراد :0001 -ين,4db58ef5-0e02-ae07-fc14-5629c40b7689,فرع السراج,6120,2024-08-29,642.920,0.000,642.920,0,posted,old_id=210000051,210000051
90bd05f0-aa4b-cda3-9acd-75fbe604cc58,إيراد :0001 -ين,1054307a-87a0-d4d2-fe16-bd905fe6a04b,فرع السراج,1829350,2024-08-28,24413.790,0.000,24413.790,0,posted,old_id=210000050,210000050
37f7fe7d-dc9b-e0ce-0862-8b08c73ce69a,إيراد :0471 -ين,f592fa51-d431-40c9-f38d-39cdf4092eb2,فرع السراج,2610104,2026-04-19,1925.000,0.000,1925.000,0,posted,old_id=210000396,210000396
d1b15f76-7a70-b070-79f2-d81d5181e7ce,إيراد :0001 -ين,4db58ef5-0e02-ae07-fc14-5629c40b7689,فرع السراج,5962,2024-08-24,8327.000,0.000,8327.000,0,posted,old_id=210000037,210000037
0244e34c-6140-fc1b-9843-b2959ea2d5de,إيراد :0001 -ين,4db58ef5-0e02-ae07-fc14-5629c40b7689,فرع السراج,6108-,2024-09-03,18298.000,0.000,18298.000,0,posted,old_id=210000054,210000054
916ab6f6-2b4b-bf14-508c-019837d6c043,إيراد :0001 -ين,4db58ef5-0e02-ae07-fc14-5629c40b7689,فرع السراج,6130,2024-09-03,3735.000,0.000,3735.000,0,posted,old_id=210000055,210000055
9e663a29-a50f-2572-80a4-7e4df442886e,إيراد :0001 -ين,4db58ef5-0e02-ae07-fc14-5629c40b7689,فرع السراج,6125,2024-09-04,5113.900,0.000,5113.900,0,posted,old_id=210000056,210000056
dcb439cf-c425-2d3f-a89d-6e75e2ff146e,إيراد :0001 -ين,4db58ef5-0e02-ae07-fc14-5629c40b7689,فرع السراج,6123,2024-09-04,2336.600,0.000,2336.600,0,posted,old_id=210000058,210000058
68befc7f-5fc0-7a2d-af62-9f6c8e48a8ed,إيراد :0001 -ين,4db58ef5-0e02-ae07-fc14-5629c40b7689,فرع السراج,6098,2024-09-05,3886.706,0.000,3886.706,0,posted,old_id=210000059,210000059
e799bb7c-23d1-a902-7416-2c41f13bc0b7,إيراد :0001 -ين,4db58ef5-0e02-ae07-fc14-5629c40b7689,فرع السراج,6106,2024-09-05,469.400,0.000,469.400,0,posted,old_id=210000060,210000060
255f4267-b198-ee87-4bd2-85a8e102930b,إيراد :0001 -ين,4db58ef5-0e02-ae07-fc14-5629c40b7689,فرع السراج,6106-,2024-09-06,2570.000,0.000,2570.000,0,posted,old_id=210000061,210000061
58553729-46eb-6563-08c5-8cf20b1bba03,إيراد :0001 -ين,4db58ef5-0e02-ae07-fc14-5629c40b7689,فرع السراج,6105,2024-09-07,371.248,0.000,371.248,0,posted,old_id=210000062,210000062
6417b602-bfe1-6618-f018-96a0e8339cd3,إيراد :0001 -ين,4db58ef5-0e02-ae07-fc14-5629c40b7689,فرع السراج,6128,2024-09-07,792.000,0.000,792.000,0,posted,old_id=210000063,210000063
2df7d503-cb32-f3a8-3f38-1a55f8c277a3,إيراد :0001 -ين,4db58ef5-0e02-ae07-fc14-5629c40b7689,فرع السراج,6128-,2024-09-08,1700.200,0.000,1700.200,0,posted,old_id=210000064,210000064
c1be499b-6eb8-64f8-6b33-94b1d167593d,إيراد :0001 -ين,4db58ef5-0e02-ae07-fc14-5629c40b7689,فرع السراج,6129,2024-09-08,1990.000,0.000,1990.000,0,posted,old_id=210000065,210000065
c2b53474-5a0c-eff6-310f-0f12dc65b3fa,إيراد :0001 -ين,f68c4a72-8eb2-7563-07ad-b344ff9fe960,فرع السراج,4454,2024-09-09,3370.000,0.000,3370.000,0,posted,old_id=210000066,210000066
d7889da6-f31a-8295-56ae-b5d81db6e684,إيراد :0001 -ين,f592fa51-d431-40c9-f38d-39cdf4092eb2,فرع السراج,2410852,2024-09-09,5005.000,5.000,5000.000,0,posted,old_id=210000067,210000067
c5cc4a43-cb12-aa01-6b3a-a0f9b3547db3,إيراد :0001 -ين,4db58ef5-0e02-ae07-fc14-5629c40b7689,فرع السراج,6092,2024-09-09,391.500,0.000,391.500,0,posted,old_id=210000068,210000068
471a0b5c-c7b4-fb37-c63c-90608fd5ba4a,إيراد :0001 -ين,4db58ef5-0e02-ae07-fc14-5629c40b7689,فرع السراج,5966,2024-09-11,2089.800,0.000,2089.800,0,posted,old_id=210000070,210000070
f55d1f90-efdb-dce2-4b97-85631e1b434c,إيراد :0001 -ين,4db58ef5-0e02-ae07-fc14-5629c40b7689,فرع السراج,6092-,2024-09-11,1380.200,0.000,1380.200,0,posted,old_id=210000071,210000071
4e50874f-744b-78c0-5d13-97196ea8337b,إيراد :0472 -ين,dd2fc8ac-5717-c00a-07b0-627c341c4a46,فرع السراج,19605,2026-04-19,3900.000,0.000,3900.000,0,posted,old_id=210000397,210000397
494fac9a-eb9d-5766-5f10-cc7b5eac2ed2,إيراد :0050 -ين,2b5a299a-8a4f-4338-ee3a-05d76bf1fa29,فرع 11 يونيو,37489,2025-01-13,360.000,0.000,360.000,0,posted,old_id=310000079,310000079
5cbe3969-75fd-759b-8f90-e1b9f2572f64,إيراد :0001 -ين,4db58ef5-0e02-ae07-fc14-5629c40b7689,فرع السراج,6095,2024-09-12,800.100,0.000,800.100,0,posted,old_id=210000073,210000073
8e75c7a9-d762-0dbe-6305-8ab675821339,إيراد :0001 -ين,4db58ef5-0e02-ae07-fc14-5629c40b7689,فرع السراج,6105-,2024-09-12,950.700,0.000,950.700,0,posted,old_id=210000074,210000074
8d8ea92d-af74-eaf0-ee1e-a75bbcfe7368,إيراد :0001 -ين,4db58ef5-0e02-ae07-fc14-5629c40b7689,فرع السراج,6075,2024-09-12,1110.500,0.000,1110.500,0,posted,old_id=210000075,210000075
b977027e-bb4e-1e4e-9489-a3116b77beb1,إيراد :0001 -ين,4db58ef5-0e02-ae07-fc14-5629c40b7689,فرع السراج,6124,2024-09-13,3683.286,0.000,3683.286,0,posted,old_id=210000076,210000076
d688c806-474d-0a43-cdce-5094f3bfc96c,إيراد :0001 -ين,4db58ef5-0e02-ae07-fc14-5629c40b7689,فرع السراج,6079-,2024-09-14,1818.692,0.000,1818.692,0,posted,old_id=210000077,210000077
6827e46c-ed34-140f-ba58-6dc1f920af00,إيراد :0001 -ين,4db58ef5-0e02-ae07-fc14-5629c40b7689,فرع السراج,6092--,2024-09-14,1749.000,0.000,1749.000,0,posted,old_id=210000079,210000079
5efa7314-ac73-d9e0-cbab-71ed1d24d8ea,إيراد :0001 -ين,4db58ef5-0e02-ae07-fc14-5629c40b7689,فرع السراج,6077,2024-09-14,980.100,0.000,980.100,0,posted,old_id=210000080,210000080
4365fd0e-1d28-139b-fd7f-19ed77e51d69,إيراد :0001 -ين,4db58ef5-0e02-ae07-fc14-5629c40b7689,فرع السراج,6125-,2024-09-15,2113.100,0.000,2113.100,0,posted,old_id=210000081,210000081
a2111e7d-686b-7bae-516f-502b637a8658,إيراد :0001 -ين,4db58ef5-0e02-ae07-fc14-5629c40b7689,فرع السراج,6092---,2024-09-15,416.700,0.000,416.700,0,posted,old_id=210000082,210000082
5c801f0c-053c-f6b0-8867-cf312aef25d5,إيراد :0001 -ين,4db58ef5-0e02-ae07-fc14-5629c40b7689,فرع السراج,6092----,2024-09-15,3745.920,0.000,3745.920,0,posted,old_id=210000083,210000083
5a99bf40-46ea-d229-676f-eb774c49359c,إيراد :0001 -ين,4db58ef5-0e02-ae07-fc14-5629c40b7689,فرع السراج,6121,2024-09-16,117.750,0.000,117.750,0,posted,old_id=210000084,210000084
147bfd46-0c92-f859-e6eb-d5ca08da0458,إيراد :0001 -ين,4db58ef5-0e02-ae07-fc14-5629c40b7689,فرع السراج,6121-,2024-09-16,101.250,0.000,101.250,0,posted,old_id=210000085,210000085
8ee740a1-d7c9-7152-97f3-11ca4b27d77b,إيراد :0001 -ين,4db58ef5-0e02-ae07-fc14-5629c40b7689,فرع السراج,6125--,2024-09-16,500.010,0.000,500.010,0,posted,old_id=210000087,210000087
bc8ef624-3c19-762c-6628-74d1a19ffd3b,إيراد :0001 -ين,f68c4a72-8eb2-7563-07ad-b344ff9fe960,فرع السراج,4830,2024-09-23,25621.500,0.000,25621.500,0,posted,old_id=210000095,210000095
c6147025-be67-44a5-8e7e-79db573a8978,إيراد :0001 -ين,3371605a-058e-4bf1-07a5-d157c54ae58f,فرع السراج,9999,2024-09-30,711.000,0.000,711.000,0,posted,old_id=210000096,210000096
870eb922-aafd-1d16-8c8c-13ef4eeced6b,إيراد :0001 -ين,4db58ef5-0e02-ae07-fc14-5629c40b7689,فرع السراج,6100,2024-09-14,1257.700,0.000,1257.700,0,posted,old_id=210000078,210000078
efa38442-9e60-aa8b-5241-a7bfcb4caf99,إيراد :0001 -ين,4db58ef5-0e02-ae07-fc14-5629c40b7689,فرع السراج,6121--,2024-09-16,1244.734,0.000,1244.734,0,posted,old_id=210000086,210000086
7709eee5-a902-66ef-aa64-0402cb3f5ef8,إيراد :0150 -ين,f68c4a72-8eb2-7563-07ad-b344ff9fe960,فرع 11 يونيو,243,2025-02-26,270.000,0.000,270.000,0,posted,old_id=310000134,310000134
c97361b9-21c5-2747-78a9-df713b5443e0,إيراد :0001 -ين,4db58ef5-0e02-ae07-fc14-5629c40b7689,فرع السراج,6116,2024-09-17,2603.000,0.000,2603.000,0,posted,old_id=210000089,210000089
641b6f10-3270-883c-e771-bcef4352538f,إيراد :0001 -ين,4db58ef5-0e02-ae07-fc14-5629c40b7689,فرع السراج,6080,2024-09-17,527.959,0.000,527.959,0,posted,old_id=210000090,210000090
80ec15e2-84c1-d83d-bbba-dd055e5cd0ca,إيراد :0001 -ين,4db58ef5-0e02-ae07-fc14-5629c40b7689,فرع السراج,6120--,2024-09-17,289.996,0.000,289.996,0,posted,old_id=210000091,210000091
2f0554ce-b7b5-e244-0bfa-f00b7748c983,إيراد :0001 -ين,4db58ef5-0e02-ae07-fc14-5629c40b7689,فرع السراج,6109,2024-09-17,1289.750,0.000,1289.750,0,posted,old_id=210000092,210000092
9129aa52-1a39-6f98-50fe-b37c0adee296,إيراد :0001 -ين,4db58ef5-0e02-ae07-fc14-5629c40b7689,فرع السراج,6114,2024-09-17,927.000,0.000,927.000,0,posted,old_id=210000093,210000093
cd7ec418-3b86-ca89-dc1a-02d1bcb5d00f,إيراد :0001 -ين,4db58ef5-0e02-ae07-fc14-5629c40b7689,فرع السراج,6122,2024-09-17,40.000,0.000,40.000,0,posted,old_id=210000094,210000094
ae0a8434-1f10-e329-4928-f3d36f340e92,إيراد :0001 -ين,1054307a-87a0-d4d2-fe16-bd905fe6a04b,فرع السراج,1829934,2024-10-01,1615.500,80.775,1534.725,0,posted,old_id=210000098,210000098
0a632dea-a5f1-70a3-417d-a71d79ea38d1,إيراد :0001 -ين,1054307a-87a0-d4d2-fe16-bd905fe6a04b,فرع السراج,1830110,2024-10-12,313.200,0.000,313.200,0,posted,old_id=210000101,210000101
d4b104a0-83ba-e075-3f9c-e7470a6e85a8,إيراد :0002 -ين,081276dc-6952-a613-dc62-614b51522ad0,فرع السراج,PS020046460,2024-10-13,65.000,0.000,65.000,0,posted,old_id=210000102,210000102
88c6c937-457d-af2c-98d8-060d62b488b7,إيراد :0003 -ين,4db58ef5-0e02-ae07-fc14-5629c40b7689,فرع السراج,7549,2024-10-13,3496.250,6.250,3490.000,0,posted,old_id=210000103,210000103
f2cd7cdd-5438-a5ac-3927-16de260033eb,إيراد :0003 -ين,f68c4a72-8eb2-7563-07ad-b344ff9fe960,فرع السراج,5445,2024-10-23,10600.000,0.000,10600.000,0,posted,old_id=210000114,210000114
8b4c00ab-6c81-c9c8-979f-f40c6e5fe0c0,إيراد :0003 -ين,5bd59cc2-f915-90b2-5eb0-3ec705744a94,فرع السراج,1815,2024-10-28,6010.000,10.000,6000.000,0,posted,old_id=210000116,210000116
c893355a-e484-8b93-c8ae-f19e9488af7f,إيراد :0003 -ين,dd2fc8ac-5717-c00a-07b0-627c341c4a46,فرع السراج,4710,2024-10-30,4800.000,0.000,4800.000,0,posted,old_id=210000120,210000120
49c3e350-29de-68e7-53db-6584fb8e645d,إيراد :0001 -ين,4db58ef5-0e02-ae07-fc14-5629c40b7689,فرع السراج,6108,2024-09-02,1800.000,0.000,1800.000,0,posted,old_id=210000053,210000053
c74c8f0d-8506-7506-7e0b-c50ae8d3c70e,إيراد :0001 -ين,3371605a-058e-4bf1-07a5-d157c54ae58f,فرع 11 يونيو,11514,2024-11-10,2960.000,0.000,2960.000,0,posted,old_id=310000041,310000041
c0c80f1f-58da-7761-e99d-5bfeee6e40cd,إيراد :0402 -ين,7e4b3fc3-8241-ee4f-683f-bfe58ba55739,فرع 11 يونيو,12345666,2025-11-09,330.000,0.000,330.000,0,posted,old_id=310000298,310000298
e6cf5e95-792e-9535-693a-7558a7217259,إيراد :0468 -ين,56855bde-1190-92a2-afb0-419a9650977f,مخزن جنزور,789,2026-04-12,58375.000,0.000,58375.000,0,posted,old_id=310000331,310000331
fecdef37-95c5-17ad-e08b-6c3087143029,إيراد :0003 -ين,b907b80a-1272-6c41-14b7-dc0946e8d72a,فرع السراج,0007442,2024-10-21,228.060,0.060,228.000,0,posted,old_id=210000110,210000110
1025dba9-44c9-645f-f746-cde7d29f9a5b,إيراد :0003 -ين,b907b80a-1272-6c41-14b7-dc0946e8d72a,فرع السراج,0007443,2024-10-22,160.020,0.020,160.000,0,posted,old_id=210000111,210000111
7cd3f8cf-0ad0-1f00-1cbf-af7c2da5e1ce,إيراد :0003 -ين,f68c4a72-8eb2-7563-07ad-b344ff9fe960,فرع السراج,7772,2024-10-22,2460.000,0.000,2460.000,0,posted,old_id=210000112,210000112
399152ed-f645-9f1f-c744-1a8ef4899070,إيراد :0003 -ين,b907b80a-1272-6c41-14b7-dc0946e8d72a,فرع السراج,0007444,2024-10-23,300.000,0.000,300.000,0,posted,old_id=210000113,210000113
94ec628f-dd75-6561-c17e-8202a613c074,إيراد :0003 -ين,f68c4a72-8eb2-7563-07ad-b344ff9fe960,فرع السراج,5567,2024-10-27,4185.000,0.000,4185.000,0,posted,old_id=210000115,210000115
57a179ff-60e3-015f-d590-93e92ab064fd,إيراد :0003 -ين,f68c4a72-8eb2-7563-07ad-b344ff9fe960,فرع السراج,5655,2024-10-30,3100.000,0.000,3100.000,0,posted,old_id=210000119,210000119
9e88a251-6606-955e-924e-1d2aeda101d6,إيراد :0001 -ين,06d20f1c-34a0-e014-64db-92734ce57411,فرع السراج,0667363,2024-10-01,2735.010,0.000,2735.010,0,posted,old_id=210000097,210000097
2b77f52c-b712-cd77-2e1a-2e92f75e5b2d,إيراد :0003 -ين,0dafba13-51f2-fc5a-eab7-f16d55bcce40,فرع السراج,2410394,2024-11-05,19252.000,252.000,19000.000,0,posted,old_id=210000122,210000122
e7aa7612-2135-5dab-e98e-6a5233651289,إيراد :0003 -ين,193a3d2d-d39f-6712-72cb-c5f247087645,فرع السراج,عبد الوهاب 0,2024-11-02,195.000,0.000,195.000,0,posted,old_id=210000121,210000121
739c6371-18f5-d1ca-4cfe-3375e31e44cf,إيراد :0001 -ين,4db58ef5-0e02-ae07-fc14-5629c40b7689,فرع السراج,6079,2024-09-11,1227.550,0.000,1227.550,0,posted,old_id=210000072,210000072
624cb2f6-14f1-7d9d-aa0c-2ddcb4212fba,إيراد :0001 -ين,f68c4a72-8eb2-7563-07ad-b344ff9fe960,فرع 11 يونيو,6028,2024-11-16,1080.000,0.000,1080.000,0,posted,old_id=310000044,310000044
f66497fe-2c4f-1465-87e0-26fe24bcf509,إيراد :0218 -ين,dc6e5eb0-a2c4-7fc8-161c-528f389f29cc,فرع 11 يونيو,10155,2025-04-30,690.000,0.000,690.000,0,posted,old_id=310000207,310000207
8cc5bde0-e2d8-92ab-0a14-73be7db67d8a,إيراد :0051 -ين,c0faf038-b788-4ed3-15e1-cb4edf3f56f1,فرع 11 يونيو,5465,2025-01-13,110.000,0.000,110.000,0,posted,old_id=310000080,310000080
e075a1c8-2ee7-6ee1-5f4f-69193df97e17,إيراد :0001 -ين,081276dc-6952-a613-dc62-614b51522ad0,فرع السراج,1,2024-08-22,2905.000,0.000,2905.000,0,posted,old_id=310000036,310000036
257d3a10-e07d-4b06-9422-fb2d2f4de6f8,إيراد :0477 -ين,0b31d558-d145-3aaf-232e-dad3cc8669b6,مخزن جنزور,0001,2026-04-25,169050.000,0.000,169050.000,0,posted,old_id=310000338,310000338
f9fbc368-b446-66eb-4f8a-9a0844f17a85,إيراد :0157 -ين,06d20f1c-34a0-e014-64db-92734ce57411,فرع السراج,0034657,2025-03-04,800.000,0.000,800.000,0,posted,old_id=210000225,210000225
6ee70180-c096-6cc4-baea-26aae04527b7,إيراد :0003 -ين,f68c4a72-8eb2-7563-07ad-b344ff9fe960,فرع السراج,5792,2024-11-06,2600.000,0.000,2600.000,0,posted,old_id=210000123,210000123
9442c9b2-9447-942b-7e54-d5059aa04584,إيراد :0003 -ين,0dafba13-51f2-fc5a-eab7-f16d55bcce40,فرع السراج,2410459,2024-11-12,2320.000,0.000,2320.000,0,posted,old_id=210000124,210000124
b1fbe98b-3fb6-e985-80c9-aa75e8755583,إيراد :0003 -ين,06d20f1c-34a0-e014-64db-92734ce57411,فرع السراج,2076748,2024-11-16,400.000,0.000,400.000,0,posted,old_id=210000126,210000126
a994e55c-f001-fae3-79f2-91838a9527e1,إيراد :0003 -ين,4db58ef5-0e02-ae07-fc14-5629c40b7689,فرع السراج,8450,2024-11-14,5013.930,0.000,5013.930,0,posted,old_id=210000125,210000125
7086ed9c-a031-e1ba-8b01-955756ad73ba,إيراد :00088 -ين,4db58ef5-0e02-ae07-fc14-5629c40b7689,فرع السراج,8414,2024-11-16,4990.250,0.000,4990.250,0,posted,old_id=210000127,210000127
f379c32f-216c-b2c9-0d16-0cfb7a92baec,إيراد :0003 -ين,5bd59cc2-f915-90b2-5eb0-3ec705744a94,فرع السراج,2002,2024-11-18,13585.000,5.000,13580.000,0,posted,old_id=210000131,210000131
57e2d68f-d40c-2a69-5d72-b036eded4431,إيراد :0107 -ين,dc6e5eb0-a2c4-7fc8-161c-528f389f29cc,فرع السراج,6211,2025-02-06,629.250,0.000,629.250,0,posted,old_id=210000205,210000205
04c93517-3db1-3ea2-7247-7b4c72678753,إيراد :0156 -ين,dd2fc8ac-5717-c00a-07b0-627c341c4a46,فرع السراج,7753,2025-03-04,6900.000,0.000,6900.000,0,posted,old_id=210000224,210000224
ae855bf9-d6cd-33b0-d844-24ee4ba36e1c,إيراد :0003 -ين,f68c4a72-8eb2-7563-07ad-b344ff9fe960,فرع 11 يونيو,6126,2024-11-23,4530.000,0.000,4530.000,0,posted,old_id=310000050,310000050
59b11fab-2c24-416a-90ce-e55ba15b4c41,إيراد :0126 -ين,51882a69-3ac9-cde2-37e3-64e2b7daae96,فرع 11 يونيو,C-035336,2025-02-16,6827.400,27.400,6800.000,0,posted,old_id=310000121,310000121
f2cc1cd1-e666-2223-df39-14fe0dff5e6d,إيراد :0133 -ين,431ac3fd-806d-3b31-7433-0f5bf3af56c7,فرع 11 يونيو,368,2025-02-18,5150.000,0.000,5150.000,0,posted,old_id=310000122,310000122
2d7d3510-fdb7-3c7f-fe08-5b51f0a16bad,إيراد :0003 -ين,0dafba13-51f2-fc5a-eab7-f16d55bcce40,فرع السراج,2410523,2024-11-18,2960.000,0.000,2960.000,0,posted,old_id=210000130,210000130
739d511e-0c21-8411-2abb-d98b81ec925b,إيراد :0003 -ين,2e234c5a-ae37-77f1-3c02-d40e664e7d50,فرع السراج,8567,2024-11-19,1140.000,0.000,1140.000,0,posted,old_id=210000133,210000133
78649f17-0787-e82f-e511-85b758b8db86,إيراد :0003 -ين,dd2fc8ac-5717-c00a-07b0-627c341c4a46,فرع السراج,5176,2024-11-19,3365.000,0.000,3365.000,0,posted,old_id=210000134,210000134
81471396-19b4-6949-d525-a8d7c6a3cb32,إيراد :0003 -ين,5bd59cc2-f915-90b2-5eb0-3ec705744a94,فرع السراج,2012,2024-11-20,390.000,0.000,390.000,0,posted,old_id=210000135,210000135
efedc6b5-e8a8-588d-a520-082c655b737b,إيراد :0003 -ين,0dafba13-51f2-fc5a-eab7-f16d55bcce40,فرع السراج,2410551,2024-11-20,4103.000,3.000,4100.000,0,posted,old_id=210000136,210000136
25703d38-0ac5-8433-a6ae-fe6b21edbf13,إيراد :0003 -ين,f68c4a72-8eb2-7563-07ad-b344ff9fe960,فرع السراج,6070,2024-11-20,23505.000,0.000,23505.000,0,posted,old_id=210000137,210000137
64b3ab2d-1c38-3e0f-2322-eef295068bb5,إيراد :0003 -ين,f68c4a72-8eb2-7563-07ad-b344ff9fe960,فرع السراج,6127,2024-11-20,2370.000,0.000,2370.000,0,posted,old_id=210000138,210000138
6682ddff-d901-c75d-cc4a-4627094aa700,إيراد :0003 -ين,4db58ef5-0e02-ae07-fc14-5629c40b7689,فرع السراج,8865,2024-11-28,1718.750,0.000,1718.750,0,posted,old_id=210000142,210000142
121b9edb-f98d-7bd7-9333-5b542facbd61,إيراد :0003 -ين,4db58ef5-0e02-ae07-fc14-5629c40b7689,فرع السراج,8863,2024-11-28,6426.634,0.000,6426.634,0,posted,old_id=210000143,210000143
c2366f45-bbb1-1b60-41ce-e4eada24ddc8,إيراد :0003 -ين,1feb71a5-1d49-b1e4-f571-cf039a9a809d,فرع السراج,5968,2024-11-28,5952.500,2.500,5950.000,0,posted,old_id=210000145,210000145
e00f4c85-8bc5-a80e-3aa2-6810f4f3f45c,إيراد :0003 -ين,2e234c5a-ae37-77f1-3c02-d40e664e7d50,فرع السراج,8612,2024-12-01,700.000,0.000,700.000,0,posted,old_id=210000147,210000147
e8463c20-6afc-f256-a1cf-939caaace595,إيراد :0003 -ين,0dafba13-51f2-fc5a-eab7-f16d55bcce40,فرع السراج,2410664,2024-12-01,285.000,0.000,285.000,0,posted,old_id=210000148,210000148
23144c06-2690-3183-89af-b62706f2eb68,إيراد :0001 -ين,4db58ef5-0e02-ae07-fc14-5629c40b7689,فرع السراج,6126-,2024-09-17,1307.000,0.000,1307.000,0,posted,old_id=210000088,210000088
00e5af2e-b130-3331-750d-3b144daca144,إيراد :0469 -ين,77d76dcb-7fe6-a4b4-4998-83b869291b06,مخزن جنزور,456,2026-04-12,200328.000,0.000,200328.000,0,posted,old_id=310000332,310000332
8a3ffa48-fcc9-892e-422c-2ae35f3e1435,إيراد :0003 -ين,174345bc-5f58-c59c-b48a-3f0b5d1ff910,فرع 11 يونيو,00001,2024-11-28,650.000,0.000,650.000,0,posted,old_id=310000051,310000051
c20584cf-57ff-d28f-4e88-f3af160855d2,إيراد :0069 -ين,e47ac07e-2763-bc83-6cf2-c39bb577a1f9,فرع 11 يونيو,10226,2025-01-22,780.000,25.000,755.000,0,posted,old_id=310000090,310000090
bffc9e8b-7da1-0ed7-0f65-b7a45d359d42,إيراد :0073 -ين,3371605a-058e-4bf1-07a5-d157c54ae58f,فرع 11 يونيو,831,2025-01-25,4349.000,5.000,4344.000,0,posted,old_id=310000091,310000091
9761b8d4-0c99-15a7-748d-241800ee180a,إيراد :0075 -ين,f68c4a72-8eb2-7563-07ad-b344ff9fe960,فرع 11 يونيو,7334,2025-01-26,17250.000,0.000,17250.000,0,posted,old_id=310000092,310000092
6778daf7-9fea-3c4e-6344-825498a1ab21,إيراد :0001 -ين,4db58ef5-0e02-ae07-fc14-5629c40b7689,فرع السراج,6078,2024-09-01,1744.100,0.000,1744.100,0,posted,old_id=210000052,210000052
7735fa65-c608-fcda-deca-b8eb59a2b61d,إيراد :0003 -ين,5bd59cc2-f915-90b2-5eb0-3ec705744a94,فرع السراج,2110,2024-12-03,4020.000,0.000,4020.000,0,posted,old_id=210000150,210000150
5ddee7ba-8f4f-771e-8e36-8b9a65022c3e,إيراد :0003 -ين,f68c4a72-8eb2-7563-07ad-b344ff9fe960,فرع السراج,6422,2024-12-04,9900.000,0.000,9900.000,0,posted,old_id=210000151,210000151
9ba1d9d5-f9d9-9aa5-b1d8-d14f1e113823,إيراد :0008 -ين,f68c4a72-8eb2-7563-07ad-b344ff9fe960,فرع السراج,6560,2024-12-10,367.500,0.000,367.500,0,posted,old_id=210000156,210000156
b1403a0f-e76f-35c4-899a-4f69b33f2938,إيراد :0007 -ين,4db58ef5-0e02-ae07-fc14-5629c40b7689,فرع السراج,9161,2024-12-10,1602.250,0.000,1602.250,0,posted,old_id=210000155,210000155
ab55a1f4-ab4f-f93a-feec-18a7f6c422b7,إيراد :0009 -ين,1054307a-87a0-d4d2-fe16-bd905fe6a04b,فرع السراج,000,2024-12-11,680.000,0.000,680.000,0,posted,old_id=210000157,210000157
2d9a9edc-c41b-7ac2-5cbe-fd9952d4a13c,إيراد :0010 -ين,f68c4a72-8eb2-7563-07ad-b344ff9fe960,فرع السراج,6606,2024-12-11,247.500,0.000,247.500,0,posted,old_id=210000158,210000158
f65b37dc-4652-c4c1-2bc3-9d995bd2b758,إيراد :0013 -ين,f68c4a72-8eb2-7563-07ad-b344ff9fe960,فرع السراج,6660,2024-12-15,5220.000,0.000,5220.000,0,posted,old_id=210000159,210000159
1b6c1442-4ed8-ef63-b84e-4536b9ce5dfe,إيراد :0014 -ين,dd2fc8ac-5717-c00a-07b0-627c341c4a46,فرع السراج,5825,2024-12-15,3270.000,0.000,3270.000,0,posted,old_id=210000160,210000160
791012c3-c064-2174-8c38-72b4446c1202,إيراد :0015 -ين,f592fa51-d431-40c9-f38d-39cdf4092eb2,فرع السراج,2411278,2024-12-15,1405.000,0.000,1405.000,0,posted,old_id=210000161,210000161
4f9555f9-5a95-c9bb-1957-3a96c42f0f28,إيراد :0003 -ين,193a3d2d-d39f-6712-72cb-c5f247087645,فرع السراج,021,2024-11-30,14.980,0.000,14.980,0,posted,old_id=210000146,210000146
3a9f405b-4e17-395a-1831-caf8e70ba7dc,إيراد :0003 -ين,f68c4a72-8eb2-7563-07ad-b344ff9fe960,فرع السراج,6371,2024-12-01,2497.000,0.000,2497.000,0,posted,old_id=210000149,210000149
49bdb81d-1a09-a3b6-4286-be9aff567c0e,إيراد :0003 -ين,ac78bb51-d153-70a3-ad89-bdb50a8537eb,فرع 11 يونيو,0000,2024-12-07,110.000,0.000,110.000,0,posted,old_id=310000055,310000055
c038d01a-42f0-d503-a11c-fc0eafc4f805,إيراد :0479 -ين,f68c4a72-8eb2-7563-07ad-b344ff9fe960,فرع 11 يونيو,2144,2026-04-26,7540.000,0.000,7540.000,0,posted,old_id=310000340,310000340
da4a35c7-a3b8-c54f-b0f3-f5bcc6987098,إيراد :0068 -ين,0dafba13-51f2-fc5a-eab7-f16d55bcce40,فرع 11 يونيو,2411096,2025-01-22,4999.000,56.000,4943.000,0,posted,old_id=310000089,310000089
f0e963c6-7683-17d1-3803-a41fbdd0a198,إيراد :0077 -ين,f68c4a72-8eb2-7563-07ad-b344ff9fe960,فرع 11 يونيو,7538,2025-01-28,640.000,0.000,640.000,0,posted,old_id=310000094,310000094
fb79b3c5-5e8c-1532-cee0-f1ac45f6d6f4,إيراد :0080 -ين,431ac3fd-806d-3b31-7433-0f5bf3af56c7,فرع 11 يونيو,201,2025-01-29,380.000,0.000,380.000,0,posted,old_id=310000097,310000097
ed076204-fc9b-321b-79c2-d03065f83759,إيراد :0076 -ين,4e069e00-1faf-fec3-009d-c22ff78edd71,فرع 11 يونيو,10822,2025-01-26,4900.000,0.000,4900.000,0,posted,old_id=310000093,310000093
9cf45316-b4f8-2d8f-cf7a-ed949b638dda,إيراد :0078 -ين,f68c4a72-8eb2-7563-07ad-b344ff9fe960,فرع 11 يونيو,7605,2025-01-28,535.000,0.000,535.000,0,posted,old_id=310000095,310000095
31403d1d-6833-93c6-9e30-6304e086375b,إيراد :0001 -ين,4db58ef5-0e02-ae07-fc14-5629c40b7689,فرع السراج,6126,2024-09-11,4319.250,0.000,4319.250,0,posted,old_id=210000069,210000069
266d6c88-8a53-a34b-66c0-4a1cad43bb9f,إيراد :0079 -ين,fb599d54-8fbe-2649-11aa-9640573a2468,فرع 11 يونيو,0,2025-01-28,500.000,0.000,500.000,0,posted,old_id=310000096,310000096
7c16b3e9-4f90-e48b-5e7e-c2eaa44c06bd,إيراد :0081 -ين,2b5a299a-8a4f-4338-ee3a-05d76bf1fa29,فرع 11 يونيو,37776,2025-01-29,220.000,0.000,220.000,0,posted,old_id=310000098,310000098
0a221683-d9a6-5d5a-509c-b70915e11394,إيراد :0042 -ين,a120d008-0652-2c9d-a55f-a05b792df37c,فرع 11 يونيو,5443524,2025-01-11,400.000,0.000,400.000,0,posted,old_id=310000076,310000076
c1f1f4fc-d636-079e-c539-1e150f968463,إيراد :0090 -ين,7e4b3fc3-8241-ee4f-683f-bfe58ba55739,فرع 11 يونيو,0158303,2025-02-01,150.000,0.000,150.000,0,posted,old_id=310000100,310000100
88f06ea4-f007-f716-f039-c2b10d0efb8c,إيراد :0005 -ين,2e234c5a-ae37-77f1-3c02-d40e664e7d50,فرع السراج,8852,2024-12-09,995.000,0.000,995.000,0,posted,old_id=210000153,210000153
45d357a7-d75e-f112-e880-954002ac129b,إيراد :0006 -ين,4db58ef5-0e02-ae07-fc14-5629c40b7689,فرع السراج,9169,2024-12-10,1166.500,0.000,1166.500,0,posted,old_id=210000154,210000154
c5300b24-8c28-ca30-9a4a-0017b5919eb9,إيراد :0021 -ين,60d7d8a2-1083-abe4-d894-b1c7f3235d40,فرع السراج,24-3475,2024-12-23,700.000,0.000,700.000,0,posted,old_id=210000163,210000163
d5acbc19-6991-2e9f-7f1e-c731dddc54b5,إيراد :0410 -ين,e47ac07e-2763-bc83-6cf2-c39bb577a1f9,فرع السراج,14583,2025-12-20,435.000,0.000,435.000,0,posted,old_id=210000362,210000362
5bc4e9dc-5927-f878-869a-77c16ecfabcf,إيراد :0027 -ين,3371605a-058e-4bf1-07a5-d157c54ae58f,فرع 11 يونيو,101,2025-01-05,1443.000,3.000,1440.000,0,posted,old_id=310000066,310000066
919c7698-36fa-7025-ba4f-aa90c66507d2,إيراد :0039 -ين,f68c4a72-8eb2-7563-07ad-b344ff9fe960,فرع 11 يونيو,7151,2025-01-08,6778.000,0.000,6778.000,0,posted,old_id=310000074,310000074
bdaf4f00-b3c8-434a-376f-b597027628d5,إيراد :0098 -ين,b6b84a10-cc93-fcd2-c2b5-039b6a676e80,فرع 11 يونيو,2267,2025-02-03,975.000,0.000,975.000,0,posted,old_id=310000102,310000102
02c2010b-7d5d-8a82-e862-f9d024c53285,إيراد :0279 -ين,dd2fc8ac-5717-c00a-07b0-627c341c4a46,فرع السراج,10690,2025-06-29,1175.000,0.000,1175.000,0,posted,old_id=210000277,210000277
3908921b-c373-ae73-ab44-8e79d172629f,إيراد :0104 -ين,51882a69-3ac9-cde2-37e3-64e2b7daae96,فرع 11 يونيو,034984,2025-02-05,45.000,0.000,45.000,0,posted,old_id=310000104,310000104
3481c1f9-3748-0f11-abd2-bd8cba15e30d,إيراد :0280 -ين,dd2fc8ac-5717-c00a-07b0-627c341c4a46,فرع السراج,10691,2025-06-29,190.000,0.000,190.000,0,posted,old_id=210000278,210000278
562ee55b-e8a5-8037-203d-e727ce466445,إيراد :0105 -ين,51882a69-3ac9-cde2-37e3-64e2b7daae96,فرع 11 يونيو,034983,2025-02-05,318.000,0.000,318.000,0,posted,old_id=310000105,310000105
17770acb-38d6-9227-11ee-42b6c433b30f,إيراد :0282 -ين,803eabee-b81f-7acb-eb64-b2cae128a7cb,فرع السراج,1564,2025-06-30,1480.400,0.400,1480.000,0,posted,old_id=210000280,210000280
a1a498f1-d591-e6c0-1098-30da5081fe38,إيراد :0001 -ين,06d20f1c-34a0-e014-64db-92734ce57411,فرع السراج,1312487,2024-09-04,80.000,0.000,80.000,0,posted,old_id=210000057,210000057
06ae4c9f-d092-4137-b805-01e5a2758f74,إيراد :0067 -ين,dc6e5eb0-a2c4-7fc8-161c-528f389f29cc,فرع السراج,5366,2025-01-21,500.500,0.000,500.500,0,posted,old_id=210000183,210000183
c14eb080-a6da-13c1-0a43-bb4a1844f1b2,إيراد :0411 -ين,f330aa66-9a8a-90ee-d535-6c68ff14b0de,فرع السراج,9662,2025-12-20,8982.526,0.000,8982.526,0,posted,old_id=210000363,210000363
0eac1d91-2b3e-bf96-f9ff-9021ed3c0e9a,إيراد :0003 -ين,5bd59cc2-f915-90b2-5eb0-3ec705744a94,فرع السراج,1698,2024-10-13,5555.000,5.000,5550.000,0,posted,old_id=210000104,210000104
5fabe345-7139-f22a-420b-bbbfdbd27d5e,إيراد :0032 -ين,9a9f39af-a0d0-6a64-969d-7baa03e28c4f,فرع السراج,7077,2025-01-05,2241.750,3.750,2238.000,0,posted,old_id=210000166,210000166
a188d005-3352-34bb-4da2-142956ed2ca2,إيراد :0033 -ين,f330aa66-9a8a-90ee-d535-6c68ff14b0de,فرع السراج,9879,2025-01-05,5377.509,0.000,5377.509,0,posted,old_id=210000167,210000167
02f06c8f-ea02-9eaf-821e-1f689d71c48c,إيراد :0034 -ين,f330aa66-9a8a-90ee-d535-6c68ff14b0de,فرع السراج,9880,2025-01-05,422.500,0.000,422.500,0,posted,old_id=210000168,210000168
27d02ae6-c63b-3e12-99fe-b3ed82cc6bda,إيراد :0062 -ين,dc6e5eb0-a2c4-7fc8-161c-528f389f29cc,فرع السراج,5219,2025-01-18,1965.000,0.000,1965.000,0,posted,old_id=210000180,210000180
b51abcdf-c235-fae1-553a-0814a793c43a,إيراد :0065 -ين,9a9f39af-a0d0-6a64-969d-7baa03e28c4f,فرع السراج,7408,2025-01-21,1310.000,0.000,1310.000,0,posted,old_id=210000181,210000181
86965109-1190-c39a-3782-826b5523349e,إيراد :0413 -ين,9a9f39af-a0d0-6a64-969d-7baa03e28c4f,فرع 11 يونيو,6625,2025-12-21,1035.000,0.000,1035.000,0,posted,old_id=310000299,310000299
ddc6ef1c-91e0-73f1-b133-384c65bd78ba,إيراد :0085 -ين,193a3d2d-d39f-6712-72cb-c5f247087645,فرع السراج,010,2025-01-30,440.000,0.000,440.000,0,posted,old_id=210000190,210000190
680342f1-bd8f-2b7d-9948-1717b86d6785,إيراد :0086 -ين,e47ac07e-2763-bc83-6cf2-c39bb577a1f9,فرع السراج,10308,2025-01-30,330.000,0.000,330.000,0,posted,old_id=210000191,210000191
893a76f5-cf74-91cf-ec3e-8ce4baa3499b,إيراد :0087 -ين,9a9f39af-a0d0-6a64-969d-7baa03e28c4f,فرع السراج,7687,2025-02-01,1670.000,0.000,1670.000,0,posted,old_id=210000192,210000192
941acd17-bf63-fdeb-3b42-ac8f2821cde5,إيراد :0088 -ين,2e234c5a-ae37-77f1-3c02-d40e664e7d50,فرع السراج,140,2025-02-01,2185.000,0.000,2185.000,0,posted,old_id=210000193,210000193
9228404b-7f25-481d-806f-b6e450410a7a,إيراد :0089 -ين,dd2fc8ac-5717-c00a-07b0-627c341c4a46,فرع السراج,6908,2025-02-01,4565.000,15.000,4550.000,0,posted,old_id=210000194,210000194
6de980ff-6601-8ef7-513e-b39c61941301,إيراد :0003 -ين,f68c4a72-8eb2-7563-07ad-b344ff9fe960,فرع السراج,5243,2024-10-14,2157.500,0.000,2157.500,0,posted,old_id=210000105,210000105
8e6d6b01-82a2-4fcc-7802-6b188d6fded9,إيراد :0070 -ين,9a9f39af-a0d0-6a64-969d-7baa03e28c4f,فرع السراج,7461,2025-01-23,4690.000,0.000,4690.000,0,posted,old_id=210000184,210000184
48eba12d-8ba5-5bd1-e429-443e208f30f1,إيراد :0412 -ين,96788f75-aca7-6778-39d6-9ded903609dd,فرع السراج,48526,2025-12-21,500.000,0.000,500.000,0,posted,old_id=210000364,210000364
ebae1532-fb50-f6d8-d123-3f9694f80541,إيراد :0414 -ين,f330aa66-9a8a-90ee-d535-6c68ff14b0de,فرع السراج,9792,2025-12-23,4867.460,0.000,4867.460,0,posted,old_id=210000365,210000365
5293881c-0c2c-4856-4cae-816c37b204ee,إيراد :0416 -ين,f330aa66-9a8a-90ee-d535-6c68ff14b0de,فرع السراج,9925,2025-12-28,5225.000,0.000,5225.000,0,posted,old_id=210000367,210000367
0049664f-3000-d14e-e388-60fdac74402d,إيراد :0415 -ين,f330aa66-9a8a-90ee-d535-6c68ff14b0de,فرع السراج,9888,2025-12-27,470.450,0.000,470.450,0,posted,old_id=210000366,210000366
1cd7bf11-494a-17e9-abb4-ddbe9754faae,إيراد :0419 -ين,571d2375-1774-6730-7af4-8df56a1d7a88,فرع السراج,27386,2025-12-31,619.988,0.000,619.988,0,posted,old_id=210000370,210000370
e7e13487-eb39-72aa-34c9-a351613bde40,إيراد :0417 -ين,f330aa66-9a8a-90ee-d535-6c68ff14b0de,فرع السراج,9961,2025-12-29,1624.500,0.000,1624.500,0,posted,old_id=210000368,210000368
a9227847-e1a8-6164-7f0d-7a4bd5579774,إيراد :0418 -ين,dc6e5eb0-a2c4-7fc8-161c-528f389f29cc,فرع السراج,3577,2025-12-29,1147.000,2.000,1145.000,0,posted,old_id=210000369,210000369
61ee7468-2bc6-a25c-8467-feb8e14cc15e,إيراد :0420 -ين,9a9f39af-a0d0-6a64-969d-7baa03e28c4f,فرع السراج,6842,2025-12-31,6025.000,0.000,6025.000,0,posted,old_id=210000371,210000371
758b7c62-1cd2-7181-756d-eeea933d5a6e,إيراد :0082 -ين,5bd59cc2-f915-90b2-5eb0-3ec705744a94,فرع السراج,2529,2025-01-29,3990.000,0.000,3990.000,0,posted,old_id=210000188,210000188
8aa5b508-2ad0-9497-21d4-511782fa6c3b,إيراد :0084 -ين,9a9f39af-a0d0-6a64-969d-7baa03e28c4f,فرع السراج,7661,2025-01-30,8770.000,0.000,8770.000,0,posted,old_id=210000189,210000189
28add9c4-e1ce-6c3b-9da5-4dec08680caa,إيراد :0097 -ين,1feb71a5-1d49-b1e4-f571-cf039a9a809d,فرع السراج,2227,2025-02-03,2755.500,0.500,2755.000,0,posted,old_id=210000200,210000200
57bffa76-6641-1b47-62bc-628f29490a83,إيراد :0099 -ين,5bd59cc2-f915-90b2-5eb0-3ec705744a94,فرع السراج,2554,2025-02-03,14520.000,0.000,14520.000,0,posted,old_id=210000201,210000201
9b1f8391-269c-64ed-6473-306fa87eed02,إيراد :0100 -ين,0ac84589-249c-ec1c-90a6-5324415510d3,فرع السراج,6927,2025-02-03,490.000,0.000,490.000,0,posted,old_id=210000202,210000202
5d668a59-3ba4-b9b2-265e-722eb1fe029d,إيراد :0422 -ين,f330aa66-9a8a-90ee-d535-6c68ff14b0de,فرع السراج,10452,2026-01-12,2650.000,0.000,2650.000,0,posted,old_id=210000373,210000373
1196c726-0e93-836c-1a12-0cb5c830e844,إيراد :0473 -ين,b254c840-e3dc-aa50-45cc-22c1a82f1d9d,فرع 11 يونيو,6524,2026-04-20,7000.000,0.000,7000.000,0,posted,old_id=310000334,310000334
67db9a70-3d1c-98fe-0c3a-ef83d42032cf,إيراد :0159 -ين,1e40627e-ea09-d325-6c11-fb6c068c423e,فرع 11 يونيو,PS020057437,2025-03-06,305.000,0.000,305.000,0,posted,old_id=310000138,310000138
de9fbf55-41e9-cc65-d588-962f18a032dc,إيراد :0163 -ين,b254c840-e3dc-aa50-45cc-22c1a82f1d9d,فرع 11 يونيو,861,2025-03-12,11949.000,0.000,11949.000,0,posted,old_id=310000140,310000140
95c045bb-95d4-6d2a-ec44-489106edd95c,إيراد :0003 -ين,f9f6d83d-5b9d-2d22-c42a-21b487031fad,فرع السراج,0920362058//رقم فاتورة3490851,2024-10-21,1230.000,0.000,1230.000,0,posted,old_id=210000108,210000108
c092c3d3-0079-6be3-5286-9365c8ab4f69,إيراد :0164 -ين,081276dc-6952-a613-dc62-614b51522ad0,فرع 11 يونيو,0,2025-03-13,840.000,0.000,840.000,0,posted,old_id=310000173,310000173
506998fe-29e4-1ba4-87f2-692340f8b59a,إيراد :0063 -ين,0dafba13-51f2-fc5a-eab7-f16d55bcce40,فرع 11 يونيو,2411072,2025-01-20,3557.000,0.000,3557.000,0,posted,old_id=310000087,310000087
e1fee1db-d14d-8cff-99dd-3804ccef7ca2,إيراد :0003 -ين,f68c4a72-8eb2-7563-07ad-b344ff9fe960,فرع السراج,6334,2024-11-28,930.000,0.000,930.000,0,posted,old_id=210000144,210000144
70dc021b-df83-c54f-1168-3006b371a8c9,إيراد :0093 -ين,9a9f39af-a0d0-6a64-969d-7baa03e28c4f,فرع السراج,7750,2025-02-03,1440.000,0.000,1440.000,0,posted,old_id=210000196,210000196
ff1748e4-bf7f-9b52-ab1d-dc875899495b,إيراد :0094 -ين,9a9f39af-a0d0-6a64-969d-7baa03e28c4f,فرع السراج,7746,2025-02-03,785.000,0.000,785.000,0,posted,old_id=210000197,210000197
19d940c7-f3fb-2ff1-26fa-5167677551b7,إيراد :0096 -ين,9a9f39af-a0d0-6a64-969d-7baa03e28c4f,فرع السراج,7747,2025-02-03,4132.200,0.000,4132.200,0,posted,old_id=210000199,210000199
60ba0295-30d6-2129-585c-5c86076a89de,إيراد :0101 -ين,0ac84589-249c-ec1c-90a6-5324415510d3,فرع السراج,6928,2025-02-04,1475.000,0.000,1475.000,0,posted,old_id=210000203,210000203
690424d3-af87-99a1-47cd-ba4bd9e56a1d,إيراد :0421 -ين,695330b1-f457-9bb1-70db-3ef19382e7c9,فرع السراج,26-00437,2026-01-10,3990.000,0.000,3990.000,0,posted,old_id=210000372,210000372
a0b378df-7469-030d-778d-ea3e8a50835b,إيراد :0091 -ين,803eabee-b81f-7acb-eb64-b2cae128a7cb,فرع السراج,404,2025-02-02,3650.000,0.000,3650.000,0,posted,old_id=210000195,210000195
2fdb575a-32dc-5ca3-5e81-73d4f33993c5,إيراد :0132 -ين,5bd59cc2-f915-90b2-5eb0-3ec705744a94,فرع السراج,2664,2025-02-17,380.000,0.000,380.000,0,posted,old_id=210000215,210000215
ba1c4a3d-3ffd-b7a0-80c6-a3ebd18f1546,إيراد :0342 -ين,dc6e5eb0-a2c4-7fc8-161c-528f389f29cc,فرع السراج,16238,2025-09-03,90.000,0.000,90.000,0,posted,old_id=210000310,210000310
b9b00d6b-57ad-1cfd-ea36-3c445ec99f39,إيراد :0343 -ين,dc6e5eb0-a2c4-7fc8-161c-528f389f29cc,فرع السراج,16196,2025-09-03,460.000,0.000,460.000,0,posted,old_id=210000311,210000311
ed4e7a9c-62bf-182b-9ec9-87960398eaa0,إيراد :0465 -ين,8d388eaa-de46-d772-319c-750398f43c28,فرع 11 يونيو,1482,2026-04-02,3900.000,0.000,3900.000,0,posted,old_id=310000322,310000322
061bbc83-bb0f-d0ba-199d-e85c0a27ed53,إيراد :0347 -ين,f330aa66-9a8a-90ee-d535-6c68ff14b0de,فرع السراج,6083,2025-09-08,2290.850,0.000,2290.850,0,posted,old_id=210000312,210000312
fe1379a3-3277-78e8-ac2a-8226eb8e225a,إيراد :0348 -ين,f330aa66-9a8a-90ee-d535-6c68ff14b0de,فرع السراج,6085,2025-09-08,6392.400,0.000,6392.400,0,posted,old_id=210000313,210000313
1c2bfddc-64cc-305a-7a88-cef0fc2ce2ef,إيراد :0359 -ين,9a9f39af-a0d0-6a64-969d-7baa03e28c4f,فرع السراج,4671,2025-09-14,100.000,13.050,86.950,0,posted,old_id=210000317,210000317
92cf92b4-0a4b-f567-a9e8-afe21539cf94,إيراد :0362 -ين,06d20f1c-34a0-e014-64db-92734ce57411,فرع السراج,7533416,2025-09-17,400.000,0.000,400.000,0,posted,old_id=210000319,210000319
ca0aba1a-4308-0acf-2c2e-5922f61dfdb3,إيراد :0003 -ين,4db58ef5-0e02-ae07-fc14-5629c40b7689,فرع السراج,7828,2024-11-18,2971.000,1.000,2970.000,0,posted,old_id=210000129,210000129
c40cf816-1e42-8643-4d7c-8a82e8583629,إيراد :0109 -ين,9a9f39af-a0d0-6a64-969d-7baa03e28c4f,فرع السراج,7837,2025-02-06,3741.250,0.000,3741.250,0,posted,old_id=210000207,210000207
823b55e9-9375-aff4-29b7-090b79e513a9,إيراد :0064 -ين,f68c4a72-8eb2-7563-07ad-b344ff9fe960,فرع 11 يونيو,7382,2025-01-21,6690.000,0.000,6690.000,0,posted,old_id=310000088,310000088
1d554c86-edae-6eba-73cc-68280c9d0bcb,إيراد :0160 -ين,1e40627e-ea09-d325-6c11-fb6c068c423e,فرع 11 يونيو,20057603,2025-03-10,120.000,0.000,120.000,0,posted,old_id=310000139,310000139
aaadb2db-8c53-5939-6c7f-75e9a6f3a10c,إيراد :0483 -ين,e2471349-f041-76d6-af3b-07b14234b9a8,فرع 11 يونيو,3953,2026-04-28,2350.000,0.000,2350.000,0,posted,old_id=310000343,310000343
c5aa9fee-0e21-60ff-3cfa-b5b2c4366907,إيراد :0110 -ين,9a9f39af-a0d0-6a64-969d-7baa03e28c4f,فرع السراج,7867,2025-02-08,370.000,0.000,370.000,0,posted,old_id=210000208,210000208
8e982682-f8a3-b143-14a8-aa5bc949b98c,إيراد :0130 -ين,9a9f39af-a0d0-6a64-969d-7baa03e28c4f,فرع السراج,205,2025-02-16,27613.000,0.000,27613.000,0,posted,old_id=210000213,210000213
68525e16-8e50-2056-9eb5-87c791345772,إيراد :0131 -ين,9a9f39af-a0d0-6a64-969d-7baa03e28c4f,فرع السراج,244,2025-02-17,135.000,0.000,135.000,0,posted,old_id=210000214,210000214
731c9de2-7b35-ccbb-16e7-d03052eba772,إيراد :0108 -ين,dc6e5eb0-a2c4-7fc8-161c-528f389f29cc,فرع السراج,6213,2025-02-06,300.000,0.000,300.000,0,posted,old_id=210000206,210000206
2acd96f5-155b-913f-2b50-f7ad90b408ea,إيراد :0423 -ين,f330aa66-9a8a-90ee-d535-6c68ff14b0de,فرع السراج,10551,2026-01-15,3326.450,0.000,3326.450,0,posted,old_id=210000375,210000375
246a9f9e-9733-3f65-1e53-d202ddb87fa4,إيراد :0117 -ين,9a9f39af-a0d0-6a64-969d-7baa03e28c4f,فرع السراج,7780,2025-02-12,6875.000,0.000,6875.000,0,posted,old_id=210000209,210000209
b67721ce-3b9b-693a-15f1-e2a887e1fa1c,إيراد :0428 -ين,3371605a-058e-4bf1-07a5-d157c54ae58f,فرع 11 يونيو,1326,2026-02-03,63.000,3.000,60.000,0,posted,old_id=310000302,310000302
a65aace7-cec0-c9db-a467-f1ba7755e1a0,إيراد :0169 -ين,081276dc-6952-a613-dc62-614b51522ad0,فرع 11 يونيو,00,2025-03-15,6050.000,0.000,6050.000,0,posted,old_id=310000174,310000174
e3ac0935-8adf-4d67-d247-811fe06c4d68,إيراد :0170 -ين,3371605a-058e-4bf1-07a5-d157c54ae58f,فرع 11 يونيو,0,2025-03-16,1050.000,0.000,1050.000,0,posted,old_id=310000175,310000175
6446ade4-3be5-953c-1500-2407ec671fb1,إيراد :0179 -ين,f68c4a72-8eb2-7563-07ad-b344ff9fe960,فرع 11 يونيو,903,2025-03-27,504.000,0.000,504.000,0,posted,old_id=310000180,310000180
dfb089b6-d9e4-7cc8-7afc-0003f03b8f52,إيراد :0171 -ين,b254c840-e3dc-aa50-45cc-22c1a82f1d9d,فرع 11 يونيو,959,2025-03-18,22938.000,0.000,22938.000,0,posted,old_id=310000177,310000177
657699b2-2261-4266-91a6-0e142988fea5,إيراد :0172 -ين,b254c840-e3dc-aa50-45cc-22c1a82f1d9d,فرع 11 يونيو,963,2025-03-20,600.000,0.000,600.000,0,posted,old_id=310000178,310000178
9f225ead-699c-0b61-b0d5-c52ebbb79f5a,إيراد :0379 -ين,b254c840-e3dc-aa50-45cc-22c1a82f1d9d,فرع 11 يونيو,4191,2025-10-06,31012.000,0.000,31012.000,0,posted,old_id=310000291,310000291
c3a5dc63-d38f-fe1e-533d-20fee69e5759,إيراد :0141 -ين,e47ac07e-2763-bc83-6cf2-c39bb577a1f9,فرع السراج,10650,2025-02-24,2600.000,0.000,2600.000,0,posted,old_id=210000216,210000216
eb53106a-2ad5-afa8-0074-f84bf2cec1d4,إيراد :0142 -ين,06d20f1c-34a0-e014-64db-92734ce57411,فرع السراج,0034650,2025-02-24,400.000,0.000,400.000,0,posted,old_id=210000217,210000217
b333d6b1-24d9-a902-987c-f4fc2dc40682,إيراد :0145 -ين,5bd59cc2-f915-90b2-5eb0-3ec705744a94,فرع السراج,2718,2025-02-25,11870.000,0.000,11870.000,0,posted,old_id=210000218,210000218
a982654e-01b8-e010-124a-ec3a45e5dd41,إيراد :0146 -ين,1feb71a5-1d49-b1e4-f571-cf039a9a809d,فرع السراج,A1399,2025-02-25,8960.600,0.000,8960.600,0,posted,old_id=210000219,210000219
06ec2461-4ce6-7668-13ae-2837d317fa72,إيراد :0155 -ين,803eabee-b81f-7acb-eb64-b2cae128a7cb,فرع السراج,652,2025-03-03,41.250,0.000,41.250,0,posted,old_id=210000223,210000223
cff07310-f241-5864-1d9d-22aee516ea56,إيراد :0376 -ين,0dafba13-51f2-fc5a-eab7-f16d55bcce40,فرع 11 يونيو,2413713,2025-09-29,3444.000,4.000,3440.000,0,posted,old_id=310000289,310000289
7d784a6b-0258-b9f7-6a86-cb5ce45aa94b,إيراد :0003 -ين,4db58ef5-0e02-ae07-fc14-5629c40b7689,فرع السراج,8519,2024-11-18,367.040,0.040,367.000,0,posted,old_id=210000128,210000128
e342b321-87e8-f1bb-7db1-ea471496c6ae,إيراد :0127 -ين,dc6e5eb0-a2c4-7fc8-161c-528f389f29cc,فرع السراج,6849,2025-02-16,14940.000,0.000,14940.000,0,posted,old_id=210000210,210000210
988a189a-d8bf-8c3f-323d-68e139889963,إيراد :0048 -ين,9a9f39af-a0d0-6a64-969d-7baa03e28c4f,فرع السراج,7251,2025-01-13,147.000,0.000,147.000,0,posted,old_id=210000174,210000174
1daf4416-8507-8400-94ff-c06b052a435d,إيراد :0147 -ين,0dafba13-51f2-fc5a-eab7-f16d55bcce40,فرع السراج,2411483,2025-02-25,15857.225,0.000,15857.225,0,posted,old_id=210000220,210000220
73e7fde8-0b72-87e5-1d12-67add81fbb40,إيراد :0129 -ين,e47ac07e-2763-bc83-6cf2-c39bb577a1f9,فرع السراج,10546,2025-02-16,850.000,0.000,850.000,0,posted,old_id=210000212,210000212
b405f941-ef5d-03c6-19dd-2e8390821a93,إيراد :0431 -ين,3371605a-058e-4bf1-07a5-d157c54ae58f,فرع 11 يونيو,1687,2026-02-10,9092.000,12.000,9080.000,0,posted,old_id=310000305,310000305
eaf71121-021c-cf55-d2cf-f98384a5658c,إيراد :0162 -ين,f330aa66-9a8a-90ee-d535-6c68ff14b0de,فرع السراج,212,2025-03-11,4204.800,0.000,4204.800,0,posted,old_id=210000227,210000227
342991aa-a1d1-55de-6377-bfb4faa70d3e,إيراد :0378 -ين,b254c840-e3dc-aa50-45cc-22c1a82f1d9d,فرع 11 يونيو,4121,2025-09-30,11845.000,0.000,11845.000,0,posted,old_id=310000290,310000290
8cf6fd27-84b9-f495-3a9a-fc010aca3969,إيراد :0173 -ين,4db58ef5-0e02-ae07-fc14-5629c40b7689,فرع 11 يونيو,000,2025-03-22,7355.000,0.000,7355.000,0,posted,old_id=310000179,310000179
adf333db-f19a-3ef0-990d-f3616d334370,إيراد :0185 -ين,46b65556-274a-45aa-9c85-4e9803db664f,فرع 11 يونيو,738,2025-04-07,330.000,0.000,330.000,0,posted,old_id=310000185,310000185
2ea21945-ddde-adcb-e652-27f03fa61db7,إيراد :0445 -ين,f68c4a72-8eb2-7563-07ad-b344ff9fe960,فرع 11 يونيو,1286,2026-03-07,4252.500,0.000,4252.500,0,posted,old_id=310000311,310000311
375ea613-89b8-77ee-d1cc-3b7256f5dfa3,إيراد :0004 -ين,4db58ef5-0e02-ae07-fc14-5629c40b7689,فرع السراج,9113,2024-12-07,10093.000,0.000,10093.000,0,posted,old_id=210000152,210000152
ee291ef1-e915-989a-0286-38cbf7b5a41a,إيراد :0161 -ين,f330aa66-9a8a-90ee-d535-6c68ff14b0de,فرع السراج,213,2025-03-11,8085.100,0.000,8085.100,0,posted,old_id=210000226,210000226
ff156715-a0b4-2efc-4bed-07b337fd19f9,إيراد :0041 -ين,9a9f39af-a0d0-6a64-969d-7baa03e28c4f,فرع السراج,7173,2025-01-09,17920.000,0.000,17920.000,0,posted,old_id=210000170,210000170
3ec3d01f-c941-39e0-6ca9-f08c6bb4992b,إيراد :0363 -ين,9a9f39af-a0d0-6a64-969d-7baa03e28c4f,فرع السراج,4846,2025-09-20,28860.500,0.000,28860.500,0,posted,old_id=210000320,210000320
e0034d5d-687c-a368-e6a7-1c7603c7547f,إيراد :0045 -ين,9a9f39af-a0d0-6a64-969d-7baa03e28c4f,فرع السراج,7240,2025-01-12,780.000,0.000,780.000,0,posted,old_id=210000172,210000172
99e73c3b-c5d5-29c1-913b-e77f35217c7a,إيراد :0047 -ين,dc6e5eb0-a2c4-7fc8-161c-528f389f29cc,فرع السراج,4968,2025-01-13,11558.000,42.765,11515.235,0,posted,old_id=210000173,210000173
78080f57-3c3c-3417-7afe-516fa1be982e,إيراد :0128 -ين,9a9f39af-a0d0-6a64-969d-7baa03e28c4f,فرع السراج,208,2025-02-16,6979.150,0.000,6979.150,0,posted,old_id=210000211,210000211
17a8af22-0dec-4831-77cd-1bd12302b392,إيراد :0151 -ين,9a9f39af-a0d0-6a64-969d-7baa03e28c4f,فرع السراج,517,2025-02-26,14618.000,0.000,14618.000,0,posted,old_id=210000221,210000221
fe0971ef-ee7e-83a1-d397-f5ac9998275d,إيراد :0152 -ين,9a9f39af-a0d0-6a64-969d-7baa03e28c4f,فرع السراج,519,2025-02-26,2158.250,0.000,2158.250,0,posted,old_id=210000222,210000222
08f8dc0c-3eb9-70f0-e696-182797aff0e1,إيراد :0055 -ين,5bd59cc2-f915-90b2-5eb0-3ec705744a94,فرع السراج,2414,2025-01-14,5730.000,0.000,5730.000,0,posted,old_id=210000176,210000176
62dff013-85c1-682b-c1bb-b8b97eac6c8a,إيراد :0175 -ين,9a9f39af-a0d0-6a64-969d-7baa03e28c4f,فرع السراج,904,2025-03-23,18030.000,0.000,18030.000,0,posted,old_id=210000233,210000233
2e98cd2c-23d5-ebc6-5010-23ed378f9d97,إيراد :0429 -ين,1e40627e-ea09-d325-6c11-fb6c068c423e,فرع 11 يونيو,123456,2026-02-08,225.000,0.000,225.000,0,posted,old_id=310000303,310000303
5562538f-0919-4904-d310-c833633b5903,إيراد :0178 -ين,9a9f39af-a0d0-6a64-969d-7baa03e28c4f,فرع السراج,952,2025-03-26,4219.500,0.000,4219.500,0,posted,old_id=210000236,210000236
dbd2e332-bbb6-af3a-6e66-263f59f5df0b,إيراد :0364 -ين,9a9f39af-a0d0-6a64-969d-7baa03e28c4f,فرع السراج,4879,2025-09-21,1150.000,0.000,1150.000,0,posted,old_id=210000321,210000321
6ca85679-47d8-5241-6404-93f40b9db863,إيراد :0365 -ين,dd2fc8ac-5717-c00a-07b0-627c341c4a46,فرع السراج,13452,2025-09-21,1620.000,20.000,1600.000,0,posted,old_id=210000322,210000322
aecb0d9b-5aee-a5da-7a8f-848377300e54,إيراد :0407 -ين,9a9f39af-a0d0-6a64-969d-7baa03e28c4f,فرع السراج,6561,2025-12-17,700.000,0.000,700.000,0,posted,old_id=210000359,210000359
77eb82a9-87af-de4e-9f2e-8c09168c3159,إيراد :0030 -ين,5bd59cc2-f915-90b2-5eb0-3ec705744a94,فرع السراج,2337,2025-01-05,4865.000,0.000,4865.000,0,posted,old_id=210000165,210000165
1bfb31f4-26c4-315a-46eb-95c821cb557b,إيراد :0143 -ين,56855bde-1190-92a2-afb0-419a9650977f,مخزن جنزور,0000,2025-02-28,189190.000,0.000,189190.000,0,posted,old_id=310000130,310000130
7051d637-5f0e-fce8-0910-b17b0312ae97,إيراد :0166 -ين,dd2fc8ac-5717-c00a-07b0-627c341c4a46,فرع السراج,7901,2025-03-13,440.000,0.000,440.000,0,posted,old_id=210000229,210000229
55010a23-fc64-62a0-cb50-e5c6c4a297f7,إيراد :0167 -ين,dd2fc8ac-5717-c00a-07b0-627c341c4a46,فرع السراج,7900,2025-03-13,7566.750,0.000,7566.750,0,posted,old_id=210000230,210000230
76de8c03-750c-f38d-9ebb-777a14a00fc8,إيراد :0168 -ين,f330aa66-9a8a-90ee-d535-6c68ff14b0de,فرع السراج,303,2025-03-15,5949.000,0.000,5949.000,0,posted,old_id=210000231,210000231
f2cf4005-5222-c05f-6a86-133e94504e70,إيراد :0174 -ين,dd2fc8ac-5717-c00a-07b0-627c341c4a46,فرع السراج,8077,2025-03-23,1320.000,0.000,1320.000,0,posted,old_id=210000232,210000232
a3383cf7-ed8c-7a40-3e26-f47c2573098b,إيراد :0406 -ين,f330aa66-9a8a-90ee-d535-6c68ff14b0de,فرع السراج,9271,2025-12-11,1066.386,0.000,1066.386,0,posted,old_id=210000358,210000358
4becf1bf-d903-1468-6334-a54353d16f6e,إيراد :0103 -ين,3371605a-058e-4bf1-07a5-d157c54ae58f,فرع 11 يونيو,1279,2025-02-05,3837.500,21.500,3816.000,0,posted,old_id=310000103,310000103
093b513c-0ff7-6220-efc5-1b822eb228a4,إيراد :0092 -ين,f68c4a72-8eb2-7563-07ad-b344ff9fe960,فرع 11 يونيو,7645,2025-02-02,27600.000,0.000,27600.000,0,posted,old_id=310000101,310000101
d1e83acd-fa1b-12de-0294-c2f6edd5af96,إيراد :0083 -ين,431ac3fd-806d-3b31-7433-0f5bf3af56c7,فرع 11 يونيو,200,2025-01-29,2240.000,0.000,2240.000,0,posted,old_id=310000099,310000099
0d14790d-207a-0013-8cd9-dda21ed3e7c1,إيراد :0274 -ين,f68c4a72-8eb2-7563-07ad-b344ff9fe960,فرع 11 يونيو,2726,2025-06-28,3040.000,70.200,2969.800,0,posted,old_id=310000241,310000241
85cfd286-f878-ee37-e4bd-8203f697873a,إيراد :0165 -ين,dd2fc8ac-5717-c00a-07b0-627c341c4a46,فرع السراج,7899,2025-03-13,1350.000,0.000,1350.000,0,posted,old_id=210000228,210000228
3418c800-f790-27e2-d007-01e418e5856f,إيراد :0205 -ين,2e234c5a-ae37-77f1-3c02-d40e664e7d50,فرع السراج,2297,2025-04-23,3800.000,0.000,3800.000,0,posted,old_id=210000244,210000244
292b3302-f27e-9ca7-bdbe-0046b9ba825a,إيراد :0408 -ين,9a9f39af-a0d0-6a64-969d-7baa03e28c4f,فرع السراج,2414524,2025-12-17,684.000,0.000,684.000,0,posted,old_id=210000360,210000360
7e28c1c5-afe9-9615-dcbc-6b3a9c14fbda,إيراد :0409 -ين,5bd59cc2-f915-90b2-5eb0-3ec705744a94,فرع السراج,1258,2025-12-17,1485.000,0.000,1485.000,0,posted,old_id=210000361,210000361
20c25941-e6db-dc50-5a81-adfc65cdaa73,إيراد :0440 -ين,9a9f39af-a0d0-6a64-969d-7baa03e28c4f,فرع السراج,1085,2026-02-22,16902.250,0.000,16902.250,0,posted,old_id=210000383,210000383
d553da64-b5bd-0472-0740-f575580dcf4e,إيراد :0038 -ين,2e234c5a-ae37-77f1-3c02-d40e664e7d50,فرع السراج,9649,2025-01-08,600.000,0.000,600.000,0,posted,old_id=210000169,210000169
bac05b02-559a-cee1-6ca4-1dc8229baa27,إيراد :0199 -ين,9a9f39af-a0d0-6a64-969d-7baa03e28c4f,فرع 11 يونيو,1477,2025-04-21,4500.000,0.000,4500.000,0,posted,old_id=310000198,310000198
7385ae30-0cd3-4081-bbd6-e55355e2824c,إيراد :0484 -ين,f68c4a72-8eb2-7563-07ad-b344ff9fe960,فرع 11 يونيو,2257,2026-04-28,1248.000,0.000,1248.000,0,posted,old_id=310000344,310000344
7a858df6-ad26-cd19-4b47-ab5aab840a77,إيراد :0487 -ين,f68c4a72-8eb2-7563-07ad-b344ff9fe960,فرع 11 يونيو,987321,2026-04-28,1170.000,0.000,1170.000,0,posted,old_id=310000347,310000347
4cde0765-0f77-833e-b545-832f72c16c77,إيراد :0043 -ين,3f8e1d44-c2e4-cecd-ff29-48dc418eba21,فرع 11 يونيو,123456,2025-01-12,340.000,0.000,340.000,0,posted,old_id=310000077,310000077
b8b1f936-1f38-d7ec-7de3-32a92bc75d1e,إيراد :0182 -ين,f68c4a72-8eb2-7563-07ad-b344ff9fe960,فرع 11 يونيو,1030,2025-04-06,8295.000,0.000,8295.000,0,posted,old_id=310000182,310000182
e09ca666-6667-2269-26cb-7ef3c6e8d369,إيراد :0186 -ين,8d388eaa-de46-d772-319c-750398f43c28,فرع 11 يونيو,220,2025-04-08,620.000,0.000,620.000,0,posted,old_id=310000186,310000186
ddfc0864-4895-5d85-7efc-cca77198c9b9,إيراد :0180 -ين,4db58ef5-0e02-ae07-fc14-5629c40b7689,فرع 11 يونيو,528,2025-03-27,529.500,4.500,525.000,0,posted,old_id=310000181,310000181
49d3fab2-adc4-7af1-0406-abcea784c3be,إيراد :0191 -ين,dd2fc8ac-5717-c00a-07b0-627c341c4a46,فرع السراج,8574,2025-04-16,1440.000,0.000,1440.000,0,posted,old_id=210000238,210000238
9ddb60f9-5576-a56a-73d5-634cbde16b8d,إيراد :0184 -ين,8d388eaa-de46-d772-319c-750398f43c28,فرع 11 يونيو,211,2025-04-07,620.000,0.000,620.000,0,posted,old_id=310000184,310000184
e9396df8-1234-d7b0-39db-cf54d15ed552,إيراد :0181 -ين,9a9f39af-a0d0-6a64-969d-7baa03e28c4f,فرع السراج,1029,2025-04-06,595.000,0.000,595.000,0,posted,old_id=210000237,210000237
44456db7-3896-9367-2455-ae913fa83c10,إيراد :0201 -ين,dd2fc8ac-5717-c00a-07b0-627c341c4a46,فرع السراج,8800,2025-04-23,848.000,3.000,845.000,0,posted,old_id=210000240,210000240
1a4407bb-6fba-d7a2-30d7-e835a4629cf2,إيراد :0203 -ين,dc6e5eb0-a2c4-7fc8-161c-528f389f29cc,فرع السراج,9794,2025-04-23,34.500,0.000,34.500,0,posted,old_id=210000242,210000242
6aae9cc3-512e-d7af-fb91-f2bef0f304e7,إيراد :0204 -ين,9a9f39af-a0d0-6a64-969d-7baa03e28c4f,فرع السراج,1514,2025-04-23,5732.700,0.000,5732.700,0,posted,old_id=210000243,210000243
4d086231-ea81-e002-fa66-e38b1cc002d2,إيراد :0206 -ين,9a9f39af-a0d0-6a64-969d-7baa03e28c4f,فرع السراج,1512,2025-04-24,7942.000,0.000,7942.000,0,posted,old_id=210000245,210000245
0300e155-41e8-8314-49cf-c844b4a6bf05,إيراد :0049 -ين,dc6e5eb0-a2c4-7fc8-161c-528f389f29cc,فرع السراج,5014,2025-01-13,370.000,0.000,370.000,0,posted,old_id=210000175,210000175
d7bf187b-b037-8b1a-e979-770948e35a4f,إيراد :0187 -ين,f68c4a72-8eb2-7563-07ad-b344ff9fe960,فرع 11 يونيو,1103,2025-04-08,147.500,0.000,147.500,0,posted,old_id=310000187,310000187
a34ba1bc-8c0c-1b85-0b03-97fb91b4b200,إيراد :0310 -ين,081276dc-6952-a613-dc62-614b51522ad0,فرع 11 يونيو,PS020066242,2025-08-02,550.000,30.000,520.000,0,posted,old_id=310000254,310000254
260c85ff-98b4-0eed-e7cc-184c590dfa61,إيراد :0120 -ين,0c575208-c139-0260-a6d0-f96f93e5c6ae,فرع 11 يونيو,405,2025-02-13,330.000,0.000,330.000,0,posted,old_id=310000115,310000115
38995d56-d888-353b-3000-c69016ccdd09,إيراد :0198 -ين,081276dc-6952-a613-dc62-614b51522ad0,فرع 11 يونيو,00000,2025-04-21,220.000,0.000,220.000,0,posted,old_id=310000197,310000197
b07a1880-de18-caa2-59f9-bab3e68fe913,إيراد :0058 -ين,65debbbf-d158-9217-a5df-94070e87c4d1,فرع 11 يونيو,8037190,2025-01-14,259.200,0.000,259.200,0,posted,old_id=310000084,310000084
697b3c13-57a6-657f-2ae1-4e1e3bd2096b,إيراد :0209 -ين,51882a69-3ac9-cde2-37e3-64e2b7daae96,فرع السراج,c-031580,2025-04-26,1937.500,2.500,1935.000,0,posted,old_id=210000246,210000246
655f45a7-d35e-87e3-fa91-981fa16c6bfe,إيراد :0210 -ين,9a9f39af-a0d0-6a64-969d-7baa03e28c4f,فرع السراج,1568,2025-04-26,4300.000,2.550,4297.450,0,posted,old_id=210000247,210000247
c594c6b2-7379-925c-e086-316676d70426,إيراد :0211 -ين,0dafba13-51f2-fc5a-eab7-f16d55bcce40,فرع السراج,2411950,2025-04-26,1794.000,4.000,1790.000,0,posted,old_id=210000248,210000248
3d635689-3e15-7a6b-8229-f42eb792db99,إيراد :0214 -ين,5bd59cc2-f915-90b2-5eb0-3ec705744a94,فرع السراج,324,2025-04-28,5060.000,0.000,5060.000,0,posted,old_id=210000249,210000249
a68e5796-841d-471c-1d72-de301dac8d4e,إيراد :0213 -ين,f68c4a72-8eb2-7563-07ad-b344ff9fe960,فرع 11 يونيو,1581,2025-04-26,1530.000,0.000,1530.000,0,posted,old_id=310000203,310000203
536ae362-3908-d678-4e4d-0b4d31177c89,إيراد :0177 -ين,9a9f39af-a0d0-6a64-969d-7baa03e28c4f,فرع السراج,929,2025-03-25,600.000,0.000,600.000,0,posted,old_id=210000235,210000235
d6b58621-eb51-3e8a-3248-37c5d21a23f7,إيراد :0443 -ين,06d20f1c-34a0-e014-64db-92734ce57411,فرع السراج,3380180,2026-03-04,900.000,0.000,900.000,0,posted,old_id=210000385,210000385
14eea473-25fc-df7f-b8a7-9bed1160a208,إيراد :0072 -ين,1a3e68c6-4b49-c842-7d20-2ef3559b05d2,فرع السراج,0858960,2025-01-23,715.000,0.000,715.000,0,posted,old_id=210000186,210000186
b3f3ef3b-fd44-1f21-2e81-c60b6fc15054,إيراد :0200 -ين,e47ac07e-2763-bc83-6cf2-c39bb577a1f9,فرع السراج,11192,2025-04-23,16285.111,0.000,16285.111,0,posted,old_id=210000239,210000239
49fbfab0-5d5f-adbe-22a7-a5775c2597a2,إيراد :0140 -ين,51882a69-3ac9-cde2-37e3-64e2b7daae96,فرع 11 يونيو,035575,2025-02-23,887.500,2.500,885.000,0,posted,old_id=310000129,310000129
e19eac98-eb1c-c3d9-3adb-037e87b5a8e0,إيراد :0237 -ين,e47ac07e-2763-bc83-6cf2-c39bb577a1f9,فرع السراج,450,2025-05-26,435.000,0.000,435.000,0,posted,old_id=210000253,210000253
246ac8c9-4e51-4403-e991-97c0f082ca89,إيراد :0424 -ين,f330aa66-9a8a-90ee-d535-6c68ff14b0de,فرع السراج,10550,2026-01-15,9659.580,0.000,9659.580,0,posted,old_id=210000376,210000376
5a46adce-b83d-e70d-1d75-0618b0f30cc4,إيراد :0215 -ين,b254c840-e3dc-aa50-45cc-22c1a82f1d9d,فرع 11 يونيو,1404,2025-04-29,5527.000,0.000,5527.000,0,posted,old_id=310000204,310000204
a17ae495-978d-9d78-6a29-4a93558749d4,إيراد :0219 -ين,f68c4a72-8eb2-7563-07ad-b344ff9fe960,فرع 11 يونيو,1671,2025-04-30,1595.000,0.000,1595.000,0,posted,old_id=310000208,310000208
cd0693ed-6be9-9460-a597-9f41ba5f9033,إيراد :0223 -ين,0dafba13-51f2-fc5a-eab7-f16d55bcce40,فرع 11 يونيو,2412047,2025-05-04,3563.000,63.000,3500.000,0,posted,old_id=310000211,310000211
9a23248c-d5a6-d6e6-e970-bac6131957c3,إيراد :0216 -ين,3f8e1d44-c2e4-cecd-ff29-48dc418eba21,فرع 11 يونيو,28983,2025-04-29,5800.000,0.000,5800.000,0,posted,old_id=310000205,310000205
371b9fe9-8b99-4eea-eb75-b9da975c6794,إيراد :0217 -ين,b254c840-e3dc-aa50-45cc-22c1a82f1d9d,فرع 11 يونيو,1412,2025-04-30,4662.000,0.000,4662.000,0,posted,old_id=310000206,310000206
03f44a66-0ee4-b4a2-1e78-753ab75911ee,إيراد :0220 -ين,5bd59cc2-f915-90b2-5eb0-3ec705744a94,فرع 11 يونيو,341,2025-05-01,4376.000,1.000,4375.000,0,posted,old_id=310000209,310000209
2f91655d-e4ba-4ec3-83c1-207803f78b4e,إيراد :0432 -ين,081276dc-6952-a613-dc62-614b51522ad0,فرع 11 يونيو,12345666,2026-02-10,50.000,0.000,50.000,0,posted,old_id=310000306,310000306
29d5600a-743d-5a9c-bd1e-b6f00ccf65cc,إيراد :0136 -ين,dc6e5eb0-a2c4-7fc8-161c-528f389f29cc,فرع 11 يونيو,7118,2025-02-20,645.000,0.000,645.000,0,posted,old_id=310000125,310000125
da5d3d2b-eff1-2da9-1eb5-816e1f615f1a,إيراد :0135 -ين,5bd59cc2-f915-90b2-5eb0-3ec705744a94,فرع 11 يونيو,2684,2025-02-20,2930.000,0.000,2930.000,0,posted,old_id=310000124,310000124
fb0dc766-d101-4d1d-734a-ce15bb0e5e23,إيراد :0115 -ين,7e4b3fc3-8241-ee4f-683f-bfe58ba55739,فرع 11 يونيو,1234566,2025-02-11,30.000,0.000,30.000,0,posted,old_id=310000111,310000111
ddc18f29-b578-8a82-1fb6-430426de8527,إيراد :0056 -ين,e47ac07e-2763-bc83-6cf2-c39bb577a1f9,فرع السراج,000,2025-01-14,1835.000,0.000,1835.000,0,posted,old_id=210000177,210000177
f95fc34f-1064-cdf1-ea86-1bdc8166730b,إيراد :0229 -ين,f330aa66-9a8a-90ee-d535-6c68ff14b0de,فرع السراج,2063,2025-05-10,1673.500,0.000,1673.500,0,posted,old_id=210000251,210000251
290fc712-d480-070d-9819-15dccee03fee,إيراد :0235 -ين,cbc8158a-9b45-9705-3f1d-05cad25ac2d7,فرع السراج,46,2025-05-21,4960.000,0.000,4960.000,0,posted,old_id=210000252,210000252
21b1b174-0f3c-618d-2282-0971a9271a4e,إيراد :0241 -ين,e47ac07e-2763-bc83-6cf2-c39bb577a1f9,فرع السراج,11646,2025-05-29,820.000,0.000,820.000,0,posted,old_id=210000254,210000254
31df35f6-9fd5-159e-fb1d-007d10e5a944,إيراد :0245 -ين,5b018a56-a89e-b7f1-caf0-d8c5eec60a97,فرع السراج,0360,2025-06-04,450.000,0.000,450.000,0,posted,old_id=210000257,210000257
155da4be-d5d9-ade8-f559-ed0eecf414fb,إيراد :0246 -ين,0dafba13-51f2-fc5a-eab7-f16d55bcce40,فرع السراج,2412383,2025-06-10,1325.000,0.000,1325.000,0,posted,old_id=210000258,210000258
e3c74655-0b0d-2a9f-1a4b-4112ba0f896b,إيراد :0249 -ين,9a9f39af-a0d0-6a64-969d-7baa03e28c4f,فرع السراج,2409,2025-06-12,1425.500,0.000,1425.500,0,posted,old_id=210000259,210000259
a95ee006-1e02-ae4b-6f84-8e122af2229a,إيراد :0252 -ين,f330aa66-9a8a-90ee-d535-6c68ff14b0de,فرع السراج,3103,2025-06-15,4958.000,0.000,4958.000,0,posted,old_id=210000262,210000262
7c22ad3c-bcf4-701e-f26a-4ab29a1f9e60,إيراد :0253 -ين,f330aa66-9a8a-90ee-d535-6c68ff14b0de,فرع السراج,3105,2025-06-15,2080.100,0.000,2080.100,0,posted,old_id=210000263,210000263
8173c2b9-37cb-219e-abb5-4b7723147b4b,إيراد :0202 -ين,e47ac07e-2763-bc83-6cf2-c39bb577a1f9,فرع السراج,11200,2025-04-23,1760.000,0.000,1760.000,0,posted,old_id=210000241,210000241
ef18e518-2c3d-3238-bba6-581680a2c749,إيراد :0258 -ين,51882a69-3ac9-cde2-37e3-64e2b7daae96,فرع السراج,c-032536,2025-06-18,5520.000,0.000,5520.000,0,posted,old_id=210000264,210000264
42684241-b2c4-ef13-5517-f3c727981774,إيراد :0001 -ين,0dafba13-51f2-fc5a-eab7-f16d55bcce40,فرع 11 يونيو,2410508,2024-11-16,1713.000,3.000,1710.000,0,posted,old_id=310000043,310000043
f19f07a3-fc82-ff6c-1010-ac333c2a3f80,إيراد :0176 -ين,f330aa66-9a8a-90ee-d535-6c68ff14b0de,فرع السراج,555,2025-03-24,532.000,0.000,532.000,0,posted,old_id=210000234,210000234
b692afd5-9596-bb91-ed7c-3ddb9ebde081,إيراد :0001 -ين,3371605a-058e-4bf1-07a5-d157c54ae58f,فرع 11 يونيو,11512,2024-11-10,1079.000,9.000,1070.000,0,posted,old_id=310000040,310000040
444d5afb-e8b2-e32e-e759-2789afe21f49,إيراد :0221 -ين,dd2fc8ac-5717-c00a-07b0-627c341c4a46,فرع 11 يونيو,9027,2025-05-01,2350.000,0.000,2350.000,0,posted,old_id=310000210,310000210
4be84aca-bb02-086c-2290-7f1ca1c255f5,إيراد :0225 -ين,f68c4a72-8eb2-7563-07ad-b344ff9fe960,فرع 11 يونيو,123,2025-05-04,450.000,0.000,450.000,0,posted,old_id=310000213,310000213
b3b78a28-fedd-eeb7-3e67-f0909c82eec2,إيراد :0226 -ين,3371605a-058e-4bf1-07a5-d157c54ae58f,فرع 11 يونيو,4224,2025-05-04,3920.000,0.000,3920.000,0,posted,old_id=310000214,310000214
c7ec0d90-bca8-5496-48aa-11e711f245ca,إيراد :0227 -ين,3f8e1d44-c2e4-cecd-ff29-48dc418eba21,فرع 11 يونيو,29105,2025-05-06,20410.000,0.000,20410.000,0,posted,old_id=310000215,310000215
c07fc0c1-0483-67ea-1cd5-4ee6c021400b,إيراد :0364 -ين,b254c840-e3dc-aa50-45cc-22c1a82f1d9d,فرع 11 يونيو,4048,2025-09-27,7380.000,0.000,7380.000,0,posted,old_id=310000285,310000285
fff2c0b8-514b-7f57-c395-ac4bd661ab2b,إيراد :0059 -ين,9a9f39af-a0d0-6a64-969d-7baa03e28c4f,فرع السراج,7296,2025-01-15,250.000,0.000,250.000,0,posted,old_id=210000179,210000179
3224232e-4d88-2b96-2633-4004b55e15d1,إيراد :0243 -ين,e47ac07e-2763-bc83-6cf2-c39bb577a1f9,فرع السراج,22326,2025-05-29,160.500,0.500,160.000,0,posted,old_id=210000255,210000255
dc0b3f96-c380-305c-acf5-ee87d81c9453,إيراد :0095 -ين,9a9f39af-a0d0-6a64-969d-7baa03e28c4f,فرع السراج,7725,2025-02-03,12574.500,0.000,12574.500,0,posted,old_id=210000198,210000198
b2374fcd-ce18-f2bb-aa13-c4c255a7ea89,إيراد :0244 -ين,3ef761c8-d645-a9c8-47dc-960089e79b35,فرع السراج,000.,2025-05-31,300.000,0.000,300.000,0,posted,old_id=210000256,210000256
1848116d-3371-ba85-30a4-89b448995572,إيراد :077 -ين,081276dc-6952-a613-dc62-614b51522ad0,فرع 11 يونيو,9751,2024-11-10,1327.500,2.500,1325.000,0,posted,old_id=310000039,310000039
d6a8fd53-5d9d-2577-372c-ab66b6157630,إيراد :0262 -ين,9a9f39af-a0d0-6a64-969d-7baa03e28c4f,فرع السراج,2376,2025-06-19,17730.000,0.000,17730.000,0,posted,old_id=210000267,210000267
56d796f6-25cb-93a2-f6ac-ee38ad7a2622,إيراد :0263 -ين,5bd59cc2-f915-90b2-5eb0-3ec705744a94,فرع السراج,547,2025-06-19,5100.000,0.000,5100.000,0,posted,old_id=210000268,210000268
62a6ffde-eb72-ab2a-ae5d-3d281701841b,إيراد :0264 -ين,f330aa66-9a8a-90ee-d535-6c68ff14b0de,فرع السراج,3418,2025-06-22,7540.000,0.000,7540.000,0,posted,old_id=210000269,210000269
b281fc1e-ed7c-713b-0dba-fd5addef2747,إيراد :0265 -ين,96788f75-aca7-6778-39d6-9ded903609dd,فرع السراج,19795-1,2025-06-23,1640.000,0.000,1640.000,0,posted,old_id=210000270,210000270
6060cd4f-dfbc-30ee-e4a6-44f84ebd0b20,إيراد :0278 -ين,f330aa66-9a8a-90ee-d535-6c68ff14b0de,فرع السراج,3722,2025-06-29,310.001,0.000,310.001,0,posted,old_id=210000276,210000276
68bb83c0-2170-a897-cb69-e0fd1b746cfb,إيراد :0228 -ين,e47ac07e-2763-bc83-6cf2-c39bb577a1f9,فرع 11 يونيو,11394,2025-05-07,775.000,0.000,775.000,0,posted,old_id=310000216,310000216
7ea78a1c-fe4e-7f55-5342-d0f933aeb5bd,إيراد :0261 -ين,9a9f39af-a0d0-6a64-969d-7baa03e28c4f,فرع السراج,2556,2025-06-19,1091.250,0.000,1091.250,0,posted,old_id=210000266,210000266
be7fde74-eb2b-3ae8-67da-f85d7239fede,إيراد :0222 -ين,51882a69-3ac9-cde2-37e3-64e2b7daae96,فرع السراج,C-031685,2025-05-04,1785.000,0.000,1785.000,0,posted,old_id=210000250,210000250
13cc1bd6-99cf-0119-7845-e8ec99e430ae,إيراد :0251 -ين,f330aa66-9a8a-90ee-d535-6c68ff14b0de,فرع السراج,3144,2025-06-15,3050.188,0.000,3050.188,0,posted,old_id=210000261,210000261
771407fd-4ac8-86fb-8189-d7fe5349fc54,إيراد :0231 -ين,f68c4a72-8eb2-7563-07ad-b344ff9fe960,فرع 11 يونيو,1890,2025-05-11,1070.000,0.000,1070.000,0,posted,old_id=310000218,310000218
61db3fa3-0b5d-0a28-07e4-8875a0d07f78,إيراد :0232 -ين,504b00e0-ee7e-b901-3cf5-426a8de78bc7,فرع 11 يونيو,5443798,2025-05-12,1169.000,34.000,1135.000,0,posted,old_id=310000219,310000219
56a38e01-8f92-6c81-afaa-9a46df956751,إيراد :0240 -ين,3ef761c8-d645-a9c8-47dc-960089e79b35,فرع 11 يونيو,1373,2025-05-26,6595.000,0.000,6595.000,0,posted,old_id=310000225,310000225
6bf52dbf-16e9-44b1-62b4-e671fae8de3b,إيراد :0236 -ين,1e40627e-ea09-d325-6c11-fb6c068c423e,فرع 11 يونيو,4425,2025-05-25,450.000,10.000,440.000,0,posted,old_id=310000222,310000222
12ddb1d1-41eb-dc89-fa89-b2d99a50867d,إيراد :0238 -ين,f68c4a72-8eb2-7563-07ad-b344ff9fe960,فرع 11 يونيو,2127,2025-05-26,1880.000,0.000,1880.000,0,posted,old_id=310000223,310000223
a7542fbf-96d7-382f-4af1-1ec4e03f4046,إيراد :0239 -ين,f68c4a72-8eb2-7563-07ad-b344ff9fe960,فرع 11 يونيو,2126,2025-05-26,3011.000,0.000,3011.000,0,posted,old_id=310000224,310000224
dc1360e3-6b70-7fb2-3fcc-ef230133e1d0,إيراد :0247 -ين,51882a69-3ac9-cde2-37e3-64e2b7daae96,فرع 11 يونيو,D-021660,2025-06-11,3680.000,0.000,3680.000,0,posted,old_id=310000227,310000227
b858d8b3-f018-008b-2d73-10719c09d922,إيراد :0248 -ين,e47ac07e-2763-bc83-6cf2-c39bb577a1f9,فرع 11 يونيو,11760,2025-06-11,3322.250,2.250,3320.000,0,posted,old_id=310000228,310000228
ccdb6e2c-0df6-93fe-b491-fbef6e313259,إيراد :0286 -ين,96788f75-aca7-6778-39d6-9ded903609dd,فرع السراج,22565,2025-07-03,500.000,0.000,500.000,0,posted,old_id=210000282,210000282
b7b4f878-2013-9eed-184d-2de35909c45a,إيراد :0287 -ين,51882a69-3ac9-cde2-37e3-64e2b7daae96,فرع السراج,032858,2025-07-06,2640.000,0.000,2640.000,0,posted,old_id=210000283,210000283
03037e1b-84cf-86ef-c2da-4637b1d66f84,إيراد :0289 -ين,f330aa66-9a8a-90ee-d535-6c68ff14b0de,فرع السراج,3973,2025-07-06,3230.000,0.000,3230.000,0,posted,old_id=210000284,210000284
d089685e-f5cd-33d9-4275-516c5d926a95,إيراد :0290 -ين,f330aa66-9a8a-90ee-d535-6c68ff14b0de,فرع السراج,3975,2025-07-06,281.000,0.000,281.000,0,posted,old_id=210000285,210000285
e8aa4441-3245-0bf7-d760-05e9f449865f,إيراد :0001 -ين,e47ac07e-2763-bc83-6cf2-c39bb577a1f9,فرع 11 يونيو,7524,2024-11-16,4190.016,0.016,4190.000,0,posted,old_id=310000042,310000042
7678598e-31e4-2380-351f-30742aa2f709,إيراد :0490 -ين,3f8e1d44-c2e4-cecd-ff29-48dc418eba21,فرع 11 يونيو,2521,2026-05-05,5600.000,0.000,5600.000,0,posted,old_id=310000350,310000350
ee8d04f5-b617-59ed-2251-2727c502ef56,إيراد :0489 -ين,a2b20411-3fb5-6229-5ec5-b013ac930739,فرع 11 يونيو,211301,2026-05-05,700.000,0.000,700.000,0,posted,old_id=310000349,310000349
c28ad822-7f4d-1ba4-6feb-23c02cf70de4,إيراد :0479 -ين,9a9f39af-a0d0-6a64-969d-7baa03e28c4f,فرع السراج,2167,2026-04-26,1075.000,0.000,1075.000,0,posted,old_id=210000398,210000398
c1547c61-5d0e-3500-2b9a-5b2755a75feb,إيراد :0285 -ين,174345bc-5f58-c59c-b48a-3f0b5d1ff910,فرع 11 يونيو,0000,2025-07-02,5400.000,0.000,5400.000,0,posted,old_id=310000244,310000244
a5f2ecfc-ad18-30cf-d510-d71dc7c37683,إيراد :0250 -ين,f330aa66-9a8a-90ee-d535-6c68ff14b0de,فرع السراج,3102,2025-06-15,11395.250,0.000,11395.250,0,posted,old_id=210000260,210000260
1d160243-f093-b6ac-d17b-75dab6fa63ce,إيراد :0268 -ين,f330aa66-9a8a-90ee-d535-6c68ff14b0de,فرع السراج,3512,2025-06-24,2668.800,0.000,2668.800,0,posted,old_id=210000271,210000271
abaceb63-46cd-fa7d-2e94-4a1e23e52957,إيراد :0276 -ين,dc6e5eb0-a2c4-7fc8-161c-528f389f29cc,فرع السراج,12883,2025-06-29,350.000,0.000,350.000,0,posted,old_id=210000274,210000274
f2c9cad9-ad52-340f-14b7-f7a9d8e0a8f5,إيراد :0480 -ين,9a9f39af-a0d0-6a64-969d-7baa03e28c4f,فرع السراج,2199,2026-04-26,1990.000,0.000,1990.000,0,posted,old_id=210000399,210000399
7d39b598-ca02-5dc8-27f4-268e29d35698,إيراد :0277 -ين,9a9f39af-a0d0-6a64-969d-7baa03e28c4f,فرع السراج,2784,2025-06-29,2955.000,0.000,2955.000,0,posted,old_id=210000275,210000275
fdd8c833-3fbe-53cb-ed76-b8521b537429,إيراد :0001 -ين,081276dc-6952-a613-dc62-614b51522ad0,فرع 11 يونيو,25844,2024-08-31,2355.000,0.000,2355.000,0,posted,old_id=310000037 | Salim,310000037
38e87176-f06f-3e62-5340-2efe0bd6c3d2,إيراد :0300 -ين,e47ac07e-2763-bc83-6cf2-c39bb577a1f9,فرع السراج,12345,2025-07-19,2800.000,0.000,2800.000,0,posted,old_id=210000293,210000293
56a3cae1-bd80-fae2-7e21-2e9d7e078999,إيراد :0293 -ين,dd2fc8ac-5717-c00a-07b0-627c341c4a46,فرع السراج,11017,2025-07-08,16451.000,101.000,16350.000,0,posted,old_id=210000288,210000288
25fae587-9646-52fb-8a56-67ddeb3d8417,إيراد :0302 -ين,9a9f39af-a0d0-6a64-969d-7baa03e28c4f,فرع السراج,3471,2025-07-26,73.000,0.000,73.000,0,posted,old_id=210000294,210000294
365e7391-a484-1818-8abf-6016348507eb,إيراد :0306 -ين,9a9f39af-a0d0-6a64-969d-7baa03e28c4f,فرع السراج,3526,2025-07-28,465.000,0.000,465.000,0,posted,old_id=210000295,210000295
4003dd29-66a1-e47c-2d40-1a460d654f4d,إيراد :0294 -ين,9a9f39af-a0d0-6a64-969d-7baa03e28c4f,فرع السراج,3019,2025-07-09,9305.000,0.000,9305.000,0,posted,old_id=210000289,210000289
efd2c0d5-6486-8c16-7b9a-890d734dacfc,إيراد :0292 -ين,f330aa66-9a8a-90ee-d535-6c68ff14b0de,فرع السراج,4054,2025-07-08,3284.001,18.150,3265.851,0,posted,old_id=210000287,210000287
c86c3564-b607-d31f-03d5-7b86f99069b2,إيراد :0254 -ين,f592fa51-d431-40c9-f38d-39cdf4092eb2,فرع 11 يونيو,2510480,2025-06-17,1815.000,0.000,1815.000,0,posted,old_id=310000229,310000229
7ddaac02-52c0-82a9-f417-1d4418d2de8f,إيراد :0255 -ين,51882a69-3ac9-cde2-37e3-64e2b7daae96,فرع 11 يونيو,D-021774,2025-06-17,370.000,0.000,370.000,0,posted,old_id=310000230,310000230
1c1bd45d-b336-ac7e-ef1a-c75931f7114b,إيراد :0134 -ين,51882a69-3ac9-cde2-37e3-64e2b7daae96,فرع 11 يونيو,E-040465,2025-02-20,2660.000,0.000,2660.000,0,posted,old_id=310000123,310000123
5f849763-f597-ec54-db30-3562e76c5401,إيراد :0112 -ين,a2b20411-3fb5-6229-5ec5-b013ac930739,فرع 11 يونيو,149828,2025-02-11,1170.000,0.000,1170.000,0,posted,old_id=310000108,310000108
b7aa9323-af34-8caf-4d27-4d163fb2f350,إيراد :0124 -ين,fb599d54-8fbe-2649-11aa-9640573a2468,فرع 11 يونيو,00,2025-02-15,2965.000,0.000,2965.000,0,posted,old_id=310000119,310000119
4c33a9b0-89c4-2ae7-0aae-46dce4a27734,إيراد :0154 -ين,14950469-fd5d-b082-a076-567607dd7c0e,فرع 11 يونيو,8615,2025-02-27,270.000,0.000,270.000,0,posted,old_id=310000136,310000136
25036801-ed67-ff10-318e-460bd955c856,إيراد :0193 -ين,2e234c5a-ae37-77f1-3c02-d40e664e7d50,فرع 11 يونيو,2094,2025-04-16,1980.000,0.000,1980.000,0,posted,old_id=310000192,310000192
a7cd68d6-1b37-9cae-5337-87d79a0bb1a4,إيراد :0296 -ين,95d22529-eb35-a000-949b-cc311fec737c,فرع السراج,3010,2025-07-10,720.000,0.000,720.000,0,posted,old_id=210000291,210000291
461f64e3-26ba-92dc-9e94-703a8cbdb9b9,إيراد :0234 -ين,56855bde-1190-92a2-afb0-419a9650977f,مخزن جنزور,99999,2025-05-18,142060.000,0.000,142060.000,0,posted,old_id=310000221,310000221
8916e500-ed35-0a5d-cc0f-4fffeb7f58c3,إيراد :0295 -ين,0dafba13-51f2-fc5a-eab7-f16d55bcce40,فرع السراج,2412713,2025-07-09,30968.360,0.000,30968.360,0,posted,old_id=210000290,210000290
4acbac59-4575-80dc-03d8-3a757f80a630,إيراد :0297 -ين,e47ac07e-2763-bc83-6cf2-c39bb577a1f9,فرع السراج,22611,2025-07-14,505.080,5.080,500.000,0,posted,old_id=210000292,210000292
dee93173-0eb1-66cf-cffa-985a6b0ed2d6,إيراد :0003 -ين,081276dc-6952-a613-dc62-614b51522ad0,فرع 11 يونيو,00099,2024-11-23,620.000,20.000,600.000,0,posted,old_id=310000049,310000049
9f08f5dd-6996-f218-9c06-1ebdb506890f,إيراد :0312 -ين,f330aa66-9a8a-90ee-d535-6c68ff14b0de,فرع السراج,4889,2025-08-03,10361.396,0.000,10361.396,0,posted,old_id=210000297,210000297
5d6344da-922f-0e16-26fb-98a40bd2dd16,إيراد :0315 -ين,9a9f39af-a0d0-6a64-969d-7baa03e28c4f,فرع السراج,3650,2025-08-03,650.000,0.000,650.000,0,posted,old_id=210000300,210000300
4a0a41f8-66a8-346c-bc80-49af778749b9,إيراد :0425 -ين,7e4b3fc3-8241-ee4f-683f-bfe58ba55739,فرع 11 يونيو,82891,2026-01-17,175.000,0.000,175.000,0,posted,old_id=310000300,310000300
64ebb9fa-7ae0-7ad8-3222-e20eb2710543,إيراد :0003 -ين,f68c4a72-8eb2-7563-07ad-b344ff9fe960,فرع 11 يونيو,6266,2024-12-03,245.000,0.000,245.000,0,posted,old_id=310000053,310000053
7ba7a264-073e-0284-9b5f-dd4e4cb1e8e6,إيراد :0256 -ين,f68c4a72-8eb2-7563-07ad-b344ff9fe960,فرع 11 يونيو,2505,2025-06-17,3095.000,0.000,3095.000,0,posted,old_id=310000231,310000231
e796c6ec-f4df-8496-a9cc-3915f986fa8b,إيراد :0257 -ين,431ac3fd-806d-3b31-7433-0f5bf3af56c7,فرع 11 يونيو,1198,2025-06-17,1200.000,0.000,1200.000,0,posted,old_id=310000232,310000232
03fd07c2-73a0-4e06-6232-7acec1cc7dca,إيراد :0485 -ين,f68c4a72-8eb2-7563-07ad-b344ff9fe960,فرع 11 يونيو,2235,2026-04-28,180.000,0.000,180.000,0,posted,old_id=310000345,310000345
91be4efb-c7be-2082-7210-ce1008cf1407,إيراد :0486 -ين,3371605a-058e-4bf1-07a5-d157c54ae58f,فرع 11 يونيو,3877,2026-04-28,4700.000,0.000,4700.000,0,posted,old_id=310000346,310000346
1817a5a0-be5b-5b08-e81d-2a3a66b56bf1,إيراد :0183 -ين,0dafba13-51f2-fc5a-eab7-f16d55bcce40,فرع 11 يونيو,2411732,2025-04-07,1131.000,1.000,1130.000,0,posted,old_id=310000183,310000183
a37159eb-b163-4cb6-0090-9d3f30e625a8,إيراد :0260 -ين,3ef761c8-d645-a9c8-47dc-960089e79b35,فرع 11 يونيو,1565,2025-06-18,175.000,0.000,175.000,0,posted,old_id=310000233,310000233
fa514560-8a94-7391-0dc9-593ddf507dae,إيراد :0442 -ين,f68c4a72-8eb2-7563-07ad-b344ff9fe960,فرع 11 يونيو,1173,2026-02-28,8975.000,0.000,8975.000,0,posted,old_id=310000309,310000309
bcc6caf0-228f-65fd-5270-b895464bc01b,إيراد :0488 -ين,b254c840-e3dc-aa50-45cc-22c1a82f1d9d,فرع 11 يونيو,6680,2026-04-30,16296.000,0.000,16296.000,0,posted,old_id=310000348,310000348
7c2a3bc5-a159-67ec-de01-904d46128715,إيراد :0313 -ين,f330aa66-9a8a-90ee-d535-6c68ff14b0de,فرع السراج,4892,2025-08-03,5451.400,0.000,5451.400,0,posted,old_id=210000298,210000298
015f6619-924d-211e-06a3-f792f22f2848,إيراد :0314 -ين,f330aa66-9a8a-90ee-d535-6c68ff14b0de,فرع السراج,4908,2025-08-03,2235.250,0.000,2235.250,0,posted,old_id=210000299,210000299
d479de42-5bc9-c9e3-2828-091a8ed8fc5f,إيراد :0317 -ين,96788f75-aca7-6778-39d6-9ded903609dd,فرع السراج,27267,2025-08-05,1550.000,0.000,1550.000,0,posted,old_id=210000301,210000301
11dbe494-0fb8-1859-6b7f-295e2119b483,إيراد :0003 -ين,3371605a-058e-4bf1-07a5-d157c54ae58f,فرع 11 يونيو,12520,2024-12-05,2929.400,17.900,2911.500,0,posted,old_id=310000054,310000054
1aae2b10-066f-2424-f9fa-352002040203,إيراد :0335 -ين,9a9f39af-a0d0-6a64-969d-7baa03e28c4f,فرع السراج,4184,2025-08-25,5370.000,0.000,5370.000,0,posted,old_id=210000305,210000305
ab4e258f-3c9d-4805-ed3c-2edb109a21b0,إيراد :0336 -ين,9a9f39af-a0d0-6a64-969d-7baa03e28c4f,فرع السراج,4185,2025-08-25,7469.000,0.000,7469.000,0,posted,old_id=210000306,210000306
58162f30-35e9-1288-7aab-dbb1c528aac9,إيراد :0345 -ين,f592fa51-d431-40c9-f38d-39cdf4092eb2,فرع 11 يونيو,2510953,2025-09-07,2676.000,6.000,2670.000,0,posted,old_id=310000274,310000274
45aa0188-ce90-254d-018d-a6fa5501edce,إيراد :0334 -ين,f330aa66-9a8a-90ee-d535-6c68ff14b0de,فرع السراج,5645,2025-08-25,595.000,0.000,595.000,0,posted,old_id=210000304,210000304
0e1077db-f008-ff58-62b2-a40aacc3f39c,إيراد :0337 -ين,06d20f1c-34a0-e014-64db-92734ce57411,فرع السراج,9122341,2025-08-25,400.000,0.000,400.000,0,posted,old_id=210000307,210000307
7cd27470-7256-e1cc-0295-910d318be1f8,إيراد :0341 -ين,f330aa66-9a8a-90ee-d535-6c68ff14b0de,فرع السراج,5922,2025-09-02,731.000,0.000,731.000,0,posted,old_id=210000309,210000309
fa7cd30b-4e61-1ba9-d75c-d68b250ff300,إيراد :0333 -ين,f330aa66-9a8a-90ee-d535-6c68ff14b0de,فرع السراج,5579,2025-08-23,5120.400,0.000,5120.400,0,posted,old_id=210000303,210000303
71477cd7-594f-dd7f-1099-6d3e8ac93267,إيراد :0139 -ين,3371605a-058e-4bf1-07a5-d157c54ae58f,فرع 11 يونيو,2040,2025-02-23,6671.000,21.000,6650.000,0,posted,old_id=310000128,310000128
3eaae412-7bf3-ba6f-45bc-aeefbfd4a80c,إيراد :0144 -ين,0c575208-c139-0260-a6d0-f96f93e5c6ae,فرع 11 يونيو,552,2025-02-25,190.000,0.000,190.000,0,posted,old_id=310000131,310000131
cf7f95f2-386c-0dc6-7169-367376fdf582,إيراد :0275 -ين,3ef761c8-d645-a9c8-47dc-960089e79b35,فرع 11 يونيو,1420,2025-06-29,660.000,0.000,660.000,0,posted,old_id=310000242,310000242
f0ba9351-7873-08de-3a3e-8098fa3f9045,إيراد :0284 -ين,fa057642-4ae8-6289-9911-a6c274991952,فرع 11 يونيو,202500092,2025-07-02,900.000,0.000,900.000,0,posted,old_id=310000243,310000243
070da2a4-6d76-b916-37c2-e203087bdffe,إيراد :0451 -ين,1e40627e-ea09-d325-6c11-fb6c068c423e,فرع 11 يونيو,PS020088166,2026-03-09,225.000,0.000,225.000,0,posted,old_id=310000316,310000316
2f89053a-5b6a-47ed-279c-e17c693745b4,إيراد :0447 -ين,dc6e5eb0-a2c4-7fc8-161c-528f389f29cc,فرع 11 يونيو,6633,2026-03-07,4267.500,0.000,4267.500,0,posted,old_id=310000312,310000312
d0d007e0-02c8-f359-81b1-54e0ec05ebef,إيراد :0001 -ين,5bd59cc2-f915-90b2-5eb0-3ec705744a94,فرع 11 يونيو,1982,2024-11-17,1770.000,0.000,1770.000,0,posted,old_id=310000045,310000045
a5c19b3a-b406-674a-d83d-23ade8ccb0f7,إيراد :6071 -ين,f68c4a72-8eb2-7563-07ad-b344ff9fe960,فرع 11 يونيو,6071,2024-11-18,9925.000,0.000,9925.000,0,posted,old_id=310000046,310000046
3a7221b9-3be7-d083-cf35-e894ed822f7b,إيراد :0326 -ين,06d20f1c-34a0-e014-64db-92734ce57411,فرع السراج,9122325,2025-08-14,345.000,0.000,345.000,0,posted,old_id=210000302,210000302
ae8a1f9a-c22c-77d8-4449-ef07b633eed1,إيراد :0482 -ين,3f8e1d44-c2e4-cecd-ff29-48dc418eba21,فرع 11 يونيو,2086,2026-04-27,41800.000,0.000,41800.000,0,posted,old_id=310000342,310000342
116db6a6-2a41-dd26-a259-4aadcbf7c6b3,إيراد :0270 -ين,9a9f39af-a0d0-6a64-969d-7baa03e28c4f,فرع السراج,2739,2025-06-28,147.500,0.000,147.500,0,posted,old_id=210000272,210000272
fd2e9258-0212-3df0-e137-8d59d0ff60e6,إيراد :0018 -ين,4db58ef5-0e02-ae07-fc14-5629c40b7689,فرع 11 يونيو,9322,2024-12-16,1665.000,0.000,1665.000,0,posted,old_id=310000060,310000060
283714f3-bc8c-bf4a-49de-c4ec79d166bd,إيراد :0019 -ين,fb599d54-8fbe-2649-11aa-9640573a2468,فرع 11 يونيو,000,2024-12-16,1535.000,0.000,1535.000,0,posted,old_id=310000061,310000061
c6aeadca-0497-68e6-de6e-e1413016e4b0,إيراد :0024 -ين,f68c4a72-8eb2-7563-07ad-b344ff9fe960,فرع 11 يونيو,7063,2025-01-04,1792.500,0.000,1792.500,0,posted,old_id=310000063,310000063
499f3fc1-3578-1b0b-bc3b-6546c67fcc6d,إيراد :0016 -ين,f68c4a72-8eb2-7563-07ad-b344ff9fe960,فرع 11 يونيو,6659,2024-12-15,25462.000,0.000,25462.000,0,posted,old_id=310000058,310000058
a5c0af68-c412-3a53-d6f2-e6fc4aaa9447,إيراد :1995 -ين,5bd59cc2-f915-90b2-5eb0-3ec705744a94,فرع 11 يونيو,1995,2024-11-18,4400.000,0.000,4400.000,0,posted,old_id=310000048,310000048
bee647af-730e-32ec-5efb-0bdcd3a2a808,إيراد :0011 -ين,081276dc-6952-a613-dc62-614b51522ad0,فرع 11 يونيو,195295,2024-12-12,710.000,0.000,710.000,0,posted,old_id=310000056,310000056
3b1b1e1c-392a-2d56-a671-c316f970106d,إيراد :0012 -ين,3371605a-058e-4bf1-07a5-d157c54ae58f,فرع 11 يونيو,12770,2024-12-12,3620.000,0.000,3620.000,0,posted,old_id=310000057,310000057
89a7ed45-c2e7-d934-350e-3254c32b4f3d,إيراد :0207 -ين,e47ac07e-2763-bc83-6cf2-c39bb577a1f9,فرع 11 يونيو,11225,2025-04-24,3240.020,0.020,3240.000,0,posted,old_id=310000199,310000199
90aa7cd1-09bf-c3ed-2d36-c479420248b1,إيراد :0361 -ين,193a3d2d-d39f-6712-72cb-c5f247087645,فرع السراج,9088806,2025-09-16,10.000,0.000,10.000,0,posted,old_id=210000318,210000318
d34ca263-d98f-957d-0260-97069fa8796d,إيراد :0456 -ين,f68c4a72-8eb2-7563-07ad-b344ff9fe960,فرع 11 يونيو,1559,2026-03-28,81325.000,0.000,81325.000,0,posted,old_id=310000319,310000319
31a554fa-d187-d395-bd3e-ae1eb1ea882f,إيراد :0272 -ين,f9f6d83d-5b9d-2d22-c42a-21b487031fad,فرع السراج,894,2025-06-28,2300.000,0.000,2300.000,0,posted,old_id=210000273,210000273
7b26ff2e-ca79-e99d-fc38-35d5e17aad1e,إيراد :0350 -ين,96788f75-aca7-6778-39d6-9ded903609dd,فرع السراج,2025327651,2025-09-10,700.000,0.000,700.000,0,posted,old_id=210000314,210000314
3567aed6-ad6d-c42d-ceb5-0680da3225c9,إيراد :0357 -ين,dd2fc8ac-5717-c00a-07b0-627c341c4a46,فرع السراج,13157,2025-09-13,1505.000,5.000,1500.000,0,posted,old_id=210000316,210000316
8559975e-df20-200a-066b-0f93eae79900,إيراد :0026 -ين,f68c4a72-8eb2-7563-07ad-b344ff9fe960,فرع 11 يونيو,9999,2025-01-04,1130.000,0.000,1130.000,0,posted,old_id=310000065,310000065
a6acc488-84fa-aff2-59c1-28f27965cec2,إيراد :0212 -ين,8d388eaa-de46-d772-319c-750398f43c28,فرع 11 يونيو,328,2025-04-26,640.000,0.000,640.000,0,posted,old_id=310000202,310000202
09e3319e-e9ab-fdb8-d4ae-da2f965b7e1a,إيراد :0309 -ين,431ac3fd-806d-3b31-7433-0f5bf3af56c7,فرع السراج,1487,2025-07-29,1160.000,0.000,1160.000,0,posted,old_id=210000296,210000296
20be0eaa-d9d4-9287-8766-6e749027e2b5,إيراد :0339 -ين,96788f75-aca7-6778-39d6-9ded903609dd,فرع السراج,30880,2025-08-30,2100.000,0.000,2100.000,0,posted,old_id=210000308,210000308
1f86432d-64c6-d535-58ff-650690dbc3ef,إيراد :0351 -ين,06d20f1c-34a0-e014-64db-92734ce57411,فرع السراج,7533402,2025-09-10,765.000,0.000,765.000,0,posted,old_id=210000315,210000315
ff66c648-f086-1f4a-576e-730f41cb6420,إيراد :0463 -ين,dd2fc8ac-5717-c00a-07b0-627c341c4a46,فرع 11 يونيو,18851,2026-04-01,750.000,0.000,750.000,0,posted,old_id=310000321,310000321
f5e095ed-d77c-23aa-da91-4ebaaec164b8,إيراد :0263 -ين,dd2fc8ac-5717-c00a-07b0-627c341c4a46,فرع 11 يونيو,10443,2025-06-23,705.000,0.000,705.000,0,posted,old_id=310000235,310000235
35deb681-c2df-4935-ab86-9af608a8369c,إيراد :0267 -ين,f68c4a72-8eb2-7563-07ad-b344ff9fe960,فرع 11 يونيو,2635,2025-06-23,585.000,0.000,585.000,0,posted,old_id=310000237,310000237
88a283d1-c96c-5c8d-e46f-a8a25f65932d,إيراد :0455 -ين,3f8e1d44-c2e4-cecd-ff29-48dc418eba21,فرع 11 يونيو,1364,2026-03-25,23325.000,0.000,23325.000,0,posted,old_id=310000318,310000318
c11fc882-d406-064a-47f9-87fcdf5dd206,إيراد :0459 -ين,7e4b3fc3-8241-ee4f-683f-bfe58ba55739,فرع 11 يونيو,87463,2026-03-30,280.000,0.000,280.000,0,posted,old_id=310000320,310000320
eaeb2eba-b842-be3e-04e9-37593a095564,إيراد :0273 -ين,4e89bf71-db1a-fa5b-fdfe-90cbb376c1d4,فرع 11 يونيو,0000,2025-06-28,4957.200,0.000,4957.200,0,posted,old_id=310000240,310000240
bf52baa0-8ddb-4130-1465-e3491789c289,إيراد :0291 -ين,9a9f39af-a0d0-6a64-969d-7baa03e28c4f,فرع السراج,3020,2025-07-08,17426.050,0.000,17426.050,0,posted,old_id=210000286,210000286
42098798-df0e-5c6a-a06e-d9fb5b6a735a,إيراد :0299 -ين,f68c4a72-8eb2-7563-07ad-b344ff9fe960,فرع 11 يونيو,3076,2025-07-17,32830.000,0.000,32830.000,0,posted,old_id=310000247,310000247
7b7d1011-6c74-44a7-61a8-4cfaa4fc3fc9,إيراد :0298 -ين,509e8e91-b47c-f17c-5f3a-a8dfebf81f76,فرع 11 يونيو,3080190,2025-07-16,7250.000,0.000,7250.000,0,posted,old_id=310000246,310000246
3fc70d3d-9c60-a00e-4e57-6ac207d5e2f3,إيراد :0305 -ين,f68c4a72-8eb2-7563-07ad-b344ff9fe960,فرع 11 يونيو,3088,2025-07-27,656.000,1.000,655.000,0,posted,old_id=310000251,310000251
ec07373c-97de-a500-1c50-41e36736eee5,إيراد :0283 -ين,dd2fc8ac-5717-c00a-07b0-627c341c4a46,فرع السراج,032755,2025-07-01,1651.009,1.009,1650.000,0,posted,old_id=210000281,210000281
fd2d9858-435e-76b5-7d80-c50833b5c526,إيراد :0281 -ين,5bd59cc2-f915-90b2-5eb0-3ec705744a94,فرع السراج,585,2025-06-30,2380.000,0.000,2380.000,0,posted,old_id=210000279,210000279
5f77c207-73f5-3479-88c8-13d23f04c9ab,إيراد :0369 -ين,193a3d2d-d39f-6712-72cb-c5f247087645,فرع السراج,01000,2025-09-22,880.000,0.000,880.000,0,posted,old_id=210000326,210000326
0418adb8-ba12-cf9f-3b55-110b83be6619,إيراد :0031 -ين,5bd59cc2-f915-90b2-5eb0-3ec705744a94,فرع 11 يونيو,2328,2025-01-05,4355.000,0.000,4355.000,0,posted,old_id=310000069,310000069
49a39c45-fa08-0ea0-169e-10e787414661,إيراد :0304 -ين,dd2fc8ac-5717-c00a-07b0-627c341c4a46,فرع 11 يونيو,11470,2025-07-27,1082.500,0.000,1082.500,0,posted,old_id=310000250,310000250
e63ab950-8c57-1503-c87c-c8416a117389,إيراد :0376 -ين,e47ac07e-2763-bc83-6cf2-c39bb577a1f9,فرع السراج,13602,2025-09-30,2160.000,0.000,2160.000,0,posted,old_id=210000331,210000331
91f4b2d0-1caf-95e4-a2b3-acdc67725938,إيراد :0371 -ين,e47ac07e-2763-bc83-6cf2-c39bb577a1f9,فرع السراج,13471,2025-09-23,1280.000,0.000,1280.000,0,posted,old_id=210000328,210000328
1cd59793-3d99-6457-9ae3-e0a65ecef953,إيراد :0303 -ين,f68c4a72-8eb2-7563-07ad-b344ff9fe960,فرع 11 يونيو,3230,2025-07-27,475.000,0.000,475.000,0,posted,old_id=310000249,310000249
a77d411d-51cf-dfe3-96b9-4f742c56ae7b,إيراد :0301 -ين,dc6e5eb0-a2c4-7fc8-161c-528f389f29cc,فرع 11 يونيو,14084,2025-07-22,5328.000,28.000,5300.000,0,posted,old_id=310000248,310000248
22b4e34b-9de0-2db9-5f7c-7f1baf4e5bda,إيراد :0307 -ين,dc6e5eb0-a2c4-7fc8-161c-528f389f29cc,فرع 11 يونيو,14343,2025-07-28,900.000,0.000,900.000,0,posted,old_id=310000252,310000252
3365638f-9d19-009d-047b-d6a06217939d,إيراد :0372 -ين,f330aa66-9a8a-90ee-d535-6c68ff14b0de,فرع السراج,6760,2025-09-23,3693.500,0.000,3693.500,0,posted,old_id=210000329,210000329
5a713309-c0e9-4c52-96cd-c33edd8fdb01,إيراد :0370 -ين,f330aa66-9a8a-90ee-d535-6c68ff14b0de,فرع السراج,6758,2025-09-23,9407.702,0.000,9407.702,0,posted,old_id=210000327,210000327
ca28b6bc-7e5c-2150-80a2-f19a450b7aa2,إيراد :0308 -ين,f68c4a72-8eb2-7563-07ad-b344ff9fe960,فرع 11 يونيو,3512,2025-07-29,500.000,0.000,500.000,0,posted,old_id=310000253,310000253
12830345-8671-18d9-b593-a610fae8b836,إيراد :0373 -ين,695330b1-f457-9bb1-70db-3ef19382e7c9,فرع السراج,23328,2025-09-29,320.001,0.000,320.001,0,posted,old_id=210000330,210000330
a12d69ab-2491-6b83-b1e1-446d1d60e8cb,إيراد :0379 -ين,193a3d2d-d39f-6712-72cb-c5f247087645,فرع السراج,0321,2025-10-01,512.000,0.000,512.000,0,posted,old_id=210000332,210000332
786e6947-a2c9-7a84-902b-e35e4bc41aa3,إيراد :0311 -ين,081276dc-6952-a613-dc62-614b51522ad0,فرع 11 يونيو,PS020066815,2025-08-02,120.000,0.000,120.000,0,posted,old_id=310000255,310000255
724d0c50-50a7-5655-531e-58d9453c72f7,إيراد :0430 -ين,fb599d54-8fbe-2649-11aa-9640573a2468,فرع 11 يونيو,1234,2026-02-09,480.000,0.000,480.000,0,posted,old_id=310000304,310000304
38a5434d-b783-bf47-33e0-5f217e423f41,إيراد :0367 -ين,dd2fc8ac-5717-c00a-07b0-627c341c4a46,فرع السراج,6749,2025-09-21,2730.000,0.000,2730.000,0,posted,old_id=210000324,210000324
5cee7ef4-1fe1-db05-de65-506688dade63,إيراد :0368 -ين,1054307a-87a0-d4d2-fe16-bd905fe6a04b,فرع السراج,2514153,2025-09-21,5900.000,0.000,5900.000,0,posted,old_id=210000325,210000325
3b2a0346-033e-6c2d-964b-2442da8641d4,إيراد :0366 -ين,dd2fc8ac-5717-c00a-07b0-627c341c4a46,فرع السراج,13457,2025-09-21,900.000,0.000,900.000,0,posted,old_id=210000323,210000323
2f0d46b5-4145-813c-1079-d426b06ee705,إيراد :0390 -ين,e47ac07e-2763-bc83-6cf2-c39bb577a1f9,فرع السراج,13928,2025-10-27,6260.000,60.000,6200.000,0,posted,old_id=210000342,210000342
2fca5fd3-9b9e-2f8a-05e4-1dfb2f9b6a15,إيراد :0391 -ين,96788f75-aca7-6778-39d6-9ded903609dd,فرع السراج,40828,2025-10-28,700.000,0.000,700.000,0,posted,old_id=210000343,210000343
c0a80fb2-49db-35d8-4f7a-754663a09d2c,إيراد :0392 -ين,9a9f39af-a0d0-6a64-969d-7baa03e28c4f,فرع السراج,5676,2025-10-30,4410.000,0.000,4410.000,0,posted,old_id=210000344,210000344
b2ff9c8b-6896-29d8-5ead-84e7041f7e33,إيراد :0025 -ين,dd2fc8ac-5717-c00a-07b0-627c341c4a46,فرع 11 يونيو,6244,2025-01-04,2204.000,0.000,2204.000,0,posted,old_id=310000064,310000064
20c9ffe8-2365-0c1f-0206-49befffdce74,إيراد :0427 -ين,9a9f39af-a0d0-6a64-969d-7baa03e28c4f,فرع السراج,529,2026-01-27,4623.000,0.000,4623.000,0,posted,old_id=210000377,210000377
7b601837-0222-436c-d4a7-27efc3f0eac7,إيراد :0028 -ين,4db58ef5-0e02-ae07-fc14-5629c40b7689,فرع 11 يونيو,9510,2025-01-05,4075.000,0.000,4075.000,0,posted,old_id=310000067,310000067
ef27a5d8-aa65-eae0-172c-0bdb943439de,إيراد :0036 -ين,3371605a-058e-4bf1-07a5-d157c54ae58f,فرع 11 يونيو,168,2025-01-06,560.000,0.000,560.000,0,posted,old_id=310000072,310000072
1c59e3e8-8b73-846a-837e-91c16f219fe1,إيراد :0382 -ين,f330aa66-9a8a-90ee-d535-6c68ff14b0de,فرع السراج,7588,2025-10-16,8493.200,0.000,8493.200,0,posted,old_id=210000334,210000334
dbb5de39-7d8a-eaed-ff24-e740d7ed7f21,إيراد :0384 -ين,f330aa66-9a8a-90ee-d535-6c68ff14b0de,فرع السراج,7592,2025-10-18,4137.488,0.000,4137.488,0,posted,old_id=210000336,210000336
8c9c11de-9582-be2f-7649-7ab602b625fa,إيراد :0383 -ين,f330aa66-9a8a-90ee-d535-6c68ff14b0de,فرع السراج,7593,2025-10-16,5005.250,0.000,5005.250,0,posted,old_id=210000335,210000335
d5ce7348-acae-1fc7-f40d-526bc53c2fcc,إيراد :0385 -ين,f330aa66-9a8a-90ee-d535-6c68ff14b0de,فرع السراج,7590,2025-10-18,2913.100,0.000,2913.100,0,posted,old_id=210000337,210000337
5d44076b-9bc1-76ee-a8bf-f01344425395,إيراد :0386 -ين,9a9f39af-a0d0-6a64-969d-7baa03e28c4f,فرع السراج,5576,2025-10-25,11349.000,0.000,11349.000,0,posted,old_id=210000338,210000338
594c5202-cd99-0d55-1be0-5e2e70191d01,إيراد :0387 -ين,f330aa66-9a8a-90ee-d535-6c68ff14b0de,فرع السراج,7960,2025-10-25,535.000,0.000,535.000,0,posted,old_id=210000339,210000339
7518ae38-e578-09c1-aaa0-36f291d1e939,إيراد :0388 -ين,96788f75-aca7-6778-39d6-9ded903609dd,فرع السراج,40359,2025-10-25,2625.000,0.000,2625.000,0,posted,old_id=210000340,210000340
55c31c27-356a-daf1-c5e2-ca0434da84d7,إيراد :0389 -ين,e47ac07e-2763-bc83-6cf2-c39bb577a1f9,فرع السراج,13934,2025-10-27,2160.000,0.000,2160.000,0,posted,old_id=210000341,210000341
73a5d228-e2be-d8de-fbaa-4f4017edf652,إيراد :0491 -ين,5bd59cc2-f915-90b2-5eb0-3ec705744a94,فرع 11 يونيو,214,2026-05-09,3240.000,0.000,3240.000,0,posted,old_id=310000351,310000351
1054fbd0-3bf2-97b5-65d9-0fb4d911867e,إيراد :0374 -ين,f68c4a72-8eb2-7563-07ad-b344ff9fe960,فرع 11 يونيو,4483,2025-09-20,88128.000,60.000,88068.000,0,posted,old_id=310000283 | ثلاث مائة جنيه زائدة تتبع أربع طروف سيفون حوض الوجه ALVM50031,310000283
6a3e205f-382f-bb35-2964-437d9896e812,إيراد :0402 -ين,695330b1-f457-9bb1-70db-3ef19382e7c9,فرع السراج,31035,2025-11-09,1944.000,0.000,1944.000,0,posted,old_id=210000354,210000354
8c81de11-c25d-4f67-c46a-b86d8fdcda40,إيراد :0381 -ين,f330aa66-9a8a-90ee-d535-6c68ff14b0de,فرع السراج,7599,2025-10-16,8758.000,0.000,8758.000,0,posted,old_id=210000333,210000333
99030a3f-e8ef-701d-e045-015864553284,إيراد :0137 -ين,3371605a-058e-4bf1-07a5-d157c54ae58f,فرع 11 يونيو,1917,2025-02-22,4623.000,13.000,4610.000,0,posted,old_id=310000126,310000126
9f8bead4-4c82-9afb-35aa-44cf0ee4385c,إيراد :0035 -ين,3ef761c8-d645-a9c8-47dc-960089e79b35,فرع 11 يونيو,40,2025-01-06,1425.000,25.000,1400.000,0,posted,old_id=310000070,310000070
bd36ecec-8ab8-e520-8f87-3e03e3029887,إيراد :0400 -ين,95d22529-eb35-a000-949b-cc311fec737c,فرع السراج,194,2025-11-03,2527.000,2.000,2525.000,0,posted,old_id=210000352,210000352
fbec084e-40eb-dcbd-7be7-62a831aec594,إيراد :0401 -ين,f330aa66-9a8a-90ee-d535-6c68ff14b0de,فرع السراج,8317,2025-11-06,14100.980,0.000,14100.980,0,posted,old_id=210000353,210000353
bb50c0c1-6d65-2d2e-3ebe-507f95ec6527,إيراد :0404 -ين,f330aa66-9a8a-90ee-d535-6c68ff14b0de,فرع السراج,8768,2025-11-20,2808.000,0.000,2808.000,0,posted,old_id=210000356,210000356
bacf89ad-b2d6-af0d-09a6-67628927e663,إيراد :0405 -ين,dc6e5eb0-a2c4-7fc8-161c-528f389f29cc,فرع السراج,2269,2025-11-30,1433.300,0.000,1433.300,0,posted,old_id=210000357,210000357
5b917d4a-db1f-6dd8-f30f-756f5d1deadf,إيراد :0403 -ين,06d20f1c-34a0-e014-64db-92734ce57411,فرع السراج,9122292,2025-11-16,850.000,0.000,850.000,0,posted,old_id=210000355,210000355
447eee96-3212-3f0c-5216-ba306e471048,إيراد :0394 -ين,9a9f39af-a0d0-6a64-969d-7baa03e28c4f,فرع السراج,5709,2025-11-02,1750.000,0.000,1750.000,0,posted,old_id=210000346,210000346
55750873-30b3-4e23-230f-b1f02c640af0,إيراد :0395 -ين,0dafba13-51f2-fc5a-eab7-f16d55bcce40,فرع السراج,2414087,2025-11-02,640.000,0.000,640.000,0,posted,old_id=210000347,210000347
168aa56a-f0c4-a983-07f9-63fe8879f21d,إيراد :0396 -ين,9a9f39af-a0d0-6a64-969d-7baa03e28c4f,فرع السراج,5742,2025-11-02,2328.000,0.000,2328.000,0,posted,old_id=210000348,210000348
b7933fd6-ff30-9d52-f76d-87cfd9ce7bae,إيراد :0397 -ين,71b0de26-4571-b512-a21b-b9c9f2f7d6ca,فرع السراج,956,2025-11-02,3450.000,0.000,3450.000,0,posted,old_id=210000349,210000349
7c91f48e-e8e7-cc49-18e8-b581c69ce0c1,إيراد :0398 -ين,3f8e1d44-c2e4-cecd-ff29-48dc418eba21,فرع السراج,7515,2025-11-03,17355.000,0.000,17355.000,0,posted,old_id=210000350,210000350
d1244a1d-d679-98b4-b8ff-17ca2b8603b5,إيراد :0399 -ين,f896ca80-bb01-8e62-4925-3fea7c127ac1,فرع السراج,37,2025-11-03,2880.000,0.000,2880.000,0,posted,old_id=210000351,210000351
93772a34-b192-7f6e-ce1e-0a06ad1635e8,إيراد :0393 -ين,2e234c5a-ae37-77f1-3c02-d40e664e7d50,فرع السراج,7467,2025-10-30,1400.000,0.000,1400.000,0,posted,old_id=210000345,210000345
a55b2292-a657-ef35-54cd-f2f4101c2fe7,إيراد :0492 -ين,8d388eaa-de46-d772-319c-750398f43c28,فرع 11 يونيو,1667,2026-05-10,4560.000,0.000,4560.000,0,posted,old_id=310000352,310000352
81142622-f660-a92d-f381-85b7b621fba7,إيراد :0493 -ين,56bb7a00-a11f-f662-0a64-274fa3bfa164,فرع 11 يونيو,A8054,2026-05-10,390.000,0.000,390.000,0,posted,old_id=310000353,310000353
646a80cd-3f96-e3ef-21ab-44e3dacabaa8,إيراد :0438 -ين,56855bde-1190-92a2-afb0-419a9650977f,فرع 11 يونيو,123456,2026-02-19,730.000,0.000,730.000,0,posted,old_id=310000308,310000308
d99a7361-b502-00d2-7903-f6bd101464a3,إيراد :0439 -ين,0dafba13-51f2-fc5a-eab7-f16d55bcce40,فرع السراج,2510662,2026-02-22,4172.000,0.000,4172.000,0,posted,old_id=210000382,210000382
bc22ab67-f8cf-75ae-531d-7f387fdb3828,إيراد :0467 -ين,7e4b3fc3-8241-ee4f-683f-bfe58ba55739,فرع 11 يونيو,123,2026-04-04,45.000,0.000,45.000,0,posted,old_id=310000325,310000325
64d91593-ab68-6bb9-4698-930a71636551,إيراد :0029 -ين,4db58ef5-0e02-ae07-fc14-5629c40b7689,فرع 11 يونيو,9855,2025-01-05,1462.500,0.000,1462.500,0,posted,old_id=310000068,310000068
c21c3a4b-ed01-a9cd-5de2-d24ff1c31d62,إيراد :0466 -ين,3371605a-058e-4bf1-07a5-d157c54ae58f,فرع 11 يونيو,3090,2026-04-04,1410.000,0.000,1410.000,0,posted,old_id=310000324,310000324
62d71586-f745-4eaf-1ebf-db9e3d537874,إيراد :0114 -ين,3ef761c8-d645-a9c8-47dc-960089e79b35,فرع 11 يونيو,435,2025-02-11,2250.000,0.000,2250.000,0,posted,old_id=310000110,310000110
efa60f1b-f37f-7044-393b-3dea2a12d44c,إيراد :0116 -ين,51882a69-3ac9-cde2-37e3-64e2b7daae96,فرع 11 يونيو,c-035174,2025-02-12,585.000,0.000,585.000,0,posted,old_id=310000112,310000112
86f71eb8-1bc8-d3ba-4543-8df122562574,إيراد :0121 -ين,c0faf038-b788-4ed3-15e1-cb4edf3f56f1,فرع 11 يونيو,5812,2025-02-13,8283.840,0.000,8283.840,0,posted,old_id=310000116,310000116
9fa223d0-032d-2afa-1016-9064c0b6dc41,إيراد :0318 -ين,f68c4a72-8eb2-7563-07ad-b344ff9fe960,فرع 11 يونيو,3705,2025-08-05,348.000,0.000,348.000,0,posted,old_id=310000257,310000257
1f03ae87-c83e-cb3d-7056-070c5c951aeb,إيراد :0316 -ين,f68c4a72-8eb2-7563-07ad-b344ff9fe960,فرع 11 يونيو,3232,2025-08-03,5300.000,0.000,5300.000,0,posted,old_id=310000256,310000256
870f904a-d865-cdc9-2ffa-31d1a375a74c,إيراد :0321 -ين,f68c4a72-8eb2-7563-07ad-b344ff9fe960,فرع 11 يونيو,3810,2025-08-11,11250.000,337.500,10912.500,0,posted,old_id=310000260,310000260
fc1d12db-ea07-a1cd-d96a-f85f2e8d58bc,إيراد :0437 -ين,46b65556-274a-45aa-9c85-4e9803db664f,فرع 11 يونيو,11479,2026-02-17,2072.742,0.000,2072.742,0,posted,old_id=310000307,310000307
3f1ad060-78b2-3ac4-f7d9-62d894c39884,إيراد :0494 -ين,f68c4a72-8eb2-7563-07ad-b344ff9fe960,فرع 11 يونيو,2448,2026-05-11,720.000,0.000,720.000,0,posted,old_id=310000354,310000354
3fc24d7d-d83e-34ed-a85e-ab9316cb555c,إيراد :0433 -ين,dd2fc8ac-5717-c00a-07b0-627c341c4a46,فرع السراج,17747,2026-02-14,2480.000,0.000,2480.000,0,posted,old_id=210000378,210000378
dafbc9d3-c63e-e46c-0ebc-0b542c1cfaf5,إيراد :0434 -ين,f330aa66-9a8a-90ee-d535-6c68ff14b0de,فرع السراج,11478,2026-02-15,1815.000,0.000,1815.000,0,posted,old_id=210000379,210000379
d6cc9d63-4cfa-145c-721c-8fa4d207eb36,إيراد :0497 -ين,9a9f39af-a0d0-6a64-969d-7baa03e28c4f,فرع السراج,2657,2026-05-16,1860.000,0.000,1860.000,0,posted,old_id=210000402,210000402
4ba83b4e-328f-57cd-841a-689ecd418f05,إيراد :0450 -ين,1e40627e-ea09-d325-6c11-fb6c068c423e,فرع 11 يونيو,3113194,2026-03-09,1275.000,0.000,1275.000,0,posted,old_id=310000315,310000315
49777160-f00d-5fe4-bd85-9eba05693594,إيراد :0426 -ين,3f8e1d44-c2e4-cecd-ff29-48dc418eba21,فرع 11 يونيو,236,2026-01-26,21300.000,0.000,21300.000,0,posted,old_id=310000301,310000301
87acc686-edd2-7973-1606-acb0227cc191,إيراد :0495 -ين,46b65556-274a-45aa-9c85-4e9803db664f,فرع 11 يونيو,737,2026-05-11,66.500,0.000,66.500,0,posted,old_id=310000355,310000355
bfcd94a4-91cd-6453-8a08-ec4711ff06fc,إيراد :0474 -ين,f3749abe-ab61-138e-bb47-655f16ecc625,فرع 11 يونيو,01,2026-04-21,275180.000,0.000,275180.000,0,posted,old_id=310000335,310000335
192f1ecf-f822-a149-1f0c-6ed208c24d9c,إيراد :0485 -ين,dd2fc8ac-5717-c00a-07b0-627c341c4a46,فرع السراج,20141,2026-05-02,1850.000,0.000,1850.000,0,posted,old_id=210000400,210000400
7037a07a-aeea-4061-0403-576b29031573,إيراد :0493 -ين,e47ac07e-2763-bc83-6cf2-c39bb577a1f9,فرع السراج,1246,2026-05-11,2265.000,70.000,2195.000,0,posted,old_id=210000401,210000401
0af9910c-d70d-6c9a-65cf-6f6c0441c88b,إيراد :0498 -ين,193a3d2d-d39f-6712-72cb-c5f247087645,فرع 11 يونيو,000,2020-05-19,28282.000,0.000,28282.000,0,posted,old_id=310000357 | فاتورة تصحيح سعر شراء أولي بتاريخ قدسم,310000357
75532201-d909-043a-eed8-79bed0d48601,إيراد :0500 -ين,dd2fc8ac-5717-c00a-07b0-627c341c4a46,فرع 11 يونيو,21013,2026-05-24,259.200,0.000,259.200,0,posted,old_id=310000359,310000359
8cbbc5fd-8223-daee-b253-0539c1d4ce29,إيراد :0496 -ين,3b74be9f-643f-cd77-2128-39d8b10170c9,فرع 11 يونيو,852963741,2026-05-13,63600.000,0.000,63600.000,0,posted,old_id=310000356,310000356
c286f034-4d30-53e1-2146-e94447af7796,إيراد :0501 -ين,f68c4a72-8eb2-7563-07ad-b344ff9fe960,فرع 11 يونيو,2827,2026-05-24,990.000,0.000,990.000,0,posted,old_id=310000360,310000360
5fd03ab7-bfa7-0ead-274b-bcf25476ab89,إيراد :0502 -ين,b254c840-e3dc-aa50-45cc-22c1a82f1d9d,فرع 11 يونيو,6985,2026-05-24,5795.000,0.000,5795.000,0,posted,old_id=310000361,310000361
1f537036-20e8-1d75-4dff-33e4ca1c7476,إيراد :0448 -ين,95d22529-eb35-a000-949b-cc311fec737c,فرع 11 يونيو,1315,2026-03-08,700.000,0.000,700.000,0,posted,old_id=310000313,310000313
20d3cf23-6a4f-7f29-32a3-c64df75dd2d5,إيراد :0052 -ين,f68c4a72-8eb2-7563-07ad-b344ff9fe960,فرع 11 يونيو,7252,2025-01-13,3955.000,0.000,3955.000,0,posted,old_id=310000081,310000081
2840bae9-1d2b-f74c-0ec0-2cc6873a54b4,إيراد :0446 -ين,9a9f39af-a0d0-6a64-969d-7baa03e28c4f,فرع السراج,1201,2026-03-07,605.000,0.000,605.000,0,posted,old_id=210000386,210000386
07d9ea81-d452-6ad6-3bc8-b8f8b2f31976,إيراد :0054 -ين,081276dc-6952-a613-dc62-614b51522ad0,فرع 11 يونيو,1234566,2025-01-14,130.000,0.000,130.000,0,posted,old_id=310000083,310000083
298989ed-72cf-59e9-17ae-fec41485d8f8,إيراد :0230 -ين,0dafba13-51f2-fc5a-eab7-f16d55bcce40,فرع 11 يونيو,2412130,2025-05-11,180.000,0.000,180.000,0,posted,old_id=310000217,310000217
5ee868ab-a293-56e4-6ae0-2396b0c61d6a,إيراد :0060 -ين,f63d523a-4b6c-61d1-f98b-04b240c67d39,فرع 11 يونيو,3186,2025-01-15,222.000,0.000,222.000,0,posted,old_id=310000085,310000085
9f4c894a-18b2-6a6c-a260-4724668c3b23,إيراد :0061 -ين,5bd59cc2-f915-90b2-5eb0-3ec705744a94,فرع 11 يونيو,2369,2025-01-15,2895.000,0.000,2895.000,0,posted,old_id=310000086,310000086
c9038f6f-34b7-14b7-5942-5a3a991e7ba7,إيراد :0444 -ين,f68c4a72-8eb2-7563-07ad-b344ff9fe960,فرع 11 يونيو,1258,2026-03-04,20289.000,0.000,20289.000,0,posted,old_id=310000310,310000310
68354a74-6c84-e8f9-c6bd-1f77b955734d,إيراد :0503 -ين,dd2fc8ac-5717-c00a-07b0-627c341c4a46,فرع 11 يونيو,8848,2026-05-31,2220.000,0.000,2220.000,0,posted,old_id=310000362,310000362
a47d2c4e-dda8-d49d-e9aa-775ec5f53f1b,إيراد :0452 -ين,0dafba13-51f2-fc5a-eab7-f16d55bcce40,فرع السراج,2510792,2026-03-14,585.000,0.000,585.000,0,posted,old_id=210000387,210000387
1acf1074-cc36-fa99-b86b-45f11d04bff8,إيراد :0457 -ين,95d22529-eb35-a000-949b-cc311fec737c,فرع السراج,2180,2026-03-29,2360.000,0.000,2360.000,0,posted,old_id=210000389,210000389
f60ab62f-bd6e-46a2-b5a3-dffed17de48c,إيراد :0458 -ين,f592fa51-d431-40c9-f38d-39cdf4092eb2,فرع السراج,2610022,2026-03-29,3050.000,0.000,3050.000,0,posted,old_id=210000390,210000390
f3b1647a-1a5e-47f3-ecc3-8de9b9a664f2,إيراد :0460 -ين,f330aa66-9a8a-90ee-d535-6c68ff14b0de,فرع السراج,12617,2026-03-31,5007.140,0.000,5007.140,0,posted,old_id=210000391,210000391
334026c6-1a9b-ebe7-edb3-f715bcd4bed1,إيراد :0044 -ين,9a9f39af-a0d0-6a64-969d-7baa03e28c4f,فرع السراج,7235,2025-01-12,755.000,0.000,755.000,0,posted,old_id=210000171,210000171
85fd64f6-921c-d0ef-fb4c-d2a07d453aea,إيراد :0478 -ين,56bb7a00-a11f-f662-0a64-274fa3bfa164,فرع 11 يونيو,A7407,2026-04-23,430.000,0.000,430.000,0,posted,old_id=310000339,310000339
cca93450-a57a-e6b2-8ec6-19551ee21c1d,إيراد :0003 -ين,3ef761c8-d645-a9c8-47dc-960089e79b35,فرع 11 يونيو,4126,2024-12-03,50670.000,1670.000,49000.000,0,posted,old_id=310000052,310000052
04d71fd6-fa06-f779-9f27-a4cfe6110007,إيراد :0053 -ين,7e4b3fc3-8241-ee4f-683f-bfe58ba55739,فرع 11 يونيو,123456,2025-01-13,105.000,0.000,105.000,0,posted,old_id=310000082,310000082
a0f8472f-f77c-aa7e-fca9-258127dd2a2c,إيراد :0057 -ين,1feb71a5-1d49-b1e4-f571-cf039a9a809d,فرع السراج,A246,2025-01-14,2660.000,0.000,2660.000,0,posted,old_id=210000178,210000178
dc3af3f0-a990-c6fa-a868-7148a0c4c0cd,إيراد :0066 -ين,2e234c5a-ae37-77f1-3c02-d40e664e7d50,فرع السراج,9955,2025-01-21,2755.000,0.000,2755.000,0,posted,old_id=210000182,210000182
5c3c5ccf-fccf-53ea-638f-60d665808469,إيراد :0074 -ين,9a9f39af-a0d0-6a64-969d-7baa03e28c4f,فرع السراج,7494,2025-01-25,35990.000,0.000,35990.000,0,posted,old_id=210000187,210000187
96fa79d3-a9d5-8d10-f6bd-b0f23211f213,إيراد :0102 -ين,dc6e5eb0-a2c4-7fc8-161c-528f389f29cc,فرع السراج,5999,2025-02-04,482.500,0.000,482.500,0,posted,old_id=210000204,210000204
94a439d2-249b-45a8-7165-2038878229d8,إيراد :0435 -ين,f330aa66-9a8a-90ee-d535-6c68ff14b0de,فرع السراج,11477,2026-02-15,10949.100,0.000,10949.100,0,posted,old_id=210000380,210000380
966ba14c-8078-a844-5688-3cd5777afb9f,إيراد :0441 -ين,9a9f39af-a0d0-6a64-969d-7baa03e28c4f,فرع السراج,1082,2026-02-24,2742.000,0.000,2742.000,0,posted,old_id=210000384,210000384
0f9b9a24-989a-309d-4647-9a65e2bfa9ea,إيراد :0436 -ين,f330aa66-9a8a-90ee-d535-6c68ff14b0de,فرع السراج,11473,2026-02-16,4902.051,0.000,4902.051,0,posted,old_id=210000381,210000381
21dd41ad-f1a3-3314-e150-c9209c5fe147,إيراد :0453 -ين,9a9f39af-a0d0-6a64-969d-7baa03e28c4f,فرع السراج,1404,2026-03-14,10095.000,0.000,10095.000,0,posted,old_id=210000388,210000388
7d4a1095-0aa0-cdfd-54a4-5f69abce1681,إيراد :0504 -ين,51882a69-3ac9-cde2-37e3-64e2b7daae96,فرع 11 يونيو,c-045955,2026-05-31,7450.000,0.000,7450.000,0,posted,old_id=310000363,310000363
c8ec7444-2a45-243a-4ab2-e7be535b559d,إيراد :0506 -ين,dd2fc8ac-5717-c00a-07b0-627c341c4a46,فرع السراج,21247,2026-06-01,6475.000,0.000,6475.000,0,posted,old_id=210000404,210000404
5555d222-d554-27fb-7954-d0986055f1fb,إيراد :0505 -ين,f330aa66-9a8a-90ee-d535-6c68ff14b0de,فرع السراج,1480,2026-05-31,9028.457,0.000,9028.457,0,posted,old_id=210000403,210000403
2803fa00-103a-20b9-07fe-4346f69f3c1c,إيراد :0461 -ين,f330aa66-9a8a-90ee-d535-6c68ff14b0de,فرع السراج,12618,2026-03-31,4081.513,0.000,4081.513,0,posted,old_id=210000392,210000392
e89499f0-f048-1287-98e5-cdfb50843315,إيراد :0507 -ين,f330aa66-9a8a-90ee-d535-6c68ff14b0de,فرع السراج,1519,2026-06-01,5412.020,1.000,5411.020,0,posted,old_id=210000405,210000405
f05e0be0-774b-0379-f5a7-49e849d91564,إيراد :0017 -ين,f68c4a72-8eb2-7563-07ad-b344ff9fe960,فرع 11 يونيو,6669,2024-12-16,910.000,0.000,910.000,0,posted,old_id=310000059,310000059
22ece712-993e-48dd-3cea-dd765c0868b2,إيراد :0462 -ين,f330aa66-9a8a-90ee-d535-6c68ff14b0de,فرع السراج,12620,2026-03-31,2285.600,0.000,2285.600,0,posted,old_id=210000393,210000393
30b33fbe-20b0-eb06-b91b-43a2ab3313fb,إيراد :0508 -ين,f68c4a72-8eb2-7563-07ad-b344ff9fe960,فرع 11 يونيو,3004,2026-06-03,5399.000,0.000,5399.000,0,posted,old_id=310000364,310000364
2367c0e5-4910-f2f3-f5b7-de813a4749ca,إيراد :0449 -ين,1e40627e-ea09-d325-6c11-fb6c068c423e,فرع 11 يونيو,18193,2026-03-09,1125.000,0.000,1125.000,0,posted,old_id=310000314,310000314
72a3bef7-016b-2e34-0deb-0440eea49f93,إيراد :0464 -ين,dd2fc8ac-5717-c00a-07b0-627c341c4a46,فرع السراج,18894,2026-04-01,1920.000,0.000,1920.000,0,posted,old_id=210000394,210000394
567f2c5a-008b-051c-638e-4a53569aef17,إيراد :0467 -ين,96788f75-aca7-6778-39d6-9ded903609dd,فرع السراج,12097,2026-04-05,1330.000,0.000,1330.000,0,posted,old_id=210000395,210000395
99b70c72-5d15-6c7b-f85b-26fff822c04b,إيراد :0233 -ين,ac78bb51-d153-70a3-ad89-bdb50a8537eb,مخزن جنزور,9999,2025-05-17,213024.000,0.000,213024.000,0,posted,old_id=310000220,310000220
b8fb336e-799d-263d-e054-e68246f9ddf5,إيراد :0454 -ين,51882a69-3ac9-cde2-37e3-64e2b7daae96,فرع 11 يونيو,044763,2026-03-24,9120.000,0.000,9120.000,0,posted,old_id=310000317,310000317
efaa99ed-c1eb-2da7-9c23-d927f330662a,إيراد :0106 -ين,51882a69-3ac9-cde2-37e3-64e2b7daae96,فرع 11 يونيو,034982,2025-02-05,1840.200,0.200,1840.000,0,posted,old_id=310000106,310000106
7a3ba507-b21f-15a0-5eae-273556fe35a9,إيراد :0476 -ين,f68c4a72-8eb2-7563-07ad-b344ff9fe960,فرع 11 يونيو,2147,2026-04-25,2025.000,0.000,2025.000,0,posted,old_id=310000337,310000337
e89f9549-c90f-dea6-79be-0acfbbc464f5,إيراد :0111 -ين,dd2fc8ac-5717-c00a-07b0-627c341c4a46,فرع 11 يونيو,5470,2025-02-11,640.000,0.000,640.000,0,posted,old_id=310000107,310000107
4a91619c-b473-95b5-471c-379675123a6f,إيراد :0113 -ين,2b5a299a-8a4f-4338-ee3a-05d76bf1fa29,فرع 11 يونيو,38029,2025-02-11,200.000,0.000,200.000,0,posted,old_id=310000109,310000109
2176b7e7-e527-2a3f-05b0-827807bf7238,إيراد :0320 -ين,dd2fc8ac-5717-c00a-07b0-627c341c4a46,فرع 11 يونيو,12037,2025-08-11,2745.000,0.000,2745.000,0,posted,old_id=310000259,310000259
b6a84c5d-19b9-7dec-cb97-796f8e270134,إيراد :0330 -ين,9ccc9fc8-8055-1b6e-040d-fd7bde7fbb45,فرع 11 يونيو,123456,2025-08-19,2950.000,0.000,2950.000,0,posted,old_id=310000268,310000268
9039ec04-eb73-77a2-dd5d-2e93216ecda6,إيراد :0509 -ين,95d22529-eb35-a000-949b-cc311fec737c,فرع 11 يونيو,2904,2026-06-03,670.000,0.000,670.000,0,posted,old_id=310000365,310000365
5d592c05-d719-8482-be07-8335bee89477,إيراد :0510 -ين,0dafba13-51f2-fc5a-eab7-f16d55bcce40,فرع 11 يونيو,2511419,2026-06-04,1188.000,2.970,1185.030,0,posted,old_id=310000366,310000366
c8da6279-4d6b-9201-afe1-496cb81048a9,إيراد :0511 -ين,156403ef-fd81-bf9e-05af-5a4f8dcde75e,فرع 11 يونيو,10186,2026-06-08,2680.000,0.000,2680.000,0,posted,old_id=310000367,310000367
cc972dd0-1df3-72f3-2ef6-d6ce1fed9f70,إيراد :0512 -ين,156403ef-fd81-bf9e-05af-5a4f8dcde75e,فرع 11 يونيو,10187,2026-06-08,2680.000,0.000,2680.000,0,posted,old_id=310000368,310000368
4ed18e98-dafe-a6e2-2dab-17673f31dfe2,إيراد :0149 -ين,5bd59cc2-f915-90b2-5eb0-3ec705744a94,فرع 11 يونيو,2726,2025-02-26,675.000,0.000,675.000,0,posted,old_id=310000133,310000133
d347bd31-e286-94eb-1a85-1f6dc87be9df,إيراد :0153 -ين,184c0017-ca38-f03c-39a0-fc597ff5dc70,فرع 11 يونيو,514,2025-02-27,1000.000,10.000,990.000,0,posted,old_id=310000135,310000135
43b81968-d43b-7498-49cd-400a6777d714,إيراد :0148 -ين,f68c4a72-8eb2-7563-07ad-b344ff9fe960,فرع 11 يونيو,529,2025-02-26,9175.000,0.000,9175.000,0,posted,old_id=310000132,310000132
c43c978a-77ab-62ea-787c-7687ffb15a67,إيراد :0319 -ين,3f8e1d44-c2e4-cecd-ff29-48dc418eba21,فرع 11 يونيو,31585,2025-08-10,60275.000,175.000,60100.000,0,posted,old_id=310000258,310000258
1c09b4c9-28fd-7a5f-1a95-7c3489a941e6,إيراد :0328 -ين,3f8e1d44-c2e4-cecd-ff29-48dc418eba21,فرع 11 يونيو,31580,2025-08-14,33140.000,140.000,33000.000,0,posted,old_id=310000266,310000266
f6275593-3242-f50a-558f-c9ceafc20c73,إيراد :0327 -ين,3f8e1d44-c2e4-cecd-ff29-48dc418eba21,فرع 11 يونيو,31620,2025-08-14,18605.000,0.000,18605.000,0,posted,old_id=310000265,310000265
41efc4c3-c2bb-5713-83eb-e7dde4dadcc3,إيراد :0324 -ين,51882a69-3ac9-cde2-37e3-64e2b7daae96,فرع 11 يونيو,C-039414,2025-08-13,1846.600,0.000,1846.600,0,posted,old_id=310000263,310000263
4e41ce13-5137-a502-9e81-298e1fccc5ca,إيراد :0322 -ين,f68c4a72-8eb2-7563-07ad-b344ff9fe960,فرع 11 يونيو,3811,2025-08-11,960.000,0.000,960.000,0,posted,old_id=310000261,310000261
ee70b41e-60e1-5a14-24e1-5213d66458fb,إيراد :0323 -ين,e47ac07e-2763-bc83-6cf2-c39bb577a1f9,فرع 11 يونيو,12697,2025-08-11,8800.000,300.000,8500.000,0,posted,old_id=310000262,310000262
c7543c6d-da54-ac1d-9394-0320596c8349,إيراد :0329 -ين,3371605a-058e-4bf1-07a5-d157c54ae58f,فرع 11 يونيو,7310,2025-07-21,1432.500,0.000,1432.500,0,posted,old_id=310000267,310000267
1b67b8e0-b4e9-dcf6-3646-657265a60d6f,إيراد :0332 -ين,0dafba13-51f2-fc5a-eab7-f16d55bcce40,فرع 11 يونيو,2413211,2025-08-21,5404.000,0.000,5404.000,0,posted,old_id=310000270,310000270
48ed53ad-636b-296e-9785-5b1dab913b8a,إيراد :0118 -ين,51882a69-3ac9-cde2-37e3-64e2b7daae96,فرع 11 يونيو,C-035171,2025-02-12,12951.000,51.000,12900.000,0,posted,old_id=310000113,310000113
18ce7d2f-8ece-4934-a748-8c78b3c25a43,إيراد :0513 -ين,e2471349-f041-76d6-af3b-07b14234b9a8,فرع 11 يونيو,4252,2026-06-08,5725.000,0.000,5725.000,0,posted,old_id=310000369,310000369
6cdea006-7d45-a5e2-4371-9f170a2bddc5,إيراد :0158 -ين,c0faf038-b788-4ed3-15e1-cb4edf3f56f1,فرع 11 يونيو,6189,2025-03-04,642.500,0.000,642.500,0,posted,old_id=310000137,310000137
b21adfbc-76da-f779-75c5-54617e8a3ade,إيراد :0366 -ين,dd2fc8ac-5717-c00a-07b0-627c341c4a46,فرع 11 يونيو,13702,2025-09-28,470.000,0.000,470.000,0,posted,old_id=310000287,310000287
98843111-e398-9cae-cef4-86a149f4ae66,إيراد :0517 -ين,51882a69-3ac9-cde2-37e3-64e2b7daae96,فرع 11 يونيو,B-058658,2026-06-10,5262.500,0.000,5262.500,0,posted,old_id=310000373,310000373
4baab33d-02d6-6236-9e4f-1a8b80de83c0,إيراد :0519 -ين,0ac84589-249c-ec1c-90a6-5324415510d3,فرع 11 يونيو,11023,2026-06-14,2725.000,0.000,2725.000,0,posted,old_id=310000375,310000375
97d0c895-9d0e-86b7-3a3e-267112adef64,إيراد :0518 -ين,f68c4a72-8eb2-7563-07ad-b344ff9fe960,فرع 11 يونيو,3223,2026-06-14,1935.000,0.000,1935.000,0,posted,old_id=310000374,310000374
aa25bd0a-ec40-3258-2305-92ea3db946a6,إيراد :0515 -ين,2e234c5a-ae37-77f1-3c02-d40e664e7d50,فرع 11 يونيو,1731,2026-06-08,2400.000,0.000,2400.000,0,posted,old_id=310000371,310000371
14047f97-97a2-04de-bb22-333c802ee192,إيراد :0514 -ين,f68c4a72-8eb2-7563-07ad-b344ff9fe960,فرع 11 يونيو,3116,2026-06-08,9210.000,0.000,9210.000,0,posted,old_id=310000370,310000370
ebce3d13-908e-a644-48bb-7a0717341171,إيراد :0470 -ين,ac78bb51-d153-70a3-ad89-bdb50a8537eb,مخزن جنزور,123,2026-04-12,61706.000,0.000,61706.000,0,posted,old_id=310000333,310000333
9f424b89-c137-b0b1-ed91-e16d419542dd,إيراد :0516 -ين,3371605a-058e-4bf1-07a5-d157c54ae58f,فرع 11 يونيو,5879,2026-06-10,4420.000,0.000,4420.000,0,posted,old_id=310000372,310000372
c7f85968-df86-6299-10b7-47495adc1fd7,إيراد :0520 -ين,51882a69-3ac9-cde2-37e3-64e2b7daae96,فرع 11 يونيو,C-046256,2026-06-15,12308.000,8.000,12300.000,0,posted,old_id=310000376,310000376
7c6b61bf-67b0-c6c8-e09d-4ab4a281b13c,إيراد :0522 -ين,3f8e1d44-c2e4-cecd-ff29-48dc418eba21,فرع 11 يونيو,3920,2026-06-17,28840.000,0.000,28840.000,0,posted,old_id=310000378,310000378
51e46696-a783-28c3-a329-bb707cf59797,إيراد :0524 -ين,b254c840-e3dc-aa50-45cc-22c1a82f1d9d,فرع 11 يونيو,7343,2026-06-21,7810.000,0.000,7810.000,0,posted,old_id=310000380,310000380
34e41f6c-66c8-79c7-42a8-607bb6492650,إيراد :0521 -ين,51882a69-3ac9-cde2-37e3-64e2b7daae96,فرع 11 يونيو,D-003790,2026-06-16,12198.500,0.000,12198.500,0,posted,old_id=310000377,310000377
c022875a-4905-b91e-aa1c-8360cfe1f2a5,إيراد :0523 -ين,b254c840-e3dc-aa50-45cc-22c1a82f1d9d,فرع 11 يونيو,ANOKHBA,2026-06-20,15748.000,0.000,15748.000,0,posted,old_id=310000379,310000379
bda311c5-311a-9a60-f20b-7ba146913d6d,إيراد :0188 -ين,4c33ba4c-5f54-c701-dee2-3e778c3a4932,فرع 11 يونيو,65813,2025-04-12,595.000,10.000,585.000,0,posted,old_id=310000188,310000188
ab10be05-d18a-ed68-9586-c8e60891fbf8,إيراد :0189 -ين,14950469-fd5d-b082-a076-567607dd7c0e,فرع 11 يونيو,8790,2025-04-14,270.000,0.000,270.000,0,posted,old_id=310000189,310000189
03268f73-cec8-f211-bc6e-893be484616b,إيراد :0190 -ين,431ac3fd-806d-3b31-7433-0f5bf3af56c7,فرع السراج,00,2025-04-15,1010.100,0.000,1010.100,0,posted,old_id=310000190,310000190
a4439e7c-03a5-8bb0-39d3-a932babbb998,إيراد :0338 -ين,3f8e1d44-c2e4-cecd-ff29-48dc418eba21,فرع 11 يونيو,32097,2025-08-26,19522.000,0.000,19522.000,0,posted,old_id=310000271,310000271
4366a179-60ce-b958-6306-48b819c9f8f0,إيراد :0344 -ين,46b65556-274a-45aa-9c85-4e9803db664f,فرع 11 يونيو,6089,2025-09-07,1712.500,2.500,1710.000,0,posted,old_id=310000273,310000273
f9833bdd-a6c7-b01a-76d8-0151281e194b,إيراد :0331 -ين,f68c4a72-8eb2-7563-07ad-b344ff9fe960,فرع 11 يونيو,3863,2025-08-21,59125.000,0.000,59125.000,0,posted,old_id=310000269,310000269
a65086da-7f2b-fd09-7845-4bfe9f884749,إيراد :0349 -ين,51882a69-3ac9-cde2-37e3-64e2b7daae96,فرع 11 يونيو,12947,2025-09-08,4985.200,5.200,4980.000,0,posted,old_id=310000276,310000276
acc766eb-7be2-ca03-b69d-ec7bc387cc70,إيراد :0352 -ين,f68c4a72-8eb2-7563-07ad-b344ff9fe960,فرع 11 يونيو,4452,2025-09-10,5250.000,0.000,5250.000,0,posted,old_id=310000277,310000277
0502e755-f697-333b-ae38-7cfdd03f8b37,إيراد :0346 -ين,3ef761c8-d645-a9c8-47dc-960089e79b35,فرع 11 يونيو,2482,2025-09-07,8744.000,4.000,8740.000,0,posted,old_id=310000275,310000275
b699503e-e081-c398-aeaa-d8c9f5141d27,إيراد :0353 -ين,dc6e5eb0-a2c4-7fc8-161c-528f389f29cc,فرع 11 يونيو,16359,2025-09-11,513.000,0.000,513.000,0,posted,old_id=310000278,310000278
5520c887-467d-477c-0a85-d817f6781a84,إيراد :0354 -ين,e47ac07e-2763-bc83-6cf2-c39bb577a1f9,فرع 11 يونيو,13017,2025-09-11,10130.000,0.000,10130.000,0,posted,old_id=310000279,310000279
cd715336-3c39-64e5-08f5-b1a98c0df5a9,إيراد :0355 -ين,0dafba13-51f2-fc5a-eab7-f16d55bcce40,فرع 11 يونيو,2413388,2025-09-11,570.000,0.000,570.000,0,posted,old_id=310000280,310000280
c0430e59-16bf-fa53-4379-e94f9e0695ec,إيراد :0356 -ين,dd2fc8ac-5717-c00a-07b0-627c341c4a46,فرع 11 يونيو,12949,2025-09-11,170.000,0.000,170.000,0,posted,old_id=310000281,310000281
b9294d99-8bbc-6a15-9457-0ad6b02bd9ab,إيراد :0358 -ين,74e1dacd-b468-4717-ef12-a0a78349e141,فرع 11 يونيو,0000212,2025-09-13,2025.000,25.000,2000.000,0,posted,old_id=310000282,310000282
b34963ed-c45f-324f-6953-f0f6bebe9636,إيراد :0224 -ين,14950469-fd5d-b082-a076-567607dd7c0e,فرع 11 يونيو,123,2025-05-04,90.000,0.000,90.000,0,posted,old_id=310000212,310000212
687a57da-9f6f-e472-a916-92338c3d6276,إيراد :0262 -ين,f9f6d83d-5b9d-2d22-c42a-21b487031fad,فرع 11 يونيو,0,2025-06-21,300.000,0.000,300.000,0,posted,old_id=310000234,310000234
32fc4c39-b996-df10-e350-7aa3119c6b2e,إيراد :0525 -ين,51882a69-3ac9-cde2-37e3-64e2b7daae96,فرع 11 يونيو,C-046290,2026-06-22,4906.750,3.250,4903.500,0,posted,old_id=310000381,310000381
9a8b0f67-2f79-67f2-e88d-2d684172147c,إيراد :0526 -ين,f68c4a72-8eb2-7563-07ad-b344ff9fe960,فرع 11 يونيو,3522,2026-06-24,2000.000,0.000,2000.000,0,posted,old_id=310000382,310000382
1c54fb8d-6146-9f4d-cb40-dec22c27faef,إيراد :0192 -ين,431ac3fd-806d-3b31-7433-0f5bf3af56c7,فرع 11 يونيو,1935,2025-04-15,910.000,0.000,910.000,0,posted,old_id=310000191,310000191
1d397afe-4b87-d191-59bb-f800a23c59b9,إيراد :0340 -ين,b254c840-e3dc-aa50-45cc-22c1a82f1d9d,فرع 11 يونيو,3567,2025-09-02,81953.000,0.000,81953.000,0,posted,old_id=310000272,310000272
bdadcd40-96ea-f8eb-5f91-126691d81f5d,إيراد :0377 -ين,f68c4a72-8eb2-7563-07ad-b344ff9fe960,فرع 11 يونيو,5085,2025-09-28,12772.000,0.000,12772.000,0,posted,old_id=310000288,310000288
53574c8d-f39e-3378-5eb0-f1c187207b7a,إيراد :0389 -ين,51882a69-3ac9-cde2-37e3-64e2b7daae96,فرع 11 يونيو,C-041377,2025-10-26,680.000,0.000,680.000,0,posted,old_id=310000294,310000294
17842377-5ef7-1d9f-9920-0c20f3490411,إيراد :0381 -ين,e47ac07e-2763-bc83-6cf2-c39bb577a1f9,فرع 11 يونيو,13862,2025-10-20,1646.000,51.000,1595.000,0,posted,old_id=310000293,310000293
1ed8f0a9-f269-c158-bd1e-36a34d8df84c,إيراد :0242 -ين,1e40627e-ea09-d325-6c11-fb6c068c423e,فرع 11 يونيو,4819,2025-05-29,130.000,0.000,130.000,0,posted,old_id=310000226,310000226
cc19d5d8-1792-f9ac-dc45-d598377ca1e6,إيراد :0390 -ين,51882a69-3ac9-cde2-37e3-64e2b7daae96,فرع 11 يونيو,C-041379,2025-10-26,1572.000,0.000,1572.000,0,posted,old_id=310000295,310000295
bb9f8d85-08e9-afb9-77a0-0734123a28b1,إيراد :0023 -ين,95a6cd40-9663-6e5a-2d2b-82c8a97852fc,فرع 11 يونيو,24-12-4545,2024-12-24,4482.000,2.000,4480.000,0,posted,old_id=310000062,310000062
110056ed-185d-546f-3d17-7bf97032aee4,إيراد :0527 -ين,dc6e5eb0-a2c4-7fc8-161c-528f389f29cc,فرع 11 يونيو,11861,2026-06-25,2537.500,2.500,2535.000,0,posted,old_id=310000383,310000383
19d1e2f5-cf0b-fb3b-1896-8996c0d19f1b,إيراد :0194 -ين,3f8e1d44-c2e4-cecd-ff29-48dc418eba21,فرع 11 يونيو,28644,2025-04-17,7180.000,10.000,7170.000,0,posted,old_id=310000193 | 60 نقل من مصراته,310000193
cf28774b-e321-fe32-8d8c-073a479cca0e,إيراد :0195 -ين,e47ac07e-2763-bc83-6cf2-c39bb577a1f9,فرع 11 يونيو,11159,2025-04-21,12474.200,0.000,12474.200,0,posted,old_id=310000194,310000194
1d8881bd-d1b6-3750-7f9c-2ca53b5becf7,إيراد :0196 -ين,261d312b-ca2f-d43a-ee0b-a165e81631b3,فرع 11 يونيو,09-0073,2025-04-21,615.000,0.000,615.000,0,posted,old_id=310000195,310000195
4d7dc1ca-74f1-052a-2ae2-574460ab2a0e,إيراد :0197 -ين,3371605a-058e-4bf1-07a5-d157c54ae58f,فرع 11 يونيو,3774,2025-04-21,450.000,0.000,450.000,0,posted,old_id=310000196,310000196
04b87c8b-4815-2279-d286-40a4ba7b485d,إيراد :0325 -ين,51882a69-3ac9-cde2-37e3-64e2b7daae96,فرع 11 يونيو,C-039415,2025-08-13,5531.000,0.000,5531.000,0,posted,old_id=310000264,310000264
f2c88f5a-3c13-3ab7-0b89-57f5e2515468,إيراد :0529 -ين,dc6e5eb0-a2c4-7fc8-161c-528f389f29cc,فرع 11 يونيو,11998,2026-06-27,235.000,0.000,235.000,0,posted,old_id=310000385,310000385
efe7652f-b608-a4b7-319c-88baa8cd38df,إيراد :0531 -ين,4db58ef5-0e02-ae07-fc14-5629c40b7689,فرع 11 يونيو,FRESH,2026-06-30,595.000,0.000,595.000,0,posted,old_id=310000387,310000387
49f7c933-b7a5-cbf3-d7dd-05c2e2005d61,إيراد :0535 -ين,9a9f39af-a0d0-6a64-969d-7baa03e28c4f,فرع السراج,3675,2026-07-01,20960.000,0.000,20960.000,0,posted,old_id=210000409,210000409
595a7e91-6ca4-ed33-bcdf-1e0c148c8860,إيراد :0532 -ين,5bd59cc2-f915-90b2-5eb0-3ec705744a94,فرع السراج,01,2026-06-30,7580.000,0.000,7580.000,0,posted,old_id=210000406,210000406
e88d00a8-fc02-4cf4-f86d-60cb81c50905,إيراد :0530 -ين,46b65556-274a-45aa-9c85-4e9803db664f,فرع 11 يونيو,2519,2026-06-27,362.500,0.000,362.500,0,posted,old_id=310000386,310000386
5ae22a01-c02b-0b15-a9df-69b02c948fc2,إيراد :0533 -ين,0dafba13-51f2-fc5a-eab7-f16d55bcce40,فرع السراج,2511621,2026-06-30,5000.000,0.000,5000.000,0,posted,old_id=210000407,210000407
2b4c0337-c891-ad93-265c-746879e4bfd3,إيراد :0528 -ين,3371605a-058e-4bf1-07a5-d157c54ae58f,فرع 11 يونيو,6546,2026-06-25,6540.000,0.000,6540.000,0,posted,old_id=310000384,310000384
e3431913-95fa-12c7-50ec-f91c502298f3,إيراد :0536 -ين,9a9f39af-a0d0-6a64-969d-7baa03e28c4f,فرع السراج,3730,2026-07-01,1700.000,0.000,1700.000,0,posted,old_id=210000410,210000410
a8e8d40e-9b81-c16a-473f-2f862ccc079d,إيراد :0534 -ين,9a9f39af-a0d0-6a64-969d-7baa03e28c4f,فرع السراج,3705,2026-06-30,17272.000,0.000,17272.000,0,posted,old_id=210000408,210000408
19017545-30eb-37f2-d4c8-22acc31b71e4,إيراد :0537 -ين,b254c840-e3dc-aa50-45cc-22c1a82f1d9d,فرع 11 يونيو,7470,2026-07-01,13545.000,0.000,13545.000,0,posted,old_id=310000388,310000388
bf2808aa-1493-7ca8-f6f9-1bd5f58b1ef8,إيراد :0538 -ين,95d22529-eb35-a000-949b-cc311fec737c,فرع 11 يونيو,3230,2026-07-05,1674.000,0.000,1674.000,0,posted,old_id=310000389,310000389
b1384b49-587e-5d5f-757d-34f10c0889bd,إيراد :0539 -ين,f68c4a72-8eb2-7563-07ad-b344ff9fe960,فرع 11 يونيو,3833,2026-07-06,1430.000,0.000,1430.000,0,posted,old_id=310000390,310000390
88a27f62-bf96-760c-2766-e00ae9be0208,إيراد :0544 -ين,93ead9a8-1565-7895-eba8-1a3572957f4c,فرع 11 يونيو,1095,2026-07-09,4765.000,0.000,4765.000,0,posted,old_id=310000395,310000395
136fbf38-ce8c-726e-9a8e-35ea5b322c32,إيراد :0543 -ين,f592fa51-d431-40c9-f38d-39cdf4092eb2,فرع 11 يونيو,2610479,2026-07-06,4875.000,0.000,4875.000,0,posted,old_id=310000394,310000394
92a20876-27dd-6a47-a795-1a61f0e4118e,إيراد :0542 -ين,eef1f192-19d8-3e65-afd7-cdc3b12037eb,فرع 11 يونيو,LONDA,2026-07-06,470.000,0.000,470.000,0,posted,old_id=310000393,310000393
44424ed6-49a8-f993-5426-5c215106e971,إيراد :0541 -ين,51882a69-3ac9-cde2-37e3-64e2b7daae96,فرع 11 يونيو,C-046577,2026-07-06,3080.000,0.000,3080.000,0,posted,old_id=310000392,310000392
9aa484ca-5b8c-d654-502d-b634a4862d71,إيراد :0499 -ين,b254c840-e3dc-aa50-45cc-22c1a82f1d9d,فرع 11 يونيو,6995,2026-05-21,4770.000,0.000,4770.000,0,posted,old_id=310000358 | طرف تم شراءه في فاتورة  اخرى قبل يوم و لم يسجل لانه معيوب .و تم تبديله ليضاف في هذه الفاتورة,310000358
9b2bb954-773f-e1f0-fb2c-7d6752c38328,إيراد :0540 -ين,dc6e5eb0-a2c4-7fc8-161c-528f389f29cc,فرع 11 يونيو,12476,2026-07-06,2665.000,0.000,2665.000,0,posted,old_id=310000391,310000391
892e246d-2fe1-c04f-c4cb-26bd468482eb,إيراد :0546 -ين,51882a69-3ac9-cde2-37e3-64e2b7daae96,فرع 11 يونيو,C-046649,2026-07-11,960.000,0.000,960.000,0,posted,old_id=310000397,310000397
929c9367-029b-017c-e6ed-26f9f7685988,إيراد :0545 -ين,1e40627e-ea09-d325-6c11-fb6c068c423e,فرع 11 يونيو,PS020097723,2026-07-11,665.000,0.000,665.000,0,posted,old_id=310000396,310000396
6a53d2f0-487c-c31e-cab4-7a4a72402c7e,إيراد :0549 -ين,0ac84589-249c-ec1c-90a6-5324415510d3,فرع 11 يونيو,12294,2026-07-14,4710.000,0.000,4710.000,0,posted,old_id=310000431,310000431
cc984294-e171-448b-0789-12024dc6f4ee,إيراد :0550 -ين,1a3e68c6-4b49-c842-7d20-2ef3559b05d2,فرع 11 يونيو,6063,2026-07-14,4640.000,0.000,4640.000,0,posted,old_id=310000432,310000432
f090ce62-70e4-fc04-d9a8-ebdbdcddc292,إيراد :0547 -ين,3ef761c8-d645-a9c8-47dc-960089e79b35,فرع 11 يونيو,1522,2026-07-11,8595.000,310.000,8285.000,0,posted,old_id=310000430,310000430
c3c7b114-a291-ed59-03b7-2ac433738567,إيراد :0548 -ين,95d22529-eb35-a000-949b-cc311fec737c,فرع السراج,3297,2026-07-13,690.000,0.000,690.000,0,posted,old_id=210000411,210000411
2d3185c3-4135-82ad-5e37-5b234f1ebc5e,إيراد :0551 -ين,41cf3726-7c18-801f-29b4-95bfba464df9,فرع 11 يونيو,7482,2026-07-19,7400.000,0.000,7400.000,0,posted,old_id=310000433,310000433
530b7f30-d603-adc9-8158-b665e1d6b917,إيراد :0552 -ين,3f8e1d44-c2e4-cecd-ff29-48dc418eba21,فرع 11 يونيو,5021,2026-07-20,26250.000,0.000,26250.000,0,posted,old_id=310000434,310000434
6a816caf-64bc-984a-6aa1-021373476d1e,إيراد :0288 -ين,b254c840-e3dc-aa50-45cc-22c1a82f1d9d,فرع 11 يونيو,2520,2025-07-06,15698.000,0.000,15698.000,0,posted,old_id=310000245,310000245
2a92b072-38f5-6bf4-ee61-e95ac52da8cc,إيراد :0040 -ين,0dafba13-51f2-fc5a-eab7-f16d55bcce40,فرع 11 يونيو,2410981,2025-01-09,3344.000,44.000,3300.000,0,posted,old_id=310000075,310000075
b7b5bf87-a952-074f-dda1-4ed57329b662,إيراد :0046 -ين,2b5a299a-8a4f-4338-ee3a-05d76bf1fa29,فرع 11 يونيو,37432,2025-01-13,250.000,0.000,250.000,0,posted,old_id=310000078,310000078
e1890042-ad61-45b7-b868-7d093d7db445,إيراد :0037 -ين,e47ac07e-2763-bc83-6cf2-c39bb577a1f9,فرع 11 يونيو,10071,2025-01-07,1175.000,0.000,1175.000,0,posted,old_id=310000073,310000073
c9f9854d-964f-bbd3-e61f-9622cb0457c6,إيراد :0001 -ين,3371605a-058e-4bf1-07a5-d157c54ae58f,فرع 11 يونيو,8932,2024-08-31,2548.800,10.800,2538.000,0,posted,old_id=310000038 | RESTE A PEYER 150 - 42 7*6 = 108,310000038
723b7882-c13d-dff2-aef4-325e1881e4b8,إيراد :0553 -ين,e47ac07e-2763-bc83-6cf2-c39bb577a1f9,فرع 11 يونيو,1889,2026-07-20,3290.000,0.000,3290.000,0,posted,old_id=310000435,310000435
226401c8-de32-4b34-f768-1166968a33b5,إيراد :0556 -ين,71b0de26-4571-b512-a21b-b9c9f2f7d6ca,فرع السراج,2016,2026-07-29,2400.000,0.000,2400.000,0,posted,old_id=210000413,210000413
7e54dc93-b614-793b-9286-5d1067626ae4,إيراد :0557 -ين,9a9f39af-a0d0-6a64-969d-7baa03e28c4f,فرع السراج,4535,2026-08-05,595.000,0.000,595.000,0,posted,old_id=210000414,210000414
133872bb-8e70-1eb1-72e6-909368739468,إيراد :0558 -ين,f592fa51-d431-40c9-f38d-39cdf4092eb2,فرع 11 يونيو,2610636,2026-08-12,2535.000,0.000,2535.000,0,posted,old_id=310000437,310000437
55f0d09c-b455-9d9f-e377-bf2b21fbffee,إيراد :0560 -ين,f68c4a72-8eb2-7563-07ad-b344ff9fe960,فرع 11 يونيو,4751,2026-08-16,2820.000,0.000,2820.000,0,posted,old_id=310000439,310000439
3fe26199-dc15-fdde-fb3f-89410b75923c,إيراد :0554 -ين,dd2fc8ac-5717-c00a-07b0-627c341c4a46,فرع 11 يونيو,23493,2026-07-28,4540.000,60.000,4480.000,0,posted,old_id=310000436,310000436
c99d6050-24f8-b239-c658-59f67acf4268,إيراد :0555 -ين,71b0de26-4571-b512-a21b-b9c9f2f7d6ca,فرع السراج,2037,2026-07-29,2400.000,0.000,2400.000,0,posted,old_id=210000412,210000412
afa278aa-0bb2-0607-e507-423b0fd5e8dc,إيراد :0566 -ين,f68c4a72-8eb2-7563-07ad-b344ff9fe960,فرع 11 يونيو,5343,2026-09-13,850.000,0.000,850.000,0,posted,old_id=310000445,310000445
c8970d69-9f12-e2e6-ccbe-bdae3a633df6,إيراد :0559 -ين,f68c4a72-8eb2-7563-07ad-b344ff9fe960,فرع 11 يونيو,4619,2026-08-12,30392.500,0.000,30392.500,0,posted,old_id=310000438,310000438
2d789600-9405-a7b4-2316-be665608eda4,إيراد :0563 -ين,8d388eaa-de46-d772-319c-750398f43c28,فرع 11 يونيو,2211,2026-09-01,3880.000,0.000,3880.000,0,posted,old_id=310000442,310000442
4be0b36b-8cd3-ed6f-d414-cb2eb381be8d,إيراد :0208 -ين,3371605a-058e-4bf1-07a5-d157c54ae58f,فرع 11 يونيو,3929,2025-04-24,3480.000,0.000,3480.000,0,posted,old_id=310000201,310000201
6efab3e0-0830-2f87-1281-6e827f38533a,إيراد :0565 -ين,dd2fc8ac-5717-c00a-07b0-627c341c4a46,فرع 11 يونيو,25042,2026-09-09,7480.000,0.000,7480.000,0,posted,old_id=310000444,310000444
15ee708b-a29e-ee61-c4de-6a290ef15cde,إيراد :0561 -ين,f68c4a72-8eb2-7563-07ad-b344ff9fe960,فرع 11 يونيو,4749,2026-08-16,497.500,0.000,497.500,0,posted,old_id=310000440,310000440
8e5ba119-db5e-10a6-871f-b972e0a3ff57,إيراد :0562 -ين,f68c4a72-8eb2-7563-07ad-b344ff9fe960,فرع 11 يونيو,4826,2026-08-23,3450.000,0.000,3450.000,0,posted,old_id=310000441,310000441
fb9e6a38-bb34-5504-2cd1-e662f0ddaab7,إيراد :0564 -ين,f68c4a72-8eb2-7563-07ad-b344ff9fe960,فرع 11 يونيو,5259,2026-09-09,9680.000,0.000,9680.000,0,posted,old_id=310000443,310000443
510f2828-7bcf-8273-0b58-4da99d1c7e38,إيراد :0567 -ين,51882a69-3ac9-cde2-37e3-64e2b7daae96,فرع 11 يونيو,C-000982,2026-09-15,462.000,0.000,462.000,0,posted,old_id=310000446,310000446
97c4083f-e8a5-8519-2ca4-81c5c063b979,إيراد :0391 -ين,46b65556-274a-45aa-9c85-4e9803db664f,فرع 11 يونيو,7961,2025-10-26,150.000,0.000,150.000,0,posted,old_id=310000296,310000296
f96ea6f7-8b31-4cbe-e64c-158a110aa6bb,إيراد :0392 -ين,c92e5ba8-07a8-60d8-3d50-26697ade9669,فرع 11 يونيو,4208,2025-10-30,2880.000,0.000,2880.000,0,posted,old_id=310000297,310000297
1964f65d-2c49-0f70-aebb-6ebae08e47ae,إيراد :0122 -ين,3371605a-058e-4bf1-07a5-d157c54ae58f,فرع 11 يونيو,1569,2025-02-13,198.500,8.500,190.000,0,posted,old_id=310000117,310000117
2feba525-534e-6681-8fc0-a0ff2c740aa6,إيراد :0123 -ين,c0faf038-b788-4ed3-15e1-cb4edf3f56f1,فرع 11 يونيو,3188,2025-02-13,120.000,0.000,120.000,0,posted,old_id=310000118 | طرفان استبدلا محا اخران(حالة كسر) لمقعدين أوزباست,310000118
9f1e2804-2e26-8714-e798-abb29c5b9a3d,إيراد :0119 -ين,b254c840-e3dc-aa50-45cc-22c1a82f1d9d,فرع 11 يونيو,412,2025-02-12,11562.000,0.000,11562.000,0,posted,old_id=310000114,310000114
abafa976-9c46-e46b-d6c3-58cf1c7a300b,إيراد :0125 -ين,c0faf038-b788-4ed3-15e1-cb4edf3f56f1,فرع 11 يونيو,5882,2025-02-16,795.000,0.000,795.000,0,posted,old_id=310000120,310000120
ecb9c3b6-95ff-a855-7180-72d99c0c9425,إيراد :0481 -ين,f68c4a72-8eb2-7563-07ad-b344ff9fe960,فرع 11 يونيو,2161,2026-04-26,850.000,0.000,850.000,0,posted,old_id=310000341,310000341
a119e65e-1369-9d4e-ea52-dbb7f55379a6,إيراد :0266 -ين,51882a69-3ac9-cde2-37e3-64e2b7daae96,فرع 11 يونيو,C-032634,2025-06-23,2060.000,0.000,2060.000,0,posted,old_id=310000236,310000236
e857f38b-796b-46c2-23d9-3118377fe8b3,إيراد :0271 -ين,e47ac07e-2763-bc83-6cf2-c39bb577a1f9,فرع 11 يونيو,12024,2025-06-28,4470.000,0.000,4470.000,0,posted,old_id=310000239,310000239
8ae35739-cfbb-4b01-3bc7-fb7d2a644149,إيراد :0269 -ين,b254c840-e3dc-aa50-45cc-22c1a82f1d9d,فرع 11 يونيو,2317,2025-06-24,12524.000,0.000,12524.000,0,posted,old_id=310000238,310000238
4ed9fc54-de9a-87b5-272e-f71b716a80b4,إيراد :0375 -ين,b254c840-e3dc-aa50-45cc-22c1a82f1d9d,فرع 11 يونيو,3659,2025-09-27,27971.000,0.000,27971.000,0,posted,old_id=310000286,310000286
54e3a0e6-d0b4-a47a-4967-7968c5ad0858,إيراد :0360 -ين,f68c4a72-8eb2-7563-07ad-b344ff9fe960,فرع 11 يونيو,4439,2025-09-24,11550.000,0.000,11550.000,0,posted,old_id=310000284,310000284
fd755fa1-2d82-3312-2db7-5dbcdbd6164a,إيراد :0380 -ين,14950469-fd5d-b082-a076-567607dd7c0e,فرع 11 يونيو,5557,2025-10-08,80.000,0.000,80.000,0,posted,old_id=310000292,310000292
