location_name,product_code,product_name,qty
فرع 11 يونيو,99999,ملحقات مواد صحية,-94.000
فرع 11 يونيو,AASB30003,موزع صابون كروم,4.000
فرع 11 يونيو,AASB30004,موزع صابون ابيض,5.000
فرع 11 يونيو,AASB30005,موزع صابون كروم,1.000
فرع 11 يونيو,AASB30006,موزع صابون كروم,-2.000
فرع 11 يونيو,AASB30008,موزع صابون سائل خزف,-1.000
فرع 11 يونيو,AASB30010,صابونية كروم,3.000
فرع 11 يونيو,AASB30012,رف زاوية كروم,-1.000
فرع 11 يونيو,AASB30014,رف زاوية زوجي كروم,10.000
فرع 11 يونيو,AASB30021,رف زاوية كروم,-1.000
فرع 11 يونيو,AASB30025,رف زاوية زوجي كروم,1.000
فرع 11 يونيو,AASB30026,رف زاوية زوجي كروم,3.000
فرع 11 يونيو,AASB30027,رف ستاينلس ستيل أسود,1.000
فرع 11 يونيو,AASB30029,رف ستاينلس ستيل أسود,3.000
فرع 11 يونيو,AASB30030,رف ستاينلس ستيل كروم,6.000
فرع 11 يونيو,AASB30031,صابونية كروم,3.000
فرع 11 يونيو,AASB30032,موزع صابون سائل كروم,1.000
فرع 11 يونيو,AASB30042,موزع ورق منظف كلينكس أبيض,1.000
فرع 11 يونيو,AASB30043,رف زجاجي كروم,7.000
فرع 11 يونيو,AASB30044,رف زجاجي كروم,6.000
فرع 11 يونيو,AASB30045,رف زجاجي كروم,6.000
فرع 11 يونيو,AASB30047,موزع ورق منظف كلينكس أسود,1.000
فرع 11 يونيو,AASB30048,صابونية كروم,4.000
فرع 11 يونيو,AASB30049,موزع صابون سائل كروم,5.000
فرع 11 يونيو,AASB30051,موزع صابون سائل كروم,3.000
فرع 11 يونيو,AASB30054,حاملة منظفات كروم,1.000
فرع 11 يونيو,AASB30055,حاملة فرشاة أسنان زجاجي,3.000
فرع 11 يونيو,AASB30056,صابونية كروم,4.000
فرع 11 يونيو,AASB30057,صابونية زجاجي,4.000
فرع 11 يونيو,AASB30058,صابونية ذهبي,1.000
فرع 11 يونيو,AASB30059,حاملة فرشاة أسنان كروم,4.000
فرع 11 يونيو,AASB30060,صابونية ذهبي,3.000
فرع 11 يونيو,AASB30061,حاملة فرشاة أسنان ذهبي,1.000
فرع 11 يونيو,AASB30062,صابونية كروم,7.000
فرع 11 يونيو,AASB30064,حاملة فرشاة أسنان كروم,-1.000
فرع 11 يونيو,AASB30065,رف زاوية كروم,25.000
فرع 11 يونيو,AASB30066,رف زاوية كروم,15.000
فرع 11 يونيو,AASB30067,حاملة ورق ناعم كروم,4.000
فرع 11 يونيو,AASB30069,موزع صابون سائل كروم,2.000
فرع 11 يونيو,AASB30074,مجفف يد أبيض,1.000
فرع 11 يونيو,AASB30079,صابونية أسود,4.000
فرع 11 يونيو,AASB30080,حاملة فرشاة أسنان أسود,4.000
فرع 11 يونيو,AASB30083,موزع صابون سائل خزف,1.000
فرع 11 يونيو,AASB30084,مقبض قابل للطي مضاد للانزلاق لكبار السن,6.000
فرع 11 يونيو,AASB30088,صابونية كروم,1.000
فرع 11 يونيو,AASB30090,حاملة ورق ناعم كروم,2.000
فرع 11 يونيو,AASB30094,حامل منضفات كروم,1.000
فرع 11 يونيو,AASB30095,رف زاوية زوجي كروم,1.000
فرع 11 يونيو,AASB30096,رف زاوية ثلاثي كروم,2.000
فرع 11 يونيو,AASB30100,موزع صابون أسود,2.000
فرع 11 يونيو,AASB30103,موزع صابون ابيض,1.000
فرع 11 يونيو,AASB30104,موزع صابون حساس ابيض,1.000
فرع 11 يونيو,AASB30105,موزع صابون حساس ابيض,1.000
فرع 11 يونيو,AASB30106,موزع صابون حساس ابيض,1.000
فرع 11 يونيو,AASB30107,موزع صابون حساس كروم,1.000
فرع 11 يونيو,AASB30114,رف زاوية زوجي كروم,-1.000
فرع 11 يونيو,AASB30115,حاملة منظفات زوجي كروم,1.000
فرع 11 يونيو,AASB30119,حاملة منظفات زوجي كروم,1.000
فرع 11 يونيو,AASB30140,حاملة ورق ناعم زوجية كروم,2.000
فرع 11 يونيو,AASB30141,حاملة فوط كروم,3.000
فرع 11 يونيو,AASB30144,حاملة فوط أسود,2.000
فرع 11 يونيو,AASB30148,حاملة فوط أسود,3.000
فرع 11 يونيو,AASB30149,حاملة فوط كروم,2.000
فرع 11 يونيو,AASB30157,حاملة فوط أسود,2.000
فرع 11 يونيو,AASB30164,حاملة فرشاة أسنان,4.000
فرع 11 يونيو,AASB30166,رف زاوية  اسود,1.000
فرع 11 يونيو,AASB30167,حاملة فوط أسود,1.000
فرع 11 يونيو,AASB30169,حاملة منظفات زوجي كروم,2.000
فرع 11 يونيو,AASB30176,حاملة فوط أسود,-1.000
فرع 11 يونيو,AASB30180,أرضية دوش,2.000
فرع 11 يونيو,AASB30195,حاملة منظفات كروم,1.000
فرع 11 يونيو,AASB30197,موزع صابون حساس كروم,6.000
فرع 11 يونيو,AASB30198,صابون سائل,11.000
فرع 11 يونيو,AASB30199,رف زجاجي كروم,1.000
فرع 11 يونيو,AASB30200,أرضية دوش 54×54 سم,1.000
فرع 11 يونيو,AASB30202,أرضية دوش 71×36 سم,2.000
فرع 11 يونيو,AASB30203,أرضية دوش 71×36 سم,2.000
فرع 11 يونيو,AASB30215,حاملة ورق ناعم أسود,1.000
فرع 11 يونيو,AASB30222,سلة قمامة,6.000
فرع 11 يونيو,AASB30223,رف زاوية كروم,1.000
فرع 11 يونيو,AASB30303,صابونية كروم,1.000
فرع 11 يونيو,AASB30304,حاملة ورق ناعم كلينكس رخامي,2.000
فرع 11 يونيو,AASB30306,حامل ورق منظف كلينكس,-2.000
فرع 11 يونيو,AASB30310,صابونية كروم حساس,5.000
فرع 11 يونيو,AASB30311,مجفف شعر أبيض,9.000
فرع 11 يونيو,AASB30341,حاملة منظفات زوجي كروم,18.000
فرع 11 يونيو,AASB30343,فرشاة مرحاض كروم,-1.000
فرع 11 يونيو,AASB30344,فرشاة تنظيف مرحاض كروم,-2.000
فرع 11 يونيو,AASB30346,فرشة مرحاض كروم,-2.000
فرع 11 يونيو,AASB30401,حاملة ورق منظف كلينكس,5.000
فرع 11 يونيو,AASB30406,صابونية كروم,2.000
فرع 11 يونيو,AASB30407,حاملة فوط كروم,1.000
فرع 11 يونيو,AASB30473,رف زاوية ثلاثي كروم,5.000
فرع 11 يونيو,AASB30485,مجفف شعر أسود,6.000
فرع 11 يونيو,AASB30511,فرشاة تنظيف مرحاض رصاصي,1.000
فرع 11 يونيو,AASB30513,موزع صابون سائل كروم,1.000
فرع 11 يونيو,AASB30515,حاملة ورق ناعم كروم,2.000
فرع 11 يونيو,AASB30634,صابونية أسود,9.000
فرع 11 يونيو,AASB30635,حاملة فرشاة أسنان زوجية أسود,10.000
فرع 11 يونيو,AASB30638,صابونية أسود,5.000
فرع 11 يونيو,AASB30668,رف زاوية زوجي اسود,2.000
فرع 11 يونيو,AASB30669,مسند لكبار السن أبيض,2.000
فرع 11 يونيو,AASB30670,مسند لكبار السن كروم,4.000
فرع 11 يونيو,AASB30671,فرشاة تنظيف مرحاض كروم,18.000
فرع 11 يونيو,AASB30672,فرشاة تنظيف مرحاض أسود,2.000
فرع 11 يونيو,AASB30673,فرشاة تنظيف مرحاض ذهبي,7.000
فرع 11 يونيو,AASB30705,سلة قمامة كروم,3.000
فرع 11 يونيو,AASB30706,سلة قمامة كروم,1.000
فرع 11 يونيو,AASB30713,مورش صابونية دائري,4.000
فرع 11 يونيو,AASB30737,رف فردي 50 سم,6.000
فرع 11 يونيو,AASB30756,مجفف يد أسود,2.000
فرع 11 يونيو,AASB30757,مجفف يد ذهبي,3.000
فرع 11 يونيو,AASB30763,فرشاة تنظيف مرحاض رصاصي,4.000
فرع 11 يونيو,AASB30765,فرشاة تنظيف مرحاض أبيض,3.000
فرع 11 يونيو,AASB30778,حاملة ورق ناعم أسود,-3.000
فرع 11 يونيو,AASB30779,حاملة فرشاة أسنان أسود,-2.000
فرع 11 يونيو,AASB30780,صابونية أسود,-3.000
فرع 11 يونيو,AASB30782,حاملة ورق ناعم كروم,3.000
فرع 11 يونيو,AASB30783,موزع صابون سائل كروم,2.000
فرع 11 يونيو,AASB30784,موزع صابون سائل كروم,3.000
فرع 11 يونيو,AASB30791,رف زاوية  اسود,1.000
فرع 11 يونيو,AASB30793,سلة قمامة,2.000
فرع 11 يونيو,AASB30795,سلة قمامة حمام,1.000
فرع 11 يونيو,AASB30798,مسند لكبار السن 45 كروم,2.000
فرع 11 يونيو,AASB30799,مسند لكبار السن 60 كروم,3.000
فرع 11 يونيو,AASB30807,حامل ورق منظف كلينكس,3.000
فرع 11 يونيو,AASB30831,سلة قمامة كروم معلقة 5 لتر,2.000
فرع 11 يونيو,AASB30832,سلة قمامة كروم  8 لتر,2.000
فرع 11 يونيو,AASB30833,سلة قمامة ذهبي   8 لتر,1.000
فرع 11 يونيو,AASB30834,سلة قمامة أسود  8 لتر,3.000
فرع 11 يونيو,AASB30856,سلة قمامة ذهبي معلقة 5 لتر,2.000
فرع 11 يونيو,AASB30871,رف زاوية زوجي اسود مطفي,3.000
فرع 11 يونيو,AASB30916,رف زاوية زوجي كروم,7.000
فرع 11 يونيو,AASB30992,حاملة فوط كروم,-2.000
فرع 11 يونيو,AASB3105,رف زجاجي كروم,5.000
فرع 11 يونيو,AASB31073,حاملة فرشاة أسنان كروم,1.000
فرع 11 يونيو,AASB31074,صابونية كروم,1.000
فرع 11 يونيو,AASB31085,حاملة ورق ناعم كروم,2.000
فرع 11 يونيو,AASB31086,حاملة فرشاة أسنان كروم,4.000
فرع 11 يونيو,AASB31087,صابونية كروم,4.000
فرع 11 يونيو,AASB31104,حاملة فوط كروم,6.000
فرع 11 يونيو,AASB31105,صابونية كروم,6.000
فرع 11 يونيو,AASB31106,موزع صابون كروم,4.000
فرع 11 يونيو,AASB31120,رف زاوية زوجي كروم,5.000
فرع 11 يونيو,AASB31122,رف زاوية زوجي كروم,1.000
فرع 11 يونيو,AASB31123,رف زاوية زوجي كروم,3.000
فرع 11 يونيو,AASB31129,رف زاوية زوجي ذهبي,4.000
فرع 11 يونيو,AASB31130,مجفف يد أسود,3.000
فرع 11 يونيو,AASB31132,مجفف يد أبيض,3.000
فرع 11 يونيو,AB10072,خزانة حمام أبيض,3.000
فرع 11 يونيو,AB10076,خزانة حمام أبيض,5.000
فرع 11 يونيو,AB10104,خزانة حمام أبيض,-1.000
فرع 11 يونيو,AB10107,خزانة حمام أبيض,1.000
فرع 11 يونيو,AB10110,خزانة حمام أبيض,-2.000
فرع 11 يونيو,AB10113,خزانة حمام أبيض,-5.000
فرع 11 يونيو,AB10116,خزانة حمام أبيض,1.000
فرع 11 يونيو,AB10144,خزانة حمام خشبي,1.000
فرع 11 يونيو,AB10145,خزانة حمام أبيض,1.000
فرع 11 يونيو,AB10360,خزانة حمام أبيض,-1.000
فرع 11 يونيو,AB10409,خزانة حمام 120*24*20,2.000
فرع 11 يونيو,AB10412,خزانة حمام 120*24*20,1.000
فرع 11 يونيو,AB10417,خزانة حمام 120*24*20,1.000
فرع 11 يونيو,AB10420,خزانة حمام 120*24*20,1.000
فرع 11 يونيو,AB10562,خزانة حمام أبيض,1.000
فرع 11 يونيو,AB10742,خزانة حمام أبيض,2.000
فرع 11 يونيو,AB10744,خزانة حمام أبيض,3.000
فرع 11 يونيو,AB10804,خزانة حمام أبيض,2.000
فرع 11 يونيو,AB10812,خزانة حمام بيج,1.000
فرع 11 يونيو,AB10826,خزانة حمام 80*24*12,3.000
فرع 11 يونيو,AB10838,خزانة حمام أبيض,1.000
فرع 11 يونيو,AB10839,خزانة حمام أبيض,1.000
فرع 11 يونيو,AB10840,خزانة حمام أبيض,2.000
فرع 11 يونيو,AB10841,خزانة حمام أبيض,-1.000
فرع 11 يونيو,AB10844,خزانة حمام أبيض,2.000
فرع 11 يونيو,AB10845,خزانة حمام أبيض,2.000
فرع 11 يونيو,AB10854,خزانة حمام أبيض,1.000
فرع 11 يونيو,AB11024,خزانة حمام مقبض أبيض 120*23*20,3.000
فرع 11 يونيو,AB11025,خزانة حمام مقبض أسود 120*23*20,2.000
فرع 11 يونيو,ACE20210,فلفلة سخانة,9.000
فرع 11 يونيو,ACE20242,مثبت سخانة,98.000
فرع 11 يونيو,ADOU50186,سيفون حوض قدم,8.000
فرع 11 يونيو,ADOU50187,سيفون حوض قدم,4.000
فرع 11 يونيو,ADOU50190,سيفون حوض قدم,1.000
فرع 11 يونيو,ADOU50220,لصقة عازلة للماء 3.5 م*2.8 سم,1.000
فرع 11 يونيو,ADOU50323,كروم M3/4'' M1/2''  M1/2'' محول مسطرة دوش,2.000
فرع 11 يونيو,ADOU50727,كرسي دوش بالظهر,2.000
فرع 11 يونيو,ADOU50728,كرسي دوش بدون ظهر,1.000
فرع 11 يونيو,AECU50001,غسالة أكواب حوض المطبخ,2.000
فرع 11 يونيو,AECU50037,رقبة خلاط حوض مطبخ,3.000
فرع 11 يونيو,AECU50056,صابونية حوض مطبخ كروم,3.000
فرع 11 يونيو,AECU50057,صابونية حوض مطبخ أسود,8.000
فرع 11 يونيو,AECU50058,رقبة خلاط حوض مطبخ أسود,5.000
فرع 11 يونيو,AECU50097,سيفون حوض المطبخ معا راجع,-4.000
فرع 11 يونيو,AECU50099,سيفون حوض المطبخ رأس كبير,6.000
فرع 11 يونيو,AECU50134,سيفون حوض المطبخ,-1.000
فرع 11 يونيو,AECU50151,سلة تجفيف لحوض المطبخ رصاصي,1.000
فرع 11 يونيو,AECU50180,سيفون حوض المطبخ رأس صغير,6.000
فرع 11 يونيو,AECU50198,سيفون حوض المطبخ,2.000
فرع 11 يونيو,AECU50200,سيفون حوض المطبخ,-1.000
فرع 11 يونيو,AECU50203,سيفون حوض المطبخ,-3.000
فرع 11 يونيو,AECU50213,سيفون حوض المطبخ,1.000
فرع 11 يونيو,AECU50235,رقبة خلاط حوض مطبخ,3.000
فرع 11 يونيو,AECU50425,سيفون حوض المطبخ,9.000
فرع 11 يونيو,AECU50556,سيفون حوض المطبخ,4.000
فرع 11 يونيو,AECU50633,سقطار لحوض المطبخ أسود85 سم,5.000
فرع 11 يونيو,AECU50762,سيفون حوض المطبخ رأس صغير,6.000
فرع 11 يونيو,AECU50830,سلة تجفيف لحوض المطبخ رصاصي,-5.000
فرع 11 يونيو,AECU50890,راجع سيفون حوض مطبخ,40.000
فرع 11 يونيو,AECU50891,راجع سيفون حوض مطبخ مربع,20.000
فرع 11 يونيو,AECU51048,سيفون حوض المطبخ راس كبير بالهواية,8.000
فرع 11 يونيو,AETS20004,تفلون 19 مم * 15 متر * 0.20 مم,28.000
فرع 11 يونيو,AETS20237,تفلون 19 مم * 30 متر * 0.8 مم,5.000
فرع 11 يونيو,ALVM50012,سيفون حوض الوجه ذهبي,-1.000
فرع 11 يونيو,ALVM50014,سيفون حوض الوجه كروم,5.000
فرع 11 يونيو,ALVM50015,سيفون حوض الوجه كروم,6.000
فرع 11 يونيو,ALVM50017,سيفون حوض الوجه طويل كروم,-2.000
فرع 11 يونيو,ALVM50018,رأس سيفوني اسود,7.000
فرع 11 يونيو,ALVM50019,رأس سيفوني كروم,4.000
فرع 11 يونيو,ALVM50020,رأس سيفوني حوض الوجه طويل أسود,3.000
فرع 11 يونيو,ALVM50021,رأس سيفوني حوض الوجه طويل ذهبي,2.000
فرع 11 يونيو,ALVM50022,رأس سيفوني حوض الوجه طويل ذهبي,5.000
فرع 11 يونيو,ALVM50023,رأس سيفوني كروم,11.000
فرع 11 يونيو,ALVM50024,سيفون حوض الوجه كروم,1.000
فرع 11 يونيو,ALVM50025,سيفون حوض الوجه كروم,1.000
فرع 11 يونيو,ALVM50027,سيفون حوض الوجه اسود,4.000
فرع 11 يونيو,ALVM50028,سيفون حوض الوجه ذهبي,3.000
فرع 11 يونيو,ALVM50029,سيفون حوض الوجه ذهبي,5.000
فرع 11 يونيو,ALVM50030,سيفون حوض الوجه كروم,11.000
فرع 11 يونيو,ALVM50031,سيفون حوض الوجه كروم,4.000
فرع 11 يونيو,ALVM50032,سيفون حوض الوجه كروم,14.000
فرع 11 يونيو,ALVM50033,سيفون حوض الوجه بلاستك كروم,1.000
فرع 11 يونيو,ALVM50034,سيفون حوض الوجه ذهبي,1.000
فرع 11 يونيو,ALVM50036,رأس سيفوني كروم,2.000
فرع 11 يونيو,ALVM50055,سيفون حوض الوجه طويل كروم,2.000
فرع 11 يونيو,ALVM50061,مطول سيفون حوض الوجه 30سم كروم,10.000
فرع 11 يونيو,ALVM50062,مطول سيفون حوض الوجه كروم,-2.000
فرع 11 يونيو,ALVM50090,سيفون حوض الوجه راس كروم متحرك,64.000
فرع 11 يونيو,ALVM50194,رأس سيفوني ذهبي,-1.000
فرع 11 يونيو,ALVM50201,سيفون حوض الوجه,11.000
فرع 11 يونيو,ALVM50203,رأس سيفوني رخامي,-1.000
فرع 11 يونيو,ALVM50206,سيفون حوض الوجه كلك,29.000
فرع 11 يونيو,ALVM50207,رأس سيفوني كروم,1.000
فرع 11 يونيو,ALVM50208,مولة عمود حوض الوجه,4.000
فرع 11 يونيو,ALVM50211,قرجوطة سيفون حوض الوجه 1.1/4*80 سم,-2.000
فرع 11 يونيو,ALVM50212,قرجوطة سيفون حوض الوجه 1.1/4*80 سم,-4.000
فرع 11 يونيو,ALVM50218,مثبت حوض الوجه,9.000
فرع 11 يونيو,ALVM50240,مثبت حوض الوجه,117.000
فرع 11 يونيو,ALVM50262,سيفون حوض الوجه كروم,1.000
فرع 11 يونيو,ALVM50288,رأس سيفوني كروم,4.000
فرع 11 يونيو,ALVM50299,سيفون حوض الوجه كروم,7.000
فرع 11 يونيو,ALVM50307,سيفون حوض الوجه كروم,19.000
فرع 11 يونيو,ALVM50309,سيفون حوض الوجه كروم بلستك,16.000
فرع 11 يونيو,ALVM50368,طابة حوض الوجه,-1.000
فرع 11 يونيو,ALVM50389,رأس سيفوني كروم,12.000
فرع 11 يونيو,ALVM50390,رأس سيفوني رخامي,1.000
فرع 11 يونيو,ALVM50392,رأس سيفوني رخامي,4.000
فرع 11 يونيو,ALVM50393,رأس سيفوني رخامي,2.000
فرع 11 يونيو,ALVM50394,رأس سيفوني رخامي,7.000
فرع 11 يونيو,ALVM50395,رأس سيفوني كروم,-1.000
فرع 11 يونيو,ALVM50397,رأس سيفوني رخامي,6.000
فرع 11 يونيو,ALVM50400,سيفون حوض الوجه 25سم 30سم كروم,1.000
فرع 11 يونيو,ALVM50402,سيفون حوض الوجه كروم,2.000
فرع 11 يونيو,ALVM50422,رأس سيفوني كروم,1.000
فرع 11 يونيو,ALVM50423,رأس سيفوني أسود,2.000
فرع 11 يونيو,ALVM50424,رأس سيفوني ذهبي,1.000
فرع 11 يونيو,ALVM50426,سيفون حوض الوجه اسود,5.000
فرع 11 يونيو,ALVM50427,سيفون حوض الوجه ذهبي,2.000
فرع 11 يونيو,ALVM50428,سيفون حوض الوجه كروم,7.000
فرع 11 يونيو,ALVM50430,رأس سيفوني رخامي,20.000
فرع 11 يونيو,ALVM50505,مطول سيفون حوض الوجه 40سم كروم,5.000
فرع 11 يونيو,ALVM50517,رأس سيفوني كروم,1.000
فرع 11 يونيو,ALVM50526,رأس سيفوني كروم,1.000
فرع 11 يونيو,ALVM50677,طابة حوض الوجه كروم,40.000
فرع 11 يونيو,ALVM50766,سيفون حوض الوجه اسود,9.000
فرع 11 يونيو,ALVM50767,سيفون حوض الوجه ذهبي,9.000
فرع 11 يونيو,ALVM50776,رأس سيفوني كروم,7.000
فرع 11 يونيو,ALVM50777,رأس سيفوني أسود,3.000
فرع 11 يونيو,ALVM50778,سيفون حوض الوجه كروم,5.000
فرع 11 يونيو,ALVM50785,رأس سيفوني كروم,3.000
فرع 11 يونيو,ALVM50790,رأس سيفوني رخامي,5.000
فرع 11 يونيو,ALVM50796,رأس سيفوني كروم,2.000
فرع 11 يونيو,ALVM50797,رأس سيفوني كروم,1.000
فرع 11 يونيو,ALVM50808,سيفون حوض الوجه كروم,11.000
فرع 11 يونيو,ALVM50809,سيفون حوض الوجه كروم,4.000
فرع 11 يونيو,ALVM50819,رأس سيفوني اسود,22.000
فرع 11 يونيو,ALVM50820,رأس سيفوني ذهبي,1.000
فرع 11 يونيو,ALVM50867,رأس سيفوني اسود,3.000
فرع 11 يونيو,ALVM50938,سيفون حوض الوجه بلاستك كروم,5.000
فرع 11 يونيو,ALVM51001,سيفون حوض الوجه كلك بمانع رائحة,1.000
فرع 11 يونيو,ALVM51033,سيفون حوض الوجه كلك بمانع رائحة,5.000
فرع 11 يونيو,ALVM51034,سيفون حوض الوجه كروم,5.000
فرع 11 يونيو,ALVM51037,رأس سيفوني ذهبي,5.000
فرع 11 يونيو,AM0002,دولاب حمام -80 سم,1.000
فرع 11 يونيو,AM0073,حوض وجه مع دولاب حمام -80 سم,2.000
فرع 11 يونيو,AM0077,حوض وجه مع دولاب حمام -80 سم,5.000
فرع 11 يونيو,AM0078,دولاب حمام -90 سم,-5.000
فرع 11 يونيو,AM0106,حوض وجه مع دولاب حمام -80 سم,1.000
فرع 11 يونيو,AM0111,حوض وجه مع دولاب حمام -80 سم,-2.000
فرع 11 يونيو,AM0112,حوض وجه مع دولاب حمام -80 سم,-5.000
فرع 11 يونيو,AM0117,دولاب حمام 100 سم أبيض,1.000
فرع 11 يونيو,AM0120,دولاب حمام 100 سم أبيض,1.000
فرع 11 يونيو,AM0135,دولاب حمام 100 سم أبيض,1.000
فرع 11 يونيو,AM0148,حوض وجه مع دولاب حمام مع خزانة مع مراية -100 سم,1.000
فرع 11 يونيو,AM0182,حوض وجه مع دولاب حمام -80 سم,1.000
فرع 11 يونيو,AM0183,حوض وجه مع دولاب حمام -80 سم,3.000
فرع 11 يونيو,AM0184,حوض وجه مع دولاب حمام -60 سم,-1.000
فرع 11 يونيو,AM0185,حوض وجه مع دولاب حمام -60 سم,1.000
فرع 11 يونيو,AM0358,دولاب حمام 80 سم أبيض,-1.000
فرع 11 يونيو,AM0359,حوض وجه  دولاب حمام -80 سم,-1.000
فرع 11 يونيو,AM0399,دولاب حمام 65 سم أبيض,4.000
فرع 11 يونيو,AM0405,دولاب حمام أرضي,1.000
فرع 11 يونيو,AM0407,حوض وجه مع دولاب حمام -80 سم,2.000
فرع 11 يونيو,AM0411,حوض وجه مع دولاب حمام -80 سم,1.000
فرع 11 يونيو,AM0416,حوض وجه مع دولاب حمام -80 سم,1.000
فرع 11 يونيو,AM0421,حوض وجه مع دولاب حمام -80 سم,1.000
فرع 11 يونيو,AM0450,دولاب حمام 100 سم,2.000
فرع 11 يونيو,AM0456,دولاب حمام 85 سم,4.000
فرع 11 يونيو,AM0460,دولاب حمام 80 سم,-1.000
فرع 11 يونيو,AM0541,دولاب حمام أرضي 60,2.000
فرع 11 يونيو,AM0563,حوض وجه  دولاب حمام -90 سم,1.000
فرع 11 يونيو,AM0564,دولاب حمام -90 سم,1.000
فرع 11 يونيو,AM0690,دولاب حمام مع حوض وجه 80 سم,3.000
فرع 11 يونيو,AM0692,دولاب حمام مع حوض وجه 60 سم,-2.000
فرع 11 يونيو,AM0695,دولاب مع حوض وجه مع مراية حمام 80 سم,-1.000
فرع 11 يونيو,AM0696,دولاب حمام مع حوض وجه 80 سم,4.000
فرع 11 يونيو,AM0699,دولاب حمام مع حوض وجه 60 سم,1.000
فرع 11 يونيو,AM0737,دولاب حمام مع حوض وجه 60 سم,1.000
فرع 11 يونيو,AM0738,دولاب حمام مع حوض وجه 60 سم,1.000
فرع 11 يونيو,AM0739,دولاب حمام مع حوض وجه 80 سم,2.000
فرع 11 يونيو,AM0740,دولاب حمام مع حوض وجه 80 سم,2.000
فرع 11 يونيو,AM0800,دولاب حمام مع إضاءة لد -90 سم,2.000
فرع 11 يونيو,AM0802,دولاب حمام -80 سم,2.000
فرع 11 يونيو,AM0810,دولاب حمام مع إضاءة لد-100 سم,2.000
فرع 11 يونيو,AM0824,دولاب حمام 80 سم أبيض,3.000
فرع 11 يونيو,AM0826,دولاب حمام مع إضاءة لد-100 سم,3.000
فرع 11 يونيو,AM0838,حوض وجه مع دولاب حمام -80 سم,1.000
فرع 11 يونيو,AM0841,حوض وجه مع دولاب حمام -80 سم,1.000
فرع 11 يونيو,AM0843,حوض وجه مع دولاب حمام -60 سم,2.000
فرع 11 يونيو,AM0853,حوض وجه مع دولاب حمام -80 سم,1.000
فرع 11 يونيو,AM0857,دولاب حمام -60 سم,1.000
فرع 11 يونيو,AM0858,دولاب حمام -80 سم,2.000
فرع 11 يونيو,AM0859,دولاب حمام -80 سم,2.000
فرع 11 يونيو,AM0901,دولاب حمام -80 سم,3.000
فرع 11 يونيو,AM0941,دولاب حمام -80 سم,15.000
فرع 11 يونيو,AM0944,دولاب حمام -80 سم,13.000
فرع 11 يونيو,AM0951,دولاب حمام -80 سم,2.000
فرع 11 يونيو,AM0955,دولاب حمام -70 سم,8.000
فرع 11 يونيو,AM0959,دولاب حمام -70 سم,5.000
فرع 11 يونيو,AM0963,دولاب حمام -70 سم,5.000
فرع 11 يونيو,AM0967,دولاب حمام -60 سم,10.000
فرع 11 يونيو,AM0971,دولاب حمام -60 سم,10.000
فرع 11 يونيو,AM0975,دولاب حمام -60 سم,10.000
فرع 11 يونيو,AM40044,مراية دولاب حمام لد -80 سم,-1.000
فرع 11 يونيو,AM40141,مراية دولاب حمام لد -80 سم,2.000
فرع 11 يونيو,AM40147,مراية دولاب حمام 100 سم,1.000
فرع 11 يونيو,AM40193,مراية دولاب حمام -60 سم,1.000
فرع 11 يونيو,AM40194,مراية دولاب حمام -60 سم,-3.000
فرع 11 يونيو,AM40226,مراية دولاب حمام -70 سم,4.000
فرع 11 يونيو,AM40227,مراية دولاب حمام -70 سم,1.000
فرع 11 يونيو,AM40361,مراية دولاب حمام -80 سم,-1.000
فرع 11 يونيو,AM40401,مراية دولاب حمام-80 سم,4.000
فرع 11 يونيو,AM40452,مراية دولاب حمام 100 سم,2.000
فرع 11 يونيو,AM40457,مراية دولاب حمام 80 سم,4.000
فرع 11 يونيو,AM40565,مراية دولاب حمام -90 سم,1.000
فرع 11 يونيو,AM40694,مراية دولاب حمام 60 سم,-2.000
فرع 11 يونيو,AM40697,مراية دولاب حمام 80 سم,4.000
فرع 11 يونيو,AM40825,مراية دولاب حمام لد -80 سم,3.000
فرع 11 يونيو,AM40940,مراية دولاب حمام 80 سم,15.000
فرع 11 يونيو,AM40945,مراية دولاب حمام 80 سم,13.000
فرع 11 يونيو,AM40953,مراية دولاب حمام 80 سم,3.000
فرع 11 يونيو,AM40957,مراية دولاب حمام 70 سم,7.000
فرع 11 يونيو,AM40961,مراية دولاب حمام 70 سم,5.000
فرع 11 يونيو,AM40965,مراية دولاب حمام 70 سم,5.000
فرع 11 يونيو,AM40969,مراية دولاب حمام 60 سم,10.000
فرع 11 يونيو,AM40973,مراية دولاب حمام 60 سم,10.000
فرع 11 يونيو,AM40977,مراية دولاب حمام 60 سم,10.000
فرع 11 يونيو,AMEV50019,سماعة خلاط حوض المطبخ كروم,1.000
فرع 11 يونيو,APCI40229,مطول 1/2 *10 مم كروم,18.000
فرع 11 يونيو,ARSB0758,سماعة دوش مع طوبو أسود,4.000
فرع 11 يونيو,ARSB80003,مصب حوض كروم,2.000
فرع 11 يونيو,ARSB80004,مخرج شطاف كروم بالعلاقة,11.000
فرع 11 يونيو,ARSB80006,سماعة دوش مايك مع طوبو كروم,4.000
فرع 11 يونيو,ARSB80008,سماعة دوش مع طوبو ذهبي,2.000
فرع 11 يونيو,ARSB80012,كسكاس دوش مربع 250*250 مم كروم,2.000
فرع 11 يونيو,ARSB80013,كسكاس دوش مربع 250*250 مم كروم,2.000
فرع 11 يونيو,ARSB80014,كسكاس دوش دائري 250 مم كروم,9.000
فرع 11 يونيو,ARSB80015,قصبة دوش مربعة 40 سم كروم,1.000
فرع 11 يونيو,ARSB80018,مصب حوض وجه كروم,4.000
فرع 11 يونيو,ARSB80021,مصب دوش بدون تحويلة كروم,3.000
فرع 11 يونيو,ARSB80029,سماعة دوش مع طوبو كروم,4.000
فرع 11 يونيو,ARSB80030,شطاف ظغط دائري مع طوبو كروم,1.000
فرع 11 يونيو,ARSB80031,شطاف ظغط دائري طتش مع طوبو كروم,5.000
فرع 11 يونيو,ARSB80033,شطاف ظغط مع طوبو أبيض,1.000
فرع 11 يونيو,ARSB80037,سماعة دوش مع طوبو ذهبي,11.000
فرع 11 يونيو,ARSB80041,شطاف ظغط مربع مع طوبو كروم,5.000
فرع 11 يونيو,ARSB80042,مصب دوش مع تحويلة ذهبي,1.000
فرع 11 يونيو,ARSB80043,مخرج شطاف كروم,13.000
فرع 11 يونيو,ARSB80052,كسكاس دوش مربع 250*250 مم مع قصبة أسود,4.000
فرع 11 يونيو,ARSB80053,كسكاس دوش مربع 300*300 مم مع قصبة كروم,2.000
فرع 11 يونيو,ARSB80060,كسكاس دوش مربع 400*400 مم كروم,1.000
فرع 11 يونيو,ARSB80068,مصب دوش بدون تحويلة كروم,1.000
فرع 11 يونيو,ARSB80079,شطاف ظغط دائري مع طوبو كروم,2.000
فرع 11 يونيو,ARSB80081,شطاف ظغط دائري مع طوبو كروم,6.000
فرع 11 يونيو,ARSB80083,شطاف ظغط دائري مع طوبو كروم,7.000
فرع 11 يونيو,ARSB80087,شطاف ظغط مربع مع طوبو كروم,1.000
فرع 11 يونيو,ARSB80089,طوبو شطاف 120 سم كروم,1.000
فرع 11 يونيو,ARSB80090,طوبو شطاف 1.2 م أبيض,9.000
فرع 11 يونيو,ARSB80091,يد شطاف كروم,4.000
فرع 11 يونيو,ARSB80092,يد شطاف كروم,2.000
فرع 11 يونيو,ARSB80093,يد شطاف كروم,1.000
فرع 11 يونيو,ARSB80094,يد شطاف كروم,5.000
فرع 11 يونيو,ARSB80099,مصب دوش مع تحويلة ذهبي,8.000
فرع 11 يونيو,ARSB80106,مصب دوش قصير بدون تحويلة كروم,22.000
فرع 11 يونيو,ARSB80122,مخرج شطاف كروم,5.000
فرع 11 يونيو,ARSB80124,مخرج شطاف مع علاق كروم,3.000
فرع 11 يونيو,ARSB80128,مخرج شطاف مع علاق مع محول كروم,1.000
فرع 11 يونيو,ARSB80130,قصبة دوش 30 سم سقفية كروم,3.000
فرع 11 يونيو,ARSB80135,مصب دوش مع تحويلة كروم,5.000
فرع 11 يونيو,ARSB80137,قصبة دوش دائري 30 سم كروم,1.000
فرع 11 يونيو,ARSB80139,شطاف ظغط دائري مع طوبو كروم,2.000
فرع 11 يونيو,ARSB80140,شطاف ظغط دائري مع طوبو كروم,5.000
فرع 11 يونيو,ARSB80141,مصب دوش قصير بتحويلة كروم,1.000
فرع 11 يونيو,ARSB80144,كسكاس دوش مربع 250*250 مم ذهبي,2.000
فرع 11 يونيو,ARSB80145,شطاف ظغط مربع مع طوبو مع مخرج شطاف أسود,2.000
فرع 11 يونيو,ARSB80146,قصبة دوش مربعة 40 سم ذهبي,1.000
فرع 11 يونيو,ARSB80150,مصب حوض وجه 22 سم كروم,3.000
فرع 11 يونيو,ARSB80153,شطاف ظغط دائري مع طوبو كروم,4.000
فرع 11 يونيو,ARSB80155,شطاف ضغط مربع مع طوبو أسود,2.000
فرع 11 يونيو,ARSB80156,شطاف ظغط دائري مع مخرج شطاف دبل مع طوبو أسود,2.000
فرع 11 يونيو,ARSB80157,شطاف ظغط دائري مع طوبو كروم,1.000
فرع 11 يونيو,ARSB80159,شطاف ظغط دائري مع مخرج بالعلاقة مع طوبو أسود,1.000
فرع 11 يونيو,ARSB80161,شطاف ظغط دائري مع طوبو رصاصي,13.000
فرع 11 يونيو,ARSB80163,شطاف ظغط مربع مع طوبو كروم,2.000
فرع 11 يونيو,ARSB80165,سماعة دوش مع طوبو كروم,11.000
فرع 11 يونيو,ARSB80166,سماعة دوش كروم,6.000
فرع 11 يونيو,ARSB80169,سماعة دوش مع طوبو ذهبي,8.000
فرع 11 يونيو,ARSB80170,سماعة دوش مع طوبو كروم,6.000
فرع 11 يونيو,ARSB80171,سماعة دوش مع طوبو كروم,16.000
فرع 11 يونيو,ARSB80172,سماعة دوش مع طوبو كروم,2.000
فرع 11 يونيو,ARSB80174,سماعة دوش مع طوبو كروم,2.000
فرع 11 يونيو,ARSB80176,سماعة خلاط دوش كروم,2.000
فرع 11 يونيو,ARSB80177,مخرج شطاف كروم,5.000
فرع 11 يونيو,ARSB80179,حنفية شطاف دبل كروم,2.000
فرع 11 يونيو,ARSB80180,مخرج شطاف كروم,4.000
فرع 11 يونيو,ARSB80181,كسكاس دوش مربع 250*250 مم مع قصبة أسود,2.000
فرع 11 يونيو,ARSB80182,مخرج شطاف مربع بالعلاقة أسود,7.000
فرع 11 يونيو,ARSB80183,مخرج شطاف ذهبي,5.000
فرع 11 يونيو,ARSB80184,رشاش دوش كروم,32.000
فرع 11 يونيو,ARSB80185,مخرج شطاف ذهبي,9.000
فرع 11 يونيو,ARSB80186,مخرج شطاف كروم,19.000
فرع 11 يونيو,ARSB80188,كسكاس دوش مربع 250*250 مم مع قصبة كروم,1.000
فرع 11 يونيو,ARSB80189,شطاف ظغط مربع مع طوبو أسود,1.000
فرع 11 يونيو,ARSB80190,يد شطاف كروم,2.000
فرع 11 يونيو,ARSB80191,مخرج شطاف مع علاق كروم,5.000
فرع 11 يونيو,ARSB80192,قصبة دوش مربعة 40 سم كروم,1.000
فرع 11 يونيو,ARSB80194,قصبة دوش 40 سم أسود,6.000
فرع 11 يونيو,ARSB80197,قصبة دوش  40 سم شبشاشة كروم,5.000
فرع 11 يونيو,ARSB80198,مصب دوش مع تحويلة كروم,-1.000
فرع 11 يونيو,ARSB80199,قصبة دوش مربعة 35 سم ذهبي,2.000
فرع 11 يونيو,ARSB80200,طوبو دوش 150سم كروم,2.000
فرع 11 يونيو,ARSB80202,قصبة دوش  40 سم شبشاشة كروم,5.000
فرع 11 يونيو,ARSB80204,"مسكر شطافة ""1/2"" * ""1/2 كروم",1.000
فرع 11 يونيو,ARSB80206,قلب خلاط كبير,8.000
فرع 11 يونيو,ARSB80209,قصبة دوش 32 سم أسود,2.000
فرع 11 يونيو,ARSB80212,مصب بدون تحويلة 18 سم كروم,8.000
فرع 11 يونيو,ARSB80214,"مسكر شطافة ""1/2"" * ""1/2 كروم",54.000
فرع 11 يونيو,ARSB80216,وجه خلاط دوش مدفون,3.000
فرع 11 يونيو,ARSB80217,وجه خلاط شطاف مدفون كروم,1.000
فرع 11 يونيو,ARSB8022,مخرج شطاف مع علاق  كروم,1.000
فرع 11 يونيو,ARSB80220,سماعة دوش مروحة كروم,19.000
فرع 11 يونيو,ARSB80221,سماعة دوش رصاصي,2.000
فرع 11 يونيو,ARSB80222,سماعة دوش رصاصي,2.000
فرع 11 يونيو,ARSB80224,"مسكر شطافة ""1/2"" * ""1/2 كروم",8.000
فرع 11 يونيو,ARSB80230,وصلة مسطرة دوش50سم ذهبي,4.000
فرع 11 يونيو,ARSB80231,طوبو شطاف 120 سم أسود,2.000
فرع 11 يونيو,ARSB80233,طوبو شطاف 1.2 م رصاصي,3.000
فرع 11 يونيو,ARSB80235,وصلة مسطرة دوش30سم,9.000
فرع 11 يونيو,ARSB80236,طوبو دوش 150سم كروم,13.000
فرع 11 يونيو,ARSB80237,طوبو دوش 175سم كروم,4.000
فرع 11 يونيو,ARSB80239,كسكاس دوش دائري 250 مم مع قصبة كروم,1.000
فرع 11 يونيو,ARSB80240,كسكاس دوش شريحة مربع 250*250 مم مع قصبة كروم,-1.000
فرع 11 يونيو,ARSB80241,كسكاس دوش مربع 200*200 مم كروم,7.000
فرع 11 يونيو,ARSB80242,مخرج شطاف أبيض,1.000
فرع 11 يونيو,ARSB80243,مخرج شطاف ذهبي,1.000
فرع 11 يونيو,ARSB80245,كسكاس دوش دائري مع قصبة كروم,3.000
فرع 11 يونيو,ARSB80246,مصب دوش شلال بدون تحويلة كروم,18.000
فرع 11 يونيو,ARSB80248,مخرج شطاف مع علاق ذهبي,3.000
فرع 11 يونيو,ARSB80249,مخرج شطاف مع علاق أسود,1.000
فرع 11 يونيو,ARSB80250,مخرج شطاف مع علاق كروم,6.000
فرع 11 يونيو,ARSB80256,مثبت خلاط زوجي,5.000
فرع 11 يونيو,ARSB80257,مخرج شطاف ذهبي مع علاقة,4.000
فرع 11 يونيو,ARSB80261,مصب دوش مع تحويلة أسود,3.000
فرع 11 يونيو,ARSB80262,قلب خلاط كبير,-1.000
فرع 11 يونيو,ARSB80264,مطول فسيبلي خلاط نحاس,2.000
فرع 11 يونيو,ARSB80266,مخرج شطاف مربع بالعلاقة أسود,3.000
فرع 11 يونيو,ARSB80268,مصب دوش طويل بدون تحويلة كروم,3.000
فرع 11 يونيو,ARSB80269,شطاف ظغط مجرح مع طوبو كروم,-6.000
فرع 11 يونيو,ARSB80270,مصب دوش مع تحويلة كروم,2.000
فرع 11 يونيو,ARSB80275,كسكاس دوش مربع 250*250 مم مع قصبة كروم,7.000
فرع 11 يونيو,ARSB80278,مخرج شطاف مع علاق كروم,6.000
فرع 11 يونيو,ARSB80281,كسكاس دوش مربع 200*200 مم مع قصبة ذهبي,11.000
فرع 11 يونيو,ARSB80282,كسكاس دوش مربع 200*200 مم مع قصبة أسود,4.000
فرع 11 يونيو,ARSB80283,كسكاس دوش دائري 250 مم كروم,2.000
فرع 11 يونيو,ARSB80284,كسكاس دوش مربع 200*200 مم كروم,1.000
فرع 11 يونيو,ARSB80285,كسكاس دوش مربع 200*200 مم مع قصبة ذهبي,1.000
فرع 11 يونيو,ARSB80286,قصبة دوش مربعة 35 سم كروم,1.000
فرع 11 يونيو,ARSB80287,مخرج شطاف مع علاق كروم,3.000
فرع 11 يونيو,ARSB80288,مثبت خلاط فردي,9.000
فرع 11 يونيو,ARSB80289,"مسكر شطافة ""1/2"" * ""1/2 كروم",7.000
فرع 11 يونيو,ARSB80290,"مسكر شطافة ""1/2"" * ""1/2 اسود",4.000
فرع 11 يونيو,ARSB80292,"مسكر شطافة ""1/2"" * ""1/2 كروم",17.000
فرع 11 يونيو,ARSB80293,"مسكر شطافة ""1/2"" * ""1/2 كروم",1.000
فرع 11 يونيو,ARSB80294,"مسكر شطافة ""1/2"" * ""1/2 كروم",12.000
فرع 11 يونيو,ARSB80295,"مسكر شطافة ""1/2"" * ""1/2 دهبي",11.000
فرع 11 يونيو,ARSB80296,سماعة دوش مع طوبو أسود,3.000
فرع 11 يونيو,ARSB80297,سماعة دوش مع طوبو ذهبي,1.000
فرع 11 يونيو,ARSB80298,سماعة دوش مع طوبو كروم,6.000
فرع 11 يونيو,ARSB80300,"مسكر شطافة ""1/2"" * ""1/2 كروم",-1.000
فرع 11 يونيو,ARSB80302,شطاف ظغط مربع كبيرمع طوبو كروم,5.000
فرع 11 يونيو,ARSB80304,مخرج شطاف كروم,2.000
فرع 11 يونيو,ARSB80311,مخرج شطاف مع علاق كروم,3.000
فرع 11 يونيو,ARSB80312,مخرج شطاف كروم,3.000
فرع 11 يونيو,ARSB80321,مخرج شطاف أسود,1.000
فرع 11 يونيو,ARSB80322,"مسكر شطافة دبل ""1/2"" * ""1/2 كروم",-2.000
فرع 11 يونيو,ARSB80323,قصبة دوش مربعة 30 سم كروم,14.000
فرع 11 يونيو,ARSB80324,كسكاس دوش مربع 250*250 مم مع قصبة كروم,2.000
فرع 11 يونيو,ARSB80326,مصب دوش بدون تحويلة أسود,5.000
فرع 11 يونيو,ARSB80330,مصب دوش بدون تحويلة ذهبي,4.000
فرع 11 يونيو,ARSB80332,مصب دوش مع تحويلة كروم,1.000
فرع 11 يونيو,ARSB80337,مصب دوش مع تحويلة كروم,8.000
فرع 11 يونيو,ARSB80341,مصب دوش بدون تحويلة كروم,13.000
فرع 11 يونيو,ARSB80342,مصب دوش مع تحويلة طويل كروم,1.000
فرع 11 يونيو,ARSB80350,قصبة دوش دائرية 30 سم كروم,-2.000
فرع 11 يونيو,ARSB80356,مصب حوض وجه بدون تحويلة متحرك كروم,3.000
فرع 11 يونيو,ARSB80360,قصبة دوش 35 سم كروم,-1.000
فرع 11 يونيو,ARSB80362,رقبة خلاط متحركة كروم,4.000
فرع 11 يونيو,ARSB80363,كسكاس دوش مربع 300*300 مم كروم,1.000
فرع 11 يونيو,ARSB80364,كسكاس دوش مربع مع قصبة 250*250 مم كروم,-2.000
فرع 11 يونيو,ARSB80365,سماعة دوش مع طوبو ذهبي,4.000
فرع 11 يونيو,ARSB80370,سماعة دوش كروم,25.000
فرع 11 يونيو,ARSB80376,سماعة دوش مع طوبو كروم,4.000
فرع 11 يونيو,ARSB80378,كسكاس دوش مربع 250*250 مم كروم,7.000
فرع 11 يونيو,ARSB80379,رشاش دوش مربع كروم,14.000
فرع 11 يونيو,ARSB80380,كسكاس دوش مربع 250*250 مم مع قصبة ذهبي,7.000
فرع 11 يونيو,ARSB80381,كسكاس دوش دائري 250 مم كروم,-1.000
فرع 11 يونيو,ARSB80382,سماعة دوش كروم,4.000
فرع 11 يونيو,ARSB80383,كسكاس دوش مربع 300*300 مم كروم,2.000
فرع 11 يونيو,ARSB80385,كسكاس دوش مربع 250*250 مم مع قصبة كروم,1.000
فرع 11 يونيو,ARSB80387,كسكاس دوش مربع 240*240 مم مع قصبة أبيض,1.000
فرع 11 يونيو,ARSB80388,شطاف ظغط مع طوبو كروم,2.000
فرع 11 يونيو,ARSB80390,مصب دوش بدون تحويلة أسود,1.000
فرع 11 يونيو,ARSB80391,مصب دوش مع تحويلة ابيض,2.000
فرع 11 يونيو,ARSB80393,قصبة دوش 28 سم كروم,1.000
فرع 11 يونيو,ARSB80394,قصبة دوش 28 سم كروم,-1.000
فرع 11 يونيو,ARSB80396,قصبة دوش دائري 30 سم كروم,44.000
فرع 11 يونيو,ARSB80397,قصبة دوش 40 سم أسود,3.000
فرع 11 يونيو,ARSB80398,قصبة دوش مربعة 40 سم كروم,1.000
فرع 11 يونيو,ARSB80399,سماعة دوش مع طوبو ذهبي,5.000
فرع 11 يونيو,ARSB8040,شطاف ظغط مربع مع طوبو ذهبي,2.000
فرع 11 يونيو,ARSB80402,"مسكر شطافة ""1/2"" * ""1/2 كروم",1.000
فرع 11 يونيو,ARSB80403,رقبة خلاط متحركة فلتر كروم,8.000
فرع 11 يونيو,ARSB80404,كسكاس رقبة خلاط متحركة كروم,12.000
فرع 11 يونيو,ARSB80405,يد شطاف كروم,3.000
فرع 11 يونيو,ARSB80408,شطاف ظغط مربع مع طوبو كروم,2.000
فرع 11 يونيو,ARSB80409,مصب دوش بدون تحويلة كروم,3.000
فرع 11 يونيو,ARSB80411,نبلس خلاط دوش مع وردة كروم,9.000
فرع 11 يونيو,ARSB80414,مصب دوش مع تحويلة أسود,1.000
فرع 11 يونيو,ARSB80426,مصب دوش مع تحويلة كروم,3.000
فرع 11 يونيو,ARSB80428,كسكاس دوش دائري 250 مم كروم  مع القصبة,3.000
فرع 11 يونيو,ARSB80430,كسكاس دوش مربع  250*250 مم كروم مع قصبة,6.000
فرع 11 يونيو,ARSB80431,كسكاس دوش مربع  300*300 مم كروم مع قصبة,5.000
فرع 11 يونيو,ARSB80432,مخرج شطاف مع علاق ذهبي,2.000
فرع 11 يونيو,ARSB80445,مصب دوش طويل بتحويلة كروم,3.000
فرع 11 يونيو,ARSB80451,سماعة دوش مع طوبو كروم,9.000
فرع 11 يونيو,ARSB80454,شطاف ظغط دائري مع طوبو أسود,2.000
فرع 11 يونيو,ARSB80460,مصب دوش بدون تحويلة كروم,2.000
فرع 11 يونيو,ARSB80462,كسكاس دوش مربع 250 مم  كروم,8.000
فرع 11 يونيو,ARSB80463,سماعة دوش كروم,3.000
فرع 11 يونيو,ARSB80464,كسكاس دوش مربع 300*300 مم كروم,7.000
فرع 11 يونيو,ARSB80465,كسكاس دوش مربع 250*250 مم كروم,3.000
فرع 11 يونيو,ARSB80468,"مسكر شطافة دبل ""1/2"" * ""1/2 كروم",4.000
فرع 11 يونيو,ARSB80477,طوبو دوش 150سم كروم,6.000
فرع 11 يونيو,ARSB80478,قصبة دوش 40 سم سقفية اسود,3.000
فرع 11 يونيو,ARSB80483,مصب دوش بتحويلة كروم,3.000
فرع 11 يونيو,ARSB80498,سماعة دوش مع طوبو كروم,-3.000
فرع 11 يونيو,ARSB80499,سماعة دوش مع طوبو كروم,3.000
فرع 11 يونيو,ARSB80500,شطاف ظغط مربع مع طوبو كروم,-1.000
فرع 11 يونيو,ARSB80505,مخرج شطاف كروم بالعلاقة,-2.000
فرع 11 يونيو,ARSB80522,طوبو شطاف 120 سم كروم,-1.000
فرع 11 يونيو,ARSB80527,شطاف ظغط دائري مع طوبو أسود,3.000
فرع 11 يونيو,ARSB80530,طوبو شطاف 1.2 م رصاصي,7.000
فرع 11 يونيو,ARSB80550,سماعة دوش مع طوبو كروم,2.000
فرع 11 يونيو,ARSB80552,سماعة دوش مع طوبو كروم,5.000
فرع 11 يونيو,ARSB80574,سماعة دوش كروم مع اضاءة لد,3.000
فرع 11 يونيو,ARSB80575,طوبو دوش ألماني كروم,1.000
فرع 11 يونيو,ARSB80594,وجه خلاط شطاف مدفون كروم,3.000
فرع 11 يونيو,ARSB80598,قصبة دوش مربعة 40 سم كروم,11.000
فرع 11 يونيو,ARSB80599,كسكاس دوش مربع شريحه 250 مم,2.000
فرع 11 يونيو,ARSB80601,مصب دوش مع تحويلة ذهبي,5.000
فرع 11 يونيو,ARSB80602,مصب دوش بدون تحويلة ذهبي,3.000
فرع 11 يونيو,ARSB80611,وجه خلاط شطاف مدفون دائري كروم,3.000
فرع 11 يونيو,ARSB80612,وجه خلاط دوش مدفون دائري كروم,3.000
فرع 11 يونيو,ARSB80613,يد خلاط  مدفون كروم,3.000
فرع 11 يونيو,ARSB80639,"مسكر شطافة ""1/2"" * ""1/2 كروم",2.000
فرع 11 يونيو,ARSB80640,"مسكر شطافة ""1/2"" * ""1/2 كروم",-12.000
فرع 11 يونيو,ARSB80656,سماعة دوش مع طوبو كروم,4.000
فرع 11 يونيو,ARSB80657,شطاف ظغط مربع مع طوبو كروم,1.000
فرع 11 يونيو,ARSB80658,شطاف ظغط مربع مع طوبو أسود,4.000
فرع 11 يونيو,ARSB80660,مخرج شطاف مع علاق كروم,16.000
فرع 11 يونيو,ARSB80661,مخرج شطاف كروم,18.000
فرع 11 يونيو,ARSB80662,مخرج شطاف مع علاق كروم,5.000
فرع 11 يونيو,ARSB80666,كسكاس دوش مربع 250*250 مم مع قصبة كروم,1.000
فرع 11 يونيو,ARSB80681,وجه خلاط شطاف مدفون مربع كروم,2.000
فرع 11 يونيو,ARSB80682,وجه خلاط دوش مدفون مربع كروم,3.000
فرع 11 يونيو,ARSB80686,مخرج شطاف مع علاق كروم,45.000
فرع 11 يونيو,ARSB80694,يد خلاط  مدفون كروم,2.000
فرع 11 يونيو,ARSB80709,رقبة خلاط متحركة كروم,2.000
فرع 11 يونيو,ARSB80710,رقبة خلاط متحركة كروم,3.000
فرع 11 يونيو,ARSB80711,رقبة خلاط متحركة كروم,3.000
فرع 11 يونيو,ARSB80717,"مسكر شطافة ""1/2"" * ""1/2 اسود",20.000
فرع 11 يونيو,ARSB80718,مخرج شطاف مربع بالعلاقة كروم,1.000
فرع 11 يونيو,ARSB80719,مصب دوش مع تحويلة ذهبي,2.000
فرع 11 يونيو,ARSB80722,كسكاس دوش دائري 300 مم كروم,1.000
فرع 11 يونيو,ARSB80724,قصبة دوش دائري 40 سم كروم,3.000
فرع 11 يونيو,ARSB80732,كسكاس دوش مربع 300*300 مم ذهبي,5.000
فرع 11 يونيو,ARSB80733,كسكاس دوش مربع 250*250 مم ذهبي,6.000
فرع 11 يونيو,ARSB80734,قصبة دوش دائري 40 سم ذهبي,9.000
فرع 11 يونيو,ARSB80735,قصبة دوش مربعة 40 سم ذهبي,6.000
فرع 11 يونيو,ARSB80736,كسكاس دوش دائري 250 مم ذهبي,3.000
فرع 11 يونيو,ARSB80747,مخرج شطاف مع علاق أسود,9.000
فرع 11 يونيو,ARSB80748,مخرج شطاف ذهبي,9.000
فرع 11 يونيو,ARSB80749,مخرج شطاف ذهبي,10.000
فرع 11 يونيو,ARSB80750,مخرج شطاف أسود,9.000
فرع 11 يونيو,ARSB80754,مصب دوش بدون تحويلة كروم,4.000
فرع 11 يونيو,ARSB80755,مصب دوش بدون تحويلة أسود,12.000
فرع 11 يونيو,ARSB80756,مصب دوش بدون تحويلة ذهبي,10.000
فرع 11 يونيو,ARSB80759,مصب دوش بدون تحويلة ذهبي,12.000
فرع 11 يونيو,ARSB8076,سماعة دوش مع طوبو كروم,3.000
فرع 11 يونيو,ARSB80760,مصب دوش مع تحويلة أسود,11.000
فرع 11 يونيو,ARSB80761,مخرج شطاف مع علاق أسود,9.000
فرع 11 يونيو,ARSB80762,مخرج شطاف مع علاق ذهبي,10.000
فرع 11 يونيو,ARSB80763,مخرج شطاف مع علاق ذهبي,7.000
فرع 11 يونيو,ARSB80764,سماعة دوش مع طوبو ذهبي,6.000
فرع 11 يونيو,ARSB80765,وصلة مسطرة دوش30سم,9.000
فرع 11 يونيو,ARSB80766,شطاف ظغط مع طوبو كروم,1.000
فرع 11 يونيو,ARSB80767,مخرج شطاف كروم,5.000
فرع 11 يونيو,ARSB80768,رشاش دوش كروم,10.000
فرع 11 يونيو,ARSB80771,مخرج شطاف مع علاق ذهبي,6.000
فرع 11 يونيو,ARSB80772,رشاش دوش ذهبي,6.000
فرع 11 يونيو,ARSB80773,قلب خلاط حوض مطبخ شلال,3.000
فرع 11 يونيو,ARSB80774,شطاف ظغط مع طوبو كروم,3.000
فرع 11 يونيو,ARSB80775,مخرج شطاف كروم,2.000
فرع 11 يونيو,ARSB80776,يد خلاط  مدفون كروم,2.000
فرع 11 يونيو,ARSB80781,شطاف ظغط مربع كبيرمع طوبو كروم,3.000
فرع 11 يونيو,ARSB80783,سماعة دوش كروم,3.000
فرع 11 يونيو,ARSB80784,طوبو دوش 200سم كروم,10.000
فرع 11 يونيو,ARSB80788,وجه خلاط دوش مدفون اسود,1.000
فرع 11 يونيو,ARSB8079,مصب دوش طويل بتحويلة كروم,1.000
فرع 11 يونيو,ARSB80790,وجه خلاط شطاف مدفون اسود,1.000
فرع 11 يونيو,ARSB80791,وجه خلاط شطاف مدفون كروم,1.000
فرع 11 يونيو,ARSB80792,قصبة دوش دائري 40 سم كروم,7.000
فرع 11 يونيو,ARSB80793,كسكاس دوش مربع شريحة 250*250 مم مع قصبة كروم,-1.000
فرع 11 يونيو,ARSB80794,مصب دوش بالتحويلة كروم انحاس,1.000
فرع 11 يونيو,ARSB80796,كسكاس دوش دائري شريحة 250*250 مم مع قصبة كروم,5.000
فرع 11 يونيو,ARSB80798,كسكاس دوش مربع سميك 25*25 مم مع قصبة كروم,1.000
فرع 11 يونيو,ARSB80800,مصب دوش بدون تحويلة أبيض,1.000
فرع 11 يونيو,ARSB80801,كسكاس دوش دائري 200 مم مع قصبة أبيض,1.000
فرع 11 يونيو,ARSB80802,مصب دوش بدون تحويلة ذهبي,1.000
فرع 11 يونيو,ARSB80803,كسكاس دوش دائري 200 مم مع قصبة ذهبي,1.000
فرع 11 يونيو,ARSB80804,شطاف ضغط دائري مع طوبو ذهبي,4.000
فرع 11 يونيو,ARSB80805,شطاف ضغط دائري مع طوبو كروم,3.000
فرع 11 يونيو,ARSB80807,شطاف ظغط دائري مع طوبو أسود,1.000
فرع 11 يونيو,ARSB80808,كسكاس دوش دائري كبير شلال مع قصبة ملحومة كروم,1.000
فرع 11 يونيو,ARSB80811,مصب دوش مربع قصير بالتحويله أسود,1.000
فرع 11 يونيو,ARSB80812,مخرج شطاف دائري بالعلاقة أسود,3.000
فرع 11 يونيو,ARSB80813,مصب دوش قصير بتحويلة كروم,6.000
فرع 11 يونيو,ARSB80815,"مسكر شطافة ""1/2"" * ""1/2 أسود",6.000
فرع 11 يونيو,ARSB80816,مخرج شطاف مع علاق أسود,9.000
فرع 11 يونيو,ARSB80817,شطاف ظغط دائري مع طوبو كروم,-1.000
فرع 11 يونيو,ARSB80820,مصب دوش مع تحويلة ذهبي,2.000
فرع 11 يونيو,ARSB80821,مصب دوش مع تحويلة أسود,2.000
فرع 11 يونيو,ARSB80822,مصب دوش مع تحويلة أسود,4.000
فرع 11 يونيو,ARSB80825,كسكاس دوش دائري شريحه 250 مم مع قصبة كروم,9.000
فرع 11 يونيو,ARSB80826,كسكاس دوش دائري 250 مم مع قصبة كروم,9.000
فرع 11 يونيو,ARSB80827,مصب دوش-مربع بدون تحويلة ذهبي,2.000
فرع 11 يونيو,ARSB80828,كسكاس دوش مربع  200 مم مع قصبة ذهبي,2.000
فرع 11 يونيو,ARSB80847,شطاف ظغط مربع مع طوبو كروم,15.000
فرع 11 يونيو,ARSB80848,شطاف ظغط مربع مع طوبو ذهبي,11.000
فرع 11 يونيو,ARSB80849,شطاف ظغط مربع مع طوبو أسود,11.000
فرع 11 يونيو,ARSB80850,سماعة دوش مربعة مع طوبو كروم,9.000
فرع 11 يونيو,ARSB80851,سماعة دوش مربعة مع طوبو أسود,10.000
فرع 11 يونيو,ARSB80853,سماعة دوش دائرية مع طوبو كروم,11.000
فرع 11 يونيو,ARSB80854,سماعة دوش دائرية مع طوبو أسود,1.000
فرع 11 يونيو,ARSB80868,كسكاس دوش مربع 250*250 مم مع قصبة اسود,3.000
فرع 11 يونيو,ARSB80899,مثبت خلاط شجرة,2.000
فرع 11 يونيو,ARSB80901,طوبو دوش 150سم كروم,50.000
فرع 11 يونيو,ARSB80905,سماعة دوش مايك مائلة مع طوبو كروم,2.000
فرع 11 يونيو,ARSB80906,سماعة دوش مع طوبو كروم,8.000
فرع 11 يونيو,ARSB80907,كسكاس دوش مربع 300*200 مم مع قصبة أسود,4.000
فرع 11 يونيو,ARSB80908,كسكاس دوش مربع 300*200 مم مع قصبة كروم,3.000
فرع 11 يونيو,ARSB80909,كسكاس دوش مربع 300*200 مم مع قصبة كروم,5.000
فرع 11 يونيو,ARSB80910,كسكاس دوش مربع 300*200 مم مع قصبة ذهبي,5.000
فرع 11 يونيو,ARSB80914,شطاف ظغط دائري مع طوبو كروم,1.000
فرع 11 يونيو,ARSB80926,مصب دوش نحاس مع تحويلة كروم,13.000
فرع 11 يونيو,ARSB80931,شطاف ظغط دائري كلاسيكي مع طوبو كروم,7.000
فرع 11 يونيو,ARSB80932,شطاف ظغط مربع مع طوبو ذهبي,4.000
فرع 11 يونيو,ARSB80934,مصب حوض وجه طويل بدون تحويلة كروم,11.000
فرع 11 يونيو,ARSB80935,مصب حوض وجه طويل بدون تحويلة كروم,8.000
فرع 11 يونيو,ARSB80937,قصبة دوش سقفية  40 سم كروم,3.000
فرع 11 يونيو,ARSB80938,طوبو شطاف فلتر1.2م رصاصي,8.000
فرع 11 يونيو,ARSB80939,مخرج شطاف مع علاق جانبي كروم,4.000
فرع 11 يونيو,ARSB80940,اكسسوار وجه خلاط شطاف مدفون اسود,3.000
فرع 11 يونيو,ARSB80941,واكسسوار وجه خلاط دوش مدفون اسود,3.000
فرع 11 يونيو,ARSB80942,وردة خلاط شطاف مدفون كروم,4.000
فرع 11 يونيو,ARSB80943,وردة خلاط دوش مدفون كروم,4.000
فرع 11 يونيو,ARSB80944,يد خلاط  مدفون كروم,4.000
فرع 11 يونيو,ARSB80951,كسكاس دوش مربع شريحه 250 مم,1.000
فرع 11 يونيو,ARSB80963,سماعة دوش مع طوبو كروم,-4.000
فرع 11 يونيو,ARSB80979,مصب دوش مربع بالتحويله أسود,1.000
فرع 11 يونيو,ARSB80988,كسكاس دوش دائري 250 مم كروم,1.000
فرع 11 يونيو,ARSB80989,شطاف ظغط مجرح مع طوبو كروم,4.000
فرع 11 يونيو,ARSB80994,كسكاس دوش مربع 300*300 مم مع قصبة كروم,1.000
فرع 11 يونيو,ARSB80995,كسكاس دوش مربع 300*300 مم كروم,2.000
فرع 11 يونيو,ARSB80996,كسكاس دوش دائري 250 مم كروم,2.000
فرع 11 يونيو,ARSB80997,كسكاس دوش مربع 200*200 مم مع قصبة كروم,3.000
فرع 11 يونيو,ARSB81002,شطاف ضغط مربع مع طوبو ذهبي,4.000
فرع 11 يونيو,ARSB81009,سماعة دوش مع طوبو كروم,9.000
فرع 11 يونيو,ARSB81010,سماعة دوش مع طوبو كروم,8.000
فرع 11 يونيو,ARSB81011,طوبو شطاف فلتر1.2م كروم,11.000
فرع 11 يونيو,ARSB81012,علاقة سماعة دوش كبيرة متحركة كروم,20.000
فرع 11 يونيو,ARSB81013,مخرج شطاف مع علاق كروم مع مسكر,7.000
فرع 11 يونيو,ARSB81015,علاقة سماعة دوش كبيرة متحركة كروم,5.000
فرع 11 يونيو,ARSB81016,علاقة سماعة دوش جانبية كروم,1.000
فرع 11 يونيو,ARSB81036,كسكاس دوش دائري 250*250 مم مع قصبة اسود,5.000
فرع 11 يونيو,ARSB81038,وصلة مسطرة دوش40سم ذهبي,5.000
فرع 11 يونيو,ARSB81039,وصلة مسطرة دوش40سم أسود,5.000
فرع 11 يونيو,ARSB81040,اكسسوار خلاط دوش مدفون دائري أسود,1.000
فرع 11 يونيو,ARSB81041,اكسسوار خلاط شطاف مدفون دائري أسود,1.000
فرع 11 يونيو,ARSB81042,اكسسوار خلاط دوش مدفون دائري ذهبي,2.000
فرع 11 يونيو,ARSB81043,اكسسوار خلاط شطاف مدفون دائري ذهبي,2.000
فرع 11 يونيو,ARSB81044,اكسسوار خلاط شطاف مدفون دائري كروم,2.000
فرع 11 يونيو,ARSB81045,اكسسوار خلاط دوش مدفون دائري كروم,2.000
فرع 11 يونيو,ARSB81046,وصلة مسطرة دوش60 كروم سم,10.000
فرع 11 يونيو,ARSB81047,وصلة مسطرة دوش40سم كروم,7.000
فرع 11 يونيو,ARSB81054,اكسسوار خلاط دوش مدفون مربع ذهبي,4.000
فرع 11 يونيو,ARSB81055,اكسسوار خلاط شطاف مدفون مربع ذهبي,4.000
فرع 11 يونيو,ARSB81066,سماعة دوش مع طوبو ذهبي,5.000
فرع 11 يونيو,ARSB81067,مصب دوش مع تحويلة ذهبي,5.000
فرع 11 يونيو,ARSB81068,كسكاس دوش مربع 300*300 مم كروم,3.000
فرع 11 يونيو,ARSB81070,"مسكر شطافة ""1/2"" * ""1/2 ذهبي",23.000
فرع 11 يونيو,ARSB81071,مصب دوش مع تحويلة ذهبي,3.000
فرع 11 يونيو,ARSB81072,كسكاس دوش مربع 300*300 مم مع قصبة كروم,5.000
فرع 11 يونيو,ARSB81097,شطاف ظغط دائري مع طوبو كروم,6.000
فرع 11 يونيو,ARSB81098,شطاف ظغط مربع مع طوبو كروم,7.000
فرع 11 يونيو,ARSB81099,شطاف ظغط دائري مع طوبو كروم,8.000
فرع 11 يونيو,ARSB81100,قصبة دوش 40 سم كروم,10.000
فرع 11 يونيو,ARSB81101,قصبة دوش 40 سم كروم,9.000
فرع 11 يونيو,ARSB81124,شطاف ظغط مربع مع طوبو كروم,10.000
فرع 11 يونيو,ARSB81125,شطاف ظغط دائرية مع طوبو كروم,6.000
فرع 11 يونيو,ARSB81126,شطاف ظغط مربعة مع طوبو كروم,1.000
فرع 11 يونيو,ARSB81127,مخرج شطاف بالعلاقة مربع كروم,10.000
فرع 11 يونيو,ARSB81128,مخرج شطاف مربع كروم,10.000
فرع 11 يونيو,ARSB81144,شطاف ظغط ايطالية بلاستك,6.000
فرع 11 يونيو,ARSB81145,شطاف ظغط ايطالية بلاستك,6.000
فرع 11 يونيو,ARSB84562,كسكاس دوش مربع 250*250 مم اسود,5.000
فرع 11 يونيو,ARSB87799,شطاف ظغط دائري مع طوبو كروم,2.000
فرع 11 يونيو,ARSB88400,طوبو شطاف 120 سم كروم,3.000
فرع 11 يونيو,ARSB88868,مخرج شطاف مربع بالعلاقة أسود,10.000
فرع 11 يونيو,ARSB88899,سماعة دوش مع طوبو كروم,1.000
فرع 11 يونيو,ART0002,سرفنتينة 15 سم * 15 سم كروم,7.000
فرع 11 يونيو,ART0003,حوض مطبخ ستانلس ستيل نص منظومة  304 75*45كروم,18.000
فرع 11 يونيو,ART0006,قصبة دوش مربعة 30 سم كروم,3.000
فرع 11 يونيو,ART0007,كسكاس دوش مربع 200*200 مم كروم,1.000
فرع 11 يونيو,ART0023,صابونية كروم,3.000
فرع 11 يونيو,ART0024,حاملة فوط كروم,-1.000
فرع 11 يونيو,ART0025,حاملة فوط كروم,1.000
فرع 11 يونيو,ART0030,قصبة دوش مربعة 45 سم كروم,7.000
فرع 11 يونيو,ART0033,سماعة دوش مع طوبو كروم,3.000
فرع 11 يونيو,ART0039,حامل ورق منظف كلينكس,1.000
فرع 11 يونيو,ART0118,راس غاز,1.000
فرع 11 يونيو,ART0200,سيفون حوض المطبخ,-4.000
فرع 11 يونيو,ART0226,سرفنتينة 15 سم * 15 سم كروم,-4.000
فرع 11 يونيو,ART0302,شطاف ظغط دائري مع طوبو كروم,-2.000
فرع 11 يونيو,ART0367,رشاش دوش مربع كروم,-5.000
فرع 11 يونيو,ART0719,متبث مقعد معلق CITY,2.000
فرع 11 يونيو,ART0746,مرايا حمام مع إضاءة لد,-1.000
فرع 11 يونيو,ART0764,مصب دوش بالتحويلة كروم انحاس,-1.000
فرع 11 يونيو,ATWC50091,رجسترو مقعد أرضي مائل 7 سم,4.000
فرع 11 يونيو,ATWC50098,صندوق بتارية مقعد أرضي,-2.000
فرع 11 يونيو,ATWC50156,مثبت غطاء مقعد سكة هندي,3.000
فرع 11 يونيو,ATWC50157,مثبت غطاء مقعد سكة بلستك,3.000
فرع 11 يونيو,ATWC50158,مثبت غطاء مقعد ضغط كروم بالوردة,2.000
فرع 11 يونيو,ATWC50167,وصلة بتارية مدفونة 35 سم,12.000
فرع 11 يونيو,ATWC50168,وصلة بتارية مدفونة مائلة 25 سم,2.000
فرع 11 يونيو,ATWC50178,زر بتريا كروم,5.000
فرع 11 يونيو,ATWC50179,زر بتريا ذهبي,3.000
فرع 11 يونيو,ATWC50180,زر بتريا كروم,6.000
فرع 11 يونيو,ATWC50181,زر بتريا كروم,3.000
فرع 11 يونيو,ATWC50184,رجسترو مقعد أرضي مائل 7 سم,2.000
فرع 11 يونيو,ATWC50191,مثبت مقعد أرضي حرف L,28.000
فرع 11 يونيو,ATWC50196,مثبت مقعد أرضي,17.000
فرع 11 يونيو,ATWC50197,مثبت صندوق بتارية مقعد أرضي,9.000
فرع 11 يونيو,ATWC50205,زر بتريا كروم,1.000
فرع 11 يونيو,ATWC50207,مثبت غطاء مقعد,3.000
فرع 11 يونيو,ATWC50208,رجسترومقعد أرضي 40 سم,2.000
فرع 11 يونيو,ATWC50209,مثبت صندوق بتارية مقعد أرضي,3.000
فرع 11 يونيو,ATWC50210,مثبت غطاء مقعد جانبي,4.000
فرع 11 يونيو,ATWC50214,بتارية مقعد أرضي جنب,-1.000
فرع 11 يونيو,ATWC50215,بتارية مقعد أرضي تحت,6.000
فرع 11 يونيو,ATWC50218,بتارية مقعد أرضي ملحوم تحت 28 سم,18.000
فرع 11 يونيو,ATWC50226,طقم تثبيت المرحاض المعلق على الحائط,3.000
فرع 11 يونيو,ATWC50231,مثبت صندوق بتارية مقعد أرضي,5.000
فرع 11 يونيو,ATWC50232,بتارية مقعد أرضي تحت في كييس,9.000
فرع 11 يونيو,ATWC50233,بتارية مقعد أرضي تحت في كييس,5.000
فرع 11 يونيو,ATWC50244,مثبت مقعد أرضي,5.000
فرع 11 يونيو,ATWC50245,رجسترو مقعد أرضي مستقيم,3.000
فرع 11 يونيو,ATWC50246,رجسترو مقعد أرضي مائل 3 سم,-2.000
فرع 11 يونيو,ATWC50258,زر بتريا كروم,4.000
فرع 11 يونيو,ATWC50261,زر بتارية مقعد,15.000
فرع 11 يونيو,ATWC50313,صندوق طرد مدفون بتارية مع زر دائري 9 لتر,7.000
فرع 11 يونيو,ATWC50314,صندوق طرد مدفون بتارية مع زر مربع 9 لتر,8.000
فرع 11 يونيو,ATWC50347,زر بتريا كروم,-2.000
فرع 11 يونيو,ATWC50388,وصلة بتارية مدفونة 22 سم,-1.000
فرع 11 يونيو,ATWC50424,بتارية مقعد أرضي تحت,6.000
فرع 11 يونيو,ATWC50450,غطاء خزان,1.000
فرع 11 يونيو,ATWC50472,بتارية مقعد أرضي جنب,1.000
فرع 11 يونيو,ATWC50525,زر بتريا أسود,4.000
فرع 11 يونيو,ATWC50540,صندوق بتارية مقعد أرضي,1.000
فرع 11 يونيو,ATWC50761,زر بتريا كروم,5.000
فرع 11 يونيو,ATWC51060,طقم تثبيت المرحاض المعلق على الحائط,10.000
فرع 11 يونيو,ATWC51080,زر بتريا أسود,2.000
فرع 11 يونيو,ATWC51081,زر بتريا ذهبي,3.000
فرع 11 يونيو,ATWC51082,زر بتريا مربع ذهبي,3.000
فرع 11 يونيو,BAI10238,حوض استحمام بانيو 120*70*55 سم,1.000
فرع 11 يونيو,BAI10582,حوض استحمام بانيو برشلونة 190*90سم,1.000
فرع 11 يونيو,CC10189,صليبة سن ذكر 100 قطعة,1.000
فرع 11 يونيو,CC10308,كولة حائط 20 كغ,-5.000
فرع 11 يونيو,CD40001,مسطرة دوش زوجية مربعة كروم,1.000
فرع 11 يونيو,CD40002,مسطرة دوش زوجية كروم,3.000
فرع 11 يونيو,CD40006,مسطرة دوش زوجية كروم,1.000
فرع 11 يونيو,CD40007,مسطرة دوش زوجية ذهبي,1.000
فرع 11 يونيو,CD40008,مسطرة دوش زوجية اسود,1.000
فرع 11 يونيو,CD40010,مسطرة دوش زوجية كروم,-2.000
فرع 11 يونيو,CD40012,مسطرة دوش فرديه أسود,1.000
فرع 11 يونيو,CD40016,مسطرة دوش زوجية كروم,1.000
فرع 11 يونيو,CD40050,مسطرة دوش زوجية كروم,-1.000
فرع 11 يونيو,CD40097,مسطرة دوش زوجية كروم,3.000
فرع 11 يونيو,CD40101,مسطرة دوش زوجية كروم,2.000
فرع 11 يونيو,CD40105,مسطرة دوش زوجية كروم,2.000
فرع 11 يونيو,CD40162,مسطرة دوش زوجية دهبي,2.000
فرع 11 يونيو,CD40235,مسطرة دوش مع خلاط ذهبي,1.000
فرع 11 يونيو,CD40236,مسطرة دوش مع خلاط كروم,-2.000
فرع 11 يونيو,CD40238,مسطرة دوش مع خلاط  دهبي,2.000
فرع 11 يونيو,CD40239,مسطرة دوش مع خلاط  كروم,1.000
فرع 11 يونيو,CD40240,مسطرة دوش مع خلاط اسود,1.000
فرع 11 يونيو,CD40403,مسطرة دوش زوجية كروم,3.000
فرع 11 يونيو,CD40404,مسطرة دوش زوجية كروم,3.000
فرع 11 يونيو,CD40426,مسطرة دوش زوجية كروم,2.000
فرع 11 يونيو,CD40448,مسطرة دوش زوجية كروم,1.000
فرع 11 يونيو,CD40540,مسطرة دوش زوجية كروم,5.000
فرع 11 يونيو,CD40542,مسطرة دوش زوجية مع خلاط كروم,8.000
فرع 11 يونيو,CD40621,مسطرة دوش زوجية مربعة مع خلاط كروم,7.000
فرع 11 يونيو,CD40622,مسطرة دوش زوجية مربعة مع خلاط أسود,5.000
فرع 11 يونيو,CD40631,مسطرة دوش زوجية مع خلاط دجتل رصاصي,1.000
فرع 11 يونيو,CD40656,مسطرة دوش زوجية مع خلاط دجتل رصاصي,3.000
فرع 11 يونيو,CD40753,مسطرة دوش زوجية اسود,2.000
فرع 11 يونيو,CD40754,مسطرة دوش زوجية اسود,3.000
فرع 11 يونيو,CD40755,مسطرة دوش زوجية كروم,2.000
فرع 11 يونيو,CD40760,مسطرة دوش زوجية كروم,3.000
فرع 11 يونيو,CD40762,مسطرة دوش زوجية كروم,4.000
فرع 11 يونيو,CD40768,مسطرة دوش فرديه كروم,6.000
فرع 11 يونيو,CD40782,مسطرة دوش زوجية اسود,-1.000
فرع 11 يونيو,CD40787,مسطرة دوش زوجية دهبي,6.000
فرع 11 يونيو,CD40813,مسطرة دوش زوجية كروم,3.000
فرع 11 يونيو,CD40931,مسطرة دوش زوجية كروم,1.000
فرع 11 يونيو,CE10007,سخانة 80 لتر,2.000
فرع 11 يونيو,CE10104,سخانة 50 لتر,4.000
فرع 11 يونيو,CE10261,سخانة 30 لتر,3.000
فرع 11 يونيو,CE10264,سخانة 50 لتر,-2.000
فرع 11 يونيو,CE10265,سخانة 80 لتر,10.000
فرع 11 يونيو,CE10268,سخانة 30 لتر,1.000
فرع 11 يونيو,CE10546,سخانة 80 لتر افقية,1.000
فرع 11 يونيو,CE10925,سخانة 80 لتر عمودية,3.000
فرع 11 يونيو,CE10930,سخانة عمودية   50 لتر,4.000
فرع 11 يونيو,CE11002,سخانة 50 لتر أفقية,1.000
فرع 11 يونيو,CE11035,سخانة مربعة   30 لتر,2.000
فرع 11 يونيو,CE11088,سخانة 50 لتر أفقية,3.000
فرع 11 يونيو,DAF0887,دفاية كروم,3.000
فرع 11 يونيو,EG30093,حوض مطبخ جرانيت رملي محبب 70*50,2.000
فرع 11 يونيو,EG30108,حوض مطبخ جرانيت أبيض محبب 80*50,7.000
فرع 11 يونيو,EG30192,حوض مطبخ جرانيت أسود 80*50,2.000
فرع 11 يونيو,EG30193,حوض مطبخ جرانيت أبيض محبب 90*50,1.000
فرع 11 يونيو,EG30195,حوض مطبخ جرانيت رملي محبب 90*50,3.000
فرع 11 يونيو,EG30246,حوض مطبخ جرانيت أبيض 70*50,3.000
فرع 11 يونيو,EG30248,حوض مطبخ جرانيت أبيض محبب 70*50,-2.000
فرع 11 يونيو,EG30249,حوض مطبخ جرانيت رصاصي محبب 90*50,4.000
فرع 11 يونيو,EG30250,حوض مطبخ جرانيت أسود محبب 90*50,2.000
فرع 11 يونيو,EG30251,حوض مطبخ جرانيت أسود محبب 70*50,1.000
فرع 11 يونيو,EG30252,حوض مطبخ جرانيت أسود  80*50,2.000
فرع 11 يونيو,EG30253,حوض مطبخ جرانيت رصاصي محبب 80*50,2.000
فرع 11 يونيو,EG30256,حوض مطبخ جرانيت رملي محبب 80*50,1.000
فرع 11 يونيو,EG30257,حوض مطبخ جرانيت أبيض محبب  80*50,5.000
فرع 11 يونيو,EG30292,حوض مطبخ جرانيت رصاصي محبب  80*50,5.000
فرع 11 يونيو,EG30418,حوض مطبخ جرانيت بيج محبب 55*44,1.000
فرع 11 يونيو,EG30419,حوض مطبخ جرانيت رمادي محبب 55*44,2.000
فرع 11 يونيو,EG30565,حوض مطبخ جرانيت أسود محبب  47.5*47.5,1.000
فرع 11 يونيو,EG30566,حوض مطبخ جرانيت أبيض محبب  47.5*47.5,2.000
فرع 11 يونيو,EG30567,حوض مطبخ جرانيت رصاصي محبب  47.5*47.5,1.000
فرع 11 يونيو,EG30728,حوض مطبخ جرانيت أبيض  80*50,2.000
فرع 11 يونيو,EG30729,حوض مطبخ جرانيت أبيض  60*50,2.000
فرع 11 يونيو,EG30770,حوض مطبخ جرانيت أسود  100*50,-1.000
فرع 11 يونيو,EG30811,حوض مطبخ جرانيت أبيض   80*50,11.000
فرع 11 يونيو,EG30858,حوض مطبخ جرانيت أسود 80*45 زوجي,3.000
فرع 11 يونيو,EG30859,حوض مطبخ جرانيت رصاصي 80*45 زوجي,3.000
فرع 11 يونيو,EG30863,حوض مطبخ جرانيت أبيض مطفي79*51 فردي,1.000
فرع 11 يونيو,EG30864,حوض مطبخ جرانيت بيج79*51 فردي,4.000
فرع 11 يونيو,EG30865,حوض مطبخ جرانيت أسود مطفي79*51 فردي,6.000
فرع 11 يونيو,EG30866,حوض مطبخ جرانيت رصاصي79*51 فردي,2.000
فرع 11 يونيو,EG30867,حوض مطبخ جرانيت أبيض مطفي60*45 فردي,5.000
فرع 11 يونيو,EG30868,حوض مطبخ جرانيت بيج60*45 فردي,2.000
فرع 11 يونيو,EG30869,حوض مطبخ جرانيت أسود مطفي60*45 فردي,3.000
فرع 11 يونيو,EG30870,حوض مطبخ جرانيت رصاصي60*45 فردي,3.000
فرع 11 يونيو,EG30871,حوض مطبخ جرانيت رصاصي72*47 فردي,2.000
فرع 11 يونيو,EG30872,حوض مطبخ جرانيت أسود مطفي72*47 فردي,3.000
فرع 11 يونيو,EG30873,حوض مطبخ جرانيت بيج72*47 فردي,3.000
فرع 11 يونيو,EG30875,حوض مطبخ جرانيت أبيض مطفي72*47 فردي,6.000
فرع 11 يونيو,EG30877,حوض مطبخ جرانيت بيج80*50 فردي,1.000
فرع 11 يونيو,EG30878,حوض مطبخ جرانيت أسود مطفي50*43 فردي,3.000
فرع 11 يونيو,EG30880,حوض مطبخ جرانيت رصاصي50*43 فردي,2.000
فرع 11 يونيو,EG30882,حوض مطبخ جرانيت بيج78*50 فردي,2.000
فرع 11 يونيو,EG30883,حوض مطبخ جرانيت رصاصي78*50 فردي,1.000
فرع 11 يونيو,EG40082,رف حوض وجه برسلين 90 سم,2.000
فرع 11 يونيو,EG40102,رف حوض وجه برسلين 80 سم,1.000
فرع 11 يونيو,EG40106,رف حوض وجه برسلين 80 سم,1.000
فرع 11 يونيو,EG40149,رف حوض وجه برسلين 100 سم,1.000
فرع 11 يونيو,EG40150,رف حوض وجه برسلين 80 سم,3.000
فرع 11 يونيو,EG40156,رف حوض وجه برسلين 80 سم,1.000
فرع 11 يونيو,EG40173,رف حوض وجه برسلين 80 سم,3.000
فرع 11 يونيو,EG40177,رف حوض وجه برسلين 80 سم,1.000
فرع 11 يونيو,EG40179,رف حوض وجه برسلين 80 سم,4.000
فرع 11 يونيو,EG40181,رف حوض وجه برسلين 100 سم,1.000
فرع 11 يونيو,EG40184,رف حوض وجه برسلين 80 سم,5.000
فرع 11 يونيو,EG40186,رف حوض وجه برسلين 80 سم,2.000
فرع 11 يونيو,EG40188,رف حوض وجه برسلين 80 سم,6.000
فرع 11 يونيو,EG40342,رف حوض وجه برسلين 80 سم,1.000
فرع 11 يونيو,EG40345,رف حوض وجه برسلين 80 سم,2.000
فرع 11 يونيو,EG40346,رف حوض وجه برسلين 80 سم,2.000
فرع 11 يونيو,EG40347,رف حوض وجه برسلين 80 سم,1.000
فرع 11 يونيو,EG40348,رف حوض وجه برسلين 80 سم,1.000
فرع 11 يونيو,EG40349,رف حوض وجه برسلين 80 سم,1.000
فرع 11 يونيو,EG40351,رف حوض وجه برسلين 80 سم,1.000
فرع 11 يونيو,EG40352,رف حوض وجه برسلين 80 سم,1.000
فرع 11 يونيو,EG40353,رف حوض وجه برسلين 80 سم,1.000
فرع 11 يونيو,EG40355,رف حوض وجه برسلين 65 سم,3.000
فرع 11 يونيو,EG40356,رف حوض وجه برسلين 60 سم,2.000
فرع 11 يونيو,EG40357,رف حوض وجه برسلين 65 سم,2.000
فرع 11 يونيو,EG40358,رف حوض وجه برسلين 65 سم,2.000
فرع 11 يونيو,EG40359,رف حوض وجه برسلين 65 سم,1.000
فرع 11 يونيو,EG40360,رف حوض وجه برسلين 65 سم,3.000
فرع 11 يونيو,EG40370,رف حوض وجه برسلين 80 سم,2.000
فرع 11 يونيو,EG40371,رف حوض وجه برسلين 80 سم,2.000
فرع 11 يونيو,EG40372,رف حوض وجه برسلين 80 سم,1.000
فرع 11 يونيو,EG40373,رف حوض وجه برسلين 80 سم,1.000
فرع 11 يونيو,EG40375,رف حوض وجه برسلين 80 سم,3.000
فرع 11 يونيو,EG40392,رف حوض وجه برسلين 80 سم,1.000
فرع 11 يونيو,EG40395,رف حوض وجه برسلين 80 سم,1.000
فرع 11 يونيو,EG40446,رف حوض وجه برسلين 65 سم,1.000
فرع 11 يونيو,EG40609,رف رخامي كوارتز 60*50سم,1.000
فرع 11 يونيو,EG40748,رف كواريون كوارتز 80سم أبيض,3.000
فرع 11 يونيو,EG40750,رف كواريون كوارتز 80سم أبيض,2.000
فرع 11 يونيو,EG40774,رف كواريون كوارتز 60سم,3.000
فرع 11 يونيو,EG40862,رف كواريون كوارتز 100سم أبيض,3.000
فرع 11 يونيو,EG40940,رف كواريون كوارتز 100سم,2.000
فرع 11 يونيو,EG40982,رف كواريون كوارتز 100سم أبيض,3.000
فرع 11 يونيو,EG40988,رف كواريون كوارتز 80سم أبيض,1.000
فرع 11 يونيو,EL10005,حوض مطبخ ستانلس ستيل   304,1.000
فرع 11 يونيو,EL10006,حوض مطبخ ستانلس ستيل AS248 50*81,1.000
فرع 11 يونيو,EL10017,حوض مطبخ ستانلس ستيل   304 81*51 كروم,2.000
فرع 11 يونيو,EL10019,حوض مطبخ ستانلس ستيل   304 85*45 كروم,1.000
فرع 11 يونيو,EL10020,حوض مطبخ ستانلس ستيل   304 86 * 45 سم,3.000
فرع 11 يونيو,EL10040,حوض مطبخ ستانلس ستيل   304 76*45 سم كروم,11.000
فرع 11 يونيو,EL10136,حوض مطبخ ستانلس ستيل   304 60 * 45 سم,4.000
فرع 11 يونيو,EL10137,حوض مطبخ ستانلس ستيل   304 70 * 45 سم,1.000
فرع 11 يونيو,EL10166,حوض مطبخ ستانلس ستيل منظومة بيانو 304 75*45 كروم,2.000
فرع 11 يونيو,EL10237,حوض مطبخ ستانلس ستيل   304 50*50 كروم,-1.000
فرع 11 يونيو,EL10241,حوض مطبخ ستانلس ستيل نص منظومة  304 75*45 أسود,6.000
فرع 11 يونيو,EL10242,حوض مطبخ ستانلس ستيل منظومة بيانو 304 75*46 أسود,4.000
فرع 11 يونيو,EL10385,حوض مطبخ ستانلس ستيل   304 81 *45 سم,2.000
فرع 11 يونيو,EL10386,حوض مطبخ ستانلس ستيل   304 65 * 45 سم,1.000
فرع 11 يونيو,EL10387,حوض مطبخ ستانلس ستيل   304 75 * 45 سم,2.000
فرع 11 يونيو,EL10403,حوض مطبخ ستانلس ستيل منظومة دائري بيانو 304 75*46 كروم,1.000
فرع 11 يونيو,EL10432,حوض مطبخ ستانلس ستيل   304 50 * 45 سم,1.000
فرع 11 يونيو,EL10433,حوض مطبخ ستانلس ستيل 76*45 سم أسود,4.000
فرع 11 يونيو,EL10595,حوض مطبخ ستانلس ستيل 304 80*45,3.000
فرع 11 يونيو,EL10685,حوض مطبخ ستانلس ستيل 304 75*45,2.000
فرع 11 يونيو,EL10701,حوض مطبخ ستانلس ستيل منظومة بيانو 304 75*46 كروم,3.000
فرع 11 يونيو,EL10702,حوض مطبخ ستانلس ستيل منظومة بيانو 304 75*46 أسود,5.000
فرع 11 يونيو,EL10770,حوض مطبخ ستانلس ستيل 304 78*43,1.000
فرع 11 يونيو,EL10865,حوض مطبخ ستانلس ستيل   304 76 *50.5 سم,1.000
فرع 11 يونيو,EL10866,حوض مطبخ ستانلس ستيل    تحت الرخامة 304 86 * 44 سم,3.000
فرع 11 يونيو,EL10884,حوض مطبخ ستانلس ستيل   65*45 أسود,2.000
فرع 11 يونيو,EL10885,حوض مطبخ ستانلس ستيل   65*45 رصاصي,3.000
فرع 11 يونيو,EL10886,حوض مطبخ ستانلس ستيل   60*45 رصاصي,3.000
فرع 11 يونيو,EL10888,حوض مطبخ ستانلس ستيل   80*48 رصاصي,4.000
فرع 11 يونيو,EL10933,حوض مطبخ ستانلس ستيل تحت الرخامة 304 75*44 سم,1.000
فرع 11 يونيو,EL10934,حوض مطبخ ستانلس ستيل   304 تحت الرخامة 76.2*40*22سم كروم,4.000
فرع 11 يونيو,EL10985,حوض مطبخ ستانلس ستيل تحت الرخامة 304 50*40*22 سم,3.000
فرع 11 يونيو,FAB0100,تصنيع قاعدة برسلين,-2.000
فرع 11 يونيو,FAB0175,طلاء وجه خلاط شطافة,-13.000
فرع 11 يونيو,FAB0176,طلاء وجه خلاط دوش,-12.000
فرع 11 يونيو,FAB0177,طلاء وجه زر بتارية,-9.000
فرع 11 يونيو,FAB0178,طلاء وجه مسكر بي بي ار,-3.000
فرع 11 يونيو,FAB0559,تصنيع حوض مع قاعدة برسلين,-2.000
فرع 11 يونيو,FAB1064,تصنيع حوض مع قاعدة برسلين,-1.000
فرع 11 يونيو,FAB1089,تصنيع قاعدة برسلين,-1.000
فرع 11 يونيو,LG40081,قاعدة حوض وجه برسلين 90 سم,1.000
فرع 11 يونيو,LG40100,حوض وجه برسلين مشطوف مع رف 60,2.000
فرع 11 يونيو,LG40105,حوض وجه برسلين 80 سم,1.000
فرع 11 يونيو,LG40112,حوض وجه برسلين مشطوف 80 سم,1.000
فرع 11 يونيو,LG40147,حوض وجه برسلين 100 سم,1.000
فرع 11 يونيو,LG40149,حوض وجه برسلين مشطوف 80 سم,3.000
فرع 11 يونيو,LG40155,حوض وجه برسلين مشطوف لد 80 سم,3.000
فرع 11 يونيو,LG40172,حوض وجه برسلين مشطوف 80 سم,3.000
فرع 11 يونيو,LG40176,حوض وجه برسلين مشطوف 80 سم,1.000
فرع 11 يونيو,LG40178,حوض وجه برسلين مشطوف 80 سم,4.000
فرع 11 يونيو,LG40180,حوض وجه برسلين 100 سم,1.000
فرع 11 يونيو,LG40183,حوض وجه برسلين مشطوف 80 سم,5.000
فرع 11 يونيو,LG40185,حوض وجه برسلين مشطوف 80 سم,2.000
فرع 11 يونيو,LG40187,حوض وجه برسلين مشطوف 80 سم,5.000
فرع 11 يونيو,LG40193,حوض وجه برسلين مشطوف مع رف 80 سم,-4.000
فرع 11 يونيو,LG40194,حوض وجه برسلين مشطوف مع رف 80 سم,-1.000
فرع 11 يونيو,LG40315,حوض وجه برسلين مشطوف 80 سم,2.000
فرع 11 يونيو,LG40318,حوض وجه برسلين مشطوف 80 سم,2.000
فرع 11 يونيو,LG40319,حوض وجه برسلين مشطوف 80 سم,1.000
فرع 11 يونيو,LG40320,حوض وجه برسلين مشطوف 80 سم,1.000
فرع 11 يونيو,LG40322,حوض وجه برسلين 80 سم,1.000
فرع 11 يونيو,LG40323,حوض وجه برسلين 65 سم,1.000
فرع 11 يونيو,LG40324,حوض وجه برسلين 65 سم,1.000
فرع 11 يونيو,LG40325,حوض وجه برسلين مشطوف 80 سم,2.000
فرع 11 يونيو,LG40326,حوض وجه برسلين مشطوف 80 سم,1.000
فرع 11 يونيو,LG40328,حوض وجه برسلين 80 سم,1.000
فرع 11 يونيو,LG40329,حوض وجه برسلين 80 سم,1.000
فرع 11 يونيو,LG40330,حوض وجه برسلين 65 سم,3.000
فرع 11 يونيو,LG40331,حوض وجه برسلين 65 سم,1.000
فرع 11 يونيو,LG40332,حوض وجه برسلين 65 سم,2.000
فرع 11 يونيو,LG40336,حوض وجه برسلين 100 سم,-1.000
فرع 11 يونيو,LG40361,حوض وجه برسلين 60 سم,2.000
فرع 11 يونيو,LG40368,حوض وجه برسلين مشطوف 80 سم,1.000
فرع 11 يونيو,LG40369,حوض وجه برسلين مشطوف 80 سم,2.000
فرع 11 يونيو,LG40374,حوض وجه برسلين 80 سم,3.000
فرع 11 يونيو,LG40375,حوض وجه برسلين مشطوف 80 سم,2.000
فرع 11 يونيو,LG40388,حوض وجه برسلين مع رف 65 سم,-2.000
فرع 11 يونيو,LG40391,حوض وجه برسلين 80 سم,1.000
فرع 11 يونيو,LG40394,حوض وجه برسلين 80 سم,1.000
فرع 11 يونيو,LG40400,حوض وجه برسلين 80 سم,1.000
فرع 11 يونيو,LG40445,حوض وجه برسلين 80 سم,1.000
فرع 11 يونيو,LG40749,حوض كواريون كوارتز80سم أبيض,3.000
فرع 11 يونيو,LG40751,حوض كواريون كوارتز80سم أبيض,2.000
فرع 11 يونيو,LG40773,حوض كواريون كوارتز 60سم,3.000
فرع 11 يونيو,LG40795,حوض كواريون كوارتزأبيض 60سم,1.000
فرع 11 يونيو,LG40861,حوض كواريون كوارتز100سم أبيض,3.000
فرع 11 يونيو,LG40902,حوض رخامي كوريان 80سم,3.000
فرع 11 يونيو,LG40939,حوض كواريون كوارتز 100سم,2.000
فرع 11 يونيو,LG40981,حوض كواريون كوارتز100سم أبيض,3.000
فرع 11 يونيو,LG40987,حوض كواريون كوارتز80سم أبيض,1.000
فرع 11 يونيو,LG41028,حوض مع رف كواريون كوارتز 80سم أبيض,3.000
فرع 11 يونيو,LG41137,حوض معا رف كوارتز80سم أبيض,1.000
فرع 11 يونيو,MA20010,خلاط حوض المطبخ سحاب كروم,1.000
فرع 11 يونيو,MA20014,خلاط حوض المطبخ سحاب أسود,3.000
فرع 11 يونيو,MA20018,خلاط حوض المطبخ سحاب كروم,-1.000
فرع 11 يونيو,MA20019,خلاط حوض المطبخ سحاب ذهبي,2.000
فرع 11 يونيو,MA20021,خلاط حوض المطبخ سحاب ذهبي,1.000
فرع 11 يونيو,MA20030,خلاط حوض المطبخ سحاب أسود,2.000
فرع 11 يونيو,MA20041,خلاط حوض المطبخ سحاب دهبي,2.000
فرع 11 يونيو,MA20050,خلاط حوض المطبخ سحاب أسود,1.000
فرع 11 يونيو,MA20051,خلاط حوض المطبخ سحاب اسود,3.000
فرع 11 يونيو,MA20120,خلاط حوض المطبخ دبل سحاب أسود,1.000
فرع 11 يونيو,MA20122,خلاط حوض المطبخ سحاب كروم,-1.000
فرع 11 يونيو,MA20460,خلاط حوض المطبخ سحاب كروم,4.000
فرع 11 يونيو,MA20461,خلاط حوض المطبخ سحاب كروم,5.000
فرع 11 يونيو,MA20462,خلاط حوض المطبخ سحاب كروم,5.000
فرع 11 يونيو,MA20615,خلاط حوض المطبخ سحاب أسود,2.000
فرع 11 يونيو,MA20620,خلاط حوض المطبخ دبل سحاب كروم,2.000
فرع 11 يونيو,MA20623,خلاط حوض المطبخ سحاب أسود-كروم,5.000
فرع 11 يونيو,MA20875,خلاط حوض المطبخ سحاب أسود- كروم,1.000
فرع 11 يونيو,MA20894,خلاط حوض المطبخ سحاب كروم,6.000
فرع 11 يونيو,MA20895,خلاط حوض المطبخ سحاب أسود,4.000
فرع 11 يونيو,MA20902,خلاط حوض المطبخ مولة أسود مطفي,16.000
فرع 11 يونيو,MA20903,خلاط حوض المطبخ مولة كروم,40.000
فرع 11 يونيو,MA20904,خلاط حوض المطبخ مولة أسود مطفي,17.000
فرع 11 يونيو,MA20905,خلاط حوض المطبخ مولة كروم,24.000
فرع 11 يونيو,MA20906,خلاط حوض المطبخ مولة أسود لامع,44.000
فرع 11 يونيو,MA20907,خلاط حوض المطبخ سحاب كروم,24.000
فرع 11 يونيو,MA20910,خلاط حوض المطبخ سحاب ذهبي,7.000
فرع 11 يونيو,MA20911,خلاط حوض المطبخ سحاب رصاصي,4.000
فرع 11 يونيو,MA20912,خلاط حوض المطبخ سحاب كروم,29.000
فرع 11 يونيو,MA20913,خلاط حوض المطبخ سحاب أسود مطفي,5.000
فرع 11 يونيو,MA20920,خلاط حوض المطبخ مولة كروم,17.000
فرع 11 يونيو,MA20921,خلاط حوض المطبخ سحاب كروم مطفي,66.000
فرع 11 يونيو,MA20922,خلاط حوض المطبخ سحاب رصاصي مطفي,45.000
فرع 11 يونيو,MA20923,خلاط حوض المطبخ سحاب كروم مطفي,5.000
فرع 11 يونيو,MA20927,خلاط حوض المطبخ سحاب أسود,8.000
فرع 11 يونيو,MA20931,خلاط حوض المطبخ سحاب كروم,8.000
فرع 11 يونيو,MA20932,خلاط حوض المطبخ سحاب كروم,5.000
فرع 11 يونيو,MC10001,مجرى شباك  40 سم *8 سم كروم,8.000
فرع 11 يونيو,MC10002,مجرى 50 سم *8 سم كروم,10.000
فرع 11 يونيو,MC10003,سرفنتينة 15 سم * 15 سم اسود,4.000
فرع 11 يونيو,MC10004,مجرى 40 سم *6 سم دهبي,6.000
فرع 11 يونيو,MC10005,مجرى 50 سم *6 سم دهبي,1.000
فرع 11 يونيو,MC10006,مجرى 30 سم *6 سم دهبي,5.000
فرع 11 يونيو,MC10009,سرفنتينة 15 سم * 15 سم كروم,2.000
فرع 11 يونيو,MC10012,سرفنتينة 15 سم * 15 سم كروم,19.000
فرع 11 يونيو,MC10013,مجرى 50 سم *6 سم كروم,-1.000
فرع 11 يونيو,MC10014,مجرى 60 سم *6 سم كروم,6.000
فرع 11 يونيو,MC10047,مجرى 30 سم *6 سم أسود,4.000
فرع 11 يونيو,MC10048,مجرى 40 سم *10 سم  مشبك كروم,5.000
فرع 11 يونيو,MC10056,مجرى 33 سم *10 سم مشبك كروم,1.000
فرع 11 يونيو,MC10057,سرفنتينة 15 سم * 15 سم كروم,4.000
فرع 11 يونيو,MC10059,مجرى 40 سم *10 سم أسود,2.000
فرع 11 يونيو,MC10061,مجرى 50 سم *7 سم كروم,7.000
فرع 11 يونيو,MC10062,مجرى 50 سم *6 سم كروم,5.000
فرع 11 يونيو,MC10063,مجرى 60سم *7 سم كروم,3.000
فرع 11 يونيو,MC10064,مجرى 20سم *7 سم كروم,1.000
فرع 11 يونيو,MC10065,مجرى 30سم *7 سم كروم,1.000
فرع 11 يونيو,MC10066,مجرى 30سم *7 سم كروم,3.000
فرع 11 يونيو,MC10067,سرفنتينة 15 سم * 15 سم بلاستك,5.000
فرع 11 يونيو,MC10069,مجرى 40 سم 6* سم ذهبي,1.000
فرع 11 يونيو,MC10072,سرفنتينة 20*20*28 سم مثلث كروم,3.000
فرع 11 يونيو,MC10073,سرفنتينة 20*20*28 سم مثلث مشبك كروم,5.000
فرع 11 يونيو,MC10074,مجرى 30 سم *6 سم دهبي,1.000
فرع 11 يونيو,MC10075,مجرى 40 سم *6 سم دهبي,1.000
فرع 11 يونيو,MC10076,سرفنتينة 15 سم * 15 سم كروم,2.000
فرع 11 يونيو,MC10079,سرفنتينة 15 سم * 15 سم كروم,2.000
فرع 11 يونيو,MC10080,سرفنتينة 15 سم * 15 سم كروم,3.000
فرع 11 يونيو,MC10082,سرفنتينة 15 سم * 15 سم أبيض,1.000
فرع 11 يونيو,MC10083,مجرى 45سم *7 سم كروم,4.000
فرع 11 يونيو,MC10084,مجرى 45سم *7 سم كروم,1.000
فرع 11 يونيو,MC10085,مجرى 45سم *7 سم كروم,3.000
فرع 11 يونيو,MC10086,مجرى 55سم *7 سم كروم,1.000
فرع 11 يونيو,MC10087,مجرى 55سم *7 سم كروم,1.000
فرع 11 يونيو,MC10088,مجرى 55سم *7 سم كروم,3.000
فرع 11 يونيو,MC10089,مجرى 60سم *7 سم كروم,4.000
فرع 11 يونيو,MC10090,مجرى 45سم *7 سم كروم,1.000
فرع 11 يونيو,MC10094,مجرى 75سم *7 سم أبيض,1.000
فرع 11 يونيو,MC10095,مجرى 45سم *7 سم كروم,1.000
فرع 11 يونيو,MC10096,مجرى 45سم *7 سم كروم,1.000
فرع 11 يونيو,MC10098,مجرى 45سم *7 سم كروم,1.000
فرع 11 يونيو,MC10111,سرفنتينة 13 سم * 13 سم كروم,5.000
فرع 11 يونيو,MC10139,سرفنتينة 15 سم * 15 سم ذهبي,3.000
فرع 11 يونيو,MC10182,سرفنتينة 15 سم * 15 سم مع مانع رائحة كروم,6.000
فرع 11 يونيو,MC10183,سرفنتينة 15 سم * 15 سم كروم,4.000
فرع 11 يونيو,MC10192,سرفنتينة 15 سم * 15 سم كروم,-2.000
فرع 11 يونيو,MC10203,سرفنتينة 15 سم * 15 سم كروم,13.000
فرع 11 يونيو,MC10257,مجرى 40 سم *6 سم كروم,4.000
فرع 11 يونيو,MC10269,مجرى 33 سم *7 سم كروم,11.000
فرع 11 يونيو,MC10270,مجرى 50 سم *7 سم كروم,6.000
فرع 11 يونيو,MC10271,مجرى 60 سم *7 سم كروم,8.000
فرع 11 يونيو,MC10288,مانع رائحة كروم,1.000
فرع 11 يونيو,MC10310,سرفنتينة 15 سم * 15 سم كروم,-2.000
فرع 11 يونيو,MC10413,سرفنتينة 15 سم * 15 سم كروم,17.000
فرع 11 يونيو,MC10415,مجرى 75 سم *7 سم كروم,5.000
فرع 11 يونيو,MC10446,مجرى 40 سم *8 سم كروم,5.000
فرع 11 يونيو,MC10452,مجرى 50 سم *6 سم كروم,7.000
فرع 11 يونيو,MC10455,مجرى 50 سم *8 سم مشبكة كروم,5.000
فرع 11 يونيو,MC10470,مجرى 55سم *7 سم كروم,2.000
فرع 11 يونيو,MC10471,مجرى 30سم *7 سم كروم,2.000
فرع 11 يونيو,MC10478,مجرى 60سم *7 سم كروم,4.000
فرع 11 يونيو,MC10480,مجرى 45سم *7 سم كروم,8.000
فرع 11 يونيو,MC10632,سرفنتينة 15 سم * 15 سم مع مانع رائحة كروم لامع,45.000
فرع 11 يونيو,MC10641,مجرى 30سم *3 سم كروم,10.000
فرع 11 يونيو,MC10642,مجرى 50سم *3 سم كروم,8.000
فرع 11 يونيو,MC10643,مجرى 30 سم *8 سم كروم,6.000
فرع 11 يونيو,MC10645,مجرى 40 سم *8 سم أسود,8.000
فرع 11 يونيو,MC10646,مجرى 40 سم *8 سم ذهبي,4.000
فرع 11 يونيو,MC10647,مجرى 50 سم *8 سم كروم,3.000
فرع 11 يونيو,MC10648,مجرى 60 سم *8 سم كروم,10.000
فرع 11 يونيو,MC10652,سرفنتينة 15 سم * 15 سم كروم,33.000
فرع 11 يونيو,MC10653,سرفنتينة 15 سم * 15 سم أسود,12.000
فرع 11 يونيو,MC10654,سرفنتينة 15 سم * 15 سم ذهبي,5.000
فرع 11 يونيو,MC10655,سرفنتينة 10 سم * 10 سم كروم,15.000
فرع 11 يونيو,MC10715,مجرى 50 سم *7 سم كروم,10.000
فرع 11 يونيو,MC10731,سرفنتينة 15 سم * 15 سم كروم,5.000
فرع 11 يونيو,MC10770,مجرى 50 سم *8 سم كروم,2.000
فرع 11 يونيو,MC10802,مجرى 30 سم *6 سم كروم,1.000
فرع 11 يونيو,MC10855,مجرى 30 سم *6 سم كروم,1.000
فرع 11 يونيو,MC10886,مجرى 60 سم *5 سم كروم,1.000
فرع 11 يونيو,MC10990,مجرى 40 سم *6 سم كروم,5.000
فرع 11 يونيو,MD20002,خلاط دوش كروم,1.000
فرع 11 يونيو,MD20003,خلاط دوش كروم,-1.000
فرع 11 يونيو,MD20004,خلاط دوش كروم,2.000
فرع 11 يونيو,MD20013,خلاط دوش كروم,-1.000
فرع 11 يونيو,MD20014,خلاط دوش كروم,2.000
فرع 11 يونيو,MD20017,خلاط دوش كروم,1.000
فرع 11 يونيو,MD20023,خلاط دوش كروم,1.000
فرع 11 يونيو,MD20024,خلاط دوش كروم,5.000
فرع 11 يونيو,MD20025,خلاط دوش ذهبي,1.000
فرع 11 يونيو,MD20026,خلاط دوش كروم,6.000
فرع 11 يونيو,MD20027,خلاط دوش ذهبي,1.000
فرع 11 يونيو,MD20029,خلاط دوش كروم,2.000
فرع 11 يونيو,MD20031,خلاط دوش كروم,1.000
فرع 11 يونيو,MD20060,خلاط دوش مع سماعة كروم,7.000
فرع 11 يونيو,MD20163,خلاط دوش أسود,1.000
فرع 11 يونيو,MD20242,خلاط دوش كروم,1.000
فرع 11 يونيو,MD20246,خلاط دوش أسود,2.000
فرع 11 يونيو,MD20248,خلاط دوش ذهبي,8.000
فرع 11 يونيو,MD20435,خلاط دوش كروم,-1.000
فرع 11 يونيو,MD20470,خلاط دوش كروم,1.000
فرع 11 يونيو,MD20524,خلاط دوش كروم,11.000
فرع 11 يونيو,MD20525,خلاط دوش كروم,1.000
فرع 11 يونيو,MD20619,خلاط دوش كروم,6.000
فرع 11 يونيو,MD20627,خلاط دوش كروم,4.000
فرع 11 يونيو,MD20792,خلاط دوش كروم,6.000
فرع 11 يونيو,MD20793,خلاط دوش كروم,3.000
فرع 11 يونيو,MD20855,خلاط دوش كروم,16.000
فرع 11 يونيو,MD20857,خلاط دوش ذهبي,11.000
فرع 11 يونيو,MD20860,خلاط دوش أسود,11.000
فرع 11 يونيو,MD20896,خلاط دوش ذهبي,26.000
فرع 11 يونيو,MD20897,خلاط دوش أسود,23.000
فرع 11 يونيو,MD20898,خلاط دوش كروم,22.000
فرع 11 يونيو,MD20899,خلاط دوش كروم,20.000
فرع 11 يونيو,MD20900,خلاط دوش أسود,11.000
فرع 11 يونيو,MD20996,خلاط دوش مع سماعة كروم,6.000
فرع 11 يونيو,MD21005,خلاط دوش كروم,7.000
فرع 11 يونيو,MDE50003,خلاط دوش مدفون مع مصب وقصبة وكسكاس ذهبي,2.000
فرع 11 يونيو,MDE50004,خلاط دوش مدفون مع مصب وقصبة وكسكاس ذهبي,2.000
فرع 11 يونيو,MDE50006,خلاط دوش مدفون مع مصب وقصبة وكسكاس أبيض,1.000
فرع 11 يونيو,MDE50022,خلاط دوش مدفون كروم,2.000
فرع 11 يونيو,MDE50023,خلاط دوش مدفون كروم,2.000
فرع 11 يونيو,MDE50024,خلاط دوش مدفون كروم,1.000
فرع 11 يونيو,MDE50025,خلاط دوش مدفون كروم,1.000
فرع 11 يونيو,MDE50026,خلاط دوش مدفون كروم,1.000
فرع 11 يونيو,MDE50040,خلاط دوش مدفون كروم,2.000
فرع 11 يونيو,MDE50041,خلاط دوش مدفون كروم,5.000
فرع 11 يونيو,MDE50046,خلاط دوش مدفون كروم,-1.000
فرع 11 يونيو,MDE50047,خلاط دوش مدفون كروم,10.000
فرع 11 يونيو,MDE50049,خلاط دوش مدفون كروم,1.000
فرع 11 يونيو,MDE50050,خلاط دوش مدفون أسود,1.000
فرع 11 يونيو,MDE50052,خلاط دوش مدفون ثلاثي كروم,3.000
فرع 11 يونيو,MDE50291,مطول خلاط دوش مدفون,4.000
فرع 11 يونيو,MDE50504,مطول خلاط شطافة مدفون,4.000
فرع 11 يونيو,MDE50674,خلاط دوش مدفون شريحة دائري كروم,6.000
فرع 11 يونيو,MDE50676,خلاط دوش مدفون كروم,14.000
فرع 11 يونيو,MDE50756,خلاط دوش مدفون أبيض,1.000
فرع 11 يونيو,MDE50757,خلاط دوش مدفون ذهبي,1.000
فرع 11 يونيو,MDE50758,خلاط دوش مدفون مربع ذهبي,2.000
فرع 11 يونيو,MDE50760,خلاط دوش مدفون ايدج ذهبي,1.000
فرع 11 يونيو,MDE50807,خلاط دوش مدفون ميريدا أسود,5.000
فرع 11 يونيو,MDE50821,خلاط دوش مدفون فلفيت أسود,4.000
فرع 11 يونيو,MDE50822,خلاط دوش مدفون ايدج ذهبي,7.000
فرع 11 يونيو,MDE50823,خلاط دوش مدفون شريحة مربع كروم,14.000
فرع 11 يونيو,ME10004,خلاط حوض المطبخ شجرة كروم,1.000
فرع 11 يونيو,ME10009,خلاط حوض المطبخ شجرة كروم,1.000
فرع 11 يونيو,ME10012,خلاط حوض المطبخ شجرة كروم,3.000
فرع 11 يونيو,ME10021,خلاط حوض المطبخ شجرة كروم,9.000
فرع 11 يونيو,ME10022,خلاط حوض المطبخ شجرة كروم,3.000
فرع 11 يونيو,ME10023,حنفية حوض المطبخ شجرة كروم,4.000
فرع 11 يونيو,ME10024,خلاط حوض المطبخ شجرة كروم,3.000
فرع 11 يونيو,ME10025,خلاط حوض المطبخ سخانة فورية شجرة كروم,1.000
فرع 11 يونيو,ME10027,خلاط حوض المطبخ شجرة كروم,1.000
فرع 11 يونيو,ME10028,خلاط حوض المطبخ شجرة كروم,1.000
فرع 11 يونيو,ME10040,خلاط حوض المطبخ شلال شجرة كروم,3.000
فرع 11 يونيو,ME10442,خلاط حوض المطبخ شجرة كروم,2.000
فرع 11 يونيو,ME10572,خلاط حوض المطبخ شجرة كروم,9.000
فرع 11 يونيو,ME10624,خلاط حوض المطبخ شجرة رصاصي,11.000
فرع 11 يونيو,ME10683,خلاط حوض المطبخ شجرة كروم,3.000
فرع 11 يونيو,ME10684,خلاط حوض المطبخ شجرة كروم,4.000
فرع 11 يونيو,ME10775,خلاط حوض المطبخ شجرة نص منظومة كروم,1.000
فرع 11 يونيو,ME10862,خلاط حوض المطبخ شجرة كروم,2.000
فرع 11 يونيو,ME10920,خلاط حوض المطبخ شجرة كروم,29.000
فرع 11 يونيو,ME10921,خلاط حوض المطبخ شجرة ذهبي,18.000
فرع 11 يونيو,ME10922,خلاط حوض المطبخ شجرة أسود مطفي,17.000
فرع 11 يونيو,ME10926,خلاط حوض المطبخ شجرة مولة كروم,10.000
فرع 11 يونيو,ME11006,خلاط حوض المطبخ شجرة كروم,4.000
فرع 11 يونيو,ME11095,خلاط حوض المطبخ شلال شجرة رصاصي,4.000
فرع 11 يونيو,ME11096,خلاط حوض المطبخ شلال شجرة كروم,4.000
فرع 11 يونيو,MF20003,مراية حمام 80 سم,1.000
فرع 11 يونيو,MF20130,مراية حمام 80*60 سم,2.000
فرع 11 يونيو,MF20189,مراية حمام صغيرة بالعلاقة ضد البخار كروم,6.000
فرع 11 يونيو,MF20461,مراية حمام 80 سم,-1.000
فرع 11 يونيو,ML0786,خلاط حوض وجه كروم,5.000
فرع 11 يونيو,ML10000,خلاط حوض وجه كروم,4.000
فرع 11 يونيو,ML10001,خلاط حوض وجه كروم,3.000
فرع 11 يونيو,ML10007,خلاط حوض وجه طويل كروم,1.000
فرع 11 يونيو,ML10008,خلاط حوض وجه أسود,2.000
فرع 11 يونيو,ML10009,خلاط حوض وجه أسود,1.000
فرع 11 يونيو,ML10010,خلاط حوض وجه ذهبي,5.000
فرع 11 يونيو,ML10012,خلاط حوض وجه كروم,-1.000
فرع 11 يونيو,ML10014,خلاط حوض وجه ذهبي,1.000
فرع 11 يونيو,ML10017,خلاط حوض وجه كروم,2.000
فرع 11 يونيو,ML10018,خلاط حوض وجه كروم,6.000
فرع 11 يونيو,ML10019,خلاط حوض وجه كروم,2.000
فرع 11 يونيو,ML10024,خلاط حوض وجه  15 سم كروم,-1.000
فرع 11 يونيو,ML10025,خلاط حوض وجه  20 سم كروم,2.000
فرع 11 يونيو,ML10030,خلاط حوض وجه طويل 17 سم كروم,-1.000
فرع 11 يونيو,ML10035,خلاط حوض وجه مزخرف طويل أسود,1.000
فرع 11 يونيو,ML10036,خلاط حوض وجه طويل أسود برنزي,3.000
فرع 11 يونيو,ML10037,خلاط حوض وجه طويل ذهبي,1.000
فرع 11 يونيو,ML10038,خلاط حوض وجه مزخرف طويل كروم,3.000
فرع 11 يونيو,ML10039,خلاط حوض وجه كروم,2.000
فرع 11 يونيو,ML10041,خلاط حوض وجه طويل كروم,1.000
فرع 11 يونيو,ML10052,خلاط حوض وجه طويل كروم,4.000
فرع 11 يونيو,ML10053,خلاط حوض وجه قصير مربع أسود,1.000
فرع 11 يونيو,ML10054,خلاط حوض وجه دائري أسود,6.000
فرع 11 يونيو,ML10056,خلاط حوض وجه طويل كروم,3.000
فرع 11 يونيو,ML10058,خلاط حوض وجه  15 سم كروم,2.000
فرع 11 يونيو,ML10059,خلاط حوض وجه  15 سم كروم,8.000
فرع 11 يونيو,ML10060,خلاط حوض وجه أسود,8.000
فرع 11 يونيو,ML10072,خلاط حوض وجه أبيض,1.000
فرع 11 يونيو,ML10075,خلاط حوض وجه أسود,2.000
فرع 11 يونيو,ML10076,خلاط حوض وجه ذهبي,1.000
فرع 11 يونيو,ML10079,خلاط حوض وجه ذهبي,2.000
فرع 11 يونيو,ML10082,خلاط حوض وجه كروم,3.000
فرع 11 يونيو,ML10083,خلاط حوض وجه أسود,4.000
فرع 11 يونيو,ML10085,خلاط حوض وجه كروم,1.000
فرع 11 يونيو,ML10086,خلاط حوض وجه شلال طويل أسود كروم,1.000
فرع 11 يونيو,ML10089,خلاط حوض وجه 3 فتحات كروم,-1.000
فرع 11 يونيو,ML10090,خلاط حوض وجه طويل كروم,1.000
فرع 11 يونيو,ML10094,خلاط حوض وجه  كروم,2.000
فرع 11 يونيو,ML10095,خلاط حوض وجه كروم,-1.000
فرع 11 يونيو,ML10096,خلاط حوض وجه حساس كروم,1.000
فرع 11 يونيو,ML10097,خلاط حوض وجه طويل كروم,2.000
فرع 11 يونيو,ML10099,خلاط حوض وجه أسود,3.000
فرع 11 يونيو,ML10100,خلاط حوض وجه  كروم,2.000
فرع 11 يونيو,ML10126,خلاط حوض وجه 2 فتحات كروم,1.000
فرع 11 يونيو,ML10159,خلاط حوض وجه كروم,-1.000
فرع 11 يونيو,ML10171,خلاط حوض وجه 2 فتحات كروم,3.000
فرع 11 يونيو,ML10184,خلاط حوض وجه زر كروم,1.000
فرع 11 يونيو,ML10247,خلاط حوض وجه اسود,3.000
فرع 11 يونيو,ML10250,خلاط حوض وجه ذهبي,7.000
فرع 11 يونيو,ML10267,خلاط حوض وجه كروم,3.000
فرع 11 يونيو,ML10299,خلاط حوض وجه  كروم,6.000
فرع 11 يونيو,ML10300,خلاط حوض وجه  كروم,-2.000
فرع 11 يونيو,ML10301,خلاط حوض وجه  كروم,-1.000
فرع 11 يونيو,ML10382,خلاط حوض وجه  كروم,-1.000
فرع 11 يونيو,ML10384,خلاط حوض وجه  كروم,1.000
فرع 11 يونيو,ML10430,خلاط حوض وجه  كروم,1.000
فرع 11 يونيو,ML10436,خلاط حوض وجه  20 سم كروم,1.000
فرع 11 يونيو,ML10441,خلاط حوض وجه شجرة كروم,2.000
فرع 11 يونيو,ML10504,خلاط حوض وجه  كروم,-1.000
فرع 11 يونيو,ML10520,خلاط حوض وجه  كروم,4.000
فرع 11 يونيو,ML10616,خلاط حوض وجه ذهبي,8.000
فرع 11 يونيو,ML10617,خلاط حوض وجه كروم,14.000
فرع 11 يونيو,ML10626,خلاط حوض وجه  رصاصي,9.000
فرع 11 يونيو,ML10752,خلاط حوض وجه اسود,3.000
فرع 11 يونيو,ML10763,خلاط حوض وجه  ذهبي,3.000
فرع 11 يونيو,ML10764,خلاط حوض وجه أسود,1.000
فرع 11 يونيو,ML10784,خلاط حوض وجه كروم,1.000
فرع 11 يونيو,ML10785,خلاط حوض وجه  كروم,2.000
فرع 11 يونيو,ML10786,خلاط حوض وجه كروم,4.000
فرع 11 يونيو,ML10788,خلاط حوض وجه كروم,1.000
فرع 11 يونيو,ML10789,خلاط حوض وجه كروم,3.000
فرع 11 يونيو,ML10790,خلاط حوض وجه أسود,3.000
فرع 11 يونيو,ML10791,خلاط حوض وجه طويل ذهبي,6.000
فرع 11 يونيو,ML10792,خلاط حوض وجه  ذهبي,2.000
فرع 11 يونيو,ML10800,خلاط حوض وجه كروم,1.000
فرع 11 يونيو,ML10801,خلاط حوض وجه كروم,18.000
فرع 11 يونيو,ML10802,خلاط حوض وجه رصاصي,15.000
فرع 11 يونيو,ML10803,خلاط حوض وجه ذهبي,15.000
فرع 11 يونيو,ML10804,خلاط حوض وجه كروم,9.000
فرع 11 يونيو,ML10806,خلاط حوض وجه أسود مطفي,15.000
فرع 11 يونيو,ML10813,خلاط حوض وجه  كروم,1.000
فرع 11 يونيو,ML10822,خلاط حوض وجه أسود,1.000
فرع 11 يونيو,ML10858,خلاط حوض وجه ذهبي,6.000
فرع 11 يونيو,ML10859,خلاط حوض وجه أسود,6.000
فرع 11 يونيو,ML10893,خلاط حوض وجه كروم,9.000
فرع 11 يونيو,ML10894,خلاط حوض وجه ذهبي,12.000
فرع 11 يونيو,ML10895,خلاط حوض وجه أسود لامع,46.000
فرع 11 يونيو,ML10896,خلاط حوض وجه شاشة أسود,7.000
فرع 11 يونيو,ML10897,خلاط حوض وجه شاشة لاد كروم,1.000
فرع 11 يونيو,ML10899,خلاط حوض وجه كروم,5.000
فرع 11 يونيو,ML10900,خلاط حوض وجه كروم,3.000
فرع 11 يونيو,ML10994,خلاط حوض وجه كروم,6.000
فرع 11 يونيو,ML11008,خلاط حوض وجه طويل كروم,12.000
فرع 11 يونيو,ML11014,خلاط حوض وجه كروم,3.000
فرع 11 يونيو,ML11078,خلاط حوض وجه كروم,7.000
فرع 11 يونيو,ML11090,خلاط حوض وجه كلاسيكي أسود-كروم,5.000
فرع 11 يونيو,ML11091,خلاط حوض وجه أبيض-كروم,2.000
فرع 11 يونيو,ML11092,خلاط حوض وجه أسود,5.000
فرع 11 يونيو,ML11093,خلاط حوض وجه برنزي,5.000
فرع 11 يونيو,ML11094,خلاط حوض وجه كلاسيكي كروم,5.000
فرع 11 يونيو,ML11133,خلاط حوض وجه  كروم,3.000
فرع 11 يونيو,ML30074,مرايا حمام مع إضاءة لد 80*60 سم,3.000
فرع 11 يونيو,ML30075,مرايا حمام مع إضاءة لد 80*60 سم,5.000
فرع 11 يونيو,ML30079,مرايا حمام مع إضاءة لد 90*60 سم,-5.000
فرع 11 يونيو,ML30087,مرايا حمام مع إضاءة لد 50*70 سم,5.000
فرع 11 يونيو,ML30088,مرايا حمام مع إضاءة لد 50*70 سم,6.000
فرع 11 يونيو,ML30090,مرايا حمام مع إضاءة لد مع اطار دهبي  80*60 سم,2.000
فرع 11 يونيو,ML30099,مرايا حمام مع إضاءة لد سداسية 60*80 سم,-5.000
فرع 11 يونيو,ML30100,مرايا حمام مع إضاءة لد 80*60 سم,1.000
فرع 11 يونيو,ML30105,مرايا حمام مع إضاءة لد 80*60 سم,1.000
فرع 11 يونيو,ML30108,مرايا حمام مع إضاءة لد 80*60 سم,1.000
فرع 11 يونيو,ML30109,مرايا حمام مع إضاءة لد 80*60 سم,1.000
فرع 11 يونيو,ML30114,مرايا حمام مع إضاءة لد 80*60 سم,-5.000
فرع 11 يونيو,ML30115,مرايا حمام مع إضاءة لد 100*80 سم,1.000
فرع 11 يونيو,ML30121,مرايا حمام مع إضاءة لد 90 سم,1.000
فرع 11 يونيو,ML30131,مرايا حمام مع إضاءة لد 80*60 سم,1.000
فرع 11 يونيو,ML30133,مرايا حمام مع إضاءة لد 80*60 سم,1.000
فرع 11 يونيو,ML30137,مرايا حمام مع إضاءة لد 100*80 سم,1.000
فرع 11 يونيو,ML30160,مرايا حمام مع إضاءة لد دائرية *3,2.000
فرع 11 يونيو,ML30199,مرايا حمام ضد البخار مع إضاءة لد 60*60 سم,3.000
فرع 11 يونيو,ML30274,مرايا حمام مع إضاءة لد 80*60 سم,12.000
فرع 11 يونيو,ML30275,مرايا حمام مع إضاءة لد 80*60 سم,12.000
فرع 11 يونيو,ML30280,مرايا حمام مع إضاءة لد 80*60 سم,1.000
فرع 11 يونيو,ML30281,مرايا حمام مع إضاءة لد 80*60 سم,11.000
فرع 11 يونيو,ML30285,مرايا حمام مع إضاءة لد مع اطار أسود 80*60 سم,1.000
فرع 11 يونيو,ML30286,مرايا حمام مع إضاءة لد مع اطار أبيض 80*60 سم,2.000
فرع 11 يونيو,ML30369,مرايا حمام مع إضاءة لد 80*60 سم,1.000
فرع 11 يونيو,ML30374,مرايا حمام مع إضاءة لد مع اطار أسود 80*60 سم,1.000
فرع 11 يونيو,ML30376,مرايا حمام مع إضاءة لد 80*80 سم,1.000
فرع 11 يونيو,ML30408,مرايا حمام مع إضاءة لد 80*60 سم,2.000
فرع 11 يونيو,ML30413,مرايا حمام مع إضاءة لد 80*60 سم,1.000
فرع 11 يونيو,ML30422,مرايا حمام مع إضاءة لد 80*60 سم,1.000
فرع 11 يونيو,ML30502,مرايا حمام مع إضاءة لد اطاركروم 55 سم,1.000
فرع 11 يونيو,ML30518,مرايا حمام مع إضاءة لد 50*70 سم اطار اكريلك,1.000
فرع 11 يونيو,ML30520,مرايا حمام مع إضاءة لد 100*70 سم,3.000
فرع 11 يونيو,ML30535,مرايا حمام مع إضاءة لد 80*80 سم,1.000
فرع 11 يونيو,ML30536,مرايا حمام دائرية مع إضاءة لد 80*80 سم,-1.000
فرع 11 يونيو,ML30538,مرايا حمام مع إضاءة لد 100*60 سم,6.000
فرع 11 يونيو,ML30592,مرايا حمام مع إضاءة لد مربعة 60*80سم,6.000
فرع 11 يونيو,ML30600,مرايا حمام مع إضاءة لد دائرية بالعلاقة مع اطار أسود 70سم,9.000
فرع 11 يونيو,ML30601,مرايا حمام مع إضاءة لد دائرية بالعلاقة مع اطار ذهبي 70سم,9.000
فرع 11 يونيو,ML30602,مرايا حمام مع إضاءة لد مع اطار أسود 90*70 سم,8.000
فرع 11 يونيو,ML30603,مرايا حمام مع إضاءة لد مع اطار ذهبي 90*70 سم,16.000
فرع 11 يونيو,ML30604,مرايا حمام مع إضاءة لد 80*60سم,7.000
فرع 11 يونيو,ML30610,مرايا حمام مع إضاءة لد 60*50 سم,1.000
فرع 11 يونيو,ML30741,مرايا حمام مع إضاءة لد-عرض 60*90 سم,12.000
فرع 11 يونيو,ML30742,مرايا حمام مع إضاءة لد-طول 90*60 سم,11.000
فرع 11 يونيو,ML30744,مرايا حمام مع إضاءة لد-عرض60*80 سم,3.000
فرع 11 يونيو,ML30745,مرايا حمام مع إضاءة لد-طول 80*60 سم,9.000
فرع 11 يونيو,ML30746,مرايا حمام مع إضاءة لد-عرض60*80 سم,2.000
فرع 11 يونيو,ML30747,مرايا حمام مع إضاءة لد,2.000
فرع 11 يونيو,ML30748,مرايا حمام مع إضاءة لد,1.000
فرع 11 يونيو,ML30749,مرايا حمام مع إضاءة لد,1.000
فرع 11 يونيو,ML30750,مرايا حمام مع إضاءة لد,4.000
فرع 11 يونيو,ML30751,مرايا حمام مع إضاءة لد-عرض60*80 سم,4.000
فرع 11 يونيو,ML30753,مرايا حمام مع إضاءة لد مع بخاراطار ذهبي 70سم,-1.000
فرع 11 يونيو,ML30763,مرايا حمام مع إضاءة لد 60*60 سم,3.000
فرع 11 يونيو,ML30775,مرايا حمام مع إضاءة لد 60*80 سم عرض,2.000
فرع 11 يونيو,ML30786,مرايا حمام ضد البخار مع إضاءة لد 70*70 سم,4.000
فرع 11 يونيو,ML30788,مرايا حمام ضد البخار مع إضاءة لد 60*80 سم,6.000
فرع 11 يونيو,ML30790,مرايا حمام ضد البخار مع إضاءة لد 60*80 سم,3.000
فرع 11 يونيو,ML30791,مرايا حمام مع إضاءة لد مع بخار 60 اطار أسود,7.000
فرع 11 يونيو,ML30793,مرايا حمام ضد البخار مع إضاءة لد 70*50 سم,1.000
فرع 11 يونيو,ML30795,مرايا حمام ضد البخار مع إضاءة لد 60*80 سم,10.000
فرع 11 يونيو,ML30797,مرايا حمام ضد البخار مع إضاءة لد بالعلاقة اطار أسود 70*70سم,7.000
فرع 11 يونيو,ML30798,مرايا حمام ضد البخار مع إضاءة لد 80*60 سم,2.000
فرع 11 يونيو,ML30799,مرايا حمام ضد البخار مع إضاءة لد 70*50 سم,1.000
فرع 11 يونيو,ML30800,مرايا حمام ضد البخار مع إضاءة لد 80*70 سم,6.000
فرع 11 يونيو,ML30802,مرايا حمام مع إضاءة لد 90*70 سم,2.000
فرع 11 يونيو,ML30805,مرايا حمام مع إضاءة لد 83*63 سم,3.000
فرع 11 يونيو,ML30814,مرايا حمام مع إضاءة لد85*70 سم,2.000
فرع 11 يونيو,ML30823,مرايا حمام مع إضاءة لد 100*70 سم,1.000
فرع 11 يونيو,ML30824,مرايا حمام مع إضاءة لد 100*70 سم,3.000
فرع 11 يونيو,ML30834,مرايا حمام ضد البخار مع إضاءة لد 60*80 سم,5.000
فرع 11 يونيو,ML30835,مرايا حمام ضد البخار مع إضاءة لد 60*80 سم,-2.000
فرع 11 يونيو,ML30836,مرايا حمام ضد البخار مع إضاءة لد 60*80 سم,-3.000
فرع 11 يونيو,ML30838,مرايا حمام مع إضاءة لد80*60 سم,1.000
فرع 11 يونيو,ML30839,مرايا حمام مع إضاءة لد80*60 سم,2.000
فرع 11 يونيو,ML30840,مرايا حمام مع إضاءة لد80*60 سم,1.000
فرع 11 يونيو,ML30842,مرايا حمام مع إضاءة لد80*60 سم,3.000
فرع 11 يونيو,ML30844,مرايا حمام مع إضاءة لد80*60 سم,2.000
فرع 11 يونيو,ML30846,مرايا حمام مع إضاءة لد80*60 سم,3.000
فرع 11 يونيو,ML30863,مرايا حمام مع إضاءة لد 60*100 سم عرض,3.000
فرع 11 يونيو,ML30864,مرايا حمام مع إضاءة لد 80*80 سم,3.000
فرع 11 يونيو,ML30892,مرايا حمام مع إضاءة لد-عرض60*80 سم,1.000
فرع 11 يونيو,ML30903,مرايا حمام مع إضاءة لد 60*80 سم,3.000
فرع 11 يونيو,ML30935,مرايا حمام مع إضاءة لد 60*80سم اطار كروم,9.000
فرع 11 يونيو,ML30936,مرايا حمام مع إضاءة لد كريستال 60*80سم,9.000
فرع 11 يونيو,ML30937,مرايا حمام مع إضاءة لد80*60سم,10.000
فرع 11 يونيو,ML30941,مرايا حمام مع إضاءة لد 60*100 سم عرض,1.000
فرع 11 يونيو,ML30948,مرايا حمام مع إضاءة لد 60*80سم اطار كروم,5.000
فرع 11 يونيو,ML30949,مرايا حمام مع إضاءة لد 80*60سم طول اطار كروم,5.000
فرع 11 يونيو,ML30983,مرايا حمام مع إضاءة لد-عرض60*90 سم,5.000
فرع 11 يونيو,ML30989,مرايا حمام مع إضاءة لد-عرض60*80 سم,3.000
فرع 11 يونيو,ML31020,مرايا حمام مع إضاءة لد 60*80 سم,2.000
فرع 11 يونيو,ML31021,مرايا حمام ضد البخار لد بالعلاقة اطار وردة كروم70*70سم,8.000
فرع 11 يونيو,ML31022,مرايا حمام ضد البخار لد بالعلاقة اطار وردةأسود70*70سم,10.000
فرع 11 يونيو,ML31029,مرايا حمام كواريون 48*80سم أبيض,3.000
فرع 11 يونيو,ML31102,مرايا حمام مع إضاءة لد60*80 سم,12.000
فرع 11 يونيو,ML31136,مرايا حمام مع إضاءة لد 80*60 سم,1.000
فرع 11 يونيو,MLE40042,خلاط حوض وجه مدفون مع مَصَب كروم,2.000
فرع 11 يونيو,MLE40153,خلاط حوض وجه مدفون مع مَصَب كروم,2.000
فرع 11 يونيو,MLE40821,خلاط حوض وجه مدفون ذهبي,2.000
فرع 11 يونيو,MLE40823,خلاط حوض وجه مدفون مع مَصَب كروم,2.000
فرع 11 يونيو,MM30023,خلاط حوض المطبخ حائطي كروم,1.000
فرع 11 يونيو,MM30024,خلاط حوض المطبخ حائطي كروم,8.000
فرع 11 يونيو,MM30025,خلاط حوض المطبخ حائطي كروم,1.000
فرع 11 يونيو,MM30026,حنفية حوض المطبخ حائطي كروم,4.000
فرع 11 يونيو,MM30410,خلاط حوض المطبخ حائطي كروم,1.000
فرع 11 يونيو,MM30543,خلاط حوض المطبخ حائطي كروم,2.000
فرع 11 يونيو,MO10011,خلاط حوض المطبخ تحلية كروم,2.000
فرع 11 يونيو,MO10925,خلاط حوض المطبخ مولة تحلية كروم,7.000
فرع 11 يونيو,MT30006,خلاط شطاف كروم,1.000
فرع 11 يونيو,MT30008,خلاط شطاف مع شطاف كروم,4.000
فرع 11 يونيو,MT30010,خلاط شطاف مع شطاف أسود,2.000
فرع 11 يونيو,MT30011,خلاط شطاف مع شطاف ذهبي,2.000
فرع 11 يونيو,MT30012,خلاط شطاف مع شطاف كروم,2.000
فرع 11 يونيو,MT30013,خلاط شطاف مع شطاف أسود,2.000
فرع 11 يونيو,MT30014,خلاط شطاف مع شطاف ذهبي,1.000
فرع 11 يونيو,MT30015,خلاط شطاف مع شطاف كروم,1.000
فرع 11 يونيو,MT30016,خلاط شطاف كروم,1.000
فرع 11 يونيو,MT30018,خلاط شطاف كروم مع شطاف,5.000
فرع 11 يونيو,MT30019,خلاط شطاف كروم مع شطاف أَبْيَضُ,1.000
فرع 11 يونيو,MT30020,خلاط شطاف مع شطاف أسود,2.000
فرع 11 يونيو,MT30023,خلاط شطاف مع شطاف كروم,3.000
فرع 11 يونيو,MT30025,خلاط شطاف مع شطاف كروم,3.000
فرع 11 يونيو,MT30026,خلاط شطاف مع شطاف كروم,5.000
فرع 11 يونيو,MT30060,خلاط شطاف كروم مع شطاف,6.000
فرع 11 يونيو,MT30061,خلاط شطاف مع شطاف كروم,1.000
فرع 11 يونيو,MT30062,خلاط شطاف مع شطاف كروم,7.000
فرع 11 يونيو,MT30063,خلاط شطاف مع شطاف كروم,1.000
فرع 11 يونيو,MT30064,خلاط شطاف مع شطاف أسود,6.000
فرع 11 يونيو,MT30134,مطول خلاط شطافه مدفون,1.000
فرع 11 يونيو,MT30164,خلاط شطاف مع شطاف أسود,2.000
فرع 11 يونيو,MT30165,خلاط شطاف مع شطاف كروم,1.000
فرع 11 يونيو,MT30166,خلاط شطاف مع شطاف كروم,1.000
فرع 11 يونيو,MT30243,خلاط شطاف كروم,2.000
فرع 11 يونيو,MT30245,خلاط شطاف مع شطاف أسود,4.000
فرع 11 يونيو,MT30249,خلاط شطاف مع شطاف ذهبي,10.000
فرع 11 يونيو,MT30301,خلاط شطاف أسود,1.000
فرع 11 يونيو,MT30434,خلاط شطاف مع شطاف كروم,1.000
فرع 11 يونيو,MT30439,خلاط شطاف مع شطاف كروم,3.000
فرع 11 يونيو,MT30469,خلاط شطاف كروم,3.000
فرع 11 يونيو,MT30522,خلاط شطاف كروم,14.000
فرع 11 يونيو,MT30556,خلاط شطاف مع شطاف كروم,4.000
فرع 11 يونيو,MT30628,خلاط شطاف مع شطاف 15 سم كروم,9.000
فرع 11 يونيو,MT30629,خلاط شطاف مع شطاف 15 سم كروم,14.000
فرع 11 يونيو,MT30630,خلاط شطاف مع شطاف 15 سم أسود,9.000
فرع 11 يونيو,MT30747,خلاط شطاف كروم,1.000
فرع 11 يونيو,MT30794,خلاط شطاف كروم,9.000
فرع 11 يونيو,MT30852,خلاط شطاف مربع مع شطاف 15 سم كروم,8.000
فرع 11 يونيو,MT30854,خلاط شطاف دائري مع شطاف 15 سم كروم,8.000
فرع 11 يونيو,MT30861,خلاط شطاف ذهبي,4.000
فرع 11 يونيو,MT30928,خلاط شطاف كروم,4.000
فرع 11 يونيو,MT30995,خلاط شطاف كروم,6.000
فرع 11 يونيو,MT31007,خلاط شطاف مع شطاف كروم,12.000
فرع 11 يونيو,MTE60004,خلاط شطاف مدفون كروم,1.000
فرع 11 يونيو,MTE60013,خلاط شطاف مدفون كروم,1.000
فرع 11 يونيو,MTE60027,خلاط شطاف مدفون كروم,2.000
فرع 11 يونيو,MTE60028,خلاط شطاف مدفون برنزي,2.000
فرع 11 يونيو,MTE60029,خلاط شطاف مدفون كروم,1.000
فرع 11 يونيو,MTE60031,خلاط شطاف مدفون ذهبي,1.000
فرع 11 يونيو,MTE60032,خلاط شطاف مدفون كروم,11.000
فرع 11 يونيو,MTE60033,خلاط شطاف مدفون كروم,7.000
فرع 11 يونيو,MTE60036,خلاط شطاف مدفون أبيض,1.000
فرع 11 يونيو,MTE60038,خلاط شطاف مدفون كروم,4.000
فرع 11 يونيو,MTE60039,خلاط شطاف مدفون كروم,1.000
فرع 11 يونيو,MTE60049,خلاط شطاف مدفون كروم,2.000
فرع 11 يونيو,MTE60050,خلاط شطاف مدفون كروم,-6.000
فرع 11 يونيو,MTE60147,خلاط شطاف مدفون ذهبي,2.000
فرع 11 يونيو,MTE60562,خلاط شطاف مدفون كروم,4.000
فرع 11 يونيو,MTE60563,خلاط شطاف مدفون كروم,4.000
فرع 11 يونيو,MTE60675,خلاط شطاف مدفون كروم,4.000
فرع 11 يونيو,MTE60806,خلاط شطاف مدفون ميريدا أسود,4.000
فرع 11 يونيو,MTE60822,خلاط شطاف مدفون شريحة مربع كروم,5.000
فرع 11 يونيو,PA30056,بونتة 6 * 16سم,1.000
فرع 11 يونيو,PA30084,نظارات حماية,2.000
فرع 11 يونيو,PA30449,خيط أحذية 120 غ,1.000
فرع 11 يونيو,PA30495,بونتة 10 * 160 مم,-1.000
فرع 11 يونيو,PA30538,"اسطافة 1"" (2 قطع)",5.000
فرع 11 يونيو,PA30558,فيتي بالخبور 8 مم (50 قطعة),1.000
فرع 11 يونيو,PA30572,فيتي 10*80 (4 قطع),-2.000
فرع 11 يونيو,PA30573,فيتي 10*100 (4 قطع),-2.000
فرع 11 يونيو,PA31004,مدور نحاسي,10.000
فرع 11 يونيو,PD20044,حاجز دوش 8 مم  مظلم 120  سم,3.000
فرع 11 يونيو,PD20122,حاجز دوش 8 مم  مضبب190*100  سم,3.000
فرع 11 يونيو,PD20124,حاجز دوش 8 مم  مضبب80  سم,1.000
فرع 11 يونيو,PD20125,حاجز دوش 8 مم  مضبب90  سم,-1.000
فرع 11 يونيو,PD20126,حاجز دوش 8 مم  مربعات80  سم,-4.000
فرع 11 يونيو,PD20288,حاجز دوش 8 مم بالعلاقة المناشف100 سم,2.000
فرع 11 يونيو,PD20289,حاجز دوش 8 مم بالعلاقة المناشف80 سم,1.000
فرع 11 يونيو,PD20290,حاجز دوش 8 مم بالعلاقة المناشف90سم,2.000
فرع 11 يونيو,PD20434,حاجز دوش 10 مم اطار كروم مضبب 80 سم,-1.000
فرع 11 يونيو,PD20442,حاجز دوش 10مم اطار كروم منقط 90 سم,1.000
فرع 11 يونيو,PD20455,حاجز دوش 8 مم  مخطط 80*190  سم,2.000
فرع 11 يونيو,PD20456,حاجز دوش 8 مم  مخطط 80*190  سم أسود,4.000
فرع 11 يونيو,PD20457,حاجز دوش 8 مم  مخطط 90*190  سم كروم,2.000
فرع 11 يونيو,PD20458,حاجز دوش 8 مم  مخطط 90*190  سم أسود,1.000
فرع 11 يونيو,PD20785,حاجز دوش6مم اطار كروم 70 سم,-1.000
فرع 11 يونيو,PD20887,حاجز 8 مم اطار ذهبي 80  سم,1.000
فرع 11 يونيو,PD20888,حاجز دوش 80* 190 سم8 مم أسود,2.000
فرع 11 يونيو,PD20889,حاجز دوش 100 * 190 سم 8مم  أسود,3.000
فرع 11 يونيو,PD20914,حاجز دوش 8 مم  مضبب70  سم,2.000
فرع 11 يونيو,PD20917,حاجز دوش 100 * 190 سم 8مم اطار أسود مخطط,4.000
فرع 11 يونيو,PD20918,حاجز دوش 8 مم  مضبب80  سم,2.000
فرع 11 يونيو,PD21023,حاجز دوش 80* 190سم 8مم اطار كروم مخطط,1.000
فرع 11 يونيو,PD21030,حاجز دوش 100*190سم 8مم اطار كروم مخطط,3.000
فرع 11 يونيو,PD21031,حاجز دوش 60*190سم 8مم اطار كروم مخطط,1.000
فرع 11 يونيو,PD21032,حاجز دوش 70*190سم 8مم اطار كروم مخطط,2.000
فرع 11 يونيو,PD21110,حاجز دوش 10مم اطار كروم منقط 100 سم,3.000
فرع 11 يونيو,PD21111,حاجز دوش 10مم اطار كروم منقط 70 سم,6.000
فرع 11 يونيو,PD21112,حاجز دوش 10مم اطار كروم منقط 80سم,2.000
فرع 11 يونيو,PD21113,حاجز دوش 10مم اطار كروم منقط 90سم,1.000
فرع 11 يونيو,PE30274,لصقة مع مجفف 300 مل,-2.000
فرع 11 يونيو,PE30375,جبس العز 40كغ,70.000
فرع 11 يونيو,PLSA0002,وردة كروم,6.000
فرع 11 يونيو,PLSA0129,"مطول ""1/2 * 25 مم كروم",228.000
فرع 11 يونيو,PLSA0130,مطول 1/2*20 مم كروم,42.000
فرع 11 يونيو,PLSA0131,"مطول ""1/2* 30 مم كروم",38.000
فرع 11 يونيو,PLSA0132,وردة كروم,3.000
فرع 11 يونيو,PLSA0208,وردة كروم,4.000
فرع 11 يونيو,PLSA0219,وردة ذهبي,2.000
فرع 11 يونيو,PLSA0221,وردة كروم 3/4,3.000
فرع 11 يونيو,PLSA0227,وردة ذهبي 1/2,31.000
فرع 11 يونيو,PLSA0228,وردة ذهبي 1/2,30.000
فرع 11 يونيو,PLSA0229,وردة كروم,6.000
فرع 11 يونيو,PLSA0230,وردة كروم 3/4,8.000
فرع 11 يونيو,PLSA0231,"مُطوِّل ""1/2 * 20 كروم",-2.000
فرع 11 يونيو,PLSA0232,"مُطوِّل ""1/2 * 30 كروم",-4.000
فرع 11 يونيو,PLSA0233,"نبلس ""1/2 * ""3/8 كروم",20.000
فرع 11 يونيو,PLSA0234,"نبلس ""1/2 * ""1/2 كروم",22.000
فرع 11 يونيو,PLSA0235,"كوربة أنثى ""1/2 كروم",15.000
فرع 11 يونيو,PLSA0236,"كوربة ذكر أنثى ""1/2 كروم",19.000
فرع 11 يونيو,PLSA0237,وردة كروم1/2,6.000
فرع 11 يونيو,PLSA0239,"وصلة مخفض خلاط دوش ""3/8 ذكر × ""1/2 انثى كروم",4.000
فرع 11 يونيو,PLSA0240,"مخفض أنثى ""1/2 ""3/8 كروم",25.000
فرع 11 يونيو,PLSA0241,مطول  15 مم كروم,107.000
فرع 11 يونيو,PLSA0258,"كوربة ذكر ""1/2 * ""1/2 مع وردة كروم",4.000
فرع 11 يونيو,PLSA0259,"طابة ""1/2 مع وردة كروم",2.000
فرع 11 يونيو,PLSA0265,وردة كروم,2.000
فرع 11 يونيو,PLSA0270,وردة كروم,-9.000
فرع 11 يونيو,PLSA0286,وردة أسود,-6.000
فرع 11 يونيو,PLSA0287,وردة ذهبي,-6.000
فرع 11 يونيو,PLSA0322,وردة كروم  1/2,3.000
فرع 11 يونيو,PLSA0392,منكوطي املس 3/4,7.000
فرع 11 يونيو,PLSA0393,منكوطي املس1,7.000
فرع 11 يونيو,PLSA0403,وردة كروم,12.000
فرع 11 يونيو,PLSA0404,وردة كروم,2.000
فرع 11 يونيو,PLSA0415,وردة أسود 1/2,20.000
فرع 11 يونيو,PLSA0420,"مخفض طاسة ""1/2 ""3/8 كروم",15.000
فرع 11 يونيو,PLSA0443,مطول 1/2*50 مم كروم,18.000
فرع 11 يونيو,PLSA0523,وردة كروم,10.000
فرع 11 يونيو,PLSA0524,وردة أسود,16.000
فرع 11 يونيو,PLSA0549,وردة كروم  1/2,50.000
فرع 11 يونيو,PLSA0550,وردة كروم  1/2,50.000
فرع 11 يونيو,PLSA0664,وردة كروم,14.000
فرع 11 يونيو,PLSA0773,"وصلة مخفض ""3/8 ذكر × ""1/2 انثى كروم",17.000
فرع 11 يونيو,PLSA0814,"وصلة مخفض خلاط دوش ""3/8 ذكر × ""1/2 ذكر كروم",53.000
فرع 11 يونيو,PLSA0827,مطول 1/2 *10 سم نحاسي,1.000
فرع 11 يونيو,PLSA0927,"كوربة ذكر ""1/2 * ""1/2 مع وردة كروم",21.000
فرع 11 يونيو,PLSA1003,"وصلة أنثى ""1/2 كروم",20.000
فرع 11 يونيو,PS20006,علاقة مناشف كروم,-1.000
فرع 11 يونيو,PS20007,علاقة ملابس خماسية,7.000
فرع 11 يونيو,PS20015,علاقة ملابس خماسية دوران,8.000
فرع 11 يونيو,PS20027,علاقة ملابس فردي,3.000
فرع 11 يونيو,PS20028,علاقة ملابس فردي,3.000
فرع 11 يونيو,PS20039,علاقة مناشف كروم,4.000
فرع 11 يونيو,PS20118,علاقة مناشف زوجية كروم,1.000
فرع 11 يونيو,PS20121,علاقة ملابس خماسية,1.000
فرع 11 يونيو,PS20124,علاقة مناشف كروم,1.000
فرع 11 يونيو,PS20125,علاقة مناشف كروم,2.000
فرع 11 يونيو,PS20128,علاقة ملابس سداسية ذهبي,1.000
فرع 11 يونيو,PS20130,علاقة مناشف كروم,1.000
فرع 11 يونيو,PS20132,علاقة مناشف متحركة كروم,1.000
فرع 11 يونيو,PS20133,علاقة مناشف كروم,2.000
فرع 11 يونيو,PS20134,علاقة مناشف متحركة كروم,4.000
فرع 11 يونيو,PS20135,علاقة مناشف كروم,1.000
فرع 11 يونيو,PS20139,علاقة مناشف كروم,4.000
فرع 11 يونيو,PS20142,علاقة مناشف أسود,-1.000
فرع 11 يونيو,PS20168,علاقة ملابس فردي,2.000
فرع 11 يونيو,PS20169,علاقة ملابس فردي,3.000
فرع 11 يونيو,PS20170,علاقة ملابس فردية أسود,-2.000
فرع 11 يونيو,PS20171,علاقة ملابس زوجية أسود,1.000
فرع 11 يونيو,PS20175,علاقة ملابس زوجية أسود,1.000
فرع 11 يونيو,PS20183,علاقة مناشف كروم,1.000
فرع 11 يونيو,PS20200,علاقة مناشف كبيرة كروم,3.000
فرع 11 يونيو,PS20205,علاقة مناشف مع قاعدة كروم لامع,2.000
فرع 11 يونيو,PS20318,علاقة مناشف كروم,-2.000
فرع 11 يونيو,PS20319,علاقة مناشف كروم,-4.000
فرع 11 يونيو,PS20411,علاقة ملابس فردي,5.000
فرع 11 يونيو,PS20471,علاقة مناشف زوجية كروم,5.000
فرع 11 يونيو,PS20484,علاقة مناشف زوجية أسود,1.000
فرع 11 يونيو,PS20486,علاقة ملابس خماسية,5.000
فرع 11 يونيو,PS20488,علاقة مناشف كروم,2.000
فرع 11 يونيو,PS20489,علاقة مناشف كروم,1.000
فرع 11 يونيو,PS20514,علاقة ملابس فردي,1.000
فرع 11 يونيو,PS20515,علاقة مناشف كروم,6.000
فرع 11 يونيو,PS20532,علاقة مناشف زوجية ذهبي,3.000
فرع 11 يونيو,PS20547,علاقة مناشف زوجية كروم,6.000
فرع 11 يونيو,PS20636,علاقة ملابس ثلاثية كروم,17.000
فرع 11 يونيو,PS20637,علاقة ملابس ثلاثية أسود,12.000
فرع 11 يونيو,PS20665,علاقة مناشف زوجية كروم,22.000
فرع 11 يونيو,PS20666,علاقة مناشف زوجية أسود,1.000
فرع 11 يونيو,PS20687,علاقة مناشف كبيرة ثلاثية كروم,2.000
فرع 11 يونيو,PS20732,علاقة مناشف كبيرة بالرف كروم,5.000
فرع 11 يونيو,PS20733,علاقة ملابس ثلاثية دوران بدون قصبة,10.000
فرع 11 يونيو,PS20734,علاقة ملابس صبعين كروم,8.000
فرع 11 يونيو,PS20759,علاقة ملابس سداسية,6.000
فرع 11 يونيو,PS20761,علاقة ملابس سداسية,4.000
فرع 11 يونيو,PS20766,علاقة ملابس ثلاثية دوران بدون قصبة,2.000
فرع 11 يونيو,PS20777,علاقة ملابس فردية أسود,1.000
فرع 11 يونيو,PS20781,علاقة مناشف كروم,4.000
فرع 11 يونيو,PS20782,علاقة مناشف أسود,-5.000
فرع 11 يونيو,PS20787,علاقة مناشف مع قاعدة كروم لامع,1.000
فرع 11 يونيو,PS20790,علاقة ملابس فردية كروم,1.000
فرع 11 يونيو,PS20791,علاقة مناشف زوجية كروم,2.000
فرع 11 يونيو,PS20800,علاقة ملابس سداسية,1.000
فرع 11 يونيو,PS20820,علاقة مناشف فردية كروم,3.000
فرع 11 يونيو,PS20922,علاقة مناشف زوجية كروم,10.000
فرع 11 يونيو,PS20923,علاقة ملابس رباعية,1.000
فرع 11 يونيو,PS21075,علاقة ملابس فردية كروم,3.000
فرع 11 يونيو,PS21076,علاقة مناشف كروم,3.000
فرع 11 يونيو,PS21103,علاقة مناشف زوجية كروم,3.000
فرع 11 يونيو,PS21107,علاقة مناشف زوجية كروم متحركة,4.000
فرع 11 يونيو,PS21108,علاقة مناشف كروم,3.000
فرع 11 يونيو,PS21116,علاقة مناشف كروم,4.000
فرع 11 يونيو,PS21117,علاقة مناشف كروم,5.000
فرع 11 يونيو,PS21118,علاقة مناشف كروم,5.000
فرع 11 يونيو,PS21119,علاقة مناشف كروم,4.000
فرع 11 يونيو,PS21121,علاقة مناشف كروم,6.000
فرع 11 يونيو,PS21131,علاقة مناشف كروم,9.000
فرع 11 يونيو,PSB10823,دولاب حمام حوض مع مرايا لد -90 سم,2.000
فرع 11 يونيو,PSB10825,دولاب حمام حوض مع مرايا لد -90 سم,3.000
فرع 11 يونيو,PSB10826,حوض وجه مع دولاب حمام مع مراية مضيئة -80 سم,3.000
فرع 11 يونيو,RA20009,"كوع 25 *  1/2"" سن خارجي",-3.000
فرع 11 يونيو,RA20023,"مثلث 25"" لحام",1.000
فرع 11 يونيو,RA20024,"مثلث 25* 1/2"" سن داخلي",2.000
فرع 11 يونيو,RA20026,كواردة 32 سن خارجي,1.000
فرع 11 يونيو,RA20040,"مخفض 32""* 25"" لحام",5.000
فرع 11 يونيو,RA20078,صرباص 25,1.000
فرع 11 يونيو,RA20209,"تحويلة 4""",10.000
فرع 11 يونيو,RA20371,مخفض قومه 2,-2.000
فرع 11 يونيو,RA20470,"سنيسكا 25"" ذهبي مربع",3.000
فرع 11 يونيو,RA20506,طابة نهاية خط حديد 1/2,7.000
فرع 11 يونيو,RA20554,"مخفض قومه 1.5""",-3.000
فرع 11 يونيو,RA20555,مخفض قومه 50*26*35 ايطالي,7.000
فرع 11 يونيو,RA20582,"مخفض قومه 1.5"" * 1.25",30.000
فرع 11 يونيو,RA20767,مخفض 1/2*3/4 كروم,19.000
فرع 11 يونيو,RA20997,مثلث كروم سن داخلي 1/2,20.000
فرع 11 يونيو,RA21065,"سنيسكا 25"" كروم مربع",2.000
فرع 11 يونيو,RA30025,"جرجوري4""",2.000
فرع 11 يونيو,RD30242,حوض قدم اكريليك 80*80 مربع بالجنب بالسيفوني,-1.000
فرع 11 يونيو,RD30243,حوض قدم اكريليك 90*90 زاوية بالجنب بالسيفوني,1.000
فرع 11 يونيو,RD30306,حوض قدم خزف مربع 70*70 سم,1.000
فرع 11 يونيو,RD30307,حوض قدم خزف مربع 80*80 سم,-1.000
فرع 11 يونيو,RD30459,حوض قدم مربع  اكريليك100*100,1.000
فرع 11 يونيو,RD30460,حوض قدم مستطيل اكريليك 70*70 زاوية,1.000
فرع 11 يونيو,RD30576,حوض قدم خزف مربع 60*60 سم,1.000
فرع 11 يونيو,RD30577,حوض قدم خزف مربع 70*70 سم,2.000
فرع 11 يونيو,RD30580,حوض قدم مستطيل اكريليك 120*80,1.000
فرع 11 يونيو,RD30581,حوض قدم مستطيل اكريليك 120*80*14,-1.000
فرع 11 يونيو,RD30583,حوض قدم مستطيل فلات 120*70سم,1.000
فرع 11 يونيو,RD30584,حوض قدم مستطيل فلات 150*70سم,1.000
فرع 11 يونيو,RD30585,حوض قدم مستطيل شريحة 120*80سم,1.000
فرع 11 يونيو,RD30586,حوض قدم مستطيل شريحة 100*80سم,1.000
فرع 11 يونيو,RD30778,حوض قدم خزف مربع 80*80 سم,1.000
فرع 11 يونيو,RE10004,حنفية حوض المطبخ شجرة كروم,1.000
فرع 11 يونيو,RE10590,حنفية حوض المطبخ شجرة أسود,11.000
فرع 11 يونيو,RE10591,حنفية حوض المطبخ شجرة كروم,1.000
فرع 11 يونيو,RFP11000,"فسيبلي "" 1/2 أنثى * ""1/2 أنثى 50سم",1.000
فرع 11 يونيو,RFP11079,"فسيبلي "" 1/2 أنثى * ""1/2 أنثى 50سم",15.000
فرع 11 يونيو,RFP11109,"فسيبلي "" 1/2 أنثى * ""3/8 أنثى 60سم",10.000
فرع 11 يونيو,RFP1213,"فسيبلي خلاط مطبخ شجرة (2طرف) ""1/2أنثى 50سم",-1.000
فرع 11 يونيو,RFP1217,"فسيبلي "" 1/2 أنثى * ""1/2 أنثى 60سم",15.000
فرع 11 يونيو,RFP1373,"فسيبلي "" 1/2 أنثى * ""1/2 أنثى 60سم",12.000
فرع 11 يونيو,RFP1376,"فسيبلي "" 1/2 أنثى * ""1/2 أنثى 40سم",20.000
فرع 11 يونيو,RFP1402,"فسيبلي "" 1/2 أنثى * ""1/2 أنثى 50سم",2.000
فرع 11 يونيو,RFP1419,"فسيبلي "" 1/2 أنثى * ""1/2 أنثى 20سم",1.000
فرع 11 يونيو,RFP1420,"فسيبلي "" 1/2 أنثى * ""1/2 أنثى 30سم",25.000
فرع 11 يونيو,RFP1424,"فسيبلي "" 1/2 أنثى * ""1/2 أنثى 40سم",12.000
فرع 11 يونيو,RFP1425,"فسيبلي "" 1/2 أنثى * ""1/2 أنثى 80سم",3.000
فرع 11 يونيو,RFP1427,"فسيبلي "" 1/2 أنثى * ""1/2 أنثى 50سم",10.000
فرع 11 يونيو,RFP1428,"فسيبلي "" 1/2 أنثى * ""3/8 أنثى 60سم",7.000
فرع 11 يونيو,RFP1429,"فسيبلي "" 1/2 ذكر * ""1/2 أنثى 40سم",20.000
فرع 11 يونيو,RFP1430,"فسيبلي "" 1/2 ذكر * ""1/2 أنثى 50سم",2.000
فرع 11 يونيو,RFP1432,"فسيبلي خلاط (2طرف) ""1/2 أنثى 50سم",35.000
فرع 11 يونيو,RFP1720,"فسيبلي "" 1/2 أنثى * ""1/2 أنثى 20سم",6.000
فرع 11 يونيو,RFP1750,"فسيبلي "" 1/2 أنثى * ""1/2 أنثى 30سم سميك",23.000
فرع 11 يونيو,RFP1751,"فسيبلي "" 1/2 ذكر * ""1/2 أنثى 80سم",8.000
فرع 11 يونيو,RFP1754,"فسيبلي "" 1/2 أنثى * ""1/2 أنثى 50سم",19.000
فرع 11 يونيو,RFP1755,"فسيبلي "" 1/2 ذكر * ""1/2 أنثى 30سم",6.000
فرع 11 يونيو,RFP1756,"فسيبلي "" 1/2 أنثى * ""3/8 أنثى 50سم",25.000
فرع 11 يونيو,RFP1759,"فسيبلي "" 1/2 أنثى * ""3/8 أنثى 60سم",3.000
فرع 11 يونيو,RFP1779,"فسيبلي "" 1/2 أنثى * ""1/2 أنثى 50سم",9.000
فرع 11 يونيو,RFP1780,"فسيبلي خلاط مطبخ شجرة (2طرف) ""1/2أنثى 60سم",-1.000
فرع 11 يونيو,RFP1812,"فسيبلي "" 1/2 أنثى * ""3/8 أنثى 40سم",20.000
فرع 11 يونيو,RFP1868,"فسيبلي "" 1/2 أنثى * ""1/2 أنثى 50سم",1.000
فرع 11 يونيو,RFP1877,"فسيبلي خلاط مطبخ شجرة (2طرف) ""1/2أنثى 60سم",13.000
فرع 11 يونيو,RFP1884,"فسيبلي "" 1/2 أنثى * ""1/2 أنثى 40سم",9.000
فرع 11 يونيو,RFP1936,فسيبلي خلاط سحاب,6.000
فرع 11 يونيو,RFP1991,"فسيبلي "" 1/2 أنثى * ""1/2 أنثى 50سم",10.000
فرع 11 يونيو,RFP1999,"فسيبلي "" 1/2 أنثى * ""1/2 أنثى 40سم",14.000
فرع 11 يونيو,RO10018,مسكر زاوية  ''1/2 * ''1/2 اسود,2.000
فرع 11 يونيو,RO10096,مسكر زاوية  ''1/2 * ''1/2 كروم,-1.000
فرع 11 يونيو,RO10141,مسكر زاوية  ''1/2 * ''1/2 ذهبي,21.000
فرع 11 يونيو,RO10287,مسكر زاوية  ''1/2 * ''1/2 كروم,2.000
فرع 11 يونيو,RO10290,مسكر زاوية  ''1/2 * ''1/2 كروم,-7.000
فرع 11 يونيو,RO10292,مسكر زاوية  ''1/2 * ''3/8 مع وردة كروم,1.000
فرع 11 يونيو,RO10294,حنفية غسالة  ''1/2 * ''3/4 كروم,19.000
فرع 11 يونيو,RO10328,حنفية 3/4,2.000
فرع 11 يونيو,RO10329,حنفية 3/4,8.000
فرع 11 يونيو,RO10406,حنفية غسالة  ''1/2 * ''3/4 كروم,1.000
فرع 11 يونيو,RO10548,مسكر زاوية  ''1/2 * ''1/2 من غير مطول كروم,-1.000
فرع 11 يونيو,RO10916,مسكر زاوية  ''1/2 * ''1/2 كروم,20.000
فرع 11 يونيو,RO10924,مسكر زاوية  ''1/2 * ''1/2 ذهبي,4.000
فرع 11 يونيو,RO10998,حنفية غسالة  ''1/2 * ''3/4 كروم,8.000
فرع 11 يونيو,RO11146,حنفية  3/4مع تفلون,4.000
فرع 11 يونيو,RS40222,بلاط ارضيات بورسلين 120 سم * 60 سم (0.360  م²),-7.000
فرع 11 يونيو,RS40309,بلاط ارضيات بورسلين 60 سم * 60 سم (1.08  م²),102.000
فرع 11 يونيو,SA10020,طقم اكسسوار خزف رباعي أسود,2.000
فرع 11 يونيو,SA10021,طقم اكسسوار خزف ثلاثي رصاصي,3.000
فرع 11 يونيو,SA10042,طقم اكسسوار نحاسي,4.000
فرع 11 يونيو,SA10069,طقم اكسسوار رصاصي,2.000
فرع 11 يونيو,SA10142,طقم اكسسوار أسود,6.000
فرع 11 يونيو,SA10185,طقم اكسسوار كروم,2.000
فرع 11 يونيو,SA10206,طقم اكسسوار كروم,-1.000
فرع 11 يونيو,SA10311,طقم اكسسوار كروم,-2.000
فرع 11 يونيو,SA10312,طقم اكسسوار كروم,-2.000
فرع 11 يونيو,SA10313,طقم اكسسوار كروم,-2.000
فرع 11 يونيو,SA10314,طقم اكسسوار كروم,-1.000
فرع 11 يونيو,SA10315,طقم اكسسوار كروم,-2.000
فرع 11 يونيو,SA10316,طقم اكسسوار كروم,-2.000
فرع 11 يونيو,SA10426,طقم اكسسوار أسود,1.000
فرع 11 يونيو,SA10427,طقم اكسسوار كروم,3.000
فرع 11 يونيو,SA10428,طقم اكسسوار ذهبي,2.000
فرع 11 يونيو,SA10429,طقم اكسسوار أسود\كروم,4.000
فرع 11 يونيو,SA10520,طقم اكسسوار كروم,4.000
فرع 11 يونيو,SA10649,طقم اكسسوار كروم,5.000
فرع 11 يونيو,SA10650,طقم اكسسوار أسود,16.000
فرع 11 يونيو,SA10651,طقم اكسسوار ذهبي,5.000
فرع 11 يونيو,SA10735,طقم اكسسوار ذهبي,4.000
فرع 11 يونيو,SA10753,طقم اكسسوار كروم,2.000
فرع 11 يونيو,SA10771,طقم اكسسوار كروم,2.000
فرع 11 يونيو,SA10814,طقم اكسسوار كروم,1.000
فرع 11 يونيو,SA10835,طقم اكسسوار أسود,4.000
فرع 11 يونيو,SA10889,طقم اكسسوار كروم,1.000
فرع 11 يونيو,SA11114,طقم اكسسوار كروم,5.000
فرع 11 يونيو,SA11115,طقم اكسسوار كروم,4.000
فرع 11 يونيو,SA11134,طقم اكسسوار كروم,4.000
فرع 11 يونيو,SA11135,طقم اكسسوار كروم,3.000
فرع 11 يونيو,SC10832,بوكس زاوية  200*100*80 سم كروم,4.000
فرع 11 يونيو,SI10133,سلكون  280 غرام شفاف,-1.000
فرع 11 يونيو,SI10136,سلكون  280 غرام شفاف التاج,6.000
فرع 11 يونيو,SI10138,سلكون  280 غرام أبيض التاج,4.000
فرع 11 يونيو,SI10175,سلكون  280 غرام أبيض,-4.000
فرع 11 يونيو,SI10176,سلكون  280 غرام شفاف,22.000
فرع 11 يونيو,SI10412,سلكون  280 غرام شفاف,3.000
فرع 11 يونيو,SI10506,سلكون 260 غرام أبيض,2.000
فرع 11 يونيو,SI10507,سلكون 260 غرام شفاف,3.000
فرع 11 يونيو,SI10509,سلكون حراري استرا اسود 1600c,4.000
فرع 11 يونيو,VE30152,حوض وجه تحت الرخام أبيض -50سم,3.000
فرع 11 يونيو,VP20009,حوض وجه فوق الرخام أبيض -49سم,2.000
فرع 11 يونيو,VP20115,حوض وجه دائري فوق الرخام - 46سم,2.000
فرع 11 يونيو,VP20118,حوض وجه فوق الرخام 100 سم أبيض,1.000
فرع 11 يونيو,VP20119,حوض وجه فوق الرخام 100 سم أبيض,1.000
فرع 11 يونيو,VP20154,حوض وجه فوق الرخام أبيض,1.000
فرع 11 يونيو,VP20211,حوض وجه مربع  فوق الرخام - 46*46سم,1.000
فرع 11 يونيو,VP20215,حوض وجه فوق الرخام أبيض -50سم,4.000
فرع 11 يونيو,VP20216,حوض وجه فوق الرخام ذهبي -48سم,5.000
فرع 11 يونيو,VP20483,حوض وجه فوق الرخام أبيض -40*30 سم,5.000
فرع 11 يونيو,VP20484,حوض وجه فوق الرخام أبيض 41.5 سم,2.000
فرع 11 يونيو,VP20786,حوض وجه فوق الرخام أبيض,6.000
فرع 11 يونيو,VS10000,حوض وجه معلق -60 سم,2.000
فرع 11 يونيو,VS10011,حوض وجه معلق أبيض 35 سم,2.000
فرع 11 يونيو,VS10046,حوض وجه معلق زاوية أبيض 50 سم,3.000
فرع 11 يونيو,VS10049,حوض وجه معلق 80 سم أبيض مع خلاط مع سيفوني,2.000
فرع 11 يونيو,VS10119,حوض وجه معلق -80 سم,2.000
فرع 11 يونيو,VS10124,حوض وجه معلق -65 سم,2.000
فرع 11 يونيو,VS10125,حوض وجه معلق -55 سم,1.000
فرع 11 يونيو,VS10136,حوض وجه معلق -100 سم,1.000
فرع 11 يونيو,VS10140,حوض وجه معلق -90 سم,3.000
فرع 11 يونيو,VS10180,حوض وجه معلق رخامي أبيض,2.000
فرع 11 يونيو,VS10181,حوض وجه معلق أسود,1.000
فرع 11 يونيو,VS10187,حوض وجه معلق -50 سم,6.000
فرع 11 يونيو,VS10189,حوض وجه معلق -65 سم,2.000
فرع 11 يونيو,VS10191,حوض وجه معلق -80 سم,8.000
فرع 11 يونيو,VS10200,حوض وجه معلق -80 سم,-3.000
فرع 11 يونيو,VS10201,حوض وجه معلق -80 سم,3.000
فرع 11 يونيو,VS10204,حوض وجه معلق أبيض -50سم,8.000
فرع 11 يونيو,VS10205,حوض وجه معلق رصاصي -60سم,11.000
فرع 11 يونيو,VS10207,حوض وجه معلق أسود -60سم,8.000
فرع 11 يونيو,VS10208,حوض وجه معلق أبيض -60سم,-1.000
فرع 11 يونيو,VS10209,حوض وجه معلق أبيض -60سم,13.000
فرع 11 يونيو,VS10210,حوض وجه معلق أبيض -45*37سم,1.000
فرع 11 يونيو,VS10219,عمود حوض وجه سداسي أرضي أبيض,1.000
فرع 11 يونيو,VS10220,عمود حوض وجه سداسي معلق أبيض,8.000
فرع 11 يونيو,VS10221,حوض وجه سداسي معلق أبيض,2.000
فرع 11 يونيو,VS10312,حوض وجه معلق 100 سم,3.000
فرع 11 يونيو,VS10321,حوض وجه معلق -130 سم,3.000
فرع 11 يونيو,VS10400,حوض وجه معلق 65 سم,4.000
فرع 11 يونيو,VS10454,حوض وجه معلق 100 سم,2.000
فرع 11 يونيو,VS10458,حوض وجه معلق 85 سم,4.000
فرع 11 يونيو,VS10491,حوض وجه معلق -60 * 45 سم,3.000
فرع 11 يونيو,VS10537,حوض وجه السفير معلق60 سم أبيض,3.000
فرع 11 يونيو,VS10538,عمود حوض وجه سفير أرضي أبيض,3.000
فرع 11 يونيو,VS10597,حوض وجه معلق أبيض -60سم,1.000
فرع 11 يونيو,VS10625,حوض وجه معلق -100 سم,1.000
فرع 11 يونيو,VS10759,حوض وجه معلق -100 سم,1.000
فرع 11 يونيو,VS10801,حوض وجه معلق -90 سم,2.000
فرع 11 يونيو,VS10803,حوض وجه-80 سم أبيض,2.000
فرع 11 يونيو,VS10811,حوض وجه معلق -100 سم,2.000
فرع 11 يونيو,VS10820,حوض وجه معلق أبيض 36x52,4.000
فرع 11 يونيو,VS10821,حوض وجه معلق أبيض 42x56,7.000
فرع 11 يونيو,VS10822,حوض وجه معلق أبيض60,9.000
فرع 11 يونيو,VS10823,حوض وجه معلق 80 سم,3.000
فرع 11 يونيو,VS10825,حوض وجه معلق -100 سم,3.000
فرع 11 يونيو,VS10828,حوض وجه معلق أسود -60سم,4.000
فرع 11 يونيو,VS10841,حوض وجه معلق -80 سم,2.000
فرع 11 يونيو,VS10843,حوض وجه معلق -80 سم,2.000
فرع 11 يونيو,VS10845,حوض وجه معلق -60 سم,1.000
فرع 11 يونيو,VS10872,حوض وجه معلق -60 سم,5.000
فرع 11 يونيو,VS10873,حوض وجه معلق -75 سم,2.000
فرع 11 يونيو,VS10874,حوض وجه معلق 80*48سم,4.000
فرع 11 يونيو,VS10881,حوض وجه فوق الرخام أبيض -40*34 سم,3.000
فرع 11 يونيو,VS10882,حوض وجه معلق60 سم أبيض,7.000
فرع 11 يونيو,VS10883,عمود حوض وجه أرضي أبيض,9.000
فرع 11 يونيو,VS10939,حوض وجه معلق -80 سم,15.000
فرع 11 يونيو,VS10943,حوض وجه معلق -80 سم,13.000
فرع 11 يونيو,VS10952,حوض وجه معلق -80 سم,2.000
فرع 11 يونيو,VS10956,حوض وجه معلق -70 سم,8.000
فرع 11 يونيو,VS10960,حوض وجه معلق -70 سم,5.000
فرع 11 يونيو,VS10964,حوض وجه معلق -70 سم,5.000
فرع 11 يونيو,VS10968,حوض وجه معلق -60 سم,10.000
فرع 11 يونيو,VS10972,حوض وجه معلق -60 سم,10.000
فرع 11 يونيو,VS10976,حوض وجه معلق -60 سم,10.000
فرع 11 يونيو,VS11061,عمود حوض وجه سفير معلق أبيض,3.000
فرع 11 يونيو,VS11062,عمود حوض وجه سفير معلق أبيض,1.000
فرع 11 يونيو,VS11069,حوض وجه موطو مع عمود أبيض,5.000
فرع 11 يونيو,VS11083,حوض وجه معلق 85*38سم,2.000
فرع 11 يونيو,VS11084,حوض وجه معلق 65*38سم,3.000
فرع 11 يونيو,VS11139,حوض وجه معلق 60سم,3.000
فرع 11 يونيو,VS11140,حوض وجه معلق 80سم,3.000
فرع 11 يونيو,VS11141,حوض وجه معلق80 سم,5.000
فرع 11 يونيو,VS11142,حوض وجه معلق60 سم,5.000
فرع 11 يونيو,WA40043,غطاء مقعد أبيض,4.000
فرع 11 يونيو,WA40087,غطاء مقعد سداسي أبيض,1.000
فرع 11 يونيو,WA40088,غطاء مقعد موطو أبيض,10.000
فرع 11 يونيو,WA40089,غطاء مقعد أبيض,4.000
فرع 11 يونيو,WA40117,غطاء مقعد أبيض,1.000
فرع 11 يونيو,WA40172,غطاء مقعد تركي أبيض,4.000
فرع 11 يونيو,WA40173,غطاء مقعد تركي أبيض,1.000
فرع 11 يونيو,WA40444,غطاء مقعد تركي أبيض,11.000
فرع 11 يونيو,WA40474,غطاء مقعد موطو أبيض,18.000
فرع 11 يونيو,WA40479,غطاء مقعد سداسي أبيض,8.000
فرع 11 يونيو,WA40589,غطاء مقعد رايملس أبيض,5.000
فرع 11 يونيو,WA40774,غطاء مقعد أبيض,1.000
فرع 11 يونيو,WA40776,غطاء مقعد أبيض,1.000
فرع 11 يونيو,WA40780,غطاء مقعد أبيض,1.000
فرع 11 يونيو,WA40918,غطاء مقعد معلق كبير تورنيدو أبيض,1.000
فرع 11 يونيو,WA41049,غطاء مقعد معلق تورنيدو أبيض,3.000
فرع 11 يونيو,WA41050,غطاء مقعد معلق تورنيدو أبيض,2.000
فرع 11 يونيو,WA41053,غطاء مقعد معلق تورنيدو أسود,1.000
فرع 11 يونيو,WA41056,غطاء مقعد معلق تورنيدو أبيض,1.000
فرع 11 يونيو,WA41057,غطاء مقعد معلق تورنيدو أبيض,2.000
فرع 11 يونيو,WA41058,غطاء مقعد معلق تورنيدو أبيض,2.000
فرع 11 يونيو,WA41059,غطاء مقعد معلق تورنيدو أبيض,2.000
فرع 11 يونيو,WP20097,مقعد أرضي بدون صندوق أبيض,-2.000
فرع 11 يونيو,WP20156,مقعد أرضي ملحوم تورىيدو أبيض,3.000
فرع 11 يونيو,WP20157,مقعد أرضي ملحوم موطو أبيض,4.000
فرع 11 يونيو,WP20158,مقعد أرضي ملحوم طويل أبيض,7.000
فرع 11 يونيو,WP20159,مقعد أرضي ملحوم سداسي أبيض,22.000
فرع 11 يونيو,WP20160,مقعد أرضي ملحوم سداسي مدفع أبيض,2.000
فرع 11 يونيو,WP20161,مقعد أرضي ملحوم رصاصي رخامي,4.000
فرع 11 يونيو,WP20162,مقعد أرضي ملحوم ذهبي رخامي,3.000
فرع 11 يونيو,WP20166,مقعد أرضي ملحوم بيضوي أبيض,1.000
فرع 11 يونيو,WP20199,مقعد أرضي أبيض,1.000
فرع 11 يونيو,WP20475,مقعد أرضي ملحوم مربع  أبيض,8.000
فرع 11 يونيو,WP20476,مقعد أرضي ملحوم مموج  أبيض,3.000
فرع 11 يونيو,WP20477,مقعد أرضي ملحوم مربع قصير أبيض,1.000
فرع 11 يونيو,WP20478,مقعد أرضي ملحوم ذهبي مخطط,1.000
فرع 11 يونيو,WP20480,مقعد أرضي ملحوم مربع أبيض,-1.000
فرع 11 يونيو,WP20587,مقعد أرضي ملحوم أسود,2.000
فرع 11 يونيو,WP20588,مقعد أرضي ملحوم أبيض,-1.000
فرع 11 يونيو,WP20803,مقعد أرضي أبيض,1.000
فرع 11 يونيو,WP20809,مقعد أرضي أبيض,4.000
فرع 11 يونيو,WP20827,مقعد أرضي ملحوم أبيض,6.000
فرع 11 يونيو,WP20892,مقعد عربي أبيض61*51,4.000
فرع 11 يونيو,WS10007,مقعد معلق أبيض,3.000
فرع 11 يونيو,WS10014,مقعد معلق (صندوق خارجي) أبيض,2.000
فرع 11 يونيو,WS10015,صندوق مقعد معلق أبيض,3.000
فرع 11 يونيو,WS10116,مقعد معلق رايملس أبيض,2.000
فرع 11 يونيو,WS10127,مقعد معلق أبيض,1.000
فرع 11 يونيو,WS10164,مقعد معلق رايملس أبيض,3.000
فرع 11 يونيو,WS10168,مقعد معلق رايملس أسود,8.000
فرع 11 يونيو,WS10169,مقعد معلق رايملس أسود,6.000
فرع 11 يونيو,WS10170,مقعد معلق رايملس أبيض,5.000
فرع 11 يونيو,WS10171,مقعد معلق رايملس أبيض,9.000
فرع 11 يونيو,WS10172,مقعد معلق رايملس أبيض,1.000
فرع 11 يونيو,WS10177,مقعد معلق ذهبي,3.000
فرع 11 يونيو,WS10481,مقعد معلق رايملس أبيض,1.000
فرع 11 يونيو,WS10590,مقعد معلق رايملس رصاصي,6.000
فرع 11 يونيو,WS10594,مقعد معلق تورنيدو أبيض,-2.000
فرع 11 يونيو,WS10595,مقعد معلق رايملس مموج أبيض,2.000
فرع 11 يونيو,WS10777,مقعد معلق رايملس أبيض,1.000
فرع 11 يونيو,WS10807,مقعد معلق تورنيدو أبيض,7.000
فرع 11 يونيو,WS10812,مقعد معلق تورنيدو أبيض,6.000
فرع 11 يونيو,WS10813,مقعد معلق تورنيدو أبيض,7.000
فرع 11 يونيو,WS10814,مقعد معلق تورنيدو أسود,3.000
فرع 11 يونيو,WS10815,مقعد معلق ملحوم تورنيدو أبيض,3.000
فرع 11 يونيو,WS10816,مقعد معلق ملحوم تورنيدو أبيض,6.000
فرع 11 يونيو,WS10817,مقعد معلق ملحوم تورنيدو أبيض,3.000
فرع 11 يونيو,WS10818,مقعد معلق كبير بلس سايز ملحوم تورنيدو أبيض,1.000
فرع 11 يونيو,WS10878,مقعد معلق أبيض,2.000
فرع 11 يونيو,WS10880,مقعد معلق أبيض,1.000
فرع السراج, ,Indéfini,15.000
فرع السراج,99999,ملحقات مواد صحية,-71.000
فرع السراج,AASB30003,موزع صابون كروم,5.000
فرع السراج,AASB30004,موزع صابون ابيض,5.000
فرع السراج,AASB30005,موزع صابون كروم,3.000
فرع السراج,AASB30006,موزع صابون كروم,2.000
فرع السراج,AASB30008,موزع صابون سائل خزف,3.000
فرع السراج,AASB30010,صابونية كروم,2.000
فرع السراج,AASB30012,رف زاوية كروم,4.000
فرع السراج,AASB30013,حامل منضفات كروم,3.000
فرع السراج,AASB30014,رف زاوية زوجي كروم,6.000
فرع السراج,AASB30021,رف زاوية كروم,1.000
فرع السراج,AASB30023,رف زاوية زوجي كروم,1.000
فرع السراج,AASB30026,رف زاوية زوجي كروم,7.000
فرع السراج,AASB30027,رف ستاينلس ستيل أسود,4.000
فرع السراج,AASB30028,رف ستاينلس ستيل كروم,2.000
فرع السراج,AASB30029,رف ستاينلس ستيل أسود,1.000
فرع السراج,AASB30031,صابونية كروم,7.000
فرع السراج,AASB30032,موزع صابون سائل كروم,2.000
فرع السراج,AASB30036,مجفف شعر أبيض,3.000
فرع السراج,AASB30037,مجفف شعر ذهبي,-1.000
فرع السراج,AASB30039,مجفف شعر أسود,1.000
فرع السراج,AASB30041,مجفف شعر أبيض,1.000
فرع السراج,AASB30044,رف زجاجي كروم,1.000
فرع السراج,AASB30045,رف زجاجي كروم,3.000
فرع السراج,AASB30048,صابونية كروم,6.000
فرع السراج,AASB30049,موزع صابون سائل كروم,3.000
فرع السراج,AASB30051,موزع صابون سائل كروم,8.000
فرع السراج,AASB30052,موزع صابون سائل كروم,5.000
فرع السراج,AASB30053,حاملة فوط كروم,7.000
فرع السراج,AASB30059,حاملة فرشاة أسنان كروم,2.000
فرع السراج,AASB30062,صابونية كروم,7.000
فرع السراج,AASB30064,حاملة فرشاة أسنان كروم,1.000
فرع السراج,AASB30065,رف زاوية كروم,8.000
فرع السراج,AASB30066,رف زاوية كروم,20.000
فرع السراج,AASB30067,حاملة ورق ناعم كروم,25.000
فرع السراج,AASB30069,موزع صابون سائل كروم,-1.000
فرع السراج,AASB30071,صابونية أسود,1.000
فرع السراج,AASB30072,حاملة ورق منظف كلينكس,2.000
فرع السراج,AASB30075,مجفف يد أبيض,3.000
فرع السراج,AASB30076,مجفف يد أبيض,3.000
فرع السراج,AASB30077,مجفف يد كروم,2.000
فرع السراج,AASB30078,حاملة فرشاة أسنان أسود,3.000
فرع السراج,AASB30092,حاملة ورق ناعم أسود,-2.000
فرع السراج,AASB30096,رف زاوية ثلاثي كروم,-1.000
فرع السراج,AASB30102,موزع صابون كروم,-1.000
فرع السراج,AASB30155,حاملة فرشاة أسنان كروم,3.000
فرع السراج,AASB30157,حاملة فوط أسود,2.000
فرع السراج,AASB30176,حاملة فوط أسود,1.000
فرع السراج,AASB30190,حاملة فوط كروم,3.000
فرع السراج,AASB30197,موزع صابون حساس كروم,2.000
فرع السراج,AASB30198,صابون سائل,4.000
فرع السراج,AASB30199,رف زجاجي كروم,-1.000
فرع السراج,AASB30260,رف زاوية زوجي اسود,2.000
فرع السراج,AASB30301,فرشة مرحاض كروم,5.000
فرع السراج,AASB30302,فرشة مرحاض كروم,2.000
فرع السراج,AASB30303,صابونية كروم,6.000
فرع السراج,AASB30310,صابونية كروم حساس,5.000
فرع السراج,AASB30341,حاملة منظفات زوجي كروم,2.000
فرع السراج,AASB30353,فرشة مرحاض كروم,5.000
فرع السراج,AASB30393,مجفف شعر أسود,4.000
فرع السراج,AASB30401,حاملة ورق منظف كلينكس,6.000
فرع السراج,AASB30407,حاملة فوط كروم,2.000
فرع السراج,AASB30409,حاملة فوط كروم,1.000
فرع السراج,AASB30413,حاملة فوط كروم,4.000
فرع السراج,AASB30427,رف زاوية زوجي ذهبي,4.000
فرع السراج,AASB30428,رف زاوية زوجي اسود,2.000
فرع السراج,AASB30501,حامل ورق منظف كلينكس,6.000
فرع السراج,AASB30517,حاملة ورق منظف كلينكس,4.000
فرع السراج,AASB30518,صابونية كروم,6.000
فرع السراج,AASB30547,رف زاوية كروم,4.000
فرع السراج,AASB30548,رف زاوية أسود فردي,4.000
فرع السراج,AASB30634,صابونية أسود,5.000
فرع السراج,AASB30635,حاملة فرشاة أسنان زوجية أسود,12.000
فرع السراج,AASB30638,صابونية أسود,9.000
فرع السراج,AASB30669,مسند لكبار السن أبيض,1.000
فرع السراج,AASB30670,مسند لكبار السن كروم,4.000
فرع السراج,AASB30671,فرشاة تنظيف مرحاض كروم,12.000
فرع السراج,AASB30672,فرشاة تنظيف مرحاض أسود,6.000
فرع السراج,AASB30673,فرشاة تنظيف مرحاض ذهبي,5.000
فرع السراج,AASB30737,رف فردي 50 سم,5.000
فرع السراج,AASB30762,رف زاوية كروم,5.000
فرع السراج,AASB30831,سلة قمامة كروم معلقة 5 لتر,1.000
فرع السراج,AASB30832,سلة قمامة كروم  8 لتر,2.000
فرع السراج,AASB30833,سلة قمامة ذهبي   8 لتر,2.000
فرع السراج,AASB30834,سلة قمامة أسود  8 لتر,2.000
فرع السراج,AASB30856,سلة قمامة ذهبي معلقة 5 لتر,1.000
فرع السراج,AASB30916,رف زاوية زوجي كروم,9.000
فرع السراج,AB10107,خزانة حمام أبيض,-1.000
فرع السراج,AB10113,خزانة حمام أبيض,-3.000
فرع السراج,AB10336,خزانة حمام أبيض,1.000
فرع السراج,AB10360,خزانة حمام أبيض,-1.000
فرع السراج,AB10417,خزانة حمام 120*24*20,-2.000
فرع السراج,AB10420,خزانة حمام 120*24*20,-1.000
فرع السراج,AB10558,خزانة حمام أبيض,3.000
فرع السراج,AB10562,خزانة حمام أبيض,2.000
فرع السراج,AB10567,خزانة حمام أبيض,3.000
فرع السراج,AB10573,خزانة حمام أبيض,4.000
فرع السراج,AB10741,خزانة حمام أبيض,-3.000
فرع السراج,AB10743,خزانة حمام أبيض,3.000
فرع السراج,AB10744,خزانة حمام أبيض,3.000
فرع السراج,AB10803,خزانة حمام أبيض,1.000
فرع السراج,AB10812,خزانة حمام بيج,-1.000
فرع السراج,AB10825,خزانة حمام أبيض,2.000
فرع السراج,AB10826,خزانة حمام 80*24*12,2.000
فرع السراج,AB10838,خزانة حمام أبيض,2.000
فرع السراج,AB10839,خزانة حمام أبيض,-2.000
فرع السراج,AB10840,خزانة حمام أبيض,3.000
فرع السراج,AB10841,خزانة حمام أبيض,2.000
فرع السراج,AB10842,خزانة حمام أبيض,-1.000
فرع السراج,AB10843,خزانة حمام أبيض,1.000
فرع السراج,AB10844,خزانة حمام أبيض,2.000
فرع السراج,AB10845,خزانة حمام أبيض,1.000
فرع السراج,AB10854,خزانة حمام أبيض,2.000
فرع السراج,ABAG50150,سيفون حوض استحمام بانيو,3.000
فرع السراج,ACE20210,فلفلة سخانة,13.000
فرع السراج,ACE20242,مثبت سخانة,49.000
فرع السراج,ACE20379,قرسيوني راس سخانة فلتي,20.000
فرع السراج,ACOL30574,ريتي لياسة 20 سم * 10 متر,6.000
فرع السراج,ACOL30575,ريتي لياسة 20 سم * 10 متر,1.000
فرع السراج,ACOL30576,ريتي لياسة 20 سم * 20 متر,2.000
فرع السراج,ACOL30578,ريتي لياسة 25 سم * 20 متر,2.000
فرع السراج,ACOL30579,ريتي لياسة 25 سم * 20 متر,2.000
فرع السراج,ACOL30580,ريتي لياسة 25 سم * 20 متر,1.000
فرع السراج,ACOL30581,ريتي لياسة حديد 25 سم,10.000
فرع السراج,ADOU50043,سيفون حوض قدم,-7.000
فرع السراج,ADOU50323,كروم M3/4'' M1/2''  M1/2'' محول مسطرة دوش,4.000
فرع السراج,AECU50001,غسالة أكواب حوض المطبخ,-1.000
فرع السراج,AECU50055,غسالة أكواب حوض المطبخ,10.000
فرع السراج,AECU50056,صابونية حوض مطبخ كروم,4.000
فرع السراج,AECU50057,صابونية حوض مطبخ أسود,12.000
فرع السراج,AECU50097,سيفون حوض المطبخ معا راجع,1.000
فرع السراج,AECU50100,سيفون حوض المطبخ,1.000
فرع السراج,AECU50134,سيفون حوض المطبخ,1.000
فرع السراج,AECU50150,سلة تجفيف لحوض المطبخ أسود,-1.000
فرع السراج,AECU50198,سيفون حوض المطبخ,1.000
فرع السراج,AECU50200,سيفون حوض المطبخ,2.000
فرع السراج,AECU50203,سيفون حوض المطبخ,-1.000
فرع السراج,AECU50205,سيفون حوض المطبخ,4.000
فرع السراج,AECU50213,سيفون حوض المطبخ,1.000
فرع السراج,AECU50380,سيفون حوض المطبخ رأس كبير,6.000
فرع السراج,AECU50391,سيفون حوض المطبخ رأس كبير,14.000
فرع السراج,AECU50425,سيفون حوض المطبخ,13.000
فرع السراج,AECU50431,سيفون حوض المطبخ,5.000
فرع السراج,AECU50633,سقطار لحوض المطبخ أسود85 سم,3.000
فرع السراج,AECU50890,راجع سيفون حوض مطبخ,40.000
فرع السراج,AETS20004,تفلون 19 مم * 15 متر * 0.20 مم,9.000
فرع السراج,AETS20237,تفلون 19 مم * 30 متر * 0.8 مم,5.000
فرع السراج,AETS20378,تفلون سائل 15ml,4.000
فرع السراج,AETS20445,نايلو صوبات 1(متر),29.000
فرع السراج,AETS20454,تفلون 19 مم * 15 متر * 0.20 مم,51.000
فرع السراج,AEVE20092,وصلة صرف يمنى رصاصي,2.000
فرع السراج,AEVE20093,وصلة صرف يسرى رصاصي,2.000
فرع السراج,ALVM50010,رأس سيفوني اسود,6.000
فرع السراج,ALVM50011,رأس سيفوني كروم,1.000
فرع السراج,ALVM50012,سيفون حوض الوجه ذهبي,2.000
فرع السراج,ALVM50019,رأس سيفوني كروم,11.000
فرع السراج,ALVM50020,رأس سيفوني حوض الوجه طويل أسود,1.000
فرع السراج,ALVM50023,رأس سيفوني كروم,2.000
فرع السراج,ALVM50026,سيفون حوض الوجه كروم,2.000
فرع السراج,ALVM50030,سيفون حوض الوجه كروم,13.000
فرع السراج,ALVM50032,سيفون حوض الوجه كروم,7.000
فرع السراج,ALVM50061,مطول سيفون حوض الوجه 30سم كروم,-6.000
فرع السراج,ALVM50062,مطول سيفون حوض الوجه كروم,7.000
فرع السراج,ALVM50071,سيفون حوض الوجه دهبي,3.000
فرع السراج,ALVM50090,سيفون حوض الوجه راس كروم متحرك,21.000
فرع السراج,ALVM50139,رأس سيفوني كروم,3.000
فرع السراج,ALVM50193,رأس سيفوني ذهبي,2.000
فرع السراج,ALVM50201,سيفون حوض الوجه,5.000
فرع السراج,ALVM50206,سيفون حوض الوجه كلك,92.000
فرع السراج,ALVM50211,قرجوطة سيفون حوض الوجه 1.1/4*80 سم,6.000
فرع السراج,ALVM50212,قرجوطة سيفون حوض الوجه 1.1/4*80 سم,5.000
فرع السراج,ALVM50225,سيفون حوض الوجه كروم,-3.000
فرع السراج,ALVM50240,مثبت حوض الوجه,38.000
فرع السراج,ALVM50260,سيفون حوض الوجه كروم,3.000
فرع السراج,ALVM50275,رأس سيفوني كروم,4.000
فرع السراج,ALVM50280,رأس سيفوني أبيض,1.000
فرع السراج,ALVM50283,رأس سيفوني 1 ''1/4  ''5 كروم,13.000
فرع السراج,ALVM50288,رأس سيفوني كروم,4.000
فرع السراج,ALVM50299,سيفون حوض الوجه كروم,3.000
فرع السراج,ALVM50307,سيفون حوض الوجه كروم,14.000
فرع السراج,ALVM50309,سيفون حوض الوجه كروم بلستك,4.000
فرع السراج,ALVM50389,رأس سيفوني كروم,3.000
فرع السراج,ALVM50390,رأس سيفوني رخامي,4.000
فرع السراج,ALVM50391,رأس سيفوني رخامي,2.000
فرع السراج,ALVM50392,رأس سيفوني رخامي,1.000
فرع السراج,ALVM50394,رأس سيفوني رخامي,2.000
فرع السراج,ALVM50397,رأس سيفوني رخامي,7.000
فرع السراج,ALVM50398,رأس سيفوني ذهبي,5.000
فرع السراج,ALVM50400,سيفون حوض الوجه 25سم 30سم كروم,1.000
فرع السراج,ALVM50402,سيفون حوض الوجه كروم,2.000
فرع السراج,ALVM50404,سيفون حوض الوجه كروم,2.000
فرع السراج,ALVM50429,رأس سيفوني اسود,14.000
فرع السراج,ALVM50430,رأس سيفوني رخامي,12.000
فرع السراج,ALVM50482,سيفون حوض الوجه ذهبي,6.000
فرع السراج,ALVM50677,طابة حوض الوجه كروم,-4.000
فرع السراج,ALVM50730,سيفون حوض الوجه كروم,5.000
فرع السراج,ALVM50765,رأس سيفوني كروم,3.000
فرع السراج,ALVM50790,رأس سيفوني رخامي,3.000
فرع السراج,ALVM50791,رأس سيفوني كروم,5.000
فرع السراج,ALVM50808,سيفون حوض الوجه كروم,5.000
فرع السراج,ALVM50809,سيفون حوض الوجه كروم,1.000
فرع السراج,ALVM50870,سيفون حوض الوجه كروم,6.000
فرع السراج,ALVM56402,رأس سيفوني كروم,10.000
فرع السراج,AM0002,دولاب حمام -80 سم,1.000
فرع السراج,AM0078,دولاب حمام -90 سم,-2.000
فرع السراج,AM0106,حوض وجه مع دولاب حمام -80 سم,-1.000
فرع السراج,AM0112,حوض وجه مع دولاب حمام -80 سم,-3.000
فرع السراج,AM0120,دولاب حمام 100 سم أبيض,-1.000
فرع السراج,AM0182,حوض وجه مع دولاب حمام -80 سم,-3.000
فرع السراج,AM0183,حوض وجه مع دولاب حمام -80 سم,-2.000
فرع السراج,AM0184,حوض وجه مع دولاب حمام -60 سم,-4.000
فرع السراج,AM0185,حوض وجه مع دولاب حمام -60 سم,-2.000
فرع السراج,AM0333,دولاب حمام 80 سم أبيض,1.000
فرع السراج,AM0334,حوض وجه  دولاب حمام -80 سم,1.000
فرع السراج,AM0358,دولاب حمام 80 سم أبيض,-1.000
فرع السراج,AM0359,حوض وجه  دولاب حمام -80 سم,-1.000
فرع السراج,AM0416,حوض وجه مع دولاب حمام -80 سم,-2.000
فرع السراج,AM0421,حوض وجه مع دولاب حمام -80 سم,-1.000
فرع السراج,AM0450,دولاب حمام 100 سم,-1.000
فرع السراج,AM0456,دولاب حمام 85 سم,-1.000
فرع السراج,AM0463,دولاب مع مراية حمام 80 سم,1.000
فرع السراج,AM0559,حوض وجه مع دولاب حمام -80 سم,2.000
فرع السراج,AM0563,حوض وجه  دولاب حمام -90 سم,2.000
فرع السراج,AM0564,دولاب حمام -90 سم,2.000
فرع السراج,AM0568,حوض وجه مع دولاب حمام -80 سم,3.000
فرع السراج,AM0574,حوض وجه مع دولاب حمام -60 سم,4.000
فرع السراج,AM0690,دولاب حمام مع حوض وجه 80 سم,1.000
فرع السراج,AM0692,دولاب حمام مع حوض وجه 60 سم,1.000
فرع السراج,AM0696,دولاب حمام مع حوض وجه 80 سم,2.000
فرع السراج,AM0699,دولاب حمام مع حوض وجه 60 سم,1.000
فرع السراج,AM0736,دولاب حمام مع حوض وجه 60 سم,-3.000
فرع السراج,AM0737,دولاب حمام مع حوض وجه 60 سم,3.000
فرع السراج,AM0740,دولاب حمام مع حوض وجه 80 سم,3.000
فرع السراج,AM0805,دولاب حمام مع إضاءة لد-80 سم,1.000
فرع السراج,AM0810,دولاب حمام مع إضاءة لد-100 سم,-1.000
فرع السراج,AM0824,دولاب حمام 80 سم أبيض,2.000
فرع السراج,AM0825,حوض وجه مع دولاب حمام مع مراية -100 سم,-2.000
فرع السراج,AM0826,دولاب حمام مع إضاءة لد-100 سم,2.000
فرع السراج,AM0828,دولاب حمام -80 سم,2.000
فرع السراج,AM0838,حوض وجه مع دولاب حمام -80 سم,-2.000
فرع السراج,AM0839,حوض وجه مع دولاب حمام -80 سم,2.000
فرع السراج,AM0841,حوض وجه مع دولاب حمام -80 سم,-1.000
فرع السراج,AM0843,حوض وجه مع دولاب حمام -60 سم,3.000
فرع السراج,AM0845,حوض وجه مع دولاب حمام -80 سم,1.000
فرع السراج,AM0849,حوض وجه مع دولاب حمام -60 سم,2.000
فرع السراج,AM0853,حوض وجه مع دولاب حمام -80 سم,2.000
فرع السراج,AM0858,دولاب حمام -80 سم,2.000
فرع السراج,AM0859,دولاب حمام -80 سم,1.000
فرع السراج,AM1019,دولاب حمام -80 سم,1.000
فرع السراج,AM40044,مراية دولاب حمام لد -80 سم,1.000
فرع السراج,AM40193,مراية دولاب حمام -60 سم,-3.000
فرع السراج,AM40194,مراية دولاب حمام -60 سم,1.000
فرع السراج,AM40226,مراية دولاب حمام -70 سم,-1.000
فرع السراج,AM40269,مراية حمام بالدولاب أبيض عتيق  -80 سم,3.000
فرع السراج,AM40272,مراية حمام بالدولاب خشبي داكن  -80 سم,2.000
فرع السراج,AM40335,مراية دولاب حمام -80 سم,1.000
فرع السراج,AM40361,مراية دولاب حمام -80 سم,-1.000
فرع السراج,AM40452,مراية دولاب حمام 100 سم,-1.000
فرع السراج,AM40457,مراية دولاب حمام 80 سم,-1.000
فرع السراج,AM40560,مراية دولاب حمام -80 سم,3.000
فرع السراج,AM40565,مراية دولاب حمام -90 سم,2.000
فرع السراج,AM40569,مراية دولاب حمام -80 سم,3.000
فرع السراج,AM40575,مراية دولاب حمام -60 سم,4.000
فرع السراج,AM40691,مراية دولاب حمام 80 سم,1.000
فرع السراج,AM40694,مراية دولاب حمام 60 سم,1.000
فرع السراج,AM40697,مراية دولاب حمام 80 سم,2.000
فرع السراج,AM40700,مراية دولاب حمام 60 سم,1.000
فرع السراج,AM40825,مراية دولاب حمام لد -80 سم,2.000
فرع السراج,AMEV50120,رقبه خلاط مطبخ مع مقبض,1.000
فرع السراج,APCI40229,مطول 1/2 *10 مم كروم,25.000
فرع السراج,AR20046,طلاء مائي داخلي 10 كغ أبيض,7.000
فرع السراج,ARSB0824,كسكاس دوش دائري 25سم مع قصبة كروم,-3.000
فرع السراج,ARSB80004,مخرج شطاف كروم بالعلاقة,16.000
فرع السراج,ARSB80005,سماعة دوش مع طوبو كروم,3.000
فرع السراج,ARSB80007,سماعة دوش مع طوبو أسود,1.000
فرع السراج,ARSB80008,سماعة دوش مع طوبو ذهبي,3.000
فرع السراج,ARSB80010,سماعة دوش مع طوبو كروم,1.000
فرع السراج,ARSB80014,كسكاس دوش دائري 250 مم كروم,1.000
فرع السراج,ARSB80015,قصبة دوش مربعة 40 سم كروم,2.000
فرع السراج,ARSB80017,مصب دوش قصير بدون تحويلة كروم,7.000
فرع السراج,ARSB80018,مصب حوض وجه كروم,4.000
فرع السراج,ARSB80019,مخرج شطاف كروم,4.000
فرع السراج,ARSB80021,مصب دوش بدون تحويلة كروم,2.000
فرع السراج,ARSB80029,سماعة دوش مع طوبو كروم,2.000
فرع السراج,ARSB80031,شطاف ظغط دائري طتش مع طوبو كروم,5.000
فرع السراج,ARSB80037,سماعة دوش مع طوبو ذهبي,19.000
فرع السراج,ARSB80038,شطاف ظغط مربع مع مخرج بالعلاقة مع طوبو أسود,3.000
فرع السراج,ARSB80045,مخرج شطاف مع علاق كروم,-10.000
فرع السراج,ARSB80055,كسكاس دوش مربع 250*250 مم مع قصبة ذهبي,1.000
فرع السراج,ARSB80061,كسكاس دوش مربع 250*250 مم مع قصبة كروم,1.000
فرع السراج,ARSB80062,كسكاس دوش مربع 200*200 مم كروم,2.000
فرع السراج,ARSB80065,كسكاس دوش دائري 300 مم مع قصبة كروم,3.000
فرع السراج,ARSB80066,كسكاس دوش مربع 300*300 مم مع قصبة كروم,1.000
فرع السراج,ARSB80067,كسكاس دوش مربع 250*250 مم كروم,1.000
فرع السراج,ARSB80068,مصب دوش بدون تحويلة كروم,5.000
فرع السراج,ARSB80069,مصب دوش بدون تحويلة كروم,8.000
فرع السراج,ARSB80070,شطاف ظغط مع طوبو كروم,6.000
فرع السراج,ARSB80072,شطاف ظغط مربع مع طوبو كروم,2.000
فرع السراج,ARSB80074,شطاف ظغط دائري مع طوبو كروم,8.000
فرع السراج,ARSB80075,شطاف ظغط مربع مع طوبو كروم,1.000
فرع السراج,ARSB80077,شطاف ظغط دائري مع طوبو ذهبي,1.000
فرع السراج,ARSB80078,شطاف ظغط مربع مع طوبو أسود,11.000
فرع السراج,ARSB80079,شطاف ظغط دائري مع طوبو كروم,9.000
فرع السراج,ARSB80081,شطاف ظغط دائري مع طوبو كروم,1.000
فرع السراج,ARSB80082,شطاف ظغط مربع مع طوبو كروم,1.000
فرع السراج,ARSB80083,شطاف ظغط دائري مع طوبو كروم,1.000
فرع السراج,ARSB80085,شطاف ظغط دائري مع طوبو كروم,5.000
فرع السراج,ARSB80086,شطاف ظغط دائري مع طوبو أسود,-1.000
فرع السراج,ARSB80089,طوبو شطاف 120 سم كروم,7.000
فرع السراج,ARSB80090,طوبو شطاف 1.2 م أبيض,1.000
فرع السراج,ARSB80091,يد شطاف كروم,4.000
فرع السراج,ARSB80092,يد شطاف كروم,4.000
فرع السراج,ARSB80093,يد شطاف كروم,5.000
فرع السراج,ARSB80094,يد شطاف كروم,8.000
فرع السراج,ARSB80095,مصب دوش بدون تحويلة كروم,3.000
فرع السراج,ARSB80096,مصب دوش بدون تحويلة كروم,5.000
فرع السراج,ARSB80098,مصب دوش بدون تحويلة ذهبي,4.000
فرع السراج,ARSB80099,مصب دوش مع تحويلة ذهبي,10.000
فرع السراج,ARSB80100,مصب دوش مع تحويلة أسود,1.000
فرع السراج,ARSB80103,مصب دوش مع تحويلة كروم,2.000
فرع السراج,ARSB80104,مصب دوش بدون تحويلة كروم,4.000
فرع السراج,ARSB80106,مصب دوش قصير بدون تحويلة كروم,1.000
فرع السراج,ARSB80108,قصبة دوش مربعة 35 سم كروم,1.000
فرع السراج,ARSB80109,شطاف ظغط مربع مع طوبو ذهبي,4.000
فرع السراج,ARSB80110,قصبة دوش 35 سم كروم,5.000
فرع السراج,ARSB80111,قصبة دوش مربعة 42 سم كروم,2.000
فرع السراج,ARSB80113,قصبة دوش 28 سم كروم,3.000
فرع السراج,ARSB80114,قصبة دوش 20 سم كروم,2.000
فرع السراج,ARSB80115,مصب دوش بدون تحويلة كروم,1.000
فرع السراج,ARSB80116,مصب دوش مع تحويلة كروم,5.000
فرع السراج,ARSB80120,قصبة دوش 40 سم سقفية كروم,2.000
فرع السراج,ARSB80122,مخرج شطاف كروم,9.000
فرع السراج,ARSB80123,مخرج شطاف كروم,6.000
فرع السراج,ARSB80125,مخرج شطاف كروم,14.000
فرع السراج,ARSB80126,مخرج شطاف مع علاق كروم,3.000
فرع السراج,ARSB80132,قصبة دوش مربعة 30 سم كروم,2.000
فرع السراج,ARSB80133,قصبة دوش 35 سم كروم,3.000
فرع السراج,ARSB80134,قصبة دوش مربعة 35 سم كروم,3.000
فرع السراج,ARSB80135,مصب دوش مع تحويلة كروم,4.000
فرع السراج,ARSB80136,مصب دوش مع تحويلة كروم,1.000
فرع السراج,ARSB80137,قصبة دوش دائري 30 سم كروم,1.000
فرع السراج,ARSB80138,مصب حوض وجه  22 سم كروم,1.000
فرع السراج,ARSB80139,شطاف ظغط دائري مع طوبو كروم,2.000
فرع السراج,ARSB80140,شطاف ظغط دائري مع طوبو كروم,2.000
فرع السراج,ARSB80142,"مسكر شطافة دبل ""1/2"" * ""1/2 كروم",2.000
فرع السراج,ARSB80144,كسكاس دوش مربع 250*250 مم ذهبي,2.000
فرع السراج,ARSB80145,شطاف ظغط مربع مع طوبو مع مخرج شطاف أسود,2.000
فرع السراج,ARSB80149,مصب دوش مع تحويلة كروم,-1.000
فرع السراج,ARSB80150,مصب حوض وجه 22 سم كروم,-1.000
فرع السراج,ARSB80152,شطاف ظغط دائري مع طوبو كروم,6.000
فرع السراج,ARSB80153,شطاف ظغط دائري مع طوبو كروم,1.000
فرع السراج,ARSB80154,شطاف ظغط دائري مع طوبو أسود,1.000
فرع السراج,ARSB80156,شطاف ظغط دائري مع مخرج شطاف دبل مع طوبو أسود,1.000
فرع السراج,ARSB80158,شطاف ظغط دائري مع مخرج شطاف دبل مع طوبو كروم,1.000
فرع السراج,ARSB80166,سماعة دوش كروم,2.000
فرع السراج,ARSB80168,سماعة دوش مع طوبو أسود,4.000
فرع السراج,ARSB80169,سماعة دوش مع طوبو ذهبي,2.000
فرع السراج,ARSB80177,مخرج شطاف كروم,2.000
فرع السراج,ARSB80179,حنفية شطاف دبل كروم,1.000
فرع السراج,ARSB80180,مخرج شطاف كروم,2.000
فرع السراج,ARSB80183,مخرج شطاف ذهبي,2.000
فرع السراج,ARSB80184,رشاش دوش كروم,18.000
فرع السراج,ARSB80185,مخرج شطاف ذهبي,3.000
فرع السراج,ARSB80186,مخرج شطاف كروم,3.000
فرع السراج,ARSB80191,مخرج شطاف مع علاق كروم,7.000
فرع السراج,ARSB80194,قصبة دوش 40 سم أسود,4.000
فرع السراج,ARSB80197,قصبة دوش  40 سم شبشاشة كروم,1.000
فرع السراج,ARSB80212,مصب بدون تحويلة 18 سم كروم,5.000
فرع السراج,ARSB80214,"مسكر شطافة ""1/2"" * ""1/2 كروم",50.000
فرع السراج,ARSB80215,كسكاس دوش مربع 200*200 مم مع قصبة ذهبي,6.000
فرع السراج,ARSB80216,وجه خلاط دوش مدفون,4.000
فرع السراج,ARSB80217,وجه خلاط شطاف مدفون كروم,4.000
فرع السراج,ARSB80218,كسكاس دوش مربع 200*200 مم مع قصبة ذهبي معا سماعه متحركة مع مخرج شطافة,6.000
فرع السراج,ARSB80219,كسكاس دوش مربع 200*200 مم مع قصبة كروم معا سماعه متحركة مع مخرج شطافة,6.000
فرع السراج,ARSB8022,مخرج شطاف مع علاق  كروم,2.000
فرع السراج,ARSB80220,سماعة دوش مروحة كروم,15.000
فرع السراج,ARSB80224,"مسكر شطافة ""1/2"" * ""1/2 كروم",4.000
فرع السراج,ARSB80239,كسكاس دوش دائري 250 مم مع قصبة كروم,-1.000
فرع السراج,ARSB80240,كسكاس دوش شريحة مربع 250*250 مم مع قصبة كروم,6.000
فرع السراج,ARSB80241,كسكاس دوش مربع 200*200 مم كروم,1.000
فرع السراج,ARSB80243,مخرج شطاف ذهبي,1.000
فرع السراج,ARSB80245,كسكاس دوش دائري مع قصبة كروم,3.000
فرع السراج,ARSB80246,مصب دوش شلال بدون تحويلة كروم,4.000
فرع السراج,ARSB80251,سماعة دوش مع طوبو ذهبي,4.000
فرع السراج,ARSB80255,سماعة دوش مع طوبو كروم,6.000
فرع السراج,ARSB80256,مثبت خلاط زوجي,20.000
فرع السراج,ARSB80257,مخرج شطاف ذهبي مع علاقة,3.000
فرع السراج,ARSB80259,مصب دوش بدون تحويلة أسود,6.000
فرع السراج,ARSB80260,نبلس خلاط تركي اعتماد مع وردة,7.000
فرع السراج,ARSB80261,مصب دوش مع تحويلة أسود,3.000
فرع السراج,ARSB80262,قلب خلاط كبير,8.000
فرع السراج,ARSB80263,قلب خلاط صغير,8.000
فرع السراج,ARSB80264,مطول فسيبلي خلاط نحاس,5.000
فرع السراج,ARSB80265,سماعة دوش مع طوبو أسود,5.000
فرع السراج,ARSB80266,مخرج شطاف مربع بالعلاقة أسود,2.000
فرع السراج,ARSB80267,مخرج شطاف مربع بالعلاقة كروم,1.000
فرع السراج,ARSB80268,مصب دوش طويل بدون تحويلة كروم,2.000
فرع السراج,ARSB80269,شطاف ظغط مجرح مع طوبو كروم,4.000
فرع السراج,ARSB80272,شطاف ظغط دائري مع طوبو كروم,3.000
فرع السراج,ARSB80275,كسكاس دوش مربع 250*250 مم مع قصبة كروم,11.000
فرع السراج,ARSB80278,مخرج شطاف مع علاق كروم,8.000
فرع السراج,ARSB80281,كسكاس دوش مربع 200*200 مم مع قصبة ذهبي,2.000
فرع السراج,ARSB80296,سماعة دوش مع طوبو أسود,4.000
فرع السراج,ARSB80298,سماعة دوش مع طوبو كروم,9.000
فرع السراج,ARSB80302,شطاف ظغط مربع كبيرمع طوبو كروم,2.000
فرع السراج,ARSB80303,شطاف ظغط مع طوبو كروم,3.000
فرع السراج,ARSB80304,مخرج شطاف كروم,5.000
فرع السراج,ARSB80305,مخرج شطاف مع علاق مع محول كروم,2.000
فرع السراج,ARSB80307,كسكاس دوش مربع 200*200 مم مع قصبة كروم,1.000
فرع السراج,ARSB80308,مخرج شطاف كروم بالعلاقة,6.000
فرع السراج,ARSB80310,مخرج شطاف مع علاق كروم,1.000
فرع السراج,ARSB80312,مخرج شطاف كروم,6.000
فرع السراج,ARSB80318,مخرج شطاف ذهبي,5.000
فرع السراج,ARSB80319,مخرج شطاف ذهبي,4.000
فرع السراج,ARSB80321,مخرج شطاف أسود,2.000
فرع السراج,ARSB80322,"مسكر شطافة دبل ""1/2"" * ""1/2 كروم",5.000
فرع السراج,ARSB80323,قصبة دوش مربعة 30 سم كروم,5.000
فرع السراج,ARSB80324,كسكاس دوش مربع 250*250 مم مع قصبة كروم,7.000
فرع السراج,ARSB80329,كسكاس دوش مربع 400*400 مم كروم,2.000
فرع السراج,ARSB80330,مصب دوش بدون تحويلة ذهبي,2.000
فرع السراج,ARSB80331,مصب دوش مع تحويلة ذهبي,1.000
فرع السراج,ARSB80334,مخرج شطاف مع علاق كروم,5.000
فرع السراج,ARSB80335,مخرج شطاف كروم,4.000
فرع السراج,ARSB80337,مصب دوش مع تحويلة كروم,5.000
فرع السراج,ARSB80338,مخرج شطاف كروم,6.000
فرع السراج,ARSB80339,"مسكر شطافة ""1/2"" * ""1/2 كروم",9.000
فرع السراج,ARSB80340,"مسكر شطافة ""1/2"" * ""1/2 كروم",4.000
فرع السراج,ARSB80341,مصب دوش بدون تحويلة كروم,-1.000
فرع السراج,ARSB80343,مخرج شطاف كروم,4.000
فرع السراج,ARSB80344,مخرج شطاف كروم,5.000
فرع السراج,ARSB80349,مخرج شطاف كروم,5.000
فرع السراج,ARSB80351,شطاف ظغط دائرية مع طوبو كروم,1.000
فرع السراج,ARSB80356,مصب حوض وجه بدون تحويلة متحرك كروم,2.000
فرع السراج,ARSB80357,سماعة دوش مع طوبو ذهبي,4.000
فرع السراج,ARSB80360,قصبة دوش 35 سم كروم,1.000
فرع السراج,ARSB80363,كسكاس دوش مربع 300*300 مم كروم,-4.000
فرع السراج,ARSB80365,سماعة دوش مع طوبو ذهبي,1.000
فرع السراج,ARSB80366,سماعة دوش مع طوبو كروم,5.000
فرع السراج,ARSB80367,سماعة دوش مع طوبو كروم,2.000
فرع السراج,ARSB80368,سماعة دوش مع طوبو كروم,1.000
فرع السراج,ARSB80369,سماعة دوش مع طوبو كروم,3.000
فرع السراج,ARSB80370,سماعة دوش كروم,20.000
فرع السراج,ARSB80371,سماعة دوش مع طوبو كروم,2.000
فرع السراج,ARSB80375,سماعة دوش مع طوبو كروم,2.000
فرع السراج,ARSB80376,سماعة دوش مع طوبو كروم,1.000
فرع السراج,ARSB80377,مخرج شطاف مع علاق كروم,2.000
فرع السراج,ARSB80379,رشاش دوش مربع كروم,16.000
فرع السراج,ARSB80380,كسكاس دوش مربع 250*250 مم مع قصبة ذهبي,3.000
فرع السراج,ARSB80382,سماعة دوش كروم,4.000
فرع السراج,ARSB80387,كسكاس دوش مربع 240*240 مم مع قصبة أبيض,2.000
فرع السراج,ARSB80388,شطاف ظغط مع طوبو كروم,2.000
فرع السراج,ARSB80391,مصب دوش مع تحويلة ابيض,1.000
فرع السراج,ARSB80393,قصبة دوش 28 سم كروم,2.000
فرع السراج,ARSB80397,قصبة دوش 40 سم أسود,1.000
فرع السراج,ARSB80398,قصبة دوش مربعة 40 سم كروم,2.000
فرع السراج,ARSB8040,شطاف ظغط مربع مع طوبو ذهبي,2.000
فرع السراج,ARSB804093,مصب دوش بدون تحويلة,10.000
فرع السراج,ARSB80415,مخرج شطاف مع علاق كروم معا مسكر,5.000
فرع السراج,ARSB80425,مصب دوش بدون تحويله ذهبي,2.000
فرع السراج,ARSB80435,سماعة دوش مع طوبو كروم,5.000
فرع السراج,ARSB80437,سماعة دوش مع طوبو كروم,2.000
فرع السراج,ARSB80438,سماعة دوش مع طوبو كروم,1.000
فرع السراج,ARSB80442,شطاف ضغط  مع طوبو كروم,4.000
فرع السراج,ARSB80445,مصب دوش طويل بتحويلة كروم,1.000
فرع السراج,ARSB80446,قصبة دوش 40 سم كروم,5.000
فرع السراج,ARSB80453,كسكاس دوش دائري 300 مم كروم,4.000
فرع السراج,ARSB80456,قصبة دوش 30 سم كروم,5.000
فرع السراج,ARSB80460,مصب دوش بدون تحويلة كروم,7.000
فرع السراج,ARSB80462,كسكاس دوش مربع 250 مم  كروم,5.000
فرع السراج,ARSB80469,سماعة دوش مع طوبو ذهبي,3.000
فرع السراج,ARSB80471,"مسكر شطافة دبل ""1/2"" * ""1/2 كروم",-3.000
فرع السراج,ARSB80473,قصبة دوش 35 سم كروم,4.000
فرع السراج,ARSB80475,طوبو دوش 150سم كروم,1.000
فرع السراج,ARSB80476,طوبو دوش 150سم كروم,2.000
فرع السراج,ARSB80477,طوبو دوش 150سم كروم,6.000
فرع السراج,ARSB80478,قصبة دوش 40 سم سقفية اسود,3.000
فرع السراج,ARSB80479,قصبة دوش 40 سم سقفية ذهبي,5.000
فرع السراج,ARSB80481,قصبة دوش 40 سم سقفية كروم,1.000
فرع السراج,ARSB80483,مصب دوش بتحويلة كروم,2.000
فرع السراج,ARSB80499,سماعة دوش مع طوبو كروم,2.000
فرع السراج,ARSB80500,شطاف ظغط مربع مع طوبو كروم,9.000
فرع السراج,ARSB80505,مخرج شطاف كروم بالعلاقة,6.000
فرع السراج,ARSB80506,مخرج شطاف كروم,10.000
فرع السراج,ARSB80507,مصب دوش مع تحويلة كروم,9.000
فرع السراج,ARSB80519,كسكاس دوش مربع مع قصبة 250*250 مم كروم,2.000
فرع السراج,ARSB80550,سماعة دوش مع طوبو كروم,6.000
فرع السراج,ARSB80586,شطاف ظغط مربع مع طوبو كروم,7.000
فرع السراج,ARSB80594,وجه خلاط شطاف مدفون كروم,1.000
فرع السراج,ARSB80598,قصبة دوش مربعة 40 سم كروم,6.000
فرع السراج,ARSB80599,كسكاس دوش مربع شريحه 250 مم,5.000
فرع السراج,ARSB80604,"مسكر شطافة ""1/2"" * ""1/2 كروم",7.000
فرع السراج,ARSB80611,وجه خلاط شطاف مدفون دائري كروم,1.000
فرع السراج,ARSB80612,وجه خلاط دوش مدفون دائري كروم,1.000
فرع السراج,ARSB80613,يد خلاط  مدفون كروم,1.000
فرع السراج,ARSB80639,"مسكر شطافة ""1/2"" * ""1/2 كروم",1.000
فرع السراج,ARSB80640,"مسكر شطافة ""1/2"" * ""1/2 كروم",7.000
فرع السراج,ARSB80656,سماعة دوش مع طوبو كروم,4.000
فرع السراج,ARSB80657,شطاف ظغط مربع مع طوبو كروم,2.000
فرع السراج,ARSB80658,شطاف ظغط مربع مع طوبو أسود,3.000
فرع السراج,ARSB80660,مخرج شطاف مع علاق كروم,9.000
فرع السراج,ARSB80661,مخرج شطاف كروم,21.000
فرع السراج,ARSB80662,مخرج شطاف مع علاق كروم,8.000
فرع السراج,ARSB80681,وجه خلاط شطاف مدفون مربع كروم,1.000
فرع السراج,ARSB80682,وجه خلاط دوش مدفون مربع كروم,1.000
فرع السراج,ARSB80686,مخرج شطاف مع علاق كروم,38.000
فرع السراج,ARSB80700,مخرج شطاف دائري بالعلاقة أسود,7.000
فرع السراج,ARSB80718,مخرج شطاف مربع بالعلاقة كروم,6.000
فرع السراج,ARSB80719,مصب دوش مع تحويلة ذهبي,2.000
فرع السراج,ARSB80724,قصبة دوش دائري 40 سم كروم,5.000
فرع السراج,ARSB80757,شطاف ظغط مربع مع طوبو ذهبي,5.000
فرع السراج,ARSB80758,مصب دوش قصير بتحويلة كروم,6.000
فرع السراج,ARSB80765,وصلة مسطرة دوش30سم,1.000
فرع السراج,ARSB80770,مصب دوش بدون تحويلة متحرك دهبي,5.000
فرع السراج,ARSB80781,شطاف ظغط مربع كبيرمع طوبو كروم,11.000
فرع السراج,ARSB80786,قصبة دوش مربعة 40 سم اسود,3.000
فرع السراج,ARSB80788,وجه خلاط دوش مدفون اسود,2.000
فرع السراج,ARSB80790,وجه خلاط شطاف مدفون اسود,2.000
فرع السراج,ARSB80791,وجه خلاط شطاف مدفون كروم,1.000
فرع السراج,ARSB80794,مصب دوش بالتحويلة كروم انحاس,2.000
فرع السراج,ARSB80795,كسكاس دوش دائري 250*250 مم مع قصبة كروم,1.000
فرع السراج,ARSB80807,شطاف ظغط دائري مع طوبو أسود,2.000
فرع السراج,ARSB80810,مصب دوش مربع قصير بدون تحويله أسود,2.000
فرع السراج,ARSB80812,مخرج شطاف دائري بالعلاقة أسود,3.000
فرع السراج,ARSB80813,مصب دوش قصير بتحويلة كروم,12.000
فرع السراج,ARSB80815,"مسكر شطافة ""1/2"" * ""1/2 أسود",10.000
فرع السراج,ARSB80820,مصب دوش مع تحويلة ذهبي,5.000
فرع السراج,ARSB80821,مصب دوش مع تحويلة أسود,1.000
فرع السراج,ARSB80822,مصب دوش مع تحويلة أسود,3.000
فرع السراج,ARSB80823,مصب دوش بدون تحويلة كروم,1.000
فرع السراج,ARSB80826,كسكاس دوش دائري 250 مم مع قصبة كروم,3.000
فرع السراج,ARSB80848,شطاف ظغط مربع مع طوبو ذهبي,4.000
فرع السراج,ARSB80849,شطاف ظغط مربع مع طوبو أسود,1.000
فرع السراج,ARSB80850,سماعة دوش مربعة مع طوبو كروم,5.000
فرع السراج,ARSB80851,سماعة دوش مربعة مع طوبو أسود,1.000
فرع السراج,ARSB80852,وجه خلاط دوش مدفون,1.000
فرع السراج,ARSB80853,سماعة دوش دائرية مع طوبو كروم,4.000
فرع السراج,ARSB80854,سماعة دوش دائرية مع طوبو أسود,5.000
فرع السراج,ARSB80868,كسكاس دوش مربع 250*250 مم مع قصبة اسود,5.000
فرع السراج,ARSB80869,كسكاس دوش دائري 250 مم دهبي,1.000
فرع السراج,ARSB80899,مثبت خلاط شجرة,6.000
فرع السراج,ARSB80901,طوبو دوش 150سم كروم,30.000
فرع السراج,ARSB80907,كسكاس دوش مربع 300*200 مم مع قصبة أسود,4.000
فرع السراج,ARSB80908,كسكاس دوش مربع 300*200 مم مع قصبة كروم,4.000
فرع السراج,ARSB80914,شطاف ظغط دائري مع طوبو كروم,2.000
فرع السراج,ARSB80926,مصب دوش نحاس مع تحويلة كروم,1.000
فرع السراج,ARSB80931,شطاف ظغط دائري كلاسيكي مع طوبو كروم,5.000
فرع السراج,ARSB80939,مخرج شطاف مع علاق جانبي كروم,14.000
فرع السراج,ARSB80949,شطاف ظغط دائري مع طوبو كروم,8.000
فرع السراج,ARSB80951,كسكاس دوش مربع شريحه 250 مم,1.000
فرع السراج,ARSB80958,شطاف ضغط مربع مع طوبو ذهبي,7.000
فرع السراج,ARSB80963,سماعة دوش مع طوبو كروم,1.000
فرع السراج,ARSB80966,قصبة دوش غلطة سباك,1.000
فرع السراج,ARSB80979,مصب دوش مربع بالتحويله أسود,2.000
فرع السراج,ARSB80984,"مسكر شطافة ""1/2"" * ""1/2 كروم",1.000
فرع السراج,ARSB80988,كسكاس دوش دائري 250 مم كروم,9.000
فرع السراج,ARSB80989,شطاف ظغط مجرح مع طوبو كروم,5.000
فرع السراج,ARSB80999,كسكاس دوش دائري بالقصبة 11*15 سم كروم,4.000
فرع السراج,ARSB81002,شطاف ضغط مربع مع طوبو ذهبي,8.000
فرع السراج,ARSB81038,وصلة مسطرة دوش40سم ذهبي,5.000
فرع السراج,ARSB81039,وصلة مسطرة دوش40سم أسود,5.000
فرع السراج,ARSB82067,سماعة دوش مع طوبو كروم,5.000
فرع السراج,ARSB83067,سماعة دوش مع طوبو كروم,6.000
فرع السراج,ARSB85299,رشاش دوش كروم,12.000
فرع السراج,ARSB85300,رشاش دوش كروم,12.000
فرع السراج,ARSB85499,رشاش دوش ذهبي,4.000
فرع السراج,ARSB87399,سماعة دوش مع طوبو كروم,1.000
فرع السراج,ARSB87516,قصبة دوش مربعة 40 سم دهبي,5.000
فرع السراج,ARSB87799,شطاف ظغط دائري مع طوبو كروم,5.000
فرع السراج,ARSB88400,طوبو شطاف 120 سم كروم,7.000
فرع السراج,ARSB88868,مخرج شطاف مربع بالعلاقة أسود,1.000
فرع السراج,ARSB88899,سماعة دوش مع طوبو كروم,6.000
فرع السراج,ARSB92416,قصبة دوش 40 سم كروم,8.000
فرع السراج,ART0002,سرفنتينة 15 سم * 15 سم كروم,1.000
فرع السراج,ART0003,حوض مطبخ ستانلس ستيل نص منظومة  304 75*45كروم,5.000
فرع السراج,ART0006,قصبة دوش مربعة 30 سم كروم,9.000
فرع السراج,ART0007,كسكاس دوش مربع 200*200 مم كروم,5.000
فرع السراج,ART0016,طوبو دوش 200سم كروم,4.000
فرع السراج,ART0020,شطاف ظغط مع طوبو كروم,-1.000
فرع السراج,ART0023,صابونية كروم,7.000
فرع السراج,ART0024,حاملة فوط كروم,5.000
فرع السراج,ART0025,حاملة فوط كروم,7.000
فرع السراج,ART0030,قصبة دوش مربعة 45 سم كروم,-1.000
فرع السراج,ART0033,سماعة دوش مع طوبو كروم,3.000
فرع السراج,ART0118,راس غاز,2.000
فرع السراج,ART0226,سرفنتينة 15 سم * 15 سم كروم,-5.000
فرع السراج,ART0252,مقبض خلاط فيوري,1.000
فرع السراج,ART0302,شطاف ظغط دائري مع طوبو كروم,2.000
فرع السراج,ART0367,رشاش دوش مربع كروم,5.000
فرع السراج,ART0396,سيفون حوض الوجه كروم,-8.000
فرع السراج,ART0719,متبث مقعد معلق CITY,1.000
فرع السراج,ART0746,مرايا حمام مع إضاءة لد,-3.000
فرع السراج,ASCA60271,ستريتشة 2.44 متر,6.000
فرع السراج,ASCA60272,ستريتشة 2.44 متر,5.000
فرع السراج,ASCA60273,ستريتشة 2.50 متر,1.000
فرع السراج,ASCA60274,ستريتشة 2.44 متر,5.000
فرع السراج,ASCA60275,ستريتشة 2.44 متر,5.000
فرع السراج,ASCA60276,ستريتشة 2.44 متر,4.000
فرع السراج,ASCA60277,ستريتشة 2.44 متر,5.000
فرع السراج,ASCA60278,ستريتشة 2.44 متر,5.000
فرع السراج,ASCA60279,ستريتشة 2.44 متر,5.000
فرع السراج,ASCA60280,ستريتشة 2.44 متر,5.000
فرع السراج,ASCA60281,ستريتشة 2.44 متر,5.000
فرع السراج,ASCA60282,ستريتشة 2.44 متر,5.000
فرع السراج,ASCA60283,ستريتشة 2.44 متر,3.000
فرع السراج,ASCA60284,ستريتشة 2.44 متر,3.000
فرع السراج,ASCA60285,ستريتشة 2.44 متر,1.000
فرع السراج,ASCA60288,ستريتشة 2.44 متر,1.000
فرع السراج,ASCA60290,ستريتشة 3 متر,2.000
فرع السراج,ASCA60291,ستريتشة 2.32 متر,2.000
فرع السراج,ASCA60292,ستريتشة 3 متر,1.000
فرع السراج,ASCA60293,ستريتشة 3 متر,1.000
فرع السراج,ASCA60294,ستريتشة 2.50 متر,1.000
فرع السراج,ASCA60295,ستريتشة 3 متر,1.000
فرع السراج,ASCA60296,ستريتشة 3 متر,1.000
فرع السراج,ASCA60297,ستريتشة 3 متر,1.000
فرع السراج,ASCA60298,ستريتشة 2.70 متر,1.000
فرع السراج,ASCA60305,ستريتشة 3 متر,1.000
فرع السراج,ATWC50083,عوامة صندوق طرد,1.000
فرع السراج,ATWC50091,رجسترو مقعد أرضي مائل 7 سم,9.000
فرع السراج,ATWC50098,صندوق بتارية مقعد أرضي,1.000
فرع السراج,ATWC50154,زر بتارية مقعد كبير,4.000
فرع السراج,ATWC50155,زر بتارية مقعد سداسي,6.000
فرع السراج,ATWC50156,مثبت غطاء مقعد سكة هندي,7.000
فرع السراج,ATWC50157,مثبت غطاء مقعد سكة بلستك,5.000
فرع السراج,ATWC50167,وصلة بتارية مدفونة 35 سم,8.000
فرع السراج,ATWC50168,وصلة بتارية مدفونة مائلة 25 سم,-1.000
فرع السراج,ATWC50174,صندوق طرد معلق,1.000
فرع السراج,ATWC50179,زر بتريا ذهبي,1.000
فرع السراج,ATWC50201,زر بتريا اسود,1.000
فرع السراج,ATWC50205,زر بتريا كروم,2.000
فرع السراج,ATWC50206,زر بتريا كروم,2.000
فرع السراج,ATWC50208,رجسترومقعد أرضي 40 سم,2.000
فرع السراج,ATWC50214,بتارية مقعد أرضي جنب,2.000
فرع السراج,ATWC50215,بتارية مقعد أرضي تحت,5.000
فرع السراج,ATWC50216,بتارية مقعد أرضي تحت,3.000
فرع السراج,ATWC50218,بتارية مقعد أرضي ملحوم تحت 28 سم,9.000
فرع السراج,ATWC50231,مثبت صندوق بتارية مقعد أرضي,9.000
فرع السراج,ATWC50233,بتارية مقعد أرضي تحت في كييس,4.000
فرع السراج,ATWC50244,مثبت مقعد أرضي,11.000
فرع السراج,ATWC50245,رجسترو مقعد أرضي مستقيم,1.000
فرع السراج,ATWC50246,رجسترو مقعد أرضي مائل 3 سم,2.000
فرع السراج,ATWC50261,زر بتارية مقعد,10.000
فرع السراج,ATWC50372,زر بتريا ذهبي,1.000
فرع السراج,ATWC50387,مثبت مقعد جانبي بلاستك,15.000
فرع السراج,ATWC50424,بتارية مقعد أرضي تحت,4.000
فرع السراج,ATWC50425,بتارية مقعد أرضي جنب,5.000
فرع السراج,ATWC50525,زر بتريا أسود,3.000
فرع السراج,ATWC51060,طقم تثبيت المرحاض المعلق على الحائط,10.000
فرع السراج,BAI10402,حوض استحمام بانيو 150*70*53 سم,2.000
فرع السراج,BAI10461,حوض استحمام بانيو 150*70*53 سم,1.000
فرع السراج,CC10188,صليبة  2 مم (250 قطعة),1.000
فرع السراج,CC10308,كولة حائط 20 كغ,38.000
فرع السراج,CC10330,صليبة بيضاء 2.5ملي,8.000
فرع السراج,CC10331,"متبت صليبة المتفوق 
",2.000
فرع السراج,CC10332,صليبة بيضاء 2ملي,6.000
فرع السراج,CC10340,كولة خشب 1 كغ,11.000
فرع السراج,CC10341,كولة خشب 4 كغ,5.000
فرع السراج,CC10342,كولة  180غ,14.000
فرع السراج,CC10363,كولة فواصل 039,14.000
فرع السراج,CC10364,كولة فواصل 024,16.000
فرع السراج,CC10365,كولة فواصل 032,13.000
فرع السراج,CC10366,كولة فواصل 033,8.000
فرع السراج,CC10367,كولة فواصل 003,14.000
فرع السراج,CC10368,كولة فواصل 007,15.000
فرع السراج,CC10369,كولة فواصل 018,23.000
فرع السراج,CC10370,كولة فواصل 001,7.000
فرع السراج,CC10410,صليبة بيضاء 3ملي,19.000
فرع السراج,CC10470,لصقة فأر 100غ,6.000
فرع السراج,CC10471,لصقة فأر,13.000
فرع السراج,CC10472,كولة,12.000
فرع السراج,CC10529,باسطة 240 غ,5.000
فرع السراج,CC10585,صليبة ضغط 2 مم (20 قطعة),13.000
فرع السراج,CD40002,مسطرة دوش زوجية كروم,4.000
فرع السراج,CD40007,مسطرة دوش زوجية ذهبي,-1.000
فرع السراج,CD40031,مسطرة دوش فرديه كروم,6.000
فرع السراج,CD40095,مسطرة دوش زوجية كروم,-1.000
فرع السراج,CD40097,مسطرة دوش زوجية كروم,18.000
فرع السراج,CD40099,مسطرة دوش زوجية مربعة كروم,1.000
فرع السراج,CD40101,مسطرة دوش زوجية كروم,1.000
فرع السراج,CD40103,مسطرة دوش زوجية كروم,-1.000
فرع السراج,CD40110,مسطرة دوش زوجية كروم,1.000
فرع السراج,CD40111,مسطرة دوش زوجية مع خلاط دجتل أسود,2.000
فرع السراج,CD40114,مسطرة دوش لاد مع خلاط ذهبي,1.000
فرع السراج,CD40161,مسطرة دوش زوجية دهبي,3.000
فرع السراج,CD40162,مسطرة دوش زوجية دهبي,2.000
فرع السراج,CD40235,مسطرة دوش مع خلاط ذهبي,3.000
فرع السراج,CD40236,مسطرة دوش مع خلاط كروم,1.000
فرع السراج,CD40238,مسطرة دوش مع خلاط  دهبي,2.000
فرع السراج,CD40240,مسطرة دوش مع خلاط اسود,1.000
فرع السراج,CD40404,مسطرة دوش زوجية كروم,3.000
فرع السراج,CD40426,مسطرة دوش زوجية كروم,6.000
فرع السراج,CD40508,مسطرة دوش زوجية كروم,5.000
فرع السراج,CD40540,مسطرة دوش زوجية كروم,1.000
فرع السراج,CD40621,مسطرة دوش زوجية مربعة مع خلاط كروم,1.000
فرع السراج,CD40622,مسطرة دوش زوجية مربعة مع خلاط أسود,4.000
فرع السراج,CD40631,مسطرة دوش زوجية مع خلاط دجتل رصاصي,1.000
فرع السراج,CD40656,مسطرة دوش زوجية مع خلاط دجتل رصاصي,2.000
فرع السراج,CD40755,مسطرة دوش زوجية كروم,3.000
فرع السراج,CD40760,مسطرة دوش زوجية كروم,6.000
فرع السراج,CD40761,مسطرة دوش زوجية كروم,3.000
فرع السراج,CE10104,سخانة 50 لتر,1.000
فرع السراج,CE10224,سخانة 50 لتر عمودية,1.000
فرع السراج,CE10261,سخانة 30 لتر,1.000
فرع السراج,CE10264,سخانة 50 لتر,9.000
فرع السراج,CE10265,سخانة 80 لتر,4.000
فرع السراج,CE10930,سخانة عمودية   50 لتر,2.000
فرع السراج,EG30108,حوض مطبخ جرانيت أبيض محبب 80*50,1.000
فرع السراج,EG30194,حوض مطبخ جرانيت بيج  80*50,2.000
فرع السراج,EG30252,حوض مطبخ جرانيت أسود  80*50,2.000
فرع السراج,EG30253,حوض مطبخ جرانيت رصاصي محبب 80*50,1.000
فرع السراج,EG30254,حوض مطبخ جرانيت كريمي 80*50,1.000
فرع السراج,EG30255,حوض مطبخ جرانيت أبيض  80*50,1.000
فرع السراج,EG30292,حوض مطبخ جرانيت رصاصي محبب  80*50,1.000
فرع السراج,EG30293,حوض مطبخ جرانيت أبيض  80*50,2.000
فرع السراج,EG30418,حوض مطبخ جرانيت بيج محبب 55*44,1.000
فرع السراج,EG30419,حوض مطبخ جرانيت رمادي محبب 55*44,2.000
فرع السراج,EG30566,حوض مطبخ جرانيت أبيض محبب  47.5*47.5,1.000
فرع السراج,EG30857,حوض مطبخ جرانيت بيج 80*45 زوجي,2.000
فرع السراج,EG30858,حوض مطبخ جرانيت أسود 80*45 زوجي,2.000
فرع السراج,EG30859,حوض مطبخ جرانيت رصاصي 80*45 زوجي,2.000
فرع السراج,EG30864,حوض مطبخ جرانيت بيج79*51 فردي,4.000
فرع السراج,EG30865,حوض مطبخ جرانيت أسود مطفي79*51 فردي,1.000
فرع السراج,EG30866,حوض مطبخ جرانيت رصاصي79*51 فردي,2.000
فرع السراج,EG30867,حوض مطبخ جرانيت أبيض مطفي60*45 فردي,2.000
فرع السراج,EG30868,حوض مطبخ جرانيت بيج60*45 فردي,4.000
فرع السراج,EG30869,حوض مطبخ جرانيت أسود مطفي60*45 فردي,2.000
فرع السراج,EG30870,حوض مطبخ جرانيت رصاصي60*45 فردي,3.000
فرع السراج,EG30871,حوض مطبخ جرانيت رصاصي72*47 فردي,5.000
فرع السراج,EG30872,حوض مطبخ جرانيت أسود مطفي72*47 فردي,4.000
فرع السراج,EG30873,حوض مطبخ جرانيت بيج72*47 فردي,4.000
فرع السراج,EG30875,حوض مطبخ جرانيت أبيض مطفي72*47 فردي,5.000
فرع السراج,EG30877,حوض مطبخ جرانيت بيج80*50 فردي,1.000
فرع السراج,EG30878,حوض مطبخ جرانيت أسود مطفي50*43 فردي,3.000
فرع السراج,EG30879,حوض مطبخ جرانيت بيج50*43 فردي,2.000
فرع السراج,EG30880,حوض مطبخ جرانيت رصاصي50*43 فردي,3.000
فرع السراج,EG30882,حوض مطبخ جرانيت بيج78*50 فردي,2.000
فرع السراج,EG30883,حوض مطبخ جرانيت رصاصي78*50 فردي,2.000
فرع السراج,EG40082,رف حوض وجه برسلين 90 سم,2.000
فرع السراج,EG40102,رف حوض وجه برسلين 80 سم,4.000
فرع السراج,EG40149,رف حوض وجه برسلين 100 سم,-1.000
فرع السراج,EG40150,رف حوض وجه برسلين 80 سم,-1.000
فرع السراج,EG40156,رف حوض وجه برسلين 80 سم,1.000
فرع السراج,EG40173,رف حوض وجه برسلين 80 سم,1.000
فرع السراج,EG40179,رف حوض وجه برسلين 80 سم,4.000
فرع السراج,EG40181,رف حوض وجه برسلين 100 سم,11.000
فرع السراج,EG40184,رف حوض وجه برسلين 80 سم,6.000
فرع السراج,EG40188,رف حوض وجه برسلين 80 سم,7.000
فرع السراج,EG40190,رف حوض وجه برسلين 80 سم,1.000
فرع السراج,EG40295,رف رخامي كوارتز 80سم,1.000
فرع السراج,EG40342,رف حوض وجه برسلين 80 سم,1.000
فرع السراج,EG40347,رف حوض وجه برسلين 80 سم,1.000
فرع السراج,EG40348,رف حوض وجه برسلين 80 سم,1.000
فرع السراج,EG40351,رف حوض وجه برسلين 80 سم,3.000
فرع السراج,EG40355,رف حوض وجه برسلين 65 سم,2.000
فرع السراج,EG40356,رف حوض وجه برسلين 60 سم,1.000
فرع السراج,EG40357,رف حوض وجه برسلين 65 سم,2.000
فرع السراج,EG40358,رف حوض وجه برسلين 65 سم,2.000
فرع السراج,EG40359,رف حوض وجه برسلين 65 سم,-2.000
فرع السراج,EG40360,رف حوض وجه برسلين 65 سم,2.000
فرع السراج,EG40370,رف حوض وجه برسلين 80 سم,1.000
فرع السراج,EG40373,رف حوض وجه برسلين 80 سم,-1.000
فرع السراج,EG40392,رف حوض وجه برسلين 80 سم,1.000
فرع السراج,EG40397,رف حوض وجه برسلين 80 سم,1.000
فرع السراج,EG40750,رف كواريون كوارتز 80سم أبيض,1.000
فرع السراج,EL10003,حوض مطبخ ستانلس ستيل   304  كروم,-1.000
فرع السراج,EL10007,حوض مطبخ ستانلس ستيل   304,3.000
فرع السراج,EL10008,حوض مطبخ ستانلس ستيل   304,1.000
فرع السراج,EL10017,حوض مطبخ ستانلس ستيل   304 81*51 كروم,-1.000
فرع السراج,EL10019,حوض مطبخ ستانلس ستيل   304 85*45 كروم,2.000
فرع السراج,EL10040,حوض مطبخ ستانلس ستيل   304 76*45 سم كروم,2.000
فرع السراج,EL10138,حوض مطبخ ستانلس ستيل   70*45 كروم,3.000
فرع السراج,EL10144,حوض مطبخ ستانلس ستيل   80*50  أسود,2.000
فرع السراج,EL10235,حوض مطبخ ستانلس ستيل   304  كروم,-1.000
فرع السراج,EL10238,حوض مطبخ ستانلس ستيل   90*45  كروم,1.000
فرع السراج,EL10241,حوض مطبخ ستانلس ستيل نص منظومة  304 75*45 أسود,4.000
فرع السراج,EL10242,حوض مطبخ ستانلس ستيل منظومة بيانو 304 75*46 أسود,-1.000
فرع السراج,EL10243,حوض مطبخ ستانلس ستيل منظومة بيانو 304 75*46 كروم,4.000
فرع السراج,EL10385,حوض مطبخ ستانلس ستيل   304 81 *45 سم,2.000
فرع السراج,EL10387,حوض مطبخ ستانلس ستيل   304 75 * 45 سم,2.000
فرع السراج,EL10403,حوض مطبخ ستانلس ستيل منظومة دائري بيانو 304 75*46 كروم,1.000
فرع السراج,EL10432,حوض مطبخ ستانلس ستيل   304 50 * 45 سم,-1.000
فرع السراج,EL10433,حوض مطبخ ستانلس ستيل 76*45 سم أسود,1.000
فرع السراج,EL10685,حوض مطبخ ستانلس ستيل 304 75*45,5.000
فرع السراج,EL10701,حوض مطبخ ستانلس ستيل منظومة بيانو 304 75*46 كروم,3.000
فرع السراج,EL10702,حوض مطبخ ستانلس ستيل منظومة بيانو 304 75*46 أسود,2.000
فرع السراج,EL10721,حوض مطبخ ستانلس ستيل   304 أسود  65 * 45 سم,-1.000
فرع السراج,EL10885,حوض مطبخ ستانلس ستيل   65*45 رصاصي,4.000
فرع السراج,EL10886,حوض مطبخ ستانلس ستيل   60*45 رصاصي,4.000
فرع السراج,EL10887,حوض مطبخ ستانلس ستيل   60*45 أسود,3.000
فرع السراج,EL10888,حوض مطبخ ستانلس ستيل   80*48 رصاصي,5.000
فرع السراج,EL10901,حوض مطبخ ستانلس ستيل منظومة بيانو 304 80*46 أسود,6.000
فرع السراج,EL10932,حوض مطبخ ستانلس ستيل تحت الرخامة 304 75*44 سم,2.000
فرع السراج,EL10934,حوض مطبخ ستانلس ستيل   304 تحت الرخامة 76.2*40*22سم كروم,2.000
فرع السراج,EL10985,حوض مطبخ ستانلس ستيل تحت الرخامة 304 50*40*22 سم,1.000
فرع السراج,EL50008,علبة سبوت,146.000
فرع السراج,EL50009,علبة بريزة ثلاثية,325.000
فرع السراج,EL50010,علبة كهرباء دائرية,418.000
فرع السراج,EL50011,لاغي بريزة,95.000
فرع السراج,EL50095,لامبة لد 15 وات,5.000
فرع السراج,EL50096,كلبس كاو رقم 16,10.000
فرع السراج,EL50097,كلبس كاو رقم 12,10.000
فرع السراج,EL50098,كلبس كاو رقم 18,10.000
فرع السراج,EL50101,لامبة لد 10 وات,8.000
فرع السراج,EL50114,برتولامبه بدون تامينه,3.000
فرع السراج,EL50227,ڨويدة 5 متر,6.000
فرع السراج,EL50228,ڨويدة 10 متر,6.000
فرع السراج,EL50229,ڨويدة 15 متر,6.000
فرع السراج,EL50230,ڨويدة 20 متر,6.000
فرع السراج,EL50231,ڨويدة 30 متر,5.000
فرع السراج,EL50237,سير ربط 8.8 * 900 مم,38.000
فرع السراج,EL50239,سير ربط 7.2 * 300 مم (100 قطعة),2.000
فرع السراج,EL50240,سير ربط 7.2 * 400 مم (100 قطعة),5.000
فرع السراج,EL50241,سير ربط 5.2 * 500 مم (100 قطعة),2.000
فرع السراج,EL50242,سير ربط 4 * 400 مم (100 قطعة),1.000
فرع السراج,EL50296,لامبة لد 100 وات,61.000
فرع السراج,EL50327,برتولامبه مقلد,2.000
فرع السراج,EL50397,لصقة 0.13 مم * 19 مم * 25 متر,10.000
فرع السراج,EL50398,لصقة 0.13 مم * 19 مم * 25 متر,29.000
فرع السراج,EL50399,لصقة 0.13 مم * 19 مم * 25 متر,-1.000
فرع السراج,EL50400,لصقة 0.13 مم * 50 مم * 25 متر,1.000
فرع السراج,EL50401,لصقة 0.13 مم * 50 مم * 25 متر,2.000
فرع السراج,EL50402,لصقة,47.000
فرع السراج,EL50403,لصقة ألمنيوم 5 سم 30 متر,3.000
فرع السراج,EL50405,علبة مكيف,11.000
فرع السراج,EL50517,لصقة مائية 19مم * 9.1 م,8.000
فرع السراج,EL50518,لصقة خزان 5 سم 5 متر,5.000
فرع السراج,EL50519,لصقة خزان 10 سم 5 متر,3.000
فرع السراج,EL50520,لصقة 0.13 مم * 19 مم * 25 متر,1.000
فرع السراج,EL50534,قاعدة مكيف ابوفارس,9.000
فرع السراج,EL50541,لصقة 0.13 مم * 19 مم * 25 متر,19.000
فرع السراج,EL50796,برتولامبه بدون تامينه,6.000
فرع السراج,EL50966,لامبة لد 40وات,4.000
فرع السراج,EL50996,لامبة لد 30وات,3.000
فرع السراج,EL50997,لامبة لد 60وات,9.000
فرع السراج,ELC1067,سلك كهرباء 2 *2.5 مم²,90.000
فرع السراج,ELC1068,سلك كهرباء 2 *1.5 مم²,182.000
فرع السراج,ELC1109,"مطول كهرباء 3مدخل 3متر
",1.000
فرع السراج,ELC1111,"مثلث كهرباء ثلاث مداخل 
",6.000
فرع السراج,ELC1112,"مثلث كهرباء تنائي مداخل 
",1.000
فرع السراج,ELC1113,"مثلث كهرباء 
",8.000
فرع السراج,ELC1413,"مطول كهرباء 4مدخل 5متر
",4.000
فرع السراج,ELC1472,سلك كهرباء 1 *2.5 مم²,-26.000
فرع السراج,ELC1473,سلك كهرباء 1 *2.5 مم²,-36.000
فرع السراج,ELC2001,قرجوطة 19مم *50 م,9.000
فرع السراج,ELC2003,قرجوطة 23مم *50 م,10.000
فرع السراج,ELC2004,قرجوطة 26مم *50 م,10.000
فرع السراج,ELC2005,قرجوطة 32مم *25 م,3.000
فرع السراج,ELC2006,قرجوطة 40مم *25 م,5.000
فرع السراج,ELC2007,قرجوطة 50مم *25 م,5.000
فرع السراج,ELC2395,قرجوطة 16مم *50 م,9.000
فرع السراج,FAB0100,تصنيع قاعدة برسلين,-2.000
فرع السراج,FAB0175,طلاء وجه خلاط شطافة,-9.000
فرع السراج,FAB0176,طلاء وجه خلاط دوش,-9.000
فرع السراج,FAB0177,طلاء وجه زر بتارية,-8.000
فرع السراج,FAB0178,طلاء وجه مسكر بي بي ار,-3.000
فرع السراج,FAB0179,طلاء قصبة,-6.000
فرع السراج,FAB0559,تصنيع حوض مع قاعدة برسلين,-3.000
فرع السراج,FE30276,كسكاس 1 نحاس,12.000
فرع السراج,FE30526,كسكاس 3/4,8.000
فرع السراج,LG40081,قاعدة حوض وجه برسلين 90 سم,2.000
فرع السراج,LG40099,حوض وجه برسلين مشطوف مع رف 80,1.000
فرع السراج,LG40100,حوض وجه برسلين مشطوف مع رف 60,-2.000
فرع السراج,LG40101,حوض وجه برسلين مشطوف مع رف 60,2.000
فرع السراج,LG40112,حوض وجه برسلين مشطوف 80 سم,4.000
فرع السراج,LG40147,حوض وجه برسلين 100 سم,-1.000
فرع السراج,LG40149,حوض وجه برسلين مشطوف 80 سم,-1.000
فرع السراج,LG40172,حوض وجه برسلين مشطوف 80 سم,1.000
فرع السراج,LG40178,حوض وجه برسلين مشطوف 80 سم,4.000
فرع السراج,LG40180,حوض وجه برسلين 100 سم,11.000
فرع السراج,LG40183,حوض وجه برسلين مشطوف 80 سم,5.000
فرع السراج,LG40187,حوض وجه برسلين مشطوف 80 سم,7.000
فرع السراج,LG40189,حوض وجه برسلين مشطوف 80 سم,1.000
فرع السراج,LG40191,حوض وجه برسلين مع رف 100 سم,-5.000
فرع السراج,LG40193,حوض وجه برسلين مشطوف مع رف 80 سم,-1.000
فرع السراج,LG40194,حوض وجه برسلين مشطوف مع رف 80 سم,-1.000
فرع السراج,LG40195,حوض وجه برسلين مشطوف مع رف 80 سم,-1.000
فرع السراج,LG40198,حوض وجه برسلين مشطوف مع رف 80 سم,-3.000
فرع السراج,LG40294,حوض رخامي كوارتز 80سم,1.000
فرع السراج,LG40315,حوض وجه برسلين مشطوف 80 سم,1.000
فرع السراج,LG40319,حوض وجه برسلين مشطوف 80 سم,1.000
فرع السراج,LG40322,حوض وجه برسلين 80 سم,3.000
فرع السراج,LG40323,حوض وجه برسلين 65 سم,2.000
فرع السراج,LG40324,حوض وجه برسلين 65 سم,2.000
فرع السراج,LG40327,حوض وجه برسلين مشطوف 80 سم,1.000
فرع السراج,LG40330,حوض وجه برسلين 65 سم,2.000
فرع السراج,LG40331,حوض وجه برسلين 65 سم,-2.000
فرع السراج,LG40332,حوض وجه برسلين 65 سم,2.000
فرع السراج,LG40341,حوض وجه برسلين مشطوف 80 سم,1.000
فرع السراج,LG40361,حوض وجه برسلين 60 سم,1.000
فرع السراج,LG40368,حوض وجه برسلين مشطوف 80 سم,-1.000
فرع السراج,LG40369,حوض وجه برسلين مشطوف 80 سم,1.000
فرع السراج,LG40385,حوض وجه برسلين مع رف 65 سم,-3.000
فرع السراج,LG40386,حوض وجه برسلين مع رف 65 سم,-6.000
فرع السراج,LG40387,حوض وجه برسلين مع رف 60 سم,-3.000
فرع السراج,LG40388,حوض وجه برسلين مع رف 65 سم,-2.000
فرع السراج,LG40389,حوض وجه برسلين مع رف 60 سم,-2.000
فرع السراج,LG40391,حوض وجه برسلين 80 سم,1.000
فرع السراج,LG40398,حوض وجه برسلين 80 سم,1.000
فرع السراج,LG40399,حوض وجه برسلين مع رف 80 سم,-1.000
فرع السراج,LG40751,حوض كواريون كوارتز80سم أبيض,1.000
فرع السراج,LG40754,حوض وجه كوارتز مع رف مع مراية 80 سم,-4.000
فرع السراج,LG41018,حوض رخامي كوريان 80سم,1.000
فرع السراج,MA20001,خلاط حوض المطبخ سحاب أسود,1.000
فرع السراج,MA20005,خلاط حوض المطبخ سحاب أسود-كروم,1.000
فرع السراج,MA20006,خلاط حوض المطبخ سحاب كروم,5.000
فرع السراج,MA20012,خلاط حوض المطبخ سحاب كروم,1.000
فرع السراج,MA20015,خلاط حوض المطبخ سحاب كروم,6.000
فرع السراج,MA20017,خلاط حوض المطبخ سحاب كروم,3.000
فرع السراج,MA20032,خلاط حوض المطبخ سحاب أسود,2.000
فرع السراج,MA20034,خلاط حوض المطبخ سحاب أسود,1.000
فرع السراج,MA20035,خلاط حوض المطبخ سحاب أسود,1.000
فرع السراج,MA20036,خلاط حوض المطبخ سحاب كروم,4.000
فرع السراج,MA20041,خلاط حوض المطبخ سحاب دهبي,1.000
فرع السراج,MA20042,خلاط حوض المطبخ سحاب اسود,2.000
فرع السراج,MA20051,خلاط حوض المطبخ سحاب اسود,6.000
فرع السراج,MA20053,خلاط حوض المطبخ سحاب كروم,2.000
فرع السراج,MA20100,خلاط حوض المطبخ سحاب كروم,2.000
فرع السراج,MA20116,خلاط حوض المطبخ سحاب ذهبي,5.000
فرع السراج,MA20118,خلاط حوض المطبخ سحاب ذهبي,4.000
فرع السراج,MA20120,خلاط حوض المطبخ دبل سحاب أسود,1.000
فرع السراج,MA20121,خلاط حوض المطبخ سحاب ذهبي,1.000
فرع السراج,MA20124,خلاط حوض المطبخ سحاب أسود,2.000
فرع السراج,MA20126,خلاط حوض المطبخ سحاب كروم,3.000
فرع السراج,MA20127,خلاط حوض المطبخ سحاب كروم,2.000
فرع السراج,MA20263,خلاط حوض المطبخ سحاب كروم,3.000
فرع السراج,MA20471,خلاط حوض المطبخ شلال منظومة نص فل,3.000
فرع السراج,MA20620,خلاط حوض المطبخ دبل سحاب كروم,5.000
فرع السراج,MA20623,خلاط حوض المطبخ سحاب أسود-كروم,5.000
فرع السراج,MA20875,خلاط حوض المطبخ سحاب أسود- كروم,1.000
فرع السراج,MA20894,خلاط حوض المطبخ سحاب كروم,5.000
فرع السراج,MA20895,خلاط حوض المطبخ سحاب أسود,3.000
فرع السراج,MA20902,خلاط حوض المطبخ مولة أسود مطفي,5.000
فرع السراج,MA20903,خلاط حوض المطبخ مولة كروم,5.000
فرع السراج,MA20904,خلاط حوض المطبخ مولة أسود مطفي,5.000
فرع السراج,MA20905,خلاط حوض المطبخ مولة كروم,5.000
فرع السراج,MA20906,خلاط حوض المطبخ مولة أسود لامع,3.000
فرع السراج,MA20907,خلاط حوض المطبخ سحاب كروم,5.000
فرع السراج,MA20910,خلاط حوض المطبخ سحاب ذهبي,5.000
فرع السراج,MA20911,خلاط حوض المطبخ سحاب رصاصي,3.000
فرع السراج,MA20912,خلاط حوض المطبخ سحاب كروم,4.000
فرع السراج,MA20913,خلاط حوض المطبخ سحاب أسود مطفي,4.000
فرع السراج,MA20920,خلاط حوض المطبخ مولة كروم,5.000
فرع السراج,MA20921,خلاط حوض المطبخ سحاب كروم مطفي,15.000
فرع السراج,MA20922,خلاط حوض المطبخ سحاب رصاصي مطفي,9.000
فرع السراج,MA20923,خلاط حوض المطبخ سحاب كروم مطفي,3.000
فرع السراج,MA20931,خلاط حوض المطبخ سحاب كروم,4.000
فرع السراج,MA20932,خلاط حوض المطبخ سحاب كروم,2.000
فرع السراج,MC10001,مجرى شباك  40 سم *8 سم كروم,1.000
فرع السراج,MC10002,مجرى 50 سم *8 سم كروم,19.000
فرع السراج,MC10003,سرفنتينة 15 سم * 15 سم اسود,1.000
فرع السراج,MC10004,مجرى 40 سم *6 سم دهبي,7.000
فرع السراج,MC10005,مجرى 50 سم *6 سم دهبي,3.000
فرع السراج,MC10006,مجرى 30 سم *6 سم دهبي,4.000
فرع السراج,MC10008,سرفنتينة 15 سم * 15 سم كروم,6.000
فرع السراج,MC10009,سرفنتينة 15 سم * 15 سم كروم,1.000
فرع السراج,MC10012,سرفنتينة 15 سم * 15 سم كروم,27.000
فرع السراج,MC10013,مجرى 50 سم *6 سم كروم,5.000
فرع السراج,MC10014,مجرى 60 سم *6 سم كروم,-1.000
فرع السراج,MC10091,مجرى خارجي  50 سم *13 سم كروم,4.000
فرع السراج,MC10097,سرفنتينة 15 سم * 15 سم ذهبي,7.000
فرع السراج,MC10124,غطاء غرفة تفتيش 30*30 مخفي SUS304,2.000
فرع السراج,MC10125,غطاء غرفة تفتيش 40*40مخفي SUS304,2.000
فرع السراج,MC10139,سرفنتينة 15 سم * 15 سم ذهبي,1.000
فرع السراج,MC10203,سرفنتينة 15 سم * 15 سم كروم,11.000
فرع السراج,MC10253,سرفنتينة10 سم * 10 سم كروم,9.000
فرع السراج,MC10257,مجرى 40 سم *6 سم كروم,2.000
فرع السراج,MC10270,مجرى 50 سم *7 سم كروم,3.000
فرع السراج,MC10271,مجرى 60 سم *7 سم كروم,4.000
فرع السراج,MC10288,مانع رائحة كروم,1.000
فرع السراج,MC10310,سرفنتينة 15 سم * 15 سم كروم,2.000
فرع السراج,MC10413,سرفنتينة 15 سم * 15 سم كروم,13.000
فرع السراج,MC10415,مجرى 75 سم *7 سم كروم,4.000
فرع السراج,MC10437,غطاء غرفة تفتيش 40*40 فايبر اسود,8.000
فرع السراج,MC10438,غطاء غرفة تفتيش 50*50 فايبر اسود,5.000
فرع السراج,MC10439,غطاء غرفة تفتيش 60*60 فايبر اسود,4.000
فرع السراج,MC10440,غطاء غرفة تفتيش 80*80 فايبر اسود,4.000
فرع السراج,MC10446,مجرى 40 سم *8 سم كروم,6.000
فرع السراج,MC10448,سرفنتينة 15 سم * 15 سم أسود,3.000
فرع السراج,MC10449,سرفنتينة 15 سم * 15 سم ذهبي,1.000
فرع السراج,MC10450,مجرى 40 سم 6* سم ذهبي,1.000
فرع السراج,MC10452,مجرى 50 سم *6 سم كروم,4.000
فرع السراج,MC10455,مجرى 50 سم *8 سم مشبكة كروم,21.000
فرع السراج,MC10457,سرفنتينة 15 سم * 15 سم كروم,10.000
فرع السراج,MC10470,مجرى 55سم *7 سم كروم,2.000
فرع السراج,MC10471,مجرى 30سم *7 سم كروم,6.000
فرع السراج,MC10478,مجرى 60سم *7 سم كروم,3.000
فرع السراج,MC10479,مجرى 55سم *7 سم كروم,1.000
فرع السراج,MC10480,مجرى 45سم *7 سم كروم,5.000
فرع السراج,MC10481,مجرى 55سم *7 سم كروم,2.000
فرع السراج,MC10632,سرفنتينة 15 سم * 15 سم مع مانع رائحة كروم لامع,7.000
فرع السراج,MC10641,مجرى 30سم *3 سم كروم,17.000
فرع السراج,MC10642,مجرى 50سم *3 سم كروم,13.000
فرع السراج,MC10643,مجرى 30 سم *8 سم كروم,6.000
فرع السراج,MC10644,مجرى 40 سم *8 سم كروم,2.000
فرع السراج,MC10645,مجرى 40 سم *8 سم أسود,16.000
فرع السراج,MC10646,مجرى 40 سم *8 سم ذهبي,2.000
فرع السراج,MC10648,مجرى 60 سم *8 سم كروم,10.000
فرع السراج,MC10652,سرفنتينة 15 سم * 15 سم كروم,26.000
فرع السراج,MC10653,سرفنتينة 15 سم * 15 سم أسود,4.000
فرع السراج,MC10654,سرفنتينة 15 سم * 15 سم ذهبي,9.000
فرع السراج,MC10655,سرفنتينة 10 سم * 10 سم كروم,8.000
فرع السراج,MC10731,سرفنتينة 15 سم * 15 سم كروم,4.000
فرع السراج,MC10770,مجرى 50 سم *8 سم كروم,2.000
فرع السراج,MC10855,مجرى 30 سم *6 سم كروم,4.000
فرع السراج,MC10856,مجرى 40 سم *6 سم كروم,5.000
فرع السراج,MC10990,مجرى 40 سم *6 سم كروم,3.000
فرع السراج,MD20001,خلاط دوش مع سماعة أسود,2.000
فرع السراج,MD20003,خلاط دوش كروم,-1.000
فرع السراج,MD20004,خلاط دوش كروم,2.000
فرع السراج,MD20005,خلاط دوش كروم,1.000
فرع السراج,MD20007,خلاط دوش أسود,3.000
فرع السراج,MD20008,خلاط دوش ذهبي,1.000
فرع السراج,MD20011,خلاط دوش كروم,1.000
فرع السراج,MD20023,خلاط دوش كروم,2.000
فرع السراج,MD20024,خلاط دوش كروم,1.000
فرع السراج,MD20026,خلاط دوش كروم,2.000
فرع السراج,MD20028,خلاط دوش كروم,3.000
فرع السراج,MD20030,خلاط دوش مع سماعة كروم,2.000
فرع السراج,MD20060,خلاط دوش مع سماعة كروم,2.000
فرع السراج,MD20239,خلاط دوش  كروم,1.000
فرع السراج,MD20242,خلاط دوش كروم,2.000
فرع السراج,MD20246,خلاط دوش أسود,5.000
فرع السراج,MD20248,خلاط دوش ذهبي,3.000
فرع السراج,MD20300,خلاط دوش أسود,1.000
فرع السراج,MD20619,خلاط دوش كروم,7.000
فرع السراج,MD20627,خلاط دوش كروم,6.000
فرع السراج,MD20855,خلاط دوش كروم,3.000
فرع السراج,MD20896,خلاط دوش ذهبي,5.000
فرع السراج,MD20897,خلاط دوش أسود,5.000
فرع السراج,MD20898,خلاط دوش كروم,4.000
فرع السراج,MD20899,خلاط دوش كروم,4.000
فرع السراج,MD20900,خلاط دوش أسود,5.000
فرع السراج,MDE50004,خلاط دوش مدفون مع مصب وقصبة وكسكاس ذهبي,1.000
فرع السراج,MDE50008,خلاط دوش مدفون كروم,2.000
فرع السراج,MDE50022,خلاط دوش مدفون كروم,2.000
فرع السراج,MDE50027,خلاط دوش مدفون كروم,2.000
فرع السراج,MDE50028,خلاط دوش مدفون كروم,2.000
فرع السراج,MDE50029,خلاط دوش مدفون كروم,1.000
فرع السراج,MDE50040,خلاط دوش مدفون كروم,3.000
فرع السراج,MDE50041,خلاط دوش مدفون كروم,2.000
فرع السراج,MDE50045,خلاط دوش مدفون كروم,4.000
فرع السراج,MDE50046,خلاط دوش مدفون كروم,-1.000
فرع السراج,MDE50047,خلاط دوش مدفون كروم,2.000
فرع السراج,MDE50049,خلاط دوش مدفون كروم,3.000
فرع السراج,MDE50164,مطول خلاط دوش مدفون,2.000
فرع السراج,MDE50279,خلاط دوش مدفون كروم,1.000
فرع السراج,MDE50291,مطول خلاط دوش مدفون,1.000
فرع السراج,MDE50399,خلاط دوش مدفون كروم,4.000
فرع السراج,MDE50674,خلاط دوش مدفون شريحة دائري كروم,1.000
فرع السراج,MDE50676,خلاط دوش مدفون كروم,3.000
فرع السراج,MDE50807,خلاط دوش مدفون ميريدا أسود,3.000
فرع السراج,MDE50821,خلاط دوش مدفون فلفيت أسود,2.000
فرع السراج,MDE50822,خلاط دوش مدفون ايدج ذهبي,1.000
فرع السراج,ME10003,خلاط حوض المطبخ شجرة كروم,2.000
فرع السراج,ME10005,خلاط حوض المطبخ تحلية شجرة كروم,2.000
فرع السراج,ME10011,خلاط حوض المطبخ شجرة كروم,1.000
فرع السراج,ME10012,خلاط حوض المطبخ شجرة كروم,1.000
فرع السراج,ME10023,حنفية حوض المطبخ شجرة كروم,2.000
فرع السراج,ME10130,خلاط حوض المطبخ سحاب كروم,4.000
فرع السراج,ME10131,خلاط حوض المطبخ سحاب أسود,6.000
فرع السراج,ME10572,خلاط حوض المطبخ شجرة كروم,3.000
فرع السراج,ME10624,خلاط حوض المطبخ شجرة رصاصي,4.000
فرع السراج,ME10920,خلاط حوض المطبخ شجرة كروم,3.000
فرع السراج,ME10921,خلاط حوض المطبخ شجرة ذهبي,5.000
فرع السراج,ME10922,خلاط حوض المطبخ شجرة أسود مطفي,5.000
فرع السراج,MF20003,مراية حمام 80 سم,1.000
فرع السراج,MF20189,مراية حمام صغيرة بالعلاقة ضد البخار كروم,4.000
فرع السراج,MI10135,مراية تجميل مع اكسوار,5.000
فرع السراج,MI10264,مراية تجميل مكبرة,3.000
فرع السراج,ML0786,خلاط حوض وجه كروم,3.000
فرع السراج,ML10000,خلاط حوض وجه كروم,1.000
فرع السراج,ML10001,خلاط حوض وجه كروم,4.000
فرع السراج,ML10002,خلاط حوض وجه ذهبي,1.000
فرع السراج,ML10003,خلاط حوض وجه أسود,7.000
فرع السراج,ML10007,خلاط حوض وجه طويل كروم,2.000
فرع السراج,ML10008,خلاط حوض وجه أسود,-1.000
فرع السراج,ML10009,خلاط حوض وجه أسود,-1.000
فرع السراج,ML10016,خلاط حوض وجه كروم,1.000
فرع السراج,ML10017,خلاط حوض وجه كروم,-1.000
فرع السراج,ML10021,خلاط حوض وجه طويل كروم مطفي,3.000
فرع السراج,ML10023,خلاط حوض وجه كروم,3.000
فرع السراج,ML10026,خلاط حوض وجه  15 سم أسود,1.000
فرع السراج,ML10028,خلاط حوض وجه كروم,1.000
فرع السراج,ML10029,خلاط حوض وجه طويل كروم,4.000
فرع السراج,ML10033,خلاط حوض وجه طويل كروم,1.000
فرع السراج,ML10035,خلاط حوض وجه مزخرف طويل أسود,1.000
فرع السراج,ML10036,خلاط حوض وجه طويل أسود برنزي,3.000
فرع السراج,ML10037,خلاط حوض وجه طويل ذهبي,1.000
فرع السراج,ML10038,خلاط حوض وجه مزخرف طويل كروم,2.000
فرع السراج,ML10039,خلاط حوض وجه كروم,1.000
فرع السراج,ML10043,خلاط حوض وجه طويل  30 سم كروم,1.000
فرع السراج,ML10046,خلاط حوض وجه طويل كروم,2.000
فرع السراج,ML10051,خلاط حوض وجه أسود,1.000
فرع السراج,ML10052,خلاط حوض وجه طويل كروم,5.000
فرع السراج,ML10053,خلاط حوض وجه قصير مربع أسود,1.000
فرع السراج,ML10054,خلاط حوض وجه دائري أسود,5.000
فرع السراج,ML10055,خلاط حوض وجه مضيء كروم,-1.000
فرع السراج,ML10059,خلاط حوض وجه  15 سم كروم,1.000
فرع السراج,ML10060,خلاط حوض وجه أسود,3.000
فرع السراج,ML10075,خلاط حوض وجه أسود,4.000
فرع السراج,ML10076,خلاط حوض وجه ذهبي,3.000
فرع السراج,ML10079,خلاط حوض وجه ذهبي,1.000
فرع السراج,ML10080,خلاط حوض وجه ذهبي,4.000
فرع السراج,ML10082,خلاط حوض وجه كروم,2.000
فرع السراج,ML10083,خلاط حوض وجه أسود,2.000
فرع السراج,ML10085,خلاط حوض وجه كروم,2.000
فرع السراج,ML10086,خلاط حوض وجه شلال طويل أسود كروم,2.000
فرع السراج,ML10087,خلاط حوض وجه كروم,2.000
فرع السراج,ML10088,خلاط حوض وجه كروم,1.000
فرع السراج,ML10089,خلاط حوض وجه 3 فتحات كروم,1.000
فرع السراج,ML10092,خلاط حوض وجه كروم,2.000
فرع السراج,ML10093,خلاط حوض وجه كروم,1.000
فرع السراج,ML10094,خلاط حوض وجه  كروم,2.000
فرع السراج,ML10099,خلاط حوض وجه أسود,-1.000
فرع السراج,ML10145,خلاط حوض وجه مدفون مع مصب ذهبي,1.000
فرع السراج,ML10241,خلاط حوض وجه كروم,3.000
فرع السراج,ML10247,خلاط حوض وجه اسود,6.000
فرع السراج,ML10250,خلاط حوض وجه ذهبي,9.000
فرع السراج,ML10267,خلاط حوض وجه كروم,2.000
فرع السراج,ML10283,خلاط حوض وجه كروم,2.000
فرع السراج,ML10285,خلاط حوض وجه كروم,1.000
فرع السراج,ML10301,خلاط حوض وجه  كروم,1.000
فرع السراج,ML10382,خلاط حوض وجه  كروم,1.000
فرع السراج,ML10383,خلاط حوض وجه  كروم,1.000
فرع السراج,ML10504,خلاط حوض وجه  كروم,6.000
فرع السراج,ML10520,خلاط حوض وجه  كروم,2.000
فرع السراج,ML10522,خلاط حوض وجه  كروم,5.000
فرع السراج,ML10552,خلاط حوض وجه  كروم,6.000
فرع السراج,ML10553,خلاط حوض وجه  كروم,6.000
فرع السراج,ML10554,خلاط حوض وجه اسود,6.000
فرع السراج,ML10616,خلاط حوض وجه ذهبي,10.000
فرع السراج,ML10617,خلاط حوض وجه كروم,9.000
فرع السراج,ML10626,خلاط حوض وجه  رصاصي,9.000
فرع السراج,ML10747,خلاط حوض وجه  كروم,3.000
فرع السراج,ML10752,خلاط حوض وجه اسود,1.000
فرع السراج,ML10766,خلاط حوض وجه كروم,3.000
فرع السراج,ML10767,خلاط حوض وجه كروم,1.000
فرع السراج,ML10781,خلاط حوض وجه كروم,4.000
فرع السراج,ML10784,خلاط حوض وجه كروم,5.000
فرع السراج,ML10785,خلاط حوض وجه  كروم,3.000
فرع السراج,ML10786,خلاط حوض وجه كروم,3.000
فرع السراج,ML10789,خلاط حوض وجه كروم,5.000
فرع السراج,ML10790,خلاط حوض وجه أسود,1.000
فرع السراج,ML10792,خلاط حوض وجه  ذهبي,3.000
فرع السراج,ML10793,خلاط حوض وجه أسود,3.000
فرع السراج,ML10800,خلاط حوض وجه كروم,2.000
فرع السراج,ML10801,خلاط حوض وجه كروم,9.000
فرع السراج,ML10802,خلاط حوض وجه رصاصي,5.000
فرع السراج,ML10803,خلاط حوض وجه ذهبي,5.000
فرع السراج,ML10804,خلاط حوض وجه كروم,5.000
فرع السراج,ML10806,خلاط حوض وجه أسود مطفي,5.000
فرع السراج,ML10858,خلاط حوض وجه ذهبي,5.000
فرع السراج,ML10859,خلاط حوض وجه أسود,4.000
فرع السراج,ML10893,خلاط حوض وجه كروم,7.000
فرع السراج,ML10894,خلاط حوض وجه ذهبي,5.000
فرع السراج,ML10895,خلاط حوض وجه أسود لامع,10.000
فرع السراج,ML10896,خلاط حوض وجه شاشة أسود,4.000
فرع السراج,ML10897,خلاط حوض وجه شاشة لاد كروم,1.000
فرع السراج,ML10898,خلاط حوض وجه كروم,2.000
فرع السراج,ML11014,خلاط حوض وجه كروم,2.000
فرع السراج,ML30050,مرايا حمام مع إضاءة لد 80*60 سم,-2.000
فرع السراج,ML30070,مرايا حمام مع إضاءة لد مع بخار 60 اطار ذهبي,1.000
فرع السراج,ML30079,مرايا حمام مع إضاءة لد 90*60 سم,-3.000
فرع السراج,ML30080,مرايا حمام مع إضاءة لد 80*60 سم,-1.000
فرع السراج,ML30086,مرايا حمام مع إضاءة لد 60*60 سم,6.000
فرع السراج,ML30103,مرايا حمام مع إضاءة لد 80*50سم,3.000
فرع السراج,ML30108,مرايا حمام مع إضاءة لد 80*60 سم,-1.000
فرع السراج,ML30114,مرايا حمام مع إضاءة لد 80*60 سم,-3.000
فرع السراج,ML30121,مرايا حمام مع إضاءة لد 90 سم,-1.000
فرع السراج,ML30222,مرايا حمام مع إضاءة لد اطار ابيض,2.000
فرع السراج,ML30274,مرايا حمام مع إضاءة لد 80*60 سم,1.000
فرع السراج,ML30279,مرايا حمام مع إضاءة لد 80*60 سم,1.000
فرع السراج,ML30282,مرايا حمام مع إضاءة لد دائرية 60سم,1.000
فرع السراج,ML30298,مرايا حمام مع إضاءة لد 80*60 سم,-1.000
فرع السراج,ML30303,مرايا حمام مع إضاءة لد 60*80 سم,1.000
فرع السراج,ML30374,مرايا حمام مع إضاءة لد مع اطار أسود 80*60 سم,-1.000
فرع السراج,ML30375,مرايا حمام مع إضاءة لد 85*85 سم,2.000
فرع السراج,ML30380,مرايا حمام مع إضاءة لد دائرية بالعلاقة مع اطار أسود 60سم,-1.000
فرع السراج,ML30397,مرايا حمام مع إضاءة لد مع بخار 60 اطار ذهبي,5.000
فرع السراج,ML30398,مرايا حمام مع إضاءة لد مع بخار 60 اطار ذهبي,4.000
فرع السراج,ML30418,مرايا حمام مع إضاءة لد 80*60 سم,-2.000
فرع السراج,ML30422,مرايا حمام مع إضاءة لد 80*60 سم,-1.000
فرع السراج,ML30433,مرايا حمام مع إضاءة لد 80*60 سم,1.000
فرع السراج,ML30464,مرايا حمام مع إضاءة لد مربعة 60*80سم,2.000
فرع السراج,ML30465,مرايا حمام مع إضاءة لد مربعة 60*80سم,7.000
فرع السراج,ML30493,مرايا حمام مع إضاءة لد 100*80 سم,3.000
فرع السراج,ML30494,مرايا حمام مع إضاءة لد 100*80 سم,1.000
فرع السراج,ML30498,مرايا حمام مع إضاءة لد 80*60 سم,3.000
فرع السراج,ML30499,مرايا حمام مع إضاءة لد 80*60 سم,2.000
فرع السراج,ML30500,مرايا حمام مع إضاءة لد مع اطار أسود 80*60 سم,3.000
فرع السراج,ML30592,مرايا حمام مع إضاءة لد مربعة 60*80سم,1.000
فرع السراج,ML30593,مرايا حمام مع إضاءة لد دائرية 60*80 سم,1.000
فرع السراج,ML30600,مرايا حمام مع إضاءة لد دائرية بالعلاقة مع اطار أسود 70سم,3.000
فرع السراج,ML30602,مرايا حمام مع إضاءة لد مع اطار أسود 90*70 سم,12.000
فرع السراج,ML30603,مرايا حمام مع إضاءة لد مع اطار ذهبي 90*70 سم,4.000
فرع السراج,ML30604,مرايا حمام مع إضاءة لد 80*60سم,5.000
فرع السراج,ML30744,مرايا حمام مع إضاءة لد-عرض60*80 سم,-1.000
فرع السراج,ML30746,مرايا حمام مع إضاءة لد-عرض60*80 سم,-1.000
فرع السراج,ML30748,مرايا حمام مع إضاءة لد,3.000
فرع السراج,ML30750,مرايا حمام مع إضاءة لد,3.000
فرع السراج,ML30751,مرايا حمام مع إضاءة لد-عرض60*80 سم,1.000
فرع السراج,ML30752,مرايا حمام مع إضاءة لد-عرض60*80 سم,1.000
فرع السراج,ML30796,مرايا حمام ضد البخار مع إضاءة لد 80*100 سم,6.000
فرع السراج,ML30797,مرايا حمام ضد البخار مع إضاءة لد بالعلاقة اطار أسود 70*70سم,3.000
فرع السراج,ML30798,مرايا حمام ضد البخار مع إضاءة لد 80*60 سم,-1.000
فرع السراج,ML30799,مرايا حمام ضد البخار مع إضاءة لد 70*50 سم,2.000
فرع السراج,ML30800,مرايا حمام ضد البخار مع إضاءة لد 80*70 سم,6.000
فرع السراج,ML30814,مرايا حمام مع إضاءة لد85*70 سم,-1.000
فرع السراج,ML30824,مرايا حمام مع إضاءة لد 100*70 سم,2.000
فرع السراج,ML30826,مرايا حمام مع إضاءة لد80*60 سم,2.000
فرع السراج,ML30834,مرايا حمام ضد البخار مع إضاءة لد 60*80 سم,7.000
فرع السراج,ML30835,مرايا حمام ضد البخار مع إضاءة لد 60*80 سم,-2.000
فرع السراج,ML30836,مرايا حمام ضد البخار مع إضاءة لد 60*80 سم,-4.000
فرع السراج,ML30838,مرايا حمام مع إضاءة لد80*60 سم,2.000
فرع السراج,ML30839,مرايا حمام مع إضاءة لد80*60 سم,3.000
فرع السراج,ML30840,مرايا حمام مع إضاءة لد80*60 سم,2.000
فرع السراج,ML30842,مرايا حمام مع إضاءة لد80*60 سم,2.000
فرع السراج,ML30844,مرايا حمام مع إضاءة لد80*60 سم,1.000
فرع السراج,MLE40016,خلاط حوض وجه مدفون مع مَصَب ذهبي,1.000
فرع السراج,MLE40017,خلاط حوض وجه مدفون مع مَصَب أسود,1.000
فرع السراج,MLE40042,خلاط حوض وجه مدفون مع مَصَب كروم,2.000
فرع السراج,MLE40284,خلاط حوض وجه مدفون مع مَصَب كروم,3.000
فرع السراج,MLE40821,خلاط حوض وجه مدفون ذهبي,2.000
فرع السراج,MLE40823,خلاط حوض وجه مدفون مع مَصَب كروم,1.000
فرع السراج,MM30010,خلاط حوض المطبخ حائطي كروم,4.000
فرع السراج,MM30020,خلاط حوض المطبخ حائطي كروم,4.000
فرع السراج,MM30021,خلاط حوض المطبخ حائطي كروم,3.000
فرع السراج,MM30023,خلاط حوض المطبخ حائطي كروم,1.000
فرع السراج,MM30024,خلاط حوض المطبخ حائطي كروم,3.000
فرع السراج,MM30025,خلاط حوض المطبخ حائطي كروم,2.000
فرع السراج,MM30026,حنفية حوض المطبخ حائطي كروم,1.000
فرع السراج,MO10925,خلاط حوض المطبخ مولة تحلية كروم,3.000
فرع السراج,MT30010,خلاط شطاف مع شطاف أسود,1.000
فرع السراج,MT30025,خلاط شطاف مع شطاف كروم,2.000
فرع السراج,MT30061,خلاط شطاف مع شطاف كروم,2.000
فرع السراج,MT30062,خلاط شطاف مع شطاف كروم,1.000
فرع السراج,MT30064,خلاط شطاف مع شطاف أسود,4.000
فرع السراج,MT30065,خلاط شطاف مع شطاف أسود,2.000
فرع السراج,MT30067,خلاط شطاف مع شطاف كروم,2.000
فرع السراج,MT30069,خلاط شطاف مع شطاف دائري ذهبي,3.000
فرع السراج,MT30134,مطول خلاط شطافه مدفون,2.000
فرع السراج,MT30243,خلاط شطاف كروم,9.000
فرع السراج,MT30245,خلاط شطاف مع شطاف أسود,2.000
فرع السراج,MT30249,خلاط شطاف مع شطاف ذهبي,2.000
فرع السراج,MT30301,خلاط شطاف أسود,1.000
فرع السراج,MT30556,خلاط شطاف مع شطاف كروم,2.000
فرع السراج,MT30557,خلاط شطاف مع شطاف كروم,5.000
فرع السراج,MT30628,خلاط شطاف مع شطاف 15 سم كروم,10.000
فرع السراج,MT30629,خلاط شطاف مع شطاف 15 سم كروم,4.000
فرع السراج,MT30630,خلاط شطاف مع شطاف 15 سم أسود,9.000
فرع السراج,MT30852,خلاط شطاف مربع مع شطاف 15 سم كروم,5.000
فرع السراج,MT30854,خلاط شطاف دائري مع شطاف 15 سم كروم,5.000
فرع السراج,MTE60024,خلاط شطاف مدفون كروم,2.000
فرع السراج,MTE60025,خلاط شطاف مدفون كروم,1.000
فرع السراج,MTE60026,خلاط شطاف مدفون كروم,2.000
فرع السراج,MTE60030,خلاط شطاف مدفون كروم,2.000
فرع السراج,MTE60038,خلاط شطاف مدفون كروم,2.000
فرع السراج,MTE60039,خلاط شطاف مدفون كروم,3.000
فرع السراج,MTE60044,خلاط شطاف مدفون كروم,1.000
فرع السراج,MTE60049,خلاط شطاف مدفون كروم,1.000
فرع السراج,MTE60050,خلاط شطاف مدفون كروم,6.000
فرع السراج,MTE60051,خلاط شطاف مدفون كروم,1.000
فرع السراج,MTE60147,خلاط شطاف مدفون ذهبي,1.000
فرع السراج,MTE60280,خلاط شطاف مدفون كروم,1.000
فرع السراج,MTE60400,خلاط شطاف مدفون كروم,4.000
فرع السراج,MTE60562,خلاط شطاف مدفون كروم,6.000
فرع السراج,MTE60563,خلاط شطاف مدفون كروم,2.000
فرع السراج,MTE60675,خلاط شطاف مدفون كروم,2.000
فرع السراج,MTE60806,خلاط شطاف مدفون ميريدا أسود,3.000
فرع السراج,MTE60822,خلاط شطاف مدفون شريحة مربع كروم,-1.000
فرع السراج,P30097,عصاة رولة,7.000
فرع السراج,P30105,مضخة 1 حصان,3.000
فرع السراج,P30106,مضخة 1/2 حصان,4.000
فرع السراج,P30107,مضخة 3/4 حصان,5.000
فرع السراج,P30108,مضخة ماجن 1/2 حصان ضد التآكل,2.000
فرع السراج,P30110,مضخة ماجن 3/4 حصان ضد التآكل,1.000
فرع السراج,P30111,بدل كورة,3.000
فرع السراج,P30112,بدل كورة,5.000
فرع السراج,P30113,بدل كورة,3.000
فرع السراج,P30114,بدل كورة,3.000
فرع السراج,P30116,مضخة ضغط شبكة صغيرة,2.000
فرع السراج,P30117,مضخة ضغط شبكة كبيرة,2.000
فرع السراج,P30165,عصاة فأس,10.000
فرع السراج,P30166,بالة 1.3 متر,5.000
فرع السراج,P30268,عوامة كهربائية 1 متر,3.000
فرع السراج,P30325,عوامة 3/4,9.000
فرع السراج,P30326,عوامة 3/4,10.000
فرع السراج,P30327,عوامة 1,6.000
فرع السراج,P30345,مضخة 1/2 حصان,2.000
فرع السراج,P30361,شاڨور,5.000
فرع السراج,P30384,مضخةرش مبيد حشري 2لتر,2.000
فرع السراج,P30703,مضخة ماجن 0.8 حصان بالأوتوماتك,1.000
فرع السراج,P30704,مضخة ماجن 0.8 حصان بالعوامة,1.000
فرع السراج,PA30013,برميل 20 لتر,1.000
فرع السراج,PA30015,مفتاح بيبة رقم17مم,3.000
فرع السراج,PA30016,مفتاح بيبة رقم15مم,4.000
فرع السراج,PA30017,مفتاح بيبة رقم13مم,10.000
فرع السراج,PA30019,مفتاح بيبة رقم10مم,1.000
فرع السراج,PA30045,مفتاح بيبة رقم19مم,2.000
فرع السراج,PA30046,كيس فارغ أبيض,1180.000
فرع السراج,PA30047,مفتاح بيبة رقم 22 مم,4.000
فرع السراج,PA30048,خباشة زيتون فليتي,12.000
فرع السراج,PA30049,رزة باب حديد رقم 10,6.000
فرع السراج,PA30050,صباصلي صاروخ 9 بوصة,1.000
فرع السراج,PA30051,قشارة أسلاك كهرباء,5.000
فرع السراج,PA30055,رزة باب حديد رقم12,10.000
فرع السراج,PA30056,بونتة 6 * 16سم,8.000
فرع السراج,PA30057,متر 5م,8.000
فرع السراج,PA30059,متر 10م,15.000
فرع السراج,PA30061,رزة باب حديد رقم14,10.000
فرع السراج,PA30062,مفك دبل جهتين كهرباء,1.000
فرع السراج,PA30063,مفك سالب,11.000
فرع السراج,PA30064,مفك سالب,8.000
فرع السراج,PA30065,مفك سالب قصير,14.000
فرع السراج,PA30066,مفك سالب قصير كورة,10.000
فرع السراج,PA30084,نظارات حماية,4.000
فرع السراج,PA30085,فيتي 3 * 30مم 200 قطعة,2.000
فرع السراج,PA30089,فيتي نجمة سداسية 4 * 30مم 600 قطعة,1.000
فرع السراج,PA30090,مفك دبل جهتين,28.000
فرع السراج,PA30116,خفاف عتبة,14.000
فرع السراج,PA30117,سكارة باب PVC بيضاء,19.000
فرع السراج,PA30119,رأس قفل بي في سي 9 سم,9.000
فرع السراج,PA30120,رأس قفل  7 سم,3.000
فرع السراج,PA30121,رأس قفل باب خشب 6 سم,7.000
فرع السراج,PA30122,قفل سرانتي يمين + يسار,4.000
فرع السراج,PA30123,قفل سرانتي يمين + يسار,1.000
فرع السراج,PA30124,قفل سرانتي يمين + يسار,5.000
فرع السراج,PA30125,قفل طلقة,6.000
فرع السراج,PA30126,قفل طلقة,6.000
فرع السراج,PA30127,قفل طلقة 100 مم,11.000
فرع السراج,PA30128,قفل طلقة 90 مم,12.000
فرع السراج,PA30129,قفل طلقة 80 مم,12.000
فرع السراج,PA30134,قفل طلقة 90 مم,5.000
فرع السراج,PA30135,قفل طلقة 80 مم,6.000
فرع السراج,PA30136,قفل طلقة 90 مم,6.000
فرع السراج,PA30137,قفل طلقة 90 مم,5.000
فرع السراج,PA30138,مكنسة 60 سم,3.000
فرع السراج,PA30139,عصاة مكنسة,1.000
فرع السراج,PA30141,سلوم 5 درجات,2.000
فرع السراج,PA30142,سلوم 6 درجات,1.000
فرع السراج,PA30143,سلوم 4 درجات 4 متر,1.000
فرع السراج,PA30144,سلوم 5 درجات 4.5 متر,2.000
فرع السراج,PA30145,سلوم 6 درجات 5 متر,1.000
فرع السراج,PA30146,ڨلوني 20 لتر,11.000
فرع السراج,PA30153,مكنسة 60 سم,2.000
فرع السراج,PA30161,خباشة,4.000
فرع السراج,PA30162,سطل بناء,8.000
فرع السراج,PA30164,سطل بناء,12.000
فرع السراج,PA30167,مسحة,5.000
فرع السراج,PA30168,مسحة,5.000
فرع السراج,PA30178,سكارة باب PVC خشبي,20.000
فرع السراج,PA30195,طوبو رش 3/4 20 متر,5.000
فرع السراج,PA30196,منفاخ هواء كهربائي 500 وات,4.000
فرع السراج,PA30198,منفاخ هواء كهربائي 600 وات,1.000
فرع السراج,PA30207,"كلاب  7"" 175 مم",12.000
فرع السراج,PA30208,عدة جيدور 24 قطعة,2.000
فرع السراج,PA30209,عدة جيدور 24 قطعة,2.000
فرع السراج,PA30211,"مقص حديد 36"" 910 مم",2.000
فرع السراج,PA30212,"مقص حديد 30"" 750 مم",3.000
فرع السراج,PA30213,"مقص حديد 18"" 450 مم",3.000
فرع السراج,PA30214,كلاب 180 مم,12.000
فرع السراج,PA30223,فرشاة حديد,5.000
فرع السراج,PA30224,فرشاة حديد,7.000
فرع السراج,PA30232,ڨنبالي,11.000
فرع السراج,PA30233,دليل باب سحاب,12.000
فرع السراج,PA30234,دليل باب سحاب,6.000
فرع السراج,PA30235,تسيلي حديد 8 مم,48.000
فرع السراج,PA30236,تسيلي حديد 10 مم,29.000
فرع السراج,PA30243,منشار شجر,3.000
فرع السراج,PA30244,مكنسة 40 سم,5.000
فرع السراج,PA30246,طراحة حديد 40 سم,2.000
فرع السراج,PA30247,ميزان ألمنيوم 40 سم,3.000
فرع السراج,PA30248,ميزان ألمنيوم 50 سم,2.000
فرع السراج,PA30249,ميزان 30 سم,4.000
فرع السراج,PA30250,ميزان 40 سم,8.000
فرع السراج,PA30251,ميزان 50 سم,8.000
فرع السراج,PA30252,ميزان 60 سم,7.000
فرع السراج,PA30253,ميزان خيط 500 غرام,2.000
فرع السراج,PA30267,مفتاح إنجليزي رقم 10,1.000
فرع السراج,PA30313,"اسطافة 1.5"" (2 قطع)",192.000
فرع السراج,PA30324,ڨوانطي,16.000
فرع السراج,PA30329,منشار شجر,2.000
فرع السراج,PA30330,منشار شجر,6.000
فرع السراج,PA30331,منشار شجر,9.000
فرع السراج,PA30339,ماكينة سلكون,18.000
فرع السراج,PA30343,سخانة يدوية 1500 وات,1.000
فرع السراج,PA30346,مفتاح إنجليزي رقم 12,2.000
فرع السراج,PA30347,مفتاح إنجليزي رقم 8,4.000
فرع السراج,PA30348,مفتاح إنجليزي رقم 24,4.000
فرع السراج,PA30349,مفتاح إنجليزي رقم 48,2.000
فرع السراج,PA30350,مفتاح تي بالمقبض رقم 8,9.000
فرع السراج,PA30351,مفتاح تي بالمقبض رقم 10,8.000
فرع السراج,PA30352,مفتاح تي بالمقبض رقم 12,8.000
فرع السراج,PA30353,مفتاح تي بالمقبض رقم 13,9.000
فرع السراج,PA30355,منشار حديد مقفل 12'' 300 مم,6.000
فرع السراج,PA30364,متر 3م,5.000
فرع السراج,PA30365,كاوية لحام,6.000
فرع السراج,PA30366,كاوية لحام,4.000
فرع السراج,PA30367,قرص الصنفرة 5 قطع,6.000
فرع السراج,PA30368,مكارة رفع رقم 18,5.000
فرع السراج,PA30369,فرطاسة,2.000
فرع السراج,PA30372,فرطاسة,5.000
فرع السراج,PA30373,حاملة إسمنت,5.000
فرع السراج,PA30374,كستولة,3.000
فرع السراج,PA30375,كستولة,5.000
فرع السراج,PA30377,كستولة,10.000
فرع السراج,PA30378,غربال,6.000
فرع السراج,PA30379,مقص العشب,6.000
فرع السراج,PA30380,منقار,5.000
فرع السراج,PA30381,منقار,1.000
فرع السراج,PA30382,منقار,6.000
فرع السراج,PA30383,كستولة,2.000
فرع السراج,PA30387,ديسكو خشب 4.5'' 115 مم,1.000
فرع السراج,PA30389,قفل شنطة 40 مم,3.000
فرع السراج,PA30390,قفل شنطة 70 مم,2.000
فرع السراج,PA30391,موس منشار وجهين 30 سم,46.000
فرع السراج,PA30392,موس منشار 30 سم,97.000
فرع السراج,PA30393,قفل شنطة نحاس 32 مم,8.000
فرع السراج,PA30394,قفل شنطة نحاس 25 مم,12.000
فرع السراج,PA30395,قفل شنطة نحاس 50 مم,10.000
فرع السراج,PA30396,قفل شنطة نحاس 63 مم,9.000
فرع السراج,PA30397,عصاة بالة,2.000
فرع السراج,PA30398,قفل نجمة 38 مم,6.000
فرع السراج,PA30399,زاوية كرسي 20 * 37 * 1 مم (4 قطع),10.000
فرع السراج,PA30404,"فرشة صاروخ نحاس  4"" 100 مم",3.000
فرع السراج,PA30405,"فرشة صاروخ نحاس  5"" 125 مم",5.000
فرع السراج,PA30406,"فرشة صاروخ مفتولة  4"" 100 مم",8.000
فرع السراج,PA30407,"فرشة صاروخ مفتولة  3"" 75 مم",9.000
فرع السراج,PA30408,عجلة باب سحاب  رقم 100,2.000
فرع السراج,PA30409,عجلة باب سحاب  رقم 120,4.000
فرع السراج,PA30410,عجلة باب سحاب  رقم 80,4.000
فرع السراج,PA30411,عجلة باب سحاب  رقم 100,4.000
فرع السراج,PA30414,رأس غاز بلاستك,6.000
فرع السراج,PA30415,فيتي 3.5 * 30 (1كيلوا),5.000
فرع السراج,PA30416,فيتي 3.5 * 40 (1كيلوا),4.000
فرع السراج,PA30417,سرية بونتة خشب,4.000
فرع السراج,PA30418,عصاة مسحة,10.000
فرع السراج,PA30419,عصاة بالة,6.000
فرع السراج,PA30420,حبل نشر 2.5 مم 10 متر,9.000
فرع السراج,PA30421,حبل نشر 5 مم 10 متر,1.000
فرع السراج,PA30422,حبل 8 مم 10 متر,1.000
فرع السراج,PA30423,حبل نشر,23.000
فرع السراج,PA30424,متر 5م,4.000
فرع السراج,PA30425,نايلو تغليف,4.000
فرع السراج,PA30428,ڨوانطي,8.000
فرع السراج,PA30429,ڨوانطي,14.000
فرع السراج,PA30430,ڨوانطي,4.000
فرع السراج,PA30431,ڨوانطي,10.000
فرع السراج,PA30432,ڨوانطي,10.000
فرع السراج,PA30433,ڨوانطي,15.000
فرع السراج,PA30435,ڨوانطي,12.000
فرع السراج,PA30436,مسحة,6.000
فرع السراج,PA30437,خيط تعليم,4.000
فرع السراج,PA30440,قصدير لحام 30 غ,6.000
فرع السراج,PA30443,متر 50 رولينة حديد,4.000
فرع السراج,PA30444,متر 100 رولينة قماش,4.000
فرع السراج,PA30445,سلكون حراري,3.000
فرع السراج,PA30446,سلكون حراري,48.000
فرع السراج,PA30447,خيط لينسة,9.000
فرع السراج,PA30448,خيط لينسة,7.000
فرع السراج,PA30449,خيط أحذية 120 غ,8.000
فرع السراج,PA30450,خيط أحذية 200 غ,2.000
فرع السراج,PA30451,شنطة مسمار,3.000
فرع السراج,PA30452,ڨوانطي محبب,4.000
فرع السراج,PA30453,مفتاح فرنسي رقم 8,2.000
فرع السراج,PA30454,مفتاح فرنسي رقم 10,3.000
فرع السراج,PA30455,مفتاح فرنسي رقم 12,3.000
فرع السراج,PA30456,ليفة مسمار 70 سم,3.000
فرع السراج,PA30457,ليفة مسمار 80 سم,1.000
فرع السراج,PA30458,ليفة مسمار 60 سم,3.000
فرع السراج,PA30459,ليفة مسمار 50 سم,2.000
فرع السراج,PA30460,رأس سخانة بدون ترمستاتة,5.000
فرع السراج,PA30461,رأس سخانة بدون ترمستاتة,4.000
فرع السراج,PA30463,ترمستاتة,15.000
فرع السراج,PA30464,عدة رقعة,5.000
فرع السراج,PA30466,بونتة جبس (16 قطع),2.000
فرع السراج,PA30469,فرشاة حديد رأس سكينة,7.000
فرع السراج,PA30474,دباسة يدوية,6.000
فرع السراج,PA30475,مقص حدائق,6.000
فرع السراج,PA30478,بينسة رقم 7,3.000
فرع السراج,PA30481,بينسة رقم 7,-2.000
فرع السراج,PA30486,قطاعة 250 مم رقم 10,4.000
فرع السراج,PA30487,مفتاح زڨنالي مشرشر (9 قطع),1.000
فرع السراج,PA30488,مفتاح زڨنالي (9 قطع),6.000
فرع السراج,PA30489,مفتاح زڨنالي (9 قطع),12.000
فرع السراج,PA30490,ماكينة برشام,18.000
فرع السراج,PA30491,مسدس سلكون حراري,2.000
فرع السراج,PA30493,بونتة 6 * 110 مم,8.000
فرع السراج,PA30494,بونتة 8 * 110 مم,8.000
فرع السراج,PA30495,بونتة 10 * 160 مم,23.000
فرع السراج,PA30496,بونتة 12 * 160 مم,23.000
فرع السراج,PA30497,بونتة 8 * 450 مم,12.000
فرع السراج,PA30499,بونتة 16 * 450 مم,12.000
فرع السراج,PA30500,بونتة 18 * 450 مم,2.000
فرع السراج,PA30501,بونتة 20 * 450 مم,11.000
فرع السراج,PA30502,بونتة 22 * 450 مم,3.000
فرع السراج,PA30503,بونتة منقار 14 * 250 مم,1.000
فرع السراج,PA30504,بونتة مكيف طاسة كاملة,5.000
فرع السراج,PA30505,بونتة منقار أفطس,3.000
فرع السراج,PA30510,قفل باب رئيسي,6.000
فرع السراج,PA30514,رنديلة (50 غ),116.000
فرع السراج,PA30521,ترودي 3.25 * 350 مم (1ممØ),3.000
فرع السراج,PA30522,ترودي 2.5 * 350 مم (1ممØ),4.000
فرع السراج,PA30523,ترودي 3.25 * 350 مم (1ممØ),8.000
فرع السراج,PA30524,موس منشار 12'' 300 مم (10 قطع),5.000
فرع السراج,PA30525,موس منشار 12'' 300 مم (3 قطع),4.000
فرع السراج,PA30527,فلوكة سخانة,5.000
فرع السراج,PA30528,مقص 250 مم,6.000
فرع السراج,PA30530,قطن 250 غ,6.000
فرع السراج,PA30531,سلاح ماكينة,7.000
فرع السراج,PA30532,موس مرش,-1.000
فرع السراج,PA30533,مفتاح لوندينو 275 مم 11''  18'',6.000
فرع السراج,PA30534,مفتاح لوندينو,6.000
فرع السراج,PA30535,بينسة فاصل سراميك,12.000
فرع السراج,PA30537,"اسطافة 3/4"" (2 قطع)",285.000
فرع السراج,PA30538,"اسطافة 1"" (2 قطع)",-6.000
فرع السراج,PA30539,"اسطافة 3"" (2 قطع)",75.000
فرع السراج,PA30540,"اسطافة 4"" (2 قطع)",86.000
فرع السراج,PA30542,مسمارخشب رقم 6 (100غ),607.000
فرع السراج,PA30547,برشام 4  * 12,47.000
فرع السراج,PA30548,برشام 4.8  * 12,-2.000
فرع السراج,PA30549,فيتي لاميرة 4.2 * 13 (100غ),3.000
فرع السراج,PA30550,فيتي لاميرة 4.2 * 25 (100غ),17.000
فرع السراج,PA30551,فيتي لاميرة 4.2 * 19 (100غ),22.000
فرع السراج,PA30552,فيتي لاميرة 4.2 * 32 (100غ),10.000
فرع السراج,PA30553,فيتي 3.5 * 20 (100غ),21.000
فرع السراج,PA30554,فيتي 3.5 * 25 (100غ),15.000
فرع السراج,PA30555,فيتي 3.5 * 30 (100غ),17.000
فرع السراج,PA30556,فيتي 3.5 * 35 (100غ),6.000
فرع السراج,PA30557,فيتي 3.5 * 40 (100غ),-5.000
فرع السراج,PA30558,فيتي بالخبور 8 مم (50 قطعة),1.000
فرع السراج,PA30560,فيتي بالخبور 10 مم (50 قطعة),3.000
فرع السراج,PA30562,خبور 10 مم,1.000
فرع السراج,PA30563,خبور 12 مم,2.000
فرع السراج,PA30564,فيتي بالخبور 10مم (50 قطعة),3.000
فرع السراج,PA30565,فيتي بالخبور 6مم (100 قطعة),3.000
فرع السراج,PA30566,زاوية كرسي 30 * 15 * 1.5 مم (4 قطع),20.000
فرع السراج,PA30567,زاوية كرسي 25 * 15 * 1.5 مم (4 قطع),125.000
فرع السراج,PA30568,دادو بالخبور 10مم,105.000
فرع السراج,PA30569,دادو بالخبور 12مم,280.000
فرع السراج,PA30570,دادو بالخبور 14مم,147.000
فرع السراج,PA30571,دادو بالخبوركامل مكيف (34 قطعة),6.000
فرع السراج,PA30572,فيتي 10*80 (4 قطع),38.000
فرع السراج,PA30573,فيتي 10*100 (4 قطع),48.000
فرع السراج,PA30582,مسمار حلقة مفتوح رقم 10 (2 قطع),29.000
فرع السراج,PA30583,مسمار حلقة مفتوح رقم 14 (2 قطع),50.000
فرع السراج,PA30584,مسمار حلقة مفتوح رقم 18 (2 قطع),32.000
فرع السراج,PA30586,سبتة التبجاني,10.000
فرع السراج,PA30587,سلسلة ترية (1 متر),26.000
فرع السراج,PA30588,سلسلة ترية (75 سم),20.000
فرع السراج,PA30589,سلسلة ترية (75 سم),12.000
فرع السراج,PA30601,ميزان خيط 500 غرام,8.000
فرع السراج,PA30602,ميزان خيط 500 غرام,1.000
فرع السراج,PA30603,بالة 1.2 متر,1.000
فرع السراج,PA30604,رزة إصلاح,12.000
فرع السراج,PA30605,رزة إصلاح,19.000
فرع السراج,PA30606,ليفة تنضيف ألمنيوم,-11.000
فرع السراج,PA30607,حبل رقم 14,41.000
فرع السراج,PA30608,حبل رقم 12,193.000
فرع السراج,PA30609,سلسلة رقم 10 (1متر),3.000
فرع السراج,PA30610,سلسلة رقم 12 (1متر),2.000
فرع السراج,PA30611,سلسلة رقم 8 (1متر),2.000
فرع السراج,PA30612,سلسلة رقم 4 (1متر),42.000
فرع السراج,PA30613,تل ربط مجلفن (2 كغ),19.000
فرع السراج,PA30614,تل رخام 2 مم (1كغ),-1.000
فرع السراج,PA30615,قفل باب سحاب 40 مم,4.000
فرع السراج,PA30616,قفل باب سحاب 30 مم,4.000
فرع السراج,PA30617,قفل درج 32 مم,12.000
فرع السراج,PA30618,قفل درج 22 مم,4.000
فرع السراج,PA30735,وصلة جيدور 3قطع في كرت اصفر,2.000
فرع السراج,PA30736,لقمة جيدور كروم رقم 10,9.000
فرع السراج,PA30737,لقمة جيدور كروم رقم 11,10.000
فرع السراج,PA30738,لقمة جيدور كروم رقم 12,8.000
فرع السراج,PA30739,لقمة جيدور كروم رقم 13,10.000
فرع السراج,PA30740,لقمة جيدور كروم رقم 17,6.000
فرع السراج,PA30741,لقمة جيدور كروم رقم 8,10.000
فرع السراج,PA30758,مفك موجب,2.000
فرع السراج,PA30835,يد جيدور متحركة ممتازه كريكيتوا,2.000
فرع السراج,PA30844,ماكينة سلكون,19.000
فرع السراج,PA30854,ماكينة سلكون ثقيلة,20.000
فرع السراج,PA30935,متر 7.5م,1.000
فرع السراج,PA3096,مسمارحرف L6,492.000
فرع السراج,PA32453,بونتة 8 * 160 مم,12.000
فرع السراج,PA33118,محقن بلاستك 13سم,5.000
فرع السراج,PA3370,مسمارخشب رقم 6 (2 كغ),25.000
فرع السراج,PA3542,مسمارخرسانة رقم 2 (100غ),120.000
فرع السراج,PA3543,مسمارخرسانة رقم 1 (150غ),46.000
فرع السراج,PA3544,مسمارخرسانة رقم 2.5 (100غ),33.000
فرع السراج,PA35446,فيتي بالخبور 8 مم (50 قطعة),3.000
فرع السراج,PA36446,فيتي بالخبور10مم (50 قطعة),2.000
فرع السراج,PD20041,حاجز دوش 8 مم  مظلم80  سم,2.000
فرع السراج,PD20042,حاجز دوش 8 مم  مظلم 90  سم,4.000
فرع السراج,PD20043,حاجز دوش 8 مم  مظلم 100  سم,5.000
فرع السراج,PD20044,حاجز دوش 8 مم  مظلم 120  سم,3.000
فرع السراج,PD20122,حاجز دوش 8 مم  مضبب190*100  سم,-3.000
فرع السراج,PD20124,حاجز دوش 8 مم  مضبب80  سم,-2.000
فرع السراج,PD20125,حاجز دوش 8 مم  مضبب90  سم,2.000
فرع السراج,PD20288,حاجز دوش 8 مم بالعلاقة المناشف100 سم,2.000
فرع السراج,PD20289,حاجز دوش 8 مم بالعلاقة المناشف80 سم,1.000
فرع السراج,PD20290,حاجز دوش 8 مم بالعلاقة المناشف90سم,1.000
فرع السراج,PD20434,حاجز دوش 10 مم اطار كروم مضبب 80 سم,-1.000
فرع السراج,PD20440,حاجز دوش 10 مم اطار كروم 90 سم,1.000
فرع السراج,PD20441,حاجز 8 مم اطار ذهبي 100 سم,1.000
فرع السراج,PD20442,حاجز دوش 10مم اطار كروم منقط 90 سم,4.000
فرع السراج,PD20456,حاجز دوش 8 مم  مخطط 80*190  سم أسود,4.000
فرع السراج,PD20786,حاجز دوش 10مم اطار كروم مضبب 90 سم,1.000
فرع السراج,PD20887,حاجز 8 مم اطار ذهبي 80  سم,1.000
فرع السراج,PD20888,حاجز دوش 80* 190 سم8 مم أسود,1.000
فرع السراج,PD20889,حاجز دوش 100 * 190 سم 8مم  أسود,1.000
فرع السراج,PD20917,حاجز دوش 100 * 190 سم 8مم اطار أسود مخطط,1.000
فرع السراج,PE30010,استوك سيارات حديد  1.9 كغ,2.000
فرع السراج,PE30011,استوك سيارات فايبر  1.9 كغ,3.000
فرع السراج,PE30014,زمالطو ضد الصدأ 3 كغ أبيض مطفي,8.000
فرع السراج,PE30015,زمالطو ضد الصدأ 4 كغ أَحْمَر,4.000
فرع السراج,PE30017,زمالطو ضد الصدأ 3 كغ  رصاصي,4.000
فرع السراج,PE30018,زمالطو  3 كغ أزرق سماوي,8.000
فرع السراج,PE30020,زمالطو  2.5 كغ أصفر لامع,4.000
فرع السراج,PE30021,زمالطو  3 كغ أبيض لامع,7.000
فرع السراج,PE30022,زمالطو  2.5 كغ أسود لامع,5.000
فرع السراج,PE30023,زمالطو 2.5 كغ أَحْمَر لامع,8.000
فرع السراج,PE30024,زمالطو  2.5 كغ بُنِي,6.000
فرع السراج,PE30025,زمالطو  2.5 كغ رصاصي لامع,5.000
فرع السراج,PE30027,طلاء مائي داخلي 20 كغ أبيض,21.000
فرع السراج,PE30028,طلاء مائي داخلي 5 كغ أبيض,16.000
فرع السراج,PE30029,طلاء  أكريليكي عازل رطوبة داخل خارج  10 كغ أبيض,6.000
فرع السراج,PE30030,دهان مطاطي عازل أكريليكي  كغ13 أبيض,4.000
فرع السراج,PE30031,دهان عازل أكريليكي  كغ3.5 أبيض,8.000
فرع السراج,PE30032,استوك 20 كغ,35.000
فرع السراج,PE30033,استوك 10 كغ,11.000
فرع السراج,PE30034,استوك 4 كغ,4.000
فرع السراج,PE30035,استوك 1 كغ,24.000
فرع السراج,PE30036,استوك 18 كغ,82.000
فرع السراج,PE30037,طلاء مائي داخلي 18 كغ أبيض مطفي,3.000
فرع السراج,PE30038,طلاء مائي عازل للرطوبة 5 كغ,1.000
فرع السراج,PE30040,طلاء مائي مطفي  18 كغ,17.000
فرع السراج,PE30042,طلاء عاز ل مطاطي  15 كغ,11.000
فرع السراج,PE30043,طلاء زيتي 700 غ أَحْمَر لامع,3.000
فرع السراج,PE30044,طلاء زيتي 700 غ أصفر لامع,5.000
فرع السراج,PE30045,طلاء زيتي 700 غ رصاصي لامع,3.000
فرع السراج,PE30046,طلاء زيتي 700 غ بني لامع,9.000
فرع السراج,PE30047,طلاء زيتي 700 غ أسود لامع,5.000
فرع السراج,PE30048,طلاء زيتي 700 غ أزرق داكن,4.000
فرع السراج,PE30049,طلاء زيتي 700 غ بُرْتُقَالِيّ,9.000
فرع السراج,PE30050,طلاء زيتي 700 غ كريمي,7.000
فرع السراج,PE30051,طلاء زيتي 850 غ أبيض لامع,9.000
فرع السراج,PE30052,طلاء زيتي ضد الصدأ 850 غ أَحْمَر لامع,8.000
فرع السراج,PE30053,طلاء زيتي ضد الصدأ 850 غ رصاصي,6.000
فرع السراج,PE30054,طلاء زيتي 850 غ فضي,9.000
فرع السراج,PE30055,طلاء زيتي 850 غ نحاسي,9.000
فرع السراج,PE30056,طلاء زيتي لماع داخلي و خارجي 100 غ بني,21.000
فرع السراج,PE30057,طلاء زيتي لماع داخلي و خارجي 100 غ رمادي فاتح,23.000
فرع السراج,PE30058,طلاء زيتي لماع داخلي و خارجي 100 غ أبيض,18.000
فرع السراج,PE30059,طلاء زيتي لماع داخلي و خارجي 100 غ أزرق داكن,23.000
فرع السراج,PE30060,طلاء زيتي لماع داخلي و خارجي 100 غ أَحْمَر,20.000
فرع السراج,PE30061,طلاء زيتي لماع داخلي و خارجي 100 غ أَخْضَرُ,24.000
فرع السراج,PE30062,طلاء زيتي لماع داخلي و خارجي 100 غ أزرق فاتح,24.000
فرع السراج,PE30063,طلاء بخاخ داخلي و خارجي أبيض,1.000
فرع السراج,PE30064,طلاء بخاخ داخلي و خارجي كروم لامع,8.000
فرع السراج,PE30065,طلاء بخاخ داخلي و خارجي أصفر لامع,2.000
فرع السراج,PE30066,طلاء بخاخ داخلي و خارجي أسود مطفي,13.000
فرع السراج,PE30067,طلاء بخاخ داخلي و خارجي أسود لامع,7.000
فرع السراج,PE30068,طلاء بخاخ داخلي و خارجي أصفر,26.000
فرع السراج,PE30069,طلاء بخاخ داخلي و خارجي 300 مل رَمَادِي,9.000
فرع السراج,PE30070,طلاء بخاخ داخلي و خارجي بُنِيّ,15.000
فرع السراج,PE30077,بونتة ترابنو (1 قطع),94.000
فرع السراج,PE30079,بونتة ترابنو,2.000
فرع السراج,PE30087,دلونتي 1لتر,14.000
فرع السراج,PE30089,دلونتي 1لتر,19.000
فرع السراج,PE30091,ورق سنفرة قماش رقم 80 (1 متر),52.000
فرع السراج,PE30092,ورق سنفرة قماش رقم 400,29.000
فرع السراج,PE30093,ورق سنفرة قماش رقم 120,36.000
فرع السراج,PE30094,ورق سنفرة قماش رقم 180,-7.000
فرع السراج,PE30095,ورق سنفرة قماش رقم 60,75.000
فرع السراج,PE30097,"ملعقة 7"" 18سم",3.000
فرع السراج,PE30098,ملعقة 18سم,11.000
فرع السراج,PE30099,ملعقة 18سم,10.000
فرع السراج,PE30100,ملعقة 20سم,11.000
فرع السراج,PE30101,ملعقة 20سم,11.000
فرع السراج,PE30102,ملعقة 20سم,8.000
فرع السراج,PE30103,صندوق عدة حديد 53 سم,3.000
فرع السراج,PE30104,صندوق عدة حديد 43 سم,2.000
فرع السراج,PE30106,"صندوق عدة بلاستك 14"" 37*19.5*18سم",1.000
فرع السراج,PE30107,"صندوق عدة بلاستك 17"" 42*22*19.5سم",1.000
فرع السراج,PE30108,"صندوق عدة بلاستك 19"" 47*24.5*21.5سم",1.000
فرع السراج,PE30110,ماصة 1.5 كغ,1.000
فرع السراج,PE30112,ماصة 1 كغ,7.000
فرع السراج,PE30113,ملعقة رقم 20,1.000
فرع السراج,PE30114,"منشار خشب 16"" 400 مم",6.000
فرع السراج,PE30115,"منشار خشب 18"" 450 مم",4.000
فرع السراج,PE30116,"منشار خشب 16"" 400 مم",5.000
فرع السراج,PE30117,مقص عنب,12.000
فرع السراج,PE30118,"منشار حديد 12""",4.000
فرع السراج,PE30119,ترابنو1500 وات,2.000
فرع السراج,PE30120,ترابنو850 وات,1.000
فرع السراج,PE30121,"صاروخ 4.5"" 600 وات",1.000
فرع السراج,PE30122,"صاروخ 9"" 2200 وات",1.000
فرع السراج,PE30124,كولة 118 مل,6.000
فرع السراج,PE30125,رولة طلاء 25 سم ديكور,33.000
فرع السراج,PE30127,بونتة صاروخ طاسة,3.000
فرع السراج,PE30130,قادومة 500 غ,8.000
فرع السراج,PE30131,قادومة 300 غ,8.000
فرع السراج,PE30132,قادومة 200 غ,11.000
فرع السراج,PE30133,قادومة 100 غ,12.000
فرع السراج,PE30135,ترابنو شحن دبل بترية 21فولت,1.000
فرع السراج,PE30150,لصقة دبل فيس 3 سم,5.000
فرع السراج,PE30152,عصاة مطرقة,10.000
فرع السراج,PE30157,منجل,2.000
فرع السراج,PE30158,منجل,10.000
فرع السراج,PE30159,محشة,-2.000
فرع السراج,PE30160,محشة,17.000
فرع السراج,PE30169,"فرشة طلاء 1"" 25.4 مم",5.000
فرع السراج,PE30170,"فرشة طلاء 1.5"" 38.1 مم",5.000
فرع السراج,PE30174,"فرشة طلاء 6"" 152.4 مم",6.000
فرع السراج,PE30177,مزيل صدأ 450 مل,3.000
فرع السراج,PE30178,مزيل صدأ 200 مل,2.000
فرع السراج,PE30179,مزيل صدأ 400 مل,12.000
فرع السراج,PE30180,لصقة كرتون 200,6.000
فرع السراج,PE30181,لصقة كرتون 100,32.000
فرع السراج,PE30182,رولة طلاء 20 سم / 10,2.000
فرع السراج,PE30183,"فرشة طلاء 5"" 127 مم",4.000
فرع السراج,PE30184,"فرشة طلاء2.5"" 63.5 مم",2.000
فرع السراج,PE30185,لصقة قف 100 م,33.000
فرع السراج,PE30186,لصقة مع مجفف 100 مل,15.000
فرع السراج,PE30187,لصقة مع مجفف 200 مل,17.000
فرع السراج,PE30188,فوم 600 غرام,1.000
فرع السراج,PE30189,فوم 300 غرام,24.000
فرع السراج,PE30190,مزيل صدأ 330 مل,1.000
فرع السراج,PE30191,لصقة سريعة 3 غرام,23.000
فرع السراج,PE30192,لصقة سريعة 3 غرام,34.000
فرع السراج,PE30193,لصقة طلاء 45 مم,228.000
فرع السراج,PE30194,لصقة طلاء 27 مم,3.000
فرع السراج,PE30195,طلاء مائي داخلي 10 كغ أبيض 4% لمعة,8.000
فرع السراج,PE30197,"سكينة تغليف 4""",6.000
فرع السراج,PE30199,"سكينة تغليف 3""",9.000
فرع السراج,PE30200,"سكينة تغليف 5""",10.000
فرع السراج,PE30201,"سكينة تغليف 2""",3.000
فرع السراج,PE30202,"سكينة تغليف يد خشب 5"" 300 مم",7.000
فرع السراج,PE30203,"سكينة تغليف يد خشب 8"" 200 مم",1.000
فرع السراج,PE30204,"سكينة تغليف يد خشب 6"" 150 مم",12.000
فرع السراج,PE30206,"سكينة تغليف 5.5""",6.000
فرع السراج,PE30211,غيار روله صينيه 10سم,-1.000
فرع السراج,PE30214,شفاط ابيض,1.000
فرع السراج,PE30216,شفاط ابيض,2.000
فرع السراج,PE30218,"سكينة تغليف  2.5"" 6.5 سم",4.000
فرع السراج,PE30219,"سكينة تغليف  2"" 5 سم",4.000
فرع السراج,PE30220,"سكينة تغليف  1.5"" 3.8 سم",4.000
فرع السراج,PE30221,"سكينة تغليف  3.5"" 9 سم",5.000
فرع السراج,PE30242,رولة كروسة 10 سم,6.000
فرع السراج,PE30255,كولة 237 مل,14.000
فرع السراج,PE30270,رولة طلاء 10 سم ديكور,20.000
فرع السراج,PE30271,طلاء بخاخ داخلي و خارجي أبيض لامع,3.000
فرع السراج,PE30272,طلاء بخاخ داخلي و خارجي ازرق,5.000
فرع السراج,PE30274,لصقة مع مجفف 300 مل,4.000
فرع السراج,PE30295,دهان عازل خارجي داخلي كغ3.5 أبيض,1.000
فرع السراج,PE30315,استوك 20 كغ,1.000
فرع السراج,PE30321,كولة 473 مل,11.000
فرع السراج,PE30322,كولة 237 مل,18.000
فرع السراج,PE30323,كولة 118 مل,19.000
فرع السراج,PE30324,كولة 118 مل,1.000
فرع السراج,PE30328,طلاء مائي داخلي 18 كغ لاتكس,1.000
فرع السراج,PE30332,رولة كروسة 10 سم مع فرشة,1.000
فرع السراج,PE30335,رولة طلاء,7.000
فرع السراج,PE30336,رولة زمالطو,2.000
فرع السراج,PE30343,مقص عنب,6.000
فرع السراج,PE30344,مقص عنب,6.000
فرع السراج,PE30345,مقص عنب,10.000
فرع السراج,PE30354,مطرقة,4.000
فرع السراج,PE30355,دهان مطاطي عازل أكريليكي  كغ3.5 أبيض,9.000
فرع السراج,PE30369,عصاة مطرقة,5.000
فرع السراج,PE30370,عصاة بالة,1.000
فرع السراج,PE30373,لصقة مع مجفف 200 مل,-3.000
فرع السراج,PE30374,اسمنت ابيض 50كغ,8.000
فرع السراج,PE30375,جبس العز 40كغ,45.000
فرع السراج,PE30376,جبس العز 1كغ,-449.000
فرع السراج,PE30377,اسمنت ابيض 1كغ,-290.000
فرع السراج,PE30398,طلاء عاز ل بلاستيك  13 كغ,16.000
فرع السراج,PE30399,فرشة طلاء ايطالية رقم 50,2.000
فرع السراج,PE30406,ورق سنفرة9 بوصة 6فتحات,106.000
فرع السراج,PE30407,ورق سنفرة9بوصة 8فتحات,50.000
فرع السراج,PE30408,ورق سنفرة 9بوصة 8فتحات,40.000
فرع السراج,PE30411,فرشة ايطالية 15*5,18.000
فرع السراج,PE30412,مقص بي بي ار,6.000
فرع السراج,PE30413,مقص بي بي ار,6.000
فرع السراج,PE30414,مقص بي بي ار,4.000
فرع السراج,PE30415,مقص بي بي ار,4.000
فرع السراج,PE30416,مقص بي بي ار,6.000
فرع السراج,PE30417,عصاة ماصة,10.000
فرع السراج,PE30419,استوك 25 كغ,26.000
فرع السراج,PE30423,شيمة جبس,-1.000
فرع السراج,PE30427,موس فرش 18 مم,48.000
فرع السراج,PE30432,قاعدة ماكينة سنفر6فتحات,10.000
فرع السراج,PE30433,قاعدة ماكينة سنفر صاروخ,9.000
فرع السراج,PE30434,موس فرش قصير معا غيار,10.000
فرع السراج,PE30435,موس فرش,4.000
فرع السراج,PE30436,"سكينة تغليف يد بلاستك 10""",10.000
فرع السراج,PE30439,ماكينة  لحام بي بي ار,1.000
فرع السراج,PE30442,ورق سنفرة قماش رقم 150,13.000
فرع السراج,PE30446,صندوق عدة بلاستك رقم21,3.000
فرع السراج,PE30447,صندوق عدة بلاستك رقم18,3.000
فرع السراج,PE30448,صندوق عدة بلاستك رقم15,3.000
فرع السراج,PE30449,صندوق عدة بلاستك رقم13,2.000
فرع السراج,PE30452,غيار روله قطني 10سم,50.000
فرع السراج,PE30453,ورق سنفرة,98.000
فرع السراج,PE30454,ورق سنفرة,92.000
فرع السراج,PE30455,ورق سنفرة,90.000
فرع السراج,PE30456,ورق سنفرة,121.000
فرع السراج,PE30457,طلاء بخاخ داخلي و خارجي رصاصي,10.000
فرع السراج,PE30467,كولة رخام 750 مل كريمة,38.000
فرع السراج,PE30468,كولة رخام 750 مل فازلين شفافة,4.000
فرع السراج,PE30469,ورق سنفرة 9بوصة 8 فتحات,65.000
فرع السراج,PE30470,ورق سنفرة 7بوصة 6فتحات,84.000
فرع السراج,PE30471,ورق سنفرة 9بوصة 6فتحات,199.000
فرع السراج,PE30472,ورق سنفرة 7بوصة 8فتحات,78.000
فرع السراج,PE30473,ورق سنفرة 7بوصة 8فتحات,80.000
فرع السراج,PE30474,شفاط ابيض,4.000
فرع السراج,PE30475,شفاط ابيض,1.000
فرع السراج,PE30477,شفاط ابيض,3.000
فرع السراج,PE30478,شفاط خشبي,3.000
فرع السراج,PE30479,شفاط ابيض,3.000
فرع السراج,PE30481,لصقة مع مجفف 400 مل,2.000
فرع السراج,PE30482,موس فرش,4.000
فرع السراج,PE30483,موس مع 2 منشار,2.000
فرع السراج,PE30485,موس فرش 18 مم بالغيار,1.000
فرع السراج,PE30492,طلاء عاز ل مطاطي  15 كغ اكسترا,6.000
فرع السراج,PE30493,طلاء مائي داخلي 10 كغ أبيض نص لمعة,8.000
فرع السراج,PE30496,طلاء مائي داخلي 18 كغ الكلمنجارو اقتصادي,13.000
فرع السراج,PE30498,فرشة طلاء ايطالية رقم70,2.000
فرع السراج,PE30499,فرشة طلاء ايطالية رقم60,13.000
فرع السراج,PE30503,زمالطو  3 كغ أبيض مطفي,8.000
فرع السراج,PE30526,طلاء زيتي 850 غ أبيض مطفي,9.000
فرع السراج,PE30527,بونتة حديد رقم 4,9.000
فرع السراج,PE30528,بونتة حديد رقم 3,7.000
فرع السراج,PE30529,بونتة حديد رقم 6,9.000
فرع السراج,PE30530,بونتة حديد رقم 8,8.000
فرع السراج,PE30531,بونتة حديد رقم 10,8.000
فرع السراج,PE30532,غيار موس فرش 0.5 مم باكو اسود,36.000
فرع السراج,PE30533,سكينة تغليف8 بلستك,10.000
فرع السراج,PE30535,ورق سنفرة 9بوصة 6فتحات,11.000
فرع السراج,PE30541,لصقة سريعة (2 قطع),7.000
فرع السراج,PE30542,كولة 500 مل,6.000
فرع السراج,PE30544,لصقة دبل فيس 3 سم 5متر,9.000
فرع السراج,PE30545,"سكينة تغليف 3""",12.000
فرع السراج,PE30552,زمالطو زيتي  3 كغ  اسود مطفي,12.000
فرع السراج,PE30584,فوم 600 غرام,26.000
فرع السراج,PE30591,مشمع ثقيل 6 * 7,4.000
فرع السراج,PE30592,مشمع ثقيل 3 * 4,1.000
فرع السراج,PE30789,برايمر كالي 5كجم,4.000
فرع السراج,PE30884,زمالطو ضد الصدأ1كغ أسود,4.000
فرع السراج,PE30895,لصقة مع مجفف 400 مل,1.000
فرع السراج,PE30896,عازل ناري 16 كغ,11.000
فرع السراج,PE30898,ورق تغليف عادي,15.000
فرع السراج,PE30953,رولة طلاء 25 سم / 10,26.000
فرع السراج,PE30985,طلاء مائي داخلي 4 كغ أبيض مطفي,17.000
فرع السراج,PE30989,طلاء مائي داخلي 10 كغ أبيض ربع لمعه,7.000
فرع السراج,PE30994,عازل ناري 4 كغ,7.000
فرع السراج,PE30995,قطرامينة 13ك زيتيه سطل حديد,1.000
فرع السراج,PE30996,قطرامينة 15ك مائية سطل بلاستك,15.000
فرع السراج,PE32118,راس غاز ايطالي,3.000
فرع السراج,PLSA0003,وردة أسود,88.000
فرع السراج,PLSA0092,"مُطوِّل ""1/2 * 25كروم",12.000
فرع السراج,PLSA0093,"مُطوِّل ""1/2 * 15كروم",28.000
فرع السراج,PLSA0101,وردة كروم,16.000
فرع السراج,PLSA0129,"مطول ""1/2 * 25 مم كروم",69.000
فرع السراج,PLSA0130,مطول 1/2*20 مم كروم,15.000
فرع السراج,PLSA0131,"مطول ""1/2* 30 مم كروم",66.000
فرع السراج,PLSA0132,وردة كروم,2.000
فرع السراج,PLSA0168,وردة ذهبي دائري,8.000
فرع السراج,PLSA0231,"مُطوِّل ""1/2 * 20 كروم",6.000
فرع السراج,PLSA0232,"مُطوِّل ""1/2 * 30 كروم",18.000
فرع السراج,PLSA0233,"نبلس ""1/2 * ""3/8 كروم",11.000
فرع السراج,PLSA0234,"نبلس ""1/2 * ""1/2 كروم",37.000
فرع السراج,PLSA0235,"كوربة أنثى ""1/2 كروم",14.000
فرع السراج,PLSA0236,"كوربة ذكر أنثى ""1/2 كروم",10.000
فرع السراج,PLSA0237,وردة كروم1/2,43.000
فرع السراج,PLSA0241,مطول  15 مم كروم,62.000
فرع السراج,PLSA0258,"كوربة ذكر ""1/2 * ""1/2 مع وردة كروم",5.000
فرع السراج,PLSA0259,"طابة ""1/2 مع وردة كروم",12.000
فرع السراج,PLSA0264,وردة أسود,1.000
فرع السراج,PLSA0266,وردة ذهبي,11.000
فرع السراج,PLSA0267,"وصلة أنثى ""1/2 كروم",20.000
فرع السراج,PLSA0268,"مخفض أنثى ""1/2 ""3/8 كروم",16.000
فرع السراج,PLSA0270,وردة كروم,2.000
فرع السراج,PLSA0287,وردة ذهبي,3.000
فرع السراج,PLSA0322,وردة كروم  1/2,2.000
فرع السراج,PLSA0363,وردة كروم,2.000
فرع السراج,PLSA0392,منكوطي املس 3/4,12.000
فرع السراج,PLSA0393,منكوطي املس1,12.000
فرع السراج,PLSA0394,كوربة حديد 3/4,20.000
فرع السراج,PLSA0395,كوربة حديد1,20.000
فرع السراج,PLSA0403,وردة كروم,1.000
فرع السراج,PLSA0404,وردة كروم,7.000
فرع السراج,PLSA0420,"مخفض طاسة ""1/2 ""3/8 كروم",7.000
فرع السراج,PLSA0509,نبلس حديد 3/4,48.000
فرع السراج,PLSA0510,نبلس حديد 1,47.000
فرع السراج,PLSA0523,وردة كروم,-5.000
فرع السراج,PLSA0524,وردة أسود,5.000
فرع السراج,PLSA0549,وردة كروم  1/2,50.000
فرع السراج,PLSA0550,وردة كروم  1/2,42.000
فرع السراج,PLSA0555,مطول 1/2*40 مم كروم,20.000
فرع السراج,PLSA0772,"نبلس ذكر""1/2 * ذكر""3/8 كروم",20.000
فرع السراج,PS20004,علاقة مناشف زوجية ذهبي,1.000
فرع السراج,PS20006,علاقة مناشف كروم,1.000
فرع السراج,PS20007,علاقة ملابس خماسية,6.000
فرع السراج,PS20009,علاقة مناشف كروم,6.000
فرع السراج,PS20015,علاقة ملابس خماسية دوران,7.000
فرع السراج,PS20017,علاقة مناشف مع رفين كروم,2.000
فرع السراج,PS20018,علاقة مناشف كروم,9.000
فرع السراج,PS20027,علاقة ملابس فردي,3.000
فرع السراج,PS20039,علاقة مناشف كروم,7.000
فرع السراج,PS20040,علاقة ملابس سداسية,2.000
فرع السراج,PS20041,علاقة ملابس رباعية,1.000
فرع السراج,PS20046,علاقة مناشف كروم,2.000
فرع السراج,PS20047,علاقة مناشف كروم,2.000
فرع السراج,PS20049,علاقة مناشف كروم,1.000
فرع السراج,PS20080,علاقة ملابس ثلاثية,2.000
فرع السراج,PS20082,علاقة ملابس ثلاثية,5.000
فرع السراج,PS20122,علاقة مناشف كروم معا دفاية,2.000
فرع السراج,PS20134,علاقة مناشف متحركة كروم,2.000
فرع السراج,PS20151,علاقة ملابس خماسية دوران,5.000
فرع السراج,PS20152,علاقة ملابس خماسية دوران,2.000
فرع السراج,PS20153,علاقة ملابس ثلاثية دوران بدون قصبة,5.000
فرع السراج,PS20171,علاقة ملابس زوجية أسود,1.000
فرع السراج,PS20259,علاقة ملابس فردي,1.000
فرع السراج,PS20319,علاقة مناشف كروم,1.000
فرع السراج,PS20411,علاقة ملابس فردي,3.000
فرع السراج,PS20473,علاقة مناشف مع رف كروم,2.000
فرع السراج,PS20474,علاقة مناشف زوجية كروم,1.000
فرع السراج,PS20475,علاقة مناشف زوجية ألمنيوم,2.000
فرع السراج,PS20490,علاقة مناشف زوجية بالعلاقة كروم,2.000
فرع السراج,PS20511,علاقة ملابس رباعية,6.000
فرع السراج,PS20512,علاقة ملابس ثلاثية,6.000
فرع السراج,PS20513,علاقة مناشف أسود,4.000
فرع السراج,PS20515,علاقة مناشف كروم,7.000
فرع السراج,PS20516,علاقة ملابس ثلاثية,5.000
فرع السراج,PS20521,علاقة ملابس زوجية,6.000
فرع السراج,PS20524,علاقة ملابس خماسية,6.000
فرع السراج,PS20531,علاقة مناشف زوجية أسود,1.000
فرع السراج,PS20546,علاقة مناشف كروم,6.000
فرع السراج,PS20549,علاقة مناشف كروم,6.000
فرع السراج,PS20551,علاقة مناشف زوجية بالعلاقة كروم,6.000
فرع السراج,PS20636,علاقة ملابس ثلاثية كروم,10.000
فرع السراج,PS20637,علاقة ملابس ثلاثية أسود,6.000
فرع السراج,PS20665,علاقة مناشف زوجية كروم,3.000
فرع السراج,PS20666,علاقة مناشف زوجية أسود,5.000
فرع السراج,PS20687,علاقة مناشف كبيرة ثلاثية كروم,6.000
فرع السراج,PS20732,علاقة مناشف كبيرة بالرف كروم,3.000
فرع السراج,PS20760,علاقة مناشف,4.000
فرع السراج,PS20761,علاقة ملابس سداسية,4.000
فرع السراج,PS20765,علاقة ملابس ثلاثية دوران بدون قصبة,3.000
فرع السراج,PS20766,علاقة ملابس ثلاثية دوران بدون قصبة,1.000
فرع السراج,PS20820,علاقة مناشف فردية كروم,1.000
فرع السراج,PSB10823,دولاب حمام حوض مع مرايا لد -90 سم,3.000
فرع السراج,PSB10824,دولاب حمام حوض مع مرايا لد -90 سم,1.000
فرع السراج,PSB10825,دولاب حمام حوض مع مرايا لد -90 سم,2.000
فرع السراج,PSB10826,حوض وجه مع دولاب حمام مع مراية مضيئة -80 سم,2.000
فرع السراج,RA20001,"كوع 25"" لحام",12.000
فرع السراج,RA20002,"كوع 25"" - 45 لحام",66.000
فرع السراج,RA20003,"كوع 32"" - 45 لحام",272.000
فرع السراج,RA20004,"كوع 32 - 1"" سن خارجي",60.000
فرع السراج,RA20005,"كوع 32 - 1"" سن داخلي",51.000
فرع السراج,RA20006,"كوع 32 - 3/4"" سن داخلي",95.000
فرع السراج,RA20007,"كوع 32"" لحام",10.000
فرع السراج,RA20008,"كوع 25* 1/2"" سن داخلي",108.000
فرع السراج,RA20009,"كوع 25 *  1/2"" سن خارجي",62.000
فرع السراج,RA20010,"كوع 25* 3/4"" سن داخلي",45.000
فرع السراج,RA20011,"كوع 25 *  3/4"" سن خارجي",48.000
فرع السراج,RA20012,"وصلة 32"" لحام",195.000
فرع السراج,RA20013,"وصلة 25"" لحام",447.000
فرع السراج,RA20014,"وصلة 25* 1/2"" سن داخلي",151.000
فرع السراج,RA20015,"وصلة 25* 1/2"" سن خارجي",122.000
فرع السراج,RA20016,"وصلة 25* 3/4"" سن داخلي",100.000
فرع السراج,RA20017,"وصلة 25* 3/4"" سن خارجي",80.000
فرع السراج,RA20018,"وصلة 32* 1"" سن خارجي",36.000
فرع السراج,RA20019,"وصلة 32* 1"" سن داخلي",52.000
فرع السراج,RA20020,"مثلث 32"" لحام",54.000
فرع السراج,RA20021,"مثلث 32* 1"" سن داخلي",49.000
فرع السراج,RA20022,"مثلث 32* 3/4"" سن داخلي",118.000
فرع السراج,RA20023,"مثلث 25"" لحام",33.000
فرع السراج,RA20024,"مثلث 25* 1/2"" سن داخلي",136.000
فرع السراج,RA20025,"مثلث 25* 3/4"" سن داخلي",50.000
فرع السراج,RA20026,كواردة 32 سن خارجي,14.000
فرع السراج,RA20027,كواردة 32 سن داخلي,43.000
فرع السراج,RA20028,كواردة 32 لحام FIRAT,20.000
فرع السراج,RA20029,كواردة 25 لحام FIRAT,50.000
فرع السراج,RA20030,كواردة 25 سن خارجي,30.000
فرع السراج,RA20031,كواردة 25 سن داخلي,29.000
فرع السراج,RA20032,"سنيسكا 32"" ليفة",16.000
فرع السراج,RA20033,"سنيسكا 25"" ليفة",21.000
فرع السراج,RA20034,"سنيسكا 25"" كروم",7.000
فرع السراج,RA20035,"سنيسكا 25"" قصيرة طربوش",27.000
فرع السراج,RA20036,مواسير 25'' 4 متر,13.000
فرع السراج,RA20037,مواسير 32'' 4 متر,36.000
فرع السراج,RA20038,"طابة 32"" لحام",496.000
فرع السراج,RA20039,"طابة 25"" لحام",165.000
فرع السراج,RA20040,"مخفض 32""* 25"" لحام",515.000
فرع السراج,RA20041,اسطافة 25'',895.000
فرع السراج,RA20047,طابة تجربة 25 طويله,343.000
فرع السراج,RA20053,"مخفض 4"" * 1.5""",27.000
فرع السراج,RA20060,"كوربة رايحة لسيفون  2""",2.000
فرع السراج,RA20077,"25 * 1/2"" قاعدة خلاط متحركة",38.000
فرع السراج,RA20078,صرباص 25,163.000
فرع السراج,RA20079,"25 * 1/2"" *  10  قاعدة خلاط",47.000
فرع السراج,RA20080,"25 * 1/2"" * 15 قاعدة خلاط ثابتة",46.000
فرع السراج,RA20083,طوبو2''(1) متر,-11.000
فرع السراج,RA20084,طوبو3''(1) متر,-19.000
فرع السراج,RA20085,طوبو4''(1) متر,-25.000
فرع السراج,RA20135,سنيسكا خارجيه دبل كواردة لحام 32,3.000
فرع السراج,RA20212,مخفض خلاط دوش 1/2*3/4,19.000
فرع السراج,RA20275,"فلفلة مولة 3/4"" سن داخلي",12.000
فرع السراج,RA20325,كسكاس ريتي 32غاطس,11.000
فرع السراج,RA20371,مخفض قومه 2,27.000
فرع السراج,RA20394,"سنيسكا 25"" قصيرة طربوش",7.000
فرع السراج,RA20453,"سنيسكا 32"" كروم",10.000
فرع السراج,RA20455,طبوا مكيف 1/2,40.000
فرع السراج,RA20456,طبوا مكيف 3/4,27.000
فرع السراج,RA20468,"سنيسكا 25"" اسود مربع",6.000
فرع السراج,RA20469,"سنيسكا 25"" اسود دائري",5.000
فرع السراج,RA20470,"سنيسكا 25"" ذهبي مربع",5.000
فرع السراج,RA20506,طابة نهاية خط حديد 1/2,1.000
فرع السراج,RA20507,طابة نهاية خط حديد 1,29.000
فرع السراج,RA20508,طابة نهاية خط حديد 3/4,20.000
فرع السراج,RA20511,مثلث حديد سن داخلي 1,22.000
فرع السراج,RA20512,مخفض حديد 3/4 * 1,47.000
فرع السراج,RA20513,مخفض حديد 3/4 * 1/2,49.000
فرع السراج,RA20536,وصلة أتوماتك,12.000
فرع السراج,RA20554,"مخفض قومه 1.5""",10.000
فرع السراج,RA20578,"سنيسكا 25"" ذهبي دائرية",3.000
فرع السراج,RA20582,"مخفض قومه 1.5"" * 1.25",157.000
فرع السراج,RA20596,"فلفلة باب  3/4"" سن داخلي",9.000
فرع السراج,RA20597,"فلفلة باب  1"" سن داخلي",4.000
فرع السراج,RA20598,"فلفلة باب  1/2"" سن داخلي",10.000
فرع السراج,RA20600,"كوربة توماتك 32 - 1"" سن خارجي",10.000
فرع السراج,RA30001,طوبو1'' 6 متر,11.000
فرع السراج,RA30002,طوبو1.5'' 6 متر,12.000
فرع السراج,RA30003,طوبو3'' 6 متر,15.000
فرع السراج,RA30004,طوبو4'' 6 متر,19.000
فرع السراج,RA30005,"كوربة 1"" - 45°",107.000
فرع السراج,RA30006,"مثلث 6"" 87.5°",10.000
فرع السراج,RA30007,"كوربة 6"" 87.5°",8.000
فرع السراج,RA30008,"كوربة 6"" 45.5°",12.000
فرع السراج,RA30009,"كوربة 4"" 87.5°",26.000
فرع السراج,RA30010,"كوربة 4"" 45°",-2.000
فرع السراج,RA30011,"كوربة 3"" 45°",59.000
فرع السراج,RA30012,"كوربة 3"" 87.5°",33.000
فرع السراج,RA30013,"كوربة اس (2 قطع) 4"" 45°",7.000
فرع السراج,RA30014,"كوربة 1"" - 90°",126.000
فرع السراج,RA30015,"كوربة 2"" - 90°",51.000
فرع السراج,RA30016,"كوربة 2"" - 45°",32.000
فرع السراج,RA30017,"كوربة 1.5"" - 90°",23.000
فرع السراج,RA30018,"كوربة 1.5"" - 45°",130.000
فرع السراج,RA30019,"مثلث 1""",117.000
فرع السراج,RA30020,"مثلث 2""",22.000
فرع السراج,RA30021,"مثلث 3""",29.000
فرع السراج,RA30022,"مثلث 4""",31.000
فرع السراج,RA30023,"كوربة باب 4"" 87.5°",23.000
فرع السراج,RA30024,"جرجوري 4"" * 3""",10.000
فرع السراج,RA30025,"جرجوري4""",6.000
فرع السراج,RA30026,"واي 4"" 45°",17.000
فرع السراج,RA30027,"واي 3"" 45°",28.000
فرع السراج,RA30028,"واي 1.5"" 45°",15.000
فرع السراج,RA30029,"واي 2"" 45°",14.000
فرع السراج,RA30030,"واي 1""",57.000
فرع السراج,RA30031,"وصلة 1.5""",81.000
فرع السراج,RA30032,"وصلة 1""",89.000
فرع السراج,RA30033,"وصلة 2""",53.000
فرع السراج,RA30034,"مثلث 1.5"" 90°",47.000
فرع السراج,RA30035,"مثلث باب 4""",15.000
فرع السراج,RA30036,"مخفض 1.5"" * 1""",116.000
فرع السراج,RA30038,"ديسكو حديد تنظيف 7"" 180 مم",10.000
فرع السراج,RA30039,"ديسكو حديد تنظيف 9"" 230 مم",30.000
فرع السراج,RA30040,"ديسكو طرانجة 14"" 350 مم",10.000
فرع السراج,RA30041,"ديسكو خرسانة 9"" 230 مم",5.000
فرع السراج,RA30042,"ديسكو سريع 9"" 230 مم",1.000
فرع السراج,RA30043,"ديسكو تنظيف 4.5"" 115 مم",10.000
فرع السراج,RA30044,"ديسكو تنظيف 4"" 100*6.4*16",10.000
فرع السراج,RA30045,"مجمع 3"" 2"" 1.5"" 2""",37.000
فرع السراج,RA30046,"مجمع 2"" 1.5"" 1.5"" 1.5""",29.000
فرع السراج,RA30047,"مخفض 4"" * 3""",10.000
فرع السراج,RA30048,"مخفض 4"" * 2""",22.000
فرع السراج,RA30049,"مخفض 3"" * 2""",34.000
فرع السراج,RA30050,طوبو رش 3/4 20 متر,3.000
فرع السراج,RA30051,طوبو رش 3/4 10 متر,3.000
فرع السراج,RA30052,طوبو رش 3/4 40 متر,-1.000
فرع السراج,RA30053,طوبو رش 3/4 50 متر,1.000
فرع السراج,RA30054,ميزان ألمنيوم 30 سم,6.000
فرع السراج,RA30055,طوبو2'' 6 متر,24.000
فرع السراج,RA30056,"مخفض 2"" *.5 1""",49.000
فرع السراج,RA30057,"وصلة 3""",31.000
فرع السراج,RA30058,"وصلة 4""",32.000
فرع السراج,RA30059,"طابة تسليك 4""",18.000
فرع السراج,RA30060,"وصلة 1.5""* 1.5"" سن داخلي",25.000
فرع السراج,RA30061,"تحويلة 4""",20.000
فرع السراج,RA30062,"كوربة باب 2"" 90°",14.000
فرع السراج,RA30063,"طابة مجمع 2""",56.000
فرع السراج,RA30064,"طابة نهاية خط 2""",14.000
فرع السراج,RA30065,"طابة نهاية خط 3""",34.000
فرع السراج,RA30066,"طابة نهاية خط 4""",30.000
فرع السراج,RA30067,"طابة مجمع 1.5""",155.000
فرع السراج,RA30068,"مخفض 6"" * 4""",18.000
فرع السراج,RA30069,"كوربة رايحة لسيفون  3""",9.000
فرع السراج,RA30070,"هوَّاية 4""",14.000
فرع السراج,RA30071,قفل كورة,5.000
فرع السراج,RA30080,طوبو1'' (1 متر),4.000
فرع السراج,RA30082,طوبو1.5'' (1 متر),-8.000
فرع السراج,RA30090,ورق سنفرة قماش رقم 220,6.000
فرع السراج,RA30096,كلبس كاو رقم 10,10.000
فرع السراج,RA30155,ديسكو حديد4 بوصه,28.000
فرع السراج,RA30254,رأس غاز ظغط,4.000
فرع السراج,RA30320,رأس غاز ظغط,4.000
فرع السراج,RA30356,ديسكو جرانيت 4.5'' 115 مم,3.000
فرع السراج,RA30357,ديسكو جرانيت 7'' 180 مم,5.000
فرع السراج,RA30358,ديسكو جرانيت 9'' 230 مم,5.000
فرع السراج,RA30360,ديسكو جرانيت 9'' 230 مم,5.000
فرع السراج,RA30368,مقبض باب مع قفل 85 مم,2.000
فرع السراج,RA30384,ديسكو جرانيت 4.5'' 115 مم,1.000
فرع السراج,RA30385,ديسكو جرانيت 7'' 180 مم,6.000
فرع السراج,RA30388,ديسكو خشب 7'' 180 مم,3.000
فرع السراج,RA30389,ديسكو جرانيت 7'' 180 مم,5.000
فرع السراج,RA30390,ديسكو جرانيت 9'' 230 مم,6.000
فرع السراج,RA30421,ديسكو خشب 4.5'' 110 مم,19.000
فرع السراج,RA30441,ديسكو ليزري 9'' 230 مم,2.000
فرع السراج,RA30442,ديسكو ليزري 7'' 1800 مم,2.000
فرع السراج,RA30443,ديسكو ليزري 7'' 1800 مم,2.000
فرع السراج,RA30444,ديسكو ليزري 9'' 230 مم,2.000
فرع السراج,RA30451,"ديسكو حديد 9"" 230 مم",25.000
فرع السراج,RA30535,ديسكو سريع4.5 بوصة حديد,28.000
فرع السراج,RA30546,قفل باب رئيسي,3.000
فرع السراج,RA30619,مقبض باب مع قفل 85 مم,3.000
فرع السراج,RA35441,ديسكو جرانيت 4.5'' 115 مم,14.000
فرع السراج,RD30054,حوض قدم مربع اكريليك 90*90*14,-1.000
فرع السراج,RD30295,حوض قدم زاوية 80*80 سم,1.000
فرع السراج,RD30306,حوض قدم خزف مربع 70*70 سم,1.000
فرع السراج,RD30307,حوض قدم خزف مربع 80*80 سم,-1.000
فرع السراج,RD30308,حوض قدم مستطيل اكريليك 100*70,-1.000
فرع السراج,RD30309,حوض قدم مستطيل زاوية يسار اكريليك 120*80*14,-1.000
فرع السراج,RD30458,حوض قدم مستطيل اكريليك 90*90 زاوية,1.000
فرع السراج,RD30459,حوض قدم مربع  اكريليك100*100,2.000
فرع السراج,RD30460,حوض قدم مستطيل اكريليك 70*70 زاوية,1.000
فرع السراج,RD30577,حوض قدم خزف مربع 70*70 سم,4.000
فرع السراج,RE10018,حنفية حوض المطبخ شجرة كروم,1.000
فرع السراج,RE10218,حنفية حوض المطبخ شجرة كروم,4.000
فرع السراج,RE10385,حنفية فردية حائط بلاستك,8.000
فرع السراج,RE10386,حنفية فردية حوض بلاستك,9.000
فرع السراج,RE10590,حنفية حوض المطبخ شجرة أسود,3.000
فرع السراج,RE10591,حنفية حوض المطبخ شجرة كروم,2.000
فرع السراج,RFP11000,"فسيبلي "" 1/2 أنثى * ""1/2 أنثى 50سم",16.000
فرع السراج,RFP1140,"فسيبلي "" 1/2 أنثى * ""1/2 أنثى 80سم",12.000
فرع السراج,RFP1213,"فسيبلي خلاط مطبخ شجرة (2طرف) ""1/2أنثى 50سم",10.000
فرع السراج,RFP1217,"فسيبلي "" 1/2 أنثى * ""1/2 أنثى 60سم",9.000
فرع السراج,RFP1373,"فسيبلي "" 1/2 أنثى * ""1/2 أنثى 60سم",25.000
فرع السراج,RFP1374,"فسيبلي "" 1/2 أنثى * ""1/2 أنثى 30سم",3.000
فرع السراج,RFP1375,"فسيبلي "" 1/2 ذكر * ""1/2 أنثى 50سم",11.000
فرع السراج,RFP1376,"فسيبلي "" 1/2 أنثى * ""1/2 أنثى 40سم",17.000
فرع السراج,RFP1419,"فسيبلي "" 1/2 أنثى * ""1/2 أنثى 20سم",6.000
فرع السراج,RFP1420,"فسيبلي "" 1/2 أنثى * ""1/2 أنثى 30سم",7.000
فرع السراج,RFP1424,"فسيبلي "" 1/2 أنثى * ""1/2 أنثى 40سم",6.000
فرع السراج,RFP1425,"فسيبلي "" 1/2 أنثى * ""1/2 أنثى 80سم",1.000
فرع السراج,RFP1426,"فسيبلي "" 1/2 أنثى * ""3/8 أنثى 40سم",14.000
فرع السراج,RFP1427,"فسيبلي "" 1/2 أنثى * ""1/2 أنثى 50سم",-1.000
فرع السراج,RFP1428,"فسيبلي "" 1/2 أنثى * ""3/8 أنثى 60سم",-3.000
فرع السراج,RFP1429,"فسيبلي "" 1/2 ذكر * ""1/2 أنثى 40سم",-1.000
فرع السراج,RFP1431,"فسيبلي "" 1/2 ذكر * ""1/2 أنثى 60سم",6.000
فرع السراج,RFP1432,"فسيبلي خلاط (2طرف) ""1/2 أنثى 50سم",12.000
فرع السراج,RFP1450,"فسيبلي "" 1/2 أنثى * ""1/2 أنثى 60سم",9.000
فرع السراج,RFP1543,"فسيبلي خلاط مطبخ شجرة (2طرف) ""1/2أنثى 60سم",9.000
فرع السراج,RFP1754,"فسيبلي "" 1/2 أنثى * ""1/2 أنثى 50سم",17.000
فرع السراج,RFP1869,"فسيبلي "" 1/2 أنثى * ""1/2 أنثى 50سم",4.000
فرع السراج,RFP1877,"فسيبلي خلاط مطبخ شجرة (2طرف) ""1/2أنثى 60سم",-2.000
فرع السراج,RFP1999,"فسيبلي "" 1/2 أنثى * ""1/2 أنثى 40سم",15.000
فرع السراج,RO10019,مسكر زاوية  ''1/2 * ''1/2 كروم,-2.000
فرع السراج,RO10096,مسكر زاوية  ''1/2 * ''1/2 كروم,1.000
فرع السراج,RO10107,مسكر زاوية  ''1/2 * ''1/2 كروم,-1.000
فرع السراج,RO10141,مسكر زاوية  ''1/2 * ''1/2 ذهبي,9.000
فرع السراج,RO10169,مسكر زاوية  ''1/2 * ''1/2 ذهبي,6.000
فرع السراج,RO10219,حنفية غسالة  ''1/2 * ''3/4 كروم,1.000
فرع السراج,RO10250,حنفية 3/4,1.000
فرع السراج,RO10287,مسكر زاوية  ''1/2 * ''1/2 كروم,4.000
فرع السراج,RO10291,مسكر زاوية  ''1/2 * ''1/2 ذهبي,1.000
فرع السراج,RO10292,مسكر زاوية  ''1/2 * ''3/8 مع وردة كروم,2.000
فرع السراج,RO10329,حنفية 3/4,1.000
فرع السراج,RO10472,حنفية ضغط,5.000
فرع السراج,RO10477,حنفية 1/2,3.000
فرع السراج,RO10572,حنفية غسالة  ''1/2 * ''3/4 كروم,10.000
فرع السراج,RO10599,مطول مع مسكر  ''1/2 * ''1/2,5.000
فرع السراج,RO10916,مسكر زاوية  ''1/2 * ''1/2 كروم,29.000
فرع السراج,RO10998,حنفية غسالة  ''1/2 * ''3/4 كروم,13.000
فرع السراج,RO11146,حنفية  3/4مع تفلون,8.000
فرع السراج,SA10015,طقم اكسسوار ذهبي,3.000
فرع السراج,SA10020,طقم اكسسوار خزف رباعي أسود,2.000
فرع السراج,SA10021,طقم اكسسوار خزف ثلاثي رصاصي,2.000
فرع السراج,SA10038,طقم اكسسوار كروم,2.000
فرع السراج,SA10039,طقم اكسسوار كروم,7.000
فرع السراج,SA10040,طقم اكسسوار ذهبي,1.000
فرع السراج,SA10042,طقم اكسسوار نحاسي,4.000
فرع السراج,SA10069,طقم اكسسوار رصاصي,2.000
فرع السراج,SA10070,طقم اكسسوار,2.000
فرع السراج,SA10163,طقم اكسسوار ذهبي,2.000
فرع السراج,SA10233,طقم اكسسوار دهبي,1.000
فرع السراج,SA10258,طقم اكسسوار كروم,2.000
فرع السراج,SA10311,طقم اكسسوار كروم,3.000
فرع السراج,SA10520,طقم اكسسوار كروم,3.000
فرع السراج,SA10650,طقم اكسسوار أسود,7.000
فرع السراج,SA10651,طقم اكسسوار ذهبي,3.000
فرع السراج,SA10735,طقم اكسسوار ذهبي,5.000
فرع السراج,SA10809,طقم اكسسوار أسود الامونيوم,4.000
فرع السراج,SA10810,طقم اكسسوار كروم الامونيوم,2.000
فرع السراج,SA10835,طقم اكسسوار أسود,2.000
فرع السراج,SA10836,طقم اكسسوار كروم,1.000
فرع السراج,SA10837,طقم اكسسوار كروم,3.000
فرع السراج,SC10167,بوكس مربع  190*120*90 سم كروم,-1.000
فرع السراج,SI10133,سلكون  280 غرام شفاف,1.000
فرع السراج,SI10136,سلكون  280 غرام شفاف التاج,-5.000
فرع السراج,SI10138,سلكون  280 غرام أبيض التاج,17.000
فرع السراج,SI10176,سلكون  280 غرام شفاف,-221.000
فرع السراج,SI10502,سلكون  280 غرام أبيض المير,57.000
فرع السراج,SI10509,سلكون حراري استرا اسود 1600c,4.000
فرع السراج,TO9047,مفتاح ربط رقم 10 مم,2.000
فرع السراج,TO9051,مفتاح ربط رقم 8 مم,5.000
فرع السراج,TO9052,مفتاح ربط رقم14 مم,5.000
فرع السراج,TO9053,مفتاح ربط رقم13 مم,8.000
فرع السراج,TO9054,مفتاح ربط رقم11 مم,7.000
فرع السراج,VP20115,حوض وجه دائري فوق الرخام - 46سم,2.000
فرع السراج,VP20119,حوض وجه فوق الرخام 100 سم أبيض,-1.000
فرع السراج,VP20211,حوض وجه مربع  فوق الرخام - 46*46سم,1.000
فرع السراج,VP20212,حوض وجه دائري حوض فوق الرخام - 46سم,2.000
فرع السراج,VP20215,حوض وجه فوق الرخام أبيض -50سم,3.000
فرع السراج,VP20216,حوض وجه فوق الرخام ذهبي -48سم,4.000
فرع السراج,VP20483,حوض وجه فوق الرخام أبيض -40*30 سم,3.000
فرع السراج,VP20484,حوض وجه فوق الرخام أبيض 41.5 سم,4.000
فرع السراج,VP20786,حوض وجه فوق الرخام أبيض,2.000
فرع السراج,VS10046,حوض وجه معلق زاوية أبيض 50 سم,1.000
فرع السراج,VS10047,حوض وجه معلق أبيض 50 سم,2.000
فرع السراج,VS10113,حوض وجه معلق - يمين -80 * 35 سم,4.000
فرع السراج,VS10118,حوض وجه معلق -65 سم,1.000
فرع السراج,VS10119,حوض وجه معلق -80 سم,3.000
فرع السراج,VS10120,حوض وجه معلق -100 سم,2.000
فرع السراج,VS10122,حوض وجه معلق -100 سم,1.000
فرع السراج,VS10123,حوض وجه معلق -75 سم,2.000
فرع السراج,VS10124,حوض وجه معلق -65 سم,4.000
فرع السراج,VS10125,حوض وجه معلق -55 سم,1.000
فرع السراج,VS10140,حوض وجه معلق -90 سم,-2.000
فرع السراج,VS10177,حوض وجه معلق أبيض,2.000
فرع السراج,VS10181,حوض وجه معلق أسود,2.000
فرع السراج,VS10187,حوض وجه معلق -50 سم,3.000
فرع السراج,VS10188,حوض وجه معلق -60 سم,5.000
فرع السراج,VS10191,حوض وجه معلق -80 سم,2.000
فرع السراج,VS10200,حوض وجه معلق -80 سم,2.000
فرع السراج,VS10201,حوض وجه معلق -80 سم,4.000
فرع السراج,VS10202,حوض وجه معلق -60 سم,1.000
فرع السراج,VS10204,حوض وجه معلق أبيض -50سم,-5.000
فرع السراج,VS10205,حوض وجه معلق رصاصي -60سم,7.000
فرع السراج,VS10207,حوض وجه معلق أسود -60سم,9.000
فرع السراج,VS10208,حوض وجه معلق أبيض -60سم,6.000
فرع السراج,VS10209,حوض وجه معلق أبيض -60سم,11.000
فرع السراج,VS10219,عمود حوض وجه سداسي أرضي أبيض,3.000
فرع السراج,VS10220,عمود حوض وجه سداسي معلق أبيض,1.000
فرع السراج,VS10221,حوض وجه سداسي معلق أبيض,-1.000
فرع السراج,VS10321,حوض وجه معلق -130 سم,2.000
فرع السراج,VS10454,حوض وجه معلق 100 سم,-2.000
فرع السراج,VS10458,حوض وجه معلق 85 سم,-1.000
فرع السراج,VS10514,حوض وجه معلق -50 سم,5.000
فرع السراج,VS10571,حوض وجه معلق 60سم,4.000
فرع السراج,VS10577,حوض وجه معلق80 سم,2.000
فرع السراج,VS10597,حوض وجه معلق أبيض -60سم,1.000
فرع السراج,VS10806,حوض وجه معلق -80 سم,1.000
فرع السراج,VS10811,حوض وجه معلق -100 سم,-1.000
فرع السراج,VS10820,حوض وجه معلق أبيض 36x52,3.000
فرع السراج,VS10821,حوض وجه معلق أبيض 42x56,9.000
فرع السراج,VS10822,حوض وجه معلق أبيض60,3.000
فرع السراج,VS10823,حوض وجه معلق 80 سم,2.000
فرع السراج,VS10825,حوض وجه معلق -100 سم,2.000
فرع السراج,VS10826,حوض وجه معلق -80 سم,2.000
فرع السراج,VS10828,حوض وجه معلق أسود -60سم,1.000
فرع السراج,VS10841,حوض وجه معلق -80 سم,2.000
فرع السراج,VS10843,حوض وجه معلق -80 سم,1.000
فرع السراج,WA40043,غطاء مقعد أبيض,7.000
فرع السراج,WA40086,غطاء مقعد أبيض,4.000
فرع السراج,WA40087,غطاء مقعد سداسي أبيض,1.000
فرع السراج,WA40088,غطاء مقعد موطو أبيض,3.000
فرع السراج,WA40089,غطاء مقعد أبيض,1.000
فرع السراج,WA40115,غطاء مقعد تركي أبيض,7.000
فرع السراج,WA40172,غطاء مقعد تركي أبيض,2.000
فرع السراج,WA40474,غطاء مقعد موطو أبيض,1.000
فرع السراج,WA40479,غطاء مقعد سداسي أبيض,2.000
فرع السراج,WP20097,مقعد أرضي بدون صندوق أبيض,1.000
فرع السراج,WP20156,مقعد أرضي ملحوم تورىيدو أبيض,-6.000
فرع السراج,WP20157,مقعد أرضي ملحوم موطو أبيض,3.000
فرع السراج,WP20158,مقعد أرضي ملحوم طويل أبيض,-2.000
فرع السراج,WP20161,مقعد أرضي ملحوم رصاصي رخامي,7.000
فرع السراج,WP20162,مقعد أرضي ملحوم ذهبي رخامي,6.000
فرع السراج,WP20166,مقعد أرضي ملحوم بيضوي أبيض,1.000
فرع السراج,WP20178,مقعد أرضي ملحوم ذهبي,2.000
فرع السراج,WP20179,مقعد أرضي ملحوم ذهبي,2.000
فرع السراج,WP20197,مقعد أرضي أبيض,2.000
فرع السراج,WP20198,مقعد أرضي أبيض,1.000
فرع السراج,WP20475,مقعد أرضي ملحوم مربع  أبيض,3.000
فرع السراج,WP20476,مقعد أرضي ملحوم مموج  أبيض,4.000
فرع السراج,WP20478,مقعد أرضي ملحوم ذهبي مخطط,2.000
فرع السراج,WP20587,مقعد أرضي ملحوم أسود,1.000
فرع السراج,WP20588,مقعد أرضي ملحوم أبيض,5.000
فرع السراج,WP20827,مقعد أرضي ملحوم أبيض,8.000
فرع السراج,WS10014,مقعد معلق (صندوق خارجي) أبيض,1.000
فرع السراج,WS10015,صندوق مقعد معلق أبيض,5.000
فرع السراج,WS10114,مقعد معلق رايملس أبيض,3.000
فرع السراج,WS10116,مقعد معلق رايملس أبيض,4.000
فرع السراج,WS10163,مقعد معلق رايملس أبيض,-3.000
فرع السراج,WS10165,مقعد معلق تورنيدو أبيض,-7.000
فرع السراج,WS10168,مقعد معلق رايملس أسود,11.000
فرع السراج,WS10169,مقعد معلق رايملس أسود,8.000
فرع السراج,WS10170,مقعد معلق رايملس أبيض,5.000
فرع السراج,WS10172,مقعد معلق رايملس أبيض,3.000
فرع السراج,WS10177,مقعد معلق ذهبي,2.000
فرع السراج,WS10590,مقعد معلق رايملس رصاصي,5.000
فرع السراج,WS10594,مقعد معلق تورنيدو أبيض,1.000
فرع السراج,WS10595,مقعد معلق رايملس مموج أبيض,3.000
فرع السراج,WS10596,مقعد معلق رايملس أبيض,-3.000
فرع السراج,WS10777,مقعد معلق رايملس أبيض,1.000
فرع السراج,WS10807,مقعد معلق تورنيدو أبيض,7.000
فرع السراج,WS10812,مقعد معلق تورنيدو أبيض,4.000
فرع السراج,WS10813,مقعد معلق تورنيدو أبيض,7.000
فرع السراج,WS10814,مقعد معلق تورنيدو أسود,4.000
فرع السراج,WS10815,مقعد معلق ملحوم تورنيدو أبيض,3.000
فرع السراج,WS10816,مقعد معلق ملحوم تورنيدو أبيض,4.000
فرع السراج,WS10817,مقعد معلق ملحوم تورنيدو أبيض,3.000
فرع السراج,WS10818,مقعد معلق كبير بلس سايز ملحوم تورنيدو أبيض,1.000
مخزن جنزور,AASB30014,رف زاوية زوجي كروم,98.000
مخزن جنزور,AASB30634,صابونية أسود,35.000
مخزن جنزور,AASB30635,حاملة فرشاة أسنان زوجية أسود,24.000
مخزن جنزور,AASB30638,صابونية أسود,32.000
مخزن جنزور,AASB30671,فرشاة تنظيف مرحاض كروم,2.000
مخزن جنزور,AASB30831,سلة قمامة كروم معلقة 5 لتر,2.000
مخزن جنزور,AASB30832,سلة قمامة كروم  8 لتر,2.000
مخزن جنزور,AASB30833,سلة قمامة ذهبي   8 لتر,2.000
مخزن جنزور,AASB30856,سلة قمامة ذهبي معلقة 5 لتر,7.000
مخزن جنزور,AB10107,خزانة حمام أبيض,-1.000
مخزن جنزور,AECU50633,سقطار لحوض المطبخ أسود85 سم,16.000
مخزن جنزور,ALVM50206,سيفون حوض الوجه كلك,-185.000
مخزن جنزور,ALVM50819,رأس سيفوني اسود,-20.000
مخزن جنزور,AM0106,حوض وجه مع دولاب حمام -80 سم,-1.000
مخزن جنزور,AM0120,دولاب حمام 100 سم أبيض,-1.000
مخزن جنزور,AM0690,دولاب حمام مع حوض وجه 80 سم,3.000
مخزن جنزور,AM0692,دولاب حمام مع حوض وجه 60 سم,4.000
مخزن جنزور,AM0696,دولاب حمام مع حوض وجه 80 سم,3.000
مخزن جنزور,AM40691,مراية دولاب حمام 80 سم,3.000
مخزن جنزور,AM40694,مراية دولاب حمام 60 سم,4.000
مخزن جنزور,AM40697,مراية دولاب حمام 80 سم,3.000
مخزن جنزور,ARSB80639,"مسكر شطافة ""1/2"" * ""1/2 كروم",1.000
مخزن جنزور,ARSB80640,"مسكر شطافة ""1/2"" * ""1/2 كروم",-20.000
مخزن جنزور,ARSB80658,شطاف ظغط مربع مع طوبو أسود,-4.000
مخزن جنزور,ARSB80661,مخرج شطاف كروم,10.000
مخزن جنزور,ARSB80662,مخرج شطاف مع علاق كروم,-1.000
مخزن جنزور,ARSB80847,شطاف ظغط مربع مع طوبو كروم,26.000
مخزن جنزور,ARSB80848,شطاف ظغط مربع مع طوبو ذهبي,31.000
مخزن جنزور,ARSB80850,سماعة دوش مربعة مع طوبو كروم,22.000
مخزن جنزور,ARSB80851,سماعة دوش مربعة مع طوبو أسود,23.000
مخزن جنزور,ARSB80853,سماعة دوش دائرية مع طوبو كروم,22.000
مخزن جنزور,ARSB80854,سماعة دوش دائرية مع طوبو أسود,3.000
مخزن جنزور,CD40621,مسطرة دوش زوجية مربعة مع خلاط كروم,5.000
مخزن جنزور,EG30857,حوض مطبخ جرانيت بيج 80*45 زوجي,11.000
مخزن جنزور,EG30858,حوض مطبخ جرانيت أسود 80*45 زوجي,12.000
مخزن جنزور,EG30859,حوض مطبخ جرانيت رصاصي 80*45 زوجي,14.000
مخزن جنزور,EG30863,حوض مطبخ جرانيت أبيض مطفي79*51 فردي,9.000
مخزن جنزور,EG30864,حوض مطبخ جرانيت بيج79*51 فردي,10.000
مخزن جنزور,EG30865,حوض مطبخ جرانيت أسود مطفي79*51 فردي,15.000
مخزن جنزور,EG30866,حوض مطبخ جرانيت رصاصي79*51 فردي,10.000
مخزن جنزور,EG30867,حوض مطبخ جرانيت أبيض مطفي60*45 فردي,6.000
مخزن جنزور,EG30868,حوض مطبخ جرانيت بيج60*45 فردي,12.000
مخزن جنزور,EG30869,حوض مطبخ جرانيت أسود مطفي60*45 فردي,12.000
مخزن جنزور,EG30870,حوض مطبخ جرانيت رصاصي60*45 فردي,5.000
مخزن جنزور,EG30871,حوض مطبخ جرانيت رصاصي72*47 فردي,4.000
مخزن جنزور,EG30872,حوض مطبخ جرانيت أسود مطفي72*47 فردي,8.000
مخزن جنزور,EG30873,حوض مطبخ جرانيت بيج72*47 فردي,12.000
مخزن جنزور,EG30875,حوض مطبخ جرانيت أبيض مطفي72*47 فردي,2.000
مخزن جنزور,EG30878,حوض مطبخ جرانيت أسود مطفي50*43 فردي,-3.000
مخزن جنزور,EG40149,رف حوض وجه برسلين 100 سم,-2.000
مخزن جنزور,EG40150,رف حوض وجه برسلين 80 سم,-2.000
مخزن جنزور,EG40156,رف حوض وجه برسلين 80 سم,-2.000
مخزن جنزور,EG40370,رف حوض وجه برسلين 80 سم,-2.000
مخزن جنزور,EG40371,رف حوض وجه برسلين 80 سم,-2.000
مخزن جنزور,EG40372,رف حوض وجه برسلين 80 سم,-2.000
مخزن جنزور,EG40373,رف حوض وجه برسلين 80 سم,-2.000
مخزن جنزور,EG40375,رف حوض وجه برسلين 80 سم,-2.000
مخزن جنزور,EL10701,حوض مطبخ ستانلس ستيل منظومة بيانو 304 75*46 كروم,6.000
مخزن جنزور,LG40147,حوض وجه برسلين 100 سم,-2.000
مخزن جنزور,LG40149,حوض وجه برسلين مشطوف 80 سم,-2.000
مخزن جنزور,LG40155,حوض وجه برسلين مشطوف لد 80 سم,-2.000
مخزن جنزور,LG40368,حوض وجه برسلين مشطوف 80 سم,-2.000
مخزن جنزور,LG40369,حوض وجه برسلين مشطوف 80 سم,-2.000
مخزن جنزور,LG40374,حوض وجه برسلين 80 سم,-2.000
مخزن جنزور,LG40375,حوض وجه برسلين مشطوف 80 سم,-2.000
مخزن جنزور,LG40400,حوض وجه برسلين 80 سم,-2.000
مخزن جنزور,MA20615,خلاط حوض المطبخ سحاب أسود,-3.000
مخزن جنزور,MA20620,خلاط حوض المطبخ دبل سحاب كروم,5.000
مخزن جنزور,MC10632,سرفنتينة 15 سم * 15 سم مع مانع رائحة كروم لامع,40.000
مخزن جنزور,MC10641,مجرى 30سم *3 سم كروم,30.000
مخزن جنزور,MC10642,مجرى 50سم *3 سم كروم,35.000
مخزن جنزور,MC10646,مجرى 40 سم *8 سم ذهبي,1.000
مخزن جنزور,MC10647,مجرى 50 سم *8 سم كروم,15.000
مخزن جنزور,MC10648,مجرى 60 سم *8 سم كروم,28.000
مخزن جنزور,MC10652,سرفنتينة 15 سم * 15 سم كروم,120.000
مخزن جنزور,MC10653,سرفنتينة 15 سم * 15 سم أسود,10.000
مخزن جنزور,MC10654,سرفنتينة 15 سم * 15 سم ذهبي,25.000
مخزن جنزور,ME10624,خلاط حوض المطبخ شجرة رصاصي,-1.000
مخزن جنزور,ML10617,خلاط حوض وجه كروم,28.000
مخزن جنزور,ML10626,خلاط حوض وجه  رصاصي,20.000
مخزن جنزور,ML30108,مرايا حمام مع إضاءة لد 80*60 سم,-1.000
مخزن جنزور,ML30121,مرايا حمام مع إضاءة لد 90 سم,-1.000
مخزن جنزور,ML30600,مرايا حمام مع إضاءة لد دائرية بالعلاقة مع اطار أسود 70سم,10.000
مخزن جنزور,ML30601,مرايا حمام مع إضاءة لد دائرية بالعلاقة مع اطار ذهبي 70سم,20.000
مخزن جنزور,ML30603,مرايا حمام مع إضاءة لد مع اطار ذهبي 90*70 سم,25.000
مخزن جنزور,ML30604,مرايا حمام مع إضاءة لد 80*60سم,10.000
مخزن جنزور,MT30629,خلاط شطاف مع شطاف 15 سم كروم,1.000
مخزن جنزور,MT30852,خلاط شطاف مربع مع شطاف 15 سم كروم,7.000
مخزن جنزور,MT30854,خلاط شطاف دائري مع شطاف 15 سم كروم,7.000
مخزن جنزور,PD20041,حاجز دوش 8 مم  مظلم80  سم,-5.000
مخزن جنزور,PD20042,حاجز دوش 8 مم  مظلم 90  سم,-6.000
مخزن جنزور,PD20043,حاجز دوش 8 مم  مظلم 100  سم,-6.000
مخزن جنزور,PD20044,حاجز دوش 8 مم  مظلم 120  سم,-2.000
مخزن جنزور,PD20123,حاجز دوش 8 مم  مضبب120  سم,-2.000
مخزن جنزور,PD20125,حاجز دوش 8 مم  مضبب90  سم,-2.000
مخزن جنزور,PS20636,علاقة ملابس ثلاثية كروم,46.000
مخزن جنزور,PS20637,علاقة ملابس ثلاثية أسود,58.000
مخزن جنزور,PS20665,علاقة مناشف زوجية كروم,7.000
مخزن جنزور,SA10650,طقم اكسسوار أسود,11.000
مخزن جنزور,VP20119,حوض وجه فوق الرخام 100 سم أبيض,-1.000
مخزن جنزور,VP20216,حوض وجه فوق الرخام ذهبي -48سم,9.000
مخزن جنزور,VP20483,حوض وجه فوق الرخام أبيض -40*30 سم,2.000
مخزن جنزور,VS10177,حوض وجه معلق أبيض,-1.000
مخزن جنزور,VS10204,حوض وجه معلق أبيض -50سم,-1.000
مخزن جنزور,VS10205,حوض وجه معلق رصاصي -60سم,-8.000
مخزن جنزور,VS10207,حوض وجه معلق أسود -60سم,-7.000
مخزن جنزور,VS10208,حوض وجه معلق أبيض -60سم,-6.000
مخزن جنزور,VS10209,حوض وجه معلق أبيض -60سم,-4.000
مخزن جنزور,VS10597,حوض وجه معلق أبيض -60سم,24.000
مخزن جنزور,VS10820,حوض وجه معلق أبيض 36x52,25.000
مخزن جنزور,VS10821,حوض وجه معلق أبيض 42x56,38.000
مخزن جنزور,VS10822,حوض وجه معلق أبيض60,42.000
مخزن جنزور,VS10828,حوض وجه معلق أسود -60سم,12.000
مخزن جنزور,WA40474,غطاء مقعد موطو أبيض,7.000
مخزن جنزور,WA40479,غطاء مقعد سداسي أبيض,24.000
مخزن جنزور,WA40482,غطاء مقعد أبيض,-1.000
مخزن جنزور,WA40589,غطاء مقعد رايملس أبيض,6.000
مخزن جنزور,WP20158,مقعد أرضي ملحوم طويل أبيض,7.000
مخزن جنزور,WP20159,مقعد أرضي ملحوم سداسي أبيض,34.000
مخزن جنزور,WP20161,مقعد أرضي ملحوم رصاصي رخامي,59.000
مخزن جنزور,WP20162,مقعد أرضي ملحوم ذهبي رخامي,15.000
مخزن جنزور,WP20475,مقعد أرضي ملحوم مربع  أبيض,6.000
مخزن جنزور,WP20476,مقعد أرضي ملحوم مموج  أبيض,7.000
مخزن جنزور,WP20477,مقعد أرضي ملحوم مربع قصير أبيض,11.000
مخزن جنزور,WP20480,مقعد أرضي ملحوم مربع أبيض,1.000
مخزن جنزور,WP20588,مقعد أرضي ملحوم أبيض,1.000
مخزن جنزور,WP20827,مقعد أرضي ملحوم أبيض,12.000
مخزن جنزور,WS10163,مقعد معلق رايملس أبيض,18.000
مخزن جنزور,WS10165,مقعد معلق تورنيدو أبيض,-2.000
مخزن جنزور,WS10169,مقعد معلق رايملس أسود,-9.000
مخزن جنزور,WS10177,مقعد معلق ذهبي,1.000
مخزن جنزور,WS10594,مقعد معلق تورنيدو أبيض,12.000
مخزن جنزور,WS10595,مقعد معلق رايملس مموج أبيض,1.000
مخزن جنزور,WS10596,مقعد معلق رايملس أبيض,6.000
مخزن جنزور,WS10807,مقعد معلق تورنيدو أبيض,14.000
مخزن جنزور,WS10812,مقعد معلق تورنيدو أبيض,44.000
مخزن جنزور,WS10813,مقعد معلق تورنيدو أبيض,34.000
مخزن جنزور,WS10814,مقعد معلق تورنيدو أسود,22.000
مخزن جنزور,WS10816,مقعد معلق ملحوم تورنيدو أبيض,22.000
