id,expense_date,location_name,title,amount,notes,old_id
ed459db6-53c1-a283-16e1-9c68d6da30c6,2024-08-17,فرع السراج,شفيق,10.000,old_id=210000004 | شفيق,210000004
bbefabbf-14e2-7c9a-fb1a-b55a07919df9,2024-08-18,فرع السراج,مصروف,90.000,old_id=210000005,210000005
65a61a21-de9c-51c1-12c1-5fec4a28cbab,2024-08-18,فرع السراج,اكل,10.000,old_id=210000006 | اكل,210000006
cde8a2cf-c6a0-2562-0886-6dffc49db886,2024-08-31,فرع السراج,مصروف,35.000,old_id=210000026,210000026
de4f19af-b26d-7a62-e1e3-ba24cbefecf0,2024-08-31,فرع السراج,مصروف,15.000,old_id=210000027,210000027
f6c42caf-c5cf-a7ab-48c6-14094cf5e874,2024-09-01,فرع السراج,ماء للمحل,95.000,old_id=210000028 | ماء للمحل,210000028
8075e315-2cd0-8c41-78f6-0ab02950d8e5,2024-09-01,فرع السراج,نقل من تاجورة الي سراج,80.000,old_id=210000029 | نقل من تاجورة الي سراج,210000029
3d1de802-d27c-07aa-85ee-2cb5c06cae6c,2024-09-02,فرع السراج,سقاله,30.000,old_id=210000030 | سقاله,210000030
56dd50d9-3993-605f-1b94-6b095302449d,2024-09-03,فرع السراج,مصروف,40.000,old_id=210000031,210000031
ffb8fc66-993f-9765-5941-de7f8d45900a,2024-09-03,فرع السراج,اكل,10.000,old_id=210000032 | اكل,210000032
725b2308-7474-3073-6305-27cdfe2bf307,2024-09-03,فرع السراج,نقل من تاجورة الي سراج,80.000,old_id=210000033 | نقل من تاجورة الي سراج,210000033
b1fcc3ec-62f3-793b-3c23-6ad1dfe9c91c,2024-09-03,فرع السراج,تحويل مرش محل البناء,15.000,old_id=210000034 | تحويل مرش محل البناء,210000034
b5a86e42-f6d1-b016-7aeb-4fbfcffa3b33,2024-09-04,فرع السراج,من دعوة الي مخزن جنزور,50.000,old_id=210000035 | من دعوة الي مخزن جنزور,210000035
7b527ea4-8fb6-874e-a64c-9f43f0564d6c,2024-09-04,فرع السراج,من الدعوة الاسلامية الي مخزن جنزور,50.000,old_id=210000036 | من الدعوة الاسلامية الي مخزن جنزور,210000036
497d11c6-b0b2-26b5-bd7d-723611e15260,2024-09-04,فرع السراج,من جنزور الي سراج,50.000,old_id=210000037 | من جنزور الي سراج,210000037
fdfae73a-37c0-5040-2aa8-ead9188e0f60,2024-09-04,فرع السراج,تنزيل احواض برسلين في مخزن جنزور,120.000,old_id=210000038 | تنزيل احواض برسلين في مخزن جنزور,210000038
aa9ca4a2-bf6a-e259-4ba0-66dfef60a020,2024-09-04,فرع السراج,حساب نجار,500.000,old_id=210000039 | حساب نجار,210000039
3ebb5af1-9ba3-d815-bcc2-cfa85f0bd17a,2024-09-04,فرع السراج,مصروف,60.000,old_id=210000040,210000040
a9ad52b5-8a73-23aa-b0af-5db767ed0089,2024-09-04,فرع السراج,اكل,10.000,old_id=210000041 | اكل,210000041
9e001a72-0841-7f5d-ec21-3452cddb4743,2024-09-05,فرع السراج,مصروف,60.000,old_id=210000042,210000042
8beced60-9926-fc66-8926-c37f193bbcaf,2024-09-05,فرع السراج,اكل,10.000,old_id=210000043 | اكل,210000043
65559072-1b9b-43bd-f79b-5d9ca48b8539,2024-09-07,فرع السراج,مصروف,110.000,old_id=210000044,210000044
fa20c0fe-cb38-e762-38a0-aee2d0833bab,2024-09-07,فرع السراج,مصروف,10.000,old_id=210000045,210000045
04e15d47-fca1-4cae-304e-01ba98550610,2024-09-08,فرع السراج,مصروف,160.000,old_id=210000046,210000046
e14ee050-fae5-82e6-c310-96df4d59d054,2024-09-08,فرع السراج,غداء,10.000,old_id=210000047 | غداء,210000047
e8596a94-dc44-5812-9dd0-d5d93a9bfc76,2024-09-09,فرع السراج,مصروف,80.000,old_id=210000048,210000048
e5ba5b1d-0d6b-8b98-aefd-3d334785b72f,2024-09-09,فرع السراج,مصروف,20.000,old_id=210000049,210000049
3ea05a20-fe43-23cd-5bda-10bd02db3f34,2024-09-10,فرع السراج,مصروف,45.000,old_id=210000051,210000051
33f227f0-b7d2-6de9-f9da-831104d7fcb6,2024-09-10,فرع السراج,اكل,20.000,old_id=210000052 | اكل,210000052
dea79b01-31de-099e-aab0-633736cee4e3,2024-09-11,فرع السراج,مصروف,80.000,old_id=210000053,210000053
b5715a35-90ff-cf8f-1805-6a2176f3d7c3,2024-09-11,فرع السراج,مصروف,20.000,old_id=210000054,210000054
1bab8ee4-63f1-feaa-dd22-b2f453b6ec0c,2026-03-30,فرع 11 يونيو,قضية غداء من شركة العالم للخضراوات و الفواكه-حوالة-بطاقة,196.000,old_id=310001414 | قضية غداء من شركة العالم للخضراوات و الفواكه-حوالة-بطاقة,310001414
51053a07-51ce-fad1-77cd-cf2cdfd8ce0b,2024-09-12,فرع السراج,كهرباء محل مواد البناء,450.000,old_id=210000057 | كهرباء محل مواد البناء,210000057
b9eeec17-7303-3f18-1756-325774b146ed,2024-09-14,فرع السراج,مصروف,15.000,old_id=210000058,210000058
40d722f9-9073-e49f-91b7-b28c4adb32fc,2024-09-14,فرع السراج,مصروف,10.000,old_id=210000059,210000059
3882d5a5-817c-5975-2eaa-eccaa48f11d5,2024-09-14,فرع السراج,سلفر بضاعة,45.000,old_id=210000060 | سلفر بضاعة,210000060
a930a855-28e5-9087-81b0-5747b92053f7,2024-09-15,فرع السراج,مصروف,115.000,old_id=210000061,210000061
60feaf83-2e53-2fa3-fbc5-51389b68f653,2024-09-15,فرع السراج,مصروف,20.000,old_id=210000062,210000062
cb3ee826-efd8-7e74-1b96-dd91b9a3e7e6,2024-09-15,فرع السراج,من 11يونيوا السراج,15.000,old_id=210000063 | من 11يونيوا السراج,210000063
997fb100-18af-a66c-d7ab-766243520bb0,2024-09-16,فرع السراج,مصروف,80.000,old_id=210000064,210000064
37784cfa-ea1c-f218-e324-8ab6f4fd22d9,2024-09-16,فرع السراج,مصروف,20.000,old_id=210000065,210000065
8684e633-bed8-bcd5-1465-323299c05d84,2024-09-17,فرع السراج,مصروف,500.000,old_id=210000066,210000066
82b7be73-e14c-d5cf-52b8-f28fcf8f1617,2024-09-17,فرع السراج,مصروف,130.000,old_id=210000067,210000067
925d0fc1-249e-c33b-30b7-37e26e66c6e2,2024-09-17,فرع السراج,مصروف,20.000,old_id=210000068,210000068
ad751f09-f80a-62a0-00d2-3c45d17cd034,2024-09-18,فرع السراج,مصروف,30.000,old_id=210000069,210000069
fa20e9ec-88fd-5078-7206-f1898cec155d,2024-09-18,فرع السراج,مصروف,20.000,old_id=210000070,210000070
926282f0-d6db-cd79-b7f5-1afc130b688c,2024-09-22,فرع السراج,مصروف,35.000,old_id=210000071,210000071
9b059648-a8c4-a019-7b94-f1b6533ab01d,2024-09-22,فرع السراج,مصروف,20.000,old_id=210000072,210000072
f2ab6618-112f-1090-278a-dbecb6d4bb83,2024-09-25,فرع السراج,مصروف,30.000,old_id=210000073,210000073
b8f3d8cc-b70b-17b0-104e-2bafea0e5ba1,2024-09-25,فرع السراج,مصروف,10.000,old_id=210000074,210000074
aa19012e-da29-2032-540a-b47568abf510,2024-10-29,فرع السراج,مصروف,42.000,old_id=210000075,210000075
22cf0c3c-f5d2-fecc-b8c5-334e8d325d80,2024-10-29,فرع السراج,مصروف,10.000,old_id=210000076,210000076
b41cb23c-b885-5d8e-30a6-dd0cd25a4e6a,2024-10-31,فرع السراج,مصروف,35.000,old_id=210000077,210000077
39762aa0-d475-ed4d-fd76-2f9a6a292246,2024-11-02,فرع السراج,مصروف,50.000,old_id=210000079,210000079
a83e7ad1-06df-835c-cd7d-bf650adbd8f9,2024-11-02,فرع السراج,من 11يونيوا الي سراج,30.000,old_id=210000080,210000080
1647b5af-8c13-b76b-3c95-84b079743854,2024-11-03,فرع السراج,مصروف,20.000,old_id=210000081,210000081
fd45add8-4752-8345-2a25-7f3da3fbd1bc,2024-11-04,فرع السراج,مصروف,20.000,old_id=210000082,210000082
8353cb5c-24c6-63f1-1ab3-b9127c55f842,2024-11-04,فرع السراج,مصروف,10.000,old_id=210000083,210000083
0bbaeb26-7164-132a-68ea-ffde086dac1a,2024-11-04,فرع السراج,من 11يونيوا الي السراج,30.000,old_id=210000084,210000084
9f4a13f7-7f0a-6bca-b083-f7ec9e79e1b4,2024-11-05,فرع السراج,مصروف,40.000,old_id=210000085,210000085
9b3d2169-d594-50e9-42ce-b2a572cf7f81,2024-11-05,فرع السراج,مصروف,10.000,old_id=210000086,210000086
1cbff787-3c79-3563-73b9-2f2a3d0b0b8c,2024-11-05,فرع السراج,مصروف,250.000,old_id=210000087,210000087
66e7f3f9-0c5e-fbe8-2237-2d216c3e1504,2024-11-06,فرع السراج,مصروف,25.000,old_id=210000088,210000088
fa6febc7-ea3f-5338-0a5e-4aea7c7ed3d3,2024-11-06,فرع السراج,مصروف,10.000,old_id=210000089,210000089
d5ee812b-1b08-904d-97fb-177738cb1fbe,2024-11-06,فرع السراج,مصروف,10.000,old_id=210000090,210000090
90fd0009-182a-1c7b-0975-25348c3d1278,2024-11-07,فرع السراج,مصروف,100.000,old_id=210000093,210000093
fcecce66-4314-ccb0-e230-7bd46aeb2e0b,2024-11-07,فرع السراج,مصروف,333.000,old_id=210000094,210000094
f0c0ac62-4615-e9ea-d44d-6c277c99f50d,2024-11-09,فرع السراج,مصروف,20.000,old_id=210000095,210000095
0fe1ac47-65e8-9531-da63-63aa0d53f8a0,2024-11-09,فرع السراج,مصروف,10.000,old_id=210000096,210000096
3350c9e9-3125-27af-9930-7fc16e24cad2,2024-11-10,فرع السراج,مصروف,10.000,old_id=210000097,210000097
0e554127-0c43-9bb7-5a30-fec4fe4815b0,2024-11-12,فرع السراج,مصروف,50.000,old_id=210000098,210000098
56cd070e-a4b8-18e6-ad26-b3330b421701,2024-11-12,فرع السراج,مصروف,10.000,old_id=210000099,210000099
ff411ae2-1d27-07a2-7c12-be29fc42f8e8,2024-11-12,فرع السراج,مصروف,50.000,old_id=210000100,210000100
d4cfde9c-2567-c9a1-b706-6a424a093b92,2024-11-12,فرع السراج,تحميل بظاعه من مخزن جنزور,50.000,old_id=210000101,210000101
e37592c7-2ef2-90dc-d078-9a1309e9caeb,2024-11-13,فرع السراج,مصروف,65.000,old_id=210000102,210000102
687a209e-0763-e554-5aea-38b5486e673f,2024-11-13,فرع السراج,مصروف,10.000,old_id=210000103,210000103
69b149cc-87c1-ebb3-aa3c-c36e2d19b2fb,2024-11-14,فرع السراج,مصروف,35.000,old_id=210000104,210000104
7d4379ee-ee2a-9224-e004-e92c250b679c,2024-11-14,فرع السراج,مصروف,10.000,old_id=210000105,210000105
15fd0ae3-d040-2d3a-8790-552191a5b670,2024-11-14,فرع السراج,مصروف,30.000,old_id=210000106,210000106
e62552b0-1df2-439d-8115-263dbc4c3425,2024-11-14,فرع السراج,مصروف,60.000,old_id=210000107,210000107
a1bbf7f8-d896-53ba-be72-82c79fb1811d,2024-11-16,فرع السراج,مصروف,60.000,old_id=210000108,210000108
1909d990-4abd-005e-a33a-86410358e669,2024-11-16,فرع السراج,مصروف,10.000,old_id=210000109,210000109
817a6095-d8aa-1a26-beab-2d4ed7b4cef6,2024-11-17,فرع السراج,مصروف,60.000,old_id=210000110,210000110
9068dfbc-afc8-6585-797e-ff47c2673c5e,2024-11-17,فرع السراج,مصروف,10.000,old_id=210000111,210000111
f99a4430-ef5e-b411-2058-4ce931e136de,2024-11-17,فرع السراج,ماء,35.000,old_id=210000112,210000112
401d3a53-720a-00e1-61bd-eef19c6df4eb,2024-11-18,فرع السراج,مصروف,65.000,old_id=210000113,210000113
6b5494f1-8dea-e375-d847-ffaea0f442c8,2024-11-18,فرع السراج,مصروف,10.000,old_id=210000114,210000114
a97a528d-082b-9751-cb19-9984bcf985b4,2024-11-18,فرع السراج,مصروف,25.000,old_id=210000115,210000115
75ffc939-fa24-655b-8917-a14bbee8f34a,2024-11-18,فرع السراج,مصروف,50.000,old_id=210000116,210000116
ce96cf37-5574-fe23-fdb1-5a367289aebb,2024-11-19,فرع السراج,مصروف,70.000,old_id=210000117,210000117
1551d4ca-430f-d9e5-7b2e-d9287b32d25c,2024-11-19,فرع السراج,مصروف,10.000,old_id=210000118,210000118
a52838f7-dce1-b6c9-5ff0-4d17839bd1c3,2024-11-20,فرع السراج,مصروف,75.000,old_id=210000120,210000120
31c0d1cc-34ad-f056-1f82-5370433f5574,2024-11-20,فرع السراج,مصروف,10.000,old_id=210000121,210000121
5aa24461-88ec-2811-d009-95a8d6de205a,2024-11-20,فرع السراج,مصروف,30.000,old_id=210000122,210000122
9c55a62f-16a6-0350-156d-e023533a2ee2,2024-11-21,فرع السراج,مصروف,55.000,old_id=210000123,210000123
6518afb7-c23f-1408-ece8-39287d793eec,2024-11-21,فرع السراج,مصروف,10.000,old_id=210000124,210000124
3c0263fa-5f3f-ca6b-e902-5cdd6d053f1b,2024-11-21,فرع السراج,مصروف,50.000,old_id=210000125,210000125
d87d4200-4c27-4a8f-47d9-28332b6623d7,2024-11-23,فرع السراج,مصروف,50.000,old_id=210000126,210000126
5117a06b-bb6c-2c34-a089-2d4452f09b84,2026-03-24,فرع 11 يونيو,غداء 3 اشخاص + مياه شرب 7 لتر عدد2,90.000,old_id=310001400 | غداء 3 اشخاص + مياه شرب 7 لتر عدد2,310001400
77248bb3-c039-8238-8ec2-9e0a20e3486a,2024-11-28,فرع السراج,مناديل,20.000,old_id=310000005 | مناديل,310000005
a8c797df-3e53-5d86-2d44-4fdd03062285,2025-01-06,فرع السراج,غداء,125.000,old_id=310000128,310000128
28364d01-7ecc-953c-18f1-af45f763174d,2025-01-05,فرع السراج,غداء,110.000,old_id=310000129,310000129
cd19c866-76f9-9f8e-57df-bb709088bcda,2025-01-06,فرع السراج,على ح / بشير,50.000,old_id=310000130,310000130
220a2296-e127-a381-577c-95d3d4a4d98a,2024-11-23,فرع السراج,مصروف,10.000,old_id=210000129,210000129
21a21605-503b-29c7-cec9-1bfbd1cc5112,2024-11-23,فرع السراج,مصروف,30.000,old_id=210000130,210000130
4a833d51-c652-da3b-d2b0-3c0b992fef3d,2024-11-24,فرع السراج,مصروف,85.000,old_id=210000131,210000131
8d96d930-8712-d9dd-561b-e00af899cb10,2024-11-25,فرع السراج,مصروف,10.000,old_id=210000132,210000132
a19f7bd4-f842-f2bf-f2af-44801538db1f,2024-11-25,فرع السراج,تركيب بوكس للكميرات,850.000,old_id=210000133,210000133
ccd90917-53fd-8d78-12b5-d4ea300d1cc2,2024-11-25,فرع السراج,مصروف,95.000,old_id=210000134,210000134
82f32a74-41a2-28f6-7ffa-b07a871b0475,2024-11-25,فرع السراج,مصروف,10.000,old_id=210000135,210000135
f5ded7dc-c994-c4dd-e8f8-a1808326523e,2024-11-25,فرع السراج,مصروف,40.000,old_id=210000136,210000136
730addcd-9e44-895c-adc0-71373d0930dd,2024-11-26,فرع السراج,مصروف,60.000,old_id=210000137,210000137
0430b8e6-2f9c-7a7f-a037-449436ca5d68,2024-11-26,فرع السراج,مصروف,10.000,old_id=210000138,210000138
3b0fb371-f800-fe01-a5b8-7519489087a2,2024-11-26,فرع السراج,مصروف,15.000,old_id=210000139,210000139
630af7e2-10d2-7655-a10b-7f0441fca313,2024-11-27,فرع السراج,مصروف,65.000,old_id=210000140,210000140
43667160-7055-521d-049f-700f0bc9ce3e,2024-11-27,فرع السراج,مصروف,10.000,old_id=210000141,210000141
495bb9ea-0158-3c55-708e-e8aa59da2664,2024-11-27,فرع السراج,مصروف,295.000,old_id=210000142,210000142
6c5e19b8-df24-ac0c-9d2d-cdf85d86d79b,2024-11-27,فرع السراج,مصروف,135.000,old_id=210000143,210000143
ab2ccd5d-3b9e-0020-f56d-705b2e59a990,2024-11-27,فرع السراج,مصروف,35.000,old_id=210000144,210000144
319dec2a-f995-7065-3668-f6631baed874,2024-11-27,فرع السراج,ماء شرب,95.000,old_id=210000145,210000145
79548e0f-a6ab-ca51-3954-fb8d2c04b64d,2024-11-28,فرع السراج,مصروف,75.000,old_id=210000146,210000146
2f192516-8264-2dfb-8a50-08c68476f633,2024-11-28,فرع السراج,مصروف,10.000,old_id=210000147,210000147
e43b5197-7bab-39ac-d7ec-1d3b9b3bbc63,2024-11-28,فرع السراج,مصروف,80.000,old_id=210000148,210000148
73045c4d-8041-4ed7-a334-7a06469cc58d,2024-11-28,فرع السراج,تنظيف,10.000,old_id=210000149,210000149
99c9c321-fb1f-ecee-061e-d1669e9d7f94,2024-12-01,فرع السراج,مصروف,75.000,old_id=210000150,210000150
ed5397dc-47c9-e17b-6270-b6f7ddaa5952,2024-11-30,فرع السراج,مصروف,10.000,old_id=210000151,210000151
450cb752-ee64-915c-504b-d53d741eaa6b,2024-11-30,فرع السراج,مصروف,75.000,old_id=210000152,210000152
f8e43369-1725-4384-534a-150ea9df2b7d,2024-12-01,فرع السراج,مصروف,50.000,old_id=210000153,210000153
ead17c5b-3df9-9af6-a235-05cd69cd7179,2024-12-02,فرع السراج,مصروف,45.000,old_id=210000154,210000154
66b03c1f-2d61-43a2-b640-3a6bb2365759,2024-12-02,فرع السراج,مصروف,10.000,old_id=210000155,210000155
d3c33cfc-c220-9673-ec5d-4c39b23792f0,2024-12-03,فرع السراج,مصروف,60.000,old_id=210000156,210000156
992c2857-c4e0-54c0-fc66-58cd04b06706,2024-12-03,فرع السراج,مصروف,10.000,old_id=210000157,210000157
eea4c48d-5edd-c7d4-ba58-231077835ac3,2024-11-23,فرع السراج,مصروف,55.000,old_id=210000128,210000128
d0bb78a3-bb5d-0d1c-4b49-b81e7eb49415,2024-12-09,فرع السراج,خصم من مرتب موسى,5.000,old_id=310000009,310000009
3f9aa203-5c20-3ba8-6e11-34f32606a1ce,2025-01-07,فرع السراج,جزء من الايجار شهر 12,520.000,old_id=310000131 | جزء من ايجار شهر 12,310000131
3c2c2d2e-f4eb-db95-520d-fcdd188a9981,2025-01-06,فرع السراج,جزء من ايجار شهر 12,2740.000,old_id=310000132 | جزء من ايجار شهر 12,310000132
5fee79c9-ffc1-9b74-e5ce-ab3c01ed991d,2025-01-08,فرع السراج,غداء,132.000,old_id=310000134,310000134
d44de09d-049b-d0b2-a752-9b661c9a8739,2025-01-09,فرع السراج,غداء 5 أشخاص,86.000,old_id=310000135,310000135
4d144768-5a5f-9e24-a63e-6dfd0a96ea9b,2025-01-09,فرع السراج,جزء من مرتب شهر 1 عبد الله يعقوب,250.000,old_id=310000136,310000136
faf92bcd-a4f7-b4c0-a180-fb4770db7755,2024-12-14,فرع السراج,تركيب بضاعة للمحل,40.000,old_id=310000022,310000022
92dece22-79ba-83c6-762a-b37df68ee77f,2024-12-14,فرع السراج,تزييت سرانتي المحل,5.000,old_id=310000023,310000023
eb46d9f2-f5cd-64f4-8f2e-a7184ff86c0b,2024-12-16,فرع السراج,غداء 7 اشخاص,167.000,old_id=310000031,310000031
0722e133-8e1c-dfb1-d4d0-67e1f8449158,2024-12-16,فرع السراج,ارجاع مقعد ايديل تونسي  لي الزبون بسبب عيب تصنيع,625.000,old_id=310000032 | تم الارجاع عن طريق بشير بحضور سليم,310000032
f20c3b1e-5c8c-3a82-1c04-0bcb9d81fe7d,2024-12-03,فرع السراج,مصروف,140.000,old_id=210000160,210000160
a1120d99-7789-1f82-63b6-c3a2aee3dff9,2024-12-04,فرع السراج,مصروف,80.000,old_id=210000161,210000161
18abfd4a-1e98-6153-8a58-7964f6468444,2024-12-04,فرع السراج,مصروف,10.000,old_id=210000162,210000162
1e67639b-8657-52a9-fe61-4fff96cdcd18,2024-12-05,فرع السراج,مصروف,55.000,old_id=210000163,210000163
7610792a-11ba-022c-1a36-2a0552190723,2024-12-05,فرع السراج,مصروف,10.000,old_id=210000164,210000164
a328a432-c450-21b1-67c4-02431a98c290,2024-12-07,فرع السراج,مصروف,55.000,old_id=210000165,210000165
7e5bedc0-615b-ae97-af03-788185425146,2024-12-07,فرع السراج,مصروف,10.000,old_id=210000166,210000166
cbbde2d5-0cbd-26bf-6dc5-7d21de670cc8,2024-12-07,فرع السراج,مصروف,140.000,old_id=210000167,210000167
fee63857-e28e-4693-1549-744765139a16,2024-12-08,فرع السراج,مصروف,45.000,old_id=210000168,210000168
988194af-2fbf-dbf3-e24b-e1aee90a4e77,2024-12-08,فرع السراج,مصروف,10.000,old_id=210000169,210000169
b8c9452f-2094-4a1c-da38-6825e982aa33,2024-12-09,فرع السراج,مصروف,40.000,old_id=210000170,210000170
367c5090-a1dc-14a5-f3d1-93412bb330c9,2024-12-09,فرع السراج,مصروف,10.000,old_id=210000172,210000172
4c2f1986-8fad-0842-3df0-cb00251aa50b,2024-12-10,فرع السراج,مصروف,60.000,old_id=210000173,210000173
7ee0c6d3-0252-4dee-6666-4e61f7ad74ab,2024-12-10,فرع السراج,مصروف,10.000,old_id=210000174,210000174
91895eae-fdec-96b8-937a-7a58edf610c7,2024-12-10,فرع السراج,مصروف,50.000,old_id=210000175,210000175
550fd5d0-db4a-f1c4-37d0-9930972a6acb,2024-12-11,فرع السراج,مصروف,80.000,old_id=210000176,210000176
ccc74a52-f926-9142-51c8-e97a539f0ce2,2024-12-11,فرع السراج,مصروف,10.000,old_id=210000177,210000177
67c81773-a120-a1eb-32b4-be5ea1f368b7,2024-12-12,فرع السراج,مصروف,50.000,old_id=210000178,210000178
0db559df-2b81-6106-c6e0-c397fff1ab58,2024-12-12,فرع السراج,مصروف,10.000,old_id=210000179,210000179
dc026c7b-109e-4ac7-a0f8-3c2f3d68e689,2026-04-11,فرع 11 يونيو,حساب عامل تهبط بضاعة,50.000,old_id=310001467 | حساب عامل تهبط بضاعة,310001467
0d9aefaa-3960-1962-ab59-95ece0209078,2026-05-06,فرع 11 يونيو,وجبة غداء ل4 أشخاص,90.000,old_id=310001543 | وجبة غداء ل4 أشخاص,310001543
78e1f1de-1034-cd9c-512b-32da8cd69e5b,2025-01-07,فرع السراج,غداء,85.000,old_id=310000133,310000133
a71e1da2-1bfc-7daa-26f6-866dfd13dbe1,2024-12-16,فرع السراج,15 جزء من المعاش,15.000,old_id=310000033 | عبدالرحمان قشوط,310000033
2aa8dbe4-f983-32ca-232f-6c2f75f219fb,2024-12-28,فرع السراج,على ح  / عماد,1000.000,old_id=310000068,310000068
583230ae-04cc-d983-e35d-57c489cb3e3e,2024-12-28,فرع السراج,غداء 5 أشخاص,110.000,old_id=310000069,310000069
b8c17a70-2a9c-ac05-4763-b706dd09a5b5,2024-12-28,فرع السراج,مفك كهلربائي,5.000,old_id=310000070,310000070
70d4c276-b114-bead-4990-15c09e2e7f0c,2024-12-29,فرع السراج,غداء,95.000,old_id=310000071,310000071
b7b0e5b4-c138-2643-7b3c-a14c2f2deb7d,2024-12-29,فرع السراج,مشتريات عبد المنعم طلاء,1535.000,old_id=310000072,310000072
760ae58c-7ba3-fde6-6abe-a87cdd130456,2024-12-29,فرع السراج,على ح / عبد الله,20.000,old_id=310000073,310000073
112f3974-6779-d5f6-7d4e-21687d5024ff,2024-12-29,فرع السراج,على ح / بشير,20.000,old_id=310000074,310000074
279c8d68-6a16-e1b1-9464-c72b518b4765,2024-12-30,فرع السراج,نسبة ىمبيعات عبد الرحمان,285.000,old_id=310000075,310000075
a82b0249-688a-5fae-a32e-dd1db5cc6f74,2024-12-30,فرع السراج,بخور / كربون,32.000,old_id=310000076,310000076
9db99483-3653-5fe5-327e-6ba47a0103f9,2024-12-30,فرع السراج,غداء,140.000,old_id=310000078,310000078
589edfb4-a209-c71d-8910-e99751dd08b7,2024-12-31,فرع السراج,نقل بضاعة نجارة ديكور للمحل,50.000,old_id=310000079,310000079
cd92d332-9cb9-275e-f4e0-02e4cd4d2fc6,2024-12-31,فرع السراج,ورق طابعة 80*80 / 4 رول,20.000,old_id=310000112,310000112
63ec430a-b425-d148-a744-8b0ad4aad512,2024-12-31,فرع السراج,غداء,130.000,old_id=310000113,310000113
5b675c78-043c-ac93-5fca-eb5361ab54e6,2024-12-31,فرع السراج,على ع / عبد الله,20.000,old_id=310000114,310000114
feb9b6b0-3be9-a868-8e88-72d8967a155e,2025-01-01,فرع السراج,على ج /سليم,1000.000,old_id=310000115,310000115
22f9f4be-e266-e218-d5dd-8aa7f9c3c61d,2025-01-01,فرع السراج,غداء,145.000,old_id=310000116,310000116
4a886eeb-c65f-dda6-304f-d895801aae1f,2024-12-31,فرع السراج,على حساب / سمير,20.000,old_id=310000117,310000117
b122c26f-06d0-10a6-cc0d-f05d54b4e5c6,2025-01-01,فرع السراج,اغلاق حساب سمير 21 يوم,600.000,old_id=310000118,310000118
4d12c2bb-8540-30bb-19ac-f305c36cd442,2025-01-01,فرع السراج,مرتب عبد الله /محسوب 1000,260.000,old_id=310000119,310000119
8f4652c8-d52f-2a92-0e61-583e20282f98,2024-12-14,فرع السراج,مصروف,65.000,old_id=210000182,210000182
3ae6d3e8-cf82-382e-379d-e3dd2b8545ba,2024-12-14,فرع السراج,مصروف,10.000,old_id=210000183,210000183
53697332-855a-2b14-09e6-2e96efcbe7a9,2024-12-15,فرع السراج,مصروف,75.000,old_id=210000184,210000184
63d1253e-2bdd-dc2b-5073-f38ead8e087c,2024-12-15,فرع السراج,مصروف,10.000,old_id=210000185,210000185
0e8f0145-6703-ec3b-d212-31adc0984914,2024-12-16,فرع السراج,مصروف,50.000,old_id=210000186,210000186
4bc1ff5c-9deb-36ad-af78-03d9ed3f61af,2024-12-16,فرع السراج,مصروف,10.000,old_id=210000187,210000187
b7495ea6-d847-9e30-8664-a4f4df723462,2024-12-17,فرع السراج,مصروف,75.000,old_id=210000188,210000188
b8a24f85-3dbb-3482-3784-9e295f9d0d04,2024-12-17,فرع السراج,مصروف,10.000,old_id=210000189,210000189
6f96614f-f48f-5f9e-7fe5-7f7113a8f93d,2024-08-17,فرع السراج,مصروف,45.000,old_id=210000003,210000003
8c7f47ed-1ebe-fa72-0b43-0f05fd2d48c8,2025-01-01,فرع السراج,سليم,1000.000,old_id=310000120,310000120
88945e01-814d-29da-3676-8d588e482a98,2024-09-12,فرع السراج,مصروف,20.000,old_id=210000056,210000056
054471cd-e792-5fb4-50e8-42498dee2f94,2024-12-17,فرع السراج,غداء 6 اشخاص,126.000,old_id=310000039,310000039
81800c7d-7474-dbbc-a047-5d1026345db1,2025-01-01,فرع السراج,على ح/ بشير,50.000,old_id=310000121,310000121
80ae69a9-c537-ae0d-4185-98eafd96e6d0,2025-01-02,فرع السراج,غداء,91.000,old_id=310000122,310000122
7b5f180a-cfa5-9b51-3fcb-bb25cd200f8a,2025-01-02,فرع السراج,سليم,3000.000,old_id=310000123,310000123
ba6cc906-53d2-88f4-3be4-fab26a72da51,2025-01-04,فرع السراج,سليم لغرض المشتريات,2000.000,old_id=310000124,310000124
47a7c62a-edd1-dbb1-087d-2d230374f22f,2025-01-09,فرع السراج,جزء من معاش سمير شهر 1,20.000,old_id=310000137,310000137
7794e75e-9a7f-268a-26b4-5df4021162f9,2025-01-11,فرع السراج,مشتريات مخرج شطاف ذهبي من مسوق,400.000,old_id=310000139,310000139
d15f8b0b-3e54-d24b-f996-a014c36b7c11,2025-01-11,فرع السراج,شراء من الرمال 2 راس سيفوني دانيال 125 *2,250.000,old_id=310000140,310000140
6a9d9187-56b4-e264-41a7-74a39d704a67,2025-01-11,فرع السراج,فسيبلي للزبون 6 /مقاس 50 / السعر 17.5,115.000,old_id=310000141,310000141
abe846bb-519f-b1d8-8f26-1c69f47a4001,2025-01-11,فرع السراج,عبد المنعم طلاء,710.000,old_id=310000142,310000142
6d6a456c-c1ea-e65a-be62-c4fbd5ddbbbf,2025-01-12,فرع السراج,ضاضو لتركيب المقاعد في القاعدة,25.000,old_id=310000143,310000143
b2399a80-0ff7-837a-5e28-db71314b3187,2025-01-12,فرع السراج,غداء,120.000,old_id=310000144,310000144
ccc8825d-b9f9-ad65-6b8e-0a1f793246b3,2025-01-12,فرع السراج,رينديلات,3.000,old_id=310000145,310000145
e68e3b63-b6a8-da19-8892-7e8a80001a89,2025-01-13,فرع السراج,غداء 6,170.000,old_id=310000146,310000146
79d9a5bd-19e9-6e7d-9ce4-d4da1e85d69f,2025-01-13,فرع السراج,مشتريات سليم فسيبلي,110.000,old_id=310000150,310000150
c45d1f6d-4947-c6d5-fa27-5eabd68a28fa,2025-01-13,فرع السراج,مطول كهرباء,18.000,old_id=310000148,310000148
fa2a5cc0-5607-413d-813f-6ef830b6adf7,2025-01-13,فرع السراج,فرشيتي,3.500,old_id=310000149,310000149
711266c9-da0b-0e9d-d3fd-4a71b6ef3e63,2025-01-14,فرع السراج,عبد المهيمن الزناد,260.000,old_id=310000151,310000151
f27f30e2-f1f1-9443-8ad9-a8ffc77b40e2,2024-12-18,فرع السراج,مصروف,10.000,old_id=210000191,210000191
f3b9d496-3c2a-b49a-94df-feff6cdf4d7a,2024-12-18,فرع السراج,نقل كناسه,40.000,old_id=210000192,210000192
f2749927-956d-3ad5-de97-7d3cfa3db180,2024-12-19,فرع السراج,مصروف,55.000,old_id=210000193,210000193
25fde8f5-7163-bc90-b4a3-6cdbdb52e8b3,2024-12-19,فرع السراج,مصروف,10.000,old_id=210000194,210000194
55af5de1-efdf-f33e-7f41-0580585f418b,2024-12-21,فرع السراج,مصروف,60.000,old_id=210000195,210000195
b5e22a95-c869-71b8-2798-ddd4776a614e,2024-12-21,فرع السراج,مصروف,10.000,old_id=210000196,210000196
a1f0afe6-cb87-76cd-8c7c-ebf3a5b41c8d,2024-12-22,فرع السراج,مصروف,65.000,old_id=210000197,210000197
9b58dee9-758a-90e7-8f0b-46a06fd40600,2024-12-22,فرع السراج,مصروف,10.000,old_id=210000198,210000198
7ccdf5a3-0691-b32e-5a8b-77c5caf300d6,2024-12-22,فرع السراج,بورزات للمحل,172.000,old_id=210000200,210000200
dda5c723-7ef4-c486-9e8e-ede27337474e,2024-12-23,فرع السراج,مصروف,80.000,old_id=210000201,210000201
f4ab0714-24bb-a8f3-ae65-465fc0f2e712,2024-12-23,فرع السراج,مصروف,10.000,old_id=210000202,210000202
571bdb7c-3f66-1458-ce18-8fbe6c562a62,2024-12-24,فرع السراج,مصروف,30.000,old_id=210000203,210000203
337622e8-20a4-71d7-bf2d-f1e2f85a3ac3,2024-12-24,فرع السراج,مصروف,10.000,old_id=210000204,210000204
a61b1c4e-7830-aebc-a57d-3b13df390653,2024-11-07,فرع السراج,مصروف,85.000,old_id=210000092,210000092
3b75d184-1920-70c3-6e93-6daf8f2a4029,2024-12-30,فرع السراج,سليم,2000.000,old_id=310000077,310000077
8d8c6968-094c-833f-d95c-5a236631a21a,2025-01-14,فرع السراج,شاهي +قهوة,126.000,old_id=310000152,310000152
49b8939f-b30f-58c4-666f-b2490d682760,2025-01-14,فرع السراج,غداء,87.000,old_id=310000153,310000153
13dfbeeb-70f5-16ae-bc87-a9ffbcc04370,2025-01-14,فرع السراج,مياه,10.000,old_id=310000154,310000154
cb2283d3-4e72-296e-6723-52753ef5b0ed,2025-01-14,فرع السراج,مشتريات سليم,130.000,old_id=310000155,310000155
e5a28c91-ad12-7c20-3f5f-e8494c1e7ce3,2025-01-15,فرع السراج,صابون,23.000,old_id=310000187,310000187
0ae6ca51-99a4-ea45-9da5-c9af57b09aed,2025-01-15,فرع السراج,بسكويت+معمول+شاي+موخيتو,169.000,old_id=310000188,310000188
ce125a79-c60e-93e9-d943-9100be905faa,2025-01-15,فرع السراج,ورد زينه ديكور مع استشوار,82.000,old_id=310000189 | ورد زينه ديكور مع استشوار,310000189
ba9752c0-8a39-232a-7e9e-810ab17c5d77,2025-01-15,فرع السراج,توصي فاتورة زبون,30.000,old_id=310000190,310000190
a567d817-e206-f021-2000-3c649f0259fc,2025-01-15,فرع السراج,على ح/ بشير,160.000,old_id=310000191,310000191
8c99591f-5970-1a64-6800-2d022b61ee9a,2025-01-15,فرع السراج,مصروف,110.000,old_id=310000192,310000192
75ff1f22-62ea-9ca5-1b6c-d612010353bb,2025-01-14,فرع السراج,مشتريات من الرمال,360.000,old_id=310000193,310000193
7b0e344d-426e-137e-2305-596294b07261,2025-01-16,فرع السراج,علي ح / بشير,300.000,old_id=310000195,310000195
3ffbc090-1790-16ee-ac6a-04c8647ba666,2025-01-16,فرع السراج,غداء,100.000,old_id=310000196,310000196
61d93ddb-bdb1-cbdb-eb0b-d9e8044694d1,2025-01-16,فرع السراج,مشتريا فسيبلي عبد الله يعقوب بدون فاتورة,10.000,old_id=310000197,310000197
6e9bbb7e-bb00-ff67-af2f-b51cf05e1d14,2025-01-16,فرع السراج,نقل خشب ديكور من ورشة عبدالرزاق,50.000,old_id=310000198,310000198
bd394fc7-2b62-7df1-eb77-2a89fe18a2fa,2025-01-16,فرع السراج,سمير النيجر سلفة من شهر 1,50.000,old_id=310000199,310000199
06ae6e2f-918b-8ac8-43b6-f87679cfd8f9,2025-01-19,فرع السراج,غداء  5 اشخاص,130.000,old_id=310000203 | غداء  5 اشخاص,310000203
b0e70dcd-d17b-3fd0-f168-79caeba17145,2025-01-18,فرع السراج,جزء من مرتب شهر 1,390.000,old_id=310000201,310000201
31b017be-d296-fc5a-6c03-63ea775fe0c6,2025-01-19,فرع السراج,4 صناديق ماء,32.000,old_id=310000204,310000204
9b3408fd-39cf-8ff7-ae82-f2c2be60d0b7,2025-01-18,فرع السراج,سليم,680.000,old_id=310000202,310000202
37660aa4-8e85-d7cb-e16f-75da56a0a513,2024-12-03,فرع السراج,مصروف,120.000,old_id=210000159,210000159
2e6b9b1d-511b-26b2-a315-ed4113cada91,2024-12-12,فرع السراج,ورق طابعة,52.000,old_id=210000181,210000181
4e1a67af-94a8-81bd-47c8-62d380c3760c,2024-12-26,فرع السراج,مصروف,55.000,old_id=210000207,210000207
e258c74c-1b1d-e058-9804-d613b048f620,2024-12-26,فرع السراج,مصروف,10.000,old_id=210000208,210000208
33f96615-943a-1fb5-f3ab-a10e3bde6012,2024-12-28,فرع السراج,مصروف,44.000,old_id=210000209,210000209
c510fc8a-9baf-19fe-2561-4dc7dd8c29e6,2024-12-28,فرع السراج,مصروف,10.000,old_id=210000210,210000210
9e0003c3-9584-6d47-9111-e4f06aa0d85d,2024-12-28,فرع السراج,مصروف,21.000,old_id=210000211,210000211
080d3518-852d-f5ea-c563-9515e0014eb1,2024-12-29,فرع السراج,مصروف,50.000,old_id=210000212,210000212
65ccaa54-6352-65e0-4558-cd457b4583c7,2024-12-29,فرع السراج,مصروف,10.000,old_id=210000213,210000213
6269eb60-37a4-03b0-fc3e-6b7dfa2464b9,2024-12-30,فرع السراج,مصروف,80.000,old_id=210000214,210000214
289420da-224f-2e95-5e36-16d4ce450ede,2024-12-30,فرع السراج,مصروف,10.000,old_id=210000215,210000215
e2ffc346-b156-6b54-af09-d5a004663920,2025-01-11,فرع السراج,غداء,117.000,old_id=310000138,310000138
5de491b4-c9a3-0f53-9040-6e6ce4b9ffea,2025-01-18,فرع السراج,غداء 6 اشخاص,124.000,old_id=310000200 | غداء 6 اشخاص,310000200
5fc40e17-525e-051c-c0e6-8f46aba52290,2025-01-19,فرع السراج,سليم مشتريات,3000.000,old_id=310000205,310000205
648668a6-3e30-cf70-2d19-020c5e120c8b,2025-01-20,فرع السراج,سليم شراء خيط شحن CA-182C,25.000,old_id=310000206 | سليم شراء خيط شحن CA-182C,310000206
f01123d3-8abd-b533-0daf-72641fc96952,2025-01-20,فرع السراج,وجبة غداء خمس اشخاص,85.000,old_id=310000239 | وجبة غداء خمس اشخاص,310000239
a652a7fc-2222-e422-c96f-bd1ddc43793b,2025-01-20,فرع السراج,نقل بضاعة من السراد الى 11 يونيو,25.000,old_id=310000240 | نقل بضاعة من السراد الى 11 يونيو,310000240
a12f4eb6-c9d8-10db-6670-9ca82e5eddad,2025-01-21,فرع السراج,"وجبة غداء لخمس اشخاص
ماىة و عشرين دينار و خمس قروش
",120.000,"old_id=310000241 | وجبة غداء لخمس اشخاص
ماىة و عشرين دينار و خمس قروش
",310000241
2bd7d86f-73b8-5b01-e80c-733a1ebe8b52,2025-01-23,فرع السراج,وجبة غداء لخمس اشخاص,105.000,old_id=310000246 | وجبة غداء لخمس اشخاص,310000246
22044338-255a-214a-eb90-e12dac1e0623,2025-01-20,فرع السراج,عبد الله جزء من حساب شهر 1,100.000,old_id=310000242 | عبد الله جزء من حساب شهر 1,310000242
b6607d83-20e7-3bc0-8717-b6579c91519a,2025-01-22,فرع السراج,وجبة غداء لخمس اشخاص,105.000,old_id=310000243 | وجبة غداء لخمس اشخاص,310000243
e58e7a25-6d06-1eca-44c0-a07eaf3db4c4,2025-01-22,فرع السراج,مقدم لبشير من شهر جانفي,50.000,old_id=310000244 | مقدم لبشير من شهر جانفي,310000244
9ba5c666-0c07-a8fd-74fc-54351bab66d9,2025-01-23,فرع السراج,مشروب,4.000,old_id=310000247 | مشروب,310000247
ab7cdc65-7f1c-cd6b-3d61-031cb90341ff,2024-12-31,فرع السراج,سليم كاش,5000.000,old_id=210000219,210000219
caeed0e9-8e41-b76f-3a45-ef6bcabf73a2,2024-12-31,فرع السراج,تصكير حساب جعفر,750.000,old_id=210000220,210000220
74066a7b-70f8-6fdc-0534-e76680692f72,2024-12-31,فرع السراج,مرتب احمد سوداني مواد بناء,1000.000,old_id=210000221,210000221
85603eaf-0e0b-8a9f-160d-df012d686fc4,2024-12-31,فرع السراج,مرتب احمد شهر 12,1300.000,old_id=210000223,210000223
4b946546-c0ba-8696-bb04-2eaa39f94cdb,2024-12-31,فرع السراج,سلفة جعفر النيجر,200.000,old_id=210000222 | سلفة من شهر 1/2025,210000222
294cf2c5-f631-c3b3-5a35-2afcc2a3e7a0,2024-12-31,فرع السراج,نسبة احمد شهر 12,1615.000,old_id=210000224 | نسبة احمد شهر 12,210000224
059ddce4-c9ba-4c38-901c-259b3aac0f34,2025-01-01,فرع السراج,مصروف,65.000,old_id=210000225,210000225
39fe172a-496d-49d7-95d8-78d5c18195cd,2025-01-01,فرع السراج,مصروف,10.000,old_id=210000226,210000226
97e18699-dfdd-1d62-9e5a-39248c7772b1,2025-01-02,فرع السراج,حبر طابعه,38.000,old_id=210000227,210000227
bb761cab-b64c-d55f-c6e4-57f799f1a3a1,2025-01-02,فرع السراج,مصروف,75.000,old_id=210000228,210000228
9c41bd1a-d7a7-7317-952a-4b44439f4dbd,2025-01-02,فرع السراج,2سيارة تراب قدام محل,360.000,old_id=210000229,210000229
a7c227c7-860b-a4dc-2fd0-da270dfe8266,2025-01-02,فرع السراج,طرح تراب قدام المحل,90.000,old_id=210000230,210000230
22c8562e-c001-e6c8-5145-0ab2eeec6486,2025-01-02,فرع السراج,عربون تصنيع قواعد عرض مقاعد معلقه,400.000,old_id=210000231,210000231
ea82a7ff-5d45-e26c-c27a-cc98ef02500d,2025-01-04,فرع السراج,مصروف,45.000,old_id=210000232,210000232
cb4df294-89f6-c0f9-560f-3044ff82d015,2025-01-04,فرع السراج,مصروف,10.000,old_id=210000233,210000233
c29abb6b-7ad4-ff5e-42a0-74c303980919,2025-01-04,فرع السراج,ماء شرب,10.000,old_id=210000234,210000234
de4a7761-5074-7607-8735-dfed483c9beb,2025-01-04,فرع السراج,تصليح مرش محل,250.000,old_id=210000235,210000235
b0ce8e71-5c69-a20c-69a7-300749124236,2024-12-18,فرع السراج,مصروف,45.000,old_id=210000190,210000190
37af127b-aa15-d3c4-0d3c-2ed398db2d57,2025-01-25,فرع السراج,نقل بضاعة من جنزور ل11 يونيو,100.000,old_id=310000248 | نقل بضاعة من جنزور ل11 يونيو,310000248
19f5900b-6ad9-9d36-f4d2-a3e11dbd1b86,2025-01-25,فرع السراج,وجبة غداء لخمس اشخاص,95.000,old_id=310000249 | وجبة غداء لخمس اشخاص,310000249
8e4305e0-5d8f-32ef-daad-521c75dbb7e3,2025-01-25,فرع السراج,نقل احواض بورسلين من الدعوة الى سطح  11 يونيو,70.000,old_id=310000250 | نقل احواض بورسلين من الدعوة الى سطح  11 يونيو,310000250
3d9eda8e-cf69-20ce-d809-8d8bb4f1cde3,2025-01-25,فرع السراج,ثلاثون دينار لبشير من شهر واحد,30.000,old_id=310000251 | ثلاثون دينار لبشير من شهر واحد,310000251
d1763826-1774-bd71-69cf-15f0dd49b4bc,2025-01-25,فرع السراج,تنزيل أحواض البورسلين وبضاعة جنزور,100.000,old_id=310000252,310000252
7afb4093-6ea6-a667-a4ee-f125087b6cb3,2025-06-17,فرع السراج,مصروف,75.000,old_id=310000628,310000628
14300f9c-b6a9-9269-9ae9-b472fa089855,2025-01-26,فرع السراج,وجبة غداء لخمس اشخاص,105.000,old_id=310000253 | وجبة غداء لخمس اشخاص,310000253
b5175e26-1336-fa42-8a17-e8f96bec0c31,2025-01-20,فرع السراج,سليم مشتريات,3000.000,old_id=310000254,310000254
4af68372-44ad-6d07-2753-404801102132,2025-01-21,فرع السراج,سليم مشتريات,5000.000,old_id=310000255,310000255
0451bc4f-3b68-6008-5253-f0713a8f3947,2025-01-26,فرع السراج,ثلاثون دينار لبشير من شهر واحد,30.000,old_id=310000256 | ثلاثون دينار لبشير من شهر واحد,310000256
baa3900b-cbf7-1fc9-c42c-a87d4a7018e0,2025-01-27,فرع السراج,غداء 6 أشخاص,93.000,old_id=310000257,310000257
c3096726-b830-3735-ed37-8bd2084d8ae6,2025-01-27,فرع السراج,صابون,10.000,old_id=310000258,310000258
23db3df2-8d62-6544-c007-f3923ca57f2e,2024-12-25,فرع السراج,مصروف,10.000,old_id=210000206,210000206
e61a8e4f-83d4-1017-f5d2-721a6db192ad,2025-01-05,فرع السراج,مصروف,10.000,old_id=210000238,210000238
d0bc3692-9877-91eb-e372-faba72745ea1,2025-01-06,فرع السراج,مصروف,50.000,old_id=210000239,210000239
006dc9c6-4b89-0b34-1778-b9ae6bda9d5c,2025-01-06,فرع السراج,مصروف,10.000,old_id=210000240,210000240
2e64f106-89c5-c02e-89a6-4b8d9a7f6673,2025-01-07,فرع السراج,قواعد مقاعد معلقه,500.000,old_id=210000241,210000241
9657355c-a6a5-5412-da3d-6ff3ea24c79f,2025-01-07,فرع السراج,نقل قواعد,40.000,old_id=210000242,210000242
cf3c5276-c739-f8aa-0d0a-4780d85a60fb,2025-01-07,فرع السراج,مصروف,80.000,old_id=210000243,210000243
1e8ae419-34e4-018a-c155-9fe610547597,2025-01-07,فرع السراج,مصروف,10.000,old_id=210000244,210000244
f4d753fe-8fde-e3e9-f4e0-55ee2e132ba3,2025-01-07,فرع السراج,ماء شرب,74.000,old_id=210000245,210000245
25f5d568-058b-3571-9e7d-e8aa82ac0cbd,2025-01-07,فرع السراج,مصروف,16.000,old_id=210000246,210000246
7d195974-a295-5525-9be3-c7fe3618b008,2025-01-08,فرع السراج,مصروف,105.000,old_id=210000248,210000248
c766a236-efe1-960f-9a8b-38b7b5229903,2025-01-08,فرع السراج,مصروف,10.000,old_id=210000249,210000249
6293c730-0b48-e49e-0a4b-df0f615638d3,2025-01-09,فرع السراج,من دعوة الي سراج,40.000,old_id=210000250,210000250
15b58071-6409-cb9f-642e-3ad7b187367c,2025-01-09,فرع السراج,مصروف,90.000,old_id=210000251,210000251
e4e8d3d5-b0bb-7ac0-20d9-dd4514368a69,2025-01-09,فرع السراج,مصروف,10.000,old_id=210000252,210000252
d2aae075-92f0-a1f5-ae78-ca46465da4be,2025-01-09,فرع السراج,زبون 11يونيوا,80.000,old_id=210000253,210000253
5c0af1d4-373f-6de6-d647-e8ca458303a3,2025-01-11,فرع السراج,مصروف,45.000,old_id=210000254,210000254
22ce0dcb-ae28-893a-eb48-0122990604ff,2025-01-11,فرع السراج,مصروف,10.000,old_id=210000255,210000255
4ee34dd4-d8f8-2e08-5775-62f1ede25101,2025-01-15,فرع السراج,مصروف,35.000,old_id=210000266,210000266
bf713f3c-10d2-bd17-308d-8e696aeb238d,2025-01-15,فرع السراج,مشتريات من جذور,222.000,old_id=310000194,310000194
724e3310-78aa-52bc-faa0-72f469aca97b,2025-01-28,فرع السراج,شراء هيلتي من قبل بشير,300.000,old_id=310000265 | شراء هيلتي من قبل بشير,310000265
9c17664f-cdcb-99b7-c38f-267626136dfc,2025-01-26,فرع السراج,سليم,3000.000,old_id=310000259,310000259
5a8f13ad-0e8c-fa16-3787-6b19be1d8cb4,2025-01-27,فرع السراج,خمسون دينار لعبد الله من مرتب شهر واحد,50.000,old_id=310000260 | خمسون دينار لعبد الله من مرتب شهر واحد,310000260
1218b1f1-7091-8a53-479a-7d5f0a464c68,2025-01-27,فرع السراج,عشرون دينار من مرتب سمير نيجر لشهر واحد,20.000,old_id=310000261 | عشرون دينار من مرتب سمير نيجر لشهر واحد,310000261
97e97938-c174-6e0d-d7da-535ed9d4790d,2025-01-28,فرع السراج,لصقة,5.000,old_id=310000263 | لصقة,310000263
cdeb03f8-3782-bc3b-18b1-96ae8f08ea0d,2025-01-28,فرع السراج,وجبة غداء لخمس اشخاص,105.000,old_id=310000266 | وجبة غداء لخمس اشخاص,310000266
438bfd10-f774-99e0-d2f9-4e8c7138415f,2025-01-29,فرع السراج,وركينة,3.500,old_id=310000267,310000267
78e3b23f-4a8e-a7ac-3c63-fa89e9eb399e,2025-01-28,فرع السراج,صيانة مورش باب المحل,250.000,old_id=310000264 | صيانة مورش باب المحل,310000264
126c0f70-e48e-3788-4ff3-cb4960aa1639,2025-01-28,فرع السراج,بريستو مواد تنظيف,62.000,old_id=310000268 | بريستو مواد تنظيف,310000268
d1eb64c2-fdeb-71f4-5779-0123ecb92402,2025-01-29,فرع السراج,"بشير,شراء مصب متحرك G2728",220.000,"old_id=310000269 | بشير,شراء مصب متحرك G2728",310000269
2d35a4ef-ca77-4b6a-4444-dd69fa87e2a3,2025-01-29,فرع السراج,وجبة غداء لخمس اشخاص,130.000,old_id=310000270 | وجبة غداء لخمس اشخاص,310000270
3f95ebf1-65de-2403-79fc-178a6f6435cc,2025-02-09,فرع السراج,شراء MEMORY 60GB-سليم-,65.000,old_id=310000300 | شراء MEMORY 60GB-سليم-,310000300
84f7ab6d-9125-3256-2a02-e903fdc5d31c,2025-01-30,فرع السراج,"جلب بضاعة من دار الخزف
احواض مطبخ منظومة و بيانو",70.000,"old_id=310000273 | جلب بضاعة من دار الخزف
احواض مطبخ منظومة و بيانو",310000273
a8558b49-043e-4b6d-8117-a7001ddd2137,2025-02-01,فرع السراج,وجبة غداء لخمس اشخاص,125.000,old_id=310000278 | وجبة غداء لخمس اشخاص,310000278
f7e98afe-74be-b6f8-7ab7-a32688743b4f,2025-02-01,فرع السراج,شراء 13  سرفنتينة ايطالي من الجزيرة -سليم,975.000,old_id=310000279 | شراء 13  سرفنتينة ايطالي من الجزيرة -سليم,310000279
3f0681c1-2d20-d095-ba81-ea341bc87f10,2025-02-02,فرع السراج,شحن نت,100.000,old_id=310000282 | شحن نت,310000282
a25e628f-73df-5db0-97e4-d8750a44d731,2025-02-02,فرع السراج,ثمانمئة دينار لبشير من شهر ......,800.000,old_id=310000283 | ثمانمئة دينار لبشير من شهر ......,310000283
2bff2caa-c867-9d26-681f-75e04d13a50d,2025-02-02,فرع السراج,وجبة غداء لخمسة اشخاص,90.000,old_id=310000284 | وجبة غداء لخمسة اشخاص,310000284
17186f6e-d58c-c0e9-b06a-df21017c0c6b,2024-12-31,فرع السراج,مصروف,55.000,old_id=210000216,210000216
2024804b-c3f4-a162-705e-ce6c430049bd,2025-01-12,فرع السراج,مصروف,10.000,old_id=210000258,210000258
9a5d5f44-b757-d5dd-650d-4c0f12950461,2025-01-12,فرع السراج,مصروف,40.000,old_id=210000259,210000259
7617646c-8f13-3463-6e2c-94798be98192,2025-01-13,فرع السراج,مصروف,45.000,old_id=210000260,210000260
3d801189-74c6-dddf-d267-a46360cbdb6d,2025-01-13,فرع السراج,مصروف,10.000,old_id=210000261,210000261
94f24af1-d319-08bd-6cc8-560fbf1ec7f8,2025-01-14,فرع السراج,مصروف,35.000,old_id=210000262,210000262
e5996d3a-0af6-1821-c5d3-846ddcbe81b2,2025-01-14,فرع السراج,مصروف,10.000,old_id=210000263,210000263
0047ac97-19bd-b01d-7e3e-fa99ec8bc588,2025-01-14,فرع السراج,مصروف,50.000,old_id=210000264,210000264
36a59eab-78a8-4cc7-2416-eaf6b1c3c945,2025-01-15,فرع السراج,مصروف,30.000,old_id=210000265,210000265
7510dabb-f6a5-7b37-dd1c-73ec4cb74dac,2025-01-18,فرع السراج,مصروف,35.000,old_id=210000271,210000271
d62892b6-a7e8-03d3-0a0e-178d4bc99388,2025-01-18,فرع السراج,مصروف,10.000,old_id=210000272,210000272
6712aa28-cb4c-a978-6bbd-37d39746bd72,2024-12-31,فرع السراج,مصروف,10.000,old_id=210000217,210000217
360005bd-500d-395d-041b-3102826fc741,2025-01-22,فرع السراج,شراء راسا ترابنو,5.000,old_id=310000245 | شراء راسا ترابنو,310000245
681053c5-8a94-4d02-565c-656113172ae5,2025-02-03,فرع السراج,وجبة غداء لخمس اشخاص,130.000,old_id=310000285 | وجبة غداء لخمس اشخاص,310000285
7babb563-15ce-24cc-19a3-d1095eae7c7f,2025-02-03,فرع السراج,الفا دينار استلمهم سليم,2000.000,old_id=310000286 | الفا دينار استلمهم سليم,310000286
e9d26409-6325-3011-36ed-e5ff969dc084,2025-02-03,فرع السراج,باقي معاش شهر 1 بشير,200.000,old_id=310000287 | بشير,310000287
587e391a-d8ac-1a14-d2e3-b4d218968df1,2025-02-04,فرع السراج,وجبة غداء لخمس اشخاص,80.000,old_id=310000288 | وجبة غداء لخمس اشخاص,310000288
85733f8b-fe49-d923-b68e-53f1c1f797ae,2025-02-04,فرع السراج,باكو منديل رائحة و كلينبكس,19.000,old_id=310000289 | باكو منديل رائحة و كلينبكس,310000289
e86f08d8-421e-6571-8d46-91b7c34b292c,2025-02-04,فرع السراج,كمرة مراقبة للمحل,180.000,old_id=310000290,310000290
4d26a687-b159-1b86-679c-173df25c4b83,2025-02-05,فرع السراج,كروت نت لسليم,100.000,old_id=310000291 | كروت نت لسليم,310000291
e56c4e9d-83ca-4645-e9fe-78301e4bbb49,2025-02-05,فرع السراج,وجبة غداء لخمس اشخاص,90.000,old_id=310000292 | وجبة غداء لخمس اشخاص,310000292
666d2f39-95f1-8977-57c9-5dbac163dced,2025-02-06,فرع السراج,غداء 5 اشخاص,135.000,old_id=310000293 | غداء 5 اشخاص,310000293
fb5ca392-d170-fa9c-3530-2f45b8bbc59b,2025-02-08,فرع السراج,غداء....,87.000,old_id=310000296 | غداء....,310000296
47224044-081c-23e2-e89b-0cb484b03e4a,2025-02-08,فرع السراج,سليم,950.000,old_id=310000297 | سليم,310000297
0c716065-b649-3252-8189-caabf572cc20,2025-02-09,فرع السراج,نقل بضاعة من السراج,25.000,old_id=310000298 | نقل بضاعة من السراج,310000298
33a65160-187a-cc7f-067a-8cee0a0c494c,2025-02-09,فرع السراج,شراء بضاعة-سليم-,200.000,old_id=310000301 | شراء بضاعة-سليم-,310000301
047cf2a5-a1a4-d834-ce42-5e84ccce9deb,2025-02-10,فرع السراج,غداء  لخمس اشخاص,90.000,old_id=310000302 | غداء  لخمس اشخاص,310000302
72f89a4b-adbb-a6b9-e60a-a47cd5cee231,2025-02-10,فرع السراج,مشتريات من بشير :7 طروف مطول 5سم,49.000,old_id=310000303 | مشتريات من بشير :7 طروف مطول 5سم,310000303
0a16a89b-53f3-6030-f050-955099ce13c5,2025-02-10,فرع السراج,ماء,15.000,old_id=310000304 | ماء,310000304
933efff0-1362-c584-95c8-3d7ec44c15ce,2025-02-10,فرع السراج,بشير,50.000,old_id=310000305 | بشير من شهر 2,310000305
41c63db2-67ac-458e-cae9-9c4449ec9dca,2025-01-16,فرع السراج,نقل كناسه,40.000,old_id=210000268,210000268
b5d35a18-5e4d-5c39-54ed-acbc336151d2,2025-01-16,فرع السراج,مصروف,40.000,old_id=210000269,210000269
b24930d3-d3be-8dca-d9ef-e18862ad8f7a,2025-01-16,فرع السراج,مصروف,10.000,old_id=210000270,210000270
7cedf720-9165-30e3-42d8-66c7ea14c805,2025-01-18,فرع السراج,مصروف,40.000,old_id=210000273,210000273
5da9d382-ae18-c5ed-8186-976ec906067e,2025-01-19,فرع السراج,مصروف,35.000,old_id=210000274,210000274
be529be1-d92e-b55e-3696-faa894bf7dc9,2025-01-19,فرع السراج,مصروف,10.000,old_id=210000275,210000275
fa7e88af-8239-845e-a2be-89c638c22ed0,2025-01-20,فرع السراج,مصروف,340.000,old_id=210000276,210000276
2e2ca743-ed06-ec33-f353-d345aaec3ac2,2025-01-20,فرع السراج,مصروف,10.000,old_id=210000279,210000279
7ce2e968-974b-ebd6-d344-99fe0b23250d,2025-01-20,فرع السراج,مشتريات مسوق المتوكل الحديت,715.000,old_id=210000280,210000280
2baa7894-1244-dd48-764c-2bd18e0caba6,2025-02-19,فرع السراج,مصروف,10.000,old_id=210000368,210000368
4d804861-502c-d806-0881-b74cf731ff97,2025-01-15,فرع السراج,مصروف,10.000,old_id=210000267,210000267
93dfd92a-b379-89c0-c7f0-b3310a423126,2025-02-11,فرع السراج,شراء خلاط شطاف كروم لي ميكس --طرف واحد,200.000,old_id=310000306 | شراء خلاط شطاف كروم لي ميكس --طرف واحد,310000306
063b56f8-0cb2-d222-61a1-48644666a4be,2025-01-27,فرع السراج,اربعون دينار من مرتب بشير لشهر واحد,40.000,old_id=310000262 | اربعون دينار من مرتب بشير لشهر واحد,310000262
dc0fa05d-4cb7-3c47-7713-540dda132843,2025-02-11,فرع السراج,نقل بضائع من السراج ل11-رمضان,80.000,old_id=310000307 | نقل بضائع من السراج ل11-رمضان,310000307
f5b96e09-14ed-da00-5db8-1037ec82f36d,2025-02-06,فرع السراج,مشتريات عبد المنعم,2310.000,old_id=310000321,310000321
db958058-b7a3-c72e-80b9-65b347b3132d,2025-02-13,فرع السراج,"سمير نيجر من شهر 2
",20.000,"old_id=310000322 | سمير نيجر من شهر 2
",310000322
36543821-2a1a-a30e-e229-98a22cd57d88,2025-02-13,فرع السراج,عماد,100.000,old_id=310000323 | عماد,310000323
4a57485a-ad53-cae9-1dec-f0280094f36c,2025-02-15,فرع السراج,غداء 4 أشخاص,100.000,old_id=310000324,310000324
3664b73f-7ed0-307e-15f0-db4d5049bb3b,2025-02-15,فرع السراج,شراء لصقة,10.000,old_id=310000325 | شراء لصقة,310000325
5b68cab0-dd1b-5c36-bda8-587165350b36,2025-02-16,فرع السراج,وجبة غداء,105.000,old_id=310000326 | وجبة غداء,310000326
64c0f229-1329-7d18-175f-54341a7bf07f,2025-02-16,فرع السراج,ماء,18.000,old_id=310000327 | ماء,310000327
bbf004df-62a7-a7f9-a60a-055218227ec1,2025-02-16,فرع السراج,بشير,150.000,old_id=310000328 | جزء من حساب شهر 2 ل بشير,310000328
808df804-9c4f-10e1-bc62-a2b94964cae8,2025-02-17,فرع السراج,عماد,50.000,old_id=310000331,310000331
1b9b6687-8527-e0fa-f17b-41f509bcad46,2025-02-11,فرع السراج,سليم مشتريات,4000.000,old_id=310000332,310000332
45a3c995-03ff-63f4-7f68-f81b6a46249b,2025-02-12,فرع السراج,الحاج جمعة الزائدي  قيمة الايجار,5000.000,old_id=310000333,310000333
7a43eebc-6b35-4b37-046d-146e5501b230,2025-02-16,فرع السراج,سليم مشتريات,4000.000,old_id=310000334,310000334
d85a39d8-dd4e-ddd8-2698-c1daeaa96949,2025-02-18,فرع السراج,وجبة غداء,125.000,old_id=310000335 | وجبة غداء,310000335
9176f255-61c8-1829-83b7-151f82f6db17,2025-02-18,فرع السراج,"مشتريات مواد بناء -مسكر بيبيار
",150.000,"old_id=310000336 | مشتريات مواد بناء -مسكر بيبيار
",310000336
dfe1a0a3-e758-0695-3745-5431676c589c,2025-01-22,فرع السراج,مصروف,10.000,old_id=210000283,210000283
e9b7c18a-6d70-c379-fa38-e73871d560c9,2025-01-22,فرع السراج,مصروف,60.000,old_id=210000284,210000284
bda4ae7b-a3b3-e955-1863-f58122ae4f4e,2025-01-23,فرع السراج,مصروف,40.000,old_id=210000285,210000285
abe91e2f-f11e-4ea3-282c-76e8de8e01ac,2025-01-23,فرع السراج,مصروف,60.000,old_id=210000286,210000286
6ee13782-8119-edbd-b9d6-938555f18945,2025-01-23,فرع السراج,مصروف,10.000,old_id=210000287,210000287
f91ebb83-86a5-4609-6676-ea98ae841ca2,2025-01-25,فرع السراج,مصروف,85.000,old_id=210000288,210000288
758a6d21-b656-2f55-32eb-ba3a23166054,2025-01-25,فرع السراج,غداء عبد الوهاب,50.000,old_id=210000289,210000289
88515577-b6c0-869e-3d80-58b6a3d34af2,2025-01-25,فرع السراج,مصروف,50.000,old_id=210000290,210000290
7986ad1d-7fea-6aaa-8de0-82641bb91532,2025-01-25,فرع السراج,مصروف,35.000,old_id=210000291,210000291
f960a643-18d3-b2e3-7eba-81bddecde61e,2025-01-25,فرع السراج,مصروف,10.000,old_id=210000292,210000292
e306d828-91d9-d185-7d2b-e0855397f3a7,2025-01-26,فرع السراج,مصروف,35.000,old_id=210000293,210000293
e99580b0-e72e-b4d6-2880-af141295ac94,2025-01-26,فرع السراج,مصروف,10.000,old_id=210000294,210000294
779ca75c-d288-7369-b890-5889d84e12dd,2025-01-27,فرع السراج,مصروف,30.000,old_id=210000295,210000295
eac78830-3251-f44f-3e9f-3c1d7b10185f,2024-12-31,فرع السراج,مشريات حوض وجه من محل توباز,700.000,old_id=210000218,210000218
cbccfaaf-bb92-d445-a67a-191bfb66b106,2025-01-05,فرع السراج,مصروف,50.000,old_id=210000237,210000237
3f3baf34-0dbf-cb19-0a79-a2dd8b231d07,2025-02-01,فرع السراج,مشتريات للمحل من قبل سليم,160.000,old_id=310000277 | مشتريات للمحل من قبل سليم,310000277
27639afa-4bf7-1793-5ebf-1f527c915b11,2025-02-19,فرع السراج,وجبة غداء,120.000,old_id=310000337 | وجبة غداء,310000337
28f2c7d4-fef4-15c9-6ba1-fda299ccee9b,2025-02-22,فرع السراج,غداء,127.000,old_id=310000349 | غداء,310000349
1374fde4-9780-5dbf-a349-44f6841544f8,2025-02-19,فرع السراج,سمير نيجر,30.000,old_id=310000339 | سمير نيجر من شهر2,310000339
53527896-4f71-0b74-3470-bed9924bfdcc,2025-02-19,فرع السراج,بشير الامين,20.000,old_id=310000338 | بشير من شهر 2,310000338
3e6a567e-235c-e661-a06b-a562934c15f8,2025-02-20,فرع السراج,من مرتب بشير,1355.000,old_id=310000340,310000340
cb29bd05-f3fc-3846-7f72-7deb469eec16,2025-02-20,فرع السراج,وجبة غداء 5,110.000,old_id=310000341 | وجبة غداء 5,310000341
28d4b4f5-9958-5c33-a039-e2cfd7b58a0d,2025-02-20,فرع السراج,صابون تنظيف سائل,10.000,old_id=310000342 | صابون تنظيف سائل,310000342
0702f89d-d07d-44dc-ad5c-81aff472e916,2025-02-20,فرع السراج,نقل بضاعة من الدعوة الاسلامية ل11 رمضان,70.000,old_id=310000343 | نقل بضاعة من الدعوة الاسلامية ل11 رمضان,310000343
fa5cbb28-964b-8cec-36f2-ea24f350f8b1,2025-02-20,فرع السراج,مشتريات من منعم,990.000,old_id=310000344 | مشتريات من منعم,310000344
dbc776d4-18ec-5b71-c797-f02b9dd8364a,2025-02-20,فرع السراج,من مرتب بشير شهر 2,30.000,old_id=310000345,310000345
e6e77f78-d855-ec26-accb-b7d7783bab25,2025-02-20,فرع السراج,عماد,100.000,old_id=310000346,310000346
11271f37-c495-e519-ac50-4ee82f81b47a,2025-02-22,فرع السراج,ماء طاسة و شيشة و بانقة,28.000,old_id=310000347 | ماء طاسة و شيشة و بانقة,310000347
07cd7511-2b60-1006-9c9e-887552f1dcf2,2025-02-22,فرع السراج,بشير من مرتب شهر 2,50.000,old_id=310000348,310000348
27beb280-6009-7aa8-4f25-7e4dea9d59e6,2025-02-22,فرع السراج,بشير من مرتب شهر 2,300.000,old_id=310000350,310000350
89118551-ec4e-3795-5b68-1a18a9c07666,2025-02-22,فرع السراج,سليم مشتريات,6000.000,old_id=310000351,310000351
d007784c-a666-d270-3cb5-474be4c5e589,2025-02-20,فرع السراج,سليم مشتريات,7000.000,old_id=310000352,310000352
a77c1fa3-dbda-3ccb-62f8-fffc668e1eb4,2025-02-22,فرع السراج,عبدالله,100.000,old_id=310000353 | جزء من حساب شهر 2 عبد الله يعقوب,310000353
1e9220f3-edca-8388-c408-c22b9fafd90a,2025-02-23,فرع السراج,جلب اللوح,50.000,old_id=310000354 | جلب اللوح,310000354
20286851-0dbd-01d7-21a8-52b726ee19af,2025-02-23,فرع السراج,سمير نيجر من مرتب شهر 2,10.000,old_id=310000355 | سمير نيجر من مرتب شهر 2,310000355
c0068ff0-e94c-df43-e7b1-b57d7f943590,2025-01-28,فرع السراج,مصروف,10.000,old_id=210000298,210000298
18f85708-e393-eaeb-7940-06a869bdd429,2025-01-28,فرع السراج,مصروف,40.000,old_id=210000297,210000297
a48a1fa0-d878-ef30-20db-f6c7c41cce83,2025-01-29,فرع السراج,مصروف,55.000,old_id=210000299,210000299
b1142207-a8f0-1177-aa13-31f1f51e0d42,2025-01-29,فرع السراج,مصروف,10.000,old_id=210000300,210000300
3d4ea82a-9717-610e-861e-d64b6a33acf7,2025-01-29,فرع السراج,قرطاسيه,60.000,old_id=210000302,210000302
ce60ecbb-b10c-544d-2324-2bcbb805d16d,2025-01-29,فرع السراج,سلفر تغليف,90.000,old_id=210000303,210000303
8aa96cef-64f5-27c1-218d-0616d55d8c65,2025-01-30,فرع السراج,مصروف,50.000,old_id=210000304,210000304
6f379781-40df-c531-551a-ea3a9da1ba77,2025-01-30,فرع السراج,مصروف,30.000,old_id=210000305,210000305
555fd222-306c-0150-8ad9-8265d4c696fa,2025-01-30,فرع السراج,مشتريات سخانة فرش,440.000,old_id=210000306,210000306
26b67453-f2d3-b826-1f13-96f1bfec2efd,2025-01-12,فرع السراج,مصروف,55.000,old_id=210000257,210000257
de83fb10-bba5-47d9-fb3e-f83c86567b80,2025-02-23,فرع السراج,وجبة غداء,100.000,old_id=310000356 | وجبة غداء,310000356
071e6730-4950-adee-7b0d-af9a22055af2,2025-02-09,فرع السراج,وجبة ل5 اشخاص,90.000,old_id=310000299 | وجبة ل5 اشخاص,310000299
adc2cfbd-73fd-f755-4f11-9d2886f28942,2025-02-24,فرع السراج,بشير؟؟؟؟؟؟؟؟,730.000,old_id=310000357,310000357
b21944c9-d623-e6d3-f0e9-81547ed8b857,2025-02-25,فرع السراج,شراء شطاف ضغط ذهبية STS03-A,190.000,old_id=310000365 | شراء شطاف ضغط ذهبية STS03-A,310000365
393627b8-430e-d9e0-1da1-c5c742bf31c5,2025-02-25,فرع السراج,سليم مشتريات,5000.000,old_id=310000366,310000366
79bf527f-75c4-5dec-dcd8-2f801c57066a,2025-02-22,فرع السراج,سليم من طبلبة-تونس,1900.000,old_id=310000358 | مشتريااااااااااااااااااااااااات,310000358
e54932a8-af17-1722-296b-d08411a5b073,2025-02-24,فرع السراج,وجبة غداء,170.000,old_id=310000359 | وجبة غداء,310000359
860bfadb-8b4c-0b2c-1ef2-54ad5da288eb,2025-02-25,فرع السراج,نقل فاتورة المهندس هامان,70.000,old_id=310000360,310000360
4fc1e104-4b10-436d-bcfc-01f433a278c7,2025-02-25,فرع السراج,المكتبة العصرية للقرطاسية ة الادوات المكتبية,123.000,old_id=310000361 | فوم بورد 5ملبي+استبك عماة+دبوس ضغط صادة+جلدة مكتب,310000361
6acf8276-10a1-330a-9c1d-f90de9e4c42f,2025-02-25,فرع السراج,بيتزا-غداء-,120.000,old_id=310000363 | بيتزا-غداء-,310000363
4e63f08d-f6a7-79d4-03e0-c3e68418dcd9,2025-02-25,فرع السراج,منظف و معطر ارضيات+معطر جو من عند هنا,30.000,old_id=310000364 | منظف و معطر ارضيات+معطر جو من عند هنا,310000364
d2cac7a9-1d77-8359-d512-174550dafaf6,2025-02-26,فرع السراج,وجبة غداء,120.000,old_id=310000368 | وجبة غداء,310000368
4baf6a27-dc00-52ee-2bdf-691fc60081b2,2025-02-26,فرع السراج,مشتريات لالسراج-عبد الوهاب-,520.000,old_id=310000369 | مشتريات لالسراج-عبد الوهاب-,310000369
77a1b10b-673f-16e5-2636-432ca4e1b147,2025-02-26,فرع السراج,بشير,120.000,old_id=310000370 | اكلة خفيفه-دموووووووووووووع-,310000370
db55a594-5b3a-53ef-87d2-0a1eb5d3817e,2025-02-26,فرع السراج,"مشتريات:2 حوض قدم80*80 من رمال الجبلب660
قطعتين سيفوني حوضقدم طويل ب60
",720.000,"old_id=310000373 | مشتريات:2 حوض قدم80*80 من رمال الجبلب660
قطعتين سيفوني حوضقدم طويل ب60
",310000373
0f462c55-cb88-0485-67ce-d7ed42df109f,2025-01-20,فرع السراج,نقل بضائع من الدعوة الي السراج ومن السراج الي 11يونيو,120.000,old_id=210000277,210000277
a387a08a-c2cb-f61d-6cbb-60ae476c08f7,2025-01-30,فرع السراج,جعفر,600.000,old_id=210000309,210000309
f3b476d2-c25d-7874-ccc8-5e1a398a6de3,2025-02-01,فرع السراج,مصروف,50.000,old_id=210000310,210000310
41c28c28-6ff0-8393-74c6-0cee74666b01,2025-02-01,فرع السراج,مصروف,40.000,old_id=210000311,210000311
2561b92b-377a-7140-f13a-18bc5303a9da,2025-02-01,فرع السراج,مصروف,35.000,old_id=210000312,210000312
6f63c2e3-bfef-3370-bdde-13adbeb6ed80,2025-02-01,فرع السراج,مصروف,10.000,old_id=210000313,210000313
d4ff45ac-fbf1-0289-46cc-bbc480e9f534,2025-02-01,فرع السراج,تنزيل بضاعه,20.000,old_id=210000314,210000314
e999757c-96c8-e321-36af-fe4fb5fd02f9,2025-02-02,فرع السراج,مصروف,55.000,old_id=210000316,210000316
05297ed1-ed51-823e-266a-ebcbab4b928b,2025-02-02,فرع السراج,مصروف,120.000,old_id=210000317,210000317
58cac7e1-a384-704c-be4a-9d38cd623a02,2025-02-02,فرع السراج,مصروف,20.000,old_id=210000318,210000318
de62d723-205b-8b5e-3389-33e0561d1014,2025-02-03,فرع السراج,نقل بضاعه بين 11 يونيوا الي سراج,80.000,old_id=210000320,210000320
e874a321-1323-ef38-5fb7-13a633beb6df,2025-02-03,فرع السراج,مصروف,30.000,old_id=210000321,210000321
e671802b-9922-378b-8015-160a63059a8f,2025-02-03,فرع السراج,مصروف,10.000,old_id=210000322,210000322
e7c3abef-db5e-3130-6d35-5c8f1bd2d64b,2025-02-03,فرع السراج,مصروف,400.000,old_id=210000323,210000323
c892fafb-4c3a-e2f8-5784-a650066c0c1b,2025-01-30,فرع السراج,مرتب احمد شهر 1,1600.000,old_id=210000319,210000319
1fcc1fe8-5bad-928e-7667-162f0d87a825,2025-02-13,فرع السراج,شراء مصب توريما طويل بالتحويلة,330.000,old_id=310000315 | شراء مصب توريما طويل بالتحويلة,310000315
b0318de8-0f8e-9e58-2159-01cc735b93f6,2025-02-26,فرع السراج,خلاط وجه ايطالي 17سم,445.000,old_id=310000372 | خلاط وجه ايطالي 17سم,310000372
e9510fb3-1085-5ada-b055-51bf5170085a,2025-02-27,فرع السراج,قاعدة ديكور لد 120سم,20.000,old_id=310000374 | قاعدة ديكور لد 120سم,310000374
4930133c-9d0c-1ead-7332-d555d9ca68ca,2025-02-27,فرع السراج,رولة ميزان تركي (2 طرف)+رول باركود 40*25 تركي,23.000,old_id=310000375 | رولة ميزان تركي (2 طرف)+رول باركود 40*25 تركي,310000375
2f08ee37-0d35-7838-6b4b-3d5a05702424,2025-02-27,فرع السراج,فوم بديل رخام-طرفان,180.000,old_id=310000376 | فوم بديل رخام-طرفان,310000376
2b4ca5ef-41bc-ea5f-cd96-05e8da07cfa0,2025-02-27,فرع السراج,شريط اليكريك,15.000,old_id=310000377 | شريط اليكريك,310000377
c3e44b78-4bc3-ac7b-ca32-ff3d8b7a9208,2025-02-27,فرع السراج,غداء,100.000,old_id=310000378 | غداء,310000378
f4cd1334-d952-0eb8-42fe-c5f5a9f4a761,2025-02-27,فرع السراج,عبد الله من مرتب شهر2,30.000,old_id=310000379 | عبد الله من مرتب شهر2,310000379
61d1a3d8-3695-ceac-ddb2-91c4f83eccd1,2025-02-27,فرع السراج,مواد تنظيف,25.000,old_id=310000380 | مواد تنظيف,310000380
0bbd1e62-ed7e-8d55-9d72-78f3c998647a,2025-03-01,فرع السراج,افطار العمال,20.000,old_id=310000381,310000381
ad6afd98-08a8-f307-01aa-71f1ce598254,2025-03-02,فرع السراج,بشير,200.000,old_id=310000382 | بشير من شهر 3,310000382
ca00d598-7eff-aea5-69b9-e6f6e15e92d3,2025-03-02,فرع السراج,افطار العمال,20.000,old_id=310000383 | افطار العمال,310000383
02de89b9-1c97-f2d3-54ad-f4e36b19280f,2025-03-08,فرع السراج,بشير,300.000,old_id=310000402 | من مرتب شهر 3,310000402
eab4850e-192d-83fc-1aca-eba0b480f368,2025-03-02,فرع السراج,"عبد الله تسكير مرتب شهر 2
مازال عندو 500",750.000,"old_id=310000384 | عبد الله تسكير مرتب شهر 2
مازال عندو 500",310000384
7d78c09a-39be-8081-876f-04249477cb25,2025-03-03,فرع السراج,شراء مثلث كهربائي,10.000,old_id=310000385 | شراء مثلث كهربائي,310000385
3ab3deb7-d9a6-afcd-0d2a-c3063d008000,2025-02-04,فرع السراج,مصروف,10.000,old_id=210000326,210000326
654c1ecf-7ee8-af50-9339-aa275416422a,2025-02-05,فرع السراج,مصروف,40.000,old_id=210000327,210000327
9bf0b92e-0430-c64c-c740-d4e9380f3c2d,2025-02-05,فرع السراج,مصروف,10.000,old_id=210000328,210000328
9056d849-8461-0d79-c57e-8bcfaecfcc6c,2025-02-05,فرع السراج,مصروف,465.000,old_id=210000329,210000329
06657696-2f09-f3d1-ba06-ebdec8682e4e,2025-02-06,فرع السراج,مصروف,55.000,old_id=210000330,210000330
e9730040-1501-3350-3c72-64a870b18e06,2025-02-06,فرع السراج,ماء,70.000,old_id=210000331,210000331
bed6a461-aaf6-ba69-c9f1-061cb340a394,2025-02-06,فرع السراج,مصروف,10.000,old_id=210000332,210000332
0703954e-0306-7924-b3ae-ac47a63756eb,2025-02-06,فرع السراج,نقل قمامه,40.000,old_id=210000333,210000333
d1a008ed-a58e-316c-b239-d8146a242f88,2025-02-08,فرع السراج,تلميع مرش,40.000,old_id=210000334,210000334
155baca5-d34e-13c2-3fd1-29478967f321,2025-02-08,فرع السراج,مصروف,10.000,old_id=210000335,210000335
46dd716a-5ead-2cd1-b0dc-95efc0fa1e3c,2025-02-08,فرع السراج,مصروف,35.000,old_id=210000336,210000336
a2800a44-66de-5700-3620-5f4923872991,2025-02-09,فرع السراج,مصروف,40.000,old_id=210000338,210000338
5f39d7ba-2603-5c0e-3bbe-d78f053600c4,2025-02-09,فرع السراج,مصروف,10.000,old_id=210000339,210000339
ac03051f-ad8d-a4d3-be63-209783ba68e8,2025-02-10,فرع السراج,مصروف,35.000,old_id=210000340,210000340
552c01e3-ac16-e041-75b1-7149e4d71c3c,2025-02-10,فرع السراج,مصروف,10.000,old_id=210000341,210000341
2711c037-a9b6-3708-6de4-798368f8d045,2025-02-10,فرع السراج,مصروف,165.000,old_id=210000342,210000342
0a832994-537f-cbe9-7785-b1b63f58d6b4,2025-01-21,فرع السراج,مصروف,10.000,old_id=210000282,210000282
55d0af9f-0dcc-fdd1-ab23-c988949ef68e,2025-02-17,فرع السراج,بشير الامين,20.000,old_id=310000330 | من مرتب شهر 2,310000330
e759809c-84fa-eb1e-3ac0-abab75baff0b,2025-03-03,فرع السراج,فطور العمال,20.000,old_id=310000386 | فطور العمال,310000386
d544e2d6-6279-58f2-365d-678a1a847e4b,2025-03-03,فرع السراج,سمبر نيجر,940.000,old_id=310000387 | تسكير مرتب شهر 2 لسمير نيجر*ارجاع 1000 مصروف*,310000387
27a5fac5-cc10-8818-e9d8-0a55b82c1a66,2025-03-04,فرع السراج,فوط,10.000,old_id=310000388 | فوط,310000388
47407a70-cb36-6613-0651-8a7e6bbc3c13,2025-03-04,فرع السراج,"موس بساط بالغيار
متر قياس 3م
سريا خرشوفه شنطة رصاصي 11قطعة",18.000,"old_id=310000389 | موس بساط بالغيار
متر قياس 3م
سريا خرشوفه شنطة رصاصي 11قطعة",310000389
fbbadc34-8786-a011-7ce1-05609005de04,2025-03-04,فرع السراج,فطور العمال,20.000,old_id=310000390 | فطور العمال,310000390
c5204073-0f0d-03ce-3ee5-3e0a0d27df21,2025-03-05,فرع السراج,معطر جو و ارضية,30.000,old_id=310000391 | معطر جو و ارضية,310000391
c61d64c9-dead-47ab-579c-3631639b131d,2025-03-05,فرع السراج,فطور عمال,20.000,old_id=310000392 | فطور عمال,310000392
d0d96225-bfc8-ccf8-f884-aee717fa83c6,2025-03-05,فرع السراج,بشير,500.000,old_id=310000393 | بشير من مرتب شهر 3,310000393
ef8cd66c-223a-4026-e6d8-b9297362c6ea,2025-03-06,فرع السراج,توصيل فاتورة السراج لالعزيزية,100.000,old_id=310000394 | توصيل فاتورة السراج لالعزيزية,310000394
07c3b258-83ec-446a-3ad4-4d683330fbfc,2025-03-06,فرع السراج,مشتريات من المتجر الاروبي,355.000,old_id=310000395 | مشتريات من المتجر الاروبي,310000395
d77c8f77-beb9-350d-f794-56af231e3913,2025-03-06,فرع السراج,عماد,295.000,old_id=310000396,310000396
d45def27-c504-f13f-8200-b0c0c5fe20bf,2025-03-06,فرع السراج,تنزيل بضاعة,35.000,old_id=310000397 | تنزيل بضاعة,310000397
05a21338-d6e4-6507-f086-14243b00f0d4,2025-03-06,فرع السراج,فطور العمال,20.000,old_id=310000398 | فطور العمال,310000398
ac5c1988-c5a5-2879-92bb-882339e55138,2025-03-08,فرع السراج,براغي,15.000,old_id=310000399 | براغي,310000399
6127037e-9885-bf21-1ac7-ea7091f578a2,2025-03-08,فرع السراج,معطر,28.000,old_id=310000400 | معطر,310000400
cc51af8e-4c5c-869e-6bfc-07268e709e90,2025-03-08,فرع السراج,عماد,260.000,old_id=310000401,310000401
ab4bf0bd-3ead-5d5b-377d-889a6489c972,2025-03-08,فرع السراج,فطور العمال,20.000,old_id=310000403 | فطور العمال,310000403
4e0239d6-9c0c-7735-804f-79dd233aaf4c,2025-03-09,فرع السراج,بشير من مرتب شهر 3,500.000,old_id=310000404,310000404
0aa5273e-bf77-1c3f-db22-a022a36f7cca,2025-02-11,فرع السراج,نقل من 11الي سراج,40.000,old_id=210000345,210000345
766b9929-0cf4-585d-3094-809603009186,2025-02-11,فرع السراج,من دعوة الي سراج,40.000,old_id=210000346,210000346
d1970cdb-2cc6-6c67-f295-86e7c0d6b0d4,2025-02-11,فرع السراج,نقل كناسة,20.000,old_id=210000347,210000347
aafd6cbb-1262-8606-f0af-131c00fdcf72,2025-02-12,فرع السراج,مصروف,55.000,old_id=210000348,210000348
a4410200-3a25-5193-c094-b56663f3777b,2025-02-12,فرع السراج,مصروف,10.000,old_id=210000349,210000349
5e5a0808-2f25-022f-e352-caa654cf4dc3,2025-02-13,فرع السراج,لوح من تاجورة,50.000,old_id=210000350,210000350
f911e259-d38b-53c7-7082-96c5b0e85fdd,2025-02-13,فرع السراج,مصروف,10.000,old_id=210000351,210000351
2e692c96-ebd1-a24f-8b5b-31aae29bf72d,2025-02-13,فرع السراج,مصروف,37.000,old_id=210000352,210000352
cb1eb003-4175-f32f-0cd5-a30f1f1aba64,2025-02-15,فرع السراج,نقل فاتوره بشير,50.000,old_id=210000353,210000353
6b84053f-c5fc-d683-030a-9ac043e67c20,2025-02-15,فرع السراج,مصروف,35.000,old_id=210000354,210000354
33be8f4d-0f11-f14e-e008-3776ab56102f,2025-02-15,فرع السراج,مصروف,10.000,old_id=210000355,210000355
74ebdf03-d6a5-d31e-de6b-45f3654494c0,2025-01-27,فرع السراج,مصروف,10.000,old_id=210000296,210000296
b19c7570-0a27-98f2-a0e7-23abd56627a9,2025-02-25,فرع السراج,لد زينة,17.000,old_id=310000362 | لد زينة,310000362
b558b8ff-7302-8c3f-6ea6-4cdd8330d694,2025-03-10,فرع السراج,مكنسة+ديكور+لاصق,80.000,old_id=310000405 | مكنسة+ديكور+لاصق,310000405
2ee038a2-eea0-4f9b-eab5-735bb5b532f0,2025-03-09,فرع السراج,سليم مشتريات,1500.000,old_id=310000407,310000407
5d49ae43-4d00-f919-da9c-3f4651eada46,2025-03-11,فرع السراج,نقل من السبعة إلى 11 يونيو,50.000,old_id=310000408,310000408
2fb220be-391e-71c5-831c-b7886544ab93,2025-03-11,فرع السراج,من حساب سمير شهر 3,50.000,old_id=310000409,310000409
890f38cf-9173-60f9-5fa3-b5c46ccc2c2c,2025-03-15,فرع السراج,عامل للمساعدة في فتح السرانتي واخراج المولد,10.000,old_id=310000410,310000410
090e423c-73ba-11e1-1685-e3902228425a,2025-03-15,فرع السراج,ضادو,5.000,old_id=310000411,310000411
b0ed4cab-de76-1fe8-e49e-9bdd471002f0,2025-03-15,فرع السراج,قلاية هوائية,150.000,old_id=310000412,310000412
c4b88614-cb9a-3a8a-20ca-e018de624e77,2025-03-16,فرع السراج,نقل من جنزور الى 11 يونيو,100.000,old_id=310000413,310000413
89a28fc3-6b78-0fd1-b0ef-7c4dce0daa4e,2025-03-16,فرع السراج,تنزيل بضاعة من جنزور,70.000,old_id=310000414,310000414
66172cba-3864-d053-0571-7b1b26a6dea3,2025-03-16,فرع السراج,تنزيل الحاوية عبد الله,50.000,old_id=310000415,310000415
c52f5604-5e53-dd19-b0cb-e705464afdd5,2025-03-16,فرع السراج,افطار عمال,20.000,old_id=310000416,310000416
4c5c593f-2401-1110-84cc-671242555636,2025-03-16,فرع السراج,كرسي للمكتب,250.000,old_id=310000417,310000417
ea131846-db6b-d8ca-7af5-366d825ee62e,2025-03-17,فرع السراج,لصقة كهرباء,3.000,old_id=310000418,310000418
0fbe4bd5-be10-eab1-285f-6328151fab42,2025-03-17,فرع السراج,بشير,100.000,old_id=310000420 | شهر 3,310000420
ee3d7582-9317-05ad-9bb4-63ec5a187c72,2025-03-16,فرع السراج,سليم,1000.000,old_id=310000425,310000425
a339d65a-8f19-a3f9-5f44-0b7214583603,2025-03-17,فرع السراج,منديل تلميع خلاطات,32.000,old_id=310000419,310000419
47ec20f4-f692-fb22-6e1c-2c36766692b9,2025-03-18,فرع السراج,نقل من السبعة الى المحل,50.000,old_id=310000421,310000421
011ddf1b-bf4f-62d3-0b53-0ba111e801e8,2025-01-29,فرع السراج,مشتريات عبدالوهاب من شركه افاق المتحدة,3990.000,old_id=210000301 | مشتريات عبدالوهاب من شركه افاق المتحدة,210000301
8da2885f-3ca5-97bb-ea06-fbd7645f9d3d,2025-02-16,فرع السراج,من دعوة الي سراج,40.000,old_id=210000358,210000358
c8283ca4-5ac0-54ae-bbfa-3fcf5b7de400,2025-02-16,فرع السراج,من سراج الي 11,50.000,old_id=210000359,210000359
4f3fedc6-1e14-7ea4-7332-4650540cb1b5,2025-02-16,فرع السراج,من 11الي سبعة,50.000,old_id=210000360,210000360
5c7c1106-ff75-8d68-4193-930db129d160,2025-02-17,فرع السراج,مصروف,40.000,old_id=210000361,210000361
ca384f5a-aed9-09da-f85b-499842dc9fc3,2025-02-17,فرع السراج,مصروف,10.000,old_id=210000362,210000362
8c939e49-c377-f2e3-772f-7cb0fd59ee0e,2025-02-17,فرع السراج,مصروف,45.000,old_id=210000363,210000363
507367a7-e138-8979-4dba-b531fd71926a,2025-02-18,فرع السراج,مصروف,30.000,old_id=210000364,210000364
e086dcd7-cd1a-224b-3d4f-aea8fd5d91f4,2025-02-18,فرع السراج,مصروف,10.000,old_id=210000365,210000365
0892d339-c7c1-49cf-4bb8-2ebc5069bf99,2025-02-18,فرع السراج,مصروف,80.000,old_id=210000366,210000366
996ac1bc-a8e4-4e63-ea2c-153146de9938,2025-02-19,فرع السراج,مصروف,105.000,old_id=210000367,210000367
25ce859b-7ec7-72ae-9ad2-2679a95029b7,2025-02-20,فرع السراج,مصروف,30.000,old_id=210000369,210000369
07f75538-5c28-5431-94f5-fc96b5fd3573,2025-02-20,فرع السراج,مصروف,10.000,old_id=210000370,210000370
15068313-4274-ca1b-8053-fd638211f397,2025-02-26,فرع السراج,مشتريات:5طرف فسيبلي ايطالي 50,75.000,old_id=310000371 | مشتريات:5طرف فسيبلي ايطالي 50,310000371
8500cd8d-5599-3c61-f997-3dc066b9b356,2025-03-18,فرع السراج,بشير,250.000,old_id=310000422 | بشير شهر 3,310000422
61dd8d1d-be77-431b-e10c-462ec108ab72,2025-03-18,فرع السراج,معطر و مطهر أرضيات,30.000,old_id=310000423,310000423
bded8851-79ff-6e2a-9a25-0f9efe8a5f23,2025-03-20,فرع السراج,من حساب سمير شهر 3,50.000,old_id=310000426,310000426
3a6bff76-a9ab-e953-5f06-3e64c24d6df8,2025-03-22,فرع السراج,من حساب بشير شهر 3,150.000,old_id=310000427,310000427
ffdca397-1ced-296b-f68d-4472152a3c5c,2025-03-22,فرع السراج,نقل من دعوة الي 11يونيوا,70.000,old_id=310000428,310000428
83409119-4631-6d21-8a38-9db6b451ec7c,2025-03-23,فرع السراج,معطر وملمع  أرضيات,30.000,old_id=310000429,310000429
401914fc-ac2e-3475-31d0-b4424b354471,2025-03-23,فرع السراج,مشتريات طلاء عبد المنعم ركن التشطيب,2100.000,old_id=310000430,310000430
49dab412-05c2-ffe1-8ed4-a5d6f440f548,2025-03-23,فرع السراج,من حساب بشير شهر 3,300.000,old_id=310000431,310000431
382ad46d-b8df-852a-9e9d-96fff1e4bfd8,2025-03-23,فرع السراج,من حساب عبد الله شهر 3,50.000,old_id=310000432,310000432
9f8a09f4-23c5-1baa-86ee-099138ff5c34,2025-03-24,فرع السراج,توصيل فاتورة زبون على دفعتين,150.000,old_id=310000433,310000433
adb31f0d-1477-b0db-8f79-4dd25a5ac423,2025-03-24,فرع السراج,بشير مرتب شهر 3,100.000,old_id=310000434,310000434
e85a9931-66de-e474-fea9-960c6967423d,2025-03-24,فرع السراج,بشير مرتب شهر 3,50.000,old_id=310000435,310000435
65b28635-2f58-7f03-5676-61a56c47a678,2025-03-27,فرع السراج,عبدالله السوداني,1000.000,old_id=310000436 | تم ترحيل 500دينار باقي عليه لي شهر 4 من حساب قديم,310000436
422f7d13-6574-a57d-49b5-c0506e22b22a,2025-03-27,فرع السراج,سمير النيجر المخزن,950.000,old_id=310000437,310000437
7a990940-6d4f-ab52-f610-14bc3c74f2fa,2025-04-05,فرع السراج,مياه,17.000,old_id=310000438,310000438
375572b4-af5f-41fe-9258-726b53f10df5,2025-04-05,فرع السراج,معطر + فوطة أررضية,15.000,old_id=310000439,310000439
f8a2d572-ac50-f188-6c1e-55f7eb574de9,2025-04-05,فرع السراج,غداء,85.000,old_id=310000440,310000440
5086c641-59ec-198a-b8d2-963d31d57c92,2025-01-30,فرع السراج,مصروف,10.000,old_id=210000308,210000308
2af57034-73bb-4370-1097-d5d1cb5a146a,2025-02-22,فرع السراج,قمامة,45.000,old_id=210000374,210000374
047a5dda-f8e3-f10d-0d4c-a45c90e8df65,2025-02-23,فرع السراج,مصروف,50.000,old_id=210000376,210000376
92414230-f31f-8ac7-71b7-01e26a0efaf2,2025-02-23,فرع السراج,مصروف,10.000,old_id=210000377,210000377
6c5a65bd-d9be-973d-4b8c-413ffb168497,2025-02-24,فرع السراج,مصروف,25.000,old_id=210000378,210000378
7eb0c3fb-f2f2-a66b-c889-ae32e908335f,2025-02-24,فرع السراج,مصروف,70.000,old_id=210000379,210000379
dc45be34-29a3-1762-0468-677acdff88be,2025-02-24,فرع السراج,مصروف,10.000,old_id=210000380,210000380
94aac8ec-1bbb-d96f-3404-54ef001d7e77,2025-02-24,فرع السراج,تنزيل كوله,10.000,old_id=210000381,210000381
ea767f07-470a-6254-b669-1eca1b26249e,2025-02-25,فرع السراج,حساب منعم 11يونيوا طلاء اسود,550.000,old_id=210000382,210000382
5607c466-2ef6-60c4-7497-e2f1ad601211,2025-02-25,فرع السراج,مصروف,40.000,old_id=210000383,210000383
5893e7af-0ddc-515f-744b-4c9a1d689de8,2025-02-25,فرع السراج,مصروف,10.000,old_id=210000384,210000384
45085a80-5a10-22e9-6f6c-a79cb48c7234,2025-02-03,فرع السراج,من مخزن جنزور الي سراج من سراج الي زبون,60.000,old_id=210000324,210000324
2e342909-8600-c6f0-e620-d831736e9ffe,2025-04-05,فرع السراج,بسكويت + قهوة  +شاهي + ماخيتو,460.000,old_id=310000442,310000442
5daa5a9e-e941-b510-5934-e64b41cb05f5,2025-04-05,فرع السراج,عدة + صيانة السرانتي,865.000,old_id=310000441,310000441
d2f01e37-7fad-5506-68dc-782269e77576,2025-04-06,فرع السراج,غداء,60.000,old_id=310000444,310000444
4a4b24af-37a8-de7b-76ef-788430e30e84,2025-04-06,فرع السراج,بشير من شهر 4,500.000,old_id=310000445,310000445
22167bf3-e1e9-5eff-066b-b75608375878,2025-04-07,فرع السراج,بشير علي ح شهر 4,200.000,old_id=310000448,310000448
bf917b01-788b-cd9e-6ef0-45dd09d1e624,2025-04-07,فرع السراج,سمير علي ح شهر 4,300.000,old_id=310000449,310000449
635ed3e1-66e0-5f6a-b066-067ae85e6ea4,2025-04-09,فرع السراج,سليم,2000.000,old_id=310000453,310000453
0b4052fa-afc3-bc35-871d-2d2854a61f0a,2025-04-12,فرع السراج,غداء 6 أشخاص,100.000,old_id=310000462,310000462
e8415849-cde1-72e0-cb89-13296126b2f7,2025-04-09,فرع السراج,غداء,85.000,old_id=310000455,310000455
3a444c86-4460-ba2d-1e45-44937d46ce79,2025-04-09,فرع السراج,من حساب بشير شهر 4,20.000,old_id=310000456,310000456
37ef73de-df15-7c78-7aeb-d95013e4adfa,2025-04-09,فرع السراج,مشتريات دفعة لأحمد تصنيع أحواض,1550.000,old_id=310000454,310000454
feee7016-5a78-bc20-d8e4-21477882a1c9,2025-04-10,فرع السراج,استلمهم عبد الوهاب,8990.000,old_id=310000457,310000457
a6f32765-cb81-ca8d-f65c-fe13fce60836,2025-04-10,فرع السراج,سليم للمشتريات,2500.000,old_id=310000458,310000458
f318922d-1c4c-98c7-e4cb-58460acc7c88,2025-04-10,فرع السراج,غداء 5 أشخاص,80.000,old_id=310000459,310000459
2db3c5af-46ee-95b3-c7a6-de38569e253d,2025-04-10,فرع السراج,مواد تنظيف,16.000,old_id=310000460,310000460
9462aee7-ce0d-1e6e-fa48-6332a0910241,2025-04-12,فرع السراج,قهوة عربية,7.500,old_id=310000461 | قهوة عربية,310000461
4e833dd6-63dc-2b36-136f-f986d5d4e883,2025-04-12,فرع السراج,بشير من شهر 4,255.000,old_id=310000464 | يشير,310000464
d1e1eddb-5c1d-7fa5-af65-8d1effcb88f4,2025-04-13,فرع السراج,حبر لختم الشركة,10.000,old_id=310000465 | حبر لختم الشركة,310000465
2bf70de5-97c1-12d5-7e18-dd792fecf4fa,2025-02-26,فرع السراج,مصروف,50.000,old_id=210000387,210000387
5b5e0d6a-e82a-e9cf-ff56-af149a1a90fb,2025-02-26,فرع السراج,مصروف,10.000,old_id=210000388,210000388
261a3a38-9efe-6d7e-5fe3-f6386256b55d,2025-02-27,فرع السراج,مصروف,40.000,old_id=210000389,210000389
3aba6fa5-df18-29ac-ec33-4c548e44fffd,2025-02-27,فرع السراج,مصروف,10.000,old_id=210000390,210000390
1cc1544a-29a9-d0e9-16e6-7546fbb830c9,2025-02-27,فرع السراج,جعفر,800.000,old_id=210000391,210000391
650ee5a4-0319-2915-31ee-714aa49ddbb9,2025-02-27,فرع السراج,معاش احمد الفاندي,1600.000,old_id=210000392,210000392
5b4c9275-37cf-8a79-2650-f4d6442c745c,2025-03-01,فرع السراج,مصروف,10.000,old_id=210000393,210000393
e4e86eea-c587-04d5-9e11-282dc060f4a8,2025-01-30,فرع السراج,ايجار فرع سراج,14000.000,old_id=210000315,210000315
317bb40e-17e9-7470-39b9-b2d615d4baf5,2025-02-04,فرع السراج,مصروف,38.000,old_id=210000325,210000325
9366c96b-bf22-c322-ccff-90f2fb654b15,2025-02-11,فرع السراج,مصروف,30.000,old_id=210000343,210000343
0b634cd1-0b57-db8a-bb04-8e989a8f4d7a,2025-03-04,فرع السراج,عماد,1000.000,old_id=310000406 | عماد,310000406
be54d5fc-7e5e-e1ca-4481-fc44e1ca48eb,2025-04-13,فرع السراج,غداء ل5 أشخاص,110.000,old_id=310000466 | غداء ل5 أشخاص,310000466
ca674320-0aa1-62b2-7ebf-37636723d05f,2025-04-13,فرع السراج,عبد الله من شهر 4,50.000,old_id=310000467 | عبد الله من شهر 4,310000467
d776cb4b-482d-91b8-3d1f-ee7b443286d1,2025-04-14,فرع السراج,غداء ل6 اشخاص,116.000,old_id=310000468 | غداء ل6 اشخاص,310000468
f64539b2-2fed-3653-e4d0-d4176e74eee3,2025-04-14,فرع السراج,مييييييييييييييي,20.000,old_id=310000469 | مييييييييييييييي,310000469
e0c270e0-936b-958f-5cc6-c537a1a8c7b1,2025-04-14,فرع السراج,سمير نيجر من شهر 4,50.000,old_id=310000470 | سمير نيجر من شهر 4,310000470
b077dfec-e887-e519-81f5-a6ae7d849605,2025-04-14,فرع السراج,ضد الصدأ,8.000,old_id=310000471 | ضد الصدأ,310000471
18bf94c1-d0d4-0825-a4cb-9b4033cee572,2025-04-15,فرع السراج,نقل جبس لي السراج,100.000,old_id=310000472,310000472
84f2ceca-57c4-233e-56c1-858023028278,2025-04-15,فرع السراج,مشتريات جبس بيوت العز عبدالوهاب,910.000,old_id=310000473,310000473
36d87233-0f94-b25b-94bf-9a34a237d4e4,2025-04-15,فرع السراج,وجبة غداء ل5 اشخاص,100.000,old_id=310000474 | وجبة غداء ل5 اشخاص,310000474
51521a4d-31c7-9dd8-d46f-e17eaaebe41a,2025-04-16,فرع السراج,معطر جو,15.000,old_id=310000475 | معطر جو,310000475
01f41f40-da31-92d0-cce8-005ef705b48e,2025-04-16,فرع السراج,"وجبة غداء ل5 اشخاص
",120.000,"old_id=310000476 | وجبة غداء ل5 اشخاص
",310000476
0c1a97fb-a0a3-875e-6946-06c64f8deda5,2025-04-16,فرع السراج,أكواب شاهي..قهوة,10.000,old_id=310000477 | أكواب شاهي..قهوة,310000477
6a0ca8d7-cb98-38ca-b767-28ed3578fddb,2025-04-17,فرع السراج,جلب خلاطات توريما من مصراتة,60.000,old_id=310000478 | جلب خلاطات توريما من مصراتة,310000478
e44a8f67-e61a-4e9c-1c17-45a4f07c1534,2025-04-17,فرع السراج,غداء 5 أشخاص,130.000,old_id=310000479,310000479
cc919aab-71a9-9916-c0cb-ca3bd64f5379,2025-04-17,فرع السراج,مواد تنظيف,30.000,old_id=310000480 | مواد تنظيف,310000480
50c3c8d1-b46d-e84d-0279-874efa0e59d0,2025-03-03,فرع السراج,قمامه,20.000,old_id=210000396,210000396
2729b488-96a0-4207-7270-2e176af0f337,2025-03-04,فرع السراج,من دعوة الي سراج,40.000,old_id=210000397,210000397
69acecec-95df-71da-53ba-3c1d90d0df5f,2025-03-04,فرع السراج,مصروف,10.000,old_id=210000398,210000398
7fca1467-35da-384f-df78-f4e3f4cb5b4d,2025-03-05,فرع السراج,مصروف,10.000,old_id=210000399,210000399
b260950b-3cf7-f447-fad1-dfb5861300fc,2025-03-06,فرع السراج,مصروف,10.000,old_id=210000400,210000400
2128ef6c-8ea0-01fb-1ec2-3cb9f3e2b939,2025-03-08,فرع السراج,من مخزن جنزور الي سراح,40.000,old_id=210000401,210000401
0106275f-4e4f-b273-d2e3-c1340815d8fc,2025-03-08,فرع السراج,من مخزن جنزور الي 11يونيوا,100.000,old_id=210000402,210000402
c34eb304-cdf3-ff77-54dc-4a6587900baa,2025-03-08,فرع السراج,مصروف,10.000,old_id=210000403,210000403
c9b17035-dec5-c70d-069a-0b49141ed2a5,2025-03-08,فرع السراج,تنزيل بضاعة,20.000,old_id=210000404,210000404
39e98318-6da8-de5f-440b-4bd5d04e08c7,2025-03-18,فرع السراج,اكل,10.000,old_id=210000417,210000417
1994797a-cfd8-b562-9e80-0f09201b1cdc,2026-02-19,فرع 11 يونيو,سليم,500.000,old_id=310001384 | سليم,310001384
26c2ff74-4805-a58a-315b-cf09d1bcfafa,2025-02-11,فرع السراج,مصروف,10.000,old_id=210000344,210000344
9231d1f3-2ab0-51e9-0f30-bd895587a245,2026-04-29,فرع 11 يونيو,مواد بناء,45.000,old_id=310001509 | مواد بناء,310001509
fb08e261-ffe5-790d-9138-9897e6d5b408,2025-03-12,فرع السراج,سليم,1000.000,old_id=310000424,310000424
d18e352e-2928-56c6-3dae-9d9281c19aa0,2025-04-19,فرع السراج,غداء ل5 اشخاص,105.000,old_id=310000482 | غداء ل5 اشخاص,310000482
c3daa93c-94ad-2602-686e-c4dfdbae6501,2025-04-20,فرع السراج,غداء,100.000,old_id=310000483 | غداء,310000483
6007781e-1cf5-532d-b52a-1bb8a11c700c,2025-04-20,فرع السراج,كولة رخام,25.000,old_id=310000484 | كولة رخام,310000484
73c5fdb0-f991-fb1a-f27f-916c4c3bfd3a,2025-04-20,فرع السراج,جلب بضاعة من الخليج,80.000,old_id=310000485 | جلب بضاعة من الخليج,310000485
5a87aa9c-b2d6-5353-f78b-290345a7a7f6,2025-04-22,فرع السراج,سمير نيجر من مرتب شهر4,30.000,old_id=310000493 | سمير نيجر من مرتب شهر4,310000493
ad449130-aef9-e570-5df1-f1eac81efe3c,2025-04-20,فرع السراج,عامل لتنزيل بضاعة الخليج,30.000,old_id=310000486 | عامل لتنزيل بضاعة الخليج,310000486
9ab6a330-c6e1-9873-1ed6-bd09adee7a6d,2025-04-21,فرع السراج,وجبة غداء,90.000,old_id=310000487 | وجبة غداء,310000487
19aff97b-60cc-ced2-8131-d3789d55d0f9,2025-04-21,فرع السراج,مجمع مكتب,30.000,old_id=310000488 | مجمع مكتب,310000488
c466e6d2-45c1-2cef-8ef8-e4292935280d,2025-04-21,فرع السراج,ماااااء,20.000,old_id=310000489 | ماااااء,310000489
0cbcda08-7922-0a33-ced0-d1e9f54187aa,2025-04-21,فرع السراج,مشتريات سخانة 10 لتر,615.000,old_id=310000490,310000490
b01a4ec9-f33c-fc00-90c3-a87be30dfc22,2025-04-22,فرع السراج,بريستو مواد تنظيف,55.000,old_id=310000491 | بريستو مواد تنظيف,310000491
339ba69f-dbd6-744b-4fe4-a974e1b028f8,2025-04-22,فرع السراج,غداء ل5 أشخاص,90.000,old_id=310000492 | غداء ل5 أشخاص,310000492
b4c5e7ad-6e4b-12eb-64d9-1d6371272675,2025-04-23,فرع السراج,غداء,105.000,old_id=310000494 | غداء,310000494
1c934b7a-dff4-7f06-e8f3-f36540da0d3e,2025-04-23,فرع السراج,بن قهوة,15.000,old_id=310000495 | بن قهوة,310000495
cc8f9d4b-9c0b-820c-894b-85d053b49910,2025-04-23,فرع السراج,ضادوووو,5.000,old_id=310000497 | ضادوووو,310000497
6bee5ef0-16b9-2417-c867-e2061344a5d7,2025-04-24,فرع السراج,أكواب الريادة رقم 7,65.000,old_id=310000498 | أكواب الريادة رقم 7,310000498
3eced97f-5fb2-9da0-c912-a29fd6350ddb,2025-04-24,فرع السراج,غداء  ل5 أشخاص,110.000,old_id=310000499 | غداء  ل5 أشخاص,310000499
4c56fbf1-1d5d-b8c1-a4b0-b9a1f923550f,2025-04-27,فرع السراج,كروت فور-جي,80.000,old_id=310000508 | كروت فور-جي,310000508
d84d9aa9-396b-49f2-a98e-123a770b9c60,2025-04-26,فرع السراج,طاسة ميه,20.000,old_id=310000501 | طاسة ميه,310000501
95b02bc9-5640-e2a7-6396-5636a3ab9d59,2025-04-26,فرع السراج,وجبة غداء ل5 أشخاص,90.000,old_id=310000502 | وجبة غداء ل5 أشخاص,310000502
a4b8ebc7-d489-2aca-3ce2-9d58530cecc8,2025-03-11,فرع السراج,اكل جعفر,10.000,old_id=210000409,210000409
2f2d3803-37a6-78dd-ec40-54a7510c79ff,2025-03-12,فرع السراج,اكل جعفر,10.000,old_id=210000410,210000410
5d96463e-8cd0-2982-5721-5847d7fc1250,2025-03-14,فرع السراج,اكل,10.000,old_id=210000411,210000411
e244e613-5eb6-44c2-65b0-2d5456c2b00f,2025-03-16,فرع السراج,من 11الي سراج,30.000,old_id=210000414,210000414
393d7cb2-667c-f31e-939b-affc525861fa,2025-03-17,فرع السراج,اكل,10.000,old_id=210000415,210000415
94dca932-850a-04a2-0963-3197285fce9b,2025-02-16,فرع السراج,مصروف,10.000,old_id=210000357,210000357
a30dee99-4474-6667-c823-e65cb2823b8c,2025-04-27,فرع السراج,وجبة غداء,80.000,old_id=310000509 | وجبة غداء,310000509
5ed26aed-665b-4029-3443-02658e30386e,2025-04-07,فرع السراج,غداء,115.000,old_id=310000446,310000446
96417bc8-2b60-7877-2008-5b6989932583,2025-04-24,فرع السراج,تسكير حساب أحمد ميشو تصنيع حوض برسلين,1570.000,old_id=310000500 | تسكير حساب أحمد ميشو تصنيع حوض برسلين,310000500
b35317c3-87f1-40a9-f97d-7169c9659599,2025-04-26,فرع السراج,جلب بضاعة من الدعوة الاسلامية,80.000,old_id=310000503 | جلب بضاعة من الدعوة الاسلامية,310000503
5d1c8e41-38f3-0e6e-4467-007b5b104835,2025-04-26,فرع السراج,سمير نيجر من شهر 4,20.000,old_id=310000504 | سمير نيجر من شهر 4,310000504
eeca50ff-1778-21a9-b56f-58bbeeb593bb,2025-05-01,فرع السراج,سليم,1000.000,old_id=310000523 | سليم,310000523
a3f714a9-fcdc-837e-7343-98387ea76012,2025-05-01,فرع السراج,قهوة+معمول+شاي,355.000,old_id=310000524 | قهوة+معمول+شاي,310000524
e8c61fe4-7605-a887-419c-d76a624fdfcd,2025-05-03,فرع السراج,وجبة غداء,90.000,old_id=310000525 | وجبة غداء,310000525
2b082948-c16f-b2ed-c2f5-b93963edab3f,2025-05-04,فرع السراج,وجبة غداء,115.000,old_id=310000526 | وجبة غداء,310000526
7037082f-1bb5-8613-7b74-4b79ae9eca09,2025-05-03,فرع السراج,سليم مشتريات,1700.000,old_id=310000527 | سليم مشتريات,310000527
d4a596bd-9bdb-62c0-1f1f-5cebe3211121,2025-05-04,فرع السراج,نقل بضاعة أكوالاند,80.000,old_id=310000528 | نقل بضاعة أكوالاند,310000528
b5a71b9a-c75f-1ad0-e428-be628773a367,2025-05-05,فرع السراج,وجبة غداء 4 أشخاص,90.000,old_id=310000529 | وجبة غداء 4 أشخاص,310000529
70196806-8c9f-045b-80ae-8fe68e0fdef5,2025-05-05,فرع السراج,من عند الزبون دفعهم بطاقة,70.000,old_id=310000530 | من عند الزبون دفعهم بطاقة,310000530
25fb214a-3c37-05c7-e5cb-b9fe5518f82c,2025-05-06,فرع السراج,غداء 4 أشخاص,85.000,old_id=310000532,310000532
c78cffd9-a340-f877-9bc7-5257cd0b238c,2025-05-06,فرع السراج,من مصراتة ....بضاعة توريما,50.000,old_id=310000533 | من مصراتة ....بضاعة توريما,310000533
86fa536e-fb5a-0315-46bb-4aaa9c33d6c1,2025-05-06,فرع السراج,شحن ساعة السراج,100.000,old_id=310000534,310000534
de6bb71a-b1ed-4b7b-5677-e443eb331eeb,2025-05-07,فرع السراج,وجبة غداء 4 أشخاص,90.000,old_id=310000535 | وجبة غداء 4 أشخاص,310000535
85901a8c-b4cf-de9a-c368-768507969af8,2025-03-19,فرع السراج,اكل,10.000,old_id=210000418,210000418
ab8a2758-ca65-b94e-5e8d-438e2449c655,2025-03-20,فرع السراج,اكل,10.000,old_id=210000419,210000419
b79cee03-beb6-6f81-a11a-7eee44a58e4f,2025-03-22,فرع السراج,اكل,10.000,old_id=210000420,210000420
2a484286-672b-d7b6-e0d6-0290af2ab87f,2025-03-23,فرع السراج,اكل,10.000,old_id=210000421,210000421
3c691603-84ce-801a-a07d-8a044aa99a20,2025-03-24,فرع السراج,اكل,10.000,old_id=210000422,210000422
92fc2542-2487-5efe-48b2-328d98363981,2025-03-24,فرع السراج,جعفر,120.000,old_id=210000423,210000423
ac4a62a0-d8ea-ffe9-0c45-0f9c2d323ee3,2025-03-25,فرع السراج,اكل,10.000,old_id=210000424,210000424
1b7fd738-2577-a4a4-5c73-0c3b6dd5398f,2025-03-26,فرع السراج,تنزيل بضاعه,20.000,old_id=210000425,210000425
b5e723ca-91cd-1303-4223-7daad04808f0,2025-03-26,فرع السراج,اكل,10.000,old_id=210000426,210000426
62bbd9bb-81c0-70a3-fc9f-3251fb5e988c,2025-03-26,فرع السراج,ماء شرب,65.000,old_id=210000427,210000427
01b5c647-c75b-9353-77dd-306946b70cd5,2025-03-28,فرع السراج,احمد الفاندي,1600.000,old_id=210000429,210000429
7e1361eb-1d97-c17d-3266-76b553f8909b,2025-03-29,فرع السراج,جعفر,10.000,old_id=210000430,210000430
7fcb4420-d292-b2b6-0494-2c96f66d6312,2025-04-05,فرع السراج,اكل,10.000,old_id=210000431,210000431
0768619c-03b3-4c2f-0419-0f4985a2c57e,2025-04-05,فرع السراج,مصروف,35.000,old_id=210000432,210000432
b474d2f9-c635-d48f-5a30-a46e4bc80f53,2025-04-22,فرع السراج,اكل,10.000,old_id=210000479,210000479
dde3470f-151d-2e36-4d6b-b92b386a8e56,2025-02-22,فرع السراج,مصروف,10.000,old_id=210000372,210000372
202a24e5-8050-9b5e-8768-b391a188caa0,2025-04-12,فرع السراج,بشير من شهر 4,670.000,old_id=310000463 | بشير من شهر 4,310000463
9c398ab8-9a9d-0920-660c-95d6a66413a3,2025-05-08,فرع السراج,مقدم لاحمد ميشو لحوض و رف بورسلين,500.000,old_id=310000539 | مقدم لاحمد ميشو لحوض و رف بورسلين,310000539
f1ce6302-329c-4352-a91a-0b47370985e9,2025-05-08,فرع السراج,مااااااااااااااء,30.000,old_id=310000537 | مااااااااااااااء,310000537
23c49ee7-b9cb-ef88-4db3-56f15a9993b6,2025-05-08,فرع السراج,سمير نيجر من مرتب شهر5,60.000,old_id=310000538 | سمير نيجر من مرتب شهر5,310000538
31ea4bdb-dc11-c8c4-9c24-b94811858039,2025-05-11,فرع السراج,كلينيكسس,10.000,old_id=310000542 | كلينيكسس,310000542
e0ac065e-6887-780a-9345-66e272e2b9ec,2025-05-08,فرع السراج,وجبة غداء ل5 أشخاص,105.000,old_id=310000536 | وجبة غداء ل5 أشخاص,310000536
67f6dc23-9ed3-df46-5912-268cbc732634,2025-05-10,فرع السراج,وجبة غداء 4أشخاص,95.000,old_id=310000540 | وجبة غداء 4أشخاص,310000540
b25e8368-a9f5-afb6-ce59-4c7752d62077,2025-05-11,فرع السراج,وجبة غداء ل4,80.000,old_id=310000543 | وجبة غداء ل4,310000543
c9deabd5-0e6e-9ba7-eada-776060045dc8,2025-05-06,فرع السراج,عماد,30.000,old_id=310000541 | عماد,310000541
14e9a746-da16-aedc-e0b0-a86dd300f2a4,2025-05-12,فرع السراج,وجبة غداء,85.000,old_id=310000545 | وجبة غداء,310000545
a0fa4368-7599-76b3-4c52-cd4c0c3a9d0c,2025-05-17,فرع السراج,"وجبة غداء ل 5
",110.000,"old_id=310000547 | وجبة غداء ل 5
",310000547
afa569d4-712f-4d26-3598-05f7034a93d1,2025-05-17,فرع السراج,سمير نيجر من مرتب شهر 5,30.000,old_id=310000548 | سمير نيجر من مرتب شهر 5,310000548
c6879cee-cbc0-8d68-abbe-a602ac659505,2025-05-19,فرع السراج,وجبة غداء,85.000,old_id=310000554 | وجبة غداء,310000554
8653ca69-f0cd-421a-0be0-0c2524a93019,2025-05-18,فرع السراج,طاسة ميه,25.000,old_id=310000550 | طاسة ميه,310000550
f0281fcf-2e63-9ae1-1991-c48dbb445cd6,2025-05-18,فرع السراج,"معطر ب15جنيه
5 من الحصالة",10.000,"old_id=310000551 | معطر ب15جنيه
5 من الحصالة",310000551
cbc76e5c-1950-806a-087e-f44efba25569,2025-05-18,فرع السراج,وجبة غداء ل5 أشخاص,115.000,old_id=310000549 | وجبة غداء ل5 أشخاص,310000549
fe5c0d51-5e75-2ffb-a832-bb29dc4dd173,2025-05-17,فرع السراج,مشتريات من مسوق,1135.000,old_id=310000552 | مشتريات من مسوق,310000552
7c92c769-aea2-4748-1793-5642ce5f727a,2025-05-19,فرع السراج,أجرة عامل,30.000,old_id=310000555 | أجرة عامل,310000555
3c0b9e99-b4e7-92c2-9005-61689ac70ccf,2025-05-18,فرع السراج,عبد المنعم,750.000,old_id=310000553 | عبد المنعم,310000553
6eed150d-f7eb-3a9d-c068-75e1809d573c,2025-05-19,فرع السراج,عبد الله من مرتب شهر5,30.000,old_id=310000556 | عبد الله من مرتب شهر5,310000556
607e6e57-1ed1-9e29-d291-621266dfa178,2025-02-22,فرع السراج,برميل قمامة,45.000,old_id=210000373,210000373
61a4e7d7-5921-67ec-9dc1-e612ca8d8153,2025-04-06,فرع السراج,مصروف,40.000,old_id=210000435,210000435
eb6b2e95-43f0-16fc-1461-3a672b1b465a,2025-04-06,فرع السراج,اكل,10.000,old_id=210000436,210000436
ae4ccdc5-cfb3-61d7-365d-ef3252664787,2025-04-07,فرع السراج,مصروف,35.000,old_id=210000437,210000437
4e22e229-a3b8-ba6b-9901-627fc7d37867,2025-04-07,فرع السراج,اكل,10.000,old_id=210000438,210000438
3b82c0a6-4fe7-55e3-9341-5da90b07e6c7,2025-04-08,فرع السراج,مصروف,30.000,old_id=210000439,210000439
6f7d73c0-3291-643d-1b5a-e6019887c8d1,2025-04-08,فرع السراج,اكل,10.000,old_id=210000440,210000440
f5f82c9b-82d7-66f3-340e-55b8c8df97d9,2025-04-09,فرع السراج,اكل,10.000,old_id=210000442,210000442
6d44e6ca-6604-8e29-a398-9085b0bddcf1,2025-04-09,فرع السراج,جعفر,130.000,old_id=210000443,210000443
7bf4f1f7-9c81-91a0-8127-ee18f2aee0fe,2025-04-10,فرع السراج,مصروف,40.000,old_id=210000444,210000444
0382be3f-0cc7-d75d-53f2-eaf97a6ae4d5,2025-04-10,فرع السراج,اكل,10.000,old_id=210000445,210000445
a3a73829-ab77-6f8d-2d3d-4d7f873ff9c8,2025-04-19,فرع السراج,بشير بدل ايصال نقدي للزبون خصم من شهر 4 فاتورة ايصال ائتماني,150.000,old_id=310000481,310000481
9f0bedb9-71be-3f38-d459-eca78bbb8f48,2025-05-20,فرع السراج,براغي و خابور,50.000,old_id=310000557 | براغي و خابور,310000557
00aa9fbc-932f-50ed-964d-a0b8afb00cfa,2025-05-20,فرع السراج,بخور,40.000,old_id=310000558 | بخور,310000558
5e96a813-db06-984c-581d-bae6c5bbefba,2025-05-20,فرع السراج,ماااااااااااء,10.000,old_id=310000559 | ماااااااااااء,310000559
0797ae77-b9cf-d418-9164-7a2e6292a50f,2025-05-20,فرع السراج,غداء,80.000,old_id=310000560 | غداء,310000560
e04361a9-656b-dcff-645c-778376edbb85,2025-05-20,فرع السراج,صابون و شامبوينق,25.000,old_id=310000561 | صابون و شامبوينق,310000561
9b80d7d4-c195-0592-015b-57e0a548a60f,2025-05-20,فرع السراج,كروت نت,95.000,old_id=310000562 | كروت نت,310000562
370d8fa8-f36a-f1c1-f1c6-9bb29bbaeca1,2025-05-20,فرع السراج,توصيل من  أحمد ميشو,25.000,old_id=310000564 | توصيل من  أحمد ميشو,310000564
14af47e9-898d-46bb-0fe7-bbde3ecfb765,2025-05-21,فرع السراج,بديل رخام,1000.000,old_id=310000565 | بديل رخام,310000565
37ad074f-b03d-e143-9671-1d1bab1b1c71,2025-05-22,فرع السراج,غداء 5 أشخاص,105.000,old_id=310000566 | غداء,310000566
b148d114-75b3-7815-171c-6cd01a3c4782,2025-05-24,فرع السراج,تسكير عجز يوم الخميس 22/05/2025,30.000,old_id=310000572 | تسكير عجز يوم الخميس 22/05/2025,310000572
5efa2012-8edd-4943-0582-67a483e68bc2,2025-05-22,فرع السراج,مشتريات عبد المنعم,415.000,old_id=310000567 | طلاء خلاطات,310000567
b2d97284-41f3-4636-b394-4445cd36e916,2025-05-24,فرع السراج,غداء ل5,105.000,old_id=310000569 | غداء ل5,310000569
b9f55245-a70e-db18-a376-60f956507594,2025-05-24,فرع السراج,سمير نيجر من مرتب شهر 5,60.000,old_id=310000573 | سمير نيجر من مرتب شهر 5,310000573
b61e50e8-d282-e8bb-253c-ad4ed1b1ff32,2025-05-22,فرع السراج,سليم,1000.000,old_id=310000568,310000568
205f3f87-4c5e-450c-f45b-2dbf9444a734,2025-02-25,فرع السراج,تنزيل بضاعة,15.000,old_id=210000386,210000386
dc5b26aa-3158-776f-efd4-7a765af62b72,2025-04-13,فرع السراج,مصروف,75.000,old_id=210000448,210000448
025d7a7a-f338-7cdc-93d3-2f2c07d258e9,2025-04-13,فرع السراج,اكل,10.000,old_id=210000449,210000449
9a7555ba-6901-0b46-f510-96e4ea81f17c,2025-04-12,فرع السراج,تعبا من مخزن جنزور عدد2 سيارة,100.000,old_id=210000451,210000451
0638ecb0-4565-d4ed-f6a2-abd4e115d8bd,2025-04-12,فرع السراج,من مخزن جنزور الي سراج,50.000,old_id=210000452,210000452
8f427fda-55ca-3ce2-06c5-e047393d9522,2025-04-12,فرع السراج,من جنزور الي 11يونيوا,120.000,old_id=210000453,210000453
b014e695-6bef-a38a-5e82-499ba9308011,2025-04-14,فرع السراج,مصروف,35.000,old_id=210000454,210000454
d93612ff-8a91-b705-7b97-5ae98853ad22,2025-04-14,فرع السراج,اكل,10.000,old_id=210000455,210000455
5d35251d-8ff7-2a42-3384-1b1774e8d60f,2025-04-14,فرع السراج,من دعوة الي سراج,50.000,old_id=210000456,210000456
9e7bb819-fcfa-c61e-e56b-6a5db123a556,2025-04-14,فرع السراج,تنزيل فاتورة حاجز دوش,45.000,old_id=210000459,210000459
fcf81560-cffa-817d-d7c6-7d8db1bf24d2,2025-04-14,فرع السراج,ساعة مواد البناء,250.000,old_id=210000460,210000460
aacb806f-5989-b67d-c1b8-f59fb879eeec,2025-04-15,فرع السراج,اكل,10.000,old_id=210000461,210000461
fbcabfd5-7f10-ee37-350e-ca478e53a0b7,2025-04-15,فرع السراج,مصروف,40.000,old_id=210000462,210000462
dd9c75d2-ee99-37be-cc2e-f502d95cbf8c,2025-05-04,فرع السراج,اكل,10.000,old_id=210000513,210000513
a44b48e3-585d-5fba-5649-f6fcac29914f,2025-04-23,فرع السراج,صيانة إيطار السيارة,10.000,old_id=310000496,310000496
f991b6f0-3f9d-d4de-702d-c3aecd5573b6,2025-05-22,فرع السراج,أجرة عمال نقل بضاعة المخزن,1000.000,old_id=310000570 | أجرة عمال نقل بضاعة المخزن,310000570
7434005d-30ea-6529-18aa-9051f2c0f1d7,2025-05-24,فرع السراج,عشاء عمال تنزيل بضاعة المخزن يوم الخميس 22/05/2025,210.000,old_id=310000571 | عشاء عمال تنزيل بضاعة المخزن يوم الخميس 22/05/2025,310000571
e4ce321d-bc03-e69a-6c6a-3ebcfd9f6492,2025-05-24,فرع السراج,عبد الرزاق النجار,1000.000,old_id=310000575 | عبد الرزاق النجار,310000575
19a52d49-879d-efc8-9586-e6e9a2202317,2025-05-25,فرع السراج,عبد الرزاق النجار,2640.000,old_id=310000574 | عبد الرزاق النجار,310000574
d7bd97bd-a18c-874e-9f30-64f6e890e987,2025-05-26,فرع السراج,وجبة غداء ل 5,90.000,old_id=310000579 | وجبة غداء ل 5,310000579
ef0b64d8-4413-bdb8-8a2f-0db31048a9fc,2025-05-26,فرع السراج,طاسة مي,45.000,old_id=310000581 | طاسة مي,310000581
5c0e4e36-b2f5-0f64-6230-5e620c83ac32,2025-05-27,فرع السراج,مكتبية,15.000,old_id=310000582,310000582
0e395646-ac5c-41be-c4aa-53643d195a57,2025-05-27,فرع السراج,وجبة غداء ل5,95.000,old_id=310000583 | وجبة غداء ل5,310000583
670d9e87-6260-4a0d-7c2c-898495722ddf,2025-05-27,فرع السراج,تسكير عجز يوم 26/05,1415.000,old_id=310000584 | تسكير عجز يوم 26/05,310000584
6a7540ec-aaa9-6957-d817-c326d3283795,2025-05-29,فرع السراج,مشتريات سليم,130.000,old_id=310000588 | مشتريات,310000588
23273c0e-ff32-14bf-71db-910465dee4a7,2025-05-29,فرع السراج,سليم,2000.000,old_id=310000589,310000589
3087554c-039b-06da-b1dc-86ea73ff5ec1,2025-03-02,فرع السراج,مصروف,10.000,old_id=210000395,210000395
14a94e93-ee78-026d-afb9-076750fa7c8f,2025-04-16,فرع السراج,اكل,10.000,old_id=210000464,210000464
efafd85d-d456-39fd-d77f-9a8f1803992d,2025-04-17,فرع السراج,مصروف,40.000,old_id=210000465,210000465
05f08a62-0d5d-6cdd-b680-4ab3d3add4d1,2025-04-17,فرع السراج,اكل,10.000,old_id=210000466,210000466
c646d779-4f5a-c8b4-082d-388b6cbf0dfd,2025-04-19,فرع السراج,مصروف,55.000,old_id=210000468,210000468
1dad8f43-e5ae-aa23-016b-720484ad4501,2025-04-19,فرع السراج,اكل,10.000,old_id=210000469,210000469
33b09d46-4ee2-59ac-3f41-f9f3c66fc3dc,2025-04-19,فرع السراج,تركيب بومبا باب المرش,520.000,old_id=210000470,210000470
74a96d7a-3035-1e0a-0f60-c28b6adf5660,2025-04-19,فرع السراج,نقل قمامه,40.000,old_id=210000471,210000471
9d3ff77c-4c41-baf3-5edb-4129f39f05f4,2025-04-20,فرع السراج,مصروف,40.000,old_id=210000472,210000472
9a28545a-153c-287f-0e9b-7a77f8482e9c,2025-04-20,فرع السراج,اكل,10.000,old_id=210000473,210000473
c1702139-a443-2aeb-62fa-0ba395ac9152,2025-04-20,فرع السراج,مصروف,255.000,old_id=210000474,210000474
32b91660-9d38-c54c-8d10-33650275caf0,2025-04-21,فرع السراج,ماء,30.000,old_id=210000475,210000475
366a92ec-462d-1b6c-fb89-f89e194266a0,2025-04-21,فرع السراج,مصروف,75.000,old_id=210000476,210000476
a1687a9e-d544-9e2c-9c2f-d35f871946ad,2025-04-21,فرع السراج,اكل,10.000,old_id=210000477,210000477
380b4383-e956-5a4c-94f0-a8e987fd3b87,2025-04-22,فرع السراج,مصروف,35.000,old_id=210000478,210000478
d01dfe04-c119-6203-840a-fe68c9a04d8f,2025-03-09,فرع السراج,مسمار لتركيب مقاعد معلقة,25.000,old_id=210000406,210000406
d5a7b2b4-7a9d-1e7f-ebda-946b1f63e54e,2025-04-28,فرع السراج,وجبة غداء,95.000,old_id=310000511 | وجبة غداء,310000511
737f90cf-88a9-aa7e-c1f7-5dda391d2dca,2025-05-29,فرع السراج,أحمد ميشوووووووووووووووو,200.000,old_id=310000590 | أحمد ميشوووووووووووووووو,310000590
1b26af80-6185-7f6b-63c2-c8080bd8ebef,2025-05-31,فرع السراج,مشتريات :حوض 30*60 sharp,660.000,old_id=310000592 | مشتريات :حوض 30*60 sharp,310000592
85b0910f-c150-0647-d6ac-495db11af29c,2025-05-29,فرع السراج,وجبة غداء ل6,100.000,old_id=310000587 | وجبة غداء ل6,310000587
546cc511-ba23-9ade-0cc5-c5c3c8463875,2025-05-29,فرع السراج,ارجاع 160 أكل ليوم 28/05,160.000,old_id=310000591 | ارجاع 160 أكل ليوم 28/05,310000591
0e155a64-10f7-a119-3eff-92272b71d42e,2025-05-31,فرع السراج,ماوس,45.000,old_id=310000593,310000593
dc2ee0b6-c889-2121-5eac-a59c8b49bb94,2025-05-31,فرع السراج,غداء,80.000,old_id=310000594 | 4 أشخاص,310000594
0783aa4c-e16c-3009-5766-a2eb208233e6,2025-05-31,فرع السراج,سليم,1000.000,old_id=310000595,310000595
bb809668-e457-38b6-ce60-77479f9bd3c2,2025-05-31,فرع السراج,تسكير حساب سمير نيجر لشهر 5,850.000,old_id=310000598 | تسكير حساب سمير نيجر لشهر 5,310000598
8ff4a0ba-3013-76c3-5fd9-7fe928121c9d,2025-05-31,فرع السراج,تسكير حسلب أحمد جميل لشهر 5,330.000,old_id=310000599 | تسكير حسلب أحمد جميل لشهر 5,310000599
57fcbbd5-042c-f3d5-2fe4-1ac83895e161,2025-06-01,فرع السراج,عماد,150.000,old_id=310000600 | عماد,310000600
d847b810-e847-c10b-2ea7-c5374e4aa9bb,2025-06-01,فرع السراج,سليم,1020.000,old_id=310000601,310000601
6497ed8b-612c-b99d-360b-6f6e4a703b15,2025-06-01,فرع السراج,عماد,1000.000,old_id=310000602 | عماد,310000602
25cddf6b-6616-85e3-b144-cdc27464526b,2025-06-04,فرع السراج,مياه شرب + كربون,10.000,old_id=310000609,310000609
77b8c355-9c69-540a-0537-decc290c7b7c,2025-06-02,فرع السراج,عماد,1400.000,old_id=310000603 | عماد,310000603
6e52eb2c-48ed-24f5-2669-9c401092ec1d,2025-06-02,فرع السراج,"وجبة غداء ل 5
",90.000,"old_id=310000604 | وجبة غداء ل 5
",310000604
e6139839-d894-5d01-3a50-e8c1017041ff,2025-06-02,فرع السراج,"سليم
",2000.000,"old_id=310000605 | سليم
",310000605
8f9d3796-b590-2a08-7e43-fb649acdc228,2025-06-03,فرع السراج,وجبة غداء ل5 أشخاص مع ضيف,90.000,old_id=310000606 | وجبة غداء ل5 أشخاص مع ضيف,310000606
57934da7-28c1-497e-3a09-a6b7338d31c7,2025-04-23,فرع السراج,من دعوه الي سراج,40.000,old_id=210000484,210000484
e7e1c8df-16d5-460e-6407-66c96085ed52,2025-04-23,فرع السراج,اكل,10.000,old_id=210000486,210000486
d64abfb1-f3fc-c622-7eca-a1bc181411a1,2025-04-23,فرع السراج,تنزيل مواد صحيه,20.000,old_id=210000487,210000487
4e0c6f8e-b678-663a-de96-ea6da0558f1a,2025-04-23,فرع السراج,مصروف,85.000,old_id=210000485,210000485
08bb616a-0e43-dd62-5a4b-8cbb793aa73e,2025-04-24,فرع السراج,مصروف,45.000,old_id=210000488,210000488
79c18185-92f2-9f39-9a29-b6acf693d6bc,2025-04-24,فرع السراج,اكل,10.000,old_id=210000489,210000489
066b949f-f371-5c46-72da-eda68b2a9372,2025-04-26,فرع السراج,مصروف,35.000,old_id=210000490,210000490
31e952c1-85cc-1992-f8c4-d277e1a19fe6,2025-04-26,فرع السراج,اكل,10.000,old_id=210000491,210000491
503643fb-1d3d-d741-78c4-a68e592a4a34,2025-04-27,فرع السراج,مصروف,40.000,old_id=210000492,210000492
2075030e-b42d-adec-935f-87753f6aaaba,2025-04-27,فرع السراج,اكل,10.000,old_id=210000493,210000493
20665675-0abd-053f-4ddb-4fd875de5daa,2025-04-27,فرع السراج,ترتيب مخزن,10.000,old_id=210000494,210000494
aadc6279-d3a8-4d6f-c4b1-3e2680215d17,2025-03-10,فرع السراج,مصروف,10.000,old_id=210000407,210000407
4b8f204e-3983-3cf4-9cae-0cc5549713fc,2025-03-11,فرع السراج,من دعوة الي سراج,50.000,old_id=210000408,210000408
5e96bfb4-f3d3-13e1-e216-24b8088cffe1,2025-05-06,فرع السراج,"مكتبية 
",45.000,"old_id=310000531 | مكتبية 
",310000531
4c76b7c9-91bb-e08a-5471-1be5d333e581,2025-06-04,فرع السراج,وجبة غداء 4 اشخاص,85.000,old_id=310000607,310000607
6a5af7e1-269d-2309-a823-8b3ead446af0,2025-06-04,فرع السراج,احمد ميشو تصنيع احواض لسراج,600.000,old_id=310000608 | عبدالوهاب,310000608
f19acfa2-763d-b288-9f5c-1f82f0acac4a,2025-06-04,فرع السراج,سمير علي الحساب,200.000,old_id=310000610,310000610
76a49f56-2a93-4048-6ce3-d26323586bf6,2025-06-10,فرع السراج,غداء 4 اشخاص,75.000,old_id=310000611 | غداء 4 اشخاص,310000611
cd3b50a9-5ab4-21a4-873c-0b9ec7398540,2025-06-10,فرع السراج,معطر جوي + ملمع مرش,17.000,old_id=310000612 | معطر جوي + ملمع مرش,310000612
71763c41-6e3f-e5ce-13ad-20c53b559808,2025-06-11,فرع السراج,مياه شرب,16.000,old_id=310000614 | مياه شرب,310000614
6a7deff6-8777-9f6f-25e8-dc248959bf83,2025-06-11,فرع السراج,غداء 3اشخاص,74.000,old_id=310000613 | غداء 3اشخاص,310000613
7e3f0127-9e70-f6c9-f91d-be1abbc740b7,2025-06-11,فرع السراج,معطر جو,15.000,old_id=310000615 | معطر جو,310000615
02ec1f41-a5a9-dcc7-9aa7-02d4bd60e8f3,2025-06-11,فرع السراج,عبدو نقل من شركة الخليج الي المحل 11يونيو,60.000,old_id=310000616 | عبدو نقل من شركة الخليج الي المحل 11يونيو,310000616
701e70b3-1ab4-6f2b-6eec-4690f9d23476,2025-06-12,فرع السراج,وجبة غداء 4 اشخاص,90.000,old_id=310000617 | وجبة غداء 4 اشخاص,310000617
97700f1a-b9df-f233-bc91-bff574b975b2,2025-06-12,فرع السراج,بسكويت معمول + اعواد شاهي,105.000,old_id=310000618 | بسكويت معمول + اعواد شاهي,310000618
37956cb1-b1e1-c67a-63e3-872584733c78,2025-06-14,فرع السراج,مصروف,110.000,old_id=310000620,310000620
8a631296-99e8-2734-b7df-8868ddfe15f6,2025-06-15,فرع السراج,وجبة غداء 6 اشخاص (2 ضيوف),130.000,old_id=310000621 | وجبة غداء 6 اشخاص (2 ضيوف),310000621
d609756d-17a9-d3d0-e256-aee2f61c9753,2025-06-15,فرع السراج,مياه شرب,28.000,old_id=310000622 | مياه شرب,310000622
f6b2a23f-7b1f-250c-e50f-9007a05b3719,2025-03-15,فرع السراج,اكل,10.000,old_id=210000412,210000412
8c0f2151-2836-00a2-51fd-d60d93f4f7a3,2025-04-27,فرع السراج,مواد الصحبة,100.000,old_id=210000498,210000498
8f7572d5-1841-826d-99e6-85b39a3c0df3,2025-04-29,فرع السراج,مصروف,35.000,old_id=210000499,210000499
822e3bbf-9498-87a3-b2d8-95ba9a47f604,2025-04-29,فرع السراج,اكل,10.000,old_id=210000500,210000500
1bf56bc3-5bc9-9925-3a2e-18a40ea4b856,2025-04-30,فرع السراج,مصروف,90.000,old_id=210000501,210000501
8d9497e2-de4b-6532-568e-9995b82c7398,2025-04-30,فرع السراج,قمامة,30.000,old_id=210000502,210000502
c6c3829f-3cae-198c-8323-ce6a356aa195,2025-04-30,فرع السراج,اكل,10.000,old_id=210000503,210000503
4c234d8b-7a92-8daa-4701-7d53c688b3f8,2025-05-01,فرع السراج,ورق طابعة,50.000,old_id=210000504,210000504
9878cf47-925d-a698-d5fa-dce1871f49c4,2025-05-01,فرع السراج,نقل فاتورة شارع اسطنبول,20.000,old_id=210000505,210000505
482e2f84-0ea5-6c74-bd3c-8122ae55a76b,2025-05-01,فرع السراج,مصروف,40.000,old_id=210000506,210000506
2b3b8a85-9c09-c0d8-f011-b2135f17487b,2025-05-01,فرع السراج,اكل,10.000,old_id=210000507,210000507
1ecdc895-f417-0c0b-5342-f6940e0137cb,2025-05-01,فرع السراج,جعفر /من شهر 5,300.000,old_id=210000509,210000509
7b138374-3bee-055e-4792-fed9dd513b6a,2025-05-03,فرع السراج,مصروف,70.000,old_id=210000510,210000510
d4254ba7-ff27-feea-0c92-bb0aef85bff8,2025-05-03,فرع السراج,اكل,10.000,old_id=210000511,210000511
35397c4f-7bdb-8c28-1c4c-ba689f631a1d,2025-05-04,فرع السراج,مصروف,40.000,old_id=210000512,210000512
3bfe9078-7747-f777-6d05-77ed44eed650,2025-05-17,فرع السراج,مواد تنظيف,25.000,old_id=310000546 | مواد تنظيف,310000546
44429f06-3372-5fa1-b4eb-2266df919fcc,2025-06-15,فرع السراج,صابون + معطر ارضيات+صابون يدين,27.000,old_id=310000623 | صابون + معطر ارضيات+صابون يدين,310000623
3cf3abf5-dba8-d638-3df0-7b8be2d932d3,2025-06-15,فرع السراج,عبدالله الخرطوم علي الحساب,100.000,old_id=310000624 | عبدالله الخرطوم علي الحساب,310000624
2800a8fb-2c01-36c7-9b4e-446cbb9a8f78,2025-06-16,فرع السراج,وجبة غداء 4 اشخاص,75.000,old_id=310000625 | وجبة غداء 4 اشخاص,310000625
50015b0d-7ff6-39ad-6510-a195a331e5b5,2025-06-16,فرع السراج,سمير النيجر,40.000,old_id=310000626 | سمير النيجر,310000626
6b64c358-1ad8-be61-6b2a-88a9c003f949,2025-06-17,فرع السراج,من سبعة الي 11يونيو,70.000,old_id=310000627,310000627
e6270834-9a45-ccb0-d0c8-facd245ecae5,2025-06-18,فرع السراج,وجبة غداء 4 اشخاص,85.000,old_id=310000629 | وجبة غداء 4 اشخاص,310000629
0ba06749-5272-8435-4a40-e0ee6742a1da,2025-06-19,فرع السراج,غداء 4 أشخاص,80.000,old_id=310000630,310000630
1e7c2974-8690-0fa1-747f-ce216c10fe10,2025-06-19,فرع السراج,جزم من حساب شهر 6 ل عبد الله,100.000,old_id=310000631 | عبد الله,310000631
8cf78b56-e456-78af-aff9-063f06fd96ac,2025-06-21,فرع السراج,غداء 4 أشخاص,75.000,old_id=310000633,310000633
11bee579-5ebe-47c4-4576-5e86f84019d0,2025-06-21,فرع السراج,معمول,15.000,old_id=310000634,310000634
11406eb2-172a-8d53-72de-090cecf82b52,2025-06-21,فرع السراج,مشتريات من الركن الجديد,300.000,old_id=310000635 | مصب أسود,310000635
3e594c7b-a079-2465-be49-6f117f16fc2e,2025-06-22,فرع السراج,غداء 4 أشخاص,80.000,old_id=310000636,310000636
7e3523ca-e1a5-83f5-e2c6-575b6e913992,2025-06-23,فرع السراج,غداء 5 أشخاص,100.000,old_id=310000637,310000637
9b705cea-91d0-cd83-f15d-a66e110bb81c,2025-06-23,فرع السراج,ماء,30.000,old_id=310000638,310000638
8b2f0405-4c8b-7877-f1f7-ca9ce6ef9d84,2025-06-24,فرع السراج,غداء 5 أشخاص,95.000,old_id=310000639,310000639
8e27fa3d-b6f6-9e91-64bf-ee8f523f0b33,2025-03-16,فرع السراج,الاكل,10.000,old_id=210000413,210000413
d782ba9e-6eff-abed-0717-4c1ca03155a5,2025-05-05,فرع السراج,اكل,10.000,old_id=210000516,210000516
c214fd54-7ce6-dae9-d470-e8df07a13a70,2025-05-05,فرع السراج,مصروف,490.000,old_id=210000517,210000517
f42014ad-3294-adad-92d1-3273a11161e1,2025-05-05,فرع السراج,قهواء عربية +ماء,115.000,old_id=210000518,210000518
46772aa0-ff2a-fc5f-031a-bdbbbb3b3d58,2025-05-06,فرع السراج,مصروف,40.000,old_id=210000519,210000519
7f5f1772-8a8b-aac5-0ed5-1977c67f4283,2025-05-06,فرع السراج,اكل,10.000,old_id=210000520,210000520
60fca91e-ee91-56fb-23df-854f04ad035d,2025-05-07,فرع السراج,مصروف,45.000,old_id=210000521,210000521
9da2cdfe-b0da-fc5c-1488-aa36ce3a6424,2025-05-07,فرع السراج,اكل,10.000,old_id=210000522,210000522
b7b3da1e-21cd-b79a-dd53-35c518c393b6,2025-05-08,فرع السراج,من السبعة الي سراج,70.000,old_id=210000523,210000523
8e71033c-89b5-54de-7c42-dab1a4d775a3,2025-05-08,فرع السراج,مصروف,40.000,old_id=210000524,210000524
79535316-c0c2-2b42-4526-29ece56177af,2025-05-08,فرع السراج,اكل,10.000,old_id=210000525,210000525
61d80a59-34a6-e1e2-8ff8-c84165726776,2025-05-08,فرع السراج,احمد الفاندي,1600.000,old_id=210000526,210000526
63d2cdf9-fd40-dcfb-c059-945957d349df,2025-05-10,فرع السراج,مصروف,85.000,old_id=210000527,210000527
ff95c08f-8f67-1fc9-f88e-919c806f4400,2025-05-10,فرع السراج,اكل,10.000,old_id=210000528,210000528
412a3b11-6141-2903-bcbd-86d3ce98c68c,2025-05-10,فرع السراج,فاتوره رقم 2657,60.000,old_id=210000529,210000529
6d880d3b-55c6-6375-a1ee-8023037e6887,2025-05-05,فرع السراج,نقل فاتورة,15.000,old_id=210000515,210000515
2744ce27-c517-92b4-e4cd-bad11d13308f,2025-05-21,فرع السراج,وجبة غداء 5,105.000,old_id=310000563 | وجبة غداء 5,310000563
8facd1c4-608f-0d6a-8ae1-e2e1336613ee,2025-06-24,فرع السراج,نقل من السبعة,50.000,old_id=310000640,310000640
c28df047-5e40-c438-d91a-2d9e900eca49,2025-06-24,فرع السراج,معمول + موخيتو,245.000,old_id=310000641,310000641
a4dd7238-5974-0532-ad68-19072f12487f,2025-06-25,فرع السراج,وجبة غداء 5 اشخاص,105.000,old_id=310000642 | وجبة غداء 5 اشخاص,310000642
6a998050-c221-c4f0-5635-e779cea1940c,2025-06-26,فرع السراج,غداء 4 أشخاص,75.000,old_id=310000643,310000643
425ccee9-7372-c39c-ff5b-3e1b30417772,2025-06-26,فرع السراج,مناديل+عصير,50.000,old_id=310000645,310000645
a677802f-f00f-235f-77ed-10ca9e06d113,2025-06-26,فرع السراج,سليم,2000.000,old_id=310000644,310000644
b3088b45-d879-dc8f-7dcb-5d67f6065536,2025-06-30,فرع السراج,غداء 6 أشخاص,150.000,old_id=310000654 | غداء 6 أشخاص,310000654
1fbe8b80-9b15-47f1-336d-e5857093eff5,2025-06-26,فرع السراج,سمير نيجر جزء من شهر 6,40.000,old_id=310000648 | سمير نيجر جزء من شهر 6,310000648
1fd03988-606d-5a55-b2e0-d028d3448e91,2025-06-26,فرع السراج,عبد الله الخرطوم تسكير حساب شهر 6,1100.000,old_id=310000649 | عبد الله الخرطوم تسكير حساب شهر 6,310000649
f6337f63-5064-7132-5ac7-afcbad63f549,2025-06-28,فرع السراج,معطر جو مع معطر ارضية,30.000,old_id=310000650 | معطر جو مع معطر ارضية,310000650
78fecc4f-955b-fdc5-4209-9f2e380c1a87,2025-06-28,فرع السراج,ماء,35.000,old_id=310000651,310000651
11bebd4e-efb6-bc97-cdb4-c1fc84cffdc8,2025-06-28,فرع السراج,غداء 7 أشخاص,145.000,old_id=310000647 | غداء 7 أشخاص,310000647
38e0b7e5-ad14-4694-e916-bb959e287354,2025-05-12,فرع السراج,مصروف,65.000,old_id=210000532,210000532
3dfa058f-9eb9-0090-246c-ee6d0fa1ed28,2025-05-12,فرع السراج,اكل,10.000,old_id=210000533,210000533
680cc934-affc-da2d-a340-4251bec893bf,2025-05-13,فرع السراج,مصروف,35.000,old_id=210000534,210000534
5095dc76-aec5-e4fd-7682-b016dbf0e228,2025-05-13,فرع السراج,اكل,10.000,old_id=210000535,210000535
67c850f2-0a35-0bc1-ae77-bdb58e504a28,2025-05-15,فرع السراج,مصروف,120.000,old_id=210000536,210000536
3920197d-8bd0-1b6d-74b8-dc812f9665ab,2025-05-15,فرع السراج,اكل,10.000,old_id=210000537,210000537
5cf79098-1824-226c-ec1c-90872fc7a16d,2025-05-17,فرع السراج,مصروف,40.000,old_id=210000538,210000538
62df4ef0-aec4-d53b-6ca6-01fa3460b76f,2025-05-17,فرع السراج,اكل,10.000,old_id=210000539,210000539
aea6d3ab-73dc-661f-6ca0-a88b9e018c1d,2025-05-18,فرع السراج,مصروف,40.000,old_id=210000541,210000541
6c87a529-8933-5ef7-dccd-52dd7248df92,2025-05-18,فرع السراج,اكل,10.000,old_id=210000542,210000542
0df57a00-fe02-52bb-f54b-bb1dd89ec28f,2025-05-19,فرع السراج,مصروف,65.000,old_id=210000543,210000543
4c698c90-6691-f425-095c-a57b5393f0f0,2025-05-19,فرع السراج,اكل,10.000,old_id=210000544,210000544
3b52189e-1df2-efd4-5909-f58e595011c5,2025-05-19,فرع السراج,ساعة مواد الصحية,400.000,old_id=210000545,210000545
bbab2431-e198-81b0-aeff-e9c35abceb74,2025-05-20,فرع السراج,اكل,10.000,old_id=210000546,210000546
530fd7b2-8dc3-47b6-3ff5-c0f2c594a4fa,2025-05-20,فرع السراج,تنزيل بضاعة,30.000,old_id=210000547,210000547
cbf2e48e-20f6-5768-485e-05ec5c79b7c8,2025-05-20,فرع السراج,من مخزن جنزور السراج,60.000,old_id=210000548,210000548
409361c2-5625-6434-5737-ee03805b75a2,2025-05-20,فرع السراج,قمامة,30.000,old_id=210000549,210000549
9fb3e723-aa4e-6364-f6b6-b47a452af408,2025-03-18,فرع السراج,قمامه,30.000,old_id=210000416,210000416
e00937ec-ebb5-806b-2206-a8c1944ab141,2025-04-05,فرع السراج,ماء شرب,5.000,old_id=210000434,210000434
74c6f22a-a66d-143d-e91a-a7eb0224e063,2025-05-25,فرع السراج,غداء ل 6 أشخاص,120.000,old_id=310000576 | غداء ل 6 أشخاص,310000576
2bb4deb1-1c5b-2120-cd08-1ea17b69f9be,2025-05-26,فرع السراج,نقل,180.000,old_id=310000577 | نقل,310000577
d3ef90d1-5b34-15aa-4e6f-75c9ecfc7944,2025-06-29,فرع السراج,غداء 5 أشخاص,90.000,old_id=310000652,310000652
4608f4d1-aa65-e2a8-3324-2072617a9854,2025-05-12,فرع السراج,صناديق تنظيم بضاعة,94.000,old_id=310000544 | صناديق تنظيم بضاعة,310000544
eeaa97a0-5747-8484-02af-7d66472288ed,2025-06-29,فرع السراج,سليم,1000.000,old_id=310000653,310000653
ce79db3f-66eb-3bb0-774d-10cf9a608bcd,2025-07-01,فرع السراج,غداء 5 أشخاص,80.000,old_id=310000655,310000655
1975fd96-ab31-606a-acf7-f7894ed52a97,2025-07-01,فرع السراج,نقل من جنزور,100.000,old_id=310000656,310000656
51a58e91-c881-950a-5fb0-93a49a501199,2025-07-01,فرع السراج,سليم,1000.000,old_id=310000658 | سليم,310000658
23e6345b-63e7-95c0-3731-506c8f93337a,2025-07-02,فرع السراج,نايلو شفاف يدوي لاصق 50سم,80.000,old_id=310000659 | نايلو شفاف يدوي لاصق 50سم,310000659
77894c30-2f59-bf20-1893-7755278b0280,2025-07-02,فرع السراج,فركة تعبئة من مخزن عبد المهيمن,100.000,old_id=310000660 | فركة تعبئة من مخزن عبد المهيمن,310000660
a0001309-cc87-6f49-3e2f-bcb9f1f5ab60,2025-07-02,فرع السراج,غداء,110.000,old_id=310000661,310000661
daba2729-5520-62ad-8f5a-2c20d9877880,2025-07-02,فرع السراج,نقل من مخزن مهيمن,290.000,old_id=310000662,310000662
e2b7a247-3ebb-da7e-381d-6c047738a035,2025-07-02,فرع السراج,عمال نقل بضائع من مخزن مهيمن,80.000,old_id=310000663,310000663
3e168a6c-349c-17f5-db88-ee4eabad44de,2025-07-02,فرع السراج,ماء,30.000,old_id=310000664 | ماء,310000664
40c03baa-3002-cff3-d498-5855c3944a00,2025-07-03,فرع السراج,أحمد ميشو تصنيع 4 أحواض دفعة من الحساب,3400.000,old_id=310000666,310000666
6268fdc4-583c-644f-0969-1d7cf557d969,2025-07-03,فرع السراج,غداء 5 أشخاص,120.000,old_id=310000667,310000667
a3224e00-d0cc-acce-4fb8-14d151b56fcf,2025-04-12,فرع السراج,اكل,10.000,old_id=210000447,210000447
d3dd7b31-c64b-91b7-6776-4c241f30f583,2025-05-20,فرع السراج,مسمار مثبت مقعد معلق,5.000,old_id=210000552,210000552
824ebb10-efce-aa5b-8803-093cea9e1b5b,2025-05-21,فرع السراج,مصروف,45.000,old_id=210000553,210000553
5e700696-22a0-1f7f-6fae-f8fb98e22fff,2025-05-21,فرع السراج,اكل,10.000,old_id=210000554,210000554
438aa31a-89a4-c659-2f83-150b4dffabfb,2025-05-21,فرع السراج,مصروف,120.000,old_id=210000555,210000555
d802218a-694e-7ff4-c80f-edbc02dc2944,2025-05-22,فرع السراج,مصروف,70.000,old_id=210000557,210000557
5fe812c2-f473-7e29-94b2-d4410ab74463,2025-05-22,فرع السراج,اكل,10.000,old_id=210000558,210000558
2c1a4e51-1049-9db7-290d-495658d91b15,2025-05-24,فرع السراج,مصروف,50.000,old_id=210000559,210000559
72104cad-b3e3-9a2d-f3ff-e34b70efda7e,2025-05-24,فرع السراج,اكل,10.000,old_id=210000560,210000560
72f6428c-76c9-fd16-7fd3-b4ef4b0beb3d,2025-05-24,فرع السراج,جعفر سراج,140.000,old_id=210000561,210000561
4923efef-83b4-87d7-e3e3-f2b75fa5b2d3,2025-05-25,فرع السراج,مصروف,40.000,old_id=210000562,210000562
4c36a6df-5345-9b5f-e56a-47c039e44913,2025-05-25,فرع السراج,اكل,10.000,old_id=210000563,210000563
4e95e3b8-a90c-9841-363a-51e789c3f6a9,2025-04-16,فرع السراج,مصروف,40.000,old_id=210000463,210000463
e4694231-4975-a397-927d-659832e74a41,2025-04-22,فرع السراج,تنزيل بضاعة,20.000,old_id=210000481,210000481
34eb9b73-9ee1-6ed8-8d8f-4ef0cdd213dc,2025-05-31,فرع السراج,عماد,600.000,old_id=310000596 | عماد,310000596
19ba7090-cb7b-c04d-40db-8fbebc22d5dd,2025-05-31,فرع السراج,تسكير حساب عبد الله من شهر 5,1270.000,old_id=310000597 | تسكير حساب عبد الله من شهر 5,310000597
6bf498b0-e08a-dd0d-fa0e-05a32da9ced6,2025-07-05,فرع السراج,غداء 5 أشخاص,100.000,old_id=310000668,310000668
ef4e482b-4582-34cc-8bf6-6841d6c3bab8,2025-07-05,فرع السراج,عماد,150.000,old_id=310000669,310000669
1233852f-e10c-33d8-7c45-da1ff10abb90,2025-07-06,فرع السراج,جلب بظاعة شركة النخبة الفريده,50.000,old_id=310000670 | جلب بظاعة شركة النخبة الفريده,310000670
11b24fb7-090f-886f-cf82-843d3d0ebd76,2025-07-06,فرع السراج,وجبة ل5 أشخاص,130.000,old_id=310000671 | وجبة ل5 أشخاص,310000671
345a9cdc-e4c7-72fb-a096-ec0f3019523a,2025-07-06,فرع السراج,شاهي,25.000,old_id=310000672 | شاهي,310000672
c59d0003-0e67-15b4-8c80-acd713427fb8,2025-07-07,فرع السراج,نقل برسلين من مخزن كرم,50.000,old_id=310000674,310000674
48f8a362-1b8b-ab5c-d9a2-d6036cd1c5ac,2025-07-09,فرع السراج,وجبة ل5أشخاص,105.000,old_id=310000683 | وجبة ل5أشخاص,310000683
ee886bc0-0cbc-fcc9-3da5-bc3cfbe65c01,2025-07-08,فرع السراج,وجبة ل5 أشخاص,85.000,old_id=310000677 | وجبة ل5 أشخاص,310000677
e4711d3e-fb80-c9a4-6b9f-ed6292ee12e5,2025-07-09,فرع السراج,من فاتورة مواد تنظيف الترسانة,30.000,old_id=310000684 | من فاتورة مواد تنظيف الترسانة,310000684
dce084c0-837c-224d-b3b8-0e0c6e496f9a,2025-07-09,فرع السراج,بونتة حديد,10.000,old_id=310000685 | بونتة حديد,310000685
ad1f63a8-b307-99a0-34b3-cb92d1903886,2025-07-08,فرع السراج,تنزيل لوح ورقة و مرتكة,5.000,old_id=310000681 | تنزيل لوح ورقة و مرتكة,310000681
2ca1f85d-dbf6-d63d-9711-acefb93c0994,2025-07-09,فرع السراج,ماء,30.000,old_id=310000682 | ماء,310000682
baaf29b1-9ece-334c-ff16-28630447e4a6,2025-07-09,فرع السراج,عماد,100.000,old_id=310000686 | عماد,310000686
79970feb-cbe7-5618-2419-92246583dd80,2025-04-23,فرع السراج,نقل من مجموعة الخليج الي سراج,100.000,old_id=210000482,210000482
9b44502d-37b8-48b4-021c-6fc6957f925b,2025-05-27,فرع السراج,اكل,10.000,old_id=210000566,210000566
ca355f0c-d1d5-d324-709d-00fcf81ceab3,2025-05-27,فرع السراج,مصروف,50.000,old_id=210000567,210000567
85198995-a2ec-9450-179f-724df7fca17c,2025-05-28,فرع السراج,مصروف,30.000,old_id=210000568,210000568
81799a45-e821-2747-5c39-3f18d7c0ce11,2025-05-28,فرع السراج,اكل,10.000,old_id=210000569,210000569
f2249a82-ed0a-1a2d-9f0b-313d2bf78fce,2025-05-29,فرع السراج,مصروف,35.000,old_id=210000570,210000570
5804e72d-d913-afb0-3fc5-05da33588ca7,2025-05-29,فرع السراج,اكل,10.000,old_id=210000571,210000571
ffc9b72c-0533-f93a-a923-b0de5122bb30,2025-05-31,فرع السراج,مصروف,165.000,old_id=210000572,210000572
86f1412f-d5c4-b35a-dc60-5339701af788,2025-05-31,فرع السراج,قهوة عربية,60.000,old_id=210000574,210000574
b3a1ec3f-9a1a-9e38-c7b7-cdea93b835e4,2025-05-31,فرع السراج,مصروف,100.000,old_id=210000575,210000575
b4e8b756-d7c8-41af-da8a-240c8687771b,2026-04-12,فرع 11 يونيو,ماء فاتورة 9475858,120.000,old_id=310001469 | ماء فاتورة 9475858,310001469
3a16d84a-8225-0fbb-22ef-5c4981e37550,2025-04-23,فرع السراج,تنزيل جبس واسمنت ابيض,40.000,old_id=210000483,210000483
422813c3-77e1-e1fe-684b-d814b1efd9c0,2025-07-10,فرع السراج,قهوة عربي,15.000,old_id=310000688,310000688
9dc2bae9-d34b-9ef3-9fa5-465887e6e4ee,2025-07-10,فرع السراج,وجبة غداء ل5 أشخاص,100.000,old_id=310000689 | وجبة غداء ل5 أشخاص,310000689
db3c3959-c1a0-8468-a5ae-5dac04ce3d7a,2025-07-12,فرع السراج,محبرة مع شرائح تغليف حراري,10.000,old_id=310000692,310000692
b0ab4861-a8ea-29aa-4044-2a277d40309e,2025-07-10,فرع السراج,عدة:خابور,25.000,old_id=310000687,310000687
15bc8097-8724-6697-c156-8f77cf9f5225,2025-07-10,فرع السراج,كروت أنترنت,60.000,old_id=310000690,310000690
345aedf1-27d3-79fd-d765-ecc62bd8bee3,2025-07-12,فرع السراج,كابوتشينو مع شاهي,65.000,old_id=310000691,310000691
53c60840-a4ac-4586-1bc2-310edca301ee,2025-07-12,فرع السراج,وجبة غداء ل6 أشخاص,130.000,old_id=310000693,310000693
e422bbd0-2d2c-8889-793e-02b3d92ad766,2025-07-12,فرع السراج,ماء,15.000,old_id=310000694,310000694
dff8e434-12a3-332b-8684-c10d222b5c7f,2025-07-13,فرع السراج,وركينة,10.000,old_id=310000695,310000695
54b95b45-d314-1f2d-656f-bc6dce0eb274,2025-07-13,فرع السراج,وجبة غداء ل9 أشخاص,145.000,old_id=310000696 | وجبة غداء ل9 أشخاص,310000696
9052ae3f-bac0-0d0a-1923-02cf482efccf,2025-07-13,فرع السراج,ماء,25.000,old_id=310000697,310000697
bd020bbd-0a36-7f7a-3563-7a3d30ea241b,2025-07-14,فرع السراج,ماء,10.000,old_id=310000698,310000698
0fc59149-79a5-6977-6908-b16319263792,2025-07-14,فرع السراج,وجبة غداء ل7 أشخاص,145.000,old_id=310000699 | وجبة غداء ل7 أشخاص,310000699
2d5fc7d6-a65a-5d85-d6fb-9e15b6302e74,2025-07-15,فرع السراج,عدة للصالة الجديدة,66.000,old_id=310000706,310000706
ea8517fe-c547-e19f-daed-43473a1f25dc,2025-05-31,فرع السراج,تريحل الي شهر 6 من مرتب جعفر,500.000,old_id=210000578,210000578
82613977-95b8-eb53-5e4f-13b16a777f7c,2025-06-01,فرع السراج,مصروف,30.000,old_id=210000579,210000579
1d7c160d-99c5-bda1-bd62-1baad2bc1bcc,2025-06-01,فرع السراج,اكل,10.000,old_id=210000580,210000580
3608993f-1e4b-13e9-2674-8ec543ef8fc0,2025-06-01,فرع السراج,عمال مخزن جنزور,50.000,old_id=210000581,210000581
c18f7b71-b35a-b755-995e-bab5f3d44dce,2025-06-01,فرع السراج,من مخزن جنزور الي سراج +قمامة,80.000,old_id=210000582,210000582
aa0cf1c5-017f-17cc-f65d-f64cf23ee099,2025-06-01,فرع السراج,تنزيل بضاعة سراج,15.000,old_id=210000583,210000583
9b95a2a1-d6ff-2fdc-c384-235fe1b32689,2025-06-02,فرع السراج,مصروف,35.000,old_id=210000585,210000585
a30c2974-9fbc-dde6-4b38-07a20b453d01,2025-06-02,فرع السراج,اكل,10.000,old_id=210000586,210000586
f1bd7e38-5f06-c826-9a83-64fcc1e9e52f,2025-06-03,فرع السراج,مصروف,40.000,old_id=210000587,210000587
05ad636b-b3d4-5678-83a5-be82047a1366,2025-06-03,فرع السراج,اكل,10.000,old_id=210000588,210000588
cf5ee657-da36-39c8-735f-4988341c9e8d,2025-06-03,فرع السراج,سكر +ماء,10.000,old_id=210000589,210000589
18a20d75-cc01-1c9f-54d5-4e09b0c12b8d,2025-06-04,فرع السراج,تلميع مرش,20.000,old_id=210000590,210000590
97092646-6ea8-777b-1a01-bcfe8eeb2a51,2025-06-04,فرع السراج,قرطاسية,40.000,old_id=210000591,210000591
c654ee51-1cb8-5caa-391a-6c6a938c7606,2025-06-04,فرع السراج,مصروف,40.000,old_id=210000592,210000592
ad0686e0-9ceb-cf9c-c309-6aff3054c57e,2025-06-04,فرع السراج,اكل,10.000,old_id=210000593,210000593
12e1ee33-91d5-1520-93e6-152de587dd6f,2025-06-10,فرع السراج,مصروف,50.000,old_id=210000594,210000594
fce35a19-9e31-307c-3fe9-66c8205a9c9f,2025-06-10,فرع السراج,مصروف,10.000,old_id=210000595,210000595
595a81df-f1e4-62be-9ad4-ea296e9a1a2d,2026-04-12,فرع 11 يونيو,مخيتو,70.000,old_id=310001470 | مخيتو,310001470
7550a5d8-6a31-a95b-2527-8f36560c7da2,2025-06-19,فرع السراج,نت للمحل,60.000,old_id=310000632,310000632
5a26bbc4-f2ea-f997-8356-48be3148f2d0,2025-07-14,فرع السراج,جباس لالصالة الجديدة,1000.000,old_id=310000702 | جباس لالصالة الجديدة,310000702
dbe92523-d819-e600-c7e9-a980fae0a133,2025-07-15,فرع السراج,غداء 9 أشخاص,175.000,old_id=310000707,310000707
5e6204a2-8454-4d82-11be-fc95b61087f0,2025-07-14,فرع السراج,غلال,30.000,old_id=310000700 | غلال,310000700
da0acb12-029f-7afa-8bd9-330589d6a3e9,2025-07-14,فرع السراج,ماء,65.000,old_id=310000701 | ماء,310000701
8497fbb4-cbcc-0e02-5f20-a6778561a71c,2025-07-14,فرع السراج,تنزيل بظاعة سقف معلق للقاعة الجديدة,50.000,old_id=310000704 | تنزيل بظاعة سقف معلق للقاعة الجديدة,310000704
74e8187c-2a84-b8f0-d9bf-90ba8920cf2f,2025-07-14,فرع السراج,بظاعة السقف المعلق للقاعة الجديدة,40.000,old_id=310000703 | بظاعة السقف المعلق للقاعة الجديدة,310000703
227c20b2-7d29-d312-779e-3614eb82a631,2025-07-14,فرع السراج,سمير نيجر من مرتب شهر 7,40.000,old_id=310000705 | سمير نيجر من مرتب شهر 7,310000705
5f001a08-03e3-e128-7954-c4163f7b80de,2025-07-15,فرع السراج,مشروب,10.000,old_id=310000708,310000708
1038d18d-86d5-4487-3bcc-c00335def1de,2025-07-15,فرع السراج,شبكة لياسة,10.000,old_id=310000709,310000709
e0a7e70b-78cd-e5a0-7ea3-c5536ea479c2,2025-07-15,فرع السراج,سليم,1000.000,old_id=310000710,310000710
942a7a50-5605-2021-e499-cbe497b23509,2024-12-23,فرع السراج,مرتب عبد الله,150.000,old_id=310000055,310000055
31fa4d3f-a1fa-f6b3-6423-9a925b8e21c6,2025-04-28,فرع السراج,مصروف,40.000,old_id=210000495,210000495
316a537f-e6f1-e5ac-a9d8-3cbf3ca0c7b9,2025-06-11,فرع السراج,ماء,10.000,old_id=210000598,210000598
4004f570-faa5-aff9-8490-e05376b59b17,2025-06-12,فرع السراج,مصروف,50.000,old_id=210000599,210000599
e7db5c85-5405-01b4-d8df-430ecb8430eb,2025-06-12,فرع السراج,اكل,10.000,old_id=210000600,210000600
e0053bc9-6766-6c20-d33c-957a38e995f3,2025-06-14,فرع السراج,تنطيف مرش الصاله,30.000,old_id=210000601 | تنطيف مرش الصاله,210000601
65159727-32fe-e86a-c4e9-5cb18a253505,2025-06-14,فرع السراج,مصروف,55.000,old_id=210000602,210000602
58e923d0-201b-015a-8119-905ebeee4bb5,2025-06-14,فرع السراج,مشتريات شركة الثريا,1640.000,old_id=210000603,210000603
78ebbdcb-c873-b3be-5f24-32efe4f6f674,2025-06-14,فرع السراج,صيانتة مضخة البير ماء,160.000,old_id=210000604,210000604
7b684e5e-8cca-10e1-11ea-107780527e25,2025-06-14,فرع السراج,من سراج الي دعوة الي سراج,80.000,old_id=210000606,210000606
70f4626a-fd97-36b1-fb52-e939a2bf236e,2025-06-14,فرع السراج,اكل عمال,10.000,old_id=210000607,210000607
da31162f-4ae9-200c-998f-50873d1e2848,2025-06-14,فرع السراج,عمال مخزن جنزور +سراج,60.000,old_id=210000608,210000608
ba1b5b58-6297-69bd-2c92-e55e5e6ef47d,2025-06-15,فرع السراج,مصروف,65.000,old_id=210000609,210000609
de79ab8c-35ce-9b80-0fc0-54292b8172bc,2025-06-15,فرع السراج,اكل,10.000,old_id=210000610,210000610
ff676ea3-32d3-1d45-caa5-8827e23e402e,2025-06-15,فرع السراج,ماء شرب,75.000,old_id=210000611,210000611
c8b131bb-1917-cfc5-5854-9d2b77ba9e69,2025-06-16,فرع السراج,مصروف,40.000,old_id=210000612,210000612
c9a51263-fd9d-50d6-afd4-238b30fd83cc,2025-06-16,فرع السراج,اكل,10.000,old_id=210000613,210000613
d11cefdd-df98-ce4d-9906-373607110306,2025-06-17,فرع السراج,مصروف,20.000,old_id=210000616,210000616
95ed1ecd-8c03-a740-29bc-f91c4a4a9882,2026-04-28,فرع 11 يونيو,سليم-بطاقة,30.500,old_id=310001513 | سليم-بطاقة,310001513
aed6f698-c735-140b-4ca3-a1c4cacbaae2,2026-05-04,فرع 11 يونيو,سليم-بطاقة,93.000,old_id=310001537 | سليم-بطاقة,310001537
59739c18-c381-062b-3814-244d4221e093,2025-06-26,فرع السراج,فراش,65.000,old_id=310000646,310000646
9eaf79d2-2252-b9c7-e36c-32c951519408,2025-07-16,فرع السراج,نقل من الدعوة الاسلامية,60.000,old_id=310000712 | نقل من الدعوة الاسلامية,310000712
5631e349-0f9c-8c97-86ca-2fd163cd7540,2025-07-16,فرع السراج,مشتريات من المتجر الاروبي -سليم,520.000,old_id=310000713 | مشتريات من المتجر الاروبي -سليم,310000713
a825ff0a-35f5-3b5a-8553-b77ec9f42f4f,2025-07-16,فرع السراج,عبد الله من مرتب شهر7,50.000,old_id=310000714 | عبد الله من مرتب شهر7,310000714
2abd9ed4-d2de-2d39-dd85-4408233b89f6,2025-07-17,فرع السراج,فرطاسة,10.000,old_id=310000715 | فرطاسة,310000715
27ff187f-d315-63b8-18b6-c600e162428f,2025-07-17,فرع السراج,ماء,20.000,old_id=310000717 | ماء,310000717
166ad90c-536b-9c15-3893-396a232c39c6,2025-07-17,فرع السراج,وجبة غداء,165.000,old_id=310000716 | وجبة غداء,310000716
602f0663-5dfd-83a3-8c05-33d76b06eccb,2025-07-09,فرع السراج,فاتورة مشتريات مسوق الاسطى رقم 298,6000.000,old_id=310000721 | فاتورة مشتريات مسوق الاسطى رقم 298,310000721
615cf65c-de8e-ac52-2671-cac300b2a5d3,2025-07-17,فرع السراج,فوط +غسول,20.000,old_id=310000718 | فوط +غسول,310000718
6ce5b572-0b01-fa53-1acb-29aae47e4054,2025-07-17,فرع السراج,خلاص عامل السقف المعلق في القاعة الجديدة,500.000,old_id=310000719 | خلاص عامل السقف المعلق في القاعة الجديدة,310000719
6fc96035-5991-1ecc-5cf4-b9ba5c7022ca,2025-07-20,فرع السراج,وجبة غداء ل10 أشخاص,165.000,old_id=310000724 | وجبة غداء ل10 أشخاص,310000724
3fae55b8-0aa7-84eb-ce07-e1be553696a5,2025-07-13,فرع السراج,باقي خلاص فاتورة مشتريات مسوق الاسطى رقم 298,1250.000,old_id=310000722 | باقي خلاص فاتورة مشتريات مسوق الاسطى رقم 298,310000722
2c465fff-9faf-2588-e87a-601c0d4fddcb,2025-04-27,فرع السراج,من سراج الي  غرغور شركة شحن,60.000,old_id=210000497,210000497
90e9562a-f507-7e08-6b23-5dbc41f1b885,2025-06-17,فرع السراج,العامل حعغر,10.000,old_id=210000615 | العامل حعغر,210000615
06a616cf-cff3-c1f2-cced-94cfe278c724,2025-06-17,فرع السراج,مصروف,35.000,old_id=210000617,210000617
6d7ab14a-895c-747e-eebc-668b4b909292,2025-06-18,فرع السراج,مصروف,75.000,old_id=210000619,210000619
f3e390f8-06cd-39f0-5294-f6d22a79d6c6,2025-06-18,فرع السراج,اكل,10.000,old_id=210000620,210000620
d4ab96c4-8c89-e540-059f-70588b7e80ac,2025-06-21,فرع السراج,تعباء مخزن جنزور,20.000,old_id=210000625,210000625
9b2e4b55-2bc6-882d-dc74-61086e0a5959,2025-06-21,فرع السراج,من مخزن جنزور الي سراج,40.000,old_id=210000626,210000626
ec856bd0-3381-65b4-e4e6-c217118082aa,2025-06-21,فرع السراج,نقل قمامة,20.000,old_id=210000627,210000627
d970ac8a-f059-aeed-8fde-768867581c3a,2025-06-21,فرع السراج,مصروف,30.000,old_id=210000628,210000628
dd7fbf56-7512-b690-d822-2c47e8295cf6,2025-06-21,فرع السراج,اكل,10.000,old_id=210000629,210000629
8a4c13b9-113f-1d68-ffd8-b46587c1034e,2025-06-22,فرع السراج,اكل,10.000,old_id=210000630,210000630
864ef73d-8f6f-ffde-3bed-8fa8805f0803,2025-06-22,فرع السراج,مصروف,50.000,old_id=210000631,210000631
a1511538-5254-9d03-8ebf-ceb9d7250dbb,2025-06-23,فرع السراج,مصروف,70.000,old_id=210000632,210000632
4e987a4a-9a35-d6b1-f7d8-28a091594597,2025-06-23,فرع السراج,اكل,10.000,old_id=210000633,210000633
c8ea0a55-a17d-f39a-81e5-4c44d7239847,2025-06-23,فرع السراج,مصروف,480.000,old_id=210000634,210000634
43d6e550-d7f1-6a81-2837-44549ddf36ac,2025-06-24,فرع السراج,ملحقات طوبو رش 11 يونيو + سراج,35.000,old_id=210000635,210000635
714663d5-4452-2b3e-2505-6f9af8023543,2025-06-24,فرع السراج,مصروف,70.000,old_id=210000636,210000636
bd8a59ec-616d-142f-f3f9-966e8758ad80,2025-06-24,فرع السراج,اكل,10.000,old_id=210000637,210000637
4dbfee6a-862d-205f-85f8-f61034395368,2025-07-01,فرع السراج,تسكير حساب سمير نيجر لشهر 6,820.000,old_id=310000657 | تسكير حساب سمير نيجر لشهر 6,310000657
b966182f-4056-7421-36f6-6b0ce03a3a92,2025-07-19,فرع السراج,وجبة غداء ل9 أشخاص,155.000,old_id=310000720 | وجبة غداء ل9 أشخاص,310000720
81fc66b9-d3e5-00f5-2df7-9b93f82193c0,2025-07-20,فرع السراج,سقف معلق,220.000,old_id=310000725 | سقف معلق,310000725
0f5d1948-df51-35de-29ef-e54b16bf67c9,2025-07-20,فرع السراج,ماء,43.000,old_id=310000726 | ماء,310000726
3f0ba0c2-c9ed-8a5c-0559-8427c1ace9d8,2025-07-20,فرع السراج,عدة جبس و مسامير لصالة الجديدة,67.000,old_id=310000727 | عدة جبس و مسامير لصالة الجديدة,310000727
7f0e3f69-d768-7f3e-2a4d-1a3abd6d2990,2025-07-20,فرع السراج,كاشيك لوح,10.000,old_id=310000728 | كاشيك لوح,310000728
9a4afb01-7345-23cd-7e9a-2dcec6698e14,2025-07-21,فرع السراج,وجبة عداء ل5 أشخاص,95.000,old_id=310000729 | وجبة عداء ل5 أشخاص,310000729
a9d6e1d2-12c0-97dd-5e8c-540d50a8ec49,2025-07-21,فرع السراج,خابور لصلة الجديدة,20.000,old_id=310000730 | خابور لصلة الجديدة,310000730
c2203910-cddf-0c37-4e60-37188d017708,2025-07-21,فرع السراج,حساب عامل سقف المعلق,1200.000,old_id=310000731 | حساب عامل سقف المعلق,310000731
b0216826-0338-f15b-b61f-e5271611f1f1,2025-07-22,فرع السراج,وجبة غداء ل8 أشخاص,130.000,old_id=310000732 | وجبة غداء ل8 أشخاص,310000732
94a4648c-6ac6-a4de-b66f-3876155cc6cf,2025-07-23,فرع السراج,عدة خابور+ مسمار,25.000,old_id=310000733,310000733
72d39be5-7c28-4943-f9ed-ab429ed425e3,2025-07-22,فرع السراج,لالنجار عبد الرزاق,5000.000,old_id=310000735 | لالنجار عبد الرزاق,310000735
5b2bdb25-4956-5dda-d888-59f9cd52de93,2025-07-24,فرع السراج,وجبة غداء ل7 أشخاص,115.000,old_id=310000736 | وجبة غداء ل7 أشخاص,310000736
6de4a670-57b0-2e29-5826-ca4259d0f351,2025-07-24,فرع السراج,نقل مواد كهربائية من مصراتة,50.000,old_id=310000737 | نقل مواد كهربائية من مصراتة,310000737
2144c60a-282b-d34d-dc65-cca75d7cab35,2025-07-24,فرع السراج,عامل جبس+كهرباء,400.000,old_id=310000738,310000738
715a17d7-6ebc-5e36-94a9-5ae1c990d881,2025-07-24,فرع السراج,سليم,1000.000,old_id=310000739,310000739
c3c88a14-e094-2b30-8eb4-83e9f117e225,2025-06-26,فرع السراج,بتريات,10.000,old_id=210000640,210000640
fd7da1b8-ed26-a248-5cac-aa3007d8b8d1,2025-04-30,فرع السراج,جعفر,700.000,old_id=210000508,210000508
9b2b25fa-803b-3f38-a976-056a4dd940d7,2025-06-30,فرع السراج,تصكير حساب احمد عبد المجيد شهر 6,530.000,old_id=210000652,210000652
9a51ef19-c63e-b5be-7354-ae01043294be,2026-04-12,فرع السراج,حوالة,80.000,old_id=210001292,210001292
4a854a13-c7b5-744c-412e-eea93cec58f9,2025-06-26,فرع السراج,اكل,10.000,old_id=210000641,210000641
4540e030-3ea1-997e-2da6-0fed973ce2ea,2025-06-26,فرع السراج,مصروف,70.000,old_id=210000642,210000642
af5ad79b-456f-9fdd-c9dc-e5fe73c0c9ae,2025-06-28,فرع السراج,مصروف,65.000,old_id=210000643,210000643
13d24c15-27cb-9213-f4f5-c4ad22bd26c3,2025-06-28,فرع السراج,مصروف,10.000,old_id=210000644,210000644
39e23971-e33a-2ab8-822c-79057fb9a896,2025-06-28,فرع السراج,من دعوة الي سراج,30.000,old_id=210000645,210000645
4a4bb1f5-0953-0ff2-c6c7-2c607d1c31da,2025-06-29,فرع السراج,اكل,10.000,old_id=210000646,210000646
955a5c34-c8e0-d4a8-9442-b4dd6418097b,2025-06-29,فرع السراج,مصروف,70.000,old_id=210000647,210000647
be07f1d1-0ba9-0478-cb4a-62d74a5b84e8,2025-06-30,فرع السراج,جعفر اكل,10.000,old_id=210000649 | جعفر اكل,210000649
c5ceb31d-8c38-7638-41fd-0844fe407d1e,2025-07-01,فرع السراج,ماء شرب,80.000,old_id=210000650,210000650
7f9159b2-25a4-8c03-a5ac-8c495f2f5d9d,2025-05-11,فرع السراج,مصروف,30.000,old_id=210000531,210000531
022b1d3f-bf98-4050-dbce-1e90797f94b5,2026-05-05,فرع 11 يونيو,غداء يوم 04/05/2026,80.000,old_id=310001538 | غداء يوم 04/05/2026,310001538
24df9f1d-9130-112a-160c-05188331aa56,2025-07-07,فرع السراج,غداء 5 أشخاص,110.000,old_id=310000675,310000675
0dfc12d3-9c6b-3b19-5b08-a0795c67326d,2025-07-24,فرع السراج,عبد الله من مرتب شهر7,100.000,old_id=310000740 | عبد الله من مرتب شهر7,310000740
55f420a9-9392-32a5-a461-64cb82944a9a,2025-07-26,فرع السراج,غداء9  أشخاص,180.000,old_id=310000741,310000741
1d04ccf2-0d92-89f2-81d0-b1cc5575ad49,2025-07-26,فرع السراج,معدات زواق+ مسمار,65.000,old_id=310000742,310000742
94bc1124-abb6-8e2c-6750-a30d0bf8269d,2025-07-26,فرع السراج,ستوك جبس,25.000,old_id=310000743,310000743
cbef3cfd-94a8-7975-10d0-8e5fdc4ede19,2025-07-26,فرع السراج,ستوك+عدة زواق,240.000,old_id=310000744,310000744
07ace656-70b9-dab9-ec64-0a953b2b4280,2025-07-26,فرع السراج,4G,100.000,old_id=310000745 | 4G,310000745
f9208328-5c6b-8dcc-f9d2-10e190e62313,2025-07-26,فرع السراج,ماء,20.000,old_id=310000746 | ماء,310000746
8e640ee7-7282-98be-a554-03dacc4de2ff,2025-07-26,فرع السراج,عماد,50.000,old_id=310000747 | عماد,310000747
0558f949-1c06-3ce6-3dbc-4ab491f1b0e3,2025-08-16,فرع السراج,ماء,30.000,old_id=310000810 | ماء,310000810
4aadd42e-ccbc-e695-700d-1fbd05aed2d7,2025-07-27,فرع السراج,عدة لالدهانات صالة جديدة,305.000,old_id=310000748 | عدة لالدهانات صالة جديدة,310000748
17c901f0-c2b5-7c3a-ae28-f29b716f6b83,2025-07-27,فرع السراج,جزء من حساب الزواق,400.000,old_id=310000750,310000750
d9fd2550-0396-4b53-b37d-e50d5f8d7ca2,2025-07-27,فرع السراج,خابور+بونته+مفتاح,15.000,old_id=310000751,310000751
70798979-d3b9-b2f8-e3bb-99889167f9d1,2025-07-27,فرع السراج,وجبة غداء ل10 أشخاص,160.000,old_id=310000749 | وجبة غداء ل10 أشخاص,310000749
3cab1d5c-38f6-6404-64b9-e91fc1ccf15d,2025-07-28,فرع السراج,وجبة غداء ل9 أشخاص,175.000,old_id=310000752 | وجبة غداء ل9 أشخاص,310000752
538f7e37-8a8c-dd16-cc73-0116c1b08c81,2025-05-31,فرع السراج,احمد الفاندي,1600.000,old_id=210000584,210000584
f68ac768-1a28-40ba-f717-69675af7bf55,2025-07-01,فرع السراج,مصروف,70.000,old_id=210000655,210000655
b3f14886-d596-3efc-ec0d-c9aa00ed94aa,2025-07-02,فرع السراج,اكل,10.000,old_id=210000657,210000657
27c3fcc6-1eca-f63e-b158-64d288c95d9e,2025-07-02,فرع السراج,مصروف,55.000,old_id=210000656,210000656
51d69252-4332-b662-e4ff-b4208b31483c,2025-07-03,فرع السراج,مشتريات فاتورة الثريا,500.000,old_id=210000659,210000659
d2c02aee-af52-fc08-3699-a7e44579e895,2025-07-03,فرع السراج,مصروف,65.000,old_id=210000660,210000660
523e9c5c-5641-bfd1-088b-2a4cff235865,2025-07-03,فرع السراج,اكل,10.000,old_id=210000658,210000658
03b87f85-2de9-e4a8-a10b-a089c83c483a,2025-07-03,فرع السراج,مصروف,400.000,old_id=210000661,210000661
ba2ba3e0-4442-11d0-ba31-17b5e6807554,2025-07-05,فرع السراج,مصروف,45.000,old_id=210000662,210000662
fe6da43e-86a5-25c0-3bde-a134fee2aa32,2025-07-05,فرع السراج,اكل,10.000,old_id=210000663,210000663
47f04bb1-de40-3874-da3e-15f08e53af7a,2025-07-06,فرع السراج,اكل,10.000,old_id=210000664,210000664
29ff9898-4d83-3a1a-c541-9cea42cb8bcf,2025-07-06,فرع السراج,من دعوة الي سراج,50.000,old_id=210000665,210000665
ccfcebd5-6f0b-0db3-d886-0851385e3c32,2025-07-06,فرع السراج,مصروف,100.000,old_id=210000666,210000666
3dd9687b-c57b-3102-bbdf-bef44ff7987d,2026-04-12,فرع السراج,اكل,10.000,old_id=210001293,210001293
96642195-fb3d-b2ff-cf86-b995b1462dd9,2026-04-29,فرع 11 يونيو,سليم-بطاقة,59.000,old_id=310001514 | سليم-بطاقة,310001514
c15a380e-3dea-a28c-6431-b934115d0673,2025-07-29,فرع السراج,عدة للمحل الجديد,25.000,old_id=310000758 | عدة للمحل الجديد,310000758
29840ce5-16b5-b192-ecd4-acf99432b017,2025-05-18,فرع السراج,جعفر سراج,60.000,old_id=210000540,210000540
642a2de3-1a3c-0ca6-5fb0-16c24fbcb33f,2025-07-07,فرع السراج,ماء,30.000,old_id=310000673 | ماء,310000673
3752b8b6-a89b-02f5-448d-ba5a4582b92f,2025-07-28,فرع السراج,ورق سنفرة مكينة للقاعة الجديدة,40.000,old_id=310000754 | ورق سنفرة مكينة للقاعة الجديدة,310000754
04b31787-3783-c773-5e6d-efa6bbde4341,2025-07-29,فرع السراج,جزء من فاتورة جبس رقم 0228076,50.000,old_id=310000759 | جزء من فاتورة جبس رقم 0228076,310000759
48f4d550-c020-dbab-1963-ef47e5b6cbb2,2025-07-28,فرع السراج,ماء,20.000,old_id=310000755 | ماء,310000755
91c7c208-1208-e1ea-1205-d1db8dc51fc4,2025-07-28,فرع السراج,ورق سنفرة للقاعة الجديدة,5.000,old_id=310000753 | ورق سنفرة للقاعة الجديدة,310000753
033e69aa-7a1b-4e30-045e-97696de9f650,2025-07-28,فرع السراج,فارس من مرتب شهر 7,60.000,old_id=310000756 | فارس من مرتب شهر 7,310000756
32011f9b-4e78-b738-bfa8-4aed734e5a6b,2025-07-29,فرع السراج,وجبة غداء ل10 أشخاص-,165.000,old_id=310000757 | وجبة غداء ل10 أشخاص-,310000757
812ec7b0-e905-12fd-2768-04683f851359,2025-07-30,فرع السراج,ماء,55.000,old_id=310000760,310000760
090abdd2-9a79-4c40-981d-bd84d98747b0,2025-07-30,فرع السراج,وجبة غداء ل9 أشخاص,150.000,old_id=310000761 | وجبة غداء ل9 أشخاص,310000761
69b239b2-e8ab-2c7c-2670-fbfc12ffe153,2025-07-30,فرع السراج,فارس من مرتب شهر 7,20.000,old_id=310000762 | فارس من مرتب شهر 7,310000762
9b738250-62d0-677c-7c74-fae6de322121,2025-07-31,فرع السراج,فاتورة من شركة الاصلة رقم 2849934,55.000,old_id=310000765 | فاتورة من شركة الاصلة رقم 2849934,310000765
d8655088-8afc-249a-cbb3-eb75057fe3d2,2025-07-31,فرع السراج,وجبة غداء ل9 أشخاص,160.000,old_id=310000766 | وجبة غداء ل9 أشخاص,310000766
c8b2dd42-affc-e623-2fad-6c4e75e022d9,2025-07-31,فرع السراج,حساب يومين للعامل النيجيري,80.000,old_id=310000767 | حساب يومين للعامل النيجيري,310000767
e263e24e-1c9e-6499-e0db-a753a790aebc,2025-07-30,فرع السراج,وجبة عشاء ل3 أشخاص,50.000,old_id=310000768 | وجبة عشاء ل3 أشخاص,310000768
32498fe9-3738-1950-70c0-f38fc95e4a40,2025-07-31,فرع السراج,وجبة عشاء ل3 أشخاص,50.000,old_id=310000769 | وجبة عشاء ل3 أشخاص,310000769
d4982084-2bd8-c0fa-3499-dc5ffb098664,2025-07-31,فرع السراج,جبس لالزواق في صالة الجديدة,5.000,old_id=310000764 | جبس لالزواق في صالة الجديدة,310000764
3e4ccfcc-e4bf-47f6-0cbb-6032c1f0e5e2,2025-07-31,فرع السراج,وجبة عشاء ليوم الجمعة 01/08/2025,50.000,old_id=310000770 | وجبة عشاء ليوم الجمعة 01/08/2025,310000770
fe22ba50-2db0-dd0f-062c-1baf5d4d1f6e,2025-08-03,فرع السراج,وجبة غداء ل5 أشخاص,120.000,old_id=310000771 | وجبة غداء ل5 أشخاص,310000771
10266f66-e25b-91cd-b021-8453a335d9aa,2025-08-02,فرع السراج,وجبة غداء ل7 أشخاص,140.000,old_id=310000772 | وجبة غداء ل7 أشخاص,310000772
e4b1cfdb-d49b-5d10-1710-4de25685d285,2025-08-04,فرع السراج,مكتبية,69.000,old_id=310000775 | مكتبية,310000775
5c4f3cf3-e30d-e238-53ee-650e5401c601,2025-08-04,فرع السراج,مواد بناء فاتورة رقم 9767,63.000,old_id=310000773 | مواد بناء فاتورة رقم 9767,310000773
badc112a-06fe-9b86-25ed-2494060811b1,2025-05-20,فرع السراج,تعبات بضاعة من مخزن جنزور,50.000,old_id=210000551,210000551
7cc6738e-c418-41e3-0464-6945f1bf54da,2025-07-08,فرع السراج,مصروف,70.000,old_id=210000670,210000670
f3290726-ef3b-4a1d-e386-57b7fc68bd0c,2025-07-09,فرع السراج,قمامة,30.000,old_id=210000674,210000674
64d09393-c9d2-2012-b3f8-3c6326f32baa,2025-07-09,فرع السراج,مصروف,70.000,old_id=210000675,210000675
9d649b3f-57bc-8454-d95b-c256536b4322,2025-07-09,فرع السراج,اكل,10.000,old_id=210000676,210000676
63209ee9-b1c7-758e-8e89-6b4d9e6ba391,2025-07-10,فرع السراج,مصروف,70.000,old_id=210000677,210000677
8890d7c3-b4b4-5f3a-1f59-e48be8c8abae,2025-07-10,فرع السراج,اكل,10.000,old_id=210000678,210000678
0a91a4b2-a03e-f391-a2cd-6d87837f70ea,2025-07-08,فرع السراج,اكل,10.000,old_id=210000672,210000672
225cc559-f492-9217-f355-cab91464a978,2026-05-05,فرع 11 يونيو,وجبة غداء ل4 أشخاص,80.000,old_id=310001539 | وجبة غداء ل4 أشخاص,310001539
c9f6f6cc-5f9d-be52-1f8f-3c6f2ad1023c,2024-12-23,فرع السراج,غداء,158.000,old_id=310000054,310000054
a7f8be0b-b30f-156d-57bd-0ba08c5ebf5e,2025-08-04,فرع السراج,وجبة غداء ل5 أشخاص,115.000,old_id=310000776 | وجبة غداء ل5 أشخاص,310000776
d4a26c8f-3660-4931-f8dc-f98517651d2b,2025-08-04,فرع السراج,صابون سائلب,10.000,old_id=310000777 | صابون سائلب,310000777
ff706eac-d9ab-116e-34e9-9609ec421758,2025-08-04,فرع السراج,مبلغ من حساب سهيل,500.000,old_id=310000778 | مبلغ من حساب سهيل,310000778
ffcc6544-3067-57bf-89a3-a3c716e5d992,2025-08-05,فرع السراج,وجبة ل5 أشخاص,100.000,old_id=310000779 | وجبة ل5 أشخاص,310000779
ad3ca871-fcea-03c9-4ab8-504d7f10e36a,2025-08-05,فرع السراج,سهيل كهرباء على الحساب,500.000,old_id=310000780 | سهيل كهرباء على الحساب,310000780
6e9f99d3-60a1-7ebd-1d69-56f61961ad66,2025-08-05,فرع السراج,فارس من مرتب شهر 8,10.000,old_id=310000781 | فارس من مرتب شهر 8,310000781
b817266b-6886-5f16-1ddb-3743353539f9,2025-08-06,فرع السراج,فارس من مرتب شهر 8,20.000,old_id=310000783 | فارس من مرتب شهر 8,310000783
a4fd8bad-2d22-f7c1-de72-1b0b761f51fd,2025-08-07,فرع السراج,فارس من شهر 8,20.000,old_id=310000784 | فارس من شهر 8,310000784
0347882f-f9a5-4bcd-9cf9-e399e17757c5,2025-08-09,فرع السراج,وجبة غداء 4 اشخاص,80.000,old_id=310000785,310000785
c3073c35-b5ea-f602-62fc-cd17d1e75f07,2025-08-11,فرع السراج,نقل بضاعة احواض السانيبال من الخليج,70.000,old_id=310000788 | نقل بضاعة احواض السانيبال من الخليج,310000788
134c6fe1-c273-73dd-b93a-ad3fd9fb30b1,2025-08-09,فرع السراج,فارس من مرتب شهر8,40.000,old_id=310000786 | فارس من مرتب شهر8,310000786
30a3f354-38ca-f3b0-0fb0-cd7301596bcb,2025-08-11,فرع السراج,وجبة غداء ل5 أشخاص,115.000,old_id=310000787 | وجبة غداء ل5 أشخاص,310000787
83866327-5742-09e1-8cdc-a35a2564dbbc,2025-08-11,فرع السراج,ماء+بشكوتو,25.000,old_id=310000789 | ماء+بشكوتو,310000789
1795b054-fafb-9066-63e3-6da2d85a1de5,2025-08-11,فرع السراج,فارس من شهر 8,20.000,old_id=310000791 | فارس من شهر 8,310000791
52bf11cd-406d-0641-91c0-7917b3baa90c,2025-08-11,فرع السراج,نقل بضاعة توريما من مصراته,70.000,old_id=310000792 | نقل بضاعة توريما من مصراته,310000792
a022dd23-432e-d890-7deb-f5eabe3d198c,2025-08-11,فرع السراج,أشغال بناء في القاعة الجديدة,1300.000,old_id=310000793 | أشغال بناء في القاعة الجديدة,310000793
e05242fa-74fe-4206-cdc1-8e703edd96ec,2025-08-11,فرع السراج,تنزيل بضاعة السانيبال و تنظيف,60.000,old_id=310000790 | تنزيل بضاعة السانيبال و تنظيف,310000790
779e74e7-f893-be51-a1af-aecc18e15aaf,2025-08-12,فرع السراج,وجبة ل5 أشخاص,100.000,old_id=310000794 | وجبة ل5 أشخاص,310000794
01a7f029-45ee-e9a6-3c48-963ce22d3509,2025-05-26,فرع السراج,اكل,10.000,old_id=210000565,210000565
4ab7ee05-ff8c-6be0-5cd0-82fb3398fded,2025-07-13,فرع السراج,مصروف,55.000,old_id=210000681,210000681
a84fece1-4871-40a0-e233-372d5b4a60f2,2025-07-14,فرع السراج,سوتش نت,100.000,old_id=210000686,210000686
d3811a27-63f4-78cd-b9f1-c6135a17a985,2025-07-16,فرع السراج,مصروف,75.000,old_id=210000693,210000693
cc2d7c5f-37c7-76fa-9dfe-85365467cec7,2025-07-14,فرع السراج,مصروف,90.000,old_id=210000687,210000687
0d52e2f6-bde4-b8a6-7862-968101dcb84d,2025-07-14,فرع السراج,اكل,10.000,old_id=210000688,210000688
23257d16-39d6-f730-dd1e-2c386727d192,2025-07-15,فرع السراج,ساعة المواد الصحية,300.000,old_id=210000692,210000692
49068016-0a9f-c43a-ecf8-6bfdfaf54d37,2025-07-14,فرع السراج,فاصل كهرباء رئيسي,135.000,old_id=210000689,210000689
5f4c2146-0e6d-b009-9c13-de6f3401ca56,2025-07-15,فرع السراج,مصروف,60.000,old_id=210000690,210000690
cb6ae9eb-f929-ee60-8507-94e8c82a7378,2025-07-15,فرع السراج,اكل,10.000,old_id=210000691,210000691
ea76f202-6036-6de5-01bf-21470fca1462,2025-07-16,فرع السراج,ااكل,10.000,old_id=210000697,210000697
56d1b02d-9217-541e-8958-96b1212a23d1,2025-07-13,فرع السراج,اكل,10.000,old_id=210000685,210000685
cc5e4d25-3837-8993-e6aa-c42e4d9e32df,2025-07-16,فرع السراج,وجبة غداءل10 أشخاص,165.000,old_id=310000711 | وجبة غداءل10 أشخاص,310000711
f7eb8bef-8dd9-e38d-abf2-06f07aaf62f5,2025-08-12,فرع السراج,مشتريات بوكس,400.000,old_id=310000795 | مشتريات بوكس,310000795
e6ca1b2b-0f11-80fd-b2ce-22f9d9307290,2025-08-12,فرع السراج,وردات 3/4من مواد بناء,5.000,old_id=310000796 | وردات 3/4من مواد بناء,310000796
179cd9db-2072-7401-1c57-e9637cc9c95c,2025-08-12,فرع السراج,فارس من شهر8,20.000,old_id=310000798 | فارس من شهر8,310000798
377ce9a5-a335-6cd3-1682-73718168684d,2025-08-13,فرع السراج,بخور+قفازات,60.000,old_id=310000800,310000800
38a53551-3b88-4d53-c0e6-c27fbaa4237d,2025-08-13,فرع السراج,كيبورد,25.000,old_id=310000801,310000801
c5fa184d-2162-87ba-7912-7f9b3c47d725,2025-08-12,فرع السراج,سليم كاش,1000.000,old_id=310000802,310000802
18390049-e78c-26cb-cb77-51f28cdbf6e2,2025-08-13,فرع السراج,وجبة ل4 أشخاص,120.000,old_id=310000803 | وجبة ل4 أشخاص,310000803
c0278b88-adbd-72a4-77ef-79ef33695ed2,2025-08-12,فرع السراج,بضاعة بوكس,2000.000,old_id=310000804 | بضاعة بوكس,310000804
8cb16cfc-e5dc-99da-c476-07fe80256fa1,2025-08-12,فرع السراج,مشتريات الشريف + عبد المنعم طلاء,5000.000,old_id=310000805 | مشتريات الشريف + عبد المنعم طلاء,310000805
b11b1bab-2a33-9821-8ea0-e74be84879fd,2025-08-13,فرع السراج,فارس من شهر 8,20.000,old_id=310000806 | فارس من شهر 8,310000806
a5752a8f-2d5c-126b-7efe-9dd235493df1,2025-08-14,فرع السراج,تسكير حساب بضاعة البوكس,650.000,old_id=310000808 | تسكير حساب بضاعة البوكس,310000808
101d1a26-4c93-8083-5453-d1beaa74f3e3,2025-08-14,فرع السراج,منديل,10.000,old_id=310000809 | منديل,310000809
00a98642-692d-9d9d-69ba-838194feb65e,2025-08-14,فرع السراج,وجبة غداء ل3 أشخاص+,90.000,old_id=310000807 | وجبة غداء ل3 أشخاص+,310000807
5f82ecda-e883-5562-a38f-dbf68c42d64b,2025-08-16,فرع السراج,نقل بضاعة من الدعوة الاسلامية ل11 يونيو(زوز بياتجوات,200.000,old_id=310000813 | نقل بضاعة من الدعوة الاسلامية ل11 يونيو(زوز بياتجوات,310000813
435e0698-edc6-2c4b-e758-93e647e0e74d,2025-08-16,فرع السراج,وجبة غداء,100.000,old_id=310000814 | وجبة غداء,310000814
9cc6a355-cfdc-9d20-534e-df9c0bb87f63,2025-08-17,فرع السراج,مثبت زاوية,10.000,old_id=310000815 | مثبت زاوية,310000815
2df3d5b3-9f8f-76ad-4695-08c53716bea5,2025-08-17,فرع السراج,غداء ل4 أشخاص,100.000,old_id=310000816 | غداء ل4 أشخاص,310000816
b196d18d-0930-bad5-6fd7-65a97b9e2477,2025-08-16,فرع السراج,فارس من شهر8,15.000,old_id=310000817 | فارس من شهر8,310000817
b1c3fdc3-7a20-4d8f-333b-465390d60f83,2025-07-17,فرع السراج,فاتورة زبون,20.000,old_id=210000699,210000699
02ea958a-34c0-db28-c9e5-eeed8fa8173a,2025-07-17,فرع السراج,مصروف,45.000,old_id=210000700,210000700
b23520a9-0ade-d042-0295-c809c1412ea4,2025-07-17,فرع السراج,اكل,10.000,old_id=210000701,210000701
c85d0f2f-1632-9356-58ef-c2ea9b455d12,2025-07-19,فرع السراج,مصروف,10.000,old_id=210000703,210000703
12c88ae3-46e7-066d-7b9f-fb5f173a8b42,2025-07-19,فرع السراج,من السبعة الي سراج,120.000,old_id=210000704,210000704
4d2ba969-d9e9-75a7-16af-882d1d308bfd,2025-07-19,فرع السراج,مصروف,75.000,old_id=210000702,210000702
6ad74225-c749-b2c9-0f58-d89eadd234bc,2025-07-19,فرع السراج,تنزيل بضاعة جبس +كولة,50.000,old_id=210000705,210000705
df3fb0f2-5564-6e23-d0f2-e7b02f11827e,2025-07-20,فرع السراج,قهواء عربية,40.000,old_id=210000706,210000706
870e5ad9-cbcd-5018-a803-4e111278fcc6,2025-07-20,فرع السراج,مصروف,55.000,old_id=210000707,210000707
bec7db98-a459-d325-178c-ca0ed5be5df9,2025-07-20,فرع السراج,اكل,10.000,old_id=210000708,210000708
10a01639-1676-192b-31f8-8466650d4c21,2025-05-31,فرع السراج,جعفر تصكير حساب شهر 5,300.000,old_id=210000577,210000577
044a9716-510b-1332-6ae0-69535682f7ce,2025-07-16,فرع السراج,تنزيل مخزن سراج,15.000,old_id=210000698,210000698
01eec9af-65e4-60e3-8abc-d64706390adb,2025-07-23,فرع السراج,غداء 7 أشخاص,155.000,old_id=310000734,310000734
a895ea78-fe91-821a-c799-00f0f815aea7,2025-08-16,فرع السراج,فارس من مرتب شهر 8,20.000,old_id=310000818 | فارس من مرتب شهر 8,310000818
8d8b4cb9-0d98-8a3d-7607-7c3a2c194f0b,2025-08-16,فرع السراج,تنزيل بضاعة دواليب,130.000,old_id=310000812 | تنزيل بضاعة دواليب,310000812
1d541881-c08b-9a59-59e0-83bdffeed46f,2025-08-17,فرع السراج,تنزيل ملحقات دواليب,30.000,old_id=310000819 | تنزيل ملحقات دواليب,310000819
64390285-bff0-460e-a0a6-3fe0410ab15b,2025-08-19,فرع السراج,وجبة ل5 أشخاص,110.000,old_id=310000822 | وجبة ل5 أشخاص,310000822
46b52d91-cd18-5227-9051-a98d99a0482b,2025-08-19,فرع السراج,فارس من  شهر 8,20.000,old_id=310000823 | فارس من  شهر 8,310000823
e8d00656-dfb4-d7fe-6044-9cb82ff7ea90,2025-08-19,فرع السراج,ماء,15.000,old_id=310000824 | ماء,310000824
19312f97-8fa3-2d2e-963b-57b6450b1928,2025-08-19,فرع السراج,بونتة ترابنو,5.000,old_id=310000825 | بونتة ترابنو,310000825
82565adf-50db-c2fe-6c92-71100ce1183e,2025-08-18,فرع السراج,وجبة غداء ل5 أشخاص,100.000,old_id=310000821 | وجبة غداء ل5 أشخاص,310000821
1c1ab3ce-0ced-e9f9-3839-a85042914be5,2025-08-20,فرع السراج,ماء,15.000,old_id=310000830 | ماء,310000830
9b258740-119d-8c69-bb6c-fc4cdaa859bb,2025-08-20,فرع السراج,وجبة غداء ل5 أشخاص,100.000,old_id=310000826 | وجبة غداء ل5 أشخاص,310000826
7fb267a6-3ac0-fbba-3d33-63f963d7ea91,2025-08-16,فرع السراج,فارسمن شهر 8,20.000,old_id=310000827 | فارسمن شهر 8,310000827
890e5ec0-d117-eda3-2b42-3a938957381b,2025-08-20,فرع السراج,لصقة,5.000,old_id=310000828 | لصقة,310000828
ae4611f4-cf41-8c3b-c460-05d859fdd4d7,2025-08-20,فرع السراج,فارس من شهر 8,10.000,old_id=310000829 | فارس من شهر 8,310000829
0e5ee57e-fc89-7542-df95-349a5c964951,2025-08-16,فرع السراج,معدات ورش,450.000,old_id=310000831 | معدات ورش,310000831
ad6feb2b-dc08-2172-ab92-efb5c4a157b3,2025-08-16,فرع السراج,ماء,10.000,old_id=310000832 | ماء,310000832
a20a3fed-d281-523e-b21b-d07ee9d2bb6f,2025-08-16,فرع السراج,مشروب,50.000,old_id=310000833 | مشروب,310000833
bc7a13a5-470c-9758-9f78-4737ba96b36c,2025-08-16,فرع السراج,لصقة,10.000,old_id=310000834 | لصقة,310000834
03e27bae-db25-9976-404b-b8ade13f09e6,2025-08-16,فرع السراج,كولت جبس,25.000,old_id=310000835 | كولت جبس,310000835
dbea21a5-2f8c-cae7-e3ae-137c6b3e240b,2025-08-16,فرع السراج,قومة + عصا,15.000,old_id=310000836 | قومة + عصا,310000836
7f3b45d9-94b1-30b6-546a-f080e1ebbc4f,2025-08-16,فرع السراج,جبس + توصيل,390.000,old_id=310000837 | جبس + توصيل,310000837
edfdb65d-d0df-d281-a010-a69b719e640e,2025-07-22,فرع السراج,اكل,10.000,old_id=210000712,210000712
7bf46d91-dc71-bf23-2037-d37c62f8e4e4,2025-07-23,فرع السراج,اكل,10.000,old_id=210000715,210000715
6edac2aa-fd6c-8fb5-148a-c73fdb3b738d,2025-07-24,فرع السراج,اكل,10.000,old_id=210000717,210000717
9b75118b-d0ad-b6e2-263e-f17176d05cbf,2025-07-26,فرع السراج,مصروف,85.000,old_id=210000718,210000718
f22b5025-ba10-31ad-4b6c-4df476b9e6d8,2025-07-26,فرع السراج,اكل,10.000,old_id=210000719,210000719
8764f1b4-5e51-b21d-ece1-e729fb786bed,2025-07-24,فرع السراج,مصروف,95.000,old_id=210000716,210000716
9019d32f-f1a3-e989-e86c-4da3a8caf39d,2025-07-27,فرع السراج,اكل,10.000,old_id=210000721,210000721
4eed4b44-abe7-9fe3-4bba-f36cb3cee037,2025-09-07,فرع السراج,مصروف,130.000,old_id=210000842,210000842
bb922846-dc9c-db9f-7221-a0f7a60c871e,2025-06-11,فرع السراج,اكل,10.000,old_id=210000597,210000597
06de0283-2c32-7634-4dd4-233ed21e5ff8,2025-07-23,فرع السراج,مصروف,180.000,old_id=210000713,210000713
d1b026db-a6a2-d692-65ea-36fe68cf14a1,2025-07-31,فرع السراج,عبد الله من شهر 7,50.000,old_id=310000763 | عبد الله من شهر 7,310000763
c6d789f8-de74-7118-a46d-b047580aaa6f,2025-08-16,فرع السراج,معدات,240.000,old_id=310000838 | معدات,310000838
7e0dc5c1-5d1e-733e-3d0e-fec89d43c9ed,2025-08-21,فرع السراج,"فارس من مرتب شهر 8
",500.000,"old_id=310000839 | فارس من مرتب شهر 8
",310000839
223b8b4d-dcc3-c96a-931e-13dd8c858292,2025-08-21,فرع السراج,"وجبة غداء 6 أشخاص
",135.000,"old_id=310000840 | وجبة غداء 6 أشخاص
",310000840
402b89aa-6037-2acf-6ab4-9386f085bf0f,2025-08-16,فرع السراج,سليم,500.000,old_id=310000842 | سليم,310000842
0ba0a56e-e6f2-91f1-ebdf-f78fc82c836c,2025-08-23,فرع السراج,عدة +مغير لون للزواق,40.000,old_id=310000843,310000843
46e0ae6d-721e-4c43-e766-e00302df1078,2025-08-23,فرع السراج,غداء 4 أشخاص,80.000,old_id=310000844,310000844
78ca7fb0-9a09-8a67-09c2-963403b9d14f,2025-08-23,فرع السراج,زواق حيطان قاعة جديدة,100.000,old_id=310000845 | زواق حيطان قاعة جديدة,310000845
fbc053ca-960f-7701-589e-727d58154543,2025-08-24,فرع السراج,وجبة غداء,90.000,old_id=310000846 | وجبة غداء,310000846
8347c4e8-0264-b8d6-e4bf-d35a896b878d,2025-08-24,فرع السراج,شاهي بالهيل,40.000,old_id=310000847 | شاهي بالهيل,310000847
124534d4-be15-55bb-6b13-aed7f619b408,2025-08-23,فرع السراج,ديكور للقاعة الجديدة,1300.000,old_id=310000848 | ديكور للقاعة الجديدة,310000848
14e8e5e0-eb1b-6c5a-51fb-26664755a080,2025-08-26,فرع السراج,عماد,155.000,old_id=310000849,310000849
220046c5-1fdf-6211-b6f5-3198de91f764,2025-08-26,فرع السراج,غداء 5 أشخاص,90.000,old_id=310000850,310000850
b03e12db-89e6-fd2b-8a8e-4cb5b8110d1f,2025-08-26,فرع السراج,نقل من مصراته,50.000,old_id=310000852,310000852
d8621b72-aad2-e318-8996-71bb5204c85b,2025-08-26,فرع السراج,4g,100.000,old_id=310000853 | 4g,310000853
2e6aee15-242a-bbac-9966-0394cf07d916,2025-08-26,فرع السراج,مرتك للقاعة الجديدة,360.000,old_id=310000854 | مرتك للقاعة الجديدة,310000854
48f5e4cc-0d71-0245-fd72-f77428fd04fc,2025-08-26,فرع السراج,نقل المرتك,70.000,old_id=310000855 | نقل المرتك,310000855
17f61c34-ad6b-3e03-65bf-f3a5326a0d2d,2025-08-26,فرع السراج,فارسمن مرتب شهر 8,20.000,old_id=310000856 | فارسمن مرتب شهر 8,310000856
c651b2ee-7ff6-1ce1-c8e7-d9ad084009e1,2025-08-26,فرع السراج,عماد,2000.000,old_id=310000857 | عماد,310000857
68d3c51a-ba28-c168-92ad-92a645aba8a1,2025-07-29,فرع السراج,مصروف,65.000,old_id=210000727,210000727
f650da0c-36d7-ca3b-0eee-9525283c4209,2025-07-29,فرع السراج,اكل,10.000,old_id=210000728,210000728
2b742764-cb4b-f83f-23d7-982f65d43ffd,2025-07-30,فرع السراج,مصروف,110.000,old_id=210000729,210000729
567fbf58-1af0-6fd6-d34e-12db07ed6ca1,2025-07-30,فرع السراج,اكل,10.000,old_id=210000730,210000730
63bec32d-2eae-d3b0-ee7c-df2909ce2bde,2025-07-31,فرع السراج,اكل,10.000,old_id=210000732,210000732
a1b79596-fa23-0834-387f-400c5471ba8e,2025-07-31,فرع السراج,مصروف,70.000,old_id=210000733,210000733
8761e0f3-e18e-5477-3698-fa4a9f557d69,2025-07-31,فرع السراج,احمد عبدالمجيد,1000.000,old_id=210000734 | احمد عبدالمجيد,210000734
992a1848-d9e1-ecd3-54c9-dedeb8f080a9,2026-04-13,فرع السراج,من سراج الي 11يونيوا ومن 11يونيوا الي سراج,160.000,old_id=210001294,210001294
b5d4f655-873b-b027-1568-011a1a2bf09c,2026-04-13,فرع السراج,تنظيف المحل,80.000,old_id=210001295,210001295
122af067-99a2-8eaf-3432-11b24a7cf865,2025-07-28,فرع السراج,اكل,10.000,old_id=210000725,210000725
90e687fb-a1fd-8091-51f1-f0a77b42928a,2025-07-28,فرع السراج,نقل فاتورة,60.000,old_id=210000726,210000726
a564d90b-157c-cf19-11fb-c8a233057f2c,2025-06-14,فرع السراج,من جزور الي سراج الي 11يونيو,100.000,old_id=210000605,210000605
4f4a859a-52e7-f51e-528b-ac35143e4910,2025-08-04,فرع السراج,ماء,63.000,old_id=310000774 | ماء,310000774
3237984c-b75a-6cd8-9dc6-ddf31d057153,2025-08-25,فرع السراج,وجبة غداء ل4 أشخاص,100.000,old_id=310000858 | وجبة غداء ل4 أشخاص,310000858
e185c60e-6e50-8965-6b24-954e7cc019e9,2025-08-27,فرع السراج,وجبة ل7 أشخاص,140.000,old_id=310000859 | وجبة ل7 أشخاص,310000859
81b74ff0-6297-7474-db56-a09e1ac587b7,2025-08-27,فرع السراج,عماد,415.000,old_id=310000860 | عماد,310000860
c9397f4d-2352-8ba4-6d71-5d03f3241c4c,2025-08-27,فرع السراج,سليم,585.000,old_id=310000861 | سليم,310000861
d9ff689f-b35b-084f-320b-f3f0ab8056ce,2025-08-27,فرع السراج,فارس من شهر 8,20.000,old_id=310000862 | فارس من شهر 8,310000862
fde00cf8-baa4-9a31-3a83-332d4623908d,2025-08-28,فرع السراج,غداء 6 أشخاص,135.000,old_id=310000864,310000864
4fdc2371-f781-f425-d246-48eed9906ac3,2025-08-30,فرع السراج,اشتراك انترنت للصالة الجديدة,100.000,old_id=310000865,310000865
ecfc5225-23fb-e853-15b4-d616505d6c7f,2025-08-31,فرع السراج,غداء 6 أشخاص,150.000,old_id=310000866,310000866
b5e7eee9-35b7-f0c5-22b2-c3880fa3e417,2025-08-31,فرع السراج,فارس من شهر 8,20.000,old_id=310000867,310000867
feb75236-6e2f-493c-567f-5852162523d0,2025-08-31,فرع السراج,عبد الله النيجر حساب شهر 8,350.000,old_id=310000868,310000868
9bbc15d8-eb42-cab3-c34d-92f61165b6ad,2025-09-01,فرع السراج,غداء 5 أشخاص,120.000,old_id=310000869,310000869
9f95a27c-bae9-b541-a529-9ba54159b2d3,2025-09-01,فرع السراج,نقل من مجموعة الخليج للمحل,100.000,old_id=310000870,310000870
fa77baf1-3a49-ef7f-d423-c23b35d9621b,2025-09-01,فرع السراج,تنزيل بضاعة,25.000,old_id=310000871,310000871
95e00504-effd-e9b2-769e-cbc0fe8aa505,2025-08-02,فرع السراج,من دعوة الي سراج,80.000,old_id=210000740,210000740
f7d35371-bf76-750a-f655-88e6054b0de4,2025-08-02,فرع السراج,ماء شرب,120.000,old_id=210000742,210000742
3530884e-9415-5a29-e38b-ec7e643000ae,2025-08-03,فرع السراج,مصروف,95.000,old_id=210000743,210000743
17a0d576-44ae-003c-e906-5b91ffcf6681,2025-08-03,فرع السراج,اكل,10.000,old_id=210000744,210000744
5286b4e2-f42b-7707-39dd-b5049620d539,2025-08-04,فرع السراج,تنزيل العمال,20.000,old_id=210000746,210000746
3fcb7a1f-d586-340b-e96c-9135b87e03eb,2025-08-04,فرع السراج,من جنزور الي سراج,50.000,old_id=210000745,210000745
3190ad4d-1014-d0c8-6488-0d26e92da36f,2025-08-04,فرع السراج,ورق A4,52.000,old_id=210000747,210000747
3a13af94-d896-7e2b-0981-c6cf9edeaac1,2025-08-04,فرع السراج,مصروف,95.000,old_id=210000749,210000749
92e5b38f-763a-c291-ceaa-8fc4e8d87639,2025-08-04,فرع السراج,اكل,10.000,old_id=210000750,210000750
7af14e1b-6559-acb9-761f-683931f8a724,2025-08-04,فرع السراج,جعفر,50.000,old_id=210000751,210000751
15d89cab-f267-9798-c36d-34c54b0c18ca,2025-08-04,فرع السراج,كلنكس,28.000,old_id=210000748,210000748
0a4b78ca-3fcb-458a-8046-878e370fcd78,2026-04-13,فرع السراج,اكل,10.000,old_id=210001296,210001296
089f226f-57a6-03d6-f97f-350a473a67b8,2025-08-05,فرع السراج,اكل,10.000,old_id=210000753,210000753
d327162f-3b47-031b-c78d-d669e8bab729,2025-08-05,فرع السراج,مصروف,85.000,old_id=210000752,210000752
011c2590-3af3-ecfb-f619-0dc086939079,2025-08-02,فرع السراج,مصروف,100.000,old_id=210000738,210000738
eb3a7b50-aeaf-e27d-4a37-76f8f83add3c,2025-08-02,فرع السراج,اكل,10.000,old_id=210000739,210000739
4291c57e-6b37-26bb-0d3f-499fff028570,2025-07-31,فرع السراج,ايجار المحل,14000.000,old_id=210000737 | ايجار المحل,210000737
651f6e36-d8e2-79f8-d185-970edd59b9b2,2025-08-12,فرع السراج,بونته,10.000,old_id=310000797 | بونته,310000797
13c2231b-5e0e-3a3e-e93e-7d311f06256b,2025-09-01,فرع السراج,عبد الله السوداني من شهر 8,500.000,old_id=310000872,310000872
948dc897-84b7-b87a-d86b-f5989a1ca31d,2025-09-01,فرع السراج,فارس من شهر 8,100.000,old_id=310000874,310000874
a14274e0-74aa-f918-2643-a439eec2f40c,2025-09-01,فرع السراج,جزء من حساب سهيل الكهربائي,310.000,old_id=310000873,310000873
5a0e303f-7bba-f602-6394-369f69c4be0a,2025-09-02,فرع السراج,غداء 5 أشخاص,105.000,old_id=310000875,310000875
b7692b22-34a4-03f7-b530-078f452de4ea,2025-09-02,فرع السراج,نقل فاتورة النخبة,50.000,old_id=310000877,310000877
b1cfa639-a2df-961e-4f40-a046ab473a4d,2025-09-03,فرع السراج,فارس,1000.000,old_id=310000878,310000878
b989cec1-7ce4-08c6-4fad-7e8d2d558da5,2025-09-03,فرع السراج,غداء 4 أشخص,110.000,old_id=310000879,310000879
04a1b8c4-a0a8-9f1e-c102-23f8821e19ff,2025-09-03,فرع السراج,مشتريات طلاء خلاطات عبد المنعم ركن التشطيب,925.000,old_id=310000880,310000880
de818c5a-4018-68cc-8d7a-dd91c84a3d8d,2025-09-03,فرع السراج,نقل بضاعة ديكور من عبدالرزاق الى المحل,60.000,old_id=310000881,310000881
f46b305e-e6a3-4dda-f6cf-70c8197dca74,2025-09-03,فرع السراج,تنزيل دواليب من النخبة و ديكور لوح,55.000,old_id=310000882,310000882
40fa6b4f-1ce8-6e8a-7f25-3dacca52e24d,2025-09-06,فرع السراج,ماء,60.000,old_id=310000883,310000883
0484a263-cc01-88d5-be7c-5616eb7995e1,2025-09-06,فرع السراج,مشروب,10.000,old_id=310000884,310000884
2d1a3cfb-0fe7-93a2-90fa-8a259e2ce67d,2025-09-05,فرع السراج,غداء 4 أشخاص,110.000,old_id=310000885,310000885
b591c684-e843-322c-f5d1-8059fe1b5275,2025-09-06,فرع السراج,غداء,115.000,old_id=310000886,310000886
a1cc3a0e-8796-529e-5034-1a1218cb4aef,2025-09-06,فرع السراج,مسامير,10.000,old_id=310000887,310000887
5882efe9-c568-3977-7203-a9d6a487e52b,2025-09-07,فرع السراج,غداء 4 أشخاص,110.000,old_id=310000888,310000888
1d827119-81e8-bf00-2102-be3000785216,2025-09-07,فرع السراج,من حساب الديكور,60.000,old_id=310000889,310000889
90b05f48-c597-17bd-d0a3-666d7a17a511,2025-09-08,فرع السراج,غداء 6 أشخاص,140.000,old_id=310000890,310000890
dffd2dff-a0fa-0e3f-9b19-050419109951,2025-08-07,فرع السراج,مصروف,90.000,old_id=210000756,210000756
63b9694a-a9b1-6e54-045d-df0b129444e0,2025-08-10,فرع السراج,مصروف,75.000,old_id=210000762,210000762
7b59a823-6878-0fc4-1c2c-4c90b5eb44e1,2025-08-10,فرع السراج,اكل,10.000,old_id=210000763,210000763
53412673-41e3-45b3-9a9b-006f76977001,2025-08-07,فرع السراج,اكل,10.000,old_id=210000757,210000757
dfd9bef6-9be8-ed2a-456e-f27f3f591ae6,2025-08-09,فرع السراج,مصروف,95.000,old_id=210000759,210000759
e122bb0b-84b4-12ec-14d5-d598a14dd880,2025-08-09,فرع السراج,اكل,10.000,old_id=210000760,210000760
b5d41c68-e2cc-bc8b-fcdd-2ad2b02388a0,2025-08-11,فرع السراج,اكل,10.000,old_id=210000764,210000764
b6febeef-e7ee-658a-e6d5-1ff0f7adf3d4,2025-08-12,فرع السراج,مصروف,35.000,old_id=210000767,210000767
95325b7d-4b4a-f11b-cce6-f175dc49b9cf,2025-08-12,فرع السراج,اكل,10.000,old_id=210000768,210000768
12c4f51a-ad50-4fa0-5bce-0f2cc2e5b68c,2026-04-13,فرع السراج,حوالة,75.000,old_id=210001297,210001297
3772fb1a-80ad-78e5-26b2-6862e184c45a,2025-08-11,فرع السراج,مصروف,10.000,old_id=210000765,210000765
6a811217-6354-bf0e-5782-980860fcb619,2025-08-11,فرع السراج,مصروف,90.000,old_id=210000766,210000766
e35c7e82-228e-017f-c8d9-3a1f69e53157,2025-08-12,فرع السراج,تسكير حساب باب المخزن في القاعة الجديدة,500.000,old_id=310000799 | تسكير حساب باب المخزن في القاعة الجديدة,310000799
404cdfa1-f11d-55ae-d377-f68cd664929b,2025-09-08,فرع السراج,نقل من الدعوة ل 11 يونيو,160.000,old_id=310000891,310000891
d5b3be14-8c42-8e0e-8e5b-a6c9484bb8a3,2025-09-08,فرع السراج,نقل من الصداقة,60.000,old_id=310000892,310000892
c7d34dde-5c85-3fcb-79d3-7ee1da8b3e79,2025-09-09,فرع السراج,عمال تنزيل البضاعة,20.000,old_id=310000928,310000928
abffa11a-588b-2939-264c-2283fbed5107,2025-09-09,فرع السراج,غداء 6 أشخاص,100.000,old_id=310000925,310000925
e86fe093-b383-7cb8-ef41-42e001dc66ef,2025-09-09,فرع السراج,مكتبية,15.000,old_id=310000926,310000926
37defe53-5827-5694-ca96-144d125f9c63,2025-09-10,فرع السراج,"
تسكير حساب معاش عبد الله السوداني لشهر8",800.000,"old_id=310000932 | 
تسكير حساب معاش عبد الله السوداني لشهر8",310000932
d7fa0d48-716c-60de-fcb1-28331b053134,2025-09-09,فرع السراج,نقل من الدعوة+نقل الكناسة,150.000,old_id=310000927,310000927
e03b41ce-859d-dbfe-6d89-785482656f17,2025-09-08,فرع السراج,عمال تنزيل,90.000,old_id=310000924,310000924
575d3859-a1f7-0417-6b42-ce60a2806eb6,2025-09-10,فرع السراج,مكتبية,35.000,old_id=310000929,310000929
0e5894bf-2d1f-e66b-25de-abc98a26df38,2025-09-10,فرع السراج,غداء 8 أشخاص,130.000,old_id=310000930,310000930
10a79f94-15b1-d5c5-0b22-7a1654dd8428,2025-09-10,فرع السراج,ماء,30.000,old_id=310000931,310000931
5bb0f8f6-0f04-29bd-1316-bbc527aa3a18,2025-09-11,فرع السراج,غداء 6 أشخاص,100.000,old_id=310000933,310000933
573ab482-35a7-0e02-441e-26d370bc1754,2025-09-11,فرع السراج,مكتبية+مطول,75.000,old_id=310000934,310000934
5757df6f-cefd-003b-3e5a-bd1926a0b282,2025-09-11,فرع السراج,عمال تحويل عارضة خلاطات,500.000,old_id=310000935,310000935
e3de981f-9e24-0779-14e1-603752bf6ca6,2025-09-11,فرع السراج,فارس من مرتب شهر 9,70.000,old_id=310000936 | فارس من مرتب شهر 9,310000936
a498803d-87bc-41b3-81f2-01756bb0451c,2025-09-11,فرع السراج,ضادو,10.000,old_id=310000937 | ضادو,310000937
e73d03c1-5009-3baf-13fd-4309a9607fac,2025-09-13,فرع السراج,غداء 5 أشخاص,90.000,old_id=310000938,310000938
681abb55-9868-5d34-108f-ae29004afdd5,2025-09-13,فرع السراج,أكياس قمامة+مسامير,20.000,old_id=310000939,310000939
9f35b35e-d519-81f1-472d-507bf2d81cb0,2025-09-13,فرع السراج,عدة تنظيف,10.000,old_id=310000940,310000940
5d0e7055-c9bb-b29a-fe08-7a98833652fe,2024-08-24,فرع السراج,مصروف,70.000,old_id=210000007,210000007
a000462e-e1c9-d618-0388-820492002765,2024-08-24,فرع السراج,الأكل,10.000,old_id=210000008 | الأكل,210000008
a8ee4ff1-c1c6-2373-3d48-97af959f07a7,2025-08-17,فرع السراج,مصروف,90.000,old_id=210000778,210000778
4524bc93-5588-ab38-4787-9cc31e9a7994,2025-08-14,فرع السراج,اكل,10.000,old_id=210000772,210000772
0397cec6-433f-4eb6-2196-03274c624b88,2025-08-17,فرع السراج,اكل,10.000,old_id=210000779,210000779
27481f55-7353-abc1-7c98-2900fe3b6599,2025-08-14,فرع السراج,تزيت سراتني,15.000,old_id=210000774,210000774
87e713a2-5dd7-17c2-8afe-a015d4813b01,2025-08-16,فرع السراج,مصروف,85.000,old_id=210000776,210000776
228f495f-2f92-9451-544e-50339262cd9e,2026-04-12,فرع 11 يونيو,غداء عامل,15.000,old_id=310001475 | غداء عامل,310001475
aedade19-5602-facd-7b24-82238ab2b8c3,2025-08-14,فرع السراج,قهوة عربية,50.000,old_id=210000771,210000771
a3c8e349-bf45-5eae-93d7-86a5abf5222e,2025-08-14,فرع السراج,مصروف,90.000,old_id=210000773,210000773
8c6b6784-896d-3574-8f89-d3d7baef0836,2025-08-16,فرع السراج,اكل,10.000,old_id=210000777,210000777
2feca295-35b2-c7c4-fd70-d09c719ba061,2024-12-24,فرع السراج,غداء 6 اشخاص,130.000,old_id=310000056 | بشير,310000056
a3ff5b96-f737-0cc9-bf1a-1574b4168d19,2025-08-26,فرع السراج,ماء,60.000,old_id=310000851,310000851
6391547a-d09c-3c2a-3b4d-0f2725d304e5,2025-09-18,فرع السراج,فارس من مرتب شهر 9,70.000,old_id=310000943 | فارس من مرتب شهر 9,310000943
39895347-2220-2eee-85b7-3505e12b53db,2025-09-18,فرع السراج,وجبة غداء ل6 أشخاص,130.000,old_id=310000942 | وجبة غداء ل6 أشخاص,310000942
931bcea4-58b8-eec2-f7e2-5b7973454eb2,2025-09-19,فرع السراج,وجبة غداء ليوم 15/09,110.000,old_id=310000944 | وجبة غداء ليوم 15/09,310000944
85d1c492-4311-7a22-3e06-2f45d5b9e414,2025-09-19,فرع السراج,ضادو,5.000,old_id=310000953 | ضادو,310000953
1c316b37-a9f6-4543-97d7-85e28ec87c4c,2025-09-19,فرع السراج,وجبة غداء ل7 أشخاص ليوم 14/09,115.000,old_id=310000946 | وجبة غداء ل7 أشخاص ليوم 14/09,310000946
36e75da5-d80c-ad68-422d-8ea78854748a,2025-09-19,فرع السراج,ماء ليوم 14/09,55.000,old_id=310000947 | ماء ليوم 14/09,310000947
74d47979-90a8-b60d-8fa1-e0108e52fb6b,2025-09-19,فرع السراج,معمول+قهوة موندو ليوم 14/09,234.000,old_id=310000948 | معمول+قهوة موندو ليوم 14/09,310000948
4f57078d-ebda-4b2e-9472-df57456b86e8,2025-09-19,فرع السراج,سكر+معالق خشب ليوم 14/09,15.000,old_id=310000949 | سكر+معالق خشب ليوم 14/09,310000949
ef9c5f4e-7038-ea3b-f6c6-0ab8bc697dd8,2025-09-19,فرع السراج,فارس من مرتب شهر 9 ليوم 14/09,10.000,old_id=310000951 | فارس من مرتب شهر 9 ليوم 14/09,310000951
0971002f-3810-984c-d5c9-1a2ca9d36e81,2025-09-19,فرع السراج,فارس من مرتب شهر 9 يوم 16/09,10.000,old_id=310000954 | فارس من مرتب شهر 9 يوم 16/09,310000954
0cc5735f-6ee0-05a6-a55b-a70c8ac4085d,2025-09-19,فرع السراج,فاتورة كهربائية مطولات و محول ليوم 14/09,375.000,old_id=310000950 | فاتورة كهربائية مطولات و محول ليوم 14/09,310000950
9096f301-6f77-5e42-a33c-7b65aced1c64,2025-09-19,فرع السراج,عبد الرزاق النجار من يوم 15/09,1000.000,old_id=310000945 | عبد الرزاق النجار من يوم 15/09,310000945
920a93d8-b59b-11b3-3773-b353b266cbe6,2025-09-19,فرع السراج,وجبة غداء ليوم16/09,115.000,old_id=310000952 | وجبة غداء ليوم16/09,310000952
af00c320-9404-148c-7bd4-ab5fd4c574e7,2025-09-19,فرع السراج,وجبة أكل ليوم 17/09,150.000,old_id=310000955 | وجبة أكل ليوم 17/09,310000955
25bf0ee8-122e-8708-dc94-f49181231853,2025-09-19,فرع السراج,ضادو ليوم 17/09,18.000,old_id=310000956 | ضادو ليوم 17/09,310000956
1859defc-771a-6d05-a63d-2a5d1c5367e8,2025-09-19,فرع السراج,مسمار ضادو ةليوم 17/09,10.000,old_id=310000957 | مسمار ضادو ةليوم 17/09,310000957
48211cf4-1fd3-7283-a721-a6bf6184cd0e,2025-09-19,فرع السراج,17/09 عدة ليوم,25.000,old_id=310000958 | 17/09 عدة ليوم,310000958
e042e5cf-a280-1a8a-d138-da35d7aa4a5a,2025-09-19,فرع السراج,مكتبية ليوم 17/09,20.000,old_id=310000959 | مكتبية ليوم 17/09,310000959
576f019f-1d9f-0887-74b3-e7e5e1f2432e,2024-08-24,فرع السراج,تنزيل بضائع,100.000,old_id=210000009 | تنزيل بضائع,210000009
41d0c88f-6734-03a9-350a-5de0409e419d,2025-06-16,فرع السراج,قهواء عربية,40.000,old_id=210000614,210000614
6f3352ca-a9c1-a07e-2152-9b95def6a477,2025-08-19,فرع السراج,بينسة باب مرش +تركيب,310.000,old_id=210000783,210000783
39164e15-922f-4989-c594-83355191956a,2025-08-20,فرع السراج,اكل,10.000,old_id=210000787,210000787
f705ebc6-823f-5f03-e1d0-15eb473291a3,2025-08-21,فرع السراج,المولد,10.000,old_id=210000789,210000789
fd45f7dc-96a8-44ed-d806-c63ea46d224e,2025-08-20,فرع السراج,مصروف,15.000,old_id=210000788,210000788
2a7b67ab-6feb-5e50-6033-db949db52e2b,2025-08-19,فرع السراج,اكل,10.000,old_id=210000785,210000785
f62f43bb-d2a8-a6ac-bb30-5d38fd01240c,2025-08-21,فرع السراج,مصروف,100.000,old_id=210000790,210000790
3ef45d0f-7523-5d25-caf8-2b76115de3ec,2025-08-19,فرع السراج,مصروف,85.000,old_id=210000784,210000784
58d7093b-9911-71ed-7679-35263dda4e00,2025-08-20,فرع السراج,مصروف,110.000,old_id=210000786,210000786
424f99e7-34f3-51d4-9fe1-fb16dfd9c030,2025-08-21,فرع السراج,اكل,10.000,old_id=210000791,210000791
098c48f2-c624-c2b6-0dca-ee9309467001,2025-08-07,فرع السراج,"وجبة غداء
",70.000,"old_id=310000841 | وجبة غداء
",310000841
d5db0240-4bdd-3718-0a10-a6bef4f14740,2025-09-19,فرع السراج,لعبد الرزاق النجار من يوم 17/09,2000.000,old_id=310000960 | لعبد الرزاق النجار من يوم 17/09,310000960
3cba8ddb-621d-8e19-924b-1ebd90a1dc2a,2025-09-20,فرع السراج,غداء 6 أشخاص,110.000,old_id=310000961,310000961
bcfada13-1a04-88a4-9865-8969a5d7dde0,2025-09-21,فرع السراج,غداء 5 أشخاص,110.000,old_id=310000962,310000962
7b430602-7310-8746-b3ca-6ce3990d477a,2025-09-21,فرع السراج,نقل ديكور,60.000,old_id=310000963,310000963
07d32764-1cbe-cc0c-bd72-1519b757a9ea,2025-09-22,فرع السراج,غداء 6 أشخاص,100.000,old_id=310000964,310000964
36593575-006f-cafa-c461-2c48bc7c8590,2025-09-22,فرع السراج,مواد تنظيف,275.000,old_id=310000965,310000965
05e3cfe6-32a3-3ba5-556b-cf5503ea15ce,2025-09-22,فرع السراج,عدة للمحل,20.000,old_id=310000966,310000966
e2b10b28-f102-191a-b634-ac12605fe5f7,2025-09-23,فرع السراج,غداء 6 أشخاص,115.000,old_id=310000967,310000967
0722293f-4818-cd9d-dae7-6a915dacfd9b,2024-08-25,فرع السراج,مصروف,110.000,old_id=210000010,210000010
2c86ec52-a12d-0820-498b-b7748d3580ee,2025-08-25,فرع السراج,مصروف,70.000,old_id=210000801,210000801
75ee0e35-52c6-bb7d-c69c-5b03a4235397,2025-08-25,فرع السراج,تنزيل بضاعة,10.000,old_id=210000802,210000802
620aa9b4-b2e6-5d46-4e56-abbc86531752,2025-08-25,فرع السراج,اكل,10.000,old_id=210000803,210000803
7c8586f0-1ae7-0387-061b-9081949f2ec5,2025-08-24,فرع السراج,جعفر,100.000,old_id=210000799,210000799
f37ac61c-f4fe-5b4c-7704-e17bbe28222b,2025-08-26,فرع السراج,مصروف,40.000,old_id=210000804,210000804
0f40f6d2-08f4-88af-3cf0-c40471e8cc46,2025-08-26,فرع السراج,اكل,10.000,old_id=210000805,210000805
881ad26a-2fc5-ac73-ba2b-65ac0a1a7088,2025-08-27,فرع السراج,مصروف,110.000,old_id=210000806,210000806
d8837167-54b1-8c79-fe8b-0142337d7f8f,2025-08-27,فرع السراج,اكل,10.000,old_id=210000807,210000807
05d1d664-be46-4c69-c379-adf8aee23845,2025-09-13,فرع السراج,مصروف,130.000,old_id=210000855,210000855
4c010335-bd82-aacd-211a-638a68f0b1ad,2026-04-14,فرع السراج,مصروف,70.000,old_id=210001298,210001298
591e9d44-e4ac-5424-7d14-eb97caf9ff71,2025-08-24,فرع السراج,مصروف,400.000,old_id=210000796,210000796
5cdc6703-46ef-daa3-a5b1-86c7efc21185,2025-08-24,فرع السراج,مصروف,55.000,old_id=210000797,210000797
a4f3a5bb-8a65-0f2d-f7d1-8dbeca54cfe2,2025-08-25,فرع السراج,من دعوة الي سراج,40.000,old_id=210000800,210000800
02620a1c-6702-3884-3752-f90cc2ae6c7c,2025-08-23,فرع السراج,مصروف,60.000,old_id=210000795,210000795
6a708987-a321-8de5-e6b5-ea86f89d4857,2026-04-29,فرع 11 يونيو,سليم-بطاقة,19.250,old_id=310001515 | سليم-بطاقة,310001515
219f1b01-4c02-546b-55d3-eff918c919bf,2026-04-30,فرع 11 يونيو,وجبة غداء-بطاقة,85.000,old_id=310001517 | وجبة غداء-بطاقة,310001517
70b3b4a2-8d83-b847-8d3b-27f710d014b7,2026-04-30,فرع 11 يونيو,سليم-بطاقة,71.000,old_id=310001518 | سليم-بطاقة,310001518
02905541-c814-e3e0-e798-66e452e38ecb,2026-05-01,فرع 11 يونيو,سليم-بطاقة,25.000,old_id=310001519 | سليم-بطاقة,310001519
de4b6002-3759-1eb1-2361-b6a3fad76fc8,2025-08-30,فرع السراج,غداء 7 أشخاص,115.000,old_id=310000863,310000863
c0d60cef-94f3-8116-efec-28b20bf95090,2025-09-24,فرع السراج,سرب اضاءة مخفية ديكور,380.000,old_id=310000972 | 360+20 نقل,310000972
fd4dc7bf-d348-c362-be97-40fa57e494ae,2025-09-24,فرع السراج,معمول+قهوة,300.000,old_id=310000973,310000973
f7cae0c3-f4cb-61f0-6ded-668b69a6d7b9,2025-09-24,فرع السراج,غداء 6 أشخاص,100.000,old_id=310000974,310000974
b4e098f7-d2a3-696e-aa30-ee11b8c9e76e,2025-09-24,فرع السراج,فارس من شهر 9,300.000,old_id=310000975,310000975
89ee14e4-7999-081b-3700-f2f4a5e3feb0,2025-09-25,فرع السراج,لفة 1.5+سكة لد+لصقة سريعة+ضادو,210.000,old_id=310000976,310000976
f30c1ca1-9f3b-dd21-e757-e93cfda9ea42,2025-09-25,فرع السراج,غداء 5 أشخاص,120.000,old_id=310000977,310000977
3deaaec1-119d-3801-0a96-c76c57bc6363,2025-09-25,فرع السراج,عبد الله يعقوب,100.000,old_id=310000978,310000978
03998662-4e24-b858-96c7-90ab875321b9,2025-09-27,فرع السراج,غداء 6 أشخاص,105.000,old_id=310000979,310000979
133755f1-a24b-8317-0d43-6f6a13eabb72,2025-09-27,فرع السراج,ماء,30.000,old_id=310000980,310000980
e29aa066-6fcb-c1fa-4028-b34637b4053c,2025-09-27,فرع السراج,نقل من السبعة,60.000,old_id=310000981,310000981
71efdec1-40b0-1b11-a68b-a1e9f1c4a869,2024-12-25,فرع السراج,مشروب ومكملات غداء,9.000,old_id=310000059,310000059
f8a35eaf-7748-3a4a-b71d-8169adb42efc,2024-08-25,فرع السراج,مصروف,10.000,old_id=210000011,210000011
3292c9e5-2a59-4c7c-2860-428b68334dbc,2025-09-01,فرع السراج,من حساب جعفر شهر 8,200.000,old_id=210000818,210000818
215c083d-baf4-3bb3-ecf6-01f45f2e75e7,2025-09-01,فرع السراج,اكل,10.000,old_id=210000821,210000821
25796690-2f09-950a-2a96-aa9f43fb45fe,2025-08-30,فرع السراج,مصروف,95.000,old_id=210000812,210000812
10073ba6-7d1d-8d88-bb8d-77792dd421b8,2025-08-30,فرع السراج,اكل,10.000,old_id=210000813,210000813
dea6f287-1796-55b3-e9da-e02451089e63,2026-04-14,فرع السراج,اكل,10.000,old_id=210001299,210001299
ed96b753-30bd-40c1-f96e-fb037d532653,2025-08-31,فرع السراج,مصروف,70.000,old_id=210000815,210000815
f27ba887-1917-74c4-5a1f-bbf9841ce7e3,2025-08-31,فرع السراج,اكل,10.000,old_id=210000816,210000816
205faaa4-d377-743d-573d-13f0b72e6105,2025-09-01,فرع السراج,مصروف,105.000,old_id=210000820,210000820
dab648c8-8f42-d4d0-594f-f1ef5f3b66f6,2025-09-01,فرع السراج,بنزينة للمولد,10.000,old_id=210000822,210000822
1c2ba558-43b9-632c-71f9-0e3a55387fe7,2025-08-30,فرع السراج,ماء,55.000,old_id=210000811,210000811
3d7ebb87-daa5-787d-6248-5db8f0171332,2025-08-31,فرع السراج,كلنكس,30.000,old_id=210000814,210000814
ab45fe28-7c92-9c26-32a0-1b5bc0f5e8d7,2025-08-31,فرع السراج,تصكير حساب جعفر,700.000,old_id=210000817,210000817
61dcec67-ee1c-1e6c-ad71-91754e27052b,2025-08-28,فرع السراج,اكل,10.000,old_id=210000810,210000810
1084a066-bac5-89a4-ecd5-7f49ceff6efc,2026-04-29,فرع 11 يونيو,سليم-بطاقة,125.000,old_id=310001516 | سليم-بطاقة,310001516
51e8c509-412d-e43a-12e0-22c45306afd9,2025-09-02,فرع السراج,مواد تنظيف,55.000,old_id=310000876,310000876
4c24c164-75c7-6b1c-6a79-1f84097a9163,2024-12-26,فرع السراج,مصروف,117.000,old_id=310000060,310000060
c8b5cfef-a74e-0839-5aac-a529e73a89a6,2025-09-23,فرع السراج,ماء,40.000,old_id=310000968,310000968
fe0051ea-1cff-f457-c343-8030928dd8b8,2024-12-26,فرع السراج,مياه شرب,16.000,old_id=310000061 | مياه شرب,310000061
397c67d4-9799-843a-b23b-c4f4e9343edf,2025-09-23,فرع السراج,فارس من حساب شهر 9(5+5,10.000,old_id=310000969,310000969
85a01cb1-968b-c67e-f8b5-67675a25ef46,2025-09-23,فرع السراج,مثبت خلاط,175.000,old_id=310000971,310000971
4c96d759-bd87-77cf-6fa2-3dc51770949c,2025-09-23,فرع السراج,ترابنو,160.000,old_id=310000970,310000970
314f975e-3d3e-298a-3c61-e03c2a4a6d67,2025-09-27,فرع السراج,عمال تنزيل بضاعة,40.000,old_id=310000982,310000982
ac901a9d-307b-fdc1-92d2-c1af489cd985,2025-09-28,فرع السراج,وجبة غداء ل6 أشخاص,140.000,old_id=310000983 | وجبة غداء ل6 أشخاص,310000983
cf95c37e-252d-4a55-1c52-57cd3349b17b,2024-08-25,فرع السراج,مصروف,95.000,old_id=210000012,210000012
65d2585f-dae5-dc36-35da-89a9e954c1f8,2025-09-04,فرع السراج,مولد,10.000,old_id=210000830,210000830
05dec9c5-9b54-000c-fefd-bb869888044a,2025-09-04,فرع السراج,اكل,10.000,old_id=210000831,210000831
b9bb4ca1-5da7-a869-030d-8fa827c62a90,2025-08-31,فرع السراج,احمد عبد المجيد الفاندي,1000.000,old_id=210000832,210000832
c972e767-7c48-edab-af3b-fa28416fae21,2025-08-31,فرع السراج,مصعب عبد المجيد الفاندي,700.000,old_id=210000833,210000833
45677ff2-628f-e901-f428-a606615afa10,2025-08-31,فرع السراج,احمد محمد الفاندي,1600.000,old_id=210000834,210000834
78e672dc-a9d7-33e8-9780-6afaff0b7250,2025-09-06,فرع السراج,ماء شرب,80.000,old_id=210000835,210000835
f3b9ab6b-c6a8-6ac0-263f-444cb8ce22ac,2025-09-06,فرع السراج,عروض الكوطوا,20.000,old_id=210000837,210000837
fe0f5f53-1fcb-d2b5-6596-fa6be005921c,2025-09-06,فرع السراج,اكل,10.000,old_id=210000838,210000838
d18bc9cf-0e6f-79b4-3d9e-4668620cd033,2025-09-06,فرع السراج,تنزيل بضاعة,5.000,old_id=210000839,210000839
47d02e06-f33f-86e9-a09b-3ddca98c3a64,2025-09-07,فرع السراج,مصروف,410.000,old_id=210000840,210000840
1c67229a-8dbe-a4a5-755c-ed4ea3eee342,2025-09-07,فرع السراج,اكل,10.000,old_id=210000841,210000841
263c04f8-bf8a-92fd-8249-27f4f91f6178,2025-09-06,فرع السراج,مصروف,85.000,old_id=210000836,210000836
9e89b122-9078-6446-35d3-565c9fa862da,2025-09-07,فرع السراج,من سراج الي المعري,50.000,old_id=210000843,210000843
c7cad834-982f-76b8-2cce-e06a58619b56,2025-09-07,فرع السراج,من 11يونيوا الي سراج,30.000,old_id=210000844,210000844
20521b60-12c0-0547-6175-afad675d5cef,2026-04-16,فرع 11 يونيو,اجرة عمال تنزل بضاعة الصين,610.000,old_id=310001479 | اجرة عمال تنزل بضاعة الصين,310001479
db1186a3-20d5-d75d-e2b0-8d51fafe41a4,2025-09-02,فرع السراج,تنزيل بضاعة,15.000,old_id=210000825,210000825
4637a409-2211-3d0b-9109-bf2dded11661,2025-09-02,فرع السراج,من 11يونيوا الي سراج,120.000,old_id=210000826,210000826
ae7d2b1f-e4b1-6b71-c842-ba6fcd221632,2025-09-03,فرع السراج,مصروف,110.000,old_id=210000827,210000827
4c418c0c-da7a-6c4f-20d9-f47e0a6339cb,2025-09-03,فرع السراج,اكل,10.000,old_id=210000828,210000828
a78b38fa-27ff-5ac2-b580-86c41d354293,2025-09-04,فرع السراج,مصروف,115.000,old_id=210000829,210000829
f09f37b5-557a-4e10-a8cb-70af61932483,2024-12-25,فرع السراج,معطر جو,15.000,old_id=310000057,310000057
c6dee159-6ef4-e660-e34f-cd784b87b087,2025-10-11,فرع السراج,معمول يوم 09/10,210.000,old_id=310001022 | معمول يوم 09/10,310001022
c4de1914-93ae-160c-6001-947e6fa4a29d,2025-09-29,فرع السراج,لصقة,5.000,old_id=310000988 | لصقة,310000988
4f175cf0-5523-8ffd-6a2f-db52b40a6cbf,2025-09-28,فرع السراج,تسكير حساب عبد الله نيجر لمعاش شهر9,900.000,old_id=310000991 | تسكير حساب عبد الله نيجر لمعاش شهر9,310000991
cd113c21-5a90-0d6b-6307-02dcf9a238ff,2025-09-28,فرع السراج,تسكير حساب معاش عبد الله السوداني لشثهر 9,1200.000,old_id=310000986 | تسكير حساب معاش عبد الله السوداني لشثهر 9,310000986
ea1bfbe6-f68a-72ef-d647-b3ae76be789a,2025-09-28,فرع السراج,لعبد الله نيجر من مرتب شهر 9,100.000,old_id=310000989 | لعبد الله نيجر من مرتب شهر 9,310000989
a15e88c7-cd20-7d39-20e8-9f9b06ca6e3e,2025-09-28,فرع السراج,"تسكير حساب حاتم لمعاش شهر9 -25 يوم


",835.000,"old_id=310000985 | تسكير حساب حاتم لمعاش شهر9 -25 يوم


",310000985
09531720-5e74-3e09-330e-4c187033518d,2025-09-28,فرع السراج,تسكيرلفارس غزال حساب معاش شهر 8 و شهر 9,1070.000,old_id=310000990 | تسكيرلفارس غزال حساب معاش شهر 8 و شهر 9,310000990
e62a9453-b088-6783-e4c7-c2ccac92fdc0,2025-09-30,فرع السراج,ماء+ماء ورد,50.000,old_id=310000992 | ماء+ماء ورد,310000992
8dc58201-1d91-c7ad-f7a3-071ad269dda3,2025-09-30,فرع السراج,وجبة غداء,115.000,old_id=310000993 | وجبة غداء,310000993
146347d5-586d-0594-bf6c-b20aa5feed8c,2025-10-06,فرع السراج,ماء,35.000,old_id=310001008,310001008
d6fd1e03-ede2-95cf-f798-554dafbf33c1,2025-10-07,فرع السراج,وجبة غداء ل8 أشخاص,110.000,old_id=310001012 | وجبة غداء ل8 أشخاص,310001012
a71c191e-64ac-d904-5d16-0a1834cada97,2025-10-07,فرع السراج,سليم,1000.000,old_id=310001013 | سليم,310001013
3414e8e1-7370-8e23-2ec4-a58c802c761f,2025-10-07,فرع السراج,فارس من مرتب شهر 10,5.000,old_id=310001014 | فارس من مرتب شهر 10,310001014
6dccb1ad-aadf-4ea5-f415-98dca350e067,2025-10-11,فرع السراج,مسدس سيليكون يوم 09/10,25.000,old_id=310001021 | مسدس سيليكون يوم 09/10,310001021
f789ebd8-3cf7-0188-256c-28c9365a2224,2025-09-30,فرع السراج,نقل لاحواض الاسيل من النخبة الفريدة,60.000,old_id=310000995 | نقل لاحواض الاسيل من النخبة الفريدة,310000995
299020ba-4965-67ab-8fb4-5cd8c8c6ce5e,2024-08-26,فرع السراج,مصروف,90.000,old_id=210000013,210000013
bc7ac131-ec82-edaf-02b3-d2d33ebf02c4,2025-09-10,فرع السراج,مصروف,115.000,old_id=210000849,210000849
f34e57e6-47bf-6d17-29ab-b19a83421ba5,2025-09-11,فرع السراج,تعديل تاكوا الرئسي,15.000,old_id=210000854,210000854
44cad1fa-745a-a471-ed7c-3da351bdbbda,2026-04-16,فرع 11 يونيو,مواد تنظيف,60.000,old_id=310001529 | مواد تنظيف,310001529
7addf64f-011c-4bec-5734-3cce491c5412,2025-09-09,فرع السراج,مصروف,65.000,old_id=210000847,210000847
a2f5fa34-50d3-1c80-90c9-925be99c8d2e,2025-09-10,فرع السراج,اكل,10.000,old_id=210000850,210000850
c693d523-34ae-c9c8-fe59-de1bb919c776,2025-09-11,فرع السراج,مصروف,100.000,old_id=210000851,210000851
4a113b38-b282-75c3-88b9-29e2f28f1b6a,2025-09-11,فرع السراج,اكل,10.000,old_id=210000852,210000852
8b34f747-4294-e3aa-e3c7-7823f3acdb57,2026-04-18,فرع 11 يونيو,اجرة عامل فرز الخلاطات بضاعة الصين,80.000,old_id=310001481 | اجرة عامل فرز الخلاطات بضاعة الصين,310001481
7b4d3f2b-dfaf-a214-29cd-ee59194d1c0c,2025-09-13,فرع السراج,فوط,10.000,old_id=310000941 | فوط,310000941
0f17f6ac-3454-cca5-f81f-291d460add9a,2025-10-01,فرع السراج,نقل الفوتاي,50.000,old_id=310000996 | نقل الفوتاي,310000996
e9a7629e-784e-345f-6c53-0d87793f0395,2025-09-17,فرع السراج,مصروف,80.000,old_id=210000863,210000863
51e76c5e-709a-26d1-6f7d-b44da97658f5,2026-04-15,فرع السراج,حوالة قهواء عربية,130.000,old_id=210001301,210001301
34c66096-0828-b83c-76e2-207ccb5de39f,2025-10-01,فرع السراج,معدات لالصالة الجديدة من المتجر الاروبي,165.000,old_id=310000997 | معدات لالصالة الجديدة من المتجر الاروبي,310000997
3bb1f861-9cd6-0857-f018-2ca415ccaf67,2024-08-27,فرع السراج,مصروف,40.000,old_id=210000014,210000014
6729dab3-0341-d3d6-c4f3-07c62859bbd8,2025-10-01,فرع السراج,وجبة غداء ل5 أشخاص,115.000,old_id=310000998 | وجبة غداء ل5 أشخاص,310000998
b46a9235-ee9d-9967-ca67-2c0f2992364b,2025-10-02,فرع السراج,غداء 5 أشخاص,95.000,old_id=310000999,310000999
2a62f99b-261b-c01b-ab88-7e30998a5e6c,2025-10-02,فرع السراج,ضادوات,10.000,old_id=310001000 | ضادوات,310001000
48fc2fa6-6aeb-3b36-b56e-e2b62a9c9b7c,2025-10-02,فرع السراج,فارس غزال من مرتب شهر 10,1000.000,old_id=310001001 | فارس غزال من مرتب شهر 10,310001001
c3a3dfa2-1678-04a4-cb78-1fb6aee4da3b,2025-10-08,فرع السراج,وجبة غداء ل7 أشخاص,145.000,old_id=310001016 | وجبة غداء ل7 أشخاص,310001016
c25ceb10-5df1-c5f0-eb0a-ac2c23354dbb,2025-10-08,فرع السراج,نقل من السبعة,120.000,old_id=310001017,310001017
c4dc5599-97ba-49a1-9016-17651228792b,2025-10-08,فرع السراج,عبد الله سوداني من مرتب شهر10,150.000,old_id=310001018 | عبد الله سوداني من مرتب شهر10,310001018
cd482b0a-cee4-6054-d1c5-cd750b3f2c6a,2025-10-04,فرع السراج,ملمع,10.000,old_id=310001002 | ملمع,310001002
e2c411ff-9977-8660-0b9b-d37a5311d12d,2025-10-04,فرع السراج,وجبة غداء ل5 أشخاص,115.000,old_id=310001003 | وجبة غداء ل5 أشخاص,310001003
1a9bafd7-e0b7-aa8b-03cd-8aedbf7fe0bc,2025-10-04,فرع السراج,فارس من مرتب شهر 10,10.000,old_id=310001004 | فارس من مرتب شهر 10,310001004
cd28205b-7ffb-0944-f5c1-a7e35d01cd99,2025-12-31,فرع السراج,محمد بن عيسي سوق الجمعة صافي شهر 12,500.000,old_id=310001248 | محمد بن عيسي سوق الجمعة صافي شهر 12,310001248
4e46b4a8-001d-3a54-21ad-cfa61a1aa76f,2025-12-31,فرع السراج,مياه شرب 7 لتر,2.000,old_id=310001237 | مياه شرب 7 لتر,310001237
cb49783c-8aaa-915e-f1a1-cb1034524237,2025-10-08,فرع السراج,ورق كوري+شريط اليكريك+بديل عشب من فاتورة شركة مركز المهندس +مشتريات مرايا دائرية أسود,420.000,old_id=310001015 | ورق كوري+شريط اليكريك+بديل عشب من فاتورة شركة مركز المهندس +مشتريات مرايا دائرية أسود,310001015
7d23de03-eb01-d047-cc1c-ab720baf85c0,2025-10-11,فرع السراج,كولة شياح يوم 09/10,15.000,old_id=310001020 | كولة شياح يوم 09/10,310001020
1054e912-778b-4aec-c7c7-aafca5ea2546,2024-08-27,فرع السراج,مصروف,10.000,old_id=210000015,210000015
3e158720-4e60-602b-8300-437c0f63aa1f,2025-09-15,فرع السراج,مصروف,90.000,old_id=210000859,210000859
254e8bb7-bb78-6dfc-4e54-f2470647d395,2025-09-16,فرع السراج,مصروف,80.000,old_id=210000861,210000861
b92133d3-59cf-5438-e75d-5eedda582748,2025-09-16,فرع السراج,اكل,10.000,old_id=210000862,210000862
0389478a-0205-c795-7df2-12edbfb605d0,2025-09-17,فرع السراج,اكل,10.000,old_id=210000864,210000864
554b558f-0ce5-0e07-7430-73b8f308551e,2025-09-18,فرع السراج,مصروف,80.000,old_id=210000865,210000865
83fe7351-0e06-00e8-72d3-8b1e211249a1,2025-09-18,فرع السراج,اكل,10.000,old_id=210000866,210000866
9587cfbb-a7cd-5cc3-2d00-43bef4508dc7,2026-04-19,فرع 11 يونيو,طواسي,10.000,old_id=310001484 | طواسي,310001484
9b63dd4c-c836-6257-09a6-08ced3413f55,2026-04-19,فرع 11 يونيو,احسان بن عمر-سليم,3000.000,old_id=310001485 | احسان بن عمر-سليم,310001485
6c3d41bf-1a7c-cbf5-3d97-7450a9161196,2026-04-21,فرع 11 يونيو,اكياس+اكواب فاتورة سنان,135.000,old_id=310001490 | اكياس+اكواب فاتورة سنان,310001490
29968b0f-6073-8c53-67ca-ad791c29c3d1,2025-10-12,فرع السراج,عمال تحميل بضاعة,70.000,old_id=310001063,310001063
8b0e8f06-6377-56ed-2761-2d79f2a27702,2025-10-12,فرع السراج,نقل الكناسة,85.000,old_id=310001064,310001064
e66e5885-a0e5-657b-de09-9be57143fbf2,2025-09-28,فرع السراج,مشتريات النخبة الفريدة,175.000,old_id=310001023 | مشتريات النخبة الفريدة,310001023
24b3cf4a-8898-3b38-0547-e5998244c331,2025-11-12,فرع السراج,مواد تنظيف,55.000,old_id=310001143 | مواد تنظيف,310001143
5c46a6f8-4fd8-a974-1b20-c9494425de35,2025-10-11,فرع السراج,وجبة غداء ل5 أشخاص,125.000,old_id=310001056 | وجبة غداء ل5 أشخاص,310001056
e1a399fd-20f5-24f7-dc26-7f4c50669799,2025-10-11,فرع السراج,ديكور -فاتورة معرض السرايا للدهانات +سطل ستوك,112.000,old_id=310001057 | ديكور -فاتورة معرض السرايا للدهانات +سطل ستوك,310001057
3752f37b-adb1-f5d4-b3fa-d733c1080468,2025-10-13,فرع السراج,وجبة غداء ل6 أشخاص,150.000,old_id=310001065 | وجبة غداء ل6 أشخاص,310001065
6bd3edf3-fa8a-ad63-7359-92caff865f18,2025-10-11,فرع السراج,وجبة غداء ل6 أشخاص يوم 09/10,145.000,old_id=310001019 | وجبة غداء ل6 أشخاص يوم 09/10,310001019
6bba12e5-1c5a-e53c-e13c-f0fc2ca7110a,2025-10-12,فرع السراج,كرسي مكتبي +2 كراسي ضيافة,740.000,old_id=310001058,310001058
e2ecf022-329d-002a-1d0f-f8fc0acd4e6d,2025-10-12,فرع السراج,غداء 6 أشخاص,150.000,old_id=310001059,310001059
63e3bfc2-c8be-3142-e886-28188c5cc306,2025-10-12,فرع السراج,أقلام + مكتبية,40.000,old_id=310001060,310001060
8f1a95e1-15d6-e962-b428-88012ebafbcc,2025-10-04,فرع السراج,سليم,5000.000,old_id=310001005 | سليم,310001005
8da94313-8422-3da7-4592-e1a75d4c0cef,2025-10-06,فرع السراج,عدة للمحل مسامير +بونته+زواق+ملمع,100.000,old_id=310001007,310001007
7510f30a-c2f4-6551-2092-b012f5a68c75,2025-10-06,فرع السراج,غداء 6 أشخاص ليوم 05/10,80.000,old_id=310001006,310001006
181f9965-368c-9421-6b41-6885391f4801,2025-06-25,فرع السراج,اكل,10.000,old_id=210000639,210000639
e22efda6-e78e-cc93-046c-40110ac1481f,2026-04-15,فرع السراج,اكل,10.000,old_id=210001303,210001303
e2d05dca-e97d-ad59-d2bb-517c51372fc5,2026-04-30,فرع السراج,حوالة,55.000,old_id=210001342,210001342
3252f2a4-606f-2bde-d0e6-f6c6002705db,2026-04-30,فرع السراج,اكل,10.000,old_id=210001343,210001343
d69ef367-0459-db05-bdbb-c27a0cf7e4f0,2026-04-30,فرع السراج,جعفر عامل السراج,1000.000,old_id=210001344,210001344
06f91d54-68e9-7e0d-a35b-f48e951c5e17,2026-04-30,فرع السراج,مصعب الفاندي,430.000,old_id=210001345 | عمل 16 اليوم من شهر 4,210001345
d583fc18-f32f-bd95-bd3a-8742762f97a8,2026-04-30,فرع السراج,احمد الفاندي,1800.000,old_id=210001346,210001346
2face1a2-27c7-9e23-773d-09268d37fb21,2026-05-02,فرع السراج,حوالة,70.000,old_id=210001347,210001347
42385a8f-b9d1-078f-45c2-01405db882a7,2026-05-02,فرع السراج,اكل,10.000,old_id=210001348,210001348
b48bfc89-de62-e7ea-9521-625c9509fea0,2026-05-02,فرع السراج,نقل من سراج الي 11يونيوا ومن 11يونيوا الي سراج,140.000,old_id=210001349,210001349
d8fb6da9-54f5-33a4-29cd-dde037a7d3bc,2026-05-02,فرع السراج,مصروف,35.000,old_id=210001350,210001350
d093bce9-b3c0-dbb4-c9be-17130fbc57dc,2025-07-01,فرع السراج,جعفر من مرتب شهر 7,300.000,old_id=210000654,210000654
b37e6469-8686-65be-8f27-66db8b4ce8ac,2024-12-25,فرع السراج,سليم مشتريات,5000.000,old_id=310000058,310000058
2c362898-cca5-0002-fbd3-389e13e7170f,2025-10-12,فرع السراج,عبدالله النيجر من مرتب شهر 10,150.000,old_id=310001061,310001061
9222bdab-3761-2c85-e9d4-8f9f9affcf7a,2025-10-12,فرع السراج,أكياس قمامة,10.000,old_id=310001062,310001062
4090a49f-2c17-93cc-b60b-b70bc0b714f3,2025-10-16,فرع السراج,ماء,30.000,old_id=310001073 | ماء,310001073
cc43ff78-f2d8-155d-2852-8c8464b5e697,2025-10-16,فرع السراج,قهوة,45.000,old_id=310001074 | قهوة,310001074
f391dc9e-c0fd-e9a7-a7d5-a228024665f8,2025-10-16,فرع السراج,عماد,150.000,old_id=310001081 | عماد,310001081
edc71b78-8aff-bf15-fb6d-a209c20a7d8b,2025-10-18,فرع السراج,سليم,500.000,old_id=310001086 | سليم,310001086
f2ccc010-5a3d-5b72-54f0-5eb070ce123c,2025-10-08,فرع السراج,عبد الرزاق النجار,2000.000,old_id=310001078 | عبد الرزاق النجار,310001078
b9101eaa-2270-1cb9-a16f-a574c4ff763a,2025-09-27,فرع السراج,سليم مشتريات,3825.000,old_id=310001080 | سليم مشتريات,310001080
7e898653-aa04-4dd5-4939-a9debfd0c175,2025-10-18,فرع السراج,منضفات و معطر,50.000,old_id=310001083 | منضفات و معطر,310001083
f71b8533-5f8a-d567-0dbc-93c181dabea7,2025-10-16,فرع السراج,فطور يوم الجمعه,65.000,old_id=310001084 | فطور يوم الجمعه,310001084
dda89bbe-85ba-9ed6-2ce9-a6c0e8ef22d0,2025-10-18,فرع السراج,وجبة غداء ل7 أشخاص,165.000,old_id=310001082 | وجبة غداء ل7 أشخاص,310001082
eff2cb7b-d0ca-422a-56e8-f42aff770721,2025-09-30,فرع السراج,عبد الرزاق النجار,1000.000,old_id=310001085 | عبد الرزاق النجار,310001085
c8bef567-4bc1-a6ec-251e-71ddc51b8aa0,2024-08-27,فرع السراج,نقل من الدعوه الى السراج,50.000,old_id=210000016 | نقل من الدعوه الى السراج,210000016
1d563e2b-8e18-4bb0-5b10-6ca1f9bfaf1f,2024-08-28,فرع السراج,مصروف,40.000,old_id=210000018,210000018
35d2ede4-9e6f-1de8-c790-4394fb4840a2,2024-08-28,فرع السراج,مصروف,10.000,old_id=210000019,210000019
9dbe2ca6-8b72-a937-d335-f244f40bdfab,2024-08-28,فرع السراج,شاهي,330.000,old_id=210000017 | شاهي,210000017
fdb88d03-06d7-b8c2-5c7b-93705a99c727,2024-08-29,فرع السراج,مصروف,150.000,old_id=210000020,210000020
feaf38fe-40f0-9b01-0a94-3d152a6644da,2026-04-18,فرع السراج,حوالة,80.000,old_id=210001305,210001305
ed2c2c1a-5613-2554-531e-5e1b6ce21569,2026-04-18,فرع السراج,اكل,10.000,old_id=210001306,210001306
3da947bc-b9d0-fbb8-c992-a7d764e896ba,2026-04-18,فرع السراج,فاتورة زبون الي شركة شحن,50.000,old_id=210001307,210001307
361cddc5-d7b9-949c-b79c-609cfea8a4e5,2026-04-18,فرع السراج,من جنزور الي سراج,50.000,old_id=210001308,210001308
bfed57e5-f936-660b-f2f0-ecb9b2465dca,2026-04-18,فرع السراج,من جنزور الي 11يونيوا,100.000,old_id=210001309,210001309
9fb06626-96e8-6d82-c96f-823c23e4c81b,2024-08-29,فرع السراج,مصروف,10.000,old_id=210000021,210000021
da29246b-9869-11ef-3fb9-4df36a59611d,2024-08-29,فرع السراج,تنزيل عمال رخام,25.000,old_id=210000022 | تنزيل عمال رخام,210000022
805fd6da-cdb2-b7e0-4c16-2f2f17eefa19,2024-08-29,فرع السراج,مصروف,150.000,old_id=210000023,210000023
a8f2e850-5ff9-abf6-03c4-72732e8d4d31,2024-08-29,فرع السراج,تعبا من مخزن جنزور,40.000,old_id=210000024 | تعبا من مخزن جنزور,210000024
b30a6430-edcc-0449-1f8c-9cf171b47f01,2026-04-16,فرع السراج,حوالة,90.000,old_id=210001304,210001304
a8644a38-f36a-eb9d-cec7-20132eabbcf2,2026-01-13,فرع 11 يونيو,قضية غداء,55.000,old_id=310001267 | قضية غداء,310001267
7987e567-0267-b619-0814-463470b302ed,2025-09-29,فرع السراج,وجبة غداء ل7 أشخاص,130.000,old_id=310000987 | وجبة غداء ل7 أشخاص,310000987
28151e3e-1048-dec9-a37e-da736bffc9ef,2025-10-20,فرع السراج,وجبة غداء ا7 أشخاص,160.000,old_id=310001089 | وجبة غداء ا7 أشخاص,310001089
e88bb589-9bf7-2c59-4569-33419325c868,2025-10-21,فرع السراج,وجبة غداء ل5 أشخاص,90.000,old_id=310001090 | وجبة غداء ل5 أشخاص,310001090
947412a4-309c-ba7a-a977-59589f416ef8,2025-10-21,فرع السراج,ماء طاسة و شيشة,100.000,old_id=310001091 | ماء طاسة و شيشة,310001091
b38a812b-7479-8d6e-3ba7-23fb72326f96,2025-10-21,فرع السراج,فارس غزال من مرتب شهر 10,10.000,old_id=310001092 | فارس غزال من مرتب شهر 10,310001092
8bf3bc48-e166-bf92-a0d6-d1d588feaf87,2025-10-06,فرع السراج,وجبة غداء ل8 أشخاص,155.000,old_id=310001011 | وجبة غداء ل8 أشخاص,310001011
f4c67462-81d4-1dc2-3638-1ff814823bea,2025-10-16,فرع السراج,فرس غزال من مرتب شهر 10,50.000,old_id=310001093 | فرس غزال من مرتب شهر 10,310001093
36f05a39-af43-7e45-c040-732c187c061a,2025-10-22,فرع السراج,وجبة غداءل 6 أشخاص,135.000,old_id=310001094 | وجبة غداءل 6 أشخاص,310001094
f983710c-7c76-b216-c994-c8b9cbcc2171,2025-07-07,فرع السراج,مصروف,30.000,old_id=210000667,210000667
a8999c27-362f-f891-7c24-d8572d42b8de,2025-06-30,فرع السراج,تصكير حساب شهر 6 احمد الفاندي,1600.000,old_id=210000651,210000651
bc679aa0-e995-c3d4-0a4e-48061388edb4,2025-07-08,فرع السراج,من دعوة الي سراج,90.000,old_id=210000671,210000671
4095a61f-e3b1-0878-1589-292e0e2168d4,2025-08-02,فرع السراج,تنزيل بضاعة,20.000,old_id=210000741,210000741
7e7f4825-d2b5-2c50-4b73-a951de5ee593,2025-08-13,فرع السراج,مصروف,105.000,old_id=210000769,210000769
7d1d6b7b-3de2-be9d-7f44-f722e03ea4ed,2025-07-12,فرع السراج,مصروف,80.000,old_id=210000679,210000679
ca89ad9d-6997-3d0f-f774-b37dc2df60cb,2025-07-16,فرع السراج,ماء,80.000,old_id=210000694,210000694
ccbeaa26-f3c2-6859-f539-0fd135565fb7,2025-09-21,فرع السراج,مصروف,283.000,old_id=210000874,210000874
349a97a3-2f02-f25b-c3f9-44fc0ef36cab,2025-07-21,فرع السراج,مصروف,30.000,old_id=210000709,210000709
460fb828-439c-3534-5bcf-a479cc0a9fa6,2025-07-27,فرع السراج,مصروف,65.000,old_id=210000720,210000720
c1472bee-06e9-a166-5b22-f7506711fba8,2025-07-31,فرع السراج,احمد الفاندي,1600.000,old_id=210000735 | احمد الفاندي,210000735
de1e22fb-047f-bceb-1852-8d702dfd0aed,2025-08-06,فرع السراج,مصروف,75.000,old_id=210000754,210000754
5590a196-0671-8f49-1c08-ca42a400d281,2025-08-07,فرع السراج,صيانة لافتة المحل,100.000,old_id=210000758,210000758
0d95bd8f-0733-bb9c-afa0-77e719532e29,2025-08-18,فرع السراج,مصروف,85.000,old_id=210000780,210000780
785b5966-b550-1381-c27a-a4fc69081da0,2025-08-23,فرع السراج,اكل,10.000,old_id=210000792,210000792
95b0ea3b-4eed-bd91-f47d-66df22a7fdcb,2025-08-23,فرع السراج,من دعوة الي سراج,50.000,old_id=210000794,210000794
374af437-d72d-2601-91aa-121b8bb8c698,2025-08-28,فرع السراج,مصروف,85.000,old_id=210000808,210000808
5afa3852-5efe-dbfe-a741-0939daa05453,2025-08-31,فرع السراج,ايجار محل السراج شهر 8,14000.000,old_id=210000819,210000819
d63395f5-dc77-2dc3-af15-acc363bc54d1,2025-09-02,فرع السراج,مصروف,85.000,old_id=210000823,210000823
b233ebfc-0b13-bffc-60e0-b32b295db4fc,2025-09-08,فرع السراج,مصروف,80.000,old_id=210000845,210000845
b23e64fc-9355-34d4-5e3f-532ab3c912ff,2025-09-21,فرع السراج,مصروف,130.000,old_id=210000870,210000870
0a8e1fdc-f97f-5b5a-8e6b-1826c6d8c59d,2025-09-21,فرع السراج,اكل,10.000,old_id=210000871,210000871
ff6525a3-7f5e-6935-8873-9b04a48b0218,2025-09-21,فرع السراج,من محلات الشياني الي سراج,40.000,old_id=210000872,210000872
3b8a1ea9-b33d-17eb-047e-9a7739232d7e,2025-09-21,فرع السراج,مصروف,107.000,old_id=210000873,210000873
93198089-8815-fd8b-756d-ab8ffd1efcc0,2025-09-23,فرع السراج,مصروف,20.000,old_id=210000881,210000881
a2de1e78-9850-3c9a-7224-69417db3ff86,2025-09-27,فرع السراج,اكل,10.000,old_id=210000890,210000890
8ec2e0a2-83e3-9cfb-47ef-b14816688d6e,2025-09-25,فرع السراج,مصروف,105.000,old_id=210000886,210000886
00d0a08f-dd03-786b-6953-c04dc8224c49,2025-09-23,فرع السراج,اكل,10.000,old_id=210000883,210000883
9098a14e-89fa-fbd2-6bb5-87b198c0219a,2025-09-25,فرع السراج,اكل,10.000,old_id=210000887,210000887
cd83b9ae-9b53-0ec6-ec34-b7439d276f26,2025-10-22,فرع السراج,نقل بضاع زبونة مغربيه -طريق المطار,20.000,old_id=310001095 | نقل بضاع زبونة مغربيه -طريق المطار,310001095
07e485e6-3418-b3a4-ffe0-55042b696b1c,2025-10-22,فرع السراج,مؤيد من مرتب شهر 10,50.000,old_id=310001096 | مؤيد من مرتب شهر 10,310001096
08bf0dd5-7c67-683b-b626-48586f822e11,2025-09-28,فرع السراج,اكل,10.000,old_id=210000894,210000894
0fbecae0-330f-ac36-033c-da2572e366a6,2025-10-23,فرع السراج,وجبة أكل ل5 أشخاص,120.000,old_id=310001097 | وجبة أكل ل5 أشخاص,310001097
dd61a1df-3992-df1b-899b-4e415b213175,2025-09-28,فرع السراج,مصروف,60.000,old_id=210000893,210000893
c8796f54-9c8d-d8a3-a02e-cb36660c5855,2025-09-22,فرع السراج,ماء,20.000,old_id=210000878,210000878
9ec476f3-94df-7768-b7ee-0436319445b7,2025-09-22,فرع السراج,تنزيل فاتور جبس,25.000,old_id=210000879,210000879
711b3bd9-73b8-fb36-aa9e-d683b9b35934,2025-10-23,فرع السراج,عبد الله من مرتب شهر 10,100.000,old_id=310001098 | عبد الله من مرتب شهر 10,310001098
8cb1f1fe-c773-b137-9bca-b8766ebd2c08,2025-10-23,فرع السراج,فارس غزال من مرتب شهر 10,60.000,old_id=310001099 | فارس غزال من مرتب شهر 10,310001099
b81d88fe-7a62-52ac-f1ca-17eafff9fc98,2025-10-25,فرع السراج,مؤيد من مرتب شهر10,50.000,old_id=310001101 | مؤيد من مرتب شهر10,310001101
50690bcd-c0d9-9227-c690-881c980c3dcd,2025-10-25,فرع السراج,مشتريات من مجموعة الشريف و محلات الاعتماد,2400.000,old_id=310001102 | مشتريات من مجموعة الشريف و محلات الاعتماد,310001102
7b43839f-71d9-480d-c4f2-5a23d55063de,2025-10-26,فرع السراج,شاهي و كابوتشينو,185.000,old_id=310001103 | شاهي و كابوتشينو,310001103
9bf987f7-24ba-7799-014c-fc5fbc47dc18,2025-10-26,فرع السراج,وجبة غداء ل6 أشخاص,115.000,old_id=310001104 | وجبة غداء ل6 أشخاص,310001104
db66c244-6cba-5309-cc17-64a799371dcd,2024-08-29,فرع السراج,مصروف,30.000,old_id=210000025,210000025
78d8bcbc-54cc-5bce-cbb0-9f45df6d2fbe,2024-09-09,فرع السراج,نقل برسلين من 11 يونيوا الي سراج,70.000,old_id=210000050 | نقل برسلين من 11 يونيوا الي سراج,210000050
c41ef7ac-470b-a50f-fdb4-0a8f2a5ead42,2025-09-22,فرع السراج,اكل,10.000,old_id=210000876,210000876
ae132c79-631f-d884-b22c-cdd4507d7250,2025-09-22,فرع السراج,من السبعة الي سراج,120.000,old_id=210000877,210000877
126dd439-b8af-24e6-4e8b-f92bcc468aa5,2025-09-22,فرع السراج,من 11 يونيوا الي سراج,30.000,old_id=210000880,210000880
77bad74a-b26e-e4cc-eb0a-fffbb30f5a82,2025-09-23,فرع السراج,مصروف,40.000,old_id=210000882,210000882
d8bc3403-5b7e-68b3-7f89-a12655abeea6,2025-09-27,فرع السراج,تنزيل بضاعة 2 سيارة,30.000,old_id=210000889,210000889
a2757136-d53c-2956-b566-0236155af8cf,2025-09-27,فرع السراج,نقل فاتور الي شركة شحن,50.000,old_id=210000891,210000891
9005a89e-4bf2-7e78-e10e-63d1db5516da,2025-09-27,فرع السراج,مصروف,85.000,old_id=210000888,210000888
852439df-eb88-1522-f3b8-0f804175de97,2025-09-28,فرع السراج,ماء,75.000,old_id=210000892,210000892
067ce47f-5f9c-75ec-5686-7547c3cab43f,2025-09-29,فرع السراج,مصروف,30.000,old_id=210000895,210000895
7524e48a-f582-b29f-7044-cacc95d00c62,2025-09-29,فرع السراج,اكل,10.000,old_id=210000896,210000896
ff0160e2-f393-fbd3-f6db-a836472a19d3,2025-09-30,فرع السراج,ماء,10.000,old_id=310000994 | ماء,310000994
5fa83f76-8476-e3c4-b28b-99ec06f0d431,2025-10-29,فرع السراج,وجبة غداء ل5 أشخاص,115.000,old_id=310001107 | وجبة غداء ل5 أشخاص,310001107
fbcc6bb7-e1b4-a3fe-b723-d003eab507bf,2025-10-29,فرع السراج,مكتبية فاتورة رقم 345243,45.000,old_id=310001109 | مكتبية فاتورة رقم 345243,310001109
b7a5269b-8fc8-40e3-6a93-dec394276a5b,2025-10-29,فرع السراج,ماء+قهوة,145.000,old_id=310001108 | ماء+قهوة,310001108
c7af01e8-ecdb-e301-eb29-7ab4f2512464,2025-10-29,فرع السراج,بخور,50.000,old_id=310001110 | بخور,310001110
12375f5f-e448-b1b9-a0c9-90063e056b26,2025-10-29,فرع السراج,غداء يوم 27/10,110.000,old_id=310001111 | غداء يوم 27/10,310001111
5c8cd5ae-f367-6e0a-55b6-713f78f1bc32,2025-10-29,فرع السراج,وجبة غداء 28/10,125.000,old_id=310001112 | وجبة غداء 28/10,310001112
01498130-5d59-d4df-8800-0623c42ae177,2025-10-30,فرع السراج,مؤيد من مرتب شهر 10,30.000,old_id=310001115 | مؤيد من مرتب شهر 10,310001115
2ba5c532-4436-5981-d68f-6ac262c447e8,2025-10-30,فرع السراج,فارس غزال من مرتب شهر 10,40.000,old_id=310001116 | فارس غزال من مرتب شهر 10,310001116
4932382d-883c-a165-e049-c1ed77301383,2024-09-12,فرع السراج,مصروف,35.000,old_id=210000055,210000055
db9cd0dd-a577-0e85-0a97-bfd4ed0ad1a9,2024-10-31,فرع السراج,مصروف,10.000,old_id=210000078,210000078
98971ecd-5cbc-e513-59f7-32e888464afb,2024-11-07,فرع السراج,مصروف,10.000,old_id=210000091,210000091
a11ec735-3b52-4204-b12f-ad8f87c30a5d,2024-11-19,فرع السراج,من الدعوة الي سراج من سراج الي 11يونيوا,120.000,old_id=210000119,210000119
62824843-8f52-9089-d708-26c910a3843a,2024-11-23,فرع السراج,تنزيل بضاعه,20.000,old_id=210000127,210000127
2b97cb09-78f1-2975-86f9-26d66facd9ec,2024-12-03,فرع السراج,تنزيل 3سيارات,50.000,old_id=210000158,210000158
3868b2ce-b304-920b-2066-a0a4389e84bd,2026-04-19,فرع السراج,من سراج الي 11يونيوا,55.000,old_id=210001312,210001312
03d7b1f5-4570-4ed8-47ad-ebf54927cfa7,2024-12-09,فرع السراج,مصروف,70.000,old_id=210000171,210000171
0f31a49b-109f-e53d-12f6-dfd0f28d8fc8,2024-12-12,فرع السراج,مصروف,446.000,old_id=210000180,210000180
3d69ef5f-d053-7988-0f09-8e48a6667104,2024-12-22,فرع السراج,مصروف,143.000,old_id=210000199,210000199
ddd91227-18e1-5020-5e1d-d3487ceda9ca,2026-04-19,فرع السراج,تنزيل بضاعة,40.000,old_id=210001313,210001313
80f095d5-b957-697f-4dc9-d8d572de0b08,2026-04-19,فرع السراج,حوالة,85.000,old_id=210001314,210001314
c176a384-b50d-d12f-10b9-dc754605f550,2026-04-19,فرع السراج,اكل,10.000,old_id=210001315,210001315
5a50398b-4861-0173-57c2-e2552c622bc9,2026-04-20,فرع السراج,حوالة,50.000,old_id=210001316,210001316
dabaf133-7935-454d-ca58-6d4832f25ec4,2026-04-20,فرع السراج,فاتورة زبون,85.000,old_id=210001317,210001317
b634b958-1890-fd11-9216-c12e16750a35,2026-04-20,فرع السراج,حوالة,100.000,old_id=210001318,210001318
de48f263-6b69-5683-3020-7c2434ff2cd1,2026-04-20,فرع السراج,اكل,10.000,old_id=210001319,210001319
7f7a8521-cb42-3e04-4602-2e73c2088339,2026-04-21,فرع السراج,حوالة,95.000,old_id=210001320,210001320
ea6507cf-d6ce-acc9-d5ff-f92fb6414ca0,2026-04-21,فرع السراج,اكل,10.000,old_id=210001321,210001321
b3567f4c-006c-a28a-2e60-a1c468c5b8d3,2024-12-25,فرع السراج,مصروف,55.000,old_id=210000205,210000205
c98e2bf8-101b-045f-3ccf-4daf61e50ead,2026-04-19,فرع السراج,من دعوة الي سراج,50.000,old_id=210001311,210001311
d74df7b8-0dd2-b9d4-ac51-825a3198c62e,2025-10-30,فرع السراج,وجبة غداء ل5 أشخاص,90.000,old_id=310001117 | وجبة غداء ل5 أشخاص,310001117
9130113f-bd37-bfaa-7ebb-a8439584237c,2025-11-05,فرع السراج,وجبة غداء ل5 أشخاص,110.000,old_id=310001129 | وجبة غداء ل5 أشخاص,310001129
7c6a29c2-8870-d364-b4d6-0b9a1f9f7e21,2025-11-08,فرع السراج,لصقة,5.000,old_id=310001132 | لصقة,310001132
4537a805-b1fa-227a-2f49-0e9134cdcb47,2025-11-08,فرع السراج,تسكير حساب مؤيد لشهر 11-يوم 06/11/2025,200.000,old_id=310001133 | تسكير حساب مؤيد لشهر 11-يوم 06/11/2025,310001133
8ee5fc42-ecbd-1057-0895-d5cc3299dd46,2025-11-08,فرع السراج,مبلغ من سليم لموسى النيجر,200.000,old_id=310001134 | مبلغ من سليم لموسى النيجر,310001134
a6fa6f27-df6b-0c74-8dae-e0633f60fa73,2025-11-09,فرع السراج,شراء 2 طرف شطاف توريما من شعنان,330.000,old_id=310001135 | شراء 2 طرف شطاف توريما من شعنان,310001135
d2198335-9cc6-9d41-a3f5-f6a29d30f5fe,2025-11-11,فرع السراج,وجبة غداء ل5 أشخاص,85.000,old_id=310001138 | وجبة غداء ل5 أشخاص,310001138
0782f139-cf71-9811-8a93-6df8b695d5a3,2025-11-11,فرع السراج,نقل حوض وجه من السراج ل11 يونيو,25.000,old_id=310001139 | نقل حوض وجه من السراج ل11 يونيو,310001139
ad6a1e48-546e-f4d6-84c8-c931d718f0ae,2025-11-12,فرع السراج,استيك نقود,5.000,old_id=310001142 | استيك نقود,310001142
324b28a0-c500-1f4a-b0ca-b02a61c2f4d8,2025-11-11,فرع السراج,وجبة غداء ل6 أشخاص ليوم 10/11/2025,96.000,old_id=310001137 | وجبة غداء ل6 أشخاص ليوم 10/11/2025,310001137
42f43687-e08a-10bd-d741-d49e055fd748,2025-11-11,فرع السراج,فحم+بتارية صغيرة,4.000,old_id=310001140 | فحم+بتارية صغيرة,310001140
1fdf73fa-38d5-8543-7e23-50356342e976,2025-11-12,فرع السراج,وجبة غداء ل4 أشخاص,90.000,old_id=310001141 | وجبة غداء ل4 أشخاص,310001141
11230807-90b0-0b67-766a-a13867f8f668,2025-11-15,فرع السراج,ابو مصعب من مرتب شهر 11,10.000,old_id=310001147 | ابو مصعب من مرتب شهر 11,310001147
ffeeb278-2628-73f4-9e86-dafbfb9fe631,2025-11-13,فرع السراج,ماء+كلينيكس,20.000,old_id=310001144 | ماء+كلينيكس,310001144
07049548-9379-ebe4-d59a-7c5c57df7cc3,2025-11-13,فرع السراج,وجبة غداء ل4 أشحاص,75.000,old_id=310001145 | وجبة غداء ل4 أشحاص,310001145
1fc26f27-d408-c3cb-dc93-cb22952947f6,2025-11-15,فرع السراج,وجبة غداء ل4 أشخاص,92.000,old_id=310001146 | وجبة غداء ل4 أشخاص,310001146
8d555286-7302-1987-bfbd-806f9e7c6aa5,2025-11-15,فرع السراج,ماء,18.000,old_id=310001148 | ماء,310001148
3ef4b903-dce8-1613-3a8d-7031be972d3b,2025-11-16,فرع السراج,وجبة غداء ل4 أشخاص,80.000,old_id=310001149 | وجبة غداء ل4 أشخاص,310001149
96707a1a-8d2c-8bf3-96e7-9ac9c23fc7b6,2025-11-16,فرع السراج,معطر جو,50.000,old_id=310001150 | معطر جو,310001150
e4565e9f-ac62-355e-f2b9-b8dacc031d04,2025-11-18,فرع السراج,فارس غزال من مرتب شهر 11,10.000,old_id=310001152 | فارس غزال من مرتب شهر 11,310001152
9408f5f4-9a3f-e863-b2c1-5c69ff938d4f,2025-01-05,فرع السراج,مصروف,50.000,old_id=210000236,210000236
0f8ff63d-9a5d-2782-e7d4-c0ab5bc9f77d,2024-12-31,فرع السراج,ايجار الصالة مع مواد البناء,14000.000,old_id=210000247,210000247
ff5e1d52-2c13-89e9-4e62-7bb3cdc55efa,2025-01-12,فرع السراج,احمد سوداني مواد بناء,500.000,old_id=210000256,210000256
2d77834a-4834-f806-0e27-b6e32e3bfce1,2025-01-20,فرع السراج,تنزيل بضاعة,30.000,old_id=210000278,210000278
ccf4414c-96d4-3584-d302-9adec72f04e5,2025-01-21,فرع السراج,مصروف,55.000,old_id=210000281,210000281
ab1dac12-899f-8ad9-5e7d-ac4b804fa6f3,2025-01-30,فرع السراج,مصروف,30.000,old_id=210000307,210000307
ffef647d-44bb-ec39-24b7-d665b6f83c3c,2025-02-09,فرع السراج,من 11يونيوا الي سراج,25.000,old_id=210000337,210000337
9619e6ba-8379-8a23-837c-a4523ebde512,2026-05-03,فرع 11 يونيو,وجبة غداء-بطاقة,100.000,old_id=310001532 | وجبة غداء-بطاقة,310001532
f530b7d0-9f18-09dc-a9b0-fc965191d3d1,2025-11-18,فرع السراج,وجبة غداء ل5 أشخاص,115.000,old_id=310001153 | وجبة غداء ل5 أشخاص,310001153
f01b3c8c-872e-02fd-a2d5-240f3071268d,2025-11-18,فرع السراج,ماء,20.000,old_id=310001154 | ماء,310001154
14fce70a-ca7f-550c-a27b-2c3f937923a5,2025-11-19,فرع السراج,وجبة ل4 أشخاص,75.000,old_id=310001155 | وجبة ل4 أشخاص,310001155
fee71314-c9c2-e2a8-f003-237eac72f06f,2025-11-25,فرع السراج,وجبة غداء ل5 أشخاص,100.000,old_id=310001164 | وجبة غداء ل5 أشخاص,310001164
d55dcc73-82f0-de9d-2433-439d165986e5,2025-11-30,فرع السراج,تسكير معاش عبد الله النيجر لشهر 11,1100.000,old_id=310001173 | تسكير معاش عبد الله النيجر لشهر 11,310001173
6c740e22-aad5-7ee6-4ebc-fb44428159bb,2025-11-20,فرع السراج,وجبة لأربعة أشخاص,85.000,old_id=310001156 | وجبة لأربعة أشخاص,310001156
35835267-4435-d31f-7d4e-a62721b743fe,2025-11-25,فرع السراج,ضادوات,5.000,old_id=310001165 | ضادوات,310001165
4ecc4a28-dbaf-9609-6348-7a9a8fb0618c,2025-11-20,فرع السراج,سكر,5.000,old_id=310001158 | سكر,310001158
ac106a78-df20-397f-edbb-ed13a9bae864,2025-11-20,فرع السراج,فارس غزال من مرتب شهر 11,100.000,old_id=310001159 | فارس غزال من مرتب شهر 11,310001159
08b5e478-a51a-d051-2d69-4f81fc8578b4,2025-11-20,فرع السراج,ابو مصعب من مرتب شهر 11,310.000,old_id=310001157 | ابو مصعب من مرتب شهر 11,310001157
3223b995-c80c-c537-3d18-4f17fd973907,2025-11-22,فرع السراج,وجبة غداء ل 4 أشخاص,90.000,old_id=310001160 | وجبة غداء ل 4 أشخاص,310001160
e1feaddb-e344-4409-718f-77a9fa1df152,2025-11-22,فرع السراج,ماء..,20.000,old_id=310001161 | ماء..,310001161
5c226255-1704-9e1f-876e-dea37ed3aa85,2025-11-23,فرع السراج,"وجبة غداء ل5 أشخاص
",90.000,"old_id=310001162 | وجبة غداء ل5 أشخاص
",310001162
dec79c7c-1c30-8a12-0fdc-90449a80bd20,2025-11-24,فرع السراج,وجبة ل5 أشخاص,115.000,old_id=310001163 | وجبة ل5 أشخاص,310001163
572f4a1d-3ef9-da29-fa73-4280417dbb64,2025-10-14,فرع السراج,فوط تنظيف,6.000,old_id=310001067 | فوط تنظيف,310001067
09e7cb64-5f52-331c-ed04-f69e02438faf,2025-10-14,فرع السراج,وجبة غداء ل6 أشخاص,129.000,old_id=310001068 | وجبة غداء ل6 أشخاص,310001068
21e3a74f-1537-f638-dcc9-c97c19dd0541,2025-10-14,فرع السراج,لصقة بالمجفف75جم+300ملي اوستار,90.000,old_id=310001070 | لصقة بالمجفف75جم+300ملي اوستار,310001070
a6c1905e-bab7-fd68-2941-0ab2ea198433,2025-10-15,فرع السراج,وجبة غداء ل6 أشخاص,110.000,old_id=310001071 | وجبة غداء ل6 أشخاص,310001071
959f6b5a-c691-320d-2015-854fe9f51b7a,2025-10-16,فرع السراج,وجبة غداء ل6 أشخاص,150.000,old_id=310001072 | وجبة غداء ل6 أشخاص,310001072
54273e8e-90ee-4394-8520-c1bff8e3c3df,2025-10-01,فرع السراج,سليم مشتريات للنخبة,1000.000,old_id=310001075 | سليم مشتريات للنخبة,310001075
9ebee3d1-3c7c-65b3-635a-680505bd86fa,2025-10-06,فرع السراج,عبد الرزاق النجار,1000.000,old_id=310001076 | عبد الرزاق النجار,310001076
f690e51d-4fb0-76fe-f179-3638f61a3959,2025-02-16,فرع السراج,مصروف,35.000,old_id=210000356,210000356
40db3003-b544-e415-27e0-70541da19d3e,2025-02-22,فرع السراج,مصروف,45.000,old_id=210000371,210000371
69e47b81-a93e-de91-70d3-a43ff840365c,2025-02-23,فرع السراج,من مخزن جنزور الي سراج,50.000,old_id=210000375,210000375
20eb2231-2860-9f83-e987-272e43a3db1c,2025-02-25,فرع السراج,من دعوة الي سراج,50.000,old_id=210000385,210000385
f4ed59d7-b462-aa3b-d95d-5b36dbe1dee9,2025-03-03,فرع السراج,مصروف,10.000,old_id=210000394,210000394
4e3ad3d4-5825-f45a-6dea-2394780dd6f4,2025-03-09,فرع السراج,عمالة جعفر,10.000,old_id=210000405,210000405
6679cc68-b4ba-c93e-5957-41647bf28b43,2025-03-28,فرع السراج,جعفر النيجر,800.000,old_id=210000428,210000428
b083960d-2778-f08c-49f6-82c782458da7,2025-10-06,فرع السراج,صابون سائل لالتنظيف,10.000,old_id=310001010 | صابون سائل لالتنظيف,310001010
d47d1dc8-13fa-ed96-7735-efcf952b1400,2025-10-07,فرع السراج,عبد الرزاق النجار,1000.000,old_id=310001077 | عبد الرزاق النجار,310001077
24c62917-dfd6-582d-246a-777d410babf5,2025-09-30,فرع السراج,احمد الفاندي,1600.000,old_id=210000904,210000904
a2be05da-13c7-eb30-5250-2ae4010f4c70,2025-11-30,فرع السراج,تسكير حساب فارس غزال لمعاش شهر 11,1185.000,old_id=310001174 | تسكير حساب فارس غزال لمعاش شهر 11,310001174
9bebece5-d7c5-12dc-72b9-e1984c812b73,2025-11-24,فرع السراج,نت,20.000,old_id=310001166 | نت,310001166
3834723f-0689-1526-b339-35b5bf32091e,2025-11-06,فرع السراج,مصروف,90.000,old_id=310001167,310001167
707fb1cf-d91c-c957-cb10-e0bf672c49d8,2025-04-05,فرع السراج,مصروف,500.000,old_id=210000433,210000433
025bc449-858d-1a88-64f2-3f1637f8a43d,2025-04-09,فرع السراج,مصروف,40.000,old_id=210000441,210000441
452abf88-6aef-d491-d4ec-6b94bed3b10f,2025-07-27,فرع السراج,اكياس للمبيعات,230.000,old_id=210000723,210000723
56b4a646-6ff6-cb2f-2859-b70719722c92,2025-09-30,فرع السراج,مصروف,100.000,old_id=210000897,210000897
b1a32b79-e1de-0ff6-f579-b0284822fb70,2025-09-30,فرع السراج,مشتريات توباز السراج,320.000,old_id=210000901,210000901
773450c2-2fca-0a72-c6f4-08920390c7d3,2025-07-13,فرع السراج,نقل h1 الي الورشة,120.000,old_id=210000684,210000684
c014419a-d371-6a09-cdc4-44fa544fb85c,2025-07-13,فرع السراج,صيانة كهرباء رئيسي,420.000,old_id=210000683,210000683
43a13200-af7b-eaac-0285-5419055c73bf,2025-07-16,فرع السراج,تعبا من مخزن جنزور,80.000,old_id=210000695,210000695
7a94b1fa-ed7e-3816-9b00-b603cab3a80b,2025-10-04,فرع السراج,من سراج الي 11يونوا,100.000,old_id=210000913,210000913
ea2a512f-cfc5-f89a-7fd5-474cc9108ea0,2025-10-04,فرع السراج,مصروف,90.000,old_id=210000911,210000911
5702dbd0-9080-baf3-1e4b-b3c85cc77bd2,2025-09-09,فرع السراج,اكل,10.000,old_id=210000848,210000848
74e9cba9-6759-e090-10e8-accd9310e1e7,2025-09-30,فرع السراج,اكل,10.000,old_id=210000898,210000898
2407a6d8-da8a-27e6-b480-2238b7a83426,2025-04-12,فرع السراج,مصروف,35.000,old_id=210000446,210000446
502c4749-c9e0-41f3-3469-cd8df6826cee,2025-09-30,فرع السراج,من سبعة الي سراج,100.000,old_id=210000899,210000899
9e00463b-0ba1-ee7e-f875-2d23b553d715,2025-10-01,فرع السراج,مصروف,130.000,old_id=210000900,210000900
ddae2ea8-9e5e-f11c-9640-5e577802ad73,2025-10-01,فرع السراج,قواعد 60*60 انارة,1950.000,old_id=210000902,210000902
43951808-8833-845c-d83f-c5dd8f585666,2025-10-01,فرع السراج,مشتريات بديل كورة 2000محل اكرم سراج,510.000,old_id=210000903,210000903
57b0570b-ef2e-8d71-ab12-8a892e6806fe,2025-09-30,فرع السراج,عبد السلام الفاندي,800.000,old_id=210000905,210000905
ddb184c3-ba09-0abe-5789-813f05136a24,2025-09-30,فرع السراج,مصعب الفاندي,700.000,old_id=210000906,210000906
c7db2dc3-09ef-a74c-2a79-b1e9c52b8107,2025-09-30,فرع السراج,جعفر العامل,800.000,old_id=210000907,210000907
8db1655f-437d-2b4b-857f-7ee581d7dd7f,2025-10-02,فرع السراج,مصروف,100.000,old_id=210000909,210000909
9aa78372-a47e-0d96-9391-c39d7a6f107a,2025-10-01,فرع السراج,اكل,10.000,old_id=210000908,210000908
929c54f5-aef1-7cdd-e56d-144259c159b5,2025-10-02,فرع السراج,اكل,10.000,old_id=210000910,210000910
dcaf4e19-3a2a-b793-c257-4fa8e86eb94f,2025-10-05,فرع السراج,مصروف,25.000,old_id=210000915,210000915
db9bf649-cc73-a971-fcf4-af4479d047e6,2025-10-05,فرع السراج,اكل,10.000,old_id=210000916,210000916
74bf84af-cff2-fe70-6b12-5080cb63fb68,2025-07-13,فرع السراج,كابل +فيشة للمولد,100.000,old_id=210000682,210000682
6d6a75a6-092a-21cf-e43a-b64f230da889,2025-11-27,فرع السراج,فارس من شهر 11,5.000,old_id=310001168,310001168
c75e5f80-c389-a72a-e7bd-959dcd1b1cdd,2025-11-30,فرع السراج,وجبة غداء ليوم27/11,70.000,old_id=310001169 | وجبة غداء ليوم27/11,310001169
af30a4c4-8e8d-844b-5e1d-9c265233deeb,2025-11-30,فرع السراج,وجبة غداء ل5 أشخاص,80.000,old_id=310001170 | وجبة غداء ل5 أشخاص,310001170
5434276e-6741-13e0-410f-03c86824a3fe,2025-10-18,فرع السراج,ماء,30.000,old_id=310001087 | ماء,310001087
40cece33-305f-c264-c9d8-a46daa89618b,2025-11-30,فرع السراج,قومه و مكنسة,25.000,old_id=310001171 | قومه و مكنسة,310001171
58caf684-ae0a-2e4a-bfb3-f93d592efef4,2025-11-30,فرع السراج,فور جي,100.000,old_id=310001172 | فور جي,310001172
8d99348d-1404-8fc4-14a1-680eab29defb,2025-11-30,فرع السراج,تسكير حساب ابو مصعب لمعاش شهر 11,1000.000,old_id=310001175 | تسكير حساب ابو مصعب لمعاش شهر 11,310001175
06c46b72-363a-8ca8-fe37-d04ae42307a0,2025-11-30,فرع السراج,تسكر حساب محمدبن عيسى المصراتي لمعاش شهر 11..7 أيام..معاشه 500 دينار ..يشتغل نص يوم,120.000,old_id=310001176 | تسكر حساب محمدبن عيسى المصراتي لمعاش شهر 11..7 أيام..معاشه 500 دينار ..يشتغل نص يوم,310001176
5c4375e6-ff60-01a9-4156-49c0fc19607c,2025-12-01,فرع السراج,"وجبة غداء ل6
لأشخاص",150.000,"old_id=310001177 | وجبة غداء ل6
لأشخاص",310001177
391ec1aa-eb6f-86de-7c13-d9d148a3449b,2025-12-02,فرع السراج,وجبة غداء ل8 أشخاص,130.000,old_id=310001178 | وجبة غداء ل8 أشخاص,310001178
402f0c73-d0d0-f48b-7df0-69d29bf43e21,2025-12-03,فرع السراج,وجبة غداء ل8 أشخاص,130.000,old_id=310001180 | وجبة غداء ل8 أشخاص,310001180
3d7f3c4e-09d9-ed94-6efa-623a2045ab2f,2025-12-01,فرع السراج,حساب البناء و الملعقة لالحمام و المطبخ,850.000,old_id=310001181 | حساب البناء و الملعقة لالحمام و المطبخ,310001181
64877cc6-1ce8-6e92-28dd-f023e7420702,2025-12-03,فرع السراج,عشرة شكائر قزة+شكارة اسمنت,130.000,old_id=310001182 | عشرة شكائر قزة+شكارة اسمنت,310001182
c5b4a612-b692-39f6-23c2-3aaf958920fa,2025-12-04,فرع السراج,وجبة غداء ل5 أشخاص,70.000,old_id=310001183 | وجبة غداء ل5 أشخاص,310001183
9461bff2-3049-9370-b0dc-fbcd78f3c8d4,2025-12-07,فرع السراج,وجبة غداء ل8 أشخاص,105.000,old_id=310001192 | وجبة غداء ل8 أشخاص,310001192
d2600929-de98-43e4-9dea-22da26293330,2025-12-06,فرع السراج,عبد الله ابو مصعب من مرتب شهر 12,600.000,old_id=310001186 | عبد الله ابو مصعب من مرتب شهر 12,310001186
c3b6c02a-b1f2-8e17-d7a4-5cf62b43bc30,2025-12-06,فرع السراج,ضادوات,5.000,old_id=310001187 | ضادوات,310001187
8b334b43-5217-a313-88a1-56645e0d9dd9,2025-12-09,فرع السراج,وجبة غداء ل8 أشخاص,50.000,old_id=310001193 | وجبة غداء ل8 أشخاص,310001193
194369bd-7967-c9cb-4e23-c8dd37d682c9,2025-12-06,فرع السراج,وجبة غداء ل6 أشخاص,90.000,old_id=310001185 | وجبة غداء ل6 أشخاص,310001185
6c166ea2-c7b9-3318-76d9-aafdaec021fa,2025-12-06,فرع السراج,نت,35.000,old_id=310001188 | نت,310001188
12f30257-b1fc-35f0-e646-55d06672f1e5,2025-12-06,فرع السراج,غاز,10.000,old_id=310001189 | غاز,310001189
2487608d-2e08-b695-a904-8f8c7806b63c,2025-12-06,فرع السراج,اكل يوم الجمعه,15.000,old_id=310001190 | اكل يوم الجمعه,310001190
9c4ea8f4-9886-7535-6dec-4c92c95b6d16,2025-12-06,فرع السراج,ماء,5.000,old_id=310001191 | ماء,310001191
67182cd6-1645-07e1-b687-0c941e741e2b,2025-12-09,فرع السراج,عبد الله نيجر تهبيط قرانيليا,10.000,old_id=310001194 | عبد الله نيجر تهبيط قرانيليا,310001194
bba19333-ee0e-5066-e875-ff8707041f41,2025-10-11,فرع السراج,مصروف,10.000,old_id=210000918,210000918
d95dfd31-b2b5-138f-f763-8ad8bc2b19f1,2025-10-12,فرع السراج,مصروف,85.000,old_id=210000919,210000919
d74bd7c6-280b-f063-d987-3498465b3f7a,2025-10-13,فرع السراج,مصروف,85.000,old_id=210000921,210000921
606b8c69-87af-bdcc-69d1-aa7764a15eea,2025-10-13,فرع السراج,اكل,10.000,old_id=210000922,210000922
0fc3c76b-4bf9-a58e-9722-c26b30f3c034,2025-07-07,فرع السراج,مصروف,90.000,old_id=210000668,210000668
fb534723-438a-47c3-3798-27399058e49a,2025-11-09,فرع السراج,وجبة غداء,95.000,old_id=310001136 | وجبة غداء,310001136
63593755-f1f3-f5ea-ead6-49a2f29cd972,2025-12-10,فرع السراج,وجبة غداء ل5 أشخاص,120.000,old_id=310001195 | وجبة غداء ل5 أشخاص,310001195
f0133e43-cec3-44ea-eb07-c803071d5143,2025-12-11,فرع السراج,وجبة غداء ل7 أشخاص,105.000,old_id=310001196 | وجبة غداء ل7 أشخاص,310001196
88e2c05f-7e22-2a3b-8b62-32bb9c4e0730,2025-12-13,فرع السراج,ابو مصعب من مرتب شهر 12,185.000,old_id=310001202 | ابو مصعب من مرتب شهر 12,310001202
81317cd5-9b2c-9dc7-137b-942f66a3b2bc,2025-12-13,فرع السراج,فواح أرضيات+منظف مرحاض,45.000,old_id=310001198 | فواح أرضيات+منظف مرحاض,310001198
fdd9c469-0b60-ae00-41cc-dba5bc1c8c0a,2025-12-13,فرع السراج,طوبو بوتلين 3/4,75.000,old_id=310001199 | طوبو بوتلين 3/4,310001199
4bbeefb1-359c-8a9d-8d60-cea08ce0b3e9,2025-07-12,فرع السراج,اكل,10.000,old_id=210000680,210000680
258361a1-2246-a6af-5691-3209fca35e99,2025-10-30,فرع السراج,تسكير حساب مؤيد لشهر10,440.000,old_id=310001119 | تسكير حساب مؤيد لشهر10,310001119
769dc79f-a6ac-524b-fbbc-9ff233b28a2e,2025-10-30,فرع السراج,تسكير حساب فارس غزال لشهر10,675.000,old_id=310001120 | تسكير حساب فارس غزال لشهر10,310001120
76eabae6-5daa-5b69-88c4-d2541b5144f9,2025-10-30,فرع السراج,تسكير حساب عبد الله السودان,1050.000,old_id=310001121 | تسكير حساب عبد الله السودان,310001121
3af1c7e7-a931-777a-2c47-080de31fc070,2025-10-30,فرع السراج,تسكير حساب  عبد الله نيجر لشهر10,850.000,old_id=310001122 | تسكير حساب  عبد الله نيجر لشهر10,310001122
c5e2adcb-65bf-9e09-11d0-7ca194fb492b,2025-11-01,فرع السراج,وجبة غداء ل6 أشخاص,140.000,old_id=310001123 | وجبة غداء ل6 أشخاص,310001123
9b2b618b-fd2d-ac7d-0aed-4685677055c4,2025-11-02,فرع السراج,وجبة غداء ل5 أشخاص,90.000,old_id=310001124 | وجبة غداء ل5 أشخاص,310001124
961bd68a-fe4f-cd5d-030c-439e0a6f69e2,2025-11-04,فرع السراج,وجبة اكل ل5 أشخاص,100.000,old_id=310001126 | وجبة اكل ل5 أشخاص,310001126
2999189a-8db2-e61c-f204-071802c868bd,2025-11-04,فرع السراج,صابون سائل+فوط,20.000,old_id=310001127 | صابون سائل+فوط,310001127
86cd9b3a-e0c7-f2d9-e487-a569843d3a9c,2025-11-04,فرع السراج,وجبة غداء ليوم03/11/2025,100.000,old_id=310001128 | وجبة غداء ليوم03/11/2025,310001128
abcabb4c-e93a-d800-1234-65a23e771ffe,2025-12-13,فرع السراج,فاتورة بناء رقم 36157,22.000,old_id=310001200 | فاتورة بناء رقم 36157,310001200
59037bf3-d841-0a5a-8f5f-d0f5ab71f697,2025-12-13,فرع السراج,وجبة غداء ل6 أشخاص,98.000,old_id=310001197 | وجبة غداء ل6 أشخاص,310001197
ec7e9c7f-72f5-4838-9e5d-56c88160278a,2025-11-08,فرع السراج,وجبة غداء ل5 أشخاص ليوم 06/11/2025,90.000,old_id=310001131 | وجبة غداء ل5 أشخاص ليوم 06/11/2025,310001131
87a5c321-5d87-4eb7-e05a-b70ec7a3d12e,2025-12-14,فرع السراج,غداء ل6 أشخاص,45.000,old_id=310001203 | غداء ل6 أشخاص,310001203
e8eaf92f-8aed-0dd4-331c-8ec41be518e0,2025-12-14,فرع السراج,قويدة مفتول الوان 10,15.000,old_id=310001204 | قويدة مفتول الوان 10,310001204
970590f5-7337-be2e-d22e-cd4f26a9a4cf,2025-12-14,فرع السراج,سكر,5.000,old_id=310001205 | سكر,310001205
db5ed148-6b89-9629-5309-3ca5cbab4554,2025-12-15,فرع السراج,نقل  كناسة,100.000,old_id=310001207 | نقل  كناسة,310001207
93919c4f-d6a0-c05d-edc9-ee436576d7dc,2025-12-10,فرع السراج,عماد,500.000,old_id=310001209 | عماد,310001209
871daafb-88fc-2a83-f46c-09a23db68834,2025-12-16,فرع السراج,قضية غداء يومي 15 و16 ديسمبر,100.000,old_id=310001210 | قضية غداء يومي 15 و16 ديسمبر,310001210
3e364761-6b71-e180-6dc1-ed2b8c800a23,2025-12-21,فرع السراج,غداء لي 5 اشخاص,85.000,old_id=310001219 | غداء لي 5 اشخاص,310001219
31f344b1-6fc6-e15c-010f-21358cbda955,2025-12-16,فرع السراج,لصقة كود +اقلام لبديه,20.000,old_id=310001211 | لصقة كود +اقلام لبديه,310001211
692522b6-0f93-ac27-455a-1f36f3f08223,2025-12-13,فرع السراج,حساب خدمة باب بي في سي للحمام,725.000,old_id=310001212 | حساب خدمة باب بي في سي للحمام,310001212
89c9a8db-f597-bd9f-b277-b75ab8e73b6a,2025-12-17,فرع السراج,غداء ل5 أشخاص,20.000,old_id=310001213 | غداء ل5 أشخاص,310001213
7d726ad8-3d1d-86ec-2720-5908031a9817,2025-10-14,فرع السراج,ماء,20.000,old_id=310001066 | ماء,310001066
5b6cd91d-329f-8ed4-aa22-29927b877d8e,2025-12-17,فرع السراج,صابون,20.000,old_id=310001214 | صابون,310001214
6b81ed64-5d34-332e-eeed-cdc905be50c7,2025-12-17,فرع السراج,فارس غزال من مرتب شهر 12,10.000,old_id=310001215 | فارس غزال من مرتب شهر 12,310001215
c859aa43-a407-3763-3f47-f4ae9441c265,2025-12-16,فرع السراج,"فاتورة رقم 9773750
قهوة+شاهي أخضر+كابوتشينو+معمول",385.000,"old_id=310001216 | فاتورة رقم 9773750
قهوة+شاهي أخضر+كابوتشينو+معمول",310001216
c4f6ca06-3f42-f56c-0df2-095eb83c2e0f,2025-12-18,فرع السراج,غداءلي 5 اشخاص,85.000,old_id=310001217 | غداءلي 5 اشخاص,310001217
1d277731-6b0c-4f13-d370-eb1637b0d795,2025-12-20,فرع السراج,غداء لي 5 اشخاص,70.000,old_id=310001218 | غداء لي 5 اشخاص,310001218
4cd1d8ab-e0a5-9838-d76e-00ef275e72e0,2025-12-23,فرع السراج,غداء لي 5 اشخاص,75.000,old_id=310001220 | غداء لي 5 اشخاص,310001220
b00b9e41-2aef-a605-0ba9-501496a491d6,2025-12-22,فرع السراج,سكر,5.000,old_id=310001221 | سكر,310001221
51ac7b1b-3f1d-049f-44ae-695afaae988f,2025-12-22,فرع السراج,خبز,4.000,old_id=310001222 | خبز,310001222
ebed71fd-607d-9d49-97ed-1a24d08b0655,2025-12-25,فرع السراج,مياه شرب+سكر,10.000,old_id=310001225 | مياه شرب+سكر,310001225
bd735db8-8a1b-3101-f0a5-0a8b818f8029,2025-12-24,فرع السراج,غداء لي 4 اشخاص,73.000,old_id=310001224 | غداء لي 4 اشخاص,310001224
cdaf7062-0e11-a485-2fd7-c48a9eb3b72e,2025-12-24,فرع السراج,غداء لي 6 اشخاص حساب يوم 25/12/2025,98.000,old_id=310001226 | غداء لي 6 اشخاص حساب يوم 25/12/2025,310001226
419882f9-13ac-dfd6-2e2b-a0e07d891873,2025-12-25,فرع السراج,فارس غزال من حساب شهر 12,20.000,old_id=310001227 | فارس غزال من حساب شهر 12,310001227
ef6f9af3-4137-471d-27d6-058e520e2229,2025-12-28,فرع السراج,غداء لي 5 اشخاص,120.000,old_id=310001229 | غداء لي 5 اشخاص,310001229
e6e1e776-03cb-88f7-0bb1-4fb81e2e2506,2025-12-24,فرع السراج,عبدالله ابو مصعب من حساب شهر 12,50.000,old_id=310001230 | عبدالله ابو مصعب من حساب شهر 12,310001230
3b04d60e-2873-982c-e760-69ddc973eb15,2025-12-24,فرع السراج,مواد غدائية يوم الجمعة,25.000,old_id=310001231 | مواد غدائية يوم الجمعة,310001231
e5091764-6271-3265-ce48-d3af2d993c81,2025-12-28,فرع السراج,محمد بن عيسي من حساب شهر 12,100.000,old_id=310001232 | محمد بن عيسي من حساب شهر 12,310001232
3928d352-9fb4-379d-4b56-47baa76d4be8,2025-04-13,فرع السراج,تنزيل بضاعة,20.000,old_id=210000450,210000450
e9e3e307-4cda-e3d2-1cac-2bc7fc0268a3,2025-04-17,فرع السراج,من 11يونيوا الي سراج,30.000,old_id=210000467,210000467
248cbdc7-7376-f30d-d2ee-837dc6ca810f,2025-04-22,فرع السراج,من الخليج الي سراج,100.000,old_id=210000480,210000480
c1cc3e77-74ae-321f-9429-5a15057d3a90,2025-04-28,فرع السراج,اكل,10.000,old_id=210000496,210000496
b7467e5c-37b5-a0b9-ba49-a3792567ab7e,2025-05-05,فرع السراج,مصروف,45.000,old_id=210000514,210000514
19ad8adb-c25b-eb1e-f102-67076b3bbab8,2025-05-11,فرع السراج,اكل,10.000,old_id=210000530,210000530
9fe74147-8cd8-61de-2c49-946438e11899,2025-05-20,فرع السراج,مصروف,55.000,old_id=210000550,210000550
0e9c155f-7811-e323-85a7-d77bee560db6,2025-05-21,فرع السراج,نقل ديكور من تاجورة الي 11يونيوا الي سراج,150.000,old_id=210000556,210000556
2a41e022-528c-5057-81ed-0fbb3a210b77,2025-05-26,فرع السراج,مصروف,35.000,old_id=210000564,210000564
913d7926-a11b-2d8a-1743-d342296a8e82,2025-05-31,فرع السراج,اكياس للبيع,180.000,old_id=210000573,210000573
33255bec-8c09-310c-7563-a7ab5d56562d,2025-05-31,فرع السراج,اكل,10.000,old_id=210000576,210000576
1e3876d0-bbe9-405c-9cd4-d52f381ecca0,2025-06-11,فرع السراج,مصروف,60.000,old_id=210000596,210000596
17d7cbbb-b884-4324-fdb2-95af80b1b23f,2025-06-17,فرع السراج,جعفر النيجر,200.000,old_id=210000618 | جعفر النيجر,210000618
778b2a53-0d30-5511-5d8f-17c7850329a6,2025-10-14,فرع السراج,اكل,10.000,old_id=210000925,210000925
3a0d62b6-131c-cb0c-b01a-9d5a4d8d82f9,2025-10-18,فرع السراج,وجبة غداء  ليوم 19/10,90.000,old_id=310001088 | وجبة غداء  ليوم 19/10,310001088
8bf053e6-5b7a-3ad3-8a88-e6a5940858ae,2025-12-28,فرع السراج,فارس غزال من حساب شهر 12,15.000,old_id=310001233 | فارس غزال من حساب شهر 12,310001233
d1bdbacf-62c6-669f-e13f-4df14930dc3f,2025-09-14,فرع السراج,اكل,10.000,old_id=210000858,210000858
2dfb2f07-99bc-1d58-4f68-fa8dcf542638,2025-12-28,فرع السراج,شكري عرعارة من حساب الحاج عادل الشرشاري بي مكالمة هاتفية منه شخصيا لي عبدالوهاب من ايجار شهر 12,1000.000,old_id=310001234 | شكري عرعارة من حساب الحاج عادل الشرشاري بي مكالمة هاتفية منه شخصيا لي عبدالوهاب من ايجار شهر 12,310001234
d8d4aea2-a940-333a-d599-b0c7f70b70de,2025-06-19,فرع السراج,نقل من دعوة الي سراج,40.000,old_id=210000621,210000621
737371a9-40ce-2746-898d-297c60aee119,2025-09-14,فرع السراج,مصروف,90.000,old_id=210000857,210000857
e0764267-dae9-8cef-bf99-8271a5411582,2025-09-24,فرع السراج,اكل,10.000,old_id=210000885,210000885
d021d743-c4f3-3118-43d9-6f7cf9d8fc32,2025-09-24,فرع السراج,مصروف,100.000,old_id=210000884,210000884
bde10451-6ab8-c82f-21f8-b4b9491e033a,2025-10-15,فرع السراج,مصروف,110.000,old_id=210000926,210000926
cca49bb6-488a-c8dc-65e2-722cf18d00fa,2025-10-15,فرع السراج,مصروف,20.000,old_id=210000928,210000928
e90f4d81-2474-c4f7-c2a8-800f6a94b895,2025-10-15,فرع السراج,اكل,10.000,old_id=210000927,210000927
dee00221-cab0-c326-7a52-a76e6140811b,2025-10-16,فرع السراج,مصروف,70.000,old_id=210000930,210000930
e3bcbdc4-38c8-61db-f467-9cfc29f5de3e,2025-10-16,فرع السراج,تنزيل بضاعة,10.000,old_id=210000932,210000932
8a802676-abf7-9c23-35b6-3a1e2a1fe9ff,2025-10-16,فرع السراج,اكل,10.000,old_id=210000931,210000931
aa8a27bd-0c15-f22d-bb31-ee47c0f67d65,2025-06-19,فرع السراج,مصروف,50.000,old_id=210000622,210000622
2105fbd2-697d-0f22-331d-0ac183a8759c,2025-10-18,فرع السراج,حبر طابعة,45.000,old_id=210000933,210000933
fdda8451-e00e-d781-91f6-66499f14542f,2025-10-18,فرع السراج,مصروف,100.000,old_id=210000934,210000934
d4601021-3cbf-f849-1b81-132cb4460492,2025-10-18,فرع السراج,اكل,10.000,old_id=210000935,210000935
dce2f964-6113-86d4-ae23-cb0d31608bb0,2025-10-19,فرع السراج,مصروف,115.000,old_id=210000936,210000936
77f9e67f-f8ce-d4e5-c04b-db422e63271b,2026-02-24,فرع 11 يونيو,فطور عامل,10.000,old_id=310001363 | فطور عامل,310001363
b258ff91-3b30-f1e0-0810-8ff7e17f6a8d,2025-07-16,فرع السراج,من مخزن جنزور الي سراج,100.000,old_id=210000696,210000696
a793c0ec-5e05-a3f2-ad4a-4fd0912034d5,2025-08-24,فرع السراج,اكل,10.000,old_id=210000798,210000798
4fd137e5-a960-94a2-d4cd-f78593c51a28,2025-10-25,فرع السراج,وجبة غداء ل5 أشخاص,120.000,old_id=310001100 | وجبة غداء ل5 أشخاص,310001100
60b0ce59-ce7a-0ad2-2023-cc11647b324f,2025-10-22,فرع السراج,مصروف,40.000,old_id=210000947,210000947
00f366a4-7975-f8ad-fbad-389c27ce9d1b,2025-10-22,فرع السراج,اكل,10.000,old_id=210000946,210000946
d0d24152-4f68-f963-f485-393808469f58,2025-10-22,فرع السراج,مصروف,95.000,old_id=210000945,210000945
96ba4a32-139e-bed4-a497-c276d97fe221,2025-10-20,فرع السراج,مصروف,95.000,old_id=210000940,210000940
14f95fa7-75d0-34dc-d66b-5469b6906890,2025-12-02,فرع السراج,قضية+كلينيكس يوم الاحد,50.000,old_id=310001179 | قضية+كلينيكس يوم الاحد,310001179
58ff4e23-536a-0012-6202-81fa3a5a103b,2025-06-19,فرع السراج,اكل,10.000,old_id=210000623,210000623
a7060edf-c466-3b6f-aa39-66a8662682b7,2025-10-20,فرع السراج,اكل,10.000,old_id=210000941,210000941
f32a506e-40a1-5a4a-d4aa-c53c48f302f3,2025-10-21,فرع السراج,اكل,10.000,old_id=210000943,210000943
fbafc527-30c2-8cc4-5581-0552834bc9c5,2025-10-21,فرع السراج,مصروف,90.000,old_id=210000942,210000942
82a332a5-6a62-25f5-d196-797ca9ea38d4,2025-10-22,فرع السراج,رصيد لي ساعة المحل الصحية,500.000,old_id=210000944,210000944
1f5a1fb6-b8c0-a3de-30cd-c2651b12c4a1,2025-10-23,فرع السراج,مصروف,110.000,old_id=210000948,210000948
3afeb4dd-c483-a785-9cca-506a52bef17c,2025-10-23,فرع السراج,اكل,10.000,old_id=210000949,210000949
348b0289-4b39-2a80-8865-01c4f519e3d5,2025-10-25,فرع السراج,مصروف,120.000,old_id=210000950,210000950
21ba36f6-5a93-7069-73b4-402bcae98573,2025-10-25,فرع السراج,اكل,10.000,old_id=210000951,210000951
878cabb8-9783-de27-4ffc-e20a8912bd08,2025-06-19,فرع السراج,تنزيل بضاعة,10.000,old_id=210000624,210000624
34ca3840-b9df-43fd-3366-779c5dbff178,2025-10-20,فرع السراج,مصروف,30.000,old_id=210000939,210000939
ecca3911-7f2d-2461-62b6-3f8a00b31947,2026-01-11,فرع 11 يونيو,وجبة غداء ل5 أشخاص,75.000,old_id=310001257 | وجبة غداء ل5 أشخاص,310001257
381f3355-850d-6289-56ea-5fd11e2110b8,2026-01-12,فرع 11 يونيو,فخض دجاج,31.000,old_id=310001262 | فخض دجاج,310001262
e5f59198-e42f-8b00-68c6-d95b8bce53ca,2025-10-29,فرع السراج,نقل بضاعة عبد الرزاق النجار,60.000,old_id=310001118 | نقل بضاعة عبد الرزاق النجار,310001118
57c07cc5-29c8-a69e-3830-d84fafede3ee,2025-10-27,فرع السراج,تنزيل بضاعة,10.000,old_id=210000956,210000956
2d8acefb-100f-fbcf-b4c5-c5d6367efa1a,2025-06-25,فرع السراج,مصروف,55.000,old_id=210000638,210000638
42de52ac-32fe-c75a-5f14-d55b909c6172,2025-06-30,فرع السراج,مصروف,40.000,old_id=210000648,210000648
e9e1c83b-8101-0f35-304d-3a99e192b6f4,2025-06-30,فرع السراج,تصكير حساب جعفر شهر 6,300.000,old_id=210000653,210000653
5e13233a-dfc0-92f1-1f39-fd75a993fa97,2025-07-07,فرع السراج,اكل,10.000,old_id=210000669,210000669
e449502e-d2bc-b47a-21a0-6bfb13e21afd,2025-07-08,فرع السراج,تنزيل بضاعة,10.000,old_id=210000673,210000673
6833d6a7-5126-6ee8-08cd-b3942dcfd928,2025-07-21,فرع السراج,اكل,10.000,old_id=210000710,210000710
434e747d-0c56-60e2-3504-989ac8964144,2025-07-23,فرع السراج,مصروف,80.000,old_id=210000714,210000714
2839b829-c05e-fa7f-76b8-93ddefe4e2bb,2025-07-27,فرع السراج,مصروف,510.000,old_id=210000722,210000722
5a3679aa-2d11-bffe-40a0-fecc09f0ae2f,2025-07-30,فرع السراج,جعفر تصكير حساب شهر 7,700.000,old_id=210000731,210000731
305cf40e-09e3-815d-d68d-de251ee743dd,2026-01-17,فرع 11 يونيو,لصقة,15.000,old_id=310001282 | لصقة,310001282
ee89f177-71fb-2716-fa0c-21750a92bacd,2025-07-31,فرع السراج,مصعب الفاندي,600.000,old_id=210000736 | مصعب الفاندي,210000736
a9e42499-b47a-c09a-7c7b-2d63b6533959,2025-10-12,فرع السراج,اكل,10.000,old_id=210000920,210000920
bb34b4cb-88bf-cb55-176d-54615a89d032,2025-10-26,فرع السراج,مصروف,95.000,old_id=210000952,210000952
5ada2b41-3970-28a6-b411-f51e05e6ec27,2025-10-26,فرع السراج,اكل,10.000,old_id=210000953,210000953
3edfcda3-79ef-351f-6f0f-6877dca3191b,2025-10-27,فرع السراج,مصروف,55.000,old_id=210000954,210000954
fe916d96-d320-2d22-9b82-4f4a5fff9c50,2025-10-27,فرع السراج,من السبعة الي سراج,120.000,old_id=210000955,210000955
30895360-8045-6f3c-d628-76bb9e5fae92,2025-08-06,فرع السراج,اكل,10.000,old_id=210000755,210000755
2378fbb9-75da-94be-6bea-910ed8bd8244,2025-08-13,فرع السراج,اكل,10.000,old_id=210000770,210000770
d58dc841-ca77-1fe2-2dcb-8472ad73f28c,2025-10-04,فرع السراج,من 11يونيوا الي سراج,100.000,old_id=210000914,210000914
12e44a48-8047-0ef5-e39a-bc049185bf3c,2025-11-08,فرع السراج,وجبة غداء ل4 أشخاص,95.000,old_id=310001130 | وجبة غداء ل4 أشخاص,310001130
fbd850fa-1641-49b9-f189-fc3eceb84e00,2025-10-29,فرع السراج,مصروف,135.000,old_id=210000962,210000962
e8750d17-21ba-1e8a-4ff6-981c0d2f7094,2025-10-29,فرع السراج,قهواء عربية,80.000,old_id=210000965,210000965
a3e9946c-42b1-825d-9d10-cb6705c89dad,2025-10-29,فرع السراج,مصروف,50.000,old_id=210000963,210000963
67a9a358-8328-51c3-ad19-e6f2ee8d11c8,2025-10-30,فرع السراج,مصعب الفاندي,700.000,old_id=210000970,210000970
66b2b375-c5e7-35cc-391d-c92922580649,2025-11-03,فرع السراج,مصروف,90.000,old_id=210000976,210000976
f5fac6a6-8e30-c415-dfbd-1cbd64a4e085,2025-11-02,فرع السراج,مصروف,115.000,old_id=210000974,210000974
93d646f8-c8c1-847e-e889-ecfdcd876659,2025-11-05,فرع السراج,اكل,10.000,old_id=210000981,210000981
ac900825-c01f-8668-188a-dc155c2e3b75,2025-07-22,فرع السراج,مصروف,85.000,old_id=210000711,210000711
3d9f1d61-00a1-ba62-824f-49642bc7226e,2025-08-18,فرع السراج,اكل,10.000,old_id=210000781,210000781
eb33b00a-7fba-98c2-2982-98fdeedd91f7,2025-10-29,فرع السراج,ورق طابعة,70.000,old_id=210000961,210000961
ab449db0-2a6e-8464-6b10-9a0da88fdd0e,2025-10-29,فرع السراج,اكل,10.000,old_id=210000964,210000964
75652480-6b86-cb1f-7fd1-514f0cb6596b,2025-10-30,فرع السراج,مصروف,90.000,old_id=210000966,210000966
d3ba5b78-b135-f9eb-8dec-9f2abec9cc73,2025-10-30,فرع السراج,اكل,10.000,old_id=210000967,210000967
ca36ae16-3f81-fa1e-ad95-82786fb0f07a,2025-10-30,فرع السراج,احمد الفاندي,1600.000,old_id=210000968,210000968
ae093605-fa5f-92c8-851f-d77efd74663d,2025-10-30,فرع السراج,جعفر عامل فرع سراج,900.000,old_id=210000969,210000969
88417a33-03c2-11d3-9a24-164734d860de,2025-10-30,فرع السراج,عبدالسلام الفاندي,800.000,old_id=210000971,210000971
343b4292-e0da-0dd6-17df-3db7fc236679,2025-11-01,فرع السراج,مصروف,85.000,old_id=210000972,210000972
bd102501-bc61-623a-4c61-1b660aba8009,2025-11-01,فرع السراج,اكل,10.000,old_id=210000973,210000973
d83742d0-7ec8-c457-5c64-9a2cbc903f2d,2025-11-02,فرع السراج,اكل,10.000,old_id=210000975,210000975
f41fc1db-d6c5-12d4-b591-7941693a8f3a,2025-11-03,فرع السراج,اكل,10.000,old_id=210000977,210000977
9f16ff2e-35d5-7210-468a-f3cb17525677,2025-11-04,فرع السراج,مصروف,95.000,old_id=210000978,210000978
6e6a2529-c081-6a88-0800-bc22ae1b46c4,2025-11-04,فرع السراج,اكل,10.000,old_id=210000979,210000979
111e9523-12bf-019c-16e3-ea38b9e056c8,2025-11-05,فرع السراج,مصروف,105.000,old_id=210000980,210000980
d664d76e-a7b2-b9ea-3892-c9148d2ccca9,2025-11-05,فرع السراج,مصروف,523.000,old_id=210000982,210000982
c0a9c70f-e55d-f4c5-f191-ef519a1b187b,2025-11-05,فرع السراج,اكياس,237.000,old_id=210000983,210000983
a5953fcf-d8c0-bdc1-7fa5-5ed9392e2fdb,2025-11-06,فرع السراج,مصروف,60.000,old_id=210000984,210000984
0f1acaba-3664-68fa-5ce9-313dd30671ee,2025-11-06,فرع السراج,اكل,10.000,old_id=210000985,210000985
e7db625c-582b-ce97-6520-f12428253ed1,2025-11-08,فرع السراج,مصروف,85.000,old_id=210000986,210000986
005bd357-97d4-4645-45b5-c717233fc4ed,2025-11-08,فرع السراج,اكل,10.000,old_id=210000987,210000987
ba2b2649-7404-afdd-bc4a-e7c112b34321,2026-01-19,فرع 11 يونيو,قضية غداء ل7 أشخاص,60.000,old_id=310001286 | قضية غداء ل7 أشخاص,310001286
d16a0d4a-059e-73a9-18ea-e6d23e41e793,2025-10-29,فرع السراج,ماء شرب,100.000,old_id=210000960,210000960
931d41d9-5d4b-2bcd-b011-e47e19d258a0,2025-12-13,فرع السراج,قهوة +ماء,160.000,old_id=310001201 | قهوة +ماء,310001201
0a42ad60-5a49-a26a-d9a2-c48196ba3faa,2025-07-28,فرع السراج,مصروف,75.000,old_id=210000724,210000724
20fe03bc-febc-3a43-742a-a1fc404bcd2d,2025-11-10,فرع السراج,مصروف,55.000,old_id=210000990,210000990
c01abdb7-bcab-b081-0879-66032d8b6a97,2025-11-10,فرع السراج,مصروف,15.000,old_id=210000991,210000991
698401eb-ddea-4f43-8915-bec47c2a45dc,2025-11-10,فرع السراج,اكل,10.000,old_id=210000992,210000992
b4927e99-cbc1-eed0-5866-3c8299a3539f,2025-11-11,فرع السراج,مصروف,90.000,old_id=210000993,210000993
c12ffd32-ec36-e513-e7da-01d3abf7b6ec,2025-11-11,فرع السراج,اكل,10.000,old_id=210000994,210000994
d7b0816f-f244-a2ed-dfa2-960a064c3a6d,2025-11-12,فرع السراج,مصروف,90.000,old_id=210000995,210000995
e451a025-e0e5-26b2-fa22-5b8bd4edcb00,2025-11-12,فرع السراج,اكل,10.000,old_id=210000996,210000996
d276907e-635a-9561-0276-e55617ce3d05,2025-11-16,فرع السراج,مصروف,75.000,old_id=210001001,210001001
78fc8803-942d-cc38-7847-ef3255ef6170,2026-01-19,فرع 11 يونيو,عبد الله ابو مصعب من مرتب شهر1,500.000,old_id=310001288 | عبد الله ابو مصعب من مرتب شهر1,310001288
f6e0d6a3-7096-13e4-6890-ad19b356d7ca,2025-11-18,فرع السراج,"وجبة غداء ل4 أشخاص
ليوم 17/11/2025",95.000,"old_id=310001151 | وجبة غداء ل4 أشخاص
ليوم 17/11/2025",310001151
038ad89e-b950-297a-ef8c-51fe8ddd4318,2025-10-28,فرع السراج,مصروف,85.000,old_id=210000958,210000958
8ce81e51-25f3-a024-7644-4e2afdc4fab2,2025-11-13,فرع السراج,مصروف,15.000,old_id=210000997,210000997
4b92e4fd-fbc4-3961-f2b8-cfa5a6b5f826,2025-11-13,فرع السراج,اكل,10.000,old_id=210000998,210000998
52bc1e3f-c890-dad8-793c-8385ae2c100b,2025-11-15,فرع السراج,مصروف,90.000,old_id=210000999,210000999
d0a532cd-be8e-5ff3-5370-22c512fc640b,2025-11-15,فرع السراج,اكل,10.000,old_id=210001000,210001000
c59bfe71-93bf-2eb6-776a-a7ed09c92e1a,2026-02-07,فرع 11 يونيو,غاز,5.000,old_id=310001313 | غاز,310001313
38ff0c0d-959f-80ee-df3c-e9c1df0d4373,2025-08-16,فرع السراج,نقل الي شقة طريق المطار,30.000,old_id=210000775,210000775
1f422999-9375-7f3f-06f5-fc4451a91e06,2025-08-23,فرع السراج,تنزيل فاتورة,10.000,old_id=210000793,210000793
b59bc916-1793-3448-0ad3-dc6672813945,2025-10-28,فرع السراج,اكل,10.000,old_id=210000959,210000959
9b67da06-5544-13bd-1dbb-06dee28d8bf0,2025-11-20,فرع السراج,قهوا عربية,90.000,old_id=210001011,210001011
0514c8e8-fb5b-149e-81cb-729753295b10,2025-11-22,فرع السراج,مصروف,65.000,old_id=210001016,210001016
8bce0427-3e14-fa47-8943-dc14cd9308a4,2025-11-23,فرع السراج,مصروف,60.000,old_id=210001017,210001017
702a67b5-0424-9ce2-0966-50158887da7f,2025-11-23,فرع السراج,اكل,10.000,old_id=210001018,210001018
fa0f948f-96ae-2960-20e4-cf9bd1970452,2025-11-26,فرع السراج,مصروف,100.000,old_id=210001024,210001024
638cf405-4884-e0e6-b92c-7f32a7a87e08,2025-11-26,فرع السراج,اكل,10.000,old_id=210001025,210001025
13ed180b-2533-4fed-5706-b28aac5178ef,2025-11-29,فرع السراج,اكل,10.000,old_id=210001030,210001030
8bf46be5-3a27-d8f4-5a6f-f01aecc2fc4b,2025-11-29,فرع السراج,مصروف,130.000,old_id=210001029,210001029
25058b18-22b1-abaf-f48e-ed7dc3b4f13a,2025-11-30,فرع السراج,مصروف,120.000,old_id=210001031,210001031
002984b9-5e7a-a7dc-023e-23404dc32a1b,2025-11-17,فرع السراج,اكل,10.000,old_id=210001004,210001004
d78e21cc-a3c6-a591-4218-ce75e0f383ea,2025-11-30,فرع السراج,اكل,10.000,old_id=210001032,210001032
3f25bca0-6fa7-9d7a-8a03-dd42a2108ae3,2025-11-18,فرع السراج,صيانة ابواب المرش,560.000,old_id=210001005,210001005
0f93e235-aa55-8b08-2245-a21e3bdf4f6f,2025-11-18,فرع السراج,مصروف,55.000,old_id=210001006,210001006
564d2963-f3f6-f72d-924c-ee97ebd7727d,2025-11-18,فرع السراج,اكل,10.000,old_id=210001007,210001007
66936649-9bfa-a850-8332-32eb5dd731b8,2025-11-19,فرع السراج,مصروف,50.000,old_id=210001008,210001008
6e755f34-f7cf-9c2e-93a3-4c66e5760992,2025-11-19,فرع السراج,اكل,10.000,old_id=210001009,210001009
f5a3faf6-a700-d546-9a8e-8c975e8ce12f,2025-11-19,فرع السراج,كيبورت كمبيوتر,35.000,old_id=210001010,210001010
92fd8ad5-fbfe-d030-573d-b6bdcb40a805,2025-11-20,فرع السراج,مصروف,95.000,old_id=210001012,210001012
46c7c4d7-9899-6a26-364e-f904c8b94939,2025-11-20,فرع السراج,اكل,10.000,old_id=210001013,210001013
39038ab3-080e-78d0-fbf4-5a77a2f21745,2025-11-22,فرع السراج,مصروف,30.000,old_id=210001014,210001014
e4179bd0-dc8c-1865-3dcb-e674f74bbc67,2025-11-22,فرع السراج,اكل,10.000,old_id=210001015,210001015
d4163b00-4bf4-bf77-23a1-261ce91a8fa5,2025-11-24,فرع السراج,ستريتشة لباب المرش,35.000,old_id=210001019,210001019
9a5c1ed6-d139-1606-461b-861a779e0796,2025-11-24,فرع السراج,مصروف,65.000,old_id=210001020,210001020
74ecf594-0696-1ada-4d4e-74cce6379484,2025-11-24,فرع السراج,اكل,10.000,old_id=210001021,210001021
89135b72-bfd5-0130-03fb-b9bd84f1894b,2025-11-25,فرع السراج,مصروف,70.000,old_id=210001022,210001022
9e51274b-9e83-9aaf-1531-7f91b3a38539,2025-11-25,فرع السراج,اكل,10.000,old_id=210001023,210001023
d7f9eba0-dcd3-03b1-d5a5-4a40abb8cb4f,2025-11-27,فرع السراج,مصروف,10.000,old_id=210001026,210001026
d4f35f5f-26a4-cede-fee2-266d76e813d2,2025-11-27,فرع السراج,مصروف,80.000,old_id=210001027,210001027
efea03fa-e0c0-af6c-4688-ded943ff1dea,2025-11-27,فرع السراج,اكل,10.000,old_id=210001028,210001028
3a452713-cd57-0ded-5c5e-f11e7434f218,2025-12-01,فرع السراج,مصروف,80.000,old_id=210001033,210001033
681c36b2-5607-9c11-bd2f-c657cc27203a,2025-12-01,فرع السراج,اكل,10.000,old_id=210001034,210001034
4bb3f775-7c60-2cec-83b4-02ff56946344,2026-01-12,فرع 11 يونيو,حساب عامل تنزيل مقاعد من جنزور,20.000,old_id=310001258 | حساب عامل تنزيل مقاعد من جنزور,310001258
8c445a13-ec00-4f55-0155-1585888a59a7,2025-08-09,فرع السراج,جعفر جزء من المرتب,150.000,old_id=210000761,210000761
77cb67a4-bcc7-f63e-c932-4287d5945396,2025-08-28,فرع السراج,مصروف,80.000,old_id=210000809,210000809
2e5036d3-174d-d057-cc93-7ce7fe237bd6,2025-09-02,فرع السراج,اكل,10.000,old_id=210000824,210000824
476b0ac2-97a6-3b83-d5e6-da41ad2ed104,2026-02-10,فرع 11 يونيو,شراء طرفين صابونية من البضائع الاروبية,50.000,old_id=310001334 | شراء طرفين صابونية من البضائع الاروبية,310001334
f2a82cf1-a12f-033e-8efc-e0a91dc9b3d3,2025-12-08,فرع السراج,وجبة غداء ل6 أشخاص,80.000,old_id=310001208 | وجبة غداء ل6 أشخاص,310001208
6a2c71ee-6936-348d-dbcc-e2ff8381042c,2025-12-22,فرع السراج,اكل,10.000,old_id=210001076,210001076
091f73fa-cf42-4708-42e1-c51c24431aec,2024-11-28,فرع السراج,غداء,140.000,old_id=310000002,310000002
d2ea0b4c-c717-1cb3-569b-8676c67f4633,2024-11-28,فرع السراج,مصروف,1913.000,old_id=310000003,310000003
0d8a4f72-f7f2-1aff-8cf2-e7c111783837,2024-11-28,فرع السراج,عبد الرحمان,15.000,old_id=310000004 | عبد الرحمان,310000004
33e73f1a-0162-7e81-8b21-a625fd0ebd4a,2025-12-21,فرع السراج,مصروف,90.000,old_id=210001073,210001073
3ff6b014-a2ea-d8d9-417f-31c5c55f3fca,2025-08-18,فرع السراج,من دعوة الي 11يونيوا,100.000,old_id=210000782,210000782
bdfa3d18-aab4-8baa-033c-23c1ec2814fc,2025-12-21,فرع السراج,اكل,10.000,old_id=210001074,210001074
785f66d8-5cf5-4d8f-7f86-838406021363,2025-12-22,فرع السراج,مصروف,55.000,old_id=210001075,210001075
c3c986ca-4063-5fe7-4b7a-edb7c0dd1430,2025-12-23,فرع السراج,مصروف,90.000,old_id=210001077,210001077
a55ca684-0178-2c67-aabd-4f34ff6ecd6d,2025-12-23,فرع السراج,اكل,10.000,old_id=210001078,210001078
ef9478c9-d77c-7b6e-cc7e-e768e18282d2,2025-12-23,فرع السراج,نقل فاتورة شركة نماء,70.000,old_id=210001079,210001079
e72b4c4a-e9f9-af33-f6d2-6e6c492e620a,2025-12-24,فرع السراج,مصروف,80.000,old_id=210001080,210001080
d3769da3-cd25-7f63-ddf3-41c3c379ca39,2025-12-24,فرع السراج,اكل,10.000,old_id=210001081,210001081
31a67ee5-7a5f-09f6-af23-3258895740e8,2025-09-13,فرع السراج,اكل,10.000,old_id=210000856,210000856
7054c591-f8fd-6a06-b1a1-3c72ed0280ff,2025-12-20,فرع السراج,اكل,10.000,old_id=210001072,210001072
196d8006-e1a2-4df9-c732-6f3ffcaad410,2026-02-17,فرع 11 يونيو,ماء,20.000,old_id=310001351 | ماء,310001351
cfc0c3be-d9f8-b8f2-825e-f63231fd11b9,2026-02-18,فرع 11 يونيو,قضية غداء+سحور,195.000,old_id=310001352 | قضية غداء+سحور,310001352
5514674b-0963-88a1-a06a-7c345ede1812,2025-12-27,فرع السراج,غداء لي 4 اشخاص,80.000,old_id=310001228 | غداء لي 4 اشخاص,310001228
43faf77f-85b9-3ffe-6720-e82adfc785f6,2025-12-27,فرع السراج,نقل فاتور زبون,80.000,old_id=210001084,210001084
1351328d-17a7-72a1-d5fe-550137c0a21f,2025-12-30,فرع السراج,ماء,75.000,old_id=210001094,210001094
e0cd4f69-a1e8-717e-2aae-5c2cca63c616,2025-12-29,فرع السراج,مصروف,35.000,old_id=210001092,210001092
c6173c4f-797e-e4df-3059-22270a58e6ab,2025-12-29,فرع السراج,مصروف,60.000,old_id=210001090,210001090
e12675f6-fff0-8411-0c67-dc0e108f52e6,2025-09-08,فرع السراج,اكل,10.000,old_id=210000846,210000846
7c6b391f-2f89-4be9-faa2-e259ba6050ee,2025-12-27,فرع السراج,مصروف,60.000,old_id=210001085,210001085
9ca89330-df76-97c5-ef08-c6aaf45031d9,2025-12-27,فرع السراج,اكل,10.000,old_id=210001086,210001086
230dadb4-a696-ec1c-c5ac-07a762bf8cc5,2025-12-28,فرع السراج,مصروف,80.000,old_id=210001087,210001087
6f6f38ad-fc94-6305-8036-54415cf191e6,2025-12-28,فرع السراج,اكل,10.000,old_id=210001088,210001088
e1120eae-b941-fc50-74c6-8c281f344190,2025-12-31,فرع السراج,عبد السلام الفاندي,800.000,old_id=210001103,210001103
2bc12063-c2df-1683-5c49-086b3ef7e499,2025-12-30,فرع السراج,مصروف,90.000,old_id=210001095,210001095
bb8b0451-84b5-6b1a-41c5-3d8af2db0739,2025-12-31,فرع السراج,مصروف,60.000,old_id=210001098,210001098
a19984d2-68b1-7f4c-b1a0-60dd807cb998,2025-12-30,فرع السراج,اكل,10.000,old_id=210001096,210001096
605ffabf-bd17-10de-689e-835e3df4dce7,2025-12-31,فرع السراج,مصعب الفاندي,585.000,old_id=210001104,210001104
8ff9520c-ba13-1b35-9893-3c6bd62668b6,2026-01-01,فرع السراج,مصروف,95.000,old_id=210001101,210001101
e8224284-4825-2fe9-65cc-4b575753b69f,2026-01-03,فرع السراج,مصروف,70.000,old_id=210001105,210001105
cfdd0385-89bf-2759-2f60-09791c76926e,2025-12-29,فرع السراج,اكل,10.000,old_id=210001091,210001091
0f486d6f-c3d3-2a38-67af-9079d5451fa7,2025-12-30,فرع السراج,جعفر تصكير حساب شهر 12,800.000,old_id=210001097,210001097
13678f99-dd71-3c10-a2ea-e5ac2b747e50,2025-12-31,فرع السراج,اكل,10.000,old_id=210001099,210001099
2e854468-281c-7a59-b5b3-c2f247958dda,2025-12-31,فرع السراج,من دعوة الي سراج,50.000,old_id=210001100,210001100
82964e5b-85ff-cb2d-5461-5bc4aaf991fd,2026-01-01,فرع السراج,اكل,10.000,old_id=210001102,210001102
4f7577b0-55aa-33f3-61d8-13caba6a1124,2026-01-03,فرع السراج,اكل,10.000,old_id=210001106,210001106
ea21708a-2e1a-084b-7187-819f593dfab5,2026-03-12,فرع 11 يونيو,عماد,68.750,old_id=310001428 | عماد,310001428
c810acff-0d16-5ff2-aaac-9d61615b981a,2026-03-12,فرع 11 يونيو,غير معروف,160.000,old_id=310001421 | غير معروف,310001421
98ead90b-1685-6c09-44c5-5011637411c2,2025-09-15,فرع السراج,اكل,10.000,old_id=210000860,210000860
843a59a3-98b6-732b-fc4f-ecde50abee7a,2025-12-25,فرع السراج,اكل,10.000,old_id=210001083,210001083
19acff99-f0a7-b3ea-753c-b768e442902c,2026-01-05,فرع السراج,جعفر من شهر 1,80.000,old_id=210001109,210001109
57c74007-364f-a4ba-655c-9a5b4b802b65,2025-12-30,فرع السراج,غداء + سكر,15.000,old_id=310001235 | غداء + سكر,310001235
f01bacc7-a996-83b8-5793-bd503a273e34,2026-01-05,فرع السراج,مصروف,95.000,old_id=210001110,210001110
81102e75-2794-bb1b-75d1-392cd415b079,2026-01-05,فرع السراج,اكل,10.000,old_id=210001111,210001111
c268da12-3a71-c427-5d49-9e3b768e46e2,2026-01-06,فرع السراج,مصروف,30.000,old_id=210001112,210001112
75e2f36a-7d99-a351-c8fd-5363af32ada6,2026-01-06,فرع السراج,اكل,10.000,old_id=210001113,210001113
410dd24e-8d41-abf7-384b-c11f499d5464,2025-12-31,فرع السراج,احمد الفاندي,1600.000,old_id=210001114,210001114
3560eeec-b426-4e17-cf37-4a1a697ddd02,2026-01-07,فرع السراج,مصروف,150.000,old_id=210001115,210001115
252066d1-3d04-d0e7-e1fe-6155f1b3b2f8,2026-01-07,فرع السراج,اكل,10.000,old_id=210001116,210001116
3492f8ba-d249-a6a3-3044-7b285fb381cf,2026-05-03,فرع السراج,حوالة,50.000,old_id=210001351,210001351
0de3f3d6-de80-e643-f7f0-d90904bda7e8,2026-05-03,فرع السراج,من جنزور الي سراج,50.000,old_id=210001352,210001352
ded6342d-3717-9465-bbf4-535fa383a50e,2025-09-18,فرع السراج,زيت للمولد,40.000,old_id=210000867,210000867
ae4238bd-48d7-f4b0-a2ad-4ca36b5a7bd9,2026-05-03,فرع السراج,اكل,10.000,old_id=210001353,210001353
ff1cf385-8aa6-d967-6150-92df4b1ffe9f,2026-05-04,فرع السراج,حوالة,95.000,old_id=210001354,210001354
b9bb04c6-1c6a-0daf-08b5-80518a1e1d19,2026-05-04,فرع السراج,اكل,10.000,old_id=210001355,210001355
76f7df46-a728-8b86-bd9c-fca5b5942e81,2026-05-04,فرع السراج,عاملة تنظيف,80.000,old_id=210001356,210001356
f78c7648-55da-5ae9-9a0a-49be891a7b95,2025-09-20,فرع السراج,مصروف,80.000,old_id=210000868,210000868
7b6a70bc-6822-9519-211c-38f665037f67,2026-05-05,فرع السراج,حوالة,55.000,old_id=210001357,210001357
8ae59639-8cc2-f646-2c76-d090c2ffd910,2026-05-05,فرع السراج,اكل,10.000,old_id=210001358,210001358
5e1f31c3-4288-ae12-bbcb-7ba422a3dc4e,2026-02-25,فرع 11 يونيو,ماء,10.000,old_id=310001372 | ماء,310001372
cad38598-9fc3-cadc-6bff-ebaeb16c8cf4,2025-09-22,فرع السراج,مصروف,95.000,old_id=210000875,210000875
d2cac95d-3a5c-3640-52ed-eb0104931aaf,2026-01-04,فرع السراج,اكل,10.000,old_id=210001108,210001108
c4d8be34-7986-0098-3d0a-c1b2af6132c3,2026-01-10,فرع السراج,مصروف,135.000,old_id=210001119,210001119
43840d32-488c-4d22-e3f6-951a899ea468,2026-01-10,فرع السراج,مصروف,90.000,old_id=210001120,210001120
49fcff31-e2cb-1c02-4926-774a8b4eed15,2026-01-10,فرع السراج,اكل,10.000,old_id=210001121,210001121
e1bd0901-063a-0fc5-e3e5-c67f10174112,2026-01-10,فرع السراج,جعفر من مرتب شهر 1,120.000,old_id=210001122,210001122
cf307500-3ff7-a254-722d-61f99ec1e254,2026-01-10,فرع السراج,فاتورة كوطوا الي زبون,120.000,old_id=210001123,210001123
323ff47f-10f5-64cb-cd7b-fd187ea3b01c,2026-01-11,فرع السراج,تنزيل بضاعة,20.000,old_id=210001124,210001124
e5c65dd3-3056-f287-e781-ea618b762750,2026-01-11,فرع السراج,اكل,10.000,old_id=210001125,210001125
72ad9770-da5c-03a8-138d-a1ea700f4080,2026-01-11,فرع السراج,مصروف,40.000,old_id=210001126,210001126
4b015124-9df5-4d3b-bae2-be626cfa0ee5,2026-01-12,فرع السراج,مصروف,40.000,old_id=210001127,210001127
c0123a3f-802d-5057-2437-c3b3f8d38470,2026-01-12,فرع السراج,اكل,10.000,old_id=210001128,210001128
22d50b46-27c0-3057-0461-ed8ed17d8a81,2026-01-13,فرع السراج,اكل,10.000,old_id=210001129,210001129
80ea423a-b4df-6544-4ce4-14a6ff23a4b5,2026-01-13,فرع السراج,مصروف,60.000,old_id=210001130,210001130
382d27c0-c735-b3e1-82a0-fe01dab9ff18,2026-01-14,فرع السراج,مصروف,90.000,old_id=210001131,210001131
3e823496-89ea-8af0-fafb-ce9ee75b96bf,2026-01-14,فرع السراج,اكل,10.000,old_id=210001132,210001132
7c0bebfa-6424-6ea8-5056-a41f95879360,2025-09-11,فرع السراج,شركة نقل قمامه من شهر 8الي شهر 12 خالص,150.000,old_id=210000853 | ملاحظة كل شهر 30دينار,210000853
35cb5969-c024-e0a8-bfa7-b3244706697b,2025-10-13,فرع السراج,قهواء عربية,60.000,old_id=210000923,210000923
e265101d-14c9-8635-be2f-edae3ee830c7,2026-01-08,فرع السراج,مصروف,105.000,old_id=210001117,210001117
88e80963-b9bd-c919-aca6-ac23fdcccdd4,2026-01-10,فرع 11 يونيو,مصاريف غداء,36.000,old_id=310001255 | مصاريف غداء,310001255
212cddad-caa8-ee6e-0697-39f49edb5d04,2026-03-10,فرع 11 يونيو,فطور يوم 10/03/2026,65.000,old_id=310001380 | فطور يوم 10/03/2026,310001380
9fca0e1f-ff2e-9ea9-8722-88a9fa20940f,2026-01-17,فرع السراج,مصروف,15.000,old_id=210001135,210001135
2399ae60-65d5-a9d4-3b9e-7c709d6fc95b,2026-01-17,فرع السراج,مصروف,95.000,old_id=210001136,210001136
f0991a27-35e1-5c4b-9390-d999f0840a65,2026-01-18,فرع السراج,مصروف,115.000,old_id=210001138,210001138
ddee7bb2-6de9-9c54-15cd-8c93d609e7e9,2026-01-18,فرع السراج,اكل,10.000,old_id=210001139,210001139
ef6dd4b4-6cd0-ec4e-90eb-05083ea137db,2026-01-19,فرع السراج,مصروف,40.000,old_id=210001140,210001140
b51a58ad-532e-c7d4-912d-2b0f649ac6ae,2026-01-19,فرع السراج,اكل,10.000,old_id=210001141,210001141
d43046dc-7e1e-d4f0-8dbf-e21eab40b56e,2026-01-20,فرع السراج,مصروف,40.000,old_id=210001142,210001142
bb24dba9-88da-8ed6-80f9-c502a6a6c346,2026-01-20,فرع السراج,اكل,10.000,old_id=210001143,210001143
2c6e73ad-7062-fece-267b-82a9117ee1d7,2026-01-21,فرع السراج,ماء شرب,80.000,old_id=210001144,210001144
614c1e0f-16e9-6374-c4f2-ec12eb5770aa,2026-01-21,فرع السراج,مصروف,60.000,old_id=210001145,210001145
d315f30f-de8a-c97d-7ecc-da7502e31a18,2025-01-04,فرع السراج,غداء,125.000,old_id=310000125,310000125
22db5ada-d5f1-c670-5ad6-a3ac5bcaaca9,2025-01-05,فرع السراج,على ح / بشير,20.000,old_id=310000126,310000126
a65fd02d-0fb0-9f06-c951-62294d6e72aa,2025-01-06,فرع السراج,خوابير,6.000,old_id=310000127,310000127
dd581b6d-2c58-de62-2959-5dfff3937e5f,2024-12-11,فرع السراج,مرتب موسى,10.000,old_id=310000014,310000014
cbd0151a-cd43-c9b7-25c8-899584c42908,2024-12-11,فرع السراج,غداء,125.000,old_id=310000015 | غداء 5 اشخاص,310000015
eb9c6bf6-1e90-49e4-3241-1e88f1366b21,2024-12-11,فرع السراج,توصيل من السراج الي 11 يونيو,25.000,old_id=310000016,310000016
426ff527-dc1e-57d1-2cc2-9b49e92ef96e,2025-10-19,فرع السراج,اكل,10.000,old_id=210000937,210000937
23aaba5c-fe48-6038-71f3-de485e6226d7,2025-10-20,فرع السراج,جعفر من مرتب شهر 10,100.000,old_id=210000938,210000938
a0c88c97-9600-e0e2-bd26-351b0cad4107,2025-10-27,فرع السراج,اكل,10.000,old_id=210000957,210000957
628d3083-8e36-4830-892e-89401ecaf0a7,2025-11-09,فرع السراج,مصروف,85.000,old_id=210000988,210000988
710e159d-c646-22f5-1249-ce2a381ccda0,2025-11-16,فرع السراج,اكل,10.000,old_id=210001002,210001002
ec68aa52-0dda-86a0-cbd0-e2d2c7c70646,2025-12-02,فرع السراج,ماء شرب,50.000,old_id=210001035,210001035
06d98b42-3de0-61a4-6dee-4c06c6910266,2025-12-02,فرع السراج,اكل,10.000,old_id=210001037,210001037
52f4a2b3-f072-a128-0747-871aa0cbfc68,2025-12-02,فرع السراج,مصروف,55.000,old_id=210001036,210001036
ece21cce-28d5-a71e-e1df-3cf4d555a75f,2025-12-03,فرع السراج,مصروف,80.000,old_id=210001038,210001038
92f41656-51d4-ceef-2adf-827ade9689e0,2025-12-03,فرع السراج,اكل,10.000,old_id=210001039,210001039
651d1bbd-e053-6600-c4fe-c39ceeeb9465,2026-01-15,فرع السراج,اكل,10.000,old_id=210001134,210001134
963441b9-5700-e34c-64cf-d76f030493e6,2026-04-11,فرع 11 يونيو,ماء,55.000,old_id=310001461 | ماء,310001461
ea5796e7-23b4-55ed-e7a2-1583d336f6b3,2026-01-22,فرع السراج,اكل,10.000,old_id=210001148,210001148
14172efe-db3e-c786-8bc5-9160090d9ce8,2024-12-11,فرع السراج,سليم مشتريات,5000.000,old_id=310000017,310000017
783cf33f-c018-0755-2c0e-61fe4509c678,2026-01-24,فرع السراج,أكل,10.000,old_id=210001149,210001149
44b253ff-f05e-4681-7c77-5a3452268fe2,2026-01-25,فرع السراج,مصروف,45.000,old_id=210001150,210001150
8a1ba3ee-d791-c2b5-5764-7b96ab1a0a8b,2026-01-25,فرع السراج,اكل,10.000,old_id=210001151,210001151
14f5b859-2c33-a1a5-1536-01585f3bb481,2026-01-26,فرع السراج,H;G,10.000,old_id=210001152,210001152
5197c7dd-0c9a-3fdb-9ccb-3ba2b7888ac8,2026-01-26,فرع السراج,مصروف,65.000,old_id=210001153,210001153
651c5082-bfcd-2fdc-8a00-c7fc449cf675,2026-01-27,فرع السراج,مصروف,90.000,old_id=210001155,210001155
edb782eb-7175-6e88-6825-feb36f8adb81,2026-01-27,فرع السراج,اكل,10.000,old_id=210001156,210001156
516e7c1a-3af3-94ab-2834-da1b17c77df9,2026-01-28,فرع السراج,مصروف,55.000,old_id=210001157,210001157
1bc1d85f-894c-86ff-a531-5bee694e679f,2026-01-26,فرع 11 يونيو,فارس غزال من مرتب شهر 1,40.000,old_id=310001298 | فارس غزال من مرتب شهر 1,310001298
e734239f-42b7-a2e2-c11d-42c1b3c24826,2025-09-20,فرع السراج,اكل,10.000,old_id=210000869,210000869
e6abadcb-2c27-3dc6-afc9-5f1b815ec581,2026-01-28,فرع السراج,اكل,10.000,old_id=210001158,210001158
9fc31404-60cd-ffd9-db0d-f0db5a7f1d8e,2026-01-29,فرع السراج,مصروف,105.000,old_id=210001159,210001159
379d8fa5-cebb-bf2d-6042-f88ef056dd2f,2026-01-29,فرع السراج,اكل,10.000,old_id=210001160,210001160
afeffdf7-e622-1fcf-b744-79eefd66f408,2026-01-31,فرع السراج,مواد الصحية,500.000,old_id=210001161,210001161
9d7acb55-3c0e-c60b-9cc1-5f29f4eaa3a8,2026-01-31,فرع السراج,مواد البناء,300.000,old_id=210001162,210001162
c312b377-c33e-d847-3bdf-45cfaae2cbe3,2024-12-12,فرع السراج,توصيل فاتورة زبون,25.000,old_id=310000018,310000018
d3008045-539a-1108-4357-6e9ae0bb1292,2025-10-04,فرع السراج,اكل,10.000,old_id=210000912,210000912
a780f547-8f65-cf70-4d9d-a467e535ffa7,2025-12-04,فرع السراج,مصروف,85.000,old_id=210001041,210001041
373d6000-3eb2-1021-7c11-750085aef94b,2025-12-06,فرع السراج,مصروف,90.000,old_id=210001042,210001042
a794def1-a91c-273f-ff35-2949523ac761,2025-12-06,فرع السراج,اكل,10.000,old_id=210001043,210001043
0eee055d-0652-4e9b-e6bc-7705ca009a67,2026-01-22,فرع السراج,مصروف,80.000,old_id=210001147,210001147
3884ff9e-cc3b-7e1e-c03c-a3c934a5aa89,2025-12-31,فرع السراج,وجبة غداء لي 4 اشخاص,92.000,old_id=310001236 | وجبة غداء لي 4 اشخاص,310001236
e2825e88-e926-0901-edf3-0673524277c5,2025-12-31,فرع السراج,تسكير حساب محمد عبدالجليل المكتب الاعلامي لي شهر 12,550.000,old_id=310001249 | تسكير حساب محمد عبدالجليل المكتب الاعلامي لي شهر 12,310001249
af7dfe5f-bde2-e3eb-d7ea-d435caef1ebc,2026-02-03,فرع السراج,مصروف,50.000,old_id=210001176,210001176
fb1a3415-0bca-7280-5a65-f8e73adefbb3,2026-02-03,فرع السراج,اكل,10.000,old_id=210001177,210001177
591ee532-ec24-efbb-cbe5-85e7d555583b,2026-01-31,فرع السراج,قهواء عربية,100.000,old_id=210001165,210001165
d938a34f-8c80-ba02-da78-a8282fa1c8de,2026-01-31,فرع السراج,مصعب الفاندي,700.000,old_id=210001178,210001178
1bb6d1a1-8b51-8d56-2e37-e585fb76ad08,2026-02-01,فرع السراج,مصروف,170.000,old_id=210001166,210001166
336d2875-06f4-e370-3e8f-a7b124cb8418,2026-02-01,فرع السراج,صيانة باب المرش,100.000,old_id=210001167,210001167
f740cf87-0e8b-d185-9a5a-480b745c807d,2025-10-11,فرع السراج,مصروف,25.000,old_id=210000917,210000917
cdc03786-f9e7-73ef-e923-58ba7cabf6a4,2025-12-07,فرع السراج,مصروف,80.000,old_id=210001045,210001045
7a18a0f3-a87b-ba7d-828f-c1e6d36f8faf,2026-02-01,فرع السراج,مصروف,50.000,old_id=210001168,210001168
2116778d-af0f-11de-0ba0-26824033fa7e,2026-01-31,فرع 11 يونيو,قضية غداء,30.000,old_id=310001306 | قضية غداء,310001306
d1dc0d67-94c8-0630-f981-49b5afa35bd3,2026-02-01,فرع السراج,اكل,10.000,old_id=210001169,210001169
2fd87712-b5e8-ac44-510d-eda551223577,2026-02-01,فرع السراج,تنظيف محل,160.000,old_id=210001170,210001170
0c65bc3c-9e8d-9e21-6d54-62ab9f4a1b99,2026-01-31,فرع السراج,تصكير حساب جعفر شهر 1,800.000,old_id=210001171,210001171
aa336dee-042a-f4fb-564d-9cdfbe80e33c,2026-02-02,فرع السراج,من جنزور الي سراج,40.000,old_id=210001172,210001172
b41e30cf-eb96-3ad1-6fd2-c4ac2d3b5bb9,2025-12-07,فرع السراج,اكل,10.000,old_id=210001046,210001046
b08b9a82-05d8-e6ff-ec1d-ea000275219f,2026-02-02,فرع السراج,تنزيل بضاعة,10.000,old_id=210001173,210001173
c4628998-11c2-608d-11a2-50f3a56190da,2026-02-02,فرع السراج,مصروف,50.000,old_id=210001174,210001174
53dcabbe-2c7e-8308-f6b6-513f1302c112,2026-02-02,فرع السراج,اكل,10.000,old_id=210001175,210001175
fcbdecd1-2a9f-c613-e9cc-65715e731d63,2025-12-08,فرع السراج,مصروف,75.000,old_id=210001047,210001047
a3264c2a-5a9a-10e4-66bb-816ceedd5cdb,2025-12-08,فرع السراج,اكل,10.000,old_id=210001048,210001048
3571dfdf-1d8d-687c-89a1-7dbe9d2efb97,2025-12-09,فرع السراج,مصروف,75.000,old_id=210001049,210001049
58de1ca0-9558-894d-7a32-d8cf62519da0,2025-12-09,فرع السراج,اكل,10.000,old_id=210001050,210001050
7abb98b6-98f2-33f1-04c1-63ff44e8d333,2025-12-10,فرع السراج,مصروف,85.000,old_id=210001051,210001051
a88cdf13-0ce3-1301-bbc8-d3c12b9b97c7,2025-12-10,فرع السراج,اكل,10.000,old_id=210001052,210001052
618a8e0b-129d-a4ba-f6c4-4d16ba71c84d,2026-01-31,فرع السراج,مصروف,60.000,old_id=210001164,210001164
ac739a28-4396-9192-ea6c-3f7056938b6e,2026-02-04,فرع السراج,اكياس مبيعات,110.000,old_id=210001181,210001181
2d82c49e-7758-8200-8a07-bb4734bf59e4,2026-02-04,فرع السراج,مصروف,55.000,old_id=210001182,210001182
bf9e888b-434a-35c2-51d1-bc4250b7c827,2026-02-04,فرع السراج,اكل,10.000,old_id=210001183,210001183
4e454704-8ce5-a4e4-fdd2-2934227c05af,2026-02-05,فرع السراج,مصروف,70.000,old_id=210001184,210001184
52c37c32-bac1-df35-8916-548c94c6cdf4,2026-02-05,فرع السراج,اكل,10.000,old_id=210001185,210001185
3e727d5c-5b0f-f08f-5260-75324754a555,2026-02-07,فرع السراج,مصروف,45.000,old_id=210001186,210001186
48ea5999-75e9-b78e-2f94-a917895bfb47,2026-02-07,فرع السراج,اكل,10.000,old_id=210001187,210001187
69141542-2f5c-b2f0-4887-a7cb91921e5c,2026-02-07,فرع السراج,جعفر من مرتب شهر 2,50.000,old_id=210001188,210001188
b448476e-eb1c-291d-7e0d-49b6f1e3f706,2026-02-08,فرع السراج,مصروف,65.000,old_id=210001189,210001189
b8a9d8f7-8021-1a2d-5857-262d429856a7,2026-02-08,فرع السراج,اكل,10.000,old_id=210001190,210001190
0ada0168-63de-40d7-4af5-04673d4d13fe,2026-02-09,فرع السراج,مصروف,55.000,old_id=210001191,210001191
3ad23d31-9fae-3359-692a-76dd197f19e5,2026-02-09,فرع السراج,اكل,10.000,old_id=210001192,210001192
9b2f4aa9-ec14-6b0a-fdac-d14122f75131,2026-02-03,فرع 11 يونيو,قضية غداء,30.000,old_id=310001315 | قضية غداء,310001315
22b03674-f9ee-c861-ea14-cbd513457915,2025-10-14,فرع السراج,مصروف,95.000,old_id=210000924,210000924
b875b3b2-dbeb-ae6e-4e12-3d9b2b1fb25f,2025-12-11,فرع السراج,اكل,10.000,old_id=210001054,210001054
32a704a2-b773-6454-5400-fa948f4674a6,2025-12-13,فرع السراج,مصروف,90.000,old_id=210001055,210001055
ffc1edbf-f308-bf39-50af-8d435ddbd14b,2025-12-13,فرع السراج,اكل,10.000,old_id=210001056,210001056
18660190-cb3c-613d-f7d7-5fb1a08ec753,2025-12-14,فرع السراج,مصروف,95.000,old_id=210001057,210001057
dd5db8cd-2a43-9f3a-8043-557a4737ec9c,2025-12-14,فرع السراج,اكل,10.000,old_id=210001058,210001058
57371dbf-aeac-8649-14a1-caa92b22e77a,2025-12-15,فرع السراج,مصروف,100.000,old_id=210001059,210001059
0743560b-aec3-e159-2d85-32f36066ba1e,2025-12-15,فرع السراج,اكل,10.000,old_id=210001060,210001060
eb66f150-c52f-0418-bd28-0be5128fd1eb,2025-12-16,فرع السراج,مصروف,85.000,old_id=210001061,210001061
6968670a-f672-674c-b9b3-765ebfff9bef,2025-12-16,فرع السراج,اكل,10.000,old_id=210001063,210001063
cce3d217-d350-c705-cc1a-4a45494210b9,2025-12-17,فرع السراج,مصروف,135.000,old_id=210001064,210001064
0c82b2e2-0a31-adf1-b6c6-48180a1e82b3,2025-12-17,فرع السراج,اكل,10.000,old_id=210001065,210001065
70852f52-4d7c-909f-9c23-842c4d2dc67e,2025-12-18,فرع السراج,مصروف,575.000,old_id=210001066,210001066
e6b2aa8c-45ce-0e61-d193-d5406f25f9d7,2025-12-18,فرع السراج,مصروف,178.000,old_id=210001067,210001067
f925fed1-2d53-6795-7125-58d1f687e663,2025-12-18,فرع السراج,من11يونيوا الي سراج,25.000,old_id=210001068,210001068
30df5aa8-91d1-fdde-c341-ebdc692def3a,2025-12-18,فرع السراج,مصروف,85.000,old_id=210001069,210001069
e2fb6b51-71d8-c429-915e-3420fc54f404,2026-01-31,فرع السراج,احمد الفاندي,1600.000,old_id=210001180,210001180
ced40eda-e1b4-d82c-459c-7031fbb41418,2026-02-11,فرع السراج,اكل,10.000,old_id=210001196,210001196
cfb97507-8175-99d1-cc97-f90d0c33e79e,2026-02-11,فرع السراج,خدمة جبس بورد,600.000,old_id=210001197,210001197
c2c2f510-e530-3639-bda3-1df84aef9e11,2026-02-12,فرع السراج,سقالة +نقل,60.000,old_id=210001198,210001198
449972fd-fbb4-7426-0a6b-cf5a5d985bc9,2026-02-12,فرع السراج,مصروف,70.000,old_id=210001199,210001199
609eeebf-1a3a-4903-20a4-3c92987816d8,2026-02-12,فرع السراج,اكل,10.000,old_id=210001200,210001200
38a5ae74-add1-473f-79c4-d88280297af2,2026-02-14,فرع السراج,مصروف,45.000,old_id=210001201,210001201
4d1b3297-89e4-7c59-d3c6-bcfe890e3c4a,2026-02-14,فرع السراج,اكل,10.000,old_id=210001202,210001202
2a478dc2-89b3-0c16-16b9-6bcfabe1cb5e,2026-02-15,فرع السراج,مصروف,45.000,old_id=210001203,210001203
f2c0de6c-035c-a746-88e0-96f1f327c099,2026-02-15,فرع السراج,اكل,10.000,old_id=210001204,210001204
28b681c6-4b6b-4836-2b11-73dab29cac8f,2026-02-16,فرع السراج,مصروف,85.000,old_id=210001206,210001206
a404ae35-d520-91a1-d09b-8357e91bb01d,2026-02-16,فرع السراج,اكل,10.000,old_id=210001207,210001207
ab7aa377-4adb-f0dd-8b18-44878e8fe106,2026-02-17,فرع السراج,مصروف,15.000,old_id=210001208,210001208
25fce5b3-a82b-02c9-3877-5cc398a39dc9,2026-02-10,فرع 11 يونيو,بخور,45.000,old_id=310001332 | بخور,310001332
4e140a6f-66a8-2907-e5bb-86a46e068a69,2025-10-15,فرع السراج,تنزيل بضاعة,20.000,old_id=210000929,210000929
7f92a03f-697d-1ca7-2cca-38715bebb843,2025-12-31,فرع السراج,فارس غزال صافي شهر 12,1225.000,old_id=310001245 | فارس غزال صافي شهر 12,310001245
3bdb3619-13a8-d939-880e-cdce2d22736a,2025-12-31,فرع السراج,عبدالله ابومصعب خالص شهر 12 صافي,1065.000,old_id=310001246 | عبدالله ابومصعب خالص شهر 12 صافي,310001246
5a8ec0bb-df05-f57c-69cb-99af5d189506,2025-12-31,فرع السراج,عبدالله النيجر حساب شهر 12 صافي,1100.000,old_id=310001247 | عبدالله النيجر حساب شهر 12 صافي,310001247
46d00d38-578d-005b-1553-35f494c0be02,2025-12-20,فرع السراج,مصروف,85.000,old_id=210001071,210001071
f0a15352-87d1-b883-f144-cf91a0e9036f,2025-12-25,فرع السراج,مصروف,95.000,old_id=210001082,210001082
ae47b39d-3a90-88e9-26d2-50d112f51db7,2026-01-04,فرع السراج,مصروف,55.000,old_id=210001107,210001107
95c79c4d-b028-574f-cf05-ff3d106579dd,2026-01-08,فرع السراج,اكل,10.000,old_id=210001118,210001118
cc2367f2-f5f5-9159-b626-0320e0b443ba,2026-01-15,فرع السراج,مصروف,95.000,old_id=210001133,210001133
06a98738-fc45-08fb-6f7a-38e0b8cf7282,2026-01-21,فرع السراج,اكل,10.000,old_id=210001146,210001146
792433ec-6286-23dc-6df1-e93e6fe3aca6,2026-02-11,فرع السراج,مصروف,65.000,old_id=210001195,210001195
5bd710e8-725c-1925-1bd3-a906a01b9931,2026-02-22,فرع السراج,تنزيل بظاعة,30.000,old_id=210001216,210001216
af2ac8e2-521e-4e5c-46a6-e11f98ac0200,2026-02-23,فرع السراج,اكل,10.000,old_id=210001217,210001217
9e9fe079-ae41-5476-a52b-6892fb3f5e1d,2026-02-24,فرع السراج,اكل,10.000,old_id=210001218,210001218
22cab7b1-c730-ae7c-09a0-9589953d0d7c,2026-02-25,فرع السراج,اكل,10.000,old_id=210001219,210001219
a533dad3-5581-10cb-d786-cd01554946db,2026-04-15,فرع السراج,حوالة,145.000,old_id=210001300,210001300
ac1cebb5-9481-2aef-8383-43c08d0214ba,2025-11-09,فرع السراج,اكل,10.000,old_id=210000989,210000989
5f306605-ced9-8415-3dac-95477cdc9700,2025-11-17,فرع السراج,مصروف,80.000,old_id=210001003,210001003
c12bcb25-34a8-1504-38b7-c88b6f11d052,2025-12-03,فرع السراج,من مرتب شهر 12 جعفر العامل,200.000,old_id=210001040,210001040
6c35eb7d-3e78-0adb-8fe0-d62a8f77a356,2025-12-31,فرع السراج,عبدالله من شهر 12,5.000,old_id=310001239 | عبدالله من شهر 12,310001239
589beb75-e04c-da35-6dd6-bc7456c185c6,2025-12-07,فرع السراج,قهوا عربية,100.000,old_id=210001044,210001044
1ba144b5-74d8-7f3e-b26b-73a5ba557636,2026-01-31,فرع السراج,عبد السلام الفاندي تصكير حساب,1000.000,old_id=210001179,210001179
cba68b14-1315-69b8-582a-fd3c59f6ebc4,2026-02-10,فرع السراج,اكل,10.000,old_id=210001194,210001194
5c4b5275-9148-5987-8768-e786e6520310,2026-02-17,فرع السراج,اكل,10.000,old_id=210001209,210001209
898818a2-1851-c895-bd90-7f40e358047d,2026-02-18,فرع السراج,مصروف,50.000,old_id=210001211,210001211
ed79f904-3344-217c-0c49-d2efd952a310,2026-02-18,فرع السراج,اكل,10.000,old_id=210001212,210001212
c1e01796-3e7d-bf2d-a3c6-37a0c4b9590b,2026-02-19,فرع السراج,اكل,10.000,old_id=210001213,210001213
e21c9eae-824c-ec07-68a9-5c6eb377703b,2026-02-21,فرع السراج,اكل,10.000,old_id=210001214,210001214
b329a97a-fa0f-e3a2-930e-2bc7b1138452,2026-02-22,فرع السراج,اكل,10.000,old_id=210001215,210001215
c1739d36-af65-2ed7-2289-66c60b933594,2026-04-19,فرع السراج,من جنزور الي سراج,50.000,old_id=210001310,210001310
1759b373-9a40-d1ab-f158-a5e6edfc6f06,2026-02-17,فرع 11 يونيو,قضية فطور,43.000,old_id=310001349 | قضية فطور,310001349
bf510b32-a33d-8123-ad16-5984abad00cf,2026-03-06,فرع 11 يونيو,سليم-مكينة حلاقة,16.000,old_id=310001429 | سليم-مكينة حلاقة,310001429
16e58ec0-71e6-c3b4-c9af-42d9ce0b2d7d,2026-02-28,فرع السراج,تنزيل بضاعة,10.000,old_id=210001222,210001222
6df9d003-24f0-afe4-d757-5b567da0a9d1,2026-03-02,فرع السراج,عاملة يومية,80.000,old_id=210001231,210001231
caeea33d-8798-867e-3745-1b4aaeb62824,2026-03-03,فرع السراج,اكل,10.000,old_id=210001232,210001232
79927f3f-d1e0-cc25-93a7-648010210e00,2026-03-04,فرع السراج,اكل,10.000,old_id=210001233,210001233
6c6c317a-c5a5-908e-eda7-a3e5abf57e2a,2026-03-05,فرع السراج,اكل,10.000,old_id=210001234,210001234
b7042eb2-a627-05d2-402c-d7493fc005ca,2026-03-07,فرع السراج,اكل,10.000,old_id=210001235,210001235
dd4cac9e-2c6c-295b-3869-01a46978c84e,2026-02-28,فرع السراج,من دعوة الي سراج,40.000,old_id=210001224,210001224
4a518003-90a5-7492-de6b-1dbbed23ec86,2026-03-08,فرع السراج,اكل,10.000,old_id=210001236,210001236
d6cddb17-b432-3630-66b0-14bd457a31be,2026-02-28,فرع السراج,من المحل الي زبون,30.000,old_id=210001225,210001225
0b1d19e4-e914-e868-1803-d0b21ff01475,2026-02-28,فرع السراج,جعفر العامل,500.000,old_id=210001228,210001228
df829db5-ec79-8d15-952f-e249d58c2709,2026-02-28,فرع السراج,احمد الفاندي,1800.000,old_id=210001226,210001226
a610e3ee-572d-8e0d-9680-f405126b2afc,2026-02-28,فرع السراج,مصعب الفاندي,350.000,old_id=210001227,210001227
54598a04-e4fc-c511-f32f-eff9db4a1087,2026-03-08,فرع السراج,جعفر عامل سراج,50.000,old_id=210001237,210001237
23138700-b866-7c63-9be5-35e844eece98,2026-03-01,فرع السراج,اكل,10.000,old_id=210001229,210001229
f6ba9f91-1cb9-380b-89dd-56f52481c064,2026-03-02,فرع السراج,اكل,10.000,old_id=210001230,210001230
dbbd7058-e170-d50d-d1a2-95b084ececc5,2026-03-09,فرع السراج,اكل,10.000,old_id=210001238,210001238
15530ca6-3afd-8906-c4a9-6c1975c15862,2026-03-10,فرع السراج,اكل,10.000,old_id=210001239,210001239
24081809-0314-1d20-7f6f-7b1273f63eac,2026-03-11,فرع السراج,مصروف,35.000,old_id=210001240,210001240
6aa87fdb-0829-9b33-87de-1043e4cfba82,2026-02-25,فرع 11 يونيو,ابو مصعب من مرتب شهر 2,150.000,old_id=310001370 | ابو مصعب من مرتب شهر 2,310001370
15d38816-bdf6-c649-48ea-5c88e51a1e23,2026-02-28,فرع السراج,اكل,10.000,old_id=210001221,210001221
d8eaae54-fabf-c2c6-408b-fa5596fbef24,2024-12-15,فرع السراج,ضاضوات,5.000,old_id=310000024,310000024
27ed7582-2791-1744-d8d1-b72834e63c7f,2024-12-15,فرع السراج,غداء  6  اشخاص,160.000,old_id=310000025,310000025
c07a5544-e9e9-2ede-b4e5-b6207ddff879,2024-12-15,فرع السراج,معطر ارضيات / صابون يد /وركينة,27.500,old_id=310000026,310000026
f3290f2e-7c68-c770-f7fe-1fa284b85448,2024-12-15,فرع السراج,غيار معطر/ قرص معطر حمام 4/ مكنسة كاملة بالتوصيل,58.500,old_id=310000027,310000027
0bb278e3-d5e5-5395-2cba-cff2a81d05da,2024-12-15,فرع السراج,مشتريات / سليم حبيب السريحي,5000.000,old_id=310000028,310000028
d0aae577-da75-331f-3164-a767211089f6,2025-12-11,فرع السراج,مصروف,45.000,old_id=210001053,210001053
7aebe903-ae14-f91d-4c14-0889de7320cf,2025-12-18,فرع السراج,اكل,10.000,old_id=210001070,210001070
71685390-2116-7052-c1d1-f1b4e8208bad,2025-12-29,فرع السراج,توصيل سالم لي الزبون السبعه ايمن المهندس,70.000,old_id=210001093 | توصيل سالم لي الزبون السبعه ايمن المهندس,210001093
76a8642e-cb7b-117f-2f0a-0fb4dba8ed19,2026-03-14,فرع السراج,اكل,10.000,old_id=210001244,210001244
bcfad7aa-8b0c-10d5-9875-7a2546966e38,2026-03-15,فرع السراج,اكل,10.000,old_id=210001245,210001245
a1d80246-86e5-b92d-9419-8d3682b2dcb4,2026-03-16,فرع السراج,اكل,10.000,old_id=210001246,210001246
9f2d9277-6257-6a3d-b5eb-e8cf5443eaef,2026-03-17,فرع السراج,اكل,10.000,old_id=210001247,210001247
add18623-ed19-1403-e2e3-44c00c51124e,2026-05-05,فرع السراج,قهواء عربية حوالة,60.000,old_id=210001359,210001359
01d2489e-b9e1-7636-4257-b545cee73f3a,2024-11-28,فرع السراج,فاتورة رقم,50.000,old_id=310000006 | فاتورة رقم,310000006
e1f3d829-6e2f-d535-24ba-6ad1f6683cb9,2024-12-09,فرع السراج,موخيتو,25.000,old_id=310000007 | مشتريات موخيتو سليم,310000007
c5c9e8a0-6ac7-d974-3e38-0967039749a5,2025-12-29,فرع السراج,من سراج الي دعوة الي شركة في السبعة مهندس ايمن,80.000,old_id=210001089,210001089
da549783-7c7f-7357-b64b-fd743ffe935a,2024-12-09,فرع السراج,ملمع زجاج,5.000,old_id=310000008 | ملمع زجاج,310000008
380131f7-46c7-09a4-9112-9528ff20eaae,2026-02-10,فرع السراج,مصروف,50.000,old_id=210001193,210001193
472a3518-2933-7c72-f444-478721028a8a,2026-02-25,فرع 11 يونيو,معاش عبد الله نيجر لشهر 2,1100.000,old_id=310001395 | معاش عبد الله نيجر لشهر 2,310001395
67177363-96e3-cd66-9c76-1c478b644aeb,2024-12-15,فرع السراج,توصيل طلبية زبون,20.000,old_id=310000029,310000029
bf7c2be9-7aba-1000-0a45-51d34da3a6b7,2024-12-16,فرع السراج,3 شاهي / 3 كابتشينو/سكر / ملاعق,152.000,old_id=310000030,310000030
8228155c-3110-c3af-a33d-bad596e3f468,2025-12-31,فرع السراج,عبدالله ابو مصعب من شهر 12,5.000,old_id=310001243 | عبدالله ابو مصعب من شهر 12,310001243
5838b983-de22-4a04-9978-df6992119d4b,2025-12-31,فرع السراج,فارس من حساب شهر 12,20.000,old_id=310001241 | فارس من حساب شهر 12,310001241
c4d660b7-f8bf-1618-208f-43754f03eca3,2024-12-21,فرع السراج,علي بشير,710.000,old_id=310000046,310000046
d6599f09-96ef-c815-8e9d-e59e54284fda,2026-01-17,فرع السراج,اكل,10.000,old_id=210001137,210001137
f4eb62e7-1905-4eae-b16f-97305705caa0,2026-01-31,فرع السراج,اكل,10.000,old_id=210001163,210001163
839ce085-ea49-1910-97a2-73de38a88205,2026-02-15,فرع السراج,تنزيل فاتورة,20.000,old_id=210001205,210001205
9d3ef76d-d4d4-7cac-325c-6cd705a4a5a1,2026-02-17,فرع السراج,جعفر من مرتب شهر 2,450.000,old_id=210001210,210001210
daaf3b27-53d6-daf0-2d04-bc6d0ad41a48,2026-02-26,فرع السراج,اكل,10.000,old_id=210001220,210001220
bbdd0f8d-c57a-d104-5670-510b2396c87d,2026-02-28,فرع السراج,من دعوة الي سراج,40.000,old_id=210001223,210001223
ccf30db1-89ea-914e-03dd-576e7da89c77,2026-03-11,فرع السراج,اكل,10.000,old_id=210001241,210001241
186c7486-693f-b259-5bc0-332da058c9ef,2026-03-12,فرع السراج,اكل,10.000,old_id=210001242,210001242
97c95681-b6d6-e1d8-b1d4-b3c9492259e0,2026-03-14,فرع السراج,احمدعبدالمجيد الفاندي,100.000,old_id=210001243,210001243
e418b59d-a678-c237-cbc2-982ca99190d7,2026-04-15,فرع السراج,من سراج الي دعوة ومن دعوة الي 11يونيوا ومن 11يونيوا الي سراج,140.000,old_id=210001302,210001302
6d1bf8a9-e725-7b4f-90fc-653c0a5e3f2a,2024-12-09,فرع السراج,غذاء,125.000,old_id=310000010 | غذاء 6 أشخاص,310000010
3a888247-2633-b9a7-68dd-6a8538bf6971,2024-12-09,فرع السراج,معطر ارضية,15.000,old_id=310000011,310000011
4ab34e34-b350-6f6a-0fc8-e6a02986b0ab,2026-03-24,فرع السراج,حوالة,108.000,old_id=210001252,210001252
73e727e0-5461-75be-4a90-87d8271ff7cf,2026-03-24,فرع السراج,ماء شرب   //حوالة,120.000,old_id=210001248,210001248
f8880e78-7bf7-f5c3-5b1b-548c42d832a9,2026-03-24,فرع السراج,حوالة,127.000,old_id=210001249,210001249
6efbc668-3c6a-6e86-a338-e1e9051cdbff,2026-03-24,فرع السراج,حوالة,854.000,old_id=210001250,210001250
de9a9bc7-e549-2b99-6dc4-2dbc7de82b3f,2026-03-24,فرع السراج,اكل,10.000,old_id=210001253,210001253
e0bca342-b6f0-681f-cf87-6c7ee6bd56ed,2026-03-18,فرع السراج,اكل,10.000,old_id=210001254,210001254
cdac39ad-504a-dbcd-134c-90f4ca4ed3de,2026-03-25,فرع السراج,h;g,70.000,old_id=210001255,210001255
346b0e7b-025d-5e50-cbd9-28d31f188b72,2026-03-25,فرع السراج,اكل,10.000,old_id=210001256,210001256
857c40ef-fa08-c597-bd23-5142275a407b,2026-03-26,فرع السراج,مصروف,70.000,old_id=210001257,210001257
acaba045-743a-e778-8a72-c96b4b29014a,2026-03-26,فرع السراج,اكل,10.000,old_id=210001258,210001258
a30dea7c-976a-8559-f6b7-710577ab2553,2026-03-28,فرع السراج,مصروف,50.000,old_id=210001259,210001259
e0bf53fb-f764-cbdf-ec26-526d31f8b92b,2026-03-28,فرع السراج,اكل,10.000,old_id=210001260,210001260
61c0f2c1-6e8e-3148-fde5-f52d1abb2e8e,2026-03-29,فرع السراج,اكل,10.000,old_id=210001262,210001262
09437f40-8385-f186-34d0-924d35101eb0,2026-03-29,فرع السراج,حوالة,90.000,old_id=210001261,210001261
ac3e0c34-94e0-9580-ff0d-07a977eb0af2,2026-03-24,فرع السراج,حوالة,151.000,old_id=210001251,210001251
03e703ee-4523-9079-c9d5-c5d8233dcbb1,2026-05-06,فرع السراج,حوالة,40.000,old_id=210001360,210001360
931a74e0-4dac-182c-5f72-8ce6a33892ad,2026-05-06,فرع السراج,اكل,10.000,old_id=210001361,210001361
463bdd11-1b9e-537b-b4f1-c0bffd23c9b7,2026-03-29,فرع 11 يونيو,قضية غداء,110.000,old_id=310001413 | قضية غداء,310001413
a1fc836a-9cff-8220-4665-fb3de4d9ae09,2026-03-30,فرع السراج,اكل,10.000,old_id=210001264,210001264
43aefe2a-9997-43cb-58b4-4dc5593f312b,2026-05-09,فرع السراج,حوالة,50.000,old_id=210001364,210001364
a80d02fb-e4fd-0ebf-0e8f-220563cec4ee,2026-03-31,فرع السراج,اكل,10.000,old_id=210001266,210001266
8810e1b7-8adf-60ad-01b3-1acb9e3b4c43,2026-03-31,فرع السراج,حوالة,80.000,old_id=210001265,210001265
d9b560f2-1fb3-7c6d-ae77-c5491420102f,2026-03-30,فرع السراج,حوالة,55.000,old_id=210001263,210001263
f4933d20-1446-f46c-8e53-e61460d7bdfc,2026-05-09,فرع السراج,اكل,10.000,old_id=210001365,210001365
1a322938-8ad7-36ee-6ee2-06e889cebf16,2024-12-10,فرع السراج,غداء 6 اشخاص,110.000,old_id=310000012 | غداء 6 اشخاص  بشير,310000012
b5c3ebed-00c8-61c6-19d1-6c757b7c4d02,2024-12-10,فرع السراج,مياه,20.000,old_id=310000013 | 4 استيكات مياه شيشة,310000013
85a84f5d-1e60-4a3d-544b-13c2061ea502,2024-12-14,فرع السراج,رولة تغليف نايلو,45.000,old_id=310000019,310000019
5544c5f7-17de-f18d-74f7-4dd430486997,2024-12-14,فرع السراج,غداء 6 اشخاص,165.000,old_id=310000020,310000020
d1394e82-9969-cb27-005f-4b4610cf3951,2024-12-14,فرع السراج,من الدعوة الاسلامية الى السراج ومن السراج الي 11 يونيو,120.000,old_id=310000021,310000021
23bc4ee1-1f02-1ade-ec7f-e0b269b95b6a,2026-03-31,فرع السراج,تصكير حساب جعفر شهر 3,950.000,old_id=210001267,210001267
8f5b8064-8b25-1b08-310b-8feb6cf4f0d4,2026-04-11,فرع 11 يونيو,نقل بضاعة من جنزور ل11يونيو,120.000,old_id=310001466 | نقل بضاعة من جنزور ل11يونيو,310001466
6143854d-f0e8-8795-52e4-6f8cc4fb11ad,2026-05-07,فرع السراج,حوالة,40.000,old_id=210001362,210001362
f95794fc-6aa7-75b3-ac45-20ad0e91afe7,2026-05-07,فرع السراج,اكل,10.000,old_id=210001363,210001363
cb61f629-08d6-6e18-3222-827dff568ddd,2026-04-11,فرع 11 يونيو,غداء  يوم08/04,70.000,old_id=310001464 | غداء  يوم08/04,310001464
9e9807b4-773d-5d51-44bd-dffda977cd39,2026-04-11,فرع 11 يونيو,غداء يوم 09/04,70.000,old_id=310001465 | غداء يوم 09/04,310001465
83b09f3a-cd6b-c1df-5a9a-6228c13d79df,2026-03-30,فرع 11 يونيو,لحم-بطاقة,78.000,old_id=310001415 | لحم-بطاقة,310001415
13d8de7a-a9ae-10d7-0a09-137b86c8516b,2026-05-06,فرع 11 يونيو,احسان بن عمر,2000.000,old_id=310001549 | احسان بن عمر,310001549
c9fc7fee-5823-0e1b-4be5-67bea30b9511,2026-05-07,فرع 11 يونيو,سليم-بطاقة,93.000,old_id=310001550 | سليم-بطاقة,310001550
ae6d8594-d652-7336-9086-44acf2e04a6f,2026-05-09,فرع السراج,نقل كناسة,40.000,old_id=210001366,210001366
a8d7b76a-8f20-fa12-82a8-9afe6b6b495d,2026-04-02,فرع السراج,اكل,10.000,old_id=210001271,210001271
349dddb7-fbc3-4780-fad0-3f788c179ebd,2026-04-04,فرع السراج,عبدالله سوداني ترتيب مخزن,50.000,old_id=210001274,210001274
1699aa6d-fbbc-c810-c67b-dca22acdefc8,2026-03-31,فرع السراج,احمد محمد الفاندي,1800.000,old_id=210001275,210001275
910bee24-20c6-cf1d-88df-c0c64623f7c0,2026-03-31,فرع السراج,احمد عبد المجيد الفاندي,770.000,old_id=210001276,210001276
02437c86-9285-8f68-91b6-d1ec2900acc8,2026-04-05,فرع السراج,حوالة,45.000,old_id=210001277,210001277
52ea0abd-7121-3d1d-abe2-422046caf230,2026-04-05,فرع السراج,اكل,10.000,old_id=210001278,210001278
3a6163f4-a368-28d7-4095-fe9af38c0996,2026-04-06,فرع السراج,مصروف,50.000,old_id=210001279,210001279
5a1751fa-ad36-0bc3-18a8-dc44029482fa,2026-04-06,فرع السراج,اكل,10.000,old_id=210001280,210001280
80cbbd8e-bfb2-a2d2-58f8-bc62694d72f7,2026-03-31,فرع السراج,معاش مصعب الفاندي شهر 3,800.000,old_id=210001281 | معاش مصعب الفاندي شهر 3,210001281
ce731b7f-3aa4-1bc0-fa9a-539f9f3b7b11,2026-04-07,فرع السراج,حوالة,50.000,old_id=210001282,210001282
b0bbb8c1-ef1f-d240-4af0-3e2dac11e491,2026-04-01,فرع السراج,حوالة,95.000,old_id=210001268,210001268
89955d10-25df-5389-f932-87e4f43c976f,2026-04-04,فرع السراج,حوالة,70.000,old_id=210001272,210001272
09122c84-bbb0-7046-f382-ab169a6484e2,2024-12-16,فرع السراج,علي مرتب موسي,100.000,old_id=310000034,310000034
5bbe47c9-bcda-9c92-26d5-4e4f8c51a61d,2024-12-16,فرع السراج,بشير عن شهر 12,1500.000,old_id=310000035 | بشير عن شهر 12,310000035
fdef4bf6-c1f3-0e59-d53e-fc3f5845f6b5,2026-04-04,فرع السراج,اكل,10.000,old_id=210001273,210001273
92a3b514-2f2c-8933-6f41-1ee0bcfcf754,2024-12-16,فرع السراج,ضرائب ميزانية 2023,625.000,old_id=310000036 | ضرائب ميزانية 2023,310000036
4cb3102e-7d96-4fe1-a266-7f71eede3c8e,2024-12-21,فرع السراج,غداء 5 اشخاص,110.000,old_id=310000047,310000047
6e17d66f-6293-6c91-7452-11890e74f0a1,2024-12-21,فرع السراج,نقل من الدعوة الاسلامية الى 11 يونيو,80.000,old_id=310000048,310000048
40dbab2c-e4e3-9c60-1203-7824e1426ca3,2024-12-22,فرع السراج,توصيل بضاعة الزبائن عين زارة والخلة,70.000,old_id=310000050,310000050
97b83c4c-9c4d-9650-7da0-81bcc022ca5f,2026-04-01,فرع السراج,اكل,10.000,old_id=210001269,210001269
3080859b-22c9-98fe-92ef-4ea36c3886fd,2026-04-02,فرع السراج,حوالة,40.000,old_id=210001270,210001270
adeabb32-6e3b-c976-f3b1-ac2609b780b9,2026-04-12,فرع 11 يونيو,غداء,75.000,old_id=310001472 | غداء,310001472
85fe8947-d79b-8daf-f9ab-62ac2f135034,2026-03-24,فرع 11 يونيو,مصروف,80.000,old_id=310001404,310001404
afb046dc-172c-05d6-14b6-599efe6484f7,2026-04-04,فرع 11 يونيو,سليم-بطاقة,654.580,old_id=310001451 | سليم-بطاقة,310001451
666227c5-9888-850f-9b25-802a52eaa43c,2026-04-07,فرع السراج,اكل,10.000,old_id=210001283,210001283
55d9f5d1-96ff-82d4-7d71-01e4a6d1ce0c,2026-04-08,فرع السراج,حوالة,45.000,old_id=210001284,210001284
5b340954-4dbe-bd34-864e-80147732fc75,2025-12-31,فرع السراج,اكواب شاهي,6.000,old_id=310001238 | اكواب شاهي,310001238
8811c5a9-05c9-db66-53d0-4d4e2fd56819,2026-04-08,فرع السراج,اكل,10.000,old_id=210001285,210001285
1907ad3e-48f0-c365-565e-c74c9fe3af8d,2024-12-16,فرع السراج,عبد الله عن شهر 12,250.000,old_id=310000037 | عبد الله عن شهر 12,310000037
414269b2-0ded-28cc-2b5e-f915dce72168,2024-12-16,فرع السراج,"مصروفات غير مسجلة من يوم 01 الى يوم 08 شهر 12
أكل+مياه+كروت+مواد تنظيف+تركيب+عمال",1296.000,"old_id=310000038 | مصروفات غير مسجلة من يوم 01 الى يوم 08 شهر 12
أكل+مياه+كروت+مواد تنظيف+تركيب+عمال",310000038
22a33b73-b8ef-f2f9-296f-eb5b5eeb7710,2024-12-18,فرع السراج,علي عبد الرحمن سلفة,5.000,old_id=310000040,310000040
e37bc3fe-2dba-5feb-a2b6-de383bfc8eb4,2026-04-11,فرع السراج,اكل,10.000,old_id=210001290,210001290
55fd8ac6-de6a-59a5-735e-d54013efa8ac,2026-04-11,فرع السراج,حوالة,60.000,old_id=210001291,210001291
8bf9074b-60ac-627c-40ba-0709d83eabdf,2026-05-10,فرع السراج,اكل,10.000,old_id=210001368,210001368
1cadc4d0-be4f-06e0-0f66-4f967f405979,2024-12-22,فرع السراج,مرتب بشير,1400.000,old_id=310000051,310000051
ba7dd1aa-9260-421a-bfa0-cacd62339226,2026-05-10,فرع السراج,حوالة,45.000,old_id=210001367,210001367
18f29019-c103-700c-aba8-a4f87dfcc2e1,2024-12-22,فرع السراج,عبد الرحمن,10.000,old_id=310000052,310000052
7b4bba8a-7014-fd8e-305d-8ef2db476e4b,2025-08-16,فرع السراج,مشروبات,60.000,old_id=310000811 | مشروبات,310000811
5ddd103f-17a4-964f-1e27-87bfa3230883,2026-04-09,فرع السراج,نقل عمال تنزيل حاوية +نقل من جنزور الي سراج,110.000,old_id=210001286,210001286
8be7c844-7821-3528-85ac-5423b496120b,2026-04-09,فرع السراج,فطور عمال تنزيل حاوية مخزن جنزور خالص حوالة,90.000,old_id=210001287,210001287
2d5c84fb-6913-e7e9-7c5d-4877bdf6ee84,2026-04-09,فرع السراج,حوالة,105.000,old_id=210001288,210001288
f2a41cd9-7655-9a04-a7ba-6ebdbdc4d01f,2026-04-09,فرع السراج,اكل,10.000,old_id=210001289,210001289
d519c52c-a7b1-f1eb-a939-ccb5c5877906,2026-04-20,فرع 11 يونيو,وجبة غداء ل4 أشخاص,90.000,old_id=310001486 | وجبة غداء ل4 أشخاص,310001486
9eac91fa-61e9-aad5-f882-2e1dd0ba71a9,2026-05-11,فرع السراج,فاتورة في سراج,20.000,old_id=210001369,210001369
56dccb15-d1d6-db12-9b49-e9653b661c1c,2026-05-11,فرع السراج,فاتورة الي قصر بن غشير,70.000,old_id=210001370,210001370
801b6524-d2a0-5ceb-4c37-857d109e9976,2026-05-11,فرع السراج,تنزيل بضاعة,25.000,old_id=210001371,210001371
0f124988-9058-210b-de2b-cf6a6ec1b8b7,2026-05-11,فرع السراج,مصروف,75.000,old_id=210001372,210001372
f4a582ac-cf91-00dc-639e-ca1d22f5d7c2,2026-05-11,فرع السراج,اكل,10.000,old_id=210001373,210001373
31f1f907-f6a4-75d7-eed5-99f2ef18685a,2026-04-21,فرع 11 يونيو,غداء,90.000,old_id=310001488 | غداء,310001488
1b306dbf-a4a8-6e6a-2e7e-a12d064e960b,2024-12-21,فرع السراج,بشير,20.000,old_id=310000049,310000049
e693762e-472e-9b6a-745f-f9ca08eb50a0,2024-12-19,فرع السراج,غداء 5 أشخاص,115.000,old_id=310000042 | غداء 5 أشخاص,310000042
15957b2c-c338-0bf1-44e0-8ea3427bf441,2024-12-19,فرع السراج,عبد الرحمان,10.000,old_id=310000043 | عبد الرحمان,310000043
6992ac3d-6b54-7442-576b-299ba15b0e80,2024-12-19,فرع السراج,عبد الله,150.000,old_id=310000045 | عبد الله,310000045
3ecc16fe-e0e1-02e8-fc4c-2a62046a9946,2024-12-23,فرع السراج,سليم,1000.000,old_id=310000053,310000053
8b753989-58f2-237f-d337-0eaec347da33,2024-12-26,فرع السراج,مواد منزلية للمحل,155.000,old_id=310000062 | مواد منزلية للمحل,310000062
e52d160f-782f-76cb-4180-51ddc4e9e81c,2024-12-26,فرع السراج,لحم+مواد غدائية+خضار,148.000,old_id=310000063 | لحم+مواد غدائية+خضار,310000063
c9863b63-c421-da0e-c492-b78c72d60ce3,2024-12-26,فرع السراج,علي  ح /سمير,20.000,old_id=310000064,310000064
d88e52aa-e08e-34b8-8e84-7a59126df9b3,2024-12-26,فرع السراج,على ح / بشير,50.000,old_id=310000065,310000065
8c74cda2-8afe-e6ca-6e03-05febba41ad3,2024-12-26,فرع السراج,على ح/ عبد الله,50.000,old_id=310000066,310000066
05dafac8-5ed0-21ab-4411-a2c73bd28718,2024-12-28,فرع السراج,مناديل,15.000,old_id=310000067,310000067
3f20e40c-93b1-55b5-a899-1cd66348170f,2026-05-01,فرع 11 يونيو,سليم-بطاقة,60.000,old_id=310001521 | سليم-بطاقة,310001521
706ffd39-1d01-1c12-5a0a-c2dc7f132fb3,2026-05-09,فرع 11 يونيو,سليم-بطاقة,81.750,old_id=310001557 | سليم-بطاقة,310001557
38eab3c6-6c2b-85f2-361e-37e10fbccce2,2026-05-09,فرع 11 يونيو,شراد طرفين سماعة توريما من M.D.N,390.000,old_id=310001559 | شراد طرفين سماعة توريما من M.D.N,310001559
85c2eba4-2379-cf5e-8d52-882dc4bc9a20,2026-05-10,فرع 11 يونيو,وجبة غداء,70.000,old_id=310001560 | وجبة غداء,310001560
71e90510-1912-c357-8204-9cca38c06cc3,2026-05-11,فرع 11 يونيو,سليم بطاقة,20.000,old_id=310001561 | سليم بطاقة,310001561
5735f168-0ef2-3eab-ebe7-28ba4279e53c,2026-05-11,فرع 11 يونيو,وجبة ل3 أشخاص,60.000,old_id=310001562 | وجبة ل3 أشخاص,310001562
78f4000f-8751-3725-e45e-58fac9ab64b4,2026-05-12,فرع السراج,حوالة,45.000,old_id=210001374,210001374
443034c8-3592-6346-b273-f939056ad696,2026-05-12,فرع السراج,اكل,10.000,old_id=210001375,210001375
a2f6284c-175f-1027-5ee3-f0d93428f347,2026-05-12,فرع السراج,نقل فاتورة,70.000,old_id=210001376,210001376
43c7ca7a-9531-84b9-11ba-640d4223b37a,2026-05-13,فرع السراج,حوالة,50.000,old_id=210001377,210001377
c8c6e52d-2cb1-f81f-f46b-4280556109fe,2026-05-13,فرع السراج,اكل,10.000,old_id=210001378,210001378
be7fd15f-59c1-cd90-3231-1f25b802f87a,2026-05-14,فرع السراج,حوالة,50.000,old_id=210001379,210001379
82b3d796-b2cf-d713-d908-c92771ed4f45,2026-05-14,فرع السراج,اكل,10.000,old_id=210001380,210001380
513bfb95-818b-0236-673e-95997248b36a,2026-05-16,فرع السراج,قهواء عربية حوالة,90.000,old_id=210001381,210001381
b3796cfd-da00-a6e3-ae12-2b987d362afa,2026-05-16,فرع السراج,اكل,10.000,old_id=210001382,210001382
966e2a08-380a-3253-44b9-e2d68a7c0bf9,2026-05-16,فرع السراج,حوالة,50.000,old_id=210001383,210001383
04336c26-d5aa-8ca5-da1f-450a9802ae1c,2026-05-16,فرع السراج,نقل فاتورة,80.000,old_id=210001384,210001384
ec8d5239-f356-1942-72d2-d7b86952c5c1,2026-05-17,فرع السراج,ماء شرب حوالة,70.000,old_id=210001385,210001385
552fdfac-9c20-f89b-e298-dcc471395f5e,2026-05-17,فرع السراج,حوالة,50.000,old_id=210001386,210001386
9ec87b83-df4f-36b0-dc6b-24dde95d9d34,2026-05-17,فرع السراج,اكل,10.000,old_id=210001387,210001387
806a212d-f4c3-50b8-4077-fbc46a270df0,2026-05-13,فرع 11 يونيو,سليم-بطاقة,85.000,old_id=310001570 | سليم-بطاقة,310001570
08da0d10-f068-a1e1-8828-80e2a731d3d3,2026-05-16,فرع 11 يونيو,سليم-بطاقة,19.000,old_id=310001582 | سليم-بطاقة,310001582
e73d9ae9-cb63-9f56-1115-875242fc2455,2026-05-17,فرع 11 يونيو,ورق طابعة-بطاقة,32.000,old_id=310001584 | ورق طابعة-بطاقة,310001584
08f49bbb-8f72-473b-891c-dd3a2e33f662,2026-05-18,فرع 11 يونيو,ماء-بطاقة,92.000,old_id=310001585 | ماء-بطاقة,310001585
70090db8-fc84-ae25-d375-b81f2cf6739a,2026-05-18,فرع 11 يونيو,"سليم-بطاقة
",20.000,"old_id=310001586 | سليم-بطاقة
",310001586
bd516604-d63f-82d6-85f2-dad5dbbe974e,2025-02-01,فرع السراج,تسكير حساب سمير نيجر لشهر واحد,910.000,old_id=310000280 | تسكير حساب سمير نيجر لشهر واحد,310000280
b56a4719-2ae2-adb5-b176-60203bd223aa,2025-01-29,فرع السراج,عشرون دينار لبشير من شهر واحد,20.000,old_id=310000272 | عشرون دينار لبشير من شهر واحد,310000272
cc876d23-e8fb-f61a-9a8e-5d18d3e9466c,2025-02-01,فرع السراج,تسكير حساب عبد الله لشهر واحد,600.000,old_id=310000281 | تسكير حساب عبد الله لشهر واحد,310000281
5216cbe6-d47d-4919-950d-5f631bd50229,2025-01-30,فرع السراج,وجبة غداء لاربعة اشخاص,74.000,old_id=310000274 | وجبة غداء لاربعة اشخاص,310000274
cada095e-0637-23ae-8628-4595c5ef27fb,2025-01-30,فرع السراج,"مائة  و خمس و عشرون  دينار لبشير من شهر واحد
",125.000,"old_id=310000275 | مائة  و خمس و عشرون  دينار لبشير من شهر واحد
",310000275
328b7846-7999-280d-dfde-67a5ebbbf339,2025-02-01,فرع السراج,ماء دجلة,20.000,old_id=310000276 | ماء دجلة,310000276
07e0a61f-557d-0ef9-2b2a-58a2cf621bcd,2026-05-13,فرع 11 يونيو,سليم-بطاقة,402.000,old_id=310001571 | سليم-بطاقة,310001571
fed8a3b3-0522-afbd-0412-f736947c9924,2026-05-17,فرع 11 يونيو,سليم-بطاقة,56.000,old_id=310001588 | سليم-بطاقة,310001588
de279e3d-c2a9-47cf-9af4-c66ceac24047,2026-05-17,فرع 11 يونيو,سليم-بطاقة,27.000,old_id=310001591 | سليم-بطاقة,310001591
f8e58975-3f27-441c-af87-e97bb65110f9,2026-05-18,فرع 11 يونيو,مواد بناء-بطاقة,67.000,old_id=310001587 | مواد بناء-بطاقة,310001587
d1c34112-1d80-2310-5176-892e07e86aa5,2026-04-22,فرع السراج,حوالة,90.000,old_id=210001322,210001322
afe01689-caa6-dcd7-2d03-c0891f3fead7,2025-02-06,فرع السراج,بشير من مرتب شهر 2,600.000,old_id=310000294 | بشير من مرتب شهر 2,310000294
c4b56ddd-bed3-a7bd-bea8-1f6135aaf10b,2026-04-29,فرع السراج,حوالة,85.000,old_id=210001338,210001338
2a91b0a1-8d9f-61c8-2ac5-f944d3fdd2f9,2026-04-29,فرع السراج,اكل,10.000,old_id=210001339,210001339
bbd4db3c-647f-8726-1f42-09d5a37dc482,2026-04-29,فرع السراج,تنزيل البضاعة,20.000,old_id=210001340,210001340
d7f009de-b5da-69c3-b002-41334046ea4b,2026-04-29,فرع السراج,من مخزن جنزور الي سراج,50.000,old_id=210001341,210001341
0513caca-2834-a47e-cd30-3c0ff750f22c,2026-05-18,فرع السراج,حوالة,90.000,old_id=210001388,210001388
d3b62f0e-c461-ab60-0820-4b5e71b77f4d,2026-05-18,فرع السراج,اكل,10.000,old_id=210001389,210001389
d0bdb553-3bb5-3c18-d8a8-935a9b2b6e2f,2026-05-19,فرع السراج,حوالة,50.000,old_id=210001390,210001390
36f3392e-1666-d8d9-5fc6-40af05c4a875,2026-05-19,فرع السراج,اكل,10.000,old_id=210001391,210001391
eccd3625-cf99-e291-c06b-cd55a1f1145e,2026-04-22,فرع السراج,اكل,10.000,old_id=210001323,210001323
66693bfa-47d8-ce6e-bcdc-3f1b76e05af1,2026-04-22,فرع السراج,ماء,10.000,old_id=210001324,210001324
27abe06f-c8b1-17ed-51a5-83dd7170bcd7,2026-04-23,فرع السراج,حوالة,120.000,old_id=210001325,210001325
ef611a9c-435c-44da-0548-6d4d9ebe8517,2026-04-23,فرع السراج,حوالة,90.000,old_id=210001326 | ماء شرب,210001326
483c4def-4849-9611-bd2c-93382a3face1,2026-04-23,فرع السراج,اكل,10.000,old_id=210001327,210001327
8570b752-7c52-8c0d-27c1-b71d66967347,2026-04-25,فرع السراج,حوالة,80.000,old_id=210001328,210001328
3dbf6fbc-d359-1e3e-1b30-be3d97be9405,2026-04-26,فرع السراج,حوالة,90.000,old_id=210001332,210001332
59e666cf-05cc-11b2-a830-445974647f79,2026-04-26,فرع السراج,اكل,10.000,old_id=210001333,210001333
da4a1992-f745-bc2c-f85b-0eff6b8ff419,2026-04-27,فرع السراج,حوالة,85.000,old_id=210001334,210001334
ced12db8-b2a4-ecf3-555a-0a689f1da639,2026-04-27,فرع السراج,اكل,10.000,old_id=210001335,210001335
abe8b93c-ff2d-91e6-6bb5-82ccf81e61af,2026-04-28,فرع السراج,حوالة,85.000,old_id=210001336,210001336
ba30ae5c-221c-c226-08d2-4e9fc9aee379,2025-02-06,فرع السراج,لعبد الله من مرتب شهر2,600.000,old_id=310000295 | لعبد الله من مرتب شهر2,310000295
0e343abc-fa36-67d0-082e-a0ee8c893830,2026-04-28,فرع السراج,اكل,10.000,old_id=210001337,210001337
599fb47d-0f61-5a4b-2ad0-4517512f29b5,2026-05-20,فرع السراج,تحويل,80.000,old_id=210001392,210001392
422cf22b-38e1-9d91-422f-e228b0b21ff7,2026-05-20,فرع السراج,اكل,10.000,old_id=210001393,210001393
5c3a93cc-a33a-6abe-3d9c-8d484c8f90e2,2025-02-11,فرع السراج,شراء  6 طروف مخفض طاسة من 1/2 الى 3/8,30.000,old_id=310000308 | شراء  6 طروف مخفض طاسة من 1/2 الى 3/8,310000308
79b77a43-050d-7af1-5e09-96d7db2f54ef,2025-02-11,فرع السراج,غداء لخمس اشخاص,100.000,old_id=310000309 | غداء لخمس اشخاص,310000309
d4dbb041-d4ef-ed03-7250-6dcc17f74bb7,2025-02-12,فرع السراج,WAJBET GADAA 5 ACHKAS,100.000,old_id=310000311 | WAJBET GADAA 5 ACHKAS,310000311
7c67be59-dc9b-d2d5-432f-343c5a2f8871,2025-02-11,فرع السراج,نقل بضاعة من 11 رمضان لالسراج,80.000,old_id=310000310 | نقل بضاعة من 11 رمضان لالسراج,310000310
c205ccfa-81e6-f81a-88a1-ccf7dd5a12af,2025-02-12,فرع السراج,عبد الله,20.000,old_id=310000312 | عبد الله من مرتب شهر2,310000312
b509a546-0f72-74ea-ed05-48c24b238277,2025-02-12,فرع السراج,نقل بضاعة من السراج الى 11 رمضان,60.000,old_id=310000313 | نقل بضاعة من السراج الى 11 رمضان,310000313
84a6c177-fa21-f003-3ea8-cae37a776be2,2025-02-12,فرع السراج,مواد تنظيف,30.000,old_id=310000314 | مواد تنظيف,310000314
1b5602b3-acf9-f39c-7a3f-90638919ebb1,2026-04-25,فرع السراج,نقل فاتورة زبون,40.000,old_id=210001329,210001329
2a1cdbc9-d114-b5a5-453c-ee1de6c24d98,2025-02-13,فرع السراج,مكتبية,70.000,old_id=310000316 | مكتبية,310000316
a9553f5f-bf23-3e88-3abf-9db48ad1d389,2025-02-13,فرع السراج,نقل فاتورة زبون,70.000,old_id=310000317 | نقل فاتورة زبون,310000317
65471ab8-a021-d127-9c95-18abc78110d3,2025-02-13,فرع السراج,بشير,50.000,old_id=310000318 | بشير من شهر 2,310000318
ec9b82bd-0881-a716-4447-1645d96446d7,2025-02-13,فرع السراج,مكتبية,20.000,old_id=310000319 | مكتبية,310000319
c8f9b153-45a8-cdae-e992-2436c53b7d6f,2025-02-13,فرع السراج,غداء خمس اشخاص,131.750,old_id=310000320 | غداء خمس اشخاص,310000320
efcf82a3-0757-6f95-9767-eec77ee47562,2025-02-17,فرع السراج,وجبة غداء,112.000,old_id=310000329 | وجبة غداء,310000329
c27e7df2-db13-e72b-7229-4ede3ea471be,2026-01-01,فرع 11 يونيو,وجبة غداء لي 4 اشخاص,90.000,old_id=310001240 | وجبة غداء لي 4 اشخاص,310001240
2c4f275b-3cd8-6509-b344-515a3f8a5eaa,2026-05-20,فرع 11 يونيو,سليم-بطاقة,28.500,old_id=310001598 | سليم-بطاقة,310001598
240386be-c8c3-c186-37f1-692e8939c509,2026-05-20,فرع 11 يونيو,سليم-بطاقة,60.000,old_id=310001599 | سليم-بطاقة,310001599
61daac89-77b3-ee30-eaf2-c39859f20222,2026-05-20,فرع السراج,جعفر العامل,120.000,old_id=210001394,210001394
346769e2-a80c-fba1-2216-e5ead3b49e5d,2026-05-20,فرع السراج,من 11يونيوا الي سراج,40.000,old_id=210001395,210001395
97ccc530-19b0-3a5e-48b8-50c2c7d7db5d,2026-05-21,فرع السراج,اكل,10.000,old_id=210001397,210001397
7ed51227-3cae-9e2a-81d3-199e20c320e6,2026-05-21,فرع السراج,حوالة,85.000,old_id=210001396,210001396
b0adb8f0-fb2a-90f8-d077-55e8d4b3fde6,2026-05-23,فرع السراج,حوالة,85.000,old_id=210001398,210001398
f54dca60-9795-fe99-a3a6-7df7f2b2650f,2026-05-23,فرع السراج,اكل,10.000,old_id=210001399,210001399
713b5bfb-b693-4c5b-fd3c-b8abe14689ef,2026-05-24,فرع السراج,حوالة,100.000,old_id=210001400,210001400
7b225d88-f453-d9d0-2c73-1cac1e404a22,2026-05-25,فرع السراج,حوالة,60.000,old_id=210001402,210001402
cf0ee474-2617-472f-a468-b93f1235ad56,2026-05-20,فرع 11 يونيو,وجبة غداء-بطاقة,50.000,old_id=310001600 | وجبة غداء-بطاقة,310001600
2a1a2fce-3718-e736-eb75-7fbd561df6a7,2026-05-24,فرع السراج,اكل,10.000,old_id=210001401,210001401
386a8f19-7c18-5b2f-afad-4394a886f806,2026-05-25,فرع السراج,اكل,10.000,old_id=210001403,210001403
b0b2d8e3-b8aa-d435-c233-0b8714928686,2026-05-25,فرع السراج,من 11 يونيو الى السراج,80.000,old_id=210001404,210001404
214ef581-6809-0652-0df6-f9d71650bb6d,2026-05-25,فرع السراج,جعفر عامل سراج تصكير حساب شهر5,1000.000,old_id=210001405,210001405
5720053b-7eb9-835f-6ecd-31a9572a2ce0,2026-05-21,فرع 11 يونيو,سليم-بطاقة,94.800,old_id=310001606 | سليم-بطاقة,310001606
fecf5e9c-ec0d-c319-230c-4fe8f13e5fbd,2026-05-21,فرع 11 يونيو,سليم-بطاقة,250.350,old_id=310001608 | سليم-بطاقة,310001608
d560ce60-6acd-f5f5-e251-d5f808a00e12,2026-05-23,فرع 11 يونيو,لحم-بطاقة,70.000,old_id=310001619 | لحم-بطاقة,310001619
9d2252c0-071a-200d-961a-fbf0aa0e58c3,2026-04-23,فرع 11 يونيو,احسان بن عمر,3000.000,old_id=310001625 | احسان بن عمر,310001625
dc9702a9-f473-c35b-2c34-bf2a3dd9c5dc,2026-05-21,فرع 11 يونيو,عماد-بطاقة,190.000,old_id=310001610 | عماد-بطاقة,310001610
e6cf2c61-4d62-3ef6-e802-386ce87a523f,2026-05-23,فرع 11 يونيو,عبد الوهاب,2000.000,old_id=310001620 | عبد الوهاب,310001620
c14515bc-da80-f5d8-075c-035926919353,2026-05-31,فرع السراج,حوالة,185.000,old_id=210001407,210001407
0a8db70b-39be-d786-615c-7d307ba337fd,2026-05-31,فرع السراج,حوالة,835.000,old_id=210001406,210001406
de0d5324-ddab-3893-1e1a-6df37b60ae1e,2026-05-31,فرع السراج,حوالة,80.000,old_id=210001408,210001408
67607f86-4d92-bf34-119f-8fbf24f0bc99,2026-05-31,فرع السراج,اكل,10.000,old_id=210001409,210001409
f04bd483-445d-5012-bc7d-f1fd26045e75,2026-05-31,فرع السراج,مصعب الفاندي 6ايام,160.000,old_id=210001410,210001410
a639c5e7-0df8-25d2-b5fc-002a2e494beb,2026-05-31,فرع السراج,احمد عبدالمجيد الفاندي 4ايام,135.000,old_id=210001411,210001411
d554e302-837e-03e2-0cbe-6354c0fa02fe,2026-06-02,فرع السراج,حوالة,80.000,old_id=210001414,210001414
e1dd0d71-322c-d24e-f122-12dd724a52cd,2026-06-02,فرع السراج,اكل,10.000,old_id=210001415,210001415
2735e98b-ce03-5a4e-5942-304983cd81f0,2026-06-01,فرع السراج,حوالة,75.000,old_id=210001412,210001412
65ffba7d-0115-5ff1-2839-2c065a9de332,2026-06-01,فرع السراج,اكل,10.000,old_id=210001413,210001413
af9e1301-d739-646e-9190-6cd8d6abea1e,2026-06-03,فرع السراج,فاتورة زبون,40.000,old_id=210001416,210001416
63269027-bd6a-2570-ca9d-728515fa04d7,2026-06-03,فرع السراج,حوالة,80.000,old_id=210001417,210001417
ee53286d-4551-4b88-da9f-d9941611243b,2026-06-03,فرع السراج,اكل,10.000,old_id=210001418,210001418
8f36f166-6ecd-e73f-ec9c-bbd45a1e805f,2026-05-25,فرع 11 يونيو,حوالة مصرفية من عبدالوهاب,80.000,old_id=310001630 | حوالة مصرفية من عبدالوهاب,310001630
038bb2b7-43b3-a82b-ee82-3bb1b1fdc6a2,2026-06-04,فرع السراج,اكياس مبيعات,100.000,old_id=210001419,210001419
667b17cd-69fb-a94f-5d8b-b4d1f59f7073,2026-06-04,فرع السراج,حوالة,90.000,old_id=210001420,210001420
2ca8e2bc-4646-215b-6067-8e80470748ac,2026-06-04,فرع السراج,اكل,10.000,old_id=210001421,210001421
f0a6b1b4-4267-0e1b-ed9e-413270eee517,2026-06-06,فرع السراج,ماء شرب حوالة,80.000,old_id=210001422,210001422
254ab7c9-e191-4410-1b61-9dcb59b2216e,2026-04-25,فرع السراج,اكل,10.000,old_id=210001330,210001330
74a79e96-e394-389d-db0d-b1fa70d46e73,2025-04-08,فرع السراج,غداء,70.000,old_id=310000450,310000450
16ea4e9e-65ad-52f4-a042-acfcca3ec871,2025-04-08,فرع السراج,معطر,15.000,old_id=310000451,310000451
6122e99b-fea9-ce55-2d89-405c219ced54,2025-04-09,فرع السراج,أكياس رزمة,30.000,old_id=310000452,310000452
ebb235a6-3356-aee9-36bc-3a7e093cf781,2026-05-21,فرع 11 يونيو,سليم-بطاقة,80.000,old_id=310001611 | سليم-بطاقة,310001611
8a719171-56fb-f947-c138-4b12264ab3d2,2026-05-31,فرع 11 يونيو,حوالة,100.000,old_id=310001633,310001633
37c26dac-3889-244a-0a7e-c5db8c16e863,2026-04-26,فرع السراج,خالص نقل كناسة من شهر 1/2026الي شهر 2026/6/30,160.000,old_id=210001331,210001331
a35936a7-dbc6-2675-2211-1f9c6fa0de01,2026-06-01,فرع 11 يونيو,حوالة لي محفضة بريستو عبدالوهاب,100.000,old_id=310001635,310001635
24124b74-8762-660a-a9a0-f6aa942d6eee,2026-06-01,فرع 11 يونيو,حساب محمد المكتب الاعلامي عن شهر 5,650.000,old_id=310001636,310001636
9c8cee8d-55e3-d6f8-b9d9-c5bf54b51078,2026-06-01,فرع 11 يونيو,باقي حساب عبدالله ابومصعب شهر 5,450.000,old_id=310001637,310001637
a35e3a2b-fed1-2b9b-8b03-0128149edc8e,2026-06-01,فرع 11 يونيو,عبدالمنعم طلاء دهبي,260.000,old_id=310001638,310001638
37581a70-6894-efe6-700b-c9740fe1adbb,2026-06-03,فرع 11 يونيو,توصيل فاتورة الزبون,90.000,old_id=310001639 | توصيل فاتورة الزبون,310001639
1be7096c-5f30-15ea-03f8-e1ddd4d83e5b,2026-06-04,فرع 11 يونيو,غداء,75.000,old_id=310001643 | غداء,310001643
52e29404-d868-73d8-9969-61636e7b5828,2026-06-02,فرع 11 يونيو,مصروف,80.000,old_id=310001642,310001642
f919ecde-6d53-7f28-aaa8-79745b27162f,2026-05-31,فرع 11 يونيو,نقل لي زبون السراج لي شركة الرواحل غرغور سرت,60.000,old_id=310001634,310001634
d546ee59-5be9-464c-de46-5a90d2183f76,2026-06-03,فرع 11 يونيو,عماد - حجز من تونس,170.000,old_id=310001640 | عماد - حجز من تونس,310001640
d5d2f54c-c59d-cbe8-eb52-047147a33a8c,2026-04-21,فرع 11 يونيو,غداء يوم 22/04/2026,60.000,old_id=310001492 | غداء يوم 22/04/2026,310001492
6da5842c-73ea-57bc-8788-407982d630a8,2026-05-05,فرع 11 يونيو,نقل بضاعة لمصراته,50.000,old_id=310001535 | نقل بضاعة لمصراته,310001535
8283ce3e-09dc-33b1-14fd-8b0f7c2dc498,2026-04-15,فرع 11 يونيو,معاش محمد سوشل ميديا لشهر4,1300.000,old_id=310001477 | معاش محمد سوشل ميديا لشهر4,310001477
698e7770-f8a7-1507-c4d7-81c2457be305,2026-04-15,فرع 11 يونيو,وجبة غداء,55.000,old_id=310001476 | وجبة غداء,310001476
4d521cab-5efb-e9bd-1ea3-3310c0790b14,2026-04-16,فرع 11 يونيو,وجبة غداء ل3 أشخاص,70.000,old_id=310001478 | وجبة غداء ل3 أشخاص,310001478
faf207b0-8444-535a-dda5-af7333b4f077,2026-05-02,فرع 11 يونيو,وجة عشاء,50.000,old_id=310001526 | وجة عشاء,310001526
75f7841a-bc6e-e66a-290b-2c5453881e6e,2026-03-11,فرع 11 يونيو,سليم-بطاقة,114.000,old_id=310001528 | سليم-بطاقة,310001528
3237d221-3cbc-4ac6-6530-319e538094d4,2026-03-29,فرع 11 يونيو,عماد,500.000,old_id=310001531 | عماد,310001531
6de7d6be-cf1a-cda7-fdee-4989d0be1b3e,2026-04-12,فرع 11 يونيو,مواد بناء من محلات بشير احمد الجطلاوي,30.000,old_id=310001471 | مواد بناء من محلات بشير احمد الجطلاوي,310001471
3dd85e38-3fd3-8232-a633-ab31b212096d,2026-04-12,فرع 11 يونيو,وجبة غداء ل4 أشخاص,80.000,old_id=310001474 | وجبة غداء ل4 أشخاص,310001474
6822b87a-00b0-3d04-d29e-8d78f6f90fa1,2026-04-21,فرع 11 يونيو,احسان بن عمر-سليم,1000.000,old_id=310001491 | احسان بن عمر-سليم,310001491
19b7b387-dfd2-f477-7644-0f18e24ea838,2026-04-12,فرع 11 يونيو,عماد,5000.000,old_id=310001473 | عماد,310001473
59b34e81-3154-ede0-1568-b85daea9aa73,2026-04-20,فرع 11 يونيو,احسان بن عمر-سليم,1000.000,old_id=310001487 | احسان بن عمر-سليم,310001487
ee08976d-2094-c723-6ab2-3bc723e141a5,2026-04-21,فرع 11 يونيو,شاهي+أكواب من فاتورة سوق بالحاج,50.000,old_id=310001489 | شاهي+أكواب من فاتورة سوق بالحاج,310001489
6116d42e-87a2-fe88-f1aa-bd2d0d3fae8a,2026-05-01,فرع 11 يونيو,سليم-بطاقة,10.000,old_id=310001524 | سليم-بطاقة,310001524
ce874fec-6d49-1a51-29bb-015f30b4c3fc,2026-01-11,فرع 11 يونيو,شاهي,180.000,old_id=310001268 | شاهي,310001268
f5380c73-2b16-4575-1a6f-aa6cdba5c4f7,2026-04-16,فرع 11 يونيو,عماد,2000.000,old_id=310001530 | عماد,310001530
59dce07f-a33b-3187-82b5-3910e732b63e,2026-02-24,فرع 11 يونيو,ماء,10.000,old_id=310001364 | ماء,310001364
d13f89a6-4ec0-ac8e-ed10-b89a6e0da277,2026-02-24,فرع 11 يونيو,رز,10.000,old_id=310001365 | رز,310001365
04fed490-f7cd-6d40-c516-d82e4325aa1a,2026-02-24,فرع 11 يونيو,4G نت,95.000,old_id=310001366 | 4G نت,310001366
3b0989e9-91db-aeec-ac3f-59f84a2e9d51,2026-02-17,فرع 11 يونيو,شراء حوض وجه مع رف مع مرايا 60 سم,730.000,old_id=310001367 | شراء حوض وجه مع رف مع مرايا 60 سم,310001367
2629d8f7-5e45-8ba6-b0a6-e8d35fb5381f,2026-02-25,فرع 11 يونيو,فطور عامل,10.000,old_id=310001368 | فطور عامل,310001368
d222bc29-8986-a6bf-6845-e10518c2d198,2026-02-25,فرع 11 يونيو,قضية غذائية,40.000,old_id=310001369 | قضية غذائية,310001369
e0064a46-1fb1-c698-fc39-010ec6f967c0,2026-01-08,فرع 11 يونيو,غداء لي 4 اشخاص,70.000,old_id=310001253 | غداء لي 4 اشخاص,310001253
7f906a47-be96-e31d-16f2-3b88f0aef4d3,2026-01-07,فرع 11 يونيو,غداء لي 4 اشخاص,100.000,old_id=310001254 | غداء لي 4 اشخاص,310001254
f636cf7b-83fa-a93f-531a-e6d3693e78ff,2026-01-10,فرع 11 يونيو,فارس غزال من مرتب شهر 1,100.000,old_id=310001256 | فارس غزال من مرتب شهر 1,310001256
1ccf8d4e-a1e1-7216-d142-fac05bde2477,2026-05-21,فرع 11 يونيو,سليم-بطاقة,77.000,old_id=310001612 | سليم-بطاقة,310001612
b8442a0c-9c5d-5b01-7fb3-ea2b4a5d2cae,2025-04-26,فرع السراج,لصقة,5.000,old_id=310000505 | لصقة,310000505
3d9a2e6f-9df8-8790-4b0e-17e629b63ee6,2025-04-26,فرع السراج,مكتبية,85.000,old_id=310000506 | مكتبية,310000506
6aeb9901-662b-9060-da84-b4d625c21ca1,2025-04-26,فرع السراج,"وجبة غداء يوم الخميس 24/4/2025   
أخذ ثمن الوجبة من المصروف لعدم توفر المبلغ نقدا",110.000,"old_id=310000507 | وجبة غداء يوم الخميس 24/4/2025   
أخذ ثمن الوجبة من المصروف لعدم توفر المبلغ نقدا",310000507
be2e02b5-33e4-c73a-6930-6d67b1112ca6,2025-04-27,فرع السراج,"سليم مشتريات
",4000.000,"old_id=310000510 | سليم مشتريات
",310000510
4bfb1bd0-0eff-9f16-01d9-1ebbefbc11ae,2025-04-29,فرع السراج,"وجبة غداء
",130.000,"old_id=310000512 | وجبة غداء
",310000512
3f739928-f2d7-fcb7-1b99-d1082523d2d3,2025-04-29,فرع السراج,عبد المنعم..طلاء,1115.000,old_id=310000513 | عبد المنعم..طلاء,310000513
ebd8e4fe-8465-8828-2d3a-93508907921c,2025-04-29,فرع السراج,ضادوات.....,10.000,old_id=310000514 | ضادوات.....,310000514
ad199444-baed-b1a1-62ef-9b9e879b3c7d,2025-04-30,فرع السراج,معطر جو و ارضيات,45.000,old_id=310000515 | معطر جو و ارضيات,310000515
b0461762-46ca-4ac0-6786-b46b0596ccdd,2025-04-30,فرع السراج,وجبة غداء,90.000,old_id=310000516 | وجبة غداء,310000516
3ac4af5d-8a6a-79f8-3899-3330bc3064a1,2025-04-30,فرع السراج,ماااااااااااااااااء,35.000,old_id=310000517 | ماااااااااااااااااء,310000517
021a51d6-e67c-7aa5-2c68-cbc72d694ee2,2025-04-30,فرع السراج,أحمد ميشو خالص حوض,290.000,old_id=310000518 | أحمد ميشو خالص حوض,310000518
fa131a1d-d9ef-edc7-a6dc-37024534bcb6,2025-04-30,فرع السراج,نقل بضاعة اكوالاند,100.000,old_id=310000519 | نقل بضاعة اكوالاند,310000519
f8d0ab55-6daf-7a29-a6d8-78ae72e44445,2025-04-30,فرع السراج,تسكير حساب سمير نيجر لشهر 4,600.000,old_id=310000520 | تسكير حساب سمير نيجر لشهر 4,310000520
ebfbf942-9c36-2a67-4f21-d89082c5c6a0,2025-05-01,فرع السراج,وجبة غداء,95.000,old_id=310000521 | وجبة غداء,310000521
0c97fc27-ab62-bef6-68a0-aa3bec232363,2025-05-01,فرع السراج,عبد الله,950.000,old_id=310000522 | تسكير حساب شهر 4 عبدالله,310000522
8e91a566-e7ae-532f-57df-b40df75ae02d,2026-01-12,فرع 11 يونيو,محمد من مرتب شهر 1,30.000,old_id=310001259 | محمد من مرتب شهر 1,310001259
a776d4f1-beb8-d16c-3ee0-00ddeeea3b76,2026-01-12,فرع 11 يونيو,ثوم,10.000,old_id=310001263 | ثوم,310001263
7651de8b-487a-2599-d64a-1337c9f0819f,2026-01-12,فرع 11 يونيو,قضية غداء,49.000,old_id=310001264 | قضية غداء,310001264
fbc55753-8eeb-28a3-03ef-cfed66b1e8d6,2026-01-12,فرع 11 يونيو,لحم ابل,100.000,old_id=310001265 | لحم ابل,310001265
ecc2ffbc-7978-0e13-f9c9-1ebf9569835b,2026-01-11,فرع 11 يونيو,طنجرة و كسكاس,169.000,old_id=310001261 | طنجرة و كسكاس,310001261
d7fb986e-6cc6-004a-0e03-258e6bb9fbe6,2026-01-11,فرع 11 يونيو,قضية مواد تنظيف من الترسانة,171.000,old_id=310001260 | قضية مواد تنظيف من الترسانة,310001260
ce5d6dbd-3b2f-aa42-da27-aaf3577abcad,2026-01-14,فرع 11 يونيو,وجبة غداء,85.000,old_id=310001269 | وجبة غداء,310001269
3371fd30-1cb7-bc9a-d60f-fb034340c3a6,2026-01-14,فرع 11 يونيو,فارس غزال من مرتب شهر 1,70.000,old_id=310001270 | فارس غزال من مرتب شهر 1,310001270
2a5f8029-315b-fa45-d38f-8a1a6c49eef3,2026-01-14,فرع 11 يونيو,نت للمحل,150.000,old_id=310001272 | نت للمحل,310001272
9eb82420-6f2e-17e7-04d4-faeab86408bd,2026-01-14,فرع 11 يونيو,محمد من مرتب شهر 1,20.000,old_id=310001273 | محمد من مرتب شهر 1,310001273
58fdf65e-d109-9652-94c0-cee3d1aaf9b9,2026-05-02,فرع 11 يونيو,سليم-بطاقة,80.000,old_id=310001533 | سليم-بطاقة,310001533
a306e488-5ac7-9dbf-d511-b3285c63fcfa,2026-01-17,فرع 11 يونيو,لحم يوم الخميس 15/01,100.000,old_id=310001277 | لحم يوم الخميس 15/01,310001277
efcf0676-2cf4-acca-e548-7d4d77b988de,2026-05-21,فرع 11 يونيو,سليم-بطاقة,405.000,old_id=310001614 | سليم-بطاقة,310001614
fe6969e5-60cd-5b33-2039-b460b429a0f5,2026-01-17,فرع 11 يونيو,ماء,97.000,old_id=310001283 | ماء,310001283
be5e6830-49cd-393b-eb5a-f9fa7c6c4f45,2026-01-17,فرع 11 يونيو,"وجبة ل3 أشخاص
يوم الجمعة",67.000,"old_id=310001276 | وجبة ل3 أشخاص
يوم الجمعة",310001276
5f21b80b-f578-ca37-8a72-6f8669e4f2fa,2026-01-17,فرع 11 يونيو,معطر جو+مزيل,33.000,old_id=310001275 | معطر جو+مزيل,310001275
54466f8f-4e8a-75b5-fd44-a6045edf2178,2026-01-17,فرع 11 يونيو,شراء شطاف توريما من شعنان,175.000,old_id=310001278 | شراء شطاف توريما من شعنان,310001278
3075c5a5-2467-3302-9ce8-9b535212cfee,2026-01-17,فرع 11 يونيو,حبر طابعة ايبسون,180.000,old_id=310001274 | حبر طابعة ايبسون,310001274
423da1db-0b22-bb07-2430-774639bca640,2026-01-17,فرع 11 يونيو,مناديل+اكياس قمامة,20.000,old_id=310001281 | مناديل+اكياس قمامة,310001281
48b4f86d-0dc6-fba7-3973-500bd65c4ab8,2026-01-17,فرع 11 يونيو,قضية غداء ل6 أشخاص,35.000,old_id=310001280 | قضية غداء ل6 أشخاص,310001280
618b3ca1-0567-2dbf-8a43-fe8c1a1aa409,2026-01-17,فرع 11 يونيو,معمول+كابوتشينو,196.000,old_id=310001284 | معمول+كابوتشينو,310001284
97cfa37b-ccf1-d88a-3c82-f1ea11cf81e1,2026-01-19,فرع 11 يونيو,لحم دجاج,30.000,old_id=310001285 | لحم دجاج,310001285
3c0c5757-82e7-87c4-abd6-ba99bf044c9b,2026-01-19,فرع 11 يونيو,فارس غزال من مكرتب شهر 1,80.000,old_id=310001287 | فارس غزال من مكرتب شهر 1,310001287
b6225d68-3a57-2cdf-81fc-c2b14271e16d,2026-01-20,فرع 11 يونيو,قضية غداء,25.000,old_id=310001289 | قضية غداء,310001289
99c9a7a2-d827-69e9-68d0-f4595d96509a,2026-01-26,فرع 11 يونيو,كلينيكس+منظف حمام,20.000,old_id=310001299 | كلينيكس+منظف حمام,310001299
c054a664-0f2d-4d19-d556-9b1284041ab9,2026-01-21,فرع 11 يونيو,قضية للغداء,130.000,old_id=310001290 | قضية للغداء,310001290
2fadd275-af02-6678-f8af-6c652e8319ff,2026-01-22,فرع 11 يونيو,قضية غداء ل6 أشخاص,35.000,old_id=310001291 | قضية غداء ل6 أشخاص,310001291
3ca15db9-80e7-c3ba-8578-852d691db573,2026-01-22,فرع 11 يونيو,فارس غزال من مرتب شهر 1,40.000,old_id=310001292 | فارس غزال من مرتب شهر 1,310001292
ef0c70aa-9b44-ef33-38e7-23fb42692c10,2026-01-24,فرع 11 يونيو,قضية غداء,35.000,old_id=310001293 | قضية غداء,310001293
de5dc43a-dc0c-c825-7b3d-ac841bd92a29,2026-01-25,فرع 11 يونيو,"قضية غداء ل6 أشخاص
",60.000,"old_id=310001294 | قضية غداء ل6 أشخاص
",310001294
77148698-729d-61dc-670d-f44e9f1c5f90,2026-01-25,فرع 11 يونيو,فارس غزال من مرتب شهر 1,30.000,old_id=310001295 | فارس غزال من مرتب شهر 1,310001295
e6ae01f8-0c6e-c1cb-c427-9c83af651043,2026-01-25,فرع 11 يونيو,سكر,5.000,old_id=310001296 | سكر,310001296
cd260644-9f60-94eb-9ca5-096650f88e69,2026-01-29,فرع 11 يونيو,قضية لغداء,155.000,old_id=310001302 | قضية لغداء,310001302
c21ce578-29b6-273b-3018-eb1d82272cb1,2026-01-26,فرع 11 يونيو,قضية غداء ل7 أشخاص,75.000,old_id=310001297 | قضية غداء ل7 أشخاص,310001297
f8c40101-f20a-c7d3-63f7-e5925a920839,2026-01-27,فرع 11 يونيو,قضية غذائية,25.000,old_id=310001301 | قضية غذائية,310001301
40873578-3481-8236-45ec-1161386cc3e8,2026-01-28,فرع 11 يونيو,قضية غداء,30.000,old_id=310001303 | قضية غداء,310001303
1bde5461-59c0-d512-62eb-d3941cd776a2,2026-01-29,فرع 11 يونيو,تسكير حساب فارس غزال لشهر 1,770.000,old_id=310001304 | تسكير حساب فارس غزال لشهر 1,310001304
29ac23b7-f7b1-fd6a-d8f9-5139ddefae6b,2026-01-29,فرع 11 يونيو,قضية للغداء,15.000,old_id=310001305 | قضية للغداء,310001305
c413361c-b238-d0db-543b-1fef4e309896,2026-01-31,فرع 11 يونيو,مبلغ من تسكير حساب معاش محمد سوشيل ميديا لشهر 1,500.000,old_id=310001311 | مبلغ من تسكير حساب معاش محمد سوشيل ميديا لشهر 1,310001311
26cb2e6e-3d01-3b80-7e96-4b0f85d99a97,2026-01-19,فرع 11 يونيو,جزء من مرتب محمد  سوشيل ميديا لشهر 1,1000.000,old_id=310001314 | جزء من مرتب محمد  سوشيل ميديا لشهر 1,310001314
255e240e-38d8-3b26-2922-3b990791bb65,2026-05-21,فرع 11 يونيو,سليم-بطاقة,133.000,old_id=310001615 | سليم-بطاقة,310001615
09b1531d-af44-6441-d457-fa79c3adc976,2026-01-31,فرع 11 يونيو,تسكير حساب معش محمد بن عيسى لشهر 1,950.000,old_id=310001310 | تسكير حساب معش محمد بن عيسى لشهر 1,310001310
23068ccf-5277-ae1b-2649-a29d173cf278,2026-01-27,فرع 11 يونيو,فارس غزال من مرتب شهر 1,20.000,old_id=310001300 | فارس غزال من مرتب شهر 1,310001300
c0a7c061-df6e-92af-ea2e-2c522c7d9977,2026-02-07,فرع 11 يونيو,قضية غداء,150.000,old_id=310001312 | قضية غداء,310001312
27017ffa-edf0-21d8-fb70-9c68d96c0934,2026-02-03,فرع 11 يونيو,ارجاع مققعد موطو فاتورة 31/01/2026 في يوم 01/02/2026,600.000,old_id=310001316 | ارجاع مققعد موطو فاتورة 31/01/2026 في يوم 01/02/2026,310001316
cf160f10-f47b-75ab-09f6-92a6d28f5792,2026-02-07,فرع 11 يونيو,سكر,5.000,old_id=310001318 | سكر,310001318
32a65f72-086c-6021-787c-feecf59d851e,2026-02-07,فرع 11 يونيو,لصقة,15.000,old_id=310001323 | لصقة,310001323
6e219ed8-00a1-e772-8253-3ddc9c223ec2,2026-02-07,فرع 11 يونيو,ثلاث طروف طقم سماعة دوش ويلكو من المتجر الاروبي,225.000,old_id=310001324 | ثلاث طروف طقم سماعة دوش ويلكو من المتجر الاروبي,310001324
c3774612-3a10-6533-3aa8-75533f419dd9,2026-02-07,فرع 11 يونيو,جلب مساطر دوش من السراج ليوم 05/02/2026,30.000,old_id=310001319 | جلب مساطر دوش من السراج ليوم 05/02/2026,310001319
09caf8c1-11fa-c5c6-2aa7-1febbb35c6fe,2026-02-07,فرع 11 يونيو,ماء من يوم 05/02/2026,10.000,old_id=310001320 | ماء من يوم 05/02/2026,310001320
fcd082a9-9d48-3bf4-0cd9-7792785e68ac,2026-02-23,فرع 11 يونيو,قضية فطور,15.000,old_id=310001361 | قضية فطور,310001361
1e77fa29-4ddb-f1ce-97f7-fde53d6e0e17,2026-02-23,فرع 11 يونيو,"فطور عامل
",10.000,"old_id=310001362 | فطور عامل
",310001362
aac49d97-3c3e-0fed-15dd-262f37a413a8,2026-02-07,فرع 11 يونيو,خبز من يوم 05/02/2026,5.000,old_id=310001321 | خبز من يوم 05/02/2026,310001321
355987a3-c58c-2818-1f8f-a729ef5ebff1,2026-02-07,فرع 11 يونيو,"قضية
غداء",30.000,"old_id=310001322 | قضية
غداء",310001322
0cbdb5d9-740b-4ac8-d686-aa6154ed1c29,2026-02-07,فرع 11 يونيو,ماء دجله,20.000,old_id=310001325 | ماء دجله,310001325
49bf58cc-b2fc-e8a2-ad84-871ea2ef6f2d,2026-02-07,فرع 11 يونيو,بورزا,80.000,old_id=310001326 | بورزا,310001326
e3c3b225-92c1-e8d9-ac39-2a810800799e,2026-02-07,فرع 11 يونيو,ابو مصعب من مرتب شهر 2,100.000,old_id=310001328 | ابو مصعب من مرتب شهر 2,310001328
5d4bac1b-fb25-b4ea-0023-bf2039b36596,2026-02-07,فرع 11 يونيو,قضية غداء ليوم 08/02/2026,40.000,old_id=310001327 | قضية غداء ليوم 08/02/2026,310001327
d0804647-bc4f-463b-24f0-ef92baa63740,2026-02-07,فرع 11 يونيو,قهوة+كابوتشينو فاتورة رقم 2497621,135.000,old_id=310001329 | قهوة+كابوتشينو فاتورة رقم 2497621,310001329
e1d343b8-1042-b693-1e18-acbe06e4f2cc,2026-02-09,فرع 11 يونيو,زواق اربع خلاط شطاف مدفون,480.000,old_id=310001330 | زواق اربع خلاط شطاف مدفون,310001330
43102536-ba08-c7b5-cb0a-e7e67b94ba9f,2026-02-07,فرع 11 يونيو,قضية غداء ليوم 04/02/2026,150.000,old_id=310001317 | قضية غداء ليوم 04/02/2026,310001317
e7dccfea-b2da-1569-868c-2d9f9248aa8c,2026-02-25,فرع 11 يونيو,قضية فطور يوم الجمعه 27/02,100.000,old_id=310001374 | قضية فطور يوم الجمعه 27/02,310001374
32956534-02dd-feea-d289-31e27855a4d1,2026-02-09,فرع 11 يونيو,قضية غداء,30.000,old_id=310001331 | قضية غداء,310001331
8ae7e865-deaf-7441-f0f5-bad63ad82889,2026-02-10,فرع 11 يونيو,قضية غداء,110.000,old_id=310001333 | قضية غداء,310001333
776d190c-42fd-da6f-62bd-93cda316540d,2026-02-10,فرع 11 يونيو,سدر,30.000,old_id=310001335 | سدر,310001335
afe554cd-a9d5-7c2f-ea05-9de639489d86,2026-02-12,فرع 11 يونيو,قضية غداء,60.000,old_id=310001336 | قضية غداء,310001336
d2864088-2765-e340-57c9-0c6f389e6190,2026-02-12,فرع 11 يونيو,فطور صباح,20.000,old_id=310001337 | فطور صباح,310001337
8af48953-0d04-50e2-4784-cbc0058bd9f0,2026-02-12,فرع 11 يونيو,نباتات,40.000,old_id=310001338 | نباتات,310001338
81953672-6922-b211-8826-ffdaf827dea2,2026-02-11,فرع 11 يونيو,قضية,32.000,old_id=310001339 | قضية,310001339
48dafa86-ddb5-df53-eebc-68c4df42e086,2026-02-14,فرع 11 يونيو,قضية مواد تنظيف,150.000,old_id=310001340 | قضية مواد تنظيف,310001340
d1e80ac1-447d-41c3-4cf2-6a44dbc0b1df,2026-02-15,فرع 11 يونيو,ماء+سكر,10.000,old_id=310001344 | ماء+سكر,310001344
01a4d5ae-1c61-9675-254f-c3adf2e22cb3,2026-02-14,فرع 11 يونيو,وجبة غداء ل4 اشخاص,110.000,old_id=310001341 | وجبة غداء ل4 اشخاص,310001341
26e62538-1793-8400-09ec-7ce60e291778,2026-03-08,فرع 11 يونيو,قضية فطور يوم 07/03,50.000,old_id=310001378 | قضية فطور يوم 07/03,310001378
0d30be28-d2e1-09f7-98c2-c297479aed11,2026-02-14,فرع 11 يونيو,نقل بضاعة من السراج لالزبون طه محمد,70.000,old_id=310001343 | نقل بضاعة من السراج لالزبون طه محمد,310001343
55e286e0-7c94-9c6f-7a57-dda4bf3e38f7,2026-01-14,فرع 11 يونيو,حساب عمال خط النت,120.000,old_id=310001271 | حساب عمال خط النت,310001271
36e8b973-8a32-cbcd-6185-f3072666d098,2026-02-25,فرع 11 يونيو,معاش محمد المصور لشهر 2,1300.000,old_id=310001389 | معاش محمد المصور لشهر 2,310001389
847853b2-af23-b712-df89-71d7c8b36120,2026-02-25,فرع 11 يونيو,قضية فطور يوم 03/03,40.000,old_id=310001390 | قضية فطور يوم 03/03,310001390
a515af17-ae1c-c7c9-11ad-ad1798734336,2026-02-25,فرع 11 يونيو,قضية فطور ليوم 04/03,20.000,old_id=310001391 | قضية فطور ليوم 04/03,310001391
22cc0d8f-2e0b-a4bd-f8b6-fb0e04b18a86,2026-02-25,فرع 11 يونيو,زينة رمضان,30.000,old_id=310001392 | زينة رمضان,310001392
eceb67d0-5a62-8bc2-42d8-448448960ef7,2026-02-25,فرع 11 يونيو,عماد,1000.000,old_id=310001394 | عماد,310001394
df58d811-188e-66ac-3553-1c63eaa9d63b,2026-03-08,فرع 11 يونيو,فطور عامل ل 6 أيام,60.000,old_id=310001396 | فطور عامل ل 6 أيام,310001396
b51b3f8b-9247-cff3-c24a-2871683291cf,2026-03-10,فرع 11 يونيو,وجبة فطور ليوم12/03,50.000,old_id=310001397 | وجبة فطور ليوم12/03,310001397
a79b50b5-dc69-849d-80cb-e19444ff5c2b,2026-02-15,فرع 11 يونيو,قضية غداء,140.000,old_id=310001345 | قضية غداء,310001345
85b636ac-7d5f-a46d-65a5-bce8522af15d,2026-02-14,فرع 11 يونيو,نقل بضاعة لزبون طه محمد,30.000,old_id=310001342 | نقل بضاعة لزبون طه محمد,310001342
2bdf9686-72c0-dbbd-b25e-ce9908a2ecc5,2026-03-15,فرع 11 يونيو,عبدالله ابومصعب,1000.000,old_id=310001399,310001399
402d04fc-17a3-e9dd-f165-4ba2088e8f7d,2026-02-16,فرع 11 يونيو,خلاص فاتورة اجياد ليبيا لبضاعة توريما,1000.000,old_id=310001346 | خلاص فاتورة اجياد ليبيا لبضاعة توريما,310001346
7eb0a472-a246-b270-4879-5ad5916ef741,2026-02-16,فرع 11 يونيو,وجبة غداء ل3 أشخاص,70.000,old_id=310001347 | وجبة غداء ل3 أشخاص,310001347
f0302e12-2919-769a-ec8a-db93fdf0c09d,2026-02-15,فرع 11 يونيو,ابو مصعب من شهر 2,1200.000,old_id=310001348 | ابو مصعب من شهر 2,310001348
3317956b-68dc-5f3a-41e1-8cd8e3076554,2026-02-17,فرع 11 يونيو,بانقه صابون سائل,7.000,old_id=310001350 | بانقه صابون سائل,310001350
787b2698-10bb-0e5a-a19b-976c585462ec,2026-02-18,فرع 11 يونيو,لحم بل,140.000,old_id=310001353 | لحم بل,310001353
8e2fafe4-c3e7-0763-9b3d-83ded1d3eddb,2026-02-19,فرع 11 يونيو,فطور عامل,10.000,old_id=310001354 | فطور عامل,310001354
31105119-8f14-8b7b-c078-9595d00083bb,2026-02-18,فرع 11 يونيو,"سليم
",100.000,"old_id=310001355 | سليم
",310001355
751a2c48-50c1-e692-a484-b0564b36e340,2026-01-31,فرع 11 يونيو,عبد الله ابو مصعب من مرتب شهر1,50.000,old_id=310001307 | عبد الله ابو مصعب من مرتب شهر1,310001307
95812105-6090-0d65-d1e7-1e60f2d64cd1,2026-01-31,فرع 11 يونيو,تسكير حساب عبد الله نيجر لشهر 1,1100.000,old_id=310001308 | تسكير حساب عبد الله نيجر لشهر 1,310001308
d097abbc-4371-d865-7f3a-115c166c17f8,2026-01-31,فرع 11 يونيو,تسكير حساب عبد الله يعقوب لشهر 1,1015.000,old_id=310001309 | تسكير حساب عبد الله يعقوب لشهر 1,310001309
fce149ac-6987-e655-1c12-5aeffd92678b,2026-03-28,فرع 11 يونيو,غداء لي 3 اشخاص,55.000,old_id=310001412 | غداء لي 3 اشخاص,310001412
5f600024-ea87-e9a6-3740-9dbfa085328a,2026-03-24,فرع 11 يونيو,تنزيل بضائع للمحل عن يوم 26/3/2026,50.000,old_id=310001410 | تنزيل بضائع للمحل عن يوم 26/3/2026,310001410
a8ffdc03-8e64-383a-567c-10fabf887963,2026-02-19,فرع 11 يونيو,ارجاع يوم 21/02/2026 قيمة من فاتورة زبون طه محمد وصل رقم 1971,530.000,old_id=310001356 | ارجاع يوم 21/02/2026 قيمة من فاتورة زبون طه محمد وصل رقم 1971,310001356
8a3a336b-4f82-6928-4894-122cb166ef79,2026-03-12,فرع 11 يونيو,عماد,295.000,old_id=310001419 | عماد,310001419
ba6e51fe-3173-3727-e60c-89f1ac5a301b,2026-03-28,فرع 11 يونيو,تغير بتارية سيارة الهونداي ه1 مع البدل-بطاقة,540.000,old_id=310001411 | تغير بتارية سيارة الهونداي ه1 مع البدل-بطاقة,310001411
41aac4bb-38b7-8f63-eb58-9f46c55f45b8,2026-02-22,فرع 11 يونيو,زواق وجه خلاط مع زر دوش -ذهبي,130.000,old_id=310001357 | زواق وجه خلاط مع زر دوش -ذهبي,310001357
7358dcbc-06c8-85e1-1837-4a7120edab5f,2026-02-22,فرع 11 يونيو,"فطور عامل
",20.000,"old_id=310001358 | فطور عامل
",310001358
2f9fed5e-9b1a-08ca-128f-93d7e0a43ad1,2026-02-22,فرع 11 يونيو,ماء,15.000,old_id=310001359 | ماء,310001359
00992bb9-c796-478d-2f6b-67d83f178391,2026-02-22,فرع 11 يونيو,قضية فطور,160.000,old_id=310001360 | قضية فطور,310001360
fcc80daa-9dea-7528-b4b2-91dc9a91e082,2026-02-25,فرع 11 يونيو,فطور عامل ليوم 26/02,10.000,old_id=310001371 | فطور عامل ليوم 26/02,310001371
a83c8896-fbf4-4408-98a5-8b3393c55adc,2026-02-14,فرع 11 يونيو,قيمة ايجار لعادل الشرشاري لشهر 2,10000.000,old_id=310001375 | قيمة ايجار لعادل الشرشاري لشهر 2,310001375
f2b034ef-f3c0-8645-0073-fe15dbb5d27d,2026-03-12,فرع 11 يونيو,سليم,85.000,old_id=310001424 | سليم,310001424
85ecf7a4-6769-07a2-eb02-80c9a7a043c9,2026-03-12,فرع 11 يونيو,سليم,70.000,old_id=310001425 | سليم,310001425
1983d506-e94b-f2d5-51ff-9d7323647528,2026-03-12,فرع 11 يونيو,سليم,26.000,old_id=310001426 | سليم,310001426
5f8ed403-7b26-471c-2acc-42df711f6e66,2026-03-12,فرع 11 يونيو,سليم,94.750,old_id=310001427 | سليم,310001427
c6a92389-c1b8-89fa-d498-27c960fe6099,2026-03-12,فرع 11 يونيو,عماد,100.000,old_id=310001420 | عماد,310001420
8fd76a45-94e1-c58b-55dd-a4aa0d3f47df,2026-03-06,فرع 11 يونيو,عماد,143.000,old_id=310001430 | عماد,310001430
ca4433b8-b572-d84c-7179-3408ba0293dc,2026-02-25,فرع 11 يونيو,فطور عامل ليوم 28/02,10.000,old_id=310001373 | فطور عامل ليوم 28/02,310001373
547c27a2-2939-8602-91c8-3d9d2cf54a48,2026-03-08,فرع 11 يونيو,قضية فطور,75.000,old_id=310001377 | قضية فطور,310001377
daff5dc9-2a94-6efe-3a3e-889945969d52,2026-03-08,فرع 11 يونيو,ميكسير,65.000,old_id=310001379 | ميكسير,310001379
ac9dcf4a-9012-9731-4334-dda85c85d2e6,2026-03-11,فرع 11 يونيو,عماد-بطاقة,185.000,old_id=310001435 | عماد-بطاقة,310001435
3c4078d6-1dd7-4945-fdce-b0331993b1f5,2026-05-05,فرع 11 يونيو,شراء سخانة 80 فرش افقية-بطاقة,700.000,old_id=310001540 | شراء سخانة 80 فرش افقية-بطاقة,310001540
f82b5320-2be8-0d1a-b7d5-20a1de90a66e,2026-03-10,فرع 11 يونيو,فطور عامل من يوم 07/03الى يوم12/03/2026,60.000,old_id=310001381 | فطور عامل من يوم 07/03الى يوم12/03/2026,310001381
a979a593-fb06-1c17-dcb8-41a97b054b1f,2026-03-11,فرع 11 يونيو,ماء+غاز,25.000,old_id=310001382 | ماء+غاز,310001382
a80b059b-78c1-cf0f-38e5-0f46168e0913,2026-02-19,فرع 11 يونيو,عماد,1000.000,old_id=310001383 | عماد,310001383
c3b47824-93ce-26e1-7a1f-bacc38a1607d,2026-03-08,فرع 11 يونيو,نقل فاتورة يوم 05/03/2026زبون مصراته,120.000,old_id=310001376 | نقل فاتورة يوم 05/03/2026زبون مصراته,310001376
83464fc6-9f93-5d39-d6b8-03aee0ff8a34,2026-02-25,فرع 11 يونيو,سليم,3000.000,old_id=310001385 | سليم,310001385
cd4d7717-8c1d-30f4-4a3d-23f530373706,2026-04-05,فرع 11 يونيو,قضية غداء-بطاقة,70.000,old_id=310001453 | قضية غداء-بطاقة,310001453
cb6b4da3-61e2-4bf4-bbae-f55b9d6465d5,2026-03-15,فرع 11 يونيو,تسكير معاش عبد الله نيجر لشهر 3,1100.000,old_id=310001442 | تسكير معاش عبد الله نيجر لشهر 3,310001442
b4b3c4f8-93fd-f2f6-c223-f586b2f59489,2026-04-02,فرع 11 يونيو,سليم-بطاقة,21.500,old_id=310001449 | سليم-بطاقة,310001449
cb2e6b71-7aee-daa5-0445-edec888a1bff,2026-03-15,فرع 11 يونيو,تسكير معاش محمد سوشل ميديا لشهر 3,1300.000,old_id=310001443 | تسكير معاش محمد سوشل ميديا لشهر 3,310001443
5a241a79-9e5a-82ac-3f84-979672be7e8a,2026-04-07,فرع 11 يونيو,غداء 4 أشخاص,50.000,old_id=310001457,310001457
ca3af230-cce1-d675-28df-3b9c83cf3a1b,2026-04-11,فرع 11 يونيو,غداء ل3 أشسخاص,45.000,old_id=310001462 | غداء ل3 أشسخاص,310001462
d0ef2a1d-ce17-01a2-da09-56f0ea36e015,2026-05-06,فرع 11 يونيو,ماء-بطاقة,82.500,old_id=310001542 | ماء-بطاقة,310001542
aa0a8323-3635-7d74-eab8-f539499fc55d,2026-04-11,فرع 11 يونيو,بونتة,10.000,old_id=310001463 | بونتة,310001463
c7952d19-b464-797a-b3bb-6f7ada569699,2026-02-25,فرع 11 يونيو,فطور عامل يوم 01/03,10.000,old_id=310001386 | فطور عامل يوم 01/03,310001386
1b94a043-0726-7582-687a-77ff08a357d5,2026-02-25,فرع 11 يونيو,فطور عامل يوم 02/03,10.000,old_id=310001387 | فطور عامل يوم 02/03,310001387
82197f7f-0e96-6f1f-99f1-5addc2a4e3b9,2026-04-18,فرع 11 يونيو,وجبة غداء ل5 أشخاص,125.000,old_id=310001480 | وجبة غداء ل5 أشخاص,310001480
afcfd005-8a82-1f1a-8a62-c0c40d0a5262,2026-04-19,فرع 11 يونيو,وجبة غداء ل3 أشخاص,65.000,old_id=310001483 | وجبة غداء ل3 أشخاص,310001483
d8a71d2f-c3ab-bb64-d559-be50b2481921,2026-02-25,فرع 11 يونيو,قضية فطور يوم 02/03,40.000,old_id=310001388 | قضية فطور يوم 02/03,310001388
26c67633-a90d-a675-c8f8-88f9c59a8170,2026-03-24,فرع 11 يونيو,سكرازرف+ملاعق خشبية+ شاهي اخضر+,113.000,old_id=310001401 | سكرازرف+ملاعق خشبية+ شاهي اخضر+,310001401
7677274b-a86e-784d-61ae-f7979e33064b,2026-03-24,فرع 11 يونيو,مصاريف لي عبدالله السوداني اكل اخر يومين رمضان,60.000,old_id=310001402 | مصاريف لي عبدالله السوداني اكل اخر يومين رمضان,310001402
e6e602e3-504f-6f5c-9fc3-2426323bb905,2026-03-24,فرع 11 يونيو,مياه شرب اكواب + مياه ربع لتر,44.000,old_id=310001403 | مياه شرب اكواب + مياه ربع لتر,310001403
be720016-73b7-edf0-48c2-8def88acd8ea,2026-03-24,فرع 11 يونيو,حجز تدكرة عودة من تونس الي ليبيا عماد,155.000,old_id=310001409 | حجز تدكرة عودة من تونس الي ليبيا عماد,310001409
133735f9-0d17-db69-efd5-0871ec24c957,2026-04-18,فرع 11 يونيو,سليم,3000.000,old_id=310001482 | سليم,310001482
89cc983f-3ea2-1d5e-242b-cd9b98b0c719,2026-03-26,فرع 11 يونيو,حوالة مصرفية من عبدالوهاب غداء 4 اشخاص,95.000,old_id=310001405 | حوالة مصرفية من عبدالوهاب غداء 4 اشخاص,310001405
2d154683-e6dd-71ec-6211-c804828aed4f,2026-03-24,فرع 11 يونيو,نقل من الدعوة الي المحل يوم 26/3/2026,160.000,old_id=310001406 | نقل من الدعوة الي المحل يوم 26/3/2026,310001406
c027c4d2-2806-e162-128a-fd14db755f6c,2026-01-03,فرع 11 يونيو,عبدالله ابومصعب من حساب شهر 1,285.000,old_id=310001250 | عبدالله ابومصعب من حساب شهر 1,310001250
c7098eff-b269-d782-fcb4-99bf0d91cd4c,2026-01-06,فرع 11 يونيو,غداء لي 5 اشخاص,46.000,old_id=310001252 | غداء لي 5 اشخاص,310001252
54b9bc18-8c17-eb51-e243-104398d8a73e,2026-03-24,فرع 11 يونيو,نقل من مصراتة الي المحل يوم 25/3/2026,100.000,old_id=310001407 | نقل من مصراتة الي المحل يوم 25/3/2026,310001407
4da18669-bc77-b130-8518-f0e05b7c3850,2026-03-24,فرع 11 يونيو,حساب كاش عن فاتورة مشتريات اجياد ليبيا مصراتة,1100.000,old_id=310001408 | حساب كاش عن فاتورة مشتريات اجياد ليبيا مصراتة,310001408
5f70be2e-9af8-7591-f871-c2e66cfe67b8,2026-03-12,فرع 11 يونيو,عماد,33.500,old_id=310001432 | عماد,310001432
17e7a430-8166-f004-772b-d59254600f8c,2026-03-11,فرع 11 يونيو,عماد-بطاقة,60.000,old_id=310001433 | عماد-بطاقة,310001433
e7bf91a0-93b1-28e3-5316-e76c957ededf,2026-02-07,فرع 11 يونيو,لسليم دواء لدكتور,1000.000,old_id=310001440 | لسليم دواء لدكتور,310001440
f64448df-a62c-81eb-c706-d7eb543f33c5,2026-02-24,فرع 11 يونيو,ارجاع يوم 01/03 من فاتورة 15/02,130.000,old_id=310001441 | ارجاع يوم 01/03 من فاتورة 15/02,310001441
de780517-c67b-f2ac-00bc-d2bab7417551,2026-04-08,فرع 11 يونيو,سليم-بطاقة,252.500,old_id=310001459 | سليم-بطاقة,310001459
35d0fa4e-e321-4354-0000-7983b8b1fa5d,2026-03-10,فرع 11 يونيو,عماد-بطاقة,185.000,old_id=310001437 | عماد-بطاقة,310001437
3f2f3a7f-448b-95fb-6b5e-4a7a802085ef,2026-03-11,فرع 11 يونيو,عماد لم تحدد يوم جنزور-بطاقة,110.000,old_id=310001436 | عماد لم تحدد يوم جنزور-بطاقة,310001436
2a7c69c9-dfda-47b4-25b4-60f80ed7c5f5,2026-03-11,فرع 11 يونيو,عماد-بطاقة,100.000,old_id=310001438 | عماد-بطاقة,310001438
b060e09d-cb12-3142-8a91-7343059c46b5,2026-03-30,فرع 11 يونيو,سليم-بطاقة,167.500,old_id=310001439 | سليم-بطاقة,310001439
ae9d6fcb-fb9c-a350-367e-85656beaa724,2026-03-12,فرع 11 يونيو,غير معروف,221.000,old_id=310001422 | غير معروف,310001422
e8768f3d-896a-a438-1aec-d010e22824b5,2026-03-12,فرع 11 يونيو,عماد,140.000,old_id=310001423 | عماد,310001423
bbde5cd8-d5a7-6249-a8a9-cb4be94e6c31,2026-04-23,فرع 11 يونيو,شراء حوض فرام 80سم لالزبون,430.000,old_id=310001493 | شراء حوض فرام 80سم لالزبون,310001493
85e86620-d190-0f42-57f0-8633078c2376,2026-04-25,فرع 11 يونيو,وجبة غداء ل5 أشخاص,140.000,old_id=310001494 | وجبة غداء ل5 أشخاص,310001494
3338286c-6f36-924b-76b2-d9939860bf9b,2026-04-26,فرع 11 يونيو,نقل بضاعة مصراته-اجياد ليبيا توريما,150.000,old_id=310001496 | نقل بضاعة مصراته-اجياد ليبيا توريما,310001496
ca85e639-f931-21c3-0fb9-c0616f644e4a,2026-04-26,فرع 11 يونيو,وجبة غداء ل4 أشخاص,80.000,old_id=310001497 | وجبة غداء ل4 أشخاص,310001497
d09d7149-6234-1dad-ca44-26db1de3efa0,2026-04-26,فرع 11 يونيو,نقل مبلغ لاجياد ليبيا بمصراته مع بضاعة توريما معيوبة,30.000,old_id=310001498 | نقل مبلغ لاجياد ليبيا بمصراته مع بضاعة توريما معيوبة,310001498
2f873bc7-f5ed-b18b-a2e9-875b7fe7c632,2026-04-26,فرع 11 يونيو,اجر عامل لرفع بضاعة لفاتورة عبد المنعم رقم2164,60.000,old_id=310001499 | اجر عامل لرفع بضاعة لفاتورة عبد المنعم رقم2164,310001499
e916610c-c2be-f7f9-9e1d-8aaf1c224997,2026-03-06,فرع 11 يونيو,عماد,125.000,old_id=310001434 | عماد,310001434
6c0b9df2-2f7c-2dd8-609e-3516f45b1d7c,2026-04-26,فرع 11 يونيو,جزء من سعر فاتوة رقم 2086اجياد ليبيا بضاعة توريما,1800.000,old_id=310001500 | جزء من سعر فاتوة رقم 2086اجياد ليبيا بضاعة توريما,310001500
57111864-0d0e-d28f-f52f-7613e5b391b0,2026-04-26,فرع 11 يونيو,احسان بن عمر,4000.000,old_id=310001501 | احسان بن عمر,310001501
e8d0e550-286e-82ee-ef0a-96a57a6f2fd4,2026-01-04,فرع 11 يونيو,غداء 4 اشخاص,26.000,old_id=310001251 | غداء 4 اشخاص,310001251
4f723d48-e29a-64f5-2e85-e79e9fdc05ae,2026-01-01,فرع 11 يونيو,وجبة فطور + غداء يوم الجمعة 2/1/2026,30.000,old_id=310001242 | وجبة فطور + غداء يوم الجمعة 2/1/2026,310001242
1858985e-57b2-6ff6-03b9-b9a39ebfdc97,2026-01-03,فرع 11 يونيو,وجبة غداء لي 5 اشخاص,45.000,old_id=310001244 | وجبة غداء لي 5 اشخاص,310001244
fde05e3f-65dd-8652-1beb-b680b9ac96ff,2026-05-03,فرع 11 يونيو,سليم-حوالة,158.000,old_id=310001536 | سليم-حوالة,310001536
21827aab-b071-fe20-7323-72921c12d787,2026-04-04,فرع 11 يونيو,شراء طوبو شطاف من شعنان,45.000,old_id=310001452 | شراء طوبو شطاف من شعنان,310001452
2c8be848-fec2-b666-0c5f-980fe18a5ab9,2026-04-04,فرع 11 يونيو,عماد,4000.000,old_id=310001455 | عماد,310001455
2fbd2312-95a6-1f6e-cd2b-0d5462ab47db,2026-03-11,فرع 11 يونيو,عماد-بطاقة,90.000,old_id=310001431 | عماد-بطاقة,310001431
ce2a028c-d3fa-357f-3098-bc5a17b85a81,2026-04-04,فرع 11 يونيو,"20:دحي
10:غداء عامل",30.000,"old_id=310001456 | 20:دحي
10:غداء عامل",310001456
2d5c115f-570e-aecb-2bfd-bfa8f4d4d520,2026-04-28,فرع 11 يونيو,سليم-بطاقة,105.000,old_id=310001512 | سليم-بطاقة,310001512
5bcf0cb2-2b0d-6982-387a-22789964a047,2026-04-29,فرع 11 يونيو,معاش عبد الله النيجر لشهر 4,1100.000,old_id=310001510 | معاش عبد الله النيجر لشهر 4,310001510
007161ed-6dc1-fdc5-8155-b78ab52b75a0,2026-05-01,فرع 11 يونيو,سليم-بطاقة,28.000,old_id=310001520 | سليم-بطاقة,310001520
a53d9ea9-2be8-a8c8-cc8a-1850f2aea303,2026-05-01,فرع 11 يونيو,سليم-بطاقة,28.000,old_id=310001522 | سليم-بطاقة,310001522
46348dee-a281-7683-4007-c3b5d9783ebf,2026-05-01,فرع 11 يونيو,سليم-بطاقة,37.000,old_id=310001523 | سليم-بطاقة,310001523
92a95f80-fcba-7ce9-9fc6-28b8f03149cc,2026-05-02,فرع 11 يونيو,وجبة غداء,60.000,old_id=310001525 | وجبة غداء,310001525
89e314ee-664e-1020-cf44-3fa7490f68f9,2026-05-03,فرع 11 يونيو,سليم-بطاقة,35.300,old_id=310001534 | سليم-بطاقة,310001534
5891941b-07fa-2447-2ef9-1c43f8e8a0ee,2026-05-05,فرع 11 يونيو,احسان بن عمر,2000.000,old_id=310001541 | احسان بن عمر,310001541
f88e024d-0018-39b7-f6a8-8244549ca030,2026-05-06,فرع 11 يونيو,لافتة للمحل,500.000,old_id=310001544 | لافتة للمحل,310001544
f13d4187-198c-aec0-c5bf-b50f8633a854,2026-05-07,فرع 11 يونيو,وجبة غداء ل4 أشخاص-بطاقة,110.000,old_id=310001545 | وجبة غداء ل4 أشخاص-بطاقة,310001545
fcfe98ab-cdab-ec9a-419b-00c1c46db5d9,2026-05-06,فرع 11 يونيو,مواد بناء للافتتة المحل,80.000,old_id=310001547 | مواد بناء للافتتة المحل,310001547
5e177dbf-3a75-55d0-682c-2a68a8b84d92,2026-05-06,فرع 11 يونيو,قهوة+,40.000,old_id=310001548 | قهوة+,310001548
ca93e703-e790-dae2-057e-00c9812a0f0f,2026-05-07,فرع 11 يونيو,سليم-بطاقة,20.000,old_id=310001552 | سليم-بطاقة,310001552
d6dc1e80-3245-30de-58f7-4d7bb871e3a9,2026-05-08,فرع 11 يونيو,سليم-بطاقة,30.000,old_id=310001553 | سليم-بطاقة,310001553
cc4bc32d-d912-2edd-4651-a19e425b56eb,2026-05-09,فرع 11 يونيو,وجبة غداء-بطاقة,98.000,old_id=310001555 | وجبة غداء-بطاقة,310001555
dcba064d-4db7-be45-e100-f569cf386550,2026-05-09,فرع 11 يونيو,سليم-بطاقة,25.000,old_id=310001556 | سليم-بطاقة,310001556
1307f8b9-c285-db53-45de-4a0377351dc3,2026-05-10,فرع 11 يونيو,سليم-بطاقة,57.500,old_id=310001558 | سليم-بطاقة,310001558
de9f457d-601a-8f48-f199-daa3704aa2eb,2026-05-07,فرع 11 يونيو,سليم-بطاقة,180.000,old_id=310001546 | سليم-بطاقة,310001546
4701ff87-af61-2857-8140-18e0ebba9975,2026-05-07,فرع 11 يونيو,سليم-بطاقة,29.000,old_id=310001551 | سليم-بطاقة,310001551
35845dbb-9ecd-7ee8-9b07-d35750181ab1,2026-05-09,فرع 11 يونيو,فوط,15.000,old_id=310001554 | فوط,310001554
63b288b0-d083-5f99-2dc1-c0cd79b5b070,2026-05-12,فرع 11 يونيو,وجبة غداء-بطاقة,70.000,old_id=310001564 | وجبة غداء-بطاقة,310001564
64baaf89-b3b5-e0d9-1752-7ac4a8a8bf4f,2026-05-11,فرع 11 يونيو,اكل من يوم 12/05/2026,20.000,old_id=310001565 | اكل من يوم 12/05/2026,310001565
7e569202-c23d-1f9e-0ec2-f7c316624fd9,2026-05-12,فرع 11 يونيو,سليم-بطاقة,39.500,old_id=310001566 | سليم-بطاقة,310001566
a516d8f8-e918-31b8-3096-17aaaa03e190,2026-05-12,فرع 11 يونيو,سليم-بطاقة,146.000,old_id=310001567 | سليم-بطاقة,310001567
e51dc2db-4b41-5ff2-c8db-7b5b0ec93ab1,2026-05-11,فرع 11 يونيو,عماد,60.000,old_id=310001568 | عماد,310001568
ead51f9b-3630-5ce4-dff8-2a06d21e66c7,2026-05-13,فرع 11 يونيو,وجبة غداء-بطاقة,60.000,old_id=310001569 | وجبة غداء-بطاقة,310001569
151c844c-0fd7-3ad6-816d-c712aa4be83a,2026-05-15,فرع 11 يونيو,سليم-بطاقة,26.500,old_id=310001575 | سليم-بطاقة,310001575
fb582225-c6c6-b65b-ad79-4d75e9daf812,2026-05-14,فرع 11 يونيو,وجبة غداء-بطاقة,90.000,old_id=310001572 | وجبة غداء-بطاقة,310001572
598088f7-8ec3-465b-5b05-748d258c47d6,2026-05-15,فرع 11 يونيو,سليم-بطاقة,43.500,old_id=310001573 | سليم-بطاقة,310001573
22b7dc1b-412e-54f6-e16d-8428845b6a4c,2026-05-15,فرع 11 يونيو,سليم-بطاقة,52.500,old_id=310001574 | سليم-بطاقة,310001574
1cf7d337-e973-a190-a179-2b5a316f1f6c,2026-05-15,فرع 11 يونيو,سليم-بطاقة,84.000,old_id=310001576 | سليم-بطاقة,310001576
162c8b44-7494-1d96-91fd-7fdc02a12653,2026-05-15,فرع 11 يونيو,سليم-بطاقة,100.000,old_id=310001577 | سليم-بطاقة,310001577
102fb09c-e170-d21c-40f2-142d56f5ad3e,2026-05-15,فرع 11 يونيو,سليم-بطاقة,36.000,old_id=310001578 | سليم-بطاقة,310001578
2452a25c-6108-71be-5903-85515a709ef9,2026-05-16,فرع 11 يونيو,قضية غداء,100.000,old_id=310001579 | قضية غداء,310001579
43d7195a-9910-e5e9-22bb-1d1e4e12e9e5,2026-05-16,فرع 11 يونيو,احسان بن عمر,1000.000,old_id=310001580 | احسان بن عمر,310001580
6175a99f-bc31-567d-2569-3ac713a8d431,2026-05-16,فرع 11 يونيو,سليم-بطاقة,52.750,old_id=310001581 | سليم-بطاقة,310001581
679f0ac3-f200-b5ca-e5ef-f9b68a3e66b0,2026-05-17,فرع 11 يونيو,وجبة غداء-بطاقة,100.000,old_id=310001583 | وجبة غداء-بطاقة,310001583
9df91ff7-18a9-4049-af1f-2cd293e5023a,2026-05-18,فرع 11 يونيو,وجبة غداء,55.000,old_id=310001593 | وجبة غداء,310001593
6f762a00-6b20-4b10-ec90-bbc913655a30,2026-05-17,فرع 11 يونيو,سليم-بطاقة,28.000,old_id=310001589 | سليم-بطاقة,310001589
67c76fbf-5151-59be-6592-33cd30bc86c5,2026-05-17,فرع 11 يونيو,سليم-بطاقة,7.500,old_id=310001590 | سليم-بطاقة,310001590
1445bf3f-178c-3ca9-ddd2-8fb84bc6214f,2026-05-18,فرع 11 يونيو,صابون سائل+كلينيكس,25.000,old_id=310001592 | صابون سائل+كلينيكس,310001592
292568f8-8489-4f2b-b881-4ebd2c8ee5a6,2026-05-19,فرع 11 يونيو,وجبة غداء-بطاقة,120.000,old_id=310001595 | وجبة غداء-بطاقة,310001595
74021d72-8e87-f117-5859-39b57737406d,2026-05-19,فرع 11 يونيو,سليم-بطكاقة,217.500,old_id=310001596 | سليم-بطكاقة,310001596
c58256cf-4446-4cb2-e01b-25a54f3a7f72,2026-05-20,فرع 11 يونيو,بريست غداء,20.000,old_id=310001597 | بريست غداء,310001597
9335bf72-ee79-3c14-4eb1-ac7bfcdf66c6,2026-05-21,فرع 11 يونيو,سليم,650.000,old_id=310001601 | سليم حوالة,310001601
c85473c1-0455-2ebc-b198-8f272866b364,2026-05-21,فرع 11 يونيو,جلب احواض 100سم من النخبة الفريدة,80.000,old_id=310001602 | جلب احواض 100سم من النخبة الفريدة,310001602
946cb310-3f64-66c9-872b-046bcc32ab88,2026-05-20,فرع 11 يونيو,ضيافة ضيوف احسان بن عمر من تونس,150.000,old_id=310001603 | ضيافة ضيوف احسان بن عمر من تونس,310001603
b2d02841-ac4b-4c34-0021-78fb691be9f6,2026-05-21,فرع 11 يونيو,وجبة غداء-بطاقة,70.000,old_id=310001604 | وجبة غداء-بطاقة,310001604
2bc4fd6c-e924-d405-bfbb-e250a9f2e8f3,2026-05-21,فرع 11 يونيو,نقل بضاعة زبون فاتورة ب13500,100.000,old_id=310001605 | نقل بضاعة زبون فاتورة ب13500,310001605
be3e829e-280d-13e8-bb85-b6e0475d5a18,2026-05-21,فرع 11 يونيو,عماد-بطاقة,96.000,old_id=310001607 | عماد-بطاقة,310001607
f8cc9034-dc52-1e29-9d84-6d09a590a16a,2026-05-21,فرع 11 يونيو,سليم-بطاقة,300.000,old_id=310001609 | سليم-بطاقة,310001609
53652251-a743-6cf9-c242-0d8b353ff5d4,2026-05-23,فرع 11 يونيو,قضية غداء+مواد تنظيف-بطاقة,156.250,old_id=310001618 | قضية غداء+مواد تنظيف-بطاقة,310001618
39d551dc-4d47-3e0d-848c-6661a8dc349f,2026-05-23,فرع 11 يونيو,"نقل بضاعة من  السراج الى 11يونيو
من 11 يونيو الى غوط الشعال
و تنظيف المخزن جنزور",120.000,"old_id=310001617 | نقل بضاعة من  السراج الى 11يونيو
من 11 يونيو الى غوط الشعال
و تنظيف المخزن جنزور",310001617
e06e658d-4d99-91f7-3674-160fdbd49abd,2026-03-15,فرع 11 يونيو,لصقة كرطون شفافة 3 قطع,20.000,old_id=310001398,310001398
7df1ee07-3b99-2671-cd5c-437eda8d9073,2026-04-25,فرع 11 يونيو,عماد,2000.000,old_id=310001627 | عماد,310001627
cf25a200-0ab1-2832-8d96-efb256bf9d5e,2026-05-23,فرع 11 يونيو,عماد,3000.000,old_id=310001621 | عماد,310001621
4833f46d-4b64-2278-cb4b-507d77de0a7e,2026-04-05,فرع 11 يونيو,قضية+مواد تنظيف,100.000,old_id=310001623 | قضية+مواد تنظيف,310001623
ea6c8985-038f-3c58-4116-ff132d4ca011,2026-04-23,فرع 11 يونيو,مواد تنظيف+قضية,165.000,old_id=310001624 | مواد تنظيف+قضية,310001624
77576d9c-b5a2-6368-8a08-aafd5ec884d8,2026-04-25,فرع 11 يونيو,مواد تنظيف,90.000,old_id=310001626 | مواد تنظيف,310001626
bb12984f-d4a2-4058-6c8c-762706ef6ebe,2026-04-11,فرع 11 يونيو,احسان بن عمر-سليم,1000.000,old_id=310001468 | احسان بن عمر-سليم,310001468
53a56636-e1d8-8d34-8673-cf7f59800521,2026-03-10,فرع 11 يونيو,سداد كهرباء رقم-بطاقة,3220.453,old_id=310001418 | سداد كهرباء رقم-بطاقة,310001418
43ec93e0-ecdf-fabd-dfb9-c49a5fa36ed2,2026-03-30,فرع 11 يونيو,شراء خلاط دوش شيزا لالزبون فاتورة -بطاقة,280.000,old_id=310001416 | شراء خلاط دوش شيزا لالزبون فاتورة -بطاقة,310001416
ed620d6f-f29b-14bb-630a-c58838529454,2026-05-24,فرع 11 يونيو,وجبة غداء,55.000,old_id=310001628 | وجبة غداء,310001628
422e8152-5040-4d35-c9cb-c7fab3863b2b,2026-06-03,فرع 11 يونيو,غداء 3 أشخاص,70.000,old_id=310001641 | غداء 3 أشخاص,310001641
3f68dc83-2408-4638-f5a1-c20818933706,2026-05-21,فرع 11 يونيو,احسان بن عمر-بطاقة,128.000,old_id=310001613 | احسان بن عمر-بطاقة,310001613
6df2b96a-f8d5-b460-c7fb-62c9c90fc2b0,2026-05-24,فرع 11 يونيو,معاش عبد الله النيجر لشهر5,1100.000,old_id=310001629 | معاش عبد الله النيجر لشهر5,310001629
abcb2d78-5cd3-3303-d17e-e0e0c8b43b51,2026-06-06,فرع 11 يونيو,غداء 4 أشخاص,120.000,old_id=310001644,310001644
ae0bad59-3202-a781-da65-3f0eda4bee63,2026-06-06,فرع السراج,حوالة,95.000,old_id=210001423,210001423
d2579d93-5083-1f26-3114-7210731edea6,2026-06-06,فرع السراج,اكل,10.000,old_id=210001424,210001424
8678bdd3-fe61-da6d-3032-8f867dbdd11d,2026-06-07,فرع 11 يونيو,وجبة غداء ل5 أشخاص,70.000,old_id=310001645 | وجبة غداء ل5 أشخاص,310001645
b05d89c7-f81a-1f5d-a744-00d84093b038,2026-06-07,فرع السراج,حوالة,110.000,old_id=210001425,210001425
c54e5312-e82a-a27a-dcca-3c6c751a8f2e,2026-06-07,فرع السراج,اكل,10.000,old_id=210001426,210001426
780e8a4c-4997-3936-95ca-950d36e396df,2026-06-07,فرع 11 يونيو,احسان بن عمر,4000.000,old_id=310001646 | احسان بن عمر,310001646
d71b7a0d-ebd7-b840-55a6-a3e319f21e51,2026-06-08,فرع السراج,حوالة,90.000,old_id=210001427,210001427
05b57c2c-6040-b194-0a2f-3099a0ddaa62,2026-06-08,فرع السراج,اكل,10.000,old_id=210001428,210001428
b6822eeb-81f1-da0f-dea0-778b5facca6c,2026-06-07,فرع 11 يونيو,قضية غداء ل5 أشخاص ليوم 08/06/2026,60.000,old_id=310001647 | قضية غداء ل5 أشخاص ليوم 08/06/2026,310001647
226009eb-7841-3bd9-42a7-31a49f16f3ea,2026-06-08,فرع 11 يونيو,سليم-بطاقة,30.000,old_id=310001648 | سليم-بطاقة,310001648
32b7684d-1d7b-b9a3-a97d-cf3a3ce8525d,2026-06-08,فرع 11 يونيو,سليم-بطاقة,32.000,old_id=310001650 | سليم-بطاقة,310001650
781f8bd1-406b-ee37-5f56-29eeaf18a7cb,2026-06-09,فرع 11 يونيو,معمول-حوالة,405.000,old_id=310001652 | معمول-حوالة,310001652
543e3b2c-9288-6426-c00d-2099e7802b1d,2026-06-09,فرع 11 يونيو,وجبة غداء ل4 أشخاص-بطاقة,90.000,old_id=310001653 | وجبة غداء ل4 أشخاص-بطاقة,310001653
9a7d7433-a821-a516-34b8-d48291696196,2026-06-09,فرع السراج,حوالة,95.000,old_id=210001429,210001429
f532b0fd-2b8a-5292-62b3-9f04ca171f91,2026-06-09,فرع السراج,اكل,10.000,old_id=210001430,210001430
836df324-60ba-dab6-cc98-b37fab5ee2a7,2026-06-09,فرع 11 يونيو,احسان بن عمر,3000.000,old_id=310001655 | احسان بن عمر,310001655
870e8e25-da8a-9a81-da49-4c93e7d68c7e,2026-06-10,فرع السراج,حوالة,110.000,old_id=210001431,210001431
982eec03-2302-3346-25c3-46ea916d7444,2026-06-10,فرع السراج,اكل,10.000,old_id=210001432,210001432
f019dd12-9c99-b6e0-043e-b6a35980e095,2025-08-06,فرع السراج,وجبة غداء,110.000,old_id=310000782 | وجبة غداء,310000782
294593ec-18a8-fef3-4da6-03c6912966ab,2026-06-10,فرع 11 يونيو,لحم دجاج-بطاقة,23.000,old_id=310001656 | لحم دجاج-بطاقة,310001656
883c86bf-88ac-84d1-8d2e-e8d0256641f1,2026-06-11,فرع 11 يونيو,وجبة غداء ل4 أشخاص,80.000,old_id=310001659 | وجبة غداء ل4 أشخاص,310001659
4c8653d3-9294-bef8-c73a-8c4a312199ca,2026-06-13,فرع 11 يونيو,وجبة غداء ل4 أشخاص-حوالة,115.000,old_id=310001661 | وجبة غداء ل4 أشخاص-حوالة,310001661
b6c28845-9b16-d8b0-9073-829effad91ff,2026-06-11,فرع السراج,حوالة,60.000,old_id=210001433,210001433
6e9984f3-215b-e814-6798-b9ff8bcf910c,2026-06-11,فرع السراج,اكل,10.000,old_id=210001434,210001434
4c0c59b3-1d42-5b36-a0ae-b582f7c46e16,2026-06-11,فرع السراج,جعفر العامل,100.000,old_id=210001435,210001435
a5d90ec4-8085-5d61-614d-be589098a924,2026-06-13,فرع السراج,حوالة,110.000,old_id=210001436,210001436
c8f42672-6c80-a8e1-b9ef-98b682e0eaf9,2026-06-13,فرع السراج,اكل,10.000,old_id=210001437,210001437
e2c29361-7bb7-fe07-26f0-ca05601e7200,2026-06-13,فرع 11 يونيو,احسان بن عمر,4000.000,old_id=310001670 | احسان بن عمر,310001670
d9f9c9c2-10c6-d45c-33ef-7716abb324e1,2026-06-14,فرع السراج,حوالة,80.000,old_id=210001438,210001438
f08b0305-643b-3a0c-7181-03f7753a3ec9,2026-06-14,فرع السراج,اكل,10.000,old_id=210001439,210001439
27137c35-8877-6a27-a0ff-835aa5391769,2026-06-14,فرع 11 يونيو,سليم-بطاقة,80.000,old_id=310001672 | سليم-بطاقة,310001672
82d71443-58fd-3bab-6e59-22eac20e97e7,2026-06-08,فرع 11 يونيو,سليم-بطاقة,30.000,old_id=310001649 | سليم-بطاقة,310001649
7461565d-873d-0797-6021-53647066ea35,2026-06-09,فرع 11 يونيو,سليم-بطاقة,159.000,old_id=310001654 | سليم-بطاقة,310001654
82724670-9434-6598-78b1-9181d114b866,2026-06-10,فرع 11 يونيو,قضية غداء-حوالة,74.000,old_id=310001657 | قضية غداء-حوالة,310001657
e86c76d7-0e45-34d2-7d0f-785f9211e430,2026-06-11,فرع 11 يونيو,عبد الله صغيرو من مرتب شهر6,100.000,old_id=310001660 | عبد الله صغيرو من مرتب شهر6,310001660
d7703716-012d-afe1-c293-69b226910638,2026-06-13,فرع 11 يونيو,ضيافة احسان بن عمر-بطاقة,285.000,old_id=310001662 | ضيافة احسان بن عمر-بطاقة,310001662
05715aff-4b1e-28ff-d07f-00b60d948130,2026-06-14,فرع 11 يونيو,قضية غداء-حوالة,92.000,old_id=310001671 | قضية غداء-حوالة,310001671
e10c704d-2064-d7dd-9efe-151818433bd0,2026-06-14,فرع 11 يونيو,سليم-بطاقة,72.000,old_id=310001673 | سليم-بطاقة,310001673
a74344a5-c144-bdc7-68b9-87233b2e6231,2026-06-08,فرع 11 يونيو,سليم-بطاقة,39.000,old_id=310001651 | سليم-بطاقة,310001651
ba181dc1-fe7b-dbd3-12e5-1639f8f9acd1,2026-06-10,فرع 11 يونيو,سليم-بطاقة,46.000,old_id=310001674 | سليم-بطاقة,310001674
5343abc0-334f-02ee-433a-27fe3281e471,2026-06-10,فرع 11 يونيو,سليم-بطاقة,20.000,old_id=310001676 | سليم-بطاقة,310001676
3c5c866f-f48f-4f81-8893-f2225c25b152,2026-06-10,فرع 11 يونيو,خبز,10.000,old_id=310001658 | خبز,310001658
48edab94-7b46-3a38-384f-bf80f6d91dbf,2026-06-13,فرع 11 يونيو,ضيافة احسان بن عمر-بطاقة,152.000,old_id=310001663 | ضيافة احسان بن عمر-بطاقة,310001663
fd7550a6-db37-3c34-4592-6f3b4a6beb8d,2026-06-10,فرع 11 يونيو,سليم-بطاقة,33.000,old_id=310001675 | سليم-بطاقة,310001675
baadd888-2873-bc8c-4a56-f3873a83b634,2026-06-13,فرع 11 يونيو,سليم-بطاقة,30.000,old_id=310001664 | سليم-بطاقة,310001664
c0b91307-bcef-af65-e4b8-7bcf1aca1645,2026-06-12,فرع 11 يونيو,4G,55.000,old_id=310001665 | 4G,310001665
34817cdc-17a2-456a-ddfa-bd7d41252373,2026-06-14,فرع 11 يونيو,خبز,10.000,old_id=310001677 | خبز,310001677
5a949411-4369-bb9f-b08b-46fa394df425,2026-06-14,فرع 11 يونيو,تغبئة قارورة الغتز,5.000,old_id=310001678 | تغبئة قارورة الغتز,310001678
b1ffa747-f2ab-9dba-d1bc-0e39216227d4,2026-06-15,فرع السراج,حوالة,110.000,old_id=210001440,210001440
4201ca33-bc07-24db-4dee-b45aea4a4384,2026-06-15,فرع السراج,اكل,10.000,old_id=210001441,210001441
b64edc85-c2d4-d16e-51ee-8829fa2f0ba5,2026-06-15,فرع 11 يونيو,وجبة غداء ل5 أشخاص,110.000,old_id=310001679 | وجبة غداء ل5 أشخاص,310001679
32bc8a5a-9681-1461-fa8a-bee27513841f,2026-06-16,فرع السراج,من 11يونيوا الي سراج,40.000,old_id=210001442,210001442
ebcc0ca5-0205-8290-de1c-b5e45b63f2dc,2026-06-16,فرع السراج,من جنزورالي السراج,60.000,old_id=210001443,210001443
7ee00111-9741-98b5-c0bb-76a728546419,2026-06-16,فرع السراج,حوالة,95.000,old_id=210001444,210001444
d3489ee9-93b2-d6c0-0941-097d9d68b7fd,2026-06-16,فرع السراج,اكل,10.000,old_id=210001445,210001445
86b80b7b-7355-2edd-cd07-9cfb3351e85d,2026-06-16,فرع 11 يونيو,وجبة ل5 أشخاص,100.000,old_id=310001681 | وجبة ل5 أشخاص,310001681
6d37c324-4cf9-11fd-ab07-cec1b857e656,2026-06-16,فرع 11 يونيو,بانقة ميه,10.000,old_id=310001682 | بانقة ميه,310001682
28c5dae5-2da4-f5fb-a67e-a84630de520c,2026-06-17,فرع 11 يونيو,احسان بن عمر,1000.000,old_id=310001695 | احسان بن عمر,310001695
6f2a019c-5adb-e7f6-1b4f-2d90f527e1f3,2026-06-18,فرع 11 يونيو,وجبة غداء ل4 أشخاص,85.000,old_id=310001696 | وجبة غداء ل4 أشخاص,310001696
96764a06-75a4-69a8-f929-6b1956f353b8,2026-06-17,فرع السراج,حوالة,130.000,old_id=210001446,210001446
4141427a-e936-57fa-cc83-a5516126d1df,2026-06-16,فرع 11 يونيو,سليم,1000.000,old_id=310001683 | سليم,310001683
316fdef8-9c61-da72-4536-d32b1dec1b0a,2026-06-20,فرع السراج,حوالة,135.000,old_id=210001450,210001450
edcb6e22-6d46-9b29-8f09-33601f79308f,2026-06-16,فرع 11 يونيو,توصيل قيمة لاجياد ليبيا -عم السايح,20.000,old_id=310001686 | توصيل قيمة لاجياد ليبيا -عم السايح,310001686
4e247dc7-8666-d527-7f35-172d82c7c630,2026-06-16,فرع 11 يونيو,نقل بضاعة توريما من مصراتة-اجياد ليبيا,130.000,old_id=310001688 | نقل بضاعة توريما من مصراتة-اجياد ليبيا,310001688
09489c9a-4a6d-42bc-e59c-f4b7cf8449da,2026-06-17,فرع 11 يونيو,تزويق وجه بتارة لالزبون عبد العزيز,145.000,old_id=310001690 | تزويق وجه بتارة لالزبون عبد العزيز,310001690
e2ab001c-5eb2-62d1-60d5-b7ff2c4d3b1f,2026-06-18,فرع السراج,حوالة,135.000,old_id=210001448,210001448
fc68f863-12b0-ee58-0c29-e8b0545d42d3,2026-06-17,فرع السراج,اكل,10.000,old_id=210001447,210001447
8f6e9bc2-7f89-241c-0b30-394bbbbc2919,2026-06-17,فرع 11 يونيو,وجبة غداء ل5 أشخاص,105.000,old_id=310001694 | وجبة غداء ل5 أشخاص,310001694
73dcb7a5-f3c6-e485-4136-ca620450f5c0,2026-06-18,فرع السراج,اكل,10.000,old_id=210001449,210001449
01463bb2-1a2a-9730-705f-778e4254e08a,2026-06-15,فرع 11 يونيو,احسان بن عمر,8000.000,old_id=310001680 | احسان بن عمر,310001680
e43f3cc4-1e1b-a3db-742a-5c70e9a0b60e,2026-06-18,فرع 11 يونيو,احسان بن عمر,3000.000,old_id=310001697 | احسان بن عمر,310001697
12ca5e3d-c159-8d0b-8f93-3553fa565788,2026-06-20,فرع السراج,حوالة,35.000,old_id=210001451,210001451
a222bcfa-0162-4062-bdaa-d3e01317218a,2026-06-01,فرع 11 يونيو,شحن كهرباء بتاريخ مجيء سليم-بطاقة,108.000,old_id=310001666 | شحن كهرباء بتاريخ مجيء سليم-بطاقة,310001666
a5466682-293b-33a9-fa01-937d148b7002,2026-06-16,فرع 11 يونيو,مواد تنظيف,60.000,old_id=310001689 | مواد تنظيف,310001689
cf3dd614-7bb1-f1f5-9b12-1e3e2809bf30,2026-06-20,فرع السراج,حوالة,80.000,old_id=210001452,210001452
8d87e02a-ff28-4b77-48e1-52597a1d7719,2026-06-20,فرع السراج,ماء شرب حوالة,80.000,old_id=210001453,210001453
e663174b-e670-e310-51fb-86507366e336,2026-06-20,فرع السراج,اكل,10.000,old_id=210001454,210001454
94c900ae-e93b-7fe3-851a-daf3ce10a835,2026-03-11,فرع 11 يونيو,عماد-بطاقة,73.000,old_id=310001527 | عماد-بطاقة,310001527
20994765-826f-6efa-52c8-44a5a95cef2f,2026-06-13,فرع 11 يونيو,شحن كهرباء-بطاقة,108.000,old_id=310001667 | شحن كهرباء-بطاقة,310001667
55b385d1-00db-161d-db77-13142faefd6b,2026-06-13,فرع 11 يونيو,بانقة ميه,10.000,old_id=310001669 | بانقة ميه,310001669
d75e5f01-c932-aea4-1020-e27542df1d73,2026-06-20,فرع 11 يونيو,نقل بضاعة من جنزور ل11 يونيو,80.000,old_id=310001698 | نقل بضاعة من جنزور ل11 يونيو,310001698
481e2aed-bf1d-1751-4fd7-8ab0c4867b7c,2026-06-21,فرع 11 يونيو,وجبة غداء ل4 أشخاص,100.000,old_id=310001703 | وجبة غداء ل4 أشخاص,310001703
7a62fa7c-105f-9f4e-7809-582a22ae758c,2026-06-21,فرع السراج,حوالة,90.000,old_id=210001455,210001455
a4373e35-999b-24e1-27e9-81e5dbb233e9,2026-06-21,فرع السراج,اكل,10.000,old_id=210001456,210001456
f4d7fb62-f6ad-12b5-6c16-6c78c6ad367a,2026-06-21,فرع 11 يونيو,نقل بضاعة زبون لشركة الشحن,70.000,old_id=310001705 | نقل بضاعة زبون لشركة الشحن,310001705
c15dd850-aaf0-efe7-7623-1da7fad4b853,2026-06-16,فرع 11 يونيو,بضاعة توريما من اجياد  مصراتة,1340.000,old_id=310001685 | بضاعة توريما من اجياد  مصراتة,310001685
f4b3bcd2-90ce-056b-62cb-bef34098dda6,2026-06-21,فرع 11 يونيو,طاسة ميه,10.000,old_id=310001707 | طاسة ميه,310001707
979118dc-5b63-1041-1dba-35c533cbc561,2026-06-22,فرع 11 يونيو,مية طاسة و شيشة و بانقة-بطاقة,170.000,old_id=310001706 | مية طاسة و شيشة و بانقة-بطاقة,310001706
fdaac161-b55e-d67b-1fde-18beedc50809,2026-06-22,فرع السراج,حوالة,90.000,old_id=210001457,210001457
794153d4-fc7a-f5fc-f904-a90c0ffbec3e,2026-06-22,فرع السراج,اكل,10.000,old_id=210001458,210001458
7cc5b0c6-362d-45e2-e828-a7559906db88,2026-06-21,فرع 11 يونيو,وجبة غداء ليوم 22/06/2026,100.000,old_id=310001709 | وجبة غداء ليوم 22/06/2026,310001709
a7710217-6533-40f7-f149-170070abb92c,2026-06-23,فرع السراج,حوالة,95.000,old_id=210001459,210001459
96b8eb5f-e137-0d23-fed1-fbcb3f976cf6,2026-06-23,فرع السراج,اكل,10.000,old_id=210001460,210001460
a8d9e248-c2e9-0c27-6772-7d1386a4c8b4,2026-06-24,فرع 11 يونيو,وجبة غداء ل3 أشخاص ليوم 23/06/2026,70.000,old_id=310001710 | وجبة غداء ل3 أشخاص ليوم 23/06/2026,310001710
bde9fb60-6121-432f-057a-6a16ccd4eb01,2026-06-24,فرع 11 يونيو,وجبة ل4 أشخاص,85.000,old_id=310001711 | وجبة ل4 أشخاص,310001711
a9bc30e6-1761-678a-03ec-5c2ba681a5f1,2026-06-24,فرع 11 يونيو,احسان بن عمر,4000.000,old_id=310001712 | احسان بن عمر,310001712
3ad3a3b4-8a38-18bc-acbd-c3f05c8cd541,2026-06-24,فرع 11 يونيو,ابو مصعب من مرتب شهر 6,10.000,old_id=310001713 | ابو مصعب من مرتب شهر 6,310001713
7b89ce27-d543-76b6-5d89-de068c7b439d,2026-06-24,فرع السراج,حوالة,85.000,old_id=210001461,210001461
9f3eb1ce-d7d2-7b00-fb5d-711197aa4b03,2026-06-24,فرع السراج,اكل,10.000,old_id=210001462,210001462
512fa737-5ba0-a166-dda9-2089969c2219,2026-06-25,فرع السراج,حوالة,90.000,old_id=210001463,210001463
b804678f-708d-e4d2-4e00-7031032563df,2026-06-25,فرع السراج,اكل,10.000,old_id=210001464,210001464
34392714-ffe7-bd89-7941-e7b823d7e827,2026-06-25,فرع 11 يونيو,وجبة فطور ل3 أشخاص,70.000,old_id=310001714 | وجبة فطور ل3 أشخاص,310001714
b61efc9e-2a97-52cd-a927-943b32425986,2026-06-25,فرع 11 يونيو,احسان بن عمر,9000.000,old_id=310001717 | احسان بن عمر,310001717
69dfe35f-27db-c84d-54c5-a5ff2d478a0d,2026-06-25,فرع 11 يونيو,ابو مصعب من شهر 6,140.000,old_id=310001718 | ابو مصعب من شهر 6,310001718
6b9cbb51-efbc-60cb-1be8-36d9a968b09d,2026-06-27,فرع 11 يونيو,سكر,5.000,old_id=310001719 | سكر,310001719
f5a270a5-4e6a-5296-7fc9-7498e08df93c,2026-06-27,فرع السراج,حوالة,95.000,old_id=210001465,210001465
914ec4dc-8b2a-f9d0-a72c-59847d38b31e,2026-06-27,فرع السراج,اكل,10.000,old_id=210001466,210001466
41772712-dc0e-0f14-c605-3db0489d3ed3,2026-06-13,فرع 11 يونيو,سكر,5.000,old_id=310001668 | سكر,310001668
918b1b69-27eb-4c17-2bfb-da3283173c67,2026-06-20,فرع 11 يونيو,وجبة غداء ل4 أشخاص,130.000,old_id=310001699 | وجبة غداء ل4 أشخاص,310001699
4916dba4-8f19-6ad6-11d4-64f05675368a,2026-06-21,فرع 11 يونيو,كهرباء للمحل,100.000,old_id=310001704 | كهرباء للمحل,310001704
0bb7ac35-3b32-42c9-1ab0-5d89aa78d9fc,2026-06-21,فرع 11 يونيو,نقل بضاعة زبون جنزور سمير محمد,120.000,old_id=310001708 | نقل بضاعة زبون جنزور سمير محمد,310001708
b66f2a5d-199d-5ac0-69b2-df7103322456,2026-06-25,فرع 11 يونيو,شمنت ابيض,10.000,old_id=310001715 | شمنت ابيض,310001715
177b51ff-e3bd-c1af-ac10-dfa406e549ec,2026-06-27,فرع 11 يونيو,ملمع مورش,5.000,old_id=310001720 | ملمع مورش,310001720
76623501-7c27-4898-db7d-d830053e2f40,2026-06-27,فرع 11 يونيو,وجبة غداء ل4 أشخاص,90.000,old_id=310001721 | وجبة غداء ل4 أشخاص,310001721
917352d2-95b4-0a95-0c16-c0ac08b2254a,2026-06-20,فرع 11 يونيو,نقل بضاعة من النخبة الفريدة الى 11 يونيو,90.000,old_id=310001700 | نقل بضاعة من النخبة الفريدة الى 11 يونيو,310001700
5e1110b4-8ec6-1971-74f0-59e023825135,2026-06-25,فرع 11 يونيو,تركيب مورش الباب,1500.000,old_id=310001716 | تركيب مورش الباب,310001716
a44dd494-f176-e7a2-b731-a15d4eb78a1e,2026-06-27,فرع 11 يونيو,احسان بن عمر,3000.000,old_id=310001722 | احسان بن عمر,310001722
f6136dbc-8160-92b4-775c-9b1a59b63a02,2026-06-20,فرع 11 يونيو,ابو مصعب,50.000,old_id=310001701 | ابو مصعب,310001701
d86d65e3-3a75-d4b2-adf9-5bfa42676c76,2026-06-28,فرع السراج,حوالة,130.000,old_id=210001467,210001467
8a2e7807-bfca-80f4-1497-1d5dce0058ef,2026-06-28,فرع السراج,اكل,10.000,old_id=210001468,210001468
a60a35f9-82a1-0c09-a5b9-6138e7253b9c,2026-06-30,فرع السراج,مصعب الفاندي,800.000,old_id=210001476,210001476
de379c96-d172-3278-56bd-07103c5aa546,2026-06-30,فرع السراج,انس وشاح,1000.000,old_id=210001477,210001477
62d789f2-34e0-4aa6-9efb-0f28bb78850d,2026-06-28,فرع 11 يونيو,وجبة غداء عامل20+10 توصيل وجبات مجنية,30.000,old_id=310001723 | وجبة غداء عامل20+10 توصيل وجبات مجنية,310001723
a01df0bb-ea7d-cd13-3eff-062dcb07e25f,2026-06-29,فرع السراج,حوالة,130.000,old_id=210001469,210001469
8f5072ac-74bc-c1ce-7717-ff081d567954,2026-06-29,فرع السراج,اكل,10.000,old_id=210001470,210001470
1c86aee3-ace2-5381-4fd7-e7f2ae96ee25,2026-06-29,فرع 11 يونيو,وجبة غداء +ايسكريم,110.000,old_id=310001725 | وجبة غداء +ايسكريم,310001725
1039782e-895d-81a3-f828-57dc9d6dbc44,2026-06-29,فرع 11 يونيو,احسان بن عمر,10000.000,old_id=310001727 | احسان بن عمر,310001727
ec4677cd-46f7-db9d-f734-43b9b3a94a7a,2026-06-30,فرع السراج,حوالة,120.000,old_id=210001471,210001471
a55e8675-2696-e3ed-a5cb-59eaabf29fd6,2026-06-30,فرع السراج,اكل,10.000,old_id=210001472,210001472
d74d24c3-8fc6-b76d-7707-1d037fb4c4c0,2026-06-30,فرع السراج,من دعوة الي سراج,60.000,old_id=210001473,210001473
f4778939-51ea-924c-5649-99f1e7e18b24,2026-06-30,فرع 11 يونيو,لصقة,10.000,old_id=310001728 | لصقة,310001728
05ce3e3a-7291-f710-d4b0-7d5fed94bb1c,2026-06-29,فرع 11 يونيو,شحن كهرباء للمحل,210.000,old_id=310001730 | شحن كهرباء للمحل,310001730
2fb352b1-b52a-8e45-7366-307e22df3136,2026-06-29,فرع 11 يونيو,معاش عبد الله النيجر لشهر 6,1000.000,old_id=310001731 | معاش عبد الله النيجر لشهر 6,310001731
6ccd7e2d-b8b5-a8ba-95a2-7fdc52101f35,2026-06-29,فرع 11 يونيو,معاش عبد الله ابو مصعب لشهر6,1100.000,old_id=310001732 | معاش عبد الله ابو مصعب لشهر6,310001732
855f6fcf-3d29-bf03-90ac-c6af27b21911,2026-06-30,فرع السراج,احمد الفاندي,1800.000,old_id=210001474,210001474
4565a65e-d269-788a-2941-7649ffac4bd7,2026-06-30,فرع السراج,جفر العامل,900.000,old_id=210001475,210001475
0428916e-867f-9b1d-2387-96028f2d8897,2026-06-30,فرع السراج,احمد عبد المجيد الفاندي,250.000,old_id=210001478,210001478
491fb7ca-bbb0-cf8a-41b9-a969f638ef18,2026-07-01,فرع السراج,حوالة,95.000,old_id=210001479,210001479
5323629e-f315-f81a-19ba-847c0d268eb3,2026-07-01,فرع السراج,اكل,10.000,old_id=210001480,210001480
63177b82-a616-aedf-2dfd-b713e55757ad,2026-07-02,فرع السراج,حوالة,170.000,old_id=210001481,210001481
d4c610a1-e8f2-ce39-e61f-73e7696d79ac,2026-07-02,فرع السراج,حوالة,345.000,old_id=210001482,210001482
b62b757d-87dc-32ca-4087-6ef9e07005f0,2026-07-02,فرع السراج,حوالة,80.000,old_id=210001483,210001483
122e56aa-140d-f5ec-2a12-7c1839f075da,2026-06-03,فرع 11 يونيو,سليم,3000.000,old_id=310001734 | سليم,310001734
c9aa4056-892d-163d-d2dd-9933b97d5260,2026-07-02,فرع السراج,اكل,10.000,old_id=210001484,210001484
ad963ae4-e238-a76b-c494-7352cdc93599,2026-07-02,فرع 11 يونيو,وجبة غداء -بطاقة,86.000,old_id=310001741 | وجبة غداء -بطاقة,310001741
a6b26a49-8049-add8-3beb-f03c8f00e1a8,2026-05-18,فرع 11 يونيو,سليم,2000.000,old_id=310001594 | سليم,310001594
5aeb38f6-5dfd-0a0c-ca10-e321ac458965,2026-07-04,فرع السراج,حوالة,85.000,old_id=210001485,210001485
60163a9b-5bb5-311a-6d48-717ff28314ef,2026-07-04,فرع السراج,اكل,10.000,old_id=210001486,210001486
9510b382-a15b-fa00-0d34-ec39ffab83cd,2026-06-20,فرع 11 يونيو,احسان بن عمر,1000.000,old_id=310001702 | احسان بن عمر,310001702
27892a73-6198-f182-9602-68189ec433dd,2026-06-28,فرع 11 يونيو,تركيب باب المورش للمحل,935.000,old_id=310001724 | تركيب باب المورش للمحل,310001724
c42f0714-4ccb-7b91-f6b2-6b01d60e4160,2026-06-29,فرع 11 يونيو,اربع كيلو بورزا,60.000,old_id=310001726 | اربع كيلو بورزا,310001726
d1c47829-e0bc-fe8e-829a-44387fa4a0f7,2026-06-30,فرع 11 يونيو,وجبة غداء,70.000,old_id=310001729 | وجبة غداء,310001729
8615abd4-dfdf-4e60-998b-35bb5cb858f1,2026-07-01,فرع 11 يونيو,وجبة غداء ل4 أشخاص,90.000,old_id=310001733 | وجبة غداء ل4 أشخاص,310001733
b7313c69-2f61-819c-7df0-48586e970472,2026-07-04,فرع 11 يونيو,قضية غداء ل4 أشخاص,90.000,old_id=310001742 | قضية غداء ل4 أشخاص,310001742
740cf4ca-26c3-177f-4766-37d7641056aa,2026-06-07,فرع 11 يونيو,عماد-بطاقة,65.000,old_id=310001736 | عماد-بطاقة,310001736
9f30776a-122a-b051-3bd1-4f522d0663f6,2026-06-07,فرع 11 يونيو,عماد-بطاقة,95.000,old_id=310001739 | عماد-بطاقة,310001739
eb8b4f38-ddf3-c3ec-197e-90df1dc7f39e,2026-07-05,فرع السراج,اكل,10.000,old_id=210001488,210001488
43cd0354-5714-ac6d-905e-2076d7c3a972,2026-06-29,فرع 11 يونيو,معاش محمد سوشلميديا لشهر6/////18 فيديو,1460.000,old_id=310001744 | معاش محمد سوشلميديا لشهر6/////18 فيديو,310001744
2181b83f-4c10-a3bd-ea24-29ffe64dc115,2026-07-04,فرع 11 يونيو,احسان بن عمر,1000.000,old_id=310001743 | احسان بن عمر,310001743
a7f2a889-7451-2d46-1272-386dbe1140d2,2026-07-08,فرع السراج,حوالة,80.000,old_id=210001494,210001494
0e47451a-37f2-c81f-9be6-34072dca5089,2026-06-07,فرع 11 يونيو,عماد-بطاقة,105.000,old_id=310001735 | عماد-بطاقة,310001735
2241bfd5-f490-f8e3-6490-476871c3b818,2026-06-07,فرع 11 يونيو,عماد-بطاقة,95.000,old_id=310001737 | عماد-بطاقة,310001737
eb990700-4357-eab2-91a7-2fa1fb8098d4,2026-06-07,فرع 11 يونيو,عماد-بطاقة,250.000,old_id=310001738 | عماد-بطاقة,310001738
cfffbb5a-5a76-5c51-f7ed-fa735d25b812,2026-06-09,فرع 11 يونيو,مواد غذائية+تنظيف...,100.000,old_id=310001749 | مواد غذائية+تنظيف...,310001749
daa5312f-1e0b-bd8d-e5db-c4b263f5fb7b,2026-06-07,فرع 11 يونيو,عماد-بطاقة,210.000,old_id=310001740 | عماد-بطاقة,310001740
0c44009d-9e70-62fb-e122-19a3caa5a00a,2026-06-07,فرع 11 يونيو,عماد-قوة الموندو-بطاقة,130.000,old_id=310001745 | عماد-قوة الموندو-بطاقة,310001745
897567a6-a946-82fd-032f-ea4b9bdb3ba9,2026-06-07,فرع 11 يونيو,شراء قهوة الموندو من يوم23/05,130.000,old_id=310001746 | شراء قهوة الموندو من يوم23/05,310001746
386678eb-8bbd-42a3-9b50-a5d1a768e7d0,2026-07-05,فرع السراج,مصروف,25.000,old_id=210001489,210001489
d66e6464-3730-c983-7a41-4be0f9ad6fb7,2026-07-06,فرع السراج,حوالة,85.000,old_id=210001490,210001490
ecd7701c-a32d-e261-c723-14f804bc84c6,2026-05-24,فرع 11 يونيو,جزء من معاش ابو مصعب لشهر 5,850.000,old_id=310001747 | جزء من معاش ابو مصعب لشهر 5,310001747
c2a2d117-5531-22c2-756b-c8b0dad4fa9c,2026-05-24,فرع 11 يونيو,احسان بن عمر,1000.000,old_id=310001748 | احسان بن عمر,310001748
43304f01-dd0b-fda0-00b5-88f2859c1157,2026-07-06,فرع السراج,اكل,10.000,old_id=210001491,210001491
1d90156b-f914-77a0-8692-6428037a1e8c,2026-07-06,فرع 11 يونيو,كلينيكس+سكر,20.000,old_id=310001750 | كلينيكس+سكر,310001750
d8153a88-97b1-f2f8-6a26-75c6cfbc5d05,2026-07-06,فرع 11 يونيو,وجبة غداء ليوم 05/07/2026,135.000,old_id=310001751 | وجبة غداء ليوم 05/07/2026,310001751
6bf65abc-4b1e-9d82-7b6e-511f4f533dec,2026-07-06,فرع 11 يونيو,احسان بن عمر,2000.000,old_id=310001753 | احسان بن عمر,310001753
ed436f25-3f8e-2d43-15c9-751d3d98a742,2026-07-07,فرع السراج,حوالة,80.000,old_id=210001492,210001492
1ad09a05-bd8c-a7fc-2452-b8ba1bbd40d7,2026-07-07,فرع السراج,اكل,10.000,old_id=210001493,210001493
eeefcfb2-b432-8c0d-a7dc-2679bf62ed0c,2026-07-08,فرع السراج,اكل,10.000,old_id=210001495,210001495
48993489-bb0c-26d5-10d6-94ff49b63a84,2026-06-29,فرع 11 يونيو,عماد,1570.000,old_id=310001754 | عماد,310001754
1bb7821b-d35d-8b8f-b3b6-749c4c541039,2026-07-09,فرع السراج,حوالة,50.000,old_id=210001496,210001496
0cfffcd3-6b51-4dc9-1e39-9825d511dae9,2026-07-09,فرع السراج,اكل,10.000,old_id=210001497,210001497
f6fa93ac-b5fd-229a-edb3-63ad9ef38f62,2026-07-09,فرع 11 يونيو,عبد الله صغيرو من مرتب شهر 7,100.000,old_id=310001755 | عبد الله صغيرو من مرتب شهر 7,310001755
de17dc6f-4811-5a27-c77a-3c67a0408b74,2026-07-05,فرع السراج,حوالة,80.000,old_id=210001487,210001487
823a4da0-31f5-d85f-a01d-1bf5d332ef7b,2026-07-11,فرع 11 يونيو,مية,170.000,old_id=310001757 | مية,310001757
6d603c1a-394f-09a8-8c27-775496ddec73,2026-07-11,فرع 11 يونيو,وجبة غداء ل6 أشخاص,135.000,old_id=310001759 | وجبة غداء ل6 أشخاص,310001759
8bcaed17-4dd6-ba84-6250-f40ebd8c585d,2026-07-06,فرع 11 يونيو,وجبة غداء ل4 أشخاص,95.000,old_id=310001752 | وجبة غداء ل4 أشخاص,310001752
89c491fa-022c-410d-59ed-c614c91584b0,2026-07-11,فرع السراج,اكل,10.000,old_id=210001499,210001499
dad0d40d-e56d-23c6-cf82-0a534da2635b,2026-07-11,فرع 11 يونيو,احسان بن عمر,1000.000,old_id=310001760 | احسان بن عمر,310001760
848190af-78af-471c-0259-6e41beea9b26,2026-07-11,فرع السراج,حوالة,70.000,old_id=210001498,210001498
bdc1a2d6-b6e0-7ed9-2d01-361596c78c8a,2026-07-11,فرع 11 يونيو,شحن نت للمحل,75.000,old_id=310001758 | شحن نت للمحل,310001758
9d67a320-fa73-55bd-16ae-64fe97f55e64,2026-07-12,فرع السراج,مصروف,82.000,old_id=210001500,210001500
cca8a3a7-af50-75f2-b614-b4d116b19889,2026-07-12,فرع السراج,مصروف,5.000,old_id=210001502,210001502
5f8426a8-f718-ac03-1864-0d248a3e85be,2026-07-12,فرع السراج,اكل,10.000,old_id=210001503,210001503
6f1b19d9-d63f-e498-5ef5-279a16dd6adb,2026-07-12,فرع السراج,حوالة,98.000,old_id=210001501,210001501
47522ac7-1d1e-d2a1-6c90-dcbebf78b08f,2026-07-08,فرع 11 يونيو,اجرة عامل تنزيل,30.000,old_id=310001761 | اجرة عامل تنزيل,310001761
92221094-bad9-81aa-4e89-a7a5bbe00975,2026-07-13,فرع 11 يونيو,وجبة غداء ليوم 12/07/2026,115.000,old_id=310001764 | وجبة غداء ليوم 12/07/2026,310001764
bbb7e8f8-8fe4-0daa-d31a-8e407cbc4b1d,2026-07-13,فرع السراج,حوالة,65.000,old_id=210001504,210001504
e4d548c7-d737-c379-7453-afcdb8b97d37,2026-07-13,فرع السراج,اكل,10.000,old_id=210001505,210001505
3b858b90-34a4-8110-5a72-ace46c9a8b5f,2026-07-14,فرع 11 يونيو,لعبد المنعم زواق وجه دوش و شطاف و زر بتارية,565.000,old_id=310001766 | لعبد المنعم زواق وجه دوش و شطاف و زر بتارية,310001766
55e681db-c4d9-ea3f-c4b1-51dc5cd041ee,2026-07-14,فرع 11 يونيو,وجبة غداء ل5 أشخاص,135.000,old_id=310001767 | وجبة غداء ل5 أشخاص,310001767
e2bf9f93-6341-40de-adc9-c88ef6de5068,2026-07-14,فرع 11 يونيو,الة حاسبة,10.000,old_id=310001768 | الة حاسبة,310001768
0958f16c-7b03-82f1-ca1a-20b23d88e6b2,2026-07-14,فرع 11 يونيو,احسان بن عمر,1000.000,old_id=310001769 | احسان بن عمر,310001769
d247502c-e79b-2e6c-bcf3-09a647132550,2026-07-14,فرع السراج,مصروف,10.000,old_id=210001507,210001507
42380e4a-b9d7-2540-c7c9-c89d4bd75d80,2026-07-14,فرع السراج,حوالة,70.000,old_id=210001506,210001506
d11f380b-e95b-8af1-168e-0ffa2d1f2c9c,2026-07-15,فرع السراج,حوالة,85.000,old_id=210001508,210001508
d95735d1-ee42-1581-6f39-f9d6deb0c795,2026-07-15,فرع السراج,اكل,10.000,old_id=210001509,210001509
269a6e6b-e46f-fa84-c1f6-54b22a502bc4,2026-07-16,فرع السراج,اكل,10.000,old_id=210001511,210001511
2825c6c6-9074-70b8-345b-5162ea324685,2026-07-15,فرع 11 يونيو,غداء ل4 أشخاص,85.000,old_id=310001770 | غداء ل4 أشخاص,310001770
3c141558-8054-93cd-1336-477e1ad1c068,2026-07-16,فرع 11 يونيو,غداء ل5 أشخاص,105.000,old_id=310001771 | غداء ل5 أشخاص,310001771
fe58b870-d1e7-cfcd-38e5-272d2caa8109,2026-07-16,فرع 11 يونيو,يد عاملة لتركيب مولد الكهرباء,300.000,old_id=310001772 | يد عاملة لتركيب مولد الكهرباء,310001772
c09cc34d-39f7-1252-6b01-74221f78bd6c,2026-07-18,فرع السراج,اكل,10.000,old_id=210001513,210001513
25eabff1-a303-4251-f073-35fd646c2acb,2026-07-09,فرع 11 يونيو,وجبة غداء من يوم 08/07/2026,90.000,old_id=310001774 | وجبة غداء من يوم 08/07/2026,310001774
4425fa9e-9787-80e5-b909-3c3f83b10031,2026-07-18,فرع السراج,حوالة,70.000,old_id=210001512,210001512
ca5fcca9-1974-8aa5-bfb1-1877b43b7f7f,2026-07-06,فرع 11 يونيو,وجبة غداء من يوم 07/07/2026,90.000,old_id=310001756 | وجبة غداء من يوم 07/07/2026,310001756
d786c0ba-aac2-afbc-8470-2ff2ebbcf0da,2026-07-18,فرع 11 يونيو,وجبة غداء ل5 أشخاص,130.000,old_id=310001777 | وجبة غداء ل5 أشخاص,310001777
e0697d65-f731-fca3-578b-aec4abb76155,2026-07-18,فرع 11 يونيو,ديسك سيراميك,25.000,old_id=310001778 | ديسك سيراميك,310001778
173d63c0-0012-0856-d50c-f16ff57e4a5d,2026-07-19,فرع السراج,تحويل,85.000,old_id=210001514,210001514
33ae27b0-4a22-4554-b2ab-4c781060baaf,2026-07-19,فرع السراج,اكل,10.000,old_id=210001515,210001515
ca1425ec-57ce-eeec-da52-f7fbd993ae63,2026-07-20,فرع السراج,حوالة,10.000,old_id=210001516,210001516
114730e3-e7e3-78f5-a629-ace9a3839c32,2026-07-16,فرع السراج,حوالة,80.000,old_id=210001510,210001510
8c7c7ff8-b363-ff3f-3969-a58ad2d375e8,2025-12-24,فرع السراج,فارس غزال من شهر 12,10.000,old_id=310001223 | فارس غزال من شهر 12,310001223
e77c9f97-4e39-316b-dbcd-50926ab7a5d0,2026-07-06,فرع 11 يونيو,نقل بضاعة من جنزور الى السراج ثم الى 11يونيو-يوم 07/07/2026,90.000,old_id=310001762 | نقل بضاعة من جنزور الى السراج ثم الى 11يونيو-يوم 07/07/2026,310001762
4b9b4163-3850-49e8-a87c-b8f99105227e,2026-07-13,فرع 11 يونيو,وجبة غداء ل 5 أشخاص,115.000,old_id=310001765 | وجبة غداء ل 5 أشخاص,310001765
7f935675-6e47-6288-8071-d922af1c0213,2026-07-16,فرع 11 يونيو,احسان بن عمر,1000.000,old_id=310001773 | احسان بن عمر,310001773
78291010-863d-fa83-95b1-e291c12b1f39,2026-07-09,فرع 11 يونيو,وجبة غداء,85.000,old_id=310001775 | وجبة غداء,310001775
0e7b4d37-b6d1-d7e0-370b-2972840b3d9f,2026-07-16,فرع 11 يونيو,دحي,20.000,old_id=310001776 | دحي,310001776
7e9e521e-2894-a5d4-4d66-ff7c182b44d6,2026-07-19,فرع 11 يونيو,وجبة غداء,95.000,old_id=310001779 | وجبة غداء,310001779
fbe3c0b2-3b1d-5857-e73c-afee22694bcb,2026-07-06,فرع 11 يونيو,عمال تنزيل -يوم 07/07/2026,60.000,old_id=310001763 | عمال تنزيل -يوم 07/07/2026,310001763
6b187544-aaaf-c4ca-021f-f3bf0bd27642,2026-07-19,فرع 11 يونيو,لصقة,5.000,old_id=310001780 | لصقة,310001780
c5e64687-541b-9698-5005-e6d203e818ce,2026-07-19,فرع 11 يونيو,سكر,5.000,old_id=310001781 | سكر,310001781
33effa7d-6508-be4d-0c08-74e8f1a80d1a,2026-07-19,فرع 11 يونيو,احسان بن عمر,2000.000,old_id=310001795 | احسان بن عمر,310001795
51bb40d9-643c-3a00-43d7-165b8f96fc58,2026-07-11,فرع 11 يونيو,شاي+كابتشينو+معمول+قهوة من مطحنة الموندو جنزور /// حوالة,569.000,old_id=310001782 | شاي+كابتشينو+معمول+قهوة من مطحنة الموندو جنزور /// حوالة,310001782
775e8b9a-a663-a68f-2f00-aeec28306593,2026-07-20,فرع السراج,حوالة,70.000,old_id=210001517,210001517
739d6b6a-9732-9dc5-5717-0f969221db0e,2026-07-20,فرع السراج,اكل,10.000,old_id=210001518,210001518
6d9a4685-3b1d-cc4e-8907-f7e09901a306,2026-07-22,فرع 11 يونيو,غداء 5 أشخاص,120.000,old_id=310001796 | غداء 5 أشخاص,310001796
3632121a-3a89-cdda-282b-9e061166af4a,2026-07-21,فرع 11 يونيو,سليم,1300.000,old_id=310001783 | سليم,310001783
947ba17d-dd56-4e15-dc50-b0aee888fd7a,2026-07-21,فرع السراج,اكل,10.000,old_id=210001520,210001520
9d173978-3985-a0c9-3eac-9a548544ded2,2026-03-07,فرع 11 يونيو,ايصال قبض لشركة البهراء عدد 7619,4265.000,old_id=310001417 | ايصال قبض لشركة البهراء عدد 7619,310001417
b69f3f10-3b0e-2733-53a6-e6920ae08767,2026-04-04,فرع 11 يونيو,حساب ابومصعب يوميات عدد 2ايام,125.000,old_id=310001786 | حساب ابومصعب يوميات عدد 2ايام,310001786
88f00a47-0cb0-19ad-2a13-fdfa5c0c655f,2026-07-20,فرع 11 يونيو,وجبة غداء,95.000,old_id=310001787 | وجبة غداء,310001787
0355a639-6f55-067a-bc66-99df3732c41b,2026-07-20,فرع 11 يونيو,شحن ساعة كهرباء,210.000,old_id=310001784 | شحن ساعة كهرباء,310001784
fceb4db7-b808-c9e6-ffba-52c5c290011c,2026-07-20,فرع 11 يونيو,نقل بضاعة زبون من 11 يونيو الى جامعة طرابلس,50.000,old_id=310001791 | نقل بضاعة زبون من 11 يونيو الى جامعة طرابلس,310001791
5ab085c2-806c-a445-bcf8-cb0a51d03888,2026-07-20,فرع 11 يونيو,سليم,3000.000,old_id=310001793 | سليم,310001793
1818151a-c9e9-5bcd-4c0e-833ebe1fc20d,2026-07-21,فرع 11 يونيو,وجبة غداء,80.000,old_id=310001794 | وجبة غداء,310001794
e0cb48c1-e24a-6833-05e0-50cbb023cfe3,2026-07-22,فرع السراج,حوالة,100.000,old_id=210001521,210001521
786a08ed-3048-1c02-8766-7410c0bda322,2026-07-22,فرع السراج,حوالة,35.000,old_id=210001522,210001522
a33451da-62eb-ff5b-7057-ceb504eed895,2026-07-22,فرع السراج,اكل,10.000,old_id=210001523,210001523
b079ec19-3591-fe72-b3d2-27bd2a33ad16,2026-07-22,فرع 11 يونيو,عماد,1940.000,old_id=310001797 | عماد,310001797
565346b4-f30c-edf7-a808-60e4332d1c45,2026-07-23,فرع السراج,حوالة,100.000,old_id=210001524,210001524
e045fc53-a2ee-7ec3-9383-e58b11d92171,2026-07-23,فرع السراج,اكل,10.000,old_id=210001525,210001525
e476242e-55f0-8906-6da4-8959f2c41b8c,2026-07-25,فرع السراج,ماء شرب حوالة,145.000,old_id=210001526,210001526
e39d1ec9-6e76-3ad9-43ae-c85819276917,2026-07-25,فرع السراج,اكل,10.000,old_id=210001528,210001528
8bf347cf-d1a9-10fe-eb33-ef991b5b538c,2026-07-26,فرع السراج,حوالة,80.000,old_id=210001529,210001529
412c988e-8be0-33d8-3e01-496b23bf1a0b,2026-07-26,فرع السراج,اكل,10.000,old_id=210001530,210001530
6cdbe2c3-3a8b-2df0-281e-cc841073afce,2026-07-25,فرع 11 يونيو,"غداء يومين 23 , 25",200.000,"old_id=310001798 | غداء يومين 23 , 25",310001798
0868b9d7-87d9-da1c-f327-b2ae28aabddc,2026-07-26,فرع 11 يونيو,غداء يوم 26,110.000,old_id=310001799 | غداء يوم 26,310001799
e71bb2b6-b9eb-5447-3a6d-8d84fc5ee57e,2026-07-27,فرع 11 يونيو,ماء,130.000,old_id=310001801 | ماء,310001801
388de9ef-a602-ae09-baec-00b521d84978,2026-07-26,فرع 11 يونيو,كلينكس,20.000,old_id=310001802 | كلينكس,310001802
9135a6ff-2aee-19cf-4bd7-7a611aac2c71,2026-07-25,فرع السراج,حوالة,75.000,old_id=210001527,210001527
c210317e-5395-acf2-b7b2-c7ed778f98cb,2026-07-21,فرع السراج,حوالة,75.000,old_id=210001519,210001519
a36e902d-5695-4e07-6520-efb9c201e7e7,2026-07-20,فرع 11 يونيو,صابون,10.000,old_id=310001788 | صابون,310001788
d3db15c8-6525-831a-b4e4-51c097f50d0e,2026-07-20,فرع 11 يونيو,نقل بضاعة توريما من مصراتة الى 11يونيو,150.000,old_id=310001789 | نقل بضاعة توريما من مصراتة الى 11يونيو,310001789
41469d12-3a20-dbb4-2064-79297d904f43,2026-07-20,فرع 11 يونيو,احسان بن عمر,3000.000,old_id=310001792 | احسان بن عمر,310001792
382b8269-3bb9-ad57-7040-f213902e2b00,2026-07-27,فرع 11 يونيو,معمول + قهوة,210.000,old_id=310001800 | معمول + قهوة,310001800
427ff15a-1a81-838a-918b-93c3bc3f0b6d,2026-07-27,فرع 11 يونيو,الغداء,130.000,old_id=310001803 | الغداء,310001803
900d0117-3db7-7ed2-ee20-9e8537276709,2026-07-27,فرع 11 يونيو,صابون,35.000,old_id=310001804 | صابون,310001804
92d2d305-e3d0-06d0-5245-c7fc05f9083e,2026-07-20,فرع 11 يونيو,نقل فاتورة زبون من 11 يونيو الى السراج,150.000,old_id=310001790 | نقل فاتورة زبون من 11 يونيو الى السراج,310001790
eabb505f-7f80-0890-fbd2-8cbe5570899f,2026-07-27,فرع 11 يونيو,هارد ديسك,575.000,old_id=310001805 | هارد ديسك,310001805
c9496c97-0c75-4005-90da-c31b71922072,2026-07-28,فرع 11 يونيو,جزء من ايجار 11 يونيو,2000.000,old_id=310001806 | جزء من ايجار 11 يونيو,310001806
1c9add77-0873-f0fe-9970-9940218f8789,2026-07-28,فرع 11 يونيو,غداء يوم 28,85.000,old_id=310001807,310001807
c023f5ab-3d8e-412a-7b13-50caa79d57c6,2026-07-27,فرع السراج,اكل,10.000,old_id=210001532,210001532
b02be347-293f-d5c1-1846-548ed98e3e59,2026-07-28,فرع السراج,مصروف,70.000,old_id=210001533,210001533
9bd7ad43-f26f-6f5e-7704-bd09ff755b3f,2026-07-28,فرع السراج,اكل,10.000,old_id=210001534,210001534
0669b3e8-a452-7c7b-c32b-285c5ed1aed2,2026-07-29,فرع السراج,حوالة,80.000,old_id=210001535,210001535
98ec731c-d4af-3947-6b0a-22aee0fd4c23,2026-07-29,فرع السراج,اكل,10.000,old_id=210001536,210001536
18515251-5138-b660-f32b-ea35126d46d1,2026-07-29,فرع 11 يونيو,قاعدة مكيف,50.000,old_id=310001808 | قاعدة مكيف,310001808
369afb2b-9078-c90f-81e6-e97c609c1e58,2026-07-30,فرع 11 يونيو,نت 4g,100.000,old_id=310001810 | نت 4g,310001810
fb02b9f2-4f2a-d1a9-58af-ea0f4bd818b1,2026-07-30,فرع 11 يونيو,غدء يوم 30,130.000,old_id=310001811 | غدء يوم 30,310001811
76407fe3-4854-361c-422b-8ad66931812b,2026-08-02,فرع 11 يونيو,باقي معاش عبدالله صغيرو شهر 7,1000.000,old_id=310001815 | باقي معاش عبدالله صغيرو شهر 7,310001815
35ffe788-f898-7fad-b2e5-8a15737fb16e,2026-07-27,فرع السراج,تحويل,75.000,old_id=210001531,210001531
581dba33-d2ed-e03a-55f9-dd7545628b3d,2026-07-30,فرع السراج,حوالة,50.000,old_id=210001537,210001537
54e728e3-f0dc-57e1-1677-2beaaa8167b9,2026-07-30,فرع السراج,اكل,10.000,old_id=210001538,210001538
3bbbe7d4-9d90-be0b-cfd1-e175253e8e56,2026-08-01,فرع 11 يونيو,حوالة عبد الوهاب,300.000,old_id=310001812,310001812
27788160-2510-bde3-cab6-6225595d18bd,2026-08-01,فرع السراج,حوالة,45.000,old_id=210001539,210001539
24f93981-6fef-78f0-7334-2dd1847b57a3,2026-08-01,فرع السراج,اكل,10.000,old_id=210001540,210001540
8b4e3dbd-e284-7d07-4d3a-ebd8b79f96c7,2026-08-02,فرع السراج,حوالة,70.000,old_id=210001541,210001541
baf4e37f-1578-fceb-9ac3-79bd4bbf1821,2026-08-03,فرع السراج,حوالة,80.000,old_id=210001542,210001542
bbee8654-4f0a-2076-57dc-719624de0104,2026-08-03,فرع 11 يونيو,حوالة عبد الوهاب,90.000,old_id=310001819,310001819
50120bfd-df17-35b2-0b02-870da8797045,2026-08-03,فرع السراج,حوالة,70.000,old_id=210001543,210001543
5ec734e3-a53e-d3ec-875a-a00e34c05ea2,2026-08-03,فرع السراج,نقل فاتورة زبون,30.000,old_id=210001544,210001544
a427cf5c-e147-3766-611a-b9e1805260ea,2026-08-04,فرع 11 يونيو,وجبة غداء يوم 8/4,135.000,old_id=310001820,310001820
036a7a7e-489c-a890-844c-dbddfbb74c6c,2026-07-31,فرع السراج,جعفر العامل تصكير حساب شهر 7,1000.000,old_id=210001545,210001545
42bec680-0756-8b6f-445a-2cf4a5a82b8c,2026-07-31,فرع السراج,احمد عبدالمجيد شهر 7,1000.000,old_id=210001546,210001546
b22a06d7-9e4a-18b1-9df7-c0be3312bc53,2026-07-31,فرع السراج,مصعب الفاندي شهر7,800.000,old_id=210001547,210001547
43f8c78a-6430-4d9f-e208-bf36d8169489,2026-07-31,فرع السراج,احمد الفاندي شهر7,1800.000,old_id=210001548,210001548
94557f9f-9e02-a3e9-24f8-f8bc9eade48c,2026-08-04,فرع السراج,حوالة,75.000,old_id=210001550,210001550
9e9a210b-8c26-6a9c-01c4-dc120281b122,2026-07-29,فرع 11 يونيو,غداء يوم 29,70.000,old_id=310001809 | غداء يوم 29,310001809
3b49140a-7d00-e722-7fb0-5dccfb06dfab,2026-08-01,فرع 11 يونيو,حوالة عبدالوهاب,90.000,old_id=310001813,310001813
a1b836c0-168a-6750-8cc0-6ec2b9e372c8,2026-08-02,فرع 11 يونيو,محمد عبدالجليل المكتب الاعلامي معاش شهر 7,1300.000,old_id=310001816 | محمد عبدالجليل المكتب الاعلامي معاش شهر 7,310001816
73b38b4d-0ce6-656b-d368-b6625c33b053,2026-08-04,فرع السراج,حوالة,15.000,old_id=210001551,210001551
7d2db538-2bb3-fddb-c9c3-63ae2fe2f7a2,2026-08-02,فرع 11 يونيو,كربون للبخور,5.000,old_id=310001817 | كربون للبخور,310001817
b16f73c0-5753-4089-f112-959b6d687840,2026-08-05,فرع السراج,نقل فاتورة,30.000,old_id=210001552,210001552
c097e203-a961-e5da-6a21-33de659814ce,2026-08-05,فرع السراج,مصروف,95.000,old_id=210001553,210001553
6a3773f4-13e1-310e-71e3-1770de16d787,2026-08-06,فرع السراج,حوالة,50.000,old_id=210001554,210001554
967786ae-57d3-90bf-f792-4ac4e3c543fb,2026-08-06,فرع 11 يونيو,وجبة غداء,75.000,old_id=310001821 | وجبة غداء,310001821
17bf6114-7581-8cbf-27fc-e6461a1417e9,2026-08-06,فرع السراج,نقل فاتورة,30.000,old_id=210001555,210001555
508bf640-f20a-4dfe-5d97-e1eff9de7edf,2026-08-06,فرع 11 يونيو,السكر,5.000,old_id=310001823 | السكر,310001823
dca229aa-23b1-2d44-5e1a-0d7edc96093e,2026-08-08,فرع 11 يونيو,نقل فاتورة,80.000,old_id=310001824,310001824
cf6d0c81-3303-c96f-483a-101b3e9a0bf6,2026-08-08,فرع السراج,حوالة,75.000,old_id=210001556,210001556
4cde6dfa-5ea4-42c7-b0d8-2abc3961a597,2026-08-09,فرع 11 يونيو,حوالة عبدالوهاب,130.000,old_id=310001826,310001826
50217565-42f6-7287-7c32-db1b70b85c06,2026-08-09,فرع السراج,حوالة,80.000,old_id=210001557,210001557
0bf2cddc-309b-0a12-2742-396ee6002851,2026-08-10,فرع 11 يونيو,تنزيل بضاعة,25.000,old_id=310001827,310001827
76dd8937-2fb1-c06c-8eba-81484e96b58d,2026-08-10,فرع 11 يونيو,حوالة عبد الوهاب,125.000,old_id=310001828,310001828
0cb4aa82-fa7b-0deb-5af3-fd6cda39a2df,2026-08-10,فرع السراج,حوالة,75.000,old_id=210001558,210001558
26b5abd8-1a5e-478d-36de-92fd1d1d606e,2026-08-11,فرع 11 يونيو,حوالة عبدالوهاب,110.000,old_id=310001829,310001829
b7c01f47-bb45-aec0-9f28-cc5aa217142d,2026-08-11,فرع 11 يونيو,ماء شرب,10.000,old_id=310001830,310001830
2c71cdab-93e6-ef2d-e4d0-c502e7b3d13f,2026-08-11,فرع السراج,مصروف,70.000,old_id=210001560,210001560
73817101-fff9-c283-f3f1-3694a9e2a4c6,2026-08-12,فرع 11 يونيو,حوالة عبدالوهاب,120.000,old_id=310001831,310001831
30528c9b-98a5-327c-105c-dd7fcd042e0b,2026-08-13,فرع 11 يونيو,حوالة عبدالوهاب,525.000,old_id=310001833,310001833
89f1c4eb-d579-4e2a-7f77-e700f033ef2a,2026-08-13,فرع 11 يونيو,حوالة عبدالوهاب,110.000,old_id=310001834,310001834
43e68c54-8fe2-844f-86e5-b3b2fe5fa1eb,2026-08-12,فرع 11 يونيو,عبداللة ابومصعب,300.000,old_id=310001835,310001835
05135204-9620-ba74-ff22-d962a6b2df05,2026-08-13,فرع 11 يونيو,نقل قاعدة برسلين,40.000,old_id=310001836,310001836
aafb926f-859c-3766-f162-b0ce60299115,2026-08-15,فرع 11 يونيو,حوالة عبدالوهاب,90.000,old_id=310001837,310001837
e43b6dbe-2798-63ba-65a2-21d6896d6f1a,2026-08-16,فرع 11 يونيو,حوالة عبدالوهاب,130.000,old_id=310001838,310001838
379a7386-8851-4941-f877-ebb2b8dc4790,2026-08-12,فرع السراج,حوالة,80.000,old_id=210001561,210001561
afd095e7-656d-65aa-ea02-a0724474cb8e,2026-08-12,فرع السراج,بنزينة للمولد,50.000,old_id=210001562,210001562
b7642cad-f248-615a-9359-7485dc781ff1,2026-08-13,فرع السراج,حوالة عبدالوهاب,65.000,old_id=210001563,210001563
a0f7da0f-1312-bd2b-7f1e-eec29e85c7f4,2026-08-15,فرع السراج,حوالة عبدالوهاب,70.000,old_id=210001564,210001564
ac5a978b-5c00-07b1-2e5e-de8c72c860ff,2026-08-15,فرع السراج,حوالة عبدالوهاب,75.000,old_id=210001565,210001565
89b60b2b-f364-d719-c138-3a10ca7a73b8,2026-08-01,فرع 11 يونيو,عبدالله ابومصعب 390 من الخزينة الرئسية 11 يونيو,1300.000,old_id=310001818 | عبدالله ابومصعب 390 من الخزينة الرئسية 11 يونيو,310001818
3bf204ee-33ca-7dd5-8deb-63a74250a702,2026-08-05,فرع 11 يونيو,وجبة غداء,100.000,old_id=310001822 | وجبة غداء,310001822
abf24f69-0e45-a3b6-e43c-c8d31664bab9,2026-08-08,فرع 11 يونيو,تحويل عبد الوهاب,90.000,old_id=310001825,310001825
a744fd82-3536-3d6b-5750-19978a21f91f,2026-08-12,فرع 11 يونيو,شراء رجستروا,15.000,old_id=310001832,310001832
37e6f01e-1bc1-2791-1de3-22737d24f019,2026-08-15,فرع السراج,حوالة عبدالوهاب,280.000,old_id=210001567,210001567
8de9d416-ec63-41cf-0be4-e1840fc45194,2026-08-16,فرع السراج,حوالة,85.000,old_id=210001568,210001568
64890701-b178-b699-c110-fba3ff878133,2026-08-15,فرع السراج,ماء شرب حوالة,100.000,old_id=210001566,210001566
bffb5253-f434-88b6-c5c7-48c7818ebe5a,2026-08-02,فرع 11 يونيو,وجبة غداء,100.000,old_id=310001814 | وجبة غداء,310001814
053eacb2-0c77-72ec-5cfc-1ed2ee2e081d,2026-04-27,فرع 11 يونيو,شاهي+معمول+كابتشينو-حوالة,284.000,old_id=310001503 | شاهي+معمول+كابتشينو-حوالة,310001503
48fa9c27-da40-b986-0423-e64e46364764,2026-04-29,فرع 11 يونيو,وجبة غداء ل4 أشخاص,90.000,old_id=310001508 | وجبة غداء ل4 أشخاص,310001508
684eb2b5-700a-dead-a4da-1160eda52f19,2026-04-28,فرع 11 يونيو,سليم-بطاقة,153.500,old_id=310001511 | سليم-بطاقة,310001511
e43c600c-3298-20e5-79c7-ac9b6eb86840,2026-04-01,فرع 11 يونيو,ماء,15.000,old_id=310001444 | ماء,310001444
d5583a83-6605-85b3-97a9-cb596ee96070,2026-04-01,فرع 11 يونيو,كاربون,5.000,old_id=310001445 | كاربون,310001445
0e82105b-70ec-3353-098a-a24d3cf27931,2026-04-01,فرع 11 يونيو,للغداء,10.000,old_id=310001446 | للغداء,310001446
a32361ae-3534-5389-41b8-0540c7ae8d33,2026-08-17,فرع 11 يونيو,مياه شرب 20ص اكواب 20ص شيشة,300.000,old_id=310001839 | مياه شرب 20ص اكواب 20ص شيشة,310001839
65462029-4a68-85fc-f30e-608ef7fd4f41,2026-08-17,فرع 11 يونيو,وجبة غداء,100.000,old_id=310001840 | وجبة غداء,310001840
219def02-b863-0f63-dd46-734c80000a31,2026-08-17,فرع السراج,حوالة,75.000,old_id=210001569,210001569
22c029bd-5c25-606d-30a3-41dc1a5d6795,2026-08-18,فرع 11 يونيو,حوالة عبدالوهاب,90.000,old_id=310001841,310001841
1ca03b9c-374b-cb12-dd28-48081e374b64,2026-08-18,فرع السراج,حوالة,70.000,old_id=210001570,210001570
ff0b780b-e069-f44d-67a7-6825b7e0bce8,2026-08-19,فرع 11 يونيو,حوالة عبدالوهاب,120.000,old_id=310001842,310001842
8ff106da-bee2-54bb-ece9-c505d3aa0786,2026-08-19,فرع 11 يونيو,صيانة ثلاجة المحل,80.000,old_id=310001843,310001843
85119f8f-393f-fe2e-a8cb-f7dd85fa8f7a,2026-04-02,فرع 11 يونيو,وجبة غداء ل5 أشخاص-بطاقة,100.000,old_id=310001447 | وجبة غداء ل5 أشخاص-بطاقة,310001447
493cc8ed-94cf-a17d-b543-6c7d17021f98,2026-04-02,فرع 11 يونيو,سليم-بطاقة,23.000,old_id=310001448 | سليم-بطاقة,310001448
37bc5ef6-f6bc-7bf7-2f39-d13684ba4b69,2026-04-04,فرع 11 يونيو,مواد منزاية-بطاقة,113.000,old_id=310001450 | مواد منزاية-بطاقة,310001450
9c2f3f06-4aec-6723-279b-139779069ee8,2026-08-19,فرع السراج,حوالة,65.000,old_id=210001571,210001571
ab9e2f48-5e59-2269-ff01-0f04c6de9f0c,2026-04-05,فرع 11 يونيو,عماد,3000.000,old_id=310001454 | عماد,310001454
75390861-7a23-994d-47f9-302ab48552e5,2026-08-20,فرع 11 يونيو,عبداللة صغيروا من مرتب شهر 8,100.000,old_id=310001845,310001845
247d0049-3e37-d168-07f6-6566622fd94f,2026-08-20,فرع 11 يونيو,حوالة عبد الوهاب,90.000,old_id=310001844,310001844
5157121d-9286-3193-75fd-09ae700316c4,2026-08-22,فرع 11 يونيو,حوالة عبدالوهاب,90.000,old_id=310001846,310001846
4fbaeff9-464b-842e-edf3-7e0e1ebce2ea,2026-08-23,فرع 11 يونيو,حوالة عبدالوهاب,90.000,old_id=310001847,310001847
2195ccae-5a47-a2b1-03fd-2e0886e19c1d,2026-08-24,فرع 11 يونيو,حوالة عبدالوهاب,90.000,old_id=310001848,310001848
2d1e9ec1-9847-f9bd-2acf-096cec0debb4,2026-08-25,فرع 11 يونيو,حوالة عبدالوهاب,95.000,old_id=310001850,310001850
335ade1c-aab7-9fba-2860-9282af462cb2,2026-08-20,فرع السراج,حوالة,70.000,old_id=210001572,210001572
8067014a-0fa9-4611-4b6b-6d82142ac3ad,2026-08-26,فرع 11 يونيو,حوالة عبدالوهاب,90.000,old_id=310001852,310001852
f58a3e7c-4a76-01c7-0534-9850613d15ca,2026-08-26,فرع السراج,حوالة,70.000,old_id=210001573,210001573
d0ecb690-5816-c2ef-9e39-3f4b5a8ad8a2,2026-08-27,فرع 11 يونيو,مصروف,100.000,old_id=310001853,310001853
381500bc-9aa6-4a12-3f1f-0df69b88d6d9,2026-08-24,فرع 11 يونيو,حوالة عبدالوهاب,75.000,old_id=310001849,310001849
597bee1f-ded3-2bca-269a-acf37f3e553c,2026-08-25,فرع 11 يونيو,حوالة عبد الوهاب,120.000,old_id=310001851,310001851
5840eb07-520d-6c65-beb3-b59fabb1bb9f,2026-08-29,فرع 11 يونيو,عبداللة ابو مصعب,20.000,old_id=310001854,310001854
6a9ebc30-ec80-a2e6-0681-ba783109c186,2026-08-27,فرع السراج,مصروف,75.000,old_id=210001574,210001574
20cb4792-6b92-83cc-249b-56e4b393b055,2026-08-29,فرع 11 يونيو,حوالة عبدالوهاب,90.000,old_id=310001855,310001855
c5d9c1f3-bc31-d5e6-3b89-7b25435b711a,2026-08-30,فرع 11 يونيو,حوالة عبدالوهاب قرطاسية,117.000,old_id=310001856,310001856
66d21320-2025-3b89-674a-4a193451316a,2026-08-30,فرع 11 يونيو,حوالة عبدالوهاب,120.000,old_id=310001857,310001857
b581b4d0-10de-0db4-3068-678f5f3932e5,2026-08-30,فرع السراج,حوالة,75.000,old_id=210001576,210001576
9cb1e3c4-e55a-8e61-601c-6c637a52c85b,2026-08-31,فرع 11 يونيو,محمد المكتب الاعلامي,1300.000,old_id=310001859,310001859
789710a3-62a8-fe9d-74f3-73d1fef5f056,2026-08-31,فرع 11 يونيو,عبداللة صغيروا باقي حساب شهر 8,1000.000,old_id=310001861,310001861
0adaac72-060a-24d2-364a-a81ab65e17a3,2026-08-31,فرع السراج,حوالة,75.000,old_id=210001577,210001577
561ce19f-75d7-46bd-9f67-4145b8ec3b22,2026-08-31,فرع السراج,احمد عبدالمجيد شهر 8,800.000,old_id=210001578,210001578
cd7e214a-455e-b93c-d81d-cf587d557538,2026-08-31,فرع السراج,مصعب عبدالمجيد حساب شهر 8,640.000,old_id=210001579,210001579
5028e0be-9802-0ffc-4a9a-96aecb02c332,2026-08-31,فرع السراج,احمد الفاندي,1800.000,old_id=210001580,210001580
3e0fd502-6dae-1c3d-61f5-a1191ccd6ee4,2026-08-31,فرع 11 يونيو,احسان بن عمر/عبدالوهاب,10000.000,old_id=310001862 | احسان بن عمر/عبدالوهاب,310001862
d0533fba-2fd0-1136-a45b-f3a0ae21103d,2026-08-31,فرع 11 يونيو,حوالة عبدالوهاب,110.000,old_id=310001858,310001858
698f2d10-43b8-5295-a17c-9219cfe6f333,2026-09-01,فرع 11 يونيو,حوالة عبدالوهاب,90.000,old_id=310001863,310001863
350a3cc5-4fcb-9bd0-dab5-bde69d839ce2,2026-09-02,فرع 11 يونيو,غداء 4 أشخاص,95.000,old_id=310001864 | غداء 4 أشخاص,310001864
39258757-8993-64b7-93a6-8ff309b81d3a,2026-09-02,فرع 11 يونيو,سليم كاش,3000.000,old_id=310001865 | سليم كاش,310001865
ef08befe-2479-9400-f0cd-b6e12ac65192,2026-09-01,فرع السراج,حوالة,65.000,old_id=210001581,210001581
dfdce833-e1d6-871c-1e8b-e7ede1c5350f,2026-09-02,فرع السراج,حوالة,95.000,old_id=210001582,210001582
091cf493-fead-dfcf-2a45-16a4c80be3f8,2026-09-03,فرع السراج,تعبة 3سيارات + تنظيف,180.000,old_id=210001584,210001584
6a0e4c43-74d7-c26a-957a-c6c75689763b,2026-09-03,فرع 11 يونيو,غداء يوم 3/09,80.000,old_id=310001866 | غداء يوم 3/09,310001866
1cbe9f16-e8df-d343-f080-02f6a79ef32d,2026-09-05,فرع 11 يونيو,غداء يوم 5/09,100.000,old_id=310001867 | غداء يوم 5/09,310001867
a89dd04f-fe6d-04a2-8c7e-f4d8e73bf6bd,2026-09-06,فرع 11 يونيو,غداء يوم 06/09,100.000,old_id=310001868 | غداء يوم 06/09,310001868
bbfa304b-b999-fce9-f40a-84f849a63802,2026-09-07,فرع 11 يونيو,غداء يوم 07/09,100.000,old_id=310001869 | غداء يوم 07/09,310001869
089edcb1-f8ce-d1c0-c687-f8ac2f9bc50e,2026-09-06,فرع السراج,مصروف,70.000,old_id=210001588,210001588
6a4becfe-2801-091f-7a58-bae9c8306c81,2026-09-08,فرع السراج,حواله,100.000,old_id=210001592,210001592
e37d5ecd-82d2-0cac-19d2-99145372a56a,2026-09-03,فرع السراج,حواله,125.000,old_id=210001583,210001583
a2c0f9e9-bfca-6458-b105-7c8fdfc3844e,2026-09-08,فرع 11 يونيو,حوالة احمد الفاندي,120.000,old_id=310001870,310001870
d299fcd0-b681-c95d-2e28-789c8bde7b27,2026-09-08,فرع السراج,ماء شرب,150.000,old_id=210001591,210001591
257252c5-4bb8-4844-185b-fff20550e426,2026-09-08,فرع السراج,تعبئة فاتورة,10.000,old_id=210001593,210001593
dc7d5536-3a32-710e-5672-5d6ef1b2456c,2026-08-29,فرع السراج,حوالة,70.000,old_id=210001575,210001575
fecbae89-5b28-3ebc-38a0-23d2b18d2da5,2026-09-07,فرع السراج,حواله,75.000,old_id=210001589,210001589
e0c43b35-4c65-4150-7a57-938db28209a2,2026-09-08,فرع السراج,حواله,65.000,old_id=210001590,210001590
0f35ab9f-8ab2-ae2c-1f43-602518f94b62,2026-08-31,فرع 11 يونيو,عبدالله ابومصعب باقي شهر 8,980.000,old_id=310001860,310001860
820ebef3-71ae-a4e0-1941-d7e283b497ae,2026-09-05,فرع السراج,بنزينة +2برميل,50.000,old_id=210001585,210001585
da89f523-3bcb-b864-3d74-4bd228078e39,2026-09-05,فرع السراج,تعبات فاتورة زبون,10.000,old_id=210001586,210001586
5c0157d4-6c78-2d6c-7e17-abc0ff911c94,2026-09-08,فرع 11 يونيو,عبد الوهاب احسان بن عمر,15000.000,old_id=310001871 | عبد الوهاب احسان بن عمر,310001871
3de786ef-4f91-c50c-c7fc-d20f89267b5d,2026-09-05,فرع السراج,حواله,70.000,old_id=210001587,210001587
7de5eede-e140-ec34-dbe1-d90b6184cd47,2026-09-09,فرع السراج,حواله,70.000,old_id=210001594,210001594
6b28acd0-02ef-abd5-88b7-d510bb429d0a,2026-09-09,فرع 11 يونيو,غداء يوم 09/09,90.000,old_id=310001872 | غداء يوم 09/09,310001872
1b36dac9-1df4-3e3e-c33d-0c4a878f0461,2026-09-10,فرع السراج,حواله,110.000,old_id=210001595,210001595
75219ff0-781e-1568-c546-8b8a63b7c3a6,2026-09-12,فرع السراج,حواله,60.000,old_id=210001596,210001596
20640e58-099f-03bf-c062-8f78082e7c59,2026-09-12,فرع السراج,فاتورة زبون,20.000,old_id=210001597,210001597
0310cfff-b119-b40c-6faf-eaded855e1dd,2026-09-10,فرع 11 يونيو,غداء يوم 10/09,80.000,old_id=310001873 | غداء يوم 10/09,310001873
9b08fd4f-4b15-0475-0e8e-9bfc2ceff9f7,2026-09-12,فرع 11 يونيو,نقل فاتورة زبون,120.000,old_id=310001875 | نقل فاتورة زبون,310001875
c80272b5-9852-e1f1-3b0e-4932c282f969,2026-09-12,فرع 11 يونيو,نقل للسراج,100.000,old_id=310001876 | نقل للسراج,310001876
d136911a-0538-67c0-1e29-17b58aa349e9,2026-09-14,فرع 11 يونيو,ورق المنيوم للمطبخ-كاش,15.000,old_id=310001886 | ورق المنيوم للمطبخ-كاش,310001886
854d778b-1577-ad47-6300-1097bd3dafcf,2026-09-06,فرع 11 يونيو,ماء صندوق+شيشة,270.000,old_id=310001877 | ماء صندوق+شيشة,310001877
37c661c0-2953-0616-b2e6-4a5fa40c495d,2026-09-15,فرع 11 يونيو,لحم دجاج,43.000,old_id=310001887 | لحم دجاج,310001887
a7440aca-a118-72a7-7a65-b98b3b0bff91,2026-09-05,فرع 11 يونيو,عبد الوهاب احسان بن عمر,4000.000,old_id=310001880 | عبد الوهاب احسان بن عمر,310001880
85e8837f-c3ea-7d82-a8a2-63a11e900e91,2026-09-13,فرع 11 يونيو,حواله احمد الفاندي,365.000,old_id=310001881,310001881
6d04c26b-3683-5008-55a5-e20ce4c744ba,2026-09-12,فرع السراج,بنزينة,50.000,old_id=210001598,210001598
3a3f831d-5dff-bd33-dacd-cd918e046207,2026-09-13,فرع السراج,حواله,75.000,old_id=210001599,210001599
6969bcc8-68b9-c156-7551-1a6510c35739,2026-09-14,فرع السراج,كابل للمولد حواله,56.000,old_id=210001600,210001600
873551cc-9c18-b088-3284-df9dadc7c650,2026-09-14,فرع السراج,حواله,65.000,old_id=210001601,210001601
7f44dd5f-2fd1-d247-7f12-1138090d6c71,2026-09-14,فرع 11 يونيو,قضية غداء-حوالة,28.000,old_id=310001883 | قضية غداء-حوالة,310001883
d62d7016-3c85-f137-22ea-34244e91aaf3,2026-09-14,فرع 11 يونيو,لحم دجاج,43.000,old_id=310001884 | لحم دجاج,310001884
6c9e842c-fe08-edee-c619-c4b6bf694371,2026-09-16,فرع 11 يونيو,-كاش -غداء يوم 16,130.000,old_id=310001889 | -كاش -غداء يوم 16,310001889
cc4c6ca4-0e68-fd71-d809-c9e6117086c9,2026-09-15,فرع السراج,حواله,65.000,old_id=210001602,210001602
580fef64-b41d-1bd7-49f9-8057162f7c04,2026-09-16,فرع السراج,حواله,70.000,old_id=210001603,210001603
73614735-af98-a781-db17-54b14f36d1f2,2026-09-17,فرع السراج,حواله,110.000,old_id=210001604,210001604
dbe8c817-5a38-13ea-d1c5-758649cde9b5,2026-09-17,فرع 11 يونيو,وجبة غداء-كاش,120.000,old_id=310001890 | وجبة غداء-كاش,310001890
62db7c63-44cf-1f32-cb53-ad05329d3c68,2026-09-17,فرع 11 يونيو,ابو مصعب من مرتب شهر 9,400.000,old_id=310001891 | ابو مصعب من مرتب شهر 9,310001891
6a78f502-28c6-d4cb-c2ad-c81e8719c242,2026-09-12,فرع 11 يونيو,غداء يوم 12/09,80.000,old_id=310001874 | غداء يوم 12/09,310001874
8ecf3a89-723a-e556-1888-e4d42eee1275,2026-09-02,فرع 11 يونيو,عبد الوهاب احسان بن عمر,5000.000,old_id=310001878 | عبد الوهاب احسان بن عمر,310001878
eaaff5d0-aa38-aecd-69ab-a4ccb719be88,2026-09-07,فرع 11 يونيو,عبد الوهاب احسان بن عمر,1000.000,old_id=310001879 | عبد الوهاب احسان بن عمر,310001879
f7cd3255-3478-1601-aca5-2b250419854a,2026-09-13,فرع 11 يونيو,حواله احمد الفاندي,135.000,old_id=310001882,310001882
f8a6edeb-09e8-bc3e-3ced-38a009825e60,2026-09-14,فرع 11 يونيو,طاجين طبخ,110.000,old_id=310001885 | طاجين طبخ,310001885
b876d3b7-b88d-de5f-90e7-d9d84a47b2fa,2026-09-15,فرع 11 يونيو,قضية غداء,49.500,old_id=310001888 | قضية غداء,310001888
ddbb89a8-2a74-4bbd-53d3-a0fc3cb6c176,2026-04-27,فرع 11 يونيو,وجبة غداء ل4 أشخاص,70.000,old_id=310001502 | وجبة غداء ل4 أشخاص,310001502
df8b22ea-7e5a-fde3-7891-2f760578ea46,2026-04-27,فرع 11 يونيو,مكتبية,50.000,old_id=310001504 | مكتبية,310001504
deabf608-770a-70c1-719f-8576d7486954,2026-04-27,فرع 11 يونيو,تسكير معاش ابو مصعب لشهر 4,910.000,old_id=310001505 | تسكير معاش ابو مصعب لشهر 4,310001505
e4a09129-d3de-34e6-6b57-e69b40ab13d0,2026-04-28,فرع 11 يونيو,وجبة غداء ل5 أشخاص,125.000,old_id=310001506 | وجبة غداء ل5 أشخاص,310001506
976edd63-080c-d731-ea27-50c64c40b6a4,2026-04-28,فرع 11 يونيو,ضادوات,10.000,old_id=310001507 | ضادوات,310001507
