id,transfer_id,product_code,product_name,qty
7b77f046-eb1f-5061-6a4a-46d17f3e8743,d0e57e0e-ef50-a6a2-c4e2-b912a296af7e,AASB30005,موزع صابون كروم,1
ea0206a0-507e-0180-c1df-083a29338b16,c38d6c04-9ad2-c3f9-79be-5ee388a11658,ATWC50168,وصلة بتارية مدفونة مائلة 25 سم,1
5f773a05-9edf-8b11-70b6-f9d363793c96,9e2d9b42-8400-c1ec-cd71-2c30fecb9aff,WP20159,مقعد أرضي ملحوم سداسي أبيض,4
d9207f5c-b772-cee1-a0df-e2dccfcc7a09,9e2d9b42-8400-c1ec-cd71-2c30fecb9aff,WP20156,مقعد أرضي ملحوم تورىيدو أبيض,2
fc05ec53-13e9-7c27-6f7b-f5dc63e3bf31,9f513352-43e8-4aff-9144-cf1ae3323d7c,EL10005,حوض مطبخ ستانلس ستيل   304,1
e5243d9b-d1e6-24f9-237e-8ffb636f6019,3426fd8e-0307-aa8c-8ad4-c1208e97d5d5,ART0024,حاملة فوط كروم,3
3f3c790b-84bd-a3ea-306f-109e9d83ce49,9f513352-43e8-4aff-9144-cf1ae3323d7c,VS10180,حوض وجه معلق رخامي أبيض,1
577a03bb-9d7d-0923-b6b4-08a07f8f3fed,3426fd8e-0307-aa8c-8ad4-c1208e97d5d5,AASB30341,حاملة منظفات زوجي كروم,3
4124b209-2dec-baef-45f4-1aba63ae5e62,e2e6ffc9-1ebe-d8a6-72e4-63e39f9a2be4,ARSB80053,كسكاس دوش مربع 300*300 مم مع قصبة كروم,1
1cfe8adb-2533-bb1b-0edd-d40cf1928c30,e9d7625c-583b-50c2-7bc7-eaf4f0b1a0b4,ARSB80053,كسكاس دوش مربع 300*300 مم مع قصبة كروم,1
febc8c0b-d370-0070-43a4-0c49d0968595,5fc95ce6-6c2b-7010-88a5-976deaf00174,CD40114,مسطرة دوش لاد مع خلاط ذهبي,1
5707cbc6-9a41-4446-e1ad-de19aa85fe95,3426fd8e-0307-aa8c-8ad4-c1208e97d5d5,WP20480,مقعد أرضي ملحوم مربع أبيض,3
c619c502-b723-8882-6899-b48d805e803f,c87dfc02-6b09-44f0-9c6b-366ea9842486,ML10088,خلاط حوض وجه كروم,2
f0fe8eee-46a2-3cd3-139a-8fb598f8aa05,dea66c9f-d37e-c45e-2e1b-c8a0fb95d4d0,CC10189,صليبة سن ذكر 100 قطعة,2
e2fae576-335f-9f9f-703a-817d29e8c31f,d0e57e0e-ef50-a6a2-c4e2-b912a296af7e,ML10037,خلاط حوض وجه طويل ذهبي,1
67626591-4ed5-1383-7f6a-1bd1e9439165,d0e57e0e-ef50-a6a2-c4e2-b912a296af7e,ML10038,خلاط حوض وجه مزخرف طويل كروم,1
142627a8-5cd1-e99f-00b4-52b1b367e9e4,d0e57e0e-ef50-a6a2-c4e2-b912a296af7e,ML10041,خلاط حوض وجه طويل كروم,1
ce9c5fef-6169-0ea8-d73b-aa0e0cbc3884,711e39e9-eb87-010f-c877-18e41e076f54,ML10001,خلاط حوض وجه كروم,3
723a5ed7-cf8d-b780-aacb-38245a86b5ba,711e39e9-eb87-010f-c877-18e41e076f54,MDE50046,خلاط دوش مدفون كروم,2
814236ef-3c20-f108-3272-8b929f807a26,693e2f9b-42b4-8fd5-9a39-b0f09b958e1a,ARSB80087,شطاف ظغط مربع مع طوبو كروم,1
3c6c2127-7e0a-02a1-68d9-e3815c52b794,693e2f9b-42b4-8fd5-9a39-b0f09b958e1a,ARSB80297,سماعة دوش مع طوبو ذهبي,1
f04dad53-5948-2efb-f8ef-f0fcf4415b36,693e2f9b-42b4-8fd5-9a39-b0f09b958e1a,ALVM50402,سيفوني كروم,2
c3bf70e8-f378-deb0-ebf8-5fccc9a286d7,ec746e65-6aa4-3d72-0e9d-ee9ecee1ca9f,ARSB80216,وجه خلاط دوش مدفون,3
473c4b96-207f-f884-52d0-aa0f681d36c5,ec746e65-6aa4-3d72-0e9d-ee9ecee1ca9f,ARSB80217,وجه خلاط شطافة مدفون,3
de34fe3a-65d3-f4ba-112d-4829d05446d2,9e2d9b42-8400-c1ec-cd71-2c30fecb9aff,WP20161,مقعد أرضي ملحوم رصاصي رخامي,2
3165f4b0-4c0d-2e49-f09a-79af53970884,9e2d9b42-8400-c1ec-cd71-2c30fecb9aff,WP20158,مقعد أرضي ملحوم طويل أبيض,4
8f34d33c-0ae5-f795-eceb-962a93390fb4,9e2d9b42-8400-c1ec-cd71-2c30fecb9aff,VS10204,حوض وجه معلق أبيض -50سم,8
e3e9e77d-9065-d76b-7944-f039d81c672a,3426fd8e-0307-aa8c-8ad4-c1208e97d5d5,ARSB80989,شطاف ظغط مجرح مع طوبو كروم,4
a64bdf5b-7fd6-baf5-b6a0-7c4dd903d1f1,3426fd8e-0307-aa8c-8ad4-c1208e97d5d5,CD40656,مسطرة دوش زوجية مع خلاط دجتل رصاصي,2
4ca239e1-d767-e3d8-0347-1694f86ba544,96d4722e-e4b2-544c-20ba-bf8d2a14388b,ARSB80269,شطاف ظغط مع طوبو كروم,6
acdcd96d-b597-b31f-b132-c84ece43f34a,96d4722e-e4b2-544c-20ba-bf8d2a14388b,PLSA0270,وردة كروم,5
e9ebdebf-c90f-f31d-15d7-730d9115420c,96d4722e-e4b2-544c-20ba-bf8d2a14388b,PLSA0286,وردة أسود,6
9c4cf39c-5d44-0467-b6e2-40e2451b8fb3,96d4722e-e4b2-544c-20ba-bf8d2a14388b,ML10300,خلاط حوض وجه  كروم,2
520e773c-6f24-3126-8415-1219397f4922,6899ef99-679b-d158-e8db-d1a74de99294,ARSB80216,وجه خلاط دوش مدفون,3
5d773345-8a64-5fd3-8171-078848c22405,c87dfc02-6b09-44f0-9c6b-366ea9842486,MA20019,خلاط حوض المطبخ سحاب ذهبي,1
a8f0482b-8144-f18e-7f62-68a86cfbf720,79613731-0c92-edbb-7350-2eea238e6b79,SA10311,طقم اكسسوار كروم,2
d90b6b66-245e-43f1-3f4e-3626ee0c32eb,79613731-0c92-edbb-7350-2eea238e6b79,SA10312,طقم اكسسوار كروم,2
20a81acb-39bb-e3fc-a592-89bc88c2dd0e,79613731-0c92-edbb-7350-2eea238e6b79,SA10313,طقم اكسسوار كروم,2
e286c678-e3f7-00b1-cd48-a210441098a1,79613731-0c92-edbb-7350-2eea238e6b79,SA10314,طقم اكسسوار كروم,2
a2999314-6daf-407a-d8c4-974d2eb8fa6b,79613731-0c92-edbb-7350-2eea238e6b79,SA10315,طقم اكسسوار كروم,2
b16718cd-1a8a-7886-69de-bab11e270e72,79613731-0c92-edbb-7350-2eea238e6b79,ART0317,مخرج شطاف مع علاق كروم,2
8fc019bc-c84a-a7e8-f8bb-27e760f0bf47,79613731-0c92-edbb-7350-2eea238e6b79,PS20318,علاقة مناشف كروم,2
4a8d14db-2c92-9ab6-262c-12a21f985aa3,79613731-0c92-edbb-7350-2eea238e6b79,PS20319,علاقة مناشف كروم,2
93cab818-d819-d317-c224-17be280644d2,79613731-0c92-edbb-7350-2eea238e6b79,ARSB80322,"مسكر شطافة دبل ""1/2"" * ""1/2 كروم",2
4c583976-c018-e135-892d-f6986cabe722,79613731-0c92-edbb-7350-2eea238e6b79,ARSB80323,قصبة دوش مربعة 30 سم كروم,2
e623687f-0e99-8c0e-3e7d-17710699bf2b,79613731-0c92-edbb-7350-2eea238e6b79,ARSB80350,قصبة دوش دائرية 30 سم كروم,2
2821f04a-a5e6-0a84-e841-ce91867ba8a5,79613731-0c92-edbb-7350-2eea238e6b79,AASB30341,حامل منضفات كروم,2
b4c2dd8d-058a-1582-004b-43e132b907f9,96d4722e-e4b2-544c-20ba-bf8d2a14388b,MDE50046,خلاط دوش مدفون كروم,1
4aa94203-d4dd-4d92-4010-91cbbdc22a77,96d4722e-e4b2-544c-20ba-bf8d2a14388b,MTE60050,خلاط شطاف مدفون كروم,6
3e0d3583-fba2-ba98-3541-0da81c158fc0,96d4722e-e4b2-544c-20ba-bf8d2a14388b,AASB30303,صابونية كروم,2
3aa85495-8555-1b62-4e2a-be96d84d35bf,96d4722e-e4b2-544c-20ba-bf8d2a14388b,AASB30304,حامل ورق منظف كلينكس,2
d1774213-470b-5549-7f8d-2f2de43cfc76,96d4722e-e4b2-544c-20ba-bf8d2a14388b,AASB30306,حامل ورق منظف كلينكس,2
6a02f09f-4e27-65aa-0dcf-b7ea52899075,96d4722e-e4b2-544c-20ba-bf8d2a14388b,ALVM50307,سيفون حوض الوجه كروم,4
86bad0ec-b25a-fdbf-c7ce-32b258276712,d0e57e0e-ef50-a6a2-c4e2-b912a296af7e,ARSB80008,سماعة دوش مع طوبو ذهبي,2
24962fdc-9ca0-cc4c-71c5-1699e7ea4dbe,79613731-0c92-edbb-7350-2eea238e6b79,MC10310,سرفنتينة 15 سم * 15 سم كروم,2
9ac23057-75b8-50d2-a8d2-3bde8f3cefce,d0e57e0e-ef50-a6a2-c4e2-b912a296af7e,ARSB80370,سماعة دوش كروم,5
4e48c911-9de7-132d-5783-b2df92a1cb88,5eb9636f-7e0a-ba36-a10a-b1c22584cf68,MLE40153,خلاط حوض وجه مدفون مع مَصَب كروم,1
5a245ad7-addc-f2dd-eca5-caa1fc5969b2,f1264f2d-fcbf-0df3-6264-904dd7c174fd,WP20158,مقعد أرضي ملحوم طويل أبيض,6
c6509825-2a4a-1b43-9311-3e89bffe52fe,bb6cea8a-72b1-fe2a-6df9-8379aa5d42c0,PD20439,حاجز دوش 10مم اطار كروم 70 سم,1
9774cd31-d7e8-4eeb-6563-8820000230f7,bb6cea8a-72b1-fe2a-6df9-8379aa5d42c0,PD20442,حاجز دوش 10مم اطار كروم منقط 90 سم,1
1c471d54-3d89-9263-a982-14eec55a8b0e,bb6cea8a-72b1-fe2a-6df9-8379aa5d42c0,ATWC50313,صندوق طرد مدفون بتارية مع زر دائري 9 لتر,2
bcf84419-1492-7149-bc3a-cc7c8f4a6758,d0e57e0e-ef50-a6a2-c4e2-b912a296af7e,ADOU50323,كروم M3/4'' M1/2''  M1/2'' محول مسطرة دوش,3
a9f80164-631c-32c1-1aa2-9890adb17ec3,bb6cea8a-72b1-fe2a-6df9-8379aa5d42c0,CE10264,سخانة 50 لتر,1
4c1b8fd4-c1f8-2e31-5f29-0b2813fcc4bf,79613731-0c92-edbb-7350-2eea238e6b79,ART0226,سرفنتينة 15 سم * 15 سم كروم,4
f24bfba7-118f-101f-1ed8-c427b74060d5,79613731-0c92-edbb-7350-2eea238e6b79,SA10316,طقم اكسسوار كروم,2
13cf45af-94fd-7d6b-2c2e-4b2ff1d34ce2,79613731-0c92-edbb-7350-2eea238e6b79,AASB30343,فرشة مرحاض كروم,2
83eb673f-f139-fb70-bdfb-65b2dd95f987,79613731-0c92-edbb-7350-2eea238e6b79,AASB30344,فرشة مرحاض كروم,2
c462a183-f25e-62a5-025e-a386821d6b46,79613731-0c92-edbb-7350-2eea238e6b79,AASB30346,فرشة مرحاض كروم,2
75d29ad6-4bdc-f67b-7eac-82e3e34eecfb,79613731-0c92-edbb-7350-2eea238e6b79,ATWC50347,زر بتريا كروم,2
5fb649bd-dcc9-681f-d5e0-79178938d2a9,79613731-0c92-edbb-7350-2eea238e6b79,ARSB80356,مصب دوش بدون تحويلة كروم,2
ac602ba9-75cc-4c8f-bef1-612045026b9f,79613731-0c92-edbb-7350-2eea238e6b79,ARSB80363,كسكاس دوش مربع 300*300 مم كروم,2
f6af9c16-9633-8c59-7f1d-35bc31bcba49,79613731-0c92-edbb-7350-2eea238e6b79,ARSB80364,كسكاس دوش مربع 250*250 مم كروم,2
c2ec9ae9-30e5-46eb-521f-cb496f61e8eb,79613731-0c92-edbb-7350-2eea238e6b79,ARSB80379,رشاش دوش مربع كروم,5
85d60254-95ed-425c-9fda-cc8572435ee5,79613731-0c92-edbb-7350-2eea238e6b79,ART0367,رشاش دوش مربع كروم,5
dd9ed138-86fd-d03a-aeeb-dfdc197e9c5d,96d4722e-e4b2-544c-20ba-bf8d2a14388b,ARSB80082,شطاف ظغط مربع مع طوبو كروم,6
edc40333-0d89-8152-6c6f-885dd80c00b7,3426fd8e-0307-aa8c-8ad4-c1208e97d5d5,PS20039,علاقة مناشف كروم,3
1b9d28c7-d0dd-8bc1-4ced-b4f5ae8e7e2b,c87dfc02-6b09-44f0-9c6b-366ea9842486,MD20030,خلاط دوش مع سماعة كروم,2
94ce0d06-524a-67c6-2059-4e2727e4bb5b,3426fd8e-0307-aa8c-8ad4-c1208e97d5d5,SA10649,طقم اكسسوار كروم,3
1e53d25b-7497-c0b0-7514-2aa1000d3f0e,3426fd8e-0307-aa8c-8ad4-c1208e97d5d5,AECU50425,سيفون حوض المطبخ,12
3362e331-3f90-6adc-0697-2034a8af15da,364db14e-33fe-319f-468f-0e5d91c5943a,WP20158,مقعد أرضي ملحوم طويل أبيض,2
3e3a520c-45de-05d9-02b4-a15da901929e,dfb82425-15e3-c2ed-1cdd-96bf7cdb045d,WS10165,مقعد معلق تورنيدو أبيض,3
6d39d01a-0672-766e-928d-f82d6dff02b2,27620e7f-0345-9eec-6418-2ba92ba316d5,RD30295,حوض قدم زاوية 80*80 سم,1
aa3ee3e6-d294-0ae2-06b5-506ab7c52e74,364db14e-33fe-319f-468f-0e5d91c5943a,CE10265,سخانة 80 لتر,4
69ce14b4-15fa-56bf-3144-9f00780e3491,083d1494-cfc9-5bef-75e2-263c380c4808,ATWC50314,صندوق طرد مدفون بتارية مع زر مربع 9 لتر,1
e96e3a06-a081-6c03-0ad3-445674ddb4ec,083d1494-cfc9-5bef-75e2-263c380c4808,VS10180,حوض وجه معلق رخامي أبيض,1
4610cb20-33a3-2349-8a25-c816e769ec3c,4fefcf40-5019-4c3c-a230-4ce2841e0b25,WP20156,مقعد أرضي ملحوم تورىيدو أبيض,2
b3568977-d346-98c9-5c33-ca28c34210af,364db14e-33fe-319f-468f-0e5d91c5943a,LG40315,حوض وجه برسلين مشطوف 80 سم,1
0cc34561-3e35-fb6e-8532-0397c6fe5ef1,4a99b02d-050c-ab73-18ac-e9d0e266208e,EL10017,حوض مطبخ ستانلس ستيل   304 81*51 كروم,1
8905cddf-210f-d33a-ccf0-de51b98f85f8,dfb82425-15e3-c2ed-1cdd-96bf7cdb045d,VS10209,حوض وجه معلق أبيض -60سم,3
d4cafa80-d3b9-31e5-0054-72d8f772efab,dfb82425-15e3-c2ed-1cdd-96bf7cdb045d,VS10204,حوض وجه معلق أبيض -50سم,3
cbd15b34-3570-e7f7-c2fc-0ef614fca3eb,dea66c9f-d37e-c45e-2e1b-c8a0fb95d4d0,MLE40017,خلاط حوض وجه مدفون مع مَصَب أسود,1
d5cff7fd-51d6-4ab6-5d86-34a253862358,b2e31587-10eb-b4b9-1528-03669e966e6c,EG40371,رف حوض وجه برسلين 80 سم,2
8b30efdd-b7d0-32ed-0bbe-1d9b5913010b,27620e7f-0345-9eec-6418-2ba92ba316d5,RD30306,حوض قدم خزف مربع 70*70 سم,1
0d9d8912-c662-0d71-11a6-bf0f6765dc46,3e378858-d020-58ab-5677-ce0a1edd632e,MC10038,سرفنتينة 15 سم * 15 سم كروم,5
5e594f50-716b-0f0a-0fd8-afc7197ae070,10387a92-f3a9-574c-ff01-46c5b0b9579f,ARSB80813,مصب دوش قصير بتحويلة كروم,2
a65467f8-bf96-f6d0-55cc-73b62c68bec7,10387a92-f3a9-574c-ff01-46c5b0b9579f,ARSB80138,مصب حوض وجه  22 سم كروم,2
e1b5bbad-333e-ee02-1beb-7b58f80b0299,10387a92-f3a9-574c-ff01-46c5b0b9579f,ARSB80150,مصب حوض وجه 22 سم كروم,2
b1f486eb-df5b-d785-d7c2-81ee77b5986e,61ce2ed6-f92a-1fe2-63a2-f2db39b211a1,ARSB80984,"مسكر شطافة ""1/2"" * ""1/2 كروم",15
5c0e2768-6ec4-aa2b-75da-8fbb16c182ef,61ce2ed6-f92a-1fe2-63a2-f2db39b211a1,AASB30508,حاملة منظفات كروم,1
68d353df-ac80-e411-f9d3-1818638e7e3e,61ce2ed6-f92a-1fe2-63a2-f2db39b211a1,PD20783,حاجز دوش 10مم اطار كروم مضبب 70 سم,1
fe4cc0f1-b1c6-8608-d9c5-55095d6b7a11,6e76d056-d9cd-17f0-294b-404af331b467,MC10413,سرفنتينة 15 سم * 15 سم كروم,12
1bd5f7b6-c351-332f-e454-62143d8bf0b7,9ca8fd8c-b7c4-bf69-aaca-747a3443bc82,ALVM50368,طابة حوض الوجه,3
e284f456-8ac2-7d05-b5f6-50b1f88f31f4,127b1728-ee54-0f20-e1ff-f3be025e4cc5,VS10209,حوض وجه معلق أبيض -60سم,2
f7b9593d-bf5a-dcc7-563a-f09227b6d166,fc8878f4-07b6-41d2-9503-b3d2abb4bfd2,MC10446,مجرى 40 سم *8 سم كروم,6
a7a897d1-d583-d7fc-f7b9-3564f6f234f7,b461a4b6-dd41-891d-15de-e74893d6c01d,ATWC50313,صندوق طرد مدفون بتارية مع زر دائري 9 لتر,2
32c79e86-f534-2daf-7dbb-7e5f7c87ed6d,4fefcf40-5019-4c3c-a230-4ce2841e0b25,WS10165,مقعد معلق تورنيدو أبيض,4
35a848dd-123e-3677-443f-9e1819307e51,4fefcf40-5019-4c3c-a230-4ce2841e0b25,WS10163,مقعد معلق رايملس أبيض,6
75a46d90-1756-f0ca-1210-5b29463f1b99,4fefcf40-5019-4c3c-a230-4ce2841e0b25,WP20158,مقعد أرضي ملحوم طويل أبيض,2
ca4a13d4-72c1-a086-838f-5d694aa07dcb,4fefcf40-5019-4c3c-a230-4ce2841e0b25,VS10209,حوض وجه معلق أبيض -60سم,4
9a6b807a-7075-4d1f-cf7b-a3daad0d1b48,e6e66e98-c818-5c5e-52d9-c3c3999dd68e,ALVM50206,سيفون حوض الوجه,22
7de33bb7-5a7d-6d44-d1db-7b0046b72807,fc8878f4-07b6-41d2-9503-b3d2abb4bfd2,ARSB80031,شطاف ظغط دائري طتش مع طوبو كروم,4
ade07e96-e103-9359-9d88-7f412ced42b0,eae81f39-e599-6b7b-075c-892232271601,WP20159,مقعد أرضي ملحوم سداسي أبيض,8
b1636a61-6a07-3671-c100-710a44f1471c,9f8e82e2-2ae0-3252-5b52-62d43add8980,RA20024,"مثلث 25* 1/2"" سن داخلي",2
8c004586-d7b5-2a38-26d4-b1336cac0f8c,9f8e82e2-2ae0-3252-5b52-62d43add8980,RA20023,"مثلث 25"" لحام",8
ff834b7b-a94c-97e9-02a8-1bfc41d9a3f1,01760e45-13a3-787c-f661-f21e85bf9a07,MD20011,خلاط دوش كروم,3
f9415025-b432-1840-c828-b7b389099895,a59b4066-4f58-bef8-52fd-5639fb61bd5b,ARSB80341,مصب دوش بدون تحويلة كروم,2
48b7aa8e-7243-66fb-7f0a-d893224f9d41,fc8878f4-07b6-41d2-9503-b3d2abb4bfd2,ARSB80598,قصبة دوش مربعة 40 سم كروم,4
5d9ad36b-976a-b658-3d39-eade41ef1590,fc8878f4-07b6-41d2-9503-b3d2abb4bfd2,ARSB80794,مصب دوش بالتحويلة كروم انحاس,4
773bbf45-7ded-5dcd-c7b8-425e2b916fdf,fc8878f4-07b6-41d2-9503-b3d2abb4bfd2,ARSB80926,مصب دوش نحاس مع تحويلة كروم,4
99aeaf51-a4c9-9b60-eddf-ba523e384b4d,fc8878f4-07b6-41d2-9503-b3d2abb4bfd2,EL10985,حوض مطبخ ستانلس ستيل   304 45 *44 سم,1
1d85760d-6146-3116-e1b8-c8e5d478d4a4,fc8878f4-07b6-41d2-9503-b3d2abb4bfd2,MC10990,مجرى 40 سم *6 سم كروم,3
8acb66d5-6543-1c28-81f6-8223cefad274,1bc8b78c-26a2-c0c1-8ad5-da1c08333567,ARSB80159,شطاف ظغط دائري مع مخرج بالعلاقة مع طوبو أسود,1
acfeb766-8006-f14d-a790-e8933707f88b,f6109e3a-d5b6-c57e-bdc8-cc21f32516eb,ALVM50403,سيفون حوض الوجه كروم,3
ef020f14-7d01-287f-a936-df87c5dbf0b5,bdd3e5e4-8112-8db1-8c20-dfa65c0f6d2a,AB10745,خزانة حمام أبيض,1
7d4fff44-c208-8dac-1eb5-35a4710a42e8,bdd3e5e4-8112-8db1-8c20-dfa65c0f6d2a,ML30749,مرايا حمام مع إضاءة لد,1
20cee2e7-05b8-9f41-e140-0e6a90b631c0,bdd3e5e4-8112-8db1-8c20-dfa65c0f6d2a,AM0826,دولاب حمام مع إضاءة لد-100 سم,1
4230e710-7de8-f6e2-26b0-7cdd7e9f1b61,bdd3e5e4-8112-8db1-8c20-dfa65c0f6d2a,VS10825,حوض وجه معلق -100 سم,1
92e9ef5e-014b-f396-1a95-42b14d7dda07,bdd3e5e4-8112-8db1-8c20-dfa65c0f6d2a,ML30824,مرايا حمام مع إضاءة لد 100*70 سم,1
897d3f74-2edc-8f2b-e287-fffaa3abe6cb,83b2c92f-be4f-cf10-0f00-c0757fe68321,VS10125,حوض وجه معلق -55 سم,3
11995c3f-4891-cd0b-73eb-b4c96f020175,be5172ac-8d62-0603-9985-99af7108d950,ATWC50313,صندوق طرد مدفون بتارية مع زر دائري 9 لتر,1
23684039-bf12-c0c7-cf8b-845a31ad512e,1fe24115-574b-c55c-ff37-dc7a8eca8410,MC10310,سرفنتينة 15 سم * 15 سم كروم,10
fcd6d14b-aa44-da9e-4fa7-f4267075e41c,b5ec3693-7a4b-3193-7dda-1ca77d484b87,ARSB80154,شطاف ظغط دائري مع طوبو أسود,1
e511a36d-55fa-9f71-cf7b-ceaa03655a53,da63dd1c-468d-19de-53fb-4b2b6ed9447d,WS10595,مقعد معلق رايملس مموج أبيض,2
cbff2373-fd1d-f3d3-cca2-2bcd77270092,da63dd1c-468d-19de-53fb-4b2b6ed9447d,WS10813,مقعد معلق تورنيدو أبيض,2
1513c408-49cf-4ba4-99de-42fab1bb7196,da63dd1c-468d-19de-53fb-4b2b6ed9447d,WS10814,مقعد معلق تورنيدو أسود,2
55ccda3b-0080-6649-2531-4436c9e03ca6,da63dd1c-468d-19de-53fb-4b2b6ed9447d,WS10817,مقعد معلق ملحوم تورنيدو أبيض,2
bff0153c-9200-05a5-1f8d-10806eb9f9d4,da63dd1c-468d-19de-53fb-4b2b6ed9447d,AASB30671,فرشاة تنظيف مرحاض كروم,8
be9c27ce-fdfb-27b7-984c-a03c61bff632,3426fd8e-0307-aa8c-8ad4-c1208e97d5d5,EL10887,حوض مطبخ ستانلس ستيل   60*45 أسود,2
51825b8a-51b1-d4f8-b8fa-49e8dabdca82,1fe24115-574b-c55c-ff37-dc7a8eca8410,ART0396,سيفوني كروم,10
f8182d0f-8140-8e91-fbd1-f0962cceed52,ad8f19ef-9faf-1268-e315-57639f36bc06,AECU50891,راجع سيفون حوض مطبخ مربع,20
4c0808d4-e6ec-15b1-72bb-a184d35bc636,d9127cb1-4a72-7ce6-2b22-e0accd140b09,ARSB80901,طوبو دوش 150سم كروم,80
4f2f086e-af65-ab97-6dcf-f69ecdcd4821,ad9346b6-ba80-6556-b0a0-fdbda52c87bf,RA20040,"مخفض 32""* 25"" لحام",2
0c0a864a-8351-b627-12df-52629620038c,b96bfdca-51ff-c6eb-dcb8-9d9c78cfed90,EL10243,حوض مطبخ ستانلس ستيل منظومة بيانو 304 75*46 كروم,1
1d8eb47e-11df-c1b2-8b14-b050e15b4bd3,c0e83db5-4939-1329-e2e0-ba67412d1b16,ARSB80363,كسكاس دوش مربع 300*300 مم كروم,5
dd7695cb-854b-648e-a9e1-ccd3042989a9,c0e83db5-4939-1329-e2e0-ba67412d1b16,ARSB80350,قصبة دوش دائرية 30 سم كروم,5
95c160e9-a48f-29c1-4c13-0fc8d7224b76,c0e83db5-4939-1329-e2e0-ba67412d1b16,ARSB80045,مخرج شطاف مع علاق كروم,10
5391d9eb-a458-4333-143d-ea7ec0eb82b1,faf24908-5000-c569-9891-945de1610b19,AM0407,حوض وجه مع دولاب حمام -80 سم,2
d8c302da-a048-d338-599c-1f9c040b0bb5,49f4a201-a101-91b8-0543-c0f650bcddcd,ML10076,خلاط حوض وجه ذهبي,1
737cff51-eb30-a657-2eea-0c77c3de8632,f78f8a24-914d-c221-2e6a-1ab9aefc68aa,ARSB8052,مخرج شطاف مع علاق كروم,1
4e10122d-a051-bd57-e67d-eb349df32a6d,8cd0bf01-f577-de79-60ed-6a634e7b443c,WP20158,مقعد أرضي ملحوم طويل أبيض,4
677b1af9-3c77-2ff3-36cb-c9ae4d416ef7,b5ec3693-7a4b-3193-7dda-1ca77d484b87,ARSB80165,سماعة دوش مع طوبو كروم,2
7d5e156d-d2f8-cd8d-b247-f7c3ea8bc103,d1d24387-8f8d-7451-1cc9-9219693333ba,ARSB80329,كسكاس دوش مربع 400*400 مم كروم,1
cbb71b8d-4db9-8e15-b12f-1b002fdee025,e788a6b6-7b17-9d53-4c6a-9b1e735b793c,LG40323,حوض وجه برسلين 65 سم,4
3b900e06-e3ff-38b5-5ef6-730fc6e48927,e788a6b6-7b17-9d53-4c6a-9b1e735b793c,EG40360,رف حوض وجه برسلين 65 سم,4
6d8339f5-3d43-b032-1e80-b1f5a7792928,01760e45-13a3-787c-f661-f21e85bf9a07,MM30026,حنفية حوض المطبخ حائطي كروم,1
3ec5d682-77a0-f835-8863-0ce81d8ae9d4,01760e45-13a3-787c-f661-f21e85bf9a07,ME10024,خلاط حوض المطبخ شجرة كروم,1
370b08ea-6f04-7a59-c568-9a8d1416e241,01760e45-13a3-787c-f661-f21e85bf9a07,ME10022,خلاط حوض المطبخ شجرة كروم,2
bb2c8913-80a7-679f-336b-678a3ff10a61,01760e45-13a3-787c-f661-f21e85bf9a07,ME10021,خلاط حوض المطبخ شجرة كروم,3
bad5de72-6172-eb39-9861-0f693e313d75,01760e45-13a3-787c-f661-f21e85bf9a07,MM30024,خلاط حوض المطبخ حائطي كروم,3
8cfd637d-5188-9393-707a-702a1474d37f,be5172ac-8d62-0603-9985-99af7108d950,AASB30084,مقبض قابل للطي مضاد للانزلاق لكبار السن,5
bd556b3c-6f18-c258-6afc-7726f42f49ab,faf24908-5000-c569-9891-945de1610b19,VS10458,حوض وجه معلق 85 سم,2
3a8e43c4-938a-e91a-1fd6-7d3aa0454abd,faf24908-5000-c569-9891-945de1610b19,AM0456,دولاب حمام 85 سم,2
f0baf495-759d-d3c7-9e21-8d860d7250c3,faf24908-5000-c569-9891-945de1610b19,AM40457,مراية دولاب حمام 80 سم,2
4c51f126-3f87-6462-0efa-2c194448621f,faf24908-5000-c569-9891-945de1610b19,AASB30014,رف زاوية زوجي كروم,4
00ebdc5f-58b2-0511-79da-e07f10db2931,faf24908-5000-c569-9891-945de1610b19,CD40105,مسطرة دوش زوجية كروم,2
fc2b8fcf-4d96-ad04-6332-3b2b5cdc428f,6f357cd5-3419-d406-6b18-e310d10efa2c,SA10836,طقم اكسسوار كروم,3
e8c89c8c-f04a-6e5f-edb8-728877dc4672,8cd0bf01-f577-de79-60ed-6a634e7b443c,WP20159,مقعد أرضي ملحوم سداسي أبيض,4
ded5f09c-c39a-70be-31eb-48850a42f0e4,8cd0bf01-f577-de79-60ed-6a634e7b443c,WS10165,مقعد معلق تورنيدو أبيض,4
c575083f-95bb-0cc6-7e53-bd4d7ef5f7a3,e788a6b6-7b17-9d53-4c6a-9b1e735b793c,LG40332,حوض وجه برسلين 65 سم,1
0e173713-fcab-f83d-48af-0c2842ea9671,49f4a201-a101-91b8-0543-c0f650bcddcd,ML10078,خلاط حوض وجه ذهبي,1
f914bac7-7fc9-dd86-47b7-b97e920e7da7,6f357cd5-3419-d406-6b18-e310d10efa2c,ARSB80781,شطاف ظغط مربع كبيرمع طوبو كروم,4
5821a6d7-38f3-43d8-ee2a-06a074f032ca,6f357cd5-3419-d406-6b18-e310d10efa2c,AECU50425,سيفون حوض المطبخ,2
4acb7b08-d70c-fe71-60fe-1dbb81dd06fb,01760e45-13a3-787c-f661-f21e85bf9a07,MM30023,خلاط حوض المطبخ حائطي كروم,2
7f419aec-beef-5f89-433d-147a4dd99515,01760e45-13a3-787c-f661-f21e85bf9a07,ML10057,خلاط حوض وجه  15 سم كروم,2
fccd1a5b-fba3-846c-1f3f-f35267bca64b,01760e45-13a3-787c-f661-f21e85bf9a07,MM30025,خلاط حوض المطبخ حائطي كروم,3
00a0fd73-1c53-4382-3e79-263cb540ad19,01760e45-13a3-787c-f661-f21e85bf9a07,MT30025,خلاط شطاف مع شطاف كروم,2
68b95b07-1cbc-aa99-3b32-3f1658fe0fb5,01760e45-13a3-787c-f661-f21e85bf9a07,MD20010,خلاط دوش كروم,3
026a4331-5122-d729-f0f7-d0c3cb18d536,8d6186f4-7414-9948-1058-bbe060c7d861,WA40172,غطاء مقعد تركي أبيض,3
9140ff0c-062d-ac9d-710f-99c88a35b08d,e5757168-88ab-9493-1b79-01b87d38057e,ARSB80014,كسكاس دوش دائري 250 مم كروم,4
228afae7-995f-2f1c-822f-5b6c295a99a8,44212860-b694-a4d7-30d8-47f2f51254fe,ARSB80150,مصب حوض كروم,1
f3034c46-b0d2-e73f-7e14-61a99464e412,44212860-b694-a4d7-30d8-47f2f51254fe,ARSB80144,كسكاس دوش مربع 250*250 مم ذهبي,1
38eca29f-bb68-beff-800c-25cd18d46ab1,44212860-b694-a4d7-30d8-47f2f51254fe,ME10009,خلاط حوض المطبخ شجرة كروم,2
10c6e0b6-8ed6-6030-47c2-cbbecee96178,c57d8f33-047e-d0eb-9c0c-01eef5d7561a,ATWC50314,صندوق طرد مدفون بتارية مع زر مربع 9 لتر,1
230a97c6-76b3-280c-c090-c913086c521f,c57d8f33-047e-d0eb-9c0c-01eef5d7561a,WP20156,مقعد أرضي ملحوم تورىيدو أبيض,2
20929674-f653-5b5f-7d34-50f58b344b9a,c57d8f33-047e-d0eb-9c0c-01eef5d7561a,WS10163,مقعد معلق رايملس أبيض,4
63e2dd22-0255-a9c3-e6c0-870f585f2921,94bfc402-072d-e3f8-16c4-ea0ea4092e87,WS10163,مقعد معلق رايملس أبيض,6
8267aafa-de76-4708-49d0-6841cf61a5db,94bfc402-072d-e3f8-16c4-ea0ea4092e87,WP20157,مقعد أرضي ملحوم موطو أبيض,2
e6f6238f-3529-25ec-496b-c53228e6a237,94bfc402-072d-e3f8-16c4-ea0ea4092e87,WP20161,مقعد أرضي ملحوم رصاصي رخامي,2
4e987376-639f-a155-6407-bc9e974ef850,2d58965a-cce1-09de-ab91-bd06771c5e12,RD30306,حوض قدم خزف مربع 70*70,1
873bce5f-9efe-612a-634b-4614b81205aa,be5172ac-8d62-0603-9985-99af7108d950,CD40113,مسطرة دوش لاد مع خلاط كروم,1
f8008b5f-3229-e97c-0845-32ababd6f4a9,44212860-b694-a4d7-30d8-47f2f51254fe,ME10010,خلاط حوض المطبخ شجرة كروم,3
f39db1a9-5cbf-f58b-1b02-c68f3b962c31,44212860-b694-a4d7-30d8-47f2f51254fe,MA20017,خلاط حوض المطبخ سحاب كروم,1
6d240a1e-00e3-6f95-dd2a-94884c771b3f,44212860-b694-a4d7-30d8-47f2f51254fe,ARSB80017,مصب دوش قصير بدون تحويلة كروم,2
615f9431-9fb4-6104-30a6-eb8b9eb98c27,44212860-b694-a4d7-30d8-47f2f51254fe,ARSB80106,مصب دوش قصير بدون تحويلة كروم,4
cf2b63d7-f9ba-bb40-bba0-26f739ced5e7,44212860-b694-a4d7-30d8-47f2f51254fe,ALVM50018,رأس سيفوني اسود,2
aea0b0a8-9ff2-0ecb-6d01-c0a62f960e95,44212860-b694-a4d7-30d8-47f2f51254fe,ALVM50019,رأس سيفوني كروم,2
71e91d0b-dccc-fd0c-9254-fa8eea7e602c,b5ec3693-7a4b-3193-7dda-1ca77d484b87,MD20060,خلاط دوش مع سماعة كروم,2
82f782e7-4e3b-a55e-3c57-8ce6fbf28005,b5ec3693-7a4b-3193-7dda-1ca77d484b87,ARSB80170,سماعة دوش مع طوبو كروم,2
1cfa8796-eec6-86dd-fe03-d108a8d38175,b5ec3693-7a4b-3193-7dda-1ca77d484b87,ARSB80169,سماعة دوش مع طوبو ذهبي,2
74f9c10b-f905-245e-a637-5cb88c6d244b,b5ec3693-7a4b-3193-7dda-1ca77d484b87,ML10095,خلاط حوض وجه كروم,1
725c703c-809c-7a7b-ef39-63917875203d,b5ec3693-7a4b-3193-7dda-1ca77d484b87,ML10094,خلاط حوض وجه  كروم,2
12d535c3-9abc-7e8a-cf9e-002df7568a6f,b5ec3693-7a4b-3193-7dda-1ca77d484b87,ML10093,خلاط حوض وجه كروم,2
3f38de49-b8ed-d095-afad-73e24795b068,b5ec3693-7a4b-3193-7dda-1ca77d484b87,ML10092,خلاط حوض وجه كروم,2
e89c2015-ee2c-9487-ddec-3ab6abe86b61,b5ec3693-7a4b-3193-7dda-1ca77d484b87,ARSB80380,كسكاس دوش مربع 250*250 مم مع قصبة ذهبي,3
987020f7-9081-7a2b-fb38-7335295a857a,b5ec3693-7a4b-3193-7dda-1ca77d484b87,MT30012,خلاط شطاف مع شطاف كروم,2
10cc1458-a176-09e0-ebc3-ca5d9f944399,b5ec3693-7a4b-3193-7dda-1ca77d484b87,ML10100,خلاط حوض وجه  كروم,2
b75d270a-3930-5984-eb33-958b9795d855,b5ec3693-7a4b-3193-7dda-1ca77d484b87,ARSB80171,سماعة دوش مع طوبو كروم,3
39a12546-17da-4ac4-dfe5-8ec3ce196358,b5ec3693-7a4b-3193-7dda-1ca77d484b87,ARSB80391,مصب دوش مع تحويلة ذهبي,1
ffd5303f-3cc2-70c6-477d-7800793fe21b,b5ec3693-7a4b-3193-7dda-1ca77d484b87,ARSB80099,مصب دوش مع تحويلة ذهبي,1
22b61952-284a-35d6-8d2b-f74eac805def,b5ec3693-7a4b-3193-7dda-1ca77d484b87,ARSB80283,كسكاس دوش دائري 250 مم كروم,2
df78f85b-a7e1-273e-f66b-fb5cafb905bb,b5ec3693-7a4b-3193-7dda-1ca77d484b87,ARSB80378,كسكاس دوش مربع 250*250 مم كروم,2
80dc9b7f-c8d1-8af5-3f31-b081ae415703,b5ec3693-7a4b-3193-7dda-1ca77d484b87,ARSB80181,كسكاس دوش مربع 250*250 مم مع قصبة أسود,3
a6e1d2dc-c9bf-eba9-452e-3dc97a2e03af,b5ec3693-7a4b-3193-7dda-1ca77d484b87,ARSB80174,سماعة دوش مع طوبو كروم,2
9d6c0a6b-74ac-fd70-1c99-f1b2b2ef9c86,b5ec3693-7a4b-3193-7dda-1ca77d484b87,ARSB80167,سماعة دوش مع طوبو كروم,1
1624d0a9-6745-5704-df33-bd8b209121ec,b5ec3693-7a4b-3193-7dda-1ca77d484b87,MT30016,خلاط شطاف كروم,1
6dd41a07-d3c9-bbdf-5b9e-3cac239ebd97,b5ec3693-7a4b-3193-7dda-1ca77d484b87,ARSB80166,سماعة دوش كروم,2
125a2f06-e312-fcca-f68e-800ea641a77e,b5ec3693-7a4b-3193-7dda-1ca77d484b87,ARSB80158,شطاف ظغط دائري مع مخرج شطاف دبل مع طوبو كروم,1
a1d851cb-0738-72e0-ebc6-8ab99b680465,b5ec3693-7a4b-3193-7dda-1ca77d484b87,ARSB80156,شطاف ظغط دائري مع مخرج شطاف دبل مع طوبو أسود,1
74c6901f-f8b9-271e-0ce3-4aba56dffcdf,03675c36-aee3-09ec-22a0-9c737f0a7a7d,ARSB80085,شطاف ظغط دائري مع طوبو كروم,2
4cc38e34-32a5-1db5-32ea-f632420dd256,03675c36-aee3-09ec-22a0-9c737f0a7a7d,ARSB80392,مصب دوش مع تحويلة أسود,1
cd700507-ba7a-3974-c115-88ac6ffff9c2,03675c36-aee3-09ec-22a0-9c737f0a7a7d,ARSB80052,كسكاس دوش مربع 250*250 مم مع قصبة أسود,2
fe584416-d326-47e9-35e5-c4fb3352dff0,09b79d27-4920-067b-684e-551a58a32b71,ARSB80182,مخرج شطاف مربع بالعلاقة أسود,2
3f86fe94-9631-e841-5606-644dcbede944,09b79d27-4920-067b-684e-551a58a32b71,ARSB80183,مخرج شطاف ذهبي,2
ebdc4891-464e-5239-0873-adcbaaf4dce7,09b79d27-4920-067b-684e-551a58a32b71,ME10022,خلاط حوض المطبخ شجرة كروم,1
6bdbca06-bd6a-e1ad-0572-1392899bb4c1,09b79d27-4920-067b-684e-551a58a32b71,ARSB80184,رشاش دوش كروم,2
29556b25-d5d8-053d-0860-7c30eaa5bceb,09b79d27-4920-067b-684e-551a58a32b71,ARSB80185,مخرج شطاف ذهبي,3
0bc75127-c551-cf20-3b80-4804c7acf714,09b79d27-4920-067b-684e-551a58a32b71,ARSB80179,حنفية شطاف دبل كروم,1
e0145ce9-8330-1b72-1c8a-96f1dbef86c6,09b79d27-4920-067b-684e-551a58a32b71,ARSB80177,مخرج شطاف كروم,2
4a9c9c6e-1ab6-8382-9a20-5a79dd3728a0,09b79d27-4920-067b-684e-551a58a32b71,ARSB80124,مخرج شطاف مع علاق كروم,1
f5ab38d9-3964-681c-5618-6ce1f11675fa,09b79d27-4920-067b-684e-551a58a32b71,ARSB80180,مخرج شطاف كروم,2
128d33a1-2e1b-c303-7f60-0f96334e7b29,09b79d27-4920-067b-684e-551a58a32b71,ARSB80045,مخرج شطاف مع علاق كروم,3
9bcea942-6a7d-e681-c3e6-b05652984ebb,09b79d27-4920-067b-684e-551a58a32b71,ARSB80186,مخرج شطاف كروم,3
85969c9e-700e-65c2-a5b7-eee7a7864e58,09b79d27-4920-067b-684e-551a58a32b71,ARSB80021,مصب دوش بدون تحويلة كروم,2
331d6604-1deb-1dd0-8d66-90f9f82dbc7b,09b79d27-4920-067b-684e-551a58a32b71,ALVM50028,سيفون حوض الوجه ذهبي,2
6d1344e2-b9af-fe85-e838-f7d50f8f365d,09b79d27-4920-067b-684e-551a58a32b71,ARSB80333,مصب دوش مع تحويلة كروم,4
d05187b0-8b23-b18f-9cc3-fd767d17c279,09b79d27-4920-067b-684e-551a58a32b71,ARSB80341,مصب دوش بدون تحويلة كروم,4
272eebf0-fa30-8f30-b082-388ca54103da,09b79d27-4920-067b-684e-551a58a32b71,ALVM50026,سيفون حوض الوجه كروم,1
7c42a61d-a4a4-b48e-960d-8d06d2082420,6774e8f0-a31e-a7df-2e24-98ae53392473,ARSB80393,قصبة دوش 28 سم كروم,2
07cdd742-6898-4fa7-b7f4-83dda0eb88b4,6774e8f0-a31e-a7df-2e24-98ae53392473,ARSB80162,شطاف ظغط مربع مع طوبو ذهبي,1
a77c9938-07ed-53d3-e577-e5c682f850c2,44212860-b694-a4d7-30d8-47f2f51254fe,MTE60004,خلاط شطاف مدفون كروم,1
7ec99867-2d70-a301-986d-c0cc9c727b0a,6774e8f0-a31e-a7df-2e24-98ae53392473,ARSB80197,قصبة دوش  40 سم شبشاشة كروم,1
17787179-79a6-a838-e488-c0bd94c12a84,6774e8f0-a31e-a7df-2e24-98ae53392473,ARSB80194,قصبة دوش 40 سم أسود,2
db9eb7d0-ed9a-67cb-d3b5-627055cdd547,6774e8f0-a31e-a7df-2e24-98ae53392473,ARSB80323,قصبة دوش مربعة 30 سم كروم,2
9389b532-1a85-f16f-9b4a-8ea69c64ebfd,df7836ca-01b5-55c2-8335-eef90e60dcf7,ML10089,خلاط حوض وجه 3 فتحات كروم,1
072f99ff-e12a-3157-92d6-f8ca4598e3e7,6774e8f0-a31e-a7df-2e24-98ae53392473,ALVM50395,رأس سيفوني كروم,2
785ece70-fe75-02b2-f1b9-86f303bc1c56,9969e7af-c92d-8f95-5799-e7fe64ee27a7,ARSB80029,سماعة دوش مع طوبو كروم,6
814fccda-fea1-9a33-91db-6a3d3bd9651b,9969e7af-c92d-8f95-5799-e7fe64ee27a7,PS20319,علاقة مناشف كروم,2
97a59efb-6f01-ebfb-99b4-3333991764d9,9969e7af-c92d-8f95-5799-e7fe64ee27a7,PS20318,علاقة مناشف كروم,2
91301fb8-3738-99b4-d56d-a3b7af25e1dc,9969e7af-c92d-8f95-5799-e7fe64ee27a7,AASB30022,حاملة ورق ناعم كروم,4
15442620-0416-ae56-5636-f8a841a30c3f,9969e7af-c92d-8f95-5799-e7fe64ee27a7,AASB30039,مجفف شعر أسود,2
ded50cdd-96d9-bd21-6f28-2cb022771dc9,9969e7af-c92d-8f95-5799-e7fe64ee27a7,AASB30037,مجفف شعر ذهبي,2
ab7a134d-97a5-59b8-800a-0b3e6274fb49,9969e7af-c92d-8f95-5799-e7fe64ee27a7,AASB30049,موزع صابون سائل كروم,4
c1025a99-2726-20e6-25a5-0961fcb22c19,9969e7af-c92d-8f95-5799-e7fe64ee27a7,PS20172,علاقة ملابس فردية كروم,2
05455573-8cab-bf13-0f8e-d4b49e862779,dea66c9f-d37e-c45e-2e1b-c8a0fb95d4d0,AEVE20093,وصلة صرف يسرى رصاصي,2
920e9c87-4b2b-6300-35ca-669662bc30d1,c87dfc02-6b09-44f0-9c6b-366ea9842486,ML10085,خلاط حوض وجه كروم,2
d6323679-a180-9ae5-d051-b0dc8cb598c6,c87dfc02-6b09-44f0-9c6b-366ea9842486,ML10087,خلاط حوض وجه كروم,2
c8a6037b-f52b-f487-5bd7-432db8686301,9969e7af-c92d-8f95-5799-e7fe64ee27a7,AASB30303,صابونية كروم,2
299d4146-0e72-425c-c860-b7729850b175,9969e7af-c92d-8f95-5799-e7fe64ee27a7,AASB30048,صابونية كروم,4
3e64e99e-314f-1c78-7a4d-2d2bc16fefd5,9969e7af-c92d-8f95-5799-e7fe64ee27a7,AASB30304,حاملة ورق ناعم كلينكس رخامي,2
843b1884-4fbe-79fb-5bc1-a83fc36c0340,9969e7af-c92d-8f95-5799-e7fe64ee27a7,AASB30146,حاملة فوط كروم,1
a9c545e0-7295-682e-8f3e-8a25202f340a,9969e7af-c92d-8f95-5799-e7fe64ee27a7,AASB30145,حاملة فوط كروم,1
0a5c9f36-faed-6478-7640-24cf404a4abd,10592940-c21b-9b23-7b1b-baf3d78395f8,EL10887,حوض مطبخ ستانلس ستيل   60*45 أسود,5
476238cf-8a4e-8730-d7d2-9c57cd1cd24b,83b2c92f-be4f-cf10-0f00-c0757fe68321,ML10897,خلاط حوض وجه شاشة لاد كروم,2
ae298bfc-1073-032e-7607-619c35c65d2d,9969e7af-c92d-8f95-5799-e7fe64ee27a7,ARSB80243,مخرج شطاف ذهبي,1
0d5f90ab-28d6-7008-0845-fcec1cad3c02,ea9493f3-f563-bac1-6a38-35c657a9e36d,SA10044,طقم اكسسوار أسود,1
95e535de-7ab7-ae64-30d3-b6dafc303456,56bb6928-4ed7-67b4-d0e5-d943c31e5177,ARSB80106,مصب دوش قصير بدون تحويلة كروم,6
68c3a8fd-e4c6-06fe-57cd-a634719826e1,980fc184-fc1d-2677-e39a-96888dc83f28,MDE50004,خلاط دوش مدفون مع مصب وقصبة وكسكاس ذهبي,1
70d34cc1-6e01-5164-6bda-10bfa78772d3,83b2c92f-be4f-cf10-0f00-c0757fe68321,ATWC50314,صندوق طرد مدفون بتارية مع زر مربع 9 لتر,1
89f4b2ec-0fc3-b135-3854-799161e6b718,c87dfc02-6b09-44f0-9c6b-366ea9842486,ML10082,خلاط حوض وجه كروم,2
5faf1c7e-5ce3-83d4-867f-6561f10033e3,c87dfc02-6b09-44f0-9c6b-366ea9842486,ML10081,خلاط حوض وجه كروم,1
eec25fd3-1008-be32-60c4-3cb2597a11cf,c87dfc02-6b09-44f0-9c6b-366ea9842486,ML10080,خلاط حوض وجه ذهبي,2
6609f0d7-3105-5939-5d59-fcbfed6d9959,358cdaa4-03e6-526c-cac0-167ade15d31b,ALVM50430,رأس سيفوني رخامي,10
c9418413-0b81-5546-7879-398a49e9351f,c87dfc02-6b09-44f0-9c6b-366ea9842486,MD20026,خلاط دوش كروم,2
bcd1cc9d-8abd-653b-4cc6-b562a738c955,a6cf959f-1130-f8a4-675d-c9618b94e419,SA10837,طقم اكسسوار كروم,10
773e2ee9-9fb7-ea95-ddd3-846a49973fa2,44212860-b694-a4d7-30d8-47f2f51254fe,MTE60033,خلاط شطاف مدفون كروم,2
5b330bd6-9946-c9ba-a6df-e6258e476926,df7836ca-01b5-55c2-8335-eef90e60dcf7,ARSB80415,مخرج شطاف مع علاق كروم معا مسكر,3
b7fa7497-fadb-5771-06ff-f05c3ce3927b,4cc93fd5-fedf-4429-3307-cc20041a4815,MC10097,سرفنتينة 15 سم * 15 سم ذهبي,5
9aab9db2-9907-6dd5-3f76-25a2179c1ea1,61ce2ed6-f92a-1fe2-63a2-f2db39b211a1,ARSB80029,سماعة دوش مع طوبو كروم,3
971ee761-384e-54eb-3d7d-3a809ad8e275,1d67d142-d995-b0a7-a059-98ddbcd0bd8d,ARSB80296,سماعة دوش مع طوبو أسود,3
4b7ef6c7-bde2-8b89-92ae-96c874b19664,a82eddcf-294a-4c82-f8f4-fcba4748958a,CE10225,سخانة 80 لتر أفقية,1
3c832493-0c4d-bf65-d546-0ddcf438b28f,faf24908-5000-c569-9891-945de1610b19,AB10409,خزانة حمام 120*24*20,2
95fc57af-f3e6-b3b0-f15d-5bb0fbf77778,9f513352-43e8-4aff-9144-cf1ae3323d7c,AM40226,مراية دولاب حمام -70 سم,1
a9f8b79e-eb91-e921-00e8-4c5d6d3519cb,364db14e-33fe-319f-468f-0e5d91c5943a,EG40342,رف حوض وجه برسلين 80 سم,1
1d6514b0-ea25-8d48-bdcb-7cd956c198cd,c87dfc02-6b09-44f0-9c6b-366ea9842486,ARSB80217,وجه خلاط شطاف مدفون كروم,1
c0aeb0dd-b097-83c8-e850-924a0b25a1bf,ad9346b6-ba80-6556-b0a0-fdbda52c87bf,RA30058,"وصلة 4""",1
b96f91b5-9910-edc0-55ac-80bbfa2d7ac7,b2e31587-10eb-b4b9-1528-03669e966e6c,EG40375,رف حوض وجه برسلين 80 سم,2
19a764be-c560-6576-f370-e9757149510b,a82eddcf-294a-4c82-f8f4-fcba4748958a,WS10165,مقعد معلق تورنيدو أبيض,1
3d06516a-f15d-ff43-b665-6c88527f542a,1d67d142-d995-b0a7-a059-98ddbcd0bd8d,MD20011,خلاط دوش كروم,2
271b4346-43ee-e8d9-e3f7-ba09bca06767,e788a6b6-7b17-9d53-4c6a-9b1e735b793c,EG40082,رف حوض وجه برسلين 100 سم,2
f94a27a4-19f6-c4d2-59ff-9398c6564999,5e027e3e-4746-5608-191a-a75ad8cf9cea,EG30876,حوض مطبخ جرانيت أسود مطفي80*50 فردي,3
25437f53-f124-fba1-d5ce-3473098ada59,5e027e3e-4746-5608-191a-a75ad8cf9cea,EG30883,حوض مطبخ جرانيت رصاصي78*50 فردي,3
e0aa71ce-19c2-36c4-0faa-aee50a79e72a,5e027e3e-4746-5608-191a-a75ad8cf9cea,EG30863,حوض مطبخ جرانيت أبيض مطفي79*51 فردي,2
ffe810ce-1eb7-ba79-53e8-b4d6a408fdc3,67b27a30-b704-65f0-3e95-c2428307ff1b,VS10220,عمود حوض وجه سداسي معلق أبيض,2
6ce643c3-aa8e-da3a-c9a5-d1e7b52a56fd,67b27a30-b704-65f0-3e95-c2428307ff1b,VS10221,حوض وجه سداسي معلق أبيض,1
4784cc4d-6178-583e-7895-d2c1737e3efe,c108f8be-bb08-adf2-1ffe-acea549d4ef9,EG30256,حوض مطبخ جرانيت رملي محبب 80*50,1
921f9e93-1829-c3d6-3d96-83c2773d4b7b,dea66c9f-d37e-c45e-2e1b-c8a0fb95d4d0,ARSB80220,سماعة دوش مروحة كروم,15
8ae09a2e-ba82-7389-c007-ef4a21b717a0,faf24908-5000-c569-9891-945de1610b19,ML30408,مرايا حمام مع إضاء لد 80*60 سم,2
b7f8c559-d226-cdd1-63ba-d0cf014f07c0,c87dfc02-6b09-44f0-9c6b-366ea9842486,MT30007,خلاط شطاف كروم,2
ca1556c2-335e-21b3-cc0b-e402e9e5e079,5e027e3e-4746-5608-191a-a75ad8cf9cea,EG30880,حوض مطبخ جرانيت رصاصي50*43 فردي,2
15bc5fc4-c334-6885-729d-9e768fe48dab,5e027e3e-4746-5608-191a-a75ad8cf9cea,EG30878,حوض مطبخ جرانيت أسود مطفي50*43 فردي,4
f2f502d7-9774-6f47-7cad-7af6c50c14c0,5e027e3e-4746-5608-191a-a75ad8cf9cea,EG30881,حوض مطبخ جرانيت أسود مطفي78*50 فردي,3
15b1410f-1e6b-57b5-5c30-405c52b5427c,5e027e3e-4746-5608-191a-a75ad8cf9cea,EG30869,حوض مطبخ جرانيت أسود مطفي60*45 فردي,3
87a51f83-d069-eadd-c468-f62362c38197,5e027e3e-4746-5608-191a-a75ad8cf9cea,EG30870,حوض مطبخ جرانيت رصاصي60*45 فردي,3
349a54b5-24a8-82c5-6c35-681e6a99fc4d,5e027e3e-4746-5608-191a-a75ad8cf9cea,EG30872,حوض مطبخ جرانيت أسود مطفي72*47 فردي,3
512d425c-ad6a-ae2d-d0a6-37fe1f0757b1,5e027e3e-4746-5608-191a-a75ad8cf9cea,EG30871,حوض مطبخ جرانيت رصاصي72*47 فردي,3
8d15ac6a-a731-61ae-749b-48a7edb30da9,5e027e3e-4746-5608-191a-a75ad8cf9cea,EG30866,حوض مطبخ جرانيت رصاصي79*51 فردي,3
bacd4a40-d94c-0168-0ea1-efc78a0a411e,5e027e3e-4746-5608-191a-a75ad8cf9cea,EG30859,حوض مطبخ جرانيت رصاصي 80*45 زوجي,2
c36123de-20d7-4529-ef9d-3e4135c87d89,5e027e3e-4746-5608-191a-a75ad8cf9cea,EG30877,حوض مطبخ جرانيت بيج80*50 فردي,3
819e2c7c-02b9-a960-ba24-e7eb4e98dbc1,5e027e3e-4746-5608-191a-a75ad8cf9cea,EG30874,حوض مطبخ جرانيت أبيض ناصع 72*47 فردي,3
b0ecf637-10fa-b113-89d0-700f6a874d0c,5e027e3e-4746-5608-191a-a75ad8cf9cea,EG30865,حوض مطبخ جرانيت أسود مطفي79*51 فردي,8
c6fedb5d-899b-e304-6fe9-0fcf1b66d99f,5e027e3e-4746-5608-191a-a75ad8cf9cea,EG30864,حوض مطبخ جرانيت بيج79*51 فردي,2
d5e9e8f1-6a14-fd27-19c5-a14ef6c64bcb,8fa6d105-b5f7-408b-8a5e-b5bb8d537609,ARSB80198,مصب دوش مع تحويلة كروم,2
d5340649-2ff6-b84c-abf3-3405d726dd82,8fa6d105-b5f7-408b-8a5e-b5bb8d537609,ML10299,خلاط حوض وجه  كروم,2
b4efb8f1-7968-4b01-4778-1e6b742e185b,c5642f02-3648-12e7-9270-8d67634b9497,ALVM50029,سيفون حوض الوجه ذهبي,2
137b2c92-20e7-0fb2-bb2d-0568282bbfd3,e65e890e-567c-9a94-e3b0-08a4d14a6f56,ALVM50032,سيفون حوض الوجه كروم,3
d12f7da0-00e2-47df-0192-71613e310c63,da61f9d2-0f42-ff89-c2f8-d3e89b220010,ML10099,خلاط حوض وجه أسود,1
ac8e9011-83f7-5440-ac45-7994b263aa28,e4014bff-af72-7873-f676-79ab3b0ee2cd,RA20023,"مثلث 25"" لحام",40
d2212f5a-5e05-b115-39c3-7dc694e943fb,e4014bff-af72-7873-f676-79ab3b0ee2cd,RA20024,"مثلث 25* 1/2"" سن داخلي",7
8e10ea4d-53f4-a69e-af0b-870407cbe3a6,5e027e3e-4746-5608-191a-a75ad8cf9cea,EG30879,حوض مطبخ جرانيت بيج50*43 فردي,3
9fcfeffc-e2b9-f0cc-4c30-c9b144b4d6a8,693e2f9b-42b4-8fd5-9a39-b0f09b958e1a,AM0183,حوض وجه مع دولاب حمام -80 سم,1
3c2e6ef9-6cb9-5142-ec26-6f2ae577687a,ad9346b6-ba80-6556-b0a0-fdbda52c87bf,PA30538,"اسطافة 1"" (2 قطع)",10
d46c3daf-2bc9-a88a-9208-831377d1d707,9969e7af-c92d-8f95-5799-e7fe64ee27a7,AASB30032,موزع صابون سائل كروم,2
6c56ed49-f1e8-2848-7aa5-5a23ffb33f5b,8e0557fb-f160-ca8f-ad2e-118aa2112484,AM0824,دولاب حمام 80 سم أبيض,2
55a1eacb-e329-3e17-ef0b-84ff9e402653,8e0557fb-f160-ca8f-ad2e-118aa2112484,AM40825,مراية دولاب حمام لد -80 سم,2
ca0fdac7-1830-99db-b6d7-3c54132c7144,ec51d873-0eaa-4308-2216-65f4c734e640,ML10009,خلاط حوض وجه أسود,1
d16bb5d2-e6d6-85e2-350e-450b760f8ca0,9969e7af-c92d-8f95-5799-e7fe64ee27a7,AASB30190,حاملة فوط كروم,3
d5b35aa9-7b50-8c5e-83ef-1101ff1318b6,e788a6b6-7b17-9d53-4c6a-9b1e735b793c,LG40081,حوض وجه برسلين 100 سم,2
3f9de7a4-4971-aaa7-839d-4353be42d854,e4014bff-af72-7873-f676-79ab3b0ee2cd,RA20036,مواسير 25'' 4 متر,30
23990b0e-0182-6f06-56c1-7985fbd550e9,e4014bff-af72-7873-f676-79ab3b0ee2cd,RA20001,"كوع 25"" لحام",80
fa95c253-bef6-3579-66aa-ea5e92e970b1,e4014bff-af72-7873-f676-79ab3b0ee2cd,RA20078,صرباص 25,18
a8af9acc-7da4-76e2-e649-2e22edb34d10,e4014bff-af72-7873-f676-79ab3b0ee2cd,RA20008,"كوع 25* 1/2"" سن داخلي",30
9fc47d79-91ca-835f-d695-5cb89ac279df,e4014bff-af72-7873-f676-79ab3b0ee2cd,RA20014,"وصلة 25* 1/2"" سن داخلي",6
34d625e8-9f14-e484-75e5-42a4f80262cc,e4014bff-af72-7873-f676-79ab3b0ee2cd,RA20015,"وصلة 25* 1/2"" سن خارجي",13
1cbb6bd5-4377-e105-3b31-aa3d237b7edd,e4014bff-af72-7873-f676-79ab3b0ee2cd,RA20017,"وصلة 25* 3/4"" سن خارجي",2
08c93385-2eb9-42eb-b031-d607c03e3aa0,e4014bff-af72-7873-f676-79ab3b0ee2cd,RA20013,"وصلة 25"" لحام",15
fb1c19bd-217e-86b6-250e-0751f41965ef,e4014bff-af72-7873-f676-79ab3b0ee2cd,RA20033,"سنيسكا 25"" ليفة",1
82641db5-3864-16b6-1e6a-98646b6d71d1,e4014bff-af72-7873-f676-79ab3b0ee2cd,PLSA0234,"نبلس ""1/2 * ""1/2 كروم",2
e07740a3-e229-9b9f-6660-53ad1e0e9a05,07853c65-44f4-5446-3888-b9d9116f1957,ART0317,مخرج شطاف مع علاق كروم,2
ae3b80ea-2deb-5609-922b-ecaff3a486e5,07853c65-44f4-5446-3888-b9d9116f1957,ARSB80718,مخرج شطاف مربع بالعلاقة كروم,6
b3109ea1-385d-8151-e963-12e5816a41c9,07853c65-44f4-5446-3888-b9d9116f1957,CE10007,سخانة 80 لتر,1
f6df491e-b84b-20b8-5f2d-dda84aa3916c,82132f62-0da3-8dd0-f56e-b39192ab6b73,ARSB80165,سماعة دوش مع طوبو كروم,1
caa24d9c-21cb-b4fb-eda2-218dd5462bdf,e4014bff-af72-7873-f676-79ab3b0ee2cd,RA20034,"سنيسكا 25"" كروم",9
70b66031-4cf2-1da1-0059-d18960fafabb,914a20f0-8717-d68c-3682-3071783db81e,ML10766,خلاط حوض وجه كروم,4
c50308df-9723-44ce-ba58-b112703e4abb,157ed1b9-5ea2-8c09-e70c-1f072bf9355f,MC10013,مجرى 50 سم *6 سم كروم,5
badc2185-5a3f-c40a-b1bc-279ce6c26e07,914a20f0-8717-d68c-3682-3071783db81e,ARSB80462,كسكاس دوش مربع 250 مم  كروم,6
fc362d0b-ccf9-7f92-6ae2-f6f4f48ef336,157ed1b9-5ea2-8c09-e70c-1f072bf9355f,MC10014,مجرى 60 سم *6 سم كروم,5
0638c251-5e57-b721-a6bc-fd393effb566,157ed1b9-5ea2-8c09-e70c-1f072bf9355f,MC10257,مجرى 40 سم *6 سم كروم,10
1f06dbf4-04f0-f7ae-8d1f-f2883cf87951,f558499f-d03e-7cc5-2468-883f101cb347,RA20020,"مثلث 32"" لحام",3
d5e6f238-e15a-6e93-1ac3-45572fcde8a2,f558499f-d03e-7cc5-2468-883f101cb347,RA20003,"كوع 32"" - 45 لحام",1
8f540e0d-704e-d962-3289-5a5c9559a406,f558499f-d03e-7cc5-2468-883f101cb347,RA20012,"وصلة 32"" لحام",4
bb3322be-bd32-11df-7c75-d1e207fd9e6f,75b0509a-c6f2-bab0-b599-09ef0bc02f60,ML30108,مرايا حمام مع إضاءة لد 80*60 سم,1
c9b884d6-fc1d-df5d-f381-34b99de65c2c,75b0509a-c6f2-bab0-b599-09ef0bc02f60,AM0106,حوض وجه مع دولاب حمام -80 سم,1
e7d44eab-8394-a4f5-133d-0f9cbc708f16,75b0509a-c6f2-bab0-b599-09ef0bc02f60,AB10107,خزانة حمام أبيض,1
74d9c904-d216-019d-1221-a8719b2756a0,bb6cea8a-72b1-fe2a-6df9-8379aa5d42c0,MC10257,مجرى 40 سم *6 سم كروم,2
f7e59267-b436-11e9-2f3e-d8eaa0ba949a,693e2f9b-42b4-8fd5-9a39-b0f09b958e1a,AM40226,مراية دولاب حمام -70 سم,1
f9cae318-0bcd-8279-404e-98160bd120d8,b2e31587-10eb-b4b9-1528-03669e966e6c,EG40372,رف حوض وجه برسلين 80 سم,2
79c63a89-c0df-3caa-082a-608c902d56b2,9f8e82e2-2ae0-3252-5b52-62d43add8980,RA20008,"كوع 25* 1/2"" سن داخلي",10
00c220fc-dcce-886c-2897-2367c656b1ac,dfb82425-15e3-c2ed-1cdd-96bf7cdb045d,VS10207,حوض وجه معلق أسود -60سم,5
dc7898e7-73f8-e06b-17f1-2e8806171ee5,f558499f-d03e-7cc5-2468-883f101cb347,ALVM50400,سيفون حوض الوجه 25سم 30سم كروم,1
eff79820-0c61-209c-0f28-790a616e3ea3,f558499f-d03e-7cc5-2468-883f101cb347,RA20040,"مخفض 32""* 25"" لحام",3
851c470e-ec41-4c3a-73c4-74a0c1f96008,f558499f-d03e-7cc5-2468-883f101cb347,RA20026,كواردة 32 سن خارجي,1
47d88557-4804-15eb-ad23-f99f1e186948,f558499f-d03e-7cc5-2468-883f101cb347,ARSB80333,مصب دوش مع تحويلة كروم,1
8c44f091-11ef-dfbf-90e7-052373a035e2,3dbd20e7-d01e-0e40-cc16-abe258fb8516,PLSA0258,"كوربة ذكر ""1/2 * ""1/2 مع وردة كروم",4
5d2b27e3-1196-e2ac-22f4-3239fdbfe23f,3dbd20e7-d01e-0e40-cc16-abe258fb8516,WS10164,مقعد معلق رايملس أبيض,1
c301a6ec-b142-637c-2470-b0e4e3395e6a,c2cdde6d-1a01-eb2d-6c7a-44e50a43b0cc,ML30369,مرايا حمام مع إضاءة لد 80*60 سم,1
f916768e-dbd3-a8e9-ca9d-0df99d2b6925,e4014bff-af72-7873-f676-79ab3b0ee2cd,RFP1424,"فسيبلي "" 1/2 أنثى * ""1/2 أنثى 40سم",2
2fe925c0-fb31-f401-f1c3-53d7fa765446,175ab378-f895-0df3-1662-53036e7d60e0,ART0039,حامل ورق منظف كلينكس,3
e1789dc4-265d-5f87-fd32-4ed7956fd165,175ab378-f895-0df3-1662-53036e7d60e0,ART0020,شطاف ظغط مع طوبو كروم,5
9f4b0bca-4991-13d2-ec91-d1787dcdf131,175ab378-f895-0df3-1662-53036e7d60e0,ART0021,خلاط حوض المطبخ شجرة كروم,3
26f4188c-2785-0041-5e55-ff5031362381,175ab378-f895-0df3-1662-53036e7d60e0,AASB30155,حاملة فرشاة أسنان كروم,3
10abc1f6-d314-5fbf-b737-ef783b6d10f8,175ab378-f895-0df3-1662-53036e7d60e0,ART0038,طوبو شطاف 120 سم كروم,6
9d23ebf1-4445-e42e-0e8e-4ec2cde5b1d5,175ab378-f895-0df3-1662-53036e7d60e0,ART0023,صابونية كروم,5
dd8524b2-8534-bdcf-4863-386275aebd78,175ab378-f895-0df3-1662-53036e7d60e0,ART0024,حاملة فوط كروم,3
a7041a48-2543-d21c-d2c2-489db923f156,175ab378-f895-0df3-1662-53036e7d60e0,ART0025,حاملة فوط كروم,3
09410bd2-b359-d020-fc1c-164ceeba2514,175ab378-f895-0df3-1662-53036e7d60e0,ART0026,حاملة فوط كروم,3
ad9012d7-9084-0312-05dd-78e588421040,175ab378-f895-0df3-1662-53036e7d60e0,AASB30064,حاملة فرشاة أسنان كروم,3
82d66c0a-caa5-6ef5-6bb8-0b8f3ee9337f,175ab378-f895-0df3-1662-53036e7d60e0,PS20027,علاقة ملابس فردي,3
cc96e611-3519-ed45-1da0-d0b9b90eccdb,175ab378-f895-0df3-1662-53036e7d60e0,PS20028,علاقة ملابس فردي,3
545f9850-9f52-9e1f-84cd-6f281eec04d0,175ab378-f895-0df3-1662-53036e7d60e0,AASB30051,موزع صابون سائل كروم,3
8e6eb9df-bde0-65ac-7999-7d42d1a295fd,175ab378-f895-0df3-1662-53036e7d60e0,ART0030,قصبة دوش مربعة 45 سم كروم,5
6346ef99-7b1b-2e92-3ea0-2417c5716c1c,175ab378-f895-0df3-1662-53036e7d60e0,ART0033,سماعة دوش مع طوبو كروم,3
85b1f892-1b47-ba49-f351-38992d26d717,75b0509a-c6f2-bab0-b599-09ef0bc02f60,WP20159,مقعد أرضي ملحوم سداسي أبيض,4
5b7f7c73-f2dd-5023-4c56-51be26073f6a,75b0509a-c6f2-bab0-b599-09ef0bc02f60,WP20158,مقعد أرضي ملحوم طويل أبيض,6
47cb215b-d4c1-1777-225b-05e0c6b89ef8,75b0509a-c6f2-bab0-b599-09ef0bc02f60,WP20161,مقعد أرضي ملحوم رصاصي رخامي,1
088f86d3-5ca7-0a5e-5f0f-708dc5eae1e7,3dbd20e7-d01e-0e40-cc16-abe258fb8516,CE10007,سخانة 80 لتر,1
e1b78396-8c6b-2a41-c0c2-620c3c0d24cc,76b5940a-a35c-ec8e-23f5-1ab2722e34d3,PD20443,حاجز دوش 8 مم سلفر كروم 80 سم,1
8b5b7837-e4c6-1c7c-435b-9d7c7bc9cb91,175ab378-f895-0df3-1662-53036e7d60e0,ART0032,سماعة دوش مع طوبو كروم,3
1f9b6726-64c4-772e-52bc-e8378b0d0f0f,175ab378-f895-0df3-1662-53036e7d60e0,CD40036,مسطرة دوش زوجية كروم,4
b0f5895c-7b8f-557e-722d-c5999b6321ad,175ab378-f895-0df3-1662-53036e7d60e0,ARSB80036,سماعة دوش مع طوبو كروم,5
24af29f9-4914-6745-1c7f-5caf96d30494,175ab378-f895-0df3-1662-53036e7d60e0,ARSB80089,طوبو شطاف 120 سم كروم,6
c361aefa-7e47-5b21-eb15-d52adaab497e,175ab378-f895-0df3-1662-53036e7d60e0,CD40037,مسطرة دوش زوجية كروم,4
90cec10f-5dfb-a01b-b0f1-bed1bbbc2d52,009db728-9d6a-beef-08f8-d27fb6af0d48,EL10242,حوض مطبخ ستانلس ستيل منظومة بيانو 304 75*46 أسود,5
8660d819-5f76-4de2-7bbb-4546206a8d97,009db728-9d6a-beef-08f8-d27fb6af0d48,ARSB80269,شطاف ظغط مع طوبو كروم,4
6ca8051b-51e3-e757-c550-5ee0ba11721e,009db728-9d6a-beef-08f8-d27fb6af0d48,ARSB80082,شطاف ظغط مربع مع طوبو كروم,4
135911a5-e9f9-d5b4-560a-deefae9f2f36,f558499f-d03e-7cc5-2468-883f101cb347,AETS20004,تفلون 19 مم * 15 متر * 0.20 مم,20
f41f9a5c-30e6-dea0-face-3badda7fea60,75b0509a-c6f2-bab0-b599-09ef0bc02f60,AB10113,خزانة حمام أبيض,2
71c04028-e973-a136-4bbe-d22ec8183d09,5ad6800b-cdb7-ec5e-fc6a-5cf60299f2c0,AM0077,حوض وجه مع دولاب حمام -80 سم,5
0f0358a7-c8a5-820e-f9fb-3fae8d4e3227,5ad6800b-cdb7-ec5e-fc6a-5cf60299f2c0,AB10076,خزانة حمام أبيض,5
6805f03e-b9d7-8e46-1e77-ac5b82767375,5ad6800b-cdb7-ec5e-fc6a-5cf60299f2c0,ML30075,مرايا حمام مع إضاءة لد 80*60 سم,5
ee5b8f3a-05d9-f1fc-f180-c11657aae0b6,5ad6800b-cdb7-ec5e-fc6a-5cf60299f2c0,ML30074,مرايا حمام مع إضاءة لد 80*60 سم,5
b5ce6c4f-f67a-2c7a-92fd-99dcf7e3f769,5ad6800b-cdb7-ec5e-fc6a-5cf60299f2c0,AB10072,خزانة حمام أبيض,5
e7b145ce-4c75-12fe-3684-8747b51959f0,5ad6800b-cdb7-ec5e-fc6a-5cf60299f2c0,AM0073,حوض وجه مع دولاب حمام -80 سم,5
ea9d017c-d0b5-f64d-b8c6-dd0edc5fd5d4,175ab378-f895-0df3-1662-53036e7d60e0,ART0034,سماعة دوش مع طوبو كروم,3
6abf7561-a4c2-8f85-757d-5e01a8099532,2b334161-789a-c642-4ad9-272e346cff7e,WS10169,مقعد معلق رايملس أسود,4
000b3ffd-2fbd-c3ae-218e-ad3923c93c9c,6cc337f7-76bd-e953-0bd6-7dadeebf4892,ML10030,خلاط حوض وجه طويل 17 سم كروم,2
bbc21bfb-23fc-63cd-ef1c-0b6ec6f19835,6cc337f7-76bd-e953-0bd6-7dadeebf4892,ML10069,خلاط حوض وجه كروم,2
77657000-29a7-5d38-21b7-63f14c073538,cb3c1be1-a545-9bf9-7fb3-89a56280042a,ARSB80311,مخرج شطاف مع علاق كروم,7
4f6c9f58-4577-e0eb-5e4a-e27ee16c2275,29a4abe9-a042-9be6-2da7-16ad5e612ae9,RA20582,"مخفض قومه 1.5"" * 1.25",5
9725f953-b2ce-40e4-901e-c54f4a64303c,29a4abe9-a042-9be6-2da7-16ad5e612ae9,RFP1427,"فسيبلي "" 1/2 أنثى * ""1/2 أنثى 50سم",5
deea43c8-5112-63a3-d97b-468ed021d898,77f06129-10ce-9128-5b9d-bfc249f7c1e6,ML10384,خلاط حوض وجه  كروم,5
27bd79eb-83ad-d798-41ae-373f56b8674a,77f06129-10ce-9128-5b9d-bfc249f7c1e6,VP20048,حوض وجه فوق الرخام أبيض -41سم,2
4c3266ab-f5a5-1f0e-cf4e-09e2e86aee93,77f06129-10ce-9128-5b9d-bfc249f7c1e6,WA40043,غطاء مقعد أبيض,2
f41db8ea-fdce-e456-eecf-1b2257051aaa,b2e31587-10eb-b4b9-1528-03669e966e6c,LG40400,حوض وجه برسلين 80 سم,2
9973f51f-fb1d-0ee4-8a29-6e7d7933dcd0,175ab378-f895-0df3-1662-53036e7d60e0,AASB30056,صابونية كروم,5
304c56ec-4b99-2691-52ca-53b6c98e6621,3e378858-d020-58ab-5677-ce0a1edd632e,ARSB80239,كسكاس دوش دائري 250 مم مع قصبة كروم,2
b58e6f8b-8466-1191-39bf-9e564b3a21de,980fc184-fc1d-2677-e39a-96888dc83f28,ML10145,خلاط حوض وجه مدفون مع مصب ذهبي,1
4c45e86f-ba9d-10f1-aacc-7d6c9b497320,2b334161-789a-c642-4ad9-272e346cff7e,VS10208,حوض وجه معلق أبيض -60سم,4
1715faa5-4c07-b958-abf1-8e9e5b1379cb,5802457d-a9c0-2b40-8085-c3615574133c,AECU50100,سيفون حوض المطبخ,1
79039463-5a2b-42f4-60f4-f0652ffe55e8,8e3ad6c8-4c8c-05c2-d84a-0dfa6da98020,MC10038,سرفنتينة 15 سم * 15 سم كروم,15
58d16769-291d-5c15-33fa-804e28246558,b4c1df1a-8022-b19d-0b82-cca90ba0f055,ALVM50206,سيفون حوض الوجه كلك,33
7aa37fd2-5b99-7e3f-d400-03a3a263d425,46409fea-9824-7925-a710-d7e23fd32a3a,PD20043,حاجز دوش 8 مم  مظلم 100  سم,2
7d72a280-006b-8355-2bd6-67733e35b23f,46409fea-9824-7925-a710-d7e23fd32a3a,PD20044,حاجز دوش 8 مم  مظلم 120  سم,2
0d16e72d-99d9-b664-521d-e0d51e2b6e5b,009db728-9d6a-beef-08f8-d27fb6af0d48,WP20166,مقعد أرضي ملحوم بيضوي أبيض,1
f8d40dc0-f376-5c57-1747-2a070ff17f99,009db728-9d6a-beef-08f8-d27fb6af0d48,MT30062,خلاط شطاف مع شطاف كروم,1
0c8217fe-965f-f542-0153-f5b30f944804,7baa7a52-3756-bdb0-7f41-bbefef2e9fdd,CE10261,سخانة 30 لتر,1
bd89e14c-0703-2c7d-c72e-0b02dedaddf6,76b5940a-a35c-ec8e-23f5-1ab2722e34d3,WS10169,مقعد معلق رايملس أسود,3
2291b6db-f311-5f5b-4e95-facea9438aad,76b5940a-a35c-ec8e-23f5-1ab2722e34d3,WP20161,مقعد أرضي ملحوم رصاصي رخامي,2
fd5103b5-4779-7615-0246-30bbd27b3938,5697f994-330e-e3fe-4757-a374feae28e4,ML10037,خلاط حوض وجه طويل ذهبي,2
a5e449b4-ec1c-2fc4-961c-188c6dcf4dc1,5c0342a9-aaf4-c463-67ec-e88034dfd2de,AECU50056,صابونية حوض مطبخ كروم,2
0a9e8e77-a6b1-62ba-3f25-59cb7c28b710,46409fea-9824-7925-a710-d7e23fd32a3a,PD20041,حاجز دوش 8 مم  مظلم80  سم,2
5cb823fd-e06e-416c-7cdd-46489694da9c,46409fea-9824-7925-a710-d7e23fd32a3a,PD20042,حاجز دوش 8 مم  مظلم 90  سم,2
b0dead1e-6796-a86a-576c-bd34c251b1ea,847b2b2a-71fe-0312-b994-c60b52a5c527,AM0184,حوض وجه مع دولاب حمام -60 سم,2
e49fa1b8-fc95-78e6-fe5a-930c941eacdc,e411bab5-2150-0a00-2bbe-78c71f3d0ef3,WS10170,مقعد معلق رايملس أبيض,4
e6a6b2c8-feb5-adf2-25ab-cef3627e97f1,e411bab5-2150-0a00-2bbe-78c71f3d0ef3,WS10171,مقعد معلق رايملس أبيض,4
9646e04a-a872-e48c-475a-08fe454ca51e,e411bab5-2150-0a00-2bbe-78c71f3d0ef3,VS10119,حوض وجه معلق -80 سم,3
16ecde95-eb37-3710-f506-e799172419ff,e411bab5-2150-0a00-2bbe-78c71f3d0ef3,VS10120,حوض وجه معلق -100 سم,3
1b0adef0-a91f-3178-a05e-0a806a401cf6,e411bab5-2150-0a00-2bbe-78c71f3d0ef3,VS10113,حوض وجه معلق -80 * 35 سم,3
ed472b41-ef32-1b0b-694a-0e02b6714d8d,e411bab5-2150-0a00-2bbe-78c71f3d0ef3,VS10187,حوض وجه معلق -50 سم,3
a4ecf7f0-4911-8c2a-dce3-34fe6dee95f9,e411bab5-2150-0a00-2bbe-78c71f3d0ef3,VS10188,حوض وجه معلق -60 سم,3
6912a6b2-08fa-c77d-c1a6-c763d3c9d283,e411bab5-2150-0a00-2bbe-78c71f3d0ef3,VP20115,حوض وجه دائري حوض فوق الرخام - 46سم,2
89b154ed-7ca8-8c27-5658-9cfc624b869a,e411bab5-2150-0a00-2bbe-78c71f3d0ef3,WS10116,مقعد معلق رايملس أبيض,4
61ff18d7-e1f3-f1e3-7271-ad4ab4f02b5b,71767f0d-d91f-101b-b8b4-8441ef0e7168,ART0003,حوض مطبخ ستانلس ستيل نص منظومة  304 75*45كروم,5
ada770f5-1f46-756a-e555-de50dfcb37a1,b4c1df1a-8022-b19d-0b82-cca90ba0f055,VP20119,حوض وجه فوق الرخام 100 سم أبيض,1
dbb851b9-842b-21b2-194c-0de8055ef2f1,e411bab5-2150-0a00-2bbe-78c71f3d0ef3,WS10172,مقعد معلق رايملس أبيض,4
0ccc037b-0023-b9e8-1c2c-3d3ff76619bb,e411bab5-2150-0a00-2bbe-78c71f3d0ef3,VS10118,حوض وجه معلق -65 سم,3
5f564f4c-440e-9840-00de-70ebee48ac52,4846a30b-4fe1-e131-e507-86de4a24b6ff,VS10207,حوض وجه معلق أسود -60سم,2
8fac965e-2c31-ce8a-77f9-36eeb6467978,e411bab5-2150-0a00-2bbe-78c71f3d0ef3,VS10201,حوض وجه معلق -80 سم,3
f98bafb2-8f55-04a1-2024-e181f2354383,9a3a665c-45c6-1946-b40c-6017b2bd05e2,ARSB80090,طوبو شطاف 1.2 م أبيض,14
a185ad0f-e501-74d7-d0ac-fee9e1ac0563,cb85b769-cee3-65b6-b10a-53c2cd119408,AASB30341,حاملة منظفات زوجي كروم,5
12a2c304-dbd1-6614-acfb-06857e33b074,e411bab5-2150-0a00-2bbe-78c71f3d0ef3,VS10200,حوض وجه معلق -80 سم,3
b0043bd8-18ad-b81b-5834-b069f7ea6fa7,e411bab5-2150-0a00-2bbe-78c71f3d0ef3,VS10124,حوض وجه معلق -65 سم,3
57322b7d-a2c7-f37b-8a75-8d6fcc360156,e411bab5-2150-0a00-2bbe-78c71f3d0ef3,WS10114,مقعد معلق رايملس أبيض,4
da5d9a79-9b96-9fb6-3174-750a267d6f32,e411bab5-2150-0a00-2bbe-78c71f3d0ef3,VP20212,حوض وجه دائري حوض فوق الرخام - 46سم,2
10fba755-efae-9096-d309-7d97c1584142,678eb64f-bff7-90da-a558-524ddb3df673,ML30379,مرايا حمام مع إضاءة لد 100*80 سم,1
2df1723f-659b-2649-befe-31733ce69caf,4cc93fd5-fedf-4429-3307-cc20041a4815,ARSB80212,مصب بدون تحويلة 18 سم كروم,3
3c75a7f4-52de-d4e3-423f-93bad797420e,4cc93fd5-fedf-4429-3307-cc20041a4815,MC10038,سرفنتينة 15 سم * 15 سم كروم,4
10dc2b2c-60f4-8768-13a3-846b47cda876,bfe32f4d-d76e-280f-de2e-771319542196,RA20009,"كوع 25 *  1/2"" سن خارجي",2
04a8108f-36f9-6a9b-94f1-aa84607b38a0,bfe32f4d-d76e-280f-de2e-771319542196,RA20008,"كوع 25* 1/2"" سن داخلي",3
655f1007-00e8-761f-f992-36fc9360f62c,bfe32f4d-d76e-280f-de2e-771319542196,RA20001,"كوع 25"" لحام",3
b0f48139-25ba-2e1b-456b-0b5897685a09,4846a30b-4fe1-e131-e507-86de4a24b6ff,VS10205,حوض وجه معلق رصاصي -60سم,1
c2c3dd3d-8eae-7708-e021-e5f4758b1358,bfe32f4d-d76e-280f-de2e-771319542196,RA20003,"كوع 32"" - 45 لحام",2
223c0495-497e-c8e8-fa96-169746afd669,bfe32f4d-d76e-280f-de2e-771319542196,RA20012,"وصلة 32"" لحام",5
333a01f7-99d3-eae5-dd2b-10a66e7174a8,9969e7af-c92d-8f95-5799-e7fe64ee27a7,AASB30031,صابونية كروم,8
fc267fa3-1a5a-9bc3-85c4-3d4fc3fc17c2,bfe32f4d-d76e-280f-de2e-771319542196,APCI40229,"مطول ""1/2 * 10 مم كروم",2
85c45afb-5b0b-83e1-d143-b87ed83f0e21,bfe32f4d-d76e-280f-de2e-771319542196,PA30538,"اسطافة 1"" (2 قطع)",7
32b01ee1-993d-33cf-5592-f229111a37b1,bfe32f4d-d76e-280f-de2e-771319542196,RA30017,"كوربة 1.5"" - 90°",2
0e74a4d9-7701-681b-a25e-c6f0293b18bc,bfe32f4d-d76e-280f-de2e-771319542196,RA30018,"كوربة 1.5"" - 45°",1
e4fdc4ec-0d95-626e-8435-f3bbd00d3334,5802457d-a9c0-2b40-8085-c3615574133c,EL10017,حوض مطبخ ستانلس ستيل   304 81*51 كروم,1
8d0c175b-2a8c-90d3-316d-6a0678b555d9,678eb64f-bff7-90da-a558-524ddb3df673,MTE60026,خلاط شطاف مدفون كروم,1
2d2c933f-72be-5740-7386-18d1d5faed7b,678eb64f-bff7-90da-a558-524ddb3df673,MDE50027,خلاط دوش مدفون كروم,1
e19a3b9f-9e91-af23-751f-9fe716c5e0a0,bfe32f4d-d76e-280f-de2e-771319542196,RA30061,"تحويلة 4""",1
96025cd2-5d92-4f54-b352-00fa95a8b57a,bfe32f4d-d76e-280f-de2e-771319542196,RA30026,"واي 4"" 45°",1
7e06b93a-11b8-9998-a64a-a93474a0e201,bfe32f4d-d76e-280f-de2e-771319542196,RA30063,"طابة مجمع 2""",1
69d34f7e-e479-478a-80d8-40ae4fa1d7a7,bcd7eb35-ae58-949b-0504-4a3699dc362b,LG40368,حوض وجه برسلين مشطوف 80 سم,1
8a62f9c1-3e40-6454-ef17-ce70c166c9cd,65093b34-b010-ed2e-5c40-193d6b40bb16,MC10014,مجرى 60 سم *6 سم كروم,10
5cc1dcf2-2659-87f4-96d7-38988d4fb0de,4cc93fd5-fedf-4429-3307-cc20041a4815,MC10012,سرفنتينة 15 سم * 15 سم كروم,19
96ebb281-6d42-2f86-f77a-e86bbcd015c4,968454be-ee62-6e0f-1a08-5723c06279d5,AASB30010,صابونية كروم,3
f2231019-9e3f-83b8-bbe6-8970acb5065a,30cd21c6-27bb-31cc-5614-f95c6c7b5bc3,CE10104,سخانة 50 لتر,1
c1c3fa9b-28a6-1dfc-64d7-bfddac51bc14,8d6186f4-7414-9948-1058-bbe060c7d861,WA40089,غطاء مقعد أبيض,2
6bf3a5d9-e05b-f105-a045-169282726d1f,30cd21c6-27bb-31cc-5614-f95c6c7b5bc3,CE10007,سخانة 80 لتر,3
395cf5b3-9873-dfc7-54a1-0348b0223bb8,54536b9a-928b-1b6b-f26d-9f83961df6b9,WS10083,مقعد معلق رايملس أبيض,3
63b6479a-3d98-15e0-3036-ccc0b3d4c831,e788a6b6-7b17-9d53-4c6a-9b1e735b793c,EG40357,رف حوض وجه برسلين 65 سم,1
49d4ab1c-2c4a-b5b4-79ae-38e03803d4f4,54536b9a-928b-1b6b-f26d-9f83961df6b9,VS10454,حوض وجه معلق 100 سم,1
d048a9c6-eeab-a0a0-ee36-af0e5dea1656,245b7672-f7fd-e26f-f18d-c8ee7dd6e30e,ARSB80217,وجه خلاط شطاف مدفون كروم,1
c6fab60d-4c41-7078-d5e5-9b0ad9b3dabb,ef14c60e-949d-8483-b69e-0216ace3b5ef,ARSB80296,سماعة دوش مع طوبو أسود,2
c0b163ca-0a4f-a345-f8d7-16f83551f064,961ce32e-558f-abbc-2e86-9030e200db0f,ARSB80013,كسكاس دوش مربع 250*250 مم كروم,2
10bef969-c56d-8948-8054-ec3ac3da1eb9,961ce32e-558f-abbc-2e86-9030e200db0f,ARSB8040,شطاف ظغط مربع مع طوبو ذهبي,5
9826839e-32e1-bcc0-b371-b4501293b93d,77f06129-10ce-9128-5b9d-bfc249f7c1e6,ACE20242,مثبت سخانة,20
a606737a-54c5-992b-30ba-30fcae9c866a,77f06129-10ce-9128-5b9d-bfc249f7c1e6,ARSB80122,مخرج شطاف كروم,5
268d6a2a-f88f-eae2-5286-e84dbcc4d2ec,77f06129-10ce-9128-5b9d-bfc249f7c1e6,PS20015,علاقة ملابس خماسية دوران,5
0fe6c95b-9445-a003-c64b-bc4a3b3a363b,96d4722e-e4b2-544c-20ba-bf8d2a14388b,PLSA0287,وردة ذهبي,5
b3e56b35-92d9-cfa6-185c-0b86f4abf451,96d4722e-e4b2-544c-20ba-bf8d2a14388b,ML10299,خلاط حوض وجه  كروم,2
8e7a9efd-4554-0ac6-a967-17d7128d5e45,dea66c9f-d37e-c45e-2e1b-c8a0fb95d4d0,MLE40016,خلاط حوض وجه مدفون مع مَصَب ذهبي,1
f056a407-d3df-a9ab-40db-8a8aa70484e3,b4c1df1a-8022-b19d-0b82-cca90ba0f055,ML30121,مرايا حمام مع إضاءة لد 90 سم,1
b426eaa6-89ee-17be-3437-a66a522b0580,dea66c9f-d37e-c45e-2e1b-c8a0fb95d4d0,CC10188,صليبة  2 مم (250 قطعة),9
80ce5c51-d531-7426-e94b-3e4a7f394c98,b4c1df1a-8022-b19d-0b82-cca90ba0f055,AM0106,حوض وجه مع دولاب حمام -80 سم,1
367241ee-a219-df6c-8da5-b1b5bf9347ec,c58b504f-7832-ce51-1793-856fe9f640c0,VS10208,حوض وجه معلق أبيض -60سم,2
5e561eaf-3327-cf79-cd95-d02dad2a5229,b1a74108-5b9b-68db-fa20-fd53b16ad7b1,ARSB80079,شطاف ظغط دائري مع طوبو كروم,5
bc448613-f71f-73f7-f3c3-4b1661f3bfe3,b1a74108-5b9b-68db-fa20-fd53b16ad7b1,ART0033,سماعة دوش مع طوبو كروم,5
ebcd7463-585f-a3b5-1c6e-29afe943176a,8f6293eb-cee4-f1bb-3405-be6333e991e0,ARSB80324,كسكاس دوش مربع 250*250 مم مع قصبة كروم,4
3ca593f1-bda9-6f7c-4b44-38131fe555bb,8e0557fb-f160-ca8f-ad2e-118aa2112484,AB10826,خزانة حمام 120*24*20,2
735cd104-d841-1b14-90df-fac380db819c,733f17b2-2707-733c-7321-9a7116acbba5,MT30064,خلاط شطاف مع شطاف أسود,6
0a493e7e-b37c-acf2-66c8-a9cd7d5de243,b1a74108-5b9b-68db-fa20-fd53b16ad7b1,ARSB80656,سماعة دوش مع طوبو كروم,5
8e731df1-d9c9-e3b4-5c8b-283756eb91f8,8f6293eb-cee4-f1bb-3405-be6333e991e0,ARSB80445,مصب دوش قصير بتحويلة كروم,1
429ca170-6beb-d4a5-ce7c-3d6fe651eeba,b1a74108-5b9b-68db-fa20-fd53b16ad7b1,CD40031,مسطرة دوش فرديه كروم,4
a1c1a859-7f93-c50f-be92-11fe9c0aa573,b1a74108-5b9b-68db-fa20-fd53b16ad7b1,AASB30096,رف زاوية ثلاثي كروم,2
561e9c10-2435-a7da-4c88-2e2f5caac1b0,b1a74108-5b9b-68db-fa20-fd53b16ad7b1,ARSB88400,طوبو شطاف 120 سم كروم,5
30776baf-aaee-8d68-7f47-28155ddfd759,b1a74108-5b9b-68db-fa20-fd53b16ad7b1,AECU50037,رقبة خلاط حوض مطبخ,5
0630f0dd-fd42-c698-88b1-38e1df82620a,b1a74108-5b9b-68db-fa20-fd53b16ad7b1,PLSA0403,وردة كروم,50
6afd502f-c1f0-8b26-17f8-d27f161152cc,b1a74108-5b9b-68db-fa20-fd53b16ad7b1,AASB30003,موزع صابون كروم,5
1d2e61f8-3831-e6c3-7de3-ff28b9ba040b,b1a74108-5b9b-68db-fa20-fd53b16ad7b1,CD40539,مسطرة دوش زوجية كروم,4
8a2bd38f-c018-97c6-e046-c31d1b8108df,b1a74108-5b9b-68db-fa20-fd53b16ad7b1,CD40542,مسطرة دوش زوجية مع خلاط كروم,6
c428739c-f16c-5d8a-158b-9d442abe9d69,b1a74108-5b9b-68db-fa20-fd53b16ad7b1,CD40540,مسطرة دوش زوجية كروم,4
235d8fb9-f513-6388-90aa-7c4b05856ef9,961ce32e-558f-abbc-2e86-9030e200db0f,ARSB80012,كسكاس دوش مربع 250*250 مم كروم,1
511a710d-c6fc-4e02-8f6f-764536c61c20,b1a74108-5b9b-68db-fa20-fd53b16ad7b1,WS10007,مقعد معلق أبيض,1
0ab39d2e-96b7-d509-9c74-08d6462ff9ba,bfe32f4d-d76e-280f-de2e-771319542196,RA20020,"مثلث 32"" لحام",1
5acc5d27-6eb5-4e0c-0a44-e1b728b19802,bfe32f4d-d76e-280f-de2e-771319542196,RA30010,"كوربة 4"" 45°",1
c807aaf3-ee15-92cb-d527-9fa44be42c11,b668ecc1-1917-1883-6c14-aa5bb7657dae,ALVM50309,سيفون حوض الوجه كروم بلستك,2
f1c3eb99-ff7a-7252-1414-1af56bee595d,b668ecc1-1917-1883-6c14-aa5bb7657dae,MD20246,خلاط دوش أسود,1
590409eb-ecc6-3b5d-f2d9-85b8f60b1945,537e828f-bc66-2fcd-e0de-dd735d02668e,ML10616,خلاط حوض وجه ذهبي,5
b215325c-bc04-16c9-3596-8f1e62a05a0a,dea66c9f-d37e-c45e-2e1b-c8a0fb95d4d0,ARSB80212,مصب بدون تحويلة 18 سم كروم,2
6d9429c8-ef03-faf2-de6d-633999684150,a5116946-93d0-6800-49e9-a0c167945f90,EL10241,حوض مطبخ ستانلس ستيل منظومة  304 75*45 أسود,5
410f4095-8ffe-e9b8-3cfd-98df353ad533,3baf8451-ca62-6509-9587-e31f5e63563e,MC10652,سرفنتينة 15 سم * 15 سم كروم,10
38249814-58ef-d6d2-637d-bfec98c268a3,3baf8451-ca62-6509-9587-e31f5e63563e,MA20620,خلاط حوض المطبخ دبل سحاب كروم,5
667cdd31-c1f2-0a17-5f76-4e794bb3b420,3baf8451-ca62-6509-9587-e31f5e63563e,ML10616,خلاط حوض وجه ذهبي,10
3c492318-c139-cb1c-96f2-6412ea2a2860,3baf8451-ca62-6509-9587-e31f5e63563e,CD40631,مسطرة دوش زوجية مع خلاط دجتل رصاصي,5
3a75fb75-44a1-59d8-7e43-2453a73edc00,5c0342a9-aaf4-c463-67ec-e88034dfd2de,AECU50057,صابونية حوض مطبخ أسود,1
ca192ecb-01d3-5d27-6878-e4f2f7f62c00,96d4722e-e4b2-544c-20ba-bf8d2a14388b,ART0302,شطاف ظغط دائري مع طوبو كروم,2
5c5b8ea1-4ef3-1420-a4f1-5f70cc387bf0,847b2b2a-71fe-0312-b994-c60b52a5c527,AASB30073,حاملة ورق منظف كلينكس,2
4fb8b5e0-579c-5493-c8a5-a0740768ba16,847b2b2a-71fe-0312-b994-c60b52a5c527,CD40101,مسطرة دوش زوجية كروم,2
485be779-378d-9c4c-c3f6-77e6db39ea7d,847b2b2a-71fe-0312-b994-c60b52a5c527,CD40016,مسطرة دوش زوجية كروم,3
3d61e534-56c2-19c0-b153-fb3f0d8c6ec0,847b2b2a-71fe-0312-b994-c60b52a5c527,WA40088,غطاء مقعد موطو أبيض,1
874f7aba-e9f6-c445-0303-578623e97a8f,847b2b2a-71fe-0312-b994-c60b52a5c527,WS10163,مقعد معلق رايملس أبيض,2
9511ea34-685b-f0a9-74fe-4b2573bee5de,b51afe91-2dda-e667-815a-9608594cd306,ARSB80312,مخرج شطاف كروم,4
291d1ba5-3fcd-ff4c-e850-b5ccb54dc2ee,b51afe91-2dda-e667-815a-9608594cd306,AECU50056,صابونية حوض مطبخ كروم,1
ec32d54d-b4ef-bbd1-cfd2-2cf4a75f23af,502ec43d-ab6f-3ca1-2f6b-31ddc54ce58c,AB10843,خزانة حمام أبيض,1
30dd18b5-08cc-ee8c-6791-a53e5f1b6cc8,2632acea-b454-9a4c-86dc-d097cd70ee28,WS10596,مقعد معلق رايملس أبيض,6
779963b2-b3f9-2406-dcb6-e99f4e80139d,c58b504f-7832-ce51-1793-856fe9f640c0,WS10594,مقعد معلق تورنيدو أبيض,1
d45b69f8-1434-cfc4-7ac3-d6714e944a27,8e0557fb-f160-ca8f-ad2e-118aa2112484,VS10823,حوض وجه معلق 80 سم,2
47da8310-2df3-b8c2-8865-bf9ecf4d6650,9be01f77-fd99-d4c1-4e5a-2a18ac640e3a,ARSB80333,مصب دوش مع تحويلة كروم,2
5cd17fb0-d302-f8fc-21b7-8c6dae4374a6,58683616-b691-b782-fd63-10785407296f,ARSB80089,طوبو شطاف 120 سم كروم,4
7d84fb83-4c2a-c2b7-146c-5d759a77c51a,f217afac-ece8-2617-7fa3-fc8fbfed65f9,ARSB81001,شطاف ضغط مربع مع طوبو ذهبي,2
0775c220-9aae-78e0-b2b9-8a38e8b0f53b,f2d27723-858b-1c27-0a1c-18b661ce6c4e,MA20875,خلاط حوض المطبخ سحاب أسود- كروم,1
b0fe8022-74a4-2dff-3960-2e858c8fff0d,dc2e36ee-427d-1fe7-a4e1-5b91a4866ae4,AM0819,دولاب حمام بالملحق مع مرايا لد -80 سم,2
6565fc3c-77bd-c169-5fdc-f2bf3ac76df2,6e6a2aef-401b-0d19-217f-c384366e953c,ML10897,خلاط حوض وجه شاشة لاد كروم,5
bf9260ae-6824-4a25-62bb-b4d0d3f00dfb,847b2b2a-71fe-0312-b994-c60b52a5c527,ARSB82022,شطاف ظغط دائري مع طوبو كروم,2
247ea917-b219-a5f2-5641-b5fcaa2c51ca,847b2b2a-71fe-0312-b994-c60b52a5c527,AM0185,حوض وجه مع دولاب حمام -60 سم,1
df55c21c-7bea-6d5b-4269-81852654a070,847b2b2a-71fe-0312-b994-c60b52a5c527,AM40193,مراية دولاب حمام -60 سم,1
b093a521-117d-1d09-e649-e126c3aed59f,847b2b2a-71fe-0312-b994-c60b52a5c527,AM40226,مراية دولاب حمام -70 سم,1
091a0c22-4409-3972-f65e-9de09118cd49,beeddcd4-f3e8-ec03-08dc-70ffad23c8e5,WP20480,مقعد أرضي ملحوم مربع أبيض,6
20f62a10-f573-536f-63b2-9f6ecc0b5e7d,beeddcd4-f3e8-ec03-08dc-70ffad23c8e5,VS10177,حوض وجه معلق أبيض,5
f748d7c9-4440-a727-b4e5-5564c15691a1,847b2b2a-71fe-0312-b994-c60b52a5c527,AM40194,مراية دولاب حمام -60 سم,2
3bc0dd31-1863-bb2b-ce5b-8616201eb807,cf43ff41-6138-3fe3-c1c6-e254d7c45f68,PD20125,حاجز دوش 8 مم  مضبب90  سم,1
b75506f4-4629-cc42-55ae-f18231b9646d,47a949a7-8b28-ea16-518b-a9479775b168,WS10163,مقعد معلق رايملس أبيض,1
82b76609-9d88-f20b-f4d5-47935ca81b4f,b51afe91-2dda-e667-815a-9608594cd306,ARSB80094,يد شطاف كروم,6
a4eee1bd-5c9c-aba3-72f2-af4e1b34fd81,0a1b307c-120a-37af-41bb-f79b8a064390,WP20157,مقعد أرضي ملحوم موطو أبيض,2
d7f1a381-ef0b-347e-11c5-a3a9fea48c61,5c0342a9-aaf4-c463-67ec-e88034dfd2de,WS10163,مقعد معلق رايملس أبيض,3
3c80b9c2-f827-1fa2-8954-6ec5e692438e,2d057492-ee31-13fe-fe5e-5af4bc17c988,ARSB81001,شطاف ضغط مربع مع طوبو ذهبي,1
bdaad80c-7cb6-f5d8-ee48-3950a677c50f,19f9af46-14cb-f070-bd86-ba716de57509,ARSB80382,سماعة دوش كروم,5
fc6031d9-85a4-1246-80f4-8470b3f753e5,aa8d6f89-9fa0-9398-c30a-6a52b6181a77,AECU50056,صابونية حوض مطبخ كروم,4
f46b2fc8-3d0c-afbc-8b96-0d2d5db43b20,5fcbac26-6600-cb4d-710c-822614e3aac1,VS10597,حوض وجه معلق أبيض -60سم,5
8c9babab-b9a9-4006-77b0-65c97c55d6cc,6521fc60-6410-6124-8b1e-90ccf3373fb2,AB10743,خزانة حمام أبيض,1
e506e910-1123-9929-c5ac-1cda78320a00,6521fc60-6410-6124-8b1e-90ccf3373fb2,ARSB80818,شطاف ظغط دائري مع طوبو كروم,8
2d4ef819-476c-d966-3d88-c642950b65b0,6521fc60-6410-6124-8b1e-90ccf3373fb2,ARSB80914,شطاف ظغط دائري مع طوبو كروم,4
f4c8083f-30f2-d736-03b0-5bb0ba1dee50,6521fc60-6410-6124-8b1e-90ccf3373fb2,ARSB80929,شطاف ظغط دائري مع طوبو كروم,4
ed4b5966-c30e-054f-4414-92b8eee322bf,55d48e2f-7602-f51d-883b-e4bf84315efb,ATWC50155,زر بتارية مقعد سداسي,3
0482cb3e-6e37-cd32-5195-bb2960c498a0,55d48e2f-7602-f51d-883b-e4bf84315efb,ATWC50154,زر بتارية مقعد كبير,3
4027ea91-1ae8-9726-090b-308c79a3eaed,55d48e2f-7602-f51d-883b-e4bf84315efb,ATWC50156,مثبت غطاء مقعد سكة هندي,3
d8336f8a-f0bd-22ea-2a97-1d4036361be1,55d48e2f-7602-f51d-883b-e4bf84315efb,ATWC50157,مثبت غطاء مقعد سكة بلستك,3
3a3e1e0d-1089-d5c2-dcad-3a5ff841dace,a791ea66-2675-c681-c55e-67ef478687ad,WP20161,مقعد أرضي ملحوم رصاصي رخامي,7
295bce21-a2f2-c25f-03e1-4720f1a12b3b,2d310bb1-53f8-9043-3593-0c5987769e78,ARSB80275,كسكاس دوش مربع 250*250 مم مع قصبة كروم,5
6b0f05f8-8996-223a-32a5-e6474e6a7b75,2d310bb1-53f8-9043-3593-0c5987769e78,ALVM50031,سيفون حوض الوجه كروم,5
94333fce-c7af-3887-879e-0892e6014bb7,2d310bb1-53f8-9043-3593-0c5987769e78,ML10005,خلاط حوض وجه كروم,3
be44d56c-887e-b009-b903-0f5dd81ca381,2d310bb1-53f8-9043-3593-0c5987769e78,ARSB80278,مخرج شطاف مع علاق كروم,5
a9a274b0-3ae8-3abd-1dcf-9ed0784845ee,d353e153-0773-bdbd-ee5c-6670f696072f,ML10050,خلاط حوض وجه ذهبي,1
89e14df3-bc28-bf48-62a4-17629f34019b,d353e153-0773-bdbd-ee5c-6670f696072f,MD20008,خلاط دوش ذهبي,1
eb06ac91-ccbe-f6f8-7c05-04bf79376765,bfe32f4d-d76e-280f-de2e-771319542196,RA20026,كواردة 32 سن خارجي,1
bcb4b157-d8de-48c5-0a4e-5b13dd342dbc,30cd21c6-27bb-31cc-5614-f95c6c7b5bc3,BAI10291,حوض استحمام بانيو 120*70*53 سم,1
61143121-a044-1922-8200-1284bef3847a,30cd21c6-27bb-31cc-5614-f95c6c7b5bc3,WP20157,مقعد أرضي ملحوم موطو أبيض,3
309ee88e-b995-9aa4-ee91-ae104024ca99,2d310bb1-53f8-9043-3593-0c5987769e78,AASB30310,صابونية كروم حساس,5
265e9e12-4113-5502-c817-de8224183ec4,ef14c60e-949d-8483-b69e-0216ace3b5ef,ARSB80467,شطاف ظغط مربع مع طوبو أسود,2
a15909eb-125c-2009-4328-7f09f734a5ca,5c0342a9-aaf4-c463-67ec-e88034dfd2de,VS10219,عمود حوض وجه سداسي أرضي أبيض,2
65687b9d-4eb0-2ec3-4a6d-d0f7a5cced0b,4989e878-0b21-7e07-ebeb-fdaa5e4bf146,WS10819,مقعد معلق كبير بلس سايز تورنيدو أبيض,6
44850159-9cb0-dd09-5919-0446387ef51c,4989e878-0b21-7e07-ebeb-fdaa5e4bf146,MC10645,مجرى 40 سم *8 سم أسود,20
044b0dbd-71dd-787a-9cbc-b2462a1f5de9,4df5beee-4219-21cc-8884-1c694ef132ee,MT30249,خلاط شطاف مع شطاف ذهبي,5
4f4388bf-ed12-1abf-17bd-e0db656d82e1,4df5beee-4219-21cc-8884-1c694ef132ee,MT30245,خلاط شطاف مع شطاف أسود,5
1f9fe7d4-1b24-4568-f687-fb57682d3a09,4df5beee-4219-21cc-8884-1c694ef132ee,ML10250,خلاط حوض وجه ذهبي,5
4f319410-8495-2a0b-d016-42336bb0e189,4df5beee-4219-21cc-8884-1c694ef132ee,ML10247,خلاط حوض وجه اسود,5
82e4cf14-78ac-6164-2070-0f07308015f4,cf43ff41-6138-3fe3-c1c6-e254d7c45f68,ARSB80004,مخرج شطاف كروم بالعلاقة,1
7fe146b2-60d5-f27b-dda4-49af8c85ce98,cf43ff41-6138-3fe3-c1c6-e254d7c45f68,ARSB80128,مخرج شطاف مع علاق مع محول كروم,1
8fb125b5-5367-b709-6a70-0651e5295017,cf43ff41-6138-3fe3-c1c6-e254d7c45f68,AM0078,دولاب حمام -90 سم,1
21ac7698-f613-b002-077c-0907b6b4062a,cf43ff41-6138-3fe3-c1c6-e254d7c45f68,ML30079,مرايا حمام مع إضاءة لد 90*60 سم,1
ce262369-bc8c-74b6-f938-12be94cc0520,82d72c30-14ee-dd5c-ddb4-20e115821cf0,EL10251,حوض مطبخ ستانلس ستيل 60*45  أسود,1
a889c5dd-c4b9-41dd-8bf3-f8e352e7c13b,82d72c30-14ee-dd5c-ddb4-20e115821cf0,EL10721,حوض مطبخ ستانلس ستيل   304 أسود  65 * 45 سم,1
30585047-a8cc-a9ad-0bdc-34a18d9e5570,fa1c742b-5e53-1bc9-3dd1-da7c773a0053,ARSB80013,كسكاس دوش مربع 250*250 مم كروم,2
2aee00a6-32da-db21-f62b-58c3f61aec6d,bfe32f4d-d76e-280f-de2e-771319542196,RA20024,"مثلث 25* 1/2"" سن داخلي",2
c94f7107-f993-78c9-7d4f-2715e960253f,bfe32f4d-d76e-280f-de2e-771319542196,RA20040,"مخفض 32""* 25"" لحام",2
18d00bfd-2ead-38f5-2945-06d3ebb64160,bfe32f4d-d76e-280f-de2e-771319542196,RA20023,"مثلث 25"" لحام",1
985c1a13-0dbc-f769-a716-1634afa9d2cf,bfe32f4d-d76e-280f-de2e-771319542196,ACE20242,مثبت سخانة,1
5b014f9d-d31f-3d33-129b-5ccc5262341c,b51afe91-2dda-e667-815a-9608594cd306,ARSB80092,يد شطاف كروم,4
2787c5ed-82dd-3d8b-e7bb-5ed8838daca3,b51afe91-2dda-e667-815a-9608594cd306,ARSB80091,يد شطاف كروم,4
9802e46c-644f-4356-cdbf-4d0d807a4dc1,3f725ff6-dd43-ee22-4a76-8dafd244ddd7,MTE60562,خلاط شطاف مدفون كروم,6
44c7ebf4-569e-c440-0bd4-70b72bb9b006,f217afac-ece8-2617-7fa3-fc8fbfed65f9,ARSB80089,طوبو شطاف 120 سم كروم,20
cbb17439-2395-ebb8-00ca-12e343cdd932,6521fc60-6410-6124-8b1e-90ccf3373fb2,AM0737,دولاب حمام مع حوض وجه 60 سم,1
4f5b244f-0c3c-ca63-9594-2cd57f1a2c85,f217afac-ece8-2617-7fa3-fc8fbfed65f9,WA40088,غطاء مقعد موطو أبيض,5
c1a9d778-d468-9d7f-b3cc-8f684eef3436,1381ad2b-cb3d-0084-b087-bf7c05336ae7,ALVM50392,رأس سيفوني رخامي,3
dd07ee7b-98d6-77c6-2344-82ccd0f352b3,f217afac-ece8-2617-7fa3-fc8fbfed65f9,SA10311,طقم اكسسوار كروم,5
8010a414-ec67-7cd5-1e11-8ec3a4b4c321,b51afe91-2dda-e667-815a-9608594cd306,ATWC50091,رجسترو مقعد أرضي مائل 7 سم,3
eb3f4026-63cc-01e4-aae1-72f2b1c92cc0,2d310bb1-53f8-9043-3593-0c5987769e78,ARSB80191,مخرج شطاف مع علاق كروم,5
46648191-7fc8-1577-d1f7-cae8df22ac3b,2d310bb1-53f8-9043-3593-0c5987769e78,ARSB80307,كسكاس دوش مربع 200*200 مم مع قصبة كروم,5
4904e46f-2262-21aa-77f0-0e388caab597,192fd8e0-1a84-1c29-5ded-90976b743a44,ML10300,خلاط حوض وجه  كروم,1
1eab47ae-4359-90dd-f8aa-ef30ad154550,8b4f9c4e-e486-571b-dff0-eba60a08ef11,CE10452,سخانة فورية مربعة,1
0b1d2a75-6b93-471e-02ad-69db4bb2a25d,914a20f0-8717-d68c-3682-3071783db81e,ART0006,قصبة دوش مربعة 30 سم كروم,3
c0f01f42-d483-a15c-5238-e552b5ee7853,2d057492-ee31-13fe-fe5e-5af4bc17c988,ARSB80239,كسكاس دوش دائري 250 مم مع قصبة كروم,1
e921de2b-5bb2-9a3c-f6e8-8526e7e33fb0,40a5806e-057c-f81e-2695-f2bb4762d7b9,MC10203,سرفنتينة 15 سم * 15 سم كروم,15
074ba27c-7750-35a2-1cc5-874c7b622f56,875913bd-9343-804c-399c-fab258968cfe,CE10007,سخانة 80 لتر,5
74940a84-f5ed-143f-c797-cc5baaa987b6,875913bd-9343-804c-399c-fab258968cfe,CE10104,سخانة 50 لتر,5
5be1c4af-04c5-d88e-3a41-3e195c6ccef1,7bd875bb-0943-f50c-ca89-80f258d1b17a,EL10685,حوض مطبخ ستانلس ستيل 304 75*45,5
7e75d95c-e57f-8d05-00ef-d6020205cdf4,55d48e2f-7602-f51d-883b-e4bf84315efb,ARSB80899,مثبت خلاط شجرة,3
9d2aafea-f064-5fa4-b134-7e11129313d4,733f17b2-2707-733c-7321-9a7116acbba5,WP20097,مقعد أرضي بدون صندوق أبيض,2
dc59deb4-26b2-42ed-6780-e37647acc103,733f17b2-2707-733c-7321-9a7116acbba5,ATWC50098,صندوق بتارية مقعد أرضي,2
111fa6c9-dbda-aa78-3715-b5d21d95a30a,733f17b2-2707-733c-7321-9a7116acbba5,ATWC50472,بتارية مقعد أرضي جنب,2
ebbe3b36-1f8c-f5e7-3f71-f822ce6b53ec,733f17b2-2707-733c-7321-9a7116acbba5,ML10025,خلاط حوض وجه  20 سم كروم,4
a95ca9c7-29d2-c2e6-b11b-2d6ec095559f,55bd700f-9c13-a4cb-3554-bf9d114d2d8f,WP20162,مقعد أرضي ملحوم ذهبي رخامي,1
9275e959-667b-e931-95e2-aa2a30eb5ddf,206486d0-5bfd-c233-8891-32844131d210,AASB30672,فرشاة تنظيف مرحاض أسود,10
0116f8cd-76fb-10a7-0917-e4b3ddb673ca,cde660b6-c545-74b8-ad7c-5e9ee2549362,MD20300,خلاط دوش أسود,1
76948708-bce3-bc65-2084-fe5e2ba42f25,cde660b6-c545-74b8-ad7c-5e9ee2549362,MT30301,خلاط شطاف أسود,1
a9d10a4a-6c98-a20a-00db-c6f3695a3198,0476d063-bca2-af60-2bf5-a9a3121fd713,EL10166,حوض مطبخ ستانلس ستيل منظومة بيانو 304 80*45 كروم,1
2e878006-2375-274a-663d-6498d74dab31,5c0342a9-aaf4-c463-67ec-e88034dfd2de,LG40099,حوض وجه برسلين مشطوف مع رف 80,2
6e2433f9-f69c-e330-b486-55d89eee445f,6521fc60-6410-6124-8b1e-90ccf3373fb2,AM0736,دولاب حمام مع حوض وجه 60 سم,1
7a366f6d-1048-15cd-f853-8a5e07777cd5,6521fc60-6410-6124-8b1e-90ccf3373fb2,ART0746,مرايا حمام مع إضاءة لد,1
a42e2d4a-20a8-629e-e7f6-f46e9a9aaae0,416ee0c1-9783-da0e-c85c-0e07a5ca5549,MT30068,خلاط شطاف مع شطاف دائري كروم,1
f078026f-58f2-77f6-e3d8-a4b297b3ef3c,7bd875bb-0943-f50c-ca89-80f258d1b17a,PS20687,علاقة مناشف كبيرة ثلاثية كروم,6
6828cc66-3cb3-fae1-b5ae-9123e1d7e9bf,7bd875bb-0943-f50c-ca89-80f258d1b17a,SA10650,طقم اكسسوار أسود,10
1dd2de9f-250a-1f17-7cb5-babba17c9d92,7bd875bb-0943-f50c-ca89-80f258d1b17a,MA20625,خلاط حوض المطبخ سحاب كروم مطفي,5
c99fd382-3c6f-6c31-8704-bca75fa11787,b51afe91-2dda-e667-815a-9608594cd306,ARSB80714,مخرج شطاف مربع بالعلاقة أسود,2
6b982143-d28b-4cc0-9c4f-dcba82e866e9,457d1400-539b-6c91-42f6-e1a58ddde86a,ML30228,مرايا حمام مع إضاءة لد 100*80 سم,3
fd9be63a-faef-215d-cfa3-afb4bd35df22,457d1400-539b-6c91-42f6-e1a58ddde86a,ARSB80340,"مسكر شطافة ""1/2"" * ""1/2 كروم",7
65cabdc3-af9d-fc19-3ed7-63ee844b6761,457d1400-539b-6c91-42f6-e1a58ddde86a,MDE50164,مطول خلاط دوش مدفون,1
e3fd3073-f0dd-69cd-99d8-b03b2eac1792,457d1400-539b-6c91-42f6-e1a58ddde86a,CD40236,مسطرة دوش مع خلاط كروم,3
fbcb39fd-013e-f628-7477-ea8632ce30e3,457d1400-539b-6c91-42f6-e1a58ddde86a,CD40240,مسطرة دوش مع خلاط اسود,3
ff96b396-815c-44ee-0640-dc51c571a4e5,457d1400-539b-6c91-42f6-e1a58ddde86a,RFP1217,"فسيبلي "" 1/2 أنثى * ""1/2 أنثى 60سم",10
6b652c15-545f-9f99-6f05-5d88fb13b14f,457d1400-539b-6c91-42f6-e1a58ddde86a,CD40235,مسطرة دوش مع خلاط ذهبي,3
2b00210f-a4ff-8dc4-a3f5-d4fa92244734,58db68f8-1914-44a0-d6f4-ab5074c76614,VS10181,حوض وجه معلق أسود,2
8adb5ee9-a2db-b645-bc23-80098a334e0f,457d1400-539b-6c91-42f6-e1a58ddde86a,CD40237,مسطرة دوش مع خلاط اسود,3
c0d435a6-b94f-eb5c-9848-8c4c2f978bd1,c21fd096-06fd-8c7d-079a-77e98fa46085,PD20124,حاجز دوش 8 مم  مضبب80  سم,1
b01cde00-95be-d69a-a8ea-9dbeb5d9f5fa,457d1400-539b-6c91-42f6-e1a58ddde86a,CD40238,مسطرة دوش مع خلاط  دهبي,3
860bcdbf-a8be-0cb9-95a8-2f00f6aac37a,457d1400-539b-6c91-42f6-e1a58ddde86a,CD40239,مسطرة دوش مع خلاط  كروم,3
6e9d5fd2-887f-8e17-0357-11ef83ded9fd,7bd875bb-0943-f50c-ca89-80f258d1b17a,MA20620,خلاط حوض المطبخ دبل سحاب كروم,5
e094a36c-ff1f-21cd-005b-37ec11373d30,73b32399-d63a-8c82-25fb-b1526781bdfc,RA30025,"جرجوري4""",3
bcac278b-2790-ebee-bb70-0dceac5577b3,ef14c60e-949d-8483-b69e-0216ace3b5ef,ML10000,خلاط حوض وجه كروم,3
15942495-51f4-d6d6-0c9c-2b11248d1785,6ad3aead-9b96-e44b-1a9b-5f74ad074e62,ARSB80302,شطاف ظغط مربع كبيرمع طوبو كروم,1
4b4839d4-b54b-5871-1f01-4e2c4738e2c1,782b565b-1f9b-e22d-c9d4-a32a9e54a41e,CD40097,مسطرة دوش زوجية كروم,2
5d0404e0-60b0-332a-f350-baec31aa44a3,782b565b-1f9b-e22d-c9d4-a32a9e54a41e,AASB30064,حاملة فرشاة أسنان كروم,5
b18de3fa-2135-995f-5eed-84ab0e61aa19,782b565b-1f9b-e22d-c9d4-a32a9e54a41e,ALVM50389,رأس سيفوني كروم,5
3dbbc4a0-410b-ae6c-67c0-e9526272cd03,782b565b-1f9b-e22d-c9d4-a32a9e54a41e,ARSB80337,مصب دوش مع تحويلة كروم,4
42afe8df-6b0d-7237-60bb-cc1466e0c3e1,782b565b-1f9b-e22d-c9d4-a32a9e54a41e,PS20010,علاقة مناشف كروم,4
c7a84f36-39f4-1b91-6edf-ddff9e20c853,782b565b-1f9b-e22d-c9d4-a32a9e54a41e,ALVM50390,رأس سيفوني رخامي,4
2525c43f-004f-04fb-cec0-f19d47004d87,782b565b-1f9b-e22d-c9d4-a32a9e54a41e,ARSB80269,شطاف ظغط مجرح مع طوبو كروم,3
7219b2f5-cc24-ea5a-633d-4fa4c25d8ade,782b565b-1f9b-e22d-c9d4-a32a9e54a41e,MD20133,خلاط دوش مع سماعة كروم,4
f0a103f1-11e4-fc32-63a0-8f6d3729644f,232bb3ec-b4cb-52be-52c4-0674458a88d0,EG40173,رف حوض وجه برسلين 80 سم,4
39b10940-4cbb-5303-9fd6-ac003542bd7d,232bb3ec-b4cb-52be-52c4-0674458a88d0,EG40175,رف حوض وجه برسلين 80 سم,3
aa780820-8cd5-769b-6a9f-1356b3a44271,232bb3ec-b4cb-52be-52c4-0674458a88d0,LG40176,حوض وجه برسلين مشطوف 80 سم,4
ce2fd263-35bf-ccac-cae8-f5ea880fe5a0,232bb3ec-b4cb-52be-52c4-0674458a88d0,LG40180,حوض وجه برسلين 100 سم,3
f97924dc-abc4-25b2-4736-5d3acb06b4c0,914a20f0-8717-d68c-3682-3071783db81e,ARSB80120,قصبة دوش 40 سم سقفية كروم,2
f399ca2d-6efd-3983-2c22-4878da87d3e3,232bb3ec-b4cb-52be-52c4-0674458a88d0,EG40181,رف حوض وجه برسلين 100 سم,3
6643e208-d246-e50d-be7b-985155f2df99,232bb3ec-b4cb-52be-52c4-0674458a88d0,EG40184,رف حوض وجه برسلين 80 سم,5
fc4f80a1-1ad1-9505-7308-8087ec7bf149,232bb3ec-b4cb-52be-52c4-0674458a88d0,LG40183,حوض وجه برسلين مشطوف 80 سم,5
833f3340-b81e-3464-6cb8-8bd82a094dd8,232bb3ec-b4cb-52be-52c4-0674458a88d0,LG40185,حوض وجه برسلين مشطوف 80 سم,5
3af69fba-bcca-4c7e-92ae-bc18275875c1,232bb3ec-b4cb-52be-52c4-0674458a88d0,EG40186,رف حوض وجه برسلين 80 سم,5
11fe772a-00a0-5529-5991-2f9645bbd16d,232bb3ec-b4cb-52be-52c4-0674458a88d0,LG40187,حوض وجه برسلين مشطوف 80 سم,5
0e0472a9-d5c3-5152-7549-dd31f5d90c91,232bb3ec-b4cb-52be-52c4-0674458a88d0,EG40188,رف حوض وجه برسلين 80 سم,5
7c2081bc-bc72-aa9e-49dc-6b16b7985dd3,db144274-34ba-0139-ad66-3cde57b1b713,PD20041,حاجز دوش 8 مم  مظلم80  سم,3
0ed0fc20-0517-5d3f-1abd-7ed14970fab8,db144274-34ba-0139-ad66-3cde57b1b713,PD20042,حاجز دوش 8 مم  مظلم 90  سم,4
72921cc5-a579-2c8f-d964-8898653b2a98,db144274-34ba-0139-ad66-3cde57b1b713,PD20043,حاجز دوش 8 مم  مظلم 100  سم,4
78d309ac-135c-1b11-4b00-6d458039d259,db144274-34ba-0139-ad66-3cde57b1b713,WS10169,مقعد معلق رايملس أسود,5
30c51b3a-13cd-dfd9-f894-5bf53431defd,db144274-34ba-0139-ad66-3cde57b1b713,ALVM50206,سيفون حوض الوجه كلك,141
7c6fb4e5-0626-2946-afdf-be6e77424f39,232bb3ec-b4cb-52be-52c4-0674458a88d0,LG40172,حوض وجه برسلين مشطوف 80 سم,4
68bb646d-ec5a-f30b-5eae-2ba950fed20d,416ee0c1-9783-da0e-c85c-0e07a5ca5549,CE10261,سخانة 30 لتر,1
e803d5c8-1819-6fc2-4639-fbebebe94dc3,416ee0c1-9783-da0e-c85c-0e07a5ca5549,WS10170,مقعد معلق رايملس أبيض,2
85cc67c3-174f-2395-25a1-fffa3e9d4bb2,4e7a36e0-a781-b28b-b320-b010a65feae4,ARSB80694,يد خلاط  مدفون كروم,3
0efea0e3-1b81-70aa-9e35-3bb6fd1fe3fd,4e7a36e0-a781-b28b-b320-b010a65feae4,WP20397,مقعد عربي ورده أبيض45*60,3
5f766254-f952-eddb-ee2b-718934bea328,b4c1df1a-8022-b19d-0b82-cca90ba0f055,AB10107,خزانة حمام أبيض,1
8982fc53-df1c-7808-15dd-8739b3db78f7,731e12e1-e40e-8a70-a0bc-fd1dae50530b,LG40902,حوض رخامي كوريان 80سم,2
0346bb35-1c4b-f22e-46ef-b2fdde96bdc8,a5116946-93d0-6800-49e9-a0c167945f90,EL10242,حوض مطبخ ستانلس ستيل منظومة بيانو 304 75*46 أسود,5
0cfc5bda-013a-0558-d6c7-5cd14c4ce8a4,a9aecc1c-9e2e-2409-847b-98dec3ea9b03,MDE50048,خلاط دوش مدفون كروم,1
e581a8ab-159e-c47d-0db8-411ef9448d77,8f6293eb-cee4-f1bb-3405-be6333e991e0,ARSB80321,مخرج شطاف أسود,2
73c68eb7-64dd-9ae7-650a-90913437e2fd,a5116946-93d0-6800-49e9-a0c167945f90,EL10243,حوض مطبخ ستانلس ستيل منظومة بيانو 304 75*46 كروم,5
8dc3770f-8028-e537-f1b3-e11c1b83c202,a5116946-93d0-6800-49e9-a0c167945f90,EL10818,حوض مطبخ ستانلس ستيل منظومة دائري بيانو 304 75*46 أسود,5
794dc534-3534-9ca7-3dc6-06479faa5c63,a5116946-93d0-6800-49e9-a0c167945f90,EL10403,حوض مطبخ ستانلس ستيل منظومة دائري بيانو 304 75*46 كروم,5
df101929-2a03-e007-1228-7efe1bc1c6a9,945d6b31-34f7-c940-e252-7fb6a6548a17,EL10166,حوض مطبخ ستانلس ستيل منظومة بيانو 304 80*45 كروم,1
731fe6de-8388-2c6f-7c3b-fe937443338c,72561f78-7467-dd44-48c4-81f6a81aeea7,PD20918,حاجز دوش 8 مم  مضبب80  سم,3
66177f11-e5f7-77c3-d946-64d41e08eb85,2e61e079-81bc-d70e-9be7-536533034f55,AASB30485,مجفف شعر أسود,6
a24f1f41-4bcf-a522-6bac-3b8a4aa3d08c,8f6293eb-cee4-f1bb-3405-be6333e991e0,WP20162,مقعد أرضي ملحوم ذهبي رخامي,1
fea42527-9cb0-18d8-e811-63ddff373aa7,d6ef7da5-ccf8-47ca-12a1-da05a8ab4b8a,WP20166,مقعد أرضي ملحوم بيضوي أبيض,3
72ece459-a850-f86e-5811-5b9bb64cb8bf,c2e71f88-f606-0bea-b6c5-2828db67d946,AMEV50119,رقبه خلاط مطبخ,1
86ba10b3-a0a8-33d5-e97e-9040020d422c,8f6293eb-cee4-f1bb-3405-be6333e991e0,WP20159,مقعد أرضي ملحوم سداسي أبيض,1
7c681028-9168-ecdf-01ff-e96c339c1462,db144274-34ba-0139-ad66-3cde57b1b713,VS10209,حوض وجه معلق أبيض -60سم,5
8e655bb3-0746-9c17-8bb4-09788147f3f4,db144274-34ba-0139-ad66-3cde57b1b713,VS10204,حوض وجه معلق أبيض -50سم,6
52b2382f-a0de-3dbc-1023-5ef5e271440a,c2e71f88-f606-0bea-b6c5-2828db67d946,AMEV50120,رقبه خلاط مطبخ مع مقبض,2
22b25988-fe81-87fe-5d53-fd64bf26b0c3,914a20f0-8717-d68c-3682-3071783db81e,ML10789,خلاط حوض وجه كروم,5
fb66f184-d8de-2c71-93cb-19ab097719db,914a20f0-8717-d68c-3682-3071783db81e,ML0786,خلاط حوض وجه كروم,3
67eef846-ffc1-f1dd-e9dd-01cf2f8673f0,beeddcd4-f3e8-ec03-08dc-70ffad23c8e5,WS10177,مقعد معلق ذهبي,4
1c54ed07-8357-60ae-7aca-2b082390cc81,be8838b0-b5cd-77d1-3793-8965fd2b7df1,ARSB80052,كسكاس دوش مربع 250*250 مم مع قصبة أسود,5
7804fb8c-c908-63b9-2541-909c79fb7af5,bb6cea8a-72b1-fe2a-6df9-8379aa5d42c0,ATWC50314,صندوق طرد مدفون بتارية مع زر مربع 9 لتر,1
9dd18336-7792-89b7-e8ec-6028a1779a4a,8f6293eb-cee4-f1bb-3405-be6333e991e0,WP20158,مقعد أرضي ملحوم طويل أبيض,1
fe1e901d-e01d-d65b-5389-b96a7e0b2c41,8d6186f4-7414-9948-1058-bbe060c7d861,ARSB80757,شطاف ظغط مربع مع طوبو ذهبي,1
fd8e4b09-466b-44df-b91a-c8a60667cef5,914a20f0-8717-d68c-3682-3071783db81e,ML10785,خلاط حوض وجه  كروم,3
c5891606-851e-ab2c-b28b-5cdaaf772f46,914a20f0-8717-d68c-3682-3071783db81e,ARSB80988,كسكاس دوش دائري 250 مم كروم,6
d1580bd6-2505-1d84-fee8-7f479a58a5b8,914a20f0-8717-d68c-3682-3071783db81e,ML10786,خلاط حوض وجه كروم,3
a4378054-3a6d-8912-4985-19f07c317e77,6e6a2aef-401b-0d19-217f-c384366e953c,MD20246,خلاط دوش أسود,3
68ebd7ff-68e6-1213-6d45-10d0754fd37e,6e6a2aef-401b-0d19-217f-c384366e953c,ML10250,خلاط حوض وجه ذهبي,4
5793c5b3-e84c-4d33-a529-5029dffe59c6,6e6a2aef-401b-0d19-217f-c384366e953c,ML10898,خلاط حوض وجه كروم,4
be3f9ad5-b867-24a9-4faa-4331208125de,6e6a2aef-401b-0d19-217f-c384366e953c,ML10752,خلاط حوض وجه اسود,4
9124f675-56e9-aea4-8754-722dca61416a,416ee0c1-9783-da0e-c85c-0e07a5ca5549,CE10265,سخانة 80 لتر,2
485f6bbe-b7b2-c293-6d74-aaf7b936cde9,3ade30b4-de30-2847-7717-ea107880e367,WS10594,مقعد معلق تورنيدو أبيض,1
66d571fe-fc03-204e-1ff5-86f521833098,3ade30b4-de30-2847-7717-ea107880e367,AB10849,خزانة حمام أبيض,1
67b0daa3-274c-70b4-cc8d-f04896fc655c,3ade30b4-de30-2847-7717-ea107880e367,AM0851,حوض وجه مع دولاب حمام -80 سم,1
f69301c9-ef1b-2d81-90a0-0b5f3273d788,1fe811d3-0b63-9c86-9b07-de31322eb511,MC10413,سرفنتينة 15 سم * 15 سم كروم,10
6ad3a09a-db82-c4e3-ee6d-9b018a586fb1,9640be2e-9140-3f27-24cf-694f4955b25f,AASB30311,مجفف شعر ابيض,3
e84e71ef-b1b7-b0bf-d9b1-b299b5eb802c,9640be2e-9140-3f27-24cf-694f4955b25f,MC10413,سرفنتينة 15 سم * 15 سم كروم,15
9ba5a7b1-cfdd-62b0-e779-e5af3f44dec2,9640be2e-9140-3f27-24cf-694f4955b25f,ATWC50178,زر بتريا كروم,3
881b3184-9445-b834-5510-29480787b3a1,8fa6d105-b5f7-408b-8a5e-b5bb8d537609,ARSB80028,سماعة دوش مع طوبو كروم,2
0967c008-da25-2a42-094c-cb36ab557503,9640be2e-9140-3f27-24cf-694f4955b25f,ATWC50314,صندوق طرد مدفون بتارية مع زر مربع 9 لتر,2
0f1076f4-e268-27ca-5bb9-839a521b1d73,4df5beee-4219-21cc-8884-1c694ef132ee,MD20246,خلاط دوش أسود,5
182924a6-0aa8-4384-9cde-dd89c56e3238,0232c6d3-72ba-8fbd-4c71-e5441cba9384,PD20917,حاجز دوش 100 * 190 سم 8مم اطار أسود مخطط,1
765d0f1c-2658-1426-84a7-527b570b9db2,457d1400-539b-6c91-42f6-e1a58ddde86a,MT30134,مطول خلاط شطافه مدفون,1
8eaf736a-8c9e-41e7-63ba-9691a6236de8,e98721bf-1b8c-b179-5dd4-5075d04a508a,EG30241,حوض مطبخ جرانيت أسود محبب 55*44,2
22813e5d-957b-75c9-6155-5bf4c7446534,e98721bf-1b8c-b179-5dd4-5075d04a508a,EG30418,حوض مطبخ جرانيت بيج محبب 55*44,2
b086e8ce-a89e-6728-0022-8ef2dbd06ea9,e98721bf-1b8c-b179-5dd4-5075d04a508a,EG30419,حوض مطبخ جرانيت رمادي محبب 55*44,2
25c98b95-5bd8-a8c5-9599-6dbe18e3b587,7da6116a-0923-40fd-04b2-6d14fa860172,RA20036,مواسير 25'' 4 متر,10
d0ac70c3-dc1c-1109-9bd1-2327f42995b4,7da6116a-0923-40fd-04b2-6d14fa860172,RA20008,"كوع 25* 1/2"" سن داخلي",10
d9bdc24f-82af-bb36-e6ec-52411ae90e2b,b7143a5b-5246-cf04-d73d-d2ed8214bf62,ALVM50397,رأس سيفوني رخامي,5
a91204a2-1730-e0a5-3134-90c7310e4486,7da6116a-0923-40fd-04b2-6d14fa860172,RA20001,"كوع 25"" لحام",15
44733da9-77a6-b9e9-9690-753f4c08f15c,7da6116a-0923-40fd-04b2-6d14fa860172,RA20013,"وصلة 25"" لحام",4
d1676414-5d38-01c5-99a8-0badcd60ed17,b3f2b7ec-4897-da96-d482-4dcd47a18417,RA20033,"سنيسكا 25"" ليفة",10
c1fdc373-142f-1846-3b8e-b6ef3d9299c1,b3f2b7ec-4897-da96-d482-4dcd47a18417,P30327,عوامة 1,5
be7ed430-3631-973a-6587-6644f7627cfa,b3f2b7ec-4897-da96-d482-4dcd47a18417,RA20030,كواردة 25 سن خارجي,10
347be032-ffc0-94d6-a67c-1c92b8d661b5,b3f2b7ec-4897-da96-d482-4dcd47a18417,RA20596,"فلفلة باب  3/4"" سن داخلي",5
7f654d2d-c640-642d-0a84-77030f16f5b3,b3f2b7ec-4897-da96-d482-4dcd47a18417,RA20031,كواردة 25 سن داخلي,10
78aba892-0c61-3010-ef2b-b20fc8c1e621,c5e7ce24-dada-8b5b-e7da-833f2b539a31,ARSB80530,طوبو شطاف 1.2 م رصاصي,10
6ba07715-3c41-2648-ba54-41ca7e726056,c48dfd16-f6dd-9d80-c928-6bb8486ba249,SI10176,سلكون  280 غرام شفاف,48
4e9df105-932f-e1ea-5ab6-cc73df0520cd,c48dfd16-f6dd-9d80-c928-6bb8486ba249,SI10138,سلكون  280 غرام أبيض التاج,20
cc5ea208-afa8-29d2-0d96-6b63d30dd7e4,914a20f0-8717-d68c-3682-3071783db81e,ARSB80017,مصب دوش قصير بدون تحويلة كروم,4
2bb87609-5365-bb64-3563-dd616739fdca,8d6186f4-7414-9948-1058-bbe060c7d861,ALVM50430,رأس سيفوني رخامي,2
0f7bd5c3-d895-3113-bfed-00f9a1955969,6899ef99-679b-d158-e8db-d1a74de99294,ARSB80217,وجه خلاط شطافة مدفون,3
dcb1318b-9429-e16c-75e5-5733184ab214,7da6116a-0923-40fd-04b2-6d14fa860172,RA20023,"مثلث 25"" لحام",8
9e7bdcb8-e983-cc92-f1cf-1f699cb40a7f,8fda9d5e-b671-a825-c747-42bc9b06485b,ARSB80121,قصبة دوش 40 سم سقفية كروم,1
d089771a-a9f3-1b36-a33d-aaa8a4edcba8,8fda9d5e-b671-a825-c747-42bc9b06485b,ARSB80120,قصبة دوش 40 سم سقفية كروم,3
f210d134-6fb7-1381-48df-b2c4932d390e,dfb82425-15e3-c2ed-1cdd-96bf7cdb045d,WP20161,مقعد أرضي ملحوم رصاصي رخامي,3
85fce1d2-9442-bcce-3765-41cbc3688ef1,b4c1df1a-8022-b19d-0b82-cca90ba0f055,AM0120,دولاب حمام 100 سم أبيض,1
8b7b3c3f-5fc2-8bba-e425-f7c09929ef5c,8f6293eb-cee4-f1bb-3405-be6333e991e0,MD20239,خلاط دوش  كروم,2
c9cfcbff-743e-b18b-3179-1a3c0fdda726,2ff67535-6d29-711e-fd92-204f8553864e,PD20438,حاجز 10 مم اطار دهبي 80 سم,1
33683d78-7a2b-760f-8003-16593ce38540,3575a123-0931-eccb-f590-78c8e573502d,ML30230,مرايا حمام مع إضاءة لد 60*80سم اطار كروم,1
521c4b08-72d0-0591-ec17-ac785620d328,252ea9f4-8a3a-c415-e0d6-730d1c1ad0b0,WS10169,مقعد معلق رايملس أسود,2
c32303b4-fc08-3e6d-8756-eed3754a2d88,cb85b769-cee3-65b6-b10a-53c2cd119408,EG40750,رف كواريون كوارتز 80سم أبيض,1
3ec93fcc-f8d3-d919-25ff-fb66dbdfb61d,6e6a2aef-401b-0d19-217f-c384366e953c,ML10896,خلاط حوض وجه شاشة أسود,5
235edff8-50fb-1f65-6a0c-e479d76bb69d,cb85b769-cee3-65b6-b10a-53c2cd119408,AASB30916,رف زاوية زوجي كروم,5
6803f24c-81e5-3519-bc85-f3fdb69a8cea,8fda9d5e-b671-a825-c747-42bc9b06485b,ATWC50182,زر بتريا ذهبي,3
85630b09-8a6e-58d6-a381-f09ed82ccab4,69c04dec-3db3-1f6c-cd3b-1973a71cf3b3,ATWC50246,رجسترو مقعد أرضي مائل 3 سم,6
d93aef27-bc2b-3e1b-ad6e-768c871c003f,8fda9d5e-b671-a825-c747-42bc9b06485b,ARSB80993,كسكاس دوش مربع 250*250 مم كروم,2
8bc2f7a7-71bd-c340-e31f-bcf6a229f4ed,8fa6d105-b5f7-408b-8a5e-b5bb8d537609,MT30025,خلاط شطاف مع شطاف كروم,2
59285e34-42e6-de65-520d-e2beb2f36cfe,d33e3214-4cf9-8273-9e27-340d523cb19c,WP20157,مقعد أرضي ملحوم موطو أبيض,1
7e257100-3d8c-8d30-ae23-537c101fc30f,6b639d71-7d3e-399a-30cd-555807b32cd5,ML30747,مرايا حمام مع إضاءة لد,2
094dbcf8-3289-13ca-3419-bc4f47bc5562,d33e3214-4cf9-8273-9e27-340d523cb19c,WA40474,غطاء مقعد موطو أبيض,14
c355973e-3f05-d934-4874-27c11c9f38c0,d33e3214-4cf9-8273-9e27-340d523cb19c,WP20475,مقعد أرضي ملحوم مربع  أبيض,1
aaa16181-8989-b854-37cc-37f3166e4780,d33e3214-4cf9-8273-9e27-340d523cb19c,WP20477,مقعد أرضي ملحوم مربع قصير أبيض,1
ff10c47b-c5e5-1523-7f0f-3d26f32111a5,d33e3214-4cf9-8273-9e27-340d523cb19c,WA40479,غطاء مقعد سداسي أبيض,13
e50e60fc-d702-e9eb-b2d6-0a9c9babb2f6,d33e3214-4cf9-8273-9e27-340d523cb19c,WA40482,غطاء مقعد أبيض,10
9ddf922e-98fd-b05f-045a-48494a292f63,dfb82425-15e3-c2ed-1cdd-96bf7cdb045d,WS10163,مقعد معلق رايملس أبيض,3
308e015d-0439-1111-d4b8-dffb1a8034bc,46409fea-9824-7925-a710-d7e23fd32a3a,PD20125,حاجز دوش 8 مم  مضبب90  سم,2
8fb168ad-86d5-00f1-fc59-6bf583aa6bc0,6b639d71-7d3e-399a-30cd-555807b32cd5,AB10742,خزانة حمام أبيض,2
4fdf9787-42f0-e9ce-8650-25255341c117,6b639d71-7d3e-399a-30cd-555807b32cd5,AM0739,دولاب حمام مع حوض وجه 80 سم,2
6327933c-27ec-c7c9-8d67-b919691f0f37,55bd700f-9c13-a4cb-3554-bf9d114d2d8f,WP20157,مقعد أرضي ملحوم موطو أبيض,3
d4a0dadf-9cb0-eed5-7d68-0c0a97d63e68,6b639d71-7d3e-399a-30cd-555807b32cd5,ML30826,مرايا حمام مع إضاءة لد80*60 سم,2
f9b991b9-2cb5-292b-0e6a-74f7d2f7641e,6b639d71-7d3e-399a-30cd-555807b32cd5,AB10825,خزانة حمام أبيض,2
65a06a40-a432-c06f-f3f0-1b9ef242e147,6b639d71-7d3e-399a-30cd-555807b32cd5,VS10826,حوض وجه معلق -80 سم,2
9cf4c712-f0f2-c810-c92e-ac23af46e9f7,6b639d71-7d3e-399a-30cd-555807b32cd5,AM0828,دولاب حمام -80 سم,2
5331808b-7eef-5cd8-7f49-96176e1526a9,8fa6d105-b5f7-408b-8a5e-b5bb8d537609,LG40198,حوض وجه برسلين مشطوف مع رف 80 سم,1
3e2badf4-cf34-7409-b2d9-c5307a8160ba,d33e3214-4cf9-8273-9e27-340d523cb19c,VS10177,حوض وجه معلق أبيض,1
302c844a-784c-5ec3-04e9-c9e58a1261e5,d33e3214-4cf9-8273-9e27-340d523cb19c,VP20483,حوض وجه فوق الرخام أبيض -40*30 سم,3
3fd24036-c0a8-5ce1-9021-dae31d81df2b,d33e3214-4cf9-8273-9e27-340d523cb19c,VP20484,حوض وجه فوق الرخام أبيض 41.5 سم,2
4f727e3c-f849-7dbb-0085-34311325d13a,d5578883-3e6c-5241-d50b-e2dc61ea1a32,AASB30078,حاملة فرشاة أسنان أسود,1
af9a2ec7-ca63-e954-0c9d-1379a78b9370,d5578883-3e6c-5241-d50b-e2dc61ea1a32,AASB30071,صابونية أسود,1
358fd7ce-f076-7e9d-d24f-1c6a1e13a7ef,d6ef7da5-ccf8-47ca-12a1-da05a8ab4b8a,WP20478,مقعد أرضي ملحوم ذهبي مخطط,1
49fc0f79-ce27-2f18-6593-6a364eace242,d6ef7da5-ccf8-47ca-12a1-da05a8ab4b8a,WP20157,مقعد أرضي ملحوم موطو أبيض,3
a5001262-7728-f25f-d308-95586b8d3dc2,d6ef7da5-ccf8-47ca-12a1-da05a8ab4b8a,WS10481,مقعد معلق رايملس أبيض,4
6fda92da-4339-7564-d1c6-ee714ffecaca,d5578883-3e6c-5241-d50b-e2dc61ea1a32,AASB30153,حاملة فوط أسود,1
1d232fe3-b57b-bc3b-9a93-c90cf1acc1d1,252ea9f4-8a3a-c415-e0d6-730d1c1ad0b0,VS10205,حوض وجه معلق رصاصي -60سم,2
d39d3027-7354-0b35-759b-d997811218ef,252ea9f4-8a3a-c415-e0d6-730d1c1ad0b0,VS10207,حوض وجه معلق أسود -60سم,3
c6376aa2-77f8-fda7-9455-e747374b15a5,2e170e07-4bb6-04c1-cf81-ba795cb8c305,ALVM50206,سيفون حوض الوجه كلك,50
59ace49e-5943-722c-0f8c-d22ab5b24800,58db68f8-1914-44a0-d6f4-ab5074c76614,WP20158,مقعد أرضي ملحوم طويل أبيض,4
a1f25efd-8721-75c6-18f7-10b8cb8f0fe2,cfdb178d-c2b9-ba3d-96c9-1359834b95bc,CE10451,سخانة 80 لتر عمودية,1
f96f00c5-03be-f755-7cfd-5772e3457a1f,d33e3214-4cf9-8273-9e27-340d523cb19c,WS10481,مقعد معلق رايملس أبيض,1
c0e497d0-9c42-ab22-735a-1ca5c61724c8,d33e3214-4cf9-8273-9e27-340d523cb19c,AASB30014,رف زاوية زوجي كروم,6
ac4d56a3-44ac-5adf-d527-a1cd82340a83,d6ef7da5-ccf8-47ca-12a1-da05a8ab4b8a,VS10220,عمود حوض وجه سداسي معلق أبيض,3
526b8ac2-7eb5-49be-4285-81228e9b8e67,d6ef7da5-ccf8-47ca-12a1-da05a8ab4b8a,WP20477,مقعد أرضي ملحوم مربع قصير أبيض,3
e8929504-47a5-cf5a-44e2-343d4f46daa0,d6ef7da5-ccf8-47ca-12a1-da05a8ab4b8a,WP20475,مقعد أرضي ملحوم مربع  أبيض,2
97dcce9d-64a9-d93c-c7ca-94176ef28b75,d6ef7da5-ccf8-47ca-12a1-da05a8ab4b8a,WP20480,مقعد أرضي ملحوم مربع أبيض,2
2014195c-dbd6-ba2c-db99-af04d55f0a08,2ff67535-6d29-711e-fd92-204f8553864e,CE10264,سخانة 50 لتر,4
db8e204b-e811-2b72-5149-621955ae18fe,2ff67535-6d29-711e-fd92-204f8553864e,EG40351,رف حوض وجه برسلين 80 سم,1
831e9324-b9da-1bd3-53fd-a49e6f7561fe,2ff67535-6d29-711e-fd92-204f8553864e,LG40322,حوض وجه برسلين 80 سم,1
7fc1592a-9106-63bb-0dd2-bab2123b7e48,e98721bf-1b8c-b179-5dd4-5075d04a508a,MC10203,سرفنتينة 15 سم * 15 سم كروم,11
fd39b7fd-213a-b5dc-112a-0802fb6b8116,c9c96cfe-2a5d-e75a-a7d6-7fe3175d5f45,CD40621,مسطرة دوش زوجية مربعة كروم,3
5006b6f1-4a1e-5d47-0a55-e6483cbf9c8b,a402015a-2c78-2d2b-7846-9c70ff3cd05c,WP20161,مقعد أرضي ملحوم رصاصي رخامي,5
69c50d52-c973-0a43-49c4-5675844e7f14,252ea9f4-8a3a-c415-e0d6-730d1c1ad0b0,WP20475,مقعد أرضي ملحوم مربع  أبيض,2
4483e0b9-3a81-59a4-9fbc-b53d2a5919f9,252ea9f4-8a3a-c415-e0d6-730d1c1ad0b0,WP20161,مقعد أرضي ملحوم رصاصي رخامي,2
1ca8b79c-2266-c490-ef54-4342f4b3431d,252ea9f4-8a3a-c415-e0d6-730d1c1ad0b0,WP20480,مقعد أرضي ملحوم مربع أبيض,3
b154b560-767f-c439-57f8-576e3ee74228,7da6116a-0923-40fd-04b2-6d14fa860172,RA20033,"سنيسكا 25"" ليفة",2
a8188863-c704-6f3d-cbba-33f1e8c7129d,2e170e07-4bb6-04c1-cf81-ba795cb8c305,ML30121,مرايا حمام مع إضاءة لد 90 سم,2
f41a7e44-8f26-ccc2-94ab-cd6ccd0f82df,2e170e07-4bb6-04c1-cf81-ba795cb8c305,VP20119,حوض وجه فوق الرخام 100 سم أبيض,2
76d1839f-4e33-80b0-44f9-e4a836583da4,0f13ad63-6d07-7e73-cfbd-55d31ecda108,PD20123,حاجز دوش 8 مم  مضبب120  سم,1
f24f95a6-e760-da13-68a2-a164e8d68cb4,c21fd096-06fd-8c7d-079a-77e98fa46085,WP20161,مقعد أرضي ملحوم رصاصي رخامي,1
6616af0f-ebb6-9d6e-85db-3383ec895216,1d67d142-d995-b0a7-a059-98ddbcd0bd8d,VS10188,حوض وجه معلق -60 سم,1
8fe776cc-489a-7561-f038-2b3768f27681,2e170e07-4bb6-04c1-cf81-ba795cb8c305,AM0120,دولاب حمام 100 سم أبيض,2
986e8dd9-42fd-a418-3477-ac6248dd25d7,07ffe7b9-1217-b53b-adee-779a97a85e49,MC10413,سرفنتينة 15 سم * 15 سم كروم,5
2ad1dffe-64ff-3f38-7e2f-c0374bfe9a75,d33e3214-4cf9-8273-9e27-340d523cb19c,WP20480,مقعد أرضي ملحوم مربع أبيض,1
c931136c-ca40-201d-8aef-f1c12cae5668,2e170e07-4bb6-04c1-cf81-ba795cb8c305,LG40100,حوض وجه برسلين مشطوف مع رف 60,2
f09ce39a-35e5-a07a-a74a-6d689571ecbf,c24217e4-9000-f061-61c9-9d63983db5d5,ARSB80277,"مسكر شطافة ""1/2"" * ""1/2 كروم",30
38f35d18-6077-6ea6-2b03-00ea78c8e59c,c6396833-9093-d0e9-b3a6-4202e46bfcec,MTE60033,خلاط شطاف مدفون كروم,2
d5c951d7-4d42-b572-48aa-e4fc464e8bc8,d33e3214-4cf9-8273-9e27-340d523cb19c,WP20478,مقعد أرضي ملحوم ذهبي مخطط,1
8fbf29d9-1adc-f560-1ba0-7b8bf2a9343a,ef236cc2-84de-c2f9-13bc-3aaa7898a9c1,MD20619,خلاط دوش كروم,6
68f379e9-0930-baf3-fdbd-0a4a1f5c98fb,3a70583f-2b04-f3ba-207a-cb936d82c4f2,PD20287,حاجز دوش 8 مم بالعلاقة المناشف 70 سم,3
9ed8fce9-a1b3-5453-2da9-c4fb3945f2a1,3a70583f-2b04-f3ba-207a-cb936d82c4f2,PD20288,حاجز دوش 8 مم بالعلاقة المناشف100 سم,3
743dc486-6477-6fe3-a01a-a55dc127ad1b,3a70583f-2b04-f3ba-207a-cb936d82c4f2,PD20289,حاجز دوش 8 مم بالعلاقة المناشف80 سم,3
904b3d6a-0bf2-93cd-214e-460d8d56287d,3a70583f-2b04-f3ba-207a-cb936d82c4f2,PD20286,حاجز دوش 8 مم  مضبب70  سم,3
8355e3f3-bb7f-5617-26df-eb77fde3557f,3a70583f-2b04-f3ba-207a-cb936d82c4f2,PD20124,حاجز دوش 8 مم  مضبب80  سم,3
1b417d0b-062d-ed30-3d2a-c234a7e445ba,62bf0385-3098-8bd7-e3b7-b76bb526f842,WP20158,مقعد أرضي ملحوم طويل أبيض,3
3a2c2ad1-112d-e988-b4f4-6d7d520ca57f,62bf0385-3098-8bd7-e3b7-b76bb526f842,WP20162,مقعد أرضي ملحوم ذهبي رخامي,2
6a96eb2f-ca6c-0ab6-a774-86cb5d9c2186,3a70583f-2b04-f3ba-207a-cb936d82c4f2,PD20125,حاجز دوش 8 مم  مضبب90  سم,3
0324d135-092b-174c-e690-51cfd4f4a09b,9e2d9b42-8400-c1ec-cd71-2c30fecb9aff,WP20157,مقعد أرضي ملحوم موطو أبيض,4
2bca456f-17ea-fa1e-f481-d6fbbfec1f98,2d310bb1-53f8-9043-3593-0c5987769e78,AASB30067,حاملة ورق ناعم كروم,5
c3ad9171-1eca-9bb7-a76a-594f827a7a41,2d310bb1-53f8-9043-3593-0c5987769e78,ARSB80370,سماعة دوش كروم,5
72c288e3-dab0-2aa1-ef2e-1d9c3087b0c7,751b6571-1f2f-26eb-f253-84da5ed5b44a,VS10207,حوض وجه معلق أسود -60سم,4
08629f38-ab9d-67fa-333d-45f14f0c5f3a,e55a3d9b-1b91-2742-a866-6f79b4552867,PLSA0772,"نبلس ""1/2 * ""3/8 كروم",20
8a24c6de-d157-95ea-d2dd-a19345634c9f,dc2e36ee-427d-1fe7-a4e1-5b91a4866ae4,AM0817,دولاب حمام حوض مع مرايا لد -90 سم,3
1102559e-c71a-f561-f192-a9d44c8a3c60,3a70583f-2b04-f3ba-207a-cb936d82c4f2,PD20290,حاجز دوش 8 مم بالعلاقة المناشف90سم,3
d0ca7e3d-9923-b965-5af4-37a40a87464f,d6ef7da5-ccf8-47ca-12a1-da05a8ab4b8a,VS10221,حوض وجه سداسي معلق أبيض,3
7aa5857b-81ec-3dff-5cc2-93bead478af4,1a3a8e6d-6bbf-e621-c2d3-29fcea04bd2b,RE10591,حنفية حوض المطبخ شجرة كروم,2
ecbc1822-f8f3-bed0-3431-bf67f1c143ca,4005b7bc-71e9-8413-4f93-ec84a3cfd7dc,WP20475,مقعد أرضي ملحوم مربع  أبيض,14
2a22a931-f3ef-290a-1600-10204db41d19,13fcfb51-db65-3944-a266-61494d4cff69,WS10481,مقعد معلق رايملس أبيض,6
7857e537-90d4-49f8-2667-484e6de03d20,1a3a8e6d-6bbf-e621-c2d3-29fcea04bd2b,RE10590,حنفية حوض المطبخ شجرة أسود,4
538fd6cf-b535-8ec3-941e-9709b9edc23c,ef14c60e-949d-8483-b69e-0216ace3b5ef,ML10001,خلاط حوض وجه كروم,3
229e93b3-edc3-58f7-0f70-3a6f93e03715,ef14c60e-949d-8483-b69e-0216ace3b5ef,ML10007,خلاط حوض وجه طويل كروم,2
55b2afe4-6054-324f-2388-0d9834790bd8,ef14c60e-949d-8483-b69e-0216ace3b5ef,ARSB80298,سماعة دوش مع طوبو كروم,4
aa1881a8-3667-c45c-4224-8eedd62a6d8d,3a70583f-2b04-f3ba-207a-cb936d82c4f2,PD20122,حاجز دوش 8 مم  مضبب190*100  سم,3
be335234-7809-4dff-2570-84920a816058,cb85b769-cee3-65b6-b10a-53c2cd119408,ML30752,مرايا حمام مع إضاءة لد-عرض60*80 سم,1
07696697-9cea-abb4-86fb-560d304d6857,f2d27723-858b-1c27-0a1c-18b661ce6c4e,ALVM50368,طابة حوض الوجه,3
c1e7eb29-8ce5-77cc-298a-2380236f2532,782b565b-1f9b-e22d-c9d4-a32a9e54a41e,AASB30012,رف زاوية كروم,4
f8720b70-644a-8276-f1bd-2baf07d4b91c,782b565b-1f9b-e22d-c9d4-a32a9e54a41e,ARSB80365,سماعة دوش مع طوبو ذهبي,5
1c87f4fa-3180-30c5-ccce-07a48987d97f,782b565b-1f9b-e22d-c9d4-a32a9e54a41e,ARSB80264,مطول فسيبلي خلاط نحاس,3
91604d75-7160-0e68-7e7d-2152cf92ae97,2d310bb1-53f8-9043-3593-0c5987769e78,ARSB80477,طوبو دوش 150سم كروم,5
cc160b9b-b075-7495-0dae-e12b137db424,782b565b-1f9b-e22d-c9d4-a32a9e54a41e,ML10039,خلاط حوض وجه كروم,4
5b612570-3200-3975-ffea-7bc9752af646,782b565b-1f9b-e22d-c9d4-a32a9e54a41e,MD20002,خلاط دوش كروم,3
b973d9f3-ebe8-bcce-4a6c-a4f974cd2f7c,782b565b-1f9b-e22d-c9d4-a32a9e54a41e,MD20004,خلاط دوش كروم,3
d5144ead-41b0-010c-83ae-b4801df155f4,497f3726-9b80-acb9-0954-0b3d4c5e62b5,ALVM50791,رأس سيفوني كروم,5
c3fb9bfa-de1e-943b-3970-2fd4c3aeb311,497f3726-9b80-acb9-0954-0b3d4c5e62b5,ALVM50790,رأس سيفوني رخامي,5
5720e465-c903-ad2b-61cf-d10eaceaea25,d9de8bf2-69ef-99fb-9c7c-c9c17c756b9c,MDE50821,خلاط دوش مدفون فلفيت دائري أسود,1
c0a1afa7-d01f-0d15-d956-e96ed4a94d2f,d9de8bf2-69ef-99fb-9c7c-c9c17c756b9c,MLE40822,خلاط حوض وجه مدفون مع مصب أسود,1
159f4790-51f7-b4a2-3e11-60f1eacb7253,3e822744-109e-d99b-9f71-aaee8d8f9e09,MD20010,خلاط دوش كروم,1
3a9b09dc-3cb5-e0bd-f4c0-27a4a17c5073,7066989b-48fc-b246-6e66-6879526d1f10,AASB30668,رف زاوية زوجي اسود,6
3b574028-f20c-f935-664b-c158d6866592,85dc5eac-5f40-a3e0-e315-c50efa25758f,PD20783,حاجز دوش 10مم اطار كروم مضبب 70 سم,3
d6b11e9e-3783-407f-0236-2f6bb290c9eb,85dc5eac-5f40-a3e0-e315-c50efa25758f,PD20784,حاجز دوش 10 مم اطار كروم مضبب 80 سم,4
7457a8c4-701b-c58b-e80e-cec8f0f778f6,75a9b8d7-3bae-27ac-0205-71cccfb458e5,ARSB80686,مخرج شطاف مع علاق كروم,40
528aaa25-ba8a-560e-3b01-5f16ce67baf7,cc5f4246-db4b-3bbc-c8aa-e634e8106bf2,AECU50099,سيفون حوض المطبخ رأس كبير,1
0cba143e-301a-b49d-160f-62cfdad8ea3f,cc5f4246-db4b-3bbc-c8aa-e634e8106bf2,AASB30508,حاملة منظفات كروم,3
cf2e82f7-83ac-c8bd-3e21-713a0bb69cc3,d45b5db4-fda5-2675-3a7c-833e1d300c20,CD40539,مسطرة دوش زوجية كروم,4
4a5ae241-f278-3185-429f-4ad3a859a567,d45b5db4-fda5-2675-3a7c-833e1d300c20,CD40540,مسطرة دوش زوجية كروم,4
12165571-c6f2-4669-32c5-a86c06c6a535,d45b5db4-fda5-2675-3a7c-833e1d300c20,PS20530,علاقة مناشف زوجية كروم,4
e988b876-bc2e-4b6c-aa54-12ebb4122132,f8dd89e6-4f34-c12c-43db-16254ca80b1b,PA30449,خيط أحذية 120 غ,1
5910b025-aaf5-8bb9-00d8-7915b9aa3397,232bb3ec-b4cb-52be-52c4-0674458a88d0,EG40179,رف حوض وجه برسلين 80 سم,4
f792ffc2-6ecf-eaa6-b0ab-e0114624813d,14b491af-7407-6877-33e2-79acfdfa91fb,ML30603,مرايا حمام مع إضاءة لد مع اطار ذهبي 90*70 سم,5
38928697-cb74-4593-f934-a279555a3332,c9f9bade-9f4b-e6f5-2c2c-35eccf1407c3,ML30545,مرايا حمام قوس مع إضاءة لد 60*100 سم,3
1438773b-5a14-9210-9111-762df0ad906d,c9f9bade-9f4b-e6f5-2c2c-35eccf1407c3,AASB30198,صابون سائل,4
e37130eb-f0c6-3d8f-64ba-c0c80963d255,58db68f8-1914-44a0-d6f4-ab5074c76614,WP20166,مقعد أرضي ملحوم بيضوي أبيض,2
da0fd101-3316-71ae-6584-ee2adb20e43f,58db68f8-1914-44a0-d6f4-ab5074c76614,WP20478,مقعد أرضي ملحوم ذهبي مخطط,2
c2eed5db-1d3e-2dc7-34fe-841592012a87,58db68f8-1914-44a0-d6f4-ab5074c76614,WP20161,مقعد أرضي ملحوم رصاصي رخامي,4
51d35100-a825-9e3a-8cf6-6b3d72b96146,58db68f8-1914-44a0-d6f4-ab5074c76614,WP20475,مقعد أرضي ملحوم مربع  أبيض,4
7678c47f-d645-ca7c-6484-646fa611350c,58db68f8-1914-44a0-d6f4-ab5074c76614,WP20157,مقعد أرضي ملحوم موطو أبيض,4
21c8b5cc-1ac5-cd90-9d0e-c308fba526ea,58db68f8-1914-44a0-d6f4-ab5074c76614,VP20484,حوض وجه فوق الرخام أبيض 41.5 سم,4
827b3e83-03da-d666-c1f9-77e80aad1ce9,58db68f8-1914-44a0-d6f4-ab5074c76614,VP20483,حوض وجه فوق الرخام أبيض -40*30 سم,4
21e17457-b9b2-12b8-3271-c98526a756c1,fcd21f6a-e675-0b31-53f1-beb74dbc49ba,ATWC50314,صندوق طرد مدفون بتارية مع زر مربع 9 لتر,3
8b478bf0-0837-ed9c-d5e5-ae40dbeb29c4,488413a8-d387-fe2a-3ea3-9b3589d7afe6,EL10020,حوض مطبخ ستانلس ستيل   304 86 * 45 سم,3
d0284cdf-763f-9d4f-1124-d7878ed804e7,488413a8-d387-fe2a-3ea3-9b3589d7afe6,EL10544,حوض مطبخ ستانلس ستيل   304 86 * 45 سم,3
2a1c0593-8de7-0014-da33-34564b513a99,488413a8-d387-fe2a-3ea3-9b3589d7afe6,EL10385,حوض مطبخ ستانلس ستيل   304 81 * 45 سم,1
08e82e66-73af-2833-2a40-3e2a37137ded,488413a8-d387-fe2a-3ea3-9b3589d7afe6,EL10006,حوض مطبخ ستانلس ستيل AS248 50*81,3
4df41473-0568-0db9-e68e-0ce96932c7f2,f6cb4c16-77be-a9ed-4904-55ba2d7c98e1,ARSB80599,كسكاس دوش مربع شريحه 250 مم,7
0cec958a-5ab2-3675-5d31-67d2596e83e8,f6cb4c16-77be-a9ed-4904-55ba2d7c98e1,ARSB80598,قصبة دوش مربعة 40 سم كروم,6
b320661f-4e9f-90d1-c06d-bb64f4b2b4eb,9f8e82e2-2ae0-3252-5b52-62d43add8980,ATWC50313,صندوق طرد مدفون بتارية مع زر دائري 9 لتر,1
79964d99-2957-9f0e-78e3-23a0d2a1a6e7,be5172ac-8d62-0603-9985-99af7108d950,ATWC50314,صندوق طرد مدفون بتارية مع زر مربع 9 لتر,1
e5ddb83c-7136-37b5-0729-3f4ee8703b61,a06227d7-50ee-2b7d-a13f-743f9178ec1a,ML10034,خلاط حوض وجه شلال طويل ذهبي,2
c9a289d0-1cd0-6172-aa4c-26cf51f4627d,14b491af-7407-6877-33e2-79acfdfa91fb,WP20475,مقعد أرضي ملحوم مربع  أبيض,3
e39bcea9-6e17-c535-507f-456c2996b163,f6cb4c16-77be-a9ed-4904-55ba2d7c98e1,EG30568,حوض مطبخ جرانيت رملي محبب  47.5*47.5,2
c3af506c-1b97-a45e-3bee-1e244c206a87,3f32f9ea-9e8f-5539-3864-c85b55b88422,EG30249,حوض مطبخ جرانيت رصاصي محبب 90*50,1
c20aba24-e123-273b-2f21-a545d318a230,206486d0-5bfd-c233-8891-32844131d210,WP20588,مقعد أرضي ملحوم أبيض,1
b0657214-c640-26c2-1859-f154036f52d8,eb4f023c-b71f-b603-3112-ea27eb3b36a8,ARSB80324,كسكاس دوش مربع 250*250 مم مع قصبة كروم,8
e1f725f3-cfe7-59a2-eed9-5579c42ea48e,eb4f023c-b71f-b603-3112-ea27eb3b36a8,ALVM50139,رأس سيفوني كروم,10
cb324d36-ef1f-ea29-d6e1-3b25faa000f4,eb4f023c-b71f-b603-3112-ea27eb3b36a8,MDE50676,خلاط دوش مدفون كروم,7
5c00d0d2-0eac-9dce-154a-830da11774d6,eb4f023c-b71f-b603-3112-ea27eb3b36a8,MTE60675,خلاط شطاف مدفون كروم,7
460adda4-a3c6-9e65-1608-a80889fe01f2,206486d0-5bfd-c233-8891-32844131d210,VS10597,حوض وجه معلق أبيض -60سم,5
1c08ec66-79bb-00e7-d221-da9c3ff6c29f,206486d0-5bfd-c233-8891-32844131d210,AASB30635,حاملة فرشاة أسنان زوجية أسود,10
ce6e0a9b-e95b-a107-0e7d-01fc4a38ba2e,c0830c73-7d7e-3041-cae8-755586a7fb7f,WP20166,مقعد أرضي ملحوم بيضوي أبيض,1
fd9c36df-b6dc-d2d0-6b43-1ac7ec447fb2,1a685f26-fccf-3c07-a872-b2bbdbf6c01f,WS10595,مقعد معلق رايملس مموج أبيض,1
9a6c34d8-d1a4-56e4-d0b5-f92384ca3b4f,beeddcd4-f3e8-ec03-08dc-70ffad23c8e5,WP20162,مقعد أرضي ملحوم ذهبي رخامي,4
9af2cc6e-97eb-9a25-6966-937923d7b397,8375aaab-1b8c-7609-29ca-051ca673de4f,ML10005,خلاط حوض وجه كروم,1
359c9168-4d2f-0db0-89a5-8c03d082e5e8,a32c62f1-e748-2bcc-7894-7f18b51b4c23,ARSB80657,شطاف ظغط مربع مع طوبو كروم,4
3b093373-b1e6-b143-9c9f-efeef5d0104a,a32c62f1-e748-2bcc-7894-7f18b51b4c23,EL10241,حوض مطبخ ستانلس ستيل منظومة  304 75*45 أسود,2
996fc605-7c16-766e-9950-ee4846d4f718,a32c62f1-e748-2bcc-7894-7f18b51b4c23,ARSB80379,رشاش دوش مربع كروم,6
503ab7e3-0893-aecc-9689-a80b01001f61,a32c62f1-e748-2bcc-7894-7f18b51b4c23,CD40037,مسطرة دوش زوجية كروم,3
55ad5f9f-f62a-a6b0-5f46-be66c08fbb8c,a32c62f1-e748-2bcc-7894-7f18b51b4c23,ML10139,خلاط حوض وجه كروم,2
215b9e4b-fb04-c1b7-8e2a-cc0bbed9077b,441d2399-b168-0b8d-b283-df01af0683fd,PD20440,حاجز دوش 10 مم اطار كروم 90 سم,1
9074f603-94b9-bb38-301a-04173553f256,3575a123-0931-eccb-f590-78c8e573502d,VS10209,حوض وجه معلق أبيض -60سم,1
f292af8c-8602-a0cf-7a8b-fe03c790f0fd,14b491af-7407-6877-33e2-79acfdfa91fb,MC10644,مجرى 40 سم *8 سم كروم,13
1e89010d-6342-2f77-0392-98968adc1b48,a32c62f1-e748-2bcc-7894-7f18b51b4c23,ALVM50262,سيفون حوض الوجه كروم,4
7bc963fd-d527-a75b-eae4-87421a63581b,bb9e2493-8098-5597-3423-978478425341,CE10104,سخانة 50 لتر,1
96c19edc-246c-bfb3-48b8-564b8428fc29,62bf0385-3098-8bd7-e3b7-b76bb526f842,WP20475,مقعد أرضي ملحوم مربع  أبيض,5
243ecdbc-dda6-5ed2-f366-3cbf109ec691,62bf0385-3098-8bd7-e3b7-b76bb526f842,WP20166,مقعد أرضي ملحوم بيضوي أبيض,4
f986fab9-c5a2-0eca-e4eb-31d1dc2755ca,62bf0385-3098-8bd7-e3b7-b76bb526f842,WP20478,مقعد أرضي ملحوم ذهبي مخطط,2
12ff3c0d-6ede-bb23-f547-c61b67190376,62bf0385-3098-8bd7-e3b7-b76bb526f842,VS10220,عمود حوض وجه سداسي معلق أبيض,4
acad83c1-756c-e59a-605a-48397ec440b2,62bf0385-3098-8bd7-e3b7-b76bb526f842,WP20157,مقعد أرضي ملحوم موطو أبيض,2
c2fbaf09-2eb2-76f2-ac50-bcb3d88c862d,62bf0385-3098-8bd7-e3b7-b76bb526f842,WS10481,مقعد معلق رايملس أبيض,6
33a24e40-561e-1dd6-4b11-2a39e0bbe705,ffe17a5b-1efa-f7f1-7323-6095ec30b69c,WP20476,مقعد أرضي ملحوم مموج  أبيض,4
2080faee-a60b-541c-eac7-cc52e9f58c1b,81bce375-b58c-b5aa-b11d-177fa91d32cd,CE10104,سخانة 50 لتر,1
28f6530b-af61-062a-612d-6313585e09c4,9b67e565-8b7c-c765-b04e-3d739be8788e,CE10104,سخانة 50 لتر,2
d4c7382c-7c32-6d2b-ead6-f61d6ca0b595,d45b5db4-fda5-2675-3a7c-833e1d300c20,AASB30197,موزع صابون حساس كروم,4
01fe41db-064c-b954-be28-453e1dd486b5,d45b5db4-fda5-2675-3a7c-833e1d300c20,CD40542,مسطرة دوش زوجية مع خلاط كروم,10
3280f048-6e32-08ba-b625-4da0d15f05e3,d45b5db4-fda5-2675-3a7c-833e1d300c20,PS20531,علاقة مناشف زوجية أسود,4
6c8dfd36-c39d-68bb-21d3-7dc5ef753b1d,d45b5db4-fda5-2675-3a7c-833e1d300c20,MM30410,خلاط حوض المطبخ حائطي كروم,5
161339ed-28f4-53db-1cfd-0db8239ed905,accd9ad1-f6f9-419d-88bf-21359d029b57,CD40622,مسطرة دوش زوجية مربعة مع خلاط أسود,2
f0a080c2-62d9-4ff4-5800-bf5a1b25cce5,38b220d0-e7d0-b377-8435-162b9e8a610f,EL10403,حوض مطبخ ستانلس ستيل منظومة دائري بيانو 304 75*46 كروم,2
ae01328a-c492-2405-0797-8c6e4a4a5e78,eae81f39-e599-6b7b-075c-892232271601,WP20480,مقعد أرضي ملحوم مربع أبيض,4
21242947-104f-af96-1a34-ff9677e06068,b2e31587-10eb-b4b9-1528-03669e966e6c,LG40374,حوض وجه برسلين 80 سم,2
ef33a927-06f5-494c-7765-202ef79c4a91,dfb82425-15e3-c2ed-1cdd-96bf7cdb045d,VS10205,حوض وجه معلق رصاصي -60سم,5
2517d45e-7641-7834-e89b-afbc00c0cd29,6e6a2aef-401b-0d19-217f-c384366e953c,MT30249,خلاط شطاف مع شطاف ذهبي,3
40572f3e-e0e6-81b4-e4f6-ba37225a5c89,509c2d8b-2648-1750-7f4a-ed64d53b7251,WP20480,مقعد أرضي ملحوم مربع أبيض,6
21b7f888-5706-4283-7ee9-c87506599b21,70ae288e-a347-fe68-1b86-03894534e6ec,CD40161,مسطرة دوش زوجية دهبي,1
2c162035-14ec-964d-a4b3-66d5837c32fb,9f8e82e2-2ae0-3252-5b52-62d43add8980,RA20009,"كوع 25 *  1/2"" سن خارجي",6
f7dfdc68-a576-9051-14d4-17a31b6133f1,2c72027f-a491-5a15-6458-06405ace412c,CE10007,سخانة 80 لتر,1
cf2d9f6d-848f-6e6a-bdc2-a397cc186f24,2c72027f-a491-5a15-6458-06405ace412c,CE10104,سخانة 50 لتر,2
541f0044-0901-e09c-59e0-1145449e58a9,2c72027f-a491-5a15-6458-06405ace412c,ML10247,خلاط حوض وجه اسود,1
0a63d4af-f113-dfe6-6a4c-edb25b06871a,2c72027f-a491-5a15-6458-06405ace412c,CE10265,سخانة 80 لتر,2
0b5ce0ab-326d-ae23-3096-1a92ea49494f,c848c066-648c-c296-5389-650956faeda0,AASB30014,رف زاوية زوجي كروم,4
3a03715c-4b7f-31a2-a986-6f562ea2127c,c848c066-648c-c296-5389-650956faeda0,ARSB80657,شطاف ظغط مربع مع طوبو كروم,10
42cad0b5-48ec-64d3-233e-1b4816bbda24,c848c066-648c-c296-5389-650956faeda0,MC10647,مجرى 50 سم *8 سم كروم,10
443dcffc-cba6-0bf2-1a61-70b3fde9a246,c848c066-648c-c296-5389-650956faeda0,MC10643,مجرى 30 سم *8 سم كروم,10
90613b38-c843-472a-226f-97666311678e,c848c066-648c-c296-5389-650956faeda0,ML30602,مرايا حمام مع إضاءة لد مع اطار أسود 90*70 سم,5
8a2dd6d2-e95b-50ae-ca5d-1af8632b4013,c848c066-648c-c296-5389-650956faeda0,ML30601,مرايا حمام مع إضاءة لد دائرية بالعلاقة مع اطار ذهبي 70سم,5
6ef17771-fd75-598e-b25f-8a103b4cca17,c848c066-648c-c296-5389-650956faeda0,MA20615,خلاط حوض المطبخ سحاب أسود,2
0a8e6e89-5a3f-5204-63cb-eaa4edca2e1a,c848c066-648c-c296-5389-650956faeda0,WP20475,مقعد أرضي ملحوم مربع  أبيض,4
7bee93ec-6c20-ae4d-05bd-1349d1d66d7b,c848c066-648c-c296-5389-650956faeda0,VS10177,حوض وجه معلق أبيض,2
1855cd77-fcbd-b37b-e583-6efa72637e0b,c848c066-648c-c296-5389-650956faeda0,ML30600,مرايا حمام مع إضاءة لد دائرية بالعلاقة مع اطار أسود 70سم,5
2b930279-16bd-76dc-4a37-0fb9336d7eb6,c848c066-648c-c296-5389-650956faeda0,ML30604,مرايا حمام مع إضاءة لد 80*60سم,5
e7f24671-2ade-760f-6bcb-fbf43d4a4c52,c848c066-648c-c296-5389-650956faeda0,WP20157,مقعد أرضي ملحوم موطو أبيض,2
20234427-4be4-e0eb-eaa4-0f2ed87a1bdc,c848c066-648c-c296-5389-650956faeda0,MC10652,سرفنتينة 15 سم * 15 سم كروم,20
d6d21409-1da9-1e7a-fb13-4dd82cc7eb6a,ce373916-05e9-c803-33da-25dc6702839a,WP20477,مقعد أرضي ملحوم مربع قصير أبيض,1
527e6f7f-8aa7-53e0-d1dd-8334c4f1f39d,ce373916-05e9-c803-33da-25dc6702839a,VS10821,حوض وجه معلق أبيض 42x56,6
873bbd39-f60e-b977-95ba-1f00ac14e7c9,c848c066-648c-c296-5389-650956faeda0,EL10702,حوض مطبخ ستانلس ستيل منظومة بيانو 304 75*46 أسود,3
bd74a5b9-e9d2-09c9-3a06-80feabc705d5,c848c066-648c-c296-5389-650956faeda0,EL10701,حوض مطبخ ستانلس ستيل منظومة بيانو 304 75*46 كروم,3
0630006e-9d58-ab23-1745-567bf5385b30,2e5cd960-019e-6530-b5db-85e544abd2c6,ALVM50260,سيفون حوض الوجه كروم,4
e0697452-b071-23c3-c556-b58b7070a288,49f4a201-a101-91b8-0543-c0f650bcddcd,EG40149,رف حوض وجه برسلين 100 سم,1
4263124b-582d-7aaa-f9d8-0bdc50e74ba6,e788a6b6-7b17-9d53-4c6a-9b1e735b793c,LG40331,حوض وجه برسلين 65 سم,3
a054a373-609b-5fd9-404b-3ac8e9dbd1a3,fbe2b3d6-69dc-123d-74e7-eaa313188ec8,WP20157,مقعد أرضي ملحوم موطو أبيض,4
003fcb55-8d8f-1592-3fd1-2da71eba4c8f,d9c9f9c1-a56d-76d3-f1ee-35221b12a68f,ARSB80639,"مسكر شطافة ""1/2"" * ""1/2 كروم",37
01c8edfa-11e5-f82e-1cbf-6b9f162afeae,f9605e67-47d9-9664-66fc-7acfb7ffb249,WS10163,مقعد معلق رايملس أبيض,6
8e1845ae-c15a-91e7-3cde-eeb754796e27,eb4f023c-b71f-b603-3112-ea27eb3b36a8,MDE50674,خلاط دوش مدفون شريحة دائري كروم,7
976ad99f-65c6-b136-3367-0259480797a6,5c97997d-972a-41ba-d950-c8ba07600db4,ATWC50091,رجسترو مقعد أرضي مائل 7 سم,6
c629650b-4455-553f-a600-877db2a69ccc,5c97997d-972a-41ba-d950-c8ba07600db4,AASB30672,فرشاة تنظيف مرحاض أسود,7
30769b32-764b-ac2e-98b6-16d6472fc12f,d5578883-3e6c-5241-d50b-e2dc61ea1a32,ML10024,خلاط حوض وجه  15 سم كروم,1
eb4046e3-d0ac-7de8-e0c4-f604d7d3073a,d5578883-3e6c-5241-d50b-e2dc61ea1a32,EL10595,حوض مطبخ ستانلس ستيل 304 80*45,2
ae3fccb7-4bb1-f5c6-96ba-3de3ead3092a,0018ad55-ce16-8c49-4198-7f68ec625a98,WP20166,مقعد أرضي ملحوم بيضوي أبيض,2
132d21fb-e876-3a5a-f921-3cb3bf0d3b06,0018ad55-ce16-8c49-4198-7f68ec625a98,WS10596,مقعد معلق رايملس أبيض,4
63b69766-6b5f-6275-1a5e-f4a38e565911,0018ad55-ce16-8c49-4198-7f68ec625a98,WS10595,مقعد معلق رايملس مموج أبيض,4
a7d6fd12-193e-6ab1-e159-08c4057d5f00,0018ad55-ce16-8c49-4198-7f68ec625a98,AM0692,دولاب حمام مع حوض وجه 60 سم,2
90b26930-5994-6878-9d8c-9d62962a44e0,0018ad55-ce16-8c49-4198-7f68ec625a98,AM0699,دولاب حمام مع حوض وجه 60 سم,2
4318cab6-7a50-3dd8-8598-c21855eb0b2d,0018ad55-ce16-8c49-4198-7f68ec625a98,AM0696,دولاب حمام مع حوض وجه 80 سم,2
3f2aaae0-d393-d0de-1dad-998ad2b202de,db144274-34ba-0139-ad66-3cde57b1b713,WP20159,مقعد أرضي ملحوم سداسي أبيض,3
8b7517ec-b9c8-3abb-4a67-343670b6c257,ce373916-05e9-c803-33da-25dc6702839a,WP20587,مقعد أرضي ملحوم أسود,2
664e9942-26e2-2769-375f-3f639dfe05e0,0018ad55-ce16-8c49-4198-7f68ec625a98,AM40691,مراية دولاب حمام 80 سم,2
2a8d2a85-4e75-a4a4-57b6-7cb63765921d,0018ad55-ce16-8c49-4198-7f68ec625a98,AM40694,مراية دولاب حمام 60 سم,2
df4a1b1d-3b5f-58f2-c541-0008ba0c0a9a,0018ad55-ce16-8c49-4198-7f68ec625a98,AM40700,مراية دولاب حمام 60 سم,2
45724ae8-801f-71ab-137b-b8403037b0a1,0018ad55-ce16-8c49-4198-7f68ec625a98,AM40697,مراية دولاب حمام 80 سم,2
060b6104-b789-8960-e8ca-5ba9ed01aba1,0018ad55-ce16-8c49-4198-7f68ec625a98,WS10594,مقعد معلق تورنيدو أبيض,4
7bdeb97f-d013-17cd-82e0-1b304ac77126,0018ad55-ce16-8c49-4198-7f68ec625a98,WP20480,مقعد أرضي ملحوم مربع أبيض,2
cef5f1d9-179e-dc98-b7f5-21836d51c22c,0018ad55-ce16-8c49-4198-7f68ec625a98,WP20159,مقعد أرضي ملحوم سداسي أبيض,2
491a148e-77af-9040-f89e-695002913628,0018ad55-ce16-8c49-4198-7f68ec625a98,WP20587,مقعد أرضي ملحوم أسود رخامي,2
be33b849-fe48-036d-de9b-1266316bb4a5,0018ad55-ce16-8c49-4198-7f68ec625a98,AM0690,دولاب حمام مع حوض وجه 80 سم,2
c92cd66e-53eb-840c-a7b0-fc04d36e1a5b,0018ad55-ce16-8c49-4198-7f68ec625a98,WP20588,مقعد أرضي ملحوم أبيض رخامي,2
c49d2404-1bca-2f20-9099-5208de56a791,75b0509a-c6f2-bab0-b599-09ef0bc02f60,ML30114,مرايا حمام مع إضاءة لد 80*60 سم,2
a8972f07-e2c5-913c-a515-5b4dd011ee81,71b39cda-aeb9-abb9-06eb-c73f27dded43,WS10481,مقعد معلق رايملس أبيض,3
6750a97b-2634-eef2-9f6e-b4f9305003d4,71b39cda-aeb9-abb9-06eb-c73f27dded43,WP20166,مقعد أرضي ملحوم بيضوي أبيض,2
643b6eed-7f37-9709-b1ff-e575545b45a2,71b39cda-aeb9-abb9-06eb-c73f27dded43,AASB30014,رف زاوية زوجي كروم,12
43539626-5b76-3ed7-2b9c-1dbb984d2725,71b39cda-aeb9-abb9-06eb-c73f27dded43,WP20480,مقعد أرضي ملحوم مربع أبيض,3
5f09cc85-78eb-68f6-07c2-13579d0c2933,71b39cda-aeb9-abb9-06eb-c73f27dded43,WP20157,مقعد أرضي ملحوم موطو أبيض,2
244b7139-54f3-3a6f-330a-51d54763954e,71b39cda-aeb9-abb9-06eb-c73f27dded43,VS10177,حوض وجه معلق أبيض,3
ddd5ac8b-c2ef-21d5-6db1-60bd527bc2da,71b39cda-aeb9-abb9-06eb-c73f27dded43,WA40474,غطاء مقعد موطو أبيض,3
e98dcdd3-1d59-996a-354e-487b1c6b1ae0,71b39cda-aeb9-abb9-06eb-c73f27dded43,WA40479,غطاء مقعد سداسي أبيض,3
5b22c792-e57e-c433-a7d7-a11670c46109,71b39cda-aeb9-abb9-06eb-c73f27dded43,WA40482,غطاء مقعد أبيض,3
28f4e08e-75cd-b548-3263-3aa04808c692,71b39cda-aeb9-abb9-06eb-c73f27dded43,VP20483,حوض وجه فوق الرخام أبيض -40*30 سم,4
06df6c28-ec2f-2eb4-6528-2c73d937dc25,71b39cda-aeb9-abb9-06eb-c73f27dded43,VP20484,حوض وجه فوق الرخام أبيض 41.5 سم,4
e7fe40fd-9fdc-8c05-c3ea-6ffcc2c937c4,71b39cda-aeb9-abb9-06eb-c73f27dded43,WP20478,مقعد أرضي ملحوم ذهبي مخطط,2
d5ca2cb6-db40-5e60-8de1-bfa28ab5e43e,71b39cda-aeb9-abb9-06eb-c73f27dded43,WP20477,مقعد أرضي ملحوم مربع قصير أبيض,2
27e463b8-10f6-495e-4b31-44705dc99194,71b39cda-aeb9-abb9-06eb-c73f27dded43,WP20161,مقعد أرضي ملحوم رصاصي رخامي,3
614635cb-c7e2-a21f-1cc8-cd8e27376921,5e83dd75-b33f-e8e2-a562-9380b6235c4e,ATWC50314,صندوق طرد مدفون بتارية مع زر مربع 9 لتر,3
28809ac7-7872-d6f1-4aa9-4035d350c0d3,175ab378-f895-0df3-1662-53036e7d60e0,CD40031,مسطرة دوش فرديه كروم,3
22d07b5b-66a0-cb97-fdfd-747903205032,2753c7b7-6b8e-a928-37dd-c1e45a1490ad,ARSB80372,كسكاس دوش مربع  250*250 مم اسود مع قصبة,1
bb0e6663-e091-82cc-b973-48cab80a8fd8,4eea58ff-9fb5-2668-f7db-acdf317ba8d9,ADOU50727,كرسي دوش بالظهر,2
0e0533fd-b60c-03d6-6c9a-37f77530bab7,94863ddf-b4f7-4566-cd48-87332e60b05f,EL10137,حوض مطبخ ستانلس ستيل   304 70 * 45 سم,1
66e39a6b-ce56-5154-27e5-d7977082b505,bfe32f4d-d76e-280f-de2e-771319542196,RA20013,"وصلة 25"" لحام",6
0ee676fc-1ace-2e45-2794-c94394cbab52,bfe32f4d-d76e-280f-de2e-771319542196,RA20007,"كوع 32"" لحام",1
c2c513a4-c815-ebbf-6f73-68cbcd5b5559,70ae288e-a347-fe68-1b86-03894534e6ec,CD40162,مسطرة دوش زوجية دهبي,2
76593440-1deb-c9cb-b6ff-4af1f068a8b9,1394d0bd-b774-c8a5-d7f7-451ca16ac075,VS10208,حوض وجه معلق أبيض -60سم,6
7ee42af2-e3cc-f7fb-c9ee-72d6c4bb7c86,38b220d0-e7d0-b377-8435-162b9e8a610f,PS20490,علاقة مناشف زوجية بالعلاقة كروم,6
84dee405-61ef-a7cb-91a0-a1f4733eded8,89c1e2cb-7ace-c373-903c-78b1402b991b,VP20483,حوض وجه فوق الرخام أبيض -40*30 سم,5
86c9eb21-4de4-811d-0ca8-6bbbd2eba23a,e4014bff-af72-7873-f676-79ab3b0ee2cd,AETS20004,تفلون 19 مم * 15 متر * 0.20 مم,5
e08eb8bb-96fe-304e-6009-9a3ca831ea69,b5ec3693-7a4b-3193-7dda-1ca77d484b87,MD20061,خلاط دوش كروم,2
f72e0178-20b4-a33d-75ee-9471eac58cd7,89c1e2cb-7ace-c373-903c-78b1402b991b,VP20484,حوض وجه فوق الرخام أبيض 41.5 سم,5
b09d28cf-8923-fc7e-20fb-6093505d5bea,89c1e2cb-7ace-c373-903c-78b1402b991b,VS10597,حوض وجه معلق أبيض -60سم,5
149d13f7-65cb-da6d-ca0e-f6204ee6685a,89c1e2cb-7ace-c373-903c-78b1402b991b,WS10595,مقعد معلق رايملس مموج أبيض,6
a46dcaa9-4ea5-2f47-7d2b-c9743044a79c,89c1e2cb-7ace-c373-903c-78b1402b991b,WS10590,مقعد معلق رايملس رصاصي,4
3b6d24ee-1f45-cd3b-7c23-c35ac3348fe1,89c1e2cb-7ace-c373-903c-78b1402b991b,WP20166,مقعد أرضي ملحوم بيضوي أبيض,6
c6a684f4-f238-5032-2590-6a2a3f086f21,c9c96cfe-2a5d-e75a-a7d6-7fe3175d5f45,WA40589,غطاء مقعد رايملس أبيض,1
8ac1620b-aca5-152d-e01e-7d46cea8b12a,c9c96cfe-2a5d-e75a-a7d6-7fe3175d5f45,WS10595,مقعد معلق رايملس مموج أبيض,4
ee8d0f8f-e6df-1ae2-d33d-c140a8c2da89,c9c96cfe-2a5d-e75a-a7d6-7fe3175d5f45,WS10596,مقعد معلق رايملس أبيض,3
f8d21428-18fc-1d34-3594-bc5a1f46ce94,c9c96cfe-2a5d-e75a-a7d6-7fe3175d5f45,AASB30634,صابونية أسود,5
7d5c3f47-7de5-d6df-c9c5-a4d7b7a54ee2,c9c96cfe-2a5d-e75a-a7d6-7fe3175d5f45,AASB30635,حاملة فرشاة أسنان زوجية أسود,8
8eb579d3-c031-efd5-7648-431e8ebde8a6,c9c96cfe-2a5d-e75a-a7d6-7fe3175d5f45,AASB30638,صابونية أسود,2
7e9879e7-4b5f-33a9-8d13-d79555cc264f,c9c96cfe-2a5d-e75a-a7d6-7fe3175d5f45,AASB30669,مسند لكبار السن أبيض,2
1a9abc44-8029-5c51-c642-177b4a1fb6f1,c9c96cfe-2a5d-e75a-a7d6-7fe3175d5f45,AASB30670,مسند لكبار السن كروم,2
2096fba3-6001-d40b-af13-41e16a9d9932,c9c96cfe-2a5d-e75a-a7d6-7fe3175d5f45,AASB30671,فرشاة تنظيف مرحاض كروم,4
471d5149-3cc7-5b37-ff3c-29b684c43235,81bce375-b58c-b5aa-b11d-177fa91d32cd,CE10261,سخانة 30 لتر,3
da00eecd-9e74-8837-0bcf-3764aaca19a8,fb099969-085b-d64c-c3f0-6ea3d746debc,MTE60563,خلاط شطاف مدفون كروم,7
decc08be-8e40-5ee9-dbd2-e2fb959dc907,914a20f0-8717-d68c-3682-3071783db81e,ML10000,خلاط حوض وجه كروم,4
3e73539d-789b-8753-0eed-f6c121fbabc7,914a20f0-8717-d68c-3682-3071783db81e,ML10781,خلاط حوض وجه كروم,5
e420f5a1-9dd6-9e43-c3f6-7e7462d82046,914a20f0-8717-d68c-3682-3071783db81e,ML10793,خلاط حوض وجه  كروم,3
41d5d193-d5a6-298e-39db-d6ee57dcbf4c,d56740d5-fc59-67f6-ad40-aa8688e6fc90,AM0751,دولاب حمام -80 سم,4
2a61925e-7733-db66-1bba-2224851a42b1,914a20f0-8717-d68c-3682-3071783db81e,PS20732,علاقة مناشف كبيرة بالرف كروم,4
c9a73c19-d580-78e6-251e-d5ecaf606889,914a20f0-8717-d68c-3682-3071783db81e,CD40755,مسطرة دوش زوجية كروم,4
8f8b3258-986c-d92d-7c9b-37e9edf8069d,914a20f0-8717-d68c-3682-3071783db81e,CD40540,مسطرة دوش زوجية كروم,3
d4db3877-4bdd-0f84-feaa-ef3014fff23c,7bd875bb-0943-f50c-ca89-80f258d1b17a,WP20158,مقعد أرضي ملحوم طويل أبيض,3
72c347ce-85ce-b04d-f4ea-fbd2c64c2905,914a20f0-8717-d68c-3682-3071783db81e,ML10792,خلاط حوض وجه  ذهبي,3
cdf9bf7c-8251-30a3-677f-a2df0ea92f2e,914a20f0-8717-d68c-3682-3071783db81e,ARSB80781,شطاف ظغط مربع كبيرمع طوبو كروم,10
0288b4b3-7d91-6abb-b9c3-c226001c1efc,6e6a2aef-401b-0d19-217f-c384366e953c,ML10504,خلاط حوض وجه  كروم,4
0d937307-ebf4-f496-4478-3e913f105ee7,245b7672-f7fd-e26f-f18d-c8ee7dd6e30e,ARSB80216,وجه خلاط دوش مدفون,1
f9200f19-4240-94f2-2923-365415f2ce76,3ade30b4-de30-2847-7717-ea107880e367,ML30834,مرايا حمام ضد البخار مع إضاءة لد 60*80 سم,1
67557240-5ccc-ce50-5b91-0e007a452e43,4fa23589-59ad-3d3b-bf04-9c3020e9e8d7,EL10006,حوض مطبخ ستانلس ستيل AS248 50*81,1
d9c33fc2-69fa-ba98-979b-1883d1e70342,c9c96cfe-2a5d-e75a-a7d6-7fe3175d5f45,ML30602,مرايا حمام مع إضاءة لد مع اطار أسود 90*70 سم,5
3b2e7f63-27cc-7fbe-7366-3bfe432af74c,c9c96cfe-2a5d-e75a-a7d6-7fe3175d5f45,ML30604,مرايا حمام مع إضاءة لد 80*60سم,5
14134cf3-1c98-b7e3-90c5-4ae04fe1163f,c9c96cfe-2a5d-e75a-a7d6-7fe3175d5f45,VS10597,حوض وجه معلق أبيض -60سم,3
7415b33b-4880-4bb0-c243-080174155d24,c9c96cfe-2a5d-e75a-a7d6-7fe3175d5f45,AASB30673,فرشاة تنظيف مرحاض ذهبي,4
1cf82c0f-0cad-e228-3556-deae5a237b38,c9c96cfe-2a5d-e75a-a7d6-7fe3175d5f45,AECU50633,سقطار لحوض المطبخ أسود85 سم,3
bbe765c9-b505-c266-c121-46c44b2b93a3,c9c96cfe-2a5d-e75a-a7d6-7fe3175d5f45,AM0690,دولاب حمام مع حوض وجه 80 سم,2
a113be88-2c18-d0e9-03e7-8ed78409d15d,c9c96cfe-2a5d-e75a-a7d6-7fe3175d5f45,AM0692,دولاب حمام مع حوض وجه 60 سم,2
8691ac3e-458f-26a0-7953-f6aae8965196,c9c96cfe-2a5d-e75a-a7d6-7fe3175d5f45,AM0696,دولاب حمام مع حوض وجه 80 سم,2
28dff3a8-e928-7db5-874a-8395d42cd1dc,c9c96cfe-2a5d-e75a-a7d6-7fe3175d5f45,AM0699,دولاب حمام مع حوض وجه 60 سم,2
3e2aff9d-5060-661b-378c-6cebcca46ae6,9f9abe1a-6482-75ea-6178-adf5a9dc752b,AASB30306,حامل ورق منظف كلينكس,2
e574ab50-8b13-2025-0459-2db26c6914f3,c9c96cfe-2a5d-e75a-a7d6-7fe3175d5f45,AM40691,مراية دولاب حمام 80 سم,2
6a00a7fe-a1a2-a6fc-3eb4-05f5fa268084,c9c96cfe-2a5d-e75a-a7d6-7fe3175d5f45,AM40694,مراية دولاب حمام 60 سم,2
36cce28d-3e55-ed9e-2165-a195e1c830f5,c9c96cfe-2a5d-e75a-a7d6-7fe3175d5f45,WP20588,مقعد أرضي ملحوم أبيض رخامي,3
faa20863-a5fd-c080-0826-cc1d364b5ac8,c9c96cfe-2a5d-e75a-a7d6-7fe3175d5f45,WS10163,مقعد معلق رايملس أبيض,3
1fdcf78a-a429-92ee-bebd-db78ba2023b5,c9c96cfe-2a5d-e75a-a7d6-7fe3175d5f45,WS10590,مقعد معلق رايملس رصاصي,2
9a4e38b1-3a3e-6497-0c75-63f34772c9e5,c9c96cfe-2a5d-e75a-a7d6-7fe3175d5f45,WS10594,مقعد معلق تورنيدو أبيض,3
11a42520-1a1f-d829-fb51-412ab7b46a77,ce373916-05e9-c803-33da-25dc6702839a,WP20159,مقعد أرضي ملحوم سداسي أبيض,2
adb66ce8-5663-1a03-626f-d7c99319de7a,ce373916-05e9-c803-33da-25dc6702839a,WS10816,مقعد معلق ملحوم تورنيدو أبيض,4
bf6e5a96-e0bd-d218-ef7e-931f14455bf8,c9c96cfe-2a5d-e75a-a7d6-7fe3175d5f45,ARSB80660,مخرج شطاف مع علاق كروم,9
4ec85703-b7b0-8f6b-6e18-6c7b395461e9,c9c96cfe-2a5d-e75a-a7d6-7fe3175d5f45,ARSB80661,مخرج شطاف كروم,9
8257f0c5-b2b1-602a-3959-16deee5e7f21,c9c96cfe-2a5d-e75a-a7d6-7fe3175d5f45,ARSB80662,مخرج شطاف مع علاق كروم,6
40672473-17f3-e3d7-ea4d-fae685a8e94d,c9c96cfe-2a5d-e75a-a7d6-7fe3175d5f45,ARSB80686,مخرج شطاف مع علاق كروم,10
afa0e0ac-38eb-a36a-cbd2-501bb3d59af7,c9c96cfe-2a5d-e75a-a7d6-7fe3175d5f45,CD40622,مسطرة دوش زوجية مربعة أسود,3
590843b8-9d16-0ab6-7a95-c51d207dd51e,c9c96cfe-2a5d-e75a-a7d6-7fe3175d5f45,CD40631,مسطرة دوش زوجية مع خلاط دجتل رصاصي,2
3eed6b66-6f48-ffcf-452c-5a7fa6f83f25,c9c96cfe-2a5d-e75a-a7d6-7fe3175d5f45,CD40656,مسطرة دوش زوجية مع خلاط دجتل رصاصي,3
e63803f0-eee9-6fb4-57a1-edb3e1ef6674,c9c96cfe-2a5d-e75a-a7d6-7fe3175d5f45,EL10685,حوض مطبخ ستانلس ستيل 304 75*45,4
e10fe7af-0c45-943e-943a-b7217e56c30f,c9c96cfe-2a5d-e75a-a7d6-7fe3175d5f45,EL10701,حوض مطبخ ستانلس ستيل منظومة بيانو 304 75*46 كروم,2
4e24d8b0-c53e-75ed-957c-04e617036971,c9c96cfe-2a5d-e75a-a7d6-7fe3175d5f45,EL10702,حوض مطبخ ستانلس ستيل منظومة بيانو 304 75*46 أسود,2
de82a6a5-c867-5692-a0a0-f5c1cd90fbd5,c9c96cfe-2a5d-e75a-a7d6-7fe3175d5f45,MA20615,خلاط حوض المطبخ سحاب أسود,4
aa24c2f5-a158-e6ea-e494-a2f441340e25,c9c96cfe-2a5d-e75a-a7d6-7fe3175d5f45,MA20618,خلاط حوض المطبخ سحاب كروم,2
4b8d0f21-0c41-b160-0271-c09802617fdc,c9c96cfe-2a5d-e75a-a7d6-7fe3175d5f45,MA20620,خلاط حوض المطبخ دبل سحاب كروم,2
fdd74a8c-1549-8053-0cfe-2875c7646546,c9c96cfe-2a5d-e75a-a7d6-7fe3175d5f45,MA20623,خلاط حوض المطبخ سحاب أسود-كروم,8
27f7bf56-b268-6ad8-08c8-71be8ebac65b,c9c96cfe-2a5d-e75a-a7d6-7fe3175d5f45,MA20625,خلاط حوض المطبخ سحاب كروم مطفي,4
941bcf55-99d3-5bf6-77ed-d13416cf47b1,c9c96cfe-2a5d-e75a-a7d6-7fe3175d5f45,AM40700,مراية دولاب حمام 60 سم,2
49c39c08-a459-fa56-e02e-53292524ecf8,c9c96cfe-2a5d-e75a-a7d6-7fe3175d5f45,ARSB80639,"مسكر شطافة ""1/2"" * ""1/2 كروم",28
df7af873-e584-ac23-5719-f4cc0e894de8,c9c96cfe-2a5d-e75a-a7d6-7fe3175d5f45,ARSB80657,شطاف ظغط مربع مع طوبو كروم,6
b5605fe3-1cd9-04a6-f3cd-5b6d3e014059,c9c96cfe-2a5d-e75a-a7d6-7fe3175d5f45,ARSB80658,شطاف ظغط دائري مع طوبو أسود,4
b02c4e18-a7b7-f5df-0271-dabeaa933e38,c9c96cfe-2a5d-e75a-a7d6-7fe3175d5f45,MC10643,مجرى 30 سم *8 سم كروم,4
7dc69a84-11b8-4cd5-ad0e-99cf23172a7d,ce373916-05e9-c803-33da-25dc6702839a,WS10817,مقعد معلق ملحوم تورنيدو أبيض,6
4eabf66c-069a-dc86-e032-f0dc51029504,c9c96cfe-2a5d-e75a-a7d6-7fe3175d5f45,MC10644,مجرى 40 سم *8 سم كروم,7
5802d9c8-81b3-d7db-d9d1-c797e7363b89,c9c96cfe-2a5d-e75a-a7d6-7fe3175d5f45,MC10645,مجرى 40 سم *8 سم أسود,4
6ef0d664-32bf-2864-9d44-b8e23fe592f7,c9c96cfe-2a5d-e75a-a7d6-7fe3175d5f45,MC10646,مجرى 40 سم *8 سم ذهبي,5
2dd2dc05-0bc8-f9ae-7fba-5969ee2862f7,c9c96cfe-2a5d-e75a-a7d6-7fe3175d5f45,MA20688,خلاط حوض المطبخ سحاب كروم مطفي,8
c538778e-a1fa-a361-062b-37f389324edd,c9c96cfe-2a5d-e75a-a7d6-7fe3175d5f45,MC10632,سرفنتينة 15 سم * 15 سم مع مانع رائحة كروم لامع,16
3c1daef8-3d6e-84df-235c-b635f4384775,c9c96cfe-2a5d-e75a-a7d6-7fe3175d5f45,MC10641,مجرى 30سم *3 سم كروم,7
c0d3bc87-2a32-8a25-6875-e0eb4b91f94d,c9c96cfe-2a5d-e75a-a7d6-7fe3175d5f45,MC10642,مجرى 50سم *3 سم كروم,5
39dfdb6f-3a14-045e-0c72-e4e1b81ea713,c9c96cfe-2a5d-e75a-a7d6-7fe3175d5f45,MC10647,مجرى 50 سم *8 سم كروم,5
4d2f0193-3663-7a95-de55-7015cd9e8bbb,c9c96cfe-2a5d-e75a-a7d6-7fe3175d5f45,MC10648,مجرى 60 سم *8 سم كروم,2
d010a560-fb89-5c61-dc78-8331485f7d95,c9c96cfe-2a5d-e75a-a7d6-7fe3175d5f45,MC10652,سرفنتينة 15 سم * 15 سم كروم,16
49f00bfe-0475-5709-2ef2-b8a0d7d06811,c9c96cfe-2a5d-e75a-a7d6-7fe3175d5f45,MC10653,سرفنتينة 15 سم * 15 سم أسود,10
3f33ff72-6881-b80d-80f3-58c27c7dbfc3,c9c96cfe-2a5d-e75a-a7d6-7fe3175d5f45,MC10654,سرفنتينة 15 سم * 15 سم ذهبي,12
7bf22291-eef7-258d-cc0a-4e4ba0f824a6,c9c96cfe-2a5d-e75a-a7d6-7fe3175d5f45,MC10655,سرفنتينة 10 سم * 10 سم كروم,10
13bd63f2-057f-92c6-1463-7fea8919b45f,c9c96cfe-2a5d-e75a-a7d6-7fe3175d5f45,MD20619,خلاط دوش كروم,6
32260841-13f0-2703-b5bc-b159494ec657,c9c96cfe-2a5d-e75a-a7d6-7fe3175d5f45,MD20627,خلاط دوش كروم,6
b5e6c60c-72dc-664c-c6e6-e37a5769bed9,c9c96cfe-2a5d-e75a-a7d6-7fe3175d5f45,ME10624,خلاط حوض المطبخ شجرة رصاصي,5
adf88ab8-f3a7-13a3-e637-dbbfc3c168b0,c9c96cfe-2a5d-e75a-a7d6-7fe3175d5f45,WP20587,مقعد أرضي ملحوم أسود رخامي,3
f1608736-ae63-55d4-1b6d-16b01c7a423e,c9c96cfe-2a5d-e75a-a7d6-7fe3175d5f45,AM40697,مراية دولاب حمام 80 سم,2
0f35d96e-49af-502d-e4b6-95bbe1bed674,c9c96cfe-2a5d-e75a-a7d6-7fe3175d5f45,ARSB80640,"مسكر شطافة ""1/2"" * ""1/2 كروم",28
7443f56f-1f65-e476-899c-7f2dc3050cf9,c9c96cfe-2a5d-e75a-a7d6-7fe3175d5f45,ML10626,خلاط حوض وجه  رصاصي,5
be11e001-6a10-b98f-998d-7cd98aa41c80,30b1be0d-d380-be9b-e344-106402ee9537,ARSB80810,مصب دوش مربع قصير بدون تحويله أسود,3
63de8a24-b4b2-8812-524e-7870160c8452,c9c96cfe-2a5d-e75a-a7d6-7fe3175d5f45,MT30628,خلاط شطاف مع شطاف 15 سم كروم,2
b3a0b61b-54c6-d8c2-a680-cf32d5f079b7,c9c96cfe-2a5d-e75a-a7d6-7fe3175d5f45,MT30630,خلاط شطاف مع شطاف 15 سم أسود,2
797419ee-3ca8-e5ee-dc5b-aa301c7a0917,c9c96cfe-2a5d-e75a-a7d6-7fe3175d5f45,PS20636,علاقة ملابس ثلاثية كروم,8
6a2f3c3e-b823-5807-a515-f39d4d9c5c58,c9c96cfe-2a5d-e75a-a7d6-7fe3175d5f45,PS20637,علاقة ملابس ثلاثية أسود,2
c2af24b8-2858-2221-2000-ce04280e279e,c9c96cfe-2a5d-e75a-a7d6-7fe3175d5f45,PS20665,علاقة مناشف زوجية كروم,7
21cdd18f-3211-0c30-0c8b-e4d8f3d6199e,c9c96cfe-2a5d-e75a-a7d6-7fe3175d5f45,PS20666,علاقة مناشف زوجية أسود,2
4bbe3170-5f31-51c3-f25d-d02ac614d107,c9c96cfe-2a5d-e75a-a7d6-7fe3175d5f45,PS20687,علاقة مناشف كبيرة ثلاثية كروم,8
83859281-e95e-e2fe-9060-9c4547e50305,c9c96cfe-2a5d-e75a-a7d6-7fe3175d5f45,SA10649,طقم اكسسوار كروم,7
b0d94f3a-8769-ff56-5687-0f45c8cf898b,c9c96cfe-2a5d-e75a-a7d6-7fe3175d5f45,SA10650,طقم اكسسوار أسود,3
ce6953fc-6718-83aa-bfac-85cb8cf82fbf,c9c96cfe-2a5d-e75a-a7d6-7fe3175d5f45,ML30601,مرايا حمام مع إضاءة لد دائرية بالعلاقة مع اطار ذهبي 70سم,5
176fbff8-de26-18b7-ce04-bed7a47b75ef,c9c96cfe-2a5d-e75a-a7d6-7fe3175d5f45,ML10617,خلاط حوض وجه كروم,7
4220392a-ee18-1773-d46d-f5a909dd2ef4,c9c96cfe-2a5d-e75a-a7d6-7fe3175d5f45,ML30600,مرايا حمام مع إضاءة لد دائرية بالعلاقة مع اطار أسود 70سم,5
05f17c42-dcdf-74b2-91ea-c54e88241f41,c9c96cfe-2a5d-e75a-a7d6-7fe3175d5f45,MT30629,خلاط شطاف مع شطاف 15 سم كروم,2
9174e58b-d086-7e2d-a1ce-099531abe0d4,d5578883-3e6c-5241-d50b-e2dc61ea1a32,EL10607,حوض مطبخ ستانلس ستيل   60*45 كروم,2
c5b31d9b-d192-f5f1-04ef-c0d2556a25b2,a32c62f1-e748-2bcc-7894-7f18b51b4c23,ARSB80068,مصب دوش بدون تحويلة كروم,4
c43e049c-6f37-0a7f-a83a-d59f22fb0d68,95c51645-d46f-ea3b-d2d3-66112e67a8d8,WP20588,مقعد أرضي ملحوم أبيض,1
89b2de0b-a5e5-dfcc-0b6a-a9025ed83630,ce373916-05e9-c803-33da-25dc6702839a,WS10813,مقعد معلق تورنيدو أبيض,4
4e3fe8ff-e897-6e2f-8fda-8e775c8d2f1d,a32c62f1-e748-2bcc-7894-7f18b51b4c23,ARSB80135,مصب دوش مع تحويلة كروم,5
3191fc5c-9f17-9dd9-d239-329e242f950c,a32c62f1-e748-2bcc-7894-7f18b51b4c23,ARSB80007,سماعة دوش مع طوبو أسود,2
f62c2448-66dc-73c5-dc35-2fa65e2a9815,a32c62f1-e748-2bcc-7894-7f18b51b4c23,ALVM50212,قرجوطة سيفون حوض الوجه 1.1/4*80 سم,5
8f2b92ed-0e7d-3407-c4c8-5bdf939af01b,30b1be0d-d380-be9b-e344-106402ee9537,ME10572,خلاط حوض المطبخ شجرة كروم,6
8fbc475e-33e4-66aa-e650-2e22d3d666b4,1394d0bd-b774-c8a5-d7f7-451ca16ac075,AM40691,مراية دولاب حمام 80 سم,2
573a9d04-f60a-32ea-bc5e-486528b280f7,4f544975-a867-ad7f-85d8-8ffea6fa0bc3,MA20615,خلاط حوض المطبخ سحاب أسود,2
962e2ae0-24a2-a729-44ba-8df31740a7ba,1394d0bd-b774-c8a5-d7f7-451ca16ac075,AM0692,دولاب حمام مع حوض وجه 60 سم,2
cbd3889e-46f5-4ddf-b6f7-854fa0a3649d,1394d0bd-b774-c8a5-d7f7-451ca16ac075,AM0696,دولاب حمام مع حوض وجه 80 سم,2
49bf9880-868f-8003-489e-6e5ac7586d86,1394d0bd-b774-c8a5-d7f7-451ca16ac075,AM40700,مراية دولاب حمام 60 سم,2
3c0b57ee-c55a-c17e-e8e2-aa77555254ce,1394d0bd-b774-c8a5-d7f7-451ca16ac075,WS10596,مقعد معلق رايملس أبيض,2
6438ad88-2f9b-9b7a-bf4c-cfccb77c0f57,1394d0bd-b774-c8a5-d7f7-451ca16ac075,WS10595,مقعد معلق رايملس مموج أبيض,2
69cd714e-0cce-afd8-5c0c-f6d9c4078ee4,1394d0bd-b774-c8a5-d7f7-451ca16ac075,WA40589,غطاء مقعد رايملس أبيض,5
9bccc1a4-d592-f4a5-f35a-fa1a920db819,1394d0bd-b774-c8a5-d7f7-451ca16ac075,VS10177,حوض وجه معلق أبيض,3
8b406f99-e931-b36b-75c7-d6b00cbca421,1394d0bd-b774-c8a5-d7f7-451ca16ac075,AASB30670,مسند لكبار السن كروم,3
81174d02-6e4f-1103-17a6-58db25f2fdd2,1394d0bd-b774-c8a5-d7f7-451ca16ac075,ARSB80658,شطاف ظغط مربع مع طوبو أسود,4
eb1e5540-8159-5c51-af23-9a73778cd566,2753c7b7-6b8e-a928-37dd-c1e45a1490ad,ML10000,خلاط حوض وجه كروم,1
034aa676-2d32-53bd-316a-d2dda66501a1,1394d0bd-b774-c8a5-d7f7-451ca16ac075,PS20666,علاقة مناشف زوجية أسود,3
913ffebc-0a5d-477f-98c0-6543ab4f6da4,1394d0bd-b774-c8a5-d7f7-451ca16ac075,MC10643,مجرى 30 سم *8 سم كروم,5
10c0c4c1-3234-460c-dd44-b0513f35c7b1,1394d0bd-b774-c8a5-d7f7-451ca16ac075,MC10646,مجرى 40 سم *8 سم ذهبي,5
c651c421-822f-501e-ff42-68e432d31e5a,1394d0bd-b774-c8a5-d7f7-451ca16ac075,MC10647,مجرى 50 سم *8 سم كروم,5
f7f30665-abe1-5575-a706-d6ee49fcef66,1394d0bd-b774-c8a5-d7f7-451ca16ac075,MC10648,مجرى 60 سم *8 سم كروم,5
ae40de94-cf75-ca6e-2c45-b28b3724af54,1394d0bd-b774-c8a5-d7f7-451ca16ac075,AASB30668,رف زاوية زوجي اسود,10
d225175e-9e6e-f29e-172e-dcf80f3a27ff,1394d0bd-b774-c8a5-d7f7-451ca16ac075,AASB30014,رف زاوية زوجي كروم,8
c508759c-4c7a-1f27-0fb6-3edb92017f41,ce373916-05e9-c803-33da-25dc6702839a,EG30864,حوض مطبخ جرانيت بيج79*51 فردي,3
e20f4fc8-8f0e-2676-7736-2c1b6e11907e,b5ec3693-7a4b-3193-7dda-1ca77d484b87,MD20013,خلاط دوش كروم,2
701da401-8d52-23cc-014e-e759c8344cee,30b1be0d-d380-be9b-e344-106402ee9537,ARSB80150,مصب حوض وجه 22 سم كروم,2
3af66eaa-78be-3c38-5364-694523360f43,30b1be0d-d380-be9b-e344-106402ee9537,ARSB80017,مصب دوش قصير بدون تحويلة كروم,3
d6ffb498-ac09-029e-4b27-bc775e00f3ea,1394d0bd-b774-c8a5-d7f7-451ca16ac075,WS10594,مقعد معلق تورنيدو أبيض,2
d3bece05-c166-c5b1-8816-27ae86ba59f4,1394d0bd-b774-c8a5-d7f7-451ca16ac075,WS10163,مقعد معلق رايملس أبيض,2
a83013d1-b18e-10a4-1a91-22b651f2c99b,1394d0bd-b774-c8a5-d7f7-451ca16ac075,WS10590,مقعد معلق رايملس رصاصي,2
4f25ee6c-7241-79b7-d555-a1571fa04212,d56740d5-fc59-67f6-ad40-aa8688e6fc90,VS10752,حوض وجه معلق 80 سم,4
a0104fc8-755e-47c7-27d5-1c6c70aa4c2a,1394d0bd-b774-c8a5-d7f7-451ca16ac075,AM40697,مراية دولاب حمام 80 سم,2
632b3dcf-10e8-d6f8-e38d-149b354efc8b,c848c066-648c-c296-5389-650956faeda0,VP20216,حوض وجه فوق الرخام ذهبي -48سم,4
dff910fd-e15c-0739-8a46-35520fcc523e,c848c066-648c-c296-5389-650956faeda0,VS10208,حوض وجه معلق أبيض -60سم,4
4ac047fe-6500-2d9d-f5f5-a0a5c21ebd8e,c848c066-648c-c296-5389-650956faeda0,VS10207,حوض وجه معلق أسود -60سم,4
df5b23fe-6680-239c-1be2-13ab3d6e8c68,1394d0bd-b774-c8a5-d7f7-451ca16ac075,AASB30634,صابونية أسود,4
b70608b5-ef07-1196-2873-4b5a6c702d36,1394d0bd-b774-c8a5-d7f7-451ca16ac075,PS20636,علاقة ملابس ثلاثية كروم,8
e7032bbe-bff5-1c50-fd63-1a030c4a3339,1394d0bd-b774-c8a5-d7f7-451ca16ac075,PS20637,علاقة ملابس ثلاثية أسود,10
5d424943-5de3-91f6-8cbe-baf14be1abc3,1394d0bd-b774-c8a5-d7f7-451ca16ac075,SA10650,طقم اكسسوار أسود,2
8c1361f3-6cc8-fed5-de32-45887c5096d0,1394d0bd-b774-c8a5-d7f7-451ca16ac075,MA20618,خلاط حوض المطبخ سحاب كروم,3
34a3958c-04ac-53e2-c16a-009a3f7fb450,1394d0bd-b774-c8a5-d7f7-451ca16ac075,MA20625,خلاط حوض المطبخ سحاب كروم مطفي,2
976c5720-49c9-8af6-4067-618aa522d2d4,1394d0bd-b774-c8a5-d7f7-451ca16ac075,MC10632,سرفنتينة 15 سم * 15 سم مع مانع رائحة كروم لامع,5
712a8617-1e6e-b358-445b-b8159bb377cc,bc9dcdbc-467c-43b1-22a9-20f5f7c9b4f8,VS10209,حوض وجه معلق أبيض -60سم,8
aedcf9bc-ecba-a6a4-14c8-1c047faaa3c8,bc9dcdbc-467c-43b1-22a9-20f5f7c9b4f8,WS10818,مقعد معلق كبير بلس سايز ملحوم تورنيدو أبيض,1
78da1a8d-4432-7391-ea29-cfe1d936fc0a,a32c62f1-e748-2bcc-7894-7f18b51b4c23,VS10209,حوض وجه معلق أبيض -60سم,3
8a817741-a722-865c-c011-87f900a7f14c,8f982058-f1c8-1e07-cd8d-4f371e0d1dc4,WP20475,مقعد أرضي ملحوم مربع  أبيض,4
d6db7222-9f9e-9320-2ade-a80c9647832b,30b1be0d-d380-be9b-e344-106402ee9537,ARSB80031,شطاف ظغط دائري طتش مع طوبو كروم,5
90c2d91d-76ff-d4e8-ebc4-5b2940a3cfdc,1394d0bd-b774-c8a5-d7f7-451ca16ac075,MC10641,مجرى 30سم *3 سم كروم,5
fbf98464-cf05-c729-cacf-c1827fcc2d9b,1394d0bd-b774-c8a5-d7f7-451ca16ac075,MC10642,مجرى 50سم *3 سم كروم,5
a075aca0-a791-08f3-1581-287687914838,1394d0bd-b774-c8a5-d7f7-451ca16ac075,MD20627,خلاط دوش كروم,3
80eba83a-9a4a-bd21-c249-97398c866fe8,1394d0bd-b774-c8a5-d7f7-451ca16ac075,MT30629,خلاط شطاف مع شطاف 15 سم كروم,3
612b2a8a-c11d-eaf0-3835-f62408eab82d,1394d0bd-b774-c8a5-d7f7-451ca16ac075,MT30628,خلاط شطاف مع شطاف 15 سم كروم,3
b47d5c38-0643-cf40-a9a6-bcc6fbb1a8d9,1394d0bd-b774-c8a5-d7f7-451ca16ac075,AM0690,دولاب حمام مع حوض وجه 80 سم,2
792733d1-7159-fe67-5e44-c39e274fb139,1394d0bd-b774-c8a5-d7f7-451ca16ac075,AM40694,مراية دولاب حمام 60 سم,2
03622233-8b34-39f4-95e8-f631d3437463,1394d0bd-b774-c8a5-d7f7-451ca16ac075,MC10653,سرفنتينة 15 سم * 15 سم أسود,5
97dc411b-ae6e-2cde-1e46-09049c5426f2,1394d0bd-b774-c8a5-d7f7-451ca16ac075,EL10701,حوض مطبخ ستانلس ستيل منظومة بيانو 304 75*46 كروم,4
d2fbedb0-9f3b-b3f9-c33b-23f646551c7d,1394d0bd-b774-c8a5-d7f7-451ca16ac075,CD40631,مسطرة دوش زوجية مع خلاط دجتل رصاصي,3
906ab7b8-a699-4bd8-7cff-58979ce1a0e2,1394d0bd-b774-c8a5-d7f7-451ca16ac075,AASB30638,صابونية أسود,5
d19d3dba-b5f8-5991-909d-6834abbdf145,1394d0bd-b774-c8a5-d7f7-451ca16ac075,MC10655,سرفنتينة 10 سم * 10 سم كروم,5
d21b25e3-a340-c2a0-8fa8-04b20d1b8ade,1394d0bd-b774-c8a5-d7f7-451ca16ac075,MC10654,سرفنتينة 15 سم * 15 سم ذهبي,5
6fd6ddcf-a869-6847-267b-e8161a421e5b,1394d0bd-b774-c8a5-d7f7-451ca16ac075,MD20619,خلاط دوش كروم,2
b61eefdf-ddef-3bb8-a3fc-d05304e37f8e,1394d0bd-b774-c8a5-d7f7-451ca16ac075,ML30603,مرايا حمام مع إضاءة لد مع اطار ذهبي 90*70 سم,5
adfbd4b3-2f50-ceb5-91c8-8d7ba0543d4a,1394d0bd-b774-c8a5-d7f7-451ca16ac075,AM0699,دولاب حمام مع حوض وجه 60 سم,2
c513b009-0072-4333-6ecb-7aa22fddf71b,bc9dcdbc-467c-43b1-22a9-20f5f7c9b4f8,WS10817,مقعد معلق ملحوم تورنيدو أبيض,2
6d305423-9266-da81-7fcb-0a3ab628dc0e,bc9dcdbc-467c-43b1-22a9-20f5f7c9b4f8,WS10807,مقعد معلق تورنيدو أبيض,2
93e3bb92-9390-7a71-2f99-248a0e089cb0,30b1be0d-d380-be9b-e344-106402ee9537,ARSB80087,شطاف ظغط مربع مع طوبو كروم,5
abc14d15-ec3b-7d3f-01b2-ab3cf5d220d9,1394d0bd-b774-c8a5-d7f7-451ca16ac075,MA20620,خلاط حوض المطبخ دبل سحاب كروم,3
38ffc488-fc97-02df-3c26-d6e56d3ede44,1394d0bd-b774-c8a5-d7f7-451ca16ac075,MA20688,خلاط حوض المطبخ سحاب كروم مطفي,2
97723de8-1f2f-83b1-cfbc-eae263f5ef63,1394d0bd-b774-c8a5-d7f7-451ca16ac075,MC10652,سرفنتينة 15 سم * 15 سم كروم,5
584064f8-b71a-2b33-7d49-aa04d4dec5b8,70ae288e-a347-fe68-1b86-03894534e6ec,PLSA0236,"كوربة ذكر أنثى ""1/2 كروم",9
d6a86fd7-d255-cc70-7548-da05fedfa53f,1394d0bd-b774-c8a5-d7f7-451ca16ac075,EL10702,حوض مطبخ ستانلس ستيل منظومة بيانو 304 75*46 أسود,6
b37f5ac8-be28-e1aa-5486-e98abb24ebab,1394d0bd-b774-c8a5-d7f7-451ca16ac075,MC10644,مجرى 40 سم *8 سم كروم,5
f350e48c-a84a-cc56-5dee-bdbb44fb6fe7,dcedc474-4fd9-d8d8-1878-70bb6e98f18e,ML10617,خلاط حوض وجه كروم,10
d267931a-c3ff-fef9-22f0-e00f4a3eaca8,dcedc474-4fd9-d8d8-1878-70bb6e98f18e,VS10597,حوض وجه معلق أبيض -60سم,6
478fc14e-ff9d-184d-a8bc-be231b8ea714,dcedc474-4fd9-d8d8-1878-70bb6e98f18e,WP20477,مقعد أرضي ملحوم مربع قصير أبيض,2
03f63278-e09c-06fb-9d48-fda89ab0ca28,dcedc474-4fd9-d8d8-1878-70bb6e98f18e,WP20166,مقعد أرضي ملحوم بيضوي أبيض,2
2546e9bb-bf49-3984-ea75-12805e37e550,dcedc474-4fd9-d8d8-1878-70bb6e98f18e,WS10595,مقعد معلق رايملس مموج أبيض,6
861e714e-98d8-9cc7-21bc-16db172661e3,c9c96cfe-2a5d-e75a-a7d6-7fe3175d5f45,AASB30672,فرشاة تنظيف مرحاض أسود,4
86dbba47-2533-b0d8-d318-41b7bcabd3d1,1bf7e8e8-3554-0514-82f0-d2eb4633c55c,LG40112,حوض وجه برسلين مشطوف 80 سم,1
a02487dd-5b1b-3bd6-3829-3da06780c0c7,b1a74108-5b9b-68db-fa20-fd53b16ad7b1,ARSB80351,شطاف ظغط دائرية مع طوبو كروم,4
01cfd895-b01d-d9b4-c0e8-826b59952248,b1a74108-5b9b-68db-fa20-fd53b16ad7b1,ATWC50201,زر بتريا اسود,2
645e00b9-5f2c-de8d-3c4a-eac9d47d3f57,b1a74108-5b9b-68db-fa20-fd53b16ad7b1,PLSA0404,وردة كروم,50
6a5ce15e-a26f-9916-f2cc-f38c0a5e36fe,bc9dcdbc-467c-43b1-22a9-20f5f7c9b4f8,WP20587,مقعد أرضي ملحوم أسود,2
2f83b225-d9cf-8f68-26ed-df7b15997039,6d55cca8-94f8-f559-48bc-1aa5cc935da0,ARSB80397,قصبة دوش 40 سم أسود,2
5d0452a9-e6c8-7432-91f6-fc4c76731be3,6d55cca8-94f8-f559-48bc-1aa5cc935da0,ARSB80194,قصبة دوش 40 سم أسود,2
61b30125-deaf-2e69-2f7f-f542ed6f4da9,6d55cca8-94f8-f559-48bc-1aa5cc935da0,ARSB80029,سماعة دوش مع طوبو كروم,6
8978afe6-ff13-7786-9648-54f0760950ed,30b1be0d-d380-be9b-e344-106402ee9537,PS20819,علاقة مناشف زوجية كروم,2
4193bed2-f989-31fd-622a-72a0e16dc674,47b638dc-ecda-9e90-1d2f-dfdec2c9cb7a,ML10022,خلاط حوض وجه شلال طويل كروم,1
884d2e5b-c58c-cbc3-0b90-52a7f3942fd1,b1a74108-5b9b-68db-fa20-fd53b16ad7b1,ARSB80460,مصب دوش بدون تحويلة كروم,5
7ee5965c-e74e-27c8-0e63-181d492ebfda,b1a74108-5b9b-68db-fa20-fd53b16ad7b1,AECU50058,رقبة خلاط حوض مطبخ أسود,5
a14aa25b-1c1f-d838-e0c7-3e1e8571906d,b9dc13c7-ba2d-aea2-9a23-d0b134c3fedf,BAI10293,حوض استحمام بانيو 150*70*53 سم,1
f7790954-8543-43c1-08d8-f700894c8822,70ae288e-a347-fe68-1b86-03894534e6ec,PLSA0235,"كوربة أنثى ""1/2 كروم",15
9aefdc36-d737-7b70-845f-f09058af7128,77112faa-6b51-d081-61ea-72e3938d24a3,ATWC50313,صندوق طرد مدفون بتارية مع زر دائري 9 لتر,1
78140bc2-6696-282e-319d-5b4a26d78d56,731e12e1-e40e-8a70-a0bc-fd1dae50530b,ML30751,مرايا حمام مع إضاءة لد-عرض60*80 سم,2
46a0df76-d3d6-13e5-004f-c10dce646c34,731e12e1-e40e-8a70-a0bc-fd1dae50530b,ML30903,مرايا حمام مع إضاءة لد 60*80 سم,2
13a85f7a-fa40-36c4-f4c8-07dd2e7b5f00,731e12e1-e40e-8a70-a0bc-fd1dae50530b,ALVM50808,سيفون حوض الوجه كروم,2
d2aa306f-923d-1664-15ae-16c363076cc9,731e12e1-e40e-8a70-a0bc-fd1dae50530b,ARSB80270,مصب دوش مع تحويلة كروم,2
3cbf7ba8-334c-f957-ab5a-1ff64b1cbdb3,731e12e1-e40e-8a70-a0bc-fd1dae50530b,ARSB80467,شطاف ظغط مربع مع طوبو أسود,1
cb1a97a5-e57f-3d38-33de-920dad597c96,731e12e1-e40e-8a70-a0bc-fd1dae50530b,AM0901,دولاب حمام -80 سم,2
4c506716-50c6-115d-ddb9-00b375254688,0018ad55-ce16-8c49-4198-7f68ec625a98,WS10163,مقعد معلق رايملس أبيض,4
a2ca75d1-8d4b-14cc-1a6e-19dd518ea747,71b39cda-aeb9-abb9-06eb-c73f27dded43,WP20476,مقعد أرضي ملحوم مموج  أبيض,3
9d873522-a8b4-5f99-296d-5bf4e940ca3f,54a685aa-84eb-0f45-a7bd-956ef1c56be8,ATWC50205,زر بتريا كروم,4
0be2990b-1157-8b82-3daf-d0c4b9488d82,54a685aa-84eb-0f45-a7bd-956ef1c56be8,ARSB80787,وجه خلاط دوش مدفون كروم,2
9155fe20-5de8-2078-2829-2b31c5c74c84,54a685aa-84eb-0f45-a7bd-956ef1c56be8,ARSB87399,سماعة دوش مع طوبو كروم,4
d050e2b8-c39d-e31f-31ea-b240260c2dce,bc9dcdbc-467c-43b1-22a9-20f5f7c9b4f8,WP20475,مقعد أرضي ملحوم مربع  أبيض,2
83825604-45c0-c257-492f-6d0e750aab13,29a4abe9-a042-9be6-2da7-16ad5e612ae9,RFP1430,"فسيبلي "" 1/2 ذكر * ""1/2 أنثى 50سم",5
0a118b7d-b687-d474-d328-7feec5d428fb,71b39cda-aeb9-abb9-06eb-c73f27dded43,WA40589,غطاء مقعد رايملس أبيض,5
8622abae-3ca3-4015-c3b8-2f56f48cf0b7,47b638dc-ecda-9e90-1d2f-dfdec2c9cb7a,SA10315,طقم اكسسوار كروم,1
d85d66c1-86b6-54d7-8d7d-e88f461a7f77,30b1be0d-d380-be9b-e344-106402ee9537,MDE50676,خلاط دوش مدفون كروم,7
e6238cf5-14d2-6ccf-6383-f8a11bfea38f,74b5f8b0-324f-64f5-73be-47f981825395,EG30248,حوض مطبخ جرانيت أبيض محبب 70*50,2
6f65a128-eb34-a47c-3739-da5ca5362d76,74b5f8b0-324f-64f5-73be-47f981825395,EG30246,حوض مطبخ جرانيت أبيض 70*50,1
cb75ab41-8947-2df5-3d54-ed468dad095e,6d55cca8-94f8-f559-48bc-1aa5cc935da0,CE10546,سخانة 80 لتر افقية,2
9c7fff9e-85d2-38d4-53e1-35ea36ec7a94,2a2860b3-2bdd-9f94-faa9-350fbf4b9908,MD20028,خلاط دوش كروم,2
c7fb5301-9cec-bbd6-ca9c-439b70342ac6,6d55cca8-94f8-f559-48bc-1aa5cc935da0,SA10256,طقم اكسسوار كروم,2
7c3ab88f-0612-c1be-f563-e8d7677cfb5f,6d55cca8-94f8-f559-48bc-1aa5cc935da0,ME10573,خلاط حوض المطبخ شجرة كروم,2
cff96dc2-6b40-b9a8-0275-50d5c11d1db8,6d55cca8-94f8-f559-48bc-1aa5cc935da0,ML10663,خلاط حوض وجه كروم,2
ebc7701d-9afd-36d0-3586-9223f7fe41e2,c87dfc02-6b09-44f0-9c6b-366ea9842486,MTE60030,خلاط شطاف مدفون كروم,2
403afa8f-357b-e660-0ba7-877eef8a1a7b,6428cc68-dc30-ce09-d7f9-f919188eae36,ATWC50167,وصلة بتارية مدفونة 35 سم,3
7d4c29aa-16a6-e8c5-ee02-ae283b5e0448,3e0beecc-879f-aa32-561e-f3528c0dc56d,EL10433,حوض مطبخ ستانلس ستيل 76*45  أسود,1
551ca029-1f88-b9d9-e3da-5335dce4e6e5,2b334161-789a-c642-4ad9-272e346cff7e,WP20158,مقعد أرضي ملحوم طويل أبيض,4
e8619463-0aff-0887-d855-7ce4658355d8,717024b1-ad24-5f96-5ed4-35e6451a970b,WS10595,مقعد معلق رايملس مموج أبيض,2
0d49d570-f5be-0941-7c3f-14d94234960f,717024b1-ad24-5f96-5ed4-35e6451a970b,MC10645,مجرى 40 سم *8 سم أسود,6
ac970075-752d-86a6-3c03-8e65d82dcac9,1aeff939-6924-8041-44ae-c632b3cb5155,MA20615,خلاط حوض المطبخ سحاب أسود,3
4ce6b21a-70fe-e31b-b3cd-bd8cd8d13d8e,98897bd4-e294-d28c-808d-8077cc9686b0,EG40184,رف حوض وجه برسلين 80 سم,1
6c4871f7-c1ef-4244-5906-54a462eeb4e3,c312d09a-5281-039e-17c4-7d744d580a14,ARSB80376,سماعة دوش مع طوبو كروم,4
fbb1de5b-2ea3-f1aa-036e-724df852ec6e,b9dc13c7-ba2d-aea2-9a23-d0b134c3fedf,ALVM50240,مثبت حوض الوجه,16
6168d1a5-0bf1-0fb7-a204-2e0c7d1a0c6b,96d4722e-e4b2-544c-20ba-bf8d2a14388b,ML10301,خلاط حوض وجه  كروم,2
b6d0ccb1-0fea-e104-2e66-2b24d9e380a3,b9dc13c7-ba2d-aea2-9a23-d0b134c3fedf,ARSB80612,وجه خلاط دوش مدفون دائري كروم,1
17620f3b-8432-47d7-1cb8-f2fceda0e951,b9dc13c7-ba2d-aea2-9a23-d0b134c3fedf,ARSB80613,يد خلاط  مدفون كروم,2
f02bc805-9955-bca5-28c2-0b3f1d7ae784,bc9dcdbc-467c-43b1-22a9-20f5f7c9b4f8,WP20159,مقعد أرضي ملحوم سداسي أبيض,4
ce294560-e1dc-65de-7880-ea8f2410036f,ef14c60e-949d-8483-b69e-0216ace3b5ef,ARSB80598,قصبة دوش مربعة 40 سم كروم,4
fa65e8fd-1700-70c6-0b58-f774949bda71,b9dc13c7-ba2d-aea2-9a23-d0b134c3fedf,ARSB80611,وجه خلاط شطاف مدفون دائري كروم,1
35e89f13-106b-addf-ef70-23d904a695a6,917234ee-71e7-b674-ad14-11be06e2a272,ARSB80820,مصب دوش مع تحويلة ذهبي,4
ca0b0f94-6b3d-e532-b17b-f50a7a5d17f4,917234ee-71e7-b674-ad14-11be06e2a272,ARSB80719,مصب دوش مع تحويلة ذهبي,4
ef953b86-d4cf-84fe-9d64-1e3f2a86cb82,717024b1-ad24-5f96-5ed4-35e6451a970b,ARSB80657,شطاف ظغط مربع مع طوبو كروم,10
e12ea133-11e3-66ee-38c3-170a196f0a79,b9dc13c7-ba2d-aea2-9a23-d0b134c3fedf,ARSB80681,وجه خلاط شطاف مدفون مربع كروم,1
733c87fa-b88f-fa03-0d79-c47f36e48da0,d96c3a22-33d1-5a0e-2db2-5258837d3b77,ARSB88531,وصلة مسطرة دوش30سم,8
e56c01a5-0d1f-0fa0-25f9-c0fc8f727665,c312d09a-5281-039e-17c4-7d744d580a14,ARSB80333,مصب دوش مع تحويلة كروم,3
4a711d5c-94d2-39ad-d2d6-9f8e1769293f,c312d09a-5281-039e-17c4-7d744d580a14,ALVM50262,سيفون حوض الوجه كروم,2
959e7c80-4950-bb78-208e-111d7b9c82f1,c312d09a-5281-039e-17c4-7d744d580a14,ARSB80724,قصبة دوش دائري 40 سم كروم,10
6e54930d-f4a4-8d64-7c23-8da4683114c0,c312d09a-5281-039e-17c4-7d744d580a14,ARSB80466,قصبة دوش مربعة 40 سم كروم,10
890b26fe-6deb-bbe9-1a5d-85e0d8e39fdd,c312d09a-5281-039e-17c4-7d744d580a14,ARSB80464,كسكاس دوش مربع 300*300 مم كروم,6
38396480-a569-8ec3-f2d3-27e5c991d0a3,c312d09a-5281-039e-17c4-7d744d580a14,ARSB80996,كسكاس دوش دائري 250 مم كروم,8
02ce2496-68f9-b60d-7b52-e644a207ec7a,5f0bf752-6623-d534-9815-03cd80a3a1d9,PD20124,حاجز دوش 8 مم  مضبب80  سم,2
d9ec5e6e-ab61-356a-4293-308db995c72c,ac048824-8f32-9480-14f2-4ddc9e7addad,ART0719,متبث مقعد معلق CITY,2
87218ad8-0b5e-bbbf-4ec7-55808e4d3f3c,c9c96cfe-2a5d-e75a-a7d6-7fe3175d5f45,ML10616,خلاط حوض وجه ذهبي,5
688dae8a-ac2f-e8f0-0fc2-ad6fe820747b,1394d0bd-b774-c8a5-d7f7-451ca16ac075,VS10597,حوض وجه معلق أبيض -60سم,2
db981f25-485f-2973-5bbc-f67c6761c370,7c0b06dc-ce63-2cab-421f-bd1b3199ce6b,ML30545,مرايا حمام قوس مع إضاءة لد 60*100 سم,1
7d24999b-6795-f747-ddd9-ec22a272234a,731e12e1-e40e-8a70-a0bc-fd1dae50530b,ARSB80826,كسكاس دوش دائري 250 مم مع قصبة كروم,2
8ea78f90-416b-38b7-9a2e-36d105c03a8f,717024b1-ad24-5f96-5ed4-35e6451a970b,MT30628,خلاط شطاف مع شطاف 15 سم كروم,5
68407ec2-f218-0290-21a8-e87c4f6513ea,bc9dcdbc-467c-43b1-22a9-20f5f7c9b4f8,SA10837,طقم اكسسوار كروم,6
95429fec-2fef-1440-04c2-225b6e5f0e30,14b491af-7407-6877-33e2-79acfdfa91fb,AM40691,مراية دولاب حمام 80 سم,1
e4b27d2b-b24e-dd6a-5138-65d42d43d5c9,0ce8b46f-9f49-d2e0-1179-5878bbcd3605,WP20588,مقعد أرضي ملحوم أبيض,3
84c748f0-6d05-81f7-aad5-e2d5a85a390e,0ce8b46f-9f49-d2e0-1179-5878bbcd3605,AASB30671,فرشاة تنظيف مرحاض كروم,10
eef970ee-fee1-4638-5dbd-db197ab9fd60,b1a74108-5b9b-68db-fa20-fd53b16ad7b1,AASB30407,حاملة فوط كروم,5
cd0894b1-f789-2f6a-0096-52b2b6435349,6521fc60-6410-6124-8b1e-90ccf3373fb2,AB10741,خزانة حمام أبيض,1
39c98cb5-0a74-7641-519b-5a741724c08b,2b334161-789a-c642-4ad9-272e346cff7e,VP20483,حوض وجه فوق الرخام أبيض -40*30 سم,2
f158aefe-12d9-ed69-7541-036ba562082c,2b334161-789a-c642-4ad9-272e346cff7e,WP20587,مقعد أرضي ملحوم أسود,4
55ad897e-6b66-d219-b36a-f486db7a28c0,2b334161-789a-c642-4ad9-272e346cff7e,ARSB80661,مخرج شطاف كروم,10
dc6dba24-72fb-1623-7d41-f63ad89b3d02,2b334161-789a-c642-4ad9-272e346cff7e,ARSB80662,مخرج شطاف مع علاق كروم,20
83f7b55f-22e5-6651-5eed-b07fd878d6b1,04c2ef03-4e8c-33fd-6b25-dece36256cc8,PD20287,حاجز دوش 8 مم بالعلاقة المناشف 70 سم,3
5b336c0d-5c78-d360-50fd-3e16bd2bb1ec,04c2ef03-4e8c-33fd-6b25-dece36256cc8,PD20286,حاجز دوش 8 مم  مضبب70  سم,2
9e8fe825-2c3c-1472-85ca-a99660717351,75a9b8d7-3bae-27ac-0205-71cccfb458e5,ARSB80660,مخرج شطاف مع علاق كروم,10
d165c775-902a-22b7-30e0-3644b8578c89,038e42d5-62cc-2d1a-8ebc-9c7d74ae5a32,ALVM50031,سيفون حوض الوجه كروم,6
9321ee69-65b9-3662-c82b-5e8dd6b8750d,3f6765d0-f824-b940-c525-5e0e41d1cf5e,PD20919,حاجز دوش 8 مم  مضبب90  سم,3
1585bb97-47b8-1400-a439-582106c8b7c6,1fe811d3-0b63-9c86-9b07-de31322eb511,MC10770,مجرى 50 سم *8 سم كروم,5
729b53d9-686a-f10b-6efc-508c6f00ee9a,b88baa38-4698-19ea-a7b4-41221f96125b,ARSB80813,مصب دوش قصير بتحويلة كروم,5
653c91d6-33cb-f43e-2bf7-c3e0bc334db2,b88baa38-4698-19ea-a7b4-41221f96125b,MC10855,مجرى 30 سم *6 سم كروم,5
997a298c-c791-8f25-d41f-f8a17489e3bc,b9dc13c7-ba2d-aea2-9a23-d0b134c3fedf,ARSB80682,وجه خلاط دوش مدفون مربع كروم,1
12951850-df30-1d36-4bad-b977b162082f,7a3fd143-b1f3-7254-781d-58c5d5ba2537,MC10413,سرفنتينة 15 سم * 15 سم كروم,16
43c3ba83-5e2f-6b84-52cc-91a374c47345,bc9dcdbc-467c-43b1-22a9-20f5f7c9b4f8,MD20855,خلاط دوش كروم,6
c1e344bf-b08d-61cd-2fa9-45e46a6065d0,bb6cea8a-72b1-fe2a-6df9-8379aa5d42c0,ARSB80302,شطاف ظغط مربع مع طوبو كروم,4
90c9997f-9165-b87f-5625-1bbc70bb07f2,b88baa38-4698-19ea-a7b4-41221f96125b,ARSB80298,سماعة دوش مع طوبو كروم,5
301ffe5d-6052-29b2-3ed8-8b61618eaa2f,0232c6d3-72ba-8fbd-4c71-e5441cba9384,ALVM50430,رأس سيفوني رخامي,7
c310e6c7-b6bd-faac-6cb8-fae7ecaf83d8,0232c6d3-72ba-8fbd-4c71-e5441cba9384,ARSB80908,كسكاس دوش مربع 300*200 مم مع قصبة كروم,4
8259044a-cce1-8a9f-7ee6-57caa3f517ca,0232c6d3-72ba-8fbd-4c71-e5441cba9384,PD20888,حاجز دوش 80* 190 سم8 مم أسود,1
cfa11ac7-c245-7ce1-7dad-5e13a402c254,0232c6d3-72ba-8fbd-4c71-e5441cba9384,PD20889,حاجز دوش 100 * 190 سم 8مم  أسود,1
3a007367-c97f-bd54-7878-52b7ffbb24d7,0232c6d3-72ba-8fbd-4c71-e5441cba9384,PD20887,حاجز 8 مم اطار ذهبي 80  سم,1
78fa4fa9-477d-5ec5-90ab-214e4b07a2d7,0232c6d3-72ba-8fbd-4c71-e5441cba9384,PD20122,حاجز دوش 8 مم  مضبب190*100  سم,1
3746cd0a-1597-0f14-24cf-23203f9879fe,77cf8171-0d15-0ced-b6d6-4beec1cdf22e,AM0851,حوض وجه مع دولاب حمام -80 سم,2
16871ba2-f872-9c67-9bb9-c1388c258c70,aa77036a-3f90-1b3c-b8e5-03115187c3d6,EL10685,حوض مطبخ ستانلس ستيل 304 75*45,6
8587d214-deaa-6461-022b-a4e9896b960a,cae4e610-f8ab-1d05-83f7-0bfe247e1d06,EG30251,حوض مطبخ جرانيت أسود محبب 70*50,1
37b180d9-f409-07cd-66bf-74ec7f7e1538,c312d09a-5281-039e-17c4-7d744d580a14,ML10663,خلاط حوض وجه كروم,2
415129a7-7f2e-4273-a456-7399f25a4107,ffe17a5b-1efa-f7f1-7323-6095ec30b69c,AECU50633,سقطار لحوض المطبخ أسود85 سم,2
ccb5b02b-5112-4569-550b-c06dea694fdb,ffe17a5b-1efa-f7f1-7323-6095ec30b69c,PS20665,علاقة مناشف زوجية كروم,10
88bcf0cc-20a0-83be-245c-369ad57f32d8,ffe17a5b-1efa-f7f1-7323-6095ec30b69c,AASB30673,فرشاة تنظيف مرحاض ذهبي,10
6c4223f6-04fb-4e67-8eee-2fa7d6e974ed,ffe17a5b-1efa-f7f1-7323-6095ec30b69c,WS10594,مقعد معلق تورنيدو أبيض,3
eda8ade3-9279-eec2-bb92-84e339bea3c0,ffe17a5b-1efa-f7f1-7323-6095ec30b69c,WP20161,مقعد أرضي ملحوم رصاصي رخامي,4
485e5177-b4ee-3d01-3484-88052df14f68,ffe17a5b-1efa-f7f1-7323-6095ec30b69c,EL10685,حوض مطبخ ستانلس ستيل 304 75*45,6
a91fb0d9-fe64-968f-8c00-507dee383edc,ffe17a5b-1efa-f7f1-7323-6095ec30b69c,EL10702,حوض مطبخ ستانلس ستيل منظومة بيانو 304 75*46 أسود,6
4ea80b8d-ba5c-5818-c51a-a727c239968c,710ca69e-cefe-78cb-3431-24503a40abb0,VS10820,حوض وجه معلق أبيض 36x52,2
fafc0c3f-bc7c-5642-e2ce-7dcec0f4fe22,3e305e55-29cd-570f-31db-96de472321d1,ML10036,خلاط حوض وجه طويل أسود برنزي,2
38809fcc-040e-72ed-99de-c603413b690f,ffe17a5b-1efa-f7f1-7323-6095ec30b69c,ARSB80657,شطاف ظغط مربع مع طوبو كروم,10
d0c3f3a1-b023-9d05-7308-b6b1c961cd74,ffe17a5b-1efa-f7f1-7323-6095ec30b69c,MC10644,مجرى 40 سم *8 سم كروم,10
460bf496-c92c-44e1-62fa-8b1fd39a7496,ffe17a5b-1efa-f7f1-7323-6095ec30b69c,WP20158,مقعد أرضي ملحوم طويل أبيض,2
d52e3e72-f2f8-3d91-f718-35324e757d47,ffe17a5b-1efa-f7f1-7323-6095ec30b69c,ME10624,خلاط حوض المطبخ شجرة رصاصي,10
0f1b9248-b59b-21a6-3cce-2ca09951c808,ffe17a5b-1efa-f7f1-7323-6095ec30b69c,WS10163,مقعد معلق رايملس أبيض,3
e7b07d83-6189-b034-cb83-210d3eb5e944,ffe17a5b-1efa-f7f1-7323-6095ec30b69c,WS10595,مقعد معلق رايملس مموج أبيض,2
64797795-753f-334f-daba-27ff4159f4cf,ffe17a5b-1efa-f7f1-7323-6095ec30b69c,WP20588,مقعد أرضي ملحوم أبيض,2
479b99ca-642b-acc2-afd5-db9455166524,778cbe10-d474-fdec-2d90-8ac770dc13ee,PS20531,علاقة مناشف زوجية أسود,2
db47e433-82ae-c525-df5a-2b013410b01f,74acde29-35fe-6cdc-b96f-42aab4cbd75d,RFP1869,"فسيبلي "" 1/2 أنثى * ""1/2 أنثى 50سم",10
e2f67b50-9fbd-5a9e-0923-2aa70460e95e,29c8d102-93de-39b7-ea2c-351e369b4a11,ME10573,خلاط حوض المطبخ شجرة كروم,2
46840687-f7f2-f474-390e-6afc9fe69d52,710ca69e-cefe-78cb-3431-24503a40abb0,AASB30671,فرشاة تنظيف مرحاض كروم,4
3fdb9622-c113-33cf-f520-f087675fb228,2b334161-789a-c642-4ad9-272e346cff7e,WS10596,مقعد معلق رايملس أبيض,4
8535e36a-ef33-7e99-759b-3d028f51083f,2b334161-789a-c642-4ad9-272e346cff7e,ARSB80657,شطاف ظغط مربع مع طوبو كروم,9
952b7fe2-895b-c1db-56c5-659c48e38c76,2b334161-789a-c642-4ad9-272e346cff7e,PS20637,علاقة ملابس ثلاثية أسود,20
d25b7d31-3366-1856-443d-bf70832a98df,6521fc60-6410-6124-8b1e-90ccf3373fb2,AM0738,دولاب حمام مع حوض وجه 60 سم,1
b691c22f-1942-8532-a4e2-fecfdfb86e8b,ef14c60e-949d-8483-b69e-0216ace3b5ef,ARSB80004,مخرج شطاف كروم بالعلاقة,4
40ae2d09-eab2-d599-38a7-aa0966043b63,9276e923-81a4-9f96-64f2-5bf51af3fe5e,ME10005,خلاط حوض المطبخ تحلية شجرة كروم,2
c55c9961-2b74-8ccc-6888-4286f794fa93,2b334161-789a-c642-4ad9-272e346cff7e,VS10177,حوض وجه معلق أبيض,2
d444c5af-51da-0c59-81bd-8e9a277ac535,2b334161-789a-c642-4ad9-272e346cff7e,WA40589,غطاء مقعد رايملس أبيض,4
34bbf511-3be8-abae-0a1d-8fa897ce40e8,8f982058-f1c8-1e07-cd8d-4f371e0d1dc4,WS10815,مقعد معلق ملحوم تورنيدو أبيض,5
04c92b2a-3b50-47ea-3778-4d47bb192cc3,914a20f0-8717-d68c-3682-3071783db81e,ARSB80121,قصبة دوش 40 سم سقفية كروم,1
b4e3c3a6-6a7f-e817-2370-b4b1a73255ea,2b334161-789a-c642-4ad9-272e346cff7e,AM0699,دولاب حمام مع حوض وجه 60 سم,2
0b80168e-a643-a8fa-d85b-1c6bb858e3a2,2b334161-789a-c642-4ad9-272e346cff7e,AM40700,مراية دولاب حمام 60 سم,2
8f7a25dd-dade-fadf-9020-80de576cc8d5,2b334161-789a-c642-4ad9-272e346cff7e,AECU50633,سقطار لحوض المطبخ أسود85 سم,6
2fe771e0-8d20-c7c2-e5cc-8f555a7f67bf,2b334161-789a-c642-4ad9-272e346cff7e,ML10626,خلاط حوض وجه  رصاصي,5
44b3ee40-aa1c-caf6-26bf-13fdddc6fdd8,ce14acfe-4c65-17b0-3f28-92803cd00fda,WS10596,مقعد معلق رايملس أبيض,1
3a657595-8e0e-03cf-58c6-9515e2fa30fc,ce14acfe-4c65-17b0-3f28-92803cd00fda,MC10652,سرفنتينة 15 سم * 15 سم كروم,11
71dfcc02-76e9-8197-8fce-9359e1fb138a,3d7e6bb5-d9c2-a99f-a4a1-61af10a0eacb,VS10119,حوض وجه معلق -80 سم,2
c591f318-326b-5a3f-7872-b935499cfbe6,2a2f580f-4b4a-2973-eac3-f11e11cef111,ARSB80791,وجه خلاط شطاف مدفون كروم,1
4a1097b1-8c95-d11b-bfe9-10fdd66b64db,2a2f580f-4b4a-2973-eac3-f11e11cef111,MC10731,سرفنتينة 15 سم * 15 سم كروم,10
3fd28316-f3c5-573a-1f19-7184eb829783,2a2f580f-4b4a-2973-eac3-f11e11cef111,MTE60675,خلاط شطاف مدفون كروم,2
eb7c37dc-37df-992a-980d-3d4d5c2f6491,2a2f580f-4b4a-2973-eac3-f11e11cef111,ARSB80788,وجه خلاط دوش مدفون اسود,2
623f40de-47f4-9342-679a-5fdc88f5e12c,2a2f580f-4b4a-2973-eac3-f11e11cef111,ARSB80787,وجه خلاط دوش مدفون كروم,2
e646b153-0a07-1593-420f-347ea68b3f05,706a161d-ac62-bb04-2e2c-54aad25ee6e8,ARSB80089,طوبو شطاف 120 سم كروم,4
9bbaa21a-c111-4190-487e-7037685b1485,706a161d-ac62-bb04-2e2c-54aad25ee6e8,EG40748,رف كواريون كوارتز 80سم أبيض,1
a2626499-5f25-c455-659e-35c807cb8186,706a161d-ac62-bb04-2e2c-54aad25ee6e8,ML30751,مرايا حمام مع إضاءة لد-عرض60*80 سم,1
be06d047-2b28-ab0f-b3f9-0e0f996c3341,706a161d-ac62-bb04-2e2c-54aad25ee6e8,LG40749,حوض كواريون كوارتز80سم أبيض,1
54a5b5cf-95d4-351f-6871-1a09870ee275,706a161d-ac62-bb04-2e2c-54aad25ee6e8,AM0736,دولاب حمام مع حوض وجه 60 سم,2
5581d890-9aa0-9f48-8e88-e5a0a0bdc509,b51afe91-2dda-e667-815a-9608594cd306,ARSB80093,يد شطاف كروم,3
becc18d5-ebfb-f1a9-002a-9c0fdbb611b9,944f8190-298c-90a8-cb6a-c2e3875d1b42,ATWC50217,بتارية مقعد أرضي بيضوي تحت,1
a8e66bb3-a42a-de65-b15a-c0f26b122ecf,9e2d9b42-8400-c1ec-cd71-2c30fecb9aff,AM40193,مراية دولاب حمام -60 سم,2
c8249e22-4c31-2c5a-db05-1f47b5f971a9,706a161d-ac62-bb04-2e2c-54aad25ee6e8,AB10741,خزانة حمام أبيض,2
2e51647a-699e-60f6-832b-aabadfdcf9f0,706a161d-ac62-bb04-2e2c-54aad25ee6e8,ART0746,مرايا حمام مع إضاءة لد,2
8a66a1a2-9a35-aaf0-1892-94f5a15f010a,706a161d-ac62-bb04-2e2c-54aad25ee6e8,AM0738,دولاب حمام مع حوض وجه 60 سم,2
5b6b0d0d-87d8-73fb-7d31-788db12b5a42,706a161d-ac62-bb04-2e2c-54aad25ee6e8,AB10745,خزانة حمام أبيض,2
5401927f-841b-8b02-ba3a-769cb817d9fa,fa1c742b-5e53-1bc9-3dd1-da7c773a0053,ALVM50809,سيفون حوض الوجه كروم,3
a521bdd4-6180-d02d-e88a-b498fd5c5261,14b491af-7407-6877-33e2-79acfdfa91fb,AM40700,مراية دولاب حمام 60 سم,2
2cc828eb-ea91-4d12-26f2-61705089d588,b5f6e911-1b0b-0d60-632c-b66a607dac48,MC10652,سرفنتينة 15 سم * 15 سم كروم,20
bf103209-7289-30fa-b3aa-4738247d91c3,1f289607-4188-d7fa-fafb-3d2e0112cf22,PD20124,حاجز دوش 8 مم  مضبب80  سم,1
00562091-458c-22a1-4e3a-87bef68f72de,83074253-9d13-30b6-129a-fd3d7a04d053,SA10649,طقم اكسسوار كروم,10
be0422db-fe79-b9dc-bb9b-62eb32c74d2d,d56740d5-fc59-67f6-ad40-aa8688e6fc90,CE10104,سخانة 50 لتر,3
46dd499c-82c3-5099-9353-9241cf0f6f8d,d6ef7da5-ccf8-47ca-12a1-da05a8ab4b8a,VS10207,حوض وجه معلق أسود -60سم,2
3704c094-da7a-66e0-0af2-80f46176dcc5,4119f706-cfaf-2558-d660-e5614c0a9df6,WS10116,مقعد معلق رايملس أبيض,1
49230c1c-1a7e-cc91-b93c-0581136d5641,4119f706-cfaf-2558-d660-e5614c0a9df6,EL10137,حوض مطبخ ستانلس ستيل   304 70 * 45 سم,1
2da4cc7c-5345-ab91-56c1-87fb573d4c6e,4119f706-cfaf-2558-d660-e5614c0a9df6,AASB30406,صابونية كروم,2
477672ec-e2e3-9b83-3439-ee94b555c9e7,4119f706-cfaf-2558-d660-e5614c0a9df6,ML30593,مرايا حمام مع إضاءة لد دائرية 60*80 سم,2
4819364d-bc7f-6f40-3f21-3f3d4ff4b151,733f17b2-2707-733c-7321-9a7116acbba5,WA40173,غطاء مقعد تركي أبيض,2
ca303c73-8059-202c-9c7c-d38e4f038d30,b948695a-3b0e-7345-2b50-28647ccd1d94,RO10328,حنفية 3/4,4
d1105cee-ecbb-2fb7-0904-cd6fceb1676f,733f17b2-2707-733c-7321-9a7116acbba5,WP20447,مقعد عربي ورده أبيض50*60,3
68b3eb0a-ab8a-4c0c-7ca5-1bd744e920f1,c5af9d5a-7126-03b1-3dad-019c1395945b,VS10188,حوض وجه معلق -60 سم,2
df864bf7-31e5-8173-6b0b-9e043b9b5cc2,64030fc0-b75e-69f3-8114-96d8331979be,EL10242,حوض مطبخ ستانلس ستيل منظومة بيانو 304 75*46 أسود,1
5665dde0-c84d-d2d6-f7d7-49abda04505b,315ed62d-9b61-b80f-923c-327d84c5db31,WS10818,مقعد معلق كبير بلس سايز ملحوم تورنيدو أبيض,4
0c34be5d-e0c4-78e2-9840-ca1224de40ba,66fb9bfa-bd57-c349-9cdb-40ca3a476224,ML30834,مرايا حمام ضد البخار مع إضاءة لد 60*80 سم,2
930c76ea-6d16-5164-2ddd-c8908a72f0ab,66fb9bfa-bd57-c349-9cdb-40ca3a476224,ML30592,مرايا حمام مع إضاءة لد مربعة 60*80سم,6
c771abeb-27bb-ee36-5fc7-3b91e0ecf839,66fb9bfa-bd57-c349-9cdb-40ca3a476224,PD20456,حاجز دوش 8 مم  مخطط 80*190  سم أسود,4
88965037-f92d-147a-6972-d3c78651abdb,66fb9bfa-bd57-c349-9cdb-40ca3a476224,AM0851,حوض وجه مع دولاب حمام -80 سم,2
2b1973db-0fd4-ead5-b922-7b7cc3fdbd60,66fb9bfa-bd57-c349-9cdb-40ca3a476224,AB10849,خزانة حمام أبيض,2
29901d91-3ccd-6baf-c70f-a662d3fc902a,66fb9bfa-bd57-c349-9cdb-40ca3a476224,AM0847,حوض وجه مع دولاب حمام -80 سم,3
fea80124-e01d-6a8a-1ae6-111e33b9e6a9,66fb9bfa-bd57-c349-9cdb-40ca3a476224,AB10848,خزانة حمام أبيض,3
66dc1ead-e407-417c-2c80-ba3c6d36e7e9,66fb9bfa-bd57-c349-9cdb-40ca3a476224,ML30748,مرايا حمام مع إضاءة لد,3
f82e3383-0188-c16c-9f2a-5e7be77b7d0d,66fb9bfa-bd57-c349-9cdb-40ca3a476224,AB10743,خزانة حمام أبيض,3
1b7d5b50-1bc1-3c01-9383-4650f0092b65,ef14c60e-949d-8483-b69e-0216ace3b5ef,ML10006,خلاط حوض وجه كروم,3
02989470-5515-689d-8482-5a8fabae580a,d6ef7da5-ccf8-47ca-12a1-da05a8ab4b8a,WP20162,مقعد أرضي ملحوم ذهبي رخامي,2
76e35750-9816-21c7-5fef-0196806c273e,14b491af-7407-6877-33e2-79acfdfa91fb,WP20588,مقعد أرضي ملحوم أبيض,6
9138cb97-807b-eae2-fff5-506e781f5265,14b491af-7407-6877-33e2-79acfdfa91fb,AM0699,دولاب حمام مع حوض وجه 60 سم,2
3b7ab618-76c8-fe00-ff8e-d2c63ecd71d8,b647c4bb-9627-9c73-d29f-6ec50086c1aa,WS10595,مقعد معلق رايملس مموج أبيض,6
a6a375f0-9814-4167-df6a-24955dfa98e0,b647c4bb-9627-9c73-d29f-6ec50086c1aa,WP20476,مقعد أرضي ملحوم مموج  أبيض,4
0d6b26ca-81ba-fdbe-7081-b55b643700cb,b647c4bb-9627-9c73-d29f-6ec50086c1aa,MC10648,مجرى 60 سم *8 سم كروم,10
d4243880-142a-2411-c6fa-01ba24a508b5,b647c4bb-9627-9c73-d29f-6ec50086c1aa,MC10645,مجرى 40 سم *8 سم أسود,5
08d3fe93-f3a2-e910-fa70-d9968110718f,b647c4bb-9627-9c73-d29f-6ec50086c1aa,ARSB80640,"مسكر شطافة ""1/2"" * ""1/2 كروم",15
03ef5ca9-f293-722c-2adf-86e470a2cbc8,b647c4bb-9627-9c73-d29f-6ec50086c1aa,ARSB80639,"مسكر شطافة ""1/2"" * ""1/2 كروم",15
d556c338-1569-13fb-fec6-2501ed182902,b647c4bb-9627-9c73-d29f-6ec50086c1aa,MC10642,مجرى 50سم *3 سم كروم,10
afdd92d8-a21d-91a3-917f-8b79f6750abe,b647c4bb-9627-9c73-d29f-6ec50086c1aa,MC10632,سرفنتينة 15 سم * 15 سم مع مانع رائحة كروم لامع,10
ad66fd81-f096-4a7e-940d-d729aea07850,54252048-51d6-10e3-08c6-d1ec209b193e,ML10017,خلاط حوض وجه كروم,8
8f01eda7-6595-7e81-969f-247f2db4f854,9e2d9b42-8400-c1ec-cd71-2c30fecb9aff,AM0185,حوض وجه مع دولاب حمام -60 سم,2
4da7e252-a176-d84e-b65f-8873bf5764c9,f27b18da-aee5-2668-fef1-8ef74518a3d3,ALVM50389,رأس سيفوني كروم,3
0c5efff0-2f93-2044-15d2-afc35e95b2e4,4989e878-0b21-7e07-ebeb-fdaa5e4bf146,WP20828,مقعد أرضي ملحوم أبيض,4
f661461b-fb2c-2f05-4edb-4d80ad77eeb4,14b491af-7407-6877-33e2-79acfdfa91fb,ML30602,مرايا حمام مع إضاءة لد مع اطار أسود 90*70 سم,5
28ba4860-263b-043c-e2a4-fa486a44b5f2,14b491af-7407-6877-33e2-79acfdfa91fb,ML30604,مرايا حمام مع إضاءة لد 80*60سم,5
6141c618-6da4-9596-877b-b32ebe7187c8,14b491af-7407-6877-33e2-79acfdfa91fb,VS10220,عمود حوض وجه سداسي معلق أبيض,2
2fb68f8c-b555-1775-68fd-046d360a630d,089a3e06-2fe8-82a9-e5bf-8f3e1f53c887,AM0851,حوض وجه مع دولاب حمام -80 سم,3
3f354304-86ec-8499-a7f8-1b650e11db89,e4510a43-506e-aa3e-ca5e-cbf28c808198,WP20475,مقعد أرضي ملحوم مربع  أبيض,4
47052901-a423-ebba-58d3-c73758050555,089a3e06-2fe8-82a9-e5bf-8f3e1f53c887,AB10849,خزانة حمام أبيض,3
80e6c87a-d780-bacf-3560-1207ff693d9f,089a3e06-2fe8-82a9-e5bf-8f3e1f53c887,ML30834,مرايا حمام ضد البخار مع إضاءة لد 60*80 سم,3
536b4d90-f181-3e1c-c538-81c6b6f1ccec,4119f706-cfaf-2558-d660-e5614c0a9df6,ML30592,مرايا حمام مع إضاءة لد مربعة 60*80سم,1
02b8d2ea-392f-3032-d0bf-f69448b2638d,537e828f-bc66-2fcd-e0de-dd735d02668e,ARSB80686,مخرج شطاف مع علاق كروم,80
41f5f177-7319-bab0-c3ad-0416c61acce4,537e828f-bc66-2fcd-e0de-dd735d02668e,SA10649,طقم اكسسوار كروم,38
63fd8695-3d47-cb51-3712-3e3d59ebc5e7,66fb9bfa-bd57-c349-9cdb-40ca3a476224,ML30835,مرايا حمام ضد البخار مع إضاءة لد 60*80 سم,3
7f5aa4f7-1057-7c85-d64d-d55f19013847,69c04dec-3db3-1f6c-cd3b-1973a71cf3b3,ALVM50201,سيفون حوض الوجه,5
9d37bc08-885e-c67f-987b-03db93734b85,719a69b1-d907-ef8d-e7ca-94773675a6b3,WS10594,مقعد معلق تورنيدو أبيض,2
c9191e98-34f0-bc3e-88dd-c4f5ccf205bf,6e6a2aef-401b-0d19-217f-c384366e953c,MT30245,خلاط شطاف مع شطاف أسود,3
fb06144e-e985-7cb9-c0e5-a08cf8001b72,43947afb-bb87-1e45-b58d-b9bbda6f2097,MLE40821,خلاط حوض وجه مدفون ذهبي,2
57a4619c-a374-67fa-b9b3-26132ae69972,d9c9f9c1-a56d-76d3-f1ee-35221b12a68f,WS10594,مقعد معلق تورنيدو أبيض,2
9cd9d964-c25c-3268-a626-8634efc3999a,d9c9f9c1-a56d-76d3-f1ee-35221b12a68f,VS10597,حوض وجه معلق أبيض -60سم,3
c85084c2-c15e-734d-0fc0-f435fb405560,3e7d1a4d-9cf5-ea9f-9136-bc7454d1b570,AASB30638,صابونية أسود,5
1c0c9053-36eb-b811-a236-bda31a4f484e,0c1455f2-741f-5d71-a37c-7487730ccc59,ATWC50168,وصلة بتارية مدفونة مائلة 25 سم,1
e5cd461f-7cb5-1eb3-4129-aa0c0d7d72da,9e2d9b42-8400-c1ec-cd71-2c30fecb9aff,AM0184,حوض وجه مع دولاب حمام -60 سم,2
799d9fdf-3c54-7b69-3ee4-b6d0e22c633c,6521fc60-6410-6124-8b1e-90ccf3373fb2,ML30749,مرايا حمام مع إضاءة لد,1
48b4d7f2-3ea2-2891-2f28-a4e066667eee,6521fc60-6410-6124-8b1e-90ccf3373fb2,ML30748,مرايا حمام مع إضاءة لد,1
ba93b617-77de-3705-f112-7cfaabd24d25,3baf8451-ca62-6509-9587-e31f5e63563e,MC10653,سرفنتينة 15 سم * 15 سم أسود,10
ed903c8a-d6ad-b5f6-1a50-9da43bc2ece0,3baf8451-ca62-6509-9587-e31f5e63563e,MC10645,مجرى 40 سم *8 سم أسود,5
026497a9-00ae-d044-9555-e42cee9ca07a,3baf8451-ca62-6509-9587-e31f5e63563e,AASB30673,فرشاة تنظيف مرحاض ذهبي,6
2c720b3d-6cd7-46f4-54ee-6470f10157fa,3baf8451-ca62-6509-9587-e31f5e63563e,MA20625,خلاط حوض المطبخ سحاب كروم مطفي,9
e00aa666-1544-e334-0bf0-858f128b215c,3baf8451-ca62-6509-9587-e31f5e63563e,AASB30638,صابونية أسود,6
19fbf994-b636-d352-9f5b-a676d28a62ee,30b1be0d-d380-be9b-e344-106402ee9537,ARSB80813,مصب دوش قصير بتحويلة كروم,3
7d3ddc7f-c27f-eb59-a4a2-8aceb4f26512,30b1be0d-d380-be9b-e344-106402ee9537,ARSB80268,مصب دوش طويل بدون تحويلة كروم,3
d4176caa-8e95-1e2d-9ad8-015b13fdaa6f,30b1be0d-d380-be9b-e344-106402ee9537,ARSB80824,كسكاس دوش مربع 250*250 مم مع قصبة كروم,10
fcb825d5-e272-e5d9-c225-96f941579b76,30b1be0d-d380-be9b-e344-106402ee9537,ARSB80826,كسكاس دوش دائري 250 مم مع قصبة كروم,5
258e2c2c-db12-935c-c5eb-2106a05f5392,30b1be0d-d380-be9b-e344-106402ee9537,ALVM50808,سيفون حوض الوجه كروم,10
7f85c28f-864e-989d-79db-ed693795774d,30b1be0d-d380-be9b-e344-106402ee9537,ALVM50019,رأس سيفوني كروم,10
d04b2a3a-f85d-74ce-b22d-75233d4b0e06,30b1be0d-d380-be9b-e344-106402ee9537,MDE50822,خلاط دوش مدفون ايدج ذهبي,3
d32413fc-85d3-81ce-00e0-0d6696e6c450,30b1be0d-d380-be9b-e344-106402ee9537,ARSB80298,سماعة دوش مع طوبو كروم,10
36826c2b-16ac-caf3-e1af-17affae0333a,30b1be0d-d380-be9b-e344-106402ee9537,ARSB80499,سماعة دوش مع طوبو كروم,5
e8e9cda6-771f-89a1-ef30-63b30d024ea6,f1d13733-bc3c-0086-24a4-72801a1228d6,ARSB80657,شطاف ظغط مربع مع طوبو كروم,3
7b41c4e7-0061-2a6e-086c-e0ac560f53ee,30b1be0d-d380-be9b-e344-106402ee9537,ARSB80030,شطاف ظغط دائري مع طوبو كروم,5
25b43fc8-524b-8a21-ef2a-9e556705302d,3e7d1a4d-9cf5-ea9f-9136-bc7454d1b570,MC10654,سرفنتينة 15 سم * 15 سم ذهبي,6
8111bde6-1bc5-b4a8-3c6a-1f8fe68171b4,3e7d1a4d-9cf5-ea9f-9136-bc7454d1b570,MC10653,سرفنتينة 15 سم * 15 سم أسود,10
50ddbbf9-1cd9-8b11-3b2a-e24c01f708e7,9f513352-43e8-4aff-9144-cf1ae3323d7c,LG40361,حوض وجه برسلين 60 سم,1
e1ea2808-d8e3-173c-6855-d240e7038801,30b1be0d-d380-be9b-e344-106402ee9537,ARSB80817,شطاف ظغط دائري مع طوبو كروم,5
2606bee0-041b-dfd0-6d5c-64eff0d60d65,f1d13733-bc3c-0086-24a4-72801a1228d6,ARSB80499,سماعة دوش مع طوبو كروم,1
2fc4318d-a163-ffb0-fcc4-f3b8bcb48ceb,30b1be0d-d380-be9b-e344-106402ee9537,ARSB80818,شطاف ظغط دائري مع طوبو كروم,20
d7356c4d-61f7-87f1-2b9c-d861dcbee611,30b1be0d-d380-be9b-e344-106402ee9537,ARSB80811,مصب دوش مربع قصير بالتحويله أسود,3
89bef117-ba14-d7bf-7137-411f2641b1a0,30b1be0d-d380-be9b-e344-106402ee9537,MLE40821,خلاط حوض وجه مدفون ذهبي,3
4200b687-6cbf-4386-83a8-87afc9d4c423,d9de8bf2-69ef-99fb-9c7c-c9c17c756b9c,ALVM50016,سيفون حوض الوجه أسود,2
2bb11833-6bd7-a73a-83cf-2049562e018e,d9de8bf2-69ef-99fb-9c7c-c9c17c756b9c,ALVM50020,رأس سيفوني حوض الوجه طويل أسود,2
e961f870-e2d5-a7e3-7b0d-a653cff32b5a,30b1be0d-d380-be9b-e344-106402ee9537,PS20820,علاقة مناشف فردية كروم,2
95b566b5-0bd3-fc95-50f8-0bfb363005ee,9d86c8ef-1e20-9392-c1d9-8b3a8889bef7,WS10015,صندوق مقعد معلق أبيض,5
2f73c598-89e9-85f6-bdc8-32532a509bc3,6bf04d28-6ca9-1c57-5681-37f6d2e1ff04,ARSB80245,كسكاس دوش دائري مع قصبة كروم,3
28e1c0e1-f118-d1c6-d90a-ea5f26c10e8c,19f9af46-14cb-f070-bd86-ba716de57509,WS10014,مقعد معلق (صندوق خارجي) أبيض,5
ba65dddb-3424-54ad-59e3-98216026792a,d9de8bf2-69ef-99fb-9c7c-c9c17c756b9c,WS10014,مقعد معلق (صندوق خارجي) أبيض,2
0b5cb3dd-7e1d-b2c2-48ca-7fb1c858f33f,d9de8bf2-69ef-99fb-9c7c-c9c17c756b9c,WS10015,صندوق مقعد معلق أبيض,2
2333b013-6767-78c4-d1fc-5f1928a9fd35,30b1be0d-d380-be9b-e344-106402ee9537,MTE60675,خلاط شطاف مدفون كروم,7
69ca99f4-0015-775a-4833-62e39b6de3cb,30b1be0d-d380-be9b-e344-106402ee9537,MLE40823,خلاط حوض وجه مدفون مع مَصَب كروم,3
76018d46-6ffd-fb29-53e0-ada7673fa518,30b1be0d-d380-be9b-e344-106402ee9537,MDE50823,خلاط دوش مدفون شريحة مربع كروم,7
b2136554-6806-f42d-6069-e7eb7f8501d0,8aaee54b-9842-0930-2fd1-438c2d5362b7,ALVM50206,سيفون حوض الوجه كلك,80
c2687352-12da-3103-b258-a64a656f7a62,30b1be0d-d380-be9b-e344-106402ee9537,MTE60822,خلاط شطاف مدفون شريحة مربع كروم,7
5c38cf96-39c4-64c3-8e42-32198a44d5b3,30b1be0d-d380-be9b-e344-106402ee9537,SA10823,طقم اكسسوار كروم,2
64d151cc-f65e-ede0-b6d2-5807aa48fc4b,3e7d1a4d-9cf5-ea9f-9136-bc7454d1b570,PS20636,علاقة ملابس ثلاثية كروم,8
d1ec43e3-54bc-41b5-7bf1-c2b2569053bc,9f513352-43e8-4aff-9144-cf1ae3323d7c,EG40356,رف حوض وجه برسلين 60 سم,1
f5d1c6b4-8626-040a-f839-c5017a28a94f,b2e31587-10eb-b4b9-1528-03669e966e6c,EG40156,رف حوض وجه برسلين 80 سم,2
c5c5a27b-92c9-e3ea-e19b-4bd6a300367c,30b1be0d-d380-be9b-e344-106402ee9537,ARSB80302,شطاف ظغط مربع كبيرمع طوبو كروم,10
4080e964-0ff0-0e83-8420-b6b525ee76cd,30b1be0d-d380-be9b-e344-106402ee9537,ALVM50809,سيفون حوض الوجه كروم,10
32c938d9-92a9-5b98-e850-4b7081366062,e4133a9b-6a3f-fdac-765d-a2b74840b5f0,CD40656,مسطرة دوش زوجية مع خلاط دجتل رصاصي,3
aa3a6ab7-5eee-1ab8-718d-165ef2f566db,6bc61948-dded-8639-f377-17623a657b64,ATWC50167,وصلة بتارية مدفونة 35 سم,5
eeae71d8-fb27-7306-8d51-1cc14fad5f17,6b5688c1-ca15-c06c-2186-0e2f05a53f07,ARSB80241,كسكاس دوش مربع 200*200 مم كروم,2
43239b25-94ee-3da6-d1a1-5f07a5435a28,fce9fb21-5acc-5d20-7fb9-4720419a81ec,WS10594,مقعد معلق تورنيدو أبيض,6
f095758f-97a9-e431-93e9-0c56789a013a,48706d4b-cd64-7cee-4a08-04e9a7cddeb8,WS10481,مقعد معلق رايملس أبيض,3
2dee147f-ae08-bbdf-a5cb-21a73d3e5248,95c51645-d46f-ea3b-d2d3-66112e67a8d8,WP20587,مقعد أرضي ملحوم أسود,1
41bc9be6-23ce-a2ca-3fcf-52a93e2c9d57,52caf5cd-8bb9-0c62-f4fb-cffc940c27a3,WS10594,مقعد معلق تورنيدو أبيض,3
0a2f3b57-0fff-2a2a-3175-03b1236f6278,52caf5cd-8bb9-0c62-f4fb-cffc940c27a3,EL10701,حوض مطبخ ستانلس ستيل منظومة بيانو 304 75*46 كروم,3
0fa747ab-a760-6195-5989-7a663b45321b,9431f12b-96e6-dfce-95ce-34b7f78333dd,WP20480,مقعد أرضي ملحوم مربع أبيض,3
11f0304a-490b-5694-4255-5a27522e3eca,30878cdf-847b-edd8-d2eb-b96fec3e5e4b,VS10597,حوض وجه معلق أبيض -60سم,1
552cc7ff-e4c4-91bd-8ce6-6d677be5940f,c21fd096-06fd-8c7d-079a-77e98fa46085,WP20157,مقعد أرضي ملحوم موطو أبيض,1
c1d43611-25f4-c973-fa34-90ee8e3b74cd,8aaee54b-9842-0930-2fd1-438c2d5362b7,WA40474,غطاء مقعد موطو أبيض,10
7c1250ef-9df0-036c-daa7-508d470287fe,8aaee54b-9842-0930-2fd1-438c2d5362b7,MD20627,خلاط دوش كروم,5
d0886cdd-f90c-2aae-c8f4-2b4d59a3966a,8aaee54b-9842-0930-2fd1-438c2d5362b7,CD40622,مسطرة دوش زوجية مربعة مع خلاط أسود,8
18b1d972-10b4-5814-0dd2-94d55866268e,5c97997d-972a-41ba-d950-c8ba07600db4,ARSB80191,مخرج شطاف مع علاق كروم,5
c30328bd-8bb6-c1dd-f905-60f352f856ff,5c97997d-972a-41ba-d950-c8ba07600db4,PS20666,علاقة مناشف زوجية أسود,5
133ecf9e-557a-b8b3-a0f2-fb3361b561b5,3e7d1a4d-9cf5-ea9f-9136-bc7454d1b570,SA10650,طقم اكسسوار أسود,5
8fd2f13e-da9b-0279-e7e2-7edfb8f02aeb,3e7d1a4d-9cf5-ea9f-9136-bc7454d1b570,WS10817,مقعد معلق ملحوم تورنيدو أبيض,1
492bb98c-410c-cdec-5e80-aa4767204776,69c04dec-3db3-1f6c-cd3b-1973a71cf3b3,ATWC50233,بتارية مقعد أرضي تحت في كييس,4
e35c799e-c1fd-3b77-d971-f856ec4236ac,5c97997d-972a-41ba-d950-c8ba07600db4,ALVM50288,رأس سيفوني كروم,5
9ae8afa3-1b8b-9d4e-a0b2-b5978484ae40,5c97997d-972a-41ba-d950-c8ba07600db4,ARSB87799,شطاف ظغط دائري مع طوبو كروم,5
b663a82b-e43f-388d-760b-803077616258,5c97997d-972a-41ba-d950-c8ba07600db4,ARSB88899,سماعة دوش مع طوبو كروم,2
671e2035-7c74-923a-62ca-3336685b3955,b88baa38-4698-19ea-a7b4-41221f96125b,ARSB8022,مخرج شطاف مع علاق  كروم,5
f8aeffe7-bd02-8212-02bf-bd556515b75d,b88baa38-4698-19ea-a7b4-41221f96125b,MC10856,مجرى 40 سم *6 سم كروم,5
dcad4233-f42b-d86a-7e8f-9559d3794c63,b88baa38-4698-19ea-a7b4-41221f96125b,MD20242,خلاط دوش كروم,7
abbe9e53-d8a5-a62d-4c04-157cb369b2a6,b88baa38-4698-19ea-a7b4-41221f96125b,LG40176,حوض وجه برسلين مشطوف 80 سم,1
c8a2b1ea-0ca5-2bab-86af-ed5b8d17d4f8,b88baa38-4698-19ea-a7b4-41221f96125b,MT30243,خلاط شطاف كروم,3
1c21304d-1475-06fe-7f39-4e33209e40ad,b88baa38-4698-19ea-a7b4-41221f96125b,ML10017,خلاط حوض وجه كروم,10
a6143096-ca44-2907-437e-5fb8e0ce4b1e,b88baa38-4698-19ea-a7b4-41221f96125b,EG40177,رف حوض وجه برسلين 80 سم,1
81daece7-b046-3e1c-9b88-01c7291be6d1,43947afb-bb87-1e45-b58d-b9bbda6f2097,MTE60003,خلاط شطاف مدفون أسود,2
6a7ffcc7-79f4-37b4-4541-f394efedef62,77cf8171-0d15-0ced-b6d6-4beec1cdf22e,AM0841,حوض وجه مع دولاب حمام -80 سم,4
5cb3beee-c244-09f3-db95-622ea84c5160,77cf8171-0d15-0ced-b6d6-4beec1cdf22e,AB10842,خزانة حمام أبيض,4
a1e40cf4-4ba5-2be8-d708-f6661be8db82,77cf8171-0d15-0ced-b6d6-4beec1cdf22e,AB10839,خزانة حمام أبيض,4
f1b32d4e-9513-c455-5523-758e49eca1e9,77cf8171-0d15-0ced-b6d6-4beec1cdf22e,AM0853,حوض وجه مع دولاب حمام -80 سم,2
23e77ffd-d521-3a26-ff88-5393e0b5dcdd,77cf8171-0d15-0ced-b6d6-4beec1cdf22e,AB10854,خزانة حمام أبيض,2
51f00499-30e9-ee25-32b0-af2011675251,b647c4bb-9627-9c73-d29f-6ec50086c1aa,WS10169,مقعد معلق رايملس أسود,4
19a806a3-c169-f35a-49bc-d58af2e031c8,77cf8171-0d15-0ced-b6d6-4beec1cdf22e,AB10843,خزانة حمام أبيض,3
5f6da4cb-67fa-e6c7-1165-f3801dc7b585,77cf8171-0d15-0ced-b6d6-4beec1cdf22e,AM0845,حوض وجه مع دولاب حمام -80 سم,3
c3e03418-d1f0-5b22-2b5c-14013b716b81,b2e31587-10eb-b4b9-1528-03669e966e6c,LG40375,حوض وجه برسلين مشطوف 80 سم,2
35ffb7d0-d425-00ef-b656-692244463bb9,77cf8171-0d15-0ced-b6d6-4beec1cdf22e,AB10849,خزانة حمام أبيض,2
06e3bea8-ab85-aa21-afc6-f5b4c6b2e29b,77cf8171-0d15-0ced-b6d6-4beec1cdf22e,AM0847,حوض وجه مع دولاب حمام -80 سم,2
ca84af90-922f-09e7-1848-099c35cb8da8,77cf8171-0d15-0ced-b6d6-4beec1cdf22e,AB10848,خزانة حمام أبيض,2
e984f8d3-8f95-0196-7911-83f2ea9e88ae,77cf8171-0d15-0ced-b6d6-4beec1cdf22e,ML30834,مرايا حمام ضد البخار مع إضاءة لد 60*80 سم,11
f881cdbb-e479-1a1c-bf4e-628b1061677d,77cf8171-0d15-0ced-b6d6-4beec1cdf22e,ML30835,مرايا حمام ضد البخار مع إضاءة لد 60*80 سم,6
df7f5c6e-a5b8-28f6-a764-3e28f9008fe7,1937b8fa-ded5-615c-8938-2537c152bf28,CD40622,مسطرة دوش زوجية مربعة مع خلاط أسود,5
a420c05e-351a-5764-5b43-cdd1b228f461,e094aab9-4aa9-1839-7024-63833345b81c,ML30834,مرايا حمام ضد البخار مع إضاءة لد 60*80 سم,1
d9231eaf-dd25-3f3f-1ae3-6c0b212ed744,98897bd4-e294-d28c-808d-8077cc9686b0,LG40183,حوض وجه برسلين مشطوف 80 سم,1
fa327eff-ec51-7423-ef49-821c082fe5d9,fb9ef6fa-23b5-8151-eecd-3a89d32b9061,MC10652,سرفنتينة 15 سم * 15 سم كروم,27
dc08d232-66ff-37bf-98d8-9997c831f8c5,4f79a226-7134-e73e-f29f-30200e6b4f6d,SA10823,طقم اكسسوار كروم,3
c2ede56e-dc18-1492-42ab-322ad5bed1a4,c9a1a690-e02f-1ee3-ac35-fe8a08cc6f85,EG30251,حوض مطبخ جرانيت أسود محبب 70*50,1
cb67c8ba-7489-973e-2cc4-a766a0a64946,7bdfd059-5161-6abc-3e59-30b62b9a8380,MA20618,خلاط حوض المطبخ سحاب كروم,2
6710ee67-47aa-5981-67ce-740c613e0f46,0c1455f2-741f-5d71-a37c-7487730ccc59,AASB30405,حامل ورق منظف كلينكس,3
a73aac19-4412-f34d-0eb7-b575f1553ebd,0c1455f2-741f-5d71-a37c-7487730ccc59,AASB30407,حاملة فوط كروم,3
8a2d53a7-435c-7c9a-d183-f30a184dcb2c,74acde29-35fe-6cdc-b96f-42aab4cbd75d,RFP1868,"فسيبلي "" 1/2 أنثى * ""1/2 أنثى 50سم",10
7599b18a-3bff-b2a2-6ef1-6e40dda5708f,2d310bb1-53f8-9043-3593-0c5987769e78,AASB30014,رف زاوية زوجي كروم,6
a0b4dc92-d16d-674b-e607-6833e86fa9fd,88ef9542-9000-890c-5c16-5e6cf723b84f,ARSB80137,قصبة دوش دائري 30 سم كروم,2
dd14fe90-7543-ad98-edac-9333f6085f05,6521fc60-6410-6124-8b1e-90ccf3373fb2,AB10745,خزانة حمام أبيض,1
00484c5d-ad2b-b17d-41f0-4f649618d522,e7c0a7f4-8c4e-7ed9-7b08-1cea4d4de6f9,ARSB80815,"مسكر شطافة ""1/2"" * ""1/2 أسود",4
d75804a2-d1e6-be5d-ab63-577bd7fd71e9,dfb82425-15e3-c2ed-1cdd-96bf7cdb045d,WP20158,مقعد أرضي ملحوم طويل أبيض,4
58f95fb4-2326-c3eb-70e0-e40f78a3a0fd,b2e31587-10eb-b4b9-1528-03669e966e6c,LG40147,حوض وجه برسلين 100 سم,2
cda26113-17de-8e33-2282-a826958d1f3a,3d7e6bb5-d9c2-a99f-a4a1-61af10a0eacb,MC10653,سرفنتينة 15 سم * 15 سم أسود,7
db68dce0-d111-353a-2405-b589f12074f2,f217afac-ece8-2617-7fa3-fc8fbfed65f9,ARSB80757,شطاف ظغط مربع مع طوبو ذهبي,4
dc72aca2-f458-dd5a-8c1f-08d0664713c6,706a161d-ac62-bb04-2e2c-54aad25ee6e8,AM0737,دولاب حمام مع حوض وجه 60 سم,2
3295afc7-c87f-7d86-3181-89f52b1421fa,706a161d-ac62-bb04-2e2c-54aad25ee6e8,AB10743,خزانة حمام أبيض,2
0e499f31-1e4a-a229-36ff-65c53d224679,706a161d-ac62-bb04-2e2c-54aad25ee6e8,ML30748,مرايا حمام مع إضاءة لد,2
82842542-327e-df20-475a-a0e5df962982,c0f78688-44c5-4e5f-8d4f-2fc2d59ac471,WP20588,مقعد أرضي ملحوم أبيض,5
93dcda69-6ceb-892c-f739-a37e5653f534,c0f78688-44c5-4e5f-8d4f-2fc2d59ac471,WP20157,مقعد أرضي ملحوم موطو أبيض,4
a7e66037-fba1-e4f0-178a-45dc4cf9fdbe,c0f78688-44c5-4e5f-8d4f-2fc2d59ac471,WS10163,مقعد معلق رايملس أبيض,6
abc9ab3f-6884-ba19-45ba-ad37cab63476,c0f78688-44c5-4e5f-8d4f-2fc2d59ac471,MC10655,سرفنتينة 10 سم * 10 سم كروم,10
fc109250-98ab-7f6e-bf29-0b5331e3e376,c0f78688-44c5-4e5f-8d4f-2fc2d59ac471,MC10644,مجرى 40 سم *8 سم كروم,10
9005a8f6-29f9-60ac-df7a-48fb201447e7,c0f78688-44c5-4e5f-8d4f-2fc2d59ac471,ARSB80657,شطاف ظغط مربع مع طوبو كروم,5
62149ee1-e937-4c79-6ea3-66a840eaa9bf,c6444336-3725-2828-98ee-9370cff33e75,ARSB80658,شطاف ظغط مربع مع طوبو أسود,1
f16d7d9a-083d-1efc-1f2e-75c9c1f5343d,c6444336-3725-2828-98ee-9370cff33e75,ARSB87752,سماعة دوش مع طوبو أسود,1
b756a130-5932-130c-beef-8c655d925c65,706a161d-ac62-bb04-2e2c-54aad25ee6e8,ML30749,مرايا حمام مع إضاءة لد,2
c851c1bc-918a-78f6-533c-c743b1a4460d,73e16525-205f-2e9a-0250-c3cb93c6a85c,VS10205,حوض وجه معلق رصاصي -60سم,3
a5d6786a-4c7e-b2c7-18a5-5a58dd6483f6,4121cc86-9df5-27c6-e913-d14945629073,VS10177,حوض وجه معلق أبيض,1
77514d8a-3c07-fd64-fe6d-5d9f7f478ccf,b422382f-d70e-1811-078f-77678c20b634,RO10998,حنفية غسالة  ''1/2 * ''3/4 كروم,10
2e11a1c6-4c25-2edc-de0e-416f6f209fe2,bf6521e3-ca6e-4389-9d23-d7531c7bbe2c,WP20158,مقعد أرضي ملحوم طويل أبيض,2
c23e5d40-370b-8ce2-0667-7069bb6cd5d9,719a69b1-d907-ef8d-e7ca-94773675a6b3,WS10167,مقعد معلق رايملس رصاصي,1
31269408-0a5d-48de-25a7-f713e538bc18,73e16525-205f-2e9a-0250-c3cb93c6a85c,VS10208,حوض وجه معلق أبيض -60سم,4
5f87c73a-1369-e3f7-2350-b75b3f20a725,b2e31587-10eb-b4b9-1528-03669e966e6c,EG40149,رف حوض وجه برسلين 100 سم,2
431736a1-4f52-55cb-ea3a-03a80f74afc2,66fb9bfa-bd57-c349-9cdb-40ca3a476224,AM0737,دولاب حمام مع حوض وجه 60 سم,3
a7b69116-5859-9abf-fa5e-2d6a24b5d29d,90b1b024-fea5-22d0-1822-6470413fdf54,ATWC50098,صندوق بتارية مقعد أرضي,2
54ea9abf-7051-1332-e858-e98c8fb7c0b6,dfb82425-15e3-c2ed-1cdd-96bf7cdb045d,WP20159,مقعد أرضي ملحوم سداسي أبيض,9
0ef24b15-9fc5-6d01-445d-75783a57f0e2,90b1b024-fea5-22d0-1822-6470413fdf54,WP20447,مقعد عربي ورده أبيض50*60,1
ade8e161-6768-c84e-f66b-3eada05c0a16,a1bafe82-3199-1c5a-1ccd-b45b35947ad5,VS10792,حوض وجه معلق بالعلاقة-80 سم,1
dafc80c2-9ced-f755-c4a3-1fc38401a377,a1bafe82-3199-1c5a-1ccd-b45b35947ad5,WP20828,مقعد أرضي ملحوم أبيض,2
6c2e7845-c5bb-c902-ff05-21ef8fed369b,a1bafe82-3199-1c5a-1ccd-b45b35947ad5,WP20827,مقعد أرضي ملحوم أبيض,1
f55f9b0a-0375-5299-2098-cefe6042efc4,c0f78688-44c5-4e5f-8d4f-2fc2d59ac471,WP20476,مقعد أرضي ملحوم مموج  أبيض,2
cc260632-681f-3ae9-5329-0f62b1f510c6,c0f78688-44c5-4e5f-8d4f-2fc2d59ac471,VS10597,حوض وجه معلق أبيض -60سم,6
cce837bb-1fee-e2e9-2bfa-81d960a33ab9,fd4e7927-47ab-638a-4eb7-a64c86a80ba4,AM0849,حوض وجه مع دولاب حمام -60 سم,3
45788f9c-0cfe-32e8-1599-547808f72a1a,6a7fb846-1dcb-07df-0b82-39435cd0e08a,AASB30671,فرشاة تنظيف مرحاض كروم,10
df5d4b33-7c54-f391-a958-7c58499718a8,fd4e7927-47ab-638a-4eb7-a64c86a80ba4,AB10841,خزانة حمام أبيض,3
c119af2f-14d7-fcf3-ca23-37403572cc15,6a7fb846-1dcb-07df-0b82-39435cd0e08a,MC10652,سرفنتينة 15 سم * 15 سم كروم,30
1af29ae8-e308-706c-c64c-a70ea42c5b1e,fd4e7927-47ab-638a-4eb7-a64c86a80ba4,ML30840,مرايا حمام مع إضاءة لد80*60 سم,3
3faa0763-d946-17e2-86e7-89cc20a2f6e6,8f6293eb-cee4-f1bb-3405-be6333e991e0,ARSB80082,شطاف ظغط مربع مع طوبو كروم,4
66245951-783c-3de1-92ce-b22f1c6301dc,33f6f748-a71b-2996-7eec-0fa3fe42e596,VS10177,حوض وجه معلق أبيض -50سم,2
cfdfa6b5-fa25-0289-90a6-4563b67ad766,84df313d-5bd2-7f13-c570-222bd38ee224,MC10731,سرفنتينة 15 سم * 15 سم كروم,5
bd039e90-ecab-dc27-0f3e-abee8f597e5d,f1af39bb-084b-1d7b-20bb-fbb97e6893e7,VS10177,حوض وجه معلق أبيض -50سم,2
c34b77f2-863c-1fb1-d1a0-0db2d551ee16,fce9fb21-5acc-5d20-7fb9-4720419a81ec,PD20123,حاجز دوش 8 مم  مضبب120  سم,2
ca56341e-0a42-e8cc-8a53-4c13f9caedf2,b2e31587-10eb-b4b9-1528-03669e966e6c,LG40369,حوض وجه برسلين مشطوف 80 سم,2
57e60408-050a-45b7-5e83-d82742c36c11,2e170e07-4bb6-04c1-cf81-ba795cb8c305,ML30079,مرايا حمام مع إضاءة لد 90*60 سم,1
20d533bf-4642-3d49-5471-ec1517fca92b,5bdbd288-5379-af40-e058-fbf07c7637b2,PLSA0132,وردة كروم,15
11f89dc3-dd05-d484-5429-b832b4086aa3,206486d0-5bfd-c233-8891-32844131d210,WP20158,مقعد أرضي ملحوم طويل أبيض,6
925ab597-b26a-f8e3-59a6-5bdba918decd,232bb3ec-b4cb-52be-52c4-0674458a88d0,EG40177,رف حوض وجه برسلين 80 سم,4
84a3fc6e-f5a6-d41e-6c5d-23906378ba13,206486d0-5bfd-c233-8891-32844131d210,PS20666,علاقة مناشف زوجية أسود,9
47de827a-da66-26e2-65cd-2483d8b001ef,6b5688c1-ca15-c06c-2186-0e2f05a53f07,ARSB80087,شطاف ظغط مربع مع طوبو كروم,2
645cb723-0ff8-2e95-ece9-c36e5d87dbab,bb9e2493-8098-5597-3423-978478425341,CE10007,سخانة 80 لتر,1
7b5766d0-6728-ef17-ab1b-def0dcd84d58,e4510a43-506e-aa3e-ca5e-cbf28c808198,WP20158,مقعد أرضي ملحوم طويل أبيض,2
75642db0-f0e4-3461-3468-9545923b4985,81bce375-b58c-b5aa-b11d-177fa91d32cd,CE10268,سخانة 30 لتر,2
5a40b5e8-e9c7-9e56-f7f5-d050f9093f06,ea8bcfd4-453d-17b9-40c8-3930d35828c0,ML30746,مرايا حمام مع إضاءة لد-عرض60*80 سم,4
12557735-9b7f-b79f-353b-d3dddc3e9a51,648dcf89-83ff-05e6-15ab-89fd748ee702,MTE60806,خلاط شطاف مدفون ميريدا أسود,5
7897ec3b-f864-96d1-acfa-42c89c534c9d,ea8bcfd4-453d-17b9-40c8-3930d35828c0,ML30744,مرايا حمام مع إضاءة لد-عرض60*80 سم,3
1a9077ea-9b8f-2821-05ee-d33f09056a5e,648dcf89-83ff-05e6-15ab-89fd748ee702,MDE50807,خلاط دوش مدفون ميريدا أسود,5
ea956b33-59bb-b2df-53fa-8bc8e4092682,70ae288e-a347-fe68-1b86-03894534e6ec,CD40542,مسطرة دوش زوجية مع خلاط كروم,4
1433bea6-81d2-9cb6-34c6-123cb551aea5,c848c066-648c-c296-5389-650956faeda0,ML30603,مرايا حمام مع إضاءة لد مع اطار ذهبي 90*70 سم,5
7ce791fd-99da-afd5-f9d2-ccd2d5ddfa1a,2632acea-b454-9a4c-86dc-d097cd70ee28,ARSB80662,مخرج شطاف مع علاق كروم,14
6e86a44d-65a2-e9f5-64a0-559937920c34,71b39cda-aeb9-abb9-06eb-c73f27dded43,VS10220,عمود حوض وجه سداسي معلق أبيض,5
d963958d-3c23-148a-04ed-5022306b831d,71b39cda-aeb9-abb9-06eb-c73f27dded43,WP20475,مقعد أرضي ملحوم مربع  أبيض,3
9d346307-9409-6007-12e3-9b5087ce65de,249afebb-a84c-55a8-04ea-420582639d84,EL10433,حوض مطبخ ستانلس ستيل 76*45  أسود,1
5370da80-58a4-d9c1-a2a1-61a4327ee2a9,1bf7e8e8-3554-0514-82f0-d2eb4633c55c,EG40102,رف حوض وجه برسلين 80 سم,1
ad4ec5d2-87c9-c4ff-9e0e-d3518f208533,b422382f-d70e-1811-078f-77678c20b634,ARSB80640,"مسكر شطافة ""1/2"" * ""1/2 كروم",20
3ddcf545-fc72-9b98-1db3-4c40beeabd2a,b2e31587-10eb-b4b9-1528-03669e966e6c,LG40368,حوض وجه برسلين مشطوف 80 سم,2
8b6affce-8dd1-e0c8-f6fb-975b4ecc7a24,b1a74108-5b9b-68db-fa20-fd53b16ad7b1,ART0032,سماعة دوش مع طوبو كروم,5
49945702-0a7f-9d40-88bd-35e2975e19de,b1a74108-5b9b-68db-fa20-fd53b16ad7b1,AASB30401,حاملة ورق منظف كلينكس,5
305d6bc8-b5ae-40f3-7a2d-e75f725c1b56,b1a74108-5b9b-68db-fa20-fd53b16ad7b1,ARSB80483,مصب دوش بتحويلة كروم,5
c83dc43c-4786-fb9f-fef4-e41fb923acf3,3baf8451-ca62-6509-9587-e31f5e63563e,MC10647,مجرى 50 سم *8 سم كروم,5
2334d75a-b155-8397-71a9-a8d7146a6d19,3baf8451-ca62-6509-9587-e31f5e63563e,ARSB80662,مخرج شطاف مع علاق كروم,10
89c89238-c814-3d57-9560-95641c503c07,73e16525-205f-2e9a-0250-c3cb93c6a85c,WS10590,مقعد معلق رايملس رصاصي,4
7935ead2-8027-94e0-f190-e20f93002335,7771fdaf-eaca-5189-fd9e-f9f4e2807479,WS10163,مقعد معلق رايملس أبيض,2
97bee5b6-2fc2-bf7e-bbf2-b4f266a8c653,c6444336-3725-2828-98ee-9370cff33e75,SI10176,سلكون  280 غرام شفاف,6
95637a7d-df78-1b0b-73cc-9af1238dc2c5,b2e31587-10eb-b4b9-1528-03669e966e6c,LG40155,حوض وجه برسلين مشطوف لد 80 سم,2
4f90e65e-500d-3447-0fe4-b54ab38fa726,2b334161-789a-c642-4ad9-272e346cff7e,WS10594,مقعد معلق تورنيدو أبيض,4
3c545d53-423a-ff58-286f-70a19cea2421,2b334161-789a-c642-4ad9-272e346cff7e,ML30603,مرايا حمام مع إضاءة لد مع اطار ذهبي 90*70 سم,5
43ccb05f-2991-0e83-acb5-47f3a673c0d5,1d67d142-d995-b0a7-a059-98ddbcd0bd8d,ML10024,خلاط حوض وجه  15 سم كروم,2
cb4df58a-09d2-9ad3-ec14-5bb955c0aa31,1d67d142-d995-b0a7-a059-98ddbcd0bd8d,MF20189,مراية حمام صغيرة بالعلاقة ضد البخار كروم,4
05a5ca22-655d-e981-6565-7de1ac10f904,3baf8451-ca62-6509-9587-e31f5e63563e,ML10626,خلاط حوض وجه  رصاصي,10
6feac238-6ba8-0cd2-ecb6-105388dea0f5,3baf8451-ca62-6509-9587-e31f5e63563e,ME10624,خلاط حوض المطبخ شجرة رصاصي,6
9b76beb2-fdd6-905c-9a1f-ef4e2cb7574e,3baf8451-ca62-6509-9587-e31f5e63563e,AASB30670,مسند لكبار السن كروم,5
c75b3fbd-ad0e-bc71-8980-d6eb662816f9,3baf8451-ca62-6509-9587-e31f5e63563e,MA20623,خلاط حوض المطبخ سحاب أسود-كروم,6
5a162a26-9480-9fb6-d3df-6ffa3aa75f24,3baf8451-ca62-6509-9587-e31f5e63563e,MD20619,خلاط دوش كروم,6
40608037-7a54-f354-6968-d23e386338c7,3baf8451-ca62-6509-9587-e31f5e63563e,MD20627,خلاط دوش كروم,6
dc761394-2df3-4624-e896-538f17afb4d0,b422382f-d70e-1811-078f-77678c20b634,PLSA0130,مطول 1/2*20 مم كروم,20
7667e5eb-e6a0-d93b-9d65-c0cd8579b843,b2e31587-10eb-b4b9-1528-03669e966e6c,EG40370,رف حوض وجه برسلين 80 سم,2
5fb2b053-7671-2eb3-98b5-e20fa6eb4d03,b2e31587-10eb-b4b9-1528-03669e966e6c,EG40373,رف حوض وجه برسلين 80 سم,2
58035efb-28dd-84c8-7220-7ac316208416,b2e31587-10eb-b4b9-1528-03669e966e6c,LG40149,حوض وجه برسلين مشطوف 80 سم,2
c03aa2dd-a9ea-95f2-c59a-f5ee9a2dd68f,3baf8451-ca62-6509-9587-e31f5e63563e,PS20665,علاقة مناشف زوجية كروم,6
febe62b4-a982-9187-e53a-1f83d8b66bf4,3baf8451-ca62-6509-9587-e31f5e63563e,PS20666,علاقة مناشف زوجية أسود,6
96df5431-f769-796c-0826-86d173ebb031,3baf8451-ca62-6509-9587-e31f5e63563e,AASB30671,فرشاة تنظيف مرحاض كروم,6
f48a8856-0a79-0e1e-75c0-4a3c569520b9,3baf8451-ca62-6509-9587-e31f5e63563e,MT30629,خلاط شطاف مع شطاف 15 سم كروم,5
a62ce2c3-9fa3-ad2b-bbb3-293dee055a58,3baf8451-ca62-6509-9587-e31f5e63563e,MT30630,خلاط شطاف مع شطاف 15 سم أسود,10
7a6fd549-8433-e17c-f266-32ccbf9389f1,3baf8451-ca62-6509-9587-e31f5e63563e,AASB30669,مسند لكبار السن أبيض,5
efdabe5d-f355-9c60-9607-f0e183fc92c8,3baf8451-ca62-6509-9587-e31f5e63563e,MA20615,خلاط حوض المطبخ سحاب أسود,4
15b50b00-0c22-40fd-84ef-3fbb18eabbef,3baf8451-ca62-6509-9587-e31f5e63563e,MC10648,مجرى 60 سم *8 سم كروم,5
8f9a9151-c633-cabc-8a76-deed5f0e8fa8,3baf8451-ca62-6509-9587-e31f5e63563e,MC10646,مجرى 40 سم *8 سم ذهبي,5
da64e246-a0ea-a54c-33db-ef8fa9e34774,9daa3b51-bdb0-4e47-e3a4-c2da4d11e6f7,WS10169,مقعد معلق رايملس أسود,4
6794469e-b883-46b2-a007-642d184ae04a,3baf8451-ca62-6509-9587-e31f5e63563e,MC10641,مجرى 30سم *3 سم كروم,5
3e19940e-1c2d-6418-cb14-daed6fb78375,c0f78688-44c5-4e5f-8d4f-2fc2d59ac471,WP20158,مقعد أرضي ملحوم طويل أبيض,5
5ef9be9f-d8c0-f3f4-451c-14d26d82fd7e,3baf8451-ca62-6509-9587-e31f5e63563e,MC10643,مجرى 30 سم *8 سم كروم,5
51294c4f-6a56-9518-ab52-698826eeb15f,3baf8451-ca62-6509-9587-e31f5e63563e,MC10644,مجرى 40 سم *8 سم كروم,5
28605bc9-6fec-3bc7-16c2-29f4e536a769,3baf8451-ca62-6509-9587-e31f5e63563e,MC10642,مجرى 50سم *3 سم كروم,5
2d6968aa-861e-7526-3aad-7553c3ef7b76,b422382f-d70e-1811-078f-77678c20b634,PLSA0259,"طابة ""1/2 مع وردة كروم",4
447b22e9-d0e7-fdce-d4c1-77220fc8804b,b422382f-d70e-1811-078f-77678c20b634,ARSB80815,"مسكر شطافة ""1/2"" * ""1/2 أسود",4
ac4d8cc3-4dd0-f8cf-ce60-615448980c8b,944cb92e-a4f3-4505-cb93-3ae1071977cf,ATWC50168,وصلة بتارية مدفونة مائلة 25 سم,1
aac15158-afa1-21ca-0b52-382f31dc6270,b2e31587-10eb-b4b9-1528-03669e966e6c,EG40150,رف حوض وجه برسلين 80 سم,2
790d7586-f7e8-3837-405f-0ca21333849b,30b1be0d-d380-be9b-e344-106402ee9537,MTE60147,خلاط شطاف مدفون ذهبي,3
8167bb58-5ad9-1b4f-a7f7-ad3b0d87a66f,3baf8451-ca62-6509-9587-e31f5e63563e,MC10655,سرفنتينة 10 سم * 10 سم كروم,6
52c19bc7-aca0-81dc-1c0a-990a222b556f,3baf8451-ca62-6509-9587-e31f5e63563e,AASB30672,فرشاة تنظيف مرحاض أسود,6
831ec133-ec46-8b23-5ef1-879f4ff8440a,3baf8451-ca62-6509-9587-e31f5e63563e,SA10649,طقم اكسسوار كروم,5
17b6b74f-3f55-5792-b37b-94e39ca10eb6,3baf8451-ca62-6509-9587-e31f5e63563e,ARSB80657,شطاف ظغط مربع مع طوبو كروم,10
cadd4351-ea65-b183-c35a-b9d1eb3520ac,3baf8451-ca62-6509-9587-e31f5e63563e,PS20636,علاقة ملابس ثلاثية كروم,10
bb640330-f9f5-3d7d-59a5-c9ac72c6aabf,3baf8451-ca62-6509-9587-e31f5e63563e,PS20637,علاقة ملابس ثلاثية أسود,10
3f525926-7bad-3b0c-18e2-3c592c49cbef,3baf8451-ca62-6509-9587-e31f5e63563e,AECU50633,سقطار لحوض المطبخ أسود85 سم,3
c8323adc-7b68-20fc-81e1-f056b1f8ccd0,3baf8451-ca62-6509-9587-e31f5e63563e,CD40621,مسطرة دوش زوجية مربعة مع خلاط كروم,4
b1b532ea-8a85-0c4c-dc15-5305edb7b43c,192fd8e0-1a84-1c29-5ded-90976b743a44,MA20030,خلاط حوض المطبخ سحاب أسود,1
9510b1ff-c152-0a12-40a5-fb0a2ebb7d4d,3baf8451-ca62-6509-9587-e31f5e63563e,CD40622,مسطرة دوش زوجية مربعة مع خلاط أسود,4
549fa74c-cf83-b7ce-4492-44c25f5be4bb,3baf8451-ca62-6509-9587-e31f5e63563e,CD40656,مسطرة دوش زوجية مع خلاط دجتل رصاصي,4
83d7cfed-ae35-adf3-6975-794d94eef794,3baf8451-ca62-6509-9587-e31f5e63563e,EL10685,حوض مطبخ ستانلس ستيل 304 75*45,4
0d3827a7-b735-1534-2c47-011c35f2f044,d6ef7da5-ccf8-47ca-12a1-da05a8ab4b8a,WP20158,مقعد أرضي ملحوم طويل أبيض,2
63646a50-3426-da5d-779b-7e4bea4798a6,3baf8451-ca62-6509-9587-e31f5e63563e,AASB30634,صابونية أسود,6
d3835029-b4e0-3e58-44f1-05b8082324f7,3baf8451-ca62-6509-9587-e31f5e63563e,ARSB80661,مخرج شطاف كروم,10
d71b3ac3-b9c9-1954-425a-f2095506fbda,3baf8451-ca62-6509-9587-e31f5e63563e,ARSB80660,مخرج شطاف مع علاق كروم,10
9b4dc7ff-e1ff-2b28-bd5f-fcddaea099c0,3baf8451-ca62-6509-9587-e31f5e63563e,ARSB80639,"مسكر شطافة ""1/2"" * ""1/2 كروم",20
69236f99-4d59-395f-75d8-b2af2c3ee5b6,3baf8451-ca62-6509-9587-e31f5e63563e,ARSB80640,"مسكر شطافة ""1/2"" * ""1/2 كروم",40
d844d534-39ce-dcb5-1861-1204635c0185,c158bbce-f472-dbe5-27da-edb79114dcd1,RFP1868,"فسيبلي "" 1/2 أنثى * ""1/2 أنثى 50سم",4
608ec7d5-f0f7-b445-d63e-59781951cf4e,10592940-c21b-9b23-7b1b-baf3d78395f8,EL10888,حوض مطبخ ستانلس ستيل   80*48 رصاصي,5
bca05654-4867-507b-6eed-f4d52b4f0386,10592940-c21b-9b23-7b1b-baf3d78395f8,EL10886,حوض مطبخ ستانلس ستيل   60*45 رصاصي,5
464df6b4-3d62-945d-de2c-db23d1c1171c,30b1be0d-d380-be9b-e344-106402ee9537,ARSB80812,مخرج شطاف دائري بالعلاقة أسود,3
1545319d-54eb-960d-4e6a-418f1fc62a41,9f8e82e2-2ae0-3252-5b52-62d43add8980,RA20078,صرباص 25,5
4e4b1022-7239-4ac4-ec2a-18ebdb08682c,9f8e82e2-2ae0-3252-5b52-62d43add8980,RA20013,"وصلة 25"" لحام",6
9fa46021-fcb4-d8c3-f478-2ed29456c958,3baf8451-ca62-6509-9587-e31f5e63563e,MA20688,خلاط حوض المطبخ سحاب كروم مطفي,6
27a58918-6ee0-d797-91b1-39034ca1f69a,3baf8451-ca62-6509-9587-e31f5e63563e,AASB30668,رف زاوية زوجي اسود,4
42da7c2e-f022-e568-c40e-10d8bd32b847,3baf8451-ca62-6509-9587-e31f5e63563e,ARSB80658,شطاف ظغط مربع مع طوبو أسود,6
a3b9df56-b8cb-d6eb-7695-ffc5eeda1c2a,3baf8451-ca62-6509-9587-e31f5e63563e,PS20687,علاقة مناشف كبيرة ثلاثية كروم,6
c864822c-e5d8-59d8-1920-8592f04954f5,3baf8451-ca62-6509-9587-e31f5e63563e,MT30628,خلاط شطاف مع شطاف 15 سم كروم,10
8524ae13-8c83-7ad9-5bb2-1f06a653b384,3baf8451-ca62-6509-9587-e31f5e63563e,AASB30635,حاملة فرشاة أسنان زوجية أسود,5
e6f59146-e5eb-2a32-4065-c82c1f93a5a6,3baf8451-ca62-6509-9587-e31f5e63563e,SA10650,طقم اكسسوار أسود,5
c1f334ab-2199-20ba-a872-1fbd3b2dbd25,3baf8451-ca62-6509-9587-e31f5e63563e,MC10654,سرفنتينة 15 سم * 15 سم ذهبي,10
a7764f6e-72b9-6deb-f07b-cb0900acf5fc,73e16525-205f-2e9a-0250-c3cb93c6a85c,MC10641,مجرى 30سم *3 سم كروم,13
854b82f6-cf00-2293-9cdd-235d7989d3cf,73e16525-205f-2e9a-0250-c3cb93c6a85c,VP20484,حوض وجه فوق الرخام أبيض 41.5 سم,5
aafea5fa-9505-1130-a358-72e6a4a507b8,73e16525-205f-2e9a-0250-c3cb93c6a85c,MC10644,مجرى 40 سم *8 سم كروم,10
cfe2f976-b938-57c9-61c8-b9d1201d442f,252ea9f4-8a3a-c415-e0d6-730d1c1ad0b0,WP20162,مقعد أرضي ملحوم ذهبي رخامي,2
d7ffa488-0f60-bbea-8faf-337928264d3e,c158bbce-f472-dbe5-27da-edb79114dcd1,ARSB80478,قصبة دوش 40 سم سقفية اسود,3
58162fcf-d40c-fd70-69fb-f3c01cf85d30,c158bbce-f472-dbe5-27da-edb79114dcd1,WS10819,مقعد معلق كبير بلس سايز تورنيدو أبيض,2
a79c9bf6-e49d-f4f5-ef46-237e7bda27ad,3c37c0da-00a7-3094-33e9-3fd3e0aea92d,VS10820,حوض وجه معلق أبيض 36x52,3
251b4717-1008-5ce3-2d11-0c24769a3f29,10592940-c21b-9b23-7b1b-baf3d78395f8,EL10885,حوض مطبخ ستانلس ستيل   65*45 رصاصي,5
f70253b9-275f-fd1b-1750-85677aecfb9d,9f8e82e2-2ae0-3252-5b52-62d43add8980,RA20014,"وصلة 25* 1/2"" سن داخلي",3
a853c589-ab81-c164-1c13-78332a0eacde,73e16525-205f-2e9a-0250-c3cb93c6a85c,WS10594,مقعد معلق تورنيدو أبيض,4
ef5eb02c-f0ab-ef85-6600-79636afe3a65,73e16525-205f-2e9a-0250-c3cb93c6a85c,WP20475,مقعد أرضي ملحوم مربع  أبيض,2
a2a80b5e-fa7c-52bf-ad9c-4d37ca6348c3,73e16525-205f-2e9a-0250-c3cb93c6a85c,WP20477,مقعد أرضي ملحوم مربع قصير أبيض,4
aad5fc6c-cbfd-e041-9f7a-1ab04bc91607,73e16525-205f-2e9a-0250-c3cb93c6a85c,WP20587,مقعد أرضي ملحوم أسود,2
a6d6d5ed-282b-45ae-4520-7a5cef0eefe6,73e16525-205f-2e9a-0250-c3cb93c6a85c,WP20476,مقعد أرضي ملحوم مموج  أبيض,6
91530060-928d-c92d-35c8-93a368f2986c,73e16525-205f-2e9a-0250-c3cb93c6a85c,WP20480,مقعد أرضي ملحوم مربع أبيض,4
12317499-6dbe-4a66-9abb-56379cc1f692,73e16525-205f-2e9a-0250-c3cb93c6a85c,WP20588,مقعد أرضي ملحوم أبيض,6
b46a7729-5652-e232-2ec2-b4195c2f3468,e2b80a3e-cea1-b51a-6126-c3ec2e615eb7,ARSB80462,كسكاس دوش مربع 250 مم  كروم,2
8927b1f3-5fb0-f3c8-d685-0e0ce21e4448,e2b80a3e-cea1-b51a-6126-c3ec2e615eb7,ARSB80598,قصبة دوش مربعة 40 سم كروم,2
b54c8933-3a12-b0be-5a92-42dd83f568b7,e2b80a3e-cea1-b51a-6126-c3ec2e615eb7,WS10172,مقعد معلق رايملس أبيض,1
e5db024c-ac0c-298c-c31a-41a682c2583e,e2b80a3e-cea1-b51a-6126-c3ec2e615eb7,VS10202,حوض وجه معلق -60 سم,2
b4b1c645-3a92-8ab6-932b-a218d94594ff,c6444336-3725-2828-98ee-9370cff33e75,PLSA0264,وردة أسود,3
606a3e79-906b-5cd7-bc7c-a87484429ac9,b647c4bb-9627-9c73-d29f-6ec50086c1aa,MC10643,مجرى 30 سم *8 سم كروم,10
1cc8d17d-14a4-f895-5bde-23f499f8280b,9f8e82e2-2ae0-3252-5b52-62d43add8980,RA20001,"كوع 25"" لحام",12
9c364863-0e51-3c58-f953-11a9cb29ab99,9d03b41e-2a03-415a-d2e8-5bbe5563204d,SA10836,طقم اكسسوار كروم,10
fc1caca1-f732-3a64-87c1-28884e009193,c74a6a9e-7a17-a6b1-f5eb-a51576cb2fee,CE10930,سخانة عمودية   50 لتر,2
c75085ac-2d9a-fad0-34d9-ea58d9eed537,c74a6a9e-7a17-a6b1-f5eb-a51576cb2fee,CE10925,سخانة 80 لتر عمودية,1
9bf37a35-d0d9-cdf8-e8c3-8e2a5cd109f7,f7acbbfd-2511-14cd-cd2b-1e8b62c0daa2,MC10455,مجرى 50 سم *8 سم مشبكة كروم,6
46ae50e1-3ea3-395e-87f3-78690fbb3cec,782b565b-1f9b-e22d-c9d4-a32a9e54a41e,ML10019,خلاط حوض وجه كروم,3
9751436d-0a55-a342-3ba4-ffb7a81a77bb,a82eddcf-294a-4c82-f8f4-fcba4748958a,ARSB80239,كسكاس دوش دائري 250 مم مع قصبة كروم,3
832eb292-597c-2fba-c582-81d982db6adc,9d03b41e-2a03-415a-d2e8-5bbe5563204d,ARSB80853,سماعة دوش دائرية مع طوبو كروم,10
267b60f8-baa6-2222-92ed-ea55149c1685,9d03b41e-2a03-415a-d2e8-5bbe5563204d,ARSB80847,شطاف ظغط مربع مع طوبو كروم,20
1d20650c-c4dc-0567-80fa-329f3770195c,9d03b41e-2a03-415a-d2e8-5bbe5563204d,ARSB80851,سماعة دوش مربعة مع طوبو أسود,10
41bf1b5a-4a9e-af13-2df7-c368636e2290,9d03b41e-2a03-415a-d2e8-5bbe5563204d,ARSB80849,شطاف ظغط مربع مع طوبو أسود,11
630761db-0677-083c-fad8-24ece42695dc,09b4fad3-8368-3b77-7d3f-b180e5f2583e,ARSB80275,كسكاس دوش مربع 250*250 مم مع قصبة كروم,13
14ee1049-1da6-6acb-bc92-db97dbd51402,82f8ce37-05e5-cde6-61f7-8207d4f2313d,ALVM50022,رأس سيفوني حوض الوجه طويل ذهبي,1
d3974975-9860-5389-f942-f9482138a585,7a8baee1-2237-0598-3318-766eb187fa87,EL10885,حوض مطبخ ستانلس ستيل   65*45 رصاصي,10
467b65c5-f879-448f-a8e1-0111eb8cb282,7a8baee1-2237-0598-3318-766eb187fa87,EL10884,حوض مطبخ ستانلس ستيل   65*45 أسود,5
6e2d48fd-0448-b149-6dfc-aba2403b4792,7a8baee1-2237-0598-3318-766eb187fa87,EL10886,حوض مطبخ ستانلس ستيل   60*45 رصاصي,10
811619f8-4632-6e2f-660d-8820303b58cb,7a8baee1-2237-0598-3318-766eb187fa87,EL10887,حوض مطبخ ستانلس ستيل   60*45 أسود,5
b714100a-7eb8-b7ca-abce-9cc3eacfc337,7a8baee1-2237-0598-3318-766eb187fa87,EL10888,حوض مطبخ ستانلس ستيل   80*48 رصاصي,10
dc0f844a-3fd1-2e48-ed03-5e2d16f03666,1878a344-2291-8e17-b659-f91e2d9734b6,AASB30834,سلة قمامة أسود  8 لتر,2
484d9f72-9f06-7359-b9bf-a6e3c6ca59d0,7a8baee1-2237-0598-3318-766eb187fa87,EL10889,حوض مطبخ ستانلس ستيل   80*48 أسود,5
433d796f-196b-9ca1-66ce-09343a342fc2,6a7fb846-1dcb-07df-0b82-39435cd0e08a,AASB30832,سلة قمامة كروم  8 لتر,2
f84d848c-6c69-ed7d-1931-15eb2034d715,a32c62f1-e748-2bcc-7894-7f18b51b4c23,ARSB80821,مصب دوش مع تحويلة أسود,4
a5003a38-1a1c-d09b-390b-054d73bb5b38,dc2e36ee-427d-1fe7-a4e1-5b91a4866ae4,AM0816,دولاب حمام حوض مع مرايا لد -90 سم,2
1e506bcd-9885-953e-1a18-320577106cc4,7a8baee1-2237-0598-3318-766eb187fa87,AECU50890,راجع سيفون حوض مطبخ,100
bd827303-fd2b-f5a5-de12-73a7d325ba7a,1878a344-2291-8e17-b659-f91e2d9734b6,MT30854,خلاط شطاف دائري مع شطاف 15 سم كروم,6
a2211f9b-3cf2-fdd3-d218-148c771ab0c1,6a7fb846-1dcb-07df-0b82-39435cd0e08a,AASB30833,سلة قمامة ذهبي   8 لتر,2
d8756fc8-d5a9-79b4-e00a-aa004699a51c,6a7fb846-1dcb-07df-0b82-39435cd0e08a,SA10837,طقم اكسسوار كروم,4
b4d61407-d025-120a-b507-f491da0a65b2,6a7fb846-1dcb-07df-0b82-39435cd0e08a,SA10835,طقم اكسسوار أسود,4
26e05d51-d960-9807-d80e-4b9235b4bef5,6a7fb846-1dcb-07df-0b82-39435cd0e08a,SA10836,طقم اكسسوار كروم,4
34c644e2-df29-5607-b2b7-1fa3a6967114,6a7fb846-1dcb-07df-0b82-39435cd0e08a,SA10651,طقم اكسسوار ذهبي,4
38bfa06e-1cb1-3f93-c1ab-4eb61cd0cbf1,6a7fb846-1dcb-07df-0b82-39435cd0e08a,ARSB80850,سماعة دوش مربعة مع طوبو كروم,5
e22d7b96-ab04-c777-5145-76a9b48459f5,6a7fb846-1dcb-07df-0b82-39435cd0e08a,MT30852,خلاط شطاف مربع مع شطاف 15 سم كروم,5
2709b5f3-0794-fcb3-6baf-73c407ac0107,7a8baee1-2237-0598-3318-766eb187fa87,ALVM50819,رأس سيفوني اسود,20
0e30890c-5a40-a836-7be3-2921423d56fb,6a7fb846-1dcb-07df-0b82-39435cd0e08a,AASB30831,سلة قمامة كروم معلقة 5 لتر,3
91428064-e34a-ea06-2168-57c2af099acb,30b1be0d-d380-be9b-e344-106402ee9537,ARSB80807,شطاف ظغط دائري مع طوبو أسود,2
87373e80-29c2-e6a5-e86f-2cf7b4c83582,5f8b4cdd-f2f1-9fe6-574d-f697ec2d6682,ML30800,مرايا حمام ضد البخار مع إضاءة لد 80*70 سم,6
1e6d0aa0-008e-64aa-86ea-c39860984f04,5f8b4cdd-f2f1-9fe6-574d-f697ec2d6682,ML10898,خلاط حوض وجه كروم,3
b5a9b14b-3bbc-cdd5-2195-eb06fb94a03f,5f8b4cdd-f2f1-9fe6-574d-f697ec2d6682,ARSB80139,شطاف ظغط دائري مع طوبو كروم,4
b8334be2-4ff5-5aea-36f6-3ee626c6fc8f,6a7fb846-1dcb-07df-0b82-39435cd0e08a,WS10813,مقعد معلق تورنيدو أبيض,4
c915b190-43a7-3eb8-df80-e7abdd9ee92b,6a7fb846-1dcb-07df-0b82-39435cd0e08a,WS10818,مقعد معلق كبير بلس سايز ملحوم تورنيدو أبيض,4
130709ed-45b9-9c0b-dd31-2f54c472b19e,6a7fb846-1dcb-07df-0b82-39435cd0e08a,WS10812,مقعد معلق تورنيدو أبيض,4
7bd21770-8daa-700c-36c8-ef66a5d90696,6a7fb846-1dcb-07df-0b82-39435cd0e08a,WS10815,مقعد معلق ملحوم تورنيدو أبيض,4
7b027764-bc7e-4111-4184-0265c744aa9b,6a7fb846-1dcb-07df-0b82-39435cd0e08a,WS10817,مقعد معلق ملحوم تورنيدو أبيض,4
00170f17-7a31-5d33-3f64-726f0db2c269,5f8b4cdd-f2f1-9fe6-574d-f697ec2d6682,ARSB80818,شطاف ظغط دائري مع طوبو كروم,4
27b14d99-0832-d4d3-b3ac-1c8eee8ec7f5,89c1e2cb-7ace-c373-903c-78b1402b991b,WP20162,مقعد أرضي ملحوم ذهبي رخامي,3
2f780043-d77f-0343-efbd-84d349fd6491,5f8b4cdd-f2f1-9fe6-574d-f697ec2d6682,ML30799,مرايا حمام ضد البخار مع إضاءة لد 70*50 سم,5
e8216df0-5273-8a31-784f-ad2c38cb4709,d9633700-5724-70fb-3afa-1fd61edf8a2d,ART0038,طوبو شطاف 120 سم كروم,2
e2380928-3996-74d4-2215-26b7b73de557,d9633700-5724-70fb-3afa-1fd61edf8a2d,ARSB80109,شطاف ظغط مربع مع طوبو ذهبي,2
d7126643-7522-ddcf-a6cb-abef5066ee3e,1878a344-2291-8e17-b659-f91e2d9734b6,MT30630,خلاط شطاف مع شطاف 15 سم أسود,8
32341bc3-a65a-710a-5ba0-f07057e5eb2d,6a7fb846-1dcb-07df-0b82-39435cd0e08a,VS10828,حوض وجه معلق أسود -60سم,4
5a516095-7e50-9837-6430-4051acdabddc,6a7fb846-1dcb-07df-0b82-39435cd0e08a,VS10822,حوض وجه معلق أبيض60,4
a2dc06a6-35b9-ec9e-0478-ede618943a56,6a7fb846-1dcb-07df-0b82-39435cd0e08a,VS10820,حوض وجه معلق أبيض 36x52,4
814260bd-82f3-f8fc-72ad-4ddfb505dd50,6a7fb846-1dcb-07df-0b82-39435cd0e08a,VS10209,حوض وجه معلق أبيض -60سم,4
7680f662-ef4d-9348-fa3c-5b814e16f089,6a7fb846-1dcb-07df-0b82-39435cd0e08a,VS10821,حوض وجه معلق أبيض 42x56,4
2216818f-b7ab-1c31-3318-40437eeee34d,1fe811d3-0b63-9c86-9b07-de31322eb511,MC10446,مجرى 40 سم *8 سم كروم,5
8e644c9f-fb0f-62dc-bd3a-d65c853695a4,6a7fb846-1dcb-07df-0b82-39435cd0e08a,WS10816,مقعد معلق ملحوم تورنيدو أبيض,4
97eaea78-a816-042b-b2c7-704717ece8e4,30b1be0d-d380-be9b-e344-106402ee9537,ARSB80138,مصب حوض وجه  22 سم كروم,5
27e34e53-8125-a9eb-df13-a80619335d64,537e828f-bc66-2fcd-e0de-dd735d02668e,SA10650,طقم اكسسوار أسود,4
9dece281-22a3-1d37-9352-ebfd1f29ad8f,2b334161-789a-c642-4ad9-272e346cff7e,WP20159,مقعد أرضي ملحوم سداسي أبيض,4
f0e1a238-ed6d-1788-e167-89c74b052517,6a7fb846-1dcb-07df-0b82-39435cd0e08a,ARSB80849,شطاف ظغط مربع مع طوبو أسود,5
0f586ae4-dc6b-abd4-5fb4-1ddf5da00477,6a7fb846-1dcb-07df-0b82-39435cd0e08a,ARSB80848,شطاف ظغط مربع مع طوبو ذهبي,5
c62db8ac-594f-bdda-36f1-412716e4eae0,49f4a201-a101-91b8-0543-c0f650bcddcd,LG40147,حوض وجه برسلين 100 سم,1
0b4277a3-c2b0-1812-b1bc-4144cc1d445f,e80b793c-f24a-5dfe-6f13-cc13f33ae440,WP20828,مقعد أرضي ملحوم أبيض,3
c4ff1a55-1dd6-05f0-e920-4fe6c517c5a5,93083ce2-4b94-9696-cc55-f0cadcefae91,SA10311,طقم اكسسوار كروم,3
32d85ba1-fa12-8fdf-6849-bd680150c123,93083ce2-4b94-9696-cc55-f0cadcefae91,VS10752,حوض وجه معلق 80 سم,1
9be84db8-3931-7037-935c-4c83caa11c59,93083ce2-4b94-9696-cc55-f0cadcefae91,AM0751,دولاب حمام -80 سم,1
a9c9f022-c186-d3b5-0c7b-be15f8e06310,a82eddcf-294a-4c82-f8f4-fcba4748958a,ARSB80214,"مسكر شطافة ""1/2"" * ""1/2 كروم",30
9adc81fe-3212-c00e-d01d-604668272526,a82eddcf-294a-4c82-f8f4-fcba4748958a,ARSB80089,طوبو شطاف 120 سم كروم,1
c70cbe83-4afc-27f9-1e9b-d74101324a9e,f558499f-d03e-7cc5-2468-883f101cb347,RA20037,مواسير 32'' 4 متر,2
ac6fe326-0555-5f60-ca2c-a6fcfb2b545f,75b0509a-c6f2-bab0-b599-09ef0bc02f60,AM0112,حوض وجه مع دولاب حمام -80 سم,2
4c1164c3-5f1a-781d-e9df-428ff77b3a8d,175ab378-f895-0df3-1662-53036e7d60e0,ART0035,سماعة دوش مع طوبو كروم,3
1e91b2a8-7eb5-3ff9-4603-87db09337610,2632acea-b454-9a4c-86dc-d097cd70ee28,ARSB80661,مخرج شطاف كروم,11
423279d9-cd37-f35c-9f8d-48bf1a47670a,2632acea-b454-9a4c-86dc-d097cd70ee28,EL10685,حوض مطبخ ستانلس ستيل 304 75*45,5
148d02f3-4adc-0cbf-2546-ebf4c0afebc3,2632acea-b454-9a4c-86dc-d097cd70ee28,ML30604,مرايا حمام مع إضاءة لد 80*60سم,5
88afb164-4294-e272-11a7-7b2c5c1293fd,2632acea-b454-9a4c-86dc-d097cd70ee28,EL10701,حوض مطبخ ستانلس ستيل منظومة بيانو 304 75*46 كروم,4
f195eb25-9c5d-f3fe-278a-78efb046c9d9,af6bb2ab-6684-7b64-b008-bcfcdb1dda23,MA20876,خلاط حوض المطبخ سحاب أسود لامع,3
81218bcd-5bcf-f4f9-6bcc-42e1bddad587,1878a344-2291-8e17-b659-f91e2d9734b6,MT30852,خلاط شطاف مربع مع شطاف 15 سم كروم,6
7bdbd248-9574-5408-c9e4-6ddf8889b72b,6a7fb846-1dcb-07df-0b82-39435cd0e08a,WP20827,مقعد أرضي ملحوم أبيض,4
92430946-75a9-3d9a-9b57-ceb346409c9d,9f8e82e2-2ae0-3252-5b52-62d43add8980,RA20017,"وصلة 25* 3/4"" سن خارجي",1
7547fd55-07cd-894d-2145-f09cd60d3df5,af6bb2ab-6684-7b64-b008-bcfcdb1dda23,ARSB80467,شطاف ظغط مربع مع طوبو أسود,3
723bb565-c0a1-c889-eaa7-ed2a60915d0e,af6bb2ab-6684-7b64-b008-bcfcdb1dda23,ARSB80868,كسكاس دوش مربع 250*250 مم مع قصبة اسود,2
6977e898-4527-1aa8-ceb7-e35f030bc9d8,af6bb2ab-6684-7b64-b008-bcfcdb1dda23,ARSB80951,كسكاس دوش مربع شريحه 250 مم,2
8efa0d12-bd92-5a00-be3c-1d9c24597881,af6bb2ab-6684-7b64-b008-bcfcdb1dda23,ARSB88868,مخرج شطاف مربع بالعلاقة أسود,5
a7dabe7a-cbb6-38db-5735-29f270185f8f,af6bb2ab-6684-7b64-b008-bcfcdb1dda23,SA10463,طقم اكسسوار اسود,1
3084a7e3-f157-ad41-83e9-da131cc04501,004012df-14c0-bcc8-ad9b-375ddde2402f,RFP1376,"فسيبلي "" 1/2 أنثى * ""1/2 أنثى 40سم",25
97b43a71-9bfc-80f3-4ee1-b06218918da7,004012df-14c0-bcc8-ad9b-375ddde2402f,ARSB8022,مخرج شطاف مع علاق  كروم,2
28ecf4ef-a135-23db-436a-ae0bdd0f9d9c,004012df-14c0-bcc8-ad9b-375ddde2402f,ARSB80813,مصب دوش قصير بتحويلة كروم,1
bb4c1f63-1840-8af2-d67e-b6d9e02b1a5f,76b5940a-a35c-ec8e-23f5-1ab2722e34d3,PA30558,فيتي بالخبور 8 مم (50 قطعة),1
36fb1def-88f1-74ca-4393-d172d103db75,76b5940a-a35c-ec8e-23f5-1ab2722e34d3,EL10243,حوض مطبخ ستانلس ستيل منظومة بيانو 304 75*46 كروم,1
b5728669-e6fe-c756-99bb-39a984dcb782,90b1b024-fea5-22d0-1822-6470413fdf54,WS10164,مقعد معلق رايملس أبيض,2
436290bd-b5a4-38fc-893d-8ed5a6cd20dd,90b1b024-fea5-22d0-1822-6470413fdf54,WS10169,مقعد معلق رايملس أسود,1
86553b07-d05c-609d-101d-cd508a55a172,710ca69e-cefe-78cb-3431-24503a40abb0,WS10813,مقعد معلق تورنيدو أبيض,5
b4f20d8e-2b3b-f00b-4671-bec0048635a6,710ca69e-cefe-78cb-3431-24503a40abb0,SA10835,طقم اكسسوار أسود,6
f82bb034-05ff-7387-4d8e-1882a0ca4aca,90b1b024-fea5-22d0-1822-6470413fdf54,WP20199,مقعد أرضي أبيض,1
d3cdbf63-7cec-181f-1f9d-a0664a360e2c,710ca69e-cefe-78cb-3431-24503a40abb0,SA10837,طقم اكسسوار كروم,6
887a034d-802d-3748-1457-a4ce15030063,710ca69e-cefe-78cb-3431-24503a40abb0,MC10652,سرفنتينة 15 سم * 15 سم كروم,30
c8264315-acb3-b1c1-4915-b478378b92dc,710ca69e-cefe-78cb-3431-24503a40abb0,MC10654,سرفنتينة 15 سم * 15 سم ذهبي,2
7ed229f4-aa37-29fc-401b-bdede1538ec4,710ca69e-cefe-78cb-3431-24503a40abb0,AASB30831,سلة قمامة كروم معلقة 5 لتر,2
e107136d-4039-9869-16e5-772aef9966db,3a5cefb2-ad31-fd3b-8f3f-383b569f3658,WS10816,مقعد معلق ملحوم تورنيدو أبيض,4
3d6e2711-c5bc-3911-4997-556fe08cf072,710ca69e-cefe-78cb-3431-24503a40abb0,VS10822,حوض وجه معلق أبيض60,2
60e9da3d-54c5-860d-c960-ecfb7e7615c1,6515a5dd-fd71-27b0-22ae-bb27045758d5,PLSA0524,وردة أسود,25
0208509f-d0e6-7e0a-e267-1aa7ded33c0e,6515a5dd-fd71-27b0-22ae-bb27045758d5,RA20468,"سنيسكا 25"" اسود مربع",3
d1728b42-6065-3356-9678-36f784dae316,6515a5dd-fd71-27b0-22ae-bb27045758d5,RA20470,"سنيسكا 25"" ذهبي مربع",6
cf3f679e-8f20-055d-d975-500d07b91fd8,6515a5dd-fd71-27b0-22ae-bb27045758d5,ATWC50179,زر بتريا ذهبي,2
ee8cc548-4efe-05c7-eb34-023de6883bd3,710ca69e-cefe-78cb-3431-24503a40abb0,WS10812,مقعد معلق تورنيدو أبيض,5
06744172-cfd0-2ca3-7267-6cbc9690d957,d6ef7da5-ccf8-47ca-12a1-da05a8ab4b8a,WS10177,مقعد معلق ذهبي,2
c91b7e2f-8114-fd10-c463-25a8ff412e95,710ca69e-cefe-78cb-3431-24503a40abb0,WS10819,مقعد معلق كبير بلس سايز ملحوم تورنيدو أبيض,5
8a6e0f72-8e75-4406-f048-ded70a1dcb93,710ca69e-cefe-78cb-3431-24503a40abb0,WS10816,مقعد معلق ملحوم تورنيدو أبيض,5
ec64b261-a136-2876-9d4f-5cbe14701991,710ca69e-cefe-78cb-3431-24503a40abb0,WS10817,مقعد معلق ملحوم تورنيدو أبيض,5
b5257484-a9f0-1749-5e19-f780caeee32c,710ca69e-cefe-78cb-3431-24503a40abb0,WS10818,مقعد معلق كبير بلس سايز ملحوم تورنيدو أبيض,5
94743f97-3f67-efd8-9fa0-01f8f631cacd,710ca69e-cefe-78cb-3431-24503a40abb0,AASB30834,سلة قمامة أسود  8 لتر,2
117a5b65-4f6e-52a6-c7ea-f10f633480c3,710ca69e-cefe-78cb-3431-24503a40abb0,MD20855,خلاط دوش كروم,5
37edca5d-7156-87a9-d15a-231be3ce55ce,710ca69e-cefe-78cb-3431-24503a40abb0,ARSB80854,سماعة دوش دائرية مع طوبو أسود,2
2a9fb10e-897e-b454-ba5f-ed2930385023,710ca69e-cefe-78cb-3431-24503a40abb0,ARSB80853,سماعة دوش دائرية مع طوبو كروم,3
a7bfbf0a-6d8d-33db-9698-bc51edaf0f63,710ca69e-cefe-78cb-3431-24503a40abb0,ARSB80848,شطاف ظغط مربع مع طوبو ذهبي,4
43195484-1c80-0450-dbd7-18e48bd07341,710ca69e-cefe-78cb-3431-24503a40abb0,ARSB80847,شطاف ظغط مربع مع طوبو كروم,4
7963d44f-a552-307d-0f05-cc8b81a646c7,710ca69e-cefe-78cb-3431-24503a40abb0,MT30854,خلاط شطاف دائري مع شطاف 15 سم كروم,2
0817a131-aff6-f608-05a6-142e3d16125a,710ca69e-cefe-78cb-3431-24503a40abb0,MT30852,خلاط شطاف مربع مع شطاف 15 سم كروم,2
bfc4488b-c528-7926-e657-82e5fbe9d066,1878a344-2291-8e17-b659-f91e2d9734b6,EG30859,حوض مطبخ جرانيت رصاصي 80*45 زوجي,2
19aa2408-523a-f161-523a-fb793e5ee418,9f8e82e2-2ae0-3252-5b52-62d43add8980,RA30009,"كوربة 4"" 87.5°",1
b639ea5b-07f7-984a-2753-3c1683710063,51122860-da98-3c3e-1123-6334766cea2c,VS10205,حوض وجه معلق رصاصي -60سم,1
73679aeb-dc16-ff77-5c47-044dc8a7290e,aa77036a-3f90-1b3c-b8e5-03115187c3d6,WS10169,مقعد معلق رايملس أسود,3
f72606c1-df22-44e2-4ef5-f2f56f23154a,9d03b41e-2a03-415a-d2e8-5bbe5563204d,WS10818,مقعد معلق كبير بلس سايز ملحوم تورنيدو أبيض,6
84e701c4-1c18-59d8-408c-962fc7d02581,c9dc40a7-da50-722f-541d-6f7696c106bd,WS10818,مقعد معلق كبير بلس سايز ملحوم تورنيدو أبيض,4
5fea9472-dca2-7021-4742-89ceca1d6a01,c9dc40a7-da50-722f-541d-6f7696c106bd,WS10817,مقعد معلق ملحوم تورنيدو أبيض,5
31efc947-b898-9ddb-b8c5-dd23f4dc37db,9d03b41e-2a03-415a-d2e8-5bbe5563204d,ARSB80850,سماعة دوش مربعة مع طوبو كروم,10
e667eb2f-b1af-e51d-45b0-2b2133b0026e,b939065f-ec23-0b90-df39-aa9ac45dd506,WP20475,مقعد أرضي ملحوم مربع  أبيض,6
cc16f91b-f462-5cb1-6046-5c9667f3815c,109faa27-628c-442e-4fe8-f795972d8f7f,ART0039,حامل ورق منظف كلينكس,1
44a4f808-18e7-c4b3-4f28-db297ee3a5bb,bfe32f4d-d76e-280f-de2e-771319542196,RA20011,"كوع 25 *  3/4"" سن خارجي",1
62851884-9548-26a0-bbf9-24ba9a30b1bd,710ca69e-cefe-78cb-3431-24503a40abb0,VS10821,حوض وجه معلق أبيض 42x56,4
5c04af9a-dd8d-033c-b15d-350096ea7aba,710ca69e-cefe-78cb-3431-24503a40abb0,VS10828,حوض وجه معلق أسود -60سم,2
fc3ce882-fa5e-cd6f-7c5e-428974b84bc3,710ca69e-cefe-78cb-3431-24503a40abb0,WS10807,مقعد معلق تورنيدو أبيض,6
95804ad6-0253-8216-a297-07e10465a380,710ca69e-cefe-78cb-3431-24503a40abb0,WS10814,مقعد معلق تورنيدو أسود,1
e51766d3-b83c-beda-f4fd-80e8c7e7fd0f,710ca69e-cefe-78cb-3431-24503a40abb0,WS10815,مقعد معلق ملحوم تورنيدو أبيض,5
a742fc76-768a-10f3-ac38-252caa7b7c5b,710ca69e-cefe-78cb-3431-24503a40abb0,ARSB80851,سماعة دوش مربعة مع طوبو أسود,2
fb061f6c-111a-c319-5fb9-649f662ea7fe,710ca69e-cefe-78cb-3431-24503a40abb0,ARSB80850,سماعة دوش مربعة مع طوبو كروم,3
266a6518-1d55-4efd-1129-b8316fe7e5f1,710ca69e-cefe-78cb-3431-24503a40abb0,ARSB80849,شطاف ظغط مربع مع طوبو أسود,4
e5ac1665-a75d-b2e9-04e8-0696282b575e,710ca69e-cefe-78cb-3431-24503a40abb0,WP20827,مقعد أرضي ملحوم أبيض,5
0daf06a5-5f41-d4ce-c988-e44ad504bfdf,710ca69e-cefe-78cb-3431-24503a40abb0,WP20828,مقعد أرضي ملحوم أبيض,5
610be636-0c1f-b946-593a-1f0596d3b50a,1878a344-2291-8e17-b659-f91e2d9734b6,EG30863,حوض مطبخ جرانيت أبيض مطفي79*51 فردي,2
02e092f4-3408-774d-a19b-2a367fe880cf,9f8e82e2-2ae0-3252-5b52-62d43add8980,RA30022,"مثلث 4""",1
60f260de-0980-d940-01b4-0b9c86542e3e,82f8ce37-05e5-cde6-61f7-8207d4f2313d,ALVM50020,رأس سيفوني حوض الوجه طويل أسود,2
da271556-9142-3bcf-dfa9-cfb658f649b0,c87dfc02-6b09-44f0-9c6b-366ea9842486,ARSB80019,مخرج شطاف كروم,4
3f2847a9-92dd-e70b-a341-499765bbb83e,3ff54ba4-9913-18df-dc00-55fb0b378de5,MA20041,خلاط حوض المطبخ سحاب دهبي,2
9e1ebf7d-e388-a581-fb1c-ad237a3c3111,bfe32f4d-d76e-280f-de2e-771319542196,RA20015,"وصلة 25* 1/2"" سن خارجي",1
959f5d80-a68e-7bac-836a-8b251632985f,bcd7eb35-ae58-949b-0504-4a3699dc362b,EG40373,رف حوض وجه برسلين 80 سم,1
97fb966d-8eb4-07b8-5952-00aad9207bf7,c87dfc02-6b09-44f0-9c6b-366ea9842486,ALVM50023,رأس سيفوني كروم,3
907862c1-2fb4-6cf1-27bd-cad21b3b1031,c87dfc02-6b09-44f0-9c6b-366ea9842486,ARSB80200,طوبو دوش 150سم كروم,3
4b9a74d9-ac0c-e17e-1486-9567ff2925ee,f4b81076-f280-ec30-6778-6fc5b6a3e751,WS10815,مقعد معلق ملحوم تورنيدو أبيض,10
ace63033-6c08-fcc9-c31e-aa0f8da127b5,f4b81076-f280-ec30-6778-6fc5b6a3e751,WS10814,مقعد معلق تورنيدو أسود,5
68830f4a-4d9d-1753-789b-60aa514969e8,3b9a1cce-18cb-adf5-ea3b-f54df142c062,LG40770,حوض كواريون كوارتز80سم أسود,1
70858184-f820-5e49-d6fd-f752221ba0b7,3b9a1cce-18cb-adf5-ea3b-f54df142c062,EG40771,رف كواريون كوارتز 80سم أسود,1
bb829454-b8e9-1f63-bfb3-3131c4a6e893,fb099969-085b-d64c-c3f0-6ea3d746debc,ARSB80241,كسكاس دوش مربع 200*200 مم كروم,4
b7d3b0be-a62d-de50-aa62-43284121c147,3b9a1cce-18cb-adf5-ea3b-f54df142c062,ML30775,مرايا حمام مع إضاءة لد 60*80 سم عرض,1
a5fad958-d4eb-1d79-d5e6-97f881372226,2b334161-789a-c642-4ad9-272e346cff7e,ML30602,مرايا حمام مع إضاءة لد مع اطار أسود 90*70 سم,5
e1f80054-a36b-e160-1f68-ac308116e818,206486d0-5bfd-c233-8891-32844131d210,WP20476,مقعد أرضي ملحوم مموج  أبيض,4
22006697-2624-5c76-e3a6-6e4af16d4046,206486d0-5bfd-c233-8891-32844131d210,EL10701,حوض مطبخ ستانلس ستيل منظومة بيانو 304 75*46 كروم,6
9c784193-b70e-e7a8-2097-219725c3c7e8,3a5cefb2-ad31-fd3b-8f3f-383b569f3658,WS10813,مقعد معلق تورنيدو أبيض,3
0927fdf2-8d39-3f0e-21b3-280f69ab3c7a,3a5cefb2-ad31-fd3b-8f3f-383b569f3658,WS10817,مقعد معلق ملحوم تورنيدو أبيض,5
902078b8-1105-13c7-2db1-8f4fa2a9f54d,1878a344-2291-8e17-b659-f91e2d9734b6,WP20828,مقعد أرضي ملحوم أبيض,5
98a405f3-5846-bd49-385e-59dc0866715f,9f8e82e2-2ae0-3252-5b52-62d43add8980,RA30010,"كوربة 4"" 45°",1
48995e1a-1b31-57e4-a94e-ff81aa7959e3,3a5cefb2-ad31-fd3b-8f3f-383b569f3658,VS10209,حوض وجه معلق أبيض -60سم,6
acc9f803-731f-1375-4e6f-ce7f5d158506,914a20f0-8717-d68c-3682-3071783db81e,ML10790,خلاط حوض وجه أسود,3
3dc294b3-9a9b-c34e-2f0b-2f7e45e1367e,914a20f0-8717-d68c-3682-3071783db81e,ML10858,خلاط حوض وجه ذهبي,5
2028adbf-3a68-4236-5728-a1b2cdbb39da,c87dfc02-6b09-44f0-9c6b-366ea9842486,ARSB80034,شطاف ظغط مع طوبو ذهبي,1
a0467dc0-566f-3408-346e-fec4977ebe34,c87dfc02-6b09-44f0-9c6b-366ea9842486,MD20025,خلاط دوش ذهبي,1
a7d682b8-9334-123e-ff9b-62a8e760f00a,914a20f0-8717-d68c-3682-3071783db81e,ML10747,خلاط حوض وجه  كروم,3
4febd369-4639-adbe-f7ab-189c9a738bd5,914a20f0-8717-d68c-3682-3071783db81e,ML10520,خلاط حوض وجه  كروم,2
6c9a55f9-5851-fc7d-6e81-4dcd3c675a20,a0f41b4c-b47d-e9b7-4149-4030d77e986a,RD30306,حوض قدم خزف مربع 70*70 سم,1
f81fe315-65a5-c245-bbd0-2e9ff357d462,914a20f0-8717-d68c-3682-3071783db81e,ML10787,خلاط حوض وجه  كروم,3
39ee500e-53b5-388f-c203-66eddde268b1,914a20f0-8717-d68c-3682-3071783db81e,ML10859,خلاط حوض وجه أسود,5
266d45d8-2990-7226-5527-e345d498c863,914a20f0-8717-d68c-3682-3071783db81e,ML10784,خلاط حوض وجه كروم,5
1cf1655c-566e-7199-b065-ffac3a22cd5a,dc2e36ee-427d-1fe7-a4e1-5b91a4866ae4,AM0815,دولاب حمام حوض مع مرايا لد -90 سم,3
f862efe7-6619-1a19-11c8-f771388982ff,6e6a2aef-401b-0d19-217f-c384366e953c,MD20248,خلاط دوش ذهبي,3
03c3605f-a058-3bef-dbe9-6453f0e3785a,5b6f7001-9d6a-90f2-aed1-88f9a4d22474,VS10822,حوض وجه معلق أبيض60,2
307e9e85-18dd-c1a0-a911-8fe91211c318,5b6f7001-9d6a-90f2-aed1-88f9a4d22474,VS10828,حوض وجه معلق أسود -60سم,2
a814b472-bdd7-753f-0970-bdeb768547af,5b6f7001-9d6a-90f2-aed1-88f9a4d22474,VS10820,حوض وجه معلق أبيض 36x52,2
72c9ab1f-9033-3f6d-e9bf-ce5b6948a473,2a2f580f-4b4a-2973-eac3-f11e11cef111,MDE50676,خلاط دوش مدفون كروم,2
8cf09ff7-7135-8178-5b81-545881370295,2a2f580f-4b4a-2973-eac3-f11e11cef111,ARSB80790,وجه خلاط شطاف مدفون اسود,2
8b7e9b3d-3fd3-3bb7-fd7b-7d293f74c201,c87dfc02-6b09-44f0-9c6b-366ea9842486,ML10074,خلاط حوض وجه  كروم,3
1f1f0c29-7007-042c-15a6-011ed8578cf3,ef008129-10b4-d421-9789-1cf02123bcf0,EG30873,حوض مطبخ جرانيت بيج72*47 فردي,3
3db6b013-489d-4fc7-9b85-736707a80659,1878a344-2291-8e17-b659-f91e2d9734b6,WS10595,مقعد معلق رايملس مموج أبيض,4
9fdb4138-21f6-58e9-1c70-e5e58d0cc965,9f8e82e2-2ae0-3252-5b52-62d43add8980,RA30047,"مخفض 4"" * 3""",1
012f0529-4e89-174e-0e3d-5a69fc4bffc8,9f8e82e2-2ae0-3252-5b52-62d43add8980,RA30056,"مخفض 2"" *.5 1""",2
b633ad09-8620-c760-4f30-013ca4298f82,6a7fb846-1dcb-07df-0b82-39435cd0e08a,AASB30834,سلة قمامة أسود  8 لتر,2
69c3a3ba-7943-5a48-13c3-c6302d75d736,6a7fb846-1dcb-07df-0b82-39435cd0e08a,MD20855,خلاط دوش كروم,3
296d513a-5bda-6c0f-3107-13dc4962af27,5b6f7001-9d6a-90f2-aed1-88f9a4d22474,VS10821,حوض وجه معلق أبيض 42x56,2
6e9803ef-bc93-fb8b-312c-25af34585518,d9633700-5724-70fb-3afa-1fd61edf8a2d,MA20922,خلاط حوض المطبخ سحاب رصاصي مطفي,10
ee482868-2813-9fee-d0a4-c79d88390b66,4846a30b-4fe1-e131-e507-86de4a24b6ff,WP20158,مقعد أرضي ملحوم طويل أبيض,6
28577103-2ccb-0027-53fe-2067c26e9035,d9633700-5724-70fb-3afa-1fd61edf8a2d,MA20921,خلاط حوض المطبخ سحاب كروم مطفي,10
25f85a17-10e6-1d64-b5b1-9f9107b8612e,ef008129-10b4-d421-9789-1cf02123bcf0,ARSB80848,شطاف ظغط مربع مع طوبو ذهبي,10
16a97dd1-5191-7070-9ce7-f622fbef9c41,ef008129-10b4-d421-9789-1cf02123bcf0,VS10822,حوض وجه معلق أبيض60,4
c5c83a10-db44-f78e-1f6c-80cd820ad3dd,ef008129-10b4-d421-9789-1cf02123bcf0,AASB30831,سلة قمامة كروم معلقة 5 لتر,4
7412de5a-39f3-4c13-f528-c714383391cd,d9633700-5724-70fb-3afa-1fd61edf8a2d,MA20923,خلاط حوض المطبخ سحاب كروم مطفي,5
c9273ee6-4027-3f05-6d7a-52b6b107c3f2,ef008129-10b4-d421-9789-1cf02123bcf0,MC10648,مجرى 60 سم *8 سم كروم,10
69dcb3fb-0d24-4185-1f46-d905d4b389d7,1878a344-2291-8e17-b659-f91e2d9734b6,WP20476,مقعد أرضي ملحوم مموج  أبيض,5
0f45082f-07af-5cc8-7b9b-8a9b1ff1c155,6a7fb846-1dcb-07df-0b82-39435cd0e08a,ARSB80853,سماعة دوش دائرية مع طوبو كروم,5
14022439-dd49-8c04-f514-14adc975ea33,004012df-14c0-bcc8-ad9b-375ddde2402f,ARSB80151,قصبة دوش 33 سم كروم,1
70faee0d-3fd4-2556-2827-2d5a13cb4dd5,1878a344-2291-8e17-b659-f91e2d9734b6,ML30600,مرايا حمام مع إضاءة لد دائرية بالعلاقة مع اطار أسود 70سم,5
54b5c797-1896-2c79-9224-f5a387b7aa4d,6a7fb846-1dcb-07df-0b82-39435cd0e08a,ARSB80851,سماعة دوش مربعة مع طوبو أسود,5
4c6ba65a-fdbf-0bce-054c-b244f99c8520,6a7fb846-1dcb-07df-0b82-39435cd0e08a,ARSB80854,سماعة دوش دائرية مع طوبو أسود,5
1e703e07-630b-b8b7-8d81-44aec824fa1c,6a7fb846-1dcb-07df-0b82-39435cd0e08a,AASB30856,سلة قمامة ذهبي معلقة 5 لتر,3
18fea080-0685-f880-8e7d-f805cdf6e33d,6a7fb846-1dcb-07df-0b82-39435cd0e08a,MT30854,خلاط شطاف دائري مع شطاف 15 سم كروم,5
df2e1361-b33a-e39c-8727-185573de280e,52caf5cd-8bb9-0c62-f4fb-cffc940c27a3,ALVM50206,سيفون حوض الوجه كلك,103
ff53e5ce-9005-1d55-11f3-72e9703a2f74,9f8e82e2-2ae0-3252-5b52-62d43add8980,RA30045,"مجمع 3"" 2"" 1.5"" 2""",1
8a25ebca-f728-5f2b-e936-f0c03cac2eae,9f8e82e2-2ae0-3252-5b52-62d43add8980,RA30017,"كوربة 1.5"" - 90°",5
54cf8c66-4afd-9280-e584-b708a84cb6bf,ef008129-10b4-d421-9789-1cf02123bcf0,MC10653,سرفنتينة 15 سم * 15 سم أسود,20
52572f9e-759e-5431-837b-931a3c8b38a4,ef008129-10b4-d421-9789-1cf02123bcf0,EG30864,حوض مطبخ جرانيت بيج79*51 فردي,3
1b812335-50d2-3f55-ef84-59d6ade1c76e,ef008129-10b4-d421-9789-1cf02123bcf0,AASB30832,سلة قمامة كروم  8 لتر,4
3640cc06-e2d4-bdbe-c27c-fec93b26d76c,ef008129-10b4-d421-9789-1cf02123bcf0,MC10652,سرفنتينة 15 سم * 15 سم كروم,30
a40df8f1-39cd-6c53-6ee4-c271c858b574,ef008129-10b4-d421-9789-1cf02123bcf0,WS10817,مقعد معلق ملحوم تورنيدو أبيض,3
f35f5d83-3258-1c2e-dcae-c4806a495628,ef008129-10b4-d421-9789-1cf02123bcf0,SA10837,طقم اكسسوار كروم,4
1d68a5c2-1821-e16b-4ec6-5c82ae8c10a0,ef008129-10b4-d421-9789-1cf02123bcf0,MD20855,خلاط دوش كروم,6
e74ffb02-b6b9-c47b-6978-b85d8dc67a7a,038e42d5-62cc-2d1a-8ebc-9c7d74ae5a32,WS10594,مقعد معلق تورنيدو أبيض,1
a292776b-22c1-dbc4-7298-4317da474f25,b90ef11f-c5dc-ea6d-e98a-681882617e95,WP20162,مقعد أرضي ملحوم ذهبي رخامي,2
5c6df3cb-594b-c2d5-a5f2-0e0c3b69c13f,2d057492-ee31-13fe-fe5e-5af4bc17c988,CE10007,سخانة 80 لتر,1
6ee414a6-69ff-30dd-b7f1-7f77b8bdfce3,2d057492-ee31-13fe-fe5e-5af4bc17c988,PLSA0259,"طابة ""1/2 مع وردة كروم",5
9f6786a7-7fb4-715b-222e-590de026f038,55d48e2f-7602-f51d-883b-e4bf84315efb,CD40161,مسطرة دوش زوجية دهبي,5
b021f7c5-2c41-c47a-e0b8-e9c99fb7115b,14b491af-7407-6877-33e2-79acfdfa91fb,ML30601,مرايا حمام مع إضاءة لد دائرية بالعلاقة مع اطار ذهبي 70سم,10
748c0567-2556-31b7-8a08-724323141e93,14b491af-7407-6877-33e2-79acfdfa91fb,AM0696,دولاب حمام مع حوض وجه 80 سم,1
85ff391c-8968-136e-8a5e-6739a0651e22,14b491af-7407-6877-33e2-79acfdfa91fb,AM40697,مراية دولاب حمام 80 سم,1
6b8e04bd-b541-2830-9d94-bdc2c5b3ba07,14b491af-7407-6877-33e2-79acfdfa91fb,MC10653,سرفنتينة 15 سم * 15 سم أسود,15
9c6918b1-6474-1de1-f9f3-483111fcb659,14b491af-7407-6877-33e2-79acfdfa91fb,ML30600,مرايا حمام مع إضاءة لد دائرية بالعلاقة مع اطار أسود 70سم,5
44879627-47f8-ba45-5b62-494ddbd21ea6,1878a344-2291-8e17-b659-f91e2d9734b6,PD20044,حاجز دوش 8 مم  مظلم 120  سم,4
edfbbc0d-25c3-151b-c0ec-3180f5d38427,82f8ce37-05e5-cde6-61f7-8207d4f2313d,ALVM50021,رأس سيفوني حوض الوجه طويل ذهبي,1
c8da66de-17fa-c035-a1e8-beadd68a71af,9f8e82e2-2ae0-3252-5b52-62d43add8980,RA30018,"كوربة 1.5"" - 45°",5
893c974f-e13b-2416-96b2-083b367ad359,9f8e82e2-2ae0-3252-5b52-62d43add8980,RA20036,مواسير 25'' 4 متر,6
9ca199b3-e644-7346-3fdf-7c7b8f490a34,5c0342a9-aaf4-c463-67ec-e88034dfd2de,PS20765,علاقة ملابس ثلاثية دوران بدون قصبة,2
fe8efeed-802e-f7dc-bc8b-2beb36edadca,731e12e1-e40e-8a70-a0bc-fd1dae50530b,LG40749,حوض كواريون كوارتز80سم أبيض,2
7e873df8-d2bc-baac-de8b-70e78ffb5f23,73b32399-d63a-8c82-25fb-b1526781bdfc,ML30371,مرايا حمام مع إضاءة لد 80*60 سم,2
4122fbe3-04d9-dddc-caf4-9ec80f767892,43947afb-bb87-1e45-b58d-b9bbda6f2097,MLE40822,خلاط حوض وجه مدفون مع مصب أسود,2
ecc872c3-6661-2b13-acbd-bfea8c09ed99,43947afb-bb87-1e45-b58d-b9bbda6f2097,MDE50821,خلاط دوش مدفون فلفيت دائري أسود,2
6d87b0b6-3914-1e23-4d70-b3301c493a75,252ea9f4-8a3a-c415-e0d6-730d1c1ad0b0,WP20478,مقعد أرضي ملحوم ذهبي مخطط,2
43c580a4-a46d-c903-b5d1-8c91d2168b66,69c04dec-3db3-1f6c-cd3b-1973a71cf3b3,AECU50100,سيفون حوض المطبخ,4
852d4adb-cacd-4371-5883-8ed6565fe7b2,b88baa38-4698-19ea-a7b4-41221f96125b,ME10573,خلاط حوض المطبخ شجرة كروم,5
cf5cbc9d-8db0-48c2-cb57-66a8e10eb3b4,5bdbd288-5379-af40-e058-fbf07c7637b2,ARSB80499,سماعة دوش مع طوبو كروم,2
c167e030-58c2-852c-9b69-52b097df9098,32841d81-9646-08b8-a242-af9b7aeb4690,MC10203,سرفنتينة 15 سم * 15 سم كروم,15
ca9e4a37-d0d2-2908-f4cb-7e65e3cdf919,a4f04466-e25d-2f6a-f3fb-1502f005a38a,EL10020,حوض مطبخ ستانلس ستيل   304 86 * 45 سم,2
3acdd18b-4509-d8de-2b97-49b93eae260c,a4f04466-e25d-2f6a-f3fb-1502f005a38a,EL10019,حوض مطبخ ستانلس ستيل   304 85*45 كروم,2
2c4038fa-486a-6501-0882-c957ed71c83c,a4f04466-e25d-2f6a-f3fb-1502f005a38a,EL10006,حوض مطبخ ستانلس ستيل AS248 50*81,3
d0580683-2ab5-7fe4-1497-d50475c1d3e5,232bb3ec-b4cb-52be-52c4-0674458a88d0,LG40174,حوض وجه برسلين مشطوف 80 سم,3
3218f6f6-392d-ac0b-9eb7-ffbc8f072f16,232bb3ec-b4cb-52be-52c4-0674458a88d0,LG40178,حوض وجه برسلين مشطوف 80 سم,4
e1197835-2fd2-a1f3-61a0-333fb35c9404,4e7a36e0-a781-b28b-b320-b010a65feae4,ARSB80594,وجه خلاط شطاف مدفون كروم,3
69da507f-1b7c-54c5-abc8-ea575982b7bb,d415f6a2-fa84-0884-9418-8f466286b162,ML30789,مرايا حمام ضد البخار مع إضاءة لد 60*80 سم,1
783b843f-6017-ceb6-1187-c843034879e7,861586b6-66d0-0006-fb7d-a9c153a5509b,VS10209,حوض وجه معلق أبيض -60سم,2
c662f803-d92a-7559-780b-829ddc2ba6d3,9f8e82e2-2ae0-3252-5b52-62d43add8980,RA20015,"وصلة 25* 1/2"" سن خارجي",2
40e47a08-c15e-9d1d-8460-27aef32e2b6d,a4f04466-e25d-2f6a-f3fb-1502f005a38a,EL10040,حوض مطبخ ستانلس ستيل   304 76 * 45 سم,3
ea6dd088-8370-618f-c282-d90c70884970,a4f04466-e25d-2f6a-f3fb-1502f005a38a,EL10721,حوض مطبخ ستانلس ستيل   304 أسود  65 * 45 سم,2
c0b23a0c-49b7-04d3-2506-efd36222ee63,a4f04466-e25d-2f6a-f3fb-1502f005a38a,EL10432,حوض مطبخ ستانلس ستيل   304 50 * 45 سم,1
d883fbe5-a666-74ec-cd13-2f5c7efb1d44,e788a6b6-7b17-9d53-4c6a-9b1e735b793c,EG40359,رف حوض وجه برسلين 65 سم,3
ac4c13b4-7a76-37f7-9313-3bd064c9a66a,ef008129-10b4-d421-9789-1cf02123bcf0,VS10820,حوض وجه معلق أبيض 36x52,4
92f11884-06c2-8ffe-8edf-925fabf506d3,dde368aa-7536-b268-db9a-dcfbfeecf7e9,WS10014,مقعد معلق (صندوق خارجي) أبيض,4
5526782e-dfee-d87c-aa92-1ec159e959d7,77e6c3f4-1810-fc57-735d-8d38ab01e387,ALVM50809,سيفون حوض الوجه كروم,3
3689d61c-6873-4a6a-84fb-3398d08664da,cb85b769-cee3-65b6-b10a-53c2cd119408,LG40751,حوض كواريون كوارتز80سم أبيض,1
4e662754-4c92-144f-9aa8-67d2dadda90a,6a7fb846-1dcb-07df-0b82-39435cd0e08a,WS10807,مقعد معلق تورنيدو أبيض,4
d3b39c1d-0f95-3d51-984e-ae0d4ff0b955,d6c90f93-e2ce-9891-8a49-126fc0ce6028,RD30585,حوض قدم مستطيل شريحة 120*80سم,1
63bf1e65-90c6-9641-2c8d-00cf11621202,2753c7b7-6b8e-a928-37dd-c1e45a1490ad,ARSB80450,سماعة دوش مع طوبواسود,1
b7cbf2fb-b2fa-28e8-9a9c-2d82d1a4ae6c,8398cb79-4aa3-0e9b-e5c9-7de602814621,ATWC50313,صندوق طرد مدفون بتارية مع زر دائري 9 لتر,3
1f50a381-8a1f-9976-770b-7580ec028467,d9c9f9c1-a56d-76d3-f1ee-35221b12a68f,ARSB80640,"مسكر شطافة ""1/2"" * ""1/2 كروم",37
7e805455-f0b7-3dbe-baa8-ce8d485ce05c,c685bae3-ca8a-8a12-a5f3-54511fe96395,WS10595,مقعد معلق رايملس مموج أبيض,2
8110cfba-7ecf-256e-69f4-cedcb85426be,fd4d73dc-6daa-1cc2-7445-ca3e8959ae07,EG30874,حوض مطبخ جرانيت أبيض ناصع 72*47 فردي,2
df52388b-94fd-1071-c772-afe750519143,706a161d-ac62-bb04-2e2c-54aad25ee6e8,ARSB80296,سماعة دوش مع طوبو أسود,2
efa6d80f-960f-4601-9241-e79099ccbfde,fd4d73dc-6daa-1cc2-7445-ca3e8959ae07,EG30872,حوض مطبخ جرانيت أسود مطفي72*47 فردي,2
be94094c-2628-4688-f903-e5a889db58e9,fd4d73dc-6daa-1cc2-7445-ca3e8959ae07,EG30858,حوض مطبخ جرانيت أسود 80*45 زوجي,2
cc9e9b42-5562-a6fc-508a-bf1ea989d63d,fd4d73dc-6daa-1cc2-7445-ca3e8959ae07,EG30865,حوض مطبخ جرانيت أسود مطفي79*51 فردي,2
25a46d6a-70cc-7962-cef2-a70aecb8d158,d415f6a2-fa84-0884-9418-8f466286b162,LG41018,حوض رخامي كوريان 80سم,1
a62719d8-b3a0-62bc-97da-568a2813e64a,c87dfc02-6b09-44f0-9c6b-366ea9842486,MDE50022,خلاط دوش مدفون كروم,2
03dae784-f19f-8e83-6642-92d38ffd0383,9f8e82e2-2ae0-3252-5b52-62d43add8980,RA30061,"تحويلة 4""",2
e7e46a45-da5f-9aa7-1b1a-916e29d47ed4,fd4d73dc-6daa-1cc2-7445-ca3e8959ae07,EG30881,حوض مطبخ جرانيت أسود مطفي78*50 فردي,2
d7da123d-3481-87ff-3140-b5b0d6ca2ee7,fd4d73dc-6daa-1cc2-7445-ca3e8959ae07,EG30864,حوض مطبخ جرانيت بيج79*51 فردي,2
95484150-14f4-58c3-98ca-f055f1285dbc,fd4d73dc-6daa-1cc2-7445-ca3e8959ae07,EG30873,حوض مطبخ جرانيت بيج72*47 فردي,4
19c97bb3-064c-9361-eaec-d64168df093b,fd4d73dc-6daa-1cc2-7445-ca3e8959ae07,EG30882,حوض مطبخ جرانيت بيج78*50 فردي,2
8824b318-fdc1-fb5e-d1c0-4ece0ad0f06c,fd4d73dc-6daa-1cc2-7445-ca3e8959ae07,EG30857,حوض مطبخ جرانيت بيج 80*45 زوجي,2
0e4245e6-4680-0375-7a71-c441103cf11f,fd4d73dc-6daa-1cc2-7445-ca3e8959ae07,EG30868,حوض مطبخ جرانيت بيج60*45 فردي,2
9bbc24a7-9595-48e7-5a3c-82ebb618a358,fd4d73dc-6daa-1cc2-7445-ca3e8959ae07,EG30867,حوض مطبخ جرانيت أبيض مطفي60*45 فردي,2
639ffaaa-51a1-3274-0485-501f3a29f311,fd4d73dc-6daa-1cc2-7445-ca3e8959ae07,EG30879,حوض مطبخ جرانيت بيج50*43 فردي,2
1ee8b12d-bf9b-84fa-a9d8-e8561dc8fc33,fd4d73dc-6daa-1cc2-7445-ca3e8959ae07,EG30869,حوض مطبخ جرانيت أسود مطفي60*45 فردي,2
8fd8b278-d883-4553-a6c1-d88730249ba6,fd4d73dc-6daa-1cc2-7445-ca3e8959ae07,EG30876,حوض مطبخ جرانيت أسود مطفي80*50 فردي,2
cb633508-56d6-d641-2aea-396a4ca3e32b,fd4d73dc-6daa-1cc2-7445-ca3e8959ae07,EG30870,حوض مطبخ جرانيت رصاصي60*45 فردي,2
89cbfd5b-016e-20a5-948b-88abb69c953a,fd4d73dc-6daa-1cc2-7445-ca3e8959ae07,EG30880,حوض مطبخ جرانيت رصاصي50*43 فردي,3
4690653e-62f8-aff1-8204-3ac23e4572b2,aab97d0e-a291-77df-fde1-c7ead2ffd50b,CE10472,سخانة 50 لتر,1
c0f8ae10-90ca-8cbb-ff78-77023aa219c5,a7bc381a-4b33-187c-55af-8549db805437,EL10702,حوض مطبخ ستانلس ستيل منظومة بيانو 304 75*46 أسود,3
380fbe51-e3b9-db3d-7814-22a9e41d09f9,d415f6a2-fa84-0884-9418-8f466286b162,AM1019,دولاب حمام -80 سم,1
c93d8c5b-caf1-4880-a18e-768b2b54cc5d,55d48e2f-7602-f51d-883b-e4bf84315efb,VP20216,حوض وجه فوق الرخام ذهبي -48سم,1
df6055cc-adbc-f316-5cbb-11703534cb15,dfb82425-15e3-c2ed-1cdd-96bf7cdb045d,VS10208,حوض وجه معلق أبيض -60سم,3
571dddb9-5042-e07f-002f-c1fd16ae4c6f,206486d0-5bfd-c233-8891-32844131d210,VS10207,حوض وجه معلق أسود -60سم,4
0ef742f1-dbdf-ac25-2f11-a1541466d992,9f8e82e2-2ae0-3252-5b52-62d43add8980,RA30002,طوبو1.5'' 6 متر,1
a84178d1-6244-d37a-8e00-a82a2dd3acdf,b1a74108-5b9b-68db-fa20-fd53b16ad7b1,PS20411,علاقة ملابس فردي,5
4b6e946e-8969-f310-e17f-86cf8f83f1a7,b1a74108-5b9b-68db-fa20-fd53b16ad7b1,ML10017,خلاط حوض وجه كروم,10
601c3e68-f89c-26e1-d3ce-cf7988323403,09b4fad3-8368-3b77-7d3f-b180e5f2583e,ME10005,خلاط حوض المطبخ تحلية شجرة كروم,2
b172d894-3e9e-cb77-a21d-b16b32d8abd9,b1a74108-5b9b-68db-fa20-fd53b16ad7b1,AASB30406,صابونية كروم,5
e7b7aabe-ddb7-0e69-4ab6-0ea53a699616,038e42d5-62cc-2d1a-8ebc-9c7d74ae5a32,WS10596,مقعد معلق رايملس أبيض,1
269bd766-95dc-e0e9-177e-50210490d2aa,d0e57e0e-ef50-a6a2-c4e2-b912a296af7e,AASB30003,موزع صابون كروم,3
141ede95-e484-3835-4eae-954184ea5e4e,d0e57e0e-ef50-a6a2-c4e2-b912a296af7e,AASB30051,موزع صابون سائل كروم,2
0ea4ac17-1c2c-aad2-7206-5fd69fb08a34,d0e57e0e-ef50-a6a2-c4e2-b912a296af7e,AASB30004,موزع صابون ابيض,3
c92207e7-ea34-6451-9144-46b14a2ccc65,d0e57e0e-ef50-a6a2-c4e2-b912a296af7e,VS10119,حوض وجه معلق -80 سم,2
1f2f4299-f4a9-01ae-85c8-81cc13655454,d0e57e0e-ef50-a6a2-c4e2-b912a296af7e,ML10029,خلاط حوض وجه طويل كروم,2
c47a6920-349d-7774-e7fe-7b08e9f67bab,d0e57e0e-ef50-a6a2-c4e2-b912a296af7e,VS10123,حوض وجه معلق -75 سم,2
1ef9491e-eaf7-c85e-74b5-133d4d2ead62,d0e57e0e-ef50-a6a2-c4e2-b912a296af7e,CD40631,مسطرة دوش زوجية مع خلاط دجتل رصاصي,1
924237aa-c5b7-6304-552b-e5580d55fcb0,d0e57e0e-ef50-a6a2-c4e2-b912a296af7e,ART0007,كسكاس دوش مربع 200*200 مم كروم,1
799660e7-e7e7-0350-c520-1d7a8dbb0f29,731e12e1-e40e-8a70-a0bc-fd1dae50530b,EG40748,رف كواريون كوارتز 80سم أبيض,2
a2d27cd2-c557-ab2c-2a6d-105b86ae6d50,d0e57e0e-ef50-a6a2-c4e2-b912a296af7e,ARSB80224,"مسكر شطافة ""1/2"" * ""1/2 كروم",9
d6d6cd3f-19ea-9bb6-c03b-a999fe3df7b7,d0e57e0e-ef50-a6a2-c4e2-b912a296af7e,RO10141,مسكر زاوية  ''1/2 * ''1/2 ذهبي,9
0c3ef070-2f7c-299b-60fe-527990559596,fda58ad6-59fe-3bd9-53ee-8083f5b20215,WS10163,مقعد معلق رايملس أبيض,2
90449cd7-4979-ba2a-b8e0-7c297e9b51ec,47be8274-a476-a584-fa68-55a7f5c65660,WP20477,مقعد أرضي ملحوم مربع قصير أبيض,3
c7b6628c-366d-39d9-070d-4f707288a465,502ec43d-ab6f-3ca1-2f6b-31ddc54ce58c,VS10177,حوض وجه معلق أبيض -50سم,1
c48fbe6f-9987-08e2-eca8-03f24c47aa4e,502ec43d-ab6f-3ca1-2f6b-31ddc54ce58c,AM0845,حوض وجه مع دولاب حمام -80 سم,1
5ec8aa09-d751-e035-8e83-bdf6b18e7b8e,786f07c6-d2e2-e58f-9c51-f26b7ad26e4c,ML30603,مرايا حمام مع إضاءة لد مع اطار ذهبي 90*70 سم,5
3886e39b-a4f9-1030-bf10-e6db78b21fb3,9f8e82e2-2ae0-3252-5b52-62d43add8980,PE30321,كولة 473 مل,1
ae3760b6-171d-841c-f72b-cbef7d031351,3baf8451-ca62-6509-9587-e31f5e63563e,MA20618,خلاط حوض المطبخ سحاب كروم,5
05e5b5a6-3eef-d1af-1bd7-879950ad0642,3baf8451-ca62-6509-9587-e31f5e63563e,ML10617,خلاط حوض وجه كروم,10
c7608c78-7188-010b-9f11-8a0ab77429e4,3baf8451-ca62-6509-9587-e31f5e63563e,ARSB80686,مخرج شطاف مع علاق كروم,10
d58529cd-6bfc-b941-c4b3-bcfa3773f2ad,350940e7-9ea8-c712-2e13-70f77687c1a0,MC10644,مجرى 40 سم *8 سم كروم,10
5f62f8d1-d73e-8c3f-6dc1-90ef62a4a13c,8fa6d105-b5f7-408b-8a5e-b5bb8d537609,ARSB80324,كسكاس دوش مربع 250*250 مم مع قصبة كروم,2
85dbe13b-ff0a-4c93-cbb7-18d434acc937,e12e3c5a-2b2b-aff7-0325-27662f0d237f,CE10104,سخانة 50 لتر,5
7e55f3e2-c0fe-e929-44f0-e4f18f222093,e99b25ba-0508-a409-80f7-e62f009efad8,ARSB80658,شطاف ظغط مربع مع طوبو أسود,10
78a25272-584d-5b39-9f01-a280a905c93e,7bd875bb-0943-f50c-ca89-80f258d1b17a,EL10701,حوض مطبخ ستانلس ستيل منظومة بيانو 304 75*46 كروم,3
407cbfff-dad5-0a41-2a46-7bfed406a3b5,f1d13733-bc3c-0086-24a4-72801a1228d6,ML10006,خلاط حوض وجه كروم,2
c7ca81ce-bc33-7233-0f47-4111d03c0dbe,c0f78688-44c5-4e5f-8d4f-2fc2d59ac471,WP20587,مقعد أرضي ملحوم أسود,4
7acee7ea-a83f-2c7a-0e5a-9daa7b491415,30b1be0d-d380-be9b-e344-106402ee9537,ARSB80825,كسكاس دوش دائري شريحه 250 مم مع قصبة كروم,5
c59dee80-296a-42a4-45d3-f87d1d156fcc,b5a3d33c-58fb-c5bc-68a2-384f6f015bd2,WS10819,مقعد معلق كبير بلس سايز تورنيدو أبيض,5
5e05e844-34ba-df60-8c16-0784a4e5c34b,b5a3d33c-58fb-c5bc-68a2-384f6f015bd2,WS10816,مقعد معلق ملحوم تورنيدو أبيض,6
17d84302-49da-2b5f-6042-ab0f0b6530c1,b5a3d33c-58fb-c5bc-68a2-384f6f015bd2,WS10807,مقعد معلق تورنيدو أبيض,6
a2efeee5-58f1-637a-b70d-e7b6c25db0c0,b5a3d33c-58fb-c5bc-68a2-384f6f015bd2,WP20157,مقعد أرضي ملحوم موطو أبيض,2
e57303f3-b90e-eac5-46e2-faa659b87409,b5a3d33c-58fb-c5bc-68a2-384f6f015bd2,WP20828,مقعد أرضي ملحوم أبيض,4
e0191e29-aed2-09bb-e421-a696d475d763,b5a3d33c-58fb-c5bc-68a2-384f6f015bd2,WP20827,مقعد أرضي ملحوم أبيض,6
9c2095a6-a7ac-9df7-fd55-4b3556ce5a21,a4bd67aa-9eda-68f9-2810-140d80f4feb2,EG30877,حوض مطبخ جرانيت بيج80*50 فردي,1
cfc04f54-8af7-b061-1549-57eaf9723e63,6b5688c1-ca15-c06c-2186-0e2f05a53f07,ARSB80824,كسكاس دوش مربع 250*250 مم مع قصبة كروم,2
fc02d6ca-41e2-decb-1992-d1f581ff6701,a4f04466-e25d-2f6a-f3fb-1502f005a38a,EL10865,حوض مطبخ ستانلس ستيل   304 76 *50.5 سم,2
13785834-297e-d621-e916-c70b3df57dfa,786f07c6-d2e2-e58f-9c51-f26b7ad26e4c,MC10644,مجرى 40 سم *8 سم كروم,10
a06a2cb3-3665-04cb-cc6b-f261d73d4d4c,c87dfc02-6b09-44f0-9c6b-366ea9842486,ML10079,خلاط حوض وجه ذهبي,1
b25840fa-7a60-3c8c-bee5-acb87b77be6d,502ec43d-ab6f-3ca1-2f6b-31ddc54ce58c,ML30834,مرايا حمام ضد البخار مع إضاءة لد 60*80 سم,1
3517b435-0803-ffab-958b-9212fdd76975,502ec43d-ab6f-3ca1-2f6b-31ddc54ce58c,WS10777,مقعد معلق رايملس أبيض,1
c577999f-a3be-88e5-777e-5606b5170f49,2632acea-b454-9a4c-86dc-d097cd70ee28,AASB30014,رف زاوية زوجي كروم,6
54fed47d-03f3-68c4-83f5-d34b63fe13fe,c6444336-3725-2828-98ee-9370cff33e75,RFP1868,"فسيبلي "" 1/2 أنثى * ""1/2 أنثى 50سم",2
022c99e4-3b8b-8548-3c05-f718698e1ae2,9daa3b51-bdb0-4e47-e3a4-c2da4d11e6f7,WS10163,مقعد معلق رايملس أبيض,4
144368e8-bdd3-8f69-6ac9-9ec7b2434a13,9daa3b51-bdb0-4e47-e3a4-c2da4d11e6f7,ML30602,مرايا حمام مع إضاءة لد مع اطار أسود 90*70 سم,10
9af15903-f7eb-6cb9-6766-7a595d37b789,9daa3b51-bdb0-4e47-e3a4-c2da4d11e6f7,ML30600,مرايا حمام مع إضاءة لد دائرية بالعلاقة مع اطار أسود 70سم,10
5d7227e3-752b-2ae2-ff3d-7563320e72f6,dba8941f-0aad-7f2a-559d-6f0d8c0f86f5,WP20159,مقعد أرضي ملحوم سداسي أبيض,4
f3acaaab-6a18-a671-cf36-42d72112898c,dba8941f-0aad-7f2a-559d-6f0d8c0f86f5,WS10590,مقعد معلق رايملس رصاصي,4
0a47b4d7-0050-175e-2f4a-601b47de3a97,dba8941f-0aad-7f2a-559d-6f0d8c0f86f5,MA20688,خلاط حوض المطبخ سحاب كروم مطفي,4
cb36f660-2805-b06e-cc22-957000ae9603,502ec43d-ab6f-3ca1-2f6b-31ddc54ce58c,ATWC50174,صندوق طرد معلق,1
df5a842a-4882-86dd-daa1-184ac3f42477,dba8941f-0aad-7f2a-559d-6f0d8c0f86f5,WS10163,مقعد معلق رايملس أبيض,5
05107609-661f-69c7-a4d2-93982f59400f,12cd607b-4a2c-b423-3f51-a3c97d64da3d,ARSB80724,قصبة دوش دائري 40 سم كروم,3
4367b5de-9203-93ea-3274-b435783bba55,12cd607b-4a2c-b423-3f51-a3c97d64da3d,ARSB80363,كسكاس دوش مربع 300*300 مم كروم,2
91040012-cc62-c591-cb79-6cab0c2b0408,12cd607b-4a2c-b423-3f51-a3c97d64da3d,ARSB80500,شطاف ظغط مربع مع طوبو كروم,5
278354f2-f490-53b1-76b4-ee1cc1d8db11,12cd607b-4a2c-b423-3f51-a3c97d64da3d,PS20515,علاقة مناشف كروم,6
bd56d6d4-2f6f-35ed-219c-41eb06ff32e0,12cd607b-4a2c-b423-3f51-a3c97d64da3d,ART0023,صابونية كروم,3
ae722a24-6464-be2f-c368-fc91f66cabd7,786f07c6-d2e2-e58f-9c51-f26b7ad26e4c,MC10645,مجرى 40 سم *8 سم أسود,10
6908c79b-f82a-44ff-10cb-6ff2cbc8165a,12cd607b-4a2c-b423-3f51-a3c97d64da3d,PLSA0392,منكوطي املس 3/4,7
2997794f-cee0-d45a-e2a3-55994a2948a8,5c97997d-972a-41ba-d950-c8ba07600db4,ARSB80822,مصب دوش مع تحويلة أسود,5
6595c82c-a020-4bfb-27dc-4f06360dc001,1fe24115-574b-c55c-ff37-dc7a8eca8410,MC10012,سرفنتينة 15 سم * 15 سم كروم,10
d377a3a0-5247-6c4b-3d91-8b460665015b,dba8941f-0aad-7f2a-559d-6f0d8c0f86f5,WP20158,مقعد أرضي ملحوم طويل أبيض,3
66c0668b-a0ab-ca21-51aa-28b8e8bff9a9,2e1c620e-1812-c155-3bbb-aa7861794a6e,ARSB80933,مصب دوش مع تحويلة كروم,3
eb7c38a0-385f-6450-330a-c54bb15dccbc,1145b758-eb8e-406d-964c-468c49c8c87a,SA10463,طقم اكسسوار اسود,1
b6c06bf9-2a1a-d49e-d566-33712b8772ce,69114255-2ebe-f6c9-ef0d-c8137144eb7a,VS10221,حوض وجه سداسي معلق أبيض,2
dfae74a6-eb1a-aced-6279-9445da8612f5,ef14c60e-949d-8483-b69e-0216ace3b5ef,ARSB80781,شطاف ظغط مربع كبيرمع طوبو كروم,5
00d5f3ca-8b23-e00b-cc2f-715e40157e3b,f3a84f35-80c8-9f4d-3283-77db7889ed8d,ATWC50314,صندوق طرد مدفون بتارية مع زر مربع 9 لتر,1
1fb2202b-86cb-658f-61c8-ff482a2e078e,88ef9542-9000-890c-5c16-5e6cf723b84f,ML10011,خلاط حوض وجه كروم,1
8471318c-6f73-fe1c-ac64-71903af07df9,f3a84f35-80c8-9f4d-3283-77db7889ed8d,ALVM50031,سيفون حوض الوجه كروم,6
2913b83c-9a44-2a00-daec-ad8fc2c0e0d7,f3a84f35-80c8-9f4d-3283-77db7889ed8d,ARSB80933,مصب دوش مع تحويلة كروم,4
583dcc3a-de07-1c73-659a-e6c2ddb6605c,f3a84f35-80c8-9f4d-3283-77db7889ed8d,ARSB84562,كسكاس دوش مربع 250*250 مم اسود,5
e393e0f8-f389-1685-199a-579350960a00,f3a84f35-80c8-9f4d-3283-77db7889ed8d,MA20931,خلاط حوض المطبخ سحاب كروم,4
39b645e2-2add-51a2-6cfd-29538828b72c,f3a84f35-80c8-9f4d-3283-77db7889ed8d,ARSB80464,كسكاس دوش مربع 300*300 مم كروم,5
5f2026b3-42f0-c626-26a6-73f53ae822e4,f3a84f35-80c8-9f4d-3283-77db7889ed8d,MO10925,خلاط حوض المطبخ مولة تحلية كروم,4
21d2db89-0038-dedc-3f86-38a2f1b58492,f3a84f35-80c8-9f4d-3283-77db7889ed8d,MA20932,خلاط حوض المطبخ سحاب كروم,5
b4b80b1d-2236-0824-fafe-de8ef3905b40,71767f0d-d91f-101b-b8b4-8441ef0e7168,EL10241,حوض مطبخ ستانلس ستيل نص منظومة  304 75*45 أسود,5
d2bd5338-f916-aec5-736a-7aca3287b9d0,fd552e23-780b-acc7-a508-8c7653d89c4e,MC10643,مجرى 30 سم *8 سم كروم,8
4d4e5685-36f4-f356-5bdf-c4c82408859e,c87dfc02-6b09-44f0-9c6b-366ea9842486,ML10301,خلاط حوض وجه  كروم,1
3b275662-a812-675c-c6b7-e49df2405c79,a4f04466-e25d-2f6a-f3fb-1502f005a38a,EL10387,حوض مطبخ ستانلس ستيل   304 75 * 45 سم,2
e0b765fd-abd8-d016-c122-d4f4b1e519c4,ad9346b6-ba80-6556-b0a0-fdbda52c87bf,RA30026,"واي 4"" 45°",1
7fd7c4ee-b568-4f30-625d-1a77168e6c5c,c87dfc02-6b09-44f0-9c6b-366ea9842486,ML10083,خلاط حوض وجه أسود,2
2a6e529c-ce59-e6a4-ece1-a6885f0eb701,c87dfc02-6b09-44f0-9c6b-366ea9842486,ML10077,خلاط حوض وجه أسود,2
63e0adfc-7b15-5b7f-cf99-86b543901550,c87dfc02-6b09-44f0-9c6b-366ea9842486,ARSB80216,وجه خلاط دوش مدفون,1
5f7e8c1a-38be-f492-9977-c3f77638c378,c87dfc02-6b09-44f0-9c6b-366ea9842486,ML10086,خلاط حوض وجه شلال طويل أسود كروم,2
981e3b3b-0069-0e95-66b2-eb528ea1702e,ad9346b6-ba80-6556-b0a0-fdbda52c87bf,RA30061,"تحويلة 4""",1
c267c6b9-bd40-a542-313e-f74cf48760a8,fd552e23-780b-acc7-a508-8c7653d89c4e,MC10645,مجرى 40 سم *8 سم أسود,10
4c144080-0133-8582-a0cb-c3758e1143ec,6a7fb846-1dcb-07df-0b82-39435cd0e08a,WS10819,مقعد معلق كبير بلس سايز ملحوم تورنيدو أبيض,4
a942eeff-b628-89cf-24d6-47f39753aa23,6a7fb846-1dcb-07df-0b82-39435cd0e08a,WP20828,مقعد أرضي ملحوم أبيض,4
cfbea427-4a36-cf11-d559-a21b22a1fb36,a4f04466-e25d-2f6a-f3fb-1502f005a38a,EL10137,حوض مطبخ ستانلس ستيل   304 70 * 45 سم,2
5cae62a3-d787-dff1-289a-2849f264c5a8,a4f04466-e25d-2f6a-f3fb-1502f005a38a,EL10386,حوض مطبخ ستانلس ستيل   304 65 * 45 سم,2
e07dc1ee-85c9-6693-fc10-060a35d5d032,af9abe11-7112-9150-d97e-a490620b1e1d,WS10819,مقعد معلق كبير بلس سايز تورنيدو أبيض,3
cd580a28-c3fe-37cf-dc3e-bfdf99991ad7,e094aab9-4aa9-1839-7024-63833345b81c,AB10848,خزانة حمام أبيض,1
036b4a20-847a-a23b-c07c-45065dcf901f,e094aab9-4aa9-1839-7024-63833345b81c,AM0847,حوض وجه مع دولاب حمام -80 سم,1
5d1f9cc1-6e8b-482a-05a4-ffd5c3ef9f57,7bdfd059-5161-6abc-3e59-30b62b9a8380,MA20625,خلاط حوض المطبخ سحاب كروم مطفي,2
89e5e68e-16cd-58a5-262d-44978b9acefd,ec51d873-0eaa-4308-2216-65f4c734e640,EG40181,رف حوض وجه برسلين 100 سم,1
d23d7ba4-e01e-df29-2f93-3391c113ceaf,ec51d873-0eaa-4308-2216-65f4c734e640,LG40180,حوض وجه برسلين 100 سم,1
9caf6b4a-1c6b-635e-9236-ec1413a88bb0,fd4d73dc-6daa-1cc2-7445-ca3e8959ae07,EG30883,حوض مطبخ جرانيت رصاصي78*50 فردي,2
df61071a-3b6e-32d1-879e-03fc767e9ee5,fd4d73dc-6daa-1cc2-7445-ca3e8959ae07,EG30878,حوض مطبخ جرانيت أسود مطفي50*43 فردي,4
30039e72-364a-c4f3-ac87-5d71002e0514,3ff54ba4-9913-18df-dc00-55fb0b378de5,ML30493,مرايا حمام مع إضاءة لد 100*80 سم,2
75898616-1ad2-1fd5-c36b-f676e7b47593,7bdfd059-5161-6abc-3e59-30b62b9a8380,MA20688,خلاط حوض المطبخ سحاب كروم مطفي,3
d5ccdf64-7183-7f9f-bac3-0f1320f5eba5,fd4d73dc-6daa-1cc2-7445-ca3e8959ae07,EG30863,حوض مطبخ جرانيت أبيض مطفي79*51 فردي,2
5a1e279e-43a6-999b-f92d-2d461eb6ec51,fd4d73dc-6daa-1cc2-7445-ca3e8959ae07,EG30877,حوض مطبخ جرانيت بيج80*50 فردي,2
6e16b74d-591a-49d8-d1d9-4c78bb53ec26,f558499f-d03e-7cc5-2468-883f101cb347,SI10176,سلكون  280 غرام شفاف,96
d22368ed-d26d-78ef-2824-cdcc09d80c26,175ab378-f895-0df3-1662-53036e7d60e0,AECU50058,رقبة خلاط حوض مطبخ أسود,5
2ba7ec30-b2e9-4b89-386c-37853a4cbb7c,175ab378-f895-0df3-1662-53036e7d60e0,ML10017,خلاط حوض وجه كروم,10
63136b26-8aa8-c787-02b0-d38bdb1352d7,4a3f1d7c-c8d5-46a1-7e10-0f4d73439db7,EL10242,حوض مطبخ ستانلس ستيل منظومة بيانو 304 75*46 أسود,1
74026a65-c5d2-ce79-ba85-9cc836dbfaed,29a4abe9-a042-9be6-2da7-16ad5e612ae9,CE10265,سخانة 80 لتر,3
15a4436a-a022-7492-30f2-995358dffd41,beeddcd4-f3e8-ec03-08dc-70ffad23c8e5,VS10220,عمود حوض وجه سداسي معلق أبيض,6
8b13db05-84ef-27da-8de7-49cae2bb3146,beeddcd4-f3e8-ec03-08dc-70ffad23c8e5,VS10221,حوض وجه سداسي معلق أبيض,6
41e6281c-c0e2-3f4c-e567-7765ab6f4775,e4133a9b-6a3f-fdac-765d-a2b74840b5f0,WP20477,مقعد أرضي ملحوم مربع قصير أبيض,4
c79a56e3-e9a0-d77d-25af-29846f97856d,7bd875bb-0943-f50c-ca89-80f258d1b17a,WP20161,مقعد أرضي ملحوم رصاصي رخامي,2
bbead63b-be2e-0f5a-ad2e-26a930bc41f8,7bd875bb-0943-f50c-ca89-80f258d1b17a,MC10643,مجرى 30 سم *8 سم كروم,12
7efd918a-e69d-b6b7-9c61-7fbe5eae26b1,078bc22b-45bd-2bb5-62e7-f2027c77e2d1,MTE60147,خلاط شطاف مدفون ذهبي,1
c7a3d4ef-fe76-78b8-fa74-2e1ca2160b5e,eae81f39-e599-6b7b-075c-892232271601,WP20157,مقعد أرضي ملحوم موطو أبيض,8
753d13a6-506c-0df7-8605-4be929ba242f,d33e3214-4cf9-8273-9e27-340d523cb19c,WP20161,مقعد أرضي ملحوم رصاصي رخامي,1
c9d7ed19-a388-43ec-459e-48c4a57a8e63,e5a7765b-79a2-f63f-cc67-5dbf0b25018e,WP20159,مقعد أرضي ملحوم سداسي أبيض,1
8b362f58-76cb-6d40-a1eb-abfdaa0ddae5,ad9346b6-ba80-6556-b0a0-fdbda52c87bf,RA20012,"وصلة 32"" لحام",4
9e2360a0-f498-f2d6-9da8-51fd626339de,89c1e2cb-7ace-c373-903c-78b1402b991b,WP20159,مقعد أرضي ملحوم سداسي أبيض,4
b0a027c8-a4a7-9ac8-aafd-0f214e5af21c,c848c066-648c-c296-5389-650956faeda0,WP20166,مقعد أرضي ملحوم بيضوي أبيض,2
aaa87245-89e1-b7b5-71a4-56347cb696fe,3e0beecc-879f-aa32-561e-f3528c0dc56d,ATWC50314,صندوق طرد مدفون بتارية مع زر مربع 9 لتر,1
ceb6e88b-22ef-6647-1ecb-60fbe74d3241,a7bc381a-4b33-187c-55af-8549db805437,WS10596,مقعد معلق رايملس أبيض,6
fd5bcf45-a2fe-fd72-52bc-82dcf1662928,b9dc13c7-ba2d-aea2-9a23-d0b134c3fedf,ATWC50314,صندوق طرد مدفون بتارية مع زر مربع 9 لتر,1
4a2a30e5-0c21-fcf6-1d51-2007c5aa437b,2b334161-789a-c642-4ad9-272e346cff7e,WP20157,مقعد أرضي ملحوم موطو أبيض,6
281f1a21-9e26-47b2-5d41-8d0ca4c9f062,ffe17a5b-1efa-f7f1-7323-6095ec30b69c,WP20157,مقعد أرضي ملحوم موطو أبيض,2
2607eb17-739a-a7c2-2120-b7154a658535,ffe17a5b-1efa-f7f1-7323-6095ec30b69c,WP20166,مقعد أرضي ملحوم بيضوي أبيض,4
3aa2b074-023b-74e3-cc9b-a06801ac6533,ffe17a5b-1efa-f7f1-7323-6095ec30b69c,WS10596,مقعد معلق رايملس أبيض,3
b68cad1b-4915-a6ee-dfd6-d27c0c80f414,d9de8bf2-69ef-99fb-9c7c-c9c17c756b9c,MTE60003,خلاط شطاف مدفون أسود,1
3b5d71d6-1b1d-7a23-3643-971646850709,fe406177-762f-5313-766e-5a04b87d10bf,MC10652,سرفنتينة 15 سم * 15 سم كروم,5
7bc5700b-e00d-da84-c829-1682ad451477,4119f706-cfaf-2558-d660-e5614c0a9df6,VS10119,حوض وجه معلق -80 سم,1
e1376feb-6dad-48a9-5aff-089a0e11e9dc,4119f706-cfaf-2558-d660-e5614c0a9df6,ATWC50314,صندوق طرد مدفون بتارية مع زر مربع 9 لتر,2
a917b3bd-7598-68d2-6aa0-942655ab7af1,29a43733-558c-d3e7-67e3-45b16972b83d,MC10652,سرفنتينة 15 سم * 15 سم كروم,1
3366a320-23e3-96d5-b83d-513cb5ff5a9a,a75ea6da-97fb-d92c-442d-19ebd70dba16,VS10188,حوض وجه معلق -60 سم,1
693ebce2-7c84-280e-e9b3-f4b42524a3fb,14b491af-7407-6877-33e2-79acfdfa91fb,VS10221,حوض وجه سداسي معلق أبيض,3
377f15ef-7513-be84-2515-2bef979383ce,14b491af-7407-6877-33e2-79acfdfa91fb,WP20159,مقعد أرضي ملحوم سداسي أبيض,10
82256e4f-398b-7fec-ee88-e4c5bf94681a,b647c4bb-9627-9c73-d29f-6ec50086c1aa,WS10596,مقعد معلق رايملس أبيض,6
53bf3c19-42e2-a511-aebf-a1c0ac6e02c8,2b334161-789a-c642-4ad9-272e346cff7e,VS10207,حوض وجه معلق أسود -60سم,4
b503b2c9-dafd-d030-e801-a2e8b6318720,b647c4bb-9627-9c73-d29f-6ec50086c1aa,WP20159,مقعد أرضي ملحوم سداسي أبيض,4
07b1dd87-64a1-81a6-99ab-48f3e7285994,b647c4bb-9627-9c73-d29f-6ec50086c1aa,WP20157,مقعد أرضي ملحوم موطو أبيض,4
fdb9c95e-801c-2f00-beb2-009663d94330,b647c4bb-9627-9c73-d29f-6ec50086c1aa,WA40482,غطاء مقعد أبيض,7
c7aa4113-d987-5eb2-d0c9-b1c9b3fefba1,b647c4bb-9627-9c73-d29f-6ec50086c1aa,MC10652,سرفنتينة 15 سم * 15 سم كروم,11
8587b392-ca87-04cc-3ee6-b7b3ddf6217e,54252048-51d6-10e3-08c6-d1ec209b193e,MC10652,سرفنتينة 15 سم * 15 سم كروم,1
4860ec38-a79e-cdd3-25e0-f9096025fa1a,c87dfc02-6b09-44f0-9c6b-366ea9842486,MD20017,خلاط دوش كروم,2
69faacf7-a1a4-fcb3-556d-aba7f12574a3,c87dfc02-6b09-44f0-9c6b-366ea9842486,MD20028,خلاط دوش كروم,1
d42ee588-1b38-f26e-2ef2-66b5a5c5ee99,c87dfc02-6b09-44f0-9c6b-366ea9842486,MA20080,خلاط حوض المطبخ سحاب كروم,2
85c699bc-0e80-1875-3728-086a40e0c287,c87dfc02-6b09-44f0-9c6b-366ea9842486,MA20051,خلاط حوض المطبخ سحاب اسود,2
b2cfce5f-1f3c-fc32-5ab4-e9c2aa342404,b5ec3693-7a4b-3193-7dda-1ca77d484b87,ARSB80139,شطاف ظغط دائري مع طوبو كروم,2
f36fbef8-8aa5-94c3-c3cb-0fa75c803491,b5ec3693-7a4b-3193-7dda-1ca77d484b87,MT30013,خلاط شطاف مع شطاف أسود,2
8da08c5a-8cb2-46c3-e585-e10481892f44,ad9346b6-ba80-6556-b0a0-fdbda52c87bf,RA20037,مواسير 32'' 4 متر,2
8a8ec58e-a547-82f6-786d-47497b2454f6,c87dfc02-6b09-44f0-9c6b-366ea9842486,ML10022,خلاط حوض وجه شلال طويل كروم,1
8fd00ff2-3fdf-b3f5-e45e-e00741ef5c99,c87dfc02-6b09-44f0-9c6b-366ea9842486,MA20005,خلاط حوض المطبخ سحاب كروم,2
9ed5059f-5ea4-93d5-f4ba-e003d256a3e8,b5ec3693-7a4b-3193-7dda-1ca77d484b87,ARSB80145,شطاف ظغط مربع مع طوبو مع مخرج شطاف أسود,2
23b4d814-5abb-0ae0-926b-fd0581138fda,ad9346b6-ba80-6556-b0a0-fdbda52c87bf,RA20007,"كوع 32"" لحام",5
40852ced-52b8-0bb6-2cc6-9a3bc931d188,ad9346b6-ba80-6556-b0a0-fdbda52c87bf,RA20003,"كوع 32"" - 45 لحام",2
0b2cddf7-76ed-207a-7b5d-7c63fa842f82,74b5f8b0-324f-64f5-73be-47f981825395,ME10573,خلاط حوض المطبخ شجرة كروم,3
f46c11ec-42f1-4285-2490-11ceeb5a8df3,43947afb-bb87-1e45-b58d-b9bbda6f2097,MTE60147,خلاط شطاف مدفون ذهبي,1
a86a4c4d-b2ec-ece1-51f7-bf3999e42d56,192fd8e0-1a84-1c29-5ded-90976b743a44,MD20619,خلاط دوش كروم,4
0d6aa49e-14b3-9cfa-4ef3-4777c832822a,d9c9f9c1-a56d-76d3-f1ee-35221b12a68f,MC10643,مجرى 30 سم *8 سم كروم,6
c0de9953-0f6c-53c8-7844-92c223237051,b5ec3693-7a4b-3193-7dda-1ca77d484b87,MT30011,خلاط شطاف مع شطاف ذهبي,2
f8f07e6a-2fdd-e32a-56a2-50c6214b417a,b5ec3693-7a4b-3193-7dda-1ca77d484b87,MT30010,خلاط شطاف مع شطاف أسود,2
6eb5a2f2-28d1-2344-4949-88367636ee3a,b5ec3693-7a4b-3193-7dda-1ca77d484b87,ME10035,خلاط حوض المطبخ شجرة كروم,2
ec172488-d588-3a5b-9326-0db74de99c4f,b5ec3693-7a4b-3193-7dda-1ca77d484b87,ARSB80153,شطاف ظغط دائري مع طوبو كروم,2
749f01e7-78b5-1e94-ebda-cbce614bf78e,206486d0-5bfd-c233-8891-32844131d210,WP20159,مقعد أرضي ملحوم سداسي أبيض,6
1c808d6a-9829-850a-7bbf-f227c0154f89,88ef9542-9000-890c-5c16-5e6cf723b84f,MT30243,خلاط شطاف كروم,3
2fbee291-ace7-40ab-968b-c1baea524df9,69c04dec-3db3-1f6c-cd3b-1973a71cf3b3,MD20242,خلاط دوش كروم,4
f3d92c1c-b1ad-631d-b9a5-a17ff751f8d1,69c04dec-3db3-1f6c-cd3b-1973a71cf3b3,ALVM50809,سيفون حوض الوجه كروم,2
60777308-cee1-e018-f18e-bc38a81d96b3,b5ec3693-7a4b-3193-7dda-1ca77d484b87,ARSB80152,شطاف ظغط دائري مع طوبو كروم,3
15dfd05f-6f15-2bbb-5c3e-ec8f55146d5c,8ee7bf35-6c70-4a9b-9484-f843a5c9f329,ML30792,مرايا حمام ضد البخار مع إضاءة لد 70*50 سم,6
c5b817a6-8078-e062-066c-eeb184fe1ecd,8ee7bf35-6c70-4a9b-9484-f843a5c9f329,ML30799,مرايا حمام ضد البخار مع إضاءة لد 70*50 سم,6
5679a9bd-6d50-7656-cf55-342733c70153,c87dfc02-6b09-44f0-9c6b-366ea9842486,MM30008,خلاط حوض المطبخ حائطي كروم,2
c5427891-df6d-f8bf-31f6-70ca050037e6,b5ec3693-7a4b-3193-7dda-1ca77d484b87,ARSB80140,شطاف ظغط دائري مع طوبو كروم,3
8e8fa1c0-4003-117a-f656-a5884c2bca37,b5ec3693-7a4b-3193-7dda-1ca77d484b87,ARSB80381,كسكاس دوش دائري 250 مم كروم,2
b0f2588f-1c28-623f-59e3-d571b680d25d,ad9346b6-ba80-6556-b0a0-fdbda52c87bf,PA30540,"اسطافة 4"" (2 قطع)",1
c4bffdd0-af97-e64d-fe9e-60020918b028,8ee7bf35-6c70-4a9b-9484-f843a5c9f329,ML30797,مرايا حمام ضد البخار مع إضاءة لد بالعلاقة اطار أسود 70*70سم,5
7b2d839f-5573-f91a-6f8e-875b0dd7bb4f,904289bf-6c0a-bcbe-0dc5-ebab0aa8afb8,ARSB80138,مصب حوض كروم,2
ecb68bfb-f1ac-2f63-b878-a562900361aa,dea66c9f-d37e-c45e-2e1b-c8a0fb95d4d0,ARSB80246,مصب دوش شلال بدون تحويلة كروم,4
69a689f4-e631-3dfc-50e1-e3d0ca66c0ed,01760e45-13a3-787c-f661-f21e85bf9a07,MD20023,خلاط دوش كروم,3
5e73436f-64f6-e9ab-d596-8191219e197e,01760e45-13a3-787c-f661-f21e85bf9a07,ML10060,خلاط حوض وجه أسود,3
7a234f08-c5e2-ff3d-23a5-b1f704be6b2b,44212860-b694-a4d7-30d8-47f2f51254fe,ARSB80018,مصب حوض كروم,4
62a34528-886b-7789-4e5f-14c413b4958e,01760e45-13a3-787c-f661-f21e85bf9a07,ML10059,خلاط حوض وجه  15 سم كروم,4
c8f966cf-9c64-1df7-052a-dc37a7735a02,01760e45-13a3-787c-f661-f21e85bf9a07,MD20024,خلاط دوش كروم,4
839a8a8a-f389-2894-c9d8-3ce3db877523,e5757168-88ab-9493-1b79-01b87d38057e,ARSB80028,سماعة دوش مع طوبو كروم,3
92ce2cda-82af-753e-3aad-2e9fb386033e,e5757168-88ab-9493-1b79-01b87d38057e,ARSB80303,شطاف ظغط مع طوبو كروم,3
310a6e9b-0488-9621-a06f-19f78caa60cb,e5757168-88ab-9493-1b79-01b87d38057e,ARSB80013,كسكاس دوش مربع 250*250 مم كروم,3
9975930e-8016-c794-7a33-88d7248db904,c57d8f33-047e-d0eb-9c0c-01eef5d7561a,EG40150,رف حوض وجه برسلين 80 سم,2
e3f89794-42be-f5d4-8a1f-21a7f0ae059e,c57d8f33-047e-d0eb-9c0c-01eef5d7561a,LG40149,حوض وجه برسلين مشطوف 80 سم,2
3911fa66-f9ab-e7ba-1497-5e84a67c22d6,914a20f0-8717-d68c-3682-3071783db81e,ARSB80598,قصبة دوش مربعة 40 سم كروم,6
b3f7fb4a-51ea-c02b-11d6-f81fc35320d8,3d7e6bb5-d9c2-a99f-a4a1-61af10a0eacb,MC10652,سرفنتينة 15 سم * 15 سم كروم,7
e5753466-9e65-faf3-db8c-ac600eced76c,c87dfc02-6b09-44f0-9c6b-366ea9842486,ML10089,خلاط حوض وجه 3 فتحات كروم,2
66f9bf6c-0d66-2aee-b29e-65e9bfe0d777,000e7d9c-f020-09d9-7668-e8f4c3a60402,ADOU50728,كرسي دوش بدون ظهر,1
344fca23-b36a-3195-2ee0-da5287d76180,000e7d9c-f020-09d9-7668-e8f4c3a60402,MC10644,مجرى 40 سم *8 سم كروم,1
c8d4f28d-264e-736e-f776-13bac247ad7d,000e7d9c-f020-09d9-7668-e8f4c3a60402,ATWC50246,رجسترو مقعد أرضي مائل 3 سم,1
4da6d1c8-4e55-b8b9-e374-2c1b7d28e4df,5e027e3e-4746-5608-191a-a75ad8cf9cea,EG30875,حوض مطبخ جرانيت أبيض مطفي72*47 فردي,3
55f63356-b994-2365-ceab-1e165e5a80d2,000e7d9c-f020-09d9-7668-e8f4c3a60402,PA30056,بونتة 6 * 16سم,1
27d98ae9-4e4f-de35-dd9e-aeb2fe164cfb,000e7d9c-f020-09d9-7668-e8f4c3a60402,PD20123,حاجز دوش 8 مم  مضبب120  سم,1
f317fd4f-dfa8-9ada-85bc-52a03b235310,5c04f9d7-964b-5c72-038f-e37add04e021,ARSB80499,سماعة دوش مع طوبو كروم,4
efdc134f-42fe-d77b-8f8b-cbb2509d36df,5c04f9d7-964b-5c72-038f-e37add04e021,ARSB80298,سماعة دوش مع طوبو كروم,8
bac18adb-d81c-c444-4270-80f5f5552eea,5c04f9d7-964b-5c72-038f-e37add04e021,ARSB80939,مخرج شطاف مع علاق جانبي كروم,10
1589deb8-b112-cc4b-fb24-93e272b1c26e,5e027e3e-4746-5608-191a-a75ad8cf9cea,EG30868,حوض مطبخ جرانيت بيج60*45 فردي,3
3eb70571-0984-373a-ebc0-71d76c95bb38,5c04f9d7-964b-5c72-038f-e37add04e021,ARSB80004,مخرج شطاف كروم بالعلاقة,10
95864e6a-8a09-8043-4517-35a987519dae,5c04f9d7-964b-5c72-038f-e37add04e021,ML11014,خلاط حوض وجه كروم,2
bea49db7-f908-4035-c8b9-caf735bb1fc1,5e027e3e-4746-5608-191a-a75ad8cf9cea,EG30867,حوض مطبخ جرانيت أبيض مطفي60*45 فردي,7
d24023aa-b9ab-a381-8f0d-ca6db2c74705,5e027e3e-4746-5608-191a-a75ad8cf9cea,EG30873,حوض مطبخ جرانيت بيج72*47 فردي,1
022bf7e2-cfc3-56a1-48a7-a310db1447b2,5e027e3e-4746-5608-191a-a75ad8cf9cea,EG30858,حوض مطبخ جرانيت أسود 80*45 زوجي,6
9f88cbf0-3d9c-a14b-d156-3dc22111654a,5c04f9d7-964b-5c72-038f-e37add04e021,ARSB80462,كسكاس دوش مربع 250 مم  كروم,5
75ef0051-68cc-4b30-f170-3b373cec6d4f,5c04f9d7-964b-5c72-038f-e37add04e021,ARSB80599,كسكاس دوش مربع شريحه 250 مم,5
787489ef-bba4-118e-8d60-f87eb1d7eec7,c87dfc02-6b09-44f0-9c6b-366ea9842486,MD20029,خلاط دوش كروم,2
9b599ea7-e41a-df8e-d274-7d4718245184,b5ec3693-7a4b-3193-7dda-1ca77d484b87,ARSB80281,كسكاس دوش مربع 200*200 مم مع قصبة ذهبي,2
c7ac5063-cf3d-44ea-7659-80461be7e3f9,b5ec3693-7a4b-3193-7dda-1ca77d484b87,ARSB80387,كسكاس دوش مربع 240*240 مم مع قصبة أبيض,2
c55af01a-59a4-cbe5-809d-9ac7b18ec87b,b5ec3693-7a4b-3193-7dda-1ca77d484b87,ARSB80164,سماعة دوش مع طوبو كروم,2
a736d3a6-2849-5e52-c190-26cde38defa2,b5ec3693-7a4b-3193-7dda-1ca77d484b87,RE10018,حنفية حوض المطبخ شجرة كروم,2
da5b8406-fed0-c586-5662-3a4557dabd65,5e027e3e-4746-5608-191a-a75ad8cf9cea,EG30857,حوض مطبخ جرانيت بيج 80*45 زوجي,2
4325053e-9bd3-fc99-baae-951499ca0ae6,5861e2b7-2ce8-2f90-c4ca-4f0846754e70,ARSB80143,قصبة دوش مربعة 40 سم ذهبي,1
f656c1f0-3062-c818-4bf9-23e9531346db,5e027e3e-4746-5608-191a-a75ad8cf9cea,EG30882,حوض مطبخ جرانيت بيج78*50 فردي,3
11cfaa92-b445-a7d5-630c-969791a186ed,1d67d142-d995-b0a7-a059-98ddbcd0bd8d,ML10074,خلاط حوض وجه  كروم,3
94fb7a4a-3037-fb9a-0bc2-e6e36bc3c763,5c04f9d7-964b-5c72-038f-e37add04e021,ARSB80781,شطاف ظغط مربع كبيرمع طوبو كروم,7
3ae38ffa-b3e6-597a-4fa2-d43dcb15fa9d,5c04f9d7-964b-5c72-038f-e37add04e021,ARSB80813,مصب دوش قصير بتحويلة كروم,7
1cedb92d-a991-5fca-c9bb-ec42f404a8dc,5c04f9d7-964b-5c72-038f-e37add04e021,ARSB81039,وصلة مسطرة دوش40سم أسود,5
bde9e430-9d2e-5170-4d4a-e4e7e274dd13,5c04f9d7-964b-5c72-038f-e37add04e021,ARSB81038,وصلة مسطرة دوش40سم ذهبي,5
d10784eb-5a28-b7a8-2804-e4284ba0a739,5c04f9d7-964b-5c72-038f-e37add04e021,RO10998,حنفية غسالة  ''1/2 * ''3/4 كروم,7
f998735c-5a7a-54a3-67dd-d57aca330bed,5c04f9d7-964b-5c72-038f-e37add04e021,ARSB80984,"مسكر شطافة ""1/2"" * ""1/2 كروم",4
4fffdc91-2791-1d28-beea-c2b3c864f64d,5c04f9d7-964b-5c72-038f-e37add04e021,ALVM50307,سيفون حوض الوجه كروم,5
c2d2ae17-a842-ae89-96f4-8b2de899edc7,5c04f9d7-964b-5c72-038f-e37add04e021,CD40002,مسطرة دوش زوجية كروم,2
d5c0307e-093c-2aa2-99f6-b8ca791face2,5c04f9d7-964b-5c72-038f-e37add04e021,CD40426,مسطرة دوش زوجية كروم,2
d5414e73-ead4-4536-e4e9-2401e62973a0,5c04f9d7-964b-5c72-038f-e37add04e021,CD40097,مسطرة دوش زوجية كروم,2
51fc7748-f2be-66e1-d48e-4b7e45343744,5c04f9d7-964b-5c72-038f-e37add04e021,ARSB80815,"مسكر شطافة ""1/2"" * ""1/2 أسود",8
20f7127a-73ef-f7b8-0bf3-758ef3ce3f28,5c04f9d7-964b-5c72-038f-e37add04e021,WP20158,مقعد أرضي ملحوم طويل أبيض,1
b5ce82b8-0ccf-0c2c-009e-dbbe6d8919ba,5c04f9d7-964b-5c72-038f-e37add04e021,ATWC51060,طقم تثبيت المرحاض المعلق على الحائط,10
65525303-984b-5e3a-c6dd-b32f03605b56,5c04f9d7-964b-5c72-038f-e37add04e021,ARSB80901,طوبو دوش 150سم كروم,30
04f0f70f-b05a-af4d-80d9-28d73cbe300e,e9619e9b-d202-691b-a743-c9726ee503c3,MC10644,مجرى 40 سم *8 سم كروم,4
81727b5f-8cd1-a87d-0764-0064d946af5d,e9619e9b-d202-691b-a743-c9726ee503c3,ATWC50525,زر بتريا أسود,1
5c324b6d-01bd-df17-7c13-0e44d8dd3f36,f42082b1-d3fd-2a90-f332-cec54a06b069,WP20475,مقعد أرضي ملحوم مربع  أبيض,4
23511669-5a50-deba-0fc6-0acc3bb7b42b,f42082b1-d3fd-2a90-f332-cec54a06b069,WS10813,مقعد معلق تورنيدو أبيض,4
da41966a-5dab-7c4c-00f0-720e2ba04389,f42082b1-d3fd-2a90-f332-cec54a06b069,WS10815,مقعد معلق ملحوم تورنيدو أبيض,4
ee475aa3-c5a2-b771-392f-3599b33816df,0693f485-3b16-373b-aee6-eb74efbf13f7,EL10433,حوض مطبخ ستانلس ستيل 76*45  أسود,1
fe029c64-f8de-c92e-01f6-516153652c2a,9038bc64-a58a-02b6-ac56-aaa84d9912c5,ALVM50012,سيفون حوض الوجه ذهبي,1
ed30084f-9b12-1b5e-db2f-64d257219229,4f230859-ddbd-254d-1303-01758ce816f9,SA10823,طقم اكسسوار كروم,1
e880a4aa-b7ab-1c97-8cf8-fa031d1103bf,0136c2d8-2767-b682-b4a1-2852c8410b9d,WS10590,مقعد معلق رايملس رصاصي,4
d779aaff-fce1-2742-07a9-2e1c3cfe89f4,0136c2d8-2767-b682-b4a1-2852c8410b9d,AASB30671,فرشاة تنظيف مرحاض كروم,10
e9e30a2d-053b-9032-e97b-5277bcece421,0136c2d8-2767-b682-b4a1-2852c8410b9d,MC10652,سرفنتينة 15 سم * 15 سم كروم,30
2663ee81-cc4b-bf7a-2efe-10f58d9d2a1e,0136c2d8-2767-b682-b4a1-2852c8410b9d,WS10807,مقعد معلق تورنيدو أبيض,6
1c31e85e-1cce-8824-f8ce-f1fbd73ae5c8,0136c2d8-2767-b682-b4a1-2852c8410b9d,EG30875,حوض مطبخ جرانيت أبيض مطفي72*47 فردي,4
66ca0b4d-2488-6b39-f4a2-14eaca48b492,0136c2d8-2767-b682-b4a1-2852c8410b9d,EG30872,حوض مطبخ جرانيت أسود مطفي72*47 فردي,4
08df4c8c-6134-1183-68e3-37003d27f446,0136c2d8-2767-b682-b4a1-2852c8410b9d,AASB30831,سلة قمامة كروم معلقة 5 لتر,1
5815725f-0239-c32e-340f-08f64312727e,78f3c0a7-50ed-e65e-1d62-43335719e200,VS10821,حوض وجه معلق أبيض 42x56,6
5a60edfb-2c61-2658-35ed-dcbb62b3f183,78f3c0a7-50ed-e65e-1d62-43335719e200,WS10807,مقعد معلق تورنيدو أبيض,2
23508de0-57ce-d0dd-a701-524e8ceeb889,78f3c0a7-50ed-e65e-1d62-43335719e200,WS10817,مقعد معلق ملحوم تورنيدو أبيض,3
0b43105c-c088-8e29-51d3-bc0f589e3237,78f3c0a7-50ed-e65e-1d62-43335719e200,WS10813,مقعد معلق تورنيدو أبيض,4
762002e4-1377-0cde-fd93-18bb2f47e6c9,78f3c0a7-50ed-e65e-1d62-43335719e200,WS10815,مقعد معلق ملحوم تورنيدو أبيض,7
8d15fa4f-0fc6-304b-445b-c0deaa6502eb,db081742-0fd6-4bfa-b0ec-c377044d0a32,VS10321,حوض وجه معلق -130 سم,2
79be9eef-6303-e70a-8c6d-318ab1741c0a,b5ec3693-7a4b-3193-7dda-1ca77d484b87,ARSB80163,شطاف ظغط مربع مع طوبو كروم,1
08a8ab9d-e584-fede-19aa-e4470acf7243,b5ec3693-7a4b-3193-7dda-1ca77d484b87,ARSB80162,شطاف ظغط مربع مع طوبو ذهبي,1
3965ba29-b3cd-bad4-5abf-a54404208038,db081742-0fd6-4bfa-b0ec-c377044d0a32,VS10396,حوض وجه معلق -80 سم كريمة,1
29c1526c-05be-e014-36e9-e2314b69a108,db081742-0fd6-4bfa-b0ec-c377044d0a32,AECU50057,صابونية حوض مطبخ أسود,4
44f3d5cc-5695-5ccb-094c-e7f14e59627f,4a3f1d7c-c8d5-46a1-7e10-0f4d73439db7,EL10243,حوض مطبخ ستانلس ستيل منظومة بيانو 304 75*46 كروم,2
2fd1bf01-f0e0-fa2c-8223-a2ef2aac7c4e,f558499f-d03e-7cc5-2468-883f101cb347,RA20007,"كوع 32"" لحام",4
d597eafb-b298-8a56-491f-0799aa131ee7,175ab378-f895-0df3-1662-53036e7d60e0,ARSB80056,كسكاس دوش مربع 300*300 مم كروم,5
27e8f5b6-300c-eb98-d4f9-a3dbb5e1c16c,5ad6800b-cdb7-ec5e-fc6a-5cf60299f2c0,ML30374,مرايا حمام مع إضاءة لد مع اطار أسود 80*60 سم,6
b7bbd793-b2d9-37e8-d2c9-3911f78f7527,5ad6800b-cdb7-ec5e-fc6a-5cf60299f2c0,ML30091,مرايا حمام مع إضاءة لد مع اطار كروم  80*60 سم,6
844dedc6-45e8-4781-ca72-ca16e5415337,5ad6800b-cdb7-ec5e-fc6a-5cf60299f2c0,ML30090,مرايا حمام مع إضاءة لد مع اطار دهبي  80*60 سم,6
38e81a70-22be-fa50-83bc-2b8cae9b3dfb,3e378858-d020-58ab-5677-ce0a1edd632e,ARSB80240,كسكاس دوش مربع 250*250 مم مع قصبة كروم,2
1120151e-8923-7f0b-46d1-40c3c33e4788,5697f994-330e-e3fe-4757-a374feae28e4,RFP1094,"فسيبلي "" 1/2 أنثى * ""1/2 أنثى 60سم",2
52c5cfa4-f42a-ae16-58d2-c935b39ba7d7,09b79d27-4920-067b-684e-551a58a32b71,ALVM50029,سيفون حوض الوجه ذهبي,2
a606227b-1af2-9a95-ccce-a74a6af43870,09b79d27-4920-067b-684e-551a58a32b71,ALVM50032,سيفون حوض الوجه كروم,3
4df101a8-1941-8f26-d076-9161accc5421,09b79d27-4920-067b-684e-551a58a32b71,ALVM50030,سيفون حوض الوجه كروم,2
72e53678-96ff-258e-c17e-5c79fd81a33d,09b79d27-4920-067b-684e-551a58a32b71,ARSB80332,مصب دوش مع تحويلة كروم,4
99b10e98-5aae-169e-e049-9ca7041ef6c8,ea4367a6-2ee3-9604-4a4e-ad23b4742584,ARSB80984,"مسكر شطافة ""1/2"" * ""1/2 كروم",12
0dc337f3-cf41-ebc9-286b-227d7e6e779e,ea4367a6-2ee3-9604-4a4e-ad23b4742584,ALVM50809,سيفون حوض الوجه كروم,1
0b526509-8a6b-5b8b-93df-69adf3daa243,ea4367a6-2ee3-9604-4a4e-ad23b4742584,WS10172,مقعد معلق رايملس أبيض,3
ec8d007d-af52-64cf-12ab-d3ad211eee53,1904fda4-38e9-961b-d2c1-88ba1a667d13,RO10018,مسكر زاوية  ''1/2 * ''1/2 اسود,2
d1a74102-27a0-5fb8-e8b2-a29703da7a47,1904fda4-38e9-961b-d2c1-88ba1a667d13,ARSB80660,مخرج شطاف مع علاق كروم,1
6ae30ada-cae0-dd9d-4193-16b6361f45f5,1904fda4-38e9-961b-d2c1-88ba1a667d13,RFP1373,"فسيبلي "" 1/2 أنثى * ""1/2 أنثى 60سم",4
4e135981-e11a-0988-f521-89a878de300f,1904fda4-38e9-961b-d2c1-88ba1a667d13,ARSB80192,قصبة دوش مربعة 40 سم كروم,1
a357817c-bf63-c02c-59aa-3280bdaa3020,09b79d27-4920-067b-684e-551a58a32b71,ALVM50025,سيفون حوض الوجه كروم,1
5afef000-2580-474f-200f-796253e73a49,09b79d27-4920-067b-684e-551a58a32b71,ARSB80331,مصب دوش مع تحويلة ذهبي,1
de479ad2-4c9a-f3a2-9d60-29f4cd1de464,09b79d27-4920-067b-684e-551a58a32b71,ARSB80330,مصب دوش بدون تحويلة ذهبي,2
3a79dec8-d5dd-5e1c-8df7-366431412942,09b79d27-4920-067b-684e-551a58a32b71,ARSB80337,مصب دوش مع تحويلة كروم,4
b80ffc90-e93a-aa02-a1d6-e6bfb5b73f97,09b79d27-4920-067b-684e-551a58a32b71,ARSB80345,مصب دوش بدون تحويلة متحرك كروم,2
c7103b0b-e743-0a20-89d3-d450f30ee62a,6774e8f0-a31e-a7df-2e24-98ae53392473,ARSB80398,قصبة دوش مربعة 40 سم كروم,2
a0cc46aa-1ab7-b90e-34ec-b21b4550cf19,6774e8f0-a31e-a7df-2e24-98ae53392473,ARSB80397,قصبة دوش 40 سم أسود,1
059c8be6-885a-ba09-10fc-717ba610b3a5,6774e8f0-a31e-a7df-2e24-98ae53392473,ARSB80360,قصبة دوش 35 سم كروم,2
32fd1185-e571-5b84-3f61-6478e178a777,1904fda4-38e9-961b-d2c1-88ba1a667d13,ARSB80194,قصبة دوش 40 سم أسود,1
3e6a06e1-0b79-a452-1e0b-6849e946b656,1904fda4-38e9-961b-d2c1-88ba1a667d13,SI10509,سلكون حراري استرا اسود 1600c,1
7c2051ae-6107-4bd7-4c22-6e04b08b089c,7dd59e4a-e1e1-52d9-d2ed-d97a2d4fb956,ARSB80182,مخرج شطاف مربع بالعلاقة أسود,1
891fdfbb-5034-c8ec-d8de-f2dbf0e1455a,6774e8f0-a31e-a7df-2e24-98ae53392473,ALVM50393,رأس سيفوني رخامي,2
da4968de-b08a-305c-fd1c-d7f2460bce54,6774e8f0-a31e-a7df-2e24-98ae53392473,ALVM50394,رأس سيفوني رخامي,3
1564af2a-deb8-0b5c-993b-b45b5a5254ff,f2a95781-c7fc-63cd-b26c-28d06db62c32,PD20125,حاجز دوش 8 مم  مضبب90  سم,1
f1abf1f9-519a-f361-c334-f160e4bbbb7b,79727176-9219-7859-f43e-c143122b655c,WS10817,مقعد معلق ملحوم تورنيدو أبيض,1
296d59d3-ee1c-0d89-7d52-6a5c64025fef,dd8a2072-e909-2bfb-afdf-730c054a6aa7,MC10647,مجرى 50 سم *8 سم كروم,5
9149d015-4730-2d8a-0e81-f17c219dd7f9,dd8a2072-e909-2bfb-afdf-730c054a6aa7,AASB30856,سلة قمامة ذهبي معلقة 5 لتر,2
c561051f-e400-8739-ebc0-f0d30d8a71c4,8d622fbc-e770-b32a-2b89-8f91233626a8,EL10040,حوض مطبخ ستانلس ستيل   304 76*45 سم كروم,2
9ad13163-f75a-1ba1-f706-635719599916,d59f963d-d921-d585-6f97-334d48fc5796,MC10644,مجرى 40 سم *8 سم كروم,4
6fdb5579-4050-b75b-08fe-af4f0c1ee985,a304b6f7-221c-89b8-34a9-9ec737228885,WS10819,مقعد معلق كبير بلس سايز تورنيدو أبيض,2
f68f4604-dc57-37ae-cfbe-8c189651059e,a304b6f7-221c-89b8-34a9-9ec737228885,ATWC50314,صندوق طرد مدفون بتارية مع زر مربع 9 لتر,1
2e7c9a0c-5e17-2bc9-1bbb-0e9c86d025c1,a304b6f7-221c-89b8-34a9-9ec737228885,WP20587,مقعد أرضي ملحوم أسود,3
e87046c5-a27e-5869-c474-1b612daa10b9,6b3a304e-e71d-4e73-acac-4eab82fbc1b6,ART0033,سماعة دوش مع طوبو كروم,1
913bd3d0-8e20-5a87-5668-6bf5f66cccb4,920e141a-3cc3-c66a-6adb-8fc2a63141da,ART0033,سماعة دوش مع طوبو كروم,1
b9d3e7ea-1a77-5986-0345-70a69b20494c,565d0b07-e598-dece-625e-1291775e2993,VS10201,حوض وجه معلق -80 سم,1
1bcce589-dca8-a48a-ddaf-dd6d769e7255,dde339d4-77cb-80b0-b018-f8307c2ad0f3,AASB30669,مسند لكبار السن أبيض,2
cb3ec840-dd5d-9bbf-7c6b-77f1131eb2ff,8710d12b-1184-bc25-6a6a-9a9a1d7cdc18,EL11063,حوض مطبخ ستانلس ستيل تحت الرخامة 304 71*41*22 سم,1
f71c3464-fe3b-244e-1cfa-30d6909eabb5,77f06129-10ce-9128-5b9d-bfc249f7c1e6,WS10007,مقعد معلق أبيض,2
c2494ad9-20d3-bbc4-d44c-c3a256d2a9c3,6d90cb5c-738f-0c9b-0f29-f1646baedeb4,WS10816,مقعد معلق ملحوم تورنيدو أبيض,5
be73cfea-2df6-5cf7-e723-354b6b7b665f,6d90cb5c-738f-0c9b-0f29-f1646baedeb4,WS10817,مقعد معلق ملحوم تورنيدو أبيض,4
7c466328-ebcf-b796-f53a-dfd7c3e1abe0,6d90cb5c-738f-0c9b-0f29-f1646baedeb4,WS10815,مقعد معلق ملحوم تورنيدو أبيض,5
13ea0dd4-7bd9-a408-c4a8-07882031b27e,0076070a-8404-e4c5-6911-bdb72bbdab7c,ALVM50765,رأس سيفوني كروم,3
7275434c-6b75-9735-61f8-a9372ee437e9,dea66c9f-d37e-c45e-2e1b-c8a0fb95d4d0,MC10091,مجرى خارجي  50 سم *13 سم كروم,4
52d322db-0777-48c1-f07d-961f4345c421,dea66c9f-d37e-c45e-2e1b-c8a0fb95d4d0,AEVE20092,وصلة صرف يمنى رصاصي,2
72d52f57-542e-7b2a-cfeb-74423eddbc73,c87dfc02-6b09-44f0-9c6b-366ea9842486,MD20022,خلاط دوش مع طوبو كروم,2
aff11226-e0d5-5b59-0d31-903ee50e7c56,c87dfc02-6b09-44f0-9c6b-366ea9842486,MT30008,خلاط شطاف مع شطاف كروم,2
5b944222-94f3-a6d1-8f6e-4c9e322b16bf,c87dfc02-6b09-44f0-9c6b-366ea9842486,ML10075,خلاط حوض وجه أسود,2
efb2cd90-718a-acb9-a0a4-cdcd8a3654d0,c87dfc02-6b09-44f0-9c6b-366ea9842486,RE10004,حنفية حوض المطبخ شجرة كروم,2
199db09d-faa4-91d4-dcef-89c385b08952,2ff91dae-6c19-8219-6815-3491a929dead,AASB30669,مسند لكبار السن أبيض,1
39f1b636-dee1-8e21-d992-c17d5cf37cb4,6d90cb5c-738f-0c9b-0f29-f1646baedeb4,WP20161,مقعد أرضي ملحوم رصاصي رخامي,2
5b7bf825-05e2-7260-fed3-c31745df5315,6d90cb5c-738f-0c9b-0f29-f1646baedeb4,WP20475,مقعد أرضي ملحوم مربع  أبيض,2
38603911-f51e-5ab8-abaa-7fc266367f35,6d90cb5c-738f-0c9b-0f29-f1646baedeb4,WP20827,مقعد أرضي ملحوم أبيض,6
cc4b6c55-e580-a364-7fdd-2efff82841fb,9969e7af-c92d-8f95-5799-e7fe64ee27a7,AASB30144,حاملة فوط أسود,2
7837530c-7d18-00c5-4814-c997b7dc5d41,9969e7af-c92d-8f95-5799-e7fe64ee27a7,SA10021,طقم اكسسوار خزف ثلاثي رصاصي,3
6601cb90-2b6c-5658-b1df-786c84410c52,9969e7af-c92d-8f95-5799-e7fe64ee27a7,SA10020,طقم اكسسوار خزف رباعي أسود,2
89294cb7-ebc9-3d5e-ba1b-6a95cd49d171,9969e7af-c92d-8f95-5799-e7fe64ee27a7,AASB30306,حامل ورق منظف كلينكس,3
c47d81fe-9cb8-cd4d-7516-833a29546013,55d48e2f-7602-f51d-883b-e4bf84315efb,ATWC50158,مثبت غطاء مقعد ضغط كروم بالوردة,3
06596a8b-b8b9-0a57-6571-1a476eba97e5,d6ef7da5-ccf8-47ca-12a1-da05a8ab4b8a,WP20161,مقعد أرضي ملحوم رصاصي رخامي,1
14a466b8-2c13-6c5e-5e6e-e312dfcefd92,d6ef7da5-ccf8-47ca-12a1-da05a8ab4b8a,WP20476,مقعد أرضي ملحوم مموج  أبيض,2
c4e91263-c847-dd98-54e0-66d397b69f08,d6ef7da5-ccf8-47ca-12a1-da05a8ab4b8a,VS10177,حوض وجه معلق أبيض,2
f0d69fb9-03e3-40c0-0225-d5cc55c83c4b,5c0342a9-aaf4-c463-67ec-e88034dfd2de,EL10166,حوض مطبخ ستانلس ستيل منظومة بيانو 304 80*45 كروم,2
2e9b389c-b71e-9ec5-68dd-777b304ae708,ef236cc2-84de-c2f9-13bc-3aaa7898a9c1,CD40621,مسطرة دوش زوجية مربعة مع خلاط كروم,8
3737131a-959c-f908-adbc-385387fa2f27,ef236cc2-84de-c2f9-13bc-3aaa7898a9c1,MT30629,خلاط شطاف دائري مع شطاف 15 سم كروم,9
a56cf11b-32c5-ef33-43e6-1405f3c8f765,bfe32f4d-d76e-280f-de2e-771319542196,RA20014,"وصلة 25* 1/2"" سن داخلي",2
bf72364e-de5f-9ea5-d446-d1f6ebada135,52974229-d038-fdd4-2290-13a51066c426,MDE50676,خلاط دوش مدفون كروم,3
6bc9fc4e-68db-7b03-4224-21ee5a601eeb,52974229-d038-fdd4-2290-13a51066c426,MTE60675,خلاط شطاف مدفون كروم,4
e1bb3a58-629f-71c7-0233-cc6302c34fd5,8f3e20ef-47df-e92e-26c1-876779ca5d93,MC10644,مجرى 40 سم *8 سم كروم,2
983c09b0-82c4-7f50-67fb-8d746520fcf5,8f3e20ef-47df-e92e-26c1-876779ca5d93,MC10652,سرفنتينة 15 سم * 15 سم كروم,1
2002598e-225b-5173-84ae-ec163f7b22ae,a8239eef-1160-3e9e-8713-c1c43834e5d0,MC10643,مجرى 30 سم *8 سم كروم,5
cd40c40e-b22c-7f6c-3614-1c667c529699,bbf30c6a-68c7-ed04-fab6-c0262683e8a9,WS10163,مقعد معلق رايملس أبيض,1
ca364c35-4b0f-97a9-f1cd-0e63fabc729c,c746963a-c2c3-216f-6275-fc17d53be56b,AM1019,دولاب حمام -80 سم,1
e2ffa150-cd3e-69f0-d517-8fec64cd958d,c746963a-c2c3-216f-6275-fc17d53be56b,LG41018,حوض رخامي كوريان 80سم,1
52a6f2ac-dd20-fe64-9c36-7c4d680c0f7f,8ee1301f-05aa-8406-fa6a-3f5afcc30829,VS10822,حوض وجه معلق أبيض60,6
332966e5-b52c-d275-19ce-6e249a04427c,8ee1301f-05aa-8406-fa6a-3f5afcc30829,MC10652,سرفنتينة 15 سم * 15 سم كروم,30
48e9fd3f-bb47-1dc4-aad3-80d057e1e1b3,8ee1301f-05aa-8406-fa6a-3f5afcc30829,AASB30671,فرشاة تنظيف مرحاض كروم,6
f52ab208-901b-8bdd-4968-726f8282f6aa,8ee1301f-05aa-8406-fa6a-3f5afcc30829,WP20827,مقعد أرضي ملحوم أبيض,3
28176352-9346-755c-2ec6-51e673a14fa9,8ee1301f-05aa-8406-fa6a-3f5afcc30829,WP20476,مقعد أرضي ملحوم مموج  أبيض,1
a2d84412-fa85-e35c-6df5-595f1dd5beda,8ee1301f-05aa-8406-fa6a-3f5afcc30829,WS10812,مقعد معلق تورنيدو أبيض,6
7a574bc7-a088-1bff-b01b-6d128cf02fa4,8ee1301f-05aa-8406-fa6a-3f5afcc30829,WP20475,مقعد أرضي ملحوم مربع  أبيض,8
39ea0fbd-af41-192d-8d7e-8ab0b6ab523c,e411bab5-2150-0a00-2bbe-78c71f3d0ef3,VS10122,حوض وجه معلق -100 سم,3
24f767aa-aec4-87d8-d5e8-7344219e8c62,e411bab5-2150-0a00-2bbe-78c71f3d0ef3,VS10121,حوض وجه معلق -100 سم,3
8ff7bb6b-42c1-9158-1729-a1d8d6aa39df,e411bab5-2150-0a00-2bbe-78c71f3d0ef3,VS10123,حوض وجه معلق -75 سم,3
84f5709c-00db-175a-853d-0e9bdb1c8a2a,e411bab5-2150-0a00-2bbe-78c71f3d0ef3,VS10191,حوض وجه معلق -80 سم,3
639369fe-519d-0f39-9f81-2f3d57d28416,e411bab5-2150-0a00-2bbe-78c71f3d0ef3,VS10125,حوض وجه معلق -55 سم,3
5f4ac832-aed7-97ad-3ab7-25a2b2fc2331,1d67d142-d995-b0a7-a059-98ddbcd0bd8d,MT30061,خلاط شطاف مع شطاف كروم,3
7c04c237-728f-4368-588f-db7cd1c85a63,b4c1df1a-8022-b19d-0b82-cca90ba0f055,ML30108,مرايا حمام مع إضاءة لد 80*60 سم,1
be9f5662-51ff-667c-f9c6-20173ec44920,9969e7af-c92d-8f95-5799-e7fe64ee27a7,AASB30062,صابونية كروم,4
e21b5496-c969-781f-beb6-fbadf5657f10,c9c8c72e-e4c1-c432-e961-53232813026e,ML10752,خلاط حوض وجه اسود,2
ec768675-dcc8-9e43-9060-e00c3939316e,c9c8c72e-e4c1-c432-e961-53232813026e,ARSB80467,شطاف ظغط مربع مع طوبو أسود,1
be2fe38f-3d42-0986-6ae7-cb05bb810a69,d0bc5b70-cd64-9e30-765c-e9b7ed3dce04,WS10014,مقعد معلق (صندوق خارجي) أبيض,4
52b32452-4d24-4665-02bb-3a185b529846,d0bc5b70-cd64-9e30-765c-e9b7ed3dce04,WS10015,صندوق مقعد معلق أبيض,4
1d5dc0ef-2eba-9b9e-5125-02adb9a15fc9,2280962e-dd49-e258-76f8-f2172f00c78f,ARSB80141,مصب دوش قصير بتحويلة كروم,1
f7a95179-9f50-f824-d1d2-4599a27dca80,6b2357ab-32cc-b4c1-e14a-1d50b2169b63,ML10800,خلاط حوض وجه كروم,4
64e9233b-d75f-5a08-7f28-b654d904c04d,6b2357ab-32cc-b4c1-e14a-1d50b2169b63,MC10288,مانع رائحة كروم,3
163f3cc7-ff6f-c9ec-0ed4-5173a9b35509,6b2357ab-32cc-b4c1-e14a-1d50b2169b63,MC10770,مجرى 50 سم *8 سم كروم,2
ff756d21-469a-34a6-36e1-7294af7a38dc,f425a284-7565-8cc9-3bd4-810713ea9856,VS10200,حوض وجه معلق -80 سم,1
c4783bdb-584d-c019-a356-a363472a5082,9ecad587-bdd8-095d-6e5b-3baf3d5ed73c,MC10652,سرفنتينة 15 سم * 15 سم كروم,1
527466d1-b03d-7705-e13e-b37dd4799641,9ecad587-bdd8-095d-6e5b-3baf3d5ed73c,MC10644,مجرى 40 سم *8 سم كروم,1
df24bce8-c9d9-a0a3-d44c-c938ad942c98,a8ba52d5-c9cb-7514-b3ac-3f64077bc4aa,MC10652,سرفنتينة 15 سم * 15 سم كروم,30
f3b1fda9-c7f3-c6fa-8fa8-01853d433ea5,a58ecda4-91ae-f1b2-b01d-4f9f602d10c2,EG30863,حوض مطبخ جرانيت أبيض مطفي79*51 فردي,1
638dd9d7-e3a5-d5f4-2b36-f3d49a3fdd8f,a58ecda4-91ae-f1b2-b01d-4f9f602d10c2,AECU50425,سيفون حوض المطبخ,10
e855513c-0301-9b6e-6369-49ba821ac744,a58ecda4-91ae-f1b2-b01d-4f9f602d10c2,ARSB80781,شطاف ظغط مربع كبيرمع طوبو كروم,4
bd29999e-be28-bfae-7c39-ed08e0d69f72,537e828f-bc66-2fcd-e0de-dd735d02668e,ARSB80660,مخرج شطاف مع علاق كروم,31
ab4293ee-f54f-bcc3-285c-f495447bf860,537e828f-bc66-2fcd-e0de-dd735d02668e,ML10617,خلاط حوض وجه كروم,5
2ccc08d8-0fbc-1e12-62f7-1f758fefa030,3a8f00ce-5590-6fcb-0e5b-5d16862bdaf6,WA40482,غطاء مقعد أبيض,2
2be9938f-7a07-53f9-5e63-32f65eb03e05,3a8f00ce-5590-6fcb-0e5b-5d16862bdaf6,PA30084,نظارات حماية,2
f3f37131-5397-359d-e79f-9af4153e72c3,3a8f00ce-5590-6fcb-0e5b-5d16862bdaf6,AECU50425,سيفون حوض المطبخ,2
d08df996-12dc-853a-fa63-7022f133683f,95045eb6-b551-c2ac-a5cf-daab0166b549,WS10170,مقعد معلق رايملس أبيض,1
a0c24b3a-558f-6617-f59b-baa0a12dc49a,733f17b2-2707-733c-7321-9a7116acbba5,WP20397,مقعد عربي ورده أبيض45*60,3
72242755-9b27-a1ae-4983-56192fe49d8b,0232c6d3-72ba-8fbd-4c71-e5441cba9384,ARSB80907,كسكاس دوش مربع 300*200 مم مع قصبة أسود,5
1ebfd967-3729-2cc2-04ee-51a3ae985514,de6e6255-ec6b-935f-9e35-766c30da8911,WS10015,صندوق مقعد معلق أبيض,1
951cf982-493c-9a89-cd8f-a40308607c6a,de6e6255-ec6b-935f-9e35-766c30da8911,WS10014,مقعد معلق (صندوق خارجي) أبيض,1
a1585991-0aa4-4d06-ef07-037cc67ac06c,d3ebe3b6-fefe-bbe3-db33-01b74f25e664,PD20786,حاجز دوش 10مم اطار كروم مضبب 90 سم,1
5566c938-2252-e0e0-1f5f-0464bb06e2c8,d3ebe3b6-fefe-bbe3-db33-01b74f25e664,ALVM50368,طابة حوض الوجه,2
b558bcca-5036-f791-1076-fc47380242a0,55a3551a-057d-9bc1-b291-2e5ec18ee0d5,AM0563,حوض وجه  دولاب حمام -90 سم,1
9bd711ed-ec23-08e9-5e0e-e603412382da,55a3551a-057d-9bc1-b291-2e5ec18ee0d5,AM0564,دولاب حمام -90 سم,1
7f9eb96b-3cf2-0a68-204b-5251ba6428c1,55a3551a-057d-9bc1-b291-2e5ec18ee0d5,PLSA0265,وردة كروم,2
0ca17bc8-b3cf-7e99-050a-551a1db1b0aa,55a3551a-057d-9bc1-b291-2e5ec18ee0d5,AM40565,مراية دولاب حمام -90 سم,1
72f228b0-a3ad-1f05-e561-90bf722f21ee,55a3551a-057d-9bc1-b291-2e5ec18ee0d5,MA20911,خلاط حوض المطبخ سحاب رصاصي,2
343848dd-cdc4-9b39-8bd1-ad4b4a41eb96,dffe61c1-5ba5-50c0-dcb1-c696bfa03f8d,ARSB80527,شطاف ظغط دائري مع طوبو أسود,1
cd201f1d-55e4-ae40-2e26-07b0830c5077,dffe61c1-5ba5-50c0-dcb1-c696bfa03f8d,ARSB84562,كسكاس دوش مربع 250*250 مم اسود,1
aecb59ba-0c73-7564-6161-8422b14b44e6,dffe61c1-5ba5-50c0-dcb1-c696bfa03f8d,EL10040,حوض مطبخ ستانلس ستيل   304 76*45 سم كروم,1
07430122-c43b-4b3a-ee42-f800f529d9a1,dffe61c1-5ba5-50c0-dcb1-c696bfa03f8d,EL10433,حوض مطبخ ستانلس ستيل 76*45 سم أسود,1
a51022a1-a45a-3b0b-f120-52904d17999a,dffe61c1-5ba5-50c0-dcb1-c696bfa03f8d,VS10825,حوض وجه معلق -100 سم,1
c4830aec-a781-b451-0791-8fc403a52497,dffe61c1-5ba5-50c0-dcb1-c696bfa03f8d,ML30824,مرايا حمام مع إضاءة لد 100*70 سم,1
e62edb42-126d-0d3a-95a1-52e8ceae0c2d,dffe61c1-5ba5-50c0-dcb1-c696bfa03f8d,AM0826,دولاب حمام مع إضاءة لد-100 سم,1
9773cbc0-b7a2-c007-76c9-a3332d389e47,dffe61c1-5ba5-50c0-dcb1-c696bfa03f8d,EL10934,حوض مطبخ ستانلس ستيل   304 تحت الرخامة 76.2*40*22سم كروم,1
ca0f7388-3366-8c1f-fe1b-0681025ce1cb,dffe61c1-5ba5-50c0-dcb1-c696bfa03f8d,PD20289,حاجز دوش 8 مم بالعلاقة المناشف80 سم,1
7a952ce4-51da-0d92-fe60-3bd6ca48653d,dffe61c1-5ba5-50c0-dcb1-c696bfa03f8d,PD21111,حاجز دوش 10مم اطار كروم منقط 70 سم,1
aff3a961-9fbb-66d0-a52c-f7694d5c68ea,55a3551a-057d-9bc1-b291-2e5ec18ee0d5,ADOU50728,كرسي دوش بدون ظهر,1
ca3189bc-a6bd-1794-2461-3c9cb67196c5,55a3551a-057d-9bc1-b291-2e5ec18ee0d5,ADOU50727,كرسي دوش بالظهر,2
e9ded9c1-fce7-1414-5dd4-d62d6f20dcfc,55a3551a-057d-9bc1-b291-2e5ec18ee0d5,AB10562,خزانة حمام أبيض,1
068c21a5-6f33-33af-338b-cd1e828e1e0b,cc6bd480-a281-4aae-f039-12c9bcceef32,ARSB80519,كسكاس دوش مربع مع قصبة 250*250 مم كروم,2
0dd2ceed-daa1-10d6-4b6a-eb680a62af1a,c0969b4c-438a-5197-722c-f6b57bcb47d0,CD40002,مسطرة دوش زوجية كروم,3
73299a96-6899-e5cf-17c3-7f8c8b5046d1,9945c830-bcbc-d731-21a1-f7858b808ae4,RO11146,حنفية  3/4مع تفلون,8
c1d11cc0-351d-c6f5-b656-8cf7c90e8282,9945c830-bcbc-d731-21a1-f7858b808ae4,MC10647,مجرى 50 سم *8 سم كروم,1
21d49d60-69ae-2c75-eac7-cb2693c3f681,a5116946-93d0-6800-49e9-a0c167945f90,ART0003,حوض مطبخ ستانلس ستيل منظومة  304 75*45كوروم,5
2eab38ca-2429-db46-6237-90854058847c,4f544975-a867-ad7f-85d8-8ffea6fa0bc3,AMEV50119,رقبه خلاط مطبخ,1
b52eb7cf-d782-182b-30b4-2d6e5a1779f7,d33e3214-4cf9-8273-9e27-340d523cb19c,WP20476,مقعد أرضي ملحوم مموج  أبيض,2
31e77b3e-93ba-9238-2bc8-3a19fcd569ff,5bdbd288-5379-af40-e058-fbf07c7637b2,PLSA0208,وردة كروم,10
65425f35-452b-8fdc-ec83-0867c4a8ba63,914a20f0-8717-d68c-3682-3071783db81e,CD40760,مسطرة دوش زوجية كروم,2
a15f22a1-6028-45ec-8e85-7a7ce60b8d12,90b1b024-fea5-22d0-1822-6470413fdf54,WP20097,مقعد أرضي بدون صندوق أبيض,2
03f2a496-b60b-25c5-943d-fb8068f11ced,4df5beee-4219-21cc-8884-1c694ef132ee,MD20248,خلاط دوش ذهبي,5
f4ea4efb-6475-50c7-8a11-01c0b9faed54,b1a74108-5b9b-68db-fa20-fd53b16ad7b1,AASB30405,حامل ورق منظف كلينكس,5
5880cd37-e9d0-98fe-0690-af3b897fc648,44212860-b694-a4d7-30d8-47f2f51254fe,MO10011,خلاط حوض المطبخ تحلية كروم,1
83894de6-cdf9-9597-1161-d2dfc65d062a,44212860-b694-a4d7-30d8-47f2f51254fe,MA20010,خلاط حوض المطبخ سحاب كروم,1
ac02bcf7-cd01-527c-348f-f2b2547adf0e,44212860-b694-a4d7-30d8-47f2f51254fe,ML10007,خلاط حوض وجه طويل كروم,2
d2a4453d-7601-3fd0-d6cf-3ea44a62d7b6,44212860-b694-a4d7-30d8-47f2f51254fe,ML10006,خلاط حوض وجه كروم,4
c26c8596-0196-5e27-c1ab-023971f85841,44212860-b694-a4d7-30d8-47f2f51254fe,MD20013,خلاط دوش كروم,2
5a574ee1-e8bd-b8ee-144e-ef2af4595e65,44212860-b694-a4d7-30d8-47f2f51254fe,MDE50049,خلاط دوش مدفون كروم,3
5c5b072e-e07b-086f-058e-740c02d1af30,44212860-b694-a4d7-30d8-47f2f51254fe,MDE50047,خلاط دوش مدفون كروم,1
93581527-e517-e79e-99af-ae68fdbc6d96,01760e45-13a3-787c-f661-f21e85bf9a07,MT30064,خلاط شطاف مع شطاف أسود,1
a3d30bfb-b0fe-9694-6bb0-eb166a9fe065,44212860-b694-a4d7-30d8-47f2f51254fe,ARSB80085,شطاف ظغط دائري مع طوبو كروم,2
d6baa148-0022-300e-da83-1bb5142bbcd1,85dc5eac-5f40-a3e0-e315-c50efa25758f,PD20786,حاجز دوش 10مم اطار كروم مضبب 90 سم,4
c631ea7f-cbb0-e4d7-559c-fe4c54de90d2,7066989b-48fc-b246-6e66-6879526d1f10,MC10655,سرفنتينة 10 سم * 10 سم كروم,9
33b88602-f459-372a-05eb-352325fa8fb8,710ca69e-cefe-78cb-3431-24503a40abb0,SA10651,طقم اكسسوار ذهبي,6
13f4290c-5224-a802-e20a-7b8c9fbbf51f,710ca69e-cefe-78cb-3431-24503a40abb0,SA10836,طقم اكسسوار كروم,6
af913a30-928c-0cc5-b9e6-c4afcfa6bef4,710ca69e-cefe-78cb-3431-24503a40abb0,AASB30856,سلة قمامة ذهبي معلقة 5 لتر,2
d0152875-b6cb-be5c-7c70-fda6f969593e,710ca69e-cefe-78cb-3431-24503a40abb0,AASB30832,سلة قمامة كروم  8 لتر,4
6786450c-bfec-bcd3-7210-0c035ebfcc7d,710ca69e-cefe-78cb-3431-24503a40abb0,AASB30833,سلة قمامة ذهبي   8 لتر,2
cc564ebe-32a2-038a-f231-559a468d61ea,14b491af-7407-6877-33e2-79acfdfa91fb,MC10632,سرفنتينة 15 سم * 15 سم مع مانع رائحة كروم لامع,29
452944ea-8b6e-4631-b53b-c6c848008606,0d5b44f8-820a-e970-77d4-67c41920318d,CD40761,مسطرة دوش زوجية كروم,2
aff17b43-bca0-b985-d47f-1017df935680,fd4d73dc-6daa-1cc2-7445-ca3e8959ae07,EG30866,حوض مطبخ جرانيت رصاصي79*51 فردي,2
96558029-37be-8966-85c3-be37d2a335a2,71b39cda-aeb9-abb9-06eb-c73f27dded43,VS10221,حوض وجه سداسي معلق أبيض,5
277444a7-4937-c9ae-9d31-d609c0302489,fd4d73dc-6daa-1cc2-7445-ca3e8959ae07,EG30875,حوض مطبخ جرانيت أبيض مطفي72*47 فردي,2
101c0c99-f441-5572-de6d-2ab47348f61a,fd4d73dc-6daa-1cc2-7445-ca3e8959ae07,EG30871,حوض مطبخ جرانيت رصاصي72*47 فردي,2
a7086dcf-428a-3158-2b29-7e34e1035a4f,009df540-620e-6a76-5ae8-65c90444c7b6,WA40482,غطاء مقعد أبيض,1
ed8441f4-5322-46c6-24bc-a5815a62e1bc,12cd607b-4a2c-b423-3f51-a3c97d64da3d,PLSA0393,منكوطي املس1,7
df6bc55b-5f8f-3c49-aff5-779355c161aa,f3a84f35-80c8-9f4d-3283-77db7889ed8d,MA20895,خلاط حوض المطبخ سحاب أسود,3
69252540-a017-58dc-649f-8c34beb9a6b7,6515a5dd-fd71-27b0-22ae-bb27045758d5,PLSA0523,وردة كروم,25
8739fdee-01f3-71ce-4fb0-aef3608cdf1c,fd4d73dc-6daa-1cc2-7445-ca3e8959ae07,EG30859,حوض مطبخ جرانيت رصاصي 80*45 زوجي,2
48306907-ca30-d62e-c160-1b8436baaf1a,914a20f0-8717-d68c-3682-3071783db81e,ML10001,خلاط حوض وجه كروم,4
b4e3a7cb-d55c-5725-adce-04dcb1bf0262,914a20f0-8717-d68c-3682-3071783db81e,ML10767,خلاط حوض وجه كروم,4
ce6682dc-d03d-aaff-49fd-78e2e60552ef,914a20f0-8717-d68c-3682-3071783db81e,ARSB80813,مصب دوش قصير بتحويلة كروم,4
17085740-d080-bbeb-3e88-9657f64beaf6,58db68f8-1914-44a0-d6f4-ab5074c76614,WP20159,مقعد أرضي ملحوم سداسي أبيض,4
7ea04bba-e85f-932b-65aa-212a5697f9c1,7bd875bb-0943-f50c-ca89-80f258d1b17a,WS10594,مقعد معلق تورنيدو أبيض,3
07e6ff9e-cb5f-e96d-4ea2-f77d854dff92,52caf5cd-8bb9-0c62-f4fb-cffc940c27a3,WP20477,مقعد أرضي ملحوم مربع قصير أبيض,6
3d5cbb51-2260-2d61-e3d9-b7e95b555f1e,62bf0385-3098-8bd7-e3b7-b76bb526f842,VS10221,حوض وجه سداسي معلق أبيض,3
bcff3488-bb7b-af40-113d-193c9434e252,81bce375-b58c-b5aa-b11d-177fa91d32cd,CE10007,سخانة 80 لتر,2
323625b1-01a0-dcc6-2a92-0fd538a61490,c0f78688-44c5-4e5f-8d4f-2fc2d59ac471,WP20159,مقعد أرضي ملحوم سداسي أبيض,4
ebd3ea0d-fd1d-03fc-dd1b-30d38b975a06,c0f78688-44c5-4e5f-8d4f-2fc2d59ac471,WP20480,مقعد أرضي ملحوم مربع أبيض,4
3fe1473e-f19a-24ac-90c7-6875b20c900e,01177deb-41ac-e9d6-0035-e5d310199d66,WS10596,مقعد معلق رايملس أبيض,6
b67f2ff7-3037-3aa2-e30c-798afcc9ddef,becd8ab5-1441-df52-ebb7-9fd98d211e97,WP20159,مقعد أرضي ملحوم سداسي أبيض,1
c1095822-5eac-905a-4da2-19cfc703ae32,5e369c1b-3951-9c41-0916-bddf516106ab,WP20477,مقعد أرضي ملحوم مربع قصير أبيض,2
1a1463c4-ee84-4b61-de8b-ab2f3baa2b1e,f9605e67-47d9-9664-66fc-7acfb7ffb249,WS10596,مقعد معلق رايملس أبيض,5
ec7b9eeb-f847-4239-6516-44287a98004a,0d6b61db-940c-fa78-42c8-af88a386a9c6,WP20166,مقعد أرضي ملحوم بيضوي أبيض,3
fb29aa89-f918-fbf8-10a9-6df35633f3a3,e4014bff-af72-7873-f676-79ab3b0ee2cd,RA20047,طابة تجربة 25 طويله,30
d1d4002a-c754-de65-834a-37795a17e6b9,09b4fad3-8368-3b77-7d3f-b180e5f2583e,PLSA0241,مطول  15 مم كروم,60
ef8cac96-08a3-4746-7d81-b5d76efbae19,3a5cefb2-ad31-fd3b-8f3f-383b569f3658,WP20827,مقعد أرضي ملحوم أبيض,4
6190720a-f381-1740-7dd6-45817f5a876b,52caf5cd-8bb9-0c62-f4fb-cffc940c27a3,WP20161,مقعد أرضي ملحوم رصاصي رخامي,4
709fad26-1e06-2b5b-ece5-787301bb30ad,357ec3e5-e785-c9bb-130f-b2966526a2fe,MC10652,سرفنتينة 15 سم * 15 سم كروم,15
b9246ed6-1570-a89a-13af-b52adb4bba78,9daa3b51-bdb0-4e47-e3a4-c2da4d11e6f7,WP20480,مقعد أرضي ملحوم مربع أبيض,4
ccff79da-82a3-e5dc-0991-58db3584d114,9daa3b51-bdb0-4e47-e3a4-c2da4d11e6f7,WP20166,مقعد أرضي ملحوم بيضوي أبيض,2
1aa90f09-455d-eae3-9574-c83abe76d170,9daa3b51-bdb0-4e47-e3a4-c2da4d11e6f7,WP20157,مقعد أرضي ملحوم موطو أبيض,4
f79662f4-233f-8f15-b1f8-5884963101d0,9daa3b51-bdb0-4e47-e3a4-c2da4d11e6f7,WP20159,مقعد أرضي ملحوم سداسي أبيض,6
2bad78bd-fe05-27f2-b201-d1cfe793e4e7,e83ee3df-b70d-d5d7-e2c3-87af96033fc6,ARSB80694,يد خلاط  مدفون كروم,1
bac2312e-192e-e6ea-e461-05ada50086d8,f9dccbda-dd4d-0f06-e372-e458da30fed3,EL10934,حوض مطبخ ستانلس ستيل   304 81*45 *22سم,1
ac5f548f-df22-7cf7-17f2-4691e37bcc57,f9dccbda-dd4d-0f06-e372-e458da30fed3,ARSB80979,مصب دوش مربع بالتحويله أسود,2
11e200bd-1d9a-fb16-9a27-690138d6f008,f9dccbda-dd4d-0f06-e372-e458da30fed3,EL10933,حوض مطبخ ستانلس ستيل   304 75*44 سم,1
04f203c5-f27e-2407-d0dd-1d7c5f61ae8b,f9dccbda-dd4d-0f06-e372-e458da30fed3,VS10801,حوض وجه معلق -90 سم,1
2e2cc68c-051a-637d-8532-800053f5b36b,f9dccbda-dd4d-0f06-e372-e458da30fed3,AM0800,دولاب حمام مع إضاءة لد -90 سم,1
3f373b29-123d-b91f-a22e-cee9d06d3713,f9dccbda-dd4d-0f06-e372-e458da30fed3,VS10187,حوض وجه معلق -50 سم,3
dbb84d8c-1e8a-0aed-d562-eae74e55d21e,f9dccbda-dd4d-0f06-e372-e458da30fed3,MA20894,خلاط حوض المطبخ سحاب كروم,5
fcbbb124-3268-db64-37c9-dd3f705f14ff,f9dccbda-dd4d-0f06-e372-e458da30fed3,PS20015,علاقة ملابس خماسية دوران,5
7d1d59fd-6ac3-8d6d-eba6-122b93e8de2f,f9dccbda-dd4d-0f06-e372-e458da30fed3,ARSB80765,وصلة مسطرة دوش30سم,6
1aea6880-3937-7263-a565-f32dde988b27,f9dccbda-dd4d-0f06-e372-e458da30fed3,ML30802,مرايا حمام مع إضاءة لد 90*70 سم,1
d2ccb8d1-0704-6216-0714-76f716582306,f9dccbda-dd4d-0f06-e372-e458da30fed3,ARSB80324,كسكاس دوش مربع 250*250 مم مع قصبة كروم,7
51cdd2e6-f991-7511-57ba-968ad2de7736,f9dccbda-dd4d-0f06-e372-e458da30fed3,ARSB88868,مخرج شطاف مربع بالعلاقة أسود,2
91800853-f5dd-f45a-ecff-26058831d4d6,f9dccbda-dd4d-0f06-e372-e458da30fed3,ARSB80939,مخرج شطاف مع علاق جانبي كروم,5
e7709f28-98d3-d4a8-6dde-4edae887080c,f9dccbda-dd4d-0f06-e372-e458da30fed3,ARSB80304,مخرج شطاف كروم,4
880e740a-8c0c-dde6-62eb-d1ed0f030663,f9dccbda-dd4d-0f06-e372-e458da30fed3,AM0699,دولاب حمام مع حوض وجه 60 سم,1
7cb59d2f-eb37-9b0b-79a4-7adaaaf7fde2,f9dccbda-dd4d-0f06-e372-e458da30fed3,EL10137,حوض مطبخ ستانلس ستيل   304 70 * 45 سم,2
c1d405c9-e8e4-fe2e-6498-be2260f730ee,f9dccbda-dd4d-0f06-e372-e458da30fed3,AASB30737,رف فردي 50 سم,5
b99feaac-670a-143d-093d-aebae592ebc5,f9dccbda-dd4d-0f06-e372-e458da30fed3,ARSB80240,كسكاس دوش مربع 250*250 مم مع قصبة كروم,3
24f6dc1c-f8a0-7f19-8bc3-f27bcf226bc6,f9dccbda-dd4d-0f06-e372-e458da30fed3,ARSB80868,كسكاس دوش مربع 250*250 مم مع قصبة اسود,4
13328e3c-4841-e3bd-4f26-ba940407292f,f9dccbda-dd4d-0f06-e372-e458da30fed3,ARSB80813,مصب دوش قصير بتحويلة كروم,5
05fb1f51-a006-b9da-f7bb-0a1b42a3166e,f9dccbda-dd4d-0f06-e372-e458da30fed3,EL10901,حوض مطبخ ستانلس ستيل منظومة بيانو 304 80*46 أسود,5
e674188e-746b-d879-8b9e-f8939144ff88,f9dccbda-dd4d-0f06-e372-e458da30fed3,EL10932,حوض مطبخ ستانلس ستيل   304 75*44 سم,2
c46b299e-a66a-8303-613c-3735137eb890,f9dccbda-dd4d-0f06-e372-e458da30fed3,AM40700,مراية دولاب حمام 60 سم,1
20578704-c085-a7a3-17b6-df7430a22e3f,f9dccbda-dd4d-0f06-e372-e458da30fed3,SA10735,طقم اكسسوار ذهبي,5
9fd2e3ee-877f-ffac-c81b-4f0d866ec2c4,f9dccbda-dd4d-0f06-e372-e458da30fed3,ARSB80826,كسكاس دوش دائري 250 مم مع قصبة كروم,3
eea33855-4f73-934b-6c6f-4e9d68f5f6c4,f9dccbda-dd4d-0f06-e372-e458da30fed3,ARSB80931,شطاف ظغط دائري كلاسيكي مع طوبو كروم,5
9cc70620-98fc-46ca-a927-f416665f1c89,f9dccbda-dd4d-0f06-e372-e458da30fed3,ML30796,مرايا حمام ضد البخار مع إضاءة لد 80*100 سم,6
b5573307-413b-065f-8b9f-272c6c84bd88,f9dccbda-dd4d-0f06-e372-e458da30fed3,EL10385,حوض مطبخ ستانلس ستيل   304 81 *45 سم,2
fba09859-acab-c053-22fc-eed3cc9ab6d1,f9dccbda-dd4d-0f06-e372-e458da30fed3,MA20895,خلاط حوض المطبخ سحاب أسود,2
5fb73b1f-18c5-8a0a-a39d-9f27138de8b8,f9dccbda-dd4d-0f06-e372-e458da30fed3,ALVM50397,رأس سيفوني رخامي,8
eb826423-84cd-3216-eda5-f5b378212705,f9dccbda-dd4d-0f06-e372-e458da30fed3,ARSB80085,شطاف ظغط دائري مع طوبو كروم,5
c9b1f36f-c591-e5d4-a12f-04eb2b4c87f4,f9dccbda-dd4d-0f06-e372-e458da30fed3,EL10040,حوض مطبخ ستانلس ستيل   304 76 * 45 سم,1
612ba2b9-2f3f-bb42-9293-dcb79a642059,27620e7f-0345-9eec-6418-2ba92ba316d5,RD30460,حوض قدم مستطيل اكريليك 70*70 زاوية,1
4d695976-5273-5a33-9eb6-319993cebd7d,27620e7f-0345-9eec-6418-2ba92ba316d5,RD30459,حوض قدم مربع  اكريليك100*100,1
2731ec43-c310-23e2-a7ef-f167bee347db,27620e7f-0345-9eec-6418-2ba92ba316d5,VS10049,حوض وجه معلق 80 سم أبيض مع خلاط مع سيفوني,2
c9aaf0da-0539-2bc6-93fe-fad94c534f7f,bdd3e5e4-8112-8db1-8c20-dfa65c0f6d2a,AM0738,دولاب حمام مع حوض وجه 60 سم,1
af7dd963-6c13-24d3-0f05-48b1a59907fa,bdd3e5e4-8112-8db1-8c20-dfa65c0f6d2a,EL10933,حوض مطبخ ستانلس ستيل تحت الرخامة 304 75*44 سم,1
38c220fd-61a6-37bd-6bab-9052e9bc9bc9,14b491af-7407-6877-33e2-79acfdfa91fb,AM0690,دولاب حمام مع حوض وجه 80 سم,1
a93d4e8c-22b9-4690-2fd8-12a97766ea6d,14b491af-7407-6877-33e2-79acfdfa91fb,MC10646,مجرى 40 سم *8 سم ذهبي,4
a381af6f-e8f6-84c0-1044-7d732c58b77a,8bc5cca8-9d14-924c-d6fd-e4daa70c2018,PS20487,علاقة ملابس رباعية,3
abcb7bed-5f98-d78f-229a-b80df7841a94,8bc5cca8-9d14-924c-d6fd-e4daa70c2018,MC10446,مجرى 40 سم *8 سم كروم,1
4e11ba35-260f-d178-24e9-6666fff745fd,8bc5cca8-9d14-924c-d6fd-e4daa70c2018,ALVM50403,سيفون حوض الوجه كروم,2
3aaaf966-4be4-075e-f876-4c0628868044,fd439834-ef97-5429-f6ce-0364151e75a4,EG30869,حوض مطبخ جرانيت أسود مطفي60*45 فردي,8
03496ae0-c5d0-1e0d-6a7a-d92811dedc06,fd439834-ef97-5429-f6ce-0364151e75a4,EG30870,حوض مطبخ جرانيت رصاصي60*45 فردي,5
6b394677-a679-042b-dfce-b65dcc4bc259,fd439834-ef97-5429-f6ce-0364151e75a4,EG30871,حوض مطبخ جرانيت رصاصي72*47 فردي,6
13c9740b-8e43-26f3-3e62-b7da4fdd86a7,fd439834-ef97-5429-f6ce-0364151e75a4,EG30875,حوض مطبخ جرانيت أبيض مطفي72*47 فردي,4
198f99a7-a8a8-ea17-be95-708b684a0cdb,fd439834-ef97-5429-f6ce-0364151e75a4,EG30868,حوض مطبخ جرانيت بيج60*45 فردي,3
5d40489b-b825-22c6-20ed-99bf88c1b17c,fd439834-ef97-5429-f6ce-0364151e75a4,EG30872,حوض مطبخ جرانيت أسود مطفي72*47 فردي,3
3093a34f-ae16-32f3-4ed2-b978223e0208,6521fc60-6410-6124-8b1e-90ccf3373fb2,ARSB80388,شطاف ظغط مع طوبو كروم,4
56dffcb4-a04d-b1c4-6ba7-32d1c4da9dd3,2e170e07-4bb6-04c1-cf81-ba795cb8c305,AM0078,دولاب حمام -90 سم,1
2c51c05b-19c1-d887-60b5-e8a2b343716c,2e170e07-4bb6-04c1-cf81-ba795cb8c305,ARSB80277,"مسكر شطافة ""1/2"" * ""1/2 كروم",20
f720848f-fdab-381f-14ac-7e732c741364,2e170e07-4bb6-04c1-cf81-ba795cb8c305,ART0005,مصب دوش مع تحويلة كروم,1
10c2bf6e-56b5-d2af-d889-ae2c8a1bee74,ef236cc2-84de-c2f9-13bc-3aaa7898a9c1,AASB30635,حاملة فرشاة أسنان زوجية أسود,3
6db9cef1-3b97-ebab-1eb5-996ba4ccab15,5c97997d-972a-41ba-d950-c8ba07600db4,ARSB80334,مخرج شطاف مع علاق كروم,5
384957e8-b922-ba87-1150-6ee1129573ad,3be0a88f-f8df-135c-9093-5c1474b6faf2,WP20477,مقعد أرضي ملحوم مربع قصير أبيض,2
5ca913ac-8e96-ccfd-65b3-47d74f6ecc01,3be0a88f-f8df-135c-9093-5c1474b6faf2,WP20166,مقعد أرضي ملحوم بيضوي أبيض,2
3e5d9fd8-972d-4fa1-5367-4344f0f7aa33,fd439834-ef97-5429-f6ce-0364151e75a4,WP20475,مقعد أرضي ملحوم مربع  أبيض,4
8ae2eb3c-c2ac-7a02-ba21-6da6384c5357,ee45b345-face-bd50-a010-693ad5f2db7d,WS10397,مقعد معلق رايملس كريمة,1
cdebfdec-8d7e-6dbe-5570-577b21609ae9,ee45b345-face-bd50-a010-693ad5f2db7d,VS10396,حوض وجه معلق -80 سم كريمة,1
f140cbee-45ca-a09c-462e-8521282d724c,5861e2b7-2ce8-2f90-c4ca-4f0846754e70,ARSB80144,كسكاس دوش مربع 250*250 مم ذهبي,1
546e2cdf-922e-379a-b4e6-cdc17712fb09,10592940-c21b-9b23-7b1b-baf3d78395f8,ML10895,خلاط حوض وجه أسود لامع,10
f8cfcff0-b7e7-fea7-31aa-3ea664395c6a,10592940-c21b-9b23-7b1b-baf3d78395f8,ML10801,خلاط حوض وجه كروم,10
f67b00d5-a876-ee62-1622-bd80b4e8ff69,3e822744-109e-d99b-9f71-aaee8d8f9e09,EL10040,حوض مطبخ ستانلس ستيل   304 76 * 45 سم,2
19b6b641-c3cc-51bf-1524-ebd3d98a6eb6,10592940-c21b-9b23-7b1b-baf3d78395f8,MD20896,خلاط دوش ذهبي,5
996a9a63-1c02-57a2-d626-ca1d11b477ed,10592940-c21b-9b23-7b1b-baf3d78395f8,MD20897,خلاط دوش أسود,5
d850c6db-7da8-54a3-6aee-0e0dba2e3239,10592940-c21b-9b23-7b1b-baf3d78395f8,ML10804,خلاط حوض وجه كروم,5
33c4503a-2805-50ba-3e96-3f3cec1baa65,10592940-c21b-9b23-7b1b-baf3d78395f8,MA20907,خلاط حوض المطبخ سحاب كروم,5
f2fd9218-c1de-460a-3123-5acac9c79106,10592940-c21b-9b23-7b1b-baf3d78395f8,MA20911,خلاط حوض المطبخ سحاب رصاصي,5
4077b54c-4abb-204b-626a-c3433f557d47,10592940-c21b-9b23-7b1b-baf3d78395f8,ML10800,خلاط حوض وجه كروم,7
2648f8d8-1bd4-7b89-842c-e99168902d60,10592940-c21b-9b23-7b1b-baf3d78395f8,ML10894,خلاط حوض وجه ذهبي,5
243bb7da-5019-b9eb-49da-a567606dda97,10592940-c21b-9b23-7b1b-baf3d78395f8,ML10802,خلاط حوض وجه رصاصي,5
2730bda5-2443-2145-3ab0-16fce923e9c2,10592940-c21b-9b23-7b1b-baf3d78395f8,MD20898,خلاط دوش كروم,5
54bf2d01-b36c-e09d-bbab-494898c7819a,84b67753-30a3-d669-f055-867f6b9fae1f,WP20803,مقعد أرضي أبيض,1
201154fa-8e3c-f148-eb1a-496deeb640ac,10592940-c21b-9b23-7b1b-baf3d78395f8,EL10901,حوض مطبخ ستانلس ستيل منظومة بيانو 304 80*46 أسود,2
1a288357-533e-4070-66cd-fe663f188667,10592940-c21b-9b23-7b1b-baf3d78395f8,MA20912,خلاط حوض المطبخ سحاب كروم,5
6715271d-e3b0-ed80-f714-7718552b3e0d,10592940-c21b-9b23-7b1b-baf3d78395f8,MA20903,خلاط حوض المطبخ مولة كروم,5
71fc3c08-31f2-6fb1-d142-a6ee4ad7d469,10592940-c21b-9b23-7b1b-baf3d78395f8,MA20913,خلاط حوض المطبخ سحاب أسود مطفي,5
7e4c6692-0c59-f7d2-dd56-0c590886b422,10592940-c21b-9b23-7b1b-baf3d78395f8,MA20904,خلاط حوض المطبخ مولة أسود مطفي,5
b6309aad-62e1-325e-2bfa-c72a8d325929,10592940-c21b-9b23-7b1b-baf3d78395f8,MA20902,خلاط حوض المطبخ مولة أسود مطفي,5
e22ba1ee-679d-2f1c-4e73-e9d4d82852a0,10592940-c21b-9b23-7b1b-baf3d78395f8,ME10920,خلاط حوض المطبخ شجرة كروم,5
b1763934-13c2-4743-6e25-387157beff03,10592940-c21b-9b23-7b1b-baf3d78395f8,ME10922,خلاط حوض المطبخ شجرة أسود مطفي,5
24333498-0888-3c3a-f5fe-269f303d1d50,10592940-c21b-9b23-7b1b-baf3d78395f8,EL10702,حوض مطبخ ستانلس ستيل منظومة بيانو 304 75*46 أسود,3
e42f9fe9-5157-52ad-7a77-eea95f8d7067,10592940-c21b-9b23-7b1b-baf3d78395f8,ME10921,خلاط حوض المطبخ شجرة ذهبي,5
95b0deca-e50d-5eb1-583b-4ffb3069511d,10592940-c21b-9b23-7b1b-baf3d78395f8,ML10893,خلاط حوض وجه كروم,10
07f2f42d-a499-d8c7-1d1e-06c14c9d11d2,10592940-c21b-9b23-7b1b-baf3d78395f8,ML10803,خلاط حوض وجه ذهبي,5
38dfc64c-f46a-815f-daac-7d6d1f0b391e,10592940-c21b-9b23-7b1b-baf3d78395f8,MD20899,خلاط دوش كروم,5
f3fafdaf-0c7f-cc28-1756-8e44904e6824,10592940-c21b-9b23-7b1b-baf3d78395f8,MD20900,خلاط دوش أسود,5
7d3d7dd5-b3e5-92d9-951f-ee250fad6cdf,10592940-c21b-9b23-7b1b-baf3d78395f8,ML10806,خلاط حوض وجه أسود مطفي,5
220729b3-f615-82f5-d10e-691d80b429df,10592940-c21b-9b23-7b1b-baf3d78395f8,MA20920,خلاط حوض المطبخ مولة كروم,5
4642ad40-3bae-7b6c-5892-154cd940e7b9,10592940-c21b-9b23-7b1b-baf3d78395f8,MA20906,خلاط حوض المطبخ مولة أسود لامع,5
0d516493-f6e7-40c2-be37-933eed7ddfe6,10592940-c21b-9b23-7b1b-baf3d78395f8,MA20905,خلاط حوض المطبخ مولة كروم,5
4a53d841-287e-15c6-e9a8-a8144e23107f,10592940-c21b-9b23-7b1b-baf3d78395f8,MA20910,خلاط حوض المطبخ سحاب ذهبي,5
e61a410e-d72b-bf08-f8e8-6ac45aff77b8,10592940-c21b-9b23-7b1b-baf3d78395f8,MA20921,خلاط حوض المطبخ سحاب كروم مطفي,5
cf895b28-4065-7df3-cfb6-37c004a48c83,3e378858-d020-58ab-5677-ce0a1edd632e,ML10005,خلاط حوض وجه كروم,2
1642daa5-f964-54eb-4cd8-f402e25b9866,dde368aa-7536-b268-db9a-dcfbfeecf7e9,WS10015,صندوق مقعد معلق أبيض,4
c5855f66-6a1d-a548-4784-0a6c43c853ef,beeddcd4-f3e8-ec03-08dc-70ffad23c8e5,WP20159,مقعد أرضي ملحوم سداسي أبيض,6
6ee4ed4d-adcf-4bea-ad78-a0865a5b1029,40c85ebb-c363-da3d-92a1-628b4c4408ad,AB10838,خزانة حمام أبيض,2
20dbf10e-8386-c0e9-9837-1675dd43d9ac,40c85ebb-c363-da3d-92a1-628b4c4408ad,AM0859,دولاب حمام -80 سم,3
f084260d-d79b-8a58-fc41-e379db03988f,40c85ebb-c363-da3d-92a1-628b4c4408ad,AB10845,خزانة حمام أبيض,3
e1e9db5d-dab9-d324-7f2c-d97bf42bee69,40c85ebb-c363-da3d-92a1-628b4c4408ad,AM0828,دولاب حمام -80 سم,3
a77fe423-8806-a772-c066-3908a3cd7fb6,40c85ebb-c363-da3d-92a1-628b4c4408ad,VS10826,حوض وجه معلق -80 سم,3
9a0fb850-c6d4-42b0-01c4-28d5d1bf2e08,40c85ebb-c363-da3d-92a1-628b4c4408ad,AB10825,خزانة حمام أبيض,3
155a3507-96d7-1a5b-e1cf-c5a1deeba010,40c85ebb-c363-da3d-92a1-628b4c4408ad,ML30844,مرايا حمام مع إضاءة لد80*60 سم,3
dd6eb8b0-3df5-cb19-c498-8652b68c1f39,40c85ebb-c363-da3d-92a1-628b4c4408ad,AB10844,خزانة حمام أبيض,2
85b92324-5fad-25b5-4853-3ffcbfc1b894,40c85ebb-c363-da3d-92a1-628b4c4408ad,ML30842,مرايا حمام مع إضاءة لد80*60 سم,2
bb862de1-223f-49ae-fa5d-87806c20f431,40c85ebb-c363-da3d-92a1-628b4c4408ad,ML30826,مرايا حمام مع إضاءة لد80*60 سم,3
624376ea-0bfa-f44b-d0f6-7299335623f6,40c85ebb-c363-da3d-92a1-628b4c4408ad,ML30808,مرايا حمام مع إضاءة لد80*60 سم,2
43985caf-8882-cbf7-657a-82128de74610,40c85ebb-c363-da3d-92a1-628b4c4408ad,AM0810,دولاب حمام مع إضاءة لد-100 سم,2
508563e3-01bc-3ceb-c7a2-a76fb83d005d,40c85ebb-c363-da3d-92a1-628b4c4408ad,AB10742,خزانة حمام أبيض,3
fde053a5-6872-a297-366b-39baa8312631,40c85ebb-c363-da3d-92a1-628b4c4408ad,AB10803,خزانة حمام أبيض,2
cf3bd0c5-02bb-6e29-7eff-bca9edac4343,40c85ebb-c363-da3d-92a1-628b4c4408ad,AM0800,دولاب حمام مع إضاءة لد -90 سم,2
0e4ec647-4739-095b-f094-d8b624db148a,40c85ebb-c363-da3d-92a1-628b4c4408ad,AB10840,خزانة حمام أبيض,3
d2b5ec79-3f47-2e28-0d9a-ead9f740cc91,40c85ebb-c363-da3d-92a1-628b4c4408ad,AB10744,خزانة حمام أبيض,3
bb4e5d1f-bfe0-797d-f95e-e40cdb78dc7b,40c85ebb-c363-da3d-92a1-628b4c4408ad,ML30750,مرايا حمام مع إضاءة لد,3
4c0361ff-00ea-85ca-4a72-6d1dc1d520b5,40c85ebb-c363-da3d-92a1-628b4c4408ad,VS10843,حوض وجه معلق -80 سم,3
cd3ba614-2b7d-2b51-5b3f-8055c7f05244,40c85ebb-c363-da3d-92a1-628b4c4408ad,AM0858,دولاب حمام -80 سم,2
37714df0-b373-f5e7-7769-391afb1322f9,40c85ebb-c363-da3d-92a1-628b4c4408ad,VS10841,حوض وجه معلق -80 سم,2
84854cde-c4d4-423c-b554-1b01798039c3,40c85ebb-c363-da3d-92a1-628b4c4408ad,AB10812,خزانة حمام بيج,2
03e4adc0-78ea-a0d0-8681-a52bde2ca550,40c85ebb-c363-da3d-92a1-628b4c4408ad,ML30747,مرايا حمام مع إضاءة لد,3
e98d790c-ae2f-0ddc-3f11-28c98dc4d5e5,40c85ebb-c363-da3d-92a1-628b4c4408ad,AM0839,حوض وجه مع دولاب حمام -80 سم,2
9291e499-799b-8882-722c-026ec16a822f,40c85ebb-c363-da3d-92a1-628b4c4408ad,AM0810,دولاب حمام مع إضاءة لد-100 سم,2
9097d5fb-50a6-e42a-b94c-9397ef57efb5,40c85ebb-c363-da3d-92a1-628b4c4408ad,AM0843,حوض وجه مع دولاب حمام -60 سم,3
cd126547-0e36-5597-a502-454711fe9f80,40c85ebb-c363-da3d-92a1-628b4c4408ad,AM0805,دولاب حمام مع إضاءة لد-80 سم,2
33033982-7177-010a-7419-f7800f5fd3e8,40c85ebb-c363-da3d-92a1-628b4c4408ad,VS10806,حوض وجه معلق -80 سم,2
9a9c2e2f-75bb-f1b4-a9b0-acbc9d84845e,40c85ebb-c363-da3d-92a1-628b4c4408ad,VS10801,حوض وجه معلق -90 سم,2
6d342066-74db-f6a9-745b-c8ad9318c8e8,40c85ebb-c363-da3d-92a1-628b4c4408ad,ML30839,مرايا حمام مع إضاءة لد80*60 سم,3
4ccbc86d-561a-7bc8-64a5-378d5e66deff,40c85ebb-c363-da3d-92a1-628b4c4408ad,AM0740,دولاب حمام مع حوض وجه 80 سم,3
4d233f22-d0c4-778b-24e4-6757bcad4e11,40c85ebb-c363-da3d-92a1-628b4c4408ad,ML30814,مرايا حمام مع إضاءة لد85*70 سم,2
6060945d-c457-5eb1-fa65-f5b9e5ccad93,40c85ebb-c363-da3d-92a1-628b4c4408ad,AM0739,دولاب حمام مع حوض وجه 80 سم,3
d766188b-8fa4-0831-a66b-7f44eb7c36fa,40c85ebb-c363-da3d-92a1-628b4c4408ad,ML30838,مرايا حمام مع إضاءة لد80*60 سم,2
7a35caf8-a5d3-5758-5cc2-2a2e7e1a8393,40c85ebb-c363-da3d-92a1-628b4c4408ad,VS10811,حوض وجه معلق -100 سم,2
ad5d41c5-37b1-642b-9903-045124ba5fcb,ba9e9ae8-1bc4-7077-b4af-1e7ba3efa4bc,WS10014,مقعد معلق (صندوق خارجي) أبيض,2
878406f9-10aa-48e4-afcc-16593f6fc035,ba9e9ae8-1bc4-7077-b4af-1e7ba3efa4bc,WS10015,صندوق مقعد معلق أبيض,2
730ad6b8-d06d-d66f-729d-c5b80f83ad1e,f460b9c9-cb72-487d-85e5-cb745e744c50,SI10136,سلكون  280 غرام شفاف التاج,18
161f8000-da74-8291-666b-c3e1bdb4de40,f460b9c9-cb72-487d-85e5-cb745e744c50,SI10509,سلكون حراري استرا اسود 1600c,6
50da33b1-88a8-ba8b-a177-9f509c907fc0,f460b9c9-cb72-487d-85e5-cb745e744c50,SI10176,سلكون  280 غرام شفاف,12
93ea72e7-6e8f-c905-37ba-244976ffaaac,77e6c3f4-1810-fc57-735d-8d38ab01e387,RO10916,مسكر زاوية  ''1/2 * ''1/2 كروم,30
efbb177b-3594-6795-6371-e0347e3d5fb7,77e6c3f4-1810-fc57-735d-8d38ab01e387,ALVM50808,سيفون حوض الوجه كروم,5
c91d9902-be70-a795-b7eb-18a6c59dd4d2,77e6c3f4-1810-fc57-735d-8d38ab01e387,ALVM50139,رأس سيفوني كروم,4
b436f3ec-963c-9c4d-d738-f6697f7f5593,feb00601-4d1f-f5f8-fbd1-70940d2a2ad9,VS10538,عمود حوض وجه سفير أرضي أبيض,3
84cb3f53-c2d0-dde2-c9df-208961f4ee6d,feb00601-4d1f-f5f8-fbd1-70940d2a2ad9,VS10537,حوض وجه السفير معلق60 سم أبيض,3
eab37cec-2373-b6a7-4e5d-063765aea36c,feb00601-4d1f-f5f8-fbd1-70940d2a2ad9,ATWC50540,صندوق بتارية مقعد أرضي,1
d6eaa05c-c111-8a34-2015-f4c53f451d15,feb00601-4d1f-f5f8-fbd1-70940d2a2ad9,VS10539,حوض وجه سداسي معلق مع عمود أبيض,3
b1737770-5477-09d1-085a-55887c16f524,a59b4066-4f58-bef8-52fd-5639fb61bd5b,ARSB80138,مصب حوض وجه  22 سم كروم,2
cdbb313e-8ec0-5f86-e582-850430e8ff8e,a59b4066-4f58-bef8-52fd-5639fb61bd5b,SC10833,بوكس زاوية  200*120*80 سم كروم,1
b15309a5-a419-c8d4-106d-c750c357dc5a,a59b4066-4f58-bef8-52fd-5639fb61bd5b,CE10930,سخانة عمودية   50 لتر,1
d36d8213-7183-2083-40bb-1eff747deff3,d262198a-fdc0-263a-dff4-fc8c8589570d,PD20920,حاجز دوش 8 مم  مضبب60  سم,1
2247e5fb-2173-6ac5-bce5-d5d52752bdb8,ab9668b7-92ce-5d50-1c7f-3e86eadb7ccc,VS10597,حوض وجه معلق أبيض -60سم,2
5be127f5-290e-1889-6c5b-bf9352a599ec,a9d6a425-b346-8796-e2d5-7ff050343273,ML30752,مرايا حمام مع إضاءة لد-عرض60*80 سم,5
acd651ef-3f68-30a8-ddaf-0f16e3bea57b,a9d6a425-b346-8796-e2d5-7ff050343273,LG40751,حوض كواريون كوارتز80سم أبيض,5
704c0602-b6fb-0586-e05c-951b207d0b49,a9d6a425-b346-8796-e2d5-7ff050343273,EG40750,رف كواريون كوارتز 80سم أبيض,5
513e4ff3-d64b-3897-874e-32e50fafab5c,ee6374bb-1aba-f1de-c86d-b35229fadb6e,WA40482,غطاء مقعد أبيض,1
b7d31de0-8dd5-6389-ba76-a6019b58f51a,ee6374bb-1aba-f1de-c86d-b35229fadb6e,PS20636,علاقة ملابس ثلاثية كروم,20
3b233c08-6589-1952-7cc4-62519a7380b3,ee6374bb-1aba-f1de-c86d-b35229fadb6e,MA20623,خلاط حوض المطبخ سحاب أسود-كروم,6
84606027-b08f-7b9a-dd26-6c9faa58daf3,ee6374bb-1aba-f1de-c86d-b35229fadb6e,EL10701,حوض مطبخ ستانلس ستيل منظومة بيانو 304 75*46 كروم,5
a2fa6c71-241e-7356-7962-e914f7021137,ee6374bb-1aba-f1de-c86d-b35229fadb6e,WA40474,غطاء مقعد موطو أبيض,6
24ec3c8b-0f0e-0ae2-19ed-21c0b80311e8,ee6374bb-1aba-f1de-c86d-b35229fadb6e,AASB30014,رف زاوية زوجي كروم,10
252e8e44-e05d-963b-a287-a75cbfcef6ce,aea8a820-842c-1297-8982-337abef5488f,AECU50890,راجع سيفون حوض مطبخ,50
70e87eb2-9646-1acc-21fd-a8342c8b1ca4,77cf8171-0d15-0ced-b6d6-4beec1cdf22e,AM0838,حوض وجه مع دولاب حمام -80 سم,4
