id,customer_id,entry_date,entry_type,description,debit,credit,reference_table,reference_id
a5b8544b-8baf-7e77-5f81-cbb2377f12bd,7fa77291-c2c6-1e4e-a42e-1e58ff8a3323,2024-08-15,sale,فاتورة بيع رقم وصل رقم :0028,1600.000,0,pos_sales,1e6862be-b3a7-9dbd-b61e-7169686c0ff3
c3e6e21e-cb0d-c7c7-ebf4-c5a72ac0e944,06ad7992-fcd7-f857-395e-ed7f8337ee51,2024-08-17,sale,فاتورة بيع رقم وصل رقم :0037,330.000,0,pos_sales,14ee24aa-67b1-f54f-04a8-fb98b3fcf1f8
0d75f362-6da4-b8a2-19df-27d0c7962f6d,e44ad758-fac2-c478-699c-e63981d45eaa,2026-06-04,sale,فاتورة بيع رقم وصل رقم :2351 -ين,1200.000,0,pos_sales,1e38c142-2cab-e393-6f1a-99bd3c0e0bb6
bfccf8e5-d94c-d9b7-d514-07c415fd3bda,9f1697a1-f6f8-d22e-00d7-7d5602f7217c,2026-06-01,sale,فاتورة بيع رقم وصل رقم :2334 -ين,1400.000,0,pos_sales,a267704b-7796-ee05-e5c7-017447abfc44
7d7bc283-6997-a39a-68a0-0ef966b65bab,e44ad758-fac2-c478-699c-e63981d45eaa,2026-05-31,sale,فاتورة بيع رقم وصل رقم :2328 -ين,580.000,0,pos_sales,b5e4154d-e084-9f27-dffc-397e44c32727
4043b6ab-d427-29f5-a3d6-5f0d15e2e09f,3ec869db-c439-88cf-3076-9264d6bc01f8,2026-02-15,sale,فاتورة بيع رقم وصل رقم :1981 -ين,1700.000,0,pos_sales,13a22b74-392a-0a96-7e03-28059ac6deac
a9a20e5b-1bdf-e136-6dad-b7208b5996f8,e44ad758-fac2-c478-699c-e63981d45eaa,2026-04-12,sale,فاتورة بيع رقم وصل رقم :2119 -ين,130.000,0,pos_sales,e2b16c5a-048b-ded1-6b4f-b4dce42daada
1e767be1-2669-99ea-4349-520beac87d8e,7050c8d1-7381-cf58-efd2-db0ebb676040,2026-01-14,sale,فاتورة بيع رقم وصل رقم :1885 -ين,300.000,0,pos_sales,ec645a0f-b323-cbe9-eda8-687b10b3e593
94b70f68-d1c3-ff55-e758-02ef99d37caa,82a95cfc-ad46-ba4d-d6ff-efb049ae13e9,2026-02-02,sale,فاتورة بيع رقم وصل رقم :1936 -ين,900.000,0,pos_sales,5385804b-1b55-8875-888d-2c470f1bcc46
816e107c-82ed-c196-b333-309535e35445,0cfb9aad-3f00-31ed-219c-a524f38e5809,2026-02-10,sale,فاتورة بيع رقم وصل رقم :1964 -ين,1100.000,0,pos_sales,a04b6dae-5688-a553-d815-36f2d6c9c221
9ec6a11d-932a-c519-f809-0f342d444f33,3c6fe792-48f4-98bd-2fa0-915ae02f08cc,2026-02-17,sale,فاتورة بيع رقم وصل رقم :1992 -ين,1825.000,0,pos_sales,7cb8df1b-b8df-1111-d344-bc5c14b9ddf1
0bbaa8b5-3b6e-12e5-2486-a570e75369ac,23fd4f77-3adc-2188-5d8b-8f9de9e15ed7,2026-02-18,sale,فاتورة بيع رقم وصل رقم :1996 -ين,300.000,0,pos_sales,9a11d296-1cb4-607f-7107-bf9a9945b433
34a0de3f-cab9-5f0d-70ed-2f4349111785,14885b23-3a6a-9c8d-4987-bba115fe4b1e,2026-02-18,sale,فاتورة بيع رقم وصل رقم :1999 -ين,90.000,0,pos_sales,3dcb7b1f-dd0f-cfa5-b849-b94ef3c2715e
17b4f1b1-3ec8-a76a-65db-6d0da6e87694,23fd4f77-3adc-2188-5d8b-8f9de9e15ed7,2026-02-21,sale,فاتورة بيع رقم وصل رقم :2005 -ين,90.000,0,pos_sales,1e0a205d-a053-9a50-ae17-086cfe205d91
d9e42983-2682-80a4-7aee-64de1a2bd748,fe4c5cf9-8949-966f-cfe9-0b83d456f9f9,2026-02-23,sale,فاتورة بيع رقم وصل رقم :2009 -ين,550.000,0,pos_sales,a24f66ea-254a-eeb7-c29a-beb13cb50385
4c79a3cc-e0a3-ab01-d508-d2cb52ff7a5e,e0fc6702-5996-2dbf-12a4-cace45aba77f,2026-02-23,sale,فاتورة بيع رقم وصل رقم :2010 -ين,550.000,0,pos_sales,8041becf-8388-3742-9846-823923ddc4ac
efc53dc5-bb49-5fa9-615c-08654473e83f,43a73281-3a77-9ad8-4f21-6397d3f1c37f,2026-03-07,sale,فاتورة بيع رقم وصل رقم :2037 -ين,680.000,0,pos_sales,cee25625-d5ff-6d2c-8b4f-12b5928789bb
3c22ad93-8949-ed30-cda6-de5a4df8f8a7,f3275fd2-87bd-0262-e8b5-d5eac527c60b,2025-09-02,sale,فاتورة بيع رقم وصل رقم :1542 -ين,7700.000,0,pos_sales,003fd45c-fea7-5260-ab09-86ff7d0d8e96
ea60b3f6-2b2d-a12e-fbcf-0f5a79430b8b,f8f4d975-47f6-88ab-14d9-9b98979f3b44,2026-05-23,sale,فاتورة بيع رقم فاتورة مبيعات : س-6997,350.000,0,pos_sales,1ac5cff5-b46e-2584-6ec4-5944a75daa3e
68b6213a-feaa-810c-69bc-05ba6c514c1c,27e36b7a-499e-9e64-40f2-19c6fe683636,2026-05-16,sale,فاتورة بيع رقم فاتورة مبيعات : س-6935,8148.000,0,pos_sales,2f743903-82d1-590f-3ca5-2f12db9c8e7d
777f501b-5724-2a89-b58a-271b05fbc5bc,a117379b-85fd-a66f-f86c-cf9e8a209ccc,2026-05-17,sale,فاتورة بيع رقم فاتورة مبيعات : س-6950,315.000,0,pos_sales,06fd3db2-ca42-4d40-fa8b-a1d6eaad9417
8e59c2e5-cceb-6cde-8374-11f3e1177aeb,fcf6ddcc-148c-bf7e-3d79-a07d5f0d6013,2026-05-24,sale,فاتورة بيع رقم فاتورة مبيعات : س-7005,1900.000,0,pos_sales,673e31ea-af4a-c125-f380-3b0ea8de1e5c
f6612f24-53c8-927f-82fd-7a35f8d001da,afa38818-e593-12bb-faab-816b35606723,2026-05-25,sale,فاتورة بيع رقم فاتورة مبيعات : س-7013,500.000,0,pos_sales,600ca82e-8a10-7b73-b5ea-2dc63683d2ff
d71b86c1-0cdd-fe1a-4a9c-bccbbd379f8e,8911560c-3a28-c0f5-2c96-f48177d34007,2026-05-18,sale,فاتورة بيع رقم وصل رقم :2279 -ين,979.750,0,pos_sales,b33c9abf-2fb4-7ec2-ade3-68ab5a2b1966
c369ead6-52ad-d30c-b817-08a59457c22d,4098f0c1-d83c-3316-c0cb-cffb5775c6f1,2026-05-31,sale,فاتورة بيع رقم فاتورة مبيعات : س-7032,300.000,0,pos_sales,4154bd01-73bb-fcac-e6b7-6b782e974d70
131a86b1-3cfa-cf25-3101-166bd0c7daa0,2125dda1-a7ff-12a1-850c-873017b3f866,2026-06-01,sale,فاتورة بيع رقم فاتورة مبيعات : س-7036,20.000,0,pos_sales,73ea3cdc-f0fe-4e68-7dc3-816de7b9e8fb
50e903ed-a5b0-3c48-17b1-9c063dd492ca,14885b23-3a6a-9c8d-4987-bba115fe4b1e,2026-02-18,sale,فاتورة بيع رقم وصل رقم :1998 -ين,90.000,0,pos_sales,845bdb46-9fbd-3cb8-49ad-5a71e66491f6
861d2050-cf18-0aa6-8009-9fb08b4f156d,26be6e32-624b-6f77-ac20-12136d217205,2026-04-30,sale,فاتورة بيع رقم فاتورة مبيعات : س-6834,48.000,0,pos_sales,998c4a02-88e6-40cc-cdf0-ca14195f2d35
b12ad69a-58a2-9ff4-5f8b-61654df189c3,5b3538df-12aa-9f01-537e-c79e1a5c66e0,2025-03-23,sale,فاتورة بيع رقم فاتورة مبيعات : س-2211,1600.000,0,pos_sales,8784e17e-1109-f3dc-7906-91623b744756
f93feab3-e3c3-6938-ec2d-7ad1f8d6689b,7da472b8-a8b6-232e-2940-3ceec619d9d5,2025-03-23,sale,فاتورة بيع رقم فاتورة مبيعات : س-2212,270.000,0,pos_sales,4827999f-328b-86d2-6d26-9e9175258db6
594c55fc-24c3-eb56-11d3-691feab08c00,2078e461-30d1-068e-6d5c-14f1369f2fec,2024-08-17,sale,فاتورة بيع رقم وصل رقم :0034,400.000,0,pos_sales,aadecbc7-3b6f-229e-49d9-cbc0f5d6b884
8ff9650e-7de5-1226-972f-6003074fe74c,947b7c0e-4d2b-e45f-0e96-5a5d9f5359b6,2024-08-27,sale,فاتورة بيع رقم وصل رقم :00020 -س.ر.ج,1720.000,0,pos_sales,06c33fd1-cb10-a300-4700-a204970a012c
8e82efb7-660e-26ad-1d06-ed44a9b7c640,a7ffb362-0f49-7897-d268-df09b17b3e03,2025-04-19,sale,فاتورة بيع رقم فاتورة مبيعات : س-2407,550.000,0,pos_sales,cc59f26f-1cb0-6c2b-2d97-0ba7b7a62f13
c4bbd446-9f53-6904-ea36-747940f33701,ad3e9e39-d15a-64af-cdb2-3063209274a9,2025-04-24,sale,فاتورة بيع رقم فاتورة مبيعات : س-2463,4500.000,0,pos_sales,fff87706-9e8a-50f3-2a7c-294622e40066
e8933bd6-5135-3c79-4510-f036bf9cddc8,92b1fdd9-f09c-eed8-a530-a9944cb7860c,2025-04-26,sale,فاتورة بيع رقم فاتورة مبيعات : س-2466,63.000,0,pos_sales,8849df52-8c47-7b3a-7425-51c784a8cad2
21b47808-0096-f4d8-030a-929ce1d718e8,f2bd75e8-d9c7-83b8-738f-caebdc508a63,2025-04-26,sale,فاتورة بيع رقم فاتورة مبيعات : س-2467,1150.000,0,pos_sales,f2cedf53-9df9-fa78-bb5b-3f2983413f4c
adc22bd7-61fe-9184-28d5-ebf47c33ec07,92b1fdd9-f09c-eed8-a530-a9944cb7860c,2025-05-03,sale,فاتورة بيع رقم فاتورة مبيعات : س-2576,144.000,0,pos_sales,11e4a79e-4899-e58e-4758-f20b87d0e266
eac3f31a-4f6f-e288-a34f-becfb72c1dbd,847133de-33b9-b0cb-7817-a8a8a0cc93d6,2024-12-23,sale,فاتورة بيع رقم وصل رقم :0233 -ين,155.000,0,pos_sales,68e177e9-ae52-c629-c4e5-0ea5c845c74b
faaf91df-9fc7-e895-8633-1cfd41d37029,a1261a43-627f-ebb0-5157-60d01c9a6e57,2026-03-29,sale,فاتورة بيع رقم وصل رقم :2076 -ين,400.000,0,pos_sales,dd035c14-4910-6682-9e7d-db807f4c16a0
c213d176-3deb-4357-7a9a-9508f699ac51,33329ac9-5d3f-1a2f-af0b-d5fb83909ee9,2025-05-17,sale,فاتورة بيع رقم فاتورة مبيعات : س-2702,1150.000,0,pos_sales,0285993c-46a6-5786-b063-dd8dff26f2d5
47e37769-3d1d-379b-bcc2-1d419f69798a,818abbf5-40f8-d3bb-709e-a6192395116d,2024-11-11,sale,فاتورة بيع رقم وصل رقم :0043 -ين,540.000,0,pos_sales,e226a2fa-4128-3e6a-b770-a13ae45de916
bea3ba8d-2a4d-3263-90fd-46181594f83f,ca51e6ef-ab09-8fc3-5800-e4d9c18c58ae,2026-03-30,sale,فاتورة بيع رقم وصل رقم :2079 -ين,1640.000,0,pos_sales,31d6b3bf-8579-7075-147f-7c1249ae9a0d
74caa7ae-b362-c46b-f1a6-39b5e8ae4cc8,d43155b4-845d-e41c-5c46-97531a6970cc,2025-05-29,sale,فاتورة بيع رقم فاتورة مبيعات : س-2853,1000.000,0,pos_sales,088bae65-9ac3-fbf8-44c5-91d0bc771034
fa5c1a4e-ae73-a59c-d979-0fc2607d07e7,d538b903-014c-e555-b477-909cfdbaf651,2026-05-02,sale,فاتورة بيع رقم وصل رقم :2211 -ين,850.000,0,pos_sales,f43c6e6a-39f4-571a-f370-947f110f06e3
29ba3f65-8add-c8af-08b6-43fde548705f,4ed504df-c336-c151-e1cc-7b15f6cfb028,2025-05-31,sale,فاتورة بيع رقم فاتورة مبيعات : س-2876,1900.000,0,pos_sales,5746d01d-c4e3-4e59-3d9e-30d0dd84e2b4
8533b9f7-5959-6a31-9213-ba8f5ef53949,468f3a8c-ae90-1849-f4f2-17bb6f19b882,2025-06-02,sale,فاتورة بيع رقم فاتورة مبيعات : س-2906,300.000,0,pos_sales,669124f3-c496-fb88-1ae3-24a198b3412a
3a456ee1-2be4-da4c-fc48-530ed02b19da,61cb269d-21df-dfef-9f4c-3fc923e14dd2,2025-06-03,sale,فاتورة بيع رقم فاتورة مبيعات : س-2921,120.000,0,pos_sales,a3986305-e1b4-03f9-e4da-2ad5969c5954
661713e7-0804-0d42-73af-fa0034b5d74d,9be5e8e4-e8cb-880c-79a4-d8231b99be03,2025-01-22,sale,فاتورة بيع رقم فاتورة مبيعات : س-1500,830.000,0,pos_sales,03aca6d1-ef0e-6977-897f-0cb006e48d2c
7326f521-438a-47eb-5d30-4c2514654add,2125dda1-a7ff-12a1-850c-873017b3f866,2025-06-10,sale,فاتورة بيع رقم فاتورة مبيعات : س-2937,7.500,0,pos_sales,56e54ac7-d54a-37a5-07b4-86fa222fd2ff
84e58005-0721-641d-e574-b08aeb145d48,41d56e1f-824e-386b-4953-ed22f1766a4a,2025-06-11,sale,فاتورة بيع رقم فاتورة مبيعات : س-2950,7500.000,0,pos_sales,4b600523-ecf5-de23-2f2c-4d57d70d84d7
1187f480-b332-f4a7-4e46-675d8687ab36,a79b7e0e-40ef-cbe5-25eb-87c5b36ff051,2025-06-11,sale,فاتورة بيع رقم فاتورة مبيعات : س-2954,8000.000,0,pos_sales,69279554-4e8e-acc0-e74e-e54a77f79d8c
d03962be-9ebf-a9f1-2b33-be927281c8e5,91dd8b39-cf9d-7f8f-a836-f1a97e964609,2025-01-23,sale,فاتورة بيع رقم فاتورة مبيعات : س-1523,280.000,0,pos_sales,5895db14-9824-16f4-6a8c-2e34032d4cd8
67fb913f-c0a1-1bd3-cde0-34a38077b510,caeced45-780a-2d7d-0b29-94eaa1dfe074,2025-06-23,sale,فاتورة بيع رقم فاتورة مبيعات : س-3112,2085.000,0,pos_sales,60ec95bf-efba-2317-341e-e9e0192f1183
988908c2-a400-2445-0990-55c66902d81c,f2bd75e8-d9c7-83b8-738f-caebdc508a63,2024-12-28,sale,فاتورة بيع رقم فاتورة مبيعات : س-1243,820.000,0,pos_sales,930cde62-eae3-4df4-b69d-b2f4613fd032
9491c54a-eaaa-ccc5-52c5-377bf49c3997,673897bf-9236-e8ad-e8dd-c65e9dea989f,2025-06-28,sale,فاتورة بيع رقم فاتورة مبيعات : س-3168,2900.000,0,pos_sales,79f913ae-ac00-43e0-9c18-75eae5161079
df169eb5-909c-24bf-95f2-fceb15a6f4fa,c5b03d8a-ffe0-05f9-d35d-681f52953e84,2026-04-14,sale,فاتورة بيع رقم وصل رقم :2126 -ين,620.000,0,pos_sales,0590a079-5e9c-bbfc-3f2a-79d2a80be743
5c411418-b3cc-4552-07f2-c34b6c0e8dd1,015cd268-50df-b468-9d72-17ce83cd871e,2026-04-14,sale,فاتورة بيع رقم وصل رقم :2127 -ين,1500.000,0,pos_sales,e7cec7a7-b6a6-dfc0-57dd-eb267812914e
34b1fdce-3cce-2f9e-be86-c17b183a3e5a,e8b14498-4cc2-14cb-23d3-113bac1800e0,2025-06-30,sale,فاتورة بيع رقم فاتورة مبيعات : س-3223,3900.000,0,pos_sales,883c31ed-67cd-2a8e-35d6-e92a00eaa650
c478388d-0db4-0166-68e3-6aa99e935c88,dbd4ba40-ae5d-cc54-90d8-237ca93706e0,2025-07-01,sale,فاتورة بيع رقم فاتورة مبيعات : س-3237,1720.000,0,pos_sales,44fed990-ef65-542a-f973-3c21014c51e3
5140d43b-089a-d1ad-319b-1d7ce716c268,5301b33c-404f-43bf-edc6-2d2ab04da9a9,2025-07-02,sale,فاتورة بيع رقم فاتورة مبيعات : س-3263,450.000,0,pos_sales,4932cee3-152e-17c2-a970-a564a10889cf
4f958ad6-27e3-3b27-beda-25f5cc277b6b,2125dda1-a7ff-12a1-850c-873017b3f866,2025-01-26,sale,فاتورة بيع رقم فاتورة مبيعات : س-1556,35.000,0,pos_sales,63a25d29-c2c5-9416-16b3-a5f4033799b4
6873b364-7dd1-c194-7475-e73bb57d56bb,e44ad758-fac2-c478-699c-e63981d45eaa,2026-04-18,sale,فاتورة بيع رقم وصل رقم :2133 -ين,525.000,0,pos_sales,3ccfd576-bc0d-14cb-2af6-5493b61b4a06
67e44079-2b45-51fa-b85a-d2ee7749802f,ca51e6ef-ab09-8fc3-5800-e4d9c18c58ae,2025-07-09,sale,فاتورة بيع رقم فاتورة مبيعات : س-3368,2520.000,0,pos_sales,58f00e88-80a6-6861-2605-ee21c8b55550
f551239f-528b-d3e6-e724-946e8fc25b22,b1839049-aa57-29df-58da-ffe78de82626,2026-04-18,sale,فاتورة بيع رقم وصل رقم :2135 -ين,9780.000,0,pos_sales,8b7dd740-f219-0a92-b005-bd0af1154de1
f4b8e197-114d-a2cc-12d9-366e8003e38d,ba94211b-4d92-7b31-22a2-4a6f23c5d702,2025-02-06,sale,فاتورة بيع رقم فاتورة مبيعات : س-1719,96.000,0,pos_sales,321bc682-d31b-8b80-dc17-0d670d0c3d4b
868428bb-5f3c-e73e-06f9-89f5507cf343,2125dda1-a7ff-12a1-850c-873017b3f866,2025-07-14,sale,فاتورة بيع رقم فاتورة مبيعات : س-3408,23.500,0,pos_sales,268856f5-1845-c85f-0a73-2509b4788cd8
edf2f518-44a8-5017-30f0-f63defee0583,74e9baec-358b-a63a-4fa8-4e3797f19bc5,2025-11-29,sale,فاتورة بيع رقم فاتورة مبيعات : س-5284,610.000,0,pos_sales,8f58ba48-54c4-e24e-4b95-4a9502066d78
f2a3b3a1-9387-b715-6c31-3b65d0a290ec,5c552274-e75a-135a-3421-23830ebcac1a,2026-05-06,sale,فاتورة بيع رقم فاتورة مبيعات : س-6872,6800.000,0,pos_sales,ae6b0482-e731-d339-c4df-495906c310bb
65d13a98-1258-c97b-d0f3-47d524a8e03a,4ed504df-c336-c151-e1cc-7b15f6cfb028,2025-07-19,sale,فاتورة بيع رقم فاتورة مبيعات : س-3480,40.000,0,pos_sales,675bed7c-7da1-0de9-29a4-b872bb609b95
e1121c6a-58bc-c671-200c-8e4b7e370cd7,c27753f7-5f3b-da2a-0f6b-b156ecd7a5c1,2025-04-12,sale,فاتورة بيع رقم وصل رقم :0875 -ين,550.000,0,pos_sales,8c442f70-6b72-39a0-bdc1-066e6c666f8c
eca3b22f-ea5c-9c86-f017-e20790e895d4,07d4512a-17b3-5de0-fc1f-31dc481c9ae1,2026-04-18,sale,فاتورة بيع رقم وصل رقم :2141 -ين,260.000,0,pos_sales,7cd1094a-9055-6e6b-6c28-413dbb2620d7
24120791-883b-4b72-b8a8-3c0350d21066,a5b47689-fba2-618a-bcba-6f10a700b28d,2025-07-24,sale,فاتورة بيع رقم فاتورة مبيعات : س-3559,200.000,0,pos_sales,3ea3f2bf-476f-e452-096e-3387a0e4aaa1
68faa8a0-7446-a506-ffb7-72c9ce7f5daf,ec9f3314-1a4f-3ed1-d053-bb8841267827,2025-07-27,sale,فاتورة بيع رقم فاتورة مبيعات : س-3594,300.000,0,pos_sales,5bc8386f-e9c1-6410-8cd4-583b526490dd
1f25e621-8b39-58d8-8551-ab844f0daf1b,c8e9bbc7-b788-5607-20c7-354a9cfae121,2025-01-19,sale,فاتورة بيع رقم وصل رقم :0398 -ين,130.000,0,pos_sales,268ae588-5f48-af23-1de9-ca4b2d5e3aa0
52a9bc0e-a150-227d-a5c6-2d4aa5cdb590,edcb3b6c-1c76-9a61-878b-90544d95d520,2025-07-30,sale,فاتورة بيع رقم فاتورة مبيعات : س-3641,270.000,0,pos_sales,bf1dd404-ef0f-a180-341f-640de8428d53
b5745df7-173c-1a61-3b62-7fecb8c4d71a,f34a5cdd-be8d-5c7f-2a52-8c3bcdc0bc36,2026-05-04,sale,فاتورة بيع رقم وصل رقم :2213 -ين,740.000,0,pos_sales,cb571a88-9e81-77ea-8c06-1f6370a5d40b
d136da41-716a-081a-b41c-733a2c6b278b,9bdc163b-d721-ed23-a5cb-63e68b27571c,2025-01-19,sale,فاتورة بيع رقم وصل رقم :0399 -ين,1100.000,0,pos_sales,fb47ac12-0d83-927e-ffd5-704a47cbd90b
8d9b3bb0-b0da-44c4-b871-967845dbc4c5,7053bc51-29ec-81eb-09da-b89677f4ebff,2025-08-02,sale,فاتورة بيع رقم فاتورة مبيعات : س-3669,460.000,0,pos_sales,e2219866-4c0d-9c80-875d-62801585eaad
5d5d9149-7d3f-1bc9-2cae-93a11f6006ad,1d33457d-f9c5-d7ae-b20e-1d938bd564f2,2025-08-10,sale,فاتورة بيع رقم فاتورة مبيعات : س-3791,200.000,0,pos_sales,8533b959-aee8-4a8f-c50b-fd0aa1d14044
0709216d-ba95-de3f-0397-5741e8b0632e,eb1b442a-808e-61a6-247a-b467593310e9,2025-08-11,sale,فاتورة بيع رقم فاتورة مبيعات : س-3801,200.000,0,pos_sales,0b9b56f3-2327-d615-df89-3542938661d0
0ae4f55b-85d9-49d8-0024-fc0463bb68db,227e499b-e515-eec1-2b5a-74029dafdfbe,2025-12-25,sale,فاتورة بيع رقم فاتورة مبيعات : س-5594,2610.000,0,pos_sales,c973a209-e9dc-f251-0f06-3c8d795c763d
472b0616-c09c-6c7e-be51-ca667709aa7d,644ef13c-f30f-6ab0-cf92-c61cf95a58ad,2025-08-12,sale,فاتورة بيع رقم فاتورة مبيعات : س-3830,2515.000,0,pos_sales,10a8c357-a0d2-acc6-42ea-9dd4d722367d
7e677a89-06de-5c66-2cdc-c90d8c7431b9,ec5e9614-3052-7c04-9b8a-faeb10fe9be7,2025-08-19,sale,فاتورة بيع رقم فاتورة مبيعات : س-3922,730.000,0,pos_sales,352bb301-1ae8-9d3e-0b06-c37ea0300f82
a9b4d012-cece-a640-a854-d40fbb9e488e,49d3e6e9-72c1-4742-32a1-1d393776bafa,2025-01-30,sale,فاتورة بيع رقم وصل رقم :0472 -ين,650.000,0,pos_sales,4d599898-5993-9977-0195-b832242ab233
3850cff9-09c4-ef97-cc95-e5d944bec5eb,2125dda1-a7ff-12a1-850c-873017b3f866,2025-08-20,sale,فاتورة بيع رقم فاتورة مبيعات : س-3933,190.833,0,pos_sales,bcf83bbb-d720-cff2-8fe0-7abdad6ae787
649b12b4-def7-ccd6-7564-cb5fa7a66046,ee9229c0-1e04-3d14-6463-e90372d330fa,2025-08-27,sale,فاتورة بيع رقم فاتورة مبيعات : س-4031,3000.000,0,pos_sales,d66b5549-f03d-fa32-3a75-7db0b65ebe09
6693515a-afa4-153b-94e1-c1e0c8ffd992,f4b6608b-7fce-7ad4-5855-e70c469dd43e,2025-01-04,sale,فاتورة بيع رقم وصل رقم :0301 -ين,700.000,0,pos_sales,be969bd5-7424-95dd-9bd5-a84e65c8231d
38ed149b-3322-4d04-8cde-a76d693a3735,ee9229c0-1e04-3d14-6463-e90372d330fa,2025-08-30,sale,فاتورة بيع رقم فاتورة مبيعات : س-4076,100.000,0,pos_sales,7f965008-d19f-4172-1722-e09aa4a36a15
03e6d7df-cec5-6f5f-eb8d-0ccc0d05ac22,e44ad758-fac2-c478-699c-e63981d45eaa,2026-06-01,sale,فاتورة بيع رقم وصل رقم :2331 -ين,625.000,0,pos_sales,056f1de7-83d7-da3e-b2a3-b80a766406dd
a9ceb716-c1c4-48fb-0357-d06be0a04648,644ef13c-f30f-6ab0-cf92-c61cf95a58ad,2025-09-01,sale,فاتورة بيع رقم فاتورة مبيعات : س-4103,85.000,0,pos_sales,6d527db7-bb31-7074-22cb-971f4f9d5b43
aebd13ef-5830-4906-0953-77d1d91a6bfd,6154e126-6844-fb8f-1a3a-f2ec548d6f43,2025-09-06,sale,فاتورة بيع رقم فاتورة مبيعات : س-4172,4650.000,0,pos_sales,b3994be2-5797-55d0-5324-aaa83acd38a3
6d55a3de-d9ae-ff0e-a179-6c40fe4a65cc,940610b3-26d2-4dbf-0c6e-111db0c80c47,2025-09-08,sale,فاتورة بيع رقم فاتورة مبيعات : س-4199,50.000,0,pos_sales,84ee1621-d468-81b7-9755-010d9f7d0e94
0d90fdd0-669f-450d-242e-aa8524cc29c3,644ef13c-f30f-6ab0-cf92-c61cf95a58ad,2025-09-13,sale,فاتورة بيع رقم فاتورة مبيعات : س-4264,3790.000,0,pos_sales,34ddb298-91e3-746f-6c76-b14bf4ea1f5c
870089fd-4a33-6d8d-1aca-40ce0c121be3,90f62d1d-8ada-e800-a56c-c862312c07ab,2025-09-13,sale,فاتورة بيع رقم فاتورة مبيعات : س-4268,640.000,0,pos_sales,7f652dce-6b54-f722-f848-43eb56f785ed
d5ff76ef-0935-a53b-12e9-08fba4a956d4,227e499b-e515-eec1-2b5a-74029dafdfbe,2025-12-17,sale,فاتورة بيع رقم فاتورة مبيعات : س-5509,950.000,0,pos_sales,da403002-6aa2-ad7d-6302-4c5b499c506d
db677756-5e29-b7ee-aaf9-b0ef38b60742,06dff912-1eff-0130-aeef-2b9ac24906d9,2025-03-20,sale,فاتورة بيع رقم وصل رقم :0801 -ين,350.000,0,pos_sales,d702fc4a-92b3-faef-5fed-c6c27785b411
ca15855a-bb25-200b-89e6-d3337311067b,8d7fb594-b565-daea-3d37-1561af376645,2025-02-06,sale,فاتورة بيع رقم فاتورة مبيعات : س-1733,394.000,0,pos_sales,ec7f6f00-8c9d-c0af-284c-a3e0bfd5c206
ec9a186b-18e8-cd6f-2838-6dc11c737800,d16251b1-73da-7bb6-d1cf-fcd3d7400d60,2025-09-18,sale,فاتورة بيع رقم فاتورة مبيعات : س-4374,16.500,0,pos_sales,2fdb03c8-05ce-3d8f-022d-ed5f1d4f0e67
7c4eb82f-4f56-3ae1-cb55-4093347060ef,227e499b-e515-eec1-2b5a-74029dafdfbe,2025-09-21,sale,فاتورة بيع رقم فاتورة مبيعات : س-4405,2147.000,0,pos_sales,56b7464f-0d35-8f1d-d420-3834381cd009
23f19757-4f53-8366-d1c3-6cd31034da4e,227e499b-e515-eec1-2b5a-74029dafdfbe,2025-09-22,sale,فاتورة بيع رقم فاتورة مبيعات : س-4421,620.000,0,pos_sales,3659a308-d740-235b-6a3f-6a920d71df5c
3f856d2b-84e6-6d4a-6fb3-fbe1c3401cbb,49312bd3-b9a5-5a25-9c26-8695f1450ed0,2025-09-24,sale,فاتورة بيع رقم فاتورة مبيعات : س-4453,1460.000,0,pos_sales,6b4114c1-af8d-df57-9a8a-60d40d120a87
e5e95c62-d386-8bf3-d8e5-cede6b12e87f,49312bd3-b9a5-5a25-9c26-8695f1450ed0,2025-09-24,sale,فاتورة بيع رقم فاتورة مبيعات : س-4454,385.000,0,pos_sales,fdaf543a-a200-a398-7f14-b7c2c9b70408
6266f2c6-2128-83a3-68ec-e74ace562691,7ecc2f74-1e38-35d5-42c7-ce49e7e1ef05,2025-09-24,sale,فاتورة بيع رقم فاتورة مبيعات : س-4467,5250.000,0,pos_sales,fa008f73-ca71-5187-8adc-1a1a675fa3aa
d1bd42f2-192d-241b-59d0-072236627af0,644ef13c-f30f-6ab0-cf92-c61cf95a58ad,2025-09-29,sale,فاتورة بيع رقم فاتورة مبيعات : س-4546,78.000,0,pos_sales,4f6d3e6f-db10-249e-c626-0b6dd4d00c79
91e9771e-5cbc-38f2-5e57-695e67827f03,644ef13c-f30f-6ab0-cf92-c61cf95a58ad,2025-09-30,sale,فاتورة بيع رقم فاتورة مبيعات : س-4548,1065.000,0,pos_sales,805bf40b-6b88-dad4-4074-696055c67bc7
6a0d0d15-af91-80d7-8fc8-e2c96dd56760,644ef13c-f30f-6ab0-cf92-c61cf95a58ad,2025-10-06,sale,فاتورة بيع رقم فاتورة مبيعات : س-4622,900.000,0,pos_sales,e0ce535e-6b8f-f014-1411-e29236ba0eb6
9babda16-7b01-6c66-5f82-afef9259bb0c,7ebb261d-3573-fbf5-1691-b99b3270fea6,2025-04-10,sale,فاتورة بيع رقم وصل رقم :0868 -ين,2000.000,0,pos_sales,8892efd6-872b-7362-d201-eb16128064d7
8af5e811-f530-6b0e-2ce7-9723a4b062f5,227e499b-e515-eec1-2b5a-74029dafdfbe,2025-10-15,sale,فاتورة بيع رقم فاتورة مبيعات : س-4685,270.000,0,pos_sales,a1b589b3-adca-c30e-b5e4-400a987311b7
bdb3d473-d4ba-1c35-ba1b-df9093ac43b0,67403f76-6e58-bd91-d025-462d26fb2ad7,2026-04-23,sale,فاتورة بيع رقم فاتورة مبيعات : س-6750,240.000,0,pos_sales,2374b6f3-14d4-7330-0613-7715462a5d84
1456fc71-7713-b28c-8e63-fd8a18a5fb0e,c36a4f4e-a045-52c2-dd1d-d49c2670862f,2025-10-18,sale,فاتورة بيع رقم فاتورة مبيعات : س-4729,450.000,0,pos_sales,fb8de75f-5667-fbdc-d961-205b96004b71
3fb4d697-95ad-4994-a51d-b86bfcfcebe1,227e499b-e515-eec1-2b5a-74029dafdfbe,2025-10-19,sale,فاتورة بيع رقم فاتورة مبيعات : س-4751,753.000,0,pos_sales,6a159d95-6964-d301-d89e-b1b4f28cac79
56b6fce3-9610-3d4f-28d5-3bc32be0fab9,2125dda1-a7ff-12a1-850c-873017b3f866,2025-10-19,sale,فاتورة بيع رقم فاتورة مبيعات : س-4765,5.650,0,pos_sales,cb31044f-c23b-0fa9-906a-169b57a25bed
02833e1a-4b83-ea9b-58e9-ad5c17e50288,9fd04903-0a9b-e522-ca3f-a05e24a6c1b1,2025-01-06,sale,فاتورة بيع رقم وصل رقم :0312 -ين,1250.000,0,pos_sales,c8ebf5d3-117c-373c-9d81-3e74854143b0
4d9337d1-4bb4-c31d-fcfc-f580a63a7c52,013ab999-49ed-db2a-324f-c9bc22b0f6e9,2025-10-25,sale,فاتورة بيع رقم فاتورة مبيعات : س-4864,1800.000,0,pos_sales,cb6e630c-2340-4cad-3d31-6113dca1b119
625ca9e5-f6e8-e4c4-7efc-93ed1ecbb57d,227e499b-e515-eec1-2b5a-74029dafdfbe,2025-10-25,sale,فاتورة بيع رقم فاتورة مبيعات : س-4868,100.000,0,pos_sales,82b187a7-0524-d756-3d01-c6ab983f890d
3fe05f7c-a86a-90f5-dee6-ba3908c2836d,2125dda1-a7ff-12a1-850c-873017b3f866,2025-10-27,sale,فاتورة بيع رقم فاتورة مبيعات : س-4896,8.750,0,pos_sales,25427de6-4957-bcf5-3887-6ae1dfbe7b7d
7afe8cd0-402d-3f18-1785-079b57f02c94,45b7c48f-3b86-8ed0-9b97-cac8e63a0fbc,2025-10-27,sale,فاتورة بيع رقم فاتورة مبيعات : س-4902,1130.000,0,pos_sales,3651f0f3-216f-7162-c980-730ab1839bd2
c3652fa9-0217-ab38-a229-2b2b8662dd47,aa77d87f-3ed0-3cfa-2c7f-6336f054b0d7,2025-10-29,sale,فاتورة بيع رقم فاتورة مبيعات : س-4931,240.000,0,pos_sales,bd61c4fc-b45b-0db0-e2c5-f8589a4785ed
010cd419-1fd9-9b82-d3a5-f303cd8a1106,c9302ef1-8f30-2612-d4dc-aae23d38b421,2025-01-04,sale,فاتورة بيع رقم فاتورة مبيعات : س-1327,1300.000,0,pos_sales,35b6f4b5-ff94-c9a6-dcc5-698842244362
aa14cf73-2ac1-4465-0d02-69b01648a314,f7f0780f-fad9-6418-0d9f-518f646544ea,2025-10-29,sale,فاتورة بيع رقم فاتورة مبيعات : س-4936,17000.000,0,pos_sales,d89523cb-41c7-28e6-da9e-ce7ace7263b8
c7a533e0-8935-7445-a064-f01a399cb0c8,cef6ae53-a7a5-a4f2-538f-f908154ac461,2025-10-29,sale,فاتورة بيع رقم فاتورة مبيعات : س-4940,27300.000,0,pos_sales,4087faf8-2c79-36cb-36ba-daeff1355d82
da9b8e7b-33ff-5a14-c248-8b37856fb9c8,644ef13c-f30f-6ab0-cf92-c61cf95a58ad,2025-10-30,sale,فاتورة بيع رقم فاتورة مبيعات : س-4944,477.500,0,pos_sales,0d613883-45cb-7d56-c85a-507486edba8c
50f5ac8e-cef3-0204-186d-4d8722c10d99,644ef13c-f30f-6ab0-cf92-c61cf95a58ad,2025-11-06,sale,فاتورة بيع رقم فاتورة مبيعات : س-5037,1990.000,0,pos_sales,7e3ecf68-7f45-4344-ccad-dff19bb7acb0
12be3acb-9e13-0431-8882-eca248a83bcf,de6ca1f0-c12e-ed85-b53b-405cf614cfd3,2025-11-06,sale,فاتورة بيع رقم فاتورة مبيعات : س-5038,3800.000,0,pos_sales,630af795-48d9-96ef-0d83-d3b1dfd52117
aeb287b8-04c5-c50b-1e57-ca3f4b928147,de6ca1f0-c12e-ed85-b53b-405cf614cfd3,2025-11-09,sale,فاتورة بيع رقم فاتورة مبيعات : س-5072,640.000,0,pos_sales,b6ac851b-065b-0353-0771-18fb6defc11a
cab7a8d1-99e3-b933-34fe-ce0d76e41456,468f3a8c-ae90-1849-f4f2-17bb6f19b882,2025-11-09,sale,فاتورة بيع رقم فاتورة مبيعات : س-5077,20.000,0,pos_sales,6aad6b50-79bf-0f36-3551-dfaf7ea4e21e
c001bd55-3071-51e7-8327-1bad5c58ce87,468f3a8c-ae90-1849-f4f2-17bb6f19b882,2025-11-09,sale,فاتورة بيع رقم فاتورة مبيعات : س-5078,15.000,0,pos_sales,b883ee2d-9e8e-f134-2421-8a51ba7f4405
e407ff61-8d62-3904-82bb-bca3dc620163,de6ca1f0-c12e-ed85-b53b-405cf614cfd3,2025-11-11,sale,فاتورة بيع رقم فاتورة مبيعات : س-5092,155.000,0,pos_sales,272ce245-d9a9-96ed-1862-4f2c2a1d83a9
1d87c870-54c6-9546-124c-e0f2087df30d,abe7773a-87e7-2c42-825b-8e667b06f88c,2025-11-20,sale,فاتورة بيع رقم فاتورة مبيعات : س-5203,1000.000,0,pos_sales,606a8de4-d9ad-5a4e-ede5-6a701e058f77
36bcb70c-462d-f614-4492-95fc8e3aceba,a4e49a3a-8785-7fb0-0e5c-db2180a99938,2025-02-12,sale,فاتورة بيع رقم فاتورة مبيعات : س-1800,50.000,0,pos_sales,c08d8690-c14a-7302-141b-ed8f9908483c
d2c37ab8-61e5-b312-aaae-11f8d249bca8,c28c4f61-972f-5aa7-d424-77bb09e1b826,2025-11-23,sale,فاتورة بيع رقم فاتورة مبيعات : س-5224,1000.000,0,pos_sales,3d7ba40b-09d7-1f83-ee00-a4a0c25e61ea
f6d5ee9f-1cdc-9e52-8aee-fe541122574b,18ac7db1-f085-71de-01f5-c083b5a22781,2025-11-23,sale,فاتورة بيع رقم فاتورة مبيعات : س-5227,28.000,0,pos_sales,5bf79923-e9c5-c5e9-17fa-267fbf72f971
583ce4a1-e026-41f4-0fa8-46fc056508b5,74e9baec-358b-a63a-4fa8-4e3797f19bc5,2025-11-25,sale,فاتورة بيع رقم فاتورة مبيعات : س-5251,210.000,0,pos_sales,acb06264-29cf-cc05-4eed-959d95b33263
c1e6e04e-8304-e3b9-654f-73a0000bb4cf,74e9baec-358b-a63a-4fa8-4e3797f19bc5,2025-11-26,sale,فاتورة بيع رقم فاتورة مبيعات : س-5269,160.000,0,pos_sales,09f031a3-e9fd-c651-f1a3-bb4e19ea695f
19bbacae-8d0b-e289-b156-39936abad2cb,9ba5ae3b-8573-0900-e648-348ae2ee6bb7,2025-11-30,sale,فاتورة بيع رقم فاتورة مبيعات : س-5303,7400.000,0,pos_sales,b6b969f5-d6f8-b74b-9995-0c59c265e97f
36cd6bbf-f9de-e985-c3d2-aece03339264,c28c4f61-972f-5aa7-d424-77bb09e1b826,2025-11-30,sale,فاتورة بيع رقم فاتورة مبيعات : س-5310,380.000,0,pos_sales,4efcf43d-6db9-30d6-87bd-787cefbf9b04
f2e8ee6d-3eab-9ea7-5a7f-257e56aa6215,7a351396-f88e-07b9-02a2-63f7d49a281b,2025-11-23,sale,فاتورة بيع رقم وصل رقم :1792 -ين,500.000,0,pos_sales,5ce43526-7a56-25b4-2b31-ecd662ee9641
55dafe88-5e02-d8b2-1e23-e1e6f1839c08,468f3a8c-ae90-1849-f4f2-17bb6f19b882,2025-12-10,sale,فاتورة بيع رقم فاتورة مبيعات : س-5399,70.000,0,pos_sales,9fb6bb0c-6060-a3e2-742e-71b0c56ca9e0
c8fb4bd2-c51d-435d-4640-9a1393010e87,e1012d74-3f5b-2e92-79c6-bd4755c30b81,2025-03-15,sale,فاتورة بيع رقم فاتورة مبيعات : س-2163,350.000,0,pos_sales,fbbee5ec-055e-ac69-ddef-d141489c3e10
5f680411-c688-3d9d-b13f-b077aad6f947,468f3a8c-ae90-1849-f4f2-17bb6f19b882,2025-12-11,sale,فاتورة بيع رقم فاتورة مبيعات : س-5416,50.000,0,pos_sales,a41ae222-2e5a-9ed3-913e-2a50196c3255
f0c704c3-965a-6ba9-4605-4c6dee9bc6ec,11ae76de-e387-4e9e-b4cb-cdf0aa016fb4,2025-02-13,sale,فاتورة بيع رقم فاتورة مبيعات : س-1814,7600.000,0,pos_sales,9ff31527-84cd-2b48-f21a-478402bcdfe6
556fcdc8-4014-9504-d039-606f54cdff7b,c28c4f61-972f-5aa7-d424-77bb09e1b826,2025-12-14,sale,فاتورة بيع رقم فاتورة مبيعات : س-5459,20.000,0,pos_sales,2579e9c5-3cab-a046-3245-060b8a2da9ee
de853e5d-0552-bfcf-c675-200be816b01d,847133de-33b9-b0cb-7817-a8a8a0cc93d6,2025-02-15,sale,فاتورة بيع رقم فاتورة مبيعات : س-1822,2300.000,0,pos_sales,113c56ae-45ed-dc87-f24e-d507f1a7dec2
84e8c523-f3ea-4ef6-d0cc-1652ada6cec3,98229a0c-53c1-9979-f581-32c172e566bb,2025-12-17,sale,فاتورة بيع رقم فاتورة مبيعات : س-5501,180.000,0,pos_sales,3d8b5b5b-d222-e027-2f8d-757fafc8eb3e
c26d0ad9-c84c-4ddc-f450-2397e482f512,c28c4f61-972f-5aa7-d424-77bb09e1b826,2025-12-17,sale,فاتورة بيع رقم فاتورة مبيعات : س-5508,40.000,0,pos_sales,1131761c-8dcd-c02d-a3d4-b80d9ab48352
4e505a37-bf57-4839-2b9a-a4339deed9e5,98229a0c-53c1-9979-f581-32c172e566bb,2025-12-18,sale,فاتورة بيع رقم فاتورة مبيعات : س-5511,360.000,0,pos_sales,d7ef95e6-ad41-f276-5b14-d1b79918d3d1
d1b5de94-15ea-75c8-c94f-5a4182226ed5,26be6e32-624b-6f77-ac20-12136d217205,2025-12-21,sale,فاتورة بيع رقم فاتورة مبيعات : س-5537,244.000,0,pos_sales,3279a0b2-b473-635c-38fc-9e1ba87af763
89547530-d339-e078-953b-705596b8c11f,d650c140-f538-b4ae-3c31-89de07e8ff85,2025-01-14,sale,فاتورة بيع رقم وصل رقم :0364 -ين,650.000,0,pos_sales,7b7b06f8-fbf1-8ad3-2a17-147fce721655
fd823b3e-a003-4fad-e0e3-91a7f8dc4cc1,2125dda1-a7ff-12a1-850c-873017b3f866,2025-12-22,sale,فاتورة بيع رقم فاتورة مبيعات : س-5560,4.750,0,pos_sales,7952b048-3b79-2f3d-a8b7-fa176f12db04
330733c0-feec-a67c-e227-c7d9d93d9a89,013ab999-49ed-db2a-324f-c9bc22b0f6e9,2025-12-23,sale,فاتورة بيع رقم فاتورة مبيعات : س-5565,2516.000,0,pos_sales,9f9ac07d-9425-3ac2-cd43-0257538dbe60
a4f60df7-4fa7-5b96-8529-3f68cb1fcdd0,2dc897fb-7bbb-cdae-eb4c-560b1fabfc2e,2025-12-24,sale,فاتورة بيع رقم فاتورة مبيعات : س-5579,2700.000,0,pos_sales,59d46ed1-a750-31f0-0ad5-0cb1a1687c33
9b9ceeda-ac79-9785-177b-f39db811a2ea,013ab999-49ed-db2a-324f-c9bc22b0f6e9,2025-12-27,sale,فاتورة بيع رقم فاتورة مبيعات : س-5605,2410.000,0,pos_sales,dc141471-3d11-d8c6-ba40-3a78cc8b2a49
0ce97700-3914-37c7-1b21-5a8982d027ad,013ab999-49ed-db2a-324f-c9bc22b0f6e9,2025-12-28,sale,فاتورة بيع رقم فاتورة مبيعات : س-5631,4220.000,0,pos_sales,b2b1e2a0-680e-1616-fa40-fce53412cedf
445f1604-420a-ec5d-1e3b-1703a2452559,013ab999-49ed-db2a-324f-c9bc22b0f6e9,2025-12-30,sale,فاتورة بيع رقم فاتورة مبيعات : س-5655,1150.000,0,pos_sales,c34b45a0-c211-99f7-1c50-7633599c4a4b
d2378af2-8979-b8aa-9203-cf630c6adf6f,aca2b527-d91a-1695-5ba0-f4648f4ac902,2025-09-08,sale,فاتورة بيع رقم وصل رقم :1572 -ين,1300.000,0,pos_sales,6cd8ef6d-dd8c-f45c-780c-4454c20eb84f
45db7066-6a6c-9635-b9dc-3c20c7dea7bd,26be6e32-624b-6f77-ac20-12136d217205,2026-01-03,sale,فاتورة بيع رقم فاتورة مبيعات : س-5707,460.000,0,pos_sales,fc7b51bf-fed1-6f30-273e-fa824c16882e
c46df812-917d-f2ae-350f-3b94bea94947,9ba5ae3b-8573-0900-e648-348ae2ee6bb7,2026-01-05,sale,فاتورة بيع رقم فاتورة مبيعات : س-5739,650.000,0,pos_sales,8015a79f-f6d5-eb20-14fd-0fec00fa73c7
5965fdba-af5f-d393-0050-d1f9e9fa4a7f,9ba5ae3b-8573-0900-e648-348ae2ee6bb7,2026-01-05,sale,فاتورة بيع رقم فاتورة مبيعات : س-5741,280.000,0,pos_sales,7ece6b05-6c21-1a70-f50a-8852f8378ffb
3dd6e3a7-1998-d603-9672-aef7d4eb33ff,98229a0c-53c1-9979-f581-32c172e566bb,2026-01-05,sale,فاتورة بيع رقم فاتورة مبيعات : س-5747,630.000,0,pos_sales,6f20ae5f-e4ee-4fa2-7d65-65d3ac035281
4430807d-6712-da38-524f-4d87d889dfec,2125dda1-a7ff-12a1-850c-873017b3f866,2026-01-05,sale,فاتورة بيع رقم فاتورة مبيعات : س-5750,260.000,0,pos_sales,a7350b1e-ef52-c513-a2ad-6a41fe56f165
6f08dabe-8311-8106-f860-54ab0b3ad3e5,26be6e32-624b-6f77-ac20-12136d217205,2026-06-09,sale,فاتورة بيع رقم فاتورة مبيعات : س-7097,40.000,0,pos_sales,fed2d509-2b4c-67c9-f005-907becaec167
ef6784ef-ef09-6083-ad40-cf206a4db478,9ba5ae3b-8573-0900-e648-348ae2ee6bb7,2026-01-10,sale,فاتورة بيع رقم فاتورة مبيعات : س-5792,330.000,0,pos_sales,e3663d36-dc65-d1eb-7b21-c2387d273b46
9c1d5c07-2c49-f7b2-f423-42044eab4bc9,98465f9f-2ed9-11a6-d1ac-6aa063576f04,2026-01-15,sale,فاتورة بيع رقم فاتورة مبيعات : س-5864,2000.000,0,pos_sales,8a691ce9-f0f2-5e63-a198-3cc3f05070c0
8c3985d5-e936-feea-1868-846ed5e3d6a2,f7f0780f-fad9-6418-0d9f-518f646544ea,2026-01-17,sale,فاتورة بيع رقم فاتورة مبيعات : س-5866,1370.000,0,pos_sales,22962374-76b3-0dab-1c7e-c6e178afcec4
bbc8ccd9-afde-16a5-e4fb-77e96b622206,98465f9f-2ed9-11a6-d1ac-6aa063576f04,2026-01-17,sale,فاتورة بيع رقم فاتورة مبيعات : س-5875,50.000,0,pos_sales,46ae9d9d-bf9f-f81d-e87e-4dd6221ab032
03355381-64f5-28f9-52cd-05de3f6b5f88,09e95403-727a-c34d-09cb-c5d6a8bcbd5b,2026-01-17,sale,فاتورة بيع رقم فاتورة مبيعات : س-5877,280.000,0,pos_sales,37f18287-6f82-feab-70a9-30e6fca90909
65c675a7-8aa4-051b-f86e-056eabaa2e1f,2125dda1-a7ff-12a1-850c-873017b3f866,2026-01-18,sale,فاتورة بيع رقم فاتورة مبيعات : س-5905,34.000,0,pos_sales,f8179292-3e5b-13f9-208e-c18d88c812a3
965ee59c-ccb2-75a7-41ca-4e6beb97ba0d,26be6e32-624b-6f77-ac20-12136d217205,2026-01-20,sale,فاتورة بيع رقم فاتورة مبيعات : س-5919,47.000,0,pos_sales,557c7436-fa91-e3b0-fc6c-e87d79118dd1
5759a0ac-e559-3fbe-f573-e2c56f981264,f7f0780f-fad9-6418-0d9f-518f646544ea,2026-01-20,sale,فاتورة بيع رقم فاتورة مبيعات : س-5928,2600.000,0,pos_sales,51dbb0b7-3cae-f251-2088-215ec218daec
19d841df-5a76-bbcd-da37-54a351289414,345c84d0-5723-6305-67f8-29d9eee9d952,2026-01-24,sale,فاتورة بيع رقم فاتورة مبيعات : س-5966,1100.000,0,pos_sales,100cf70e-e713-b234-435c-6a5b8c05426e
e0181e07-6dc4-1f0e-8e90-77e9a129060f,9ba5ae3b-8573-0900-e648-348ae2ee6bb7,2026-01-26,sale,فاتورة بيع رقم فاتورة مبيعات : س-5984,80.000,0,pos_sales,1fb23576-2f31-3c12-be3d-b369501f0a37
fc2aa68e-f0f5-2394-abf6-1f16bd3b3aef,9ba5ae3b-8573-0900-e648-348ae2ee6bb7,2026-01-26,sale,فاتورة بيع رقم فاتورة مبيعات : س-5983,420.000,0,pos_sales,eb612d47-bc39-b6de-9378-bdcebd3fb6b0
38e70c97-e882-2813-2063-b155eccffcf3,ec5e9614-3052-7c04-9b8a-faeb10fe9be7,2024-10-24,sale,فاتورة بيع رقم فاتورة مبيعات : س-0491,160.000,0,pos_sales,75a87442-9eb7-5387-aca2-b606ca2c9b45
b11d2c48-8c8f-969b-9a52-c50e9b8749be,ca51e6ef-ab09-8fc3-5800-e4d9c18c58ae,2025-04-16,sale,فاتورة بيع رقم فاتورة مبيعات : س-2386,640.000,0,pos_sales,dd573562-32ab-34c2-e436-48735e177269
c9217600-b926-f14f-3dca-8a944ab971aa,3962789a-bea9-036e-2c55-336dede9b6c3,2026-01-27,sale,فاتورة بيع رقم فاتورة مبيعات : س-6006,1050.000,0,pos_sales,35b31e3a-1fe0-cee7-ad17-6a8bac153dbb
cab02abf-6f43-66f5-1bba-e07dc7843e3f,2125dda1-a7ff-12a1-850c-873017b3f866,2026-01-29,sale,فاتورة بيع رقم فاتورة مبيعات : س-6027,68.000,0,pos_sales,a788f22c-8120-9957-2f58-7f6f58186e4d
96fee367-daa3-087c-8ec3-79cb39f402f4,227e499b-e515-eec1-2b5a-74029dafdfbe,2026-01-29,sale,فاتورة بيع رقم فاتورة مبيعات : س-6034,500.000,0,pos_sales,8246416b-d0b6-b3e4-c0e2-257e0a52b6fa
fc52b808-545a-2eef-2705-90e6c3e04662,9ba5ae3b-8573-0900-e648-348ae2ee6bb7,2026-02-01,sale,فاتورة بيع رقم فاتورة مبيعات : س-6059,1090.000,0,pos_sales,507fa252-a48a-44e5-8204-8165415d4d35
7fe00695-b538-fd47-3fa1-f494656683ee,9ae4a11f-e151-520f-7555-c126770cf1cf,2025-05-25,sale,فاتورة بيع رقم وصل رقم :1066 -ين,720.000,0,pos_sales,fef08d64-dbd2-d804-c3ed-f25164ec5295
7295cd18-5b6c-2e3b-dac9-a214e35620c1,bc587a81-0f62-925f-9402-19de71eaaaf0,2025-02-05,sale,فاتورة بيع رقم وصل رقم :0536 -ين,50.000,0,pos_sales,d1e3ce62-afe4-c6de-f8b7-a5374bde6c54
349d978b-094d-7623-0fcd-d5993377e50b,227e499b-e515-eec1-2b5a-74029dafdfbe,2026-02-03,sale,فاتورة بيع رقم فاتورة مبيعات : س-6084,1950.000,0,pos_sales,d0a17ccd-615e-5b2d-a8ef-f2ba2b52383c
083ffa6d-47aa-c5b6-b058-1f619d8e73be,e77873ab-2be8-ad15-88bb-9678799c17f8,2026-02-08,sale,فاتورة بيع رقم فاتورة مبيعات : س-6156,500.000,0,pos_sales,4dab7ace-23f3-765e-c49a-9fce077b2747
cf9f2fe2-011b-33ab-6d3d-5cdc0714aaf7,2125dda1-a7ff-12a1-850c-873017b3f866,2026-02-12,sale,فاتورة بيع رقم فاتورة مبيعات : س-6207,14.000,0,pos_sales,72049c9f-a803-320a-31e5-432c16aef397
b0544915-6b58-637f-a749-6fbe83a443ed,c6d01e04-166d-72c1-021c-46092706c01e,2026-02-14,sale,فاتورة بيع رقم فاتورة مبيعات : س-6217,250.000,0,pos_sales,ffef683f-c81c-2636-6e06-99814eecac4a
d523fb1b-07ef-6084-7990-56dada4aed64,18ac7db1-f085-71de-01f5-c083b5a22781,2026-02-15,sale,فاتورة بيع رقم فاتورة مبيعات : س-6233,345.000,0,pos_sales,6f16c0b4-ed93-19ea-ce81-9e82a0b29850
d166c259-5400-5ea4-626a-37af08407c85,c6dedb7b-8e44-3732-42e2-67053f612c9a,2026-02-16,sale,فاتورة بيع رقم فاتورة مبيعات : س-6262,700.000,0,pos_sales,56ee8460-ed0b-1f88-4883-bf7ec68fa3a9
25a52032-ea0b-a3f6-1edd-2340fa6528ac,2a69da17-a57f-6af9-6ba0-b0a0a5321921,2026-02-18,sale,فاتورة بيع رقم فاتورة مبيعات : س-6294,565.000,0,pos_sales,517905f2-7650-7abd-07e5-3363d5a34875
458ea042-109f-e198-c0d6-a85251f31ab9,be90f5f1-8d96-e074-e2ea-4bef535a9f0a,2026-02-24,sale,فاتورة بيع رقم فاتورة مبيعات : س-6330,2850.000,0,pos_sales,45fa2ad9-b5cc-e5d5-9389-4e2f93006705
e2762002-dc61-7ade-2c5a-ca48b6eda6c5,4a720260-4910-a128-a979-6ae3b4a6fa52,2025-04-28,sale,فاتورة بيع رقم وصل رقم :0949 -ين,870.000,0,pos_sales,d52e0fb4-7652-ee05-8c0a-a17e59b887d9
39d5f97d-b480-5ff6-e443-5f7dfa79ed80,4df3aa7c-0eef-032d-7030-6a9ab39f4615,2026-02-27,sale,فاتورة بيع رقم فاتورة مبيعات : س-6347,730.000,0,pos_sales,0a51fcb3-6c2c-26b7-1374-514bfd828d62
2928a05c-33ce-a791-f006-1aca043d608b,8060d04e-e528-a203-eef3-9a6f093dfe83,2026-03-03,sale,فاتورة بيع رقم فاتورة مبيعات : س-6368,15.000,0,pos_sales,f28be163-05dd-d284-23cf-b0c12279400c
97d6b92e-dee5-daa7-3626-7121c80f572c,be90f5f1-8d96-e074-e2ea-4bef535a9f0a,2026-03-07,sale,فاتورة بيع رقم فاتورة مبيعات : س-6376,1700.000,0,pos_sales,555bdd55-807c-dda1-2197-a22acd2c9ea2
f1ee55be-6ca2-6a37-0290-fb4e26e5ba05,92b1fdd9-f09c-eed8-a530-a9944cb7860c,2025-02-24,sale,فاتورة بيع رقم فاتورة مبيعات : س-1953,12.000,0,pos_sales,c04378ce-d4db-a679-1c8d-fc75e8991f67
233bbe0d-8435-2764-df36-f1ef0e35064f,0b35bf3b-8609-9205-639c-b7740fc7aa84,2026-03-11,sale,فاتورة بيع رقم فاتورة مبيعات : س-6410,1520.000,0,pos_sales,52ee1876-da4b-cbed-a4bb-cbe7bd6e9093
922d2378-160f-9dc3-694f-b12dc6be9248,9024bd80-bdbe-78d6-30f7-4f22602ad44d,2025-10-09,sale,فاتورة بيع رقم فاتورة مبيعات : س-4623,500.000,0,pos_sales,ea821ae6-382a-7d3d-f71e-f4381aa37bd6
e7718721-0656-5eb4-4650-5bb2439fd220,2ab6ed3a-6250-547c-6d26-a42f1081c6d9,2024-10-15,sale,فاتورة بيع رقم فاتورة مبيعات : س-0401,400.000,0,pos_sales,815f9d64-2f8e-f121-217b-2ee524e70db5
1af13fb4-3f74-20ec-0889-5bcfc5a7ad43,be90f5f1-8d96-e074-e2ea-4bef535a9f0a,2026-04-02,sale,فاتورة بيع رقم فاتورة مبيعات : س-6542,300.000,0,pos_sales,32a80301-c30e-6d08-7fbe-a9d961073ba1
c1a393d9-8996-08e6-b0af-05c865a7939a,98229a0c-53c1-9979-f581-32c172e566bb,2026-04-06,sale,فاتورة بيع رقم فاتورة مبيعات : س-6593,45.000,0,pos_sales,73a9f46d-3726-8269-a549-639f543e51ad
0be06c2a-a760-a29d-8057-d81cfe8966e9,f7f0780f-fad9-6418-0d9f-518f646544ea,2025-11-09,sale,فاتورة بيع رقم فاتورة مبيعات : س-5081,75.000,0,pos_sales,579a0f55-3762-20a4-a994-e35a2a78e7a1
c328e685-4c23-b884-40f1-346c32b38b0a,2125dda1-a7ff-12a1-850c-873017b3f866,2026-04-08,sale,فاتورة بيع رقم فاتورة مبيعات : س-6619,61.328,0,pos_sales,8728eff7-d494-8444-29db-eb149e62ac44
8a9aef03-006e-9271-03f3-fdce8fbfe52b,fcdc1420-c34c-bd01-0de9-d86ed84db096,2025-12-27,sale,فاتورة بيع رقم وصل رقم :1842 -ين,1250.000,0,pos_sales,f130056c-c484-3084-841a-44df6536af0a
c8495eac-7ed7-61c1-d960-c80a20a814aa,41107ce1-25b2-04ba-1527-c4e7b50a6a51,2026-04-16,sale,فاتورة بيع رقم فاتورة مبيعات : س-6689,2500.000,0,pos_sales,03b80705-beb6-455d-ff11-edb0ac4302c8
86542bfc-516f-a933-e5f9-a5d377fad3e7,07125e46-bf91-0f66-e789-607862312c3e,2026-04-18,sale,فاتورة بيع رقم فاتورة مبيعات : س-6701,2200.000,0,pos_sales,4ae1ecde-31ce-966d-5781-268d9a77c911
ada80ed3-2797-06ef-810f-d5e2c3376239,27e36b7a-499e-9e64-40f2-19c6fe683636,2026-04-19,sale,فاتورة بيع رقم فاتورة مبيعات : س-6716,7200.000,0,pos_sales,8c7d0c38-7c5c-0a94-f326-5a2a536fa043
1c746abe-af73-f370-d314-f10ee2100384,ec9d615b-94bd-e202-eb57-6ca1976376a8,2026-04-19,sale,فاتورة بيع رقم فاتورة مبيعات : س-6718,575.000,0,pos_sales,2ec6490b-e9da-2742-1c45-9e5bd5ffe283
a901c14a-757f-db09-4ec8-5bacdc8f0931,d3a7a4d7-495a-a217-26c5-d442ceec1f93,2026-04-19,sale,فاتورة بيع رقم فاتورة مبيعات : س-6719,2400.000,0,pos_sales,2b82586d-a4e7-9be9-d3fd-57703f4cb678
0d5f676f-da85-f86f-ec61-51b1cb8955aa,2635ae39-2f07-cc25-1df6-af9dc6126d39,2026-04-29,sale,فاتورة بيع رقم فاتورة مبيعات : س-6826,7160.000,0,pos_sales,22a14412-14ab-9d4f-3d5e-80bb3b1d22d9
ea5cf953-323c-a03b-db64-90a5d381dcb0,14885b23-3a6a-9c8d-4987-bba115fe4b1e,2026-02-18,sale,فاتورة بيع رقم وصل رقم :1997 -ين,90.000,0,pos_sales,30588a66-4682-b0d5-894a-0c3df363a725
de1ad100-00d7-8985-c7eb-9d111c947005,8491f814-8bae-92b4-ac5f-60cc6b51fede,2025-08-17,sale,فاتورة بيع رقم وصل رقم :1478 -ين,160.000,0,pos_sales,eacc49c3-33b4-07ca-51a0-304a5fc7b2c8
69bad3dc-5770-bc1c-c109-6f514dd9c0c9,fdb13660-ed3a-22d4-9e07-b6ab452d3812,2026-05-09,sale,فاتورة بيع رقم فاتورة مبيعات : س-6884,500.000,0,pos_sales,3a983e6a-6ad1-3c7e-d0fe-a88c3bdc85ea
dc5365d5-efe9-531f-932e-5baa4adef509,013ab999-49ed-db2a-324f-c9bc22b0f6e9,2026-05-07,sale,فاتورة بيع رقم فاتورة مبيعات : س-6878,2800.000,0,pos_sales,ce1a1e00-8285-f8c9-9497-e30e972f538b
ba1c4287-fb99-7cff-e3b2-5c73b45e60da,5a23a18e-5e52-0608-35d3-0ce76ee24d4f,2026-06-11,sale,فاتورة بيع رقم وصل رقم :2381 -ين,4590.000,0,pos_sales,79e728d3-a6c3-3ecd-8634-fbb475f793d2
f1f71d0d-a73a-0d9d-5e77-f8e2ca3ab9e6,92b1fdd9-f09c-eed8-a530-a9944cb7860c,2025-01-08,sale,فاتورة بيع رقم فاتورة مبيعات : س-1369,190.000,0,pos_sales,1d6250d3-1a4f-3c65-6b78-511ac9b29f9b
3e476fed-f0b6-845a-c6af-082cfabbceab,c9302ef1-8f30-2612-d4dc-aae23d38b421,2025-01-14,sale,فاتورة بيع رقم فاتورة مبيعات : س-1433,500.000,0,pos_sales,ffd6d046-3c63-f3ee-eb22-56ea5a383f36
21edd26d-b89a-ee68-235f-23c8f92d12a4,b17e05de-badf-27e7-3f2a-762fdb4dad05,2024-12-12,sale,فاتورة بيع رقم وصل رقم :0183 -ين,175.000,0,pos_sales,48c13127-009e-5391-8c5a-e89e602b6bcc
110e8184-14d8-d17e-ab05-1bc6314053e0,9be5e8e4-e8cb-880c-79a4-d8231b99be03,2025-01-16,sale,فاتورة بيع رقم فاتورة مبيعات : س-1453,70.000,0,pos_sales,6a74cce6-4241-8c8c-7f50-9ed2516928e0
9a04569f-9bad-4d7f-ad6d-2272624a1dcf,9be5e8e4-e8cb-880c-79a4-d8231b99be03,2025-01-18,sale,فاتورة بيع رقم فاتورة مبيعات : س-1458,1690.000,0,pos_sales,735d7efd-e411-8c23-4aac-42bdba56ceb6
d00a882c-70ce-8da2-2c39-5e1c3aeaf364,f09762ed-1f51-c771-85b0-2ce517171a53,2024-12-22,sale,فاتورة بيع رقم وصل رقم :0222 -ين,760.000,0,pos_sales,0a88e977-5e19-4d79-9959-d5d29cf4218d
b8eddb61-9456-c3a7-709f-cfee44a0dd93,076e0acf-59c6-5d32-81e9-1a687b8fb4a8,2024-12-22,sale,فاتورة بيع رقم وصل رقم :0230 -ين,315.000,0,pos_sales,c42d905d-228c-7d50-1d89-06e6f3461ef8
1b0643c7-6e12-905f-2da3-1c6a85bb2426,847133de-33b9-b0cb-7817-a8a8a0cc93d6,2025-04-20,sale,فاتورة بيع رقم وصل رقم :0913 -ين,150.000,0,pos_sales,43279253-cb64-c022-e754-ae68b4ae0a74
e00e56fe-c1b3-2730-b5f1-8bdb4278939d,057a5ce2-d596-7d8b-17ca-24814e55f156,2025-01-13,sale,فاتورة بيع رقم فاتورة مبيعات : س-1422,450.000,0,pos_sales,2acad147-1ab4-9642-0953-01c0cffa81b0
227ac072-606c-d45b-738b-ed07aa935e6c,9b20f7ea-66f5-5879-7e80-6dced6b130e0,2024-12-24,sale,فاتورة بيع رقم وصل رقم :0245 -ين,925.000,0,pos_sales,fd1f846c-c44e-9605-e504-54ab689ba99e
11b530ac-1e56-6f87-01a6-f7a6feb01528,33392c0a-f370-dc4b-cc06-60d49f6281e8,2025-01-28,sale,فاتورة بيع رقم فاتورة مبيعات : س-1577,700.000,0,pos_sales,00304e42-08e0-9870-84bb-85e145ef8ce3
76a800cf-9a5e-15ed-704d-72d5ac8939e8,62b253c6-1f0b-3933-b2ee-b0ed107e5cb1,2024-12-31,sale,فاتورة بيع رقم وصل رقم :0278 -ين,2360.000,0,pos_sales,90045e19-8e95-77f5-d587-9743eeecc98e
ee51b435-c472-956c-7c26-725a53b3b02e,89ebd02d-80fd-cd83-25d8-1209a6b7c34f,2025-01-29,sale,فاتورة بيع رقم فاتورة مبيعات : س-1609,900.000,0,pos_sales,beb75dbf-26a1-187d-a63c-2cbd8cc77d92
2f48f8cd-0a40-6ee9-f192-0e2dd77013d4,3b62ab8c-8198-71a2-53d3-630223f8fdb6,2025-01-02,sale,فاتورة بيع رقم وصل رقم :0293 -ين,100.000,0,pos_sales,60b8c778-83a2-c4a7-5652-e12fc0b3c4eb
4b098015-b972-1973-dd7e-7f157e7b91fc,62b253c6-1f0b-3933-b2ee-b0ed107e5cb1,2025-01-05,sale,فاتورة بيع رقم وصل رقم :0309 -ين,950.000,0,pos_sales,a0fda8f3-69a7-004a-afba-c1a7d96d9972
4c7cbbf7-882e-2bfd-ec20-3a1e0c0e240d,7fd035e1-03aa-5ade-ac8d-f7cdd2922d06,2026-06-14,sale,فاتورة بيع رقم فاتورة مبيعات : س-7136,2500.000,0,pos_sales,aeaf721a-77a9-3d3f-a3b5-da23feb242b1
69177409-86a6-743b-fbda-a6c7fb1007c3,be43d5cb-fd37-3770-8980-9d3e02ba0916,2026-04-29,sale,فاتورة بيع رقم فاتورة مبيعات : س-6821,6500.000,0,pos_sales,1abb1ed0-029f-b8e9-343e-d11a4f196604
1c9e5fa9-9f58-d121-d5ab-3ac89c37d68f,62b253c6-1f0b-3933-b2ee-b0ed107e5cb1,2025-01-06,sale,فاتورة بيع رقم وصل رقم :0317 -ين,120.000,0,pos_sales,9571d1f2-96c7-794a-f132-068f7dbc7e36
f427ce2f-cddf-274f-b567-b2b246ac4253,2125dda1-a7ff-12a1-850c-873017b3f866,2026-06-15,sale,فاتورة بيع رقم فاتورة مبيعات : س-7139,5.500,0,pos_sales,a25508aa-2ada-97ce-4f81-0796a340a22f
218685c6-0256-5d51-10c4-4c8c9bd9866e,425a7d66-07b3-2304-cae0-4d6cb401967f,2025-04-10,sale,فاتورة بيع رقم فاتورة مبيعات : س-2325,2420.000,0,pos_sales,4839ca10-a78b-12db-582c-4b41d8655348
5d75bb76-c162-8720-671c-be0bba4cc195,2cfd32b4-59d6-55b6-4441-821aaf17ea6f,2026-06-16,sale,فاتورة بيع رقم فاتورة مبيعات : س-7148,160.000,0,pos_sales,175c02b4-f93c-2cff-7b1f-bb3563e77b4b
8a84e65e-d99c-6ec2-22fa-cf1f64c6acb7,24491e85-ec9a-b0bc-024a-40659ec350c3,2026-06-18,sale,فاتورة بيع رقم فاتورة مبيعات : س-7167,1050.000,0,pos_sales,4a302fe7-b4cc-3489-64a8-0dec903a16fe
87014f4d-790c-dd86-460e-e03e778368b4,34968168-3d57-1a62-6b77-3c9f548f30ed,2026-06-16,sale,فاتورة بيع رقم فاتورة مبيعات : س-7149,135.000,0,pos_sales,31d482ae-9bbd-80b0-528e-d87cfc456ff9
aab480b2-df48-f791-1abd-1a7e70fb0231,18ac7db1-f085-71de-01f5-c083b5a22781,2026-06-27,sale,فاتورة بيع رقم فاتورة مبيعات : س-7230,80.000,0,pos_sales,233fa5e9-7ee4-01bb-8192-f2a912b54d57
94890ef9-cc0c-8b8a-06cb-62499d6667f3,767f865d-0ed3-2c9f-07e2-1f9350060f64,2026-06-28,sale,فاتورة بيع رقم وصل رقم :2464 -ين,11700.000,0,pos_sales,e176aace-be8d-0913-43c4-e85ce295a218
e46337df-87cc-f1c0-bab7-8f632ff094f4,c36a4f4e-a045-52c2-dd1d-d49c2670862f,2026-06-29,sale,فاتورة بيع رقم فاتورة مبيعات : س-7238,2250.000,0,pos_sales,4ab0a13e-e4bc-4139-08b5-068044cdd619
9a9b2662-21c4-d8e1-534a-5e09ca1bea4b,24035a4b-96be-8ba2-74a0-82abf7d85e26,2025-01-12,sale,فاتورة بيع رقم وصل رقم :0353 -ين,900.000,0,pos_sales,88670f14-62b9-60e2-0453-6c0b2631ce5a
155356d4-d868-4ffc-beeb-18d94d9a5f36,356ca804-dbc3-adad-9213-ee11712f35b9,2025-01-19,sale,فاتورة بيع رقم وصل رقم :0405 -ين,300.000,0,pos_sales,d0bb323c-94d1-5d82-c71e-58db0ed78063
0787aa25-501b-1154-d5af-5ad7037bb107,006c7564-cbe8-b0ae-c54f-9974bf851a7f,2025-01-20,sale,فاتورة بيع رقم وصل رقم :0407 -ين,1395.000,0,pos_sales,360afaac-54e9-4eed-a28d-ba2bad3888a1
e62c39cf-bc2a-44d9-a382-9939003ef74b,94cb32c0-4d4e-f751-d692-5e4da618c664,2025-06-23,sale,فاتورة بيع رقم وصل رقم :1220 -ين,10.000,0,pos_sales,d40da6f8-2fcb-d8c7-8548-0659cf9ef5a1
c9584649-5570-5338-0541-ce0992694978,ca142af4-a968-f624-82ec-7922724c5d8c,2025-01-26,sale,فاتورة بيع رقم وصل رقم :0446 -ين,100.000,0,pos_sales,5542ebc7-2e6d-fc97-5ae1-a6d1abb599b0
d8c5c963-24a9-ac7a-f291-3af98a1603a6,78bbec62-2201-cafb-6c00-079cd590acfb,2025-01-27,sale,فاتورة بيع رقم وصل رقم :0456 -ين,565.000,0,pos_sales,fb1ea46a-604f-797c-24ee-b7100af61619
5c339df7-98d8-5ba3-c5e0-4edf7adfd8cd,744c3ae8-cf20-5a89-84f7-1873007f26e5,2025-01-28,sale,فاتورة بيع رقم وصل رقم :0464 -ين,790.000,0,pos_sales,ace29b3d-33c1-99f3-ece4-60e7827ade1a
120f2391-02fc-9e03-b3e5-9fb8f6b12bce,f801b1e7-1745-c3b8-a11f-cfd1a2322aa1,2025-02-10,sale,فاتورة بيع رقم وصل رقم :0589 -ين,3550.000,0,pos_sales,c1ddb1fa-389e-de9d-e1c4-0241269f4529
0d4b5725-5bf9-ad8c-e492-e0e2e9b4c56d,45125cf4-1872-cf79-6352-b9e378ceb499,2025-02-11,sale,فاتورة بيع رقم وصل رقم :0595 -ين,450.000,0,pos_sales,1326a67b-dd5c-1ea4-e985-57bb62720a82
b8bf633c-c780-c65c-c870-56036a036bb6,f8c7e948-cd04-dc04-496f-e81777d4b1fd,2025-02-11,sale,فاتورة بيع رقم وصل رقم :0599 -ين,665.000,0,pos_sales,5c87d57e-5696-3cc8-2542-2554fb206a9d
d6cfb55a-50d3-9580-66a6-74269388ac0f,41aa5116-5a06-6784-e09f-09f0abfd9c40,2025-02-22,sale,فاتورة بيع رقم وصل رقم :0671 -ين,3000.000,0,pos_sales,a6996021-71a9-ad5b-91e1-5f5a0eba9503
b4b3cb79-be96-3224-9a84-a4eba2968137,1ad2fe53-154a-6e4a-49bc-337312f5a98d,2025-02-22,sale,فاتورة بيع رقم وصل رقم :0672 -ين,182.000,0,pos_sales,94405894-1051-b8ce-daf0-65d50160e8c2
6b3f24df-0f13-6786-4868-0bfe0b78c643,97ec68bb-30da-9350-5dc0-335a2c7e6a0c,2025-02-22,sale,فاتورة بيع رقم وصل رقم :0679 -ين,465.000,0,pos_sales,8a1963a9-864a-f64d-c31b-b053965b7fd9
6d32d0de-115c-6fac-57a6-268816d8b06c,f8c7e948-cd04-dc04-496f-e81777d4b1fd,2025-02-23,sale,فاتورة بيع رقم وصل رقم :0681 -ين,880.000,0,pos_sales,005ac397-700f-639a-aabe-ecd3d514fefd
dfacc05e-a6da-de7e-0377-436669a23b64,847133de-33b9-b0cb-7817-a8a8a0cc93d6,2025-02-25,sale,فاتورة بيع رقم وصل رقم :0695 -ين,300.000,0,pos_sales,be71e7df-a76e-d94e-7863-b067c88dc1dc
b1c459c0-5f17-d12e-2fdf-34a2b76b2c56,5ff189a8-a263-a2cc-b1e3-4d7b5dbfc035,2025-02-25,sale,فاتورة بيع رقم وصل رقم :0700 -ين,11000.000,0,pos_sales,ab129728-1d94-7709-988f-98e7420adad4
9d872588-b9b9-eb9e-38a1-2626e6412286,f8c7e948-cd04-dc04-496f-e81777d4b1fd,2025-02-26,sale,فاتورة بيع رقم وصل رقم :0702 -ين,2000.000,0,pos_sales,70104339-585a-3056-b50c-fc55955724bf
52a21c4b-02e7-a56c-1d71-0d37c0e4cf75,41aa5116-5a06-6784-e09f-09f0abfd9c40,2025-02-26,sale,فاتورة بيع رقم وصل رقم :0703 -ين,375.000,0,pos_sales,1a51a45e-06f5-9d11-659d-bb3ea2e93f95
177faf40-e50a-343f-9ca3-704ef1210542,8b43039c-2590-1ed8-0e44-ce7ee0869840,2025-03-05,sale,فاتورة بيع رقم وصل رقم :0738 -ين,755.000,0,pos_sales,8adb3e53-6082-36dd-f410-f10d23eb73ea
e37fc39f-d3fa-57b8-f801-0df0e112cd3c,ce85b1b5-37e4-adec-4eb5-c2b7ca2884c4,2025-03-10,sale,فاتورة بيع رقم وصل رقم :0761 -ين,740.000,0,pos_sales,2a272f98-044e-32a0-a239-060599072b28
53715e3c-0a9b-dce7-a148-187321ba6e8a,ddd47b19-8457-9707-ccdb-a970fd6f6fb4,2025-03-17,sale,فاتورة بيع رقم وصل رقم :0790 -ين,900.000,0,pos_sales,e50f9240-d205-04f3-62ec-6b898b53b1bd
2edb5d65-a331-9e24-198f-dd975e4fee83,847133de-33b9-b0cb-7817-a8a8a0cc93d6,2025-03-20,sale,فاتورة بيع رقم وصل رقم :0802 -ين,95.000,0,pos_sales,fc798488-7fac-6217-a276-c3c604e450e9
2bf62452-14f0-b8df-cdce-d171e5a74360,0ac753ed-a8a8-ac74-cd93-31f49d68623e,2025-03-21,sale,فاتورة بيع رقم وصل رقم :0804 -ين,5510.000,0,pos_sales,52a2ac97-8a2e-24e3-39e2-36324ce14d05
196e5e89-b4c8-7175-57f9-78c36ebc540a,c79e5819-5505-308c-6c8f-d654a61987c0,2025-03-25,sale,فاتورة بيع رقم وصل رقم :0820 -ين,550.000,0,pos_sales,c31c6c27-fe0b-b8d8-2c60-113fe7c6bd34
f6511a1c-455e-2c9d-0f95-f7fd0a692510,0ac753ed-a8a8-ac74-cd93-31f49d68623e,2025-03-27,sale,فاتورة بيع رقم وصل رقم :0824 -ين,200.000,0,pos_sales,bb0e9347-35aa-2994-9441-820db0b0ea78
32432b16-c6f9-c5fb-fa90-bcffb4219df2,e44ad758-fac2-c478-699c-e63981d45eaa,2026-06-30,sale,فاتورة بيع رقم وصل رقم :2476 -ين,1230.000,0,pos_sales,22fd4697-95f5-d384-622b-55531fcf27ea
65eed1d8-eb29-09df-6394-9db85107e088,e2fba726-804f-c2c6-3c3f-89236467194a,2026-04-18,sale,فاتورة بيع رقم وصل رقم :2145 -ين,260.000,0,pos_sales,3a471cab-0971-81a5-1e03-de4b929962d0
37dfc04c-0417-1b00-f355-962eab6b3d08,6a957b80-5b6d-b37b-019d-7594f791ae9c,2026-07-01,sale,فاتورة بيع رقم فاتورة مبيعات : س-7253,1200.000,0,pos_sales,fe8392f2-1a13-0cb5-b765-b461d48cad4e
29e1d0cf-615b-9b8c-07ef-9305e714421b,f2bd75e8-d9c7-83b8-738f-caebdc508a63,2025-05-21,sale,فاتورة بيع رقم فاتورة مبيعات : س-2739,1840.000,0,pos_sales,0aec5a8b-5a75-b4f7-90e0-0e0af1bf97c4
84d28e02-31b0-d09f-ef7e-3a3535f0faab,7876a103-9040-08d7-51c6-3115fb1cf9f5,2026-07-01,sale,فاتورة بيع رقم وصل رقم :2479 -ين,50.000,0,pos_sales,f999893d-517b-2454-8756-02b1739a8250
bc4caea1-b5db-9422-9dc2-e59c0774a262,b4d676f0-9b83-c607-8c0d-e6c016d98f3b,2025-05-22,sale,فاتورة بيع رقم فاتورة مبيعات : س-2770,560.000,0,pos_sales,da2174a1-5d04-f9c4-22cb-7d0363230ac7
4b181c1d-f3e3-c441-2542-3c64043371e3,600387a5-b2e7-27b5-6611-5169252981fa,2025-04-12,sale,فاتورة بيع رقم وصل رقم :0880 -ين,1120.000,0,pos_sales,3f61f8de-6a01-2b85-b42e-937839df887c
4a59849a-5d5a-d0d5-784a-44bf92275180,e44ad758-fac2-c478-699c-e63981d45eaa,2026-07-04,sale,فاتورة بيع رقم وصل رقم :2487 -ين,380.000,0,pos_sales,6559c015-a4a3-e79d-6365-a6a33ebb5417
1d812106-ae01-9bd7-cb84-9278d5793a92,2125dda1-a7ff-12a1-850c-873017b3f866,2025-05-24,sale,فاتورة بيع رقم فاتورة مبيعات : س-2774,9.000,0,pos_sales,095500e6-e058-7ffa-1959-50aff226399c
2e384fe4-f164-55d6-79d2-342c5953b378,847133de-33b9-b0cb-7817-a8a8a0cc93d6,2025-04-23,sale,فاتورة بيع رقم وصل رقم :0923 -ين,80.000,0,pos_sales,9d974e9d-ef89-b72b-8016-731f6b152fe3
1b409f04-2a47-8395-80fb-0b9099279db1,e44ad758-fac2-c478-699c-e63981d45eaa,2026-05-07,sale,فاتورة بيع رقم وصل رقم :2234 -ين,375.000,0,pos_sales,fa01470e-1705-06b8-3ca6-86d7bf934941
c138124e-e160-34ae-f096-2079a6897a0f,d42b90d7-90f3-4d65-5d9b-42360b90c4fb,2025-02-13,sale,فاتورة بيع رقم فاتورة مبيعات : س-1803,255.000,0,pos_sales,31f4c337-69c8-530a-23d3-b37b07af9a65
658c25f0-313d-85e5-4dd7-3a2360c7c5ad,bd4f5b6a-41b1-6bb5-6106-0a32432627e0,2024-08-26,sale,فاتورة بيع رقم وصل رقم :00008 -س.ر.ج,3790.000,0,pos_sales,4015fec1-a6fd-d5cd-7949-76de8dd2cef4
41200b1e-84ff-647c-de0d-f263312501cc,92b1fdd9-f09c-eed8-a530-a9944cb7860c,2025-02-13,sale,فاتورة بيع رقم فاتورة مبيعات : س-1820,45.000,0,pos_sales,24de217f-3735-febd-2817-97aa8df7977a
f7db9fa1-c8b7-958a-c617-da014d661f0c,955812b9-2e91-6577-8980-e0fa90633635,2025-04-24,sale,فاتورة بيع رقم وصل رقم :0928 -ين,900.000,0,pos_sales,15a493ae-2e9f-5835-81b2-bc8532f16610
b72bf263-ea33-d085-4a21-65ea0a0f9631,674c4c2f-87c8-03e0-7f36-41ac11e570db,2025-04-29,sale,فاتورة بيع رقم وصل رقم :0952 -ين,550.000,0,pos_sales,0a02945d-0fa0-aa4c-d8ec-581036339184
0522eda9-bbfb-46f4-a9e0-dd7348659a20,71affaca-d4de-c446-b1bb-94e91439217b,2025-03-22,sale,فاتورة بيع رقم فاتورة مبيعات : س-2206,700.000,0,pos_sales,6d32c8cf-b539-1968-ff47-d1c83928cd2c
96f399cc-e7e9-9a76-8bef-d00b48776cb9,3e7756c5-645d-0421-2e20-91e19288d75e,2025-05-11,sale,فاتورة بيع رقم وصل رقم :1016 -ين,1180.000,0,pos_sales,67775580-70b9-94e1-452e-f003fb84c240
1ccf872f-7827-2e43-02f5-ff1e494bab64,7bbce8da-d9c7-5ae4-1e8b-e892e486899d,2025-05-18,sale,فاتورة بيع رقم وصل رقم :1036 -ين,3610.000,0,pos_sales,41dde0c6-9f93-c30b-f87e-d7bb9a841016
3745a3d1-d6bc-00c6-01d5-57d5d1450167,b57c6d86-0da2-adee-a7e2-759f3d1fa8fd,2025-05-20,sale,فاتورة بيع رقم وصل رقم :1043 -ين,500.000,0,pos_sales,ffd3fff2-8fdd-dd2b-8bbc-491a4d5d1f2b
8ad62cc7-b4b9-6319-e8eb-f09dbb8218b9,537e588f-e880-b0d4-4667-c09c85a593ef,2025-05-22,sale,فاتورة بيع رقم وصل رقم :1052 -ين,700.000,0,pos_sales,ca0e0f11-f63c-3c87-e1eb-c3831a9390ad
9a957426-ea15-6086-3a29-789a57edba25,00bad70b-7f20-716a-c62f-d316476b13ec,2025-05-28,sale,فاتورة بيع رقم وصل رقم :1087 -ين,1050.000,0,pos_sales,0af685cc-81c7-f589-abe2-836f3ab5628b
6775b4a1-b3fe-35eb-e14e-d80855a1a94c,0b9c6a36-218a-e71e-964b-7bb4c0ed5ecc,2025-05-29,sale,فاتورة بيع رقم وصل رقم :1095 -ين,2950.000,0,pos_sales,04659e08-63d2-7699-7800-11f6ce9ba0fa
2cea33e2-e43b-1aae-bede-7b6e809407be,911e4097-dba7-c021-b8ea-f08d417980d1,2025-05-31,sale,فاتورة بيع رقم وصل رقم :1103 -ين,1360.000,0,pos_sales,0ba4381e-6bd3-3f49-f515-d9bf44e31124
c22afb0f-2142-7771-e146-6e88e3832db0,eb8ffc4c-bce8-7621-213a-ea316acaf1fc,2025-05-25,sale,فاتورة بيع رقم فاتورة مبيعات : س-2801,300.000,0,pos_sales,f06e7ea1-84e5-9637-efb8-685ba8811bfb
ebc5ac6c-914b-eff4-75a1-0d8dcd378599,c4a76bbf-7c67-d253-b57b-084b02a991f3,2025-06-12,sale,فاتورة بيع رقم وصل رقم :1153 -ين,3900.000,0,pos_sales,f4967d1e-679a-01aa-ca6c-82a3058c0486
3770bb0c-b0c8-c561-6396-ba05232bf760,770fad49-63eb-c9e4-dff2-14de1be7b499,2025-02-17,sale,فاتورة بيع رقم فاتورة مبيعات : س-1856,700.000,0,pos_sales,c63e8a7f-f671-fc1c-4a2d-034cb62e3d6f
a4fca18d-5ffd-5f3d-e6a7-9fa3d93c9193,5a1c0cee-7cf1-62ad-fbe4-2836f5c7d19b,2025-06-15,sale,فاتورة بيع رقم وصل رقم :1171 -ين,10.000,0,pos_sales,24998fe3-f123-9fbc-29c2-f5c6034b5ced
7c9baaea-cf23-d82a-2488-6075a3269726,fa90c124-d373-0f9e-dbbf-1b27468fb0c2,2025-02-17,sale,فاتورة بيع رقم فاتورة مبيعات : س-1858,465.000,0,pos_sales,8c5fda7d-d54d-fa5e-2a18-e112a929fd58
837e2800-a191-5059-b9af-5615ce8e5617,3fb06ec3-6be1-b52d-2ede-53d48ca97da2,2025-06-16,sale,فاتورة بيع رقم وصل رقم :1182 -ين,13040.000,0,pos_sales,32379358-b933-4349-e1b1-76990d4d788e
afcab4f1-a14d-e0a8-fe20-dca8b3986ca8,7f5048fa-dceb-7518-8df1-b4e26d42164f,2025-06-18,sale,فاتورة بيع رقم وصل رقم :1191 -ين,1160.000,0,pos_sales,70908f52-9a2f-d205-da9b-350222827227
d1a6016b-7bcf-b611-a642-d153aa0ca3e3,0af433ba-84b1-4cad-ecc6-6fd1799674a5,2026-01-08,sale,فاتورة بيع رقم فاتورة مبيعات : س-5780,3000.000,0,pos_sales,c2ca63db-f3bc-511c-72df-ef0f8c42419c
78010ac6-c06a-91b2-7397-3c9669654d40,a117379b-85fd-a66f-f86c-cf9e8a209ccc,2026-07-06,sale,فاتورة بيع رقم فاتورة مبيعات : س-7276,650.000,0,pos_sales,d9b2c11e-eca9-0de1-fc79-3ccae7bf1d34
4a516814-8ebd-3fd7-f17e-17ecd0eb5d48,27e36b7a-499e-9e64-40f2-19c6fe683636,2026-05-10,sale,فاتورة بيع رقم وصل رقم :2246 -ين,900.000,0,pos_sales,3fbd8a0c-72ff-ca49-526a-94de50a82f54
d5a533d0-f327-aa6d-b8e3-75f4b5cc6bef,e44ad758-fac2-c478-699c-e63981d45eaa,2026-07-07,sale,فاتورة بيع رقم وصل رقم :2506 -ين,250.000,0,pos_sales,411e84c0-58fa-9b78-ed77-42a061680e3d
07d20f6a-9be3-6891-8e1b-1f8b1d8be092,e44ad758-fac2-c478-699c-e63981d45eaa,2026-07-11,sale,فاتورة بيع رقم وصل رقم :2526 -ين,500.000,0,pos_sales,85e19d0f-5267-832f-a908-b7241336334d
5bb9c393-4825-7259-35e8-739eae153e6d,52c4d2c4-f9c5-7aab-167f-769b94cc34bf,2026-07-14,sale,فاتورة بيع رقم فاتورة مبيعات : س-7302,140.000,0,pos_sales,03f9594a-9411-5817-8d6e-88875be68cf7
41d1e30c-ada4-71fe-fdf2-fc740dc20a3b,2382c618-2753-fa85-9a58-6531643a4208,2026-07-14,sale,فاتورة بيع رقم وصل رقم :2540 -ين,9680.000,0,pos_sales,c86e6f0a-35f2-e4a2-1e53-5f19950e4aaf
3d47a627-6620-982c-51d7-ebfd64b66e14,858619eb-02fa-fc05-5305-4715ad5657ef,2025-06-25,sale,فاتورة بيع رقم وصل رقم :1231 -ين,11800.000,0,pos_sales,7eb01191-7c15-7c84-e69b-91866a18eef4
195f5287-2e90-bca5-f27f-7df3dc071d8d,e44ad758-fac2-c478-699c-e63981d45eaa,2026-07-13,sale,فاتورة بيع رقم وصل رقم :2541 -ين,375.000,0,pos_sales,b974d334-fea5-19d9-de31-66fac3b819af
ccd24715-fd65-bff8-40ee-7a35f025ebf3,3187a180-6260-a311-0399-6793385ddb55,2025-06-14,sale,فاتورة بيع رقم فاتورة مبيعات : س-2999,40.000,0,pos_sales,930ebf96-aa79-ccb2-db46-e1a32f6d0756
a198e879-b763-e15b-8a28-39b31b4e16f0,8942fcb7-31fd-545c-43a6-6aae4c50bef1,2025-06-14,sale,فاتورة بيع رقم فاتورة مبيعات : س-3002,7.000,0,pos_sales,b1f955b3-eb7b-dffd-a281-d85d3a13ca5b
b0e75904-4b20-9bfa-a7d7-f7b6811fea40,4601eebc-8de5-f39b-5567-0ec72661de8a,2025-06-28,sale,فاتورة بيع رقم وصل رقم :1242 -ين,1160.000,0,pos_sales,4a288331-a70f-e128-a35d-cca0d8eddce8
b184f9ff-c670-b177-233a-cd3003a45866,5324b8f2-9402-5433-8235-432cf52b3bc6,2025-06-29,sale,فاتورة بيع رقم وصل رقم :1250 -ين,885.000,0,pos_sales,5a65fa99-2d83-f4ba-5d47-310802217bef
dfff4806-b054-ccc6-446f-2acbb7dd2c17,6cabe42b-8078-7b55-a40e-1fc479d0d5e4,2026-07-18,sale,فاتورة بيع رقم فاتورة مبيعات : س-7316,1300.000,0,pos_sales,aebd60bc-5883-ba42-76ab-2d1dd452b055
ff1d0b35-2685-5ee7-4480-806a0987cf49,22e30ad5-0bd0-df80-69af-70646b4c89d0,2025-06-16,sale,فاتورة بيع رقم فاتورة مبيعات : س-3028,70.000,0,pos_sales,7276026b-6c6f-7953-ec4a-3a58c76e2d7b
52afc976-605b-f867-bceb-4152bccf682b,7195182d-e2fc-e32b-357a-29cc687ad10a,2026-07-18,sale,فاتورة بيع رقم وصل رقم :2550 -ين,2000.000,0,pos_sales,3fc13e32-46eb-74f5-cefe-f85f6179fa10
fa903510-6af2-14a6-2bd3-a13ea6013e70,c28c4f61-972f-5aa7-d424-77bb09e1b826,2026-07-19,sale,فاتورة بيع رقم فاتورة مبيعات : س-7319,850.000,0,pos_sales,fe1569ef-8a55-8cf8-f7fc-3ba8d7cadac9
0255d65b-a9b2-825f-00cd-fb99d9969e0f,1cac5d70-4ee8-9e36-d2e9-6e74478560ae,2025-07-02,sale,فاتورة بيع رقم وصل رقم :1276 -ين,5500.000,0,pos_sales,ce440935-0303-9d2a-a9af-3e4d5d2bc079
6c917d49-da3d-c9d6-9218-c66f6ac4b575,a34aad38-bb89-ed1e-8c40-b3f619c603d2,2024-11-28,sale,فاتورة بيع رقم وصل رقم :0113 -ين,1400.000,0,pos_sales,3e79062c-a4be-04fa-830f-0cca80ac7d50
b56f1d41-21dc-f8ad-3bdf-47f1d9cabc0d,058478f4-aca2-f24c-cc24-a0730f0ba85e,2026-07-19,sale,فاتورة بيع رقم وصل رقم :2553 -ين,7500.000,0,pos_sales,8de57b9a-b52d-ac80-f1cf-5cb55d7b21fb
a48a7b84-65fc-2052-b44d-76d573ec81ec,2125dda1-a7ff-12a1-850c-873017b3f866,2025-06-18,sale,فاتورة بيع رقم فاتورة مبيعات : س-3060,45.000,0,pos_sales,506f7aac-4728-bd82-b714-dc0d3d3d381d
772a9899-a5ea-edac-2b6b-9360afec5d1f,c9302ef1-8f30-2612-d4dc-aae23d38b421,2026-07-22,sale,فاتورة بيع رقم فاتورة مبيعات : س-7332,1440.000,0,pos_sales,fbb7fea6-dd92-040f-c4fc-01518b557d97
23ef9b2b-51ef-3861-e240-5e0a569bf69a,f8f4d975-47f6-88ab-14d9-9b98979f3b44,2026-07-22,sale,فاتورة بيع رقم فاتورة مبيعات : س-7335,250.000,0,pos_sales,b390afaa-78a5-8193-34fe-353b19b87c59
503250b2-a552-1f3c-a14c-440d11797344,f8318ac7-a937-cffd-4e51-86470e1e6e73,2026-07-29,sale,فاتورة بيع رقم وصل رقم :2578 -ين,900.000,0,pos_sales,8b9a7bb0-e108-b628-7f5c-5bd3960735bf
148a4d29-ee21-8e13-9ebc-a3acd5e320b7,e44ad758-fac2-c478-699c-e63981d45eaa,2026-07-30,sale,فاتورة بيع رقم وصل رقم :2582 -ين,670.000,0,pos_sales,c89eff53-38b8-30e8-fb4c-a7b600ea699e
c0d099df-a68a-4b41-8a38-7da3d2df2ad1,73492e69-b748-aab7-80a7-ac8c2a863f10,2026-08-01,sale,فاتورة بيع رقم وصل رقم :2583 -ين,3000.000,0,pos_sales,e5ec9c5d-c925-76b5-7d0d-4ed6d439825a
51ddff4e-64ba-14a3-acfc-1c7b93775231,e44ad758-fac2-c478-699c-e63981d45eaa,2026-08-04,sale,فاتورة بيع رقم وصل رقم :2607 -ين,100.000,0,pos_sales,c1c1d61c-506b-0513-fd47-a7e4c1fd8221
cb1f300f-7a7d-eeb4-9737-808488b45b82,92b1fdd9-f09c-eed8-a530-a9944cb7860c,2026-07-06,sale,فاتورة بيع رقم فاتورة مبيعات : س-7274,481.000,0,pos_sales,0858145f-7389-1719-5249-3ca90c30a0bd
142a5199-8f04-1555-bdd8-4cfe6bbfa995,c947ece1-a5a9-c415-9f72-8936c3b2d543,2026-08-05,sale,فاتورة بيع رقم فاتورة مبيعات : س-7385,1800.000,0,pos_sales,1bb8b662-f37a-1cb4-d663-512fdc584192
a6e6892a-1214-3a21-595a-66c67aaa9899,fff30c72-1d80-4632-9a52-d92078abe630,2026-08-04,sale,فاتورة بيع رقم وصل رقم :2606 -ين,6095.000,0,pos_sales,f4ba9682-1f58-911e-7a31-3a4456f176c7
d8db2ee9-09f6-e0ee-44b5-fa982a8a526a,ec3ec37c-2bcb-4858-7185-25ae01c8ee01,2026-08-10,sale,فاتورة بيع رقم وصل رقم :2637 -ين,6350.000,0,pos_sales,8fc1c7c3-c964-42a9-f327-3620291a4093
9002bd29-ea10-31a9-d025-b333877ab2a9,6690116e-d3a7-6e3a-8ee8-9b9accc00e60,2026-08-11,sale,فاتورة بيع رقم وصل رقم :2640 -ين,6000.000,0,pos_sales,61834e6d-18b6-2b40-d4f2-bc825d07978a
63aec8d6-95b1-9151-9d13-ff9fb8a0bbc4,51a74207-c026-65fa-ee10-68e2753f4fa2,2026-08-13,sale,فاتورة بيع رقم وصل رقم :2648 -ين,1290.000,0,pos_sales,01e57a92-17c0-9fd5-653f-b9948a62b705
c74c4767-f675-6824-0eed-2ebb7c9798b3,e4b6803a-d2cc-7454-30e8-3b8c80e6339e,2026-08-12,sale,فاتورة بيع رقم وصل رقم :2645 -ين,4430.000,0,pos_sales,da499be4-798f-47c0-9b98-a384569b330b
d48ac665-43ef-dbb1-eb42-5687bbd08726,e44ad758-fac2-c478-699c-e63981d45eaa,2026-08-16,sale,فاتورة بيع رقم وصل رقم :2662 -ين,850.000,0,pos_sales,1c4be728-1644-71b8-ba1f-93d078d5d419
8fb0ce51-a187-b1d8-1cf1-656a362920d5,784d94bd-3a29-a164-38e0-74109df7fda5,2026-08-15,sale,فاتورة بيع رقم وصل رقم :2655 -ين,2450.000,0,pos_sales,d45a76a2-40a6-95b7-ec83-badc45e9c6d4
06141a0f-a55e-9007-f26b-224da7faafce,e22f53c8-6468-01e6-61a0-1f4cd37ed2a2,2026-08-17,sale,فاتورة بيع رقم وصل رقم :2669 -ين,4700.000,0,pos_sales,199d3d3b-e68c-d556-48e0-af149c365e5e
5762eddd-5d4a-5f04-9213-e832dc5dbb9c,0b5ecbcb-8a9a-45cd-4886-9e81532b4011,2026-08-17,sale,فاتورة بيع رقم وصل رقم :2673 -ين,4900.000,0,pos_sales,81a3f607-e0de-94ee-7432-2b4d07598b0f
e21a05fb-adac-27f3-0e3e-050ed1eeb8da,62b253c6-1f0b-3933-b2ee-b0ed107e5cb1,2026-08-20,sale,فاتورة بيع رقم وصل رقم :2685 -ين,5484.000,0,pos_sales,8b2f32da-4653-d3ed-57b1-3f18adf1cc4d
401949b6-7e3e-2c02-44a6-df57ca8fc80c,6c1f7106-e209-c221-33b0-5644d02dd5cb,2026-08-27,sale,فاتورة بيع رقم وصل رقم :2710 -ين,1300.000,0,pos_sales,b650d396-b0e8-2d50-2a3d-5fdc558d164d
ce5396a1-b889-a1b8-3b49-1acf0637c8d6,43ce1c5d-56ec-9a57-0418-44fcf7897680,2026-08-30,sale,فاتورة بيع رقم وصل رقم :2711 -ين,4200.000,0,pos_sales,8602a0c2-efb9-5376-ea6e-ed6b5f7aae38
c32c6a65-6821-e2df-cb1f-cd1155316d85,e44ad758-fac2-c478-699c-e63981d45eaa,2026-09-01,sale,فاتورة بيع رقم وصل رقم :2720 -ين,3820.000,0,pos_sales,0e3b1c6f-3871-7f86-9182-24f08623d4c2
26b49d11-567d-2905-8f9a-969be914b1ad,e44ad758-fac2-c478-699c-e63981d45eaa,2026-09-01,sale,فاتورة بيع رقم وصل رقم :2718 -ين,480.000,0,pos_sales,d08e8dee-7a08-25de-94b3-e5a7cb105819
727594e9-a672-695b-3310-594d2b94a0ee,2382c618-2753-fa85-9a58-6531643a4208,2026-09-03,sale,فاتورة بيع رقم وصل رقم :2725 -ين,8000.000,0,pos_sales,20e7d90d-4106-faef-b073-609ce9e69bab
b807a09a-637a-9715-da09-b04dd2af479f,ec9d615b-94bd-e202-eb57-6ca1976376a8,2026-09-05,sale,فاتورة بيع رقم فاتورة مبيعات : س-7476,180.000,0,pos_sales,847890be-1665-800a-6570-32cbd8154886
16f88484-2e1b-13a8-2428-b5bad7f72984,0920b236-0424-85f3-b004-3c5536b89ec3,2026-09-05,sale,فاتورة بيع رقم وصل رقم :2729 -ين,800.000,0,pos_sales,80a30e2d-b763-fd36-a6d8-951317143221
e7cd5d41-5a3f-3dd5-980e-7e382d63eb77,e44ad758-fac2-c478-699c-e63981d45eaa,2026-09-06,sale,فاتورة بيع رقم وصل رقم :2738 -ين,710.000,0,pos_sales,13561398-d14b-b8fd-102d-c7bb044146ae
3088d572-4ba3-7dfe-1c6b-f77bc5a142f4,ad8fd7ca-2d18-7722-18d1-0ec7dfeff2a5,2026-09-08,sale,فاتورة بيع رقم وصل رقم :2751 -ين,200.000,0,pos_sales,49e31e86-c21e-200d-f258-b776be2ad8e2
53bda4da-e759-28fe-79b0-cd7ad434fd5b,e902ebba-197b-d8e6-e9db-8454afe0ac93,2026-09-10,sale,فاتورة بيع رقم وصل رقم :2763 -ين,900.000,0,pos_sales,a7a68689-8358-2102-3664-f481ea19f5bc
ba5e6b32-352f-1810-5665-22f38c4022c0,35de5806-85bc-4de5-d46b-585bd00e76dd,2026-09-10,sale,فاتورة بيع رقم فاتورة مبيعات : س-7499,5550.000,0,pos_sales,963d388b-3709-620f-3674-017e194ba291
d3650375-8fd5-71cf-34b2-e6278ade21ab,4aec2e66-fd20-f058-5935-8ba3b2514333,2026-09-12,sale,فاتورة بيع رقم وصل رقم :2773 -ين,3100.000,0,pos_sales,95d79090-d9d3-96aa-cd46-ad4ef23078b3
acaffd43-a21f-4496-24b7-371239f9dba0,7df7b7d8-a837-69d5-bd2b-aee9219d185d,2026-09-13,sale,فاتورة بيع رقم وصل رقم :2779 -ين,8430.000,0,pos_sales,60f95a64-01aa-98dc-e650-31e67a727b21
99262e92-f635-d279-f780-d33c7a6be7f8,18ac7db1-f085-71de-01f5-c083b5a22781,2026-09-12,sale,فاتورة بيع رقم فاتورة مبيعات : س-7502,17.000,0,pos_sales,2f7b50e2-1218-f098-8def-efad4b648908
1bdc351b-28f1-7dc9-4953-fc8c90b63ba1,ab3d04f6-7baa-0313-65a0-512d7fd7a5b6,2026-09-15,sale,فاتورة بيع رقم فاتورة مبيعات : س-7510,70.000,0,pos_sales,6476cedf-a4fb-33f9-fbd8-a2a2f039da15
6a7227a7-7c81-c1c4-5e42-a001984316eb,92b1fdd9-f09c-eed8-a530-a9944cb7860c,2026-03-16,sale,فاتورة بيع رقم وصل رقم :2054 -ين,530.000,0,pos_sales,82bf4ab1-74f6-8dc4-01d9-055bf6ebb23f
612cfb52-cad7-d142-a170-a3a239b5ecb6,0d72fe65-e1f8-2f5f-7a52-1886052bc6f2,2025-07-09,sale,فاتورة بيع رقم وصل رقم :1311 -ين,3000.000,0,pos_sales,c772a18f-2e6c-60c1-e228-fc74a5303242
ca0fe4e3-1975-99a0-7bf9-9deda31c6675,7963410a-6c41-c75f-b75f-6011e733871a,2025-07-12,sale,فاتورة بيع رقم وصل رقم :1321 -ين,1750.000,0,pos_sales,e2b5ff22-0bfb-e498-8bf0-621a43b60495
76122ff8-7671-b716-0045-59c9fd66510d,7a35caef-83d2-8776-1f8c-8958a6c3e33c,2025-04-06,sale,فاتورة بيع رقم فاتورة مبيعات : س-2277,9000.000,0,pos_sales,edf946dd-76a9-ff99-5f9d-0c762e00ca94
8c711f14-46b0-b11e-0fa7-4b4fa18b0209,002b4074-36c6-bf0e-6d62-2714e9d05179,2025-02-19,sale,فاتورة بيع رقم فاتورة مبيعات : س-1893,250.000,0,pos_sales,b70edcbd-840e-e41f-6ea5-cef92cdd9f1a
2416b15b-e8bc-f31c-336b-19acf176985e,217bcd70-ccbb-821c-e649-bc8bae3e230e,2025-07-15,sale,فاتورة بيع رقم وصل رقم :1353 -ين,450.000,0,pos_sales,0c45a728-5c74-df3e-2119-65d0c6cc81f2
77eee18b-8c43-d02e-a998-f5dffb0975b9,ec9d615b-94bd-e202-eb57-6ca1976376a8,2026-05-09,sale,فاتورة بيع رقم فاتورة مبيعات : س-6883,290.000,0,pos_sales,4088a3ce-cbad-661a-cc43-d4930a6e466c
a9ddce1b-f22e-21cc-72a3-002be6f5a4d8,f2bd75e8-d9c7-83b8-738f-caebdc508a63,2025-03-10,sale,فاتورة بيع رقم فاتورة مبيعات : س-2113,1490.000,0,pos_sales,20269fd9-c616-f5cc-6ed7-d1d188ac5f81
1f6c3b1e-9e3f-d94e-adf9-b8eaf74423d6,73bccc3e-3401-e82d-0326-f25c380dfbcb,2025-04-29,sale,فاتورة بيع رقم فاتورة مبيعات : س-2511,870.000,0,pos_sales,847e2da9-d23e-5f66-c5dc-09e5d457373d
efdf5ea2-4af8-162c-453e-2c00815c1ae6,04e9819e-8924-9a30-8a99-af16936027fb,2025-03-11,sale,فاتورة بيع رقم فاتورة مبيعات : س-2126,450.000,0,pos_sales,2701e1c6-63a9-2f91-696c-849c602913b6
e511599b-8121-fc7b-2552-0739365b7e07,fe80870a-d499-95cc-b340-36569d2f7881,2025-03-12,sale,فاتورة بيع رقم فاتورة مبيعات : س-2131,140.000,0,pos_sales,5b56de81-ed3d-1fa1-770c-10ce79fa89de
9dffdffd-9c4c-ca30-483b-65424f7a3219,1ad2fe53-154a-6e4a-49bc-337312f5a98d,2025-08-12,sale,فاتورة بيع رقم وصل رقم :1446 -ين,350.000,0,pos_sales,bcfc9177-19df-586b-a811-fb599dcadf00
b8c81bc4-43fd-4b49-6ec4-75ec25e0d577,f8f4c2d5-973f-d177-70ec-0d4cc1e53413,2025-07-30,sale,فاتورة بيع رقم فاتورة مبيعات : س-3645,1660.000,0,pos_sales,68eaf436-2ea1-286b-d2c3-9a839a293d7f
76a68607-39c5-cb78-9d81-e9b3aa923524,ae985c8b-0c9f-a28e-4b20-ebd9277fb71c,2025-08-14,sale,فاتورة بيع رقم وصل رقم :1456 -ين,640.000,0,pos_sales,4bf50e12-7c9b-5742-6571-27f855f82adc
56bf7364-975c-cc90-0723-b9a981ade437,ca51e6ef-ab09-8fc3-5800-e4d9c18c58ae,2025-03-19,sale,فاتورة بيع رقم فاتورة مبيعات : س-2182,11300.000,0,pos_sales,fb23f318-28c2-9246-a6ad-a42daf1c3690
b6b6a31d-d154-b56c-1367-3ae3b6064913,840319f3-18fb-a99a-c17c-c14d651ff5f7,2025-08-23,sale,فاتورة بيع رقم وصل رقم :1499 -ين,1000.000,0,pos_sales,c7233bd2-d389-5f8a-bf08-4ad582028258
0e80a748-4ea6-3b8c-07fd-c8bf149f072b,f997e974-539e-4066-c591-f39d87d55bda,2025-09-25,sale,فاتورة بيع رقم وصل رقم :1639 -ين,3400.000,0,pos_sales,a38b17a8-3811-1c2b-671c-318fdd194aa6
7a7dbc43-d1f6-75d4-3bdb-0469e838b8d0,80e474e9-ec08-3aa8-25c7-9fa7d2783647,2025-09-28,sale,فاتورة بيع رقم وصل رقم :1647 -ين,325.000,0,pos_sales,0a3c4ab2-82ba-bc7d-3f16-2b191c6622ee
a0eaed4a-109d-9afd-06c0-0ff342969fea,80e474e9-ec08-3aa8-25c7-9fa7d2783647,2025-10-02,sale,فاتورة بيع رقم وصل رقم :1651 -ين,165.000,0,pos_sales,0fbcb15f-de93-e678-e455-27146963cd1f
5ade29d6-43ca-019a-783c-58cd325ccf40,2363048e-ff77-f8af-a87b-1634ad13e56c,2025-10-09,sale,فاتورة بيع رقم وصل رقم :1679 -ين,330.000,0,pos_sales,a6eafe48-fd4e-870a-5173-098dba744c55
c6026c3a-f709-0f11-1f36-c79382c0fdfd,059bc20c-179a-325b-b846-554d1d70b14a,2025-10-29,sale,فاتورة بيع رقم وصل رقم :1734 -ين,1000.000,0,pos_sales,bf367fe9-e78c-a37f-eb56-869e380291e9
1362fb58-f8b3-79d1-8e30-026c3f431cee,644ef13c-f30f-6ab0-cf92-c61cf95a58ad,2025-11-06,sale,فاتورة بيع رقم وصل رقم :1754 -ين,990.000,0,pos_sales,a6a3de05-90a5-cf7a-ba95-905305e6bd7d
922c3d06-abfc-2e25-13b3-1f1adcfb53f7,013ab999-49ed-db2a-324f-c9bc22b0f6e9,2025-12-06,sale,فاتورة بيع رقم وصل رقم :1810 -ين,500.000,0,pos_sales,5029a3cc-06bd-51df-92fa-1d22b066b700
961416d2-e064-09fb-a5f1-7d79492789f9,22e30ad5-0bd0-df80-69af-70646b4c89d0,2025-01-08,sale,فاتورة بيع رقم فاتورة مبيعات : س-1370,770.000,0,pos_sales,39e75d47-cb8f-f2bd-63ec-d5b136478afa
ea2a584c-93d0-2157-3c75-0560a45851cd,2125dda1-a7ff-12a1-850c-873017b3f866,2025-01-08,sale,فاتورة بيع رقم فاتورة مبيعات : س-1376,10.000,0,pos_sales,4089dc2e-d016-2b82-b1d3-29158eeaf3d6
205dc7e7-4ed8-ccb2-dc19-21d0c5a8b7e3,ba94211b-4d92-7b31-22a2-4a6f23c5d702,2025-01-12,sale,فاتورة بيع رقم فاتورة مبيعات : س-1404,220.000,0,pos_sales,710c55e1-52a4-52cb-84cd-47fa198aa16f
9f3b7dbf-1977-44f8-8f16-0a442804c912,89ebd02d-80fd-cd83-25d8-1209a6b7c34f,2025-02-02,sale,فاتورة بيع رقم فاتورة مبيعات : س-1663,400.000,0,pos_sales,ff374825-fe89-058b-1d85-7b2f68ca2538
54008513-cab4-6106-cd13-def27e8681b3,0e5f210a-94b4-fcd6-198b-925bda0c8d3a,2026-05-11,sale,فاتورة بيع رقم فاتورة : س-0003,690.000,0,pos_sales,271e6005-28ce-11e1-43c9-56925a1bb630
224a5415-8349-c0a0-93cf-d095c3650dd2,95b7932c-df34-8dc7-a53a-cd545321b9f3,2024-09-08,sale,فاتورة بيع رقم فاتورة : س-0000,120.000,0,pos_sales,3a39809a-af30-07cd-6acc-ecb99a5c936c
1cb60e1c-d84b-8376-4cfc-ce9f98315ef8,0e5f210a-94b4-fcd6-198b-925bda0c8d3a,2026-07-25,sale,فاتورة بيع رقم فاتورة : س-0004,15.000,0,pos_sales,2947f428-e173-9b7f-b09d-22dab452f2d1
b821609e-81c1-4cc6-d73e-b0ceff3afe45,d3290e0b-8608-2640-d206-6ae9a2c1998c,2026-09-14,sale,فاتورة بيع رقم 2025-ين- 11,5320.000,0,pos_sales,b6586343-145f-2bb8-b7ac-0c3ab79cacff
800240a8-7b0c-6342-f95a-d5e30e83ee87,0e5f210a-94b4-fcd6-198b-925bda0c8d3a,2025-08-18,sale,فاتورة بيع رقم 2025-ين- 3,43.229,0,pos_sales,d56e1311-2359-a727-0920-b7bbccd6a915
99cf6562-e481-a772-b3cb-9e76404ab5a9,0e5f210a-94b4-fcd6-198b-925bda0c8d3a,2025-08-21,sale,فاتورة بيع رقم فاتورة : س-0002,10.000,0,pos_sales,92f949f2-9caa-8d28-1aaa-91d3feed7681
f2ab99be-29b0-0129-a060-b1bc8cf56a17,0e5f210a-94b4-fcd6-198b-925bda0c8d3a,2025-11-01,sale,فاتورة بيع رقم 2025-ين- 8,23.600,0,pos_sales,8428e65e-7ddc-66e0-5799-d0bae9296c44
5c7d6630-8637-3d27-e4ce-747de114f9da,0e5f210a-94b4-fcd6-198b-925bda0c8d3a,2025-12-14,sale,فاتورة بيع رقم 2025-ين- 10,3760.000,0,pos_sales,60e544aa-0326-3ed1-9acf-2584fc1fce4b
d754876e-0e2e-4c10-1bfd-cff0bf5a2eb0,88d2e588-1f26-35f6-f203-ba242aacc730,2025-04-15,sale,فاتورة بيع رقم 2025-ين- 0,786.500,0,pos_sales,40f3569a-b172-c9dd-c686-6cf777062ce6
faebcab9-a259-590b-299f-d541a6bc49e3,0e5f210a-94b4-fcd6-198b-925bda0c8d3a,2025-05-22,sale,فاتورة بيع رقم 2025-ين- 2,20.000,0,pos_sales,58b73d96-df75-4a2b-2a4a-3e16aebcbd72
4b2eb067-dd33-85c6-814e-1384ca028052,88d2e588-1f26-35f6-f203-ba242aacc730,2024-10-12,sale,فاتورة بيع رقم 202410,2200.000,0,pos_sales,70e5cbe5-2077-12b6-f3e0-996eb9dd08fa
c03de25e-0239-d244-4c1a-ce4346a2860d,88d2e588-1f26-35f6-f203-ba242aacc730,2025-04-17,sale,فاتورة بيع رقم 2025-ين- 1,230.000,0,pos_sales,06ab0ae0-abe1-7d4b-4e83-9da2f2aae4ae
c9ca411d-3f9a-a25e-6428-d654e3607b1d,955d46fa-061a-0647-4697-ab83307bd90f,2025-11-13,sale,فاتورة بيع رقم 2025-ين- 9,72.000,0,pos_sales,31ed9f99-ad5c-262b-1885-47632cabf300
0fb9a821-c78a-fc03-40d7-c0f06b66e48e,ed5af93c-b311-23d1-0605-82ca8b0d5eba,2025-10-18,sale,فاتورة بيع رقم 2025-ين- 7,255.000,0,pos_sales,8e5abd5c-f116-c2a1-4f99-4240a9ca1e5d
fd87bdeb-df0e-962e-6f81-a65c8ca1c10b,88d2e588-1f26-35f6-f203-ba242aacc730,2025-08-28,sale,فاتورة بيع رقم 2025-ين- 6,175.000,0,pos_sales,2eeec191-fabe-8605-83de-de8bb3582308
a87529d6-02d7-4a7b-924f-08854d7422d8,88d2e588-1f26-35f6-f203-ba242aacc730,2025-08-18,sale,فاتورة بيع رقم 2025-ين- 4,882.500,0,pos_sales,99309019-9285-4bf0-f3e8-607f0b08d08e
320b36b3-0323-8415-6261-dedc9d1fb596,33392c0a-f370-dc4b-cc06-60d49f6281e8,2025-01-30,payment,دفعة على فاتورة فاتورة مبيعات : س-1577,0,700.000,pos_sale_payments,320b36b3-0323-8415-6261-dedc9d1fb596
9c3e4253-136d-79e5-9d04-2a096fa569aa,f3275fd2-87bd-0262-e8b5-d5eac527c60b,2025-09-04,payment,دفعة على فاتورة وصل رقم :1542 -ين,0,7700.000,pos_sale_payments,9c3e4253-136d-79e5-9d04-2a096fa569aa
b776c09e-981a-9048-4a2e-da0060639e21,f8c7e948-cd04-dc04-496f-e81777d4b1fd,2025-02-24,payment,دفعة على فاتورة وصل رقم :0681 -ين,0,880.000,pos_sale_payments,b776c09e-981a-9048-4a2e-da0060639e21
aec619df-2304-1568-7cf2-57af39976f99,51a74207-c026-65fa-ee10-68e2753f4fa2,2026-08-16,payment,دفعة على فاتورة وصل رقم :2648 -ين,0,1290.000,pos_sale_payments,aec619df-2304-1568-7cf2-57af39976f99
62f4e99d-749e-fc04-3c3c-02770e157603,33329ac9-5d3f-1a2f-af0b-d5fb83909ee9,2025-05-18,payment,دفعة على فاتورة فاتورة مبيعات : س-2702,0,1150.000,pos_sale_payments,62f4e99d-749e-fc04-3c3c-02770e157603
47b298b7-8266-3184-965f-a3f4ba11aa67,9be5e8e4-e8cb-880c-79a4-d8231b99be03,2026-08-03,payment,دفعة على فاتورة فاتورة مبيعات : س-1500,0,830.000,pos_sale_payments,47b298b7-8266-3184-965f-a3f4ba11aa67
7133f7a2-c0e6-38b1-9904-2eae7e8b5f2a,41107ce1-25b2-04ba-1527-c4e7b50a6a51,2026-04-18,payment,دفعة على فاتورة فاتورة مبيعات : س-6689,0,2500.000,pos_sale_payments,7133f7a2-c0e6-38b1-9904-2eae7e8b5f2a
c8d80412-cdde-9d62-23ef-f83ab02e781b,52c4d2c4-f9c5-7aab-167f-769b94cc34bf,2026-07-21,payment,دفعة على فاتورة فاتورة مبيعات : س-7302,0,140.000,pos_sale_payments,c8d80412-cdde-9d62-23ef-f83ab02e781b
79cacfd9-a26d-3568-eb75-0d6136406929,0b9c6a36-218a-e71e-964b-7bb4c0ed5ecc,2025-06-23,payment,دفعة على فاتورة وصل رقم :1095 -ين,0,2950.000,pos_sale_payments,79cacfd9-a26d-3568-eb75-0d6136406929
b90b28d1-84c3-1fa3-c41f-925818c4a4c5,e44ad758-fac2-c478-699c-e63981d45eaa,2026-06-06,payment,دفعة على فاتورة وصل رقم :2331 -ين,0,625.000,pos_sale_payments,b90b28d1-84c3-1fa3-c41f-925818c4a4c5
66d79e78-6b8a-b90d-e4a7-c63f6c94c46f,c5b03d8a-ffe0-05f9-d35d-681f52953e84,2026-04-15,payment,دفعة على فاتورة وصل رقم :2126 -ين,0,620.000,pos_sale_payments,66d79e78-6b8a-b90d-e4a7-c63f6c94c46f
69839aa4-5a4c-bd7c-f260-35fbc1b1c509,947b7c0e-4d2b-e45f-0e96-5a5d9f5359b6,2024-08-28,payment,دفعة على فاتورة وصل رقم :00020 -س.ر.ج,0,250.000,pos_sale_payments,69839aa4-5a4c-bd7c-f260-35fbc1b1c509
652beacb-8c30-2a88-8e99-c336cc99e37d,947b7c0e-4d2b-e45f-0e96-5a5d9f5359b6,2024-08-29,payment,دفعة على فاتورة وصل رقم :00020 -س.ر.ج,0,1470.000,pos_sale_payments,652beacb-8c30-2a88-8e99-c336cc99e37d
3be063f4-bbdd-0d2a-b4d6-c331a58dcb9a,a117379b-85fd-a66f-f86c-cf9e8a209ccc,2026-06-15,payment,دفعة على فاتورة فاتورة مبيعات : س-6950,0,315.000,pos_sale_payments,3be063f4-bbdd-0d2a-b4d6-c331a58dcb9a
40f988b7-158b-411c-4784-2c505b82dbe4,d43155b4-845d-e41c-5c46-97531a6970cc,2025-05-31,payment,دفعة على فاتورة فاتورة مبيعات : س-2853,0,1000.000,pos_sale_payments,40f988b7-158b-411c-4784-2c505b82dbe4
8bfa7d93-dde2-1215-cf12-171e36b51e89,2125dda1-a7ff-12a1-850c-873017b3f866,2026-02-05,payment,دفعة على فاتورة فاتورة مبيعات : س-2774,0,9.000,pos_sale_payments,8bfa7d93-dde2-1215-cf12-171e36b51e89
d68f501a-7947-1c15-e4f0-d5b3365a5420,674c4c2f-87c8-03e0-7f36-41ac11e570db,2025-05-06,payment,دفعة على فاتورة وصل رقم :0952 -ين,0,550.000,pos_sale_payments,d68f501a-7947-1c15-e4f0-d5b3365a5420
52190580-57d5-bd9c-76e6-1727e04b467d,80e474e9-ec08-3aa8-25c7-9fa7d2783647,2025-10-02,payment,دفعة على فاتورة وصل رقم :1647 -ين,0,325.000,pos_sale_payments,52190580-57d5-bd9c-76e6-1727e04b467d
4eb2033c-cbd8-3474-41df-bdc10d53d7c1,4df3aa7c-0eef-032d-7030-6a9ab39f4615,2026-02-28,payment,دفعة على فاتورة فاتورة مبيعات : س-6347,0,730.000,pos_sale_payments,4eb2033c-cbd8-3474-41df-bdc10d53d7c1
4b2ba753-8d35-3e68-a96f-d4e3a38fd84b,f09762ed-1f51-c771-85b0-2ce517171a53,2025-01-02,payment,دفعة على فاتورة وصل رقم :0222 -ين,0,760.000,pos_sale_payments,4b2ba753-8d35-3e68-a96f-d4e3a38fd84b
7c8c7de6-3fa6-e3d8-ee3c-940a8aa4821a,f2bd75e8-d9c7-83b8-738f-caebdc508a63,2025-05-27,payment,دفعة على فاتورة فاتورة مبيعات : س-2739,0,1840.000,pos_sale_payments,7c8c7de6-3fa6-e3d8-ee3c-940a8aa4821a
08a8c035-79d0-8adb-7569-42dd47c942ad,00bad70b-7f20-716a-c62f-d316476b13ec,2025-05-31,payment,دفعة على فاتورة وصل رقم :1087 -ين,0,1050.000,pos_sale_payments,08a8c035-79d0-8adb-7569-42dd47c942ad
6ec60ea1-c101-d365-2e3e-d20f7dedb0c3,eb1b442a-808e-61a6-247a-b467593310e9,2025-08-25,payment,دفعة على فاتورة فاتورة مبيعات : س-3801,0,200.000,pos_sale_payments,6ec60ea1-c101-d365-2e3e-d20f7dedb0c3
b7985df5-82cd-b54e-0139-87db67e0f734,911e4097-dba7-c021-b8ea-f08d417980d1,2025-06-01,payment,دفعة على فاتورة وصل رقم :1103 -ين,0,1000.000,pos_sale_payments,b7985df5-82cd-b54e-0139-87db67e0f734
480b497d-2282-4186-3c9b-be7152340ad8,911e4097-dba7-c021-b8ea-f08d417980d1,2025-06-02,payment,دفعة على فاتورة وصل رقم :1103 -ين,0,360.000,pos_sale_payments,480b497d-2282-4186-3c9b-be7152340ad8
90eab049-96a4-f7bd-3651-742d2a7ac4c3,217bcd70-ccbb-821c-e649-bc8bae3e230e,2025-08-09,payment,دفعة على فاتورة وصل رقم :1353 -ين,0,450.000,pos_sale_payments,90eab049-96a4-f7bd-3651-742d2a7ac4c3
96e70437-08cb-3de9-9a90-359019f6b435,644ef13c-f30f-6ab0-cf92-c61cf95a58ad,2025-12-13,payment,دفعة على فاتورة فاتورة مبيعات : س-4944,0,477.500,pos_sale_payments,96e70437-08cb-3de9-9a90-359019f6b435
8e88e31e-0150-d188-31f5-d7bda7c1364b,80e474e9-ec08-3aa8-25c7-9fa7d2783647,2025-10-08,payment,دفعة على فاتورة وصل رقم :1651 -ين,0,165.000,pos_sale_payments,8e88e31e-0150-d188-31f5-d7bda7c1364b
c095fd52-90b6-dbd9-82e7-558c2c2254fb,345c84d0-5723-6305-67f8-29d9eee9d952,2026-04-05,payment,دفعة على فاتورة فاتورة مبيعات : س-5966,0,1100.000,pos_sale_payments,c095fd52-90b6-dbd9-82e7-558c2c2254fb
ede9da3d-5b88-a78d-1ba8-81d51c7e804d,644ef13c-f30f-6ab0-cf92-c61cf95a58ad,2025-08-17,payment,دفعة على فاتورة فاتورة مبيعات : س-3830,0,2515.000,pos_sale_payments,ede9da3d-5b88-a78d-1ba8-81d51c7e804d
38732e17-8a41-e780-2dd8-42a16104fb54,c28c4f61-972f-5aa7-d424-77bb09e1b826,2026-01-03,payment,دفعة على فاتورة فاتورة مبيعات : س-5508,0,40.000,pos_sale_payments,38732e17-8a41-e780-2dd8-42a16104fb54
bf10565e-0d4b-f789-1878-951ebc03116d,847133de-33b9-b0cb-7817-a8a8a0cc93d6,2025-02-25,payment,دفعة على فاتورة فاتورة مبيعات : س-1822,0,2300.000,pos_sale_payments,bf10565e-0d4b-f789-1878-951ebc03116d
f762ee1b-2de3-e1f6-2477-87d869d69576,92b1fdd9-f09c-eed8-a530-a9944cb7860c,2025-05-23,payment,دفعة على فاتورة فاتورة مبيعات : س-2576,0,144.000,pos_sale_payments,f762ee1b-2de3-e1f6-2477-87d869d69576
bb86a96a-3728-d5f5-45e0-d2b43894a9cb,45125cf4-1872-cf79-6352-b9e378ceb499,2025-03-02,payment,دفعة على فاتورة وصل رقم :0595 -ين,0,450.000,pos_sale_payments,bb86a96a-3728-d5f5-45e0-d2b43894a9cb
77bd55d4-cd99-284d-6262-60273e91011c,e44ad758-fac2-c478-699c-e63981d45eaa,2026-09-14,payment,دفعة على فاتورة وصل رقم :2738 -ين,0,710.000,pos_sale_payments,77bd55d4-cd99-284d-6262-60273e91011c
02c72258-ad79-f36a-4110-282b9a937047,3ec869db-c439-88cf-3076-9264d6bc01f8,2026-02-16,payment,دفعة على فاتورة وصل رقم :1981 -ين,0,1700.000,pos_sale_payments,02c72258-ad79-f36a-4110-282b9a937047
4d8a6209-f032-367e-b7d8-6c5bb06a931a,06ad7992-fcd7-f857-395e-ed7f8337ee51,2024-09-04,payment,دفعة على فاتورة وصل رقم :0037,0,330.000,pos_sale_payments,4d8a6209-f032-367e-b7d8-6c5bb06a931a
46ea5971-444d-fc44-1e98-13556499ed6b,955812b9-2e91-6577-8980-e0fa90633635,2025-04-30,payment,دفعة على فاتورة وصل رقم :0928 -ين,0,900.000,pos_sale_payments,46ea5971-444d-fc44-1e98-13556499ed6b
65a1f915-8453-9e33-63ef-8dbaaab7e270,2cfd32b4-59d6-55b6-4441-821aaf17ea6f,2026-06-17,payment,دفعة على فاتورة فاتورة مبيعات : س-7148,0,160.000,pos_sale_payments,65a1f915-8453-9e33-63ef-8dbaaab7e270
ae92f624-e825-99ae-b005-b044bd1462cb,e22f53c8-6468-01e6-61a0-1f4cd37ed2a2,2026-08-19,payment,دفعة على فاتورة وصل رقم :2669 -ين,0,1900.000,pos_sale_payments,ae92f624-e825-99ae-b005-b044bd1462cb
79ac6a79-2360-4ac7-676b-4a4a749e05b0,e22f53c8-6468-01e6-61a0-1f4cd37ed2a2,2026-08-19,payment,دفعة على فاتورة وصل رقم :2669 -ين,0,2800.000,pos_sale_payments,79ac6a79-2360-4ac7-676b-4a4a749e05b0
43221644-0098-a1a6-3f71-e0f5e54d101a,41aa5116-5a06-6784-e09f-09f0abfd9c40,2025-02-27,payment,دفعة على فاتورة وصل رقم :0703 -ين,0,375.000,pos_sale_payments,43221644-0098-a1a6-3f71-e0f5e54d101a
f2570922-b317-15a2-aa52-9bb962254fef,be43d5cb-fd37-3770-8980-9d3e02ba0916,2026-05-07,payment,دفعة على فاتورة فاتورة مبيعات : س-6821,0,1500.000,pos_sale_payments,f2570922-b317-15a2-aa52-9bb962254fef
4d6a8558-6af6-f46e-5877-ec3ea7deb009,be43d5cb-fd37-3770-8980-9d3e02ba0916,2026-05-02,payment,دفعة على فاتورة فاتورة مبيعات : س-6821,0,5000.000,pos_sale_payments,4d6a8558-6af6-f46e-5877-ec3ea7deb009
0f175280-0d2c-cd96-6438-ae0ff99ec93d,f8f4d975-47f6-88ab-14d9-9b98979f3b44,2026-07-26,payment,دفعة على فاتورة فاتورة مبيعات : س-6997,0,350.000,pos_sale_payments,0f175280-0d2c-cd96-6438-ae0ff99ec93d
57b7d7fc-2c3e-7111-b7c7-8521980aaa27,c947ece1-a5a9-c415-9f72-8936c3b2d543,2026-08-30,payment,دفعة على فاتورة فاتورة مبيعات : س-7385,0,1800.000,pos_sale_payments,57b7d7fc-2c3e-7111-b7c7-8521980aaa27
1d440afd-400c-f2b7-0ad9-d03ef32c54a7,92b1fdd9-f09c-eed8-a530-a9944cb7860c,2025-05-23,payment,دفعة على فاتورة فاتورة مبيعات : س-1369,0,190.000,pos_sale_payments,1d440afd-400c-f2b7-0ad9-d03ef32c54a7
9842a4fc-7d95-93eb-028b-e39c242f2a93,e44ad758-fac2-c478-699c-e63981d45eaa,2026-09-12,payment,دفعة على فاتورة وصل رقم :2351 -ين,0,600.000,pos_sale_payments,9842a4fc-7d95-93eb-028b-e39c242f2a93
cb66d587-6942-0960-5c15-e2e1f0401f38,e44ad758-fac2-c478-699c-e63981d45eaa,2026-06-06,payment,دفعة على فاتورة وصل رقم :2351 -ين,0,600.000,pos_sale_payments,cb66d587-6942-0960-5c15-e2e1f0401f38
1914d490-c33e-dbfa-4864-9b4028db0712,7fa77291-c2c6-1e4e-a42e-1e58ff8a3323,2024-08-23,payment,دفعة على فاتورة وصل رقم :0028,0,1600.000,pos_sale_payments,1914d490-c33e-dbfa-4864-9b4028db0712
5cb9bef6-73c1-1f78-40e5-5c360858933e,9ba5ae3b-8573-0900-e648-348ae2ee6bb7,2026-05-10,payment,دفعة على فاتورة فاتورة مبيعات : س-5984,0,80.000,pos_sale_payments,5cb9bef6-73c1-1f78-40e5-5c360858933e
2a4d220c-e340-36a1-ec0e-e5ba8b8fc90c,f2bd75e8-d9c7-83b8-738f-caebdc508a63,2025-05-27,payment,دفعة على فاتورة فاتورة مبيعات : س-2113,0,1490.000,pos_sale_payments,2a4d220c-e340-36a1-ec0e-e5ba8b8fc90c
984658e4-0f3e-a47b-9a2c-d8313cb5475b,2382c618-2753-fa85-9a58-6531643a4208,2026-09-05,payment,دفعة على فاتورة وصل رقم :2725 -ين,0,8000.000,pos_sale_payments,984658e4-0f3e-a47b-9a2c-d8313cb5475b
95cd4327-fd81-4082-76bb-f0aaab20d32b,f7f0780f-fad9-6418-0d9f-518f646544ea,2026-01-19,payment,دفعة على فاتورة فاتورة مبيعات : س-5866,0,1370.000,pos_sale_payments,95cd4327-fd81-4082-76bb-f0aaab20d32b
8b1a9108-ca11-275e-cbdd-3014d4e7383f,2635ae39-2f07-cc25-1df6-af9dc6126d39,2026-04-30,payment,دفعة على فاتورة فاتورة مبيعات : س-6826,0,7160.000,pos_sale_payments,8b1a9108-ca11-275e-cbdd-3014d4e7383f
332fafe3-e235-8c98-531a-02fdc184be90,e44ad758-fac2-c478-699c-e63981d45eaa,2026-09-01,payment,دفعة على فاتورة وصل رقم :2476 -ين,0,580.000,pos_sale_payments,332fafe3-e235-8c98-531a-02fdc184be90
17f29f19-31e3-4fe2-530f-bb2042de8788,18ac7db1-f085-71de-01f5-c083b5a22781,2026-08-30,payment,دفعة على فاتورة فاتورة مبيعات : س-7230,0,80.000,pos_sale_payments,17f29f19-31e3-4fe2-530f-bb2042de8788
56d7f7c7-0257-1314-075f-cf0bf4f5af95,67403f76-6e58-bd91-d025-462d26fb2ad7,2026-05-07,payment,دفعة على فاتورة فاتورة مبيعات : س-6750,0,240.000,pos_sale_payments,56d7f7c7-0257-1314-075f-cf0bf4f5af95
58f87ce9-e925-3b41-28a6-6c107b2c5c8e,5a1c0cee-7cf1-62ad-fbe4-2836f5c7d19b,2025-06-19,payment,دفعة على فاتورة وصل رقم :1171 -ين,0,10.000,pos_sale_payments,58f87ce9-e925-3b41-28a6-6c107b2c5c8e
08ae7fa6-b84d-54cf-3b7c-b33be19bb0e7,92b1fdd9-f09c-eed8-a530-a9944cb7860c,2025-05-23,payment,دفعة على فاتورة فاتورة مبيعات : س-1820,0,45.000,pos_sale_payments,08ae7fa6-b84d-54cf-3b7c-b33be19bb0e7
fa987fd7-9b9c-31da-5717-26c8b1945330,2125dda1-a7ff-12a1-850c-873017b3f866,2026-02-05,payment,دفعة على فاتورة فاتورة مبيعات : س-4896,0,8.750,pos_sale_payments,fa987fd7-9b9c-31da-5717-26c8b1945330
67d2906b-cb9a-d749-2e94-428c630af646,c28c4f61-972f-5aa7-d424-77bb09e1b826,2025-12-16,payment,دفعة على فاتورة فاتورة مبيعات : س-5459,0,20.000,pos_sale_payments,67d2906b-cb9a-d749-2e94-428c630af646
34e9e8e5-f376-fee7-8f8c-04d19e289679,2125dda1-a7ff-12a1-850c-873017b3f866,2026-02-05,payment,دفعة على فاتورة فاتورة مبيعات : س-3408,0,23.500,pos_sale_payments,34e9e8e5-f376-fee7-8f8c-04d19e289679
356c46c1-5681-3506-b56c-dd8e53e9b43b,c8e9bbc7-b788-5607-20c7-354a9cfae121,2025-02-20,payment,دفعة على فاتورة وصل رقم :0398 -ين,0,130.000,pos_sale_payments,356c46c1-5681-3506-b56c-dd8e53e9b43b
e17f0177-dc9e-a2fb-1395-0fb63d073d0d,04e9819e-8924-9a30-8a99-af16936027fb,2025-03-12,payment,دفعة على فاتورة فاتورة مبيعات : س-2126,0,450.000,pos_sale_payments,e17f0177-dc9e-a2fb-1395-0fb63d073d0d
a3a44d5f-3d75-c554-17b2-539735c633bf,ce85b1b5-37e4-adec-4eb5-c2b7ca2884c4,2025-03-22,payment,دفعة على فاتورة وصل رقم :0761 -ين,0,740.000,pos_sale_payments,a3a44d5f-3d75-c554-17b2-539735c633bf
998a6d21-6790-eae1-2ba9-b1e57becb426,057a5ce2-d596-7d8b-17ca-24814e55f156,2025-05-23,payment,دفعة على فاتورة فاتورة مبيعات : س-1422,0,450.000,pos_sale_payments,998a6d21-6790-eae1-2ba9-b1e57becb426
e8c70226-e084-fa04-ccf9-d07381f6110d,d3a7a4d7-495a-a217-26c5-d442ceec1f93,2026-04-21,payment,دفعة على فاتورة فاتورة مبيعات : س-6719,0,2400.000,pos_sale_payments,e8c70226-e084-fa04-ccf9-d07381f6110d
5d3bae69-6dda-e195-8232-d8ec73b62b7f,ec9d615b-94bd-e202-eb57-6ca1976376a8,2026-04-27,payment,دفعة على فاتورة فاتورة مبيعات : س-6718,0,575.000,pos_sale_payments,5d3bae69-6dda-e195-8232-d8ec73b62b7f
c170013e-4c79-cc2d-bb2e-b89db8da63c1,27e36b7a-499e-9e64-40f2-19c6fe683636,2026-06-07,payment,دفعة على فاتورة فاتورة مبيعات : س-6935,0,8148.000,pos_sale_payments,c170013e-4c79-cc2d-bb2e-b89db8da63c1
e07e2c94-7fa1-081c-ecd1-debf8d715582,34968168-3d57-1a62-6b77-3c9f548f30ed,2026-06-25,payment,دفعة على فاتورة فاتورة مبيعات : س-7149,0,135.000,pos_sale_payments,e07e2c94-7fa1-081c-ecd1-debf8d715582
75dc136b-8a14-f511-470b-536fda778252,d42b90d7-90f3-4d65-5d9b-42360b90c4fb,2025-02-15,payment,دفعة على فاتورة فاتورة مبيعات : س-1803,0,255.000,pos_sale_payments,75dc136b-8a14-f511-470b-536fda778252
46f2f918-a1b6-0e6b-b0e4-d4a36942187a,3fb06ec3-6be1-b52d-2ede-53d48ca97da2,2025-06-17,payment,دفعة على فاتورة وصل رقم :1182 -ين,0,13040.000,pos_sale_payments,46f2f918-a1b6-0e6b-b0e4-d4a36942187a
8532f113-71ea-b0de-3af3-5cc3be52c45b,26be6e32-624b-6f77-ac20-12136d217205,2025-12-22,payment,دفعة على فاتورة فاتورة مبيعات : س-5537,0,244.000,pos_sale_payments,8532f113-71ea-b0de-3af3-5cc3be52c45b
f2cac2d5-7678-f753-3760-f6a431fd4431,be90f5f1-8d96-e074-e2ea-4bef535a9f0a,2026-04-07,payment,دفعة على فاتورة فاتورة مبيعات : س-6542,0,300.000,pos_sale_payments,f2cac2d5-7678-f753-3760-f6a431fd4431
c59b74b3-0f27-350c-d3c6-7ab5e5103439,644ef13c-f30f-6ab0-cf92-c61cf95a58ad,2025-09-20,payment,دفعة على فاتورة فاتورة مبيعات : س-4264,0,3790.000,pos_sale_payments,c59b74b3-0f27-350c-d3c6-7ab5e5103439
d2559768-729a-baa5-4091-460b31a963f4,ec5e9614-3052-7c04-9b8a-faeb10fe9be7,2025-08-20,payment,دفعة على فاتورة فاتورة مبيعات : س-3922,0,730.000,pos_sale_payments,d2559768-729a-baa5-4091-460b31a963f4
87c27a76-276b-2303-1227-3452041ebcdb,3962789a-bea9-036e-2c55-336dede9b6c3,2026-01-29,payment,دفعة على فاتورة فاتورة مبيعات : س-6006,0,1050.000,pos_sale_payments,87c27a76-276b-2303-1227-3452041ebcdb
4776b489-2cf4-71be-4c0d-97821c372df7,c9302ef1-8f30-2612-d4dc-aae23d38b421,2025-01-08,payment,دفعة على فاتورة فاتورة مبيعات : س-1327,0,1300.000,pos_sale_payments,4776b489-2cf4-71be-4c0d-97821c372df7
7e39600a-6c68-2b52-ddec-adbe9eeca3c5,006c7564-cbe8-b0ae-c54f-9974bf851a7f,2025-01-26,payment,دفعة على فاتورة وصل رقم :0407 -ين,0,1395.000,pos_sale_payments,7e39600a-6c68-2b52-ddec-adbe9eeca3c5
5d435350-f9dc-de22-7b45-ad82ddce113b,45b7c48f-3b86-8ed0-9b97-cac8e63a0fbc,2025-10-28,payment,دفعة على فاتورة فاتورة مبيعات : س-4902,0,1130.000,pos_sale_payments,5d435350-f9dc-de22-7b45-ad82ddce113b
22668527-2b24-b850-1566-b70aa7b36e6a,227e499b-e515-eec1-2b5a-74029dafdfbe,2026-05-10,payment,دفعة على فاتورة فاتورة مبيعات : س-4421,0,620.000,pos_sale_payments,22668527-2b24-b850-1566-b70aa7b36e6a
a0513a0f-d8a5-3dfc-7f75-7e46316e71a1,09e95403-727a-c34d-09cb-c5d6a8bcbd5b,2026-01-18,payment,دفعة على فاتورة فاتورة مبيعات : س-5877,0,100.000,pos_sale_payments,a0513a0f-d8a5-3dfc-7f75-7e46316e71a1
7f0e9eab-0e8c-083b-6d70-bff5656fb67e,09e95403-727a-c34d-09cb-c5d6a8bcbd5b,2026-01-18,payment,دفعة على فاتورة فاتورة مبيعات : س-5877,0,180.000,pos_sale_payments,7f0e9eab-0e8c-083b-6d70-bff5656fb67e
33548d57-65a7-e6c2-e6d4-797670ac740c,22e30ad5-0bd0-df80-69af-70646b4c89d0,2025-05-23,payment,دفعة على فاتورة فاتورة مبيعات : س-1370,0,770.000,pos_sale_payments,33548d57-65a7-e6c2-e6d4-797670ac740c
aba72ad2-ddc7-b4b6-7282-705b36c21c14,e2fba726-804f-c2c6-3c3f-89236467194a,2026-04-19,payment,دفعة على فاتورة وصل رقم :2145 -ين,0,260.000,pos_sale_payments,aba72ad2-ddc7-b4b6-7282-705b36c21c14
f061177d-d261-01d7-b78e-8e7d6fedd75a,fdb13660-ed3a-22d4-9e07-b6ab452d3812,2026-05-12,payment,دفعة على فاتورة فاتورة مبيعات : س-6884,0,500.000,pos_sale_payments,f061177d-d261-01d7-b78e-8e7d6fedd75a
4e0420c0-a364-d5e1-db96-9d7bf5d0b269,e44ad758-fac2-c478-699c-e63981d45eaa,2026-04-19,payment,دفعة على فاتورة وصل رقم :2133 -ين,0,525.000,pos_sale_payments,4e0420c0-a364-d5e1-db96-9d7bf5d0b269
27f4e65e-0abd-3844-ed96-aca118d28d0f,c28c4f61-972f-5aa7-d424-77bb09e1b826,2025-11-30,payment,دفعة على فاتورة فاتورة مبيعات : س-5224,0,1000.000,pos_sale_payments,27f4e65e-0abd-3844-ed96-aca118d28d0f
596c9838-87a9-91b3-afc5-64b9659dc8cc,98229a0c-53c1-9979-f581-32c172e566bb,2026-01-03,payment,دفعة على فاتورة فاتورة مبيعات : س-5501,0,180.000,pos_sale_payments,596c9838-87a9-91b3-afc5-64b9659dc8cc
fb3778a6-2ab8-4155-f03a-a0b017d74f1d,14885b23-3a6a-9c8d-4987-bba115fe4b1e,2026-02-21,payment,دفعة على فاتورة وصل رقم :1999 -ين,0,90.000,pos_sale_payments,fb3778a6-2ab8-4155-f03a-a0b017d74f1d
ac921c6c-32bd-ff6b-105f-ac0b3a5ab292,a34aad38-bb89-ed1e-8c40-b3f619c603d2,2025-04-10,payment,دفعة على فاتورة وصل رقم :0113 -ين,0,1400.000,pos_sale_payments,ac921c6c-32bd-ff6b-105f-ac0b3a5ab292
4fde3037-a827-6a6a-bc37-75c3dda74346,a5b47689-fba2-618a-bcba-6f10a700b28d,2025-07-26,payment,دفعة على فاتورة فاتورة مبيعات : س-3559,0,200.000,pos_sale_payments,4fde3037-a827-6a6a-bc37-75c3dda74346
9d78cd2e-2709-1406-8a7d-d7c5b02d1dd7,600387a5-b2e7-27b5-6611-5169252981fa,2025-05-22,payment,دفعة على فاتورة وصل رقم :0880 -ين,0,1120.000,pos_sale_payments,9d78cd2e-2709-1406-8a7d-d7c5b02d1dd7
30292fec-a9e0-5b56-038b-ae8c40b6de79,27e36b7a-499e-9e64-40f2-19c6fe683636,2026-08-20,payment,دفعة على فاتورة وصل رقم :2246 -ين,0,900.000,pos_sale_payments,30292fec-a9e0-5b56-038b-ae8c40b6de79
a107afee-4b6e-7e91-72ad-da7ad3fd6ede,7195182d-e2fc-e32b-357a-29cc687ad10a,2026-07-28,payment,دفعة على فاتورة وصل رقم :2550 -ين,0,2000.000,pos_sale_payments,a107afee-4b6e-7e91-72ad-da7ad3fd6ede
f6b93dea-3cef-6ee7-a2e6-50cfc39a6caf,bd4f5b6a-41b1-6bb5-6106-0a32432627e0,2024-08-29,payment,دفعة على فاتورة وصل رقم :00008 -س.ر.ج,0,3790.000,pos_sale_payments,f6b93dea-3cef-6ee7-a2e6-50cfc39a6caf
00ea955d-cae8-0147-0877-f7ad370b0878,cef6ae53-a7a5-a4f2-538f-f908154ac461,2025-11-05,payment,دفعة على فاتورة فاتورة مبيعات : س-4940,0,900.000,pos_sale_payments,00ea955d-cae8-0147-0877-f7ad370b0878
b31c0812-e6f0-12d7-cd99-ebef7618be91,cef6ae53-a7a5-a4f2-538f-f908154ac461,2025-11-04,payment,دفعة على فاتورة فاتورة مبيعات : س-4940,0,21400.000,pos_sale_payments,b31c0812-e6f0-12d7-cd99-ebef7618be91
9498ea01-984d-3901-720e-1507add8bacc,cef6ae53-a7a5-a4f2-538f-f908154ac461,2025-11-01,payment,دفعة على فاتورة فاتورة مبيعات : س-4940,0,5000.000,pos_sale_payments,9498ea01-984d-3901-720e-1507add8bacc
7b08a7dd-81a7-6e04-3681-62d181302d0e,ec9d615b-94bd-e202-eb57-6ca1976376a8,2026-05-14,payment,دفعة على فاتورة فاتورة مبيعات : س-6883,0,290.000,pos_sale_payments,7b08a7dd-81a7-6e04-3681-62d181302d0e
2ac68716-b5ca-f6e2-4d61-139b8fc2881e,2125dda1-a7ff-12a1-850c-873017b3f866,2025-01-30,payment,دفعة على فاتورة فاتورة مبيعات : س-1376,0,10.000,pos_sale_payments,2ac68716-b5ca-f6e2-4d61-139b8fc2881e
5e1b59bb-953e-ef72-68b0-8ab28d39b00f,e44ad758-fac2-c478-699c-e63981d45eaa,2026-07-12,payment,دفعة على فاتورة وصل رقم :2506 -ين,0,250.000,pos_sale_payments,5e1b59bb-953e-ef72-68b0-8ab28d39b00f
2dbf79f8-2b9a-dbde-6817-6ec724e74079,4098f0c1-d83c-3316-c0cb-cffb5775c6f1,2026-08-31,payment,دفعة على فاتورة فاتورة مبيعات : س-7032,0,300.000,pos_sale_payments,2dbf79f8-2b9a-dbde-6817-6ec724e74079
a7b3b0b9-6c2d-7557-6a89-8c5658622e45,7bbce8da-d9c7-5ae4-1e8b-e892e486899d,2025-05-19,payment,دفعة على فاتورة وصل رقم :1036 -ين,0,3610.000,pos_sale_payments,a7b3b0b9-6c2d-7557-6a89-8c5658622e45
e3b258d8-4288-b112-7e16-a3adf8baddeb,dbd4ba40-ae5d-cc54-90d8-237ca93706e0,2025-07-03,payment,دفعة على فاتورة فاتورة مبيعات : س-3237,0,1720.000,pos_sale_payments,e3b258d8-4288-b112-7e16-a3adf8baddeb
9b6d4bcb-7a70-4aed-eaf0-b19403470e29,be90f5f1-8d96-e074-e2ea-4bef535a9f0a,2026-02-26,payment,دفعة على فاتورة فاتورة مبيعات : س-6330,0,2850.000,pos_sale_payments,9b6d4bcb-7a70-4aed-eaf0-b19403470e29
7e0e46a0-e647-6a86-98f9-1d0412c16bf6,7da472b8-a8b6-232e-2940-3ceec619d9d5,2025-03-24,payment,دفعة على فاتورة فاتورة مبيعات : س-2212,0,270.000,pos_sale_payments,7e0e46a0-e647-6a86-98f9-1d0412c16bf6
ee3eed64-ae9a-9324-8161-0239e580c7fc,425a7d66-07b3-2304-cae0-4d6cb401967f,2025-04-13,payment,دفعة على فاتورة فاتورة مبيعات : س-2325,0,2420.000,pos_sale_payments,ee3eed64-ae9a-9324-8161-0239e580c7fc
48e896ff-4829-91f7-b502-87f715464b26,5301b33c-404f-43bf-edc6-2d2ab04da9a9,2025-07-03,payment,دفعة على فاتورة فاتورة مبيعات : س-3263,0,450.000,pos_sale_payments,48e896ff-4829-91f7-b502-87f715464b26
e5e75f2f-c3d6-4b2a-2696-4c7a7e7b38a3,ad8fd7ca-2d18-7722-18d1-0ec7dfeff2a5,2026-09-12,payment,دفعة على فاتورة وصل رقم :2751 -ين,0,200.000,pos_sale_payments,e5e75f2f-c3d6-4b2a-2696-4c7a7e7b38a3
58a3e3b2-56dc-70f7-419a-4572a6cb1000,4601eebc-8de5-f39b-5567-0ec72661de8a,2025-06-30,payment,دفعة على فاتورة وصل رقم :1242 -ين,0,1160.000,pos_sale_payments,58a3e3b2-56dc-70f7-419a-4572a6cb1000
7efdce67-4d57-3eea-c7eb-509fcbd5a0d1,24491e85-ec9a-b0bc-024a-40659ec350c3,2026-06-23,payment,دفعة على فاتورة فاتورة مبيعات : س-7167,0,600.000,pos_sale_payments,7efdce67-4d57-3eea-c7eb-509fcbd5a0d1
4cad7e8f-0792-0035-29b6-0bde0574d727,24491e85-ec9a-b0bc-024a-40659ec350c3,2026-06-20,payment,دفعة على فاتورة فاتورة مبيعات : س-7167,0,450.000,pos_sale_payments,4cad7e8f-0792-0035-29b6-0bde0574d727
0f9c4829-d4bf-152e-6f77-16fc6a4b2eb9,07125e46-bf91-0f66-e789-607862312c3e,2026-04-19,payment,دفعة على فاتورة فاتورة مبيعات : س-6701,0,2200.000,pos_sale_payments,0f9c4829-d4bf-152e-6f77-16fc6a4b2eb9
b3ead669-d3c0-0ca9-403a-f706064b4cd5,41d56e1f-824e-386b-4953-ed22f1766a4a,2025-06-12,payment,دفعة على فاتورة فاتورة مبيعات : س-2950,0,7500.000,pos_sale_payments,b3ead669-d3c0-0ca9-403a-f706064b4cd5
2735dc09-0368-96d2-d2a7-668a965cdcc1,ae985c8b-0c9f-a28e-4b20-ebd9277fb71c,2025-09-02,payment,دفعة على فاتورة وصل رقم :1456 -ين,0,640.000,pos_sale_payments,2735dc09-0368-96d2-d2a7-668a965cdcc1
93e4138c-328e-209f-b691-4d937d242945,49d3e6e9-72c1-4742-32a1-1d393776bafa,2025-02-19,payment,دفعة على فاتورة وصل رقم :0472 -ين,0,650.000,pos_sale_payments,93e4138c-328e-209f-b691-4d937d242945
16e7fc65-7909-2fa7-8774-942769a1ed08,e77873ab-2be8-ad15-88bb-9678799c17f8,2026-02-09,payment,دفعة على فاتورة فاتورة مبيعات : س-6156,0,500.000,pos_sale_payments,16e7fc65-7909-2fa7-8774-942769a1ed08
7ca56e24-0a5f-0e79-5e41-2690aad98bc4,c28c4f61-972f-5aa7-d424-77bb09e1b826,2025-12-08,payment,دفعة على فاتورة فاتورة مبيعات : س-5310,0,380.000,pos_sale_payments,7ca56e24-0a5f-0e79-5e41-2690aad98bc4
1209a3a3-26a6-491c-2af9-47a1f16820f0,644ef13c-f30f-6ab0-cf92-c61cf95a58ad,2025-12-13,payment,دفعة على فاتورة فاتورة مبيعات : س-4546,0,78.000,pos_sale_payments,1209a3a3-26a6-491c-2af9-47a1f16820f0
38c38236-d1d5-1c55-f370-8f070e87c29b,2125dda1-a7ff-12a1-850c-873017b3f866,2025-06-19,payment,دفعة على فاتورة فاتورة مبيعات : س-3060,0,45.000,pos_sale_payments,38c38236-d1d5-1c55-f370-8f070e87c29b
630383c2-e6a3-eb87-dc25-d451c169b701,9ba5ae3b-8573-0900-e648-348ae2ee6bb7,2026-05-10,payment,دفعة على فاتورة فاتورة مبيعات : س-6059,0,1090.000,pos_sale_payments,630383c2-e6a3-eb87-dc25-d451c169b701
0bb509c1-215e-12c1-d510-706464b5f9dc,2a69da17-a57f-6af9-6ba0-b0a0a5321921,2026-02-19,payment,دفعة على فاتورة فاتورة مبيعات : س-6294,0,440.000,pos_sale_payments,0bb509c1-215e-12c1-d510-706464b5f9dc
be10ff5a-3b82-28d3-b461-a71c98f6dd47,2a69da17-a57f-6af9-6ba0-b0a0a5321921,2026-02-25,payment,دفعة على فاتورة فاتورة مبيعات : س-6294,0,125.000,pos_sale_payments,be10ff5a-3b82-28d3-b461-a71c98f6dd47
bf7df86f-1e96-2d6c-2ec1-5f8db0b78af4,f7f0780f-fad9-6418-0d9f-518f646544ea,2026-01-21,payment,دفعة على فاتورة فاتورة مبيعات : س-5928,0,2600.000,pos_sale_payments,bf7df86f-1e96-2d6c-2ec1-5f8db0b78af4
7a73e703-2ef6-fa20-958d-86201176eff2,0ac753ed-a8a8-ac74-cd93-31f49d68623e,2025-03-24,payment,دفعة على فاتورة وصل رقم :0804 -ين,0,2510.000,pos_sale_payments,7a73e703-2ef6-fa20-958d-86201176eff2
ecc40d26-a5d7-7566-5b6a-bfbc066db23b,0ac753ed-a8a8-ac74-cd93-31f49d68623e,2025-03-23,payment,دفعة على فاتورة وصل رقم :0804 -ين,0,3000.000,pos_sale_payments,ecc40d26-a5d7-7566-5b6a-bfbc066db23b
5ab5ad87-ce24-2c6b-e441-584ab135e489,0b35bf3b-8609-9205-639c-b7740fc7aa84,2026-03-12,payment,دفعة على فاتورة فاتورة مبيعات : س-6410,0,1520.000,pos_sale_payments,5ab5ad87-ce24-2c6b-e441-584ab135e489
48fa02bd-2e5f-ad0d-2b07-3c96d0f23417,82a95cfc-ad46-ba4d-d6ff-efb049ae13e9,2026-02-12,payment,دفعة على فاتورة وصل رقم :1936 -ين,0,900.000,pos_sale_payments,48fa02bd-2e5f-ad0d-2b07-3c96d0f23417
75faf1d6-e3f0-caa9-6c1a-e860ab92b32d,be90f5f1-8d96-e074-e2ea-4bef535a9f0a,2026-04-07,payment,دفعة على فاتورة فاتورة مبيعات : س-6376,0,1700.000,pos_sale_payments,75faf1d6-e3f0-caa9-6c1a-e860ab92b32d
275dcd55-2f6f-7889-6d03-55f0447b4145,26be6e32-624b-6f77-ac20-12136d217205,2026-01-31,payment,دفعة على فاتورة فاتورة مبيعات : س-5919,0,47.000,pos_sale_payments,275dcd55-2f6f-7889-6d03-55f0447b4145
840a2926-0991-1f1e-f18a-98cee41244d4,227e499b-e515-eec1-2b5a-74029dafdfbe,2026-05-10,payment,دفعة على فاتورة فاتورة مبيعات : س-4405,0,2147.000,pos_sale_payments,840a2926-0991-1f1e-f18a-98cee41244d4
62917e66-2dae-6dff-613b-e7a15ddcd8f5,2125dda1-a7ff-12a1-850c-873017b3f866,2026-02-05,payment,دفعة على فاتورة فاتورة مبيعات : س-2937,0,7.500,pos_sale_payments,62917e66-2dae-6dff-613b-e7a15ddcd8f5
c922e3fa-0591-5956-c542-d41f5b2b164e,c6dedb7b-8e44-3732-42e2-67053f612c9a,2026-05-25,payment,دفعة على فاتورة فاتورة مبيعات : س-6262,0,700.000,pos_sale_payments,c922e3fa-0591-5956-c542-d41f5b2b164e
61420a18-8d36-37e2-9afc-e19b6a0606a3,4ed504df-c336-c151-e1cc-7b15f6cfb028,2025-06-04,payment,دفعة على فاتورة فاتورة مبيعات : س-2876,0,1900.000,pos_sale_payments,61420a18-8d36-37e2-9afc-e19b6a0606a3
e76faef5-328c-91b1-2607-18569db8bf88,f7f0780f-fad9-6418-0d9f-518f646544ea,2025-11-10,payment,دفعة على فاتورة فاتورة مبيعات : س-5081,0,75.000,pos_sale_payments,e76faef5-328c-91b1-2607-18569db8bf88
893536be-bd89-aaa0-1a31-72f8f5a3ecdc,91dd8b39-cf9d-7f8f-a836-f1a97e964609,2025-01-25,payment,دفعة على فاتورة فاتورة مبيعات : س-1523,0,280.000,pos_sale_payments,893536be-bd89-aaa0-1a31-72f8f5a3ecdc
e8f316ef-c205-f273-eaab-47f94f560986,ca51e6ef-ab09-8fc3-5800-e4d9c18c58ae,2025-07-29,payment,دفعة على فاتورة فاتورة مبيعات : س-3368,0,2520.000,pos_sale_payments,e8f316ef-c205-f273-eaab-47f94f560986
af96633c-d492-81de-63b8-495a5171bf12,2dc897fb-7bbb-cdae-eb4c-560b1fabfc2e,2025-12-28,payment,دفعة على فاتورة فاتورة مبيعات : س-5579,0,2700.000,pos_sale_payments,af96633c-d492-81de-63b8-495a5171bf12
ce78cc6d-4a4b-9ed1-5781-bbb4c5aa2b72,5324b8f2-9402-5433-8235-432cf52b3bc6,2025-08-13,payment,دفعة على فاتورة وصل رقم :1250 -ين,0,450.000,pos_sale_payments,ce78cc6d-4a4b-9ed1-5781-bbb4c5aa2b72
5376b971-57f8-4965-96fa-c5879e8303d8,5324b8f2-9402-5433-8235-432cf52b3bc6,2025-07-16,payment,دفعة على فاتورة وصل رقم :1250 -ين,0,435.000,pos_sale_payments,5376b971-57f8-4965-96fa-c5879e8303d8
e73efdbc-dc1a-669b-1e94-1926c275d01a,fe80870a-d499-95cc-b340-36569d2f7881,2025-05-01,payment,دفعة على فاتورة فاتورة مبيعات : س-2131,0,140.000,pos_sale_payments,e73efdbc-dc1a-669b-1e94-1926c275d01a
85f30122-d2b5-81bf-6db2-50c4464c6b42,ec9f3314-1a4f-3ed1-d053-bb8841267827,2025-08-10,payment,دفعة على فاتورة فاتورة مبيعات : س-3594,0,300.000,pos_sale_payments,85f30122-d2b5-81bf-6db2-50c4464c6b42
3d35d6f0-2f70-b270-db1b-bca933655b7c,18ac7db1-f085-71de-01f5-c083b5a22781,2025-12-07,payment,دفعة على فاتورة فاتورة مبيعات : س-5227,0,28.000,pos_sale_payments,3d35d6f0-2f70-b270-db1b-bca933655b7c
58ee996d-2d55-9106-4819-cbf36976d3ef,f8c7e948-cd04-dc04-496f-e81777d4b1fd,2025-04-19,payment,دفعة على فاتورة وصل رقم :0599 -ين,0,665.000,pos_sale_payments,58ee996d-2d55-9106-4819-cbf36976d3ef
a9b64b37-71e5-ea70-22ca-6c8071003b8e,7a351396-f88e-07b9-02a2-63f7d49a281b,2025-11-24,payment,دفعة على فاتورة وصل رقم :1792 -ين,0,500.000,pos_sale_payments,a9b64b37-71e5-ea70-22ca-6c8071003b8e
e3f2d436-8aa8-0e70-a1f5-8558f27ac779,afa38818-e593-12bb-faab-816b35606723,2026-06-02,payment,دفعة على فاتورة فاتورة مبيعات : س-7013,0,500.000,pos_sale_payments,e3f2d436-8aa8-0e70-a1f5-8558f27ac779
7e4dab7b-a29c-bd0e-caa9-fd6243bfd884,abe7773a-87e7-2c42-825b-8e667b06f88c,2025-12-31,payment,دفعة على فاتورة فاتورة مبيعات : س-5203,0,1000.000,pos_sale_payments,7e4dab7b-a29c-bd0e-caa9-fd6243bfd884
b1bf1a97-42ae-fbb3-0377-4228c843cb46,3b62ab8c-8198-71a2-53d3-630223f8fdb6,2025-02-03,payment,دفعة على فاتورة وصل رقم :0293 -ين,0,100.000,pos_sale_payments,b1bf1a97-42ae-fbb3-0377-4228c843cb46
33c58b15-31a7-9400-1ded-e643a026c5b1,caeced45-780a-2d7d-0b29-94eaa1dfe074,2025-06-24,payment,دفعة على فاتورة فاتورة مبيعات : س-3112,0,2085.000,pos_sale_payments,33c58b15-31a7-9400-1ded-e643a026c5b1
25d3841d-3e2e-eaf1-ebd8-d4c10e67bc74,7df7b7d8-a837-69d5-bd2b-aee9219d185d,2026-09-14,payment,دفعة على فاتورة وصل رقم :2779 -ين,0,8430.000,pos_sale_payments,25d3841d-3e2e-eaf1-ebd8-d4c10e67bc74
ddf51511-0ba8-db56-1575-f885efb0d64a,6690116e-d3a7-6e3a-8ee8-9b9accc00e60,2026-08-13,payment,دفعة على فاتورة وصل رقم :2640 -ين,0,6000.000,pos_sale_payments,ddf51511-0ba8-db56-1575-f885efb0d64a
c1b8f984-0f45-532d-1831-e88202bab403,de6ca1f0-c12e-ed85-b53b-405cf614cfd3,2025-11-08,payment,دفعة على فاتورة فاتورة مبيعات : س-5038,0,3800.000,pos_sale_payments,c1b8f984-0f45-532d-1831-e88202bab403
bdcbee1b-a1c7-6127-2074-dd36281a5519,2125dda1-a7ff-12a1-850c-873017b3f866,2025-01-30,payment,دفعة على فاتورة فاتورة مبيعات : س-1556,0,35.000,pos_sale_payments,bdcbee1b-a1c7-6127-2074-dd36281a5519
6c59ad3b-4f1d-6847-b319-3622ebfce952,ab3d04f6-7baa-0313-65a0-512d7fd7a5b6,2026-09-16,payment,دفعة على فاتورة فاتورة مبيعات : س-7510,0,70.000,pos_sale_payments,6c59ad3b-4f1d-6847-b319-3622ebfce952
b9a8868f-4a13-1fa6-2a26-7ed708e69d71,e44ad758-fac2-c478-699c-e63981d45eaa,2026-07-12,payment,دفعة على فاتورة وصل رقم :2487 -ين,0,380.000,pos_sale_payments,b9a8868f-4a13-1fa6-2a26-7ed708e69d71
bdc6470d-0e31-b03a-79c0-127a12af95f8,468f3a8c-ae90-1849-f4f2-17bb6f19b882,2025-06-14,payment,دفعة على فاتورة فاتورة مبيعات : س-2906,0,300.000,pos_sale_payments,bdc6470d-0e31-b03a-79c0-127a12af95f8
33b5e103-f4e7-ee81-c126-f6d625ff5a7c,fcf6ddcc-148c-bf7e-3d79-a07d5f0d6013,2026-05-25,payment,دفعة على فاتورة فاتورة مبيعات : س-7005,0,1900.000,pos_sale_payments,33b5e103-f4e7-ee81-c126-f6d625ff5a7c
125def85-90e8-6da5-3937-526f407d3e90,3e7756c5-645d-0421-2e20-91e19288d75e,2025-06-01,payment,دفعة على فاتورة وصل رقم :1016 -ين,0,1180.000,pos_sale_payments,125def85-90e8-6da5-3937-526f407d3e90
efedd063-309d-c551-91cb-fd6f9c05de95,847133de-33b9-b0cb-7817-a8a8a0cc93d6,2025-04-12,payment,دفعة على فاتورة وصل رقم :0233 -ين,0,155.000,pos_sale_payments,efedd063-309d-c551-91cb-fd6f9c05de95
1e6cf6d8-f2ff-19d9-78a3-5c50fcc058ec,f8f4c2d5-973f-d177-70ec-0d4cc1e53413,2025-07-31,payment,دفعة على فاتورة فاتورة مبيعات : س-3645,0,1660.000,pos_sale_payments,1e6cf6d8-f2ff-19d9-78a3-5c50fcc058ec
29780e2f-9182-4137-7e31-dc063085cf6a,a79b7e0e-40ef-cbe5-25eb-87c5b36ff051,2025-06-12,payment,دفعة على فاتورة فاتورة مبيعات : س-2954,0,8000.000,pos_sale_payments,29780e2f-9182-4137-7e31-dc063085cf6a
a784898e-ffba-ccc8-c5a2-34215d215448,227e499b-e515-eec1-2b5a-74029dafdfbe,2026-05-10,payment,دفعة على فاتورة فاتورة مبيعات : س-4751,0,753.000,pos_sale_payments,a784898e-ffba-ccc8-c5a2-34215d215448
14dea64c-66bd-5942-d4dd-b159d590cbc0,9be5e8e4-e8cb-880c-79a4-d8231b99be03,2026-08-03,payment,دفعة على فاتورة فاتورة مبيعات : س-1453,0,70.000,pos_sale_payments,14dea64c-66bd-5942-d4dd-b159d590cbc0
6d779475-0a30-f1a0-4860-f384069a345c,468f3a8c-ae90-1849-f4f2-17bb6f19b882,2025-11-20,payment,دفعة على فاتورة فاتورة مبيعات : س-5077,0,20.000,pos_sale_payments,6d779475-0a30-f1a0-4860-f384069a345c
44d99948-de41-938b-193c-73ce3d8313ad,49312bd3-b9a5-5a25-9c26-8695f1450ed0,2025-09-27,payment,دفعة على فاتورة فاتورة مبيعات : س-4453,0,1460.000,pos_sale_payments,44d99948-de41-938b-193c-73ce3d8313ad
deafac75-4322-c52a-5e1b-a8e273967470,aca2b527-d91a-1695-5ba0-f4648f4ac902,2025-09-19,payment,دفعة على فاتورة وصل رقم :1572 -ين,0,1300.000,pos_sale_payments,deafac75-4322-c52a-5e1b-a8e273967470
76b8a744-c091-af43-cd91-c8948ac6e680,71affaca-d4de-c446-b1bb-94e91439217b,2025-03-23,payment,دفعة على فاتورة فاتورة مبيعات : س-2206,0,700.000,pos_sale_payments,76b8a744-c091-af43-cd91-c8948ac6e680
7439be50-30dc-dd30-f418-cd2020805757,644ef13c-f30f-6ab0-cf92-c61cf95a58ad,2025-09-20,payment,دفعة على فاتورة فاتورة مبيعات : س-4103,0,85.000,pos_sale_payments,7439be50-30dc-dd30-f418-cd2020805757
3feba3be-723d-f1de-9651-bc434997f55b,18ac7db1-f085-71de-01f5-c083b5a22781,2026-04-07,payment,دفعة على فاتورة فاتورة مبيعات : س-6233,0,345.000,pos_sale_payments,3feba3be-723d-f1de-9651-bc434997f55b
62705b8b-bd91-bcab-142a-e841947807f7,98229a0c-53c1-9979-f581-32c172e566bb,2026-02-02,payment,دفعة على فاتورة فاتورة مبيعات : س-5747,0,630.000,pos_sale_payments,62705b8b-bd91-bcab-142a-e841947807f7
466ae65e-78f9-561c-3f5f-31f10f2421e9,f8c7e948-cd04-dc04-496f-e81777d4b1fd,2025-04-19,payment,دفعة على فاتورة وصل رقم :0702 -ين,0,2000.000,pos_sale_payments,466ae65e-78f9-561c-3f5f-31f10f2421e9
8f9a68b6-4d5c-1b3c-c997-e253e8dc48ca,7f5048fa-dceb-7518-8df1-b4e26d42164f,2025-06-23,payment,دفعة على فاتورة وصل رقم :1191 -ين,0,1160.000,pos_sale_payments,8f9a68b6-4d5c-1b3c-c997-e253e8dc48ca
5c9d08ee-b0d9-8783-04dc-b68d3278456b,2125dda1-a7ff-12a1-850c-873017b3f866,2026-03-03,payment,دفعة على فاتورة فاتورة مبيعات : س-6207,0,14.000,pos_sale_payments,5c9d08ee-b0d9-8783-04dc-b68d3278456b
1284e1a1-33c8-c5e5-0ec8-515b1cd06b64,22e30ad5-0bd0-df80-69af-70646b4c89d0,2025-06-29,payment,دفعة على فاتورة فاتورة مبيعات : س-3028,0,70.000,pos_sale_payments,1284e1a1-33c8-c5e5-0ec8-515b1cd06b64
c8e90af3-f49d-24df-cd0f-7fbdd54ec25f,9be5e8e4-e8cb-880c-79a4-d8231b99be03,2025-01-20,payment,دفعة على فاتورة فاتورة مبيعات : س-1458,0,890.000,pos_sale_payments,c8e90af3-f49d-24df-cd0f-7fbdd54ec25f
1102515d-c51a-1c8f-c236-5ef67a5aeaa0,9be5e8e4-e8cb-880c-79a4-d8231b99be03,2026-08-03,payment,دفعة على فاتورة فاتورة مبيعات : س-1458,0,800.000,pos_sale_payments,1102515d-c51a-1c8f-c236-5ef67a5aeaa0
1e9992e5-ec65-cfbf-6e3e-77b047317954,98229a0c-53c1-9979-f581-32c172e566bb,2026-07-01,payment,دفعة على فاتورة فاتورة مبيعات : س-6593,0,45.000,pos_sale_payments,1e9992e5-ec65-cfbf-6e3e-77b047317954
645ae767-b383-0d72-2bc1-c095d706e247,2125dda1-a7ff-12a1-850c-873017b3f866,2026-07-06,payment,دفعة على فاتورة فاتورة مبيعات : س-7036,0,20.000,pos_sale_payments,645ae767-b383-0d72-2bc1-c095d706e247
5df1db01-3cae-114e-0bfb-2839492215a6,ec5e9614-3052-7c04-9b8a-faeb10fe9be7,2025-05-23,payment,دفعة على فاتورة فاتورة مبيعات : س-0491,0,160.000,pos_sale_payments,5df1db01-3cae-114e-0bfb-2839492215a6
7da20dde-5ddc-6a19-a430-a50e9e8a2d86,2125dda1-a7ff-12a1-850c-873017b3f866,2026-02-05,payment,دفعة على فاتورة فاتورة مبيعات : س-5560,0,4.750,pos_sale_payments,7da20dde-5ddc-6a19-a430-a50e9e8a2d86
60aa8349-045c-248b-bb80-b3d714b1967d,5a23a18e-5e52-0608-35d3-0ce76ee24d4f,2026-07-01,payment,دفعة على فاتورة وصل رقم :2381 -ين,0,4590.000,pos_sale_payments,60aa8349-045c-248b-bb80-b3d714b1967d
f7418274-0d96-084f-8390-f2f0de5ab93c,673897bf-9236-e8ad-e8dd-c65e9dea989f,2025-06-29,payment,دفعة على فاتورة فاتورة مبيعات : س-3168,0,2900.000,pos_sale_payments,f7418274-0d96-084f-8390-f2f0de5ab93c
3cae8172-bc8f-c1c3-3f84-2907a5614917,d650c140-f538-b4ae-3c31-89de07e8ff85,2025-02-20,payment,دفعة على فاتورة وصل رقم :0364 -ين,0,650.000,pos_sale_payments,3cae8172-bc8f-c1c3-3f84-2907a5614917
88203be4-0149-b3e5-b081-dae047493dc8,3c6fe792-48f4-98bd-2fa0-915ae02f08cc,2026-02-19,payment,دفعة على فاتورة وصل رقم :1992 -ين,0,1825.000,pos_sale_payments,88203be4-0149-b3e5-b081-dae047493dc8
54c1b656-1389-2136-ffaf-45da7b9be2a6,07d4512a-17b3-5de0-fc1f-31dc481c9ae1,2026-04-21,payment,دفعة على فاتورة وصل رقم :2141 -ين,0,260.000,pos_sale_payments,54c1b656-1389-2136-ffaf-45da7b9be2a6
91534ed0-525e-3952-9319-39e00d31596a,644ef13c-f30f-6ab0-cf92-c61cf95a58ad,2025-12-13,payment,دفعة على فاتورة فاتورة مبيعات : س-5037,0,1990.000,pos_sale_payments,91534ed0-525e-3952-9319-39e00d31596a
2ee064da-c713-85fe-4a18-a23404e93a0f,858619eb-02fa-fc05-5305-4715ad5657ef,2025-06-26,payment,دفعة على فاتورة وصل رقم :1231 -ين,0,7800.000,pos_sale_payments,2ee064da-c713-85fe-4a18-a23404e93a0f
d6b469c9-dcd9-256f-517c-b967fc4c9b82,858619eb-02fa-fc05-5305-4715ad5657ef,2025-06-30,payment,دفعة على فاتورة وصل رقم :1231 -ين,0,4000.000,pos_sale_payments,d6b469c9-dcd9-256f-517c-b967fc4c9b82
f1598e77-10d7-2305-d594-fb05748b9188,9ba5ae3b-8573-0900-e648-348ae2ee6bb7,2026-05-10,payment,دفعة على فاتورة فاتورة مبيعات : س-5741,0,280.000,pos_sale_payments,f1598e77-10d7-2305-d594-fb05748b9188
6b33ebfc-ddb1-16d5-6ab4-71cea0fe7e63,90f62d1d-8ada-e800-a56c-c862312c07ab,2025-09-16,payment,دفعة على فاتورة فاتورة مبيعات : س-4268,0,640.000,pos_sale_payments,6b33ebfc-ddb1-16d5-6ab4-71cea0fe7e63
e9178ec3-fabd-6d29-380e-8b3da10fb135,ee9229c0-1e04-3d14-6463-e90372d330fa,2025-09-20,payment,دفعة على فاتورة فاتورة مبيعات : س-4076,0,100.000,pos_sale_payments,e9178ec3-fabd-6d29-380e-8b3da10fb135
bce8f8c3-8bae-314f-8399-f5e8f66d7b15,9ba5ae3b-8573-0900-e648-348ae2ee6bb7,2026-01-10,payment,دفعة على فاتورة فاتورة مبيعات : س-5739,0,500.000,pos_sale_payments,bce8f8c3-8bae-314f-8399-f5e8f66d7b15
cea1daec-aa5f-1a07-a8d4-08b74ed90af4,9ba5ae3b-8573-0900-e648-348ae2ee6bb7,2026-01-14,payment,دفعة على فاتورة فاتورة مبيعات : س-5739,0,150.000,pos_sale_payments,cea1daec-aa5f-1a07-a8d4-08b74ed90af4
3475031f-5cf5-7f61-af72-e0d8cfec3b22,e0fc6702-5996-2dbf-12a4-cace45aba77f,2026-02-25,payment,دفعة على فاتورة وصل رقم :2010 -ين,0,550.000,pos_sale_payments,3475031f-5cf5-7f61-af72-e0d8cfec3b22
cc2d46f2-2936-451e-86a0-0b1e2f73dade,644ef13c-f30f-6ab0-cf92-c61cf95a58ad,2025-12-13,payment,دفعة على فاتورة فاتورة مبيعات : س-4548,0,1065.000,pos_sale_payments,cc2d46f2-2936-451e-86a0-0b1e2f73dade
0fc1fdf2-0533-9f3d-0660-0271ec8b355f,0920b236-0424-85f3-b004-3c5536b89ec3,2026-09-06,payment,دفعة على فاتورة وصل رقم :2729 -ين,0,800.000,pos_sale_payments,0fc1fdf2-0533-9f3d-0660-0271ec8b355f
ee051b77-4a21-dcd6-a14d-378c5ce2577a,2ab6ed3a-6250-547c-6d26-a42f1081c6d9,2025-10-05,payment,دفعة على فاتورة فاتورة مبيعات : س-0401,0,400.000,pos_sale_payments,ee051b77-4a21-dcd6-a14d-378c5ce2577a
dcc9482d-ee4c-dd02-4db0-f3f14521a182,0b5ecbcb-8a9a-45cd-4886-9e81532b4011,2026-08-18,payment,دفعة على فاتورة وصل رقم :2673 -ين,0,4900.000,pos_sale_payments,dcc9482d-ee4c-dd02-4db0-f3f14521a182
3e5ef7c6-d32f-2cfb-74db-c84b89702d5a,227e499b-e515-eec1-2b5a-74029dafdfbe,2026-05-10,payment,دفعة على فاتورة فاتورة مبيعات : س-6034,0,500.000,pos_sale_payments,3e5ef7c6-d32f-2cfb-74db-c84b89702d5a
59801a0b-f28e-d4cc-edd2-dc2e7d270807,227e499b-e515-eec1-2b5a-74029dafdfbe,2026-05-10,payment,دفعة على فاتورة فاتورة مبيعات : س-4868,0,100.000,pos_sale_payments,59801a0b-f28e-d4cc-edd2-dc2e7d270807
b953174b-965e-2eb3-207e-ff87436ef9ea,73bccc3e-3401-e82d-0326-f25c380dfbcb,2025-04-30,payment,دفعة على فاتورة فاتورة مبيعات : س-2511,0,870.000,pos_sale_payments,b953174b-965e-2eb3-207e-ff87436ef9ea
ac755184-d5e0-b0b3-267c-dbce91c6cc72,940610b3-26d2-4dbf-0c6e-111db0c80c47,2025-09-09,payment,دفعة على فاتورة فاتورة مبيعات : س-4199,0,50.000,pos_sale_payments,ac755184-d5e0-b0b3-267c-dbce91c6cc72
36c52d38-0369-763d-9540-dd351d59e6d6,1d33457d-f9c5-d7ae-b20e-1d938bd564f2,2025-08-17,payment,دفعة على فاتورة فاتورة مبيعات : س-3791,0,200.000,pos_sale_payments,36c52d38-0369-763d-9540-dd351d59e6d6
bf2e7e7e-a20c-4ef8-dffa-19876d2e808f,e44ad758-fac2-c478-699c-e63981d45eaa,2026-07-12,payment,دفعة على فاتورة وصل رقم :2526 -ين,0,500.000,pos_sale_payments,bf2e7e7e-a20c-4ef8-dffa-19876d2e808f
6298efa7-f18b-b236-6079-d94af1f4fd83,43ce1c5d-56ec-9a57-0418-44fcf7897680,2026-09-02,payment,دفعة على فاتورة وصل رقم :2711 -ين,0,4200.000,pos_sale_payments,6298efa7-f18b-b236-6079-d94af1f4fd83
5deb1931-6986-278c-76fc-a3250e7ecb7d,2125dda1-a7ff-12a1-850c-873017b3f866,2026-07-09,payment,دفعة على فاتورة فاتورة مبيعات : س-6619,0,61.328,pos_sale_payments,5deb1931-6986-278c-76fc-a3250e7ecb7d
f9f0e4b7-fd0c-9bfb-7440-98a3cb99a71f,5b3538df-12aa-9f01-537e-c79e1a5c66e0,2025-04-13,payment,دفعة على فاتورة فاتورة مبيعات : س-2211,0,1600.000,pos_sale_payments,f9f0e4b7-fd0c-9bfb-7440-98a3cb99a71f
ab232700-f725-87b9-9196-80e7c04422a1,e8b14498-4cc2-14cb-23d3-113bac1800e0,2025-07-01,payment,دفعة على فاتورة فاتورة مبيعات : س-3223,0,3900.000,pos_sale_payments,ab232700-f725-87b9-9196-80e7c04422a1
5060771c-26ea-e2b1-24e6-5da8b9f1cedc,92b1fdd9-f09c-eed8-a530-a9944cb7860c,2025-05-23,payment,دفعة على فاتورة فاتورة مبيعات : س-2466,0,63.000,pos_sale_payments,5060771c-26ea-e2b1-24e6-5da8b9f1cedc
7f349899-a748-e836-ecab-4222d75ece45,24035a4b-96be-8ba2-74a0-82abf7d85e26,2025-03-22,payment,دفعة على فاتورة وصل رقم :0353 -ين,0,900.000,pos_sale_payments,7f349899-a748-e836-ecab-4222d75ece45
11476c62-535c-a5a9-0b7f-bd884b4776db,7ebb261d-3573-fbf5-1691-b99b3270fea6,2025-04-27,payment,دفعة على فاتورة وصل رقم :0868 -ين,0,2000.000,pos_sale_payments,11476c62-535c-a5a9-0b7f-bd884b4776db
8ff84906-f4ec-6999-c10a-d316a911fb2f,97ec68bb-30da-9350-5dc0-335a2c7e6a0c,2025-02-23,payment,دفعة على فاتورة وصل رقم :0679 -ين,0,465.000,pos_sale_payments,8ff84906-f4ec-6999-c10a-d316a911fb2f
fc96a544-60a9-9a4d-5c35-2c50bfdbf751,98465f9f-2ed9-11a6-d1ac-6aa063576f04,2026-01-17,payment,دفعة على فاتورة فاتورة مبيعات : س-5864,0,2000.000,pos_sale_payments,fc96a544-60a9-9a4d-5c35-2c50bfdbf751
f5d81ead-b7a0-e9d0-6fe5-ee0afe29f418,8b43039c-2590-1ed8-0e44-ce7ee0869840,2025-03-18,payment,دفعة على فاتورة وصل رقم :0738 -ين,0,755.000,pos_sale_payments,f5d81ead-b7a0-e9d0-6fe5-ee0afe29f418
2e9c3c33-936e-423d-0ea3-a3a465e724f4,b1839049-aa57-29df-58da-ffe78de82626,2026-04-23,payment,دفعة على فاتورة وصل رقم :2135 -ين,0,4280.000,pos_sale_payments,2e9c3c33-936e-423d-0ea3-a3a465e724f4
5129fa9d-57ae-a7bb-582f-67ccca62447a,b1839049-aa57-29df-58da-ffe78de82626,2026-04-23,payment,دفعة على فاتورة وصل رقم :2135 -ين,0,5500.000,pos_sale_payments,5129fa9d-57ae-a7bb-582f-67ccca62447a
fb7bccb3-27eb-b160-f807-9628c3f5ef5a,f8318ac7-a937-cffd-4e51-86470e1e6e73,2026-07-30,payment,دفعة على فاتورة وصل رقم :2578 -ين,0,900.000,pos_sale_payments,fb7bccb3-27eb-b160-f807-9628c3f5ef5a
ea8966f7-4b9e-b02b-e920-25b6543372b6,c27753f7-5f3b-da2a-0f6b-b156ecd7a5c1,2025-04-14,payment,دفعة على فاتورة وصل رقم :0875 -ين,0,550.000,pos_sale_payments,ea8966f7-4b9e-b02b-e920-25b6543372b6
3a52cd9a-61fe-b9c7-f49b-3b4cb8c72ac1,fa90c124-d373-0f9e-dbbf-1b27468fb0c2,2025-12-13,payment,دفعة على فاتورة فاتورة مبيعات : س-1858,0,465.000,pos_sale_payments,3a52cd9a-61fe-b9c7-f49b-3b4cb8c72ac1
ae37d8c0-21b0-63f1-21fb-6fdd7939e721,27e36b7a-499e-9e64-40f2-19c6fe683636,2026-04-28,payment,دفعة على فاتورة فاتورة مبيعات : س-6716,0,7200.000,pos_sale_payments,ae37d8c0-21b0-63f1-21fb-6fdd7939e721
f54ce020-6c90-9537-193e-3ecf4de3e53d,058478f4-aca2-f24c-cc24-a0730f0ba85e,2026-07-20,payment,دفعة على فاتورة وصل رقم :2553 -ين,0,7000.000,pos_sale_payments,f54ce020-6c90-9537-193e-3ecf4de3e53d
b2de3d29-d6aa-216e-c8e6-fadcbb9c590e,058478f4-aca2-f24c-cc24-a0730f0ba85e,2026-07-21,payment,دفعة على فاتورة وصل رقم :2553 -ين,0,500.000,pos_sale_payments,b2de3d29-d6aa-216e-c8e6-fadcbb9c590e
1c8118a2-0d7f-541a-028e-8caf4724b791,74e9baec-358b-a63a-4fa8-4e3797f19bc5,2026-05-17,payment,دفعة على فاتورة فاتورة مبيعات : س-5284,0,500.000,pos_sale_payments,1c8118a2-0d7f-541a-028e-8caf4724b791
c5d8a884-cfb3-6b72-46b3-497b0971adbd,ec3ec37c-2bcb-4858-7185-25ae01c8ee01,2026-08-11,payment,دفعة على فاتورة وصل رقم :2637 -ين,0,6350.000,pos_sale_payments,c5d8a884-cfb3-6b72-46b3-497b0971adbd
abb0a214-13cc-1468-2655-5018ca7d6ad5,62b253c6-1f0b-3933-b2ee-b0ed107e5cb1,2025-01-08,payment,دفعة على فاتورة وصل رقم :0278 -ين,0,2360.000,pos_sale_payments,abb0a214-13cc-1468-2655-5018ca7d6ad5
bc99eaeb-942f-7e60-9f31-97a24f5320c6,f2bd75e8-d9c7-83b8-738f-caebdc508a63,2025-05-27,payment,دفعة على فاتورة فاتورة مبيعات : س-1243,0,820.000,pos_sale_payments,bc99eaeb-942f-7e60-9f31-97a24f5320c6
1ddcfc92-4cf0-517e-b739-226ff145fdca,3187a180-6260-a311-0399-6793385ddb55,2025-06-15,payment,دفعة على فاتورة فاتورة مبيعات : س-2999,0,40.000,pos_sale_payments,1ddcfc92-4cf0-517e-b739-226ff145fdca
6b8a47a6-931a-390e-16a0-ef898cf556a4,1ad2fe53-154a-6e4a-49bc-337312f5a98d,2025-04-24,payment,دفعة على فاتورة وصل رقم :0672 -ين,0,182.000,pos_sale_payments,6b8a47a6-931a-390e-16a0-ef898cf556a4
1cc99458-0a03-e15c-bd56-d75a328e6e69,62b253c6-1f0b-3933-b2ee-b0ed107e5cb1,2025-01-08,payment,دفعة على فاتورة وصل رقم :0317 -ين,0,120.000,pos_sale_payments,1cc99458-0a03-e15c-bd56-d75a328e6e69
c42817db-6c38-1c69-3529-8c9351db36b5,4aec2e66-fd20-f058-5935-8ba3b2514333,2026-09-13,payment,دفعة على فاتورة وصل رقم :2773 -ين,0,3100.000,pos_sale_payments,c42817db-6c38-1c69-3529-8c9351db36b5
bf656f89-267f-2079-33cc-3ef5cb318874,26be6e32-624b-6f77-ac20-12136d217205,2026-05-17,payment,دفعة على فاتورة فاتورة مبيعات : س-6834,0,48.000,pos_sale_payments,bf656f89-267f-2079-33cc-3ef5cb318874
673e5b83-4b13-de18-8206-c6232e056ae7,847133de-33b9-b0cb-7817-a8a8a0cc93d6,2025-04-30,payment,دفعة على فاتورة وصل رقم :0923 -ين,0,80.000,pos_sale_payments,673e5b83-4b13-de18-8206-c6232e056ae7
52d7bdb8-08e4-f049-2d4c-4d96bfa938ab,013ab999-49ed-db2a-324f-c9bc22b0f6e9,2026-03-28,payment,دفعة على فاتورة فاتورة مبيعات : س-5565,0,16.000,pos_sale_payments,52d7bdb8-08e4-f049-2d4c-4d96bfa938ab
352fbfdb-01b3-c030-b15e-07d911958573,468f3a8c-ae90-1849-f4f2-17bb6f19b882,2026-04-26,payment,دفعة على فاتورة فاتورة مبيعات : س-5399,0,70.000,pos_sale_payments,352fbfdb-01b3-c030-b15e-07d911958573
0ea21efa-a48c-70be-a3d9-95db3b8a8154,11ae76de-e387-4e9e-b4cb-cdf0aa016fb4,2025-02-20,payment,دفعة على فاتورة فاتورة مبيعات : س-1814,0,7600.000,pos_sale_payments,0ea21efa-a48c-70be-a3d9-95db3b8a8154
193475dd-44aa-f92b-e3a3-20477200e545,62b253c6-1f0b-3933-b2ee-b0ed107e5cb1,2025-01-08,payment,دفعة على فاتورة وصل رقم :0309 -ين,0,950.000,pos_sale_payments,193475dd-44aa-f92b-e3a3-20477200e545
5fcb121d-11d6-48eb-c71d-8bcab0d75f7f,227e499b-e515-eec1-2b5a-74029dafdfbe,2026-05-10,payment,دفعة على فاتورة فاتورة مبيعات : س-4685,0,270.000,pos_sale_payments,5fcb121d-11d6-48eb-c71d-8bcab0d75f7f
0fee8ca8-cb13-c007-255f-ec04b68fd7b6,fe4c5cf9-8949-966f-cfe9-0b83d456f9f9,2026-02-25,payment,دفعة على فاتورة وصل رقم :2009 -ين,0,150.000,pos_sale_payments,0fee8ca8-cb13-c007-255f-ec04b68fd7b6
66b12fd1-d746-04b0-fa57-325a7fea99d2,fe4c5cf9-8949-966f-cfe9-0b83d456f9f9,2026-02-24,payment,دفعة على فاتورة وصل رقم :2009 -ين,0,400.000,pos_sale_payments,66b12fd1-d746-04b0-fa57-325a7fea99d2
c5257376-833e-f887-967c-c3ed5b397633,2125dda1-a7ff-12a1-850c-873017b3f866,2026-07-06,payment,دفعة على فاتورة فاتورة مبيعات : س-7139,0,5.500,pos_sale_payments,c5257376-833e-f887-967c-c3ed5b397633
96b4540d-620a-3155-970e-09c8429c44db,9f1697a1-f6f8-d22e-00d7-7d5602f7217c,2026-06-03,payment,دفعة على فاتورة وصل رقم :2334 -ين,0,1400.000,pos_sale_payments,96b4540d-620a-3155-970e-09c8429c44db
aa16536b-d883-b633-df10-6f3ae6ebd642,f997e974-539e-4066-c591-f39d87d55bda,2025-09-27,payment,دفعة على فاتورة وصل رقم :1639 -ين,0,3400.000,pos_sale_payments,aa16536b-d883-b633-df10-6f3ae6ebd642
90def048-0377-f0e4-a8fe-e4e438ce846d,61cb269d-21df-dfef-9f4c-3fc923e14dd2,2025-06-04,payment,دفعة على فاتورة فاتورة مبيعات : س-2921,0,120.000,pos_sale_payments,90def048-0377-f0e4-a8fe-e4e438ce846d
7df5dab3-0ce2-1b48-2c29-4490dddf05df,468f3a8c-ae90-1849-f4f2-17bb6f19b882,2026-04-26,payment,دفعة على فاتورة فاتورة مبيعات : س-5416,0,50.000,pos_sale_payments,7df5dab3-0ce2-1b48-2c29-4490dddf05df
9eb224da-0923-4dea-8a87-7aa40b980b35,41aa5116-5a06-6784-e09f-09f0abfd9c40,2025-02-26,payment,دفعة على فاتورة وصل رقم :0671 -ين,0,3000.000,pos_sale_payments,9eb224da-0923-4dea-8a87-7aa40b980b35
ba67f50c-1aed-1289-d820-61631c1355a0,644ef13c-f30f-6ab0-cf92-c61cf95a58ad,2025-12-10,payment,دفعة على فاتورة وصل رقم :1754 -ين,0,990.000,pos_sale_payments,ba67f50c-1aed-1289-d820-61631c1355a0
e8a0c288-27a7-a0aa-f943-3efdfc660a8a,2363048e-ff77-f8af-a87b-1634ad13e56c,2025-10-12,payment,دفعة على فاتورة وصل رقم :1679 -ين,0,330.000,pos_sale_payments,e8a0c288-27a7-a0aa-f943-3efdfc660a8a
409d061c-dd15-5fe6-69b9-7f362c08cb86,2125dda1-a7ff-12a1-850c-873017b3f866,2026-03-03,payment,دفعة على فاتورة فاتورة مبيعات : س-5750,0,60.000,pos_sale_payments,409d061c-dd15-5fe6-69b9-7f362c08cb86
4a45f6c4-7a71-cf58-fc5b-ede26e3e85a6,2125dda1-a7ff-12a1-850c-873017b3f866,2026-08-27,payment,دفعة على فاتورة فاتورة مبيعات : س-5750,0,200.000,pos_sale_payments,4a45f6c4-7a71-cf58-fc5b-ede26e3e85a6
5abc3351-1496-1b21-a455-eb85b2b70f81,2125dda1-a7ff-12a1-850c-873017b3f866,2026-02-05,payment,دفعة على فاتورة فاتورة مبيعات : س-6027,0,68.000,pos_sale_payments,5abc3351-1496-1b21-a455-eb85b2b70f81
a8a2b270-d16a-6ffa-2863-04ed3e7067ac,e902ebba-197b-d8e6-e9db-8454afe0ac93,2026-09-12,payment,دفعة على فاتورة وصل رقم :2763 -ين,0,900.000,pos_sale_payments,a8a2b270-d16a-6ffa-2863-04ed3e7067ac
c44fd2ab-c157-e798-b58f-deea9f5c04f2,2078e461-30d1-068e-6d5c-14f1369f2fec,2024-08-23,payment,دفعة على فاتورة وصل رقم :0034,0,400.000,pos_sale_payments,c44fd2ab-c157-e798-b58f-deea9f5c04f2
30c24d1a-4bea-75c8-f67e-1463b4d001af,5ff189a8-a263-a2cc-b1e3-4d7b5dbfc035,2025-02-26,payment,دفعة على فاتورة وصل رقم :0700 -ين,0,11000.000,pos_sale_payments,30c24d1a-4bea-75c8-f67e-1463b4d001af
8f823eba-0b9e-433f-f9e5-34e6d26f7f6c,74e9baec-358b-a63a-4fa8-4e3797f19bc5,2025-11-26,payment,دفعة على فاتورة فاتورة مبيعات : س-5251,0,210.000,pos_sale_payments,8f823eba-0b9e-433f-f9e5-34e6d26f7f6c
eec63ab3-70b2-ff2e-5ccc-18d32f3d63ea,744c3ae8-cf20-5a89-84f7-1873007f26e5,2025-01-29,payment,دفعة على فاتورة وصل رقم :0464 -ين,0,790.000,pos_sale_payments,eec63ab3-70b2-ff2e-5ccc-18d32f3d63ea
253980e6-58b7-54be-6377-74e81489814b,5c552274-e75a-135a-3421-23830ebcac1a,2026-05-11,payment,دفعة على فاتورة فاتورة مبيعات : س-6872,0,6800.000,pos_sale_payments,253980e6-58b7-54be-6377-74e81489814b
d23ad95c-6dc2-a5af-0c95-0fef04d7d1e1,7fd035e1-03aa-5ade-ac8d-f7cdd2922d06,2026-06-18,payment,دفعة على فاتورة فاتورة مبيعات : س-7136,0,2500.000,pos_sale_payments,d23ad95c-6dc2-a5af-0c95-0fef04d7d1e1
1e7c9932-f03a-55e8-9f07-cd459acdc595,6cabe42b-8078-7b55-a40e-1fc479d0d5e4,2026-07-22,payment,دفعة على فاتورة فاتورة مبيعات : س-7316,0,1300.000,pos_sale_payments,1e7c9932-f03a-55e8-9f07-cd459acdc595
c1c97613-9bb7-e599-1035-6223b32d8cf6,8942fcb7-31fd-545c-43a6-6aae4c50bef1,2025-06-15,payment,دفعة على فاتورة فاتورة مبيعات : س-3002,0,7.000,pos_sale_payments,c1c97613-9bb7-e599-1035-6223b32d8cf6
38900501-6620-620c-7518-d98d1f39e4d4,013ab999-49ed-db2a-324f-c9bc22b0f6e9,2026-03-28,payment,دفعة على فاتورة فاتورة مبيعات : س-5631,0,4220.000,pos_sale_payments,38900501-6620-620c-7518-d98d1f39e4d4
bf5fb941-65f9-fc7e-8a06-6cc4b598160e,f8f4d975-47f6-88ab-14d9-9b98979f3b44,2026-07-26,payment,دفعة على فاتورة فاتورة مبيعات : س-7335,0,250.000,pos_sale_payments,bf5fb941-65f9-fc7e-8a06-6cc4b598160e
ccc6c60e-4a80-d14f-681c-36c58dc4f317,6154e126-6844-fb8f-1a3a-f2ec548d6f43,2025-09-08,payment,دفعة على فاتورة فاتورة مبيعات : س-4172,0,4650.000,pos_sale_payments,ccc6c60e-4a80-d14f-681c-36c58dc4f317
eb93949a-c1da-dcfc-4076-090ec36c59bb,e44ad758-fac2-c478-699c-e63981d45eaa,2026-06-06,payment,دفعة على فاتورة وصل رقم :2328 -ين,0,580.000,pos_sale_payments,eb93949a-c1da-dcfc-4076-090ec36c59bb
cf654e24-e769-d0fa-8d7c-2618369f43de,6c1f7106-e209-c221-33b0-5644d02dd5cb,2026-08-29,payment,دفعة على فاتورة وصل رقم :2710 -ين,0,1300.000,pos_sale_payments,cf654e24-e769-d0fa-8d7c-2618369f43de
9c060f81-0a45-8924-c82c-231eda29a927,de6ca1f0-c12e-ed85-b53b-405cf614cfd3,2025-11-10,payment,دفعة على فاتورة فاتورة مبيعات : س-5072,0,640.000,pos_sale_payments,9c060f81-0a45-8924-c82c-231eda29a927
e2f47184-9736-7fb5-94f7-1090b971e8bd,9ba5ae3b-8573-0900-e648-348ae2ee6bb7,2026-05-10,payment,دفعة على فاتورة فاتورة مبيعات : س-5303,0,2400.000,pos_sale_payments,e2f47184-9736-7fb5-94f7-1090b971e8bd
ed5f6fb5-7ab7-20b7-f540-48e1bc1bd78d,9ba5ae3b-8573-0900-e648-348ae2ee6bb7,2026-01-27,payment,دفعة على فاتورة فاتورة مبيعات : س-5303,0,5000.000,pos_sale_payments,ed5f6fb5-7ab7-20b7-f540-48e1bc1bd78d
d89939c1-5820-d9f5-12ae-73646d4ece60,002b4074-36c6-bf0e-6d62-2714e9d05179,2025-02-22,payment,دفعة على فاتورة فاتورة مبيعات : س-1893,0,250.000,pos_sale_payments,d89939c1-5820-d9f5-12ae-73646d4ece60
54ed059a-c535-607d-35b3-2c6c5eb85a8e,468f3a8c-ae90-1849-f4f2-17bb6f19b882,2025-11-20,payment,دفعة على فاتورة فاتورة مبيعات : س-5078,0,15.000,pos_sale_payments,54ed059a-c535-607d-35b3-2c6c5eb85a8e
a996c0e9-4b22-7a7c-a766-152c9fe38657,e44ad758-fac2-c478-699c-e63981d45eaa,2026-07-20,payment,دفعة على فاتورة وصل رقم :2541 -ين,0,375.000,pos_sale_payments,a996c0e9-4b22-7a7c-a766-152c9fe38657
4700e015-6151-33f9-2323-8366faee46ec,2125dda1-a7ff-12a1-850c-873017b3f866,2025-08-24,payment,دفعة على فاتورة فاتورة مبيعات : س-3933,0,190.833,pos_sale_payments,4700e015-6151-33f9-2323-8366faee46ec
56d30b4b-ccfc-aca4-4829-e29db1d75cec,1ad2fe53-154a-6e4a-49bc-337312f5a98d,2025-09-25,payment,دفعة على فاتورة وصل رقم :1446 -ين,0,350.000,pos_sale_payments,56d30b4b-ccfc-aca4-4829-e29db1d75cec
168061b2-9f35-d88f-28b7-1a6845d15f47,aa77d87f-3ed0-3cfa-2c7f-6336f054b0d7,2025-10-30,payment,دفعة على فاتورة فاتورة مبيعات : س-4931,0,240.000,pos_sale_payments,168061b2-9f35-d88f-28b7-1a6845d15f47
d782c2f9-24c9-c152-9c4a-5abd1dc9bcf2,847133de-33b9-b0cb-7817-a8a8a0cc93d6,2025-03-10,payment,دفعة على فاتورة وصل رقم :0695 -ين,0,300.000,pos_sale_payments,d782c2f9-24c9-c152-9c4a-5abd1dc9bcf2
5801fb76-ff80-18a1-8b8b-6564dac6efc7,f4b6608b-7fce-7ad4-5855-e70c469dd43e,2025-02-20,payment,دفعة على فاتورة وصل رقم :0301 -ين,0,700.000,pos_sale_payments,5801fb76-ff80-18a1-8b8b-6564dac6efc7
850e3c7e-f7f5-4dc5-aa9c-de6af2bee27c,89ebd02d-80fd-cd83-25d8-1209a6b7c34f,2025-02-01,payment,دفعة على فاتورة فاتورة مبيعات : س-1609,0,900.000,pos_sale_payments,850e3c7e-f7f5-4dc5-aa9c-de6af2bee27c
7cacb43b-50e1-de10-bbf8-2ca3f52093a6,edcb3b6c-1c76-9a61-878b-90544d95d520,2025-07-31,payment,دفعة على فاتورة فاتورة مبيعات : س-3641,0,270.000,pos_sale_payments,7cacb43b-50e1-de10-bbf8-2ca3f52093a6
b1dcf243-4e23-7381-6d9c-565f4c9bc046,059bc20c-179a-325b-b846-554d1d70b14a,2026-04-29,payment,دفعة على فاتورة وصل رقم :1734 -ين,0,1000.000,pos_sale_payments,b1dcf243-4e23-7381-6d9c-565f4c9bc046
c776cf43-aaa1-a9c5-9469-7877b6f3419d,92b1fdd9-f09c-eed8-a530-a9944cb7860c,2025-05-23,payment,دفعة على فاتورة فاتورة مبيعات : س-1953,0,12.000,pos_sale_payments,c776cf43-aaa1-a9c5-9469-7877b6f3419d
f6b3524e-204d-f6d8-598b-8b564234e264,e44ad758-fac2-c478-699c-e63981d45eaa,2026-08-17,payment,دفعة على فاتورة وصل رقم :2607 -ين,0,100.000,pos_sale_payments,f6b3524e-204d-f6d8-598b-8b564234e264
832a8e03-fda4-477f-4037-d8033c3154dd,f801b1e7-1745-c3b8-a11f-cfd1a2322aa1,2025-02-24,payment,دفعة على فاتورة وصل رقم :0589 -ين,0,2550.000,pos_sale_payments,832a8e03-fda4-477f-4037-d8033c3154dd
cedda68f-ba14-f04d-68eb-9d33ce9f616c,f801b1e7-1745-c3b8-a11f-cfd1a2322aa1,2025-02-16,payment,دفعة على فاتورة وصل رقم :0589 -ين,0,1000.000,pos_sale_payments,cedda68f-ba14-f04d-68eb-9d33ce9f616c
d577f1a5-8df6-9b83-1a4e-97a12b75c820,0af433ba-84b1-4cad-ecc6-6fd1799674a5,2026-01-10,payment,دفعة على فاتورة فاتورة مبيعات : س-5780,0,3000.000,pos_sale_payments,d577f1a5-8df6-9b83-1a4e-97a12b75c820
aa56491b-fa74-1e39-e4c4-3eaf5e132d33,013ab999-49ed-db2a-324f-c9bc22b0f6e9,2026-03-28,payment,دفعة على فاتورة فاتورة مبيعات : س-5655,0,1150.000,pos_sale_payments,aa56491b-fa74-1e39-e4c4-3eaf5e132d33
0798d2c3-bfa5-e9a7-06e3-6e9fbd5dd29a,770fad49-63eb-c9e4-dff2-14de1be7b499,2025-02-18,payment,دفعة على فاتورة فاتورة مبيعات : س-1856,0,700.000,pos_sale_payments,0798d2c3-bfa5-e9a7-06e3-6e9fbd5dd29a
82937593-28d4-03ef-68f5-b201c13e879e,840319f3-18fb-a99a-c17c-c14d651ff5f7,2025-08-25,payment,دفعة على فاتورة وصل رقم :1499 -ين,0,1000.000,pos_sale_payments,82937593-28d4-03ef-68f5-b201c13e879e
eaa1acb6-e890-562e-8056-2509464bd8d1,0d72fe65-e1f8-2f5f-7a52-1886052bc6f2,2025-07-10,payment,دفعة على فاتورة وصل رقم :1311 -ين,0,3000.000,pos_sale_payments,eaa1acb6-e890-562e-8056-2509464bd8d1
bec68f17-a5cc-8d3e-ecc1-3bc7f4e311b8,2382c618-2753-fa85-9a58-6531643a4208,2026-09-05,payment,دفعة على فاتورة وصل رقم :2540 -ين,0,9680.000,pos_sale_payments,bec68f17-a5cc-8d3e-ecc1-3bc7f4e311b8
cf5ca7d5-4b6e-aa07-b10d-b3543f0ad9ac,e44ad758-fac2-c478-699c-e63981d45eaa,2026-08-17,payment,دفعة على فاتورة وصل رقم :2582 -ين,0,670.000,pos_sale_payments,cf5ca7d5-4b6e-aa07-b10d-b3543f0ad9ac
04852ded-3d82-701b-bc5a-4b4ccb22ca24,9fd04903-0a9b-e522-ca3f-a05e24a6c1b1,2025-03-03,payment,دفعة على فاتورة وصل رقم :0312 -ين,0,1250.000,pos_sale_payments,04852ded-3d82-701b-bc5a-4b4ccb22ca24
66fa03e0-7af0-772b-aa45-735d133509e8,227e499b-e515-eec1-2b5a-74029dafdfbe,2026-05-10,payment,دفعة على فاتورة فاتورة مبيعات : س-5594,0,2610.000,pos_sale_payments,66fa03e0-7af0-772b-aa45-735d133509e8
3853b59d-4df4-e2ea-f8a4-44d115b9fd05,537e588f-e880-b0d4-4667-c09c85a593ef,2025-05-24,payment,دفعة على فاتورة وصل رقم :1052 -ين,0,700.000,pos_sale_payments,3853b59d-4df4-e2ea-f8a4-44d115b9fd05
a48f2a9d-2923-9743-663e-b3a50384a64e,2125dda1-a7ff-12a1-850c-873017b3f866,2026-02-05,payment,دفعة على فاتورة فاتورة مبيعات : س-4765,0,5.650,pos_sale_payments,a48f2a9d-2923-9743-663e-b3a50384a64e
605f731e-859c-1c24-22d2-3623ef284f44,f34a5cdd-be8d-5c7f-2a52-8c3bcdc0bc36,2026-05-09,payment,دفعة على فاتورة وصل رقم :2213 -ين,0,740.000,pos_sale_payments,605f731e-859c-1c24-22d2-3623ef284f44
38e894e3-d793-24a9-9e89-cc65c4e0701b,013ab999-49ed-db2a-324f-c9bc22b0f6e9,2025-10-27,payment,دفعة على فاتورة فاتورة مبيعات : س-4864,0,1800.000,pos_sale_payments,38e894e3-d793-24a9-9e89-cc65c4e0701b
73b7f77f-89a1-0234-3822-7e2c66afff23,a7ffb362-0f49-7897-d268-df09b17b3e03,2025-05-23,payment,دفعة على فاتورة فاتورة مبيعات : س-2407,0,550.000,pos_sale_payments,73b7f77f-89a1-0234-3822-7e2c66afff23
a554e456-1fe2-7c40-39e6-e84729691e33,013ab999-49ed-db2a-324f-c9bc22b0f6e9,2026-07-19,payment,دفعة على فاتورة فاتورة مبيعات : س-6878,0,2800.000,pos_sale_payments,a554e456-1fe2-7c40-39e6-e84729691e33
22795c7e-67d5-2461-6daf-10f36bc8bfaa,1cac5d70-4ee8-9e36-d2e9-6e74478560ae,2025-07-22,payment,دفعة على فاتورة وصل رقم :1276 -ين,0,500.000,pos_sale_payments,22795c7e-67d5-2461-6daf-10f36bc8bfaa
d86c9e50-a30b-499e-7ca8-6c3230bdf76d,1cac5d70-4ee8-9e36-d2e9-6e74478560ae,2025-07-22,payment,دفعة على فاتورة وصل رقم :1276 -ين,0,5000.000,pos_sale_payments,d86c9e50-a30b-499e-7ca8-6c3230bdf76d
e3ae2131-a334-2b76-16f6-92c8442caa8c,43a73281-3a77-9ad8-4f21-6397d3f1c37f,2026-03-08,payment,دفعة على فاتورة وصل رقم :2037 -ين,0,680.000,pos_sale_payments,e3ae2131-a334-2b76-16f6-92c8442caa8c
a9daecb9-c2d1-65c5-25d6-e0e0d1164ac0,227e499b-e515-eec1-2b5a-74029dafdfbe,2026-05-10,payment,دفعة على فاتورة فاتورة مبيعات : س-6084,0,1950.000,pos_sale_payments,a9daecb9-c2d1-65c5-25d6-e0e0d1164ac0
4c6fb345-1a5c-4fc6-2596-bf3c6c1d6a50,356ca804-dbc3-adad-9213-ee11712f35b9,2025-01-20,payment,دفعة على فاتورة وصل رقم :0405 -ين,0,300.000,pos_sale_payments,4c6fb345-1a5c-4fc6-2596-bf3c6c1d6a50
e65daa2a-6426-4ab3-5cbd-e3127bd06c7b,bc587a81-0f62-925f-9402-19de71eaaaf0,2025-02-06,payment,دفعة على فاتورة وصل رقم :0536 -ين,0,50.000,pos_sale_payments,e65daa2a-6426-4ab3-5cbd-e3127bd06c7b
f2abed75-e940-050d-7ea1-02b092086fc4,784d94bd-3a29-a164-38e0-74109df7fda5,2026-08-19,payment,دفعة على فاتورة وصل رقم :2655 -ين,0,2450.000,pos_sale_payments,f2abed75-e940-050d-7ea1-02b092086fc4
12d78fca-ef93-cd96-75a5-3ffeb59254b8,4a720260-4910-a128-a979-6ae3b4a6fa52,2025-05-01,payment,دفعة على فاتورة وصل رقم :0949 -ين,0,870.000,pos_sale_payments,12d78fca-ef93-cd96-75a5-3ffeb59254b8
b28fb972-cb87-1331-5759-63e459d09a4c,ee9229c0-1e04-3d14-6463-e90372d330fa,2025-09-13,payment,دفعة على فاتورة فاتورة مبيعات : س-4031,0,1000.000,pos_sale_payments,b28fb972-cb87-1331-5759-63e459d09a4c
695b523c-35fc-18fc-e92b-5db3a2eb8970,ee9229c0-1e04-3d14-6463-e90372d330fa,2025-08-30,payment,دفعة على فاتورة فاتورة مبيعات : س-4031,0,2000.000,pos_sale_payments,695b523c-35fc-18fc-e92b-5db3a2eb8970
dfec8b3a-735e-8e22-3ad3-ab610a631ebf,06dff912-1eff-0130-aeef-2b9ac24906d9,2025-06-22,payment,دفعة على فاتورة وصل رقم :0801 -ين,0,350.000,pos_sale_payments,dfec8b3a-735e-8e22-3ad3-ab610a631ebf
4b76f040-d50b-2b5a-4ca1-6aaa5ab941cc,98229a0c-53c1-9979-f581-32c172e566bb,2026-01-03,payment,دفعة على فاتورة فاتورة مبيعات : س-5511,0,360.000,pos_sale_payments,4b76f040-d50b-2b5a-4ca1-6aaa5ab941cc
1e145741-db2e-92c3-c7e7-f3efd170681e,f7f0780f-fad9-6418-0d9f-518f646544ea,2025-11-10,payment,دفعة على فاتورة فاتورة مبيعات : س-4936,0,17000.000,pos_sale_payments,1e145741-db2e-92c3-c7e7-f3efd170681e
3caee19e-28cd-ee32-194f-bfba8277ef8c,a117379b-85fd-a66f-f86c-cf9e8a209ccc,2026-07-16,payment,دفعة على فاتورة فاتورة مبيعات : س-7276,0,350.000,pos_sale_payments,3caee19e-28cd-ee32-194f-bfba8277ef8c
35fe2d66-e1ad-14c7-14db-c994a2c78aae,a117379b-85fd-a66f-f86c-cf9e8a209ccc,2026-07-16,payment,دفعة على فاتورة فاتورة مبيعات : س-7276,0,300.000,pos_sale_payments,35fe2d66-e1ad-14c7-14db-c994a2c78aae
36b2cf5c-c714-3de0-6705-e04dd1e35bca,b4d676f0-9b83-c607-8c0d-e6c016d98f3b,2025-05-23,payment,دفعة على فاتورة فاتورة مبيعات : س-2770,0,560.000,pos_sale_payments,36b2cf5c-c714-3de0-6705-e04dd1e35bca
63896cf4-d794-c0f4-70b5-ab42faaf30c7,227e499b-e515-eec1-2b5a-74029dafdfbe,2026-05-10,payment,دفعة على فاتورة فاتورة مبيعات : س-5509,0,950.000,pos_sale_payments,63896cf4-d794-c0f4-70b5-ab42faaf30c7
d669d46d-d017-15d7-3c2e-cf79eb72e353,e4b6803a-d2cc-7454-30e8-3b8c80e6339e,2026-08-19,payment,دفعة على فاتورة وصل رقم :2645 -ين,0,2430.000,pos_sale_payments,d669d46d-d017-15d7-3c2e-cf79eb72e353
26fd89db-d8c3-5e9c-72c6-b2a6d7e95f0a,e4b6803a-d2cc-7454-30e8-3b8c80e6339e,2026-08-16,payment,دفعة على فاتورة وصل رقم :2645 -ين,0,2000.000,pos_sale_payments,26fd89db-d8c3-5e9c-72c6-b2a6d7e95f0a
a64ce202-f4e3-9680-054f-14ac893f620f,013ab999-49ed-db2a-324f-c9bc22b0f6e9,2026-03-28,payment,دفعة على فاتورة فاتورة مبيعات : س-5605,0,2410.000,pos_sale_payments,a64ce202-f4e3-9680-054f-14ac893f620f
719b45a6-f416-20c5-4f45-d40c5ada69f1,ca51e6ef-ab09-8fc3-5800-e4d9c18c58ae,2025-07-29,payment,دفعة على فاتورة فاتورة مبيعات : س-2386,0,640.000,pos_sale_payments,719b45a6-f416-20c5-4f45-d40c5ada69f1
261e4c30-9741-4743-8479-ddcb93570404,644ef13c-f30f-6ab0-cf92-c61cf95a58ad,2025-12-13,payment,دفعة على فاتورة فاتورة مبيعات : س-4622,0,900.000,pos_sale_payments,261e4c30-9741-4743-8479-ddcb93570404
399b950c-1253-1eac-c8cd-72bb6789af88,767f865d-0ed3-2c9f-07e2-1f9350060f64,2026-06-29,payment,دفعة على فاتورة وصل رقم :2464 -ين,0,11700.000,pos_sale_payments,399b950c-1253-1eac-c8cd-72bb6789af88
deb6e113-f438-e681-5d4d-f8c933475027,7053bc51-29ec-81eb-09da-b89677f4ebff,2025-09-23,payment,دفعة على فاتورة فاتورة مبيعات : س-3669,0,460.000,pos_sale_payments,deb6e113-f438-e681-5d4d-f8c933475027
b604f02c-2d1d-3525-f1f8-2e9e174ec2c6,818abbf5-40f8-d3bb-709e-a6192395116d,2025-05-25,payment,دفعة على فاتورة وصل رقم :0043 -ين,0,540.000,pos_sale_payments,b604f02c-2d1d-3525-f1f8-2e9e174ec2c6
30a621c8-c64a-5c8b-8ab0-1f67e4921d25,e44ad758-fac2-c478-699c-e63981d45eaa,2026-05-11,payment,دفعة على فاتورة وصل رقم :2119 -ين,0,130.000,pos_sale_payments,30a621c8-c64a-5c8b-8ab0-1f67e4921d25
b8e1562d-fb4b-6b2e-fd3b-c0905905927a,7963410a-6c41-c75f-b75f-6011e733871a,2025-08-06,payment,دفعة على فاتورة وصل رقم :1321 -ين,0,1750.000,pos_sale_payments,b8e1562d-fb4b-6b2e-fd3b-c0905905927a
66d0d94f-3350-9362-ca7c-9b1cf923099e,9ba5ae3b-8573-0900-e648-348ae2ee6bb7,2026-05-10,payment,دفعة على فاتورة فاتورة مبيعات : س-5792,0,230.000,pos_sale_payments,66d0d94f-3350-9362-ca7c-9b1cf923099e
43afe3ba-bc68-73f3-4833-a39a9aabd3df,9ba5ae3b-8573-0900-e648-348ae2ee6bb7,2026-01-14,payment,دفعة على فاتورة فاتورة مبيعات : س-5792,0,100.000,pos_sale_payments,43afe3ba-bc68-73f3-4833-a39a9aabd3df
04958bf9-73bb-165e-af33-256684735d53,73492e69-b748-aab7-80a7-ac8c2a863f10,2026-08-02,payment,دفعة على فاتورة وصل رقم :2583 -ين,0,1520.000,pos_sale_payments,04958bf9-73bb-165e-af33-256684735d53
7ed12efb-d025-634f-a5d7-a6fe5f83be2e,73492e69-b748-aab7-80a7-ac8c2a863f10,2026-08-02,payment,دفعة على فاتورة وصل رقم :2583 -ين,0,1480.000,pos_sale_payments,7ed12efb-d025-634f-a5d7-a6fe5f83be2e
f6db4481-f431-9291-4034-4ba1538b2d37,015cd268-50df-b468-9d72-17ce83cd871e,2026-04-15,payment,دفعة على فاتورة وصل رقم :2127 -ين,0,1500.000,pos_sale_payments,f6db4481-f431-9291-4034-4ba1538b2d37
7ef80f2f-375a-2245-7675-8511843c38c2,9024bd80-bdbe-78d6-30f7-4f22602ad44d,2025-11-01,payment,دفعة على فاتورة فاتورة مبيعات : س-4623,0,500.000,pos_sale_payments,7ef80f2f-375a-2245-7675-8511843c38c2
2d9fe8dd-3761-c8cf-00aa-5c8f894ad72d,9ba5ae3b-8573-0900-e648-348ae2ee6bb7,2026-05-10,payment,دفعة على فاتورة فاتورة مبيعات : س-5983,0,420.000,pos_sale_payments,2d9fe8dd-3761-c8cf-00aa-5c8f894ad72d
4de2304e-6775-8041-2a5c-2c350caab93b,7050c8d1-7381-cf58-efd2-db0ebb676040,2026-01-21,payment,دفعة على فاتورة وصل رقم :1885 -ين,0,300.000,pos_sale_payments,4de2304e-6775-8041-2a5c-2c350caab93b
139e0711-c173-a815-db0c-32b3f85126f9,8d7fb594-b565-daea-3d37-1561af376645,2025-02-08,payment,دفعة على فاتورة فاتورة مبيعات : س-1733,0,394.000,pos_sale_payments,139e0711-c173-a815-db0c-32b3f85126f9
8ea2085f-a6db-c7c9-e9e3-b715a0d94e63,7a35caef-83d2-8776-1f8c-8958a6c3e33c,2025-04-07,payment,دفعة على فاتورة فاتورة مبيعات : س-2277,0,9000.000,pos_sale_payments,8ea2085f-a6db-c7c9-e9e3-b715a0d94e63
142cad7c-0661-3e19-8e6a-3042f2993acb,eb8ffc4c-bce8-7621-213a-ea316acaf1fc,2025-05-26,payment,دفعة على فاتورة فاتورة مبيعات : س-2801,0,300.000,pos_sale_payments,142cad7c-0661-3e19-8e6a-3042f2993acb
626f3985-3868-106f-7a42-edadcd49ddd6,fcdc1420-c34c-bd01-0de9-d86ed84db096,2025-12-28,payment,دفعة على فاتورة وصل رقم :1842 -ين,0,1250.000,pos_sale_payments,626f3985-3868-106f-7a42-edadcd49ddd6
a22eecfa-634f-232b-e38e-aacbb6dc7c9a,8060d04e-e528-a203-eef3-9a6f093dfe83,2026-03-05,payment,دفعة على فاتورة فاتورة مبيعات : س-6368,0,15.000,pos_sale_payments,a22eecfa-634f-232b-e38e-aacbb6dc7c9a
179359d2-4c60-e9ad-1367-6ab7caefd38f,f2bd75e8-d9c7-83b8-738f-caebdc508a63,2025-05-27,payment,دفعة على فاتورة فاتورة مبيعات : س-2467,0,1150.000,pos_sale_payments,179359d2-4c60-e9ad-1367-6ab7caefd38f
f4ba7131-0884-f363-e45d-98e1471fbf04,d538b903-014c-e555-b477-909cfdbaf651,2026-05-07,payment,دفعة على فاتورة وصل رقم :2211 -ين,0,850.000,pos_sale_payments,f4ba7131-0884-f363-e45d-98e1471fbf04
be5ec030-5879-00bb-b64b-6465df2d2f91,c4a76bbf-7c67-d253-b57b-084b02a991f3,2025-07-01,payment,دفعة على فاتورة وصل رقم :1153 -ين,0,3500.000,pos_sale_payments,be5ec030-5879-00bb-b64b-6465df2d2f91
41871214-aa10-88fd-6eec-e41d57e968d5,fff30c72-1d80-4632-9a52-d92078abe630,2026-08-17,payment,دفعة على فاتورة وصل رقم :2606 -ين,0,1000.000,pos_sale_payments,41871214-aa10-88fd-6eec-e41d57e968d5
9db7b815-0029-90ad-9825-ac09235c0e30,fff30c72-1d80-4632-9a52-d92078abe630,2026-08-30,payment,دفعة على فاتورة وصل رقم :2606 -ين,0,4675.000,pos_sale_payments,9db7b815-0029-90ad-9825-ac09235c0e30
41c89f04-9aff-275d-1c75-8e0975282e54,2125dda1-a7ff-12a1-850c-873017b3f866,2026-02-05,payment,دفعة على فاتورة فاتورة مبيعات : س-5905,0,34.000,pos_sale_payments,41c89f04-9aff-275d-1c75-8e0975282e54
780d826a-7acf-f869-bf02-29388016d409,7876a103-9040-08d7-51c6-3115fb1cf9f5,2026-07-02,payment,دفعة على فاتورة وصل رقم :2479 -ين,0,20.000,pos_sale_payments,780d826a-7acf-f869-bf02-29388016d409
e4f9b00b-723c-8007-5818-117b731a0fd0,7ecc2f74-1e38-35d5-42c7-ce49e7e1ef05,2025-09-25,payment,دفعة على فاتورة فاتورة مبيعات : س-4467,0,5250.000,pos_sale_payments,e4f9b00b-723c-8007-5818-117b731a0fd0
d0157db0-2c9a-d8c9-739f-c25e1e776838,e44ad758-fac2-c478-699c-e63981d45eaa,2026-05-11,payment,دفعة على فاتورة وصل رقم :2234 -ين,0,375.000,pos_sale_payments,d0157db0-2c9a-d8c9-739f-c25e1e776838
998c4360-ae13-71a2-0eda-a3898d68e8d1,78bbec62-2201-cafb-6c00-079cd590acfb,2025-02-02,payment,دفعة على فاتورة وصل رقم :0456 -ين,0,565.000,pos_sale_payments,998c4360-ae13-71a2-0eda-a3898d68e8d1
9e1b180d-0cd2-1cfc-0ebe-730d5623cd5a,ca51e6ef-ab09-8fc3-5800-e4d9c18c58ae,2025-03-26,payment,دفعة على فاتورة فاتورة مبيعات : س-2182,0,11300.000,pos_sale_payments,9e1b180d-0cd2-1cfc-0ebe-730d5623cd5a
63846373-6250-913c-aa9d-aba00133a797,9bdc163b-d721-ed23-a5cb-63e68b27571c,2025-02-20,payment,دفعة على فاتورة وصل رقم :0399 -ين,0,1100.000,pos_sale_payments,63846373-6250-913c-aa9d-aba00133a797
8bf255c1-6cf8-78dd-ffe8-34d284e52f4a,c36a4f4e-a045-52c2-dd1d-d49c2670862f,2025-12-16,payment,دفعة على فاتورة فاتورة مبيعات : س-4729,0,450.000,pos_sale_payments,8bf255c1-6cf8-78dd-ffe8-34d284e52f4a
3701c042-5b96-8b29-1017-d687797e9735,c9302ef1-8f30-2612-d4dc-aae23d38b421,2026-07-25,payment,دفعة على فاتورة فاتورة مبيعات : س-7332,0,1440.000,pos_sale_payments,3701c042-5b96-8b29-1017-d687797e9735
0b171092-4543-6de4-244f-3a5c2bfaae17,e1012d74-3f5b-2e92-79c6-bd4755c30b81,2025-03-16,payment,دفعة على فاتورة فاتورة مبيعات : س-2163,0,350.000,pos_sale_payments,0b171092-4543-6de4-244f-3a5c2bfaae17
0305a3fc-e1f3-3c21-169f-1d3ebd6754a8,847133de-33b9-b0cb-7817-a8a8a0cc93d6,2025-03-27,payment,دفعة على فاتورة وصل رقم :0802 -ين,0,95.000,pos_sale_payments,0305a3fc-e1f3-3c21-169f-1d3ebd6754a8
7a1747f5-f307-a015-6bb8-df6cb5e4037e,26be6e32-624b-6f77-ac20-12136d217205,2026-01-05,payment,دفعة على فاتورة فاتورة مبيعات : س-5707,0,460.000,pos_sale_payments,7a1747f5-f307-a015-6bb8-df6cb5e4037e
6a2aa2f4-ea19-d7d1-5968-5db418939f83,9b20f7ea-66f5-5879-7e80-6dced6b130e0,2025-02-20,payment,دفعة على فاتورة وصل رقم :0245 -ين,0,925.000,pos_sale_payments,6a2aa2f4-ea19-d7d1-5968-5db418939f83
a3004944-8a1d-b8ac-e6fb-db437139b5a4,49312bd3-b9a5-5a25-9c26-8695f1450ed0,2025-10-14,payment,دفعة على فاتورة فاتورة مبيعات : س-4454,0,385.000,pos_sale_payments,a3004944-8a1d-b8ac-e6fb-db437139b5a4
857d4623-507d-69da-c59c-bae404f819d8,c28c4f61-972f-5aa7-d424-77bb09e1b826,2026-07-21,payment,دفعة على فاتورة فاتورة مبيعات : س-7319,0,850.000,pos_sale_payments,857d4623-507d-69da-c59c-bae404f819d8
5fe901a3-d67c-2c09-04d7-25c4d9309851,6a957b80-5b6d-b37b-019d-7594f791ae9c,2026-07-13,payment,دفعة على فاتورة فاتورة مبيعات : س-7253,0,1200.000,pos_sale_payments,5fe901a3-d67c-2c09-04d7-25c4d9309851
0f8d469a-2a9b-57f9-8be2-94937a579b73,26be6e32-624b-6f77-ac20-12136d217205,2026-06-10,payment,دفعة على فاتورة فاتورة مبيعات : س-7097,0,40.000,pos_sale_payments,0f8d469a-2a9b-57f9-8be2-94937a579b73
f541e132-2561-2ff2-06f9-8c67a00c3098,9ae4a11f-e151-520f-7555-c126770cf1cf,2025-05-26,payment,دفعة على فاتورة وصل رقم :1066 -ين,0,720.000,pos_sale_payments,f541e132-2561-2ff2-06f9-8c67a00c3098
ba8e8a31-cf01-d07c-f391-5cc8b091579b,89ebd02d-80fd-cd83-25d8-1209a6b7c34f,2025-02-10,payment,دفعة على فاتورة فاتورة مبيعات : س-1663,0,400.000,pos_sale_payments,ba8e8a31-cf01-d07c-f391-5cc8b091579b
321aef94-4c02-59f9-b917-d7a5036dd53a,b57c6d86-0da2-adee-a7e2-759f3d1fa8fd,2025-05-21,payment,دفعة على فاتورة وصل رقم :1043 -ين,0,500.000,pos_sale_payments,321aef94-4c02-59f9-b917-d7a5036dd53a
5242eea8-baf8-7897-7cc9-55782ef8a05d,c9302ef1-8f30-2612-d4dc-aae23d38b421,2025-01-15,payment,دفعة على فاتورة فاتورة مبيعات : س-1433,0,500.000,pos_sale_payments,5242eea8-baf8-7897-7cc9-55782ef8a05d
9db22da9-5f55-8836-ca20-db3ec129d513,c6d01e04-166d-72c1-021c-46092706c01e,2026-02-24,payment,دفعة على فاتورة فاتورة مبيعات : س-6217,0,250.000,pos_sale_payments,9db22da9-5f55-8836-ca20-db3ec129d513
b149e25e-8d9f-544e-35a1-f3f18a21244a,ad3e9e39-d15a-64af-cdb2-3063209274a9,2025-04-27,payment,دفعة على فاتورة فاتورة مبيعات : س-2463,0,4500.000,pos_sale_payments,b149e25e-8d9f-544e-35a1-f3f18a21244a
