id,supplier_id,entry_date,entry_type,description,debit,credit,reference_table,reference_id
6f4b4393-a0ff-8aef-4f46-dd630064826a,b254c840-e3dc-aa50-45cc-22c1a82f1d9d,2025-02-22,purchase,إيراد رقم إيراد :0138 -ين,0,10052.000,pos_purchases,94faac77-fc9d-0594-4e5e-2f1f37df7765
5ca1cd7d-7627-aef6-4703-0a0222ee72a5,8d388eaa-de46-d772-319c-750398f43c28,2026-04-22,purchase,إيراد رقم إيراد :0475 -ين,0,3540.000,pos_purchases,97d6ad8d-e82b-7b25-2a7f-dd9c1bd11a85
ae7f3e30-2580-c12a-38ac-ebceec7f9cd1,4db58ef5-0e02-ae07-fc14-5629c40b7689,2024-08-25,purchase,إيراد رقم إيراد :0001 -ين,0,3732.000,pos_purchases,750669ac-ff1e-44cc-070f-cb43b8c75b5b
2b93db0b-64d9-57dd-8b34-32484d4e593a,4db58ef5-0e02-ae07-fc14-5629c40b7689,2024-08-25,purchase,إيراد رقم إيراد :0001 -ين,0,4539.000,pos_purchases,6338f2dd-78ce-8293-b759-d67be3e385fa
52cc3ce3-356f-d60f-27c8-ad25a84dbd1f,4db58ef5-0e02-ae07-fc14-5629c40b7689,2024-08-25,purchase,إيراد رقم إيراد :0001 -ين,0,476.400,pos_purchases,ab1966aa-06dd-713c-5379-225e5ad82a5c
8670343a-286c-4be0-0203-9bc624724e04,4db58ef5-0e02-ae07-fc14-5629c40b7689,2024-08-25,purchase,إيراد رقم إيراد :0001 -ين,0,447.948,pos_purchases,96aeb3db-f9c9-3d73-49bb-41f28f0a1bfd
b3f2e485-0ffa-e7b8-77dc-a5dd596e627d,4db58ef5-0e02-ae07-fc14-5629c40b7689,2024-08-26,purchase,إيراد رقم إيراد :0001 -ين,0,1850.000,pos_purchases,da18edde-1d09-9dea-3237-6e2d69b959d8
3e25aa98-5c90-81b6-0af3-808ca926d2f9,4db58ef5-0e02-ae07-fc14-5629c40b7689,2024-08-26,purchase,إيراد رقم إيراد :0001 -ين,0,4385.500,pos_purchases,18e2f090-d47f-853f-7944-7a5050f753c3
494166b4-bc0f-a767-4b3e-8b71cb2560ee,4db58ef5-0e02-ae07-fc14-5629c40b7689,2024-08-26,purchase,إيراد رقم إيراد :0001 -ين,0,2346.250,pos_purchases,c3fae07e-4a71-9d46-b447-c96f942cda5f
3ff22055-f78b-b2b7-1903-5b89d70fb3c5,4db58ef5-0e02-ae07-fc14-5629c40b7689,2024-08-27,purchase,إيراد رقم إيراد :0001 -ين,0,2397.500,pos_purchases,60e8ac80-de25-9dc4-cb3f-ef37218e67b1
bb2306a2-3870-34fc-8f19-2fed26fefb34,4db58ef5-0e02-ae07-fc14-5629c40b7689,2024-08-27,purchase,إيراد رقم إيراد :0001 -ين,0,1635.250,pos_purchases,a138539c-e70d-1eae-971f-e3d0b7f1427f
08ca6762-96a3-099e-5a54-6e4e0b65fe0d,4db58ef5-0e02-ae07-fc14-5629c40b7689,2024-08-27,purchase,إيراد رقم إيراد :0001 -ين,0,2897.500,pos_purchases,821c04f4-1e18-83e9-e07b-faedc4a559cd
3f55be00-be9d-1f57-22f1-dcf8f004e4dc,4db58ef5-0e02-ae07-fc14-5629c40b7689,2024-08-28,purchase,إيراد رقم إيراد :0001 -ين,0,990.000,pos_purchases,ea1dcf17-baed-cc34-d60a-38d475be247b
41d37373-b3df-f541-d7cf-714591b42a56,4db58ef5-0e02-ae07-fc14-5629c40b7689,2024-08-28,purchase,إيراد رقم إيراد :0001 -ين,0,2809.600,pos_purchases,6164c833-cc00-e263-1989-3224300fdf3e
28eb5327-b78a-054d-3c35-25b4f17faad2,4db58ef5-0e02-ae07-fc14-5629c40b7689,2024-08-29,purchase,إيراد رقم إيراد :0001 -ين,0,642.920,pos_purchases,fc8a7aec-d579-c436-20f7-bddfbe56c845
5d2cbe42-6954-15e8-082a-d0218bebe01c,1054307a-87a0-d4d2-fe16-bd905fe6a04b,2024-08-28,purchase,إيراد رقم إيراد :0001 -ين,0,24413.790,pos_purchases,90bd05f0-aa4b-cda3-9acd-75fbe604cc58
cbe86827-4d69-6f58-9fce-8f5b51073e34,f592fa51-d431-40c9-f38d-39cdf4092eb2,2026-04-19,purchase,إيراد رقم إيراد :0471 -ين,0,1925.000,pos_purchases,37f7fe7d-dc9b-e0ce-0862-8b08c73ce69a
113f58c9-3513-cadb-9aa5-daabf4bfbc31,4db58ef5-0e02-ae07-fc14-5629c40b7689,2024-08-24,purchase,إيراد رقم إيراد :0001 -ين,0,8327.000,pos_purchases,d1b15f76-7a70-b070-79f2-d81d5181e7ce
e9540e8b-43a3-3038-71fd-c279bbeec8cc,4db58ef5-0e02-ae07-fc14-5629c40b7689,2024-09-03,purchase,إيراد رقم إيراد :0001 -ين,0,18298.000,pos_purchases,0244e34c-6140-fc1b-9843-b2959ea2d5de
01d1361f-9df2-1adf-92a2-faf2f6eabab6,4db58ef5-0e02-ae07-fc14-5629c40b7689,2024-09-03,purchase,إيراد رقم إيراد :0001 -ين,0,3735.000,pos_purchases,916ab6f6-2b4b-bf14-508c-019837d6c043
b0b3a0c3-78e5-9677-aa94-6302bbf9dd14,4db58ef5-0e02-ae07-fc14-5629c40b7689,2024-09-04,purchase,إيراد رقم إيراد :0001 -ين,0,5113.900,pos_purchases,9e663a29-a50f-2572-80a4-7e4df442886e
0fd05b89-a360-e7b8-dbdf-c1cee2a9f45b,4db58ef5-0e02-ae07-fc14-5629c40b7689,2024-09-04,purchase,إيراد رقم إيراد :0001 -ين,0,2336.600,pos_purchases,dcb439cf-c425-2d3f-a89d-6e75e2ff146e
1b30c10d-8bb8-5873-87cc-f793794c590b,4db58ef5-0e02-ae07-fc14-5629c40b7689,2024-09-05,purchase,إيراد رقم إيراد :0001 -ين,0,3886.706,pos_purchases,68befc7f-5fc0-7a2d-af62-9f6c8e48a8ed
525f0817-709c-8e10-f42c-cf7cc0df6796,4db58ef5-0e02-ae07-fc14-5629c40b7689,2024-09-05,purchase,إيراد رقم إيراد :0001 -ين,0,469.400,pos_purchases,e799bb7c-23d1-a902-7416-2c41f13bc0b7
e88924ec-e93e-3623-859b-0917ad72873b,4db58ef5-0e02-ae07-fc14-5629c40b7689,2024-09-06,purchase,إيراد رقم إيراد :0001 -ين,0,2570.000,pos_purchases,255f4267-b198-ee87-4bd2-85a8e102930b
790db453-5d45-7fa0-d914-1ce2d46454a1,4db58ef5-0e02-ae07-fc14-5629c40b7689,2024-09-07,purchase,إيراد رقم إيراد :0001 -ين,0,371.248,pos_purchases,58553729-46eb-6563-08c5-8cf20b1bba03
a6121a46-34f5-d4d2-bbf9-5d99853d8921,4db58ef5-0e02-ae07-fc14-5629c40b7689,2024-09-07,purchase,إيراد رقم إيراد :0001 -ين,0,792.000,pos_purchases,6417b602-bfe1-6618-f018-96a0e8339cd3
7066f43c-2276-361c-7049-0b1c7ff6be20,4db58ef5-0e02-ae07-fc14-5629c40b7689,2024-09-08,purchase,إيراد رقم إيراد :0001 -ين,0,1700.200,pos_purchases,2df7d503-cb32-f3a8-3f38-1a55f8c277a3
510ec02a-a769-435c-0a1d-41b973d6252f,4db58ef5-0e02-ae07-fc14-5629c40b7689,2024-09-08,purchase,إيراد رقم إيراد :0001 -ين,0,1990.000,pos_purchases,c1be499b-6eb8-64f8-6b33-94b1d167593d
e0028f6e-c927-6344-ac8d-2d19cdc55631,f68c4a72-8eb2-7563-07ad-b344ff9fe960,2024-09-09,purchase,إيراد رقم إيراد :0001 -ين,0,3370.000,pos_purchases,c2b53474-5a0c-eff6-310f-0f12dc65b3fa
b79007da-9eb2-0838-6789-e3309d00a31b,f592fa51-d431-40c9-f38d-39cdf4092eb2,2024-09-09,purchase,إيراد رقم إيراد :0001 -ين,0,5000.000,pos_purchases,d7889da6-f31a-8295-56ae-b5d81db6e684
73e25038-f812-6281-26f7-99f8dc538aed,4db58ef5-0e02-ae07-fc14-5629c40b7689,2024-09-09,purchase,إيراد رقم إيراد :0001 -ين,0,391.500,pos_purchases,c5cc4a43-cb12-aa01-6b3a-a0f9b3547db3
32e36a49-b86f-189f-8357-ee88adf0c974,4db58ef5-0e02-ae07-fc14-5629c40b7689,2024-09-11,purchase,إيراد رقم إيراد :0001 -ين,0,2089.800,pos_purchases,471a0b5c-c7b4-fb37-c63c-90608fd5ba4a
57b2cf8e-ea33-71f5-dd3d-b6d5f53e18f5,4db58ef5-0e02-ae07-fc14-5629c40b7689,2024-09-11,purchase,إيراد رقم إيراد :0001 -ين,0,1380.200,pos_purchases,f55d1f90-efdb-dce2-4b97-85631e1b434c
d3ca6e86-54e3-ffd9-58a0-ef075b74900b,dd2fc8ac-5717-c00a-07b0-627c341c4a46,2026-04-19,purchase,إيراد رقم إيراد :0472 -ين,0,3900.000,pos_purchases,4e50874f-744b-78c0-5d13-97196ea8337b
b1f43889-3ce7-653b-19db-9451007e3bcc,2b5a299a-8a4f-4338-ee3a-05d76bf1fa29,2025-01-13,purchase,إيراد رقم إيراد :0050 -ين,0,360.000,pos_purchases,494fac9a-eb9d-5766-5f10-cc7b5eac2ed2
5e166dcc-128c-ee9e-8a0b-62d5d2c35a8a,4db58ef5-0e02-ae07-fc14-5629c40b7689,2024-09-12,purchase,إيراد رقم إيراد :0001 -ين,0,800.100,pos_purchases,5cbe3969-75fd-759b-8f90-e1b9f2572f64
a0c0f00a-8432-6730-3542-3db6ad25c71b,4db58ef5-0e02-ae07-fc14-5629c40b7689,2024-09-12,purchase,إيراد رقم إيراد :0001 -ين,0,950.700,pos_purchases,8e75c7a9-d762-0dbe-6305-8ab675821339
b2514781-6080-abbe-5981-2086f1898992,4db58ef5-0e02-ae07-fc14-5629c40b7689,2024-09-12,purchase,إيراد رقم إيراد :0001 -ين,0,1110.500,pos_purchases,8d8ea92d-af74-eaf0-ee1e-a75bbcfe7368
82e28d49-8633-a3c1-42af-1c4091937bd1,4db58ef5-0e02-ae07-fc14-5629c40b7689,2024-09-13,purchase,إيراد رقم إيراد :0001 -ين,0,3683.286,pos_purchases,b977027e-bb4e-1e4e-9489-a3116b77beb1
0df93805-8e32-3c82-49ac-30072bee12e2,4db58ef5-0e02-ae07-fc14-5629c40b7689,2024-09-14,purchase,إيراد رقم إيراد :0001 -ين,0,1818.692,pos_purchases,d688c806-474d-0a43-cdce-5094f3bfc96c
55911803-044f-4dee-755e-8abf73be94dc,4db58ef5-0e02-ae07-fc14-5629c40b7689,2024-09-14,purchase,إيراد رقم إيراد :0001 -ين,0,1749.000,pos_purchases,6827e46c-ed34-140f-ba58-6dc1f920af00
f5cbba5d-015b-74f7-96cb-f50a3179028c,4db58ef5-0e02-ae07-fc14-5629c40b7689,2024-09-14,purchase,إيراد رقم إيراد :0001 -ين,0,980.100,pos_purchases,5efa7314-ac73-d9e0-cbab-71ed1d24d8ea
de6ffbd6-8c87-5ef6-8dd7-5166c9af8e9d,4db58ef5-0e02-ae07-fc14-5629c40b7689,2024-09-15,purchase,إيراد رقم إيراد :0001 -ين,0,2113.100,pos_purchases,4365fd0e-1d28-139b-fd7f-19ed77e51d69
835f941a-2ff5-6965-ec59-77faa15aab03,4db58ef5-0e02-ae07-fc14-5629c40b7689,2024-09-15,purchase,إيراد رقم إيراد :0001 -ين,0,416.700,pos_purchases,a2111e7d-686b-7bae-516f-502b637a8658
ce16022a-d0f4-2b32-1cd9-63eaf9199c01,4db58ef5-0e02-ae07-fc14-5629c40b7689,2024-09-15,purchase,إيراد رقم إيراد :0001 -ين,0,3745.920,pos_purchases,5c801f0c-053c-f6b0-8867-cf312aef25d5
7dd354fe-c13b-7c44-ae4e-89bd899f4c71,4db58ef5-0e02-ae07-fc14-5629c40b7689,2024-09-16,purchase,إيراد رقم إيراد :0001 -ين,0,117.750,pos_purchases,5a99bf40-46ea-d229-676f-eb774c49359c
559054e4-c35c-b9af-f4d6-e28d6dff8c35,4db58ef5-0e02-ae07-fc14-5629c40b7689,2024-09-16,purchase,إيراد رقم إيراد :0001 -ين,0,101.250,pos_purchases,147bfd46-0c92-f859-e6eb-d5ca08da0458
6b78993d-ec65-840d-51fd-286adbf3b98b,4db58ef5-0e02-ae07-fc14-5629c40b7689,2024-09-16,purchase,إيراد رقم إيراد :0001 -ين,0,500.010,pos_purchases,8ee740a1-d7c9-7152-97f3-11ca4b27d77b
99838253-a464-97b9-7d4c-f6a963eb30da,f68c4a72-8eb2-7563-07ad-b344ff9fe960,2024-09-23,purchase,إيراد رقم إيراد :0001 -ين,0,25621.500,pos_purchases,bc8ef624-3c19-762c-6628-74d1a19ffd3b
03620cd5-5e2d-a738-a277-a5ebc3b3f41d,3371605a-058e-4bf1-07a5-d157c54ae58f,2024-09-30,purchase,إيراد رقم إيراد :0001 -ين,0,711.000,pos_purchases,c6147025-be67-44a5-8e7e-79db573a8978
dc05ad69-a606-9e0c-233b-2b865bb05ef3,4db58ef5-0e02-ae07-fc14-5629c40b7689,2024-09-14,purchase,إيراد رقم إيراد :0001 -ين,0,1257.700,pos_purchases,870eb922-aafd-1d16-8c8c-13ef4eeced6b
1537882a-467e-eb0d-de45-8ea8b2cc87b5,4db58ef5-0e02-ae07-fc14-5629c40b7689,2024-09-16,purchase,إيراد رقم إيراد :0001 -ين,0,1244.734,pos_purchases,efa38442-9e60-aa8b-5241-a7bfcb4caf99
4e9c041a-7227-b41b-9727-cfcd1bd9292b,f68c4a72-8eb2-7563-07ad-b344ff9fe960,2025-02-26,purchase,إيراد رقم إيراد :0150 -ين,0,270.000,pos_purchases,7709eee5-a902-66ef-aa64-0402cb3f5ef8
b7f1e18c-cb1c-4ae5-3e93-28bc422e406c,4db58ef5-0e02-ae07-fc14-5629c40b7689,2024-09-17,purchase,إيراد رقم إيراد :0001 -ين,0,2603.000,pos_purchases,c97361b9-21c5-2747-78a9-df713b5443e0
71b20507-2ad2-8bea-b40a-c24e6fd40941,4db58ef5-0e02-ae07-fc14-5629c40b7689,2024-09-17,purchase,إيراد رقم إيراد :0001 -ين,0,527.959,pos_purchases,641b6f10-3270-883c-e771-bcef4352538f
958d4ad4-d730-db24-5488-e0f7bccf3b51,4db58ef5-0e02-ae07-fc14-5629c40b7689,2024-09-17,purchase,إيراد رقم إيراد :0001 -ين,0,289.996,pos_purchases,80ec15e2-84c1-d83d-bbba-dd055e5cd0ca
1f2208b6-2de3-c7dd-d6d5-d56d98bfc500,4db58ef5-0e02-ae07-fc14-5629c40b7689,2024-09-17,purchase,إيراد رقم إيراد :0001 -ين,0,1289.750,pos_purchases,2f0554ce-b7b5-e244-0bfa-f00b7748c983
7958618b-1a43-33ed-d16b-9f7f26e4feea,4db58ef5-0e02-ae07-fc14-5629c40b7689,2024-09-17,purchase,إيراد رقم إيراد :0001 -ين,0,927.000,pos_purchases,9129aa52-1a39-6f98-50fe-b37c0adee296
01b4d2d5-51c4-3a85-b7c3-cc405b1b57f5,4db58ef5-0e02-ae07-fc14-5629c40b7689,2024-09-17,purchase,إيراد رقم إيراد :0001 -ين,0,40.000,pos_purchases,cd7ec418-3b86-ca89-dc1a-02d1bcb5d00f
36bf65da-2fca-5eaa-3cf8-af24ff2f67e6,1054307a-87a0-d4d2-fe16-bd905fe6a04b,2024-10-01,purchase,إيراد رقم إيراد :0001 -ين,0,1534.725,pos_purchases,ae0a8434-1f10-e329-4928-f3d36f340e92
d221a63a-de39-bd09-9365-2561ab6b35aa,1054307a-87a0-d4d2-fe16-bd905fe6a04b,2024-10-12,purchase,إيراد رقم إيراد :0001 -ين,0,313.200,pos_purchases,0a632dea-a5f1-70a3-417d-a71d79ea38d1
d0db552f-1ed1-fa80-84fc-bf2240f4a7f6,081276dc-6952-a613-dc62-614b51522ad0,2024-10-13,purchase,إيراد رقم إيراد :0002 -ين,0,65.000,pos_purchases,d4b104a0-83ba-e075-3f9c-e7470a6e85a8
363d755c-8713-acc8-eef0-69ce294f572c,4db58ef5-0e02-ae07-fc14-5629c40b7689,2024-10-13,purchase,إيراد رقم إيراد :0003 -ين,0,3490.000,pos_purchases,88c6c937-457d-af2c-98d8-060d62b488b7
06ddd21e-1aee-262e-94d4-83378e3a4aa1,f68c4a72-8eb2-7563-07ad-b344ff9fe960,2024-10-23,purchase,إيراد رقم إيراد :0003 -ين,0,10600.000,pos_purchases,f2cd7cdd-5438-a5ac-3927-16de260033eb
06a48ddc-fbbd-b839-c55c-edb0293ddaae,5bd59cc2-f915-90b2-5eb0-3ec705744a94,2024-10-28,purchase,إيراد رقم إيراد :0003 -ين,0,6000.000,pos_purchases,8b4c00ab-6c81-c9c8-979f-f40c6e5fe0c0
3e81c5ff-3df1-a2cd-7dca-309700203c52,dd2fc8ac-5717-c00a-07b0-627c341c4a46,2024-10-30,purchase,إيراد رقم إيراد :0003 -ين,0,4800.000,pos_purchases,c893355a-e484-8b93-c8ae-f19e9488af7f
5b8d29bf-505f-decd-f92c-1fedbb0d54c6,4db58ef5-0e02-ae07-fc14-5629c40b7689,2024-09-02,purchase,إيراد رقم إيراد :0001 -ين,0,1800.000,pos_purchases,49c3e350-29de-68e7-53db-6584fb8e645d
52af40e9-440d-ac82-a726-174d83bd5bcb,3371605a-058e-4bf1-07a5-d157c54ae58f,2024-11-10,purchase,إيراد رقم إيراد :0001 -ين,0,2960.000,pos_purchases,c74c8f0d-8506-7506-7e0b-c50ae8d3c70e
13b1f56f-ba7e-2068-f716-d6060845b8e9,7e4b3fc3-8241-ee4f-683f-bfe58ba55739,2025-11-09,purchase,إيراد رقم إيراد :0402 -ين,0,330.000,pos_purchases,c0c80f1f-58da-7761-e99d-5bfeee6e40cd
2a3d052f-bb4b-0e21-472a-3dab8dee8d02,56855bde-1190-92a2-afb0-419a9650977f,2026-04-12,purchase,إيراد رقم إيراد :0468 -ين,0,58375.000,pos_purchases,e6cf5e95-792e-9535-693a-7558a7217259
52033f59-ac20-f0e0-11af-3cb8f66e32ba,b907b80a-1272-6c41-14b7-dc0946e8d72a,2024-10-21,purchase,إيراد رقم إيراد :0003 -ين,0,228.000,pos_purchases,fecdef37-95c5-17ad-e08b-6c3087143029
9ab07267-0716-d516-7b62-a8c866d5b10f,b907b80a-1272-6c41-14b7-dc0946e8d72a,2024-10-22,purchase,إيراد رقم إيراد :0003 -ين,0,160.000,pos_purchases,1025dba9-44c9-645f-f746-cde7d29f9a5b
5dadb302-5c44-0555-e42b-cf6d54d55899,f68c4a72-8eb2-7563-07ad-b344ff9fe960,2024-10-22,purchase,إيراد رقم إيراد :0003 -ين,0,2460.000,pos_purchases,7cd3f8cf-0ad0-1f00-1cbf-af7c2da5e1ce
30b58ba4-c743-ffdc-1fb4-335ff3ad913b,b907b80a-1272-6c41-14b7-dc0946e8d72a,2024-10-23,purchase,إيراد رقم إيراد :0003 -ين,0,300.000,pos_purchases,399152ed-f645-9f1f-c744-1a8ef4899070
45459010-1777-33a5-7dce-7a561f8cfc47,f68c4a72-8eb2-7563-07ad-b344ff9fe960,2024-10-27,purchase,إيراد رقم إيراد :0003 -ين,0,4185.000,pos_purchases,94ec628f-dd75-6561-c17e-8202a613c074
a26f4a5f-75e4-c019-88be-382d7a5c3a7b,f68c4a72-8eb2-7563-07ad-b344ff9fe960,2024-10-30,purchase,إيراد رقم إيراد :0003 -ين,0,3100.000,pos_purchases,57a179ff-60e3-015f-d590-93e92ab064fd
e5b9cbbf-f3db-2019-9763-98c4e1624aeb,06d20f1c-34a0-e014-64db-92734ce57411,2024-10-01,purchase,إيراد رقم إيراد :0001 -ين,0,2735.010,pos_purchases,9e88a251-6606-955e-924e-1d2aeda101d6
172f058e-6ce2-cfe3-4c89-1da05cdf9371,0dafba13-51f2-fc5a-eab7-f16d55bcce40,2024-11-05,purchase,إيراد رقم إيراد :0003 -ين,0,19000.000,pos_purchases,2b77f52c-b712-cd77-2e1a-2e92f75e5b2d
957db36a-1141-ed43-6508-3126fd89ce83,193a3d2d-d39f-6712-72cb-c5f247087645,2024-11-02,purchase,إيراد رقم إيراد :0003 -ين,0,195.000,pos_purchases,e7aa7612-2135-5dab-e98e-6a5233651289
62f5741b-1cd3-8cd7-0a90-a5d8f30e8c47,4db58ef5-0e02-ae07-fc14-5629c40b7689,2024-09-11,purchase,إيراد رقم إيراد :0001 -ين,0,1227.550,pos_purchases,739c6371-18f5-d1ca-4cfe-3375e31e44cf
ff1cc398-4441-fa18-780c-f991b0836def,f68c4a72-8eb2-7563-07ad-b344ff9fe960,2024-11-16,purchase,إيراد رقم إيراد :0001 -ين,0,1080.000,pos_purchases,624cb2f6-14f1-7d9d-aa0c-2ddcb4212fba
5de51ec1-6787-e0b4-3e6a-90c72280a20e,dc6e5eb0-a2c4-7fc8-161c-528f389f29cc,2025-04-30,purchase,إيراد رقم إيراد :0218 -ين,0,690.000,pos_purchases,f66497fe-2c4f-1465-87e0-26fe24bcf509
421b5a54-2ad7-b91b-9624-6ff0a3425fca,c0faf038-b788-4ed3-15e1-cb4edf3f56f1,2025-01-13,purchase,إيراد رقم إيراد :0051 -ين,0,110.000,pos_purchases,8cc5bde0-e2d8-92ab-0a14-73be7db67d8a
d5051b48-1d18-b9ab-301b-81cde7606682,081276dc-6952-a613-dc62-614b51522ad0,2024-08-22,purchase,إيراد رقم إيراد :0001 -ين,0,2905.000,pos_purchases,e075a1c8-2ee7-6ee1-5f4f-69193df97e17
b6f2d167-5eb7-37a1-956a-a4c52c1e8a7a,0b31d558-d145-3aaf-232e-dad3cc8669b6,2026-04-25,purchase,إيراد رقم إيراد :0477 -ين,0,169050.000,pos_purchases,257d3a10-e07d-4b06-9422-fb2d2f4de6f8
5046b1ef-8a1b-e98a-6447-c242b4526485,06d20f1c-34a0-e014-64db-92734ce57411,2025-03-04,purchase,إيراد رقم إيراد :0157 -ين,0,800.000,pos_purchases,f9fbc368-b446-66eb-4f8a-9a0844f17a85
ca9fd676-da0e-05c3-d855-84bdf250a228,f68c4a72-8eb2-7563-07ad-b344ff9fe960,2024-11-06,purchase,إيراد رقم إيراد :0003 -ين,0,2600.000,pos_purchases,6ee70180-c096-6cc4-baea-26aae04527b7
26c2d2eb-902d-0005-c30f-e8a3dd7f65c0,0dafba13-51f2-fc5a-eab7-f16d55bcce40,2024-11-12,purchase,إيراد رقم إيراد :0003 -ين,0,2320.000,pos_purchases,9442c9b2-9447-942b-7e54-d5059aa04584
81e638e7-305d-ea2f-9835-1002a8a03f4c,06d20f1c-34a0-e014-64db-92734ce57411,2024-11-16,purchase,إيراد رقم إيراد :0003 -ين,0,400.000,pos_purchases,b1fbe98b-3fb6-e985-80c9-aa75e8755583
947ea1cf-3cfd-8475-2aef-21101680aad0,4db58ef5-0e02-ae07-fc14-5629c40b7689,2024-11-14,purchase,إيراد رقم إيراد :0003 -ين,0,5013.930,pos_purchases,a994e55c-f001-fae3-79f2-91838a9527e1
9841a51c-ff3a-264d-9789-50704220be82,4db58ef5-0e02-ae07-fc14-5629c40b7689,2024-11-16,purchase,إيراد رقم إيراد :00088 -ين,0,4990.250,pos_purchases,7086ed9c-a031-e1ba-8b01-955756ad73ba
13e1fc65-3972-32f0-8327-549b300bad84,5bd59cc2-f915-90b2-5eb0-3ec705744a94,2024-11-18,purchase,إيراد رقم إيراد :0003 -ين,0,13580.000,pos_purchases,f379c32f-216c-b2c9-0d16-0cfb7a92baec
587e35e7-ac8c-e532-8111-2ec61247d2b4,dc6e5eb0-a2c4-7fc8-161c-528f389f29cc,2025-02-06,purchase,إيراد رقم إيراد :0107 -ين,0,629.250,pos_purchases,57e2d68f-d40c-2a69-5d72-b036eded4431
6a7fb01f-c5f6-cd64-e3aa-cef40210a2cf,dd2fc8ac-5717-c00a-07b0-627c341c4a46,2025-03-04,purchase,إيراد رقم إيراد :0156 -ين,0,6900.000,pos_purchases,04c93517-3db1-3ea2-7247-7b4c72678753
ea6d5b93-714c-b742-1173-e1690bf6ff73,f68c4a72-8eb2-7563-07ad-b344ff9fe960,2024-11-23,purchase,إيراد رقم إيراد :0003 -ين,0,4530.000,pos_purchases,ae855bf9-d6cd-33b0-d844-24ee4ba36e1c
c38f3fab-ff9c-d4d7-a7d4-76c3b419f4a2,51882a69-3ac9-cde2-37e3-64e2b7daae96,2025-02-16,purchase,إيراد رقم إيراد :0126 -ين,0,6800.000,pos_purchases,59b11fab-2c24-416a-90ce-e55ba15b4c41
dcb499f8-b42a-2e3f-d848-74c4e18f0f94,431ac3fd-806d-3b31-7433-0f5bf3af56c7,2025-02-18,purchase,إيراد رقم إيراد :0133 -ين,0,5150.000,pos_purchases,f2cc1cd1-e666-2223-df39-14fe0dff5e6d
e35ccf2e-d3a8-b8d4-8f41-d90dc26694c2,0dafba13-51f2-fc5a-eab7-f16d55bcce40,2024-11-18,purchase,إيراد رقم إيراد :0003 -ين,0,2960.000,pos_purchases,2d7d3510-fdb7-3c7f-fe08-5b51f0a16bad
3db4a06d-5e30-b9a1-dcbe-6429edf52771,2e234c5a-ae37-77f1-3c02-d40e664e7d50,2024-11-19,purchase,إيراد رقم إيراد :0003 -ين,0,1140.000,pos_purchases,739d511e-0c21-8411-2abb-d98b81ec925b
49d00d0f-b8ce-8cf3-43c8-39be8311cb2e,dd2fc8ac-5717-c00a-07b0-627c341c4a46,2024-11-19,purchase,إيراد رقم إيراد :0003 -ين,0,3365.000,pos_purchases,78649f17-0787-e82f-e511-85b758b8db86
ac1087b3-3ee4-ca2f-fcc5-9264e2db60cf,5bd59cc2-f915-90b2-5eb0-3ec705744a94,2024-11-20,purchase,إيراد رقم إيراد :0003 -ين,0,390.000,pos_purchases,81471396-19b4-6949-d525-a8d7c6a3cb32
5e2e09c2-eeb1-b91d-ee6c-69d75351d2a2,0dafba13-51f2-fc5a-eab7-f16d55bcce40,2024-11-20,purchase,إيراد رقم إيراد :0003 -ين,0,4100.000,pos_purchases,efedc6b5-e8a8-588d-a520-082c655b737b
0d306935-aea8-5393-6640-c9706512d612,f68c4a72-8eb2-7563-07ad-b344ff9fe960,2024-11-20,purchase,إيراد رقم إيراد :0003 -ين,0,23505.000,pos_purchases,25703d38-0ac5-8433-a6ae-fe6b21edbf13
7bad6439-e0e8-c3ad-f899-a9372f625202,f68c4a72-8eb2-7563-07ad-b344ff9fe960,2024-11-20,purchase,إيراد رقم إيراد :0003 -ين,0,2370.000,pos_purchases,64b3ab2d-1c38-3e0f-2322-eef295068bb5
f1dbbbf9-c741-3e71-ab5d-6cc4cf4e25ec,4db58ef5-0e02-ae07-fc14-5629c40b7689,2024-11-28,purchase,إيراد رقم إيراد :0003 -ين,0,1718.750,pos_purchases,6682ddff-d901-c75d-cc4a-4627094aa700
a62146e2-89a2-99dd-07bf-60cbac18a086,4db58ef5-0e02-ae07-fc14-5629c40b7689,2024-11-28,purchase,إيراد رقم إيراد :0003 -ين,0,6426.634,pos_purchases,121b9edb-f98d-7bd7-9333-5b542facbd61
601194e0-2063-7c28-2f9a-7f700be8b426,1feb71a5-1d49-b1e4-f571-cf039a9a809d,2024-11-28,purchase,إيراد رقم إيراد :0003 -ين,0,5950.000,pos_purchases,c2366f45-bbb1-1b60-41ce-e4eada24ddc8
4aabf4be-d3d8-4795-8e62-9905aa27238d,2e234c5a-ae37-77f1-3c02-d40e664e7d50,2024-12-01,purchase,إيراد رقم إيراد :0003 -ين,0,700.000,pos_purchases,e00f4c85-8bc5-a80e-3aa2-6810f4f3f45c
d40ef55e-4d8c-1438-a07a-1fa215bafc71,0dafba13-51f2-fc5a-eab7-f16d55bcce40,2024-12-01,purchase,إيراد رقم إيراد :0003 -ين,0,285.000,pos_purchases,e8463c20-6afc-f256-a1cf-939caaace595
a9ea9ec2-219f-67a4-d4b8-9904530e0702,4db58ef5-0e02-ae07-fc14-5629c40b7689,2024-09-17,purchase,إيراد رقم إيراد :0001 -ين,0,1307.000,pos_purchases,23144c06-2690-3183-89af-b62706f2eb68
a4e400f5-0230-3e78-e6e8-81c1d9406f73,77d76dcb-7fe6-a4b4-4998-83b869291b06,2026-04-12,purchase,إيراد رقم إيراد :0469 -ين,0,200328.000,pos_purchases,00e5af2e-b130-3331-750d-3b144daca144
39cc8ada-ddd8-4e06-ef24-93bfbab4bace,174345bc-5f58-c59c-b48a-3f0b5d1ff910,2024-11-28,purchase,إيراد رقم إيراد :0003 -ين,0,650.000,pos_purchases,8a3ffa48-fcc9-892e-422c-2ae35f3e1435
3cc5b2c6-9749-f344-e1d5-74bbf03b6339,e47ac07e-2763-bc83-6cf2-c39bb577a1f9,2025-01-22,purchase,إيراد رقم إيراد :0069 -ين,0,755.000,pos_purchases,c20584cf-57ff-d28f-4e88-f3af160855d2
6e428bdb-07e6-89b9-28ec-3119a0446842,3371605a-058e-4bf1-07a5-d157c54ae58f,2025-01-25,purchase,إيراد رقم إيراد :0073 -ين,0,4344.000,pos_purchases,bffc9e8b-7da1-0ed7-0f65-b7a45d359d42
05fb2e4b-dc43-dc77-e31a-c28392a36a97,f68c4a72-8eb2-7563-07ad-b344ff9fe960,2025-01-26,purchase,إيراد رقم إيراد :0075 -ين,0,17250.000,pos_purchases,9761b8d4-0c99-15a7-748d-241800ee180a
8c8d3506-2b58-f92b-3949-5a9cb72f7601,4db58ef5-0e02-ae07-fc14-5629c40b7689,2024-09-01,purchase,إيراد رقم إيراد :0001 -ين,0,1744.100,pos_purchases,6778daf7-9fea-3c4e-6344-825498a1ab21
fd43e57c-12c9-0f3a-7ab2-dae4d3ae40f1,5bd59cc2-f915-90b2-5eb0-3ec705744a94,2024-12-03,purchase,إيراد رقم إيراد :0003 -ين,0,4020.000,pos_purchases,7735fa65-c608-fcda-deca-b8eb59a2b61d
84c5476d-778d-5981-d2ec-9462ee3f9e4b,f68c4a72-8eb2-7563-07ad-b344ff9fe960,2024-12-04,purchase,إيراد رقم إيراد :0003 -ين,0,9900.000,pos_purchases,5ddee7ba-8f4f-771e-8e36-8b9a65022c3e
490baa6b-5545-62ca-3f97-40d34765db9d,f68c4a72-8eb2-7563-07ad-b344ff9fe960,2024-12-10,purchase,إيراد رقم إيراد :0008 -ين,0,367.500,pos_purchases,9ba1d9d5-f9d9-9aa5-b1d8-d14f1e113823
4156a4a2-d9fe-c095-b9e0-5a4b527a0fab,4db58ef5-0e02-ae07-fc14-5629c40b7689,2024-12-10,purchase,إيراد رقم إيراد :0007 -ين,0,1602.250,pos_purchases,b1403a0f-e76f-35c4-899a-4f69b33f2938
653981f2-2956-7887-ade9-d11dd4778cee,1054307a-87a0-d4d2-fe16-bd905fe6a04b,2024-12-11,purchase,إيراد رقم إيراد :0009 -ين,0,680.000,pos_purchases,ab55a1f4-ab4f-f93a-feec-18a7f6c422b7
b9dd556f-1eb2-6f42-5a9a-497803aa9cb4,f68c4a72-8eb2-7563-07ad-b344ff9fe960,2024-12-11,purchase,إيراد رقم إيراد :0010 -ين,0,247.500,pos_purchases,2d9a9edc-c41b-7ac2-5cbe-fd9952d4a13c
4f747352-0cf1-a945-cdbf-7dd0e53f48cc,f68c4a72-8eb2-7563-07ad-b344ff9fe960,2024-12-15,purchase,إيراد رقم إيراد :0013 -ين,0,5220.000,pos_purchases,f65b37dc-4652-c4c1-2bc3-9d995bd2b758
9567f119-810d-2c44-ec99-3c4905d523a3,dd2fc8ac-5717-c00a-07b0-627c341c4a46,2024-12-15,purchase,إيراد رقم إيراد :0014 -ين,0,3270.000,pos_purchases,1b6c1442-4ed8-ef63-b84e-4536b9ce5dfe
f3c5508e-5c05-bad9-4760-ee875adfc9fd,f592fa51-d431-40c9-f38d-39cdf4092eb2,2024-12-15,purchase,إيراد رقم إيراد :0015 -ين,0,1405.000,pos_purchases,791012c3-c064-2174-8c38-72b4446c1202
769f7500-5319-5e21-ac47-260affd4680b,193a3d2d-d39f-6712-72cb-c5f247087645,2024-11-30,purchase,إيراد رقم إيراد :0003 -ين,0,14.980,pos_purchases,4f9555f9-5a95-c9bb-1957-3a96c42f0f28
09c0c92b-5397-c560-e0b0-427c4d51dadb,f68c4a72-8eb2-7563-07ad-b344ff9fe960,2024-12-01,purchase,إيراد رقم إيراد :0003 -ين,0,2497.000,pos_purchases,3a9f405b-4e17-395a-1831-caf8e70ba7dc
3d773cd2-fe0c-e3be-3944-d2720a8643d1,ac78bb51-d153-70a3-ad89-bdb50a8537eb,2024-12-07,purchase,إيراد رقم إيراد :0003 -ين,0,110.000,pos_purchases,49bdb81d-1a09-a3b6-4286-be9aff567c0e
1972b9e2-c538-ac6e-ab03-5f835bd3201c,f68c4a72-8eb2-7563-07ad-b344ff9fe960,2026-04-26,purchase,إيراد رقم إيراد :0479 -ين,0,7540.000,pos_purchases,c038d01a-42f0-d503-a11c-fc0eafc4f805
e7434c5a-8cc4-c423-0deb-e1fdcecd3c6f,0dafba13-51f2-fc5a-eab7-f16d55bcce40,2025-01-22,purchase,إيراد رقم إيراد :0068 -ين,0,4943.000,pos_purchases,da4a35c7-a3b8-c54f-b0f3-f5bcc6987098
9e637bc4-a324-e78f-0138-f821413fac8f,f68c4a72-8eb2-7563-07ad-b344ff9fe960,2025-01-28,purchase,إيراد رقم إيراد :0077 -ين,0,640.000,pos_purchases,f0e963c6-7683-17d1-3803-a41fbdd0a198
5da5cc2e-06cf-784f-6016-83eac9dbcbfa,431ac3fd-806d-3b31-7433-0f5bf3af56c7,2025-01-29,purchase,إيراد رقم إيراد :0080 -ين,0,380.000,pos_purchases,fb79b3c5-5e8c-1532-cee0-f1ac45f6d6f4
a1ff13f4-e2a8-c767-e1ff-ca217931c9d1,4e069e00-1faf-fec3-009d-c22ff78edd71,2025-01-26,purchase,إيراد رقم إيراد :0076 -ين,0,4900.000,pos_purchases,ed076204-fc9b-321b-79c2-d03065f83759
96146dc8-db4a-a07d-9439-b7d156a95bcd,f68c4a72-8eb2-7563-07ad-b344ff9fe960,2025-01-28,purchase,إيراد رقم إيراد :0078 -ين,0,535.000,pos_purchases,9cf45316-b4f8-2d8f-cf7a-ed949b638dda
18388d10-b6ae-8a1f-9a00-bd0744452044,4db58ef5-0e02-ae07-fc14-5629c40b7689,2024-09-11,purchase,إيراد رقم إيراد :0001 -ين,0,4319.250,pos_purchases,31403d1d-6833-93c6-9e30-6304e086375b
1ccff7e0-efc4-89cb-bb94-a9739376972f,fb599d54-8fbe-2649-11aa-9640573a2468,2025-01-28,purchase,إيراد رقم إيراد :0079 -ين,0,500.000,pos_purchases,266d6c88-8a53-a34b-66c0-4a1cad43bb9f
0e540ebf-81eb-72c4-3fce-e7650e113ec8,2b5a299a-8a4f-4338-ee3a-05d76bf1fa29,2025-01-29,purchase,إيراد رقم إيراد :0081 -ين,0,220.000,pos_purchases,7c16b3e9-4f90-e48b-5e7e-c2eaa44c06bd
93ff36e3-12c8-bf44-4794-14f03f3d010c,a120d008-0652-2c9d-a55f-a05b792df37c,2025-01-11,purchase,إيراد رقم إيراد :0042 -ين,0,400.000,pos_purchases,0a221683-d9a6-5d5a-509c-b70915e11394
98b8ab29-8118-2c22-3618-242e8bd1ffdf,7e4b3fc3-8241-ee4f-683f-bfe58ba55739,2025-02-01,purchase,إيراد رقم إيراد :0090 -ين,0,150.000,pos_purchases,c1f1f4fc-d636-079e-c539-1e150f968463
fbc62190-6d4d-132d-efb0-e6295eb15eac,2e234c5a-ae37-77f1-3c02-d40e664e7d50,2024-12-09,purchase,إيراد رقم إيراد :0005 -ين,0,995.000,pos_purchases,88f06ea4-f007-f716-f039-c2b10d0efb8c
a3b7e817-0682-7f9e-be59-22449f2c4bec,4db58ef5-0e02-ae07-fc14-5629c40b7689,2024-12-10,purchase,إيراد رقم إيراد :0006 -ين,0,1166.500,pos_purchases,45d357a7-d75e-f112-e880-954002ac129b
40a6ac51-90c0-8e25-2c03-01e20fe017ce,60d7d8a2-1083-abe4-d894-b1c7f3235d40,2024-12-23,purchase,إيراد رقم إيراد :0021 -ين,0,700.000,pos_purchases,c5300b24-8c28-ca30-9a4a-0017b5919eb9
0f7ada84-cd15-4a17-1eda-5942c0512588,e47ac07e-2763-bc83-6cf2-c39bb577a1f9,2025-12-20,purchase,إيراد رقم إيراد :0410 -ين,0,435.000,pos_purchases,d5acbc19-6991-2e9f-7f1e-c731dddc54b5
438db9a7-1d16-2c7e-d20f-5937ceb9493c,3371605a-058e-4bf1-07a5-d157c54ae58f,2025-01-05,purchase,إيراد رقم إيراد :0027 -ين,0,1440.000,pos_purchases,5bc4e9dc-5927-f878-869a-77c16ecfabcf
27c27aa5-a867-7f70-b774-283f041242dc,f68c4a72-8eb2-7563-07ad-b344ff9fe960,2025-01-08,purchase,إيراد رقم إيراد :0039 -ين,0,6778.000,pos_purchases,919c7698-36fa-7025-ba4f-aa90c66507d2
7adfa865-b031-33c3-6ab0-4388ef9e10f6,b6b84a10-cc93-fcd2-c2b5-039b6a676e80,2025-02-03,purchase,إيراد رقم إيراد :0098 -ين,0,975.000,pos_purchases,bdaf4f00-b3c8-434a-376f-b597027628d5
ad52ac95-1527-44a6-bbfe-3dc0e756f0af,dd2fc8ac-5717-c00a-07b0-627c341c4a46,2025-06-29,purchase,إيراد رقم إيراد :0279 -ين,0,1175.000,pos_purchases,02c2010b-7d5d-8a82-e862-f9d024c53285
574c9813-c732-612a-cd49-475b0c840753,51882a69-3ac9-cde2-37e3-64e2b7daae96,2025-02-05,purchase,إيراد رقم إيراد :0104 -ين,0,45.000,pos_purchases,3908921b-c373-ae73-ab44-8e79d172629f
ad853a27-fe8a-7093-d0ab-069a3d859f29,dd2fc8ac-5717-c00a-07b0-627c341c4a46,2025-06-29,purchase,إيراد رقم إيراد :0280 -ين,0,190.000,pos_purchases,3481c1f9-3748-0f11-abd2-bd8cba15e30d
eb7bd1d6-aa03-2c45-0e2f-63126b0d6b85,51882a69-3ac9-cde2-37e3-64e2b7daae96,2025-02-05,purchase,إيراد رقم إيراد :0105 -ين,0,318.000,pos_purchases,562ee55b-e8a5-8037-203d-e727ce466445
723e2b80-f2c2-0c62-9a9a-356cc532ebe9,803eabee-b81f-7acb-eb64-b2cae128a7cb,2025-06-30,purchase,إيراد رقم إيراد :0282 -ين,0,1480.000,pos_purchases,17770acb-38d6-9227-11ee-42b6c433b30f
0ae5c8a1-89b6-fed9-aed6-d8decd0fd4c1,06d20f1c-34a0-e014-64db-92734ce57411,2024-09-04,purchase,إيراد رقم إيراد :0001 -ين,0,80.000,pos_purchases,a1a498f1-d591-e6c0-1098-30da5081fe38
660178cc-f512-3145-285e-30f15806953b,dc6e5eb0-a2c4-7fc8-161c-528f389f29cc,2025-01-21,purchase,إيراد رقم إيراد :0067 -ين,0,500.500,pos_purchases,06ae4c9f-d092-4137-b805-01e5a2758f74
54b8c571-1a7a-e776-f293-f0e065faa19d,f330aa66-9a8a-90ee-d535-6c68ff14b0de,2025-12-20,purchase,إيراد رقم إيراد :0411 -ين,0,8982.526,pos_purchases,c14eb080-a6da-13c1-0a43-bb4a1844f1b2
ecd72222-3430-b8f1-78e6-0c75e1bfb8cf,5bd59cc2-f915-90b2-5eb0-3ec705744a94,2024-10-13,purchase,إيراد رقم إيراد :0003 -ين,0,5550.000,pos_purchases,0eac1d91-2b3e-bf96-f9ff-9021ed3c0e9a
c015f946-35af-3ac9-8a64-387bb5886bec,9a9f39af-a0d0-6a64-969d-7baa03e28c4f,2025-01-05,purchase,إيراد رقم إيراد :0032 -ين,0,2238.000,pos_purchases,5fabe345-7139-f22a-420b-bbbfdbd27d5e
7a48b911-7e05-c294-5de5-010dcfe10e9e,f330aa66-9a8a-90ee-d535-6c68ff14b0de,2025-01-05,purchase,إيراد رقم إيراد :0033 -ين,0,5377.509,pos_purchases,a188d005-3352-34bb-4da2-142956ed2ca2
cef615a5-18db-984a-b3ca-f2dc761d44a4,f330aa66-9a8a-90ee-d535-6c68ff14b0de,2025-01-05,purchase,إيراد رقم إيراد :0034 -ين,0,422.500,pos_purchases,02f06c8f-ea02-9eaf-821e-1f689d71c48c
0a8d4ef6-0765-a449-bd8c-9ac4c19b0d00,dc6e5eb0-a2c4-7fc8-161c-528f389f29cc,2025-01-18,purchase,إيراد رقم إيراد :0062 -ين,0,1965.000,pos_purchases,27d02ae6-c63b-3e12-99fe-b3ed82cc6bda
fd87a826-5551-35bc-9618-99e54bec89bb,9a9f39af-a0d0-6a64-969d-7baa03e28c4f,2025-01-21,purchase,إيراد رقم إيراد :0065 -ين,0,1310.000,pos_purchases,b51abcdf-c235-fae1-553a-0814a793c43a
e982290b-3e0f-0c45-6421-550923482a4c,9a9f39af-a0d0-6a64-969d-7baa03e28c4f,2025-12-21,purchase,إيراد رقم إيراد :0413 -ين,0,1035.000,pos_purchases,86965109-1190-c39a-3782-826b5523349e
6917fe38-2950-e9bd-c963-a645ab653e12,193a3d2d-d39f-6712-72cb-c5f247087645,2025-01-30,purchase,إيراد رقم إيراد :0085 -ين,0,440.000,pos_purchases,ddc6ef1c-91e0-73f1-b133-384c65bd78ba
99110782-c9c5-d0bc-2b3c-fa1fa951a163,e47ac07e-2763-bc83-6cf2-c39bb577a1f9,2025-01-30,purchase,إيراد رقم إيراد :0086 -ين,0,330.000,pos_purchases,680342f1-bd8f-2b7d-9948-1717b86d6785
f8af19ac-4d72-01b0-a9de-f3dffbc66b08,9a9f39af-a0d0-6a64-969d-7baa03e28c4f,2025-02-01,purchase,إيراد رقم إيراد :0087 -ين,0,1670.000,pos_purchases,893a76f5-cf74-91cf-ec3e-8ce4baa3499b
31c75534-0aba-86a0-3f80-e241ff43d202,2e234c5a-ae37-77f1-3c02-d40e664e7d50,2025-02-01,purchase,إيراد رقم إيراد :0088 -ين,0,2185.000,pos_purchases,941acd17-bf63-fdeb-3b42-ac8f2821cde5
6592fb70-496e-7bf8-7c57-e33b0679ea45,dd2fc8ac-5717-c00a-07b0-627c341c4a46,2025-02-01,purchase,إيراد رقم إيراد :0089 -ين,0,4550.000,pos_purchases,9228404b-7f25-481d-806f-b6e450410a7a
4bbac540-da3c-8439-8d9a-4216b88c363c,f68c4a72-8eb2-7563-07ad-b344ff9fe960,2024-10-14,purchase,إيراد رقم إيراد :0003 -ين,0,2157.500,pos_purchases,6de980ff-6601-8ef7-513e-b39c61941301
800ae28e-7791-8efe-2eed-f44776f0c178,9a9f39af-a0d0-6a64-969d-7baa03e28c4f,2025-01-23,purchase,إيراد رقم إيراد :0070 -ين,0,4690.000,pos_purchases,8e6d6b01-82a2-4fcc-7802-6b188d6fded9
d57d1935-e047-7a86-ef2a-cb2bbbbeca8c,96788f75-aca7-6778-39d6-9ded903609dd,2025-12-21,purchase,إيراد رقم إيراد :0412 -ين,0,500.000,pos_purchases,48eba12d-8ba5-5bd1-e429-443e208f30f1
ee6b3c8c-b642-56cf-973f-995714eeccd1,f330aa66-9a8a-90ee-d535-6c68ff14b0de,2025-12-23,purchase,إيراد رقم إيراد :0414 -ين,0,4867.460,pos_purchases,ebae1532-fb50-f6d8-d123-3f9694f80541
20f3ca50-4a19-8fc6-b989-ef9154c9ffd6,f330aa66-9a8a-90ee-d535-6c68ff14b0de,2025-12-28,purchase,إيراد رقم إيراد :0416 -ين,0,5225.000,pos_purchases,5293881c-0c2c-4856-4cae-816c37b204ee
270b13ae-7a45-a173-ee16-64c426c10c14,f330aa66-9a8a-90ee-d535-6c68ff14b0de,2025-12-27,purchase,إيراد رقم إيراد :0415 -ين,0,470.450,pos_purchases,0049664f-3000-d14e-e388-60fdac74402d
488184f4-8d6d-15b9-fdfc-609f107939fe,571d2375-1774-6730-7af4-8df56a1d7a88,2025-12-31,purchase,إيراد رقم إيراد :0419 -ين,0,619.988,pos_purchases,1cd7bf11-494a-17e9-abb4-ddbe9754faae
b7089cfd-ff67-ef0a-c021-a54d3d07b72c,f330aa66-9a8a-90ee-d535-6c68ff14b0de,2025-12-29,purchase,إيراد رقم إيراد :0417 -ين,0,1624.500,pos_purchases,e7e13487-eb39-72aa-34c9-a351613bde40
67b3ac95-7686-d442-ae3c-e6f63da26e68,dc6e5eb0-a2c4-7fc8-161c-528f389f29cc,2025-12-29,purchase,إيراد رقم إيراد :0418 -ين,0,1145.000,pos_purchases,a9227847-e1a8-6164-7f0d-7a4bd5579774
fe66ddd3-72a9-30a9-0076-f21503d5390b,9a9f39af-a0d0-6a64-969d-7baa03e28c4f,2025-12-31,purchase,إيراد رقم إيراد :0420 -ين,0,6025.000,pos_purchases,61ee7468-2bc6-a25c-8467-feb8e14cc15e
54ebede4-dc42-5e09-6cd3-33c289e5f7c1,5bd59cc2-f915-90b2-5eb0-3ec705744a94,2025-01-29,purchase,إيراد رقم إيراد :0082 -ين,0,3990.000,pos_purchases,758b7c62-1cd2-7181-756d-eeea933d5a6e
19aefa58-18db-0779-8816-cf9b245807dd,9a9f39af-a0d0-6a64-969d-7baa03e28c4f,2025-01-30,purchase,إيراد رقم إيراد :0084 -ين,0,8770.000,pos_purchases,8aa5b508-2ad0-9497-21d4-511782fa6c3b
fe6b61a6-89c2-e003-c528-cc90cbb254ca,1feb71a5-1d49-b1e4-f571-cf039a9a809d,2025-02-03,purchase,إيراد رقم إيراد :0097 -ين,0,2755.000,pos_purchases,28add9c4-e1ce-6c3b-9da5-4dec08680caa
75d76f7b-1a6a-54df-f48f-477e9c8f7a46,5bd59cc2-f915-90b2-5eb0-3ec705744a94,2025-02-03,purchase,إيراد رقم إيراد :0099 -ين,0,14520.000,pos_purchases,57bffa76-6641-1b47-62bc-628f29490a83
87e303ee-12c2-37ae-9c13-074d5299ccba,0ac84589-249c-ec1c-90a6-5324415510d3,2025-02-03,purchase,إيراد رقم إيراد :0100 -ين,0,490.000,pos_purchases,9b1f8391-269c-64ed-6473-306fa87eed02
d82a498b-e2b0-bf68-c738-a275d62d3eca,f330aa66-9a8a-90ee-d535-6c68ff14b0de,2026-01-12,purchase,إيراد رقم إيراد :0422 -ين,0,2650.000,pos_purchases,5d668a59-3ba4-b9b2-265e-722eb1fe029d
a50e17a1-3f69-ac5d-7d98-70eb13c844ca,b254c840-e3dc-aa50-45cc-22c1a82f1d9d,2026-04-20,purchase,إيراد رقم إيراد :0473 -ين,0,7000.000,pos_purchases,1196c726-0e93-836c-1a12-0cb5c830e844
9eac0d38-6d47-8e3c-945e-2873636accd5,1e40627e-ea09-d325-6c11-fb6c068c423e,2025-03-06,purchase,إيراد رقم إيراد :0159 -ين,0,305.000,pos_purchases,67db9a70-3d1c-98fe-0c3a-ef83d42032cf
cc26608c-eae9-acc8-6a26-5cc0c188a5dd,b254c840-e3dc-aa50-45cc-22c1a82f1d9d,2025-03-12,purchase,إيراد رقم إيراد :0163 -ين,0,11949.000,pos_purchases,de9fbf55-41e9-cc65-d588-962f18a032dc
4c5725b3-7968-9d30-298e-f1398889238a,f9f6d83d-5b9d-2d22-c42a-21b487031fad,2024-10-21,purchase,إيراد رقم إيراد :0003 -ين,0,1230.000,pos_purchases,95c045bb-95d4-6d2a-ec44-489106edd95c
4c638949-c130-e477-49ef-5072a02e76e0,081276dc-6952-a613-dc62-614b51522ad0,2025-03-13,purchase,إيراد رقم إيراد :0164 -ين,0,840.000,pos_purchases,c092c3d3-0079-6be3-5286-9365c8ab4f69
78d3774b-f7f8-d3ec-a0ea-2fba6b212709,0dafba13-51f2-fc5a-eab7-f16d55bcce40,2025-01-20,purchase,إيراد رقم إيراد :0063 -ين,0,3557.000,pos_purchases,506998fe-29e4-1ba4-87f2-692340f8b59a
97c166ad-78cc-dd2a-9817-ddc34c919510,f68c4a72-8eb2-7563-07ad-b344ff9fe960,2024-11-28,purchase,إيراد رقم إيراد :0003 -ين,0,930.000,pos_purchases,e1fee1db-d14d-8cff-99dd-3804ccef7ca2
5d3365de-1367-e89a-b671-359737cee920,9a9f39af-a0d0-6a64-969d-7baa03e28c4f,2025-02-03,purchase,إيراد رقم إيراد :0093 -ين,0,1440.000,pos_purchases,70dc021b-df83-c54f-1168-3006b371a8c9
657268f7-d8c0-2070-2434-45575ed73d2b,9a9f39af-a0d0-6a64-969d-7baa03e28c4f,2025-02-03,purchase,إيراد رقم إيراد :0094 -ين,0,785.000,pos_purchases,ff1748e4-bf7f-9b52-ab1d-dc875899495b
f3c8770f-e6fa-b4e4-85f9-56733b4be27c,9a9f39af-a0d0-6a64-969d-7baa03e28c4f,2025-02-03,purchase,إيراد رقم إيراد :0096 -ين,0,4132.200,pos_purchases,19d940c7-f3fb-2ff1-26fa-5167677551b7
452ff67a-d20c-1427-1947-cfcdece4071f,0ac84589-249c-ec1c-90a6-5324415510d3,2025-02-04,purchase,إيراد رقم إيراد :0101 -ين,0,1475.000,pos_purchases,60ba0295-30d6-2129-585c-5c86076a89de
08829fc1-481f-2c8d-3ff6-576a657a5ffd,695330b1-f457-9bb1-70db-3ef19382e7c9,2026-01-10,purchase,إيراد رقم إيراد :0421 -ين,0,3990.000,pos_purchases,690424d3-af87-99a1-47cd-ba4bd9e56a1d
349947f0-fceb-4088-090c-fd74774da586,803eabee-b81f-7acb-eb64-b2cae128a7cb,2025-02-02,purchase,إيراد رقم إيراد :0091 -ين,0,3650.000,pos_purchases,a0b378df-7469-030d-778d-ea3e8a50835b
e0ca692a-b206-3df1-2301-457233eea6a0,5bd59cc2-f915-90b2-5eb0-3ec705744a94,2025-02-17,purchase,إيراد رقم إيراد :0132 -ين,0,380.000,pos_purchases,2fdb575a-32dc-5ca3-5e81-73d4f33993c5
e17dc8ff-92f6-d7db-3c3b-6feaa981bf35,dc6e5eb0-a2c4-7fc8-161c-528f389f29cc,2025-09-03,purchase,إيراد رقم إيراد :0342 -ين,0,90.000,pos_purchases,ba1c4a3d-3ffd-b7a0-80c6-a3ebd18f1546
5b270b8e-1795-6f2d-4565-0a9a5b81a7b5,dc6e5eb0-a2c4-7fc8-161c-528f389f29cc,2025-09-03,purchase,إيراد رقم إيراد :0343 -ين,0,460.000,pos_purchases,b9b00d6b-57ad-1cfd-ea36-3c445ec99f39
a027b898-be8f-4455-33dc-7f18d5d74375,8d388eaa-de46-d772-319c-750398f43c28,2026-04-02,purchase,إيراد رقم إيراد :0465 -ين,0,3900.000,pos_purchases,ed4e7a9c-62bf-182b-9ec9-87960398eaa0
8e9c3bbe-ae2a-0c55-a8a3-fc1738d4feea,f330aa66-9a8a-90ee-d535-6c68ff14b0de,2025-09-08,purchase,إيراد رقم إيراد :0347 -ين,0,2290.850,pos_purchases,061bbc83-bb0f-d0ba-199d-e85c0a27ed53
fb366b94-954e-1d83-d511-d70fd6340266,f330aa66-9a8a-90ee-d535-6c68ff14b0de,2025-09-08,purchase,إيراد رقم إيراد :0348 -ين,0,6392.400,pos_purchases,fe1379a3-3277-78e8-ac2a-8226eb8e225a
af6e6d0b-57d2-bea5-169c-676298832cc6,9a9f39af-a0d0-6a64-969d-7baa03e28c4f,2025-09-14,purchase,إيراد رقم إيراد :0359 -ين,0,86.950,pos_purchases,1c2bfddc-64cc-305a-7a88-cef0fc2ce2ef
84ab81da-4359-c9dc-8187-4aed5ede6914,06d20f1c-34a0-e014-64db-92734ce57411,2025-09-17,purchase,إيراد رقم إيراد :0362 -ين,0,400.000,pos_purchases,92cf92b4-0a4b-f567-a9e8-afe21539cf94
aaecee0e-3ec7-863d-708a-bf485d2d89d9,4db58ef5-0e02-ae07-fc14-5629c40b7689,2024-11-18,purchase,إيراد رقم إيراد :0003 -ين,0,2970.000,pos_purchases,ca0aba1a-4308-0acf-2c2e-5922f61dfdb3
13f77388-8fc1-3dce-3295-4e51e2695347,9a9f39af-a0d0-6a64-969d-7baa03e28c4f,2025-02-06,purchase,إيراد رقم إيراد :0109 -ين,0,3741.250,pos_purchases,c40cf816-1e42-8643-4d7c-8a82e8583629
d354b5d9-99cb-e5f9-8d92-0c8d59ba1358,f68c4a72-8eb2-7563-07ad-b344ff9fe960,2025-01-21,purchase,إيراد رقم إيراد :0064 -ين,0,6690.000,pos_purchases,823b55e9-9375-aff4-29b7-090b79e513a9
78a33159-bbf6-8ca5-0c21-05bba7ebe0cc,1e40627e-ea09-d325-6c11-fb6c068c423e,2025-03-10,purchase,إيراد رقم إيراد :0160 -ين,0,120.000,pos_purchases,1d554c86-edae-6eba-73cc-68280c9d0bcb
209ca964-4d65-2fa6-dc33-3f44c8d427e0,e2471349-f041-76d6-af3b-07b14234b9a8,2026-04-28,purchase,إيراد رقم إيراد :0483 -ين,0,2350.000,pos_purchases,aaadb2db-8c53-5939-6c7f-75e9a6f3a10c
ede90b7c-fa95-33df-a7d3-7da4d8e959a7,9a9f39af-a0d0-6a64-969d-7baa03e28c4f,2025-02-08,purchase,إيراد رقم إيراد :0110 -ين,0,370.000,pos_purchases,c5aa9fee-0e21-60ff-3cfa-b5b2c4366907
df07f7cc-ec57-7eff-7955-a7110035e889,9a9f39af-a0d0-6a64-969d-7baa03e28c4f,2025-02-16,purchase,إيراد رقم إيراد :0130 -ين,0,27613.000,pos_purchases,8e982682-f8a3-b143-14a8-aa5bc949b98c
fe35e099-be35-bda4-148a-f2d8c80e26c2,9a9f39af-a0d0-6a64-969d-7baa03e28c4f,2025-02-17,purchase,إيراد رقم إيراد :0131 -ين,0,135.000,pos_purchases,68525e16-8e50-2056-9eb5-87c791345772
09324b3e-90be-137b-1023-b7f309e83244,dc6e5eb0-a2c4-7fc8-161c-528f389f29cc,2025-02-06,purchase,إيراد رقم إيراد :0108 -ين,0,300.000,pos_purchases,731c9de2-7b35-ccbb-16e7-d03052eba772
b5a8a86c-c60a-b713-3228-02faa7981651,f330aa66-9a8a-90ee-d535-6c68ff14b0de,2026-01-15,purchase,إيراد رقم إيراد :0423 -ين,0,3326.450,pos_purchases,2acd96f5-155b-913f-2b50-f7ad90b408ea
e5b7a666-14f3-6983-187d-96e98f3670c8,9a9f39af-a0d0-6a64-969d-7baa03e28c4f,2025-02-12,purchase,إيراد رقم إيراد :0117 -ين,0,6875.000,pos_purchases,246a9f9e-9733-3f65-1e53-d202ddb87fa4
f7423d78-2f6a-3817-ce40-a917942490e3,3371605a-058e-4bf1-07a5-d157c54ae58f,2026-02-03,purchase,إيراد رقم إيراد :0428 -ين,0,60.000,pos_purchases,b67721ce-3b9b-693a-15f1-e2a887e1fa1c
54ac880c-b445-50be-0369-9424a4fbef74,081276dc-6952-a613-dc62-614b51522ad0,2025-03-15,purchase,إيراد رقم إيراد :0169 -ين,0,6050.000,pos_purchases,a65aace7-cec0-c9db-a467-f1ba7755e1a0
ab3c5530-cec6-f47a-97db-8a3e63a3d355,3371605a-058e-4bf1-07a5-d157c54ae58f,2025-03-16,purchase,إيراد رقم إيراد :0170 -ين,0,1050.000,pos_purchases,e3ac0935-8adf-4d67-d247-811fe06c4d68
2ca3b7bb-9721-6c85-d719-c0a2a0873de4,f68c4a72-8eb2-7563-07ad-b344ff9fe960,2025-03-27,purchase,إيراد رقم إيراد :0179 -ين,0,504.000,pos_purchases,6446ade4-3be5-953c-1500-2407ec671fb1
8df9aac4-6723-b6db-18b0-65eec627929c,b254c840-e3dc-aa50-45cc-22c1a82f1d9d,2025-03-18,purchase,إيراد رقم إيراد :0171 -ين,0,22938.000,pos_purchases,dfb089b6-d9e4-7cc8-7afc-0003f03b8f52
eede15ec-4fd4-7f3d-54bd-c7c6534bbb69,b254c840-e3dc-aa50-45cc-22c1a82f1d9d,2025-03-20,purchase,إيراد رقم إيراد :0172 -ين,0,600.000,pos_purchases,657699b2-2261-4266-91a6-0e142988fea5
04818b17-423f-5740-d66b-df21b701ed50,b254c840-e3dc-aa50-45cc-22c1a82f1d9d,2025-10-06,purchase,إيراد رقم إيراد :0379 -ين,0,31012.000,pos_purchases,9f225ead-699c-0b61-b0d5-c52ebbb79f5a
4907d8a8-a252-06c0-d7de-85dc0c187815,e47ac07e-2763-bc83-6cf2-c39bb577a1f9,2025-02-24,purchase,إيراد رقم إيراد :0141 -ين,0,2600.000,pos_purchases,c3a5dc63-d38f-fe1e-533d-20fee69e5759
de76cc62-b79d-5cf5-4ded-e9561808cd42,06d20f1c-34a0-e014-64db-92734ce57411,2025-02-24,purchase,إيراد رقم إيراد :0142 -ين,0,400.000,pos_purchases,eb53106a-2ad5-afa8-0074-f84bf2cec1d4
a01921d5-190f-6279-a6a8-1c8557878f6a,5bd59cc2-f915-90b2-5eb0-3ec705744a94,2025-02-25,purchase,إيراد رقم إيراد :0145 -ين,0,11870.000,pos_purchases,b333d6b1-24d9-a902-987c-f4fc2dc40682
b02aaf8e-3b5f-0d66-43a9-266dc619ecd3,1feb71a5-1d49-b1e4-f571-cf039a9a809d,2025-02-25,purchase,إيراد رقم إيراد :0146 -ين,0,8960.600,pos_purchases,a982654e-01b8-e010-124a-ec3a45e5dd41
c75bd382-0810-3c83-8180-cc9bd7cfca33,803eabee-b81f-7acb-eb64-b2cae128a7cb,2025-03-03,purchase,إيراد رقم إيراد :0155 -ين,0,41.250,pos_purchases,06ec2461-4ce6-7668-13ae-2837d317fa72
88355c0d-007c-4c85-b6b7-ea26367b19df,0dafba13-51f2-fc5a-eab7-f16d55bcce40,2025-09-29,purchase,إيراد رقم إيراد :0376 -ين,0,3440.000,pos_purchases,cff07310-f241-5864-1d9d-22aee516ea56
fe5f810e-22f7-bc5b-4c0e-ab933ceee1f4,4db58ef5-0e02-ae07-fc14-5629c40b7689,2024-11-18,purchase,إيراد رقم إيراد :0003 -ين,0,367.000,pos_purchases,7d784a6b-0258-b9f7-6a86-cb5ce45aa94b
75d5bf6f-aa48-36fc-8945-145e7dd37699,dc6e5eb0-a2c4-7fc8-161c-528f389f29cc,2025-02-16,purchase,إيراد رقم إيراد :0127 -ين,0,14940.000,pos_purchases,e342b321-87e8-f1bb-7db1-ea471496c6ae
c4499917-f77e-c2d3-6669-2e8a0389f135,9a9f39af-a0d0-6a64-969d-7baa03e28c4f,2025-01-13,purchase,إيراد رقم إيراد :0048 -ين,0,147.000,pos_purchases,988a189a-d8bf-8c3f-323d-68e139889963
0e686e57-912b-3325-706f-9a35632d3745,0dafba13-51f2-fc5a-eab7-f16d55bcce40,2025-02-25,purchase,إيراد رقم إيراد :0147 -ين,0,15857.225,pos_purchases,1daf4416-8507-8400-94ff-c06b052a435d
dc19a96d-91ee-af51-6ae8-0b595ffd7f2b,e47ac07e-2763-bc83-6cf2-c39bb577a1f9,2025-02-16,purchase,إيراد رقم إيراد :0129 -ين,0,850.000,pos_purchases,73e7fde8-0b72-87e5-1d12-67add81fbb40
3da9a694-52db-8156-04d5-30a6426ee94f,3371605a-058e-4bf1-07a5-d157c54ae58f,2026-02-10,purchase,إيراد رقم إيراد :0431 -ين,0,9080.000,pos_purchases,b405f941-ef5d-03c6-19dd-2e8390821a93
044102db-1b56-c59b-e101-67e37a3195a3,f330aa66-9a8a-90ee-d535-6c68ff14b0de,2025-03-11,purchase,إيراد رقم إيراد :0162 -ين,0,4204.800,pos_purchases,eaf71121-021c-cf55-d2cf-f98384a5658c
fa2adca3-f6dc-2323-d4c8-6ad8d047cf56,b254c840-e3dc-aa50-45cc-22c1a82f1d9d,2025-09-30,purchase,إيراد رقم إيراد :0378 -ين,0,11845.000,pos_purchases,342991aa-a1d1-55de-6377-bfb4faa70d3e
2cd370c5-4054-bb7e-8584-7db87b4a01e5,4db58ef5-0e02-ae07-fc14-5629c40b7689,2025-03-22,purchase,إيراد رقم إيراد :0173 -ين,0,7355.000,pos_purchases,8cf6fd27-84b9-f495-3a9a-fc010aca3969
5e77b320-9270-db67-fdd0-750da33cdea5,46b65556-274a-45aa-9c85-4e9803db664f,2025-04-07,purchase,إيراد رقم إيراد :0185 -ين,0,330.000,pos_purchases,adf333db-f19a-3ef0-990d-f3616d334370
43588931-ff0c-9a93-b168-d38d97d733a9,f68c4a72-8eb2-7563-07ad-b344ff9fe960,2026-03-07,purchase,إيراد رقم إيراد :0445 -ين,0,4252.500,pos_purchases,2ea21945-ddde-adcb-e652-27f03fa61db7
ca7180b7-8ff3-cec0-8aba-145f95aac61e,4db58ef5-0e02-ae07-fc14-5629c40b7689,2024-12-07,purchase,إيراد رقم إيراد :0004 -ين,0,10093.000,pos_purchases,375ea613-89b8-77ee-d1cc-3b7256f5dfa3
0c2ae23d-9005-4dd1-7c79-0b646b7943a1,f330aa66-9a8a-90ee-d535-6c68ff14b0de,2025-03-11,purchase,إيراد رقم إيراد :0161 -ين,0,8085.100,pos_purchases,ee291ef1-e915-989a-0286-38cbf7b5a41a
18f7538c-332b-4e14-bfde-94933133b781,9a9f39af-a0d0-6a64-969d-7baa03e28c4f,2025-01-09,purchase,إيراد رقم إيراد :0041 -ين,0,17920.000,pos_purchases,ff156715-a0b4-2efc-4bed-07b337fd19f9
bcf11f13-ffc7-a5b3-cd93-0efebb2f8011,9a9f39af-a0d0-6a64-969d-7baa03e28c4f,2025-09-20,purchase,إيراد رقم إيراد :0363 -ين,0,28860.500,pos_purchases,3ec3d01f-c941-39e0-6ca9-f08c6bb4992b
91ff2b73-4bb4-fe12-4b1c-d5367147a8e1,9a9f39af-a0d0-6a64-969d-7baa03e28c4f,2025-01-12,purchase,إيراد رقم إيراد :0045 -ين,0,780.000,pos_purchases,e0034d5d-687c-a368-e6a7-1c7603c7547f
8d643985-32a6-d0a1-0dd3-7113d8ef2c2d,dc6e5eb0-a2c4-7fc8-161c-528f389f29cc,2025-01-13,purchase,إيراد رقم إيراد :0047 -ين,0,11515.235,pos_purchases,99e73c3b-c5d5-29c1-913b-e77f35217c7a
5cc4f648-e80d-8590-e80d-9c7b8e7b9c84,9a9f39af-a0d0-6a64-969d-7baa03e28c4f,2025-02-16,purchase,إيراد رقم إيراد :0128 -ين,0,6979.150,pos_purchases,78080f57-3c3c-3417-7afe-516fa1be982e
688b6faf-5e79-d349-a3ca-c1725ed43edb,9a9f39af-a0d0-6a64-969d-7baa03e28c4f,2025-02-26,purchase,إيراد رقم إيراد :0151 -ين,0,14618.000,pos_purchases,17a8af22-0dec-4831-77cd-1bd12302b392
faada734-bebb-4a6e-d7a3-13c0937786cd,9a9f39af-a0d0-6a64-969d-7baa03e28c4f,2025-02-26,purchase,إيراد رقم إيراد :0152 -ين,0,2158.250,pos_purchases,fe0971ef-ee7e-83a1-d397-f5ac9998275d
437f7653-7c00-93c4-fc5a-5b45fe5d42f1,5bd59cc2-f915-90b2-5eb0-3ec705744a94,2025-01-14,purchase,إيراد رقم إيراد :0055 -ين,0,5730.000,pos_purchases,08f8dc0c-3eb9-70f0-e696-182797aff0e1
0c2477d5-1523-37da-7bd6-a3086e432e59,9a9f39af-a0d0-6a64-969d-7baa03e28c4f,2025-03-23,purchase,إيراد رقم إيراد :0175 -ين,0,18030.000,pos_purchases,62dff013-85c1-682b-c1bb-b8b97eac6c8a
70cc3768-6055-c1c8-347c-3753075e127e,1e40627e-ea09-d325-6c11-fb6c068c423e,2026-02-08,purchase,إيراد رقم إيراد :0429 -ين,0,225.000,pos_purchases,2e98cd2c-23d5-ebc6-5010-23ed378f9d97
0624c00b-0fc7-f6cb-f006-50700bb15f67,9a9f39af-a0d0-6a64-969d-7baa03e28c4f,2025-03-26,purchase,إيراد رقم إيراد :0178 -ين,0,4219.500,pos_purchases,5562538f-0919-4904-d310-c833633b5903
d99c4e1e-032b-8726-753b-49c8f78c20b7,9a9f39af-a0d0-6a64-969d-7baa03e28c4f,2025-09-21,purchase,إيراد رقم إيراد :0364 -ين,0,1150.000,pos_purchases,dbd2e332-bbb6-af3a-6e66-263f59f5df0b
c9b1af3d-b7c0-6ddf-4106-4cff1770725a,dd2fc8ac-5717-c00a-07b0-627c341c4a46,2025-09-21,purchase,إيراد رقم إيراد :0365 -ين,0,1600.000,pos_purchases,6ca85679-47d8-5241-6404-93f40b9db863
ef591f53-7958-5b0f-615d-e78b02e0d9b3,9a9f39af-a0d0-6a64-969d-7baa03e28c4f,2025-12-17,purchase,إيراد رقم إيراد :0407 -ين,0,700.000,pos_purchases,aecb0d9b-5aee-a5da-7a8f-848377300e54
5666fd1c-8bb4-1d5e-d77e-b9e734280ac9,5bd59cc2-f915-90b2-5eb0-3ec705744a94,2025-01-05,purchase,إيراد رقم إيراد :0030 -ين,0,4865.000,pos_purchases,77eb82a9-87af-de4e-9f2e-8c09168c3159
5721024f-d656-ef53-29dc-c3030f78298d,56855bde-1190-92a2-afb0-419a9650977f,2025-02-28,purchase,إيراد رقم إيراد :0143 -ين,0,189190.000,pos_purchases,1bfb31f4-26c4-315a-46eb-95c821cb557b
40872e39-e6bc-ee20-4f37-33062ee7c770,dd2fc8ac-5717-c00a-07b0-627c341c4a46,2025-03-13,purchase,إيراد رقم إيراد :0166 -ين,0,440.000,pos_purchases,7051d637-5f0e-fce8-0910-b17b0312ae97
e642b0ed-a256-1c50-7004-24aa9d6da674,dd2fc8ac-5717-c00a-07b0-627c341c4a46,2025-03-13,purchase,إيراد رقم إيراد :0167 -ين,0,7566.750,pos_purchases,55010a23-fc64-62a0-cb50-e5c6c4a297f7
58ffa159-5b2a-9e18-b358-a6ffaaf0a222,f330aa66-9a8a-90ee-d535-6c68ff14b0de,2025-03-15,purchase,إيراد رقم إيراد :0168 -ين,0,5949.000,pos_purchases,76de8c03-750c-f38d-9ebb-777a14a00fc8
38829a7c-9753-b540-fcec-331ca6f26c05,dd2fc8ac-5717-c00a-07b0-627c341c4a46,2025-03-23,purchase,إيراد رقم إيراد :0174 -ين,0,1320.000,pos_purchases,f2cf4005-5222-c05f-6a86-133e94504e70
1e8b02af-475d-0dca-78ad-0d6573c9ffe7,f330aa66-9a8a-90ee-d535-6c68ff14b0de,2025-12-11,purchase,إيراد رقم إيراد :0406 -ين,0,1066.386,pos_purchases,a3383cf7-ed8c-7a40-3e26-f47c2573098b
8a23cde4-35ca-1bb9-227a-750e4329ff8c,3371605a-058e-4bf1-07a5-d157c54ae58f,2025-02-05,purchase,إيراد رقم إيراد :0103 -ين,0,3816.000,pos_purchases,4becf1bf-d903-1468-6334-a54353d16f6e
9ddfcb93-0099-ace4-1556-f2722e2b5d32,f68c4a72-8eb2-7563-07ad-b344ff9fe960,2025-02-02,purchase,إيراد رقم إيراد :0092 -ين,0,27600.000,pos_purchases,093b513c-0ff7-6220-efc5-1b822eb228a4
676bf7bf-3a48-955a-ee4c-cebd03fc6db4,431ac3fd-806d-3b31-7433-0f5bf3af56c7,2025-01-29,purchase,إيراد رقم إيراد :0083 -ين,0,2240.000,pos_purchases,d1e83acd-fa1b-12de-0294-c2f6edd5af96
41c6d3f5-afea-40ab-6985-77f664393ef0,f68c4a72-8eb2-7563-07ad-b344ff9fe960,2025-06-28,purchase,إيراد رقم إيراد :0274 -ين,0,2969.800,pos_purchases,0d14790d-207a-0013-8cd9-dda21ed3e7c1
8c1985c6-a064-9b9d-c398-23a8ea93f823,dd2fc8ac-5717-c00a-07b0-627c341c4a46,2025-03-13,purchase,إيراد رقم إيراد :0165 -ين,0,1350.000,pos_purchases,85cfd286-f878-ee37-e4bd-8203f697873a
fdda5fc1-9570-b9da-1bf9-53b871b6a559,2e234c5a-ae37-77f1-3c02-d40e664e7d50,2025-04-23,purchase,إيراد رقم إيراد :0205 -ين,0,3800.000,pos_purchases,3418c800-f790-27e2-d007-01e418e5856f
1358c5c8-6c58-57da-2fcb-db3099147bf8,9a9f39af-a0d0-6a64-969d-7baa03e28c4f,2025-12-17,purchase,إيراد رقم إيراد :0408 -ين,0,684.000,pos_purchases,292b3302-f27e-9ca7-bdbe-0046b9ba825a
3eb2dbba-edde-47f1-801e-ab344996d732,5bd59cc2-f915-90b2-5eb0-3ec705744a94,2025-12-17,purchase,إيراد رقم إيراد :0409 -ين,0,1485.000,pos_purchases,7e28c1c5-afe9-9615-dcbc-6b3a9c14fbda
040f7fcb-4cf4-64e2-d58b-77b69d4c071d,9a9f39af-a0d0-6a64-969d-7baa03e28c4f,2026-02-22,purchase,إيراد رقم إيراد :0440 -ين,0,16902.250,pos_purchases,20c25941-e6db-dc50-5a81-adfc65cdaa73
75c188a9-0385-fc07-2c6d-dcc25f5e59f1,2e234c5a-ae37-77f1-3c02-d40e664e7d50,2025-01-08,purchase,إيراد رقم إيراد :0038 -ين,0,600.000,pos_purchases,d553da64-b5bd-0472-0740-f575580dcf4e
b967cf74-83c3-cc37-0009-872599af56ff,9a9f39af-a0d0-6a64-969d-7baa03e28c4f,2025-04-21,purchase,إيراد رقم إيراد :0199 -ين,0,4500.000,pos_purchases,bac05b02-559a-cee1-6ca4-1dc8229baa27
100507e2-39a0-6388-279a-e8f5994090d3,f68c4a72-8eb2-7563-07ad-b344ff9fe960,2026-04-28,purchase,إيراد رقم إيراد :0484 -ين,0,1248.000,pos_purchases,7385ae30-0cd3-4081-bbd6-e55355e2824c
5b46a5ee-aec4-d4f9-f6e0-a0b6fd7b4e94,f68c4a72-8eb2-7563-07ad-b344ff9fe960,2026-04-28,purchase,إيراد رقم إيراد :0487 -ين,0,1170.000,pos_purchases,7a858df6-ad26-cd19-4b47-ab5aab840a77
f0aa79e2-8971-0a78-9397-8244f04758a9,3f8e1d44-c2e4-cecd-ff29-48dc418eba21,2025-01-12,purchase,إيراد رقم إيراد :0043 -ين,0,340.000,pos_purchases,4cde0765-0f77-833e-b545-832f72c16c77
28948853-1e9c-0386-3dad-daf19b05528b,f68c4a72-8eb2-7563-07ad-b344ff9fe960,2025-04-06,purchase,إيراد رقم إيراد :0182 -ين,0,8295.000,pos_purchases,b8b1f936-1f38-d7ec-7de3-32a92bc75d1e
d6f1bf9d-c2dd-e487-710c-0967c069024a,8d388eaa-de46-d772-319c-750398f43c28,2025-04-08,purchase,إيراد رقم إيراد :0186 -ين,0,620.000,pos_purchases,e09ca666-6667-2269-26cb-7ef3c6e8d369
4bead6bb-a722-d412-44b6-e21a276c9b16,4db58ef5-0e02-ae07-fc14-5629c40b7689,2025-03-27,purchase,إيراد رقم إيراد :0180 -ين,0,525.000,pos_purchases,ddfc0864-4895-5d85-7efc-cca77198c9b9
592b80a4-b83d-27aa-b638-246fc2248ba8,dd2fc8ac-5717-c00a-07b0-627c341c4a46,2025-04-16,purchase,إيراد رقم إيراد :0191 -ين,0,1440.000,pos_purchases,49d3fab2-adc4-7af1-0406-abcea784c3be
54204bac-ac43-39be-6060-5c7b4080de38,8d388eaa-de46-d772-319c-750398f43c28,2025-04-07,purchase,إيراد رقم إيراد :0184 -ين,0,620.000,pos_purchases,9ddb60f9-5576-a56a-73d5-634cbde16b8d
e808463b-0668-3490-d18f-a07a4a5d0294,9a9f39af-a0d0-6a64-969d-7baa03e28c4f,2025-04-06,purchase,إيراد رقم إيراد :0181 -ين,0,595.000,pos_purchases,e9396df8-1234-d7b0-39db-cf54d15ed552
6b954979-ff7f-23a6-3759-85ac4e00d66d,dd2fc8ac-5717-c00a-07b0-627c341c4a46,2025-04-23,purchase,إيراد رقم إيراد :0201 -ين,0,845.000,pos_purchases,44456db7-3896-9367-2455-ae913fa83c10
00797a5d-b1a8-3c97-ffe5-0b9e0db7ce37,dc6e5eb0-a2c4-7fc8-161c-528f389f29cc,2025-04-23,purchase,إيراد رقم إيراد :0203 -ين,0,34.500,pos_purchases,1a4407bb-6fba-d7a2-30d7-e835a4629cf2
6719bf40-5389-00f0-8ce5-ddcea5b164be,9a9f39af-a0d0-6a64-969d-7baa03e28c4f,2025-04-23,purchase,إيراد رقم إيراد :0204 -ين,0,5732.700,pos_purchases,6aae9cc3-512e-d7af-fb91-f2bef0f304e7
b0a0f91a-63ab-a932-9a9d-31c51ae6013e,9a9f39af-a0d0-6a64-969d-7baa03e28c4f,2025-04-24,purchase,إيراد رقم إيراد :0206 -ين,0,7942.000,pos_purchases,4d086231-ea81-e002-fa66-e38b1cc002d2
edd51eb5-7c2b-f373-3542-a2be76ea4e41,dc6e5eb0-a2c4-7fc8-161c-528f389f29cc,2025-01-13,purchase,إيراد رقم إيراد :0049 -ين,0,370.000,pos_purchases,0300e155-41e8-8314-49cf-c844b4a6bf05
af39eaf3-0280-18f8-e377-90e00bf2ae56,f68c4a72-8eb2-7563-07ad-b344ff9fe960,2025-04-08,purchase,إيراد رقم إيراد :0187 -ين,0,147.500,pos_purchases,d7bf187b-b037-8b1a-e979-770948e35a4f
a134ad17-dde4-b046-1457-59137e856cc2,081276dc-6952-a613-dc62-614b51522ad0,2025-08-02,purchase,إيراد رقم إيراد :0310 -ين,0,520.000,pos_purchases,a34ba1bc-8c0c-1b85-0b03-97fb91b4b200
48973bb3-3367-564e-e41f-efad606d1e2e,0c575208-c139-0260-a6d0-f96f93e5c6ae,2025-02-13,purchase,إيراد رقم إيراد :0120 -ين,0,330.000,pos_purchases,260c85ff-98b4-0eed-e7cc-184c590dfa61
cdec819e-deeb-7ecc-f1bc-9c1bdf5a28bf,081276dc-6952-a613-dc62-614b51522ad0,2025-04-21,purchase,إيراد رقم إيراد :0198 -ين,0,220.000,pos_purchases,38995d56-d888-353b-3000-c69016ccdd09
90d126d4-5e05-3095-b65f-5d3fd4a4ea02,65debbbf-d158-9217-a5df-94070e87c4d1,2025-01-14,purchase,إيراد رقم إيراد :0058 -ين,0,259.200,pos_purchases,b07a1880-de18-caa2-59f9-bab3e68fe913
7e01d4b0-59b7-3a9a-ce1a-e6a8f8df01e3,51882a69-3ac9-cde2-37e3-64e2b7daae96,2025-04-26,purchase,إيراد رقم إيراد :0209 -ين,0,1935.000,pos_purchases,697b3c13-57a6-657f-2ae1-4e1e3bd2096b
eddd076d-b947-f1c2-10ef-d34a4c03ba14,9a9f39af-a0d0-6a64-969d-7baa03e28c4f,2025-04-26,purchase,إيراد رقم إيراد :0210 -ين,0,4297.450,pos_purchases,655f45a7-d35e-87e3-fa91-981fa16c6bfe
4528ed24-2988-3ab9-cafc-872a2f241dd8,0dafba13-51f2-fc5a-eab7-f16d55bcce40,2025-04-26,purchase,إيراد رقم إيراد :0211 -ين,0,1790.000,pos_purchases,c594c6b2-7379-925c-e086-316676d70426
cc641f07-113f-b00a-e343-34998b1f8670,5bd59cc2-f915-90b2-5eb0-3ec705744a94,2025-04-28,purchase,إيراد رقم إيراد :0214 -ين,0,5060.000,pos_purchases,3d635689-3e15-7a6b-8229-f42eb792db99
2593ed84-4fed-561e-5321-bba1f5fbb8a5,f68c4a72-8eb2-7563-07ad-b344ff9fe960,2025-04-26,purchase,إيراد رقم إيراد :0213 -ين,0,1530.000,pos_purchases,a68e5796-841d-471c-1d72-de301dac8d4e
79a32fad-50c4-e826-c2b7-432d0ad0d5a3,9a9f39af-a0d0-6a64-969d-7baa03e28c4f,2025-03-25,purchase,إيراد رقم إيراد :0177 -ين,0,600.000,pos_purchases,536ae362-3908-d678-4e4d-0b4d31177c89
d6fc6d21-6248-735a-4357-d4a56ef29e9d,06d20f1c-34a0-e014-64db-92734ce57411,2026-03-04,purchase,إيراد رقم إيراد :0443 -ين,0,900.000,pos_purchases,d6b58621-eb51-3e8a-3248-37c5d21a23f7
ae7ac185-4514-c4f6-13c8-a2d447fbb191,1a3e68c6-4b49-c842-7d20-2ef3559b05d2,2025-01-23,purchase,إيراد رقم إيراد :0072 -ين,0,715.000,pos_purchases,14eea473-25fc-df7f-b8a7-9bed1160a208
c8cfd1d5-099c-dede-7bd7-f11e774ccfee,e47ac07e-2763-bc83-6cf2-c39bb577a1f9,2025-04-23,purchase,إيراد رقم إيراد :0200 -ين,0,16285.111,pos_purchases,b3f3ef3b-fd44-1f21-2e81-c60b6fc15054
78249042-f053-a16c-f434-7aa6b8935675,51882a69-3ac9-cde2-37e3-64e2b7daae96,2025-02-23,purchase,إيراد رقم إيراد :0140 -ين,0,885.000,pos_purchases,49fbfab0-5d5f-adbe-22a7-a5775c2597a2
a2a24704-fbad-3acb-a670-483a19681e40,e47ac07e-2763-bc83-6cf2-c39bb577a1f9,2025-05-26,purchase,إيراد رقم إيراد :0237 -ين,0,435.000,pos_purchases,e19eac98-eb1c-c3d9-3adb-037e87b5a8e0
e6fa1e71-6bce-f825-9557-885d22a58e67,f330aa66-9a8a-90ee-d535-6c68ff14b0de,2026-01-15,purchase,إيراد رقم إيراد :0424 -ين,0,9659.580,pos_purchases,246ac8c9-4e51-4403-e991-97c0f082ca89
9347bbea-338c-bb49-ab1b-0a7daf828ef9,b254c840-e3dc-aa50-45cc-22c1a82f1d9d,2025-04-29,purchase,إيراد رقم إيراد :0215 -ين,0,5527.000,pos_purchases,5a46adce-b83d-e70d-1d75-0618b0f30cc4
9ea613e9-8931-4db1-c1f7-d72c459e6941,f68c4a72-8eb2-7563-07ad-b344ff9fe960,2025-04-30,purchase,إيراد رقم إيراد :0219 -ين,0,1595.000,pos_purchases,a17ae495-978d-9d78-6a29-4a93558749d4
b86298be-2de9-5768-8db7-6d364df64a53,0dafba13-51f2-fc5a-eab7-f16d55bcce40,2025-05-04,purchase,إيراد رقم إيراد :0223 -ين,0,3500.000,pos_purchases,cd0693ed-6be9-9460-a597-9f41ba5f9033
c0e6521a-e883-f87a-fae9-8588f7059a9f,3f8e1d44-c2e4-cecd-ff29-48dc418eba21,2025-04-29,purchase,إيراد رقم إيراد :0216 -ين,0,5800.000,pos_purchases,9a23248c-d5a6-d6e6-e970-bac6131957c3
879eb913-3109-5582-aef4-0d608758480a,b254c840-e3dc-aa50-45cc-22c1a82f1d9d,2025-04-30,purchase,إيراد رقم إيراد :0217 -ين,0,4662.000,pos_purchases,371b9fe9-8b99-4eea-eb75-b9da975c6794
3ad69a83-cdc7-c49a-32a2-7800cb991fd9,5bd59cc2-f915-90b2-5eb0-3ec705744a94,2025-05-01,purchase,إيراد رقم إيراد :0220 -ين,0,4375.000,pos_purchases,03f44a66-0ee4-b4a2-1e78-753ab75911ee
78fc259c-30f9-1b83-8a92-21d3b794493d,081276dc-6952-a613-dc62-614b51522ad0,2026-02-10,purchase,إيراد رقم إيراد :0432 -ين,0,50.000,pos_purchases,2f91655d-e4ba-4ec3-83c1-207803f78b4e
1fa7e4de-34fd-e947-eedd-668a7a2e99c6,dc6e5eb0-a2c4-7fc8-161c-528f389f29cc,2025-02-20,purchase,إيراد رقم إيراد :0136 -ين,0,645.000,pos_purchases,29d5600a-743d-5a9c-bd1e-b6f00ccf65cc
6091894d-82d0-e1b2-6929-66c53dca5dea,5bd59cc2-f915-90b2-5eb0-3ec705744a94,2025-02-20,purchase,إيراد رقم إيراد :0135 -ين,0,2930.000,pos_purchases,da5d3d2b-eff1-2da9-1eb5-816e1f615f1a
cb724fe4-a971-3d38-889d-9bd7c346d96c,7e4b3fc3-8241-ee4f-683f-bfe58ba55739,2025-02-11,purchase,إيراد رقم إيراد :0115 -ين,0,30.000,pos_purchases,fb0dc766-d101-4d1d-734a-ce15bb0e5e23
db32ba7c-5b7e-3e78-4aa3-a94ee3a82da3,e47ac07e-2763-bc83-6cf2-c39bb577a1f9,2025-01-14,purchase,إيراد رقم إيراد :0056 -ين,0,1835.000,pos_purchases,ddc18f29-b578-8a82-1fb6-430426de8527
fc4e0619-e1db-35f8-9251-bee23fcbff16,f330aa66-9a8a-90ee-d535-6c68ff14b0de,2025-05-10,purchase,إيراد رقم إيراد :0229 -ين,0,1673.500,pos_purchases,f95fc34f-1064-cdf1-ea86-1bdc8166730b
4b5c298b-4df4-3e2a-4ae3-0a5932af01ec,cbc8158a-9b45-9705-3f1d-05cad25ac2d7,2025-05-21,purchase,إيراد رقم إيراد :0235 -ين,0,4960.000,pos_purchases,290fc712-d480-070d-9819-15dccee03fee
30290969-8f1a-a8a4-009c-6b8bc69ec975,e47ac07e-2763-bc83-6cf2-c39bb577a1f9,2025-05-29,purchase,إيراد رقم إيراد :0241 -ين,0,820.000,pos_purchases,21b1b174-0f3c-618d-2282-0971a9271a4e
8f3f8b87-e0cf-3b3d-a2ba-64ea45bed5b6,5b018a56-a89e-b7f1-caf0-d8c5eec60a97,2025-06-04,purchase,إيراد رقم إيراد :0245 -ين,0,450.000,pos_purchases,31df35f6-9fd5-159e-fb1d-007d10e5a944
dea1bd3d-5c8f-0926-9a84-e265f1c2ad1b,0dafba13-51f2-fc5a-eab7-f16d55bcce40,2025-06-10,purchase,إيراد رقم إيراد :0246 -ين,0,1325.000,pos_purchases,155da4be-d5d9-ade8-f559-ed0eecf414fb
4b5219ef-1126-93c1-3ce0-5fbb91b9d19a,9a9f39af-a0d0-6a64-969d-7baa03e28c4f,2025-06-12,purchase,إيراد رقم إيراد :0249 -ين,0,1425.500,pos_purchases,e3c74655-0b0d-2a9f-1a4b-4112ba0f896b
273baef3-b1a8-62cb-9f20-784ae1d04522,f330aa66-9a8a-90ee-d535-6c68ff14b0de,2025-06-15,purchase,إيراد رقم إيراد :0252 -ين,0,4958.000,pos_purchases,a95ee006-1e02-ae4b-6f84-8e122af2229a
86bb45bb-0770-464e-a7b0-e82b958772df,f330aa66-9a8a-90ee-d535-6c68ff14b0de,2025-06-15,purchase,إيراد رقم إيراد :0253 -ين,0,2080.100,pos_purchases,7c22ad3c-bcf4-701e-f26a-4ab29a1f9e60
dcb0aaae-4b81-76e9-60da-49f584008f21,e47ac07e-2763-bc83-6cf2-c39bb577a1f9,2025-04-23,purchase,إيراد رقم إيراد :0202 -ين,0,1760.000,pos_purchases,8173c2b9-37cb-219e-abb5-4b7723147b4b
97e668f4-5a8a-1efd-4ad8-d9e536df6f94,51882a69-3ac9-cde2-37e3-64e2b7daae96,2025-06-18,purchase,إيراد رقم إيراد :0258 -ين,0,5520.000,pos_purchases,ef18e518-2c3d-3238-bba6-581680a2c749
920381e4-f420-5526-e983-851ed8b95993,0dafba13-51f2-fc5a-eab7-f16d55bcce40,2024-11-16,purchase,إيراد رقم إيراد :0001 -ين,0,1710.000,pos_purchases,42684241-b2c4-ef13-5517-f3c727981774
f3ff26cc-5b6d-b862-bfe3-eb12192ec0e5,f330aa66-9a8a-90ee-d535-6c68ff14b0de,2025-03-24,purchase,إيراد رقم إيراد :0176 -ين,0,532.000,pos_purchases,f19f07a3-fc82-ff6c-1010-ac333c2a3f80
805ee116-3dce-6840-404e-f54115933832,3371605a-058e-4bf1-07a5-d157c54ae58f,2024-11-10,purchase,إيراد رقم إيراد :0001 -ين,0,1070.000,pos_purchases,b692afd5-9596-bb91-ed7c-3ddb9ebde081
a7e768ae-7ad1-ed0b-54f6-f2a80801a075,dd2fc8ac-5717-c00a-07b0-627c341c4a46,2025-05-01,purchase,إيراد رقم إيراد :0221 -ين,0,2350.000,pos_purchases,444d5afb-e8b2-e32e-e759-2789afe21f49
dea67de7-176f-0d87-1fa9-615f830ca7db,f68c4a72-8eb2-7563-07ad-b344ff9fe960,2025-05-04,purchase,إيراد رقم إيراد :0225 -ين,0,450.000,pos_purchases,4be84aca-bb02-086c-2290-7f1ca1c255f5
d4122dbf-438b-fc63-805c-42e5f357b1e7,3371605a-058e-4bf1-07a5-d157c54ae58f,2025-05-04,purchase,إيراد رقم إيراد :0226 -ين,0,3920.000,pos_purchases,b3b78a28-fedd-eeb7-3e67-f0909c82eec2
3a48010b-ff9a-5eb3-f699-fe893a2e7268,3f8e1d44-c2e4-cecd-ff29-48dc418eba21,2025-05-06,purchase,إيراد رقم إيراد :0227 -ين,0,20410.000,pos_purchases,c7ec0d90-bca8-5496-48aa-11e711f245ca
ac44e110-3467-8f8b-09e1-17054b6e8b64,b254c840-e3dc-aa50-45cc-22c1a82f1d9d,2025-09-27,purchase,إيراد رقم إيراد :0364 -ين,0,7380.000,pos_purchases,c07fc0c1-0483-67ea-1cd5-4ee6c021400b
853936ea-4851-9fe5-245f-2cc8bb5dc641,9a9f39af-a0d0-6a64-969d-7baa03e28c4f,2025-01-15,purchase,إيراد رقم إيراد :0059 -ين,0,250.000,pos_purchases,fff2c0b8-514b-7f57-c395-ac4bd661ab2b
4cff31fe-bbe7-19dd-218d-de8a8797eb4b,e47ac07e-2763-bc83-6cf2-c39bb577a1f9,2025-05-29,purchase,إيراد رقم إيراد :0243 -ين,0,160.000,pos_purchases,3224232e-4d88-2b96-2633-4004b55e15d1
7e17b84c-14ee-9a25-49df-5d58637a8ab1,9a9f39af-a0d0-6a64-969d-7baa03e28c4f,2025-02-03,purchase,إيراد رقم إيراد :0095 -ين,0,12574.500,pos_purchases,dc0b3f96-c380-305c-acf5-ee87d81c9453
df223e5d-3c65-1ea4-3de4-8b4ed6560196,3ef761c8-d645-a9c8-47dc-960089e79b35,2025-05-31,purchase,إيراد رقم إيراد :0244 -ين,0,300.000,pos_purchases,b2374fcd-ce18-f2bb-aa13-c4c255a7ea89
95c0e3b9-c7f9-838e-286f-76f1783d3f4b,081276dc-6952-a613-dc62-614b51522ad0,2024-11-10,purchase,إيراد رقم إيراد :077 -ين,0,1325.000,pos_purchases,1848116d-3371-ba85-30a4-89b448995572
5431558d-8df2-cea0-39f4-51fb207e1e4f,9a9f39af-a0d0-6a64-969d-7baa03e28c4f,2025-06-19,purchase,إيراد رقم إيراد :0262 -ين,0,17730.000,pos_purchases,d6a8fd53-5d9d-2577-372c-ab66b6157630
321b52e4-a2e4-119c-14f4-51a6de39796f,5bd59cc2-f915-90b2-5eb0-3ec705744a94,2025-06-19,purchase,إيراد رقم إيراد :0263 -ين,0,5100.000,pos_purchases,56d796f6-25cb-93a2-f6ac-ee38ad7a2622
77700e38-b631-8aa7-a48a-5caf4d7aca85,f330aa66-9a8a-90ee-d535-6c68ff14b0de,2025-06-22,purchase,إيراد رقم إيراد :0264 -ين,0,7540.000,pos_purchases,62a6ffde-eb72-ab2a-ae5d-3d281701841b
f088b135-245d-89d6-15ca-6a8a9543513f,96788f75-aca7-6778-39d6-9ded903609dd,2025-06-23,purchase,إيراد رقم إيراد :0265 -ين,0,1640.000,pos_purchases,b281fc1e-ed7c-713b-0dba-fd5addef2747
bc183c14-59e0-2758-c83b-c86c14904dd0,f330aa66-9a8a-90ee-d535-6c68ff14b0de,2025-06-29,purchase,إيراد رقم إيراد :0278 -ين,0,310.001,pos_purchases,6060cd4f-dfbc-30ee-e4a6-44f84ebd0b20
b9a841c1-c0fa-392d-197d-5b2fc36b0946,e47ac07e-2763-bc83-6cf2-c39bb577a1f9,2025-05-07,purchase,إيراد رقم إيراد :0228 -ين,0,775.000,pos_purchases,68bb83c0-2170-a897-cb69-e0fd1b746cfb
cabe04c7-090b-8c3f-0abd-ba144d624925,9a9f39af-a0d0-6a64-969d-7baa03e28c4f,2025-06-19,purchase,إيراد رقم إيراد :0261 -ين,0,1091.250,pos_purchases,7ea78a1c-fe4e-7f55-5342-d0f933aeb5bd
33dfe028-07c5-5e2d-4812-53bcf673a623,51882a69-3ac9-cde2-37e3-64e2b7daae96,2025-05-04,purchase,إيراد رقم إيراد :0222 -ين,0,1785.000,pos_purchases,be7fde74-eb2b-3ae8-67da-f85d7239fede
15bf6fab-7c8a-08cf-07fa-ab107351cd04,f330aa66-9a8a-90ee-d535-6c68ff14b0de,2025-06-15,purchase,إيراد رقم إيراد :0251 -ين,0,3050.188,pos_purchases,13cc1bd6-99cf-0119-7845-e8ec99e430ae
4dcb9f93-6a95-46b2-e60a-8c0a71552e44,f68c4a72-8eb2-7563-07ad-b344ff9fe960,2025-05-11,purchase,إيراد رقم إيراد :0231 -ين,0,1070.000,pos_purchases,771407fd-4ac8-86fb-8189-d7fe5349fc54
1d63b15e-46db-6393-dee0-1d5ad3e43608,504b00e0-ee7e-b901-3cf5-426a8de78bc7,2025-05-12,purchase,إيراد رقم إيراد :0232 -ين,0,1135.000,pos_purchases,61db3fa3-0b5d-0a28-07e4-8875a0d07f78
a142448a-af66-f385-8a33-f8e25dbd5bc9,3ef761c8-d645-a9c8-47dc-960089e79b35,2025-05-26,purchase,إيراد رقم إيراد :0240 -ين,0,6595.000,pos_purchases,56a38e01-8f92-6c81-afaa-9a46df956751
10d6f01b-a2a0-734a-314a-25571f4fa13c,1e40627e-ea09-d325-6c11-fb6c068c423e,2025-05-25,purchase,إيراد رقم إيراد :0236 -ين,0,440.000,pos_purchases,6bf52dbf-16e9-44b1-62b4-e671fae8de3b
00598764-6a45-225d-21e2-add2faa817d2,f68c4a72-8eb2-7563-07ad-b344ff9fe960,2025-05-26,purchase,إيراد رقم إيراد :0238 -ين,0,1880.000,pos_purchases,12ddb1d1-41eb-dc89-fa89-b2d99a50867d
8667d76a-b9e3-f905-3f68-b2fcb9e2be22,f68c4a72-8eb2-7563-07ad-b344ff9fe960,2025-05-26,purchase,إيراد رقم إيراد :0239 -ين,0,3011.000,pos_purchases,a7542fbf-96d7-382f-4af1-1ec4e03f4046
935f1c94-e24a-1165-cf0b-dd8606cd8c0b,51882a69-3ac9-cde2-37e3-64e2b7daae96,2025-06-11,purchase,إيراد رقم إيراد :0247 -ين,0,3680.000,pos_purchases,dc1360e3-6b70-7fb2-3fcc-ef230133e1d0
59e6d5c0-71e2-be0d-3f47-583791d1fc4f,e47ac07e-2763-bc83-6cf2-c39bb577a1f9,2025-06-11,purchase,إيراد رقم إيراد :0248 -ين,0,3320.000,pos_purchases,b858d8b3-f018-008b-2d73-10719c09d922
37716922-ca96-cc0c-260a-002a2ab542a7,96788f75-aca7-6778-39d6-9ded903609dd,2025-07-03,purchase,إيراد رقم إيراد :0286 -ين,0,500.000,pos_purchases,ccdb6e2c-0df6-93fe-b491-fbef6e313259
6ad05354-0582-89d0-472c-fb9eeace0522,51882a69-3ac9-cde2-37e3-64e2b7daae96,2025-07-06,purchase,إيراد رقم إيراد :0287 -ين,0,2640.000,pos_purchases,b7b4f878-2013-9eed-184d-2de35909c45a
989cea1b-d24f-6323-2c2f-2ea932fbe23d,f330aa66-9a8a-90ee-d535-6c68ff14b0de,2025-07-06,purchase,إيراد رقم إيراد :0289 -ين,0,3230.000,pos_purchases,03037e1b-84cf-86ef-c2da-4637b1d66f84
c91e8395-7e60-77eb-8b94-f4f29c7b7244,f330aa66-9a8a-90ee-d535-6c68ff14b0de,2025-07-06,purchase,إيراد رقم إيراد :0290 -ين,0,281.000,pos_purchases,d089685e-f5cd-33d9-4275-516c5d926a95
a28b46d4-54f0-20d6-2fb4-f68fb1d19a03,e47ac07e-2763-bc83-6cf2-c39bb577a1f9,2024-11-16,purchase,إيراد رقم إيراد :0001 -ين,0,4190.000,pos_purchases,e8aa4441-3245-0bf7-d760-05e9f449865f
2c90babf-9200-1c23-3bd8-0b0c92c932d6,3f8e1d44-c2e4-cecd-ff29-48dc418eba21,2026-05-05,purchase,إيراد رقم إيراد :0490 -ين,0,5600.000,pos_purchases,7678598e-31e4-2380-351f-30742aa2f709
0f10e95b-0913-fb75-ca1e-57b7acee4699,a2b20411-3fb5-6229-5ec5-b013ac930739,2026-05-05,purchase,إيراد رقم إيراد :0489 -ين,0,700.000,pos_purchases,ee8d04f5-b617-59ed-2251-2727c502ef56
a6226c26-49a8-6a5a-b107-c5454da9f04e,9a9f39af-a0d0-6a64-969d-7baa03e28c4f,2026-04-26,purchase,إيراد رقم إيراد :0479 -ين,0,1075.000,pos_purchases,c28ad822-7f4d-1ba4-6feb-23c02cf70de4
fe6bef26-6716-def3-8b66-b13db7038549,174345bc-5f58-c59c-b48a-3f0b5d1ff910,2025-07-02,purchase,إيراد رقم إيراد :0285 -ين,0,5400.000,pos_purchases,c1547c61-5d0e-3500-2b9a-5b2755a75feb
7a948a4c-dd05-24bb-6a54-f3dc6fc921fc,f330aa66-9a8a-90ee-d535-6c68ff14b0de,2025-06-15,purchase,إيراد رقم إيراد :0250 -ين,0,11395.250,pos_purchases,a5f2ecfc-ad18-30cf-d510-d71dc7c37683
d7769201-43f5-5196-0e97-4e829ef343cf,f330aa66-9a8a-90ee-d535-6c68ff14b0de,2025-06-24,purchase,إيراد رقم إيراد :0268 -ين,0,2668.800,pos_purchases,1d160243-f093-b6ac-d17b-75dab6fa63ce
2f47cfd7-f21a-88f8-ad19-32d19f2a37a7,dc6e5eb0-a2c4-7fc8-161c-528f389f29cc,2025-06-29,purchase,إيراد رقم إيراد :0276 -ين,0,350.000,pos_purchases,abaceb63-46cd-fa7d-2e94-4a1e23e52957
46110578-9267-a6a1-14c0-e6d90cd6d14b,9a9f39af-a0d0-6a64-969d-7baa03e28c4f,2026-04-26,purchase,إيراد رقم إيراد :0480 -ين,0,1990.000,pos_purchases,f2c9cad9-ad52-340f-14b7-f7a9d8e0a8f5
116f463f-1e82-6019-0d01-0051e0c9abf9,9a9f39af-a0d0-6a64-969d-7baa03e28c4f,2025-06-29,purchase,إيراد رقم إيراد :0277 -ين,0,2955.000,pos_purchases,7d39b598-ca02-5dc8-27f4-268e29d35698
a8d1bff8-509c-c05f-73c8-8e60f12ca35d,081276dc-6952-a613-dc62-614b51522ad0,2024-08-31,purchase,إيراد رقم إيراد :0001 -ين,0,2355.000,pos_purchases,fdd8c833-3fbe-53cb-ed76-b8521b537429
9a57d84a-c0c4-9425-fc45-a8bcb6892792,e47ac07e-2763-bc83-6cf2-c39bb577a1f9,2025-07-19,purchase,إيراد رقم إيراد :0300 -ين,0,2800.000,pos_purchases,38e87176-f06f-3e62-5340-2efe0bd6c3d2
ffcd5b98-a301-b655-47b9-1725c5c0ac4d,dd2fc8ac-5717-c00a-07b0-627c341c4a46,2025-07-08,purchase,إيراد رقم إيراد :0293 -ين,0,16350.000,pos_purchases,56a3cae1-bd80-fae2-7e21-2e9d7e078999
e8b95f0a-a3c2-a358-9656-ebb06602fc85,9a9f39af-a0d0-6a64-969d-7baa03e28c4f,2025-07-26,purchase,إيراد رقم إيراد :0302 -ين,0,73.000,pos_purchases,25fae587-9646-52fb-8a56-67ddeb3d8417
bc2e647f-2c4e-c34a-7daf-562cac4afa19,9a9f39af-a0d0-6a64-969d-7baa03e28c4f,2025-07-28,purchase,إيراد رقم إيراد :0306 -ين,0,465.000,pos_purchases,365e7391-a484-1818-8abf-6016348507eb
9e3ea25e-0898-b8b1-6ff9-5f3e69d8390f,9a9f39af-a0d0-6a64-969d-7baa03e28c4f,2025-07-09,purchase,إيراد رقم إيراد :0294 -ين,0,9305.000,pos_purchases,4003dd29-66a1-e47c-2d40-1a460d654f4d
41681050-9984-8aab-0063-2f7a5b97f4ad,f330aa66-9a8a-90ee-d535-6c68ff14b0de,2025-07-08,purchase,إيراد رقم إيراد :0292 -ين,0,3265.851,pos_purchases,efd2c0d5-6486-8c16-7b9a-890d734dacfc
be695b5e-d33e-98e1-5616-c3382fbce04c,f592fa51-d431-40c9-f38d-39cdf4092eb2,2025-06-17,purchase,إيراد رقم إيراد :0254 -ين,0,1815.000,pos_purchases,c86c3564-b607-d31f-03d5-7b86f99069b2
b3a150ef-1d42-b71e-e06b-8b9ce7b9b402,51882a69-3ac9-cde2-37e3-64e2b7daae96,2025-06-17,purchase,إيراد رقم إيراد :0255 -ين,0,370.000,pos_purchases,7ddaac02-52c0-82a9-f417-1d4418d2de8f
c71254b3-e818-ec64-7c33-168c5fb8e0f3,51882a69-3ac9-cde2-37e3-64e2b7daae96,2025-02-20,purchase,إيراد رقم إيراد :0134 -ين,0,2660.000,pos_purchases,1c1bd45d-b336-ac7e-ef1a-c75931f7114b
138da267-9c46-4f35-fef1-df2e10e4a431,a2b20411-3fb5-6229-5ec5-b013ac930739,2025-02-11,purchase,إيراد رقم إيراد :0112 -ين,0,1170.000,pos_purchases,5f849763-f597-ec54-db30-3562e76c5401
5ac06989-c033-7166-34d8-1cff6831b02c,fb599d54-8fbe-2649-11aa-9640573a2468,2025-02-15,purchase,إيراد رقم إيراد :0124 -ين,0,2965.000,pos_purchases,b7aa9323-af34-8caf-4d27-4d163fb2f350
0d76aabc-1505-0913-9992-99165d59a0f6,14950469-fd5d-b082-a076-567607dd7c0e,2025-02-27,purchase,إيراد رقم إيراد :0154 -ين,0,270.000,pos_purchases,4c33a9b0-89c4-2ae7-0aae-46dce4a27734
bd3137a1-df13-86ea-ce2e-a347600d75d7,2e234c5a-ae37-77f1-3c02-d40e664e7d50,2025-04-16,purchase,إيراد رقم إيراد :0193 -ين,0,1980.000,pos_purchases,25036801-ed67-ff10-318e-460bd955c856
769f427c-8cce-942c-e03a-fdb0995ca95d,95d22529-eb35-a000-949b-cc311fec737c,2025-07-10,purchase,إيراد رقم إيراد :0296 -ين,0,720.000,pos_purchases,a7cd68d6-1b37-9cae-5337-87d79a0bb1a4
756762b4-9fa1-2828-0703-1b27a2c62f37,56855bde-1190-92a2-afb0-419a9650977f,2025-05-18,purchase,إيراد رقم إيراد :0234 -ين,0,142060.000,pos_purchases,461f64e3-26ba-92dc-9e94-703a8cbdb9b9
d4a5c916-2e4b-aa7f-2c86-475b97bf24ec,0dafba13-51f2-fc5a-eab7-f16d55bcce40,2025-07-09,purchase,إيراد رقم إيراد :0295 -ين,0,30968.360,pos_purchases,8916e500-ed35-0a5d-cc0f-4fffeb7f58c3
a7049e93-25f9-5823-e61c-368a7a84e7fd,e47ac07e-2763-bc83-6cf2-c39bb577a1f9,2025-07-14,purchase,إيراد رقم إيراد :0297 -ين,0,500.000,pos_purchases,4acbac59-4575-80dc-03d8-3a757f80a630
ca34bc15-741e-a2b9-092e-36075298727e,081276dc-6952-a613-dc62-614b51522ad0,2024-11-23,purchase,إيراد رقم إيراد :0003 -ين,0,600.000,pos_purchases,dee93173-0eb1-66cf-cffa-985a6b0ed2d6
bc24267d-3e9c-313a-43f8-139180100d8c,f330aa66-9a8a-90ee-d535-6c68ff14b0de,2025-08-03,purchase,إيراد رقم إيراد :0312 -ين,0,10361.396,pos_purchases,9f08f5dd-6996-f218-9c06-1ebdb506890f
84671773-a71c-b501-6957-637553b9b986,9a9f39af-a0d0-6a64-969d-7baa03e28c4f,2025-08-03,purchase,إيراد رقم إيراد :0315 -ين,0,650.000,pos_purchases,5d6344da-922f-0e16-26fb-98a40bd2dd16
5b6d1089-5acb-74ea-247a-2da48bb39695,7e4b3fc3-8241-ee4f-683f-bfe58ba55739,2026-01-17,purchase,إيراد رقم إيراد :0425 -ين,0,175.000,pos_purchases,4a0a41f8-66a8-346c-bc80-49af778749b9
cac8273f-4ab0-5f5f-99bd-f7a1d2f384ee,f68c4a72-8eb2-7563-07ad-b344ff9fe960,2024-12-03,purchase,إيراد رقم إيراد :0003 -ين,0,245.000,pos_purchases,64ebb9fa-7ae0-7ad8-3222-e20eb2710543
08cc6e8c-3015-9cd6-a525-5d1925b5a6d3,f68c4a72-8eb2-7563-07ad-b344ff9fe960,2025-06-17,purchase,إيراد رقم إيراد :0256 -ين,0,3095.000,pos_purchases,7ba7a264-073e-0284-9b5f-dd4e4cb1e8e6
c0e25211-7af6-9960-7416-23118573b2d9,431ac3fd-806d-3b31-7433-0f5bf3af56c7,2025-06-17,purchase,إيراد رقم إيراد :0257 -ين,0,1200.000,pos_purchases,e796c6ec-f4df-8496-a9cc-3915f986fa8b
7e7ed929-39d8-27cf-d366-28f9a7019420,f68c4a72-8eb2-7563-07ad-b344ff9fe960,2026-04-28,purchase,إيراد رقم إيراد :0485 -ين,0,180.000,pos_purchases,03fd07c2-73a0-4e06-6232-7acec1cc7dca
b3618430-e544-c501-d919-a6f7f2c357cc,3371605a-058e-4bf1-07a5-d157c54ae58f,2026-04-28,purchase,إيراد رقم إيراد :0486 -ين,0,4700.000,pos_purchases,91be4efb-c7be-2082-7210-ce1008cf1407
2c456542-7b99-e92e-9e94-c9deb859b307,0dafba13-51f2-fc5a-eab7-f16d55bcce40,2025-04-07,purchase,إيراد رقم إيراد :0183 -ين,0,1130.000,pos_purchases,1817a5a0-be5b-5b08-e81d-2a3a66b56bf1
1600e956-b1d7-0d9e-a151-d0ee671a52d3,3ef761c8-d645-a9c8-47dc-960089e79b35,2025-06-18,purchase,إيراد رقم إيراد :0260 -ين,0,175.000,pos_purchases,a37159eb-b163-4cb6-0090-9d3f30e625a8
2ad5d82a-9988-1b4c-3fcf-40a442790ac8,f68c4a72-8eb2-7563-07ad-b344ff9fe960,2026-02-28,purchase,إيراد رقم إيراد :0442 -ين,0,8975.000,pos_purchases,fa514560-8a94-7391-0dc9-593ddf507dae
7d340790-0fea-c31c-13d5-dd7b3d1fb25f,b254c840-e3dc-aa50-45cc-22c1a82f1d9d,2026-04-30,purchase,إيراد رقم إيراد :0488 -ين,0,16296.000,pos_purchases,bcc6caf0-228f-65fd-5270-b895464bc01b
ea3c6341-629c-49a3-c6ae-dc236d3c7926,f330aa66-9a8a-90ee-d535-6c68ff14b0de,2025-08-03,purchase,إيراد رقم إيراد :0313 -ين,0,5451.400,pos_purchases,7c2a3bc5-a159-67ec-de01-904d46128715
530351d6-849e-e688-550c-5806839d9b7d,f330aa66-9a8a-90ee-d535-6c68ff14b0de,2025-08-03,purchase,إيراد رقم إيراد :0314 -ين,0,2235.250,pos_purchases,015f6619-924d-211e-06a3-f792f22f2848
de4a680e-7cb7-0ca6-7b65-bb7b8a1e6fb9,96788f75-aca7-6778-39d6-9ded903609dd,2025-08-05,purchase,إيراد رقم إيراد :0317 -ين,0,1550.000,pos_purchases,d479de42-5bc9-c9e3-2828-091a8ed8fc5f
cd22a560-3e77-ca19-3a8d-f5d98e784f45,3371605a-058e-4bf1-07a5-d157c54ae58f,2024-12-05,purchase,إيراد رقم إيراد :0003 -ين,0,2911.500,pos_purchases,11dbe494-0fb8-1859-6b7f-295e2119b483
40dbae3d-9a51-2c28-7d16-4fb729db90a8,9a9f39af-a0d0-6a64-969d-7baa03e28c4f,2025-08-25,purchase,إيراد رقم إيراد :0335 -ين,0,5370.000,pos_purchases,1aae2b10-066f-2424-f9fa-352002040203
3a9fe886-9de3-b7a5-2ce6-746eafec319d,9a9f39af-a0d0-6a64-969d-7baa03e28c4f,2025-08-25,purchase,إيراد رقم إيراد :0336 -ين,0,7469.000,pos_purchases,ab4e258f-3c9d-4805-ed3c-2edb109a21b0
e17b5d87-d925-7174-a3f9-378bc43dfd34,f592fa51-d431-40c9-f38d-39cdf4092eb2,2025-09-07,purchase,إيراد رقم إيراد :0345 -ين,0,2670.000,pos_purchases,58162f30-35e9-1288-7aab-dbb1c528aac9
7f5e022c-2f29-ad9c-acf9-ff2644e3699a,f330aa66-9a8a-90ee-d535-6c68ff14b0de,2025-08-25,purchase,إيراد رقم إيراد :0334 -ين,0,595.000,pos_purchases,45aa0188-ce90-254d-018d-a6fa5501edce
d1a5eaf9-2fe8-8a40-8c64-366e8b98b528,06d20f1c-34a0-e014-64db-92734ce57411,2025-08-25,purchase,إيراد رقم إيراد :0337 -ين,0,400.000,pos_purchases,0e1077db-f008-ff58-62b2-a40aacc3f39c
ed29fe8f-f147-2403-d7ae-f69f46e1318f,f330aa66-9a8a-90ee-d535-6c68ff14b0de,2025-09-02,purchase,إيراد رقم إيراد :0341 -ين,0,731.000,pos_purchases,7cd27470-7256-e1cc-0295-910d318be1f8
a77651d6-367f-5883-e88f-c99d313d4f59,f330aa66-9a8a-90ee-d535-6c68ff14b0de,2025-08-23,purchase,إيراد رقم إيراد :0333 -ين,0,5120.400,pos_purchases,fa7cd30b-4e61-1ba9-d75c-d68b250ff300
8b93cc65-93cd-c355-2ca3-78f7160a95bf,3371605a-058e-4bf1-07a5-d157c54ae58f,2025-02-23,purchase,إيراد رقم إيراد :0139 -ين,0,6650.000,pos_purchases,71477cd7-594f-dd7f-1099-6d3e8ac93267
12bc6357-98e7-e7cd-00e6-bc2b358b61ff,0c575208-c139-0260-a6d0-f96f93e5c6ae,2025-02-25,purchase,إيراد رقم إيراد :0144 -ين,0,190.000,pos_purchases,3eaae412-7bf3-ba6f-45bc-aeefbfd4a80c
9a0f117e-4ede-5c88-4179-4144c9c903b6,3ef761c8-d645-a9c8-47dc-960089e79b35,2025-06-29,purchase,إيراد رقم إيراد :0275 -ين,0,660.000,pos_purchases,cf7f95f2-386c-0dc6-7169-367376fdf582
838e8f9d-1ef1-3713-31a3-1ee72af3354b,fa057642-4ae8-6289-9911-a6c274991952,2025-07-02,purchase,إيراد رقم إيراد :0284 -ين,0,900.000,pos_purchases,f0ba9351-7873-08de-3a3e-8098fa3f9045
b6583fd0-dadf-81d2-ca18-cee3e8fb60c1,1e40627e-ea09-d325-6c11-fb6c068c423e,2026-03-09,purchase,إيراد رقم إيراد :0451 -ين,0,225.000,pos_purchases,070da2a4-6d76-b916-37c2-e203087bdffe
6a7842e8-faa8-cd5f-dc03-0bb826317e59,dc6e5eb0-a2c4-7fc8-161c-528f389f29cc,2026-03-07,purchase,إيراد رقم إيراد :0447 -ين,0,4267.500,pos_purchases,2f89053a-5b6a-47ed-279c-e17c693745b4
6d598051-3e35-c67d-ef2a-7b777efda452,5bd59cc2-f915-90b2-5eb0-3ec705744a94,2024-11-17,purchase,إيراد رقم إيراد :0001 -ين,0,1770.000,pos_purchases,d0d007e0-02c8-f359-81b1-54e0ec05ebef
98275351-fe4a-59f0-956c-8c6f77eefd68,f68c4a72-8eb2-7563-07ad-b344ff9fe960,2024-11-18,purchase,إيراد رقم إيراد :6071 -ين,0,9925.000,pos_purchases,a5c19b3a-b406-674a-d83d-23ade8ccb0f7
3ef492dd-a145-1d36-89e1-2ee37a10b5fe,06d20f1c-34a0-e014-64db-92734ce57411,2025-08-14,purchase,إيراد رقم إيراد :0326 -ين,0,345.000,pos_purchases,3a7221b9-3be7-d083-cf35-e894ed822f7b
5c4b7aa9-ee51-af73-a1fa-376c345d2d5c,3f8e1d44-c2e4-cecd-ff29-48dc418eba21,2026-04-27,purchase,إيراد رقم إيراد :0482 -ين,0,41800.000,pos_purchases,ae8a1f9a-c22c-77d8-4449-ef07b633eed1
8b7e9b38-88a0-da3c-74bb-42ba0b569c61,9a9f39af-a0d0-6a64-969d-7baa03e28c4f,2025-06-28,purchase,إيراد رقم إيراد :0270 -ين,0,147.500,pos_purchases,116db6a6-2a41-dd26-a259-4aadcbf7c6b3
340ce3e7-c3f4-febf-0476-255b3617ce16,4db58ef5-0e02-ae07-fc14-5629c40b7689,2024-12-16,purchase,إيراد رقم إيراد :0018 -ين,0,1665.000,pos_purchases,fd2e9258-0212-3df0-e137-8d59d0ff60e6
356c39d7-055f-42fd-8b3d-e334932a0a95,fb599d54-8fbe-2649-11aa-9640573a2468,2024-12-16,purchase,إيراد رقم إيراد :0019 -ين,0,1535.000,pos_purchases,283714f3-bc8c-bf4a-49de-c4ec79d166bd
3c50e372-be6c-81f4-2542-f25ef2c24c78,f68c4a72-8eb2-7563-07ad-b344ff9fe960,2025-01-04,purchase,إيراد رقم إيراد :0024 -ين,0,1792.500,pos_purchases,c6aeadca-0497-68e6-de6e-e1413016e4b0
71766891-0a84-b502-bf6a-c1cdbddd705a,f68c4a72-8eb2-7563-07ad-b344ff9fe960,2024-12-15,purchase,إيراد رقم إيراد :0016 -ين,0,25462.000,pos_purchases,499f3fc1-3578-1b0b-bc3b-6546c67fcc6d
de4e7f90-d1ac-24f5-6f82-94bacee25d44,5bd59cc2-f915-90b2-5eb0-3ec705744a94,2024-11-18,purchase,إيراد رقم إيراد :1995 -ين,0,4400.000,pos_purchases,a5c0af68-c412-3a53-d6f2-e6fc4aaa9447
467c79d5-066e-b265-9d71-6c49db12a7f1,081276dc-6952-a613-dc62-614b51522ad0,2024-12-12,purchase,إيراد رقم إيراد :0011 -ين,0,710.000,pos_purchases,bee647af-730e-32ec-5efb-0bdcd3a2a808
3dd586dd-c97b-531d-4b96-e2442fb05e87,3371605a-058e-4bf1-07a5-d157c54ae58f,2024-12-12,purchase,إيراد رقم إيراد :0012 -ين,0,3620.000,pos_purchases,3b1b1e1c-392a-2d56-a671-c316f970106d
623be8d0-f468-6d5d-72c8-9fd0634affd8,e47ac07e-2763-bc83-6cf2-c39bb577a1f9,2025-04-24,purchase,إيراد رقم إيراد :0207 -ين,0,3240.000,pos_purchases,89a7ed45-c2e7-d934-350e-3254c32b4f3d
451bb8db-1dab-203c-2300-16a657cebb3c,193a3d2d-d39f-6712-72cb-c5f247087645,2025-09-16,purchase,إيراد رقم إيراد :0361 -ين,0,10.000,pos_purchases,90aa7cd1-09bf-c3ed-2d36-c479420248b1
aed29ea3-311e-eebd-84f4-3001ddff45cc,f68c4a72-8eb2-7563-07ad-b344ff9fe960,2026-03-28,purchase,إيراد رقم إيراد :0456 -ين,0,81325.000,pos_purchases,d34ca263-d98f-957d-0260-97069fa8796d
7d42489a-6ecc-ef5a-0788-a9a52f0650b3,f9f6d83d-5b9d-2d22-c42a-21b487031fad,2025-06-28,purchase,إيراد رقم إيراد :0272 -ين,0,2300.000,pos_purchases,31a554fa-d187-d395-bd3e-ae1eb1ea882f
0c585530-3149-dfd3-91d7-3df3a85ac28b,96788f75-aca7-6778-39d6-9ded903609dd,2025-09-10,purchase,إيراد رقم إيراد :0350 -ين,0,700.000,pos_purchases,7b26ff2e-ca79-e99d-fc38-35d5e17aad1e
72606e9b-913c-141e-3a75-d257d26e0b89,dd2fc8ac-5717-c00a-07b0-627c341c4a46,2025-09-13,purchase,إيراد رقم إيراد :0357 -ين,0,1500.000,pos_purchases,3567aed6-ad6d-c42d-ceb5-0680da3225c9
d9e77843-6ba4-c1a3-4f66-5588f5f4824e,f68c4a72-8eb2-7563-07ad-b344ff9fe960,2025-01-04,purchase,إيراد رقم إيراد :0026 -ين,0,1130.000,pos_purchases,8559975e-df20-200a-066b-0f93eae79900
b33ad237-27cb-8791-ce15-c3386348a8e0,8d388eaa-de46-d772-319c-750398f43c28,2025-04-26,purchase,إيراد رقم إيراد :0212 -ين,0,640.000,pos_purchases,a6acc488-84fa-aff2-59c1-28f27965cec2
bf26cff1-7525-4e63-bb03-b978e8159a48,431ac3fd-806d-3b31-7433-0f5bf3af56c7,2025-07-29,purchase,إيراد رقم إيراد :0309 -ين,0,1160.000,pos_purchases,09e3319e-e9ab-fdb8-d4ae-da2f965b7e1a
a5e5a64b-885a-3432-da60-fff174d96e49,96788f75-aca7-6778-39d6-9ded903609dd,2025-08-30,purchase,إيراد رقم إيراد :0339 -ين,0,2100.000,pos_purchases,20be0eaa-d9d4-9287-8766-6e749027e2b5
aeb560e6-f56a-6774-c4a5-d7ca74bbd57a,06d20f1c-34a0-e014-64db-92734ce57411,2025-09-10,purchase,إيراد رقم إيراد :0351 -ين,0,765.000,pos_purchases,1f86432d-64c6-d535-58ff-650690dbc3ef
b72895de-8cf8-70a0-e3af-23bdb11729d3,dd2fc8ac-5717-c00a-07b0-627c341c4a46,2026-04-01,purchase,إيراد رقم إيراد :0463 -ين,0,750.000,pos_purchases,ff66c648-f086-1f4a-576e-730f41cb6420
c4df5653-2d18-0e81-8698-9d575ac01f8c,dd2fc8ac-5717-c00a-07b0-627c341c4a46,2025-06-23,purchase,إيراد رقم إيراد :0263 -ين,0,705.000,pos_purchases,f5e095ed-d77c-23aa-da91-4ebaaec164b8
d6675195-7147-8f82-98c4-8a22183a1f0e,f68c4a72-8eb2-7563-07ad-b344ff9fe960,2025-06-23,purchase,إيراد رقم إيراد :0267 -ين,0,585.000,pos_purchases,35deb681-c2df-4935-ab86-9af608a8369c
d48a7410-dda5-3f41-24b0-1aa7106ce457,3f8e1d44-c2e4-cecd-ff29-48dc418eba21,2026-03-25,purchase,إيراد رقم إيراد :0455 -ين,0,23325.000,pos_purchases,88a283d1-c96c-5c8d-e46f-a8a25f65932d
3eb8dd5c-6646-df49-d570-6a7b4bf91b4a,7e4b3fc3-8241-ee4f-683f-bfe58ba55739,2026-03-30,purchase,إيراد رقم إيراد :0459 -ين,0,280.000,pos_purchases,c11fc882-d406-064a-47f9-87fcdf5dd206
e957960a-dee0-ff0f-1265-bfc89c3df049,4e89bf71-db1a-fa5b-fdfe-90cbb376c1d4,2025-06-28,purchase,إيراد رقم إيراد :0273 -ين,0,4957.200,pos_purchases,eaeb2eba-b842-be3e-04e9-37593a095564
87dba22b-eaa3-b09d-e828-770d2a2704cd,9a9f39af-a0d0-6a64-969d-7baa03e28c4f,2025-07-08,purchase,إيراد رقم إيراد :0291 -ين,0,17426.050,pos_purchases,bf52baa0-8ddb-4130-1465-e3491789c289
77f27417-2191-199a-7623-5e6c714ded23,f68c4a72-8eb2-7563-07ad-b344ff9fe960,2025-07-17,purchase,إيراد رقم إيراد :0299 -ين,0,32830.000,pos_purchases,42098798-df0e-5c6a-a06e-d9fb5b6a735a
83ce2435-aadc-447d-74b3-6aa03641c677,509e8e91-b47c-f17c-5f3a-a8dfebf81f76,2025-07-16,purchase,إيراد رقم إيراد :0298 -ين,0,7250.000,pos_purchases,7b7d1011-6c74-44a7-61a8-4cfaa4fc3fc9
f58f8352-bd74-6d39-c721-e29bbfaf8c19,f68c4a72-8eb2-7563-07ad-b344ff9fe960,2025-07-27,purchase,إيراد رقم إيراد :0305 -ين,0,655.000,pos_purchases,3fc70d3d-9c60-a00e-4e57-6ac207d5e2f3
87e98e1c-4ad1-6ea2-de3b-e6d84de1183b,dd2fc8ac-5717-c00a-07b0-627c341c4a46,2025-07-01,purchase,إيراد رقم إيراد :0283 -ين,0,1650.000,pos_purchases,ec07373c-97de-a500-1c50-41e36736eee5
a9f48a85-2847-3852-ea09-a1949d421b18,5bd59cc2-f915-90b2-5eb0-3ec705744a94,2025-06-30,purchase,إيراد رقم إيراد :0281 -ين,0,2380.000,pos_purchases,fd2d9858-435e-76b5-7d80-c50833b5c526
91e0f23b-2caa-df28-745f-776efe64e4b1,193a3d2d-d39f-6712-72cb-c5f247087645,2025-09-22,purchase,إيراد رقم إيراد :0369 -ين,0,880.000,pos_purchases,5f77c207-73f5-3479-88c8-13d23f04c9ab
e6607288-a790-c331-85d9-b986fb7ececd,5bd59cc2-f915-90b2-5eb0-3ec705744a94,2025-01-05,purchase,إيراد رقم إيراد :0031 -ين,0,4355.000,pos_purchases,0418adb8-ba12-cf9f-3b55-110b83be6619
ca9d75d0-9711-1ef8-4151-705e521db172,dd2fc8ac-5717-c00a-07b0-627c341c4a46,2025-07-27,purchase,إيراد رقم إيراد :0304 -ين,0,1082.500,pos_purchases,49a39c45-fa08-0ea0-169e-10e787414661
f20320d8-af4d-37e0-5523-39b4078c91ca,e47ac07e-2763-bc83-6cf2-c39bb577a1f9,2025-09-30,purchase,إيراد رقم إيراد :0376 -ين,0,2160.000,pos_purchases,e63ab950-8c57-1503-c87c-c8416a117389
49355c20-6792-de20-b2a4-c24ddf7f05a2,e47ac07e-2763-bc83-6cf2-c39bb577a1f9,2025-09-23,purchase,إيراد رقم إيراد :0371 -ين,0,1280.000,pos_purchases,91f4b2d0-1caf-95e4-a2b3-acdc67725938
a18e5be6-515d-adb1-7870-5cd01738b3c7,f68c4a72-8eb2-7563-07ad-b344ff9fe960,2025-07-27,purchase,إيراد رقم إيراد :0303 -ين,0,475.000,pos_purchases,1cd59793-3d99-6457-9ae3-e0a65ecef953
f29e9717-28ac-4cd1-168e-6685f0eb0122,dc6e5eb0-a2c4-7fc8-161c-528f389f29cc,2025-07-22,purchase,إيراد رقم إيراد :0301 -ين,0,5300.000,pos_purchases,a77d411d-51cf-dfe3-96b9-4f742c56ae7b
2068f7c6-2cc4-2520-f4eb-a562ce68334b,dc6e5eb0-a2c4-7fc8-161c-528f389f29cc,2025-07-28,purchase,إيراد رقم إيراد :0307 -ين,0,900.000,pos_purchases,22b4e34b-9de0-2db9-5f7c-7f1baf4e5bda
1f841792-ad25-2613-c2c6-d9746b3830bf,f330aa66-9a8a-90ee-d535-6c68ff14b0de,2025-09-23,purchase,إيراد رقم إيراد :0372 -ين,0,3693.500,pos_purchases,3365638f-9d19-009d-047b-d6a06217939d
b68455c9-a84b-df70-e77a-a13309fc1312,f330aa66-9a8a-90ee-d535-6c68ff14b0de,2025-09-23,purchase,إيراد رقم إيراد :0370 -ين,0,9407.702,pos_purchases,5a713309-c0e9-4c52-96cd-c33edd8fdb01
2ba34244-d8ba-6dc1-641f-c52cc64487c8,f68c4a72-8eb2-7563-07ad-b344ff9fe960,2025-07-29,purchase,إيراد رقم إيراد :0308 -ين,0,500.000,pos_purchases,ca28b6bc-7e5c-2150-80a2-f19a450b7aa2
84ebdd1a-9027-4688-53c8-0dc2fcceda0d,695330b1-f457-9bb1-70db-3ef19382e7c9,2025-09-29,purchase,إيراد رقم إيراد :0373 -ين,0,320.001,pos_purchases,12830345-8671-18d9-b593-a610fae8b836
d01b4d51-b856-bb97-4de5-5da30fd68bdf,193a3d2d-d39f-6712-72cb-c5f247087645,2025-10-01,purchase,إيراد رقم إيراد :0379 -ين,0,512.000,pos_purchases,a12d69ab-2491-6b83-b1e1-446d1d60e8cb
3a2295c3-8cae-6e34-eff8-cebaa57b79d9,081276dc-6952-a613-dc62-614b51522ad0,2025-08-02,purchase,إيراد رقم إيراد :0311 -ين,0,120.000,pos_purchases,786e6947-a2c9-7a84-902b-e35e4bc41aa3
b6f95d50-9d11-6a5b-c756-df8764b97f4b,fb599d54-8fbe-2649-11aa-9640573a2468,2026-02-09,purchase,إيراد رقم إيراد :0430 -ين,0,480.000,pos_purchases,724d0c50-50a7-5655-531e-58d9453c72f7
3254e6f6-64b4-736d-4e8a-e13ec91cdde1,dd2fc8ac-5717-c00a-07b0-627c341c4a46,2025-09-21,purchase,إيراد رقم إيراد :0367 -ين,0,2730.000,pos_purchases,38a5434d-b783-bf47-33e0-5f217e423f41
93f46a8d-4593-86f1-eab8-b8bf6d7c4e9d,1054307a-87a0-d4d2-fe16-bd905fe6a04b,2025-09-21,purchase,إيراد رقم إيراد :0368 -ين,0,5900.000,pos_purchases,5cee7ef4-1fe1-db05-de65-506688dade63
a54720a4-325e-98bb-fc9f-637b74a967c5,dd2fc8ac-5717-c00a-07b0-627c341c4a46,2025-09-21,purchase,إيراد رقم إيراد :0366 -ين,0,900.000,pos_purchases,3b2a0346-033e-6c2d-964b-2442da8641d4
7f8ebbb0-1c66-83ba-9139-7e62abb37f6d,e47ac07e-2763-bc83-6cf2-c39bb577a1f9,2025-10-27,purchase,إيراد رقم إيراد :0390 -ين,0,6200.000,pos_purchases,2f0d46b5-4145-813c-1079-d426b06ee705
d88b19d5-c127-c428-7210-2ae748b27298,96788f75-aca7-6778-39d6-9ded903609dd,2025-10-28,purchase,إيراد رقم إيراد :0391 -ين,0,700.000,pos_purchases,2fca5fd3-9b9e-2f8a-05e4-1dfb2f9b6a15
5dc2530b-76f7-070d-f7fc-bf534c775855,9a9f39af-a0d0-6a64-969d-7baa03e28c4f,2025-10-30,purchase,إيراد رقم إيراد :0392 -ين,0,4410.000,pos_purchases,c0a80fb2-49db-35d8-4f7a-754663a09d2c
7c3ad80c-5cad-ad93-6178-046412e505a7,dd2fc8ac-5717-c00a-07b0-627c341c4a46,2025-01-04,purchase,إيراد رقم إيراد :0025 -ين,0,2204.000,pos_purchases,b2ff9c8b-6896-29d8-5ead-84e7041f7e33
081f5b6f-0758-946f-b5ed-b81feeca26e4,9a9f39af-a0d0-6a64-969d-7baa03e28c4f,2026-01-27,purchase,إيراد رقم إيراد :0427 -ين,0,4623.000,pos_purchases,20c9ffe8-2365-0c1f-0206-49befffdce74
3282c9f2-de4f-cf6f-166c-6d431d5f668c,4db58ef5-0e02-ae07-fc14-5629c40b7689,2025-01-05,purchase,إيراد رقم إيراد :0028 -ين,0,4075.000,pos_purchases,7b601837-0222-436c-d4a7-27efc3f0eac7
23210ab1-dc92-fc09-57d2-38165b6cd982,3371605a-058e-4bf1-07a5-d157c54ae58f,2025-01-06,purchase,إيراد رقم إيراد :0036 -ين,0,560.000,pos_purchases,ef27a5d8-aa65-eae0-172c-0bdb943439de
33741516-53ca-702e-8def-a63c207f2f6e,f330aa66-9a8a-90ee-d535-6c68ff14b0de,2025-10-16,purchase,إيراد رقم إيراد :0382 -ين,0,8493.200,pos_purchases,1c59e3e8-8b73-846a-837e-91c16f219fe1
ee469cec-311f-f44e-002a-64d7e6b6056a,f330aa66-9a8a-90ee-d535-6c68ff14b0de,2025-10-18,purchase,إيراد رقم إيراد :0384 -ين,0,4137.488,pos_purchases,dbb5de39-7d8a-eaed-ff24-e740d7ed7f21
59794723-d1b5-3ba7-1456-e28bd3a617e0,f330aa66-9a8a-90ee-d535-6c68ff14b0de,2025-10-16,purchase,إيراد رقم إيراد :0383 -ين,0,5005.250,pos_purchases,8c9c11de-9582-be2f-7649-7ab602b625fa
fe7d5b6c-0c43-54f1-2ef2-7e1e581bf850,f330aa66-9a8a-90ee-d535-6c68ff14b0de,2025-10-18,purchase,إيراد رقم إيراد :0385 -ين,0,2913.100,pos_purchases,d5ce7348-acae-1fc7-f40d-526bc53c2fcc
8cbeca64-1bbf-078a-c112-451a2c614c8d,9a9f39af-a0d0-6a64-969d-7baa03e28c4f,2025-10-25,purchase,إيراد رقم إيراد :0386 -ين,0,11349.000,pos_purchases,5d44076b-9bc1-76ee-a8bf-f01344425395
93ae5f5b-28da-6b9e-96ef-b87336724b9e,f330aa66-9a8a-90ee-d535-6c68ff14b0de,2025-10-25,purchase,إيراد رقم إيراد :0387 -ين,0,535.000,pos_purchases,594c5202-cd99-0d55-1be0-5e2e70191d01
f4cc0af6-6d85-aca1-5004-bfa1ddaad6dc,96788f75-aca7-6778-39d6-9ded903609dd,2025-10-25,purchase,إيراد رقم إيراد :0388 -ين,0,2625.000,pos_purchases,7518ae38-e578-09c1-aaa0-36f291d1e939
cb77f860-6d29-b5c9-a75d-189586339eb6,e47ac07e-2763-bc83-6cf2-c39bb577a1f9,2025-10-27,purchase,إيراد رقم إيراد :0389 -ين,0,2160.000,pos_purchases,55c31c27-356a-daf1-c5e2-ca0434da84d7
ce91e345-375b-b480-24ca-eaa7ef14fdf3,5bd59cc2-f915-90b2-5eb0-3ec705744a94,2026-05-09,purchase,إيراد رقم إيراد :0491 -ين,0,3240.000,pos_purchases,73a5d228-e2be-d8de-fbaa-4f4017edf652
7fca8aff-dbcd-c48e-5240-f1449ffa476c,f68c4a72-8eb2-7563-07ad-b344ff9fe960,2025-09-20,purchase,إيراد رقم إيراد :0374 -ين,0,88068.000,pos_purchases,1054fbd0-3bf2-97b5-65d9-0fb4d911867e
a11c38a5-023e-5fa2-84ae-4f50942c8fc2,695330b1-f457-9bb1-70db-3ef19382e7c9,2025-11-09,purchase,إيراد رقم إيراد :0402 -ين,0,1944.000,pos_purchases,6a3e205f-382f-bb35-2964-437d9896e812
675b4fc0-7af0-affb-fe3f-aca4b8ff7f83,f330aa66-9a8a-90ee-d535-6c68ff14b0de,2025-10-16,purchase,إيراد رقم إيراد :0381 -ين,0,8758.000,pos_purchases,8c81de11-c25d-4f67-c46a-b86d8fdcda40
69b7063f-a700-5881-5492-76bea081d6af,3371605a-058e-4bf1-07a5-d157c54ae58f,2025-02-22,purchase,إيراد رقم إيراد :0137 -ين,0,4610.000,pos_purchases,99030a3f-e8ef-701d-e045-015864553284
ba95df88-a03e-419f-f1c0-e2de44671cd1,3ef761c8-d645-a9c8-47dc-960089e79b35,2025-01-06,purchase,إيراد رقم إيراد :0035 -ين,0,1400.000,pos_purchases,9f8bead4-4c82-9afb-35aa-44cf0ee4385c
69af8769-5c2c-ad04-dac1-fb38fda0e929,95d22529-eb35-a000-949b-cc311fec737c,2025-11-03,purchase,إيراد رقم إيراد :0400 -ين,0,2525.000,pos_purchases,bd36ecec-8ab8-e520-8f87-3e03e3029887
7a698aa4-d3fb-6841-00aa-b3ef35aa3695,f330aa66-9a8a-90ee-d535-6c68ff14b0de,2025-11-06,purchase,إيراد رقم إيراد :0401 -ين,0,14100.980,pos_purchases,fbec084e-40eb-dcbd-7be7-62a831aec594
14a73a4a-02e3-029a-9e4e-5075ab2fc60b,f330aa66-9a8a-90ee-d535-6c68ff14b0de,2025-11-20,purchase,إيراد رقم إيراد :0404 -ين,0,2808.000,pos_purchases,bb50c0c1-6d65-2d2e-3ebe-507f95ec6527
ee4bfd9c-3953-d69e-bcae-59b1d8a33881,dc6e5eb0-a2c4-7fc8-161c-528f389f29cc,2025-11-30,purchase,إيراد رقم إيراد :0405 -ين,0,1433.300,pos_purchases,bacf89ad-b2d6-af0d-09a6-67628927e663
ce4427ed-1085-7595-aaf1-c0dbb21480d9,06d20f1c-34a0-e014-64db-92734ce57411,2025-11-16,purchase,إيراد رقم إيراد :0403 -ين,0,850.000,pos_purchases,5b917d4a-db1f-6dd8-f30f-756f5d1deadf
2358b38f-90a4-9639-3d7f-6d517a57bf75,9a9f39af-a0d0-6a64-969d-7baa03e28c4f,2025-11-02,purchase,إيراد رقم إيراد :0394 -ين,0,1750.000,pos_purchases,447eee96-3212-3f0c-5216-ba306e471048
a0e8adb1-318e-53f7-6009-86d9aca65dbc,0dafba13-51f2-fc5a-eab7-f16d55bcce40,2025-11-02,purchase,إيراد رقم إيراد :0395 -ين,0,640.000,pos_purchases,55750873-30b3-4e23-230f-b1f02c640af0
b00df2b2-b2af-c154-54f2-b8972d487999,9a9f39af-a0d0-6a64-969d-7baa03e28c4f,2025-11-02,purchase,إيراد رقم إيراد :0396 -ين,0,2328.000,pos_purchases,168aa56a-f0c4-a983-07f9-63fe8879f21d
45e13346-d13c-619a-d7a5-89cff9454078,71b0de26-4571-b512-a21b-b9c9f2f7d6ca,2025-11-02,purchase,إيراد رقم إيراد :0397 -ين,0,3450.000,pos_purchases,b7933fd6-ff30-9d52-f76d-87cfd9ce7bae
848de9cb-901d-f7e3-15a1-85b9bf417983,3f8e1d44-c2e4-cecd-ff29-48dc418eba21,2025-11-03,purchase,إيراد رقم إيراد :0398 -ين,0,17355.000,pos_purchases,7c91f48e-e8e7-cc49-18e8-b581c69ce0c1
fab82bce-9809-f6a1-ff5b-81c2c0828b47,f896ca80-bb01-8e62-4925-3fea7c127ac1,2025-11-03,purchase,إيراد رقم إيراد :0399 -ين,0,2880.000,pos_purchases,d1244a1d-d679-98b4-b8ff-17ca2b8603b5
6d9d2ec9-59b7-3967-e98a-aa8eff81e661,2e234c5a-ae37-77f1-3c02-d40e664e7d50,2025-10-30,purchase,إيراد رقم إيراد :0393 -ين,0,1400.000,pos_purchases,93772a34-b192-7f6e-ce1e-0a06ad1635e8
6e7b545f-b299-9f07-550b-530bbb1603b4,8d388eaa-de46-d772-319c-750398f43c28,2026-05-10,purchase,إيراد رقم إيراد :0492 -ين,0,4560.000,pos_purchases,a55b2292-a657-ef35-54cd-f2f4101c2fe7
7a0f49a0-a7a3-2255-2b40-9e21af9d6bf7,56bb7a00-a11f-f662-0a64-274fa3bfa164,2026-05-10,purchase,إيراد رقم إيراد :0493 -ين,0,390.000,pos_purchases,81142622-f660-a92d-f381-85b7b621fba7
d1d2f01a-7290-cd01-28ee-19d996a8deee,56855bde-1190-92a2-afb0-419a9650977f,2026-02-19,purchase,إيراد رقم إيراد :0438 -ين,0,730.000,pos_purchases,646a80cd-3f96-e3ef-21ab-44e3dacabaa8
1bedae39-1d25-d437-98c3-65468faec4c0,0dafba13-51f2-fc5a-eab7-f16d55bcce40,2026-02-22,purchase,إيراد رقم إيراد :0439 -ين,0,4172.000,pos_purchases,d99a7361-b502-00d2-7903-f6bd101464a3
1e2d7581-8cc3-1577-e228-d907b1f2b6c7,7e4b3fc3-8241-ee4f-683f-bfe58ba55739,2026-04-04,purchase,إيراد رقم إيراد :0467 -ين,0,45.000,pos_purchases,bc22ab67-f8cf-75ae-531d-7f387fdb3828
afe6b658-b0bb-3c9b-57da-8224c5ad89af,4db58ef5-0e02-ae07-fc14-5629c40b7689,2025-01-05,purchase,إيراد رقم إيراد :0029 -ين,0,1462.500,pos_purchases,64d91593-ab68-6bb9-4698-930a71636551
4e25b123-9598-9dd9-cd17-884523b3dec9,3371605a-058e-4bf1-07a5-d157c54ae58f,2026-04-04,purchase,إيراد رقم إيراد :0466 -ين,0,1410.000,pos_purchases,c21c3a4b-ed01-a9cd-5de2-d24ff1c31d62
e5e9dc23-c8ed-c9c4-7727-fc7f7eb06f26,3ef761c8-d645-a9c8-47dc-960089e79b35,2025-02-11,purchase,إيراد رقم إيراد :0114 -ين,0,2250.000,pos_purchases,62d71586-f745-4eaf-1ebf-db9e3d537874
2df9b489-df72-aa00-9761-caba45cb59ca,51882a69-3ac9-cde2-37e3-64e2b7daae96,2025-02-12,purchase,إيراد رقم إيراد :0116 -ين,0,585.000,pos_purchases,efa60f1b-f37f-7044-393b-3dea2a12d44c
a31b839c-86fe-dc1f-baa0-341e70e695e6,c0faf038-b788-4ed3-15e1-cb4edf3f56f1,2025-02-13,purchase,إيراد رقم إيراد :0121 -ين,0,8283.840,pos_purchases,86f71eb8-1bc8-d3ba-4543-8df122562574
51b282c1-17f2-c9b9-7594-b1e9488f8992,f68c4a72-8eb2-7563-07ad-b344ff9fe960,2025-08-05,purchase,إيراد رقم إيراد :0318 -ين,0,348.000,pos_purchases,9fa223d0-032d-2afa-1016-9064c0b6dc41
25b2f223-369d-f134-8876-97169ddff6b5,f68c4a72-8eb2-7563-07ad-b344ff9fe960,2025-08-03,purchase,إيراد رقم إيراد :0316 -ين,0,5300.000,pos_purchases,1f03ae87-c83e-cb3d-7056-070c5c951aeb
e068dfb4-2cbd-12be-e1be-153cf8ddd098,f68c4a72-8eb2-7563-07ad-b344ff9fe960,2025-08-11,purchase,إيراد رقم إيراد :0321 -ين,0,10912.500,pos_purchases,870f904a-d865-cdc9-2ffa-31d1a375a74c
bc93b658-a0b5-1f91-a7e4-c420f7964b77,46b65556-274a-45aa-9c85-4e9803db664f,2026-02-17,purchase,إيراد رقم إيراد :0437 -ين,0,2072.742,pos_purchases,fc1d12db-ea07-a1cd-d96a-f85f2e8d58bc
33767e0c-bd4b-33cb-4f40-015334762268,f68c4a72-8eb2-7563-07ad-b344ff9fe960,2026-05-11,purchase,إيراد رقم إيراد :0494 -ين,0,720.000,pos_purchases,3f1ad060-78b2-3ac4-f7d9-62d894c39884
0667e68b-7baa-bc73-9fdf-38acb3ca64be,dd2fc8ac-5717-c00a-07b0-627c341c4a46,2026-02-14,purchase,إيراد رقم إيراد :0433 -ين,0,2480.000,pos_purchases,3fc24d7d-d83e-34ed-a85e-ab9316cb555c
b36e2d35-0e26-e3c4-dc55-b61ea89a0577,f330aa66-9a8a-90ee-d535-6c68ff14b0de,2026-02-15,purchase,إيراد رقم إيراد :0434 -ين,0,1815.000,pos_purchases,dafbc9d3-c63e-e46c-0ebc-0b542c1cfaf5
4bc24482-60ed-6315-96a9-81b5f36ea7cb,9a9f39af-a0d0-6a64-969d-7baa03e28c4f,2026-05-16,purchase,إيراد رقم إيراد :0497 -ين,0,1860.000,pos_purchases,d6cc9d63-4cfa-145c-721c-8fa4d207eb36
ee4b8548-e8fc-3327-27c2-f9f3c1d173f7,1e40627e-ea09-d325-6c11-fb6c068c423e,2026-03-09,purchase,إيراد رقم إيراد :0450 -ين,0,1275.000,pos_purchases,4ba83b4e-328f-57cd-841a-689ecd418f05
e5224fd2-9bd1-cf0c-c9d0-d00be5103348,3f8e1d44-c2e4-cecd-ff29-48dc418eba21,2026-01-26,purchase,إيراد رقم إيراد :0426 -ين,0,21300.000,pos_purchases,49777160-f00d-5fe4-bd85-9eba05693594
9783b99c-6f0d-bf2a-cf1e-741fdf4c2f6d,46b65556-274a-45aa-9c85-4e9803db664f,2026-05-11,purchase,إيراد رقم إيراد :0495 -ين,0,66.500,pos_purchases,87acc686-edd2-7973-1606-acb0227cc191
d4132b00-d2ad-a372-766d-23fe8fbe2961,f3749abe-ab61-138e-bb47-655f16ecc625,2026-04-21,purchase,إيراد رقم إيراد :0474 -ين,0,275180.000,pos_purchases,bfcd94a4-91cd-6453-8a08-ec4711ff06fc
7f8d70bf-7cfe-97a6-c57d-067c2030bb61,dd2fc8ac-5717-c00a-07b0-627c341c4a46,2026-05-02,purchase,إيراد رقم إيراد :0485 -ين,0,1850.000,pos_purchases,192f1ecf-f822-a149-1f0c-6ed208c24d9c
cbe08e55-e513-c620-3c14-e005bea0b6ac,e47ac07e-2763-bc83-6cf2-c39bb577a1f9,2026-05-11,purchase,إيراد رقم إيراد :0493 -ين,0,2195.000,pos_purchases,7037a07a-aeea-4061-0403-576b29031573
78c76767-25fd-8e20-f163-5fc02cccb9d2,193a3d2d-d39f-6712-72cb-c5f247087645,2020-05-19,purchase,إيراد رقم إيراد :0498 -ين,0,28282.000,pos_purchases,0af9910c-d70d-6c9a-65cf-6f6c0441c88b
e3534ad5-ca0b-ee56-ecda-73c10cc7484e,dd2fc8ac-5717-c00a-07b0-627c341c4a46,2026-05-24,purchase,إيراد رقم إيراد :0500 -ين,0,259.200,pos_purchases,75532201-d909-043a-eed8-79bed0d48601
8ade58c2-c0e9-7b6e-7de1-401e9bd1312c,3b74be9f-643f-cd77-2128-39d8b10170c9,2026-05-13,purchase,إيراد رقم إيراد :0496 -ين,0,63600.000,pos_purchases,8cbbc5fd-8223-daee-b253-0539c1d4ce29
756d7b61-97d8-4388-a730-4881278f8109,f68c4a72-8eb2-7563-07ad-b344ff9fe960,2026-05-24,purchase,إيراد رقم إيراد :0501 -ين,0,990.000,pos_purchases,c286f034-4d30-53e1-2146-e94447af7796
b17d4b97-b2d6-15c2-022e-391882ab159d,b254c840-e3dc-aa50-45cc-22c1a82f1d9d,2026-05-24,purchase,إيراد رقم إيراد :0502 -ين,0,5795.000,pos_purchases,5fd03ab7-bfa7-0ead-274b-bcf25476ab89
d9d686d4-3f08-2921-2e4a-2b206ffd0072,95d22529-eb35-a000-949b-cc311fec737c,2026-03-08,purchase,إيراد رقم إيراد :0448 -ين,0,700.000,pos_purchases,1f537036-20e8-1d75-4dff-33e4ca1c7476
6a5a767e-08ea-878a-f8c1-91caee15dc80,f68c4a72-8eb2-7563-07ad-b344ff9fe960,2025-01-13,purchase,إيراد رقم إيراد :0052 -ين,0,3955.000,pos_purchases,20d3cf23-6a4f-7f29-32a3-c64df75dd2d5
de686d8f-1e30-dad5-64fe-b3afd4c03315,9a9f39af-a0d0-6a64-969d-7baa03e28c4f,2026-03-07,purchase,إيراد رقم إيراد :0446 -ين,0,605.000,pos_purchases,2840bae9-1d2b-f74c-0ec0-2cc6873a54b4
d7ca46f7-0071-9b66-f737-810a2c5b63a7,081276dc-6952-a613-dc62-614b51522ad0,2025-01-14,purchase,إيراد رقم إيراد :0054 -ين,0,130.000,pos_purchases,07d9ea81-d452-6ad6-3bc8-b8f8b2f31976
0aa0fa1d-52e0-7ab8-6b65-0c91b74344d7,0dafba13-51f2-fc5a-eab7-f16d55bcce40,2025-05-11,purchase,إيراد رقم إيراد :0230 -ين,0,180.000,pos_purchases,298989ed-72cf-59e9-17ae-fec41485d8f8
293e000c-e6fc-3648-9cba-921e1cf13ce4,f63d523a-4b6c-61d1-f98b-04b240c67d39,2025-01-15,purchase,إيراد رقم إيراد :0060 -ين,0,222.000,pos_purchases,5ee868ab-a293-56e4-6ae0-2396b0c61d6a
2128e7bb-0b1a-b61f-a3d2-4fbc902d3af3,5bd59cc2-f915-90b2-5eb0-3ec705744a94,2025-01-15,purchase,إيراد رقم إيراد :0061 -ين,0,2895.000,pos_purchases,9f4c894a-18b2-6a6c-a260-4724668c3b23
14db259d-1025-d039-fc19-6f2223902883,f68c4a72-8eb2-7563-07ad-b344ff9fe960,2026-03-04,purchase,إيراد رقم إيراد :0444 -ين,0,20289.000,pos_purchases,c9038f6f-34b7-14b7-5942-5a3a991e7ba7
eb7959fa-098b-18c0-5a7c-9f6db9b8b543,dd2fc8ac-5717-c00a-07b0-627c341c4a46,2026-05-31,purchase,إيراد رقم إيراد :0503 -ين,0,2220.000,pos_purchases,68354a74-6c84-e8f9-c6bd-1f77b955734d
3df4b6f2-7dc8-85e8-c4ed-34a8d42c5e8e,0dafba13-51f2-fc5a-eab7-f16d55bcce40,2026-03-14,purchase,إيراد رقم إيراد :0452 -ين,0,585.000,pos_purchases,a47d2c4e-dda8-d49d-e9aa-775ec5f53f1b
793992d2-2de7-de80-8dff-18d12c3aed4f,95d22529-eb35-a000-949b-cc311fec737c,2026-03-29,purchase,إيراد رقم إيراد :0457 -ين,0,2360.000,pos_purchases,1acf1074-cc36-fa99-b86b-45f11d04bff8
af50e809-0513-78fe-4a7e-5d36a2e9118a,f592fa51-d431-40c9-f38d-39cdf4092eb2,2026-03-29,purchase,إيراد رقم إيراد :0458 -ين,0,3050.000,pos_purchases,f60ab62f-bd6e-46a2-b5a3-dffed17de48c
3baa1285-7568-6cf7-1fc1-5d6891a0aa51,f330aa66-9a8a-90ee-d535-6c68ff14b0de,2026-03-31,purchase,إيراد رقم إيراد :0460 -ين,0,5007.140,pos_purchases,f3b1647a-1a5e-47f3-ecc3-8de9b9a664f2
a91632ad-f858-8c98-e38d-58e2cbe1d4e0,9a9f39af-a0d0-6a64-969d-7baa03e28c4f,2025-01-12,purchase,إيراد رقم إيراد :0044 -ين,0,755.000,pos_purchases,334026c6-1a9b-ebe7-edb3-f715bcd4bed1
12177e47-fdaf-02b3-e0d4-9b6bafb878a8,56bb7a00-a11f-f662-0a64-274fa3bfa164,2026-04-23,purchase,إيراد رقم إيراد :0478 -ين,0,430.000,pos_purchases,85fd64f6-921c-d0ef-fb4c-d2a07d453aea
749c9d87-9d33-cc8e-f249-c47647f76ac1,3ef761c8-d645-a9c8-47dc-960089e79b35,2024-12-03,purchase,إيراد رقم إيراد :0003 -ين,0,49000.000,pos_purchases,cca93450-a57a-e6b2-8ec6-19551ee21c1d
987823ea-333f-6e33-d15b-f66848a7a175,7e4b3fc3-8241-ee4f-683f-bfe58ba55739,2025-01-13,purchase,إيراد رقم إيراد :0053 -ين,0,105.000,pos_purchases,04d71fd6-fa06-f779-9f27-a4cfe6110007
59bfcd27-4010-9cf1-e9c3-8e3367f76dac,1feb71a5-1d49-b1e4-f571-cf039a9a809d,2025-01-14,purchase,إيراد رقم إيراد :0057 -ين,0,2660.000,pos_purchases,a0f8472f-f77c-aa7e-fca9-258127dd2a2c
65ed2dd0-9e36-57a3-0343-49784642385b,2e234c5a-ae37-77f1-3c02-d40e664e7d50,2025-01-21,purchase,إيراد رقم إيراد :0066 -ين,0,2755.000,pos_purchases,dc3af3f0-a990-c6fa-a868-7148a0c4c0cd
aa9a591f-0883-58f9-9b00-8ea9f61043fc,9a9f39af-a0d0-6a64-969d-7baa03e28c4f,2025-01-25,purchase,إيراد رقم إيراد :0074 -ين,0,35990.000,pos_purchases,5c3c5ccf-fccf-53ea-638f-60d665808469
745a3447-e026-41b9-c6da-52d84f979d2b,dc6e5eb0-a2c4-7fc8-161c-528f389f29cc,2025-02-04,purchase,إيراد رقم إيراد :0102 -ين,0,482.500,pos_purchases,96fa79d3-a9d5-8d10-f6bd-b0f23211f213
b5ade3ac-7df3-fbf9-727c-3e9b9e9f67d9,f330aa66-9a8a-90ee-d535-6c68ff14b0de,2026-02-15,purchase,إيراد رقم إيراد :0435 -ين,0,10949.100,pos_purchases,94a439d2-249b-45a8-7165-2038878229d8
5007fa1d-2475-4683-19d4-7b55143373d5,9a9f39af-a0d0-6a64-969d-7baa03e28c4f,2026-02-24,purchase,إيراد رقم إيراد :0441 -ين,0,2742.000,pos_purchases,966ba14c-8078-a844-5688-3cd5777afb9f
5de4c34f-8dc6-de92-8c76-6cf728d28b81,f330aa66-9a8a-90ee-d535-6c68ff14b0de,2026-02-16,purchase,إيراد رقم إيراد :0436 -ين,0,4902.051,pos_purchases,0f9b9a24-989a-309d-4647-9a65e2bfa9ea
ca0c1deb-24f9-29d2-ac8f-510191904d7a,9a9f39af-a0d0-6a64-969d-7baa03e28c4f,2026-03-14,purchase,إيراد رقم إيراد :0453 -ين,0,10095.000,pos_purchases,21dd41ad-f1a3-3314-e150-c9209c5fe147
a648232e-36d7-eebd-ab16-f03969513595,51882a69-3ac9-cde2-37e3-64e2b7daae96,2026-05-31,purchase,إيراد رقم إيراد :0504 -ين,0,7450.000,pos_purchases,7d4a1095-0aa0-cdfd-54a4-5f69abce1681
6dd689b6-e540-9ac8-4120-b7b065ed0d9a,dd2fc8ac-5717-c00a-07b0-627c341c4a46,2026-06-01,purchase,إيراد رقم إيراد :0506 -ين,0,6475.000,pos_purchases,c8ec7444-2a45-243a-4ab2-e7be535b559d
8d800451-b508-b74e-6e45-d6f0e26fe476,f330aa66-9a8a-90ee-d535-6c68ff14b0de,2026-05-31,purchase,إيراد رقم إيراد :0505 -ين,0,9028.457,pos_purchases,5555d222-d554-27fb-7954-d0986055f1fb
a42d8056-ba26-1def-00b4-a975a0f58483,f330aa66-9a8a-90ee-d535-6c68ff14b0de,2026-03-31,purchase,إيراد رقم إيراد :0461 -ين,0,4081.513,pos_purchases,2803fa00-103a-20b9-07fe-4346f69f3c1c
f07ee180-4063-15fe-14c7-04e858154383,f330aa66-9a8a-90ee-d535-6c68ff14b0de,2026-06-01,purchase,إيراد رقم إيراد :0507 -ين,0,5411.020,pos_purchases,e89499f0-f048-1287-98e5-cdfb50843315
81ac2db1-0052-3dd2-6bda-74072fb2a6b2,f68c4a72-8eb2-7563-07ad-b344ff9fe960,2024-12-16,purchase,إيراد رقم إيراد :0017 -ين,0,910.000,pos_purchases,f05e0be0-774b-0379-f5a7-49e849d91564
dd0f46c5-c5f1-b32c-6251-bdd7e45fcb7e,f330aa66-9a8a-90ee-d535-6c68ff14b0de,2026-03-31,purchase,إيراد رقم إيراد :0462 -ين,0,2285.600,pos_purchases,22ece712-993e-48dd-3cea-dd765c0868b2
4e6789f0-4384-f874-f0de-c3815a66253c,f68c4a72-8eb2-7563-07ad-b344ff9fe960,2026-06-03,purchase,إيراد رقم إيراد :0508 -ين,0,5399.000,pos_purchases,30b33fbe-20b0-eb06-b91b-43a2ab3313fb
d2161582-0073-d6a9-08c7-ed35234775dd,1e40627e-ea09-d325-6c11-fb6c068c423e,2026-03-09,purchase,إيراد رقم إيراد :0449 -ين,0,1125.000,pos_purchases,2367c0e5-4910-f2f3-f5b7-de813a4749ca
1567a633-7e0c-8f01-ee13-343e5e2b0885,dd2fc8ac-5717-c00a-07b0-627c341c4a46,2026-04-01,purchase,إيراد رقم إيراد :0464 -ين,0,1920.000,pos_purchases,72a3bef7-016b-2e34-0deb-0440eea49f93
680572a8-0308-d0cb-44a5-bf51618b7b5c,96788f75-aca7-6778-39d6-9ded903609dd,2026-04-05,purchase,إيراد رقم إيراد :0467 -ين,0,1330.000,pos_purchases,567f2c5a-008b-051c-638e-4a53569aef17
834085fb-3127-b279-90d5-5fdff7b30fa4,ac78bb51-d153-70a3-ad89-bdb50a8537eb,2025-05-17,purchase,إيراد رقم إيراد :0233 -ين,0,213024.000,pos_purchases,99b70c72-5d15-6c7b-f85b-26fff822c04b
89957f44-25cd-7147-8c95-7b41181abf82,51882a69-3ac9-cde2-37e3-64e2b7daae96,2026-03-24,purchase,إيراد رقم إيراد :0454 -ين,0,9120.000,pos_purchases,b8fb336e-799d-263d-e054-e68246f9ddf5
8306ec2b-fe87-c3a6-4dea-b48533d3afe9,51882a69-3ac9-cde2-37e3-64e2b7daae96,2025-02-05,purchase,إيراد رقم إيراد :0106 -ين,0,1840.000,pos_purchases,efaa99ed-c1eb-2da7-9c23-d927f330662a
40250d6c-95ac-d2a6-4f89-ac0d98ab1f73,f68c4a72-8eb2-7563-07ad-b344ff9fe960,2026-04-25,purchase,إيراد رقم إيراد :0476 -ين,0,2025.000,pos_purchases,7a3ba507-b21f-15a0-5eae-273556fe35a9
d820f184-6052-50d5-fa27-326244880057,dd2fc8ac-5717-c00a-07b0-627c341c4a46,2025-02-11,purchase,إيراد رقم إيراد :0111 -ين,0,640.000,pos_purchases,e89f9549-c90f-dea6-79be-0acfbbc464f5
110a00ea-64ef-ecdf-3293-6b28eee47957,2b5a299a-8a4f-4338-ee3a-05d76bf1fa29,2025-02-11,purchase,إيراد رقم إيراد :0113 -ين,0,200.000,pos_purchases,4a91619c-b473-95b5-471c-379675123a6f
c209fa73-d726-5a00-23c8-3b68302c66c5,dd2fc8ac-5717-c00a-07b0-627c341c4a46,2025-08-11,purchase,إيراد رقم إيراد :0320 -ين,0,2745.000,pos_purchases,2176b7e7-e527-2a3f-05b0-827807bf7238
ef516a91-2fd0-d4e1-2607-5ad541c375be,9ccc9fc8-8055-1b6e-040d-fd7bde7fbb45,2025-08-19,purchase,إيراد رقم إيراد :0330 -ين,0,2950.000,pos_purchases,b6a84c5d-19b9-7dec-cb97-796f8e270134
d8bb55c3-74b6-3bcc-8e81-61523342da62,95d22529-eb35-a000-949b-cc311fec737c,2026-06-03,purchase,إيراد رقم إيراد :0509 -ين,0,670.000,pos_purchases,9039ec04-eb73-77a2-dd5d-2e93216ecda6
bd9e7023-e85a-de4f-5c89-aa1fb85defcb,0dafba13-51f2-fc5a-eab7-f16d55bcce40,2026-06-04,purchase,إيراد رقم إيراد :0510 -ين,0,1185.030,pos_purchases,5d592c05-d719-8482-be07-8335bee89477
57cd247f-8032-f884-422f-86235856ca45,156403ef-fd81-bf9e-05af-5a4f8dcde75e,2026-06-08,purchase,إيراد رقم إيراد :0511 -ين,0,2680.000,pos_purchases,c8da6279-4d6b-9201-afe1-496cb81048a9
4f710f8a-5411-ab1a-f8ec-f1fdd7e43cd9,156403ef-fd81-bf9e-05af-5a4f8dcde75e,2026-06-08,purchase,إيراد رقم إيراد :0512 -ين,0,2680.000,pos_purchases,cc972dd0-1df3-72f3-2ef6-d6ce1fed9f70
c150bed6-6fae-11d9-5121-2e362ea1a4e5,5bd59cc2-f915-90b2-5eb0-3ec705744a94,2025-02-26,purchase,إيراد رقم إيراد :0149 -ين,0,675.000,pos_purchases,4ed18e98-dafe-a6e2-2dab-17673f31dfe2
aa4bbf04-2c1a-0b0f-2914-564e480915d3,184c0017-ca38-f03c-39a0-fc597ff5dc70,2025-02-27,purchase,إيراد رقم إيراد :0153 -ين,0,990.000,pos_purchases,d347bd31-e286-94eb-1a85-1f6dc87be9df
020378c4-c6e3-c32d-2b9e-bbdbd1420306,f68c4a72-8eb2-7563-07ad-b344ff9fe960,2025-02-26,purchase,إيراد رقم إيراد :0148 -ين,0,9175.000,pos_purchases,43b81968-d43b-7498-49cd-400a6777d714
692685bb-946f-804a-3a1f-85a1c5b017d7,3f8e1d44-c2e4-cecd-ff29-48dc418eba21,2025-08-10,purchase,إيراد رقم إيراد :0319 -ين,0,60100.000,pos_purchases,c43c978a-77ab-62ea-787c-7687ffb15a67
a522b682-8d88-3711-b81b-b3ebb1c454bc,3f8e1d44-c2e4-cecd-ff29-48dc418eba21,2025-08-14,purchase,إيراد رقم إيراد :0328 -ين,0,33000.000,pos_purchases,1c09b4c9-28fd-7a5f-1a95-7c3489a941e6
a30c36d0-6476-2d4c-716d-077c54fbeb3c,3f8e1d44-c2e4-cecd-ff29-48dc418eba21,2025-08-14,purchase,إيراد رقم إيراد :0327 -ين,0,18605.000,pos_purchases,f6275593-3242-f50a-558f-c9ceafc20c73
408ed07b-58e3-70ea-dff3-0049b3e74e96,51882a69-3ac9-cde2-37e3-64e2b7daae96,2025-08-13,purchase,إيراد رقم إيراد :0324 -ين,0,1846.600,pos_purchases,41efc4c3-c2bb-5713-83eb-e7dde4dadcc3
bf907eaa-cd66-11c9-d095-58c5fa871422,f68c4a72-8eb2-7563-07ad-b344ff9fe960,2025-08-11,purchase,إيراد رقم إيراد :0322 -ين,0,960.000,pos_purchases,4e41ce13-5137-a502-9e81-298e1fccc5ca
85dcac99-c162-3cf4-fb51-e7f3ce0f0cb9,e47ac07e-2763-bc83-6cf2-c39bb577a1f9,2025-08-11,purchase,إيراد رقم إيراد :0323 -ين,0,8500.000,pos_purchases,ee70b41e-60e1-5a14-24e1-5213d66458fb
cd60a7d1-2c54-afb2-1e54-21f732a5c59e,3371605a-058e-4bf1-07a5-d157c54ae58f,2025-07-21,purchase,إيراد رقم إيراد :0329 -ين,0,1432.500,pos_purchases,c7543c6d-da54-ac1d-9394-0320596c8349
6b8a7d75-b0ea-1b87-142d-355ad93533ef,0dafba13-51f2-fc5a-eab7-f16d55bcce40,2025-08-21,purchase,إيراد رقم إيراد :0332 -ين,0,5404.000,pos_purchases,1b67b8e0-b4e9-dcf6-3646-657265a60d6f
26fef91f-b915-3fa9-a66e-43796af98f17,51882a69-3ac9-cde2-37e3-64e2b7daae96,2025-02-12,purchase,إيراد رقم إيراد :0118 -ين,0,12900.000,pos_purchases,48ed53ad-636b-296e-9785-5b1dab913b8a
4d21c4de-2612-98ab-2427-e1e276bb3d2e,e2471349-f041-76d6-af3b-07b14234b9a8,2026-06-08,purchase,إيراد رقم إيراد :0513 -ين,0,5725.000,pos_purchases,18ce7d2f-8ece-4934-a748-8c78b3c25a43
986fcf4d-0398-f8b3-8175-ac42b4f15e32,c0faf038-b788-4ed3-15e1-cb4edf3f56f1,2025-03-04,purchase,إيراد رقم إيراد :0158 -ين,0,642.500,pos_purchases,6cdea006-7d45-a5e2-4371-9f170a2bddc5
cd818d0c-6f20-89c1-0d34-3ef33e5ca88e,dd2fc8ac-5717-c00a-07b0-627c341c4a46,2025-09-28,purchase,إيراد رقم إيراد :0366 -ين,0,470.000,pos_purchases,b21adfbc-76da-f779-75c5-54617e8a3ade
42727d97-92a5-d4b5-bf01-b05a8585e268,51882a69-3ac9-cde2-37e3-64e2b7daae96,2026-06-10,purchase,إيراد رقم إيراد :0517 -ين,0,5262.500,pos_purchases,98843111-e398-9cae-cef4-86a149f4ae66
8a748301-9d63-8953-a2d2-414e9c33ea1c,0ac84589-249c-ec1c-90a6-5324415510d3,2026-06-14,purchase,إيراد رقم إيراد :0519 -ين,0,2725.000,pos_purchases,4baab33d-02d6-6236-9e4f-1a8b80de83c0
28552757-20f7-f8c4-2350-738823bbb337,f68c4a72-8eb2-7563-07ad-b344ff9fe960,2026-06-14,purchase,إيراد رقم إيراد :0518 -ين,0,1935.000,pos_purchases,97d0c895-9d0e-86b7-3a3e-267112adef64
21ee1d97-cfc5-984d-2800-533a3890a493,2e234c5a-ae37-77f1-3c02-d40e664e7d50,2026-06-08,purchase,إيراد رقم إيراد :0515 -ين,0,2400.000,pos_purchases,aa25bd0a-ec40-3258-2305-92ea3db946a6
9a276fdd-7cf4-5638-56ed-20bd77a23c4a,f68c4a72-8eb2-7563-07ad-b344ff9fe960,2026-06-08,purchase,إيراد رقم إيراد :0514 -ين,0,9210.000,pos_purchases,14047f97-97a2-04de-bb22-333c802ee192
7e590c2c-d4e0-97fc-06b1-af6225e7976f,ac78bb51-d153-70a3-ad89-bdb50a8537eb,2026-04-12,purchase,إيراد رقم إيراد :0470 -ين,0,61706.000,pos_purchases,ebce3d13-908e-a644-48bb-7a0717341171
d0987e8c-812c-ccfe-dc50-a8ccb9290b8f,3371605a-058e-4bf1-07a5-d157c54ae58f,2026-06-10,purchase,إيراد رقم إيراد :0516 -ين,0,4420.000,pos_purchases,9f424b89-c137-b0b1-ed91-e16d419542dd
27234a0b-c995-d827-c82e-fa326725385c,51882a69-3ac9-cde2-37e3-64e2b7daae96,2026-06-15,purchase,إيراد رقم إيراد :0520 -ين,0,12300.000,pos_purchases,c7f85968-df86-6299-10b7-47495adc1fd7
8a7fbce6-b11a-d531-b778-ff4484a2dad2,3f8e1d44-c2e4-cecd-ff29-48dc418eba21,2026-06-17,purchase,إيراد رقم إيراد :0522 -ين,0,28840.000,pos_purchases,7c6b61bf-67b0-c6c8-e09d-4ab4a281b13c
e6890328-56b7-7f4e-8d67-8ab7b93281d4,b254c840-e3dc-aa50-45cc-22c1a82f1d9d,2026-06-21,purchase,إيراد رقم إيراد :0524 -ين,0,7810.000,pos_purchases,51e46696-a783-28c3-a329-bb707cf59797
26d87738-91aa-d752-8e12-893612be5553,51882a69-3ac9-cde2-37e3-64e2b7daae96,2026-06-16,purchase,إيراد رقم إيراد :0521 -ين,0,12198.500,pos_purchases,34e41f6c-66c8-79c7-42a8-607bb6492650
e13d1d36-cea1-0c77-05c0-51b1ad91dd66,b254c840-e3dc-aa50-45cc-22c1a82f1d9d,2026-06-20,purchase,إيراد رقم إيراد :0523 -ين,0,15748.000,pos_purchases,c022875a-4905-b91e-aa1c-8360cfe1f2a5
18f8a3d6-9c4b-c16b-b187-1ad657958eae,4c33ba4c-5f54-c701-dee2-3e778c3a4932,2025-04-12,purchase,إيراد رقم إيراد :0188 -ين,0,585.000,pos_purchases,bda311c5-311a-9a60-f20b-7ba146913d6d
7be57377-085c-c980-2c9c-2793d5cbe600,14950469-fd5d-b082-a076-567607dd7c0e,2025-04-14,purchase,إيراد رقم إيراد :0189 -ين,0,270.000,pos_purchases,ab10be05-d18a-ed68-9586-c8e60891fbf8
2cfa277c-be87-d138-6e9e-b06c40346706,431ac3fd-806d-3b31-7433-0f5bf3af56c7,2025-04-15,purchase,إيراد رقم إيراد :0190 -ين,0,1010.100,pos_purchases,03268f73-cec8-f211-bc6e-893be484616b
886b7618-f749-2362-0d80-e4c73508a52d,3f8e1d44-c2e4-cecd-ff29-48dc418eba21,2025-08-26,purchase,إيراد رقم إيراد :0338 -ين,0,19522.000,pos_purchases,a4439e7c-03a5-8bb0-39d3-a932babbb998
f38ceab6-b058-72bc-7075-87d2a1422c31,46b65556-274a-45aa-9c85-4e9803db664f,2025-09-07,purchase,إيراد رقم إيراد :0344 -ين,0,1710.000,pos_purchases,4366a179-60ce-b958-6306-48b819c9f8f0
c9ed2dd5-e458-3af5-e2c3-7075ee56a933,f68c4a72-8eb2-7563-07ad-b344ff9fe960,2025-08-21,purchase,إيراد رقم إيراد :0331 -ين,0,59125.000,pos_purchases,f9833bdd-a6c7-b01a-76d8-0151281e194b
3040f049-562e-62f5-d27a-3aeb7e520cfd,51882a69-3ac9-cde2-37e3-64e2b7daae96,2025-09-08,purchase,إيراد رقم إيراد :0349 -ين,0,4980.000,pos_purchases,a65086da-7f2b-fd09-7845-4bfe9f884749
3633e930-df29-88a6-a63e-ce4430a9545b,f68c4a72-8eb2-7563-07ad-b344ff9fe960,2025-09-10,purchase,إيراد رقم إيراد :0352 -ين,0,5250.000,pos_purchases,acc766eb-7be2-ca03-b69d-ec7bc387cc70
d3ed7c71-72f4-e6a1-ee59-b7f96fabe2ac,3ef761c8-d645-a9c8-47dc-960089e79b35,2025-09-07,purchase,إيراد رقم إيراد :0346 -ين,0,8740.000,pos_purchases,0502e755-f697-333b-ae38-7cfdd03f8b37
2e169cf3-b069-8b41-f86f-b7ea18e5e6e0,dc6e5eb0-a2c4-7fc8-161c-528f389f29cc,2025-09-11,purchase,إيراد رقم إيراد :0353 -ين,0,513.000,pos_purchases,b699503e-e081-c398-aeaa-d8c9f5141d27
81883e0f-2b94-f6d8-9524-499233d74b6d,e47ac07e-2763-bc83-6cf2-c39bb577a1f9,2025-09-11,purchase,إيراد رقم إيراد :0354 -ين,0,10130.000,pos_purchases,5520c887-467d-477c-0a85-d817f6781a84
c9bc453c-d633-0bc4-8451-1cbc089132aa,0dafba13-51f2-fc5a-eab7-f16d55bcce40,2025-09-11,purchase,إيراد رقم إيراد :0355 -ين,0,570.000,pos_purchases,cd715336-3c39-64e5-08f5-b1a98c0df5a9
1c2ea02a-4e6e-240d-c1b5-29eed73cd9e3,dd2fc8ac-5717-c00a-07b0-627c341c4a46,2025-09-11,purchase,إيراد رقم إيراد :0356 -ين,0,170.000,pos_purchases,c0430e59-16bf-fa53-4379-e94f9e0695ec
1b111035-62f9-bbcd-a4ad-c9703129107e,74e1dacd-b468-4717-ef12-a0a78349e141,2025-09-13,purchase,إيراد رقم إيراد :0358 -ين,0,2000.000,pos_purchases,b9294d99-8bbc-6a15-9457-0ad6b02bd9ab
41037a26-1ea4-2c15-e613-e7625ca2d895,14950469-fd5d-b082-a076-567607dd7c0e,2025-05-04,purchase,إيراد رقم إيراد :0224 -ين,0,90.000,pos_purchases,b34963ed-c45f-324f-6953-f0f6bebe9636
0df3dcc3-cb00-04b9-8e2f-c102ce39d015,f9f6d83d-5b9d-2d22-c42a-21b487031fad,2025-06-21,purchase,إيراد رقم إيراد :0262 -ين,0,300.000,pos_purchases,687a57da-9f6f-e472-a916-92338c3d6276
45d2823c-18d4-261e-ea05-93c4ee60c017,51882a69-3ac9-cde2-37e3-64e2b7daae96,2026-06-22,purchase,إيراد رقم إيراد :0525 -ين,0,4903.500,pos_purchases,32fc4c39-b996-df10-e350-7aa3119c6b2e
64e4a579-e69d-0e0b-386c-42c91e7b2201,f68c4a72-8eb2-7563-07ad-b344ff9fe960,2026-06-24,purchase,إيراد رقم إيراد :0526 -ين,0,2000.000,pos_purchases,9a8b0f67-2f79-67f2-e88d-2d684172147c
98477998-0f2a-6bfc-20fd-5779b9c4b0f6,431ac3fd-806d-3b31-7433-0f5bf3af56c7,2025-04-15,purchase,إيراد رقم إيراد :0192 -ين,0,910.000,pos_purchases,1c54fb8d-6146-9f4d-cb40-dec22c27faef
f614cc60-8c05-6f5e-9661-6f6b2645b898,b254c840-e3dc-aa50-45cc-22c1a82f1d9d,2025-09-02,purchase,إيراد رقم إيراد :0340 -ين,0,81953.000,pos_purchases,1d397afe-4b87-d191-59bb-f800a23c59b9
3a56a84e-345d-4915-1a93-1893b0b08563,f68c4a72-8eb2-7563-07ad-b344ff9fe960,2025-09-28,purchase,إيراد رقم إيراد :0377 -ين,0,12772.000,pos_purchases,bdadcd40-96ea-f8eb-5f91-126691d81f5d
0d972e69-0da5-195e-ca7d-7cfe17aae6e0,51882a69-3ac9-cde2-37e3-64e2b7daae96,2025-10-26,purchase,إيراد رقم إيراد :0389 -ين,0,680.000,pos_purchases,53574c8d-f39e-3378-5eb0-f1c187207b7a
56d90b49-524d-9255-ddbb-8a869f78dea9,e47ac07e-2763-bc83-6cf2-c39bb577a1f9,2025-10-20,purchase,إيراد رقم إيراد :0381 -ين,0,1595.000,pos_purchases,17842377-5ef7-1d9f-9920-0c20f3490411
f778e542-5c9b-1f54-e529-4de316c89c06,1e40627e-ea09-d325-6c11-fb6c068c423e,2025-05-29,purchase,إيراد رقم إيراد :0242 -ين,0,130.000,pos_purchases,1ed8f0a9-f269-c158-bd1e-36a34d8df84c
b1a11618-3669-c1e9-2d69-bcc89418e10d,51882a69-3ac9-cde2-37e3-64e2b7daae96,2025-10-26,purchase,إيراد رقم إيراد :0390 -ين,0,1572.000,pos_purchases,cc19d5d8-1792-f9ac-dc45-d598377ca1e6
33e14115-fbe0-415a-f9a1-15f69096c315,95a6cd40-9663-6e5a-2d2b-82c8a97852fc,2024-12-24,purchase,إيراد رقم إيراد :0023 -ين,0,4480.000,pos_purchases,bb9f8d85-08e9-afb9-77a0-0734123a28b1
a5a35f04-3f78-2d38-beab-6bc06926f086,dc6e5eb0-a2c4-7fc8-161c-528f389f29cc,2026-06-25,purchase,إيراد رقم إيراد :0527 -ين,0,2535.000,pos_purchases,110056ed-185d-546f-3d17-7bf97032aee4
59f23543-bdb8-79b7-9167-24ff4f21d57c,3f8e1d44-c2e4-cecd-ff29-48dc418eba21,2025-04-17,purchase,إيراد رقم إيراد :0194 -ين,0,7170.000,pos_purchases,19d1e2f5-cf0b-fb3b-1896-8996c0d19f1b
abdfeaf0-10c1-b7cd-df52-fcab8f028989,e47ac07e-2763-bc83-6cf2-c39bb577a1f9,2025-04-21,purchase,إيراد رقم إيراد :0195 -ين,0,12474.200,pos_purchases,cf28774b-e321-fe32-8d8c-073a479cca0e
91839e04-5ab4-b6e1-7d42-9f035ce54390,261d312b-ca2f-d43a-ee0b-a165e81631b3,2025-04-21,purchase,إيراد رقم إيراد :0196 -ين,0,615.000,pos_purchases,1d8881bd-d1b6-3750-7f9c-2ca53b5becf7
aa7e830f-a790-4b95-677b-5b91b81bcdeb,3371605a-058e-4bf1-07a5-d157c54ae58f,2025-04-21,purchase,إيراد رقم إيراد :0197 -ين,0,450.000,pos_purchases,4d7dc1ca-74f1-052a-2ae2-574460ab2a0e
18736073-42c0-1307-d757-a04b2bca8d78,51882a69-3ac9-cde2-37e3-64e2b7daae96,2025-08-13,purchase,إيراد رقم إيراد :0325 -ين,0,5531.000,pos_purchases,04b87c8b-4815-2279-d286-40a4ba7b485d
95d07cf4-ce0a-6295-e23b-4eba38bbf794,dc6e5eb0-a2c4-7fc8-161c-528f389f29cc,2026-06-27,purchase,إيراد رقم إيراد :0529 -ين,0,235.000,pos_purchases,f2c88f5a-3c13-3ab7-0b89-57f5e2515468
4c9e918e-3034-f506-45e0-1b98f989dc21,4db58ef5-0e02-ae07-fc14-5629c40b7689,2026-06-30,purchase,إيراد رقم إيراد :0531 -ين,0,595.000,pos_purchases,efe7652f-b608-a4b7-319c-88baa8cd38df
4cf3ef6f-9eec-9ddb-d3b5-a7f7d31b6613,9a9f39af-a0d0-6a64-969d-7baa03e28c4f,2026-07-01,purchase,إيراد رقم إيراد :0535 -ين,0,20960.000,pos_purchases,49f7c933-b7a5-cbf3-d7dd-05c2e2005d61
d5af6015-5866-ae08-4b3b-aa7a3c19ac3a,5bd59cc2-f915-90b2-5eb0-3ec705744a94,2026-06-30,purchase,إيراد رقم إيراد :0532 -ين,0,7580.000,pos_purchases,595a7e91-6ca4-ed33-bcdf-1e0c148c8860
53b5cc5c-a649-ad41-f046-76d81680c5b4,46b65556-274a-45aa-9c85-4e9803db664f,2026-06-27,purchase,إيراد رقم إيراد :0530 -ين,0,362.500,pos_purchases,e88d00a8-fc02-4cf4-f86d-60cb81c50905
4f474272-9c73-5763-0f4a-90cf96fcd6e6,0dafba13-51f2-fc5a-eab7-f16d55bcce40,2026-06-30,purchase,إيراد رقم إيراد :0533 -ين,0,5000.000,pos_purchases,5ae22a01-c02b-0b15-a9df-69b02c948fc2
36bb3350-4881-247a-f2c1-10892212fd75,3371605a-058e-4bf1-07a5-d157c54ae58f,2026-06-25,purchase,إيراد رقم إيراد :0528 -ين,0,6540.000,pos_purchases,2b4c0337-c891-ad93-265c-746879e4bfd3
ccc7af15-e8f7-5118-c04d-ed2b5d0eadfe,9a9f39af-a0d0-6a64-969d-7baa03e28c4f,2026-07-01,purchase,إيراد رقم إيراد :0536 -ين,0,1700.000,pos_purchases,e3431913-95fa-12c7-50ec-f91c502298f3
17becaed-b416-a4a6-a238-f9d37ee8e302,9a9f39af-a0d0-6a64-969d-7baa03e28c4f,2026-06-30,purchase,إيراد رقم إيراد :0534 -ين,0,17272.000,pos_purchases,a8e8d40e-9b81-c16a-473f-2f862ccc079d
45de3e0c-267b-6e17-2a52-1b3fefcf94c3,b254c840-e3dc-aa50-45cc-22c1a82f1d9d,2026-07-01,purchase,إيراد رقم إيراد :0537 -ين,0,13545.000,pos_purchases,19017545-30eb-37f2-d4c8-22acc31b71e4
cca77373-714f-fd8b-29c0-e500716e9517,95d22529-eb35-a000-949b-cc311fec737c,2026-07-05,purchase,إيراد رقم إيراد :0538 -ين,0,1674.000,pos_purchases,bf2808aa-1493-7ca8-f6f9-1bd5f58b1ef8
fc7146b9-d53a-6928-33c7-be4574d5ae56,f68c4a72-8eb2-7563-07ad-b344ff9fe960,2026-07-06,purchase,إيراد رقم إيراد :0539 -ين,0,1430.000,pos_purchases,b1384b49-587e-5d5f-757d-34f10c0889bd
776dc0c9-4e32-3a51-18e2-a1206fc972e5,93ead9a8-1565-7895-eba8-1a3572957f4c,2026-07-09,purchase,إيراد رقم إيراد :0544 -ين,0,4765.000,pos_purchases,88a27f62-bf96-760c-2766-e00ae9be0208
2c32707d-8f1e-0d03-780d-a7bc12794043,f592fa51-d431-40c9-f38d-39cdf4092eb2,2026-07-06,purchase,إيراد رقم إيراد :0543 -ين,0,4875.000,pos_purchases,136fbf38-ce8c-726e-9a8e-35ea5b322c32
ba55f89c-04b7-f9d7-b86e-fc3d074daf9e,eef1f192-19d8-3e65-afd7-cdc3b12037eb,2026-07-06,purchase,إيراد رقم إيراد :0542 -ين,0,470.000,pos_purchases,92a20876-27dd-6a47-a795-1a61f0e4118e
4acfaa1c-89fd-efdc-db7a-330f633c1a7d,51882a69-3ac9-cde2-37e3-64e2b7daae96,2026-07-06,purchase,إيراد رقم إيراد :0541 -ين,0,3080.000,pos_purchases,44424ed6-49a8-f993-5426-5c215106e971
325c44a9-7e37-dc4f-26b8-36c8675b08a7,b254c840-e3dc-aa50-45cc-22c1a82f1d9d,2026-05-21,purchase,إيراد رقم إيراد :0499 -ين,0,4770.000,pos_purchases,9aa484ca-5b8c-d654-502d-b634a4862d71
1ede0246-383c-79a5-1eb4-d3fe95ce82f6,dc6e5eb0-a2c4-7fc8-161c-528f389f29cc,2026-07-06,purchase,إيراد رقم إيراد :0540 -ين,0,2665.000,pos_purchases,9b2bb954-773f-e1f0-fb2c-7d6752c38328
8822c889-8921-c88f-ba2c-0ec2c7be1ff0,51882a69-3ac9-cde2-37e3-64e2b7daae96,2026-07-11,purchase,إيراد رقم إيراد :0546 -ين,0,960.000,pos_purchases,892e246d-2fe1-c04f-c4cb-26bd468482eb
2fbdf79b-f6ff-d21e-40b0-bcb412973e74,1e40627e-ea09-d325-6c11-fb6c068c423e,2026-07-11,purchase,إيراد رقم إيراد :0545 -ين,0,665.000,pos_purchases,929c9367-029b-017c-e6ed-26f9f7685988
66759381-6546-4fa3-d3b8-9953b57834ee,0ac84589-249c-ec1c-90a6-5324415510d3,2026-07-14,purchase,إيراد رقم إيراد :0549 -ين,0,4710.000,pos_purchases,6a53d2f0-487c-c31e-cab4-7a4a72402c7e
994dc146-8cfa-ce8d-0b03-df06f6884ded,1a3e68c6-4b49-c842-7d20-2ef3559b05d2,2026-07-14,purchase,إيراد رقم إيراد :0550 -ين,0,4640.000,pos_purchases,cc984294-e171-448b-0789-12024dc6f4ee
b2456db5-1611-c2c6-a69b-e73447d6f650,3ef761c8-d645-a9c8-47dc-960089e79b35,2026-07-11,purchase,إيراد رقم إيراد :0547 -ين,0,8285.000,pos_purchases,f090ce62-70e4-fc04-d9a8-ebdbdcddc292
68c2fc8b-269b-6d1e-cac4-7c55dd2ec16b,95d22529-eb35-a000-949b-cc311fec737c,2026-07-13,purchase,إيراد رقم إيراد :0548 -ين,0,690.000,pos_purchases,c3c7b114-a291-ed59-03b7-2ac433738567
fa59a107-0d34-1b7a-6413-4ad3e60ae18e,41cf3726-7c18-801f-29b4-95bfba464df9,2026-07-19,purchase,إيراد رقم إيراد :0551 -ين,0,7400.000,pos_purchases,2d3185c3-4135-82ad-5e37-5b234f1ebc5e
b048800b-ea55-9a0a-3221-4eb1ba050d05,3f8e1d44-c2e4-cecd-ff29-48dc418eba21,2026-07-20,purchase,إيراد رقم إيراد :0552 -ين,0,26250.000,pos_purchases,530b7f30-d603-adc9-8158-b665e1d6b917
0660d7fc-eb84-d9b8-ff95-91a58182febc,b254c840-e3dc-aa50-45cc-22c1a82f1d9d,2025-07-06,purchase,إيراد رقم إيراد :0288 -ين,0,15698.000,pos_purchases,6a816caf-64bc-984a-6aa1-021373476d1e
13aef7a0-bcb9-ba93-b7f0-00578b329b0d,0dafba13-51f2-fc5a-eab7-f16d55bcce40,2025-01-09,purchase,إيراد رقم إيراد :0040 -ين,0,3300.000,pos_purchases,2a92b072-38f5-6bf4-ee61-e95ac52da8cc
95481cca-4e32-649c-5bd6-a207be7c4416,2b5a299a-8a4f-4338-ee3a-05d76bf1fa29,2025-01-13,purchase,إيراد رقم إيراد :0046 -ين,0,250.000,pos_purchases,b7b5bf87-a952-074f-dda1-4ed57329b662
f531a163-2fe2-8f15-1990-4bbb6fbcb448,e47ac07e-2763-bc83-6cf2-c39bb577a1f9,2025-01-07,purchase,إيراد رقم إيراد :0037 -ين,0,1175.000,pos_purchases,e1890042-ad61-45b7-b868-7d093d7db445
1d468ba9-1110-d977-2aa4-277506fb7e2f,3371605a-058e-4bf1-07a5-d157c54ae58f,2024-08-31,purchase,إيراد رقم إيراد :0001 -ين,0,2538.000,pos_purchases,c9f9854d-964f-bbd3-e61f-9622cb0457c6
16c181ac-829a-3430-a044-b016b1a108ac,e47ac07e-2763-bc83-6cf2-c39bb577a1f9,2026-07-20,purchase,إيراد رقم إيراد :0553 -ين,0,3290.000,pos_purchases,723b7882-c13d-dff2-aef4-325e1881e4b8
958376df-2539-c155-eb83-fa2854282c2d,71b0de26-4571-b512-a21b-b9c9f2f7d6ca,2026-07-29,purchase,إيراد رقم إيراد :0556 -ين,0,2400.000,pos_purchases,226401c8-de32-4b34-f768-1166968a33b5
5e81b754-a1bb-63e7-faf1-106dd15e5e23,9a9f39af-a0d0-6a64-969d-7baa03e28c4f,2026-08-05,purchase,إيراد رقم إيراد :0557 -ين,0,595.000,pos_purchases,7e54dc93-b614-793b-9286-5d1067626ae4
ec8409b4-0651-5850-5d1e-08738f49bf61,f592fa51-d431-40c9-f38d-39cdf4092eb2,2026-08-12,purchase,إيراد رقم إيراد :0558 -ين,0,2535.000,pos_purchases,133872bb-8e70-1eb1-72e6-909368739468
246f7992-f3a0-98ea-a5e7-8168a007b28e,f68c4a72-8eb2-7563-07ad-b344ff9fe960,2026-08-16,purchase,إيراد رقم إيراد :0560 -ين,0,2820.000,pos_purchases,55f0d09c-b455-9d9f-e377-bf2b21fbffee
b4189651-99aa-100e-4041-f3fe93a6d01f,dd2fc8ac-5717-c00a-07b0-627c341c4a46,2026-07-28,purchase,إيراد رقم إيراد :0554 -ين,0,4480.000,pos_purchases,3fe26199-dc15-fdde-fb3f-89410b75923c
9036a8b9-9e32-6756-67c4-ff4bbcd27097,71b0de26-4571-b512-a21b-b9c9f2f7d6ca,2026-07-29,purchase,إيراد رقم إيراد :0555 -ين,0,2400.000,pos_purchases,c99d6050-24f8-b239-c658-59f67acf4268
bb1410de-e1e9-fed4-2f57-c6bd74f34384,f68c4a72-8eb2-7563-07ad-b344ff9fe960,2026-09-13,purchase,إيراد رقم إيراد :0566 -ين,0,850.000,pos_purchases,afa278aa-0bb2-0607-e507-423b0fd5e8dc
a0d64cae-49b0-cb37-b18e-0f41a2624df8,f68c4a72-8eb2-7563-07ad-b344ff9fe960,2026-08-12,purchase,إيراد رقم إيراد :0559 -ين,0,30392.500,pos_purchases,c8970d69-9f12-e2e6-ccbe-bdae3a633df6
b0b2ce9f-58ce-42cc-5004-e4c6f34b4de9,8d388eaa-de46-d772-319c-750398f43c28,2026-09-01,purchase,إيراد رقم إيراد :0563 -ين,0,3880.000,pos_purchases,2d789600-9405-a7b4-2316-be665608eda4
ef57c709-49a0-ee2c-acc5-b5923299c392,3371605a-058e-4bf1-07a5-d157c54ae58f,2025-04-24,purchase,إيراد رقم إيراد :0208 -ين,0,3480.000,pos_purchases,4be0b36b-8cd3-ed6f-d414-cb2eb381be8d
18a65578-bf91-8ced-39f1-67447750e22c,dd2fc8ac-5717-c00a-07b0-627c341c4a46,2026-09-09,purchase,إيراد رقم إيراد :0565 -ين,0,7480.000,pos_purchases,6efab3e0-0830-2f87-1281-6e827f38533a
3c7b2cff-2e22-4b70-1e29-fef85ff107e6,f68c4a72-8eb2-7563-07ad-b344ff9fe960,2026-08-16,purchase,إيراد رقم إيراد :0561 -ين,0,497.500,pos_purchases,15ee708b-a29e-ee61-c4de-6a290ef15cde
fd0f8c04-ef02-1045-d3a4-7ecef0326b25,f68c4a72-8eb2-7563-07ad-b344ff9fe960,2026-08-23,purchase,إيراد رقم إيراد :0562 -ين,0,3450.000,pos_purchases,8e5ba119-db5e-10a6-871f-b972e0a3ff57
44c0e39a-e289-edc9-e059-365ad14ca7f2,f68c4a72-8eb2-7563-07ad-b344ff9fe960,2026-09-09,purchase,إيراد رقم إيراد :0564 -ين,0,9680.000,pos_purchases,fb9e6a38-bb34-5504-2cd1-e662f0ddaab7
6d5ff61d-6f0f-1eb8-37c5-adc57eb821a7,51882a69-3ac9-cde2-37e3-64e2b7daae96,2026-09-15,purchase,إيراد رقم إيراد :0567 -ين,0,462.000,pos_purchases,510f2828-7bcf-8273-0b58-4da99d1c7e38
ffc41b2d-6e29-ba6a-d40c-48e06212493a,46b65556-274a-45aa-9c85-4e9803db664f,2025-10-26,purchase,إيراد رقم إيراد :0391 -ين,0,150.000,pos_purchases,97c4083f-e8a5-8519-2ca4-81c5c063b979
9e80d0a4-349c-52b5-03a0-ab163c524663,c92e5ba8-07a8-60d8-3d50-26697ade9669,2025-10-30,purchase,إيراد رقم إيراد :0392 -ين,0,2880.000,pos_purchases,f96ea6f7-8b31-4cbe-e64c-158a110aa6bb
3b427253-6147-8f82-6fec-065bfabb65ab,3371605a-058e-4bf1-07a5-d157c54ae58f,2025-02-13,purchase,إيراد رقم إيراد :0122 -ين,0,190.000,pos_purchases,1964f65d-2c49-0f70-aebb-6ebae08e47ae
c20e260c-e4ed-11a6-68e3-41097e8eeb1c,c0faf038-b788-4ed3-15e1-cb4edf3f56f1,2025-02-13,purchase,إيراد رقم إيراد :0123 -ين,0,120.000,pos_purchases,2feba525-534e-6681-8fc0-a0ff2c740aa6
63d4295c-09dd-020a-ed5d-73e57dbdfc96,b254c840-e3dc-aa50-45cc-22c1a82f1d9d,2025-02-12,purchase,إيراد رقم إيراد :0119 -ين,0,11562.000,pos_purchases,9f1e2804-2e26-8714-e798-abb29c5b9a3d
1f26e0a3-307d-7305-92f1-835880c9cca5,c0faf038-b788-4ed3-15e1-cb4edf3f56f1,2025-02-16,purchase,إيراد رقم إيراد :0125 -ين,0,795.000,pos_purchases,abafa976-9c46-e46b-d6c3-58cf1c7a300b
614d9a00-b39f-541c-099f-e2fc5f6ec2ca,f68c4a72-8eb2-7563-07ad-b344ff9fe960,2026-04-26,purchase,إيراد رقم إيراد :0481 -ين,0,850.000,pos_purchases,ecb9c3b6-95ff-a855-7180-72d99c0c9425
c046778a-48e7-bc81-0c11-5ac6ebb2c00c,51882a69-3ac9-cde2-37e3-64e2b7daae96,2025-06-23,purchase,إيراد رقم إيراد :0266 -ين,0,2060.000,pos_purchases,a119e65e-1369-9d4e-ea52-dbb7f55379a6
68980a90-efda-f5e7-6b29-412ddd031e65,e47ac07e-2763-bc83-6cf2-c39bb577a1f9,2025-06-28,purchase,إيراد رقم إيراد :0271 -ين,0,4470.000,pos_purchases,e857f38b-796b-46c2-23d9-3118377fe8b3
f4dcb668-d607-ae78-402b-b0a03efcc59f,b254c840-e3dc-aa50-45cc-22c1a82f1d9d,2025-06-24,purchase,إيراد رقم إيراد :0269 -ين,0,12524.000,pos_purchases,8ae35739-cfbb-4b01-3bc7-fb7d2a644149
abb079b8-101e-b8c5-278e-9f39e97aaa17,b254c840-e3dc-aa50-45cc-22c1a82f1d9d,2025-09-27,purchase,إيراد رقم إيراد :0375 -ين,0,27971.000,pos_purchases,4ed9fc54-de9a-87b5-272e-f71b716a80b4
dc87b397-8675-abcd-305e-c0e4eaf1698a,f68c4a72-8eb2-7563-07ad-b344ff9fe960,2025-09-24,purchase,إيراد رقم إيراد :0360 -ين,0,11550.000,pos_purchases,54e3a0e6-d0b4-a47a-4967-7968c5ad0858
8193d203-0757-aea0-122c-d29c1b36aabf,14950469-fd5d-b082-a076-567607dd7c0e,2025-10-08,purchase,إيراد رقم إيراد :0380 -ين,0,80.000,pos_purchases,fd755fa1-2d82-3312-2db7-5dbcdbd6164a
