Code article,Désignation,Marque,Modèle,Couleur,Nom fournisseur,Famille,سعر الشراء,Detail - القطاعي - LYD - Lybia,Gros -  الجملة - LYD - Lybia,النوع, مخزن 11 يونيو,مخزن السراج,جنزور
PE30377,اسمنت ابيض 1كغ,سانيتاري ويرز,اسمنت ابيض 1كغ,أبيض,مجموعة الخليج,استوك الجدران,0.88,2,2,,0,-264,0
PE30376,جبس العز 1كغ,سرسانيت,جبس العز 1كغ,أبيض,مجموعة الخليج,استوك الجدران,0.319,2,1.5,,0,-261,0
99999,ملحقات مواد صحية,,,,,اكسسوارات,0,0,0,,-15,-2,0
FAB0175,طلاء وجه خلاط شطافة,الشركة العالمية للتصدير و الإستيراد,,,مصنع برسلين,التصنيع,120,200,190,,-6,-4,0
FAB0177,طلاء وجه زر بتارية,الشركة العالمية للتصدير و الإستيراد,,,عبد المنعم ركن التشطيب,التصنيع,145,200,190,,-4,-5,0
FAB0176,طلاء وجه خلاط دوش,الشركة العالمية للتصدير و الإستيراد,,,مصنع برسلين,التصنيع,130,200,190,,-4,-4,0
RA30090,ورق سنفرة قماش رقم 220,الشركة العالمية للتصدير و الإستيراد,التاج,,محلات الإعتماد لإستيراد مواد البناء (11 يونيو),ورق الصنفرة,2.514,5,5,,0,-7.5,0
ART0226,سرفنتينة 15 سم * 15 سم كروم ,دانيال,,كروم,شركة الركن الجديد,مجرى,72,85,70,مربع,0,-5,0
PA30557,فيتي 3.5 * 40 (100غ),الشركة العالمية للتصدير و الإستيراد,,أسود,محلات الإعتماد لإستيراد مواد البناء (11 يونيو),برغي,1.389,4,2.5,,0,-5,0
ARSB80640,"مسكر شطافة ""1/2"" * ""1/2 كروم",بن أمور,,كروم,مصنع خلاطات و أكسسوارات الصين,مخرج شطاف,13,30,25,دائري,-12,7,0
AECU50830,سلة تجفيف لحوض المطبخ رصاصي,بن أمور,مجموعة بن عمر,رصاصي,South Villa,ملحقات أحواض المطابخ,10,35,25,,-5,0,0
PS20782,علاقة مناشف أسود,بن أمور,50-10-49,أسود,مصنع خلاطات و أكسسوارات الصين,علاقة مناشف,25,100,100,دائري,-5,0,0
RA20084, طوبو3''(1) متر,الرطيل,جي أم GM,,محلات الإعتماد لإستيراد مواد البناء (11 يونيو),مواسير - طوبو,12.5,20,17,,0,-4,0
ML30835,مرايا حمام ضد البخار مع إضاءة لد 60*80 سم,سانيتاري ويرز,4007 دولاب,,دار الخزف للمواد الصحية (11 يونيو),مراية مضيئة,105,170,140,مستطيل,-2,-2,0
ML30836,مرايا حمام ضد البخار مع إضاءة لد 60*80 سم,سانيتاري ويرز,4005 دولاب,,دار الخزف للمواد الصحية (11 يونيو),مراية مضيئة,105,170,140,مستطيل,0,-4,0
LG40754, حوض وجه كوارتز مع رف مع مراية 80 سم ,سانيتاري واير,D1,أبيض,شركة النخبة الفريدة لاستيراد مواد البناء,حوض وجه برسلين,730,1250,1250,معلق,0,-4,0
ARSB80471,"مسكر شطافة دبل ""1/2"" * ""1/2 كروم",فينوس,RACHEL P,كروم,شركة لمسات البناء,مخرج شطاف,48,80,65,مربع,0,-3,0
PE30373,لصقة مع مجفف 200 مل,بولبو,PA260,,مجموعة الخليج,المواد اللاصقة و العازلة,6.25,10,8,,0,-3,0
AECU50097, سيفون حوض المطبخ معا راجع ,سي أر سمارت,,,محلات الإعتماد لإستيراد مواد البناء (11 يونيو),ملحقات أحواض المطابخ,19.5,40,30,فردي,-4,1,0
AM0112,حوض وجه مع دولاب حمام -80 سم,سانيتاري ويرز,9212,أبيض,دار الخزف للمواد الصحية (11 يونيو),دولاب حمام,625,1000,900,بي في سي,0,-3,0
AB10113,خزانة حمام أبيض ,سانيتاري ويرز,9212,أبيض,دار الخزف للمواد الصحية (11 يونيو),خزانة حمام,255,400,320,بي في سي,0,-3,0
ML30114,مرايا حمام مع إضاءة لد 80*60 سم,سانيتاري ويرز,9212,,دار الخزف للمواد الصحية (11 يونيو),مراية مضيئة,100,250,200,لاد,0,-3,0
ML30079,مرايا حمام مع إضاءة لد 90*60 سم,سانيتاري ويرز,9211,,دار الخزف للمواد الصحية (11 يونيو),مراية مضيئة,395,450,450,لاد,0,-3,0
ARSB80498,سماعة دوش مع طوبو كروم,ليسو,,كروم,دار الخزف للمواد الصحية (11 يونيو),سماعة دوش,52,85,70,مربع,-3,0,0
AM0736,دولاب حمام مع حوض وجه 60 سم,سانيتاري ويرز,041,أبيض,شركة النخبة الفريدة لاستيراد مواد البناء,دولاب حمام,740,1200,1200,,0,-3,0
AB10741,خزانة حمام أبيض ,سانيتاري ويرز,041,أبيض,شركة النخبة الفريدة لاستيراد مواد البناء,خزانة حمام,200,430,420,بي في سي,0,-3,0
ART0746,مرايا حمام مع إضاءة لد ,سانيتاري ويرز,041,,شركة النخبة الفريدة لاستيراد مواد البناء,مراية مضيئة,100,150,140,لاد,0,-3,0
AASB30780,صابونية أسود,بن أمور,50-10-49,أسود,مصنع خلاطات و أكسسوارات الصين,اكسسوارات,15,50,50,دائري,-3,0,0
AM0182,حوض وجه مع دولاب حمام -80 سم,سانيتاري ويرز,ML-02-80,أبيض,XUCHANG MINGLAI TECHNOLOGY,دولاب حمام,460,670,590,بي في سي,1,-3,0
VS10200,حوض وجه معلق -80 سم,تركواز سيراستايل,KAPADOKYA,أبيض,شركة الصداقة,حوض وجه معلق,533.5,740,460,مربع,-4,2,0
ARSB80302,شطاف ظغط مربع كبيرمع طوبو كروم,توريما,1372-03330-008,كروم,  شركة أجياد ليبيا ,شطاف,175,210,180,مربع,-2,0,0
LG40388, حوض وجه برسلين مع رف 65 سم ,رويال,YB036_2,,شركة المتخصص الليبي,حوض وجه برسلين,450,600,590,معلق,0,-2,0
LG40389, حوض وجه برسلين مع رف 60 سم ,رويال,YB036_4,,شركة المتخصص الليبي,حوض وجه برسلين,460,600,590,معلق,0,-2,0
ML30418,مرايا حمام مع إضاءة لد 80*60 سم,سانيتاري ويرز,8205,مرجاني,دار الخزف للمواد الصحية (11 يونيو),مراية مضيئة,80,150,110,لاد,0,-2,0
VS10454,حوض وجه معلق 100 سم,أوركا,NEW ROSE,أبيض,مصنع أوركا,حوض وجه معلق,310,700,550,,0,-2,0
RA30010,"كوربة 4"" 45°",الرطيل,جي أم GM,أبيض,محلات الإعتماد لإستيراد مواد البناء (11 يونيو),كوع - كوربة,13.344,22,17,,0,-2,0
PE30159,محشة,الشركة العالمية للتصدير و الإستيراد,,,محلات الإعتماد لإستيراد مواد البناء (11 يونيو),منجل,16,25,21,,0,-2,0
PE30194,لصقة طلاء 27 مم,الشركة العالمية للتصدير و الإستيراد,2200,,محلات الإعتماد لإستيراد مواد البناء (11 يونيو),التغطية والحماية,1.15,2.5,1.7,,0,-2,0
PA30481,بينسة رقم 7,اي بي سي,AC18796,أَصْفَرُ,محلات الإعتماد لإستيراد مواد البناء (11 يونيو),مفك البراغي يدوي,12.75,21,17,,0,-2,0
PA30548,برشام 4.8  * 12,الشركة العالمية للتصدير و الإستيراد,,,محلات الإعتماد لإستيراد مواد البناء (11 يونيو),برشام,2,5,3,,0,-2,0
AASB30092,حاملة ورق ناعم أسود,سانيتاري ويرز,MILET,أسود,نوكسي تركيا,اكسسوارات,65,100,90,مربع,0,-2,0
RO10019,مسكر زاوية  ''1/2 * ''1/2 كروم,فينوس,S-5,كروم,شركة لمسات البناء,حنفية,21,40,30,دائري,0,-2,0
AM0078, دولاب حمام -90 سم,سانيتاري ويرز,9211,أبيض,دار الخزف للمواد الصحية (11 يونيو),دولاب حمام,600,1000,900,بي في سي,0,-2,0
ML30099,مرايا حمام مع إضاءة لد سداسية 60*80 سم,سانيتاري ويرز,1443,,دار الخزف للمواد الصحية (11 يونيو),مراية مضيئة,95,160,140,لاد,-2,0,0
FAB0100,تصنيع قاعدة برسلين,الشركة العالمية للتصدير و الإستيراد,,,مصنع برسلين,التصنيع,650,1100,1100,,-1,-1,0
LG40100, حوض وجه برسلين مشطوف مع رف 60,سانيتاري ويرز,23126C,أبيض,دار الخزف للمواد الصحية (11 يونيو),حوض وجه برسلين,440,650,600,معلق,0,-2,0
ARSB80300,"مسكر شطافة ""1/2"" * ""1/2 كروم",بضائع أوروبية,5630,كروم,محلات الإعتماد لإستيراد مواد البناء (11 يونيو),مخرج شطاف,29.5,35,30,دائري,-2,0,0
ALVM50505,مطول سيفون حوض الوجه 40سم كروم,سانيتاري ويرز,ORTA,كروم,مجموعة النجار لاستراد مواد البناء,ملحقات أحواض مغاسل,16.5,30,24,دائري,-2,0,0
PE30274,لصقة مع مجفف 300 مل,أويستار,,,محلات الاعتماد (السراج),المواد اللاصقة و العازلة,15.25,20,17,,-2,0,0
FAB0559,تصنيع حوض مع قاعدة برسلين,الشركة العالمية للتصدير و الإستيراد,,,مصنع برسلين,التصنيع,1350,1500,1500,,-2,0,0
PLSA0664,وردة كروم,سانيتاري ويرز,SASSI,كروم,دار الخزف للمواد الصحية (11 يونيو),وصلة,9,15,14,مربع,-2,0,0
AASB30778,حاملة ورق ناعم أسود,بن أمور,50-10-49,أسود,مصنع خلاطات و أكسسوارات الصين,اكسسوارات,20,60,60,دائري,-2,0,0
AASB30779,حاملة فرشاة أسنان أسود,بن أمور,50-10-49,أسود,مصنع خلاطات و أكسسوارات الصين,اكسسوارات,20,60,60,دائري,-2,0,0
ML10025,خلاط حوض وجه  20 سم كروم ,شيزا,NOVA,كروم,  شركة أجياد ليبيا ,خلاط حوض وجه,185,280,180,طويل,-1,0,0
MD20003,خلاط دوش كروم,فينوس,RACHEL A3,كروم,شركة لمسات البناء,خلاط دوش,190,340,240,,0,-1,0
MA20122,خلاط حوض المطبخ سحاب كروم,سانيتاري ويرز,,كروم,تولين للبضائع الأوروبية,خلاط حوض المطبخ سحاب,208,450,260,,-1,0,0
MDE50046,خلاط دوش مدفون كروم ,توريما,8Q01011-090,كروم,شركة الركن الجديد,خلاط دوش مدفون,295,400,300,,0,-1,0
VS10186,حوض وجه معلق -100 سم,تركواز سيراستايل,MONA,أبيض,شركة الصداقة,حوض وجه معلق,413,560,500,مربع,0,-1,0
AECU50203,سيفون حوض المطبخ,سي أر سمارت,,,محلات الإعتماد لإستيراد مواد البناء (11 يونيو),ملحقات أحواض المطابخ,14.5,30,21,فردي,0,-1,0
VS10221, حوض وجه سداسي معلق أبيض ,ب.أمور,SH-B182-H ,أبيض,South Villa,حوض وجه معلق,150,250,220,معلق,0,-1,0
EL10242,حوض مطبخ ستانلس ستيل منظومة بيانو 304 75*46 أسود,ليسو,,أسود,دار الخزف للمواد الصحية (11 يونيو),حوض مطبخ ستانلس ستيل,465,700,700,فردي,0,-1,0
EG30248,حوض مطبخ جرانيت أبيض محبب 70*50 ,سانيبال,رودا,أبيض,مجموعة الخليج,حوض مطبخ جرانيت,300,450,410,فردي,-1,0,0
ML30282,مرايا حمام مع إضاءة لد دائرية 60سم,سانيتاري ويرز,,مرجاني,دار الخزف للمواد الصحية (11 يونيو),مراية مضيئة,90,135,120,لاد,0,-1,0
RD30307,حوض قدم خزف مربع 80*80 سم,اديال سانيتار,,أبيض,مجموعة الخليج,بانيو قدم,208.65,330,270,مربع,0,-1,0
LG40331,حوض وجه برسلين 65 سم,رويال,YB036_7,,شركة المتخصص الليبي,حوض وجه برسلين,400,600,540,معلق,1,-2,0
LG40336,حوض وجه برسلين 100 سم,رويال,YB032_6,,شركة المتخصص الليبي,حوض وجه برسلين,310,450,390,معلق,-1,0,0
EG40359,رف حوض وجه برسلين 65 سم,رويال,YB036_7,,شركة المتخصص الليبي,رف حوض وجه برسلين,60,150,110,معلق,1,-2,0
LG40399, حوض وجه برسلين مع رف 80 سم ,رويال,2608,,دار الخزف للمواد الصحية (11 يونيو),حوض وجه برسلين,435,650,640,معلق,0,-1,0
AM0416,حوض وجه مع دولاب حمام -80 سم,سانيتاري ويرز,8205,أبيض,دار الخزف للمواد الصحية (11 يونيو),دولاب حمام,600,900,800,بي في سي,1,-2,0
AB10417,خزانة حمام 120*24*20,سانيتاري ويرز,8205,أبيض,دار الخزف للمواد الصحية (11 يونيو),خزانة حمام,100,250,180,بي في سي,1,-2,0
AM0450,دولاب حمام 100 سم,أوركا,NEW ROSE,بيج,مصنع أوركا,دولاب حمام,1600,2400,2280,,0,-1,0
AM40452,مراية دولاب حمام 100 سم,أوركا,NEW ROSE,بيج,مصنع أوركا,مراية دولاب,700,1000,900,,0,-1,0
MDE50005,خلاط دوش مدفون مع مصب وقصبة وكسكاس برنزي,فرامو,PA211BRO,برنزي,شركة الركن الجديد,خلاط دوش مدفون,1975,2370,2370,,-1,0,0
RA30052,طوبو رش 3/4 40 متر,التوفيق,,بُرْتُقَالِيّ,محلات الإعتماد لإستيراد مواد البناء (11 يونيو),طوبو رش,94,120,105,,0,-1,0
PE30182,رولة طلاء 20 سم / 10,فندر,,,محلات الإعتماد لإستيراد مواد البناء (11 يونيو),فرشة طلاء,5.25,8,6.5,,0,-1,0
PE30334,رولة طلاء 25 سم / 10,الشركة العالمية للتصدير و الإستيراد,,,محلات الإعتماد لإستيراد مواد البناء (11 يونيو),فرشة طلاء,5.75,10,7,,0,-1,0
EL50399,لصقة 0.13 مم * 19 مم * 25 متر,الشركة العالمية للتصدير و الإستيراد,SCAPA 2702,أبيض,محلات الإعتماد لإستيراد مواد البناء (11 يونيو),ملحقات الكهرباء,4.75,7.5,6,,0,-1,0
PA30532,موس مرش,الشركة العالمية للتصدير و الإستيراد,,,محلات الإعتماد لإستيراد مواد البناء (11 يونيو),موس فرش والمقص,2.75,5,3.5,,0,-1,0
PA30614,تل رخام 2 مم (1كغ),الشركة العالمية للتصدير و الإستيراد,,كروم,محلات الإعتماد لإستيراد مواد البناء (11 يونيو),خيط، حبل,7.75,13,10,,0,-1,0
EL10017,حوض مطبخ ستانلس ستيل   304 81*51 كروم,أسيل,AS 187,كروم,دار الخزف للمواد الصحية (11 يونيو),حوض مطبخ ستانلس ستيل,330,495,490,فردي,0,-1,0
MD20013,خلاط دوش كروم,توريما,8G16211-040,كروم,دار الخزف للمواد الصحية (11 يونيو),خلاط دوش,345,530,420,,-1,0,0
MD20020,خلاط دوش مع سماعة كروم,فرامو,SM202CR,كروم,شركة المضمونة للبناء,خلاط دوش,335,450,408,,-1,0,0
ML10095,خلاط حوض وجه كروم,نابولي,Z-7033N,كروم,برستيج لإستيراد المواد الصحية,خلاط حوض وجه,69.5,120,90,دائري,-1,0,0
AASB30037,مجفف شعر ذهبي,جي اف مارك,889WK,ذهبي,شركة المتخصص الليبي,اكسسوارات,110,170,125,,0,-1,0
AASB30114,رف زاوية زوجي كروم,سانيتاري ويرز,1162-2,كروم,مسوق أكسسوارات الزاوية,اكسسوارات,45,60,45,,-1,0,0
ART0020,شطاف ظغط مع طوبو كروم,فينوس,AHF01,كروم,شركة لمسات البناء,شطاف,76,120,95,مربع,0,-1,0
AECU50150,سلة تجفيف لحوض المطبخ أسود,سانيتاري ويرز,,أسود,شركة أصول,ملحقات أحواض المطابخ,21,40,30,,0,-1,0
AECU50151,سلة تجفيف لحوض المطبخ رصاصي,سانيتاري ويرز,,رصاصي,شركة أصول,ملحقات أحواض المطابخ,21,40,30,,-1,0,0
RD30054,حوض قدم مربع اكريليك 90*90*14,ساناكريل,M303,أبيض,مجموعة الخليج,بانيو قدم,532.056,850,740,مربع,0,-1,0
CD40007,مسطرة دوش زوجية ذهبي,سانيتاري ويرز,10200,ذهبي,  شركة أجياد ليبيا ,مسطرة دوش,200,310,250,دائري,0,-1,0
ML30087,مرايا حمام مع إضاءة لد 50*70 سم,سانيتاري ويرز,GAK77,,دار الخزف للمواد الصحية (11 يونيو),مراية مضيئة,65,140,110,لاد,-1,0,0
CD40050,مسطرة دوش زوجية كروم,سانيتاري ويرز,DOUS,كروم,دار الخزف للمواد الصحية (11 يونيو),مسطرة دوش,120,200,170,مربع,-1,0,0
RO10107,مسكر زاوية  ''1/2 * ''1/2 كروم,فيوري,,كروم,محلات الإعتماد لإستيراد مواد البناء (11 يونيو),حنفية,15,20,19,دائري,0,-1,0
FAB0178,طلاء وجه مسكر بي بي ار,الشركة العالمية للتصدير و الإستيراد,,,مصنع برسلين,التصنيع,50,100,90,,0,-1,0
RD30242,حوض قدم اكريليك 80*80 مربع بالجنب بالسيفوني,سانيتاري ويرز,TK 813,أبيض,شركة الصداقة,بانيو قدم,140,250,220,مربع,-1,0,0
ML30753, مرايا حمام مع إضاءة لد مع بخاراطار ذهبي 70سم,KBM,55B,ذهبي,مجموعة الخليج,مراية مضيئة,160,250,200,لاد,-1,0,0
CD40782,مسطرة دوش زوجية اسود,سانيتاري ويرز,NOVA 859154,أسود,مجموعة الجذور للاسواق التجارية,مسطرة دوش,91,160,130,مربع,-1,0,0
PD20785,حاجز دوش6مم اطار كروم 70 سم,سانيتاري ويرز,,شفاف,دار الخزف للمواد الصحية (11 يونيو),حاجز دوش,350,525,450,قدم,-1,0,0
SC10167,بوكس مربع  190*120*90 سم كروم,تركي,,كروم,مجموعة الخليج,بوكس حمام,684.072,1080,900,,0,-1,0
LG40195, حوض وجه برسلين مشطوف مع رف 80 سم ,ليسو,A2080C,,دار الخزف للمواد الصحية (السراج),حوض وجه برسلين,450,750,600,معلق,0,-1,0
ART0200,سيفون حوض المطبخ,سي أر سمارت,MARYPLAST,,دار الخزف للمواد الصحية (السراج),ملحقات أحواض المطابخ,16.5,40,35,فردي,-1,0,0
PE30211,غيار روله صينيه 10سم ,الشركة العالمية للتصدير و الإستيراد,2100,,شركة مشارق العاصمة لمواد البناء والطلاء ,فرشة طلاء,0.55,3,3,,0,-1,0
MD20435,خلاط دوش كروم,تركارت,TERRA,كروم,مجموعة النجار لاستراد مواد البناء,خلاط دوش,202.12,310,250,,-1,0,0
CD40236,مسطرة دوش مع خلاط كروم ,ا بي ام انترناشونال,2001,كروم,شركة البهراء العالمية الحديثة,مسطرة دوش,385,650,600,,-2,1,0
ML30536,مرايا حمام دائرية مع إضاءة لد 80*80 سم,سانيتاري ويرز,114120,,شركة النخبة الفريدة لاستيراد مواد البناء,مراية مضيئة,88,170,140,دائري,-1,0,0
RO10548,مسكر زاوية  ''1/2 * ''1/2 من غير مطول كروم,مونتانا س.ل,MT-6102,كروم,محلات الإعتماد لإستيراد مواد البناء (11 يونيو),حنفية,17.65,30,27,دائري,-1,0,0
ML30298,مرايا حمام مع إضاءة لد 80*60 سم,سانيتاري ويرز,,مرجاني,شركة أركان العمارة,مراية مضيئة,120,200,200,لاد,0,-1,0
RD30581,حوض قدم مستطيل اكريليك 120*80*14,ساناكريل,M309,أبيض,مجموعة الخليج,بانيو قدم,700,900,850,مستطيل,-1,0,0
AM0695,دولاب مع حوض وجه مع مراية حمام 80 سم,بن أمور,203-80,رصاصي,مصنع خلاطات و أكسسوارات الصين,دولاب حمام,800,1300,1200,حائطي,-1,0,0
AM0358,دولاب حمام 80 سم أبيض,سانيتاري ويرز,8112,أبيض,دار الخزف للمواد الصحية (السراج),دولاب حمام,230,500,500,,0,-1,0
AM0359,حوض وجه  دولاب حمام -80 سم,سانيتاري ويرز,8110,أبيض,دار الخزف للمواد الصحية (السراج),دولاب حمام,300,500,500,بي في سي,0,-1,0
AB10360,خزانة حمام أبيض ,سانيتاري ويرز,8110,أبيض,دار الخزف للمواد الصحية (السراج),خزانة حمام,280,400,320,بي في سي,0,-1,0
AM40361,مراية دولاب حمام -80 سم ,سانيتاري ويرز,8110,أبيض,دار الخزف للمواد الصحية (السراج),مراية دولاب,175,250,250,بي في سي,0,-1,0
EL10721,حوض مطبخ ستانلس ستيل   304 أسود  65 * 45 سم,أسيل,AS3468,أسود,شركة النخبة الفريدة لاستيراد مواد البناء,حوض مطبخ ستانلس ستيل,480,720,670,فردي,0,-1,0
ATWC50388,وصلة بتارية مدفونة 22 سم,سانيتاري ويرز,,أسود,مجموعة الشريف,ملحقات مقاعد,21.5,75,60,دائري,-1,0,0
ML30744,مرايا حمام مع إضاءة لد-عرض60*80 سم,ديولو,DE 022,,شركة النخبة الفريدة لاستيراد مواد البناء,مراية مضيئة,81,150,110,لاد,0,-1,0
AM0838,حوض وجه مع دولاب حمام -80 سم,سانيتاري ويرز,9622,أبيض,دار الخزف للمواد الصحية (11 يونيو),دولاب حمام,700,1000,900,بي في سي,1,-2,0
AB10839,خزانة حمام أبيض ,سانيتاري ويرز,9622,أبيض,دار الخزف للمواد الصحية (11 يونيو),خزانة حمام,270,430,420,بي في سي,1,-2,0
AB10842,خزانة حمام أبيض ,سانيتاري ويرز,9614,أبيض,دار الخزف للمواد الصحية (11 يونيو),خزانة حمام,270,430,420,بي في سي,0,-1,0
PE30423, شيمة جبس ,سرسانيت,,أبيض,مجموعة بن عمر BEN AMOR Group,استوك الجدران,10,20,18,,0,-1,0
ART0764,مصب دوش بالتحويلة كروم انحاس,ليسو,11-079,كروم,دار الخزف للمواد الصحية (11 يونيو),مصب دوش,75,150,120,دائري,-1,0,0
ARSB80793,كسكاس دوش مربع شريحة 250*250 مم مع قصبة كروم,ليسو,JR133-1C,كروم,دار الخزف للمواد الصحية (11 يونيو),كسكاس دوش,95,240,240,مربع,-1,0,0
ARSB80522,طوبو شطاف 120 سم كروم,سانيتاري ويرز,VG023,كروم,دار الخزف للمواد الصحية (السراج),طوبو شطاف,20,40,40,,-1,0,0
AM0825,حوض وجه مع دولاب حمام مع مراية -100 سم ,سانيتاري ويرز,9928,رصاصي,دار الخزف للمواد الصحية (11 يونيو),دولاب حمام,1395,2000,2000,بي في سي,0,-1,0
FAB1064,تصنيع حوض مع قاعدة برسلين,الشركة العالمية للتصدير و الإستيراد,,,مصنع برسلين,التصنيع,2500,3000,3000,,-1,0,0
FAB1089,تصنيع قاعدة برسلين,الشركة العالمية للتصدير و الإستيراد,,,مصنع برسلين,التصنيع,1100,1400,1400,,-1,0,0
RA20083, طوبو2''(1) متر,الرطيل,جي أم GM,,محلات الإعتماد لإستيراد مواد البناء (11 يونيو),مواسير - طوبو,5.833,12,9,,0,-0.75,0
ML10004,خلاط حوض وجه كروم ,توريما,EDGE 8E33011-093,كروم,  شركة أجياد ليبيا ,خلاط حوض وجه,305,470,375,,0,0,0
ML10005,خلاط حوض وجه كروم ,توريما,TAG 8L33011-093,كروم,  شركة أجياد ليبيا ,خلاط حوض وجه,235,360,290,,0,0,0
ML10006,خلاط حوض وجه كروم ,توريما,VELVET 8V33011-093,كروم,  شركة أجياد ليبيا ,خلاط حوض وجه,425,640,600,,0,0,0
ME10010,خلاط حوض المطبخ شجرة كروم,توريما,THEOS 9253411-040,كروم,  شركة أجياد ليبيا ,خلاط حوض المطبخ شجرة,225,340,270,دائري,0,0,0
ARSB80012,كسكاس دوش مربع 250*250 مم كروم,توريما,0149511-T40,كروم,  شركة أجياد ليبيا ,كسكاس دوش,125,200,160,مربع,0,0,0
ARSB80013,كسكاس دوش مربع 250*250 مم كروم,توريما,IH056CRSC,كروم,  شركة أجياد ليبيا ,كسكاس دوش,125,200,160,مربع,0,0,0
ML10016,خلاط حوض وجه كروم,رايمر,L12L52,كروم,شركة آفاق المتحدة لإستيراد مواد البناء,خلاط حوض وجه,380,500,420,,0,0,0
ML10020,خلاط حوض وجه كروم ,فينوس,PEARL,كروم,شركة لمسات البناء,خلاط حوض وجه,147.233,170,145,,0,0,0
ML10022,خلاط حوض وجه شلال طويل كروم,سانيتاري واير,XSDD012458,كروم,تولين للبضائع الأوروبية,خلاط حوض وجه,163,340,260,طويل,0,0,0
ML10024,خلاط حوض وجه  15 سم كروم ,شيزا,TULIP,كروم,  شركة أجياد ليبيا ,خلاط حوض وجه,185,260,180,قصير,0,0,0
ML10027,خلاط حوض وجه  15 سم كروم ,شيزا,STORM,كروم,  شركة أجياد ليبيا ,خلاط حوض وجه,135,230,180,قصير,0,0,0
ML10028,خلاط حوض وجه كروم ,فينوس,CALVIN B2,كروم,شركة لمسات البناء,خلاط حوض وجه,213,330,280,,0,0,0
ML10030,خلاط حوض وجه طويل 17 سم كروم,رايمر,EY12A,كروم,شركة آفاق المتحدة لإستيراد مواد البناء,خلاط حوض وجه,395,540,470,طويل,0,0,0
ML10031,خلاط حوض وجه طويل كروم,يولي,,كروم,دار الخزف للمواد الصحية (11 يونيو),خلاط حوض وجه,85,150,130,طويل,0,0,0
ML10032,خلاط حوض وجه شلال قصير كروم,سانيتاري واير,8879-5,كروم,شركة لمسات البناء,خلاط حوض وجه,95,150,120,قصير,0,0,0
ML10034,خلاط حوض وجه شلال طويل ذهبي,سانيتاري واير,XSDD014549,ذهبي,تولين للبضائع الأوروبية,خلاط حوض وجه,163,380,290,طويل,0,0,0
ML10040,خلاط حوض وجه كروم,فيرونا ,VE75410,كروم,شركة البهراء العالمية الحديثة,خلاط حوض وجه,68,120,100,,0,0,0
ML10042,خلاط حوض وجه طويل مربع كروم,نيو !,7-8,كروم,دار الخزف للمواد الصحية (11 يونيو),خلاط حوض وجه,110,170,140,طويل,0,0,0
ML10044,خلاط حوض وجه طويل كروم,سانيتاري ويرز,,كروم,دار الخزف للمواد الصحية (11 يونيو),خلاط حوض وجه,135,230,190,طويل,0,0,0
ML10045,خلاط حوض وجه كروم ,أيولي,VIDA,كروم,شركة ولاء الأولى,خلاط حوض وجه,255,280,230,,0,0,0
ML10047,خلاط حوض وجه كروم ,ب س,PLS-61-F,كروم,دار الخزف للمواد الصحية (11 يونيو),خلاط حوض وجه,88,130,110,,0,0,0
ML10048,خلاط حوض وجه كروم ,هيادياو,HD-5116,كروم,شركة لمسات البناء,خلاط حوض وجه,125,190,170,قصير,0,0,0
ML10049,خلاط حوض وجه كروم ,هيادياو,HD-5114A,كروم,شركة لمسات البناء,خلاط حوض وجه,218,330,270,قصير,0,0,0
ML10050,خلاط حوض وجه ذهبي ,فيرمر,YLN18558-1G,ذهبي,شركة لمسات البناء,خلاط حوض وجه,105,170,135,,0,0,0
ML10051,خلاط حوض وجه أسود ,فيرمر,YLN18560-1H,أسود,شركة لمسات البناء,خلاط حوض وجه,105,150,120,,0,0,0
ML10055,خلاط حوض وجه مضيء كروم,ليفرنو هوم,,كروم,تولين للبضائع الأوروبية,خلاط حوض وجه,115,210,160,لاد,0,0,0
MD20006,خلاط دوش أسود,شيزا,NOVA,أسود,شركة لمسات البناء,خلاط دوش,265,410,340,,0,0,0
MD20009,خلاط دوش كروم,شيزا,STORM,كروم,  شركة أجياد ليبيا ,خلاط دوش,150,240,190,,0,0,0
MD20010,خلاط دوش كروم,شيزا,NOVA,كروم,  شركة أجياد ليبيا ,خلاط دوش,280,260,210,,0,0,0
MD20012,خلاط دوش مع سماعة كروم,سانيتاري ويرز,,كروم,دار الخزف للمواد الصحية (11 يونيو),خلاط دوش,80,130,105,,0,0,0
MD20056,خلاط دوش مع سماعة كروم,فرامو,MA212CR,كروم,شركة المضمونة للبناء,خلاط دوش,220,450,270,,0,0,0
MD20057,خلاط دوش مع سماعة كروم,أيولي,STILE,كروم,شركة ولاء الأولى,خلاط دوش,210,330,260,,0,0,0
MD20058,خلاط دوش مع سماعة كروم,فرامو,HO202CR,كروم,شركة المضمونة للبناء,خلاط دوش,325,450,450,,0,0,0
MT30063,خلاط شطاف مع شطاف كروم ,شيزا,STORM,كروم,  شركة أجياد ليبيا ,خلاط شطاف,105,210,170,,0,0,0
MT30066,خلاط شطاف كروم ,توريما,8G25211-043,كروم,  شركة أجياد ليبيا ,خلاط شطاف,155,300,250,,0,0,0
MT30068,خلاط شطاف مع شطاف دائري كروم,بريمكس,2066,كروم,شركة لمسات البناء,خلاط شطاف,175,290,220,دائري,0,0,0
ARSB80071,شطاف ظغط مع طوبو كروم,فينوس,AHF02,كروم,شركة لمسات البناء,شطاف,73,115,95,دائري,0,0,0
ARSB80073,شطاف ظغط دائري مع طوبو كروم,سانيتاري ويرز,,كروم,شركة لمسات البناء,شطاف,45,90,60,دائري,0,0,0
ARSB80076,شطاف ظغط دائري مع طوبو كروم,مونتانا س.ل,MT-3101,كروم,شركة المضمونة للبناء,شطاف,32.25,45,30,دائري,0,0,0
ARSB80080,شطاف ظغط دائري مع طوبو كروم,فينوس,AHF14,كروم,شركة لمسات البناء,شطاف,43,85,70,دائري,0,0,0
ARSB80084,شطاف ظغط دائري بلاستك مع طوبو أَبْيَض,فينوس,AHF10,أبيض,شركة لمسات البناء,شطاف,24,50,35,دائري,0,0,0
ARSB80086,شطاف ظغط دائري مع طوبو أسود,توريما,,أسود,  شركة أجياد ليبيا ,شطاف,150,330,260,دائري,0,0,0
ARSB80087,شطاف ظغط مربع مع طوبو كروم,توريما,1372-03330-026,كروم,  شركة أجياد ليبيا ,شطاف,115,180,150,مربع,0,0,0
ARSB80088,شطاف ظغط دائري مع طوبو كروم,توريما,,كروم,  شركة أجياد ليبيا ,شطاف,31,110,65,دائري,0,0,0
CD40095,مسطرة دوش زوجية كروم,فينوس,,كروم,شركة لمسات البناء,مسطرة دوش,189,290,235,,0,0,0
CD40096,مسطرة دوش زوجية كروم,ميتا فورم,PERFECT H28,كروم,شركة لمسات البناء,مسطرة دوش,143,215,180,,0,0,0
CD40098,مسطرة دوش زوجية مربعة كروم,سانيتاري ويرز,,كروم,دار الخزف للمواد الصحية (11 يونيو),مسطرة دوش,345,520,420,مربع,0,0,0
CD40102,مسطرة دوش زوجية كروم,فينوس,3227,كروم,شركة لمسات البناء,مسطرة دوش,255,350,315,,0,0,0
CD40103,مسطرة دوش زوجية كروم,فينوس,3229,كروم,شركة لمسات البناء,مسطرة دوش,195,295,240,,0,0,0
CD40104,مسطرة دوش زوجية كروم,فينوس,,كروم,شركة لمسات البناء,مسطرة دوش,255,350,315,,0,0,0
CD40106,مسطرة دوش زوجية كروم,باست,,كروم,دار الخزف للمواد الصحية (11 يونيو),مسطرة دوش,92,150,115,,0,0,0
CD40107,مسطرة دوش زوجية كروم,ازورا ربنتري,,كروم,دار الخزف للمواد الصحية (11 يونيو),مسطرة دوش,92,120,110,,0,0,0
CD40108,مسطرة دوش زوجية كروم,باست,,كروم,دار الخزف للمواد الصحية (11 يونيو),مسطرة دوش,86,150,115,,0,0,0
CD40112,مسطرة دوش زوجية مع خلاط دجتل كروم,يولي,,كروم,شركة لمسات البناء,مسطرة دوش,255,400,315,,0,0,0
CD40113,مسطرة دوش لاد مع خلاط كروم,ا بي ام انترناشونال,,كروم,شركة لمسات البناء,مسطرة دوش,425,570,520,,0,0,0
MA20115,خلاط حوض المطبخ سحاب أسود,سانيتاري ويرز,XSDD010255,أسود,تولين للبضائع الأوروبية,خلاط حوض المطبخ سحاب,138,300,170,,0,0,0
MA20116,خلاط حوض المطبخ سحاب ذهبي,سانيتاري ويرز,,ذهبي,تولين للبضائع الأوروبية,خلاط حوض المطبخ سحاب,237,450,295,,0,0,0
MA20117,خلاط حوض المطبخ دبل سحاب أسود,سانيتاري ويرز,BO1130-3BN-1S,أسود,تولين للبضائع الأوروبية,خلاط حوض المطبخ سحاب,213,450,265,,0,0,0
MA20119,خلاط حوض المطبخ سحاب رَمَادِي,سانيتاري ويرز,,رصاصي,تولين للبضائع الأوروبية,خلاط حوض المطبخ سحاب,213,450,265,,0,0,0
MA20120,خلاط حوض المطبخ دبل سحاب أسود,سانيتاري ويرز,XSDD010582,أسود,تولين للبضائع الأوروبية,خلاط حوض المطبخ سحاب,180,450,230,,-1,1,0
MA20123,خلاط حوض المطبخ سحاب مع حساس اوتوماتيكي أسود,سانيتاري ويرز,CP969-33B-1P-SS-DE,أسود,تولين للبضائع الأوروبية,خلاط حوض المطبخ سحاب,163,350,230,,0,0,0
MA20124,خلاط حوض المطبخ سحاب أسود,بريمكس,5152H,أسود,شركة لمسات البناء,خلاط حوض المطبخ سحاب,213,400,310,,0,0,0
MA20125,خلاط حوض المطبخ سحاب كروم,بريمكس,6214D,كروم,شركة لمسات البناء,خلاط حوض المطبخ سحاب,213,300,240,,0,0,0
MA20126,خلاط حوض المطبخ سحاب كروم,بريمكس,6174D,كروم,شركة لمسات البناء,خلاط حوض المطبخ سحاب,213,280,230,,0,0,0
MA20128,خلاط حوض المطبخ سحاب كروم,بريمكس,6144,كروم,شركة لمسات البناء,خلاط حوض المطبخ سحاب,265,400,325,,0,0,0
MA20129,خلاط حوض المطبخ سحاب كروم,بريمكس,11067B,كروم,شركة لمسات البناء,خلاط حوض المطبخ سحاب,210,330,260,,0,0,0
MA20007,خلاط حوض المطبخ سحاب كروم,كاسكاد,C8923,كروم,شركة لمسات البناء,خلاط حوض المطبخ سحاب,350,525,430,,0,0,0
ME10008,خلاط حوض المطبخ شجرة كروم,نوبلي,BS1011034CR,كروم,,خلاط حوض المطبخ شجرة,235,360,290,,0,0,0
MA20009,خلاط حوض المطبخ سحاب كروم,شهاب,BERMOODA AS-351487504,كروم,شركة المضمونة للبناء,خلاط حوض المطبخ سحاب,380,570,500,,0,0,0
MM30011,خلاط حوض المطبخ حائطي كروم,اعتماد,MEGA 546,كروم,محلات الإعتماد لإستيراد مواد البناء (11 يونيو),خلاط حوض المطبخ حائطي,130,200,165,,0,0,0
ME10013,خلاط حوض المطبخ شجرة كروم,اعتماد,KAPPA 593,كروم,شركة المضمونة للبناء,خلاط حوض المطبخ شجرة,110,170,140,,0,0,0
MA20013,خلاط حوض المطبخ سحاب كروم مطفي,سانيتاري ويرز,,كروم مطفي,مصنع خلاطات و أكسسوارات الصين,خلاط حوض المطبخ سحاب,129,280,195,,0,0,0
MA20016,خلاط حوض المطبخ سحاب كروم أسود,فيرونا ,VE00370,كروم,شركة أنوار طرابلس,خلاط حوض المطبخ سحاب,230,350,285,دائري,0,0,0
ME10017,خلاط حوض المطبخ شجرة كروم,فرامو,MA123CR,كروم,شركة المضمونة للبناء,خلاط حوض المطبخ شجرة,191,285,240,,0,0,0
ME10018,خلاط حوض المطبخ شجرة كروم,فينوس,SVS1,كروم,شركة المضمونة للبناء,خلاط حوض المطبخ شجرة,110,165,140,,0,0,0
MM30019,خلاط حوض المطبخ حائطي كروم,فينوس,DELMA,كروم,محلات الإعتماد لإستيراد مواد البناء (11 يونيو),خلاط حوض المطبخ حائطي,120,170,150,,0,0,0
MM30022,خلاط حوض المطبخ حائطي كروم,فينوس,PEARL,كروم,شركة لمسات البناء,خلاط حوض المطبخ حائطي,115,175,145,,0,0,0
MA20031,خلاط حوض المطبخ سحاب أسود,سانيتاري ويرز,,أسود,تولين للبضائع الأوروبية,خلاط حوض المطبخ سحاب,168,370,210,,0,0,0
MA20033,خلاط حوض المطبخ سحاب كروم,سانيتاري ويرز,,كروم,تولين للبضائع الأوروبية,خلاط حوض المطبخ سحاب,168,360,210,,0,0,0
ME10037,خلاط حوض المطبخ شجرة لاد كروم,ليفرنو هوم,,كروم,تولين للبضائع الأوروبية,خلاط حوض المطبخ شجرة,125,250,160,,0,0,0
MA20043,خلاط حوض المطبخ سحاب نحاسي,سانيتاري ويرز,,برنزي,تولين للبضائع الأوروبية,خلاط حوض المطبخ سحاب,168,360,210,,0,0,0
MDE50048,خلاط دوش مدفون كروم ,توريما,8G01011-093,كروم,  شركة أجياد ليبيا ,خلاط دوش مدفون,235,410,325,مربع,0,0,0
ARSB80054,كسكاس دوش دائري 300 مم مع قصبة كروم,موباكس,DAS-610,كروم,دار الخزف للمواد الصحية (11 يونيو),كسكاس دوش,140,190,165,دائري,0,0,0
ARSB80056,كسكاس دوش مربع 300*300 مم كروم,فينوس,UTS12,كروم,شركة لمسات البناء,كسكاس دوش,68,140,110,مربع,0,0,0
ARSB80057,كسكاس دوش مربع 200*200 مم كروم,فينوس,SSH08,كروم,شركة لمسات البناء,كسكاس دوش,85,135,110,مربع,0,0,0
ARSB80058,كسكاس دوش دائري 200 مم كروم,فينوس,UTR8,كروم,شركة لمسات البناء,كسكاس دوش,37,70,51,دائري,0,0,0
ARSB80059,كسكاس دوش مربع 250*250 مم كروم,فينوس,SSHS10,كروم,  شركة أجياد ليبيا ,كسكاس دوش,133,200,165,مربع,0,0,0
ARSB80063,كسكاس دوش دائري 300 مم كروم,ستورم,MSR1230,كروم,شركة النهضة كرزاز,كسكاس دوش,88,150,115,دائري,0,0,0
ARSB80064,كسكاس دوش مربع 200*200 مم كروم,سانيتاري ويرز,,كروم,دار الخزف للمواد الصحية (11 يونيو),كسكاس دوش,45,85,60,مربع,0,0,0
ARSB80066,كسكاس دوش مربع 300*300 مم مع قصبة كروم,شيزا,,كروم,شركة آفاق المتحدة لإستيراد مواد البناء,كسكاس دوش,135,200,170,مربع,0,0,0
ARSB80097,مصب دوش بدون تحويلة كروم,بريمكس,J008D,كروم,شركة لمسات البناء,مصب دوش,58,100,75,,0,0,0
ARSB80101,مصب دوش مع تحويلة كروم,بريمكس,J006D,كروم,شركة لمسات البناء,مصب دوش,77,125,110,دائري,0,0,0
ARSB80102,مصب دوش مع تحويلة كروم,دانيال,K4702CR,كروم,مجموعة العربي,مصب دوش,255,380,315,دائري,0,0,0
ARSB80105,مصب دوش مع تحويلة كروم,دانيال,SK4702CR,كروم,مجموعة العربي,مصب دوش,360,470,435,مربع,0,0,0
ARSB80107,مصب قصير دوش مع تحويلة كروم,دانيال,SK4702CR,كروم,  شركة أجياد ليبيا ,مصب دوش,215,300,270,مربع,0,0,0
ARSB80112,قصبة دوش مربعة 43 سم كروم,فينوس,,كروم,شركة لمسات البناء,قصبة دوش,42,75,60,مربع,0,0,0
ARSB80117,مصب دوش مع تحويلة كروم,فينوس,RACHEL D1,كروم,شركة لمسات البناء,مصب دوش,113,170,145,,0,0,0
ARSB80118,مصب دوش مع تحويلة ليفة كروم,فينوس,CALVIN K,كروم,شركة لمسات البناء,مصب دوش,81,130,105,,0,0,0
ARSB80119,مصب دوش مع تحويلة كروم,فورتميكس,,كروم,شركة لمسات البناء,مصب دوش,85,150,120,دائري,0,0,0
ARSB80121,قصبة دوش 40 سم سقفية كروم,دانيال,A557QCM40,كروم,مجموعة العربي,قصبة دوش,225,350,320,مربع,0,0,0
ARSB80127,سماعة دوش مع طوبو كروم,رايمر,339N317MDI,كروم,شركة آفاق المتحدة لإستيراد مواد البناء,سماعة دوش,110,170,140,دائري,0,0,0
ARSB80131,قصبة دوش 35 سم كروم,سانيتاري ويرز,,كروم,شركة لمسات البناء,قصبة دوش,39,75,55,,0,0,0
AEVE20141,رأس سيفوني 1 ''1/4 كروم,فينوس,1083,كروم,شركة لمسات البناء,رأس سيفوني,2,50,35,دائري,0,0,0
ARSB80143,قصبة دوش مربعة 40 سم ذهبي,توريما,0324433-T40,ذهبي,  شركة أجياد ليبيا ,قصبة دوش,340,500,415,,0,0,0
ARSB80148,مصب دوش مع تحويلة كروم,فينوس,RACHEL D1S,كروم,شركة لمسات البناء,مصب دوش,110,160,140,,0,0,0
ARSB80151,قصبة دوش 33 سم كروم,توريما,0324611-T40,كروم,  شركة أجياد ليبيا ,قصبة دوش,78,130,100,دائري,0,0,0
PSB10153, خلاط مع سماعة مع مسطرة دوش زوجية كروم,سانيتاري ويرز,,كروم,,طقم حمام,312,500,430,,0,0,0
AASB30154,موزع صابون كروم,فينوس,SD11C,كروم,شركة لمسات البناء,اكسسوارات,28,50,36,حائطي,0,0,0
AASB30155,حاملة فرشاة أسنان كروم,فينوس,BA702,كروم,شركة لمسات البناء,اكسسوارات,44,75,52,دائري,0,0,0
WP20156,مقعد أرضي ملحوم تورىيدو أبيض,ب.أمور,SH-6201,أبيض,South Villa,مقعد أرضي,543,760,655,دائري,0,0,0
WP20158,مقعد أرضي ملحوم طويل أبيض,ب.أمور,SH-9009,أبيض,South Villa,مقعد أرضي,461,800,560,دائري,0,0,0
WP20160,مقعد أرضي ملحوم سداسي مدفع أبيض,ب.أمور,SH-276-P,أبيض,South Villa,مقعد أرضي,450,570,520,مربع,0,0,0
WS10165,مقعد معلق تورنيدو أبيض ,ب.أمور,SH-024,أبيض,South Villa,مقعد معلق,390,700,550,دائري,0,0,0
WP20166,مقعد أرضي ملحوم بيضوي أبيض,ب.أمور,SH-GA801,أبيض,South Villa,مقعد أرضي,610,1050,850,دائري,0,0,0
WS10167,مقعد معلق رايملس رصاصي ,ب.أمور,SH-A001-MG,رصاصي,South Villa,مقعد معلق,565,750,680,دائري,0,0,0
WS10173,مقعد معلق أبيض,ب.أمور,SH-M206,أبيض,South Villa,مقعد معلق,280,480,400,مربع,0,0,0
WS10174,مقعد معلق رايملس أبيض ,تركواز سيراستايل,NOURA,أبيض,شركة الصداقة,مقعد معلق,584,820,770,مربع,0,0,0
ARSB80175,مخرج شطاف مع علاق كروم,دانيال,A547,كروم,مجموعة العربي,مخرج شطاف,135,200,170,مربع,0,0,0
VS10176,حوض وجه معلق أبيض,ب.أمور,SH-116,أبيض,South Villa,حوض وجه معلق,129.5,320,250,معلق,0,0,0
VS10180,حوض وجه معلق رخامي أبيض,ب.أمور,SH-P128MGL,أبيض,South Villa,حوض وجه معلق,230,340,300,معلق,0,0,0
AM0183,حوض وجه مع دولاب حمام -80 سم,سانيتاري ويرز,ML-01-80,رصاصي,XUCHANG MINGLAI TECHNOLOGY,دولاب حمام,380,600,520,بي في سي,0,0,0
AM0184,حوض وجه مع دولاب حمام -60 سم,سانيتاري ويرز,ML-02-60,أبيض,XUCHANG MINGLAI TECHNOLOGY,دولاب حمام,380,620,530,بي في سي,0,0,0
VS10190,حوض وجه معلق -80 سم,تركواز سيراستايل,MONA,أبيض,شركة الصداقة,حوض وجه معلق,315,460,390,مربع,0,0,0
WP20192,مقعد أرضي أبيض,ايجا فتريفاي,KAPAYA,أبيض,مجموعة الخليج,مقعد أرضي,310,430,385,دائري,0,0,0
AM40193,مراية دولاب حمام -60 سم ,سانيتاري ويرز,ML-01-60,رصاصي,XUCHANG MINGLAI TECHNOLOGY,مراية دولاب,100,150,135,بي في سي,0,0,0
PSB10195,حوض وجه مع دولاب حمام مع مراية -60 سم ,سانيتاري ويرز,ML-01-60,رصاصي,XUCHANG MINGLAI TECHNOLOGY,طقم حمام,408,650,550,بي في سي,0,0,0
WP20196,مقعد أرضي أبيض,ايجا فتريفاي,LAGINA,أبيض,مجموعة الخليج,مقعد أرضي,557.75,770,680,دائري,0,0,0
AECU50199,سيفون حوض المطبخ رأس كبير,سي أر سمارت,L-B-PLAST,,شركة البهراء العالمية الحديثة,ملحقات أحواض المطابخ,29.5,50,39,زوجي,0,0,0
VS10204,حوض وجه معلق أبيض -50سم ,ب.أمور,8302A,أبيض,South Villa,حوض وجه معلق,154,250,190,معلق,0,0,0
VS10208,حوض وجه معلق أبيض -60سم,ب.أمور,SH-8420-60-W,أبيض,South Villa,حوض وجه معلق,190.922,450,450,معلق,0,0,0
ATWC50217,بتارية مقعد أرضي بيضوي تحت,سانيتاري ويرز,,,South Villa,ملحقات مقاعد,50,80,60,,0,0,0
MC10219,سرفنتينة 15 سم * 15 سم كروم,سانيتاري ويرز,SUN AISI 304,كروم,مجموعة العربي,مجرى,38,85,70,مربع,0,0,0
VS10222, حوض وجه سداسي مع عمود معلق أبيض ,ب.أمور,SH-B182-H ,أبيض,South Villa,حوض وجه معلق,215,320,290,معلق,0,0,0
VS10223, حوض وجه سداسي مع عمود أرضي أبيض ,ب.أمور,SH-501,أبيض,South Villa,حوض وجه معلق,195,320,290,أرضي,0,0,0
MC10224,سرفنتينة ضغط  15 سم * 15 سم كروم,فينوس,610,كروم,شركة لمسات البناء,مجرى,35.46,65,50,مربع,0,0,0
MC10225,سرفنتينة 15 سم * 15 سم كروم,سانيتاري ويرز,,كروم,شركة البهراء العالمية الحديثة,مجرى,75,65,50,مربع,0,0,0
MC10226,مجرى 29 سم * 9 سم كروم,سانيتاري ويرز,,كروم,شركة البهراء العالمية الحديثة,مجرى,135,180,165,مستطيل,0,0,0
PSB10228,حوض وجه مع دولاب حمام مع مراية -60 سم ,سانيتاري ويرز,ML-02-60,أبيض,XUCHANG MINGLAI TECHNOLOGY,طقم حمام,480,650,550,بي في سي,0,0,0
PSB10229,حوض وجه مع دولاب حمام مع مراية -80 سم ,سانيتاري ويرز,ML-01-80,رصاصي,XUCHANG MINGLAI TECHNOLOGY,طقم حمام,470,750,650,بي في سي,0,0,0
PSB10230,حوض وجه مع دولاب حمام مع مراية -80 سم ,سانيتاري ويرز,ML-02-80,أبيض,XUCHANG MINGLAI TECHNOLOGY,طقم حمام,554,750,650,بي في سي,0,0,0
EL10235,حوض مطبخ ستانلس ستيل   304  كروم,أسيل,AS386,كروم,دار الخزف للمواد الصحية (11 يونيو),حوض مطبخ ستانلس ستيل,510,720,650,زوجي,0,0,0
EL10236,حوض مطبخ ستانلس ستيل   304 50.5*45 كروم,أسيل,AS 381,كروم,مجموعة الخليج,حوض مطبخ ستانلس ستيل,309,430,390,فردي,0,0,0
EL10237,حوض مطبخ ستانلس ستيل   304 50*50 كروم,أسيل,AS 14,كروم,مجموعة الخليج,حوض مطبخ ستانلس ستيل,174,300,230,فردي,0,0,0
EL10239,حوض مطبخ ستانلس ستيل   82*45  كروم,بريمكس,EC 02,كروم,محلات الساحل,حوض مطبخ ستانلس ستيل,270,530,400,زوجي,0,0,0
EG30246,حوض مطبخ جرانيت أبيض 70*50 ,سانيبال,رودا,أبيض,مجموعة الخليج,حوض مطبخ جرانيت,300,450,390,فردي,0,0,0
EG30247,حوض مطبخ جرانيت رصاصي محبب 70*50 ,سانيبال,رودا,رصاصي,مجموعة الخليج,حوض مطبخ جرانيت,290,450,410,فردي,0,0,0
EG30251,حوض مطبخ جرانيت أسود محبب 70*50 ,سانيبال,رودا,أسود,مجموعة الخليج,حوض مطبخ جرانيت,291,450,410,فردي,0,0,0
ACE20266,فلفلة سخانة,سانيتاري ويرز,,,محلات الإعتماد لإستيراد مواد البناء (11 يونيو),ملحقات سخانات,11.5,20,17,,0,0,0
AM40270,مراية حمام بالدولاب أبيض منقط  -80 سم ,أرسين,,أبيض,مجموعة الخليج,مراية دولاب,175,250,220,بي في سي,0,0,0
AM40273,مراية حمام بالدولاب كروم  -80 سم ,أرسين,,كروم,مجموعة الخليج,مراية دولاب,175,250,220,بي في سي,0,0,0
ALVM50276,رأس سيفوني كروم,بريمكس,T221,كروم,شركة لمسات البناء,رأس سيفوني,24,50,35,دائري,0,0,0
ML30278,مرايا حمام مع إضاءة لد 80*60 سم,كاي بي ام,ML_006,مرجاني,مجموعة الخليج,مراية مضيئة,77.6,125,100,لاد,0,0,0
ALVM50281,رأس سيفوني كروم,سانيتاري ويرز,,كروم,شركة لمسات البناء,رأس سيفوني,19,35,28,مربع,0,0,0
ALVM50282,رأس سيفوني كروم,سانيتاري ويرز,,كروم,شركة البهراء العالمية الحديثة,رأس سيفوني,14.5,30,21,مربع,0,0,0
ML30283,مرايا حمام مع إضاءة لد دائرية 80سم,سانيتاري ويرز,,مرجاني,دار الخزف للمواد الصحية (11 يونيو),مراية مضيئة,120,170,145,لاد,0,0,0
ML30284,مرايا حمام مع إضاءة لد دائرية بالعلاقة مع اطار أسود 60سم,سانيتاري ويرز,,أسود,دار الخزف للمواد الصحية (11 يونيو),مراية مضيئة,135,190,170,لاد,0,0,0
RO10286,مسكر زاوية  ''1/2 * ''1/2 كروم,مونتانا س.ل,MT-6101,كروم,شركة المضمونة للبناء,حنفية,26.75,35,30,دائري,0,0,0
ML30288,مرايا حمام مع إضاءة لد 80*60 سم,سانيتاري ويرز,,مرجاني,محلات الساحل,مراية مضيئة,85,125,100,لاد,0,0,0
RO10289,مسكر زاوية  ''1/2 * ''1/2 كروم,فينوس,S-7,كروم,شركة لمسات البناء,حنفية,19,35,29,دائري,0,0,0
RO10290,مسكر زاوية  ''1/2 * ''1/2 كروم,سانيتاري ويرز,,كروم,محلات الإعتماد لإستيراد مواد البناء (11 يونيو),حنفية,29.5,45,37,دائري,0,0,0
BAI10291,حوض استحمام بانيو 120*70*53 سم,ساناكريل,A119,أبيض,مجموعة الخليج,حوض استحمام,761.25,1100,940,,0,0,0
RO10293,مسكر زاوية  ''1/2 * ''1/2 أسود,سانيتاري ويرز,,أسود,شركة البهراء العالمية الحديثة,حنفية,15.5,25,21,مربع,0,0,0
BAI10293,حوض استحمام بانيو 150*70*53 سم,ساناكريل,A116,أبيض,مجموعة الخليج,حوض استحمام,1047.5,1400,1300,,0,0,0
BAI10294,حوض استحمام بانيو 180*80*60 سم,ساناكريل,A141,أبيض,مجموعة الخليج,حوض استحمام,2120,3000,2920,,0,0,0
RO10295,حنفية غسالة  ''1/2 * ''3/4 كروم,ريو,R0040,كروم,مجموعة الشريف,حنفية,17.75,30,28,دائري,0,0,0
ARSB80297,سماعة دوش مع طوبو ذهبي,توريما,1372-012,ذهبي,  شركة أجياد ليبيا ,سماعة دوش,320,470,420,مربع,0,0,0
MD20300,خلاط دوش أسود,توريما,8G162BB-040,أسود,  شركة أجياد ليبيا ,خلاط دوش,505,770,615,,0,0,0
ARSB80305,مخرج شطاف مع علاق مع محول كروم,توريما,1372-003,كروم,  شركة أجياد ليبيا ,مخرج شطاف,120,190,150,مربع,0,0,0
RD30308,حوض قدم مستطيل اكريليك 100*70,ساناكريل,M331,أبيض,مجموعة الخليج,بانيو قدم,412.25,580,520,مستطيل,0,0,0
RD30309,حوض قدم مستطيل زاوية يسار اكريليك 120*80*14,ساناكريل,M331,أبيض,مجموعة الخليج,بانيو قدم,446,580,520,مستطيل,0,0,0
ARSB80311,مخرج شطاف مع علاق كروم,شيزا,48593,كروم,شركة آفاق المتحدة لإستيراد مواد البناء,مخرج شطاف,43.5,80,57,مربع,0,0,0
ATWC50313,صندوق طرد مدفون بتارية مع زر دائري 9 لتر,غروهي,38723,,دار الخزف للمواد الصحية (11 يونيو),ملحقات مقاعد,920,930,930,,0,0,0
ARSB80315,مخرج شطاف مع علاق كروم,سلارنو,HR-M05,كروم,شركة البهراء العالمية الحديثة,مخرج شطاف,39.5,80,55,مربع,0,0,0
ARSB80316,مخرج شطاف مع علاق كروم,سلارنو,HR-M09,كروم,شركة البهراء العالمية الحديثة,مخرج شطاف,28,60,55,دائري,0,0,0
ARSB80317,مخرج شطاف مع علاق كروم,سلارنو,HR-M07,كروم,شركة البهراء العالمية الحديثة,مخرج شطاف,31.5,60,45,مربع,0,0,0
ARSB80320,مخرج شطاف مع علاق ذهبي,بريمكس,J014G,ذهبي,شركة لمسات البناء,مخرج شطاف,64,120,85,مربع,0,0,0
LG40333,حوض وجه برسلين 100 سم,رويال,YB032_19,,شركة المتخصص الليبي,حوض وجه برسلين,310,450,390,معلق,0,0,0
LG40334,حوض وجه برسلين 100 سم,رويال,YB032_11,,شركة المتخصص الليبي,حوض وجه برسلين,310,450,390,معلق,0,0,0
LG40337,حوض وجه برسلين 100 سم,رويال,YB032_1,,شركة المتخصص الليبي,حوض وجه برسلين,310,450,390,معلق,0,0,0
ARSB80336,مخرج شطاف كروم,فينوس,OER,كروم,شركة آفاق المتحدة لإستيراد مواد البناء,مخرج شطاف,30,60,45,دائري,0,0,0
EG40350,رف حوض وجه برسلين 80 سم,رويال,YB14-10,,شركة المتخصص الليبي,رف حوض وجه برسلين,60,150,110,معلق,0,0,0
EG40354,رف حوض وجه برسلين 80 سم,رويال,YB14-2,,شركة المتخصص الليبي,رف حوض وجه برسلين,60,150,110,معلق,0,0,0
ARSB80361,مخرج شطاف كروم,بضائع أوروبية,230E,كروم,دار الخزف للمواد الصحية (11 يونيو),مخرج شطاف,37.5,70,50,دائري,0,0,0
LG40001, حوض وجه برسلين مشطوف مع رف 80 سم ,رويال,YB14-6,,شركة المتخصص الليبي,حوض وجه برسلين,560,750,700,معلق,0,0,0
ARSB80009,سماعة دوش مع طوبو كروم,سانيتاري واير,,كروم,محلات الإعتماد لإستيراد مواد البناء (11 يونيو),سماعة دوش,15.5,45,25,دائري,0,0,0
ARSB80011,سماعة دوش مع طوبو كروم,سانيتاري واير,,كروم,محلات الإعتماد لإستيراد مواد البناء (11 يونيو),سماعة دوش,14.5,30,20,دائري,0,0,0
LG40371, حوض وجه برسلين مشطوف مع رف 80 سم ,رويال,YB14-7,,شركة المتخصص الليبي,حوض وجه برسلين,60,750,700,معلق,0,0,0
LG40372, حوض وجه برسلين مشطوف مع رف 80 سم ,رويال,YB14-4,,شركة المتخصص الليبي,حوض وجه برسلين,560,750,700,معلق,0,0,0
ARSB80373,سماعة دوش مع طوبو كروم,سلارنو,,كروم,شركة البهراء العالمية الحديثة,سماعة دوش,47,90,60,مربع,0,0,0
ARSB80374,سماعة دوش مع طوبو كروم,ليسو,,كروم,دار الخزف للمواد الصحية (11 يونيو),سماعة دوش,48,80,60,مربع,0,0,0
LG40377, حوض وجه برسلين مشطوف مع رف 80 سم ,رويال,YB14-13,,شركة المتخصص الليبي,حوض وجه برسلين,560,750,700,معلق,0,0,0
LG40378, حوض وجه برسلين مشطوف مع رف 80 سم ,رويال,YB14-3,,شركة المتخصص الليبي,حوض وجه برسلين,560,750,700,معلق,0,0,0
LG40379, حوض وجه برسلين مشطوف مع رف 80 سم ,رويال,YB14-1,,شركة المتخصص الليبي,حوض وجه برسلين,560,750,700,معلق,0,0,0
LG40380, حوض وجه برسلين مشطوف مع رف 80 سم ,رويال,YB14-10,,شركة المتخصص الليبي,حوض وجه برسلين,560,750,700,معلق,0,0,0
LG40381, حوض وجه برسلين مع رف 80 سم ,رويال,YB03_20,,شركة المتخصص الليبي,حوض وجه برسلين,460,650,640,معلق,0,0,0
LG40382, حوض وجه برسلين مشطوف مع رف 80 سم ,رويال,YB14-2,,شركة المتخصص الليبي,حوض وجه برسلين,460,750,700,معلق,0,0,0
LG40383, حوض وجه برسلين مع رف 80 سم ,رويال,YB03_18,,شركة المتخصص الليبي,حوض وجه برسلين,470,650,640,معلق,0,0,0
LG40384, حوض وجه برسلين مع رف 80 سم ,رويال,YB03_10,,شركة المتخصص الليبي,حوض وجه برسلين,470,650,640,معلق,0,0,0
LG40385, حوض وجه برسلين مع رف 65 سم ,رويال,YB036_9,,شركة المتخصص الليبي,حوض وجه برسلين,460,600,590,معلق,0,0,0
LG40386, حوض وجه برسلين مع رف 65 سم ,رويال,YB036_8,,شركة المتخصص الليبي,حوض وجه برسلين,440,600,590,معلق,0,0,0
LG40390, حوض وجه برسلين مع رف 65 سم ,رويال,YB036_7,,شركة المتخصص الليبي,حوض وجه برسلين,460,600,590,معلق,0,0,0
LG40393, حوض وجه برسلين مع رف 80 سم ,رويال,2611,,شركة المتخصص الليبي,حوض وجه برسلين,460,650,640,معلق,0,0,0
LG40396, حوض وجه برسلين مع رف 80 سم ,رويال,2612,,دار الخزف للمواد الصحية (11 يونيو),حوض وجه برسلين,460,650,640,معلق,0,0,0
ALVM50401,سيفون حوض الوجه 25سم 30سم كروم,بوڨاتي,,كروم,دار الخزف للمواد الصحية (11 يونيو),سيفون حوض الوجه,140,250,170,مربع,0,0,0
ALVM50403,سيفون حوض الوجه كروم,فينوس,BS32C,كروم,شركة لمسات البناء,سيفون حوض الوجه,154.23,220,200,مربع,0,0,0
ALVM50405,سيفون حوض الوجه كروم,نابولي,XSQ-01N,كروم,شركة البرستيج لإستيراد المواد الصحية,سيفون حوض الوجه,59,120,80,مربع,0,0,0
ALVM50406,سيفون حوض الوجه كروم,سانيتاري ويرز,LY4002-CP,كروم,شركة لمسات البناء,سيفون حوض الوجه,58,90,75,دائري,0,0,0
MSB0410,حوض وجه مع دولاب حمام مع خزانة مع مراية -80 سم ,سانيتاري ويرز,8102,أبيض,دار الخزف للمواد الصحية (11 يونيو),دولاب حمام,730,1150,900,بي في سي,0,0,0
AM0414,حوض وجه مع دولاب حمام مع خزانة مع مراية -80 سم ,سانيتاري ويرز,9402,أبيض,دار الخزف للمواد الصحية (11 يونيو),دولاب حمام,730,1150,900,بي في سي,0,0,0
MC10414,مجرى 80 سم *7 سم كروم,بيورا,DL-11-85,كروم,شركة الركن الجديد,مجرى,331,410,400,مستطيل,0,0,0
AM0419,حوض وجه مع دولاب حمام مع خزانة مع مراية -80 سم ,سانيتاري ويرز,9402,أبيض,دار الخزف للمواد الصحية (11 يونيو),دولاب حمام,780,1150,900,بي في سي,0,0,0
AM0423,حوض وجه مع دولاب حمام مع خزانة مع مراية -80 سم ,سانيتاري ويرز,8204,أبيض,دار الخزف للمواد الصحية (11 يونيو),دولاب حمام,780,1150,900,بي في سي,0,0,0
PD20434,حاجز دوش 10 مم اطار كروم مضبب 80 سم,ليسو,ZW003,,دار الخزف للمواد الصحية (11 يونيو),حاجز دوش,465,650,570,قدم,0,0,0
PD20435,حاجز دوش 10 مم اطار كروم مضبب100  سم,ليسو,ZW003,,دار الخزف للمواد الصحية (11 يونيو),حاجز دوش,510,725,650,قدم,0,0,0
PD20436,حاجز دوش 10 مم اطار كروم  60 سم,ليسو,ZW001,,دار الخزف للمواد الصحية (11 يونيو),حاجز دوش,420,600,530,قدم,0,0,0
PD20437,حاجز دوش 10 مم اطار كروم منقط 80 سم,ليسو,ZW004,,دار الخزف للمواد الصحية (11 يونيو),حاجز دوش,480,650,570,قدم,0,0,0
PD20438,حاجز 10 مم اطار دهبي 80 سم,ليسو,ZW-001G,,دار الخزف للمواد الصحية (11 يونيو),حاجز دوش,475,700,620,قدم,0,0,0
PD20439,حاجز دوش 10مم اطار كروم 70 سم,ليسو,ZW001,,دار الخزف للمواد الصحية (11 يونيو),حاجز دوش,435,630,570,قدم,0,0,0
PD20443,حاجز دوش 8 مم سلفر كروم 80 سم,سانيتاري ويرز,AS 002,,مجموعة الخليج,حاجز دوش,470,650,570,قدم,0,0,0
PD20444,حاجز دوش 8مم اطار أسود 70 سم,ليسو,D08G BLACK,,دار الخزف للمواد الصحية (11 يونيو),حاجز دوش,435,650,570,قدم,0,0,0
LG40447, حوض وجه برسلين مع رف 80 سم ,رويال,4-03,,دار الخزف للمواد الصحية (11 يونيو),حوض وجه برسلين,430,650,640,معلق,0,0,0
MC10451,مجرى 50 سم 6* سم ذهبي,درنيا,,ذهبي,شركة آفاق المتحدة لإستيراد مواد البناء,مجرى,290,400,365,مستطيل,0,0,0
MC10453,مجرى 40 سم *6 سم كروم,درنيا,,كروم,شركة آفاق المتحدة لإستيراد مواد البناء,مجرى,155,250,195,مستطيل,0,0,0
AM0455,دولاب مع مراية حمام 100 سم,أوركا,NEW ROSE,بيج,مصنع أوركا,دولاب حمام,2610,3500,3350,,0,0,0
AM0456,دولاب حمام 85 سم,أوركا,AYDOS,أبيض,مصنع أوركا,دولاب حمام,600,1100,1020,,1,-1,0
AM40457,مراية دولاب حمام 80 سم,أوركا,AYDOS,بيج,مصنع أوركا,مراية دولاب,110,250,190,,1,-1,0
VS10458,حوض وجه معلق 85 سم,أوركا,AYDOS,أبيض,مصنع أوركا,حوض وجه معلق,310,700,550,,1,-1,0
AM0459,دولاب مع حوض وجه مع مراية حمام 85 سم,أوركا,AYDOS,بيج,مصنع أوركا,دولاب حمام,1020,1450,1250,,0,0,0
99991,خدمة توصيل,,,,,نفقات التشغيل,70,70,70,,0,0,0
99992,رسوم البنك,,,,,نفقات التشغيل,50,50,50,,0,0,0
MF20461,مراية حمام 80 سم,أوركا,CLAY,بيج,مصنع أوركا,مراية معلقة,150,250,190,,0,0,0
PSB10587,دولاب مع حوض وجه مع مراية حمام 80 سم,أوركا,LUCCA,أبيض,مصنع أوركا,طقم حمام,2430,3200,3200,,0,0,0
MC10469,"مسكر شطافة دبل ""1/2"" * ""1/2 كروم",فينوس,CALVIN P,كروم,شركة لمسات البناء,مخرج شطاف,48,80,65,دائري,0,0,0
ARSB80470,"مسكر شطافة دبل ""1/2"" * ""1/2 كروم",فينوس,,كروم,شركة لمسات البناء,مخرج شطاف,32,60,45,دائري,0,0,0
PS20472,علاقة مناشف زوجية كروم,سانيتاري ويرز,,كروم,شركة لمسات البناء,علاقة مناشف,105,160,135,معلق,0,0,0
CC10003,كولة بلاط أرضيات 20 كغ,بولبو,POLPO P320 C1,,مجموعة الخليج,كولة بلاط أرضيات,13,20,17,,0,0,0
PS20005,علاقة مناشف زوجية كروم,سانيتاري ويرز,,كروم,مصنع خلاطات و أكسسوارات الصين,علاقة مناشف,85,90,70,معلق,0,0,0
PS20010,علاقة مناشف كروم,فينوس,BA 705,كروم,شركة لمسات البناء,علاقة مناشف,76.83,120,110,معلق,0,0,0
VS10000,حوض وجه معلق -60 سم,تركواز سيراستايل,NOURA,أبيض,شركة الصداقة,حوض وجه معلق,200,350,340,مربع,0,0,0
MTE60009,خلاط شطاف مدفون كروم ,فيوري,,كروم,شركة آفاق المتحدة لإستيراد مواد البناء,خلاط شطاف مدفون,220,330,280,مربع,0,0,0
ARSB80714,مخرج شطاف مربع بالعلاقة أسود,سي أر سمارت,15-52,أسود,شركة أركان العمارة,مخرج شطاف,68,100,90,مربع,0,0,0
ALVM50013,سيفون حوض الوجه اسود,سانيتاري ويرز,07,أسود,شركة أركان العمارة,سيفون حوض الوجه,86,150,110,مربع,0,0,0
PE30016,زمالطو ضد الصدأ 4 كغ أسود,دهانات المدينة مصراتة,,أسود,محلات الإعتماد لإستيراد مواد البناء (11 يونيو),الحديد,40,45,42,,0,0,0
PE30019,زمالطو  2.5 كغ أزرق داكن,دهانات المدينة مصراتة,,أزرق داكن,محلات الإعتماد لإستيراد مواد البناء (11 يونيو),الحديد,44,50,47,,0,0,0
PE30026,طلاء مائي داخلي 18 كغ أبيض,دهانات المدينة مصراتة,بلاستيكو 2021 ,أبيض,محلات الإعتماد لإستيراد مواد البناء (11 يونيو),الجدران والسقف,94.09,105,86,,0,0,0
ARSB80039,شطاف ظغط مربع مع طوبو كروم,سانيتاري ويرز,,كروم,شركة أركان العمارة,شطاف,55,100,80,مربع,0,0,0
MA20040,خلاط حوض المطبخ سحاب كروم,تركواز سيراستايل,,كروم,شركة أركان العمارة,خلاط حوض المطبخ سحاب,110,200,140,,0,0,0
MA20044,خلاط حوض المطبخ سحاب اسود,تركواز سيراستايل,15-684,أسود,شركة أركان العمارة,خلاط حوض المطبخ سحاب,210,330,260,,0,0,0
ADOU50043,سيفون حوض قدم,,,أبيض,شركة أركان العمارة,ملحقات دوش,15,35,35,بلاستك,0,0,0
PS20045,علاقة مناشف كروم,سانيتاري ويرز,,كروم,شركة أركان العمارة,علاقة مناشف,95,140,120,معلق,0,0,0
VP20048,حوض وجه فوق الرخام أبيض -41سم ,كورنات,,أبيض,تولين للبضائع الأوروبية,حوض فوق الرخام,130,200,160,دائري,0,0,0
ML30050,مرايا حمام مع إضاءة لد 80*60 سم,سانيتاري ويرز,,,شركة أركان العمارة,مراية مضيئة,95,150,110,لاد,0,0,0
PE30039,طلاء عاز ل مطاطي  3 كغ,الواحة,العازل,أبيض,محلات الإعتماد لإستيراد مواد البناء (11 يونيو),الجدران خارجي,35,45,42,,0,0,0
PE30041,دهان عازل خارجي داخلي كغ10 أبيض,سوتينول - الغزالة,سوبرلاتكس,أبيض,محلات الإعتماد لإستيراد مواد البناء (11 يونيو),الجدران والسقف,134,140,137,,0,0,0
EL10003,حوض مطبخ ستانلس ستيل   304  كروم,أسيل,,أسود,شركة أركان العمارة,حوض مطبخ ستانلس ستيل,270,390,340,فردي,0,0,0
EL10004,حوض مطبخ ستانلس ستيل   304 75*45 سم كروم,أسيل,,كروم,شركة أركان العمارة,حوض مطبخ ستانلس ستيل,605,750,735,زوجي,0,0,0
EL10005,حوض مطبخ ستانلس ستيل   304,أسيل,,كروم,شركة أركان العمارة,حوض مطبخ ستانلس ستيل,590,700,670,فردي,0,0,0
EL10006,حوض مطبخ ستانلس ستيل AS248 50*81,أسيل,AS 248,كروم,شركة أركان العمارة,حوض مطبخ ستانلس ستيل,530,780,770,فردي,0,0,0
PE30009,استوك 1 كغ,وان تايم,,أبيض,محلات الإعتماد لإستيراد مواد البناء (11 يونيو),استوك الجدران,35,40,38,,0,0,0
CD40017,مسطرة دوش زوجية اسود,تركواز سيراستايل,BR7,أسود,شركة أركان العمارة,مسطرة دوش,120,250,150,,0,0,0
AASB30019,رف زاوية زوجي كروم,سانيتاري ويرز,,كروم,دار الخزف للمواد الصحية (11 يونيو),اكسسوارات,85,140,110,زوجي,0,0,0
AASB30020,رف زاوية زوجي كروم,سانيتاري ويرز,,كروم,دار الخزف للمواد الصحية (11 يونيو),اكسسوارات,125,175,150,زوجي,0,0,0
AASB30021,رف زاوية كروم,بريمكس,,كروم,شركة لمسات البناء,اكسسوارات,46,80,60,,-1,1,0
PS20022,علاقة مناشف مع رف كروم,سانيتاري ويرز,,كروم,تولين للبضائع الأوروبية,علاقة مناشف,35,70,55,معلق,0,0,0
AASB30024,حامل منضفات كروم,بضائع أوروبية,SINI,كروم,تولين للبضائع الأوروبية,اكسسوارات,13,50,30,,0,0,0
AASB30030,رف ستاينلس ستيل كروم ,فينوس,458C,كروم,شركة لمسات البناء,اكسسوارات,42,75,55,ستاينلس ستيل,0,0,0
MI10031,مراية تجميل مكبرة,سانيتاري ويرز,,كروم,شركة لمسات البناء,مراية,73,110,90,,0,0,0
RA30037,"ديسكو حديد 9"" 230 مم",كداس,A 24 PLUS T-BF,أسود مطفي,محلات الإعتماد لإستيراد مواد البناء (11 يونيو),ديسكو منشار دائري,8.5,15,12,,0,0,0
AASB30034,مجفف شعر أبيض,بريمكس,882,أبيض,شركة لمسات البناء,اكسسوارات,85,120,95,,0,0,0
AASB30035,مجفف شعر أبيض,بريمكس,883,أبيض,شركة لمسات البناء,اكسسوارات,68,110,90,,0,0,0
AASB30038,حامل منضفات ثلاثي أسود,سانيتاري ويرز,,أسود,شركة لمسات البناء,اكسسوارات,215,310,270,,0,0,0
PS20042,علاقة ملابس ثلاثية,فينوس,LI-03,كروم,شركة لمسات البناء,علاقة مناشف,36,50,50,معلق,0,0,0
PS20048,علاقة مناشف كروم,فينوس,ST-07,كروم,شركة لمسات البناء,علاقة مناشف,285,400,370,معلق,0,0,0
MI10050,مراية تجميل مكبرة,سانيتاري ويرز,1207-8,كروم,شركة لمسات البناء,مراية,275,380,350,مربع,0,0,0
PS20054,علاقة ملابس ثلاثية كروم,سانيتاري ويرز,,كروم,شركة لمسات البناء,علاقة مناشف,34,55,45,معلق,0,0,0
PS20063,علاقة ملابس خماسية,فينوس,LI-05,كروم,شركة لمسات البناء,علاقة مناشف,62.08,90,75,معلق,0,0,0
AASB30064,حاملة فرشاة أسنان كروم,فينوس,BA702,كروم,شركة لمسات البناء,اكسسوارات,48.265,75,52,مربع,-1,1,0
AASB30073,حاملة ورق منظف كلينكس,سانيتاري ويرز,AZ1300,أبيض,شركة لمسات البناء,اكسسوارات,83,130,90,دائري,0,0,0
PS20079,علاقة مناشف كروم,سانيتاري ويرز,,كروم,دار الخزف للمواد الصحية (11 يونيو),علاقة مناشف,58,90,80,معلق,0,0,0
PS20081,علاقة ملابس رباعية,سانيتاري ويرز,,كروم,دار الخزف للمواد الصحية (11 يونيو),علاقة مناشف,29,45,35,معلق,0,0,0
AASB30085,رف زاوية كروم,بريمكس,5658,كروم,شركة لمسات البناء,اكسسوارات,95,150,120,,0,0,0
ALVM50014,سيفون حوض الوجه كروم,سانيتاري ويرز,,كروم,شركة المضمونة للبناء,سيفون حوض الوجه,78,120,100,مربع,0,0,0
ALVM50015,سيفون حوض الوجه كروم,سانيتاري ويرز,LY401-CP,كروم,شركة المضمونة للبناء,سيفون حوض الوجه,68,120,90,دائري,0,0,0
PE30096,موس فرش 18 مم,اي بي سي,AC18868,أسود,محلات الإعتماد لإستيراد مواد البناء (11 يونيو),موس فرش والمقص,4.5,7,6,,0,0,0
PE30105,صندوق عدة حديد 43 سم,اي بي سي,AC16430,أسود,محلات الإعتماد لإستيراد مواد البناء (11 يونيو),صندوق الأدوات,52,80,65,,0,0,0
PE30109,"صندوق عدة  19"" ",فندر,,كروم,محلات الإعتماد لإستيراد مواد البناء (11 يونيو),صندوق الأدوات,55,80,65,,0,0,0
PE30111,ماصة 2 كغ,اي بي سي,AC18727,أَصْفَرُ,محلات الإعتماد لإستيراد مواد البناء (11 يونيو),مطرقة - ماصة,22,30,27,,0,0,0
PA30098,ڨومة برويطة,الشركة العالمية للتصدير و الإستيراد,,أسود,محلات الإعتماد لإستيراد مواد البناء (11 يونيو),برويطة,75,85,82,,0,0,0
PA30099,ڨومة برويطة ديسكو مفتوح قلب متحرك 4 بار,الشركة العالمية للتصدير و الإستيراد,,أسود,محلات الإعتماد لإستيراد مواد البناء (11 يونيو),برويطة,36,45,42,,0,0,0
PA30100,ڨومة برويطة قلب ثابت,الشركة العالمية للتصدير و الإستيراد,,أسود,محلات الإعتماد لإستيراد مواد البناء (11 يونيو),برويطة,63,85,75,,0,0,0
PA30101,ڨومة برويطة قلب متحرك أحمر نجمة,الشركة العالمية للتصدير و الإستيراد,,أسود,محلات الإعتماد لإستيراد مواد البناء (11 يونيو),برويطة,46,55,52,,0,0,0
PA30102,ڨومة برويطة فوم قلب متحرك ديسكو مسكر مضغوطة,الشركة العالمية للتصدير و الإستيراد,,أَصْفَرُ,محلات الإعتماد لإستيراد مواد البناء (11 يونيو),برويطة,70,90,83,,0,0,0
P30103,مضخة 1 حصان,بنتكس,PM80,,محلات الإعتماد لإستيراد مواد البناء (11 يونيو),مضخة,428,690,600,,0,0,0
P30104,مضخة 1/2 حصان,بنتكس,PM45,,محلات الإعتماد لإستيراد مواد البناء (11 يونيو),مضخة,310,470,450,,0,0,0
P30109,مضخة ماجن 1 حصان ضد التآكل,شمجا,QDX1.5-32-0.75K3-F,,محلات الإعتماد لإستيراد مواد البناء (11 يونيو),مضخة,575,890,780,,0,0,0
P30115,بدل كورة,بنتكس,P1213/2021,,محلات الإعتماد لإستيراد مواد البناء (11 يونيو),مضخة,157,210,180,,0,0,0
PE30123,صاروخ 115مم 900 وات,سبيكو,SP-5018,,محلات الإعتماد لإستيراد مواد البناء (11 يونيو),صاروخ,155,210,180,,0,0,0
PA30118,ميزان إلكتروني 30 كغ,فندر,194919,,محلات الإعتماد لإستيراد مواد البناء (11 يونيو),أدوات القياس والتتبع,135,190,160,,0,0,0
PA30140,سلوم 4 درجات,الشركة العالمية للتصدير و الإستيراد,,,محلات الإعتماد لإستيراد مواد البناء (11 يونيو),السلالم والسقالات,270,380,360,,0,0,0
LG40146, حوض وجه برسلين مع رف 100 سم,سانيتاري ويرز,2715,,دار الخزف للمواد الصحية (11 يونيو),حوض وجه برسلين,525,800,700,معلق,0,0,0
LG40147, حوض وجه برسلين 100 سم,سانيتاري ويرز,2715,,دار الخزف للمواد الصحية (11 يونيو),حوض وجه برسلين,400,650,580,معلق,1,-1,0
EG40149, رف حوض وجه برسلين 100 سم,سانيتاري ويرز,2715,,دار الخزف للمواد الصحية (11 يونيو),رف حوض وجه برسلين,125,300,240,معلق,1,-1,0
LG40154, حوض وجه برسلين مشطوف لد مع رف 80 سم,سانيتاري ويرز,2712,,دار الخزف للمواد الصحية (11 يونيو),حوض وجه برسلين,595,870,850,معلق,0,0,0
PA30163,سطل بناء,الشركة العالمية للتصدير و الإستيراد,,أَحْمَر,محلات الإعتماد لإستيراد مواد البناء (11 يونيو),سطل بناء,15.5,22,19,,0,0,0
PE30171,"فرشة طلاء 2"" 50.8 مم",فندر,,,محلات الإعتماد لإستيراد مواد البناء (11 يونيو),فرشة طلاء,2.8,5,3.5,,0,0,0
PE30172,"فرشة طلاء 3"" 76.2 مم",فندر,,,محلات الإعتماد لإستيراد مواد البناء (11 يونيو),فرشة طلاء,4,6.5,5,,0,0,0
PE30173,"فرشة طلاء 4"" 101.6 مم",فندر,,,محلات الإعتماد لإستيراد مواد البناء (11 يونيو),فرشة طلاء,5.25,8,6.5,,0,0,0
PE30184,"فرشة طلاء2.5"" 63.5 مم",فندر,,,محلات الإعتماد لإستيراد مواد البناء (11 يونيو),فرشة طلاء,3.1,6,4,,0,0,0
PE30188,فوم 600 غرام,أويستار,FS-012,,محلات الإعتماد لإستيراد مواد البناء (11 يونيو),المواد اللاصقة و العازلة,14.75,20,17.5,,0,0,0
PE30190,مزيل صدأ 330 مل,الشركة العالمية للتصدير و الإستيراد,WDB,,محلات الإعتماد لإستيراد مواد البناء (11 يونيو),المزيلات و المذيباتت,2.417,5,3.5,,0,0,0
PE30203,"سكينة تغليف يد خشب 8"" 200 مم",اي بي سي,AC18799,,محلات الإعتماد لإستيراد مواد البناء (11 يونيو),أدوات,4.35,7,5.5,,0,0,0
PE30205,"سكينة تغليف يد خشب 10"" ",الشركة العالمية للتصدير و الإستيراد,,,محلات الإعتماد لإستيراد مواد البناء (11 يونيو),أدوات,5.6,8.5,7,,0,0,0
PA30215,كلاب 180 مم,الشركة العالمية للتصدير و الإستيراد,KNIPEX 68 01 180,,محلات الإعتماد لإستيراد مواد البناء (11 يونيو),كماشة القطع,19.5,30,24,,0,0,0
PE30222,"سكينة تغليف  5"" 12.5 سم",فندر,,,محلات الإعتماد لإستيراد مواد البناء (11 يونيو),أدوات,4.65,7.5,6,,0,0,0
ALVM50225,سيفون حوض الوجه كروم,سانيتاري ويرز,,كروم,شركة المضمونة للبناء,سيفون حوض الوجه,68,120,100,دائري,0,0,0
EL50238,سير ربط 5.2 * 200 مم (100 قطعة),الشركة العالمية للتصدير و الإستيراد,,أسود,محلات الإعتماد لإستيراد مواد البناء (11 يونيو),ملحقات الكهرباء,4.75,7.5,6,عريض,0,0,0
PA30245,طراحة حديد 50 سم,الشركة العالمية للتصدير و الإستيراد,,,محلات الإعتماد لإستيراد مواد البناء (11 يونيو),بالة,15.5,22,19,,0,0,0
PE30256,كولة 473 مل,الشركة العالمية للتصدير و الإستيراد,,شفاف,محلات الإعتماد لإستيراد مواد البناء (11 يونيو),المواد اللاصقة و العازلة,26.5,35,32,,0,0,0
AASB30261,رف زاوية زوجي اسود,ليمكس,LY2559,أسود,شركة اعمار الجديد,اكسسوارات,155,250,200,زوجي,0,0,0
AASB30262,رف زاوية زوجي كروم,ليمكس,LY2094,كروم,شركة اعمار الجديد,اكسسوارات,105,200,130,زوجي,0,0,0
PLSA0286,وردة أسود,سانيتاري ويرز,,أسود,دار الخزف للمواد الصحية (11 يونيو),وصلة,2,5,3,مربع,0,0,0
ASCA60289,ستريتشة 3 متر,الشركة العالمية للتصدير و الإستيراد,,ذهبي,مجموعة بن عمر BEN AMOR Group,ستريتشة,35,80,55,,0,0,0
ML10299,خلاط حوض وجه  كروم,ليسو,JR031-14,كروم,دار الخزف للمواد الصحية (11 يونيو),خلاط حوض وجه,93,140,115,دائري,0,0,0
ML10300,خلاط حوض وجه  كروم,ليسو,JR031-25,كروم,دار الخزف للمواد الصحية (11 يونيو),خلاط حوض وجه,115,200,200,دائري,0,0,0
AASB30306,حامل ورق منظف كلينكس,ليسو,JR031-13,كروم,دار الخزف للمواد الصحية (11 يونيو),اكسسوارات,35,70,50,,0,0,0
RS40309,بلاط ارضيات بورسلين 60 سم * 60 سم (1.08  م²),مجموعة بن عمر,,أبيض,الديار العالمية,بلاط الأرضيات ,48.6,54,54,داخلي,0,0,0
SA10312,طقم اكسسوار كروم,ليسو,2663,كروم,دار الخزف للمواد الصحية (11 يونيو),طقم اكسسوارات,240,350,300,مربع,0,0,0
SA10313,طقم اكسسوار كروم,ليسو,2664,كروم,دار الخزف للمواد الصحية (11 يونيو),طقم اكسسوارات,240,350,300,مربع,0,0,0
SA10315,طقم اكسسوار كروم,ليسو,2665,كروم,دار الخزف للمواد الصحية (11 يونيو),طقم اكسسوارات,250,370,310,مربع,0,0,0
SA10316,طقم اكسسوار كروم,ليسو,2666,كروم,دار الخزف للمواد الصحية (11 يونيو),طقم اكسسوارات,240,350,300,مربع,0,0,0
ART0317,مخرج شطاف مع علاق كروم,فورتميكس,JR031-29,كروم,دار الخزف للمواد الصحية (11 يونيو),مخرج شطاف,50,75,60,مربع,0,0,0
PS20318,علاقة مناشف كروم,سانيتاري واير,AF-19108-13,كروم,دار الخزف للمواد الصحية (11 يونيو),علاقة مناشف,35,60,50,مربع,0,0,0
PA30328,موس منشار جبس,فندر,SDY-97744,,محلات الإعتماد لإستيراد مواد البناء (11 يونيو),منشار يدوي,14.5,25,18,,0,0,0
PE30333,رولة كروسة 10 سم ( 3 قطع ),الشركة العالمية للتصدير و الإستيراد,,,محلات الإعتماد لإستيراد مواد البناء (11 يونيو),فرشة طلاء,5.5,10,7,,0,0,0
PE30335,رولة طلاء,الشركة العالمية للتصدير و الإستيراد,1343,,محلات الإعتماد لإستيراد مواد البناء (11 يونيو),فرشة طلاء,6.75,10,8,,0,0,0
PE30336,رولة زمالطو,الشركة العالمية للتصدير و الإستيراد,1331,,محلات الإعتماد لإستيراد مواد البناء (11 يونيو),فرشة طلاء,2.75,6,3.5,,0,0,0
PA30337,ماكينة سلكون,فندر,,,محلات الإعتماد لإستيراد مواد البناء (11 يونيو),مسدس الغراء,22.5,30,27,,0,0,0
PA30338,ماكينة سلكون,الشركة العالمية للتصدير و الإستيراد,,أسود,محلات الإعتماد لإستيراد مواد البناء (11 يونيو),مسدس الغراء,7.5,13,10,,0,0,0
AASB30344,فرشاة تنظيف مرحاض كروم,ليسو,BS-11,كروم,دار الخزف للمواد الصحية (11 يونيو),اكسسوارات,70,110,90,دائري,0,0,0
AASB30346,فرشة مرحاض كروم,ليسو,KW06,كروم,دار الخزف للمواد الصحية (11 يونيو),اكسسوارات,50,80,60,مربع,0,0,0
ATWC50347,زر بتريا كروم,الشركة التونسية للمواد الصحية,YC8010-2,كروم,دار الخزف للمواد الصحية (11 يونيو),ملحقات مقاعد,125,175,155,دائري,0,0,0
RA30359,ديسكو جرانيت 4.5'' 115 مم,فندر,195544,,محلات الإعتماد لإستيراد مواد البناء (11 يونيو),ديسكو منشار دائري,12.2,20,17,مغلق,0,0,0
PA30362,متر 7.5م,فندر,,رصاصي,محلات الإعتماد لإستيراد مواد البناء (11 يونيو),أدوات القياس والتتبع,18.5,28,24,,0,0,0
PA30363,متر 5م,فندر,,رصاصي,محلات الإعتماد لإستيراد مواد البناء (11 يونيو),أدوات القياس والتتبع,15.5,25,20,,0,0,0
ARSB80364,كسكاس دوش مربع مع قصبة 250*250 مم كروم,ليسو,JR031-26,كروم,دار الخزف للمواد الصحية (11 يونيو),كسكاس دوش,59,120,80,مربع,0,0,0
PA30370,فرطاسة,الشركة العالمية للتصدير و الإستيراد,,أَصْفَرُ,محلات الإعتماد لإستيراد مواد البناء (11 يونيو),مجرفة مغلفة,3.5,7,5,,0,0,0
PA30371,فرطاسة,الشركة العالمية للتصدير و الإستيراد,,أسود,محلات الإعتماد لإستيراد مواد البناء (11 يونيو),مجرفة مغلفة,16.75,25,23,,0,0,0
PA30376,كستولة,فندر,,,محلات الإعتماد لإستيراد مواد البناء (11 يونيو),مجرفة مغلفة,19,29,25,,0,0,0
RA30386,ديسكو جرانيت 9'' 230 مم,ماركيت,A-08230,,محلات الإعتماد لإستيراد مواد البناء (11 يونيو),ديسكو منشار دائري,17.5,25,22,مفتوح,0,0,0
EL50393,لصقة 0.13 مم * 19 مم * 25 متر,الشركة العالمية للتصدير و الإستيراد,SCAPA 2702,أَصْفَرُ,محلات الإعتماد لإستيراد مواد البناء (11 يونيو),ملحقات الكهرباء,4.75,7.5,6,,0,0,0
EL50394,لصقة 0.13 مم * 19 مم * 25 متر,الشركة العالمية للتصدير و الإستيراد,SCAPA 2702,بُنِيّ,محلات الإعتماد لإستيراد مواد البناء (11 يونيو),ملحقات الكهرباء,4.75,7.5,6,,0,0,0
EL50395,لصقة 0.13 مم * 19 مم * 25 متر,الشركة العالمية للتصدير و الإستيراد,SCAPA 2702,رصاصي,محلات الإعتماد لإستيراد مواد البناء (11 يونيو),ملحقات الكهرباء,4.75,7.5,6,,0,0,0
EL50396,لصقة 0.13 مم * 19 مم * 25 متر,الشركة العالمية للتصدير و الإستيراد,SCAPA 2702,بَنَفْسَجِيّ,محلات الإعتماد لإستيراد مواد البناء (11 يونيو),ملحقات الكهرباء,4.75,7.5,6,,0,0,0
PE30426,موس فرش 18 مم,اي بي سي,AC18805,أَصْفَرُ,محلات الإعتماد لإستيراد مواد البناء (11 يونيو),موس فرش والمقص,3.75,6,4.5,,0,0,0
PA30434,ڨوانطي,الشركة التونسية للمواد الصحية,160G XL,,محلات الإعتماد لإستيراد مواد البناء (11 يونيو),قفازات,3.95,7,5,,0,0,0
PE30438,ماكينة قص بي بي ار,اي بي سي,AC18763,,محلات الإعتماد لإستيراد مواد البناء (11 يونيو),موس فرش والمقص,68,90,83,,0,0,0
PA30462,رأس سخانة بدون ترمستاتة,الشركة العالمية للتصدير و الإستيراد,,,محلات الإعتماد لإستيراد مواد البناء (11 يونيو),أدوات  متعددة الوظائف,29.5,40,37,قصير,0,0,0
PE30465,بونتة ترابنو (10 قطع),اي بي سي,AC18802 PH2X65mm,,محلات الإعتماد لإستيراد مواد البناء (11 يونيو),مثقاب كهربائي,11.5,20,15,,0,0,0
ELC1472,سلك كهرباء 1 *2.5 مم²,الشركة العالمية للتصدير و الإستيراد,,أَزْرَقُ,محلات الإعتماد لإستيراد مواد البناء (11 يونيو),الأسلاك والكابلات,2.2,2.75,2.75,,0,0,0
ELC1473,سلك كهرباء 1 *2.5 مم²,الشركة العالمية للتصدير و الإستيراد,,أَحْمَر,محلات الإعتماد لإستيراد مواد البناء (11 يونيو),الأسلاك والكابلات,2.2,2.75,2.75,,0,0,0
RO10476,حنفية 3/4 ,سانيتاري ويرز,FIRMER YLN6313-3/4,,محلات الإعتماد لإستيراد مواد البناء (11 يونيو),حنفية,24.5,35,30,,0,0,0
PA30479,بينسة رقم 8,اي بي سي,AC18641,أسود,محلات الإعتماد لإستيراد مواد البناء (11 يونيو),مفك البراغي يدوي,12.75,22,17,,0,0,0
PA30480,بينسة رقم 8,اي بي سي,AC18795,أَصْفَرُ,محلات الإعتماد لإستيراد مواد البناء (11 يونيو),مفك البراغي يدوي,13.5,23,18,,0,0,0
PE30484,موس لحم,فندر,191804,,محلات الإعتماد لإستيراد مواد البناء (11 يونيو),موس فرش والمقص,18,27,22,,0,0,0
PA30492,منشار جبس 6.5'' 165 مم,فندر,SDY-97744,,محلات الإعتماد لإستيراد مواد البناء (11 يونيو),منشار يدوي,13.75,25,18,,0,0,0
PA30498,بونتة 12 * 450 مم,الشركة العالمية للتصدير و الإستيراد,,,محلات الإعتماد لإستيراد مواد البناء (11 يونيو),أدوات الثقب,7.5,11,9.5,طويل,0,0,0
PA30515,دراع 2 متر,الشركة العالمية للتصدير و الإستيراد,LAMEL 60x30 cm 200,,محلات الإعتماد لإستيراد مواد البناء (11 يونيو),أدوات القياس والتتبع,42.5,60,55,,0,0,0
PA30516,دراع 2.5 متر,الشركة العالمية للتصدير و الإستيراد,LAMEL 60x30 cm 250,,محلات الإعتماد لإستيراد مواد البناء (11 يونيو),أدوات القياس والتتبع,58,80,70,,0,0,0
RA30545,قفل باب رئيسي,الشركة العالمية للتصدير و الإستيراد,DAF 540.14-3M,,محلات الإعتماد لإستيراد مواد البناء (11 يونيو),قفل باب,57,90,72,,0,0,0
LG40559, حوض وجه برسلين مشطوف مع رف 80 سم ,الشركة العالمية للتصدير و الإستيراد,2708,,شركة المتخصص الليبي,حوض وجه برسلين,585,750,700,معلق,0,0,0
PA30561,فيتي بالخبور 6 مم,المتفوق,,,محلات الإعتماد لإستيراد مواد البناء (11 يونيو),برغي,3.75,6,5,,0,0,0
ACOL30577,ريتي لياسة 20 سم * 20 متر,أسترا,,أَزْرَقُ,شركة الركن الجديد,ملحقات غراء البلاط و الأرضيات,19.5,30,25,,0,0,0
PE30590,مشمع ثقيل 3 * 2,الشركة العالمية للتصدير و الإستيراد,,,محلات الإعتماد لإستيراد مواد البناء (11 يونيو),التغطية والحماية,9,15,12,,0,0,0
PE30593,مشمع ثقيل 3 * 5,الشركة العالمية للتصدير و الإستيراد,,بُرْتُقَالِيّ,محلات الإعتماد لإستيراد مواد البناء (11 يونيو),التغطية والحماية,25.5,35,32,,0,0,0
PE30594,مشمع ثقيل 4 * 4,الشركة العالمية للتصدير و الإستيراد,,بُرْتُقَالِيّ,محلات الإعتماد لإستيراد مواد البناء (11 يونيو),التغطية والحماية,25.8,35,32,,0,0,0
PE30595,مشمع ثقيل 5 * 6,الشركة العالمية للتصدير و الإستيراد,,رصاصي,محلات الإعتماد لإستيراد مواد البناء (11 يونيو),التغطية والحماية,47.5,75,60,,0,0,0
LG40376, حوض وجه برسلين مع رف 80 سم ,رويال,2709,,دار الخزف للمواد الصحية (11 يونيو),حوض وجه برسلين,580,750,730,معلق,0,0,0
LG40373, حوض وجه برسلين مع رف 80 سم ,رويال,2717,,دار الخزف للمواد الصحية (11 يونيو),حوض وجه برسلين,485,650,600,معلق,0,0,0
LG40402, حوض وجه برسلين مع رف 80 سم ,رويال,2716,,دار الخزف للمواد الصحية (11 يونيو),حوض وجه برسلين,485,650,600,معلق,0,0,0
LG40368, حوض وجه برسلين مشطوف 80 سم ,سانيتاري ويرز,2711,,دار الخزف للمواد الصحية (11 يونيو),حوض وجه برسلين,400,600,540,معلق,1,-1,0
EG40373,رف حوض وجه برسلين 80 سم,سانيتاري ويرز,2711,,دار الخزف للمواد الصحية (11 يونيو),رف حوض وجه برسلين,185,350,280,معلق,1,-1,0
LG40401, حوض وجه برسلين مشطوف مع رف 80 سم ,الشركة العالمية للتصدير و الإستيراد,2710,,شركة المتخصص الليبي,حوض وجه برسلين,400,750,700,معلق,0,0,0
LG40403, حوض وجه برسلين مشطوف مع رف 80 سم ,الشركة العالمية للتصدير و الإستيراد,2711,,شركة المتخصص الليبي,حوض وجه برسلين,585,750,700,معلق,0,0,0
PE30371,فوم 750 غرام,بولبو,PF480,,مجموعة الخليج,المواد اللاصقة و العازلة,16,20,17.5,,0,0,0
PE30378,طلاء عاز ل مطاطي اكسترا 1 كغ,الواحة,العازل اكسترا,أبيض,مجموعة بن عمر BEN AMOR Group,الجدران والسقف,16.5,20,19,,0,0,0
PE30379,طلاء عاز ل مطاطي اكسترا 3 كغ,الواحة,العازل اكسترا,أبيض,مجموعة بن عمر BEN AMOR Group,الجدران والسقف,42.5,50,49,,0,0,0
PE30380,طلاء عاز ل مطاطي اكسترا 5 كغ,الواحة,العازل اكسترا,أبيض,مجموعة بن عمر BEN AMOR Group,الجدران والسقف,68.5,80,79,,0,0,0
PE30381,طلاء عاز ل مطاطي اكسترا 10 كغ,الواحة,العازل اكسترا,أبيض,مجموعة بن عمر BEN AMOR Group,الجدران والسقف,137,155,152,,0,0,0
PE30382,طلاء عاز ل مطاطي اكسترا 15 كغ,الواحة,العازل اكسترا,أبيض,مجموعة بن عمر BEN AMOR Group,الجدران والسقف,205,230,227,,0,0,0
PE30383,طلاء عاز ل مطاطي اكسترا 3 كغ,الواحة,العازل اكسترا,شفاف,مجموعة بن عمر BEN AMOR Group,الجدران والسقف,35,40,39,,0,0,0
PE30384,طلاء عاز ل مطاطي اكسترا 5 كغ,الواحة,العازل اكسترا,شفاف,مجموعة بن عمر BEN AMOR Group,الجدران والسقف,53,60,59,,0,0,0
PE30385,طلاء عاز ل مطاطي اكسترا 10 كغ,الواحة,العازل اكسترا,شفاف,مجموعة بن عمر BEN AMOR Group,الجدران والسقف,105,120,117,,0,0,0
PE30386,طلاء عاز ل مطاطي اكسترا 15 كغ,الواحة,العازل اكسترا,شفاف,مجموعة بن عمر BEN AMOR Group,الجدران والسقف,155,175,172,,0,0,0
PE30387,طلاء عاز ل مطاطي  1 كغ,الواحة,العازل,أبيض,مجموعة بن عمر BEN AMOR Group,الجدران خارجي,14,20,17,,0,0,0
PE30388,طلاء عاز ل مطاطي  5 كغ,الواحة,العازل,أبيض,مجموعة بن عمر BEN AMOR Group,الجدران خارجي,55,65,62,,0,0,0
PE30391,طلاء عاز ل مطاطي  3 كغ,الواحة,العازل,شفاف,مجموعة بن عمر BEN AMOR Group,الجدران خارجي,27,40,37,,0,0,0
PE30392,طلاء عاز ل مطاطي  5 كغ,الواحة,العازل,شفاف,مجموعة بن عمر BEN AMOR Group,الجدران خارجي,45,53,50,,0,0,0
PE30393,طلاء عاز ل مطاطي  10 كغ,الواحة,العازل,شفاف,مجموعة بن عمر BEN AMOR Group,الجدران خارجي,80,95,92,,0,0,0
PE30394,طلاء عاز ل مطاطي  15 كغ,الواحة,العازل,شفاف,مجموعة بن عمر BEN AMOR Group,الجدران خارجي,120,135,132,,0,0,0
ML30370,مرايا حمام مع إضاءة لد 80*60 سم,سانيتاري ويرز,1442,,دار الخزف للمواد الصحية (11 يونيو),مراية مضيئة,105,160,140,مربع,0,0,0
ML30371,مرايا حمام مع إضاءة لد 80*60 سم,سانيتاري ويرز,1429,,دار الخزف للمواد الصحية (11 يونيو),مراية مضيئة,105,160,140,مربع,0,0,0
ML30372,مرايا حمام مع إضاءة لد 80*60 سم,سانيتاري ويرز,1432,,دار الخزف للمواد الصحية (11 يونيو),مراية مضيئة,105,160,140,مربع,0,0,0
ML30373,مرايا حمام مع إضاءة لد 80*60 سم,سانيتاري ويرز,1437,,دار الخزف للمواد الصحية (11 يونيو),مراية مضيئة,105,160,140,مربع,0,0,0
ML30374,مرايا حمام مع إضاءة لد مع اطار أسود 80*60 سم,سانيتاري ويرز,1440,أسود,دار الخزف للمواد الصحية (11 يونيو),مراية مضيئة,145,210,185,مربع,1,-1,0
ML30377,مرايا حمام مع إضاءة لد دائرية مع اطار 60سم,سانيتاري ويرز,MB60,,دار الخزف للمواد الصحية (11 يونيو),مراية مضيئة,165,260,220,دائري,0,0,0
ML30378,مرايا حمام مع إضاءة لد دائرية مع اطار 80سم,سانيتاري ويرز,MB80,,دار الخزف للمواد الصحية (11 يونيو),مراية مضيئة,185,280,240,دائري,0,0,0
ML30379,مرايا حمام مع إضاءة لد 100*80 سم,سانيتاري ويرز,293A,,دار الخزف للمواد الصحية (11 يونيو),مراية مضيئة,155,240,200,مربع,0,0,0
ML30380,مرايا حمام مع إضاءة لد دائرية بالعلاقة مع اطار أسود 60سم,سانيتاري ويرز,1213,أسود,دار الخزف للمواد الصحية (11 يونيو),مراية مضيئة,155,250,200,لاد,0,0,0
ML10381,خلاط حوض وجه  كروم,ليسو,JR031-36,كروم,دار الخزف للمواد الصحية (11 يونيو),خلاط حوض وجه,85,140,110,,0,0,0
ARSB80045,مخرج شطاف مع علاق كروم,سانيتاري ويرز,I.DOWAS 1109a,كروم,شركة المضمونة للبناء,مخرج شطاف,55,100,75,دائري,0,0,0
ARSB8052,مخرج شطاف مع علاق ذهبي,مجموعة بن عمر,48593,ذهبي,مجموعة بن عمر BEN AMOR Group,مخرج شطاف,70,100,85,دائري,0,0,0
WA40080,غطاء مقعد 9009 أبيض ,مجموعة بن عمر,,أبيض,مجموعة بن عمر BEN AMOR Group,غطاء مقعد,30,70,50,دائري,0,0,0
LG40083,طقم حوض وجه برسلي 90سم,سانيتاري ويرز,A05,,دار الخزف للمواد الصحية (11 يونيو),حوض وجه برسلين,520,750,720,معلق,0,0,0
ARSB8079,مصب دوش طويل بتحويلة كروم,توريما,0327411-T40,كروم,  شركة أجياد ليبيا ,مصب دوش,330,400,325,مربع,0,0,0
PA30086,فيتي 5 * 50مم 60 قطعة,باركسايد,,برنزي,تولين للبضائع الأوروبية,برغي,5,12,9,,0,0,0
PA30087,فيتي 4 * 40مم 120 قطعة,باركسايد,,برنزي,تولين للبضائع الأوروبية,برغي,5,12,9,,0,0,0
PA30088,فيتي 5 * 60مم 40 قطعة,باركسايد,,برنزي,تولين للبضائع الأوروبية,برغي,5,12,9,,0,0,0
RFP1094,"فسيبلي "" 1/2 أنثى * ""1/2 أنثى 60سم",سانيتاري ويرز,,كروم,محلات الإعتماد لإستيراد مواد البناء (11 يونيو),فسيبلي,13.5,20,18,دائري,0,0,0
RO10095,مسكر زاوية  ''1/2 * ''1/2 كروم,سانيتاري ويرز,,كروم,محلات الإعتماد لإستيراد مواد البناء (11 يونيو),حنفية,6.75,15,10,دائري,0,0,0
RO10096,مسكر زاوية  ''1/2 * ''1/2 كروم,فيرمر,,كروم,محلات الإعتماد لإستيراد مواد البناء (11 يونيو),حنفية,14.5,20,19,دائري,-1,1,0
SI10098,سلكون  280 غرام شفاف,بوڨاتي,SIGPLL,شفاف,دار الخزف للمواد الصحية (11 يونيو),سلكون,15,20,17,,0,0,0
WS10016,مقعد معلق مع صندوق خارجي أبيض ,سانيتاري ويرز,2194,أبيض,دار الخزف للمواد الصحية (11 يونيو),مقعد معلق,570,970,900,دائري,0,0,0
EL10018,حوض مطبخ ستانلس ستيل   304 50.5*55 كروم,أسيل,AS 383,كروم,دار الخزف للمواد الصحية (11 يونيو),حوض مطبخ ستانلس ستيل,345,490,450,فردي,0,0,0
ME10022,خلاط حوض المطبخ شجرة كروم,شيزا,NOVA U SPOUT,كروم,  شركة أجياد ليبيا ,خلاط حوض المطبخ شجرة,155,240,200,,0,0,0
ML10057,خلاط حوض وجه  15 سم كروم ,شيزا,ROBIN,كروم,  شركة أجياد ليبيا ,خلاط حوض وجه,190,290,230,قصير,0,0,0
ML10058,خلاط حوض وجه  15 سم كروم ,شيزا,LAYER,كروم,  شركة أجياد ليبيا ,خلاط حوض وجه,150,240,150,قصير,0,0,0
MT30027,خلاط شطاف مع شطاف كروم ,شيزا,MELLOW,كروم,  شركة أجياد ليبيا ,خلاط شطاف,130,210,165,,0,0,0
ML10060,خلاط حوض وجه أسود ,شيزا,COBRA 45578 BL,أسود,  شركة أجياد ليبيا ,خلاط حوض وجه,250,390,310,قصير,0,0,0
ML10070,خلاط حوض وجه طويل كروم ,شيزا,GLAYOR,كروم,  شركة أجياد ليبيا ,خلاط حوض وجه,125,200,160,دائري,0,0,0
ARSB80028,سماعة دوش مع طوبو كروم,توريما,1372-006,كروم,  شركة أجياد ليبيا ,سماعة دوش,95,170,120,مربع,0,0,0
VP20102,حوض وجه فوق الرخام أبيض ,سانيتاري ويرز,2135,أبيض,دار الخزف للمواد الصحية (11 يونيو),حوض فوق الرخام,95,250,220,مربع,0,0,0
AM0103,دولاب حمام 80 سم أبيض,سانيتاري ويرز,2135,أبيض,دار الخزف للمواد الصحية (11 يونيو),دولاب حمام,500,800,750,,0,0,0
AB10104,خزانة حمام أبيض ,سانيتاري ويرز,2135,أبيض,دار الخزف للمواد الصحية (11 يونيو),خزانة حمام,250,400,320,بي في سي,0,0,0
ML30105,مرايا حمام مع إضاءة لد 80*60 سم,سانيتاري ويرز,2135,,دار الخزف للمواد الصحية (11 يونيو),مراية مضيئة,130,300,240,لاد,0,0,0
AM0106,حوض وجه مع دولاب حمام -80 سم,سانيتاري ويرز,5027,أبيض,دار الخزف للمواد الصحية (11 يونيو),دولاب حمام,600,1000,900,بي في سي,1,-1,0
AB10107,خزانة حمام أبيض ,سانيتاري ويرز,5027,أبيض,دار الخزف للمواد الصحية (11 يونيو),خزانة حمام,255,400,320,بي في سي,1,-1,0
ML30108,مرايا حمام مع إضاءة لد 80*60 سم,سانيتاري ويرز,5027,,دار الخزف للمواد الصحية (11 يونيو),مراية مضيئة,100,250,200,لاد,1,-1,0
ML30109,مرايا حمام مع إضاءة لد 80*60 سم,سانيتاري ويرز,9126C,,دار الخزف للمواد الصحية (11 يونيو),مراية مضيئة,100,250,200,لاد,0,0,0
AB10110,خزانة حمام أبيض ,سانيتاري ويرز,9126C,أبيض,دار الخزف للمواد الصحية (11 يونيو),خزانة حمام,255,400,320,بي في سي,0,0,0
AM0111,حوض وجه مع دولاب حمام -80 سم,سانيتاري ويرز,9126C,أبيض,دار الخزف للمواد الصحية (11 يونيو),دولاب حمام,600,1000,900,بي في سي,0,0,0
VP20119,حوض وجه فوق الرخام 100 سم أبيض,سانيتاري ويرز,9135,أبيض,دار الخزف للمواد الصحية (11 يونيو),حوض فوق الرخام,350,600,500,,1,-1,0
AM0120,دولاب حمام 100 سم أبيض,سانيتاري ويرز,9135,أبيض,دار الخزف للمواد الصحية (11 يونيو),دولاب حمام,700,1000,930,,1,-1,0
ML30121,مرايا حمام مع إضاءة لد 90 سم,سانيتاري ويرز,9135,,دار الخزف للمواد الصحية (11 يونيو),مراية مضيئة,240,350,300,لاد,1,-1,0
PD20122,حاجز دوش 8 مم  مضبب190*100  سم,ليسو,WIC-100D,,دار الخزف للمواد الصحية (11 يونيو),حاجز دوش,395,680,600,,0,0,0
PD20123,حاجز دوش 8 مم  مضبب120  سم,ليسو,WIC-120D,,دار الخزف للمواد الصحية (11 يونيو),حاجز دوش,495,750,700,,0,0,0
PD20124,حاجز دوش 8 مم  مضبب80  سم,ليسو,WIC-80D,,دار الخزف للمواد الصحية (11 يونيو),حاجز دوش,355,600,550,,0,0,0
PD20125,حاجز دوش 8 مم  مضبب90  سم,ليسو,WIC-90D,,دار الخزف للمواد الصحية (11 يونيو),حاجز دوش,370,650,600,,0,0,0
PD20126,حاجز دوش 8 مم  مربعات80  سم,ليسو,WIC-80C,شفاف,دار الخزف للمواد الصحية (11 يونيو),حاجز دوش,395,600,550,مستطيل,0,0,0
AM0127, دولاب حمام بالملحق مع مرايا لد -80 سم,سانيتاري ويرز,9126C,أبيض,دار الخزف للمواد الصحية (11 يونيو),دولاب حمام,955,1400,1320,بي في سي,0,0,0
AM0128, دولاب حمام بالملحق مع مرايا لد -100 سم,سانيتاري ويرز,9126G,أبيض,دار الخزف للمواد الصحية (11 يونيو),دولاب حمام,1080,1850,1750,بي في سي,0,0,0
AM0129, دولاب حمام بالملحق مع مرايا لد -80 سم,سانيتاري ويرز,5027,أبيض,دار الخزف للمواد الصحية (11 يونيو),دولاب حمام,955,1400,1300,بي في سي,0,0,0
AM0130,حوض وجه مع دولاب حمام مع مرايا لد-100 سم,سانيتاري ويرز,9135,أبيض,دار الخزف للمواد الصحية (11 يونيو),دولاب حمام,1290,1750,1680,بي في سي,0,0,0
AM0131, دولاب حمام بالملحق مع مرايا لد -80 سم,سانيتاري ويرز,9212,أبيض,دار الخزف للمواد الصحية (11 يونيو),دولاب حمام,255,1400,1320,بي في سي,0,0,0
AM0132, دولاب حمام بالملحق مع مرايا لد -80 سم,سانيتاري ويرز,2135,أبيض,دار الخزف للمواد الصحية (11 يونيو),دولاب حمام,975,1400,1320,بي في سي,0,0,0
ARSB80030,شطاف ظغط دائري مع طوبو كروم,توريما,1372-018,كروم,  شركة أجياد ليبيا ,شطاف,110,180,140,دائري,0,0,0
MTE60003,خلاط شطاف مدفون أسود ,توريما,8V000BB-093,أسود,  شركة أجياد ليبيا ,خلاط شطاف مدفون,485,870,870,,0,0,0
MDE50051,خلاط دوش مدفون كروم ,توريما,8X01011-094,كروم,شركة الركن الجديد,خلاط دوش مدفون,310,480,380,مربع,0,0,0
MT30005,خلاط شطاف كروم,توريما,EDGE 8E25211-040,كروم,  شركة أجياد ليبيا ,خلاط شطاف,180,280,225,,0,0,0
MD20014,خلاط دوش كروم,توريما,8E16011-090,كروم,دار الخزف للمواد الصحية (11 يونيو),خلاط دوش,335,510,410,,0,0,0
ML10011,خلاط حوض وجه كروم ,توريما,BLOG 8G54511-T40,كروم,  شركة أجياد ليبيا ,خلاط حوض وجه,615,930,745,طويل,0,0,0
MLE40007,خلاط حوض وجه مدفون مع مَصَب كروم,توريما,VELVET 8V31311-090,كروم,  شركة أجياد ليبيا ,خلاط حوض وجه مدفون,510,890,890,مربع,0,0,0
MD20015,خلاط دوش كروم,توريما,MERIDA 8Q16011-093,كروم,  شركة أجياد ليبيا ,خلاط دوش,345,530,420,,0,0,0
MM30008,خلاط حوض المطبخ حائطي كروم,توريما,MERIDA 8Q91211-040,كروم,  شركة أجياد ليبيا ,خلاط حوض المطبخ حائطي,295,450,360,مربع,0,0,0
ME10014,خلاط حوض المطبخ شجرة كروم,توريما,TAG 8L52711-040,كروم,  شركة أجياد ليبيا ,خلاط حوض المطبخ شجرة,150.625,240,190,دائري,0,0,0
MM30012,خلاط حوض المطبخ حائطي كروم,توريما,BLOG 8G91011-043,كروم,  شركة أجياد ليبيا ,خلاط حوض المطبخ حائطي,295,450,360,مربع,0,0,0
MA20018,خلاط حوض المطبخ سحاب كروم,توريما,FUNZIONI 1751211-T40,كروم,  شركة أجياد ليبيا ,خلاط حوض المطبخ سحاب,530,740,590,دائري,0,0,0
ALVM50016,سيفون حوض الوجه أسود,توريما,03313BB-T42,أسود,  شركة أجياد ليبيا ,سيفون حوض الوجه,460,800,800,مربع,0,0,0
ALVM50017,سيفون حوض الوجه طويل كروم,توريما,0331311-T42,كروم,  شركة أجياد ليبيا ,سيفون حوض الوجه,190,285,230,مربع,0,0,0
ARSB80016,سماعة دوش مع طوبو مع مخرج أسود,توريما,03203BB-T40,أسود,  شركة أجياد ليبيا ,سماعة دوش,365,650,650,مربع,0,0,0
ML10012,خلاط حوض وجه كروم ,شيزا,COBRA 45578 CR,كروم,  شركة أجياد ليبيا ,خلاط حوض وجه,215,350,265,,0,0,0
ALVM50020,رأس سيفوني حوض الوجه طويل أسود,توريما,1372-002,أسود,  شركة أجياد ليبيا ,رأس سيفوني,145,230,180,دائري,-1,1,0
ME10015,خلاط حوض المطبخ شجرة كروم,فرامو,DE160CR,كروم,شركة المضمونة للبناء,خلاط حوض المطبخ شجرة,245,380,300,,0,0,0
ML10013,خلاط حوض وجه كروم ,فرامو,HO204CR,كروم,شركة الركن الجديد,خلاط حوض وجه,315,390,390,,0,0,0
ML10015,خلاط حوض وجه كروم ,فرامو,LM204TCCR,كروم,شركة الركن الجديد,خلاط حوض وجه,355,480,460,,0,0,0
ML10071,خلاط حوض وجه طويل كروم,فرامو,SM204H18TCCR,كروم,شركة الركن الجديد,خلاط حوض وجه,390,495,495,طويل,0,0,0
ML10073,خلاط حوض وجه كروم,فرامو,TU204CR,كروم,شركة الركن الجديد,خلاط حوض وجه,194,260,245,,0,0,0
MD20021,خلاط دوش مع سماعة كروم,فرامو,NM202CR,كروم,شركة المضمونة للبناء,خلاط دوش,325,440,400,,0,0,0
MTE60028,خلاط شطاف مدفون برنزي,فرامو,PA206BRO,برنزي,شركة الركن الجديد,خلاط شطاف مدفون,525,650,640,,0,0,0
ARSB80032,شطاف ظغط مع طوبو برنزي,فرامو,KIT03BRO,برنزي,شركة الركن الجديد,شطاف,290,390,355,دائري,0,0,0
ARSB80034,شطاف ظغط مع طوبو ذهبي,فرامو,KIT03ORO,ذهبي,شركة الركن الجديد,شطاف,290,400,370,دائري,0,0,0
MTE60035,خلاط شطاف مدفون كروم ,فرامو,DE206CR,كروم,شركة الركن الجديد,خلاط شطاف مدفون,160,250,200,,0,0,0
ARSB80040,شطاف ظغط مربع مع طوبو كروم,فرامو,KIT04CR,كروم,شركة المضمونة للبناء,شطاف,165,240,205,مربع,0,0,0
ARSB80041,شطاف ظغط مربع مع طوبو كروم,فرامو,KIT03CR,كروم,شركة المضمونة للبناء,شطاف,105,160,130,دائري,0,0,0
MTE60037,خلاط شطاف مدفون كروم ,دانيال,RIO R6602CR,كروم,مجموعة العربي,خلاط شطاف مدفون,160,230,190,,0,0,0
MTE60040,خلاط شطاف مدفون كروم ,دانيال,TIARA TA602GCR,كروم,مجموعة العربي,خلاط شطاف مدفون,200,330,250,مربع,0,0,0
MDE50038,خلاط دوش مدفون كروم,دانيال,TIARA TA612GCR,كروم,مجموعة العربي,خلاط دوش مدفون,345,530,420,مربع,0,0,0
MDE50039,خلاط دوش مدفون كروم,دانيال,RIO R6612CR,كروم,مجموعة العربي,خلاط دوش مدفون,380,590,475,دائري,0,0,0
ARSB80044,سماعة دوش مع طوبو كروم,دانيال,A44835PX150S,كروم,شركة آفاق المتحدة لإستيراد مواد البناء,سماعة دوش,97.5,170,150,دائري,0,0,0
ME10016,حنفية حوض المطبخ شجرة كروم,فينوس,CALVIN I,كروم,شركة لمسات البناء,حنفية حوض المطبخ,95,150,120,دائري,0,0,0
MTE60005,خلاط شطاف مدفون كروم ,فيوري,100CR7582,كروم,شركة الإزدهار مصراتة,خلاط شطاف مدفون,240,370,295,مربع,0,0,0
MDE50007,خلاط دوش مدفون كروم ,فيوري,100CR7581,كروم,شركة آفاق المتحدة لإستيراد مواد البناء,خلاط دوش مدفون,320,790,680,مربع,0,0,0
RE10004,حنفية حوض المطبخ شجرة كروم,فينوس,RACHEL I,كروم,شركة لمسات البناء,حنفية حوض المطبخ,95,150,120,دائري,0,0,0
ML10074,خلاط حوض وجه  كروم,ليسو,JR031-37,كروم,دار الخزف للمواد الصحية (11 يونيو),خلاط حوض وجه,85,140,130,,0,0,0
ML10081,خلاط حوض وجه كروم,جي اف مارك,6736D,كروم,شركة المتخصص الليبي,خلاط حوض وجه,310,450,380,مربع,0,0,0
MA20008,خلاط حوض المطبخ سحاب أسود,جي اف مارك,6229X,أسود,شركة المتخصص الليبي,خلاط حوض المطبخ سحاب,200,320,250,دائري,0,0,0
ARSB80020,كسكاس دوش مربع 300*300 مم مع قصبة كروم,دانيال,A553QSD30,كروم,مجموعة العربي,كسكاس دوش,395,680,550,مربع,0,0,0
MO10006,خلاط حوض المطبخ تحلية كروم,فيوري,73CR419,كروم,  شركة أجياد ليبيا ,خلاط حوض المطبخ تحلية,330,470,405,دائري,0,0,0
MT30007,خلاط شطاف كروم,سانيتاري واير,LEONARDO 2023-58,كروم,  شركة أجياد ليبيا ,خلاط شطاف,65,120,85,دائري,0,0,0
MD20022,خلاط دوش مع طوبو كروم,سانيتاري ويرز,PURE MOH-40,كروم,شركة العامر لإستيراد مواد البناء و الصحية,خلاط دوش,68,130,90,دائري,0,0,0
MA20020,خلاط حوض المطبخ دبل سحاب أسود كروم,سانيتاري ويرز,1130-33BN-BO-DE,أسود,تولين للبضائع الأوروبية,خلاط حوض المطبخ سحاب,225,490,280,,0,0,0
MD20133,خلاط دوش مع سماعة كروم,سانيتاري ويرز,S1002,كروم,شركة الركن الجديد,خلاط دوش,60,120,100,,0,0,0
ME10019,خلاط حوض المطبخ شجرة كروم,شيزا,FLOWER,كروم,  شركة أجياد ليبيا ,خلاط حوض المطبخ شجرة,115,190,160,دائري,0,0,0
MA20052,خلاط حوض المطبخ سحاب كروم,ليسو,,كروم,دار الخزف للمواد الصحية (11 يونيو),خلاط حوض المطبخ سحاب,225,340,270,دائري,0,0,0
MA20021,خلاط حوض المطبخ سحاب ذهبي,سانيتاري ويرز,AF-08,ذهبي,دار الخزف للمواد الصحية (11 يونيو),خلاط حوض المطبخ سحاب,170,250,210,دائري,0,0,0
ME10034,خلاط حوض المطبخ شجرة كروم,أيولي,STILE 9446,كروم,شركة ولاء الأولى,خلاط حوض المطبخ شجرة,217,340,290,دائري,0,0,0
ME10035,خلاط حوض المطبخ شجرة كروم,أيولي,STILE 9450,كروم,شركة ولاء الأولى,خلاط حوض المطبخ شجرة,190,300,235,دائري,0,0,0
MA20025,خلاط حوض المطبخ سحاب كروم,نيوأرك,STEP 900591,كروم,مجموعة الخليج,خلاط حوض المطبخ سحاب,545,600,590,دائري,0,0,0
ME10026,خلاط حوض المطبخ شجرة أسود,نيوأرك,AQUA 941881B,أسود,مجموعة الخليج,خلاط حوض المطبخ شجرة,265,330,330,مربع,0,0,0
MA20080,خلاط حوض المطبخ سحاب كروم,يولي,JR031-35,كروم,دار الخزف للمواد الصحية (11 يونيو),خلاط حوض المطبخ سحاب,245,400,260,,0,0,0
MD20018,خلاط دوش كروم,نيوأرك,MASTER 187511,كروم,مجموعة الخليج,خلاط دوش,190,290,235,,0,0,0
MD20019,خلاط دوش كروم,نيوأرك,LOFT 921041,كروم,مجموعة الخليج,خلاط دوش,125,200,160,,0,0,0
ARSB80035,سماعة دوش كروم,دانيال,A435S,كروم,مجموعة العربي,سماعة دوش,125,190,160,دائري,0,0,0
ME10038,خلاط حوض المطبخ تحلية شجرة كروم,سانيتاري ويرز,AR529,كروم,مجموعة العربي,خلاط حوض المطبخ شجرة,280,430,345,,0,0,0
ME10039,خلاط حوض المطبخ شلال شجرة رصاصي,سانيتاري ويرز,8881-10,رصاصي,شركة لمسات البناء,خلاط حوض المطبخ شجرة,155,240,195,دائري,0,0,0
ME10041,خلاط حوض المطبخ شلال شجرة أسود,سانيتاري ويرز,8881-9,أسود,شركة لمسات البناء,خلاط حوض المطبخ شجرة,155,220,180,دائري,0,0,0
ML10091,خلاط حوض وجه  كروم,شهاب,NEW MARJAN,كروم,دار الخزف للمواد الصحية (11 يونيو),خلاط حوض وجه,145,220,165,دائري,0,0,0
ML10098,خلاط حوض وجه أسود,نيوأرك,AQUA 941521B,أسود,مجموعة الخليج,خلاط حوض وجه,230,330,285,مربع,0,0,0
MT30015,خلاط شطاف مع شطاف كروم,سانيتاري ويرز,VESUN Z-9000-12,كروم,شركة المرابط,خلاط شطاف,69,110,90,,0,0,0
MT30017,خلاط شطاف مع شطاف كروم,سانيتاري ويرز,,كروم,دار الخزف للمواد الصحية (11 يونيو),خلاط شطاف,145,220,180,,0,0,0
MD20032,خلاط دوش كروم,سانيتاري ويرز,EKOL RT001,كروم,شركة البهراء العالمية الحديثة,خلاط دوش,79,140,105,,0,0,0
MT30070,خلاط شطاف كروم,نيوأرك,LOFT 9510410CM,كروم,مجموعة الخليج,خلاط شطاف,125,200,160,دائري,0,0,0
MD20059,خلاط دوش كروم,سانيتاري ويرز,AIHOM CZ445003CP,كروم,تولين للبضائع الأوروبية,خلاط دوش,200,300,250,,0,0,0
ARSB80155,شطاف ضغط مربع مع طوبو أسود,سانيتاري ويرز,,أسود,دار الخزف للمواد الصحية (11 يونيو),شطاف,28,80,40,مربع,0,0,0
ARSB80157,شطاف ظغط دائري مع طوبو كروم,سانيتاري ويرز,EURODOCCIA,كروم,  شركة أجياد ليبيا ,شطاف,27,50,40,دائري,0,0,0
ARSB80160,شطاف ظغط مع طوبو كروم,فيرمر,YLNGLB34-3,كروم,شركة لمسات البناء,شطاف,23.5,90,35,دائري,0,0,0
ARSB80162,شطاف ظغط مربع مع طوبو ذهبي,سانيتاري ويرز,FIDAR,ذهبي,شركة العامر لإستيراد مواد البناء و الصحية,شطاف,36,70,50,مربع,0,0,0
ARSB80163,شطاف ظغط مربع مع طوبو كروم,سانيتاري ويرز,FIDAR,كروم,شركة العامر لإستيراد مواد البناء و الصحية,شطاف,29,60,41,مربع,0,0,0
ARSB80164,سماعة دوش مع طوبو كروم,سانيتاري واير,BOSINI SH-01,كروم,دار الخزف للمواد الصحية (11 يونيو),سماعة دوش,25,50,35,دائري,0,0,0
ARSB80167,سماعة دوش مع طوبو كروم,سانيتاري واير,OZBEST,كروم,مجموعة الخليج,سماعة دوش,18,45,28,دائري,0,0,0
ARSB80173,سماعة دوش مع طوبو أسود,ليفرنو هوم,,أسود,تولين للبضائع الأوروبية,سماعة دوش,35,120,50,دائري,0,0,0
MT30020,خلاط شطاف مع شطاف أسود,ليمكس,LY-2270-B,أسود,شركة اعمار الجديد,خلاط شطاف,175,260,220,مربع,0,0,0
ML10101,خلاط حوض وجه كروم,سانيتاري واير,8019,كروم,شركة العامر لإستيراد مواد البناء و الصحية,خلاط حوض وجه,73,110,90,,0,0,0
ARSB80381,كسكاس دوش دائري 250 مم كروم,سانيتاري ويرز,,كروم,دار الخزف للمواد الصحية (11 يونيو),كسكاس دوش,65,120,85,دائري,0,0,0
ARSB80383,كسكاس دوش مربع 300*300 مم كروم,سانيتاري ويرز,SASSI PIERO,كروم,مجموعة العربي,كسكاس دوش,300,420,370,مربع,0,0,0
ARSB80384,كسكاس دوش دائري 200 مم مع قصبة كروم,موباكس,DAS-595,كروم,دار الخزف للمواد الصحية (11 يونيو),كسكاس دوش,79,130,105,دائري,0,0,0
ARSB80386,كسكاس دوش دائري 300 مم ذهبي,سانيتاري ويرز,W103K,ذهبي,شركة لمسات البناء,كسكاس دوش,48,100,65,دائري,0,0,0
ARSB80389,سماعة دوش مع طوبو كروم,سانيتاري ويرز,MCS60133,كروم,دار الخزف للمواد الصحية (11 يونيو),سماعة دوش,39.75,80,55,مربع,0,0,0
ARSB80392,مصب دوش مع تحويلة أسود,ليمكس,LY-4006,أسود,دار الخزف للمواد الصحية (11 يونيو),مصب دوش,88.75,150,115,مربع,0,0,0
ARSB80341,مصب دوش بدون تحويلة كروم,شيزا,48456,كروم,  شركة أجياد ليبيا ,مصب دوش,79.615,120,105,مربع,1,-1,0
ARSB80345,مصب دوش بدون تحويلة متحرك كروم,سانيتاري ويرز,VIGAROO SP80011,كروم,شركة أركان العمارة,مصب دوش,145,220,180,مربع,0,0,0
ALVM50031,سيفون حوض الوجه كروم,سانيتاري ويرز,JR079-49ZINC-SQ,كروم,دار الخزف للمواد الصحية (11 يونيو),سيفون حوض الوجه,75,160,110,مربع,0,0,0
ALVM50032,سيفون حوض الوجه كروم,سانيتاري ويرز,Modemes Design,كروم,شركة المضمونة للبناء,سيفون حوض الوجه,78,120,100,مربع,0,0,0
MT30071,خلاط شطاف مع شطاف ذهبي,نابولي,VESUN 9000ZG,ذهبي,دار الخزف للمواد الصحية (11 يونيو),خلاط شطاف,85,140,110,,0,0,0
ARSB80178,مخرج شطاف مع علاق كروم,سانيتاري ويرز,I.DOWAS 1108a,كروم,شركة المضمونة للبناء,مخرج شطاف,55,90,75,مربع,0,0,0
ART0005,مصب دوش مع تحويلة كروم,رايمر,91MD,كروم,شركة آفاق المتحدة لإستيراد مواد البناء,مصب دوش,215,430,390,دائري,0,0,0
ART0008,كسكاس دوش دائري 200*200 مم كروم,رايمر,,كروم,شركة آفاق المتحدة لإستيراد مواد البناء,كسكاس دوش,95,150,120,دائري,0,0,0
ART0009,مخرج شطاف مربع بالعلاقة كروم,رايمر,,كروم,شركة آفاق المتحدة لإستيراد مواد البناء,مخرج شطاف,95,150,120,مربع,0,0,0
ARSB80394,قصبة دوش 28 سم كروم,فينوس,,كروم,شركة لمسات البناء,قصبة دوش,26,50,38,مستطيل,0,0,0
ARSB80198,مصب دوش مع تحويلة كروم,أنكا,ANKA ANK-1011,كروم,دار الخزف للمواد الصحية (11 يونيو),مصب دوش,78,110,85,دائري,0,0,0
ALVM50393,رأس سيفوني رخامي,سانيتاري ويرز,,رخامي,دار الخزف للمواد الصحية (11 يونيو),رأس سيفوني,29,65,43,مربع,0,0,0
ALVM50395,رأس سيفوني كروم,سانيتاري ويرز,,كروم,دار الخزف للمواد الصحية (11 يونيو),رأس سيفوني,49,85,65,دائري,0,0,0
PE30088,سيكه فلكس مزود 600مل,تركواز سيراستايل,,,مجموعة بن عمر BEN AMOR Group,استوك,65,85,85,,0,0,0
ALVM50036,رأس سيفوني كروم,بوسيني,D-88,كروم,دار الخزف للمواد الصحية (11 يونيو),رأس سيفوني,17,40,27,دائري,0,0,0
AASB30022,حاملة ورق ناعم كروم,سانيتاري ويرز,2668,كروم,دار الخزف للمواد الصحية (11 يونيو),اكسسوارات,55,90,75,,0,0,0
AASB30040,مجفف شعر أبيض,جي اف مارك,889,أبيض,  شركة أجياد ليبيا ,اكسسوارات,110,180,140,حائطي,0,0,0
AASB30046,موزع ورق منظف كلينكس أبيض,سانيتاري ويرز,C2 W,أبيض,شركة لمسات البناء,اكسسوارات,49,90,75,حائطي,0,0,0
AASB30050,صابونية ذهبي,بريمكس,6100K-69,ذهبي,دار الخزف للمواد الصحية (11 يونيو),اكسسوارات,70,120,95,حائطي,0,0,0
AASB30063,صابونية كروم,ونكو,BOSIO SHINE,كروم,تولين للبضائع الأوروبية,اكسسوارات,18.75,50,35,دائري,0,0,0
AASB30068,حاملة فرشاة أسنان زوجية كروم,ونكو,BOSIO SHINE,كروم,تولين للبضائع الأوروبية,اكسسوارات,33.75,60,40,دائري,0,0,0
AASB30070,موزع صابون سائل كروم,ونكو,PUERTO RICO,كروم,تولين للبضائع الأوروبية,اكسسوارات,24,50,35,دائري,0,0,0
AASB30081,حاملة فرشاة أسنان كروم,KBM,3112,كروم,مجموعة الخليج,اكسسوارات,35,75,52,مربع,0,0,0
AASB30082,حاملة ورق ناعم أسود,سانيتاري ويرز,2668,أسود,مجموعة الخليج,اكسسوارات,30,60,50,دائري,0,0,0
AASB30086,صابونية كروم,KBM,4017,كروم,مجموعة الخليج,اكسسوارات,35,75,50,دائري,0,0,0
AASB30087,حاملة فرشاة أسنان كروم,KBM,4015,كروم,مجموعة الخليج,اكسسوارات,35,75,52,دائري,0,0,0
AASB30089,حاملة فرشاة أسنان كروم,سانيتاري ويرز,AVATAR,كروم مطفي,نوكسي تركيا,اكسسوارات,35,75,52,مربع,0,0,0
AASB30091,حاملة ورق ناعم كروم,KBM,3102/1,كروم,مجموعة الخليج,اكسسوارات,40,70,60,دائري,0,0,0
AASB30093,رف زاوية زوجي زجاجي كروم,جي اف مارك,3524-2Y,كروم,شركة المتخصص الليبي,اكسسوارات,135,210,170,زوجي,0,0,0
AASB30097,حاملة منظفات زوجي كروم,سانيتاري ويرز,,كروم,تولين للبضائع الأوروبية,اكسسوارات,30,60,42,مربع,0,0,0
AASB30098,موزع صابون ابيض,سانيتاري ويرز,202B WHITE,أبيض,شركة لمسات البناء,اكسسوارات,36,70,50,حائطي,0,0,0
AASB30099,موزع صابون أسود,سانيتاري ويرز,202C BLACK,أسود,شركة لمسات البناء,اكسسوارات,38,75,50,حائطي,0,0,0
AASB30100,موزع صابون أسود,ونكو,24589100,أسود,تولين للبضائع الأوروبية,اكسسوارات,20,50,35,حائطي,0,0,0
AASB30101,موزع صابون ابيض,ونكو,24588100,أبيض,تولين للبضائع الأوروبية,اكسسوارات,20,50,35,حائطي,0,0,0
AASB30102,موزع صابون كروم,ونكو,24587100,كروم,تولين للبضائع الأوروبية,اكسسوارات,20,50,35,حائطي,0,0,0
AASB30108,فرشاة تنظيف مرحاض كروم,سانيتاري ويرز,KW06,كروم,دار الخزف للمواد الصحية (11 يونيو),اكسسوارات,45,65,50,مربع,0,0,0
AASB30109,فرشاة تنظيف مرحاض كروم,سانيتاري ويرز,2671,كروم,دار الخزف للمواد الصحية (11 يونيو),اكسسوارات,90,150,115,مربع,0,0,0
ML10110,خلاط حوض وجه كروم,بالمو,SG19164-2,كروم,مجموعة الشريف,خلاط حوض وجه,73.5,150,120,مربع,0,0,0
MT30111,خلاط شطاف مع شطاف كروم,بالمو,SG19164-12,كروم,مجموعة الشريف,خلاط شطاف,62,130,90,مربع,0,0,0
MD20112,خلاط دوش كروم,بالمو,SG19164-1,كروم,برستيج لإستيراد المواد الصحية,خلاط دوش,84,170,120,مربع,0,0,0
ART0017,وصلة مسطرة دوش50سم ,فينوس,,كروم,شركة لمسات البناء,طوبو دوش,12,30,20,,0,0,0
AASB30113,فرشة مرحاض كروم,ونكو,ELEGANCE,كروم,تولين للبضائع الأوروبية,اكسسوارات,33.75,120,90,دائري,0,0,0
AASB30116,حاملة منظفات زوجي كروم,سانيتاري ويرز,BAATH,كروم,تولين للبضائع الأوروبية,اكسسوارات,30,60,42,مربع,0,0,0
AASB30117,حاملة منظفات زوجي كروم,فينوس,VE-35,كروم,شركة لمسات البناء,اكسسوارات,75,120,100,دائري,0,0,0
AASB30120,صابونية أسود,ونكو,BOSIO BLACK,أسود,تولين للبضائع الأوروبية,اكسسوارات,18.75,60,45,مربع,0,0,0
ART0021,خلاط حوض المطبخ شجرة كروم,فينوس,SVS2,كروم مطفي,شركة لمسات البناء,خلاط حوض المطبخ شجرة,110,220,180,,0,0,0
ART0026,حاملة فوط كروم,فينوس,SA-02,كروم,شركة لمسات البناء,اكسسوارات,73,120,95,مربع,0,0,0
ART0032,سماعة دوش مع طوبو كروم,فينوس,HSS422,كروم,شركة لمسات البناء,سماعة دوش,49.47,85,60,دائري,0,0,0
ART0034,سماعة دوش مع طوبو كروم,فينوس,,كروم,شركة لمسات البناء,سماعة دوش,46,75,60,دائري,0,0,0
ART0035,سماعة دوش مع طوبو كروم,فينوس,1520,كروم,شركة لمسات البناء,سماعة دوش,48,75,60,دائري,0,0,0
ARSB80036,سماعة دوش مع طوبو كروم,بريمكس,SR536D,كروم,شركة لمسات البناء,سماعة دوش,68,110,90,مربع,0,0,0
MC10038,سرفنتينة 15 سم * 15 سم كروم ,فينوس,F609 SATIN,كروم,شركة لمسات البناء,مجرى,58,90,75,مربع,0,0,0
AASB30122,رف فردي 50 سم ,جي اف مارك,3511-1Y,كروم,شركة المتخصص الليبي,اكسسوارات,75,120,100,فردي,0,0,0
PS20123,علاقة ملابس ثلاثية كروم,KBM,4033,كروم,مجموعة الخليج,علاقة مناشف,57.5,90,75,معلق,0,0,0
PS20126,علاقة ملابس سداسية,سانيتاري ويرز,,كروم,  شركة أجياد ليبيا ,علاقة مناشف,12,25,20,معلق,0,0,0
CD40036,مسطرة دوش زوجية كروم,فينوس,TOP3301,كروم,شركة لمسات البناء,مسطرة دوش,225,350,290,,0,0,0
CD40037,مسطرة دوش زوجية كروم,فينوس,TOP3302,كروم,شركة لمسات البناء,مسطرة دوش,221.625,350,290,مستطيل,0,0,0
ART0038,طوبو شطاف 120 سم كروم,فينوس,,كروم,شركة لمسات البناء,طوبو شطاف,18,45,45,,0,0,0
PS20127,علاقة ملابس رباعية,سانيتاري ويرز,,كروم,دار الخزف للمواد الصحية (11 يونيو),علاقة مناشف,10,25,15,معلق,0,0,0
PS20129,علاقة مناشف كروم,سانيتاري ويرز,,كروم,دار الخزف للمواد الصحية (11 يونيو),علاقة مناشف,25,50,35,معلق,0,0,0
AASB30131,رف زجاجي كروم,بلوميس,AREO,كروم,تولين للبضائع الأوروبية,اكسسوارات,80,130,100,دائري,0,0,0
PS20136,علاقة مناشف أسود,ديكسا,A.1735.S,أسود,نوكسي تركيا,علاقة مناشف,85,135,105,مربع,0,0,0
AASB30137,صابونية أسود,ديكسا,1703.S,أسود,نوكسي تركيا,اكسسوارات,60,95,80,مربع,0,0,0
AASB30138,حاملة فرشاة أسنان أسود,ديكسا,1704.S,أسود,نوكسي تركيا,اكسسوارات,60,100,80,مربع,0,0,0
PS20142,علاقة مناشف أسود,سانيتاري ويرز,MILET 37006-K,أسود,نوكسي تركيا,علاقة مناشف,65,110,90,مربع,0,0,0
AASB30143,مسند لكبار السن كروم,ونكو,SECURA,كروم,تولين للبضائع الأوروبية,اكسسوارات,40,80,55,,0,0,0
AASB30145,حاملة فوط كروم,KBM,3118,كروم,مجموعة الخليج,اكسسوارات,36,70,50,حائطي,0,0,0
AASB30146,حاملة فوط كروم,KBM,4022,كروم,مجموعة الخليج,اكسسوارات,40,70,50,مربع,0,0,0
AASB30147,حاملة فوط كروم,KBM,204008,كروم,مجموعة الخليج,اكسسوارات,31,70,50,مربع,0,0,0
AASB30152,حاملة فوط كروم,سانيتاري ويرز,Kairo chrom,كروم,تولين للبضائع الأوروبية,اكسسوارات,40,70,55,مربع,0,0,0
AASB30153,حاملة فوط أسود,سانيتاري ويرز,MILET 37007-K,أسود,نوكسي تركيا,اكسسوارات,65,85,110,دائري,0,0,0
AASB30156,حاملة فوط كروم,سانيتاري ويرز,NEPTUN,كروم,نوكسي تركيا,اكسسوارات,40,70,55,دائري,0,0,0
SA10158,طقم اكسسوار خزف ثلاثي رصاصي,سانيتاري ويرز,EKOSTIL,رصاصي,تولين للبضائع الأوروبية,طقم اكسسوارات,33,75,50,دائري,0,0,0
ARSB80187,كسكاس دوش دائري 250 مم مع قصبة كروم,سانيتاري ويرز,MAF ELSEAH,كروم,دار الخزف للمواد الصحية (11 يونيو),كسكاس دوش,56,100,75,دائري,0,0,0
ML10159,خلاط حوض وجه كروم,سانيتاري ويرز,WD-07,كروم,شركة العامر لإستيراد مواد البناء و الصحية,خلاط حوض وجه,48,110,65,مربع,0,0,0
ML10160,خلاط حوض وجه كروم,سانيتاري ويرز,FIR-79,كروم,دار الخزف للمواد الصحية (11 يونيو),خلاط حوض وجه,61,125,80,مربع,0,0,0
ML10161,خلاط حوض وجه أسود,سانيتاري ويرز,2308073,أسود,دار الخزف للمواد الصحية (11 يونيو),خلاط حوض وجه,69,150,110,دائري,0,0,0
ML10162,خلاط حوض وجه كروم,سانيتاري ويرز,D-2,كروم,شركة العامر لإستيراد مواد البناء و الصحية,خلاط حوض وجه,48,110,65,دائري,0,0,0
MD20163,خلاط دوش أسود,سانيتاري ويرز,2308070,أسود,دار الخزف للمواد الصحية (11 يونيو),خلاط دوش,85,160,100,دائري,0,0,0
ARSB80210,مخرج شطاف مع علاق كروم,سانيتاري ويرز,KOD SB010,كروم,شركة أركان العمارة,مخرج شطاف,35,65,55,مربع,0,0,0
ARSB80190,يد شطاف كروم,أسترا,F1 823149011,كروم,محلات الإعتماد لإستيراد مواد البناء (11 يونيو),يد شطاف,9.5,20,15,دائري,0,0,0
PS20170,علاقة ملابس فردية أسود,سانيتاري ويرز,MILET 37011,أسود,نوكسي تركيا,علاقة مناشف,35,65,50,مربع,0,0,0
PS20172,علاقة ملابس فردية كروم,KBM,4006,كروم,نوكسي تركيا,علاقة مناشف,22.5,40,30,مربع,0,0,0
PS20173,علاقة ملابس فردية أسود,KBM,9103,أسود,مجموعة الخليج,علاقة مناشف,15,40,35,دائري,0,0,0
AASB30174,حاملة ورق ناعم أسود,ديكسا,A.1708.S,أسود,نوكسي تركيا,اكسسوارات,70,110,100,مربع,0,0,0
ARSB80249,مخرج شطاف مع علاق أسود,سانيتاري ويرز,,أسود,شركة البهراء العالمية الحديثة,مخرج شطاف,17.5,40,22,دائري,0,0,0
ARSB80247,مخرج شطاف مع علاق كروم,سانيتاري ويرز,TRD,كروم,دار الخزف للمواد الصحية (11 يونيو),مخرج شطاف,53,90,75,مربع,0,0,0
MB70177,خلاط بانيو كروم,سانيتاري ويرز,OVUS,كروم,تولين للبضائع الأوروبية,خلاط بانيو,200,320,255,دائري,0,0,0
ATWC50180,زر بتريا كروم,غروهي,38505000,كروم,دار الخزف للمواد الصحية (11 يونيو),ملحقات مقاعد,230,355,320,دائري,0,0,0
ATWC50182,زر بتريا ذهبي,سانيتاري ويرز,YC8010-3 GOLD,ذهبي,دار الخزف للمواد الصحية (11 يونيو),ملحقات مقاعد,135,200,180,مربع,0,0,0
PS20183,علاقة مناشف كروم,KBM,4030,كروم,مجموعة الخليج,علاقة مناشف,55,110,80,مربع,0,0,0
ARSB80244,سماعة دوش كروم,سانيتاري ويرز,WS-AD054002,كروم,تولين للبضائع الأوروبية,سماعة دوش,20,40,30,دائري,0,0,0
PS20187,علاقة مناشف كروم,ونكو,PUERTO RICO,كروم,تولين للبضائع الأوروبية,علاقة مناشف,45,70,85,دائري,0,0,0
MC10188,مجرى 40 سم *7 سم كروم,فيها,,كروم,شركة المضمونة للبناء,مجرى,63.2,120,80,مستطيل,0,0,0
AASB30191,موزع صابون 750 أسود,ونكو,24586100,أسود,تولين للبضائع الأوروبية,اكسسوارات,35,70,50,حائطي,0,0,0
MC10192,سرفنتينة 15 سم * 15 سم كروم ,سانيتاري ويرز,PML,كروم,شركة المضمونة للبناء,مجرى,70,120,95,مربع,0,0,0
ALVM50194,رأس سيفوني ذهبي,سانيتاري ويرز,MAF ELSEAH,ذهبي,دار الخزف للمواد الصحية (11 يونيو),رأس سيفوني,29,55,43,دائري,0,0,0
PS20196,علاقة ملابس سداسية كروم,سانيتاري ويرز,,كروم,  شركة أجياد ليبيا ,علاقة مناشف,19.5,45,40,معلق,0,0,0
AASB30199,رف زجاجي كروم,ونكو,BOSIO ,كروم,شركة لمسات البناء,اكسسوارات,41.25,90,60,دائري,1,-1,0
PS20201,علاقة مناشف كبيرة ثلاثية ذهبي,جي اف مارك,7760K,ذهبي,  شركة أجياد ليبيا ,علاقة مناشف,130,200,70,معلق,0,0,0
ARSB80205,مخرج شطاف مع علاق كروم,سانيتاري ويرز,990,كروم,,مخرج شطاف,15.5,45,30,مربع,0,0,0
ALVM50207,رأس سيفوني كروم,دانيال,A735,كروم,شركة البهراء العالمية الحديثة,رأس سيفوني,125,175,140,دائري,0,0,0
ARSB80208,قصبة دوش مربعة 40 سم كروم,سانيتاري ويرز,,كروم,محلات الإعتماد لإستيراد مواد البناء (11 يونيو),قصبة دوش,37,65,53,مربع,0,0,0
ART0045,طلاء عاز ل مطاطي اخضر  10 كغ,الواحة,العازل اكسترا,,محلات الإعتماد لإستيراد مواد البناء (11 يونيو),الجدران والسقف,106.7,125,117,,0,0,0
SA10046,طقم اكسسوار كروم,ام سي بولو,AF-19108-14,كروم,شركة لمسات البناء,طقم اكسسوارات,85,180,150,دائري,0,0,0
PE30153,غيار موس فرش 0.5 مم,الشركة العالمية للتصدير و الإستيراد,,كروم,محلات الإعتماد لإستيراد مواد البناء (11 يونيو),موس فرش والمقص,2,5,4,,0,0,0
PD20049,حاجز دوش 90 * 190 سم 8مم أسود,تركي,SDB-03,أسود,مجموعة الخليج,حاجز دوش,703.148,1120,930,,0,0,0
PD20050,حاجز دوش 100 * 180 سم 8مم أسود,تركي,SDB-16,أسود,مجموعة الخليج,حاجز دوش,541.557,870,720,,0,0,0
BAI10051,حوض استحمام بانيو 120*80*53 سم,ساناكريل,A281,أبيض,مجموعة الخليج,حوض استحمام,1049.861,1500,1380,,0,0,0
SC10052,بوكس مستطيل 120*80 *148 سم كروم,تركي,,كروم لامع,مجموعة الخليج,بوكس حمام,679.322,1080,900,,0,0,0
SC10053,بوكس مربع  190*90 *90 سم كروم,تركي,,كروم,مجموعة الخليج,بوكس حمام,684.072,1080,900,,0,0,0
ARSB81001,شطاف ضغط مربع مع طوبو ذهبي,سانيتاري ويرز,NONAS,ذهبي,شركة العامر لإستيراد مواد البناء و الصحية,شطاف,49,110,80,مربع,0,0,0
PA30018,مفتاح بيبة رقم12مم,الشركة العالمية للتصدير و الإستيراد,AC18693,كروم,محلات الإعتماد لإستيراد مواد البناء (11 يونيو),مفاتيح,4.5,10,9,,0,0,0
PA30058,متر 7.5م,ABC,,أَصْفَرُ,محلات الإعتماد لإستيراد مواد البناء (11 يونيو),أدوات القياس والتتبع,18.5,25,13,,0,0,0
PA30060,بونته تخليط 60ملي ,الشركة العالمية للتصدير و الإستيراد,,,محلات الإعتماد لإستيراد مواد البناء (11 يونيو),أدوات الثقب,8.5,15,12,قصير,0,0,0
PE30076,لصقة دبل فيس 5 سم ,الشركة العالمية للتصدير و الإستيراد,,شفاف,محلات الإعتماد لإستيراد مواد البناء (11 يونيو),المواد اللاصقة و العازلة,5.5,10,7,,0,0,0
ALVM50058,سيفون حوض الوجه كروم,سوبال,1908A04,كروم,شركة الصداقة,سيفون حوض الوجه,165,230,200,دائري,0,0,0
MC10060,مجرى 40 سم *7 سم كروم,الشركة التونسية للمواد الصحية,IRIS+,كروم,محلات الإعتماد لإستيراد مواد البناء (11 يونيو),مجرى,44,70,55,مستطيل,0,0,0
MC10068,مجرى 30 سم *6 سم دهبي,راف,1372-DRAINER-007,ذهبي,  شركة أجياد ليبيا ,مجرى,210,320,280,مستطيل,0,0,0
MC10069,مجرى 40 سم 6* سم ذهبي,راف,1372-DRAINER-008,ذهبي,  شركة أجياد ليبيا ,مجرى,215,350,275,مستطيل,0,0,0
MC10070,مجرى 30 سم *6 سم أسود,جي اف مارك,8034X,أسود,  شركة أجياد ليبيا ,مجرى,80,355,300,مستطيل,0,0,0
MC10071,مجرى 30 سم *6 سم دهبي,جي اف مارك,8034G,ذهبي,  شركة أجياد ليبيا ,مجرى,230,350,300,مستطيل,0,0,0
ARSB80239,كسكاس دوش دائري 250 مم مع قصبة كروم,توريما,1372-BRACSOFF-001,كروم,دار الخزف للمواد الصحية (11 يونيو),كسكاس دوش,235,360,335,دائري,0,0,0
MC10077,سرفنتينة 10 سم * 10 سم كروم,فيرمر,YLN7131-10,كروم,محلات الإعتماد لإستيراد مواد البناء (11 يونيو),مجرى,10.5,25,15,مربع,0,0,0
MC10078,سرفنتينة 15 سم * 15 سم كروم,فيرمر,YLN7132-15,كروم,محلات الإعتماد لإستيراد مواد البناء (11 يونيو),مجرى,23.5,50,35,مربع,0,0,0
MC10081,سرفنتينة 15 سم * 15 سم اسود,بيورا,FD-GB-GOLD,أسود,شركة الركن الجديد,مجرى,90,125,120,مربع,0,0,0
ML10069,خلاط حوض وجه كروم,رايمر,EY1252,كروم,شركة آفاق المتحدة لإستيراد مواد البناء,خلاط حوض وجه,300,400,350,,0,0,0
AASB30121,مجفف يد ذهبي,بريمكس,6901,ذهبي,شركة لمسات البناء,اكسسوارات,118,180,150,,0,0,0
MC10099,مجرى 65سم *7 سم كروم,بيورا,DL-07-65,كروم,شركة الركن الجديد,مجرى,266.5,350,330,مستطيل,0,0,0
CD40010,مسطرة دوش زوجية كروم,ازورا ربنتري,,كروم,شركة المتخصص الليبي,مسطرة دوش,75,120,110,دائري,0,0,0
CD40003,مسطرة دوش زوجية مربعة كروم,سانيتاري ويرز,10149,كروم,دار الخزف للمواد الصحية (11 يونيو),مسطرة دوش,145,240,200,مربع,0,0,0
CD40004,مسطرة دوش زوجية مربعة كروم,سانيتاري ويرز,10130,كروم,دار الخزف للمواد الصحية (11 يونيو),مسطرة دوش,125,200,160,مربع,0,0,0
ARSB80280,مخرج شطاف ذهبي,توريما,991,ذهبي,دار الخزف للمواد الصحية (11 يونيو),مخرج شطاف,270,500,470,مربع,0,0,0
ARSB80870,مصب دوش ذهبي,دانيال,15.17.2,ذهبي,مجموعة العربي,مصب دوش,500,750,700,مربع,0,0,0
ML30071, مرايا حمام مع إضاءة لد مع بخار 60 اطار ذهبي ,سانيتاري ويرز,L320,ذهبي,شركة لمسات البناء,مراية مضيئة,225,350,300,لاد,0,0,0
AB10072,خزانة حمام أبيض ,سانيتاري ويرز,2151,أبيض,دار الخزف للمواد الصحية (11 يونيو),خزانة حمام,280,400,320,بي في سي,0,0,0
AM0073,حوض وجه مع دولاب حمام -80 سم,سانيتاري ويرز,2151,أبيض,دار الخزف للمواد الصحية (11 يونيو),دولاب حمام,600,1000,900,بي في سي,0,0,0
ML30074,مرايا حمام مع إضاءة لد 80*60 سم,سانيتاري ويرز,2151,,دار الخزف للمواد الصحية (11 يونيو),مراية مضيئة,100,250,200,لاد,0,0,0
ML30080,مرايا حمام مع إضاءة لد 80*60 سم,سانيتاري ويرز,115180,,دار الخزف للمواد الصحية (11 يونيو),مراية مضيئة,85,160,140,لاد,0,0,0
ML30081,مرايا حمام مع إضاءة لد 60*80 سم,سانيتاري ويرز,121150,,دار الخزف للمواد الصحية (11 يونيو),مراية مضيئة,85,160,140,لاد,0,0,0
CD40005,مسطرة دوش زوجية مربعة كروم,سانيتاري ويرز,3550 PATTI,كروم,دار الخزف للمواد الصحية (11 يونيو),مسطرة دوش,85,180,150,مربع,0,0,0
ML30082,مرايا حمام مع إضاءة لد 60*80 سم,سانيتاري ويرز,118150,,دار الخزف للمواد الصحية (11 يونيو),مراية مضيئة,85,160,140,لاد,0,0,0
WS10083,مقعد معلق رايملس أبيض ,GALASSIA,5486,أبيض,دار الخزف للمواد الصحية (11 يونيو),مقعد معلق,1195,1750,1700,مربع,0,0,0
EL10084,حوض مطبخ ستانلس ستيل   304 60* 45 سم,ليسو,,كروم,دار الخزف للمواد الصحية (11 يونيو),حوض مطبخ ستانلس ستيل,138,220,170,فردي,0,0,0
ML30085,مرايا حمام مع إضاءة لد 60*60 سم,سانيتاري ويرز,GAK57,,دار الخزف للمواد الصحية (11 يونيو),مراية مضيئة,75,150,120,دائري,0,0,0
CD40009,مسطرة دوش زوجية كروم,بضائع أوروبية,,كروم,دار الخزف للمواد الصحية (11 يونيو),مسطرة دوش,370,550,510,مربع,0,0,0
ML30088,مرايا حمام مع إضاءة لد 50*70 سم,سانيتاري ويرز,GAK11,,دار الخزف للمواد الصحية (11 يونيو),مراية مضيئة,65,140,110,لاد,0,0,0
ML30089,مرايا حمام مع إضاءة لد 50*70 سم,سانيتاري ويرز,GAK5,,دار الخزف للمواد الصحية (11 يونيو),مراية مضيئة,65,140,110,لاد,0,0,0
CD40011,مسطرة دوش زوجية كروم,سانيتاري ويرز,BEST,كروم,دار الخزف للمواد الصحية (11 يونيو),مسطرة دوش,98,160,140,دائري,0,0,0
ML30091,مرايا حمام مع إضاءة لد مع اطار كروم  80*60 سم,سانيتاري ويرز,2-8866,كروم مطفي,دار الخزف للمواد الصحية (11 يونيو),مراية مضيئة,125,200,170,مربع,0,0,0
CD40013,مسطرة دوش فرديه كروم,تركي,EZ-1965,كروم,مجموعة الخليج,مسطرة دوش,85,140,110,دائري,0,0,0
CD40014,مسطرة دوش فرديه كروم,كورنات,ARIELLI,كروم,تولين للبضائع الأوروبية,مسطرة دوش,95,150,120,دائري,0,0,0
AM0092, دولاب حمام حوض مع مرايا لد -90 سم,سانيتاري ويرز,9211,أبيض,دار الخزف للمواد الصحية (11 يونيو),دولاب حمام,1295,1400,1320,بي في سي,0,0,0
ARSB80238,طوبو شطاف 120 سم كروم,بضائع أوروبية,ENS2001120C,كروم,دار الخزف للمواد الصحية (11 يونيو),طوبو شطاف,38,60,50,,0,0,0
ARSB80235,وصلة مسطرة دوش30سم ,فينوس,,كروم,محلات الإعتماد لإستيراد مواد البناء (11 يونيو),طوبو دوش,8.5,25,20,,0,0,0
ARSB80234,طوبو شطاف 120 سم كروم,بضائع أوروبية,01514-000 INIFLEX,كروم,محلات الإعتماد لإستيراد مواد البناء (11 يونيو),طوبو شطاف,11.5,30,20,,0,0,0
ARSB80232,طوبو شطاف 120 سم ذهبي,سانيتاري ويرز,,ذهبي,محلات الإعتماد لإستيراد مواد البناء (11 يونيو),طوبو شطاف,10,30,20,,0,0,0
ARSB80400,مصب دوش مع تحويلة كروم,سانيتاري ويرز,EZ-3065,كروم,مجموعة الخليج,مصب دوش,97.75,150,120,مربع,0,0,0
ARSB80401,مخرج شطاف مع علاق كروم,أنكا,ANKA ANK-1015,كروم,دار الخزف للمواد الصحية (11 يونيو),مخرج شطاف,59,75,60,دائري,0,0,0
AASB30220,موزع صابون ابيض,فينوس,SD14W,أبيض,شركة لمسات البناء,اكسسوارات,26,50,37,حائطي,0,0,0
EG30093,حوض مطبخ جرانيت رملي محبب 70*50 ,سانيبال,رودا,كريمي,مجموعة الخليج,حوض مطبخ جرانيت,291,450,410,فردي,0,0,0
CD40115,مسطرة دوش لاد مع خلاط أسود,سانيتاري ويرز,PURE,أسود,شركة العامر لإستيراد مواد البناء و الصحية,مسطرة دوش,425,620,520,,0,0,0
CC10094,كولة بلاط أرضيات 20 كغ,ميولكة,POLPO P320 C1,,محلات الإعتماد لإستيراد مواد البناء (11 يونيو),كولة بلاط أرضيات,12.5,15,15,,0,0,0
EL50099,لامبة لد 20 وات,دي بي اس,E27,أسود,محلات الإعتماد لإستيراد مواد البناء (11 يونيو),المصابيح الكهربائية,4.75,8,8,,0,0,0
PE30796,طلاء مائي مطفي  4 كغ ,الواحة,الواحة لاتاكس,أبيض ناصع ,محلات الإعتماد لإستيراد مواد البناء (11 يونيو),الجدران والسقف,14.4,30,18,,0,0,0
LG40102,حوض وجه برسلين 65 سم,رويال,YB036_6,,شركة المتخصص الليبي,حوض وجه برسلين,400,600,540,معلق,0,0,0
EG40103,رف حوض وجه برسلين 65 سم,رويال,YB036_6,,شركة المتخصص الليبي,رف حوض وجه برسلين,40,150,110,معلق,0,0,0
LG40107, حوض وجه برسلين مع رف 80 سم ,رويال,YB03_3,,شركة المتخصص الليبي,حوض وجه برسلين,460,650,640,معلق,0,0,0
MTE60109,خلاط شطاف مدفون أسود ,توريما,BB000-090,أسود,دار الخزف للمواد الصحية (11 يونيو),خلاط شطاف مدفون,245,360,320,,0,0,0
MC10110,سرفنتينة 15 سم * 15 سم كروم ,بضائع أوروبية,FERPLAST 156/V,كروم,شركة المضمونة للبناء,مجرى,80,120,100,مربع,0,0,0
VS10112,حوض وجه معلق -80 سم,تركواز سيراستايل,BLUE,أبيض,شركة الصداقة,حوض وجه معلق,310,460,390,مربع,0,0,0
VS10121,حوض وجه معلق -100 سم,تركواز سيراستايل,SHARP,أبيض,شركة الصداقة,حوض وجه معلق,585,1300,680,مربع,0,0,0
CE10105,سخانة 50 لتر,ناسو,,أبيض,محلات الإعتماد لإستيراد مواد البناء (11 يونيو),سخانة,380,410,410,,0,0,0
CE10106,سخانة 80 لتر,ناسو,,أبيض,محلات الإعتماد لإستيراد مواد البناء (11 يونيو),سخانة,395,420,420,,0,0,0
WS10128,مقعد معلق رايملس أبيض ,نيوأرك,3823,أبيض,مجموعة الخليج,مقعد معلق,425,550,500,مربع,0,0,0
ML30129,مرايا حمام مع إضاءة لد 50*70 سم,سانيتاري ويرز,ML-22,,دار الخزف للمواد الصحية (11 يونيو),مراية مضيئة,87,140,110,لاد,0,0,0
ELC1108,"مطول كهرباء 4مدخل 3متر
",الشركة العالمية للتصدير و الإستيراد,,,محلات الإعتماد لإستيراد مواد البناء (11 يونيو),الأسلاك والكابلات,49.5,65,60,,0,0,0
ELC1110,"مطول كهرباء 3مدخل 5متر
",كونزا,,,محلات الإعتماد لإستيراد مواد البناء (11 يونيو),الأسلاك والكابلات,41.5,50,44,,0,0,0
EL50114,برتولامبه بدون تامينه ,دي بي اس,,أسود,محلات الإعتماد لإستيراد مواد البناء (11 يونيو),المصابيح الكهربائية,1.25,2,2,,0,0,0
ML30132,مرايا حمام مع إضاءة لد80*60 سم,سانيتاري ويرز,DIO-15-3,,دار الخزف للمواد الصحية (11 يونيو),مراية مضيئة,80,150,120,لاد,0,0,0
RO10116,مسكر زاوية  ''1/2 * ''1/2 كروم,سانيتاري ويرز,METC,كروم,محلات الإعتماد لإستيراد مواد البناء (11 يونيو),حنفية,12.5,20,15,دائري,0,0,0
PE30128,بونتة صاروخ طاسة ,اي بي سي,45,,محلات الإعتماد لإستيراد مواد البناء (11 يونيو),مثقاب كهربائي,50,75,70,,0,0,0
ML30134,مرايا حمام مع إضاءة لد 80*60 سم,كاي بي ام,,,مجموعة الخليج,مراية مضيئة,77.6,125,100,لاد,0,0,0
AM0135,دولاب حمام 100 سم أبيض,سانيتاري ويرز,9048,أبيض,دار الخزف للمواد الصحية (11 يونيو),دولاب حمام,600,910,760,,0,0,0
VS10136,حوض وجه معلق -100 سم,سانيتاري واير,9048,أبيض,دار الخزف للمواد الصحية (11 يونيو),حوض وجه معلق,300,560,500,مربع,0,0,0
ML30137,مرايا حمام مع إضاءة لد 100*80 سم,سانيتاري ويرز,9048,,دار الخزف للمواد الصحية (11 يونيو),مراية مضيئة,195,350,300,مربع,0,0,0
AM0138,دولاب حمام 100 سم مع حوض و مرآة أبيض,سانيتاري ويرز,9048,أبيض,دار الخزف للمواد الصحية (11 يونيو),دولاب حمام,1095,1650,1580,,0,0,0
AMEV50119,رقبه خلاط مطبخ ,سانيتاري ويرز,,كروم,محلات الإعتماد لإستيراد مواد البناء (11 يونيو),ملحقات خلاطات حوض المطبخ,7.5,20,18,دائري,0,0,0
AM0139,حوض وجه مع دولاب حمام مع مرآة -80 سم,سانيتاري ويرز,5025,أبيض,دار الخزف للمواد الصحية (11 يونيو),دولاب حمام,0,1550,1480,بي في سي,0,0,0
VS10140,حوض وجه معلق -90 سم,سانيتاري واير,9211,أبيض,دار الخزف للمواد الصحية (11 يونيو),حوض وجه معلق,300,560,500,مربع,2,-2,0
AB10142,خزانة حمام أبيض ,سانيتاري ويرز,EKOSE WHITE,أبيض,مجموعة الخليج,خزانة حمام,189.17,300,250,بي في سي,0,0,0
AB10143,خزانة حمام أسود ,سانيتاري ويرز,BLACK,أسود,مجموعة الخليج,خزانة حمام,200,300,250,بي في سي,0,0,0
LG40121, حوض وجه برسلين مشطوف مع رف 80 سم ,سانيتاري واير,M006,,دار الخزف للمواد الصحية (11 يونيو),حوض وجه برسلين,500,700,650,معلق,0,0,0
AB10146,خزانة حمام خشبي ,أوركا,RICATO ,خشبي,مجموعة الخليج,خزانة حمام,580,780,740,,0,0,0
VS10149,حوض وجه معلق مع عمود-43 سم,سانيتاري ويرز,DROP,أبيض,دار الخزف للمواد الصحية (11 يونيو),حوض وجه معلق,95,150,120,دائري,0,0,0
VS10150,حوض وجه معلق مع عمود أبيض -45*35سم,سانيتاري ويرز,FEBIA,أبيض,دار الخزف للمواد الصحية (11 يونيو),حوض وجه معلق,75,130,100,معلق,0,0,0
VP20151,حوض وجه فوق الرخام أبيض -35سم ,سانيتاري ويرز,PRIMA,أبيض,دار الخزف للمواد الصحية (11 يونيو),حوض فوق الرخام,145,220,190,مربع,0,0,0
VE30153,حوض وجه تحت الرخام أبيض -50سم ,ايجا فتريفاي,PINARA 91561,أبيض,مجموعة الخليج,حوض تحت الرخام,121,200,200,مربع,0,0,0
VS10155,حوض وجه معلق -65 سم,تركواز سيراستايل,ARTE,أبيض,شركة الصداقة,حوض وجه معلق,206,325,280,مربع,0,0,0
VS10156,حوض وجه معلق 85 سم,تركواز سيراستايل,PORTO,أبيض,شركة الصداقة,حوض وجه معلق,310,450,400,معلق,0,0,0
VS10157,حوض وجه معلق -60 سم,سانيتاري ويرز,MULIN,أبيض,دار الخزف للمواد الصحية (11 يونيو),حوض وجه معلق,105,200,150,مربع,0,0,0
VS10158,حوض وجه معلق -65 سم,سانيتاري ويرز,MEGA,أبيض,دار الخزف للمواد الصحية (11 يونيو),حوض وجه معلق,195,260,220,دائري,0,0,0
VS10159,حوض وجه معلق مع عمود -65 سم,سانيتاري ويرز,MEGA,أبيض,دار الخزف للمواد الصحية (11 يونيو),حوض وجه معلق,195,260,220,مربع,0,0,0
AM0161,دولاب حمام 80 سم,بضائع أوروبية,,أسود,تولين للبضائع الأوروبية,دولاب حمام,200,600,400,,0,0,0
VP20162,حوض وجه فوق الرخام أبيض ,بضائع أوروبية,,أبيض,دار الخزف للمواد الصحية (11 يونيو),حوض فوق الرخام,100,160,130,دائري,0,0,0
VP20163,حوض وجه فوق الرخام رخامي ,بضائع أوروبية,,رخامي,دار الخزف للمواد الصحية (11 يونيو),حوض فوق الرخام,150,250,200,مربع,0,0,0
AASB30165,رف زاوية زوجي اسود,بضائع أوروبية,BAD-3636,أسود,تولين للبضائع الأوروبية,اكسسوارات,30,90,65,زوجي,0,0,0
AASB30666,حاملة ورق ناعم أسود,بضائع أوروبية,,أسود,تولين للبضائع الأوروبية,اكسسوارات,10,60,50,,0,0,0
ARSB82022,شطاف ظغط دائري مع طوبو كروم,توريما,0332911-T40,كروم,دار الخزف للمواد الصحية (11 يونيو),شطاف,88,150,120,دائري,0,0,0
ARSB80992,كسكاس دوش مربع 250*250 مم مع قصبة دهبي ,توريما,1372-BRACSOFF-010,ذهبي,دار الخزف للمواد الصحية (11 يونيو),كسكاس دوش,535,800,760,مربع,0,0,0
ML10169,خلاط حوض وجه  12 سم كروم ,شيزا,ROBIN,كروم,دار الخزف للمواد الصحية (11 يونيو),خلاط حوض وجه,165,270,220,قصير,0,0,0
ARSB80998,كسكاس دوش مربع 200*200 مم كروم,بضائع أوروبية,OB03M20Q-CR,كروم,دار الخزف للمواد الصحية (11 يونيو),كسكاس دوش,95,150,135,مربع,0,0,0
ARSB80996,كسكاس دوش دائري 250 مم كروم,سانيتاري ويرز,WL30,كروم,دار الخزف للمواد الصحية (11 يونيو),كسكاس دوش,39,65,50,دائري,0,0,0
ARSB80993,كسكاس دوش مربع 250*250 مم كروم,سانيتاري ويرز,133-8,كروم,دار الخزف للمواد الصحية (11 يونيو),كسكاس دوش,65,110,95,مربع,0,0,0
ARSB80287,مخرج شطاف مع علاق كروم,سانيتاري ويرز,LUSSO 5-133,كروم,دار الخزف للمواد الصحية (11 يونيو),مخرج شطاف,53,90,70,دائري,0,0,0
CD40170,مسطرة دوش زوجية كروم,بضائع أوروبية,,كروم,دار الخزف للمواد الصحية (11 يونيو),مسطرة دوش,450,640,540,دائري,0,0,0
ARSB82122,كسكاس دوش دائري 250*250 مم مع قصبة اسود,ليمكس,LY2677R,أسود,شركة اعمار الجديد,كسكاس دوش,185,300,250,دائري,0,0,0
FAB0179,طلاء قصبة,الشركة العالمية للتصدير و الإستيراد,,,عبد المنعم ركن التشطيب,التصنيع,60,100,90,,0,0,0
CD40181,مسطرة دوش زوجية كروم,,,كروم,مجموعة بن عمر BEN AMOR Group,مسطرة دوش,130,200,175,مربع,0,0,0
ABAG50185,سيفون حوض استحمام بانيو,تركي,,أبيض,شركة البهراء العالمية الحديثة,ملحقات أحواض استحمام,35,70,45,,0,0,0
CC10189,صليبة سن ذكر 100 قطعة,الشركة العالمية للتصدير و الإستيراد,,أسود,مجموعة الشريف,كولة بلاط أرضيات,8.5,20,17,,0,0,0
ARSB80290,"مسكر شطافة ""1/2"" * ""1/2 اسود ",سانيتاري ويرز,FIDAR,أسود,محلات الإعتماد لإستيراد مواد البناء (11 يونيو),مخرج شطاف,16,35,30,مربع,0,0,0
ARSB80291,"مسكر شطافة ""1/2"" * ""1/2 كروم",سانيتاري ويرز,I.DOWAS,كروم,شركة المضمونة للبناء,مخرج شطاف,15,30,25,مربع,0,0,0
ARSB80299,"مسكر شطافة ""1/2"" * ""1/2 كروم",ام سي بولو,MAV30102,كروم,محلات الإعتماد لإستيراد مواد البناء (11 يونيو),مخرج شطاف,13.75,25,20,مربع,0,0,0
ARSB80301,"مسكر شطافة ""1/2"" * ""1/2 كروم",سانيتاري ويرز,MEDA BRIO,كروم,دار الخزف للمواد الصحية (11 يونيو),مخرج شطاف,11,20,18,مربع,0,0,0
RO10198,حنفية 1/2 ,سانيتاري ويرز,BUGATTI,كروم,محلات الإعتماد لإستيراد مواد البناء (11 يونيو),حنفية,19.679,35,28.8,دائري,0,0,0
RO10199,حنفية 3/4 ,سانيتاري ويرز,BUGATTI,كروم,محلات الإعتماد لإستيراد مواد البناء (11 يونيو),حنفية,24,40,35,دائري,0,0,0
AASB30201,أرضية دوش 54×54 سم,بضائع أوروبية,,تركوازي,تولين للبضائع الأوروبية,اكسسوارات,33.75,55,45,بلاستك,0,0,0
ALVM50205,طابة حوض الوجه,سانيتاري ويرز,,كروم,دار الخزف للمواد الصحية (11 يونيو),ملحقات أحواض مغاسل,12.5,25,18,,0,0,0
ARSB80211,شطاف ظغط مع طوبو مع مخرج كروم,PAINI,51CR133IG,كروم,الأروقة الليبية,شطاف,207,320,260,دائري,0,0,0
ARSB80252,شطاف ظغط مع طوبو مع مخرج كروم,PAINI,51CR133IG2,كروم,الأروقة الليبية,شطاف,108,200,150,دائري,0,0,0
ML10212,خلاط حوض وجه كروم ,PAINI,LE MANS 90CR205,كروم,الأروقة الليبية,خلاط حوض وجه,180,270,225,دائري,0,0,0
ML10213,خلاط حوض وجه كروم ,PAINI,DAXR SMALL 84CR205LRS,كروم,الأروقة الليبية,خلاط حوض وجه,252,380,315,مربع,0,0,0
AASB30214,صابونية أسود,سانيتاري ويرز,CAPELLA,أسود,نوكسي تركيا,اكسسوارات,60,85,80,مربع,0,0,0
AASB30216,حاملة فرشاة أسنان أسود,ديكسا,CAPELLA,أسود,نوكسي تركيا,اكسسوارات,60,100,80,مربع,0,0,0
AASB30217,حاملة فوط أسود,سانيتاري ويرز,CAPELLA,أسود,نوكسي تركيا,اكسسوارات,65,85,110,مربع,0,0,0
VP20123,حوض وجه دائري حوض فوق الرخام - 55سم,تركواز سيراستايل,ONE,أبيض,شركة المتخصص الليبي,حوض فوق الرخام,700,1000,1000,دائري,0,0,0
RS40222,بلاط ارضيات بورسلين 120 سم * 60 سم (0.360  م²),سانيتاري ويرز,,رصاصي,مخزن الزناد,بلاط الأرضيات ,36,50,45,داخلي,0,0,0
CE10223,سخانة 15 لتر,تيسي,COMPACT 15,أبيض,مجموعة الشريف,سخانة,400,570,540,,0,0,0
CE10225,سخانة 80 لتر أفقية,تيسي,HORIZONTAL-TESY-80 ,أبيض,مجموعة الشريف,سخانة,955,1150,1100,حائطي,0,0,0
PLSA0238,وردة كروم 1/2,MYVEN,ITALY,كروم,شركة العامر لإستيراد مواد البناء و الصحية,وصلة,0.82,3,2,مربع,0,0,0
MC10126,غطاء غرفة تفتيش 60*60مخفي SUS304,بيورا,,كروم,شركة الركن الجديد,مجرى,430,540,500,مربع,0,0,0
MC10127,غطاء غرفة تفتيش 70*70مخفي SUS304,بيورا,,كروم,شركة الركن الجديد,مجرى,550,690,650,مربع,0,0,0
PLSA0239,"وصلة مخفض خلاط دوش ""3/8 ذكر × ""1/2 انثى كروم",سانيتاري ويرز,,كروم,محلات الاعتماد (السراج),وصلة,2.25,10,5,دائري,0,0,0
RA20128,مثلث كروم سن داخلي 1/2,سانيتاري ويرز,,كروم لامع,دار الخزف للمواد الصحية (11 يونيو),مثلث,8.75,15,12,دائري,0,0,0
MT30009,خلاط شطاف مع شطاف كروم,سانيتاري ويرز,GROHE,كروم,شركة العامر لإستيراد مواد البناء و الصحية,خلاط شطاف,115,180,150,دائري,0,0,0
CD40234,مسطرة دوش زوجية مربعة كروم,سانيتاري ويرز,,كروم,مجموعة بن عمر BEN AMOR Group,مسطرة دوش,150,210,190,مربع,0,0,0
AECU50236,رقبة خلاط حوض مطبخ ,سانيتاري ويرز,,كروم,محلات الإعتماد لإستيراد مواد البناء (11 يونيو),ملحقات أحواض المطابخ,9.25,25,15,دائري,0,0,0
MT30240,خلاط شطاف مع شطاف كروم ,رايمر,ENERGY EYC31DP,كروم,شركة آفاق المتحدة لإستيراد مواد البناء,خلاط شطاف,305,450,420,,0,0,0
SI10133,سلكون  280 غرام شفاف,TKK,,أبيض,دار الخزف للمواد الصحية (السراج),سلكون,9.5,15,12.5,,-1,1,0
ARSB80741,مصب دوش بدون تحويلة أسود,فرامو,HO-245,أسود,شركة المضمونة للبناء,مصب دوش,300,420,380,دائري,0,0,0
PE30895,لصقة مع مجفف 400 مل,سانيتاري واير,,,محلات الاعتماد (السراج),المواد اللاصقة و العازلة,13.5,20,18,,0,0,0
EG30241,حوض مطبخ جرانيت أسود محبب 55*44 ,سانيتاري ويرز,جرمة,أسود,شركة الصداقة,حوض مطبخ جرانيت,225,370,340,فردي,0,0,0
WP20752,مقعد فرنجي أرضي أبيض,BOZFIT,5430-5330,أبيض,مجموعة الخليج,مقعد أرضي,260,400,320,أرضي,0,0,0
SA10758,طقم اكسسوار كروم,سانيتاري ويرز,2674,كروم,دار الخزف للمواد الصحية (11 يونيو),طقم اكسسوارات,75,170,150,دائري,0,0,0
ML10761,خلاط حوض وجه كروم ,توريما,BR73111-093,كروم,دار الخزف للمواد الصحية (11 يونيو),خلاط حوض وجه,255,450,450,دائري,0,0,0
EL10768,حوض مطبخ ستانلس ستيل   70*45  كروم,بريمكس,EC 20,كروم,شركة لمسات البناء,حوض مطبخ ستانلس ستيل,275,550,500,فردي,0,0,0
EL10769,حوض مطبخ ستانلس ستيل   60*45  أسود,بريمكس,EC 04,أسود,شركة لمسات البناء,حوض مطبخ ستانلس ستيل,265,500,450,فردي,0,0,0
ML10139,خلاط حوض وجه كروم,فيوري,124CR3460,كروم,دار الخزف للمواد الصحية (السراج),خلاط حوض وجه,270,390,320,,0,0,0
EG30770,حوض مطبخ جرانيت أسود  100*50 ,بلانكو,,أسود,محلات الساحل,حوض مطبخ جرانيت,350,550,500,زوجي,0,0,0
WA40772,غطاء مقعد أبيض,سانيتاري ويرز,IDEAL,أبيض,شركة الصداقة,غطاء مقعد,70,120,100,مربع,0,0,0
AASB30773,حامل كلينكس مع فرشاة تنظيف المراحيض ,سانيتاري ويرز,WENKO,كروم مطفي,شركة لمسات البناء,اكسسوارات,90,140,120,,0,0,0
WA40775,غطاء مقعد أبيض,سانيتاري ويرز,,أبيض,شركة الصداقة,غطاء مقعد,145,220,180,مربع,0,0,0
EL10143,حوض مطبخ ستانلس ستيل   70*45  أسود,سانيتاري ويرز,,أسود,شركة البهراء العالمية الحديثة,حوض مطبخ ستانلس ستيل,159.5,300,270,فردي,0,0,0
EL10144,حوض مطبخ ستانلس ستيل   80*50  أسود,سانيتاري ويرز,,أسود,شركة البهراء العالمية الحديثة,حوض مطبخ ستانلس ستيل,255,400,350,فردي,0,0,0
EL10145,حوض مطبخ ستانلس ستيل   60*45 أسود,سانيتاري ويرز,,أسود,شركة البهراء العالمية الحديثة,حوض مطبخ ستانلس ستيل,135,300,250,فردي,0,0,0
EL10146,حوض مطبخ ستانلس ستيل   50*40 أسود,سانيتاري ويرز,,أسود,شركة البهراء العالمية الحديثة,حوض مطبخ ستانلس ستيل,135,300,250,فردي,0,0,0
MA20147,خلاط حوض المطبخ سحاب أسود,سانيتاري ويرز,1002,أسود,شركة البهراء العالمية الحديثة,خلاط حوض المطبخ سحاب,95.5,150,120,,0,0,0
MA20148,خلاط حوض المطبخ سحاب كروم,سانيتاري ويرز,1001,كروم,شركة البهراء العالمية الحديثة,خلاط حوض المطبخ سحاب,99.5,200,150,,0,0,0
MT30149,خلاط شطاف مع شطاف ذهبي,سانيتاري ويرز,3003,ذهبي,شركة البهراء العالمية الحديثة,خلاط شطاف,97.5,130,110,,0,0,0
RO10159,مسكر زاوية  ''1/2 * ''1/2 ذهبي,فاردر,,ذهبي,شركة البهراء العالمية الحديثة,حنفية,14.5,30,25,مربع,0,0,0
CD40160,مسطرة دوش لاد مع خلاط ذهبي,سانيتاري ويرز,AH35-2,ذهبي,شركة البهراء العالمية الحديثة,مسطرة دوش,385,570,520,,0,0,0
RFP1780,"فسيبلي خلاط مطبخ شجرة (2طرف) ""1/2أنثى 60سم",فيرمر,,كروم,محلات الإعتماد لإستيراد مواد البناء (11 يونيو),فسيبلي,13.75,30,20,دائري,0,0,0
CD40781,مسطرة دوش زوجية اسود,ليفرنو هوم,452820,أسود,تولين للبضائع الأوروبية,مسطرة دوش,130,230,190,دائري,0,0,0
BAI10165,حوض استحمام بانيو 180*80*53 سم,ساناكريل,A116,أبيض,مجموعة الخليج,حوض استحمام,1835,2500,2400,,0,0,0
LG40788,طقم حوض وجه مع دولاب حمام -  80سم,سانيتاري ويرز,2151,,دار الخزف للمواد الصحية (11 يونيو),حوض وجه برسلين,345,1550,1300,معلق,0,0,0
AASB30789,صابونية كروم,سانيتاري ويرز,,كروم مطفي,نوكسي تركيا,اكسسوارات,35,50,42,مربع,0,0,0
AASB30801,مجفف يد أبيض,فينوس,HD-600,أبيض,شركة لمسات البناء,اكسسوارات,145,220,180,حائطي,0,0,0
ARSB80195,كسكاس دوش دائري 250 مم مع قصبة كروم,توريما,1372-BRACSOFF-002,كروم,دار الخزف للمواد الصحية (11 يونيو),كسكاس دوش,240,360,335,دائري,0,0,0
ARSB80806,شطاف ضغط دائري مع طوبو أسود,فوكس,VX-02B,أسود,شركة لمسات البناء,شطاف,61,110,90,دائري,0,0,0
CD40808,مسطرة دوش زوجية كروم,فينوس,TOP3303,كروم,شركة لمسات البناء,مسطرة دوش,221.625,350,290,,0,0,0
ARSB80490,كسكاس دوش مربع 250*250 مم كروم,ليسو, SIZE-10,كروم,دار الخزف للمواد الصحية (السراج),كسكاس دوش,65,120,90,مربع,0,0,0
PE30175,استوك 18 كغ,دهانات البحر المتوسط ,دهانات البحر المتوسط ,,دهانات البحر المتوسط فرع طرابلس,استوك,41.85,45,44,,0,0,0
PE30176,طلاء مائي داخلي 18 كغ أبيض  ,دهانات البحر المتوسط ,دهانات البحر المتوسط ,أبيض,دهانات البحر المتوسط فرع طرابلس,الجدران والسقف,55.7,60,59,A106,0,0,0
PE30196,طلاء عاز ل مطاطي اكسترا 11كغ,دهانات البحر المتوسط ,دهانات البحر المتوسط ,شفاف,دهانات البحر المتوسط فرع طرابلس,الجدران والسقف,121,130,125,,0,0,0
ME10810,خلاط حوض المطبخ شجرة كروم,أيولي,QUICK 4646,كروم,شركة ولاء الأولى,خلاط حوض المطبخ شجرة,187.5,300,235,دائري,0,0,0
ML10170,خلاط حوض وجه كروم,فيرونا ,VE20310,كروم,شركة المتوكل الحديث الدعوة الاسلامية,خلاط حوض وجه,73,120,100,,0,0,0
ME10171,خلاط حوض المطبخ ,فيرونا ,VE56470,كروم,شركة المتوكل الحديث الدعوة الاسلامية,خلاط حوض المطبخ شجرة,70,140,110,دائري,0,0,0
ME10455,خلاط حوض المطبخ شجرة كروم,شهاب,SORINA,كروم,شركة المضمونة للبناء,خلاط حوض المطبخ شجرة,165,250,220,دائري,0,0,0
ME10456,خلاط حوض المطبخ شجرة كروم,شهاب,NEW MARJAN,كروم,شركة المضمونة للبناء,خلاط حوض المطبخ شجرة,160,250,220,دائري,0,0,0
ML10813,خلاط حوض وجه  كروم,شهاب,ARIO,كروم,شركة المضمونة للبناء,خلاط حوض وجه,165,250,220,دائري,0,0,0
ME10457,خلاط حوض المطبخ شجرة كروم,شهاب,ARIO,كروم,شركة المضمونة للبناء,خلاط حوض المطبخ شجرة,150,280,240,دائري,0,0,0
LG40174, حوض وجه برسلين مشطوف 80 سم ,ليسو,C2080C,,دار الخزف للمواد الصحية (السراج),حوض وجه برسلين,400,600,540,معلق,0,0,0
EG40175,رف حوض وجه برسلين 80 سم,ليسو,C2080C,,دار الخزف للمواد الصحية (السراج),رف حوض وجه برسلين,185,350,280,معلق,0,0,0
LG40178, حوض وجه برسلين مشطوف 80 سم ,ليسو,C2080A,,دار الخزف للمواد الصحية (السراج),حوض وجه برسلين,400,600,540,معلق,0,0,0
EG40179,رف حوض وجه برسلين 80 سم,ليسو,C2080A,,دار الخزف للمواد الصحية (السراج),رف حوض وجه برسلين,185,350,280,معلق,0,0,0
LG40183, حوض وجه برسلين مشطوف 80 سم ,ليسو,A2080B,,دار الخزف للمواد الصحية (السراج),حوض وجه برسلين,300,600,540,معلق,0,0,0
LG40185, حوض وجه برسلين مشطوف 80 سم ,ليسو,A2080A,,دار الخزف للمواد الصحية (السراج),حوض وجه برسلين,300,600,540,معلق,0,0,0
EG40186,رف حوض وجه برسلين 80 سم,ليسو,A2080A,,دار الخزف للمواد الصحية (السراج),رف حوض وجه برسلين,150,350,280,معلق,0,0,0
LG40191, حوض وجه برسلين مع رف 100 سم,ليسو,B20100,,دار الخزف للمواد الصحية (السراج),حوض وجه برسلين,680,1050,860,معلق,0,0,0
LG40192, حوض وجه برسلين مشطوف مع رف 80 سم ,ليسو,C2080D,,دار الخزف للمواد الصحية (السراج),حوض وجه برسلين,585,750,700,معلق,0,0,0
LG40193, حوض وجه برسلين مشطوف مع رف 80 سم ,ليسو,A2080B,,دار الخزف للمواد الصحية (السراج),حوض وجه برسلين,450,750,600,معلق,0,0,0
LG40194, حوض وجه برسلين مشطوف مع رف 80 سم ,ليسو,C2080A,,دار الخزف للمواد الصحية (السراج),حوض وجه برسلين,585,750,700,معلق,0,0,0
LG40196, حوض وجه برسلين مشطوف مع رف 80 سم ,ليسو,3080,,دار الخزف للمواد الصحية (السراج),حوض وجه برسلين,580,750,710,معلق,0,0,0
LG40197, حوض وجه برسلين مشطوف مع رف 80 سم ,ليسو,C2080C,,دار الخزف للمواد الصحية (السراج),حوض وجه برسلين,585,750,700,معلق,0,0,0
LG40198, حوض وجه برسلين مشطوف مع رف 80 سم ,ليسو,A2080D,,دار الخزف للمواد الصحية (السراج),حوض وجه برسلين,450,750,600,معلق,0,0,0
LG40199, حوض وجه برسلين مشطوف مع رف 80 سم ,ليسو,A2080A,,دار الخزف للمواد الصحية (السراج),حوض وجه برسلين,450,750,600,معلق,0,0,0
EL10818,حوض مطبخ ستانلس ستيل منظومة دائري بيانو 304 75*46 أسود,سانيتاري ويرز,,أسود,محلات العمارة فرع السبعة لتجارة مواد البناء,حوض مطبخ ستانلس ستيل,580,1050,990,فردي,0,0,0
PSB10826,حوض وجه مع دولاب حمام مع مراية مضيئة -80 سم ,سانيتاري ويرز,9142,أبيض,دار الخزف للمواد الصحية (11 يونيو),طقم حمام,780,1170,1000,بي في سي,0,0,0
ALVM50821,رأس سيفوني كروم,بضائع أوروبية,SASSI ART 702,كروم,محلات العمارة فرع السبعة لتجارة مواد البناء,رأس سيفوني,95,150,135,دائري,0,0,0
ML10822,خلاط حوض وجه أسود,سانيتاري ويرز,OM-35,أسود,محلات العمارة فرع السبعة لتجارة مواد البناء,خلاط حوض وجه,85,180,150,دائري,0,0,0
VS10823,حوض وجه معلق 80 سم,سانيتاري ويرز,9142,أبيض,دار الخزف للمواد الصحية (11 يونيو),حوض وجه معلق,250,400,350,,0,0,0
AM0824,دولاب حمام 80 سم أبيض,سانيتاري ويرز,9142,أبيض,دار الخزف للمواد الصحية (11 يونيو),دولاب حمام,300,450,420,,0,0,0
AM40825,مراية دولاب حمام لد -80 سم ,سانيتاري ويرز,9142,,دار الخزف للمواد الصحية (11 يونيو),مراية دولاب,100,200,150,مربع,0,0,0
AB10826,خزانة حمام 80*24*12,سانيتاري ويرز,9142,أبيض,دار الخزف للمواد الصحية (11 يونيو),خزانة حمام,130,250,180,بي في سي,0,0,0
VS10827,حوض وجه معلق -80 * 45 سم,تركي,70C80,أبيض,شركة الصداقة,حوض وجه معلق,320,480,400,مربع,0,0,0
FAB0828,طلاء أكسسوارات باب,الشركة العالمية للتصدير و الإستيراد,,,مصنع برسلين,التصنيع,50,90,90,,0,0,0
WP20397,مقعد عربي ورده أبيض45*60,سانيتاري ويرز,IDEVIT 0705-0008,أبيض,شركة بيوت العز لاستيراد مواد بناء,مقعد أرضي,190,260,230,مربع,0,0,0
ARSB80406, مصب دوش بدون تحويلة متحرك ذهبي,ليمكس,LY-2728,ذهبي,شركة رمال الجبل,مصب دوش,220,300,270,مربع,0,0,0
ARSB80450,سماعة دوش مع طوبواسود ,مونتانا س.ل,MT-4101B,أسود مطفي,شركة أركان العمارة,سماعة دوش,150,250,220,مربع,0,0,0
ARSB80452,سماعة دوش مع طوبو كروم,توريما,0140311-40,كروم,شركة أركان العمارة,سماعة دوش,90,180,145,مربع,0,0,0
SA10202,طقم اكسسوار أسود,سانيتاري ويرز,1142-5,أسود,شركة أركان العمارة,طقم اكسسوارات,195,300,250,مربع,0,0,0
RFP1402,"فسيبلي "" 1/2 أنثى * ""1/2 أنثى 50سم",سانيتاري ويرز,ايطالي,ذهبي,شعنان مواد بناء,فسيبلي,75,120,100,دائري,0,0,0
CE10204,سخانة 80 لتر,Thermex,,أبيض,شركة كرزاز لاستيراد مواد البناء ,سخانة,730,1250,1200,حائطي,0,0,0
PS20207,علاقة مناشف,سانيتاري ويرز,5-133,كروم,دار الخزف للمواد الصحية (السراج),علاقة مناشف,55,120,90,مستطيل,0,0,0
ML30209,مرايا حمام مع إضاءة لد 100*70 سم,سانيتاري ويرز,684,,دار الخزف للمواد الصحية (السراج),مراية مضيئة,125,200,190,مربع,0,0,0
PE30210,غيار روله ديكور ,الشركة العالمية للتصدير و الإستيراد,2100,,شركة مشارق العاصمة لمواد البناء والطلاء ,فرشة طلاء,2.75,10,10,,0,0,0
ARSB80223,"مسكر شطافة ""1/2"" * ""1/2 كروم",رايمر,1291212,كروم,شركة آفاق المتحدة لإستيراد مواد البناء,مخرج شطاف,26.5,55,45,مربع,0,0,0
PD20404,حاجز دوش 8 مم  مضبب80  سم,ليسو,AKD,,دار الخزف للمواد الصحية (11 يونيو),حاجز دوش,395,500,450,,0,0,0
ARSB80225,"مسكر شطافة ""1/2"" * ""1/2 كروم",سانيتاري ويرز,FIRMER YLN8872,كروم,محل سوق الثلاثاء لمواد البناء ,مخرج شطاف,22,35,28,دائري,0,0,0
PE30215,شفاط ابيض ,ABM,L20,أبيض,شركة البهراء العالمية الحديثة,مثقاب كهربائي,65.5,160,140,دائري,0,0,0
ARSB80407,شطاف ظغط دائري مع طوبو كروم,I.DOWAS,1114ZC,كروم,شركة المضمونة للبناء,شطاف,40,110,80,دائري,0,0,0
AB10220,خزانة حمام ,سانيتاري واير,,أبيض,دار الخزف للمواد الصحية (السراج),خزانة حمام,370,450,450,معلق,0,0,0
ARSB80416,وجه خلاط دوش مدفون,المتوسطية,,كروم,شركة باب الاعمار الاولى,ملحقات خلاط,30,55,45,دائري,0,0,0
MT30417,خلاط شطاف مع شطاف كروم,ليمكس,2439,كروم,شركة رمال الجبل,خلاط شطاف,200,300,250,مربع,0,0,0
ML30221,مرايا حمام مع إضاءة لد 80*60 سم,سانيتاري ويرز,3075,,دار الخزف للمواد الصحية (السراج),مراية مضيئة,120,200,200,لاد,0,0,0
ML30223,مرايا حمام مع إضاءة لد اطار اسود ,سانيتاري ويرز,3070A,,دار الخزف للمواد الصحية (السراج),مراية مضيئة,120,200,200,لاد,0,0,0
ML30224,مرايا حمام مع إضاءة لد 80*60سم ,سانيتاري ويرز,3067,,دار الخزف للمواد الصحية (السراج),مراية مضيئة,115,200,200,لاد,0,0,0
ML30225,مرايا حمام مع إضاءة لد 60*80سم ,سانيتاري ويرز,3072,,دار الخزف للمواد الصحية (السراج),مراية مضيئة,85,180,180,لاد,0,0,0
ML30226,مرايا حمام مع إضاءة لد 60*80سم ,سانيتاري ويرز,3068,,دار الخزف للمواد الصحية (السراج),مراية مضيئة,85,180,180,لاد,0,0,0
ML30227,مرايا حمام مع إضاءة لد 90*80سم ,سانيتاري ويرز,3063,,دار الخزف للمواد الصحية (السراج),مراية مضيئة,135,240,220,لاد,0,0,0
ML30228,مرايا حمام مع إضاءة لد 100*80 سم,سانيتاري ويرز,3061,,دار الخزف للمواد الصحية (11 يونيو),مراية مضيئة,145,260,240,مربع,0,0,0
ML30229,مرايا حمام مع إضاءة لد 70*70سم ,سانيتاري ويرز,3077,,دار الخزف للمواد الصحية (السراج),مراية مضيئة,100,200,180,لاد,0,0,0
ML30230,مرايا حمام مع إضاءة لد 60*80سم اطار كروم,سانيتاري ويرز,3060,,دار الخزف للمواد الصحية (السراج),مراية مضيئة,120,220,200,لاد,0,0,0
ML30231,مرايا حمام مع إضاءة لد 80*60سم ,سانيتاري ويرز,3073,,دار الخزف للمواد الصحية (السراج),مراية مضيئة,85,180,170,لاد,0,0,0
MC10421,سرفنتينة ثقيلة  15 سم * 15 سم كروم ,أكوا دزاين,AD151RS/4,كروم,مجموعة الشريف,مجرى,70,140,100,مربع,0,0,0
ARSB80427,سماعة دوش مع طوبو ذهبي,مونتانا س.ل,MT-4101G,ذهبي,مجموعة الشريف,سماعة دوش,150,250,220,مربع,0,0,0
ARSB80429,كسكاس دوش مربع  250*250 مم ذهبي مع قصبة  ,مونتانا س.ل,MT-2525SQ-G,ذهبي,مجموعة الشريف,كسكاس دوش,228,350,300,مربع,0,0,0
ARSB80600,مصب دوش بدون تحويلة كروم,أنكا,ANKA ANK-1012,كروم,شركة النخبة الفريدة لاستيراد مواد البناء,مصب دوش,77,100,90,مربع,0,0,0
ARSB80433,مخرج شطاف مع علاق كروم,مونتانا س.ل,MT-01,كروم,مجموعة الشريف,مخرج شطاف,88,135,110,مربع,0,0,0
WS10431,مقعد معلق رايملس أبيض ,ديولو,4847,أبيض,شركة النخبة الفريدة لاستيراد مواد البناء,مقعد معلق,335,550,520,مربع,0,0,0
EL10432,حوض مطبخ ستانلس ستيل   304 50 * 45 سم,أسيل,AS3466,كروم,شركة النخبة الفريدة لاستيراد مواد البناء,حوض مطبخ ستانلس ستيل,385,550,520,فردي,1,-1,0
MA20441,خلاط حوض المطبخ سحاب كروم,تركارت,TURKUAZ,كروم,مجموعة النجار لاستراد مواد البناء,خلاط حوض المطبخ سحاب,257.95,390,350,دائري,0,0,0
MD20438,خلاط دوش كروم,تركارت,KRIPTO,كروم,مجموعة النجار لاستراد مواد البناء,خلاط دوش,198.27,310,250,,0,0,0
ML10440,خلاط حوض وجه  20 سم كروم ,تركارت,KRIPTO,كروم,مجموعة النجار لاستراد مواد البناء,خلاط حوض وجه,177,270,230,طويل,0,0,0
SA10232,طقم اكسسوار كروم ,سانيتاري ويرز,HW-202,كروم,شركة البهراء العالمية الحديثة,طقم اكسسوارات,125,220,190,مربع,0,0,0
SA10234,طقم اكسسوار اسود  ,سانيتاري ويرز,HW-201,أسود مطفي,شركة البهراء العالمية الحديثة,طقم اكسسوارات,145,260,230,مربع,0,0,0
CD40237,مسطرة دوش مع خلاط اسود  ,ا بي ام انترناشونال,2007,أسود مطفي,شركة البهراء العالمية الحديثة,مسطرة دوش,435,650,600,,0,0,0
ML10244,خلاط حوض وجه كروم ,توريما,CHROME-8C33011-093,كروم,دار الخزف للمواد الصحية (السراج),خلاط حوض وجه,260,400,370,,0,0,0
EL10251,حوض مطبخ ستانلس ستيل 60*45  أسود,أسيل,AS3467,أسود,دار الخزف للمواد الصحية (السراج),حوض مطبخ ستانلس ستيل,490,880,680,فردي,0,0,0
ARSB80882,وجه خلاط شطاف مدفون كروم,رايمر,,كروم,شركة آفاق المتحدة لإستيراد مواد البناء,ملحقات خلاط,45,180,150,,0,0,0
WP20447,مقعد عربي ورده أبيض50*60,لابينو,4310,أبيض,شركة بيوت العز لاستيراد مواد بناء,مقعد أرضي,190,290,230,مربع,0,0,0
CD40449,مسطرة دوش زوجية كروم,كوتارا,TPS-621,كروم,شركة بيوت العز لاستيراد مواد بناء,مسطرة دوش,135,220,190,,0,0,0
ATWC50450,غطاء خزان,اديال سانيتار,,أبيض,شركة بيوت العز لاستيراد مواد بناء,ملحقات مقاعد,30,60,40,,0,0,0
CE10451,سخانة 80 لتر عمودية,تيسي,VERTICAL-TESY-80 ,أبيض,مجموعة الشريف,سخانة,830,1000,950,حائطي,0,0,0
CE10452,سخانة فورية مربعة,شارب,RYK-001,أبيض,شركة البهراء العالمية الحديثة,سخانة,215,330,280,حائطي,0,0,0
MD20453,خلاط دوش كروم,شهاب,NEW MARJAN,كروم,شركة المضمونة للبناء,خلاط دوش,155,240,200,دائري,0,0,0
SA10459,طقم اكسسوار كروم,ديولو,5-60-45,كروم,شركة النخبة الفريدة لاستيراد مواد البناء,طقم اكسسوارات,160,240,200,مربع,0,0,0
ARSB80466,قصبة دوش مربعة 40 سم كروم,ديولو,33-45-2250,كروم,شركة النخبة الفريدة لاستيراد مواد البناء,قصبة دوش,24,45,30,مربع,0,0,0
CD40467,مسطرة دوش زوجية كروم,I.DOWAS,S01,كروم,شركة المضمونة للبناء,مسطرة دوش,100,150,130,دائري,0,0,0
WP20480,مقعد أرضي ملحوم مربع أبيض,ب.أمور,SH-6616 ,أبيض,South Villa,مقعد أرضي,500,850,750,مربع,-1,0,1
WS10481,مقعد معلق رايملس أبيض ,ب.أمور,SH-030 ,أبيض,South Villa,مقعد معلق,355,600,480,دائري,0,0,0
WA40482,غطاء مقعد أبيض,ب.أمور,SC-SH-030 ,أبيض,South Villa,غطاء مقعد,50,100,70,دائري,0,0,0
VS10177,حوض وجه معلق أبيض,ب.أمور,SH-P131 ,أبيض,South Villa,حوض وجه معلق,260,440,350,معلق,0,0,0
ARSB80485,شطاف ظغط مربع مع طوبو ذهبي,تركي,GPD,ذهبي,معرض السرايا للمواد الصحية و الخزف,شطاف,190,290,250,مربع,0,0,0
CD40254,مسطرة دوش زوجية كروم,نيو,NUT-05XM,كروم,شركة آفاق المتحدة لإستيراد مواد البناء,مسطرة دوش,320,450,400,,0,0,0
PE30246,فوم 750 غرام,ابل,PF312,,شركة مشارق العاصمة لمواد البناء والطلاء ,المواد اللاصقة و العازلة,13.25,20,17.5,,0,0,0
PE30286,لصقة مع مجفف 400 مل,كرفت ,,,شركة مشارق العاصمة لمواد البناء والطلاء ,المواد اللاصقة و العازلة,11.75,20,17,,0,0,0
PE30296,لصقة مع مجفف 100 مل,كرفت ,,,شركة مشارق العاصمة لمواد البناء والطلاء ,المواد اللاصقة و العازلة,5.75,10,7.5,,0,0,0
SA10256,طقم اكسسوار كروم,بريمكس,Y6-9300,كروم,شركة لمسات البناء,طقم اكسسوارات,195,350,310,مربع,0,0,0
SA10257,طقم اكسسوار أسود,بريمكس,X6-9300,أسود,شركة لمسات البناء,طقم اكسسوارات,192,400,350,مربع,0,0,0
ARSB80480,مصب دوش مع تحويلة كروم,فينوس,RACHEL D1ES,كروم,شركة لمسات البناء,مصب دوش,86.68,180,160,دائري,0,0,0
AASB35261,مجفف شعر أسود,بريمكس,882X,أسود,شركة لمسات البناء,اكسسوارات,86.68,170,130,حائطي,0,0,0
PS20487,علاقة ملابس رباعية,سانيتاري ويرز,JR031-4,كروم,دار الخزف للمواد الصحية (11 يونيو),علاقة مناشف,45,150,60,معلق,0,0,0
CD40261,مسطرة دوش زوجية كروم,بريميوم,27-079,كروم,دار الخزف للمواد الصحية (السراج),مسطرة دوش,100,150,130,مربع,0,0,0
MI10263,مراية تجميل مكبرة,سانيتاري ويرز,WL20,كروم,دار الخزف للمواد الصحية (السراج),مراية,58,140,20,دائري,0,0,0
ML10265,خلاط حوض وجه  كروم,GEROME,H8005,كروم,دار الخزف للمواد الصحية (السراج),خلاط حوض وجه,335,520,500,مربع,0,0,0
ML10266,خلاط حوض وجه  كروم,INFINIT,H8001,كروم,دار الخزف للمواد الصحية (السراج),خلاط حوض وجه,360,550,500,مربع,0,0,0
ML10268,خلاط حوض وجه كروم ,أيولي,9203-TC,كروم,دار الخزف للمواد الصحية (السراج),خلاط حوض وجه,215,350,300,,0,0,0
MD20269,خلاط دوش مع سماعة كروم,أيولي,9410,كروم,دار الخزف للمواد الصحية (السراج),خلاط دوش,280,450,360,,0,0,0
ML10492,خلاط حوض وجه كروم ,بنتاقونو,117/633,كروم,شركة كرزاز لاستيراد مواد البناء ,خلاط حوض وجه,207,320,270,,0,0,0
ARSB80493,قصبة دوش مربعة 30 سم كروم,بنتاقونو,SA03-30,كروم,شركة كرزاز لاستيراد مواد البناء ,قصبة دوش,26.25,45,45,مربع,0,0,0
RO10494,مسكر زاوية  ''1/2 * ''1/2 كروم,بضائع أوروبية,SCHLOSSER 1709,كروم,شركة كرزاز لاستيراد مواد البناء ,حنفية,26.15,40,35,دائري,0,0,0
ML10495,خلاط حوض وجه كروم ,بنتاقونو,117/3002,كروم,شركة كرزاز لاستيراد مواد البناء ,خلاط حوض وجه,289,400,390,,0,0,0
ME10496,خلاط حوض المطبخ شجرة كروم,بنتاقونو,118/6705,كروم,شركة كرزاز لاستيراد مواد البناء ,خلاط حوض المطبخ شجرة,284,270,390,دائري,0,0,0
CE10497,سخانة 80 لتر,IT SIMAT,80L,أبيض,شركة كرزاز لاستيراد مواد البناء ,سخانة,577,650,635,حائطي,0,0,0
CE10498,سخانة 50 لتر,IT SIMAT,,أبيض,شركة آفاق المتحدة لإستيراد مواد البناء,سخانة,557,620,610,,0,0,0
P30499,مضخة 2.5 ,داب,K36/100,,شركة كرزاز لاستيراد مواد البناء ,مضخة,1560,1750,1700,,0,0,0
CE10500,سخانة 15 لتر,استرا,COMPACT 15,أبيض,مجموعة دواس فشلوم,سخانة,500,650,570,,0,0,0
ML30501, مرايا حمام مع إضاءة لد اطارذهبي 55 سم,سانيتاري ويرز,,ذهبي,شركة مركز المهندس لورق الحائط و الديكورات,مراية مضيئة,90,140,120,لاد,0,0,0
ML30503, مرايا حمام مع إضاءة لد اطارأسود 55 سم,سانيتاري ويرز,,أسود,شركة مركز المهندس لورق الحائط و الديكورات,مراية مضيئة,80,140,120,لاد,0,0,0
ML10504,خلاط حوض وجه  كروم,ليسو,OL-BM708,كروم,دار الخزف للمواد الصحية (11 يونيو),خلاط حوض وجه,175,260,160,مربع,-2,2,0
SI10506,سلكون 260 غرام أبيض,سلسيل,1292/18,أبيض,مجموعة النجار لاستراد مواد البناء,سلكون,7,13,10,,0,0,0
SI10507,سلكون 260 غرام شفاف,سلسيل,,شفاف,مجموعة النجار لاستراد مواد البناء,سلكون,7,13,10,,0,0,0
AASB30508,حاملة منظفات كروم,wilko,,كروم,المتجر الاروبي,اكسسوارات,20,40,25,مربع,0,0,0
AASB30509,حاملة منظفات أسود,wilko,,أسود,المتجر الاروبي,اكسسوارات,20,50,25,مربع,0,0,0
SA10510,طقم اكسسوار خزف خماسي بيج,سانيتاري ويرز,wilko,بيج,المتجر الاروبي,طقم اكسسوارات,105,150,140,دائري,0,0,0
AASB30512,سلة قمامة,wilko,,رصاصي,المتجر الاروبي,اكسسوارات,35,70,50,دائري,0,0,0
AASB30516,حاملة فوط كروم,ساتين-نيكال,,كروم مطفي,تولين للبضائع الأوروبية,اكسسوارات,40,60,50,مربع,0,0,0
PE30273,لصقة مع مجفف 500 مل,ابل,,,محلات الاعتماد (السراج),المواد اللاصقة و العازلة,15.5,24,20,,0,0,0
ML30519,مرايا حمام مع إضاءة لد 50*70 سم اطار اكريلك,سانيتاري ويرز,4.1.30,,شركة النخبة الفريدة لاستيراد مواد البناء,مراية مضيئة,120,180,140,لاد,0,0,0
ML10521,خلاط حوض وجه  كروم,سانيتاري ويرز,OM-106,كروم,شركة النخبة الفريدة لاستيراد مواد البناء,خلاط حوض وجه,52,90,70,مربع,0,0,0
ALVM50526,رأس سيفوني كروم,سانيتاري ويرز,OM-14,كروم,شركة النخبة الفريدة لاستيراد مواد البناء,رأس سيفوني,14,30,23,دائري,0,0,0
AASB30528,مجفف شعر أسود,سانيتاري ويرز,,أسود,شركة النخبة الفريدة لاستيراد مواد البناء,اكسسوارات,62,120,130,حائطي,0,0,0
AASB30529,مجفف شعر أبيض,سانيتاري ويرز,,أبيض,شركة النخبة الفريدة لاستيراد مواد البناء,اكسسوارات,62,110,110,,0,0,0
PS20530,علاقة مناشف زوجية كروم,سانيتاري ويرز,,كروم,شركة النخبة الفريدة لاستيراد مواد البناء,علاقة مناشف,80,130,115,معلق,0,0,0
ML30533,مرايا حمام مع إضاءة لد 60*80 سم,سانيتاري ويرز,22,,شركة النخبة الفريدة لاستيراد مواد البناء,مراية مضيئة,74,150,140,لاد,0,0,0
ML30534,مرايا حمام قوس مع إضاءة لد 60*80 سم,سانيتاري ويرز,17,,شركة النخبة الفريدة لاستيراد مواد البناء,مراية مضيئة,74,170,140,لاد,0,0,0
ML30537,مرايا حمام مع إضاءة لد 80*60 سم,سانيتاري ويرز,088,,شركة النخبة الفريدة لاستيراد مواد البناء,مراية مضيئة,74,150,100,لاد,0,0,0
CD40539,مسطرة دوش زوجية كروم,سانيتاري ويرز,2024-25,كروم,شركة النخبة الفريدة لاستيراد مواد البناء,مسطرة دوش,90,180,130,,0,0,0
ARSB80277,"مسكر شطافة ""1/2"" * ""1/2 كروم",VA,C147486,كروم,مجموعة العربي,مخرج شطاف,23.5,40,33,دائري,0,0,0
MD20278,خلاط دوش  كروم,ARB,KLVE010LYC00,كروم,مجموعة العربي,خلاط دوش,299.25,450,420,,0,0,0
MA20281,خلاط حوض المطبخ سحاب كروم,ARB,KILC486LYC00,كروم,مجموعة العربي,خلاط حوض المطبخ سحاب,617.5,780,730,دائري,0,0,0
ME10282,خلاط حوض المطبخ شجرة كروم,ARB,KILC046LYC00,كروم,مجموعة العربي,خلاط حوض المطبخ شجرة,237.5,380,350,دائري,0,0,0
EL10544,حوض مطبخ ستانلس ستيل   304 86 * 45 سم,أسيل,AS3458,أسود,شركة النخبة الفريدة لاستيراد مواد البناء,حوض مطبخ ستانلس ستيل,675,1020,875,زوجي,0,0,0
ML30545,مرايا حمام قوس مع إضاءة لد 60*100 سم,سانيتاري ويرز,123120,,شركة النخبة الفريدة لاستيراد مواد البناء,مراية مضيئة,100,180,175,لاد,0,0,0
PD20286,حاجز دوش 8 مم  مضبب70  سم,ليسو,WIC-70D,,دار الخزف للمواد الصحية (السراج),حاجز دوش,340,550,520,,0,0,0
PD20287,حاجز دوش 8 مم بالعلاقة المناشف 70 سم,ليسو,WIC-70E,,دار الخزف للمواد الصحية (السراج),حاجز دوش,365,580,550,,0,0,0
ARSB80549,كسكاس دوش دائري شريحه 250 مم مع قصبة كروم,توريما,1372-BRACSOFF-002,كروم,دار الخزف للمواد الصحية (11 يونيو),كسكاس دوش,240,360,335,دائري,0,0,0
ARSB80551,سماعة دوش مع طوبو كروم,فينوس,HSS1520,كروم,شركة لمسات البناء,سماعة دوش,48,75,60,دائري,0,0,0
WS10553,مقعد معلق راما أبيض ,تركواز سيراستايل,راما,أبيض,شركة راما 11يونيو,مقعد معلق,320,450,430,مربع,0,0,0
AECU50556,سيفون حوض المطبخ,TANFLEKS,,,محلات الاعتماد 11يونيو,ملحقات أحواض المطابخ,17.5,35,29,فردي,0,0,0
WS10557,مقعد معلق راما أبيض 134-1 ,راما,راما,أبيض,شركة راما 11يونيو,مقعد معلق,310,450,430,مربع,0,0,0
WS10558,مقعد معلق راما أبيض 122-1 ,راما,راما,أبيض,شركة راما 11يونيو,مقعد معلق,310,450,430,مربع,0,0,0
CE10560,سخانة 15 لتر,ارستون,COMPACT 15,أبيض,شركة اياد البناءلاسستيراد مواد البناء ة المةاد الصحية,سخانة,595,920,920,,0,0,0
WP20561,مقعد عربي  بورسلين رصاصي,سانيتاري ويرز,K01,رصاصي,خالد للمواد الصحية و الاكسسوارات,مقعد أرضي,120,180,150,مربع,0,0,0
EG30564,حوض مطبخ جرانيت أسود محبب  80*50 ,سانيبال,فلورا,أسود,مجموعة الخليج,حوض مطبخ جرانيت,350,530,450,فردي,0,0,0
EG30568,حوض مطبخ جرانيت رملي محبب  47.5*47.5 ,سانيبال,ليكسوس,كريمي,مجموعة الخليج,حوض مطبخ جرانيت,300.7,450,400,فردي,0,0,0
AASB30569,سلة قمامة استيل أسود ثقيل,سانيتاري ويرز,,أسود,شركة العامر لإستيراد مواد البناء و الصحية,اكسسوارات,95,120,110,دائري,0,0,0
AASB30570,سلة قمامة استيل ذهبي ثقيل,سانيتاري ويرز,,ذهبي,شركة العامر لإستيراد مواد البناء و الصحية,اكسسوارات,95,100,95,دائري,0,0,0
CE10571,سخانة 10 لتر,شافوتو,10L,أبيض,شركة البحيرات السبع,سخانة,615,780,750,,0,0,0
ME10573,خلاط حوض المطبخ شجرة كروم,توريما,MERIDA 8Q52711-043,كروم,دار الخزف للمواد الصحية (11 يونيو),خلاط حوض المطبخ شجرة,305,540,540,مربع,0,0,0
RD30578,حوض قدم خزف مربع 90*90 سم,سانيتاري ويرز,,أبيض,مجموعة الخليج,بانيو قدم,137,210,170,مربع,0,0,0
LG40296, حوض رخامي كوارتز 80سم ,سانيتاري واير,2608,,شركة أركان العمارة,حوض وجه برسلين,500,700,640,معلق,0,0,0
EG40297,رف رخامي كوارتز 80سم ,سانيتاري ويرز,2608,,شركة أركان العمارة,رف حوض وجه برسلين,140,400,400,معلق,0,0,0
RD30579,حوض قدم مستطيل زاوية يسار اكريليك 120*80*14,ساناكريل,M309,أبيض,مجموعة الخليج,بانيو قدم,700,900,850,مستطيل,0,0,0
LG40299, حوض وجه كوارتز مع رف مع مراية 80 سم ,رويال,2608,,شركة أركان العمارة,حوض وجه برسلين,760,1100,1000,معلق,0,0,0
LG40300, حوض وجه كوارتز مع رف مع مراية 80 سم ,سانيتاري واير,2610,,شركة أركان العمارة,حوض وجه برسلين,760,1100,1000,معلق,0,0,0
ML30304,مرايا حمام مع إضاءة لد 80*60 سم,سانيتاري ويرز,GAK24,,دار الخزف للمواد الصحية (السراج),مراية مضيئة,85,180,155,مربع,0,0,0
ML30305,مرايا حمام مع إضاءة لد 80*60 سم,ستار سانيتار,18,مرجاني,دار الخزف للمواد الصحية (السراج),مراية مضيئة,80,180,160,لاد,0,0,0
ML30306,مرايا حمام مع إضاءة لد 60*80 سم,سانيتاري ويرز,22,,دار الخزف للمواد الصحية (السراج),مراية مضيئة,85,160,140,لاد,0,0,0
EL10594,حوض مطبخ ستانلس ستيل 304 75*43,سانيتاري ويرز,,كروم,شركة النخبة الفريدة لاستيراد مواد البناء,حوض مطبخ ستانلس ستيل,154,250,230,فردي,0,0,0
LG40605, حوض وجه كوارتز مع رف مع مراية 60 سم ,سانيتاري ويرز,1-3-40,رخامي,شركة النخبة الفريدة لاستيراد مواد البناء,حوض وجه برسلين,700,1100,1000,معلق,0,0,0
ARSB80606,مخرج شطاف مع علاق كروم,أنكا,ANKA ANK-1014,كروم,شركة النخبة الفريدة لاستيراد مواد البناء,مخرج شطاف,64,100,80,مربع,0,0,0
EL10607,حوض مطبخ ستانلس ستيل   60*45 كروم,سانيتاري ويرز,,كروم,شركة النخبة الفريدة لاستيراد مواد البناء,حوض مطبخ ستانلس ستيل,128,200,170,فردي,0,0,0
ME10607,خلاط حوض المطبخ شجرة أسود,سالرنو,HF-16,أسود,شركة البهراء العالمية الحديثة,خلاط حوض المطبخ شجرة,57.5,120,120,مربع,0,0,0
LG40608, حوض رخامي كوارتز 60*50سم ,سانيتاري واير,1-3-40,أبيض,شركة النخبة الفريدة لاستيراد مواد البناء,حوض وجه برسلين,350,550,540,معلق,0,0,0
MA20618,خلاط حوض المطبخ سحاب كروم,بن أمور,EY1252,كروم,مصنع خلاطات و أكسسوارات الصين,خلاط حوض المطبخ سحاب,115,550,455,دائري,0,0,0
MA20625,خلاط حوض المطبخ سحاب كروم مطفي,بن أمور,huang crown-A,كروم مطفي,مصنع خلاطات و أكسسوارات الصين,خلاط حوض المطبخ سحاب,110,230,230,دائري,0,0,0
ML10663,خلاط حوض وجه كروم ,فينوس,CAMRY-C,كروم,شركة لمسات البناء,خلاط حوض وجه,143,230,190,دائري,0,0,0
RD30678,حوض قدم مستطيل شريحة 100*80سم,سانيبال,غلاكسيت,أبيض,مجموعة الخليج,بانيو قدم,775,1050,950,مستطيل,0,0,0
RS40679,بلاط ارضيات بورسلين 120 سم * 60 سم (صندوق),سانيتاري ويرز,12291,رصاصي,مجموعة الخليج,بلاط الأرضيات ,56.12,64.8,64.8,داخلي,0,0,0
ALVM50680,سيفون حوض الوجه ذهبي,دانيال,A740114DO,ذهبي,مجموعة العربي,سيفون حوض الوجه,425,650,540,مربع,0,0,0
CI20314,خزان الصفاء 2000لتر ,الصفاء ,,أبيض,محلات الاعتماد (السراج),خزان,560,650,650,بلاستك,0,0,0
MA20688,خلاط حوض المطبخ سحاب كروم مطفي,بن أمور,huang crown-B,كروم مطفي,مصنع خلاطات و أكسسوارات الصين,خلاط حوض المطبخ سحاب,110,280,280,دائري,0,0,0
AM0689,دولاب مع حوض وجه مع مراية حمام 80 سم,بن أمور,T305-8046,بيج,مصنع خلاطات و أكسسوارات الصين,دولاب حمام,700,1250,1100,حائطي,0,0,0
AM0693,دولاب مع حوض وجه مع مراية حمام 60 سم,بن أمور,T305-6040,بيج,مصنع خلاطات و أكسسوارات الصين,دولاب حمام,600,920,850,حائطي,0,0,0
AM0698,دولاب مع حوض وجه مع مراية حمام 60 سم,بن أمور,60-C,رصاصي,مصنع خلاطات و أكسسوارات الصين,دولاب حمام,180,950,940,حائطي,0,0,0
PE30316,استوك 18 كغ,شركة الحيرة لدهانات ,معون الحيرة ,,شركة الحيرة للدهانات ,استوك,35,40,48,,0,0,0
PE30317,استوك 4 كغ,شركة الحيرة لدهانات ,معون الحيرة ,,شركة الحيرة للدهانات ,استوك,15,20,19,,0,0,0
PE30318,طلاء مائي داخلي 10 كغ أبيض نص لمعه ,شركة الحيرة لدهانات ,,أبيض لامع,شركة الحيرة للدهانات ,الجدران والسقف,150,160,155,,0,0,0
PE30319,طلاء مائي داخلي 5 كغ أبيض نص لمعه ,شركة الحيرة لدهانات ,,أبيض لامع,شركة الحيرة للدهانات ,الجدران والسقف,75,85,80,,0,0,0
PE30320,طلاء مائي داخلي 10 كغ أبيض ربع لمعه ,شركة الحيرة لدهانات ,,أبيض لامع,شركة الحيرة للدهانات ,الجدران والسقف,140,150,145,,0,0,0
PE30351,طلاء مائي داخلي5 كغ أبيض ربع لمعه ,شركة الحيرة لدهانات ,,أبيض لامع,شركة الحيرة للدهانات ,الجدران والسقف,70,80,75,,0,0,0
PE30325,طلاء مائي داخلي 18 كغ اقتصادي ,شركة الحيرة لدهانات ,200,أبيض,شركة الحيرة للدهانات ,الجدران والسقف,60,70,67,,0,0,0
PE30329,طلاء مائي داخلي 5 كغ اقتصادي ,شركة الحيرة لدهانات ,200,أبيض,شركة الحيرة للدهانات ,الجدران والسقف,23,30,27,,0,0,0
PE30327,طلاء مائي داخلي 5 كغ لاتكس ,شركة الحيرة لدهانات ,770,أبيض مطفي,شركة الحيرة للدهانات ,الجدران والسقف,33,45,40,,0,0,0
VS10707,حوض وجه معلق - يسار-60*30سم,تركواز سيراستايل,SHARP,أبيض,شركة الصداقة,حوض وجه معلق,330,590,520,مربع,0,0,0
ARSB80708,سماعة دوش مع طوبو كروم,ليفرنو هوم,IAN 452821-2310,كروم,تولين للبضائع الأوروبية,سماعة دوش,30,60,50,دائري,0,0,0
AASB30712,صابونية كروم,بن أمور,مجموعة بن عمر,كروم,مصنع خلاطات و أكسسوارات الصين,اكسسوارات,20,50,35,دائري,0,0,0
MC10714,مجرى 40 سم *7 سم كروم,لونج 304,LONG,كروم,مجموعة الشريف,مجرى,145,250,210,مستطيل,0,0,0
PE30353,زمالطو ضد الصدأ 3 كغ  اسود,دهانات المدينة مصراتة,,أسود,محلات الاعتماد (السراج),الحديد,42.75,50,45,,0,0,0
CC10323,صليبة بيضاء 1.5ملي ,الشركة العالمية للتصدير و الإستيراد,,,محلات الاعتماد (السراج),كولة بلاط أرضيات,6.85,10,10,,0,0,0
CC10326,كولة  560غ,بنتكول,C 400,,محلات الاعتماد (السراج),كولة بلاط أرضيات,25.5,35,33,,0,0,0
ARSB80716,شطاف ظغط مربع مع طوبو أسود,ليمكس,2778,أسود,شركة اعمار الجديد,شطاف,95,150,140,مربع,0,0,0
ARSB80787,وجه خلاط دوش مدفون كروم ,غروهي,6-6,كروم,دار الخزف للمواد الصحية (11 يونيو),ملحقات خلاط,175,350,330,مربع,0,0,0
RD30718,بانيوا زاوية تركي بعد سراميك  120*120,STELLE,SG,أبيض,شركة بيوت العز لاستيراد مواد بناء,بانيو قدم,600,1000,900,مستطيل,0,0,0
PE30339,استوك 18 كغ,دهانات المدائن,,أبيض,شركة ديكور لمواد البناء ,استوك,45,50,47,,0,0,0
PE30823,استوك 18كغ,دهانات المدائن,,,شركة ديكور لمواد البناء ,استوك,34,40,38,,0,0,0
PE30400,طلاء المدائن 2000بلاستك 20كجم  ,دهانات المدينة مصراتة,,أبيض,شركة ديكور لمواد البناء ,الجدران والسقف,60,65,63,,0,0,0
PE30401,طلاء مائي داخلي 18 كغ أبيض مطفي ,دهانات المدائن,2002,أبيض مطفي,شركة ديكور لمواد البناء ,الجدران والسقف,78,85,83,,0,0,0
PE30402,طلاء مائي داخلي 10 كغ أبيض ربع لمعه ,دهانات المدائن,4000,أبيض لامع,شركة ديكور لمواد البناء ,الجدران والسقف,120,190.06,189.992,,0,0,0
PE30403,طلاء مائي داخلي 10 كغ أبيض نص لمعه ,دهانات المدائن,4004,أبيض لامع,شركة ديكور لمواد البناء ,الجدران والسقف,135,145,140,حائطي,0,0,0
AM0337,حوض وجه مع دولاب حمام مع خزانة مع مراية -80 سم ,سانيتاري ويرز,8102,أبيض,دار الخزف للمواد الصحية (السراج),دولاب حمام,985,1500,1450,بي في سي,0,0,0
AM0338,دولاب حمام 80 سم أبيض,سانيتاري ويرز,8103,أبيض,دار الخزف للمواد الصحية (السراج),دولاب حمام,230,500,500,,0,0,0
AM0339,حوض وجه  دولاب حمام -80 سم,سانيتاري ويرز,8103,أبيض,دار الخزف للمواد الصحية (السراج),دولاب حمام,300,500,500,بي في سي,0,0,0
AM40340,مراية دولاب حمام -80 سم ,سانيتاري ويرز,8103,أبيض,دار الخزف للمواد الصحية (السراج),مراية دولاب,175,250,250,بي في سي,0,0,0
AB10341,خزانة حمام أبيض ,سانيتاري ويرز,8103,أبيض,دار الخزف للمواد الصحية (السراج),خزانة حمام,280,400,320,بي في سي,0,0,0
AM0342,حوض وجه مع دولاب حمام مع خزانة مع مراية -80 سم ,سانيتاري ويرز,8103,أبيض,دار الخزف للمواد الصحية (السراج),دولاب حمام,985,1500,1450,بي في سي,0,0,0
AM0343,دولاب حمام 80 سم أبيض,سانيتاري ويرز,8108,أبيض,دار الخزف للمواد الصحية (السراج),دولاب حمام,230,500,500,,0,0,0
AM0344,حوض وجه  دولاب حمام -80 سم,سانيتاري ويرز,8108,أبيض,دار الخزف للمواد الصحية (السراج),دولاب حمام,300,500,500,بي في سي,0,0,0
AM40345,مراية دولاب حمام -80 سم ,سانيتاري ويرز,8108,أبيض,دار الخزف للمواد الصحية (السراج),مراية دولاب,175,250,250,بي في سي,0,0,0
AB10346,خزانة حمام أبيض ,سانيتاري ويرز,8108,أبيض,دار الخزف للمواد الصحية (السراج),خزانة حمام,280,400,320,بي في سي,0,0,0
AM0347,حوض وجه مع دولاب حمام مع خزانة مع مراية -80 سم ,سانيتاري ويرز,8108,أبيض,دار الخزف للمواد الصحية (السراج),دولاب حمام,985,1500,1450,بي في سي,0,0,0
AM0348,دولاب حمام 80 سم أبيض,سانيتاري ويرز,8109,أبيض,دار الخزف للمواد الصحية (السراج),دولاب حمام,230,500,500,,0,0,0
AM0349,حوض وجه  دولاب حمام -80 سم,سانيتاري ويرز,8109,أبيض,دار الخزف للمواد الصحية (السراج),دولاب حمام,300,500,500,بي في سي,0,0,0
AB10350,خزانة حمام أبيض ,سانيتاري ويرز,8109,أبيض,دار الخزف للمواد الصحية (السراج),خزانة حمام,280,400,320,بي في سي,0,0,0
AM40351,مراية دولاب حمام -80 سم ,سانيتاري ويرز,8109,أبيض,دار الخزف للمواد الصحية (السراج),مراية دولاب,175,250,250,بي في سي,0,0,0
AM0352,حوض وجه مع دولاب حمام مع خزانة مع مراية -80 سم ,سانيتاري ويرز,8109,أبيض,دار الخزف للمواد الصحية (السراج),دولاب حمام,985,1500,1450,بي في سي,0,0,0
AM0353,دولاب حمام 80 سم أبيض,سانيتاري ويرز,8112,أبيض,دار الخزف للمواد الصحية (السراج),دولاب حمام,230,500,500,,0,0,0
AM0354,حوض وجه  دولاب حمام -80 سم,سانيتاري ويرز,8112,أبيض,دار الخزف للمواد الصحية (السراج),دولاب حمام,300,500,500,بي في سي,0,0,0
AB10355,خزانة حمام أبيض ,سانيتاري ويرز,8112,أبيض,دار الخزف للمواد الصحية (السراج),خزانة حمام,280,400,320,بي في سي,0,0,0
AM40356,مراية دولاب حمام -80 سم ,سانيتاري ويرز,8112,أبيض,دار الخزف للمواد الصحية (السراج),مراية دولاب,175,250,250,بي في سي,0,0,0
AM0357,حوض وجه مع دولاب حمام مع خزانة مع مراية -80 سم ,سانيتاري ويرز,8112,أبيض,دار الخزف للمواد الصحية (السراج),دولاب حمام,985,1500,1450,بي في سي,0,0,0
AM0362,حوض وجه مع دولاب حمام مع خزانة مع مراية -80 سم ,سانيتاري ويرز,8110,أبيض,دار الخزف للمواد الصحية (السراج),دولاب حمام,755,1500,1450,بي في سي,0,0,0
ARSB80723,كسكاس دوش دائري 250 مم كروم,ديولو,,كروم,شركة النخبة الفريدة لاستيراد مواد البناء,كسكاس دوش,38,70,50,دائري,0,0,0
RS40727,بلاط ارضيات بورسلين 60 سم * 60 سم (0.360  م²),سانيتاري ويرز,,رصاصي,مخزن الزناد,بلاط الأرضيات ,45,50,45,داخلي,0,0,0
ARSB80777,سماعة دوش مع طوبو كروم,ليسو,,كروم,دار الخزف للمواد الصحية (السراج),سماعة دوش,45,100,85,مربع,0,0,0
ARSB80348,مخرج شطاف مع علاق كروم,deante,059k n01,كروم,شركة آفاق المتحدة لإستيراد مواد البناء,مخرج شطاف,85,170,155,دائري,0,0,0
PLSA0381,وردة كروم 1/2,SASSL,IT141,كروم,شركة كرزاز لاستيراد مواد البناء ,وصلة,4.6,10,8,دائري,0,0,0
PLSA0382,وردة كروم 1/2,SASSL,IT143C,كروم,شركة كرزاز لاستيراد مواد البناء ,وصلة,8.1,15,12,دائري,0,0,0
RO10383,مسكر زاوية  ''1/2 * ''1/2 كروم,استرا,AP261,كروم,شركة كرزاز لاستيراد مواد البناء ,حنفية,28,40,37,سداسي,0,0,0
VS10737,حوض وجه معلق -80 سم,لابينو,4843,أبيض,شركة النخبة الفريدة لاستيراد مواد البناء,حوض وجه معلق,270,600,600,نصف دائرة,0,0,0
VS10738,حوض وجه معلق -80 سم,لابينو,3080,أبيض,شركة النخبة الفريدة لاستيراد مواد البناء,حوض وجه معلق,320,480,450,مربع,0,0,0
VS10739,حوض وجه معلق -65 سم,لابينو,4465,أبيض,شركة النخبة الفريدة لاستيراد مواد البناء,حوض وجه معلق,290,500,500,مربع,0,0,0
ML30740,مرايا حمام مع إضاءة لد-طول 80*60 سم,ديولو,DE 001,,شركة النخبة الفريدة لاستيراد مواد البناء,مراية مضيئة,81,150,110,لاد,0,0,0
ML30743,مرايا حمام مع إضاءة لد-عرض 60*90 سم,ديولو,DE 025,,شركة النخبة الفريدة لاستيراد مواد البناء,مراية مضيئة,120,200,160,لاد,0,0,0
VS10396,حوض وجه معلق -80 سم كريمة ,تركواز سيراستايل,SHARP,كريمي,دار الخزف للمواد الصحية (السراج),حوض وجه معلق,920,1380,1000,مربع,0,0,0
WS10397,مقعد معلق رايملس كريمة,تركواز سيراستايل,IBIZA,كريمي,دار الخزف للمواد الصحية (السراج),مقعد معلق,1062.15,2300,1500,مربع,0,0,0
PE30498,فرشة طلاء ايطالية رقم70,فندر,,,محلات الاعتماد (السراج),فرشة طلاء,7.25,12,10,,0,0,0
ARSB80799,شطاف ظغط مربعة مع طوبو كروم معا مخرج شطافة,اي ار بي,121101,كروم,مجموعة العربي,شطاف,120,250,230,دائري,0,0,0
ALVM50481,سيفون حوض الوجه اسود,سانيتاري واير,,أسود,دار الخزف للمواد الصحية (السراج),سيفون حوض الوجه,85,150,130,مربع,0,0,0
AASB30405,حامل ورق منظف كلينكس,فينوس,ST-06,كروم,شركة لمسات البناء,اكسسوارات,68.87,110,90,مربع,0,0,0
AASB30408,حاملة فوط كروم,فينوس,IRIS02,كروم,شركة لمسات البناء,اكسسوارات,75.66,120,95,حائطي,0,0,0
AASB30410,صابونية كروم,فينوس,IRIS03,كروم,شركة لمسات البناء,اكسسوارات,64.02,95,80,حائطي,0,0,0
AASB30412,صابونية كروم,فينوس,SO-03,كروم,شركة لمسات البناء,اكسسوارات,61.11,95,75,حائطي,0,0,0
AASB30414,حامل ورق منظف كلينكس,فينوس,GR-06   ,كروم,شركة لمسات البناء,اكسسوارات,68.87,110,90,دائري,0,0,0
ML30399, مرايا حمام مع إضاءة لد مع بخار 60 اطار كروم ,سانيتاري ويرز,L806,ذهبي,شركة لمسات البناء,مراية مضيئة,218.25,350,300,لاد,0,0,0
EL10400,حوض مطبخ ستانلس ستيل   80*45  اسود,بريمكس,EC 06,كروم,شركة لمسات البناء,حوض مطبخ ستانلس ستيل,426.8,650,600,زوجي,0,0,0
MA20401,خلاط حوض المطبخ سحاب كروم,فينوس,KFPC,كروم,شركة لمسات البناء,خلاط حوض المطبخ سحاب,213.4,350,300,,0,0,0
AM0751, دولاب حمام -80 سم,سانيتاري ويرز,2609,أبيض,دار الخزف للمواد الصحية (11 يونيو),دولاب حمام,600,900,800,بي في سي,0,0,0
VS10752,حوض وجه معلق 80 سم,سانيتاري ويرز,2609,أبيض,دار الخزف للمواد الصحية (11 يونيو),حوض وجه معلق,295,550,400,,0,0,0
AM0754,دولاب حمام مع حوض 80 سم,سانيتاري ويرز,2609,أبيض,دار الخزف للمواد الصحية (11 يونيو),دولاب حمام,895,1450,1400,بي في سي,0,0,0
ML30765,مرايا حمام ضد البخار مع إضاءة لد 60*60 سم,سانيتاري ويرز,1432,,دار الخزف للمواد الصحية (11 يونيو),مراية مضيئة,120,190,160,دائري,0,0,0
ARSB80769,رشاش دوش أسود,فيدار,,كروم,شركة البهراء العالمية الحديثة,كسكاس دوش,38.5,70,70,مربع,0,0,0
SA10770,طقم اكسسوار ذهبي,فيدار,,ذهبي,شركة البهراء العالمية الحديثة,طقم اكسسوارات,185,290,265,مربع,0,0,0
SA10771,طقم اكسسوار كروم,فيدار,,كروم,شركة البهراء العالمية الحديثة,طقم اكسسوارات,165,260,230,مربع,0,0,0
SA10772,طقم اكسسوار أسود,فيدار,,أسود,شركة لمسات البناء,طقم اكسسوارات,285,420,350,مربع,0,0,0
ME10774,خلاط حوض المطبخ شلال أسود,سانيتاري ويرز,KAT-2,أسود,دار الخزف للمواد الصحية (11 يونيو),خلاط حوض المطبخ شجرة,99,220,180,دائري,0,0,0
ARSB87752,سماعة دوش مع طوبو أسود,سانيتاري واير,B-29,أسود,دار الخزف للمواد الصحية (السراج),سماعة دوش,45,95,80,مربع,0,0,0
LG40779, حوض وجه برسلين مع رف 60 سم ,رويال,YB14B-14,,شركة المتخصص الليبي,حوض وجه برسلين,460,600,590,معلق,0,0,0
ARSB80436,سماعة دوش مع طوبو كروم,موباكس,30-651,كروم,محلات الاعتماد (السراج),سماعة دوش,32.5,75,60,مربع,0,0,0
ARSB80439,سماعة دوش مع طوبو كروم,ستار سانيتار,02-204,كروم,محلات الاعتماد (السراج),سماعة دوش,24.5,75,65,مربع,0,0,0
ML30787,مرايا حمام ضد البخار مع إضاءة لد 80*60 سم,سانيتاري ويرز,4003,,دار الخزف للمواد الصحية (11 يونيو),مراية مضيئة,105,190,190,بيضوي,0,0,0
ML30789,مرايا حمام ضد البخار مع إضاءة لد 60*80 سم,سانيتاري ويرز,4006,,دار الخزف للمواد الصحية (11 يونيو),مراية مضيئة,105,170,140,مستطيل,0,0,0
ML30792,مرايا حمام ضد البخار مع إضاءة لد 70*50 سم,سانيتاري ويرز,4011,,دار الخزف للمواد الصحية (11 يونيو),مراية مضيئة,100,160,130,مستطيل,0,0,0
ML30794,مرايا حمام ضد البخار مع إضاءة لد 80*60 سم,سانيتاري ويرز,4013,,دار الخزف للمواد الصحية (11 يونيو),مراية مضيئة,105,170,140,مستطيل,0,0,0
AM0801, دولاب حمام مع حوض وجه بالملحق مع مرايا لد -80 سم,سانيتاري ويرز,8107,أبيض,دار الخزف للمواد الصحية (11 يونيو),دولاب حمام,985,1600,1590,بي في سي,0,0,0
ARSB80817,شطاف ظغط دائري مع طوبو كروم,توريما,1372-03329-030 NEW,كروم,  شركة أجياد ليبيا ,شطاف,105,180,140,دائري,0,0,0
ARSB80818,شطاف ظغط دائري مع طوبو كروم,توريما,1372-01400-002,كروم,  شركة أجياد ليبيا ,شطاف,42,80,60,دائري,0,0,0
PS20819,علاقة مناشف زوجية كروم,توريما,1372-ACCESS-005,كروم,  شركة أجياد ليبيا ,علاقة مناشف,175,310,310,معلق,0,0,0
MLE40822,خلاط حوض وجه مدفون مع مصب أسود ,توريما,BLOG 8G313BB-094,ذهبي,  شركة أجياد ليبيا ,خلاط حوض وجه مدفون,895,1560,1100,طويل,0,0,0
SA10823,طقم اكسسوار كروم,توريما,1372-KITACC-007,كروم,  شركة أجياد ليبيا ,طقم اكسسوارات,400,700,700,دائري,0,0,0
ARSB80824,كسكاس دوش مربع 250*250 مم مع قصبة كروم,توريما,1372-15322-001,كروم,  شركة أجياد ليبيا ,كسكاس دوش,275,420,350,مربع,0,0,0
ML30831,مرايا حمام مع إضاءة لد-طول 80*60 سم,ديولو,DE 007,,شركة النخبة الفريدة لاستيراد مواد البناء,مراية مضيئة,81,150,110,لاد,0,0,0
SC10833,بوكس زاوية  200*120*80 سم كروم,سانيتاري ويرز,,كروم,مسوق الجميل,بوكس حمام,450,1000,800,,0,0,0
AM0837, دولاب حمام بالملحق مع مرايا لد -80 سم,سانيتاري ويرز,9622,أبيض,دار الخزف للمواد الصحية (11 يونيو),دولاب حمام,1075,1600,1400,بي في سي,0,0,0
AM0840, دولاب حمام بالملحق مع مرايا لد -80 سم,سانيتاري ويرز,9614,أبيض,دار الخزف للمواد الصحية (11 يونيو),دولاب حمام,1075,1600,1400,بي في سي,0,0,0
AM0841,حوض وجه مع دولاب حمام -80 سم,سانيتاري ويرز,9614,أبيض,دار الخزف للمواد الصحية (11 يونيو),دولاب حمام,700,1000,900,بي في سي,1,-1,0
AM0844, دولاب حمام بالملحق مع مرايا لد -80 سم,سانيتاري ويرز,9615,أبيض,دار الخزف للمواد الصحية (11 يونيو),دولاب حمام,1075,1600,1400,بي في سي,0,0,0
AM0846, دولاب حمام بالملحق مع مرايا لد -80 سم,سانيتاري ويرز,9623,أبيض,دار الخزف للمواد الصحية (11 يونيو),دولاب حمام,105,1600,1400,بي في سي,0,0,0
AM0847,حوض وجه مع دولاب حمام -80 سم,سانيتاري ويرز,9623,أبيض,دار الخزف للمواد الصحية (11 يونيو),دولاب حمام,700,1000,900,بي في سي,0,0,0
AB10848,خزانة حمام أبيض ,سانيتاري ويرز,9623,أبيض,دار الخزف للمواد الصحية (11 يونيو),خزانة حمام,270,430,420,بي في سي,0,0,0
AB10849,خزانة حمام أبيض ,سانيتاري ويرز,9611,أبيض,دار الخزف للمواد الصحية (11 يونيو),خزانة حمام,270,430,420,بي في سي,0,0,0
AM0850, دولاب حمام بالملحق مع مرايا لد -80 سم,سانيتاري ويرز,9611,أبيض,دار الخزف للمواد الصحية (11 يونيو),دولاب حمام,1075,1600,1400,بي في سي,0,0,0
AM0851,حوض وجه مع دولاب حمام -80 سم,سانيتاري ويرز,9611,أبيض,دار الخزف للمواد الصحية (11 يونيو),دولاب حمام,700,1000,900,بي في سي,0,0,0
AM0852, دولاب حمام بالملحق مع مرايا لد -80 سم,سانيتاري ويرز,9616,أبيض,دار الخزف للمواد الصحية (11 يونيو),دولاب حمام,1075,1600,1400,بي في سي,0,0,0
WS10409,مقعد معلق رايملس كريمة,تركواز سيراستايل,IBIZA,كريمي,دار الخزف للمواد الصحية (السراج),مقعد معلق,1062.15,1550,1500,مربع,0,0,0
AASB30870,رف زاوية زوجي كروم,ليمكس, LY 2329 CP,كروم,شركة اعمار الجديد,اكسسوارات,135,200,220,زوجي,0,0,0
PA30412,متر 3م,wehand,,أصفر لامع,محلات الاعتماد (السراج),أدوات القياس والتتبع,4.75,8,6,,0,0,0
PE30418,فوم 750غرام,كرفت ,,,محلات الاعتماد (السراج),المواد اللاصقة و العازلة,22.5,26,21,,0,0,0
ML10420,خلاط حوض وجه ذهبي  ,توريما,MERIDA,ذهبي,  شركة أجياد ليبيا ,خلاط حوض وجه,560,700,680,,0,0,0
MA20876,خلاط حوض المطبخ سحاب أسود لامع,توريما,MOLLA 17527DM-T40,أسود لامع,دار الخزف للمواد الصحية (11 يونيو),خلاط حوض المطبخ سحاب,685,1200,1200,دائري,0,0,0
VS10879,حوض وجه معلق أبيض- 50سم,ايجا فتريفاي,KARINA-64501101,أبيض,مجموعة الخليج,حوض وجه معلق,300,450,390,معلق,0,0,0
VS10882,حوض وجه معلق60 سم أبيض,ايجا فتريفاي,LAGINA-35601101,أبيض,مجموعة الخليج,حوض وجه معلق,100,300,280,معلق,0,0,0
CC10421,كولة بلاط أرضيات 25 كغ,DEUTSCH COLOR,C2,,مجموعة العربي,كولة بلاط أرضيات,43,47,46,,0,0,0
MC10885,سرفنتينة 15 سم * 15 سم كروم ,أكوا بلاست,Q1515RS/5,كروم,مودرن هوم,مجرى,59,120,110,مربع,0,0,0
RFP1422,فسيبلي خلاط سحاب ,ليريا,NT-240401-12,كروم,دار الخزف للمواد الصحية (السراج),فسيبلي,20,40,33,دائري,0,0,0
DAF0888,دفاية أسود,سانيتاري ويرز,WL 27,أسود,دار الخزف للمواد الصحية (11 يونيو),دفايات,360,600,600,,0,0,0
RO10424,حنفية غسالة  ''1/2 * ''3/4 كروم,بوڨاتي,Italian,كروم,دار الخزف للمواد الصحية (السراج),حنفية,27.5,40,38,دائري,0,0,0
LG40890, حوض رخامي كوارتز 80سم ,سانيتاري واير,W801,أبيض,شركة النخبة الفريدة لاستيراد مواد البناء,حوض وجه برسلين,550,900,860,معلق,0,0,0
EG40891,رف رخامي كوارتز 80سم ,سانيتاري ويرز,W801,أبيض,شركة النخبة الفريدة لاستيراد مواد البناء,رف حوض وجه برسلين,270,600,600,معلق,0,0,0
LG40893, حوض وجه كوارتز مع رف مع مراية 80 سم ,سانيتاري واير,W801,أبيض,شركة النخبة الفريدة لاستيراد مواد البناء,حوض وجه برسلين,870,1100,1100,معلق,0,0,0
ARSB88531,وصلة مسطرة دوش30سم ,استرا,,كروم,دار الخزف للمواد الصحية (السراج),طوبو دوش,10,25,20,,0,0,0
ARSB85431,كسكاس دوش دائري شريحه 250 مم,توريما,1372-01480-001,كروم,دار الخزف للمواد الصحية (السراج),كسكاس دوش,165,280,260,دائري,0,0,0
ML10898,خلاط حوض وجه كروم,ليسو,079-7,كروم,دار الخزف للمواد الصحية (11 يونيو),خلاط حوض وجه,88,150,120,مربع,0,0,0
LG40904, حوض وجه كواريون مع دولاب مع مراية 80 سم ,سانيتاري واير,PL80-2,أبيض,شركة النخبة الفريدة لاستيراد مواد البناء,حوض وجه برسلين,940,1500,1390,معلق,0,0,0
RS40441,بلاط ارضيات كوطو 60سم * 60 سم (0.360  م²),سانيتاري ويرز,6600038,رصاصي,شركة توباز لاستيراد السيراميك ,بلاط الأرضيات ,43.2,36,33,داخلي,0,0,0
ARSB80911,كسكاس دوش مربع 300*200 مم مع قصبة أسود,ديولو,63-5-100,أسود,شركة النخبة الفريدة لاستيراد مواد البناء,كسكاس دوش,75,150,120,مربع,0,0,0
CD40912,مسطرة دوش زوجية كروم,سانيتاري ويرز,JR079-25,كروم,دار الخزف للمواد الصحية (11 يونيو),مسطرة دوش,160,270,220,مربع,0,0,0
PD20919,حاجز دوش 8 مم  مضبب90  سم,سانيتاري ويرز,PF40-16,,شركة النخبة الفريدة لاستيراد مواد البناء,حاجز دوش,410,650,620,,0,0,0
PD20920,حاجز دوش 8 مم  مضبب60  سم,سانيتاري ويرز,PF40-16,,شركة النخبة الفريدة لاستيراد مواد البناء,حاجز دوش,360,540,510,,0,0,0
PS20921,علاقة مناشف زوجية كروم,سانيتاري ويرز,WL-31,كروم,دار الخزف للمواد الصحية (11 يونيو),علاقة مناشف,85,140,120,معلق,0,0,0
MD20926,خلاط دوش مع سماعة كروم,أيولي,9510 VIDA,كروم,دار الخزف للمواد الصحية (السراج),خلاط دوش,310,465,475,,0,0,0
MT30927,خلاط شطاف كروم ,أيولي,9525-100 VIDA,كروم,دار الخزف للمواد الصحية (السراج),خلاط شطاف,235,360,340,,0,0,0
ARSB80929,شطاف ظغط دائري مع طوبو كروم,ليسو,1138,كروم,دار الخزف للمواد الصحية (11 يونيو),شطاف,68,150,150,دائري,0,0,0
ARSB80930,"مسكر شطافة ""1/2"" * ""1/2 كروم",ليسو,JR031-83,كروم,دار الخزف للمواد الصحية (11 يونيو),مخرج شطاف,19,35,35,دائري,0,0,0
ARSB80933,مصب دوش مع تحويلة كروم,ليسو,JR031-57,كروم,دار الخزف للمواد الصحية (11 يونيو),مصب دوش,95,180,130,مربع,0,0,0
LG40734,حوض مع رف كواريون كوارتز 100سم مع مراية ,سانيتاري ويرز,S-100-4,بيج,شركة النخبة الفريدة لاستيراد مواد البناء,حوض وجه برسلين,860,1550,1520,معلق,0,0,0
AB10745,خزانة حمام أبيض ,سانيتاري ويرز,005,أبيض,شركة النخبة الفريدة لاستيراد مواد البناء,خزانة حمام,200,430,420,بي في سي,0,0,0
PS20751,علاقة مناشف كبيرة ثلاثية كروم,سانيتاري ويرز,WL11,كروم,دار الخزف للمواد الصحية (11 يونيو),علاقة مناشف,110,200,160,معلق,0,0,0
AM0763,دولاب حمام مع حوض 80 سم,سانيتاري ويرز,2611,رصاصي,دار الخزف للمواد الصحية (11 يونيو),دولاب حمام,895,1450,1400,بي في سي,0,0,0
AM0764, دولاب حمام -80 سم,سانيتاري ويرز,2611,رصاصي,دار الخزف للمواد الصحية (11 يونيو),دولاب حمام,600,900,800,بي في سي,0,0,0
VS10765,حوض وجه معلق 80 سم,سانيتاري ويرز,2611,أبيض,دار الخزف للمواد الصحية (11 يونيو),حوض وجه معلق,295,550,400,,0,0,0
LG40766, حوض وجه برسلين مع رف 80 سم ,رويال,R-L5,رصاصي,دار الخزف للمواد الصحية (11 يونيو),حوض وجه برسلين,550,850,840,معلق,0,0,0
LG40767, حوض وجه برسلين 80 سم ,رويال,R-L5,أبيض,دار الخزف للمواد الصحية (11 يونيو),حوض وجه برسلين,400,600,540,معلق,0,0,0
EG40768,رف حوض وجه برسلين 80 سم,رويال,R-L5,رصاصي,دار الخزف للمواد الصحية (11 يونيو),رف حوض وجه برسلين,150,250,210,معلق,0,0,0
LG40769,حوض مع رف كواريون كوارتز 80سم أسود ,سانيتاري ويرز,S80-2,أسود,دار الخزف للمواد الصحية (11 يونيو),حوض وجه برسلين,770,1300,1290,معلق,0,0,0
LG40770, حوض كواريون كوارتز80سم أسود,سانيتاري واير,S80-2,أسود,دار الخزف للمواد الصحية (11 يونيو),حوض وجه برسلين,400,650,650,معلق,0,0,0
EG40771,رف كواريون كوارتز 80سم أسود,سانيتاري ويرز,S80-2,أسود,دار الخزف للمواد الصحية (11 يونيو),رف حوض وجه برسلين,270,470,470,معلق,0,0,0
AM0776,حوض وجه مع دولاب حمام مع خزانة مع مراية -60 سم ,سانيتاري ويرز,041,أبيض,شركة النخبة الفريدة لاستيراد مواد البناء,دولاب حمام,1040,1500,1320,بي في سي,0,0,0
AM0777,حوض وجه مع دولاب حمام مع خزانة مع مراية -60 سم ,سانيتاري ويرز,040,أبيض,شركة النخبة الفريدة لاستيراد مواد البناء,دولاب حمام,1040,1500,1320,بي في سي,0,0,0
AM0778,حوض وجه مع دولاب حمام مع خزانة مع مراية -60 سم ,سانيتاري ويرز,005,أبيض,شركة النخبة الفريدة لاستيراد مواد البناء,دولاب حمام,100,1500,1320,بي في سي,0,0,0
AM0779,حوض وجه مع دولاب حمام مع خزانة مع مراية -80 سم ,سانيتاري ويرز,001,أبيض,شركة النخبة الفريدة لاستيراد مواد البناء,دولاب حمام,1080,1650,1400,بي في سي,0,0,0
AM0780,حوض وجه مع دولاب حمام مع خزانة مع مراية -80 سم ,سانيتاري ويرز,038,أبيض,شركة النخبة الفريدة لاستيراد مواد البناء,دولاب حمام,1080,1650,1400,بي في سي,0,0,0
MT30754,خلاط شطاف كروم,سانيتاري ويرز,OM-07,كروم,شركة النخبة الفريدة لاستيراد مواد البناء,خلاط شطاف,57,120,110,مربع,0,0,0
ML10783,خلاط حوض وجه كروم,سانيتاري ويرز,OM-164,كروم,شركة النخبة الفريدة لاستيراد مواد البناء,خلاط حوض وجه,105,180,150,مربع,0,0,0
ML10787,خلاط حوض وجه  كروم,سانيتاري ويرز,OM-32C,كروم,شركة النخبة الفريدة لاستيراد مواد البناء,خلاط حوض وجه,210,350,320,دائري,0,0,0
LG40755, حوض وجه كوارتز مع رف مع مراية 80 سم ,سانيتاري واير,360-2-1,أبيض,شركة النخبة الفريدة لاستيراد مواد البناء,حوض وجه برسلين,700,1200,1200,معلق,0,0,0
AETS20445,نايلو صوبات 1(متر),شركة الغزالة لمواد البناء,,,محلات الاعتماد (السراج),ملحقات عوازل صحية,1.7,5,4,,0,0,0
PE30443,غيار موس فرش 0.5 مم,فندر,,كروم,محلات الاعتماد (السراج),موس فرش والمقص,4.25,8,7.5,,0,0,0
SA10463,طقم اكسسوار اسود ,توريما,1372-KITACC-005,أسود,  شركة أجياد ليبيا ,طقم اكسسوارات,1050,1750,1750,مربع,0,0,0
VS10466,حوض وجه وضوء معا خلاط معا سيفوني صرف,سانيتاري واير,,أبيض,شركة راما (سراج),حوض وجه معلق,1150,1750,1700,مربع,0,0,0
CE10472,سخانة 50 لتر,اكوالينا,,أبيض,محلات الاعتماد (السراج),سخانة,490,540,540,,0,0,0
CE10473,سخانة 80 لتر,اكوالينا,,أبيض,محلات الاعتماد (السراج),سخانة,510,560,555,,0,0,0
PE30476,شفاط خشبي  ,ABM,L6,,شركة البهراء العالمية الحديثة,مثقاب كهربائي,79.5,160,120,مشبك,0,0,0
CI20480,خزان النبع 1500لتر ,الصفاء ,,أبيض,محلات الاعتماد (السراج),خزان,435,655,650,بلاستك,0,0,0
PE30462,لصقة مع مجفف 200 مل,ابل,,,محلات الاعتماد (السراج),المواد اللاصقة و العازلة,10.25,15,14,,0,0,0
RA20482,مواسير 25'' لفة ضغط 16 100متر ,فرات,بي بي ر - PPR,بيج,محلات الاعتماد (السراج),مواسير - طوبو,305,400,400,,0,0,0
RA20483,بوتلين مسكر1*1ربط من جهتين ,فرات,,,محلات الاعتماد (السراج),سنيسكا,14.5,25,29,,0,0,0
P30484,مضخة فرامة 1حصان ,UMBRA POMPE,,,شركة البهراء العالمية الحديثة,مضخة,625,720,720,,0,0,0
PE30486,غطاء شفاط خارجي 6*15سم  ,ABM,L20,أبيض,شركة البهراء العالمية الحديثة,مثقاب كهربائي,22.5,45,40,دائري,0,0,0
RA20487,طبوا بلاستك 63ضغط 16,شركة الغزالة لمواد البناء,,,شركة الاصالة الدولية ,مواسير - طوبو,79.998,85,85,,0,0,0
RA20488,كوربة 63*90لصقة ضغط 16,الرطيل,جي أم GM,أبيض,شركة الاصالة الدولية ,كوع - كوربة,10,12,12,,0,0,0
RA20489,كوربة 63*45لصقة ضغط 16,الرطيل,جي أم GM,أبيض,شركة الاصالة الدولية ,كوع - كوربة,10,12,12,,0,0,0
RA20490,وصلة 63*2 لصقة ذكر ضغط 16,الرطيل,جي أم GM,أبيض لامع,شركة الاصالة الدولية ,وصلة,10,15,15,,0,0,0
RA20491,كواردةبلاستك 63 لصقة ضغط 16ايرا ,الرطيل,جي أم GM,أبيض لامع,شركة الاصالة الدولية ,كواردة,30,35,35,,0,0,0
RA20492,مخفض 1.25*1نحاس,فينوس,139,كروم,شركة الاصالة الدولية ,مخفض,20,25,25,دائري,0,0,0
ML30495,مرايا حمام مع إضاءة لد 80*60 سم,سانيتاري ويرز,SYC015,,دار الخزف للمواد الصحية (السراج),مراية مضيئة,120,220,200,لاد,0,0,0
ML30496,مرايا حمام مع إضاءة لد 80*60 سم,سانيتاري ويرز,SYC014,,دار الخزف للمواد الصحية (السراج),مراية مضيئة,120,220,200,لاد,0,0,0
ML30497,مرايا حمام مع إضاءة لد 80*60 سم,سانيتاري ويرز,SYC007,,دار الخزف للمواد الصحية (السراج),مراية مضيئة,120,220,200,لاد,0,0,0
RS40501,بلاط ارضيات كوطو 60سم * 60 سم (0.360  م²),سانيتاري ويرز,6600050,كريمي,شركة توباز لاستيراد السيراميك ,بلاط الأرضيات ,47.5,36,33,داخلي,0,0,0
MC10769,سرفنتينة 20سم * 20 سم كروم,دوسشال,BS-50820,كروم,شركة المضمونة للبناء,مجرى,90,150,150,مربع,0,0,0
RO10771,حنفية غسالة  ''1/2 * ''3/4 كروم,بنتاغونو,182CS,كروم,شركة المضمونة للبناء,حنفية,33.5,45,45,دائري,0,0,0
LG40774, حوض كواريون كوارتز 60سم ,سانيتاري واير,diollo,أبيض,South Villa,حوض وجه برسلين,400,750,700,معلق,0,0,0
EG40775,رف كواريون كوارتز 60سم ,سانيتاري ويرز,diollo,أبيض,South Villa,رف حوض وجه برسلين,230,330,330,معلق,0,0,0
ML30776,مرايا حمام مع إضاءة لد 60*60 سم,سانيتاري ويرز,RIMERIO,,South Villa,مراية مضيئة,100,150,150,مربع,0,0,0
AASB30781,حاملة فوط أسود,بن أمور,50-10-49,أسود,مصنع خلاطات و أكسسوارات الصين,اكسسوارات,15,50,50,دائري,0,0,0
PD20783,حاجز دوش 10مم اطار كروم مضبب 70 سم,سانيتاري ويرز,LUE70,,دار الخزف للمواد الصحية (11 يونيو),حاجز دوش,565,850,850,قدم,0,0,0
PD20784,حاجز دوش 10 مم اطار كروم مضبب 80 سم,سانيتاري ويرز,LUE80,,دار الخزف للمواد الصحية (11 يونيو),حاجز دوش,605,900,900,قدم,0,0,0
MD20785,خلاط دوش كروم,ليسو,JR085-4C,كروم,دار الخزف للمواد الصحية (11 يونيو),خلاط دوش,100,280,280,مربع,0,0,0
ML10794,خلاط حوض وجه كروم ,ليسو,JR-085-13,كروم,دار الخزف للمواد الصحية (11 يونيو),خلاط حوض وجه,170,280,280,دائري,0,0,0
MT30786,خلاط شطاف مع شطاف كروم,ليسو,JR085-6C,كروم,دار الخزف للمواد الصحية (11 يونيو),خلاط شطاف,98,240,240,مربع,0,0,0
CD40788,مسطرة دوش زوجية اسود,ليسو,085-10,أسود,دار الخزف للمواد الصحية (11 يونيو),مسطرة دوش,190,330,330,مربع,0,0,0
ARSB80789,كسكاس دوش مربع 250*250 مم مع قصبة كروم,ليسو,404,كروم,دار الخزف للمواد الصحية (السراج),كسكاس دوش,135,250,250,مربع,0,0,0
VS10792,حوض وجه معلق بالعلاقة-80 سم,ليسو,193-80,أبيض,دار الخزف للمواد الصحية (11 يونيو),حوض وجه معلق,550,800,800,نصف دائرة,0,0,0
MA20793,خلاط حوض المطبخ سحاب كروم مطفي,سانيتاري ويرز,3018,كروم مطفي,شركة الجودة vip,خلاط حوض المطبخ سحاب,70,200,200,دائري,0,0,0
LG40794,حوض مع رف كواريون كوارتز 60سم أبيض,سانيتاري ويرز,S-60-1,أبيض,شركة البهراء العالمية الحديثة,حوض وجه برسلين,785,1200,1200,معلق,0,0,0
EG40796,رف كواريون كوارتزأبيض 60سم ,سانيتاري ويرز,S-60-1,أبيض,شركة البهراء العالمية الحديثة,رف حوض وجه برسلين,200,350,350,معلق,0,0,0
ML30806,مرايا حمام مع إضاءة لد 60*80 سم عرض,سانيتاري ويرز,S-60-1,,شركة البهراء العالمية الحديثة,مراية مضيئة,85,170,160,لاد,0,0,0
MA20797,خلاط حوض المطبخ سحاب كروم مطفي,سانيتاري ويرز,,كروم مطفي,شركة البهراء العالمية الحديثة,خلاط حوض المطبخ سحاب,68.5,180,180,دائري,0,0,0
AM0799,حوض وجه مع دولاب حمام مع مراية -90 سم ,سانيتاري ويرز,9932,أبيض,دار الخزف للمواد الصحية (11 يونيو),دولاب حمام,1275,1900,1900,بي في سي,0,0,0
AM0804,حوض وجه مع دولاب حمام مع خزانة مع مراية -80 سم ,سانيتاري ويرز,9922,أبيض,دار الخزف للمواد الصحية (11 يونيو),دولاب حمام,1250,1850,1850,بي في سي,0,0,0
ML30808,مرايا حمام مع إضاءة لد80*60 سم,سانيتاري ويرز,9922,,دار الخزف للمواد الصحية (11 يونيو),مراية مضيئة,120,200,200,لاد,0,0,0
AM0809,حوض وجه مع دولاب حمام مع خزانة مع مراية -100 سم ,سانيتاري ويرز,9927,أبيض,دار الخزف للمواد الصحية (11 يونيو),دولاب حمام,1480,2100,2100,بي في سي,0,0,0
AB10812,خزانة حمام بيج ,سانيتاري ويرز,9927,بيج,دار الخزف للمواد الصحية (11 يونيو),خزانة حمام,150,300,300,بي في سي,1,-1,0
WS10819,مقعد معلق كبير بلس سايز تورنيدو أبيض,ب.أمور,LT-140E-UQ3,أبيض,LETOP ليتوب,مقعد معلق,505,900,705,مربع,0,0,0
AM0821,حوض وجه مع دولاب حمام مع مراية -100 سم ,سانيتاري ويرز,9924,أبيض,دار الخزف للمواد الصحية (11 يونيو),دولاب حمام,1350,1950,1950,بي في سي,0,0,0
AM0822, دولاب حمام مع إضاءة لد-100 سم,سانيتاري ويرز,9924,أبيض,دار الخزف للمواد الصحية (11 يونيو),دولاب حمام,750,1000,1000,بي في سي,0,0,0
VS10824,حوض وجه معلق -100 سم,سانيتاري واير,9924,أبيض,دار الخزف للمواد الصحية (11 يونيو),حوض وجه معلق,450,750,750,مربع,0,0,0
AM0827,حوض وجه مع دولاب حمام مع خزانة مع مراية -80 سم ,سانيتاري ويرز,9936,أبيض,دار الخزف للمواد الصحية (11 يونيو),دولاب حمام,1220,1850,1850,بي في سي,0,0,0
WP20828,مقعد أرضي ملحوم أبيض,ب.أمور,SH-8808,أبيض,South Villa,مقعد أرضي,535,850,730,دائري,0,0,0
ML10829,خلاط حوض وجه وزة كروم ,بن أمور,,كروم,مصنع خلاطات و أكسسوارات الصين,خلاط حوض وجه,256,425,353,مربع,0,0,0
ML10830,خلاط حوض وجه وزة أسود ,بن أمور,,أسود,مصنع خلاطات و أكسسوارات الصين,خلاط حوض وجه,265,440,365,مربع,0,0,0
AM0829,حوض وجه مع دولاب حمام مع خزانة مع مراية -80 سم ,سانيتاري ويرز,1513,أبيض,دار الخزف للمواد الصحية (11 يونيو),دولاب حمام,1260,1850,1850,بي في سي,0,0,0
AM0842,حوض وجه مع دولاب حمام مع خزانة مع مراية -60 سم ,سانيتاري ويرز,1528,أبيض,دار الخزف للمواد الصحية (11 يونيو),دولاب حمام,1050,1500,1500,بي في سي,0,0,0
AM0848,حوض وجه مع دولاب حمام مع خزانة مع مراية -60 سم ,سانيتاري ويرز,1526,أبيض,دار الخزف للمواد الصحية (11 يونيو),دولاب حمام,1050,1500,1500,بي في سي,0,0,0
AM0854,حوض وجه مع دولاب حمام مع خزانة مع مراية -80 سم ,سانيتاري ويرز,9938,أبيض,دار الخزف للمواد الصحية (11 يونيو),دولاب حمام,1220,1850,1850,بي في سي,0,0,0
AM0855,حوض وجه مع دولاب حمام مع خزانة مع مراية -80 سم ,سانيتاري ويرز,9911,أبيض,دار الخزف للمواد الصحية (11 يونيو),دولاب حمام,1220,1850,1850,بي في سي,0,0,0
AM0856,حوض وجه مع دولاب حمام مع مراية -60 سم ,سانيتاري ويرز,9912,أبيض,دار الخزف للمواد الصحية (11 يونيو),دولاب حمام,1050,1400,1400,بي في سي,0,0,0
ARSB80855,سماعة دوش دائرية مع طوبو ذهبي,مجموعة بن عمر,,ذهبي,مصنع خلاطات و أكسسوارات الصين,سماعة دوش,70,140,116,دائري,0,0,0
CE10853,سخانة أفقية   50 لتر,اف جي باور,D50-15A3-4791,أبيض,شركة المضمونة للبناء,سخانة,705,820,820,,0,0,0
ARSB80856,طوبو شطاف 120 سم كروم,مونتانا س.ل,,كروم,شعنان مواد بناء,طوبو شطاف,45,80,80,,0,0,0
LG40860, حوض وجه كواريون مع رف مع مراية 100 سم ,سانيتاري واير,6004,أبيض,دار الخزف للمواد الصحية (11 يونيو),حوض وجه برسلين,920,1300,1300,معلق,0,0,0
EG30874,حوض مطبخ جرانيت أبيض ناصع 72*47 فردي,ب.أمور,Nice,أبيض ناصع ,بوليمي Bolemi,حوض مطبخ جرانيت,480,720,600,فردي,0,0,0
EG30876,حوض مطبخ جرانيت أسود مطفي80*50 فردي,ب.أمور,Zarmdine,أسود مطفي,بوليمي Bolemi,حوض مطبخ جرانيت,635,990,795,فردي,0,0,0
EL10889,حوض مطبخ ستانلس ستيل   80*48 أسود,ب.أمور,Siena,أسود,بوليمي Bolemi,حوض مطبخ ستانلس ستيل,450,750,540,فردي,0,0,0
WA40915,غطاء مقعد أسود,سانيتاري ويرز,IDEAL,أبيض,شركة الصداقة,غطاء مقعد,70,120,100,مربع,0,0,0
WA40917,غطاء مقعد معلق كبير تورنيدو أبيض,ب.أمور,6304/140E,أبيض,LETOP ليتوب,غطاء مقعد,51,150,120,مربع,0,0,0
WA40919,غطاء مقعد رايملس أسود,ب.أمور,SH-A006-MB,أسود,South Villa,غطاء مقعد,53.333,100,80,مربع,0,0,0
PLSA0924,مطول 1/2 *0.5 سم نحاسي,سانيتاري ويرز,,,شركة المضمونة للبناء,وصلة,2,5,5,نحاس,0,0,0
RO10536,حنفية غسالة  ''1/2 * ''3/4 كروم,دوشال ,IDR010,كروم,دار الخزف للمواد الصحية (السراج),حنفية,25,45,40,دائري,0,0,0
VS10928,حوض وجه معلق بالعلاقة-80 سم,سانيتاري ويرز,C173,أبيض,شركة أركان العمارة,حوض وجه معلق,600,800,800,نصف دائرة,0,0,0
ART0929,عمال,,,,,نفقات التشغيل,0,0,0,,0,0,0
AM0938,دولاب مع حوض وجه مع مراية حمام 80 سم,بن أمور,G009-80,رمادي فاتح,XUCHANG MINGLAI TECHNOLOGY,دولاب حمام,880,1400,1400,حائطي,0,0,0
AM0942,دولاب مع حوض وجه مع مراية حمام 80 سم,بن أمور,G011-80,رمادي فاتح,XUCHANG MINGLAI TECHNOLOGY,دولاب حمام,880,1400,1400,حائطي,0,0,0
MD20946,خلاط دوش كروم,شيزا,ROBIN,كروم,  شركة أجياد ليبيا ,خلاط دوش,195,350,350,مربع,0,0,0
AM0947,دولاب مع حوض وجه مع مراية حمام 80 سم,بن أمور,330-80,بيج,XUCHANG MINGLAI TECHNOLOGY,دولاب حمام,800,1500,1500,حائطي,0,0,0
ATWC50950,صندوق بتارية مقعد أرضي,اديال سانيتار,CORAIL,أبيض,مجموعة الخليج,ملحقات مقاعد,160,260,260,,0,0,0
VS10539, حوض وجه سداسي معلق مع عمود أبيض ,KBM,523,أبيض,مجموعة الخليج,حوض وجه معلق,275,420,390,معلق,0,0,0
AM0954,دولاب مع حوض وجه مع مراية حمام 70 سم,بن أمور,DS53-70,بيج,XUCHANG MINGLAI TECHNOLOGY,دولاب حمام,700,1400,1400,حائطي,0,0,0
AM0958,دولاب مع حوض وجه مع مراية حمام 70 سم,بن أمور,330-70,بيج,XUCHANG MINGLAI TECHNOLOGY,دولاب حمام,700,1400,1400,حائطي,0,0,0
AM0962,دولاب مع حوض وجه مع مراية حمام 70 سم,بن أمور,DS83-70,بيج,XUCHANG MINGLAI TECHNOLOGY,دولاب حمام,700,1300,1300,حائطي,0,0,0
AM0966,دولاب مع حوض وجه مع مراية حمام 60 سم,بن أمور,003-60,بيج,XUCHANG MINGLAI TECHNOLOGY,دولاب حمام,710,1300,1300,حائطي,0,0,0
AM0970,دولاب مع حوض وجه مع مراية حمام 60 سم,بن أمور,011-60,بيج,XUCHANG MINGLAI TECHNOLOGY,دولاب حمام,710,1300,1300,حائطي,0,0,0
AM0974,دولاب مع حوض وجه مع مراية حمام 60 سم,بن أمور,009-60,بيج,XUCHANG MINGLAI TECHNOLOGY,دولاب حمام,710,1300,1300,حائطي,0,0,0
LG40978,حوض مع رف كواريون كوارتز مع مرايا  60سم بيج,سانيتاري ويرز,S60-4,بيج,دار الخزف للمواد الصحية (11 يونيو),حوض وجه برسلين,720,1100,1100,معلق,0,0,0
LG40980, حوض وجه كواريون مع رف مع مراية 100 سم ,ديولو,C-2,أبيض,شركة النخبة الفريدة لاستيراد مواد البناء,حوض وجه برسلين,795,1300,1300,معلق,0,0,0
LG40986, حوض وجه كوارتز مع رف مع مراية 80 سم ,سانيتاري واير,S80-1,أبيض,شركة النخبة الفريدة لاستيراد مواد البناء,حوض وجه برسلين,635,1100,1100,معلق,0,0,0
AASB30992,حاملة فوط كروم,بن أمور,50-10-48,كروم,مصنع خلاطات و أكسسوارات الصين,اكسسوارات,15,50,50,دائري,0,0,0
LG40993,حوض مع رف كواريون كوارتز 60سم أبيض,سانيتاري ويرز,999,أبيض,شركة فجر الدولية لمواد الصحية و الاكسسوارات و تشطيب,حوض وجه برسلين,670,890,890,معلق,0,0,0
LG41017, حوض وجه كواريون مع دولاب مع مراية 80 سم ,سانيتاري واير,PL80-1,أبيض,شركة النخبة الفريدة لاستيراد مواد البناء,حوض وجه برسلين,940,1450,1390,معلق,0,0,0
ML31026,مرايا حمام ضد البخار مع إضاءة لد 80*100 سم,سانيتاري ويرز,668,,شركة النخبة الفريدة لاستيراد مواد البناء,مراية مضيئة,167,270,250,مستطيل,0,0,0
LG41027, حوض وجه كواريون مع رف مع مراية 80 سم ,RIMERIO,KL-80-6,أبيض,شركة النخبة الفريدة لاستيراد مواد البناء,حوض وجه برسلين,1240,1650,1650,معلق,0,0,0
ARSB81051,اكسسوار وجه خلاط دوش مدفون كروم ,توريما,8V01011-092,كروم,  شركة أجياد ليبيا ,ملحقات خلاط,250,400,400,دائري,0,0,0
ARSB81052,اكسسوار وجه خلاط شطاف مدفون كروم ,توريما,8V00011-092,كروم,  شركة أجياد ليبيا ,ملحقات خلاط,150,300,300,دائري,0,0,0
WA41057,غطاء مقعد معلق تورنيدو أبيض,ب.أمور,6101/046E,أبيض,LETOP ليتوب,غطاء مقعد,51,120,120,دائري,0,0,0
WA41059,غطاء مقعد معلق تورنيدو أبيض,ب.أمور,6102/053E,أبيض,LETOP ليتوب,غطاء مقعد,51,120,120,دائري,0,0,0
AM0561, دولاب حمام مع حوض وجه بالملحق مع مرايا لد -80 سم,سانيتاري ويرز,9716,أبيض,دار الخزف للمواد الصحية (السراج),دولاب حمام,1215,1850,1590,بي في سي,0,0,0
AM0566,حوض وجه مع دولاب حمام مع خزانة مع مراية -90سم ,سانيتاري ويرز,9914,أبيض,دار الخزف للمواد الصحية (السراج),دولاب حمام,1295,2100,2000,,0,0,0
AM0570, دولاب حمام مع حوض وجه بالملحق مع مرايا لد -80 سم,سانيتاري ويرز,9712,أبيض,دار الخزف للمواد الصحية (السراج),دولاب حمام,1215,1850,1590,بي في سي,0,0,0
AM0576,حوض وجه مع دولاب حمام مع مراية -60 سم ,سانيتاري ويرز,1527,أبيض,دار الخزف للمواد الصحية (السراج),دولاب حمام,1050,1600,1400,بي في سي,0,0,0
EL11063,حوض مطبخ ستانلس ستيل تحت الرخامة 304 71*41*22 سم,أسيل,AS296DRAWN,أسود,شركة النخبة الفريدة لاستيراد مواد البناء,حوض مطبخ ستانلس ستيل,645,980,980,فردي,0,0,0
ARSB81077,كسكاس دوش مربع شريحه كروم 300 مم,LONDA,B031Q1302-CR,كروم,شركة الخيول الذهبية,كسكاس دوش,195,320,320,مربع,0,0,0
PD20579,حاجز دوش 80*190سم 10مم اطار كروم منقط ,,,كروم,دار الخزف للمواد الصحية (السراج),حاجز دوش,595,850,85,,0,0,0
LG41138, حوض وجه كوارتز مع رف مع مراية 80 سم ,,236,أبيض,شركة راما 11يونيو,حوض وجه برسلين,0,1250,1250,معلق,0,0,0
ARSB81143,"مسكر شطافة ""1/2"" * ""1/2 دهبي",ARB,ARB,ذهبي,مجموعة العربي,مخرج شطاف,65,85,85,مربع,0,0,0
ML10002,خلاط حوض وجه ذهبي ,توريما,EDGE 8E33033-093,ذهبي,  شركة أجياد ليبيا ,خلاط حوض وجه,535,790,650,,0,1,0
ML10009,خلاط حوض وجه أسود,توريما,BLOG 8G330BB-093,أسود,شركة لمسات البناء,خلاط حوض وجه,505,885,885,,1,0,0
ME10011,خلاط حوض المطبخ شجرة كروم,توريما,EDGE 8E33011-093,كروم,,خلاط حوض المطبخ شجرة,225,500,400,مربع,0,1,0
ML10017,خلاط حوض وجه كروم ,فينوس,RACHEL B1,كروم,شركة لمسات البناء,خلاط حوض وجه,169,230,190,,2,-1,0
ML10026,خلاط حوض وجه  15 سم أسود ,شيزا,NOVA,أسود,  شركة أجياد ليبيا ,خلاط حوض وجه,145,350,290,قصير,0,1,0
ML10029,خلاط حوض وجه طويل كروم ,فينوس,RACHEL B2,كروم,شركة لمسات البناء,خلاط حوض وجه,212.76,330,280,طويل,0,1,0
ML10033,خلاط حوض وجه طويل كروم,ليسو,,كروم,دار الخزف للمواد الصحية (11 يونيو),خلاط حوض وجه,145,230,180,طويل,0,1,0
ML10041,خلاط حوض وجه طويل كروم,يولي,,كروم,دار الخزف للمواد الصحية (11 يونيو),خلاط حوض وجه,115,180,150,طويل,1,0,0
ML10043,خلاط حوض وجه طويل  30 سم كروم ,سانيتاري ويرز,,كروم,دار الخزف للمواد الصحية (11 يونيو),خلاط حوض وجه,95,150,120,طويل,0,1,0
MD20002,خلاط دوش كروم,فينوس,CALVIN A3,كروم,شركة لمسات البناء,خلاط دوش,215,330,270,,1,0,0
MD20005,خلاط دوش كروم,فينوس,PEARL,كروم,شركة لمسات البناء,خلاط دوش,143,230,180,,0,1,0
MD20008,خلاط دوش ذهبي,نابولي,Z-9003N ZG,ذهبي,برستيج لإستيراد المواد الصحية,خلاط دوش,92,180,125,,0,1,0
MD20011,خلاط دوش كروم,شيزا,TULIP,كروم,  شركة أجياد ليبيا ,خلاط دوش,195,280,210,,0,1,0
MT30059,خلاط شطاف مع شطاف كروم ,فرامو,HO102SHT/CR,كروم,شركة المضمونة للبناء,خلاط شطاف,165,240,205,,0,1,0
ARSB80075,شطاف ظغط مربع مع طوبو كروم,مونتانا س.ل,MT-3102,كروم,شركة المضمونة للبناء,شطاف,32.25,70,45,مربع,0,1,0
ARSB80077,شطاف ظغط دائري مع طوبو ذهبي,"فليكس توب, س.ل",,ذهبي,شركة النهضة كرزاز,شطاف,45,80,60,دائري,0,1,0
CD40099,مسطرة دوش زوجية مربعة كروم,سانيتاري ويرز,,كروم,دار الخزف للمواد الصحية (11 يونيو),مسطرة دوش,345,480,420,مربع,0,1,0
CD40101,مسطرة دوش زوجية كروم,باست,,كروم,دار الخزف للمواد الصحية (11 يونيو),مسطرة دوش,92,150,115,,0,1,0
CD40110,مسطرة دوش زوجية كروم,سلفيرمكس,,كروم,دار الخزف للمواد الصحية (11 يونيو),مسطرة دوش,110,190,140,,0,1,0
MA20121,خلاط حوض المطبخ سحاب ذهبي,سانيتاري ويرز,,ذهبي,تولين للبضائع الأوروبية,خلاط حوض المطبخ سحاب,213,400,265,دائري,0,1,0
MA20002,خلاط حوض المطبخ سحاب أسود,سانيتاري ويرز,,أسود,دار الخزف للمواد الصحية (11 يونيو),خلاط حوض المطبخ سحاب,580,790,705,,0,1,0
ME10004,خلاط حوض المطبخ شجرة كروم,فرامو,MA133CR,كروم,شركة المضمونة للبناء,خلاط حوض المطبخ شجرة,235,295,290,,1,0,0
MA20012,خلاط حوض المطبخ سحاب كروم,سانيتاري ويرز,,كروم,مصنع خلاطات و أكسسوارات الصين,خلاط حوض المطبخ سحاب,155,280,195,,0,1,0
MTE60025,خلاط شطاف مدفون كروم ,رايمر,EY30,كروم,شركة آفاق المتحدة لإستيراد مواد البناء,خلاط شطاف مدفون,170,260,210,,0,1,0
MDE50029,خلاط دوش مدفون كروم ,رايمر,EY09,كروم,شركة آفاق المتحدة لإستيراد مواد البناء,خلاط دوش مدفون,300,450,370,,0,1,0
MA20034,خلاط حوض المطبخ سحاب أسود,سانيتاري ويرز,,أسود,تولين للبضائع الأوروبية,خلاط حوض المطبخ سحاب,188,400,235,,0,1,0
MA20035,خلاط حوض المطبخ سحاب أسود,سانيتاري ويرز,,أسود,تولين للبضائع الأوروبية,خلاط حوض المطبخ سحاب,188,400,235,,0,1,0
MTE60044,خلاط شطاف مدفون كروم ,غروهي,33556002,كروم,دار الخزف للمواد الصحية (11 يونيو),خلاط شطاف مدفون,510,650,620,,0,1,0
MTE60050,خلاط شطاف مدفون كروم ,توريما,8Q00011-090,كروم,دار الخزف للمواد الصحية (11 يونيو),خلاط شطاف مدفون,175,270,210,مربع,0,1,0
MTE60051,خلاط شطاف مدفون كروم ,توريما,8V00011-090,كروم,  شركة أجياد ليبيا ,خلاط شطاف مدفون,125,240,200,,0,1,0
ARSB80055,كسكاس دوش مربع 250*250 مم مع قصبة ذهبي,موباكس,DAS-580G,ذهبي,دار الخزف للمواد الصحية (11 يونيو),كسكاس دوش,125,210,160,مربع,0,1,0
ARSB80060,كسكاس دوش مربع 400*400 مم كروم,فينوس,UTS16,كروم,شركة لمسات البناء,كسكاس دوش,153,230,190,مربع,1,0,0
ARSB80061,كسكاس دوش مربع 250*250 مم مع قصبة كروم,سانيتاري ويرز,,كروم,دار الخزف للمواد الصحية (11 يونيو),كسكاس دوش,55,90,75,مربع,0,1,0
ARSB80065,كسكاس دوش دائري 300 مم مع قصبة كروم,شيزا,,كروم,شركة آفاق المتحدة لإستيراد مواد البناء,كسكاس دوش,135,200,165,دائري,0,1,0
ARSB80067,كسكاس دوش مربع 250*250 مم كروم,فينوس,SSHO10,كروم,شركة لمسات البناء,كسكاس دوش,135,200,170,مربع,0,1,0
ARSB80100,مصب دوش مع تحويلة أسود,بريمكس,J005X,أسود,شركة لمسات البناء,مصب دوش,77,120,115,,0,1,0
ARSB80108,قصبة دوش مربعة 35 سم كروم,فينوس,,كروم,شركة لمسات البناء,قصبة دوش,32,70,45,مربع,0,1,0
ARSB80115,مصب دوش بدون تحويلة كروم,فينوس,CALVIN D2S,كروم,شركة لمسات البناء,مصب دوش,95,150,120,,0,1,0
ARSB80128,مخرج شطاف مع علاق مع محول كروم,رايمر,338M,كروم,شركة آفاق المتحدة لإستيراد مواد البناء,مخرج شطاف,95,160,120,دائري,1,0,0
ARSB80129,قصبة دوش 30 سم سقفية كروم,سانيتاري ويرز,,كروم,شركة لمسات البناء,قصبة دوش,32,70,45,مربع,1,0,0
ARSB80136,مصب دوش مع تحويلة كروم,سانيتاري ويرز,I.DOWAS 1101,كروم,شركة المضمونة للبناء,مصب دوش,95,150,120,مربع,0,1,0
ARSB80138,مصب حوض وجه  22 سم كروم,توريما,0314111-T40,كروم,  شركة أجياد ليبيا ,مصب حوض,295,520,520,مربع,0,1,0
ML10145,خلاط حوض وجه مدفون مع مصب ذهبي ,توريما,VELVET 8V31333-090,ذهبي,  شركة أجياد ليبيا ,خلاط حوض وجه مدفون,680,1230,980,,0,1,0
ARSB80149,مصب دوش مع تحويلة كروم,فينوس,RACHEL K,كروم,شركة لمسات البناء,مصب دوش,84,135,110,,0,1,0
ARSB80150,مصب حوض وجه 22 سم كروم,توريما,0329111-T40,كروم,  شركة أجياد ليبيا ,مصب حوض,250,400,400,دائري,0,1,0
MLE40153,خلاط حوض وجه مدفون مع مَصَب كروم,فرامو,SI244CR,كروم,شركة المضمونة للبناء,خلاط حوض وجه مدفون,585,800,715,دائري,1,0,0
WP20159,مقعد أرضي ملحوم سداسي أبيض,ب.أمور,SH-276-S,أبيض,South Villa,مقعد أرضي,435,680,680,مربع,0,1,0
WS10163,مقعد معلق رايملس أبيض ,ب.أمور,SH-006,أبيض,South Villa,مقعد معلق,355,600,550,مربع,0,1,0
WS10171,مقعد معلق رايملس أبيض ,تركواز سيراستايل,CITY,أبيض,شركة الصداقة,مقعد معلق,700,1370,800,دائري,1,0,0
WP20179,مقعد أرضي ملحوم ذهبي ,ليمكس,1078,ذهبي,شركة اعمار الجديد,مقعد أرضي,1000,1650,1520,مربع,0,1,0
AM0185,حوض وجه مع دولاب حمام -60 سم ,سانيتاري ويرز,ML-01-60,رصاصي,XUCHANG MINGLAI TECHNOLOGY,دولاب حمام,308,550,470,بي في سي,1,0,0
AM40194,مراية دولاب حمام -60 سم ,سانيتاري ويرز,ML-02-60,أبيض,XUCHANG MINGLAI TECHNOLOGY,مراية دولاب,100,150,135,بي في سي,0,1,0
WP20198,مقعد أرضي أبيض,ايجا فتريفاي,TYANA,أبيض,مجموعة الخليج,مقعد أرضي,574,800,700,مربع,0,1,0
WP20199,مقعد أرضي أبيض,اديال سانيتار,Emeraude,أبيض,مجموعة الخليج,مقعد أرضي,466,620,570,مربع,1,0,0
VS10210,حوض وجه معلق أبيض -45*37سم,سانيتاري ويرز,VCM,أبيض,تولين للبضائع الأوروبية,حوض وجه معلق,140,260,180,معلق,1,0,0
ALVM50212,قرجوطة سيفون حوض الوجه 1.1/4*80 سم,فينوس,,كروم,شركة لمسات البناء,ملحقات أحواض مغاسل,23,35,30,بلاستك,-4,5,0
ATWC50214,بتارية مقعد أرضي جنب,سانيتاري ويرز,,,محلات الإعتماد لإستيراد مواد البناء (11 يونيو),ملحقات مقاعد,45,75,60,,-1,2,0
VS10219,عمود حوض وجه سداسي أرضي أبيض ,ب.أمور,SH-501,أبيض,South Villa,حوض وجه معلق,45,120,70,أرضي,0,1,0
VS10220,عمود حوض وجه سداسي معلق أبيض ,ب.أمور,SH-B182-H ,أبيض,South Villa,حوض وجه معلق,65,120,70,معلق,0,1,0
AM40227,مراية دولاب حمام -70 سم ,سانيتاري ويرز,ML-02-80,أبيض,XUCHANG MINGLAI TECHNOLOGY,مراية دولاب,94,150,135,بي في سي,1,0,0
EL10238,حوض مطبخ ستانلس ستيل   90*45  كروم,بريمكس,EC 05,كروم,محلات الساحل,حوض مطبخ ستانلس ستيل,355,550,450,زوجي,0,1,0
ATWC50246,رجسترو مقعد أرضي مائل 3 سم,سانيتاري ويرز,,,شركة البهراء العالمية الحديثة,ملحقات مقاعد,8.75,10,9,بلاستك,-1,2,0
RO10250,حنفية 3/4 ,سانيتاري ويرز,,,محلات الإعتماد لإستيراد مواد البناء (11 يونيو),حنفية,35,55,45,,0,1,0
EG30254,حوض مطبخ جرانيت كريمي 80*50 ,سانيبال,سالسا,كريمي,مجموعة الخليج,حوض مطبخ جرانيت,435,590,550,زوجي,0,1,0
EG30255,حوض مطبخ جرانيت أبيض  80*50 ,سانيبال,سالسا,أبيض,مجموعة الخليج,حوض مطبخ جرانيت,405,570,520,زوجي,0,1,0
EG30256,حوض مطبخ جرانيت رملي محبب 80*50 ,سانيبال,فلورا,كريمي,مجموعة الخليج,حوض مطبخ جرانيت,339.605,520,520,فردي,1,0,0
CE10268,سخانة 30 لتر,فرش,,أبيض,محلات الإعتماد لإستيراد مواد البناء (11 يونيو),سخانة,545,580,580,,1,0,0
ML30279,مرايا حمام مع إضاءة لد 80*60 سم,كاي بي ام,ML_008,مرجاني,مجموعة الخليج,مراية مضيئة,77.6,125,100,لاد,0,1,0
ML30280,مرايا حمام مع إضاءة لد 80*60 سم,كاي بي ام,ML_009,مرجاني,مجموعة الخليج,مراية مضيئة,77.6,125,100,لاد,1,0,0
ALVM50280,رأس سيفوني أبيض,يولي,,أبيض,شركة لمسات البناء,رأس سيفوني,31,50,42,دائري,0,1,0
ML30285,مرايا حمام مع إضاءة لد مع اطار أسود 80*60 سم,سانيتاري ويرز,,أسود,دار الخزف للمواد الصحية (11 يونيو),مراية مضيئة,145,210,185,لاد,1,0,0
RO10291,مسكر زاوية  ''1/2 * ''1/2 ذهبي,سانيتاري ويرز,,ذهبي,شركة البهراء العالمية الحديثة,حنفية,16.25,30,25,دائري,0,1,0
RD30295,حوض قدم زاوية 80*80 سم,اديال سانيتار,A116,أبيض,مجموعة الخليج,بانيو قدم,208.65,330,270,قدم,0,1,0
ALVM50299,سيفون حوض الوجه كروم,توريما,0331311-T40,كروم,  شركة أجياد ليبيا ,سيفون حوض الوجه,165,230,180,مربع,0,1,0
ARSB80310,مخرج شطاف مع علاق كروم,شيزا,48616,كروم,شركة آفاق المتحدة لإستيراد مواد البناء,مخرج شطاف,40,80,55,دائري,0,1,0
LG40318, حوض وجه برسلين مشطوف 80 سم ,رويال,YB14-6,,شركة المتخصص الليبي,حوض وجه برسلين,500,700,640,معلق,1,0,0
LG40320, حوض وجه برسلين مشطوف 80 سم ,رويال,YB14-4,,شركة المتخصص الليبي,حوض وجه برسلين,500,700,640,معلق,1,0,0
LG40322, حوض وجه برسلين 80 سم,رويال,YB03_20,,شركة المتخصص الليبي,حوض وجه برسلين,400,600,540,معلق,0,1,0
LG40325, حوض وجه برسلين مشطوف 80 سم ,رويال,YB14-7,,شركة المتخصص الليبي,حوض وجه برسلين,500,700,640,معلق,1,0,0
LG40326, حوض وجه برسلين مشطوف 80 سم ,رويال,YB14-1,,شركة المتخصص الليبي,حوض وجه برسلين,500,700,640,معلق,1,0,0
LG40327, حوض وجه برسلين مشطوف 80 سم ,رويال,YB14-10,,شركة المتخصص الليبي,حوض وجه برسلين,500,700,640,معلق,0,1,0
LG40328, حوض وجه برسلين 80 سم,رويال,YB03_18,,شركة المتخصص الليبي,حوض وجه برسلين,400,600,540,معلق,1,0,0
LG40329, حوض وجه برسلين 80 سم ,رويال,YB03_10,,شركة المتخصص الليبي,حوض وجه برسلين,400,600,540,معلق,1,0,0
LG40341, حوض وجه برسلين مشطوف 80 سم ,رويال,YB14-2,,شركة المتخصص الليبي,حوض وجه برسلين,400,700,640,معلق,0,1,0
EG40345,رف حوض وجه برسلين 80 سم,رويال,YB14-6,,شركة المتخصص الليبي,رف حوض وجه برسلين,60,150,110,معلق,1,0,0
EG40346,رف حوض وجه برسلين 80 سم,رويال,YB14-7,,شركة المتخصص الليبي,رف حوض وجه برسلين,60,150,110,معلق,1,0,0
EG40349,رف حوض وجه برسلين 80 سم,رويال,YB14-1,,شركة المتخصص الليبي,رف حوض وجه برسلين,60,150,110,معلق,1,0,0
EG40351,رف حوض وجه برسلين 80 سم,رويال,YB03_20,,شركة المتخصص الليبي,رف حوض وجه برسلين,60,150,110,معلق,0,1,0
EG40352,رف حوض وجه برسلين 80 سم,رويال,YB03_18,,شركة المتخصص الليبي,رف حوض وجه برسلين,70,150,110,معلق,1,0,0
EG40353,رف حوض وجه برسلين 80 سم,رويال,YB03_10,,شركة المتخصص الليبي,رف حوض وجه برسلين,70,150,110,معلق,1,0,0
EG40356,رف حوض وجه برسلين 60 سم,رويال,YB14B-14,,شركة المتخصص الليبي,رف حوض وجه برسلين,60,150,110,معلق,0,1,0
LG40361,حوض وجه برسلين 60 سم,رويال,YB14B-14,,شركة المتخصص الليبي,حوض وجه برسلين,400,600,540,معلق,0,1,0
ARSB80007,سماعة دوش مع طوبو أسود,سانيتاري ويرز,,أسود,شركة البهراء العالمية الحديثة,سماعة دوش,22.5,50,30,دائري,0,1,0
ARSB80010,سماعة دوش مع طوبو كروم,سانيتاري واير,,كروم,محلات الإعتماد لإستيراد مواد البناء (11 يونيو),سماعة دوش,15.5,45,25,دائري,0,1,0
ARSB80368,سماعة دوش مع طوبو كروم,فينوس,HSS417,كروم,شركة لمسات البناء,سماعة دوش,44,70,60,دائري,0,1,0
LG40394, حوض وجه برسلين 80 سم ,رويال,2612,,دار الخزف للمواد الصحية (11 يونيو),حوض وجه برسلين,400,600,540,معلق,1,0,0
EG40395,رف حوض وجه برسلين 80 سم,رويال,2612,,دار الخزف للمواد الصحية (11 يونيو),رف حوض وجه برسلين,60,150,110,معلق,1,0,0
EG40397,رف حوض وجه برسلين 80 سم,رويال,2608,,دار الخزف للمواد الصحية (11 يونيو),رف حوض وجه برسلين,35,150,110,معلق,0,1,0
LG40398, حوض وجه برسلين 80 سم ,رويال,2608,,دار الخزف للمواد الصحية (11 يونيو),حوض وجه برسلين,400,600,540,معلق,0,1,0
AM0411,حوض وجه مع دولاب حمام -80 سم,سانيتاري ويرز,9402,أبيض,دار الخزف للمواد الصحية (11 يونيو),دولاب حمام,600,900,800,بي في سي,1,0,0
AB10412,خزانة حمام 120*24*20,سانيتاري ويرز,9402,أبيض,دار الخزف للمواد الصحية (11 يونيو),خزانة حمام,80,250,180,بي في سي,1,0,0
ML30413,مرايا حمام مع إضاءة لد 80*60 سم,سانيتاري ويرز,9402,مرجاني,دار الخزف للمواد الصحية (11 يونيو),مراية مضيئة,50,150,110,لاد,1,0,0
AB10420,خزانة حمام 120*24*20,سانيتاري ويرز,8204,أبيض,دار الخزف للمواد الصحية (11 يونيو),خزانة حمام,100,250,180,بي في سي,1,0,0
AM0421,حوض وجه مع دولاب حمام -80 سم,سانيتاري ويرز,8204,أبيض,دار الخزف للمواد الصحية (11 يونيو),دولاب حمام,600,900,800,بي في سي,1,0,0
ML30422,مرايا حمام مع إضاءة لد 80*60 سم,سانيتاري ويرز,8204,مرجاني,دار الخزف للمواد الصحية (11 يونيو),مراية مضيئة,80,150,110,لاد,1,0,0
RFP1427,"فسيبلي "" 1/2 أنثى * ""1/2 أنثى 50سم",فانسكي,اسباني,كروم,شركة النهضة كرزاز,فسيبلي,17.5,25,23,دائري,2,-1,0
ML30433,مرايا حمام مع إضاءة لد 80*60 سم,سانيتاري ويرز,,,دار الخزف للمواد الصحية (11 يونيو),مراية مضيئة,80,150,110,لاد,0,1,0
PD20440,حاجز دوش 10 مم اطار كروم 90 سم,ليسو,ZW001,,دار الخزف للمواد الصحية (11 يونيو),حاجز دوش,495,700,640,قدم,0,1,0
PD20441,حاجز 8 مم اطار ذهبي 100 سم,سانيتاري ويرز,,ذهبي,دار الخزف للمواد الصحية (11 يونيو),حاجز دوش,425,650,550,قدم,0,1,0
PD20442,حاجز دوش 10مم اطار كروم منقط 90 سم,ليسو,ZW004,,دار الخزف للمواد الصحية (11 يونيو),حاجز دوش,485,700,630,قدم,0,1,0
LG40445, حوض وجه برسلين 80 سم ,رويال,4-03,,دار الخزف للمواد الصحية (11 يونيو),حوض وجه برسلين,400,600,540,معلق,1,0,0
EG40446,رف حوض وجه برسلين 65 سم,رويال,4-03,,شركة المتخصص الليبي,رف حوض وجه برسلين,30,150,110,معلق,1,0,0
MC10449,سرفنتينة 15 سم * 15 سم ذهبي,درنيا,,ذهبي,شركة آفاق المتحدة لإستيراد مواد البناء,مجرى,160,225,200,مربع,0,1,0
MC10450,مجرى 40 سم 6* سم ذهبي,درنيا,,ذهبي,شركة آفاق المتحدة لإستيراد مواد البناء,مجرى,280,390,350,مستطيل,0,1,0
VS10462,حوض وجه معلق 80 سم,أوركا,LUCCA,أبيض,مصنع أوركا,حوض وجه معلق,350,550,470,,1,0,0
AM0463,دولاب مع مراية حمام 80 سم,أوركا,CLAY,بيج,مصنع أوركا,دولاب حمام,1700,2300,2200,,0,1,0
PS20474,علاقة مناشف زوجية كروم,سانيتاري ويرز,,كروم,شركة لمسات البناء,علاقة مناشف,138,220,180,,0,1,0
ARSB80475,طوبو دوش 150سم كروم,فينوس,,كروم,دار الخزف للمواد الصحية (11 يونيو),طوبو دوش,22,50,30,,0,1,0
MC10479,مجرى 55سم *7 سم كروم,بيورا,DL-03-55,كروم,شركة الركن الجديد,مجرى,257,320,310,مستطيل,0,1,0
PS20004,علاقة مناشف زوجية ذهبي,سانيتاري ويرز,,ذهبي,مصنع خلاطات و أكسسوارات الصين,علاقة مناشف,85,120,110,معلق,0,1,0
PS20006,علاقة مناشف كروم,سانيتاري ويرز,,كروم,دار الخزف للمواد الصحية (11 يونيو),علاقة مناشف,48,70,65,معلق,0,1,0
AASB30006,موزع صابون كروم,سانيتاري ويرز,305,كروم,دار الخزف للمواد الصحية (11 يونيو),اكسسوارات,18,40,40,حائطي,-2,3,0
MDE50006,خلاط دوش مدفون مع مصب وقصبة وكسكاس أبيض,فرامو,DE211BO,أبيض,شركة الركن الجديد,خلاط دوش مدفون,1950,2050,2000,,1,0,0
CE10007,سخانة 80 لتر,فرش,,أبيض,محلات الإعتماد لإستيراد مواد البناء (11 يونيو),سخانة,585,625,625,,1,0,0
ARSB80718,مخرج شطاف مربع بالعلاقة كروم,سي أر سمارت,15-4-4,كروم,شركة أركان العمارة,مخرج شطاف,66,100,85,مربع,1,0,0
ARSB80823,مصب دوش بدون تحويلة كروم,شيزا,,كروم,شركة أركان العمارة,مصب دوش,80,130,110,مربع,0,1,0
ARSB0824,كسكاس دوش دائري 25سم مع قصبة كروم,,,كروم,شركة أركان العمارة,كسكاس دوش,180,300,225,دائري,0,1,0
ALVM50011,رأس سيفوني كروم,,,كروم,شركة أركان العمارة,رأس سيفوني,40,75,70,مربع,0,1,0
ARSB80038,شطاف ظغط مربع مع مخرج بالعلاقة مع طوبو أسود,تركواز سيراستايل,ANOVA,أسود,شركة أركان العمارة,شطاف,36,90,60,مربع,0,1,0
AM40044,مراية دولاب حمام لد -80 سم ,سانيتاري ويرز,DICTAC,أبيض,تولين للبضائع الأوروبية,مراية دولاب,235,350,440,ستاينلس ستيل,0,1,0
PE30038,طلاء مائي عازل للرطوبة 5 كغ,الواحة,العازل,أبيض,محلات الإعتماد لإستيراد مواد البناء (11 يونيو),الجدران خارجي,44.65,60,52,,0,1,0
PE30063,طلاء بخاخ داخلي و خارجي أبيض,إس كيو إل أو,,أبيض,محلات الإعتماد لإستيراد مواد البناء (11 يونيو),الجدران والسقف,4.333,10,6.5,,0,1,0
EL10008,حوض مطبخ ستانلس ستيل   304,أسيل,AS 381,كروم,شركة أركان العمارة,حوض مطبخ ستانلس ستيل,230,370,310,فردي,0,1,0
CD40016,مسطرة دوش زوجية كروم,تركواز سيراستايل,BR100-8,كروم,شركة أركان العمارة,مسطرة دوش,110,200,140,,1,0,0
AASB30023,رف زاوية زوجي كروم,سانيتاري ويرز,,كروم,دار الخزف للمواد الصحية (11 يونيو),اكسسوارات,85,140,110,زوجي,0,1,0
AASB30025,رف زاوية زوجي كروم,فينوس,462C,كروم,شركة لمسات البناء,اكسسوارات,63,100,80,زوجي,1,0,0
RA30042,"ديسكو سريع 9"" 230 مم",كداس,AZ 46 P-BF INOX,أسود مطفي,محلات الإعتماد لإستيراد مواد البناء (11 يونيو),ديسكو منشار دائري,8.75,16,13,,0,1,0
SA10040,طقم اكسسوار ذهبي,سانيتاري ويرز,5800-7,ذهبي,شركة لمسات البناء,طقم اكسسوارات,225,350,290,دائري,0,1,0
PS20041,علاقة ملابس رباعية,فينوس,LI-04,كروم,شركة لمسات البناء,علاقة مناشف,52.38,85,70,معلق,0,1,0
RA30053,طوبو رش 3/4 50 متر,التوفيق,,بُرْتُقَالِيّ,محلات الإعتماد لإستيراد مواد البناء (11 يونيو),طوبو رش,115,140,125,,0,1,0
PS20049,علاقة مناشف كروم,فينوس,GR-07,كروم,شركة لمسات البناء,علاقة مناشف,280,400,370,معلق,0,1,0
AASB30059,حاملة فرشاة أسنان كروم,بلوميس,AREO,كروم,تولين للبضائع الأوروبية,اكسسوارات,35,75,52,حائطي,-1,2,0
AASB30074,مجفف يد أبيض,بريمكس,A1005-W,أبيض,شركة لمسات البناء,اكسسوارات,82,140,90,,1,0,0
ATWC50083,عوامة صندوق طرد,غروهي,3709500,,دار الخزف للمواد الصحية (11 يونيو),ملحقات مقاعد,105,150,145,,0,1,0
AASB30084,مقبض قابل للطي مضاد للانزلاق لكبار السن,سانيتاري ويرز,,أبيض,مصنع خلاطات و أكسسوارات الصين,اكسسوارات,100,170,130,,1,0,0
AASB30010,صابونية كروم,بلوميس,AREO,كروم,تولين للبضائع الأوروبية,اكسسوارات,35,75,50,حائطي,-1,2,0
PE30106,"صندوق عدة بلاستك 14"" 37*19.5*18سم",اي بي سي,AC18778,أَصْفَرُ,محلات الإعتماد لإستيراد مواد البناء (11 يونيو),صندوق الأدوات,28,40,34,,0,1,0
PE30107,"صندوق عدة بلاستك 17"" 42*22*19.5سم",اي بي سي,AC18779,أَصْفَرُ,محلات الإعتماد لإستيراد مواد البناء (11 يونيو),صندوق الأدوات,38,50,45,,0,1,0
PE30108,"صندوق عدة بلاستك 19"" 47*24.5*21.5سم",اي بي سي,AC1880,أَصْفَرُ,محلات الإعتماد لإستيراد مواد البناء (11 يونيو),صندوق الأدوات,45,60,54,,0,1,0
PE30110,ماصة 1.5 كغ,اي بي سي,AC18726,أَصْفَرُ,محلات الإعتماد لإستيراد مواد البناء (11 يونيو),مطرقة - ماصة,18,27,22,,0,1,0
PE30113,ملعقة رقم 20,اي بي سي,AC70002,أَزْرَقُ,محلات الإعتماد لإستيراد مواد البناء (11 يونيو),ملعقة,5,8,7,دائري,0,1,0
P30110,مضخة ماجن 3/4 حصان ضد التآكل,شمجا,QDX1.5-25-0.55K3-F,,محلات الإعتماد لإستيراد مواد البناء (11 يونيو),مضخة,565,670,770,,0,1,0
PE30120,ترابنو850 وات,سبيكو,SP-7010,,محلات الإعتماد لإستيراد مواد البناء (11 يونيو),مثقاب كهربائي,225,280,250,,0,1,0
PE30121,"صاروخ 4.5"" 600 وات",كراون,CT13003,,محلات الإعتماد لإستيراد مواد البناء (11 يونيو),صاروخ,165,220,190,,0,1,0
PE30122,"صاروخ 9"" 2200 وات",كراون,CT13070,,محلات الإعتماد لإستيراد مواد البناء (11 يونيو),صاروخ,395,450,420,,0,1,0
PA30123,قفل سرانتي يمين + يسار,أف أف,F839516,,محلات الإعتماد لإستيراد مواد البناء (11 يونيو),قفل باب,95,145,115,,0,1,0
PA30139,عصاة مكنسة,ماتاكس,PS06-1A,,محلات الإعتماد لإستيراد مواد البناء (11 يونيو),مكنسة خارجية,1.65,3,2,,0,1,0
PA30142,سلوم 6 درجات,الشركة العالمية للتصدير و الإستيراد,,,محلات الإعتماد لإستيراد مواد البناء (11 يونيو),السلالم والسقالات,300,490,480,,0,1,0
PA30143,سلوم 4 درجات 4 متر,الشركة العالمية للتصدير و الإستيراد,,,محلات الإعتماد لإستيراد مواد البناء (11 يونيو),السلالم والسقالات,240,330,320,,0,1,0
PA30145,سلوم 6 درجات 5 متر,الشركة العالمية للتصدير و الإستيراد,,,محلات الإعتماد لإستيراد مواد البناء (11 يونيو),السلالم والسقالات,275,390,380,,0,1,0
PA30198,منفاخ هواء كهربائي 600 وات,اي بي سي,AC-002,,مجموعة بن عمر BEN AMOR Group,قطع غيار واكسسوارات معدات الحديقة,70,120,90,,0,1,0
EL50242,سير ربط 4 * 400 مم (100 قطعة),الشركة العالمية للتصدير و الإستيراد,,أسود,محلات الإعتماد لإستيراد مواد البناء (11 يونيو),ملحقات الكهرباء,4.2,7,5.5,رقيق,0,1,0
ARSB80267,مخرج شطاف مربع بالعلاقة كروم,ليمكس,LY-2763,كروم,شركة اعمار الجديد,مخرج شطاف,65,125,100,مربع,0,1,0
PLSA0264,وردة أسود,ليمكس,LY-2071,أسود,شركة اعمار الجديد,وصلة,16.75,25,25,مربع,0,1,0
PA30267,مفتاح إنجليزي رقم 10,فندر,,,محلات الإعتماد لإستيراد مواد البناء (11 يونيو),مفك البراغي يدوي,13.5,20,17,,0,1,0
ASCA60273,ستريتشة 2.50 متر,الشركة العالمية للتصدير و الإستيراد,,كروم,مجموعة بن عمر BEN AMOR Group,ستريتشة,30,75,50,,0,1,0
ASCA60285,ستريتشة 2.44 متر,الشركة العالمية للتصدير و الإستيراد,,برنزي,مجموعة بن عمر BEN AMOR Group,ستريتشة,30,75,50,,0,1,0
ASCA60288,ستريتشة 2.44 متر,الشركة العالمية للتصدير و الإستيراد,,كروم,مجموعة بن عمر BEN AMOR Group,ستريتشة,30,75,50,,0,1,0
ASCA60292,ستريتشة 3 متر,الشركة العالمية للتصدير و الإستيراد,,أسود,مجموعة بن عمر BEN AMOR Group,ستريتشة,35,80,55,,0,1,0
ASCA60293,ستريتشة 3 متر,الشركة العالمية للتصدير و الإستيراد,,أسود,مجموعة بن عمر BEN AMOR Group,ستريتشة,35,80,55,,0,1,0
ASCA60294,ستريتشة 2.50 متر,الشركة العالمية للتصدير و الإستيراد,,كروم,مجموعة بن عمر BEN AMOR Group,ستريتشة,30,75,50,,0,1,0
ASCA60295,ستريتشة 3 متر,الشركة العالمية للتصدير و الإستيراد,,كروم,مجموعة بن عمر BEN AMOR Group,ستريتشة,35,80,55,,0,1,0
ASCA60296,ستريتشة 3 متر,الشركة العالمية للتصدير و الإستيراد,,أسود,مجموعة بن عمر BEN AMOR Group,ستريتشة,35,80,55,رقيق,0,1,0
ASCA60297,ستريتشة 3 متر,الشركة العالمية للتصدير و الإستيراد,,كروم,مجموعة بن عمر BEN AMOR Group,ستريتشة,35,80,55,رقيق,0,1,0
ASCA60298,ستريتشة 2.70 متر,الشركة العالمية للتصدير و الإستيراد,,كروم,مجموعة بن عمر BEN AMOR Group,ستريتشة,30,75,50,,0,1,0
ML10301,خلاط حوض وجه  كروم,ليسو,JR031-30,كروم,دار الخزف للمواد الصحية (11 يونيو),خلاط حوض وجه,200,300,240,مربع,1,0,0
ASCA60305,ستريتشة 3 متر,الشركة العالمية للتصدير و الإستيراد,,ذهبي,مجموعة بن عمر BEN AMOR Group,ستريتشة,35,80,55,مربع,0,1,0
MC10310,سرفنتينة 15 سم * 15 سم كروم ,دانيال,,كروم,شركة الركن الجديد,مجرى,72,120,100,مربع,0,1,0
PS20319,علاقة مناشف كروم,ليسو,JR031-11,كروم,دار الخزف للمواد الصحية (11 يونيو),علاقة مناشف,70,120,90,مربع,0,1,0
PE30324,كولة 118 مل,الشركة العالمية للتصدير و الإستيراد,,شفاف,محلات الإعتماد لإستيراد مواد البناء (11 يونيو),المواد اللاصقة و العازلة,11.5,17,14,,0,1,0
PE30332,رولة كروسة 10 سم مع فرشة,شركة الغزالة لمواد البناء,,,محلات الإعتماد لإستيراد مواد البناء (11 يونيو),فرشة طلاء,3.6,10,7.5,,0,1,0
ARSB80350,قصبة دوش دائرية 30 سم كروم,سانيتاري ويرز,32-31,كروم,دار الخزف للمواد الصحية (11 يونيو),قصبة دوش,22,70,50,مربع,1,0,0
AASB30341,حاملة منظفات زوجي كروم,ليسو,,كروم,دار الخزف للمواد الصحية (11 يونيو),اكسسوارات,105,160,130,مربع,-1,2,0
PA30343,سخانة يدوية 1500 وات,الشركة العالمية للتصدير و الإستيراد,,,محلات الإعتماد لإستيراد مواد البناء (11 يونيو),أدوات  متعددة الوظائف,8.75,15,11,,0,1,0
AASB30343,فرشاة مرحاض كروم,ليسو,BS-51,كروم,دار الخزف للمواد الصحية (11 يونيو),اكسسوارات,78,150,120,مربع,1,0,0
PA30381,منقار,الشركة العالمية للتصدير و الإستيراد,COLT,,محلات الإعتماد لإستيراد مواد البناء (11 يونيو),منقار,5.5,10,7,طويل,0,1,0
RA30384,ديسكو جرانيت 4.5'' 115 مم,ماركيت,A-08115,,محلات الإعتماد لإستيراد مواد البناء (11 يونيو),ديسكو منشار دائري,5.5,10,7,مفتوح,0,1,0
PA30387,ديسكو خشب 4.5'' 115 مم,الشركة العالمية للتصدير و الإستيراد,BELOTA BE111530,,محلات الإعتماد لإستيراد مواد البناء (11 يونيو),ديسكو منشار دائري,4.25,8,5.5,,0,1,0
EL50400,لصقة 0.13 مم * 50 مم * 25 متر,الشركة العالمية للتصدير و الإستيراد,SCAPA 2702,أسود,محلات الإعتماد لإستيراد مواد البناء (11 يونيو),ملحقات الكهرباء,13.75,20,17,,0,1,0
PA30421,حبل نشر 5 مم 10 متر,الشركة العالمية للتصدير و الإستيراد,,,محلات الإعتماد لإستيراد مواد البناء (11 يونيو),خيط، حبل,2.5,4,3,,0,1,0
PA30422,حبل 8 مم 10 متر,الشركة العالمية للتصدير و الإستيراد,,,محلات الإعتماد لإستيراد مواد البناء (11 يونيو),خيط، حبل,4.25,8,5.5,,0,1,0
PE30439,ماكينة  لحام بي بي ار,الشركة العالمية للتصدير و الإستيراد,DJ 20-32,,محلات الإعتماد لإستيراد مواد البناء (11 يونيو),موس فرش والمقص,50,70,60,,0,1,0
PA30457,ليفة مسمار 80 سم,الشركة العالمية للتصدير و الإستيراد,,,محلات الإعتماد لإستيراد مواد البناء (11 يونيو),أداة المخل,12.5,20,17,,0,1,0
PE30485,موس فرش 18 مم بالغيار,اي بي سي,191799,,محلات الإعتماد لإستيراد مواد البناء (11 يونيو),موس فرش والمقص,7.5,11,10,,0,1,0
PA30487,مفتاح زڨنالي مشرشر (9 قطع),فندر,193121,,محلات الإعتماد لإستيراد مواد البناء (11 يونيو),مفك البراغي يدوي,17.5,25,22,طويل,0,1,0
PA30503,بونتة منقار 14 * 250 مم,الشركة العالمية للتصدير و الإستيراد,CHISEL,,محلات الإعتماد لإستيراد مواد البناء (11 يونيو),أدوات الثقب,3.75,8,5,,0,1,0
EL50520,لصقة 0.13 مم * 19 مم * 25 متر,الشركة العالمية للتصدير و الإستيراد,SCAPA 2702,أَخْضَرُ,محلات الإعتماد لإستيراد مواد البناء (11 يونيو),ملحقات الكهرباء,4.75,7.5,6,,0,1,0
PA30562,خبور 10 مم,المتفوق,,أَزْرَقُ,محلات الإعتماد لإستيراد مواد البناء (11 يونيو),وصل تثبيت,2.75,5,3.5,,0,1,0
ACOL30575,ريتي لياسة 20 سم * 10 متر,أسترا,,أَزْرَقُ,شركة الركن الجديد,ملحقات غراء البلاط و الأرضيات,4.75,10,6,,0,1,0
ACOL30580,ريتي لياسة 25 سم * 20 متر,أسترا,,أَزْرَقُ,شركة الركن الجديد,ملحقات غراء البلاط و الأرضيات,26.5,35,32,,0,1,0
PE30592,مشمع ثقيل 3 * 4,الشركة العالمية للتصدير و الإستيراد,,بُرْتُقَالِيّ,محلات الإعتماد لإستيراد مواد البناء (11 يونيو),التغطية والحماية,18.6,30,23,,0,1,0
PA30602,ميزان خيط 500 غرام,الشركة العالمية للتصدير و الإستيراد,,,محلات الإعتماد لإستيراد مواد البناء (11 يونيو),أدوات القياس والتتبع,5.5,10,7,مربع,0,1,0
PA30603,بالة 1.2 متر,الشركة العالمية للتصدير و الإستيراد,,,محلات الإعتماد لإستيراد مواد البناء (11 يونيو),بالة,37,73,47,,0,1,0
PE30370,عصاة بالة,الشركة العالمية للتصدير و الإستيراد,,,محلات الإعتماد لإستيراد مواد البناء (11 يونيو),بالة,14,20,17,,0,1,0
LG40375, حوض وجه برسلين مشطوف 80 سم ,رويال,2709,,دار الخزف للمواد الصحية (11 يونيو),حوض وجه برسلين,500,700,640,معلق,1,0,0
EG40371,رف حوض وجه برسلين 80 سم,رويال,2709,,شركة المتخصص الليبي,رف حوض وجه برسلين,80,200,170,معلق,1,0,0
LG40400, حوض وجه برسلين 80 سم ,رويال,2717,,دار الخزف للمواد الصحية (11 يونيو),حوض وجه برسلين,400,600,540,معلق,1,0,0
EG40372,رف حوض وجه برسلين 80 سم,رويال,2717,,دار الخزف للمواد الصحية (11 يونيو),رف حوض وجه برسلين,85,250,200,معلق,1,0,0
ML30369,مرايا حمام مع إضاءة لد 80*60 سم,سانيتاري ويرز,1430,,دار الخزف للمواد الصحية (11 يونيو),مراية مضيئة,105,160,140,مربع,1,0,0
ML30376,مرايا حمام مع إضاءة لد 80*80 سم,سانيتاري ويرز,1433,,دار الخزف للمواد الصحية (11 يونيو),مراية مضيئة,135,200,170,مربع,1,0,0
ML10382,خلاط حوض وجه  كروم,ليسو,JR031-24,كروم,دار الخزف للمواد الصحية (11 يونيو),خلاط حوض وجه,145,250,190,,0,1,0
ML10383,خلاط حوض وجه  كروم,ليسو,JR031-34,كروم,دار الخزف للمواد الصحية (11 يونيو),خلاط حوض وجه,68,120,90,,0,1,0
ML10384,خلاط حوض وجه  كروم,ليسو,JR031-42,كروم,دار الخزف للمواد الصحية (11 يونيو),خلاط حوض وجه,75,120,85,,1,0,0
EL10386,حوض مطبخ ستانلس ستيل   304 65 * 45 سم,أسيل,AS3468,كروم,دار الخزف للمواد الصحية (11 يونيو),حوض مطبخ ستانلس ستيل,460,700,670,فردي,1,0,0
PA30013,برميل 20 لتر,فاندي,,أَصْفَرُ,عبد المجيد الفاندي,قطع غيار واكسسوارات معدات الحديقة,8.36,15,12,,0,1,0
MTE60013,خلاط شطاف مدفون كروم,فرامو,HO206CR,كروم,شركة الركن الجديد,خلاط شطاف مدفون,170,270,230,,1,0,0
PA30089,فيتي نجمة سداسية 4 * 30مم 600 قطعة,باركسايد,,برنزي,تولين للبضائع الأوروبية,برغي,5,15,10,,0,1,0
ME10024,خلاط حوض المطبخ شجرة كروم,شيزا,NOVA L SPOUT,كروم,  شركة أجياد ليبيا ,خلاط حوض المطبخ شجرة,155,240,200,,1,0,0
ML10056,خلاط حوض وجه طويل كروم ,شيزا,ROBIN,كروم,  شركة أجياد ليبيا ,خلاط حوض وجه,207,320,260,مربع,1,0,0
MT30025,خلاط شطاف مع شطاف كروم ,شيزا,LAYER,كروم,  شركة أجياد ليبيا ,خلاط شطاف,130,190,150,,-1,2,0
ML30115,مرايا حمام مع إضاءة لد 100*80 سم,سانيتاري ويرز,9126G,,دار الخزف للمواد الصحية (11 يونيو),مراية مضيئة,200,300,250,لاد,1,0,0
AB10116,خزانة حمام أبيض ,سانيتاري ويرز,9126G,أبيض,دار الخزف للمواد الصحية (11 يونيو),خزانة حمام,250,400,320,بي في سي,1,0,0
AM0117,دولاب حمام 100 سم أبيض,سانيتاري ويرز,9126G,أبيض,دار الخزف للمواد الصحية (11 يونيو),دولاب حمام,430,900,850,,1,0,0
VP20118,حوض وجه فوق الرخام 100 سم أبيض,سانيتاري ويرز,9126G,أبيض,دار الخزف للمواد الصحية (11 يونيو),حوض فوق الرخام,200,350,300,مربع,1,0,0
MTE60004,خلاط شطاف مدفون كروم ,توريما,8X00011-094,كروم,  شركة أجياد ليبيا ,خلاط شطاف مدفون,210,330,260,مربع,1,0,0
MDE50050,خلاط دوش مدفون أسود ,توريما,8V010BB-090,أسود,شركة الركن الجديد,خلاط دوش مدفون,425,650,520,مربع,1,0,0
MT30006,خلاط شطاف كروم,توريما,8Q25222-040,كروم,  شركة أجياد ليبيا ,خلاط شطاف,195,300,240,مربع,1,0,0
ME10009,خلاط حوض المطبخ شجرة كروم,توريما,BG LIGHT 1751311-T40,كروم,  شركة أجياد ليبيا ,خلاط حوض المطبخ شجرة,170,350,350,دائري,1,0,0
MA20010,خلاط حوض المطبخ سحاب كروم,توريما,BOCCA 1782111-T90,كروم,  شركة أجياد ليبيا ,خلاط حوض المطبخ سحاب,695,1000,1000,دائري,1,0,0
ALVM50021,رأس سيفوني حوض الوجه طويل ذهبي,توريما,1372-003,ذهبي,  شركة أجياد ليبيا ,رأس سيفوني,135,240,170,دائري,1,0,0
ALVM50022,رأس سيفوني حوض الوجه طويل ذهبي,توريما,1372-006,ذهبي,  شركة أجياد ليبيا ,رأس سيفوني,145,230,180,مربع,1,0,0
ML10014,خلاط حوض وجه ذهبي ,فرامو,HO204ORO,ذهبي,شركة الركن الجديد,خلاط حوض وجه,600,730,730,,1,0,0
ML10072,خلاط حوض وجه أبيض,فرامو,SI204BO,أبيض,شركة الركن الجديد,خلاط حوض وجه,990,1200,1200,,1,0,0
MLE40016,خلاط حوض وجه مدفون مع مَصَب ذهبي,فرامو,HO244ORO,ذهبي,شركة المضمونة للبناء,خلاط حوض وجه مدفون,1250,1520,1520,مربع,0,1,0
MLE40017,خلاط حوض وجه مدفون مع مَصَب أسود,فرامو,HO244NO/22,أسود,شركة المضمونة للبناء,خلاط حوض وجه مدفون,1250,1520,1520,مربع,0,1,0
MT30019,خلاط شطاف كروم مع شطاف أَبْيَضُ ,فرامو,SHA102CR,كروم,شركة المضمونة للبناء,خلاط شطاف,177,280,220,,1,0,0
MDE50024,خلاط دوش مدفون كروم,فرامو,HO207CR,كروم,شركة الركن الجديد,خلاط دوش مدفون,325,400,400,,1,0,0
MDE50025,خلاط دوش مدفون كروم,فرامو,MA207CR,كروم,شركة الركن الجديد,خلاط دوش مدفون,276,350,340,,1,0,0
MDE50026,خلاط دوش مدفون كروم,فرامو,DE207CR,كروم,شركة الركن الجديد,خلاط دوش مدفون,320,420,400,,1,0,0
MTE60029,خلاط شطاف مدفون كروم ,فرامو,MA206CR,كروم,شركة الركن الجديد,خلاط شطاف مدفون,140,250,175,,1,0,0
MTE60031,خلاط شطاف مدفون ذهبي ,فرامو,HO206ORO,ذهبي,شركة الركن الجديد,خلاط شطاف مدفون,475,600,580,,1,0,0
ARSB80033,شطاف ظغط مع طوبو أبيض,فرامو,KIT03BO,أبيض,شركة الركن الجديد,شطاف,325,400,400,دائري,1,0,0
MTE60036,خلاط شطاف مدفون أبيض ,فرامو,DE206BO,أبيض,شركة الركن الجديد,خلاط شطاف مدفون,525,690,640,,1,0,0
ARSB80042,مصب دوش مع تحويلة ذهبي,دانيال,SK4702CR,ذهبي,مجموعة العربي,مصب دوش,600,800,700,مربع,1,0,0
MA20005,خلاط حوض المطبخ سحاب أسود-كروم   ,جي اف مارك,8005D,أسود-كروم   ,شركة المتخصص الليبي,خلاط حوض المطبخ سحاب,340,500,415,دائري,0,1,0
ML10088,خلاط حوض وجه كروم,سانيتاري ويرز,PURE MOH-39,كروم,دار الخزف للمواد الصحية (11 يونيو),خلاط حوض وجه,57,110,75,دائري,0,1,0
MD20025,خلاط دوش ذهبي,ام سي بولو,MFA20428G,ذهبي,برستيج لإستيراد المواد الصحية,خلاط دوش,260,350,300,مربع,1,0,0
AECU50134,سيفون حوض المطبخ,سانيتاري ويرز,,,شركة الركن الجديد,ملحقات أحواض المطابخ,9,25,15,فردي,0,1,0
MA20050,خلاط حوض المطبخ سحاب أسود,سانيتاري ويرز,,أسود,تولين للبضائع الأوروبية,خلاط حوض المطبخ سحاب,175,300,200,,1,0,0
ME10027,خلاط حوض المطبخ شجرة كروم,نيوأرك,MASTER 187731,كروم,مجموعة الخليج,خلاط حوض المطبخ شجرة,150,230,190,دائري,1,0,0
ME10028,خلاط حوض المطبخ شجرة كروم,نيوأرك,AQUA 941881,كروم,مجموعة الخليج,خلاط حوض المطبخ شجرة,230,290,290,مربع,1,0,0
MD20017,خلاط دوش كروم,سانيتاري واير,LEONARDO 2023-16,كروم,شركة العامر لإستيراد مواد البناء و الصحية,خلاط دوش,84,160,110,دائري,1,0,0
MD20027,خلاط دوش ذهبي,سانيتاري ويرز,VESUN Z-9003ZG,ذهبي,برستيج لإستيراد المواد الصحية,خلاط دوش,95,170,120,,1,0,0
SI10136,سلكون  280 غرام شفاف التاج,التاج ,48593,أبيض,عادل مسوق لصقة وسنفرة ,سلكون,8.25,15,12,,6,-5,0
ME10025,خلاط حوض المطبخ سخانة فورية شجرة كروم,سانيتاري ويرز,MAX BAHR CYPRESS,كروم,تولين للبضائع الأوروبية,خلاط حوض المطبخ شجرة,70,140,90,دائري,1,0,0
ML10090,خلاط حوض وجه طويل كروم,شهاب,SORINA,كروم,دار الخزف للمواد الصحية (11 يونيو),خلاط حوض وجه,150,220,165,طويل,1,0,0
ML10093,خلاط حوض وجه كروم,سانيتاري ويرز,HUINASI ML2221,كروم,شركة جمال مسوق خلاطات,خلاط حوض وجه,47,100,65,دائري,0,1,0
ML10096,خلاط حوض وجه حساس كروم ,سانيتاري ويرز,XSDD010471,كروم,تولين للبضائع الأوروبية,خلاط حوض وجه,160,280,200,,1,0,0
ML10097,خلاط حوض وجه طويل كروم,سانيتاري ويرز,TURLQK FOL-002-A,كروم,دار الخزف للمواد الصحية (11 يونيو),خلاط حوض وجه,105,170,135,طويل,1,0,0
MT30014,خلاط شطاف مع شطاف ذهبي,سانيتاري ويرز,Z-9000N ZG-12,ذهبي,دار الخزف للمواد الصحية (11 يونيو),خلاط شطاف,85,150,110,دائري,1,0,0
MT30016,خلاط شطاف كروم,سانيتاري ويرز,VALTEMO VMF-7222,كروم,مجموعة الشريف,خلاط شطاف,64,130,85,,1,0,0
MD20031,خلاط دوش كروم,نابولي,Z-9003N,كروم,برستيج لإستيراد المواد الصحية,خلاط دوش,76,140,100,مربع,1,0,0
RE10018,حنفية حوض المطبخ شجرة كروم,سانيتاري ويرز,MINIX 210040029,كروم,دار الخزف للمواد الصحية (11 يونيو),حنفية حوض المطبخ,65,110,85,دائري,0,1,0
ARSB80154,شطاف ظغط دائري مع طوبو أسود,سانيتاري ويرز,NOVARA,أسود,شركة الإزدهار مصراتة,شطاف,75,120,100,مربع,0,1,0
ARSB80158,شطاف ظغط دائري مع مخرج شطاف دبل مع طوبو كروم,سانيتاري ويرز,,كروم,شركة العامر لإستيراد مواد البناء و الصحية,شطاف,85,150,110,دائري,0,1,0
ARSB80159,شطاف ظغط دائري مع مخرج بالعلاقة مع طوبو أسود,نيوأرك,15022B,أسود,  شركة أجياد ليبيا ,شطاف,185,270,230,دائري,1,0,0
ARSB80170,سماعة دوش مع طوبو كروم,سانيتاري ويرز,MAF ELSEAH,كروم,شركة أركان العمارة,سماعة دوش,45,100,60,مربع,1,0,0
ARSB80174,سماعة دوش مع طوبو كروم,ليسو,NOVA,كروم,دار الخزف للمواد الصحية (11 يونيو),سماعة دوش,34,70,50,دائري,1,0,0
AMEV50019,سماعة خلاط حوض المطبخ كروم,سانيتاري ويرز,59925,كروم,تولين للبضائع الأوروبية,ملحقات خلاطات حوض المطبخ,30,60,45,دائري,1,0,0
ARSB80284,كسكاس دوش مربع 200*200 مم كروم,رايمر,,كروم,دار الخزف للمواد الصحية (11 يونيو),كسكاس دوش,40,90,55,مربع,1,0,0
ARSB80285,كسكاس دوش مربع 200*200 مم مع قصبة ذهبي,سانيتاري ويرز,FIDAR,ذهبي,محلات الإعتماد لإستيراد مواد البناء (11 يونيو),كسكاس دوش,23.5,50,35,مربع,1,0,0
ARSB80385,كسكاس دوش مربع 250*250 مم مع قصبة كروم,سانيتاري ويرز,LATTE D-580,كروم,دار الخزف للمواد الصحية (11 يونيو),كسكاس دوش,95,140,120,مربع,1,0,0
ARSB80390,مصب دوش بدون تحويلة أسود,بريمكس,J007X,أسود,شركة لمسات البناء,مصب دوش,60,130,80,,1,0,0
ARSB80331,مصب دوش مع تحويلة ذهبي,سانيتاري ويرز,MSLINO LY008,ذهبي,شركة المتخصص الليبي,مصب دوش,85,140,110,دائري,0,1,0
ARSB80332,مصب دوش مع تحويلة كروم,سانيتاري ويرز,LY4006-CP,كروم,شركة المتخصص الليبي,مصب دوش,70,120,90,مربع,1,0,0
ARSB80333,مصب دوش مع تحويلة كروم,شيزا,48845,كروم,  شركة أجياد ليبيا ,مصب دوش,85,120,100,دائري,1,0,0
ARSB80342,مصب دوش مع تحويلة طويل كروم,شيزا,48449,كروم,  شركة أجياد ليبيا ,مصب دوش,105,160,135,مربع,1,0,0
ALVM50024,سيفون حوض الوجه كروم,سانيتاري ويرز,I.DOWAS LY4001-CP,كروم,شركة المضمونة للبناء,سيفون حوض الوجه,81.5,130,105,دائري,1,0,0
ALVM50025,سيفون حوض الوجه كروم,سانيتاري ويرز,VALMO SG 2978-24,كروم,مجموعة الشريف,سيفون حوض الوجه,43.5,90,60,دائري,1,0,0
ALVM50033,سيفون حوض الوجه بلاستك كروم,سانيتاري ويرز,BONOMINI 0595PR25K7,كروم,دار الخزف للمواد الصحية (11 يونيو),سيفون حوض الوجه,65,100,85,دائري,1,0,0
ALVM50034,سيفون حوض الوجه ذهبي,بريمكس,230K,ذهبي,شركة لمسات البناء,سيفون حوض الوجه,105,170,135,دائري,1,0,0
ALVM50035,سيفون حوض الوجه كروم,سانيتاري ويرز,,كروم,دار الخزف للمواد الصحية (11 يونيو),سيفون حوض الوجه,49,100,65,مربع,1,0,0
ARSB80360,قصبة دوش 35 سم كروم,فينوس,,كروم,شركة لمسات البناء,قصبة دوش,36,60,50,دائري,0,1,0
ARSB80146,قصبة دوش مربعة 40 سم ذهبي,سانيتاري ويرز,FIDAR,ذهبي,محلات الإعتماد لإستيراد مواد البناء (11 يونيو),قصبة دوش,20,30,50,مربع,1,0,0
ARSB80192,قصبة دوش مربعة 40 سم كروم,سانيتاري ويرز,,كروم,برستيج لإستيراد المواد الصحية,قصبة دوش,11,35,20,مربع,1,0,0
RA20085, طوبو4''(1) متر,الرطيل,جي أم GM,,محلات الإعتماد لإستيراد مواد البناء (11 يونيو),مواسير - طوبو,13,20,17,,0,1,0
AASB30039,مجفف شعر أسود,جي اف مارك,882X,أسود,شركة المتخصص الليبي,اكسسوارات,90,160,125,حائطي,0,1,0
AASB30041,مجفف شعر أبيض,ليمكس,LY2101-White,أبيض,شركة لمسات البناء,اكسسوارات,81.755,100,80,حائطي,0,1,0
AASB30042,موزع ورق منظف كلينكس أبيض,ليمكس,LY2699-White,أبيض,شركة اعمار الجديد,اكسسوارات,57.5,90,75,حائطي,1,0,0
AASB30047,موزع ورق منظف كلينكس أسود,سانيتاري ويرز,C2 B,أسود,شركة لمسات البناء,اكسسوارات,64,100,60,حائطي,1,0,0
AASB30054,حاملة منظفات كروم,KBM,S-106,كروم,مجموعة الخليج,اكسسوارات,50,85,65,,1,0,0
AASB30058,صابونية ذهبي,سانيتاري ويرز,9042-12,ذهبي,شركة لمسات البناء,اكسسوارات,29,50,37,حائطي,1,0,0
AASB30061,حاملة فرشاة أسنان ذهبي,بريمكس,6100K-61,ذهبي,شركة لمسات البناء,اكسسوارات,70,120,90,حائطي,1,0,0
AASB30069,موزع صابون سائل كروم,ونكو,BOSIO SHINE,كروم,تولين للبضائع الأوروبية,اكسسوارات,24,50,35,دائري,2,-1,0
AASB30071,صابونية أسود,سانيتاري ويرز,MILET,أسود,نوكسي تركيا,اكسسوارات,45,75,55,مربع,0,1,0
AASB30083,موزع صابون سائل خزف,سانيتاري ويرز,AQUANOVA,أَخْضَرُ,تولين للبضائع الأوروبية,اكسسوارات,27.5,60,40,,1,0,0
AASB30088,صابونية كروم,سانيتاري ويرز,AVATAR,كروم مطفي,نوكسي تركيا,اكسسوارات,35,75,50,دائري,1,0,0
AASB30094,حامل منضفات كروم,بضائع أوروبية,ALUXX,كروم,تولين للبضائع الأوروبية,اكسسوارات,35,65,50,مربع,1,0,0
AASB30095,رف زاوية زوجي كروم,بضائع أوروبية,ALUXX,كروم,تولين للبضائع الأوروبية,اكسسوارات,26.25,60,45,زوجي,1,0,0
AASB30103,موزع صابون ابيض,ونكو,24594100,أبيض,تولين للبضائع الأوروبية,اكسسوارات,20,50,35,حائطي,1,0,0
AASB30104,موزع صابون حساس ابيض,سانيتاري ويرز,1389,أبيض,تولين للبضائع الأوروبية,اكسسوارات,22,50,35,حائطي,1,0,0
AASB30105,موزع صابون حساس ابيض,امبرا,OTTO FOAMING,أبيض,تولين للبضائع الأوروبية,اكسسوارات,35,75,50,,1,0,0
AASB30106,موزع صابون حساس ابيض,امبرا,OTTO WALL MOUNT,أبيض,تولين للبضائع الأوروبية,اكسسوارات,35,75,50,معلق,1,0,0
AASB30107,موزع صابون حساس كروم,امبرا,OTTO WALL MOUNT,كروم مطفي,تولين للبضائع الأوروبية,اكسسوارات,35,75,50,معلق,1,0,0
AASB30115,حاملة منظفات زوجي كروم,سانيتاري ويرز,1163-2,كروم,مسوق أكسسوارات الزاوية,اكسسوارات,45,80,65,مربع,1,0,0
PS20118,علاقة مناشف زوجية كروم,سانيتاري ويرز,,كروم,دار الخزف للمواد الصحية (11 يونيو),علاقة مناشف,95,160,130,معلق,1,0,0
AASB30119,حاملة منظفات زوجي كروم,سانيتاري ويرز,,كروم,دار الخزف للمواد الصحية (11 يونيو),اكسسوارات,95,150,130,مربع,1,0,0
ART0030,قصبة دوش مربعة 45 سم كروم,فينوس,,كروم,شركة لمسات البناء,قصبة دوش,56,80,70,مربع,2,-1,0
PS20121,علاقة ملابس خماسية,سانيتاري ويرز,NDR-19184-1,كروم لامع,دار الخزف للمواد الصحية (11 يونيو),علاقة مناشف,65,100,85,معلق,1,0,0
PS20124,علاقة مناشف كروم,جي اف مارك,9200-60,كروم,  شركة أجياد ليبيا ,علاقة مناشف,65,115,85,مربع,1,0,0
ART0039,حامل ورق منظف كلينكس,فينوس,BA804,كروم,شركة لمسات البناء,اكسسوارات,54,80,70,,1,0,0
PS20128,علاقة ملابس سداسية ذهبي,سانيتاري ويرز,,ذهبي,  شركة أجياد ليبيا ,علاقة مناشف,25,50,40,معلق,1,0,0
PS20130,علاقة مناشف كروم,بلوميس,AREO,كروم,تولين للبضائع الأوروبية,علاقة مناشف,50,100,65,مربع,1,0,0
PS20132,علاقة مناشف متحركة كروم,فينوس,1511,كروم,شركة لمسات البناء,علاقة مناشف,65,90,85,معلق,1,0,0
PS20135,علاقة مناشف كروم,سانيتاري ويرز,PUSH LOC,كروم,تولين للبضائع الأوروبية,علاقة مناشف,25,35,40,دائري,1,0,0
ARSB80188,كسكاس دوش مربع 250*250 مم مع قصبة كروم,سانيتاري ويرز,MAF ELSEAH,كروم,دار الخزف للمواد الصحية (11 يونيو),كسكاس دوش,58,120,80,مربع,1,0,0
MT30165,خلاط شطاف مع شطاف كروم,سانيتاري ويرز,RT007-B,كروم,شركة البهراء العالمية الحديثة,خلاط شطاف,55,100,70,دائري,1,0,0
MT30166,خلاط شطاف مع شطاف كروم,سانيتاري ويرز,MATEX,كروم,شركة البهراء العالمية الحديثة,خلاط شطاف,48,85,65,دائري,1,0,0
ARSB80189,شطاف ظغط مربع مع طوبو أسود,سانيتاري ويرز,FIDAR,أسود,شركة العامر لإستيراد مواد البناء و الصحية,شطاف,35,70,50,مربع,1,0,0
AASB30167,حاملة فوط أسود,KBM,8102,أسود,مجموعة الخليج,اكسسوارات,27.7,75,60,مربع,1,0,0
PS20169,علاقة ملابس فردي,سانيتاري ويرز,NEPTUN,كروم,نوكسي تركيا,علاقة مناشف,35,60,50,دائري,1,0,0
PS20175,علاقة ملابس زوجية أسود,KBM,8105,أسود,مجموعة الخليج,علاقة مناشف,20,45,32.5,مربع,1,0,0
AASB30176,حاملة فوط أسود,ديكسا,A.1712.S,أسود,نوكسي تركيا,اكسسوارات,60,100,85,مربع,0,1,0
ATWC50181,زر بتريا كروم,سانيتاري ويرز,YC8010-1,كروم,دار الخزف للمواد الصحية (11 يونيو),ملحقات مقاعد,120,190,170,مربع,1,0,0
ML10184,خلاط حوض وجه زر كروم,ميوماري,,كروم,تولين للبضائع الأوروبية,خلاط حوض وجه,125,250,160,دائري,1,0,0
AASB30195,حاملة منظفات كروم,ميوماري,S-106,كروم,تولين للبضائع الأوروبية,اكسسوارات,35,60,45,,1,0,0
PD20041,حاجز دوش 8 مم  مظلم80  سم,ليسو,WIC-80A,,دار الخزف للمواد الصحية (11 يونيو),حاجز دوش,410,600,550,,0,1,0
ARSB80242,مخرج شطاف أبيض,فرامو,PRA01BO,أبيض,شركة الركن الجديد,مخرج شطاف,150,200,180,دائري,1,0,0
ALVM50203,رأس سيفوني رخامي,سانيتاري ويرز,,رخامي,دار الخزف للمواد الصحية (11 يونيو),رأس سيفوني,21.462,40,30,مربع,1,0,0
PA30050,صباصلي صاروخ 9 بوصة ,بوش,,,مجموعة بن عمر BEN AMOR Group,قطع غيار واكسسوارات معدات الحديقة,2.5,10,4,,0,1,0
ALVM50055,سيفون حوض الوجه طويل كروم,توريما,0331211-T42,كروم,دار الخزف للمواد الصحية (11 يونيو),سيفون حوض الوجه,170,280,220,دائري,1,0,0
PA30019,مفتاح بيبة رقم10مم,الشركة العالمية للتصدير و الإستيراد,AC18693,كروم,محلات الإعتماد لإستيراد مواد البناء (11 يونيو),مفاتيح,3.25,8,7,,0,1,0
MC10056,مجرى 33 سم *10 سم مشبك كروم,فيها,,كروم,شركة المضمونة للبناء,مجرى,45,75,60,مستطيل,1,0,0
MC10064,مجرى 20سم *7 سم كروم,ستار سانيتار,TOLEDO,كروم,ستار سانيتار,مجرى,42,65,60,مستطيل,1,0,0
PA30062,مفك دبل جهتين كهرباء ,سانيتاري ويرز,1706,,محلات الإعتماد لإستيراد مواد البناء (11 يونيو),مفك البراغي يدوي,1.95,5,3,,0,1,0
PE30135,ترابنو شحن دبل بترية 21فولت ,سبيكو,ABS,,محلات الإعتماد لإستيراد مواد البناء (11 يونيو),مثقاب كهربائي,195,250,220,,0,1,0
MC10074,مجرى 30 سم *6 سم دهبي,سانيتاري ويرز,,ذهبي,محلات الساحل,مجرى,90,150,115,مستطيل,1,0,0
MC10075,مجرى 40 سم *6 سم دهبي,سانيتاري ويرز,,ذهبي,محلات الساحل,مجرى,100,160,125,مستطيل,1,0,0
ARSB80241,كسكاس دوش مربع 200*200 مم كروم,توريما,IH015CRSC,كروم,دار الخزف للمواد الصحية (11 يونيو),كسكاس دوش,155,240,225,مربع,0,1,0
MC10082,سرفنتينة 15 سم * 15 سم أبيض,بيورا,FD-GB,أبيض,شركة الركن الجديد,مجرى,80,110,100,مربع,1,0,0
MC10084,مجرى 45سم *7 سم كروم,بيورا,DL-01-45,كروم,شركة الركن الجديد,مجرى,257,320,310,مستطيل,1,0,0
MC10086,مجرى 55سم *7 سم كروم,بيورا,DL-7-55,كروم,شركة الركن الجديد,مجرى,257,320,310,مستطيل,1,0,0
MC10087,مجرى 55سم *7 سم كروم,بيورا,DL-04-55,كروم,شركة الركن الجديد,مجرى,257,320,310,مستطيل,1,0,0
MC10088,مجرى 55سم *7 سم كروم,بيورا,DL-11-55,كروم,شركة الركن الجديد,مجرى,257,320,300,مستطيل,1,0,0
MC10090,مجرى 45سم *7 سم كروم,بيورا,DL-GW-45,كروم,شركة الركن الجديد,مجرى,292.5,400,395,مستطيل,1,0,0
MC10094,مجرى 75سم *7 سم أبيض,بيورا,DL-GW-75,أبيض,شركة الركن الجديد,مجرى,360,450,450,مستطيل,1,0,0
MC10095,مجرى 45سم *7 سم كروم,بيورا,DL-03-45,كروم,شركة الركن الجديد,مجرى,257,320,310,مستطيل,1,0,0
MC10096,مجرى 45سم *7 سم كروم,بيورا,DL-04-45,كروم,شركة الركن الجديد,مجرى,257,320,310,مستطيل,1,0,0
MC10098,مجرى 45سم *7 سم كروم,بيورا,DL-05-45,كروم,شركة الركن الجديد,مجرى,257,320,310,مستطيل,1,0,0
CD40001,مسطرة دوش زوجية مربعة كروم,سانيتاري ويرز,8888-5 SQ,كروم,دار الخزف للمواد الصحية (11 يونيو),مسطرة دوش,148,250,200,مربع,1,0,0
ML30070, مرايا حمام مع إضاءة لد مع بخار 60 اطار ذهبي ,سانيتاري ويرز,L323,ذهبي,شركة لمسات البناء,مراية مضيئة,210,350,300,لاد,0,1,0
AECU50001,غسالة أكواب حوض المطبخ,سانيتاري ويرز,JC-03,أسود,شركة لمسات البناء,ملحقات أحواض المطابخ,28,50,30,,2,-1,0
CD40006,مسطرة دوش زوجية كروم,سانيتاري ويرز,DOUS,كروم,دار الخزف للمواد الصحية (11 يونيو),مسطرة دوش,120,200,170,دائري,1,0,0
CD40008,مسطرة دوش زوجية اسود,سانيتاري ويرز,10155,أسود,  شركة أجياد ليبيا ,مسطرة دوش,150,250,190,مربع,1,0,0
CD40012,مسطرة دوش فرديه أسود,تركي,EZ-2025,أسود,مجموعة الخليج,مسطرة دوش,80,130,100,مربع,1,0,0
WP20097,مقعد أرضي بدون صندوق أبيض,اديال سانيتار,سفير,أبيض,مجموعة الخليج,مقعد أرضي,213.4,300,270,دائري,0,1,0
ATWC50098,صندوق بتارية مقعد أرضي,اديال سانيتار,سفير,أبيض,مجموعة الخليج,ملحقات مقاعد,135.8,200,170,,0,1,0
PE30995,قطرامينة 13ك زيتيه سطل حديد ,دهانات المدينة مصراتة,العازل,أسود مطفي,محلات الإعتماد لإستيراد مواد البناء (11 يونيو),الجدران خارجي,100.8,125,109,,0,1,0
EL50796,برتولامبه بدون تامينه ,دي بي اس,,أسود,محلات الإعتماد لإستيراد مواد البناء (11 يونيو),المصابيح الكهربائية,3,6,6,,0,1,0
PE30989,طلاء مائي داخلي 10 كغ أبيض ربع لمعه ,جي ال سي,سوبر داي - تون 1500,أبيض لامع,محلات الإعتماد لإستيراد مواد البناء (11 يونيو),الجدران والسقف,193.92,260,200,,0,1,0
LG40105, حوض وجه برسلين 80 سم,رويال,YB03_3,,شركة المتخصص الليبي,حوض وجه برسلين,400,600,540,معلق,1,0,0
EG40106,رف حوض وجه برسلين 80 سم,رويال,YB03_3,,شركة المتخصص الليبي,رف حوض وجه برسلين,60,150,110,معلق,1,0,0
ML30100,مرايا حمام مع إضاءة لد 80*60 سم,سانيتاري ويرز,L16,,دار الخزف للمواد الصحية (11 يونيو),مراية مضيئة,80,150,110,لاد,1,0,0
LG40099, حوض وجه برسلين مشطوف مع رف 80,سانيتاري ويرز,23128C,أبيض,دار الخزف للمواد الصحية (11 يونيو),حوض وجه برسلين,455,750,700,معلق,0,1,0
WA40117,غطاء مقعد أبيض,سانيتاري ويرز,CITY,أبيض,شركة البهراء العالمية الحديثة,غطاء مقعد,145,220,180,مربع,1,0,0
VS10118,حوض وجه معلق -65 سم,تركواز سيراستايل,ANOVA,أبيض,شركة الصداقة,حوض وجه معلق,310.4,530,370,مربع,0,1,0
VS10122,حوض وجه معلق -100 سم,تركواز سيراستايل,KAPADOKYA,أبيض,شركة الصداقة,حوض وجه معلق,395,980,1100,مربع,0,1,0
ML10126,خلاط حوض وجه 2 فتحات كروم,سانيتاري واير,,كروم,تولين للبضائع الأوروبية,خلاط حوض وجه,110,180,150,,1,0,0
WS10127,مقعد معلق أبيض,سانيبال,توكيو,أبيض,مجموعة الخليج,مقعد معلق,340,450,420,دائري,1,0,0
ML30131,مرايا حمام مع إضاءة لد 80*60 سم,كاي بي ام,ML_019,,مجموعة الخليج,مراية مضيئة,92.5,150,120,لاد,1,0,0
ELC1109,"مطول كهرباء 3مدخل 3متر
",كونزا,,,محلات الإعتماد لإستيراد مواد البناء (11 يونيو),الأسلاك والكابلات,32.5,45,40,,0,1,0
ELC1112,"مثلث كهرباء تنائي مداخل 
",الشركة العالمية للتصدير و الإستيراد,,,محلات الإعتماد لإستيراد مواد البناء (11 يونيو),الأسلاك والكابلات,4.5,10,7,,0,1,0
ML30133,مرايا حمام مع إضاءة لد 80*60 سم,كاي بي ام,ML_018,,مجموعة الخليج,مراية مضيئة,92.5,150,120,لاد,1,0,0
AMEV50120,رقبه خلاط مطبخ مع مقبض ,سانيتاري ويرز,,كروم,محلات الإعتماد لإستيراد مواد البناء (11 يونيو),ملحقات خلاطات حوض المطبخ,12.5,25,19,دائري,0,1,0
AB10144,خزانة حمام خشبي ,سانيتاري ويرز,SPOTTED LIGHT,خشبي,مجموعة الخليج,خزانة حمام,200,300,250,بي في سي,1,0,0
AB10145,خزانة حمام أبيض ,أوركا,AYDOS,أبيض,مجموعة الخليج,خزانة حمام,470,650,580,,1,0,0
AM40147,مراية دولاب حمام 100 سم,أوركا,RICATO ,رصاصي,مصنع أوركا,مراية دولاب,400,610,505,,1,0,0
AM0148,حوض وجه مع دولاب حمام مع خزانة مع مراية -100 سم ,سانيتاري ويرز,STAR 100,أسود,مجموعة الخليج,دولاب حمام,2325,2450,2450,,1,0,0
VP20154,حوض وجه فوق الرخام أبيض ,سانيماد,BOL CUBO,أبيض,دار الخزف للمواد الصحية (11 يونيو),حوض فوق الرخام,205,300,260,مربع,1,0,0
AASB30166,رف زاوية  اسود,بضائع أوروبية,,أسود,تولين للبضائع الأوروبية,اكسسوارات,15,45,30,فردي,1,0,0
ARSB80666,كسكاس دوش مربع 250*250 مم مع قصبة كروم,فيڤارو,SS 030-A,كروم,شركة المضمونة للبناء,كسكاس دوش,75,140,100,مربع,1,0,0
ARSB80286,قصبة دوش مربعة 35 سم كروم,سانيتاري ويرز,,كروم,برستيج لإستيراد المواد الصحية,قصبة دوش,20,40,32,مربع,1,0,0
ATWC50168,وصلة بتارية مدفونة مائلة 25 سم,G.M.S,PM001,أسود,دار الخزف للمواد الصحية (11 يونيو),ملحقات مقاعد,125,250,170,دائري,2,-1,0
ARSB80994,كسكاس دوش مربع 300*300 مم مع قصبة كروم,فيڤارو,SS030-B,كروم,مجموعة العربي,كسكاس دوش,100,190,150,مربع,1,0,0
WA40173,غطاء مقعد تركي أبيض,تركي,WASSEBERG,أبيض,محلات الإعتماد لإستيراد مواد البناء (11 يونيو),غطاء مقعد,23.5,45,30,دائري,1,0,0
ATWC50174,صندوق طرد معلق,سانيتاري ويرز,,أبيض,دار الخزف للمواد الصحية (11 يونيو),ملحقات مقاعد,45,100,90,,0,1,0
CC10188,صليبة  2 مم (250 قطعة),الشركة العالمية للتصدير و الإستيراد,,,شركة البهراء العالمية الحديثة,كولة بلاط أرضيات,4,10,7,,0,1,0
ADOU50190,سيفون حوض قدم,تركي,رأس صغير,أبيض,شركة البهراء العالمية الحديثة,ملحقات دوش,7,20,15,بلاستك,1,0,0
EG30193,حوض مطبخ جرانيت أبيض محبب 90*50 ,سانيبال,رومبا,أبيض,مجموعة الخليج,حوض مطبخ جرانيت,481,650,590,زوجي,1,0,0
ARSB80293,"مسكر شطافة ""1/2"" * ""1/2 كروم",سانيتاري ويرز,VERTO,كروم,محلات الإعتماد لإستيراد مواد البناء (11 يونيو),مخرج شطاف,12.75,25,20,دائري,1,0,0
ARSB80402,"مسكر شطافة ""1/2"" * ""1/2 كروم",سانيتاري ويرز,FARSKI,كروم,محلات الإعتماد لإستيراد مواد البناء (11 يونيو),مخرج شطاف,4.75,15,10,دائري,1,0,0
AASB30200,أرضية دوش 54×54 سم,بضائع أوروبية,,أسود,تولين للبضائع الأوروبية,اكسسوارات,33.75,55,45,بلاستك,1,0,0
ARSB80204,"مسكر شطافة ""1/2"" * ""1/2 كروم",سانيتاري ويرز,FIDAR,كروم,محلات الإعتماد لإستيراد مواد البناء (11 يونيو),مخرج شطاف,13.75,25,20,مربع,1,0,0
AASB30215,حاملة ورق ناعم أسود,سانيتاري ويرز,CAPELLA,أسود,نوكسي تركيا,اكسسوارات,55,100,90,مربع,1,0,0
VS10625,حوض وجه معلق -100 سم,لابينو,7100,أبيض,مجموعة الخليج,حوض وجه معلق,290,530,530,مربع,1,0,0
AASB30223,رف زاوية كروم,ونكو,17792100C,كروم,تولين للبضائع الأوروبية,اكسسوارات,35,60,50,مثلث,1,0,0
ADOU50220,لصقة عازلة للماء 3.5 م*2.8 سم ,ونكو,5652351100,أبيض,تولين للبضائع الأوروبية,ملحقات دوش,15,30,25,بلاستك,1,0,0
CE10224,سخانة 50 لتر عمودية,تيسي,VERTICAL-TESY-50 ,أبيض,مجموعة الشريف,سخانة,780,940,900,,0,1,0
BAI10238,حوض استحمام بانيو 120*70*55 سم,طيبة,,أبيض,دار الخزف للمواد الصحية (11 يونيو),حوض استحمام,565,885,710,,1,0,0
MD20239,خلاط دوش  كروم,رايمر,EY5 ENERGY,كروم,شركة آفاق المتحدة لإستيراد مواد البناء,خلاط دوش,360,550,460,,0,1,0
PE30295,دهان عازل خارجي داخلي كغ3.5 أبيض,سوتينول - الغزالة,سوبرلاتكس,أبيض,محلات الاعتماد (السراج),الجدران والسقف,55.834,70,65,,0,1,0
PA30935,متر 7.5م,فندر,TP-569X,أَزْرَقُ,محلات الاعتماد (السراج),أدوات القياس والتتبع,7.5,15,15,,0,1,0
RD30243,حوض قدم اكريليك 90*90 زاوية بالجنب بالسيفوني,سانيتاري ويرز,TO 815,أبيض,شركة الصداقة,بانيو قدم,165,290,250,,1,0,0
EL10137,حوض مطبخ ستانلس ستيل   304 70 * 45 سم,أسيل,AS3469,كروم,دار الخزف للمواد الصحية (السراج),حوض مطبخ ستانلس ستيل,525,730,670,فردي,1,0,0
ARSB80141,مصب دوش قصير بتحويلة كروم,توريما,0327611-T40,كروم,دار الخزف للمواد الصحية (السراج),مصب دوش,370,380,330,دائري,1,0,0
WA40774,غطاء مقعد أبيض,GALASSIA,5478,أبيض,دار الخزف للمواد الصحية (11 يونيو),غطاء مقعد,120,200,170,مربع,1,0,0
WA40776,غطاء مقعد أبيض,تركواز سيراستايل,MONA,أبيض,شركة البهراء العالمية الحديثة,غطاء مقعد,145,250,200,مربع,1,0,0
RD30778,حوض قدم خزف مربع 80*80 سم,اديال سانيتار,,أبيض,شركة رمال الجبل,بانيو قدم,330,500,470,مربع,1,0,0
ARSB80966,قصبة دوش غلطة سباك ,سانيتاري ويرز,1008,كروم,دار الخزف للمواد الصحية (السراج),قصبة دوش,50,120,100,,0,1,0
PS20787,علاقة مناشف مع قاعدة كروم لامع,بضائع أوروبية,4406,كروم لامع,تولين للبضائع الأوروبية,علاقة مناشف,135,210,170,مربع,1,0,0
PS20790,علاقة ملابس فردية كروم,KBM,,كروم,نوكسي تركيا,علاقة مناشف,22.5,40,30,مربع,1,0,0
AASB30791,رف زاوية  اسود,تركي,4405,أسود,نوكسي تركيا,اكسسوارات,20,45,30,فردي,1,0,0
WS10792,مقعد معلق أبيض,سانيتاري ويرز,دولفين,أبيض,شركة الصداقة,مقعد معلق,300,450,400,دائري,1,0,0
AASB30795,سلة قمامة حمام,بضائع أوروبية,,أسود,تولين للبضائع الأوروبية,اكسسوارات,26.25,45,38,بلاستك,1,0,0
ALVM50797,رأس سيفوني كروم,بضائع أوروبية,CWU60CB-110,كروم,شركة لمسات البناء,رأس سيفوني,105,170,150,دائري,1,0,0
PS20800,علاقة ملابس سداسية,فينوس,NL-06,كروم,شركة لمسات البناء,علاقة مناشف,48,80,70,معلق,1,0,0
MC10802,مجرى 30 سم *6 سم كروم,فيرونا ,SP530,كروم,دار الخزف للمواد الصحية (11 يونيو),مجرى,105,180,140,مستطيل,1,0,0
ARSB80869,كسكاس دوش دائري 250 مم دهبي ,مونتانا س.ل,MT-2525R-G,ذهبي,شركة أركان العمارة,كسكاس دوش,209,350,300,دائري,0,1,0
LG40176, حوض وجه برسلين مشطوف 80 سم ,ليسو,C2080D,,دار الخزف للمواد الصحية (السراج),حوض وجه برسلين,400,600,540,معلق,1,0,0
EG40177,رف حوض وجه برسلين 80 سم,ليسو,C2080D,,دار الخزف للمواد الصحية (السراج),رف حوض وجه برسلين,185,350,280,معلق,1,0,0
EG40184,رف حوض وجه برسلين 80 سم,ليسو,A2080B,,دار الخزف للمواد الصحية (السراج),رف حوض وجه برسلين,150,350,280,معلق,0,1,0
LG40189, حوض وجه برسلين مشطوف 80 سم ,ليسو,A2080C,,دار الخزف للمواد الصحية (السراج),حوض وجه برسلين,300,600,540,معلق,0,1,0
EG40190,رف حوض وجه برسلين 80 سم,ليسو,A2080C,,دار الخزف للمواد الصحية (السراج),رف حوض وجه برسلين,150,350,280,معلق,0,1,0
PSB10824, دولاب حمام حوض مع مرايا لد -90 سم,سانيتاري ويرز,6111,أبيض,دار الخزف للمواد الصحية (11 يونيو),طقم حمام,890,1350,1250,بي في سي,0,1,0
ALVM50820,رأس سيفوني ذهبي,سانيتاري ويرز,,ذهبي,محلات العمارة فرع السبعة لتجارة مواد البناء,رأس سيفوني,23,60,45,دائري,1,0,0
ATWC50201,زر بتريا اسود ,سانيتاري ويرز,G-02,أسود لامع,دار الخزف للمواد الصحية (السراج),ملحقات مقاعد,115,250,230,مربع,0,1,0
ARSB80372,كسكاس دوش مربع  250*250 مم اسود مع قصبة  ,مونتانا س.ل,MT-2525SQ-B,أسود مطفي,شركة أركان العمارة,كسكاس دوش,251,350,300,مربع,1,0,0
AM0405, دولاب حمام أرضي,بضائع أوروبية,,,تولين للبضائع الأوروبية,دولاب حمام,300,600,560,,1,0,0
PE30214,شفاط ابيض ,ABM,M6,,شركة البهراء العالمية الحديثة,مثقاب كهربائي,54.5,140,120,مشبك,0,1,0
RO10406,حنفية غسالة  ''1/2 * ''3/4 كروم,سانيتاري ويرز,Italian,كروم,شركة المضمونة للبناء,حنفية,11,20,16.5,دائري,1,0,0
MM30410,خلاط حوض المطبخ حائطي كروم,فرامو,TU111CR,كروم,شركة المضمونة للبناء,خلاط حوض المطبخ حائطي,175,290,220,دائري,1,0,0
ARSB80414,مصب دوش مع تحويلة أسود,ريفانا,CND410 B,أسود,مجموعة الشريف,مصب دوش,82.2,170,120,مربع,1,0,0
RO10219,حنفية غسالة  ''1/2 * ''3/4 كروم,سانيتاري ويرز,ايطالي,كروم,دار الخزف للمواد الصحية (السراج),حنفية,18.5,35,35,دائري,0,1,0
ALVM50422,رأس سيفوني كروم,مونتانا س.ل,MT1011,كروم,مجموعة الشريف,رأس سيفوني,68.75,120,90,دائري,1,0,0
ALVM50424,رأس سيفوني ذهبي,مونتانا س.ل,MT1011G,ذهبي,مجموعة الشريف,رأس سيفوني,66,130,100,دائري,1,0,0
SA10426,طقم اكسسوار أسود,ديولو,125-25-46,أسود,شركة النخبة الفريدة لاستيراد مواد البناء,طقم اكسسوارات,160,260,220,مربع,1,0,0
ARSB80432,مخرج شطاف مع علاق ذهبي,مونتانا س.ل,MT-01G,ذهبي,مجموعة الشريف,مخرج شطاف,90,140,110,مربع,1,0,0
ML10430,خلاط حوض وجه  كروم,سانيتاري ويرز,OM-33,كروم,شركة النخبة الفريدة لاستيراد مواد البناء,خلاط حوض وجه,78,150,110,دائري,1,0,0
MT30434,خلاط شطاف مع شطاف كروم ,تركارت,TERRA,كروم,مجموعة النجار لاستراد مواد البناء,خلاط شطاف,128.8,200,170,دائري,1,0,0
ML10436,خلاط حوض وجه  20 سم كروم ,تركارت,TERRA,كروم,مجموعة النجار لاستراد مواد البناء,خلاط حوض وجه,161.7,250,210,طويل,1,0,0
SA10233,طقم اكسسوار دهبي ,سانيتاري ويرز,203,ذهبي,شركة البهراء العالمية الحديثة,طقم اكسسوارات,165,280,250,مربع,0,1,0
CD40239,مسطرة دوش مع خلاط  كروم ,ا بي ام انترناشونال,1002,أسود,شركة البهراء العالمية الحديثة,مسطرة دوش,275,550,520,,1,0,0
ARSB80852,وجه خلاط دوش مدفون,رايمر,,كروم,شركة آفاق المتحدة لإستيراد مواد البناء,ملحقات خلاط,65,180,150,,0,1,0
ART0252,مقبض خلاط فيوري ,فيوري,35LEV081,كروم,شركة آفاق المتحدة لإستيراد مواد البناء,ملحقات خلاط,40,160,140,,0,1,0
CD40448,مسطرة دوش زوجية كروم,كوتارا,TPS-691,كروم,شركة بيوت العز لاستيراد مواد بناء,مسطرة دوش,145,220,190,,1,0,0
PD20458,حاجز دوش 8 مم  مخطط 90*190  سم أسود,سانيتاري ويرز,14-40,أسود,شركة النخبة الفريدة لاستيراد مواد البناء,حاجز دوش,360,600,500,,1,0,0
MD20470,خلاط دوش كروم,شهاب,ARIO,كروم,شركة المضمونة للبناء,خلاط دوش,175,260,220,دائري,1,0,0
ATWC50472,بتارية مقعد أرضي جنب,تركي,OZBEST,,مجموعة الشريف,ملحقات مقاعد,22.5,40,28,,1,0,0
PS20484,علاقة مناشف زوجية أسود,سانيتاري ويرز,SG-24,أسود,مجموعة الشريف,علاقة مناشف,30,75,60,مربع,1,0,0
PS20259,علاقة ملابس فردي,فينوس,ST-01,كروم,شركة لمسات البناء,علاقة مناشف,32.15,70,60,مربع,0,1,0
ALVM50262,سيفون حوض الوجه كروم,سانيتاري ويرز,,كروم,دار الخزف للمواد الصحية (السراج),سيفون حوض الوجه,95,150,110,دائري,1,0,0
ARSB80963,سماعة دوش مع طوبو كروم,توريما,0323511T43,كروم,دار الخزف للمواد الصحية (السراج),سماعة دوش,115,200,180,مربع,0,1,0
ML30502, مرايا حمام مع إضاءة لد اطاركروم 55 سم,سانيتاري ويرز,,كروم,شركة مركز المهندس لورق الحائط و الديكورات,مراية مضيئة,90,140,120,لاد,1,0,0
AASB30511,فرشاة تنظيف مرحاض رصاصي,wilko,,رصاصي,المتجر الاروبي,اكسسوارات,25,50,40,دائري,1,0,0
AASB30513,موزع صابون سائل كروم,ساتين-نيكال,080231,كروم مطفي,تولين للبضائع الأوروبية,اكسسوارات,45,80,65,حائطي,1,0,0
PS20514,علاقة ملابس فردي,ساتين-نيكال,,كروم مطفي,تولين للبضائع الأوروبية,علاقة مناشف,25,40,33,دائري,1,0,0
ALVM50517,رأس سيفوني كروم,سانيتاري ويرز,,كروم,دار الخزف للمواد الصحية (11 يونيو),رأس سيفوني,49,75,60,دائري,1,0,0
ML30518,مرايا حمام مع إضاءة لد 50*70 سم اطار اكريلك,سانيتاري ويرز,3.1.20,,شركة النخبة الفريدة لاستيراد مواد البناء,مراية مضيئة,115,180,140,لاد,1,0,0
MD20525,خلاط دوش كروم,سانيتاري ويرز,OM-107,كروم,شركة النخبة الفريدة لاستيراد مواد البناء,خلاط دوش,69,130,90,مربع,1,0,0
PS20531,علاقة مناشف زوجية أسود,سانيتاري ويرز,,أسود,شركة النخبة الفريدة لاستيراد مواد البناء,علاقة مناشف,80,140,125,مربع,0,1,0
ML30535,مرايا حمام مع إضاءة لد 80*80 سم,سانيتاري ويرز,11,,شركة النخبة الفريدة لاستيراد مواد البناء,مراية مضيئة,88,170,140,مربع,1,0,0
MDE50279,خلاط دوش مدفون كروم ,ARB,KLDI021LYC00,كروم,مجموعة العربي,خلاط دوش مدفون,310,480,450,مربع,0,1,0
MTE60280,خلاط شطاف مدفون كروم ,ARB,KIDI020LYC00,كروم,مجموعة العربي,خلاط شطاف مدفون,166.5,250,200,مربع,0,1,0
ML10285,خلاط حوض وجه كروم,ARB,KILT003LYC00,كروم,مجموعة العربي,خلاط حوض وجه,209,330,300,,0,1,0
CE10546,سخانة 80 لتر افقية,فرش,,أبيض,محلات الإعتماد لإستيراد مواد البناء (11 يونيو),سخانة,605,670,650,,1,0,0
EG30565,حوض مطبخ جرانيت أسود محبب  47.5*47.5 ,سانيبال,ليكسوس,أسود,مجموعة الخليج,حوض مطبخ جرانيت,300.7,450,400,فردي,1,0,0
EG30567,حوض مطبخ جرانيت رصاصي محبب  47.5*47.5 ,سانيبال,ليكسوس,رصاصي,مجموعة الخليج,حوض مطبخ جرانيت,300.7,450,400,فردي,1,0,0
ARSB80575,طوبو دوش ألماني كروم,ليفرنو هوم,,كروم,تولين للبضائع الأوروبية,طوبو دوش,20,50,30,,1,0,0
RD30576,حوض قدم خزف مربع 60*60 سم,بضائع أوروبية,roca,أبيض,تولين للبضائع الأوروبية,بانيو قدم,45,70,60,مربع,1,0,0
LG40294, حوض رخامي كوارتز 80سم ,سانيتاري واير,2610,,شركة أركان العمارة,حوض وجه برسلين,500,700,640,معلق,0,1,0
EG40295,رف رخامي كوارتز 80سم ,سانيتاري ويرز,2610,,شركة أركان العمارة,رف حوض وجه برسلين,140,400,400,معلق,0,1,0
ML30303,مرايا حمام مع إضاءة لد 60*80 سم,سانيتاري ويرز,907,مرجاني,دار الخزف للمواد الصحية (السراج),مراية مضيئة,85,160,145,لاد,0,1,0
ARSB80307,كسكاس دوش مربع 200*200 مم مع قصبة كروم,ليسو,26-031,كروم,دار الخزف للمواد الصحية (السراج),كسكاس دوش,75,180,160,مربع,0,1,0
RD30580,حوض قدم مستطيل اكريليك 120*80,بيانكو,,أبيض,مجموعة الخليج,بانيو قدم,335,420,500,مستطيل,1,0,0
BAI10582,حوض استحمام بانيو برشلونة 190*90سم,الطيب,برشلونة,أبيض,شركة الركن الجديد,حوض استحمام,2350,2500,2450,مستطيل,1,0,0
RD30583,حوض قدم مستطيل فلات 120*70سم,الطيب,Tib 120*70,أبيض,شركة الركن الجديد,بانيو قدم,435,500,470,مستطيل,1,0,0
RD30584,حوض قدم مستطيل فلات 150*70سم,الطيب,Tib 150*70,أبيض,شركة الركن الجديد,بانيو قدم,530,650,620,مستطيل,1,0,0
ARSB80351,شطاف ظغط دائرية مع طوبو كروم,بريمكس,1122,كروم,شركة لمسات البناء,شطاف,66.93,120,90,مربع,0,1,0
RD30585,حوض قدم مستطيل شريحة 120*80سم,سانيبال,غلاكسيت,أبيض,مجموعة الخليج,بانيو قدم,820,1275,1000,مستطيل,1,0,0
RD30586,حوض قدم مستطيل شريحة 100*80سم,سانيبال,غلاكسيت,أسود,مجموعة الخليج,بانيو قدم,901.25,1300,1200,مستطيل,1,0,0
WP20588,مقعد أرضي ملحوم أبيض,ب.أمور,SH-295,أبيض,South Villa,مقعد أرضي,515,700,650,مربع,-1,2,0
ML30593,مرايا حمام مع إضاءة لد دائرية 60*80 سم,سانيتاري ويرز,20011,أسود,شركة النخبة الفريدة لاستيراد مواد البناء,مراية مضيئة,145,240,235,بيضوي,0,1,0
EG40609,رف رخامي كوارتز 60*50سم ,سانيتاري ويرز,1-3-40,أبيض,شركة النخبة الفريدة لاستيراد مواد البناء,رف حوض وجه برسلين,230,400,400,معلق,1,0,0
ML30610,مرايا حمام مع إضاءة لد 60*50 سم,سانيتاري ويرز,1-3-40,,شركة النخبة الفريدة لاستيراد مواد البناء,مراية مضيئة,120,200,200,لاد,1,0,0
SA10649,طقم اكسسوار كروم,بن أمور,50-10-48,كروم,مصنع خلاطات و أكسسوارات الصين,طقم اكسسوارات,90,150,120,دائري,1,0,0
AM40700,مراية دولاب حمام 60 سم,بن أمور,208-60-C,رصاصي,مصنع خلاطات و أكسسوارات الصين,مراية دولاب,180,320,310,حائطي,0,1,0
P30703,مضخة ماجن 0.8 حصان بالأوتوماتك,UMBRA POMPE,,,مسوق أكسسوارات الزاوية,مضخة,2250,2550,2450,,0,1,0
P30704,مضخة ماجن 0.8 حصان بالعوامة,UMBRA POMPE,,,مسوق أكسسوارات الزاوية,مضخة,1900,2185,2160,,0,1,0
PE30315,استوك 20 كغ,شركة الحيرة لدهانات ,معون الحيرة ,,شركة الحيرة للدهانات ,استوك,45,50,48,,0,1,0
PE30328,طلاء مائي داخلي 18 كغ لاتكس ,شركة الحيرة لدهانات ,770,أبيض مطفي,شركة الحيرة للدهانات ,الجدران والسقف,90,100,100,,0,1,0
AASB30706,سلة قمامة كروم,wilko,,كروم,المتجر الاروبي,اكسسوارات,35,90,90,مربع,1,0,0
AM0333,دولاب حمام 80 سم أبيض,سانيتاري ويرز,8102,أبيض,دار الخزف للمواد الصحية (السراج),دولاب حمام,230,500,500,,0,1,0
AM0334,حوض وجه  دولاب حمام -80 سم,سانيتاري ويرز,8102,أبيض,دار الخزف للمواد الصحية (السراج),دولاب حمام,300,500,500,بي في سي,0,1,0
AM40335,مراية دولاب حمام -80 سم ,سانيتاري ويرز,8102,أبيض,دار الخزف للمواد الصحية (السراج),مراية دولاب,175,250,250,بي في سي,0,1,0
AB10336,خزانة حمام أبيض ,سانيتاري ويرز,8102,أبيض,دار الخزف للمواد الصحية (السراج),خزانة حمام,280,400,320,بي في سي,0,1,0
ARSB80722,كسكاس دوش دائري 300 مم كروم,ديولو,,كروم,شركة النخبة الفريدة لاستيراد مواد البناء,كسكاس دوش,48,95,79,دائري,1,0,0
ADOU50728,كرسي دوش بدون ظهر,سانيتاري واير,,رصاصي,شركة الركن الجديد,ملحقات دوش,300,450,450,مربع,0,1,0
ATWC50372,زر بتريا ذهبي,سانيتاري ويرز,,ذهبي,شركة البهراء العالمية الحديثة,ملحقات مقاعد,95,180,160,مربع,0,1,0
ML30746,مرايا حمام مع إضاءة لد-عرض60*80 سم,ديولو,DE 017,,شركة النخبة الفريدة لاستيراد مواد البناء,مراية مضيئة,81,150,110,لاد,2,-1,0
ARSB87399,سماعة دوش مع طوبو كروم,اي ار بي,100101,كروم,مجموعة العربي,سماعة دوش,84,200,200,مربع,0,1,0
AASB30409,حاملة فوط كروم,فينوس,SO-02,كروم,شركة لمسات البناء,اكسسوارات,80.65,150,120,مربع,0,1,0
ML10764,خلاط حوض وجه أسود,ليسو,B-079,أسود,دار الخزف للمواد الصحية (11 يونيو),خلاط حوض وجه,95,200,200,مربع,1,0,0
ME10775,خلاط حوض المطبخ شجرة نص منظومة كروم,سانيتاري ويرز,KAT-6,كروم,دار الخزف للمواد الصحية (11 يونيو),خلاط حوض المطبخ شجرة,180,320,280,دائري,1,0,0
WA40780,غطاء مقعد أبيض,بضائع أوروبية,209wilko,أبيض,تولين للبضائع الأوروبية,غطاء مقعد,30,70,50,دائري,1,0,0
ARSB80438,سماعة دوش مع طوبو كروم,موباكس,30-187,كروم,محلات الاعتماد (السراج),سماعة دوش,23.5,75,60,دائري,0,1,0
ML30788,مرايا حمام ضد البخار مع إضاءة لد 60*80 سم,سانيتاري ويرز,4005,,دار الخزف للمواد الصحية (11 يونيو),مراية مضيئة,105,190,140,مستطيل,1,0,0
ML30793,مرايا حمام ضد البخار مع إضاءة لد 70*50 سم,سانيتاري ويرز,4012,,دار الخزف للمواد الصحية (11 يونيو),مراية مضيئة,100,160,130,مستطيل,1,0,0
ML30795,مرايا حمام ضد البخار مع إضاءة لد 60*80 سم,سانيتاري ويرز,4014,,دار الخزف للمواد الصحية (11 يونيو),مراية مضيئة,105,170,140,مستطيل,1,0,0
ML30798,مرايا حمام ضد البخار مع إضاءة لد 80*60 سم,سانيتاري ويرز,4009,,دار الخزف للمواد الصحية (11 يونيو),مراية مضيئة,105,170,140,لاد,2,-1,0
ARSB80808,كسكاس دوش دائري كبير شلال مع قصبة ملحومة كروم,ليسو,756,كروم,دار الخزف للمواد الصحية (11 يونيو),كسكاس دوش,240,450,4000,دائري,1,0,0
ARSB80811,مصب دوش مربع قصير بالتحويله أسود ,توريما,03278BB-T40,أسود,  شركة أجياد ليبيا ,مصب دوش,515,900,900,مربع,1,0,0
ALVM50809,سيفون حوض الوجه كروم,توريما,1372-01659-002,كروم,  شركة أجياد ليبيا ,سيفون حوض الوجه,210,320,320,مربع,0,1,0
SA10814,طقم اكسسوار كروم,دودوس,,كروم,مجموعة الشريف,طقم اكسسوارات,145,250,200,مربع,1,0,0
PLSA0827,مطول 1/2 *10 سم نحاسي,سانيتاري ويرز,,,شركة المضمونة للبناء,وصلة,2,5,5,نحاس,1,0,0
AB10843,خزانة حمام أبيض ,سانيتاري ويرز,9615,أبيض,دار الخزف للمواد الصحية (11 يونيو),خزانة حمام,270,430,420,بي في سي,0,1,0
AM0845,حوض وجه مع دولاب حمام -80 سم,سانيتاري ويرز,9615,أبيض,دار الخزف للمواد الصحية (11 يونيو),دولاب حمام,700,1000,900,بي في سي,0,1,0
EL10865,حوض مطبخ ستانلس ستيل   304 76 *50.5 سم,أسيل,AS 233,كروم,شركة النخبة الفريدة لاستيراد مواد البناء,حوض مطبخ ستانلس ستيل,545,800,780,فردي,1,0,0
RFP1868,"فسيبلي "" 1/2 أنثى * ""1/2 أنثى 50سم",فانسكي,اسباني,أسود مطفي,شركة اعمار الجديد,فسيبلي,45,85,85,دائري,1,0,0
WS10880,مقعد معلق أبيض,ايجا فتريفاي,KARINA-64303201,أبيض,مجموعة الخليج,مقعد معلق,240,360,350,دائري,1,0,0
MC10886,مجرى 60 سم *5 سم كروم,أكوا بلاست,LQ-226-60,كروم,مودرن هوم,مجرى,190,300,250,مستطيل,1,0,0
SA10889,طقم اكسسوار كروم,ليسو,2693,كروم,دار الخزف للمواد الصحية (11 يونيو),طقم اكسسوارات,175,300,250,دائري,1,0,0
ML30892,مرايا حمام مع إضاءة لد-عرض60*80 سم,سانيتاري ويرز,W801,,شركة النخبة الفريدة لاستيراد مواد البناء,مراية مضيئة,50,150,110,لاد,1,0,0
AM0901, دولاب حمام -80 سم,سانيتاري ويرز,PL80-2,أبيض,شركة النخبة الفريدة لاستيراد مواد البناء,دولاب حمام,500,800,800,بي في سي,1,0,0
LG40902, حوض رخامي كوريان 80سم ,سانيتاري واير,PL80-2,أبيض,شركة النخبة الفريدة لاستيراد مواد البناء,حوض وجه برسلين,340,520,470,معلق,1,0,0
ML30903,مرايا حمام مع إضاءة لد 60*80 سم,سانيتاري ويرز,PL80-2,,شركة النخبة الفريدة لاستيراد مواد البناء,مراية مضيئة,100,150,140,لاد,1,0,0
PS20923,علاقة ملابس رباعية,سانيتاري ويرز,WL-22,كروم,دار الخزف للمواد الصحية (11 يونيو),علاقة مناشف,35,60,45,معلق,1,0,0
ML30941,مرايا حمام مع إضاءة لد 60*100 سم عرض,سانيتاري ويرز,S-100-4,,شركة النخبة الفريدة لاستيراد مواد البناء,مراية مضيئة,100,200,195,لاد,1,0,0
AM0738,دولاب حمام مع حوض وجه 60 سم,سانيتاري ويرز,005,أبيض,شركة النخبة الفريدة لاستيراد مواد البناء,دولاب حمام,740,1200,1200,,1,0,0
ML30749,مرايا حمام مع إضاءة لد ,سانيتاري ويرز,005,,شركة النخبة الفريدة لاستيراد مواد البناء,مراية مضيئة,100,150,140,لاد,1,0,0
ML10788,خلاط حوض وجه كروم,سانيتاري ويرز,OM-1-3,كروم,شركة النخبة الفريدة لاستيراد مواد البناء,خلاط حوض وجه,165,290,250,مربع,1,0,0
MT30747,خلاط شطاف كروم ,سانيتاري ويرز,OM-166,كروم,شركة النخبة الفريدة لاستيراد مواد البناء,خلاط شطاف,58,120,100,,1,0,0
MDE50756,خلاط دوش مدفون أبيض,فرامو,DE211BO,أبيض,شركة الركن الجديد,خلاط دوش مدفون,850,900,850,دائري,1,0,0
ARSB80800,مصب دوش بدون تحويلة أبيض,فرامو,DE211BO,أبيض,شركة الركن الجديد,مصب دوش,450,500,450,دائري,1,0,0
ARSB80801,كسكاس دوش دائري 200 مم مع قصبة أبيض,فرامو,DE211BO,أبيض,شركة الركن الجديد,كسكاس دوش,650,650,650,دائري,1,0,0
MDE50757,خلاط دوش مدفون ذهبي,فرامو,PA211ORO,ذهبي,شركة الركن الجديد,خلاط دوش مدفون,850,900,850,دائري,1,0,0
ARSB80802,مصب دوش بدون تحويلة ذهبي,فرامو,PA211ORO,ذهبي,شركة الركن الجديد,مصب دوش,450,500,450,دائري,1,0,0
ARSB80803,كسكاس دوش دائري 200 مم مع قصبة ذهبي,فرامو,PA211ORO,ذهبي,شركة الركن الجديد,كسكاس دوش,650,650,650,دائري,1,0,0
VS10759,حوض وجه معلق -100 سم,لابينو,2100,أبيض,مجموعة الخليج,حوض وجه معلق,452,650,650,مربع,1,0,0
MDE50760,خلاط دوش مدفون ايدج ذهبي ,توريما,8E01033-090 ايدج قديم,ذهبي,  شركة أجياد ليبيا ,خلاط دوش مدفون,703,830,820,,1,0,0
RD30458,حوض قدم مستطيل اكريليك 90*90 زاوية ,ساناكريل,M305,أبيض,مجموعة الخليج,بانيو قدم,360,580,520,مستطيل,0,1,0
BAI10461,حوض استحمام بانيو 150*70*53 سم,ساناكريل,A125/53,أبيض,مجموعة الخليج,حوض استحمام,1070,1650,1480,,0,1,0
ARSB80766,شطاف ظغط مع طوبو كروم,PAINI,51CR133IG,كروم,الأروقة الليبية,شطاف,150,220,190,دائري,1,0,0
ARSB80467,شطاف ظغط مربع مع طوبو أسود,توريما,1372-03330-009,أسود,  شركة أجياد ليبيا ,شطاف,265,400,380,مربع,1,0,0
ARSB80481,قصبة دوش 40 سم سقفية كروم,سانيتاري ويرز,,كروم,شركة الجودة vip,قصبة دوش,48,100,90,مربع,0,1,0
PE30475,شفاط ابيض ,ABM,N8,,شركة البهراء العالمية الحديثة,مثقاب كهربائي,64.5,155,120,مشبك,0,1,0
ML30494,مرايا حمام مع إضاءة لد 100*80 سم,سانيتاري ويرز,SYC017,,دار الخزف للمواد الصحية (السراج),مراية مضيئة,175,280,260,لاد,0,1,0
ML10767,خلاط حوض وجه كروم ,توريما,7G33011-093,كروم,  شركة أجياد ليبيا ,خلاط حوض وجه,355,620,620,,0,1,0
EL10770,حوض مطبخ ستانلس ستيل 304 78*43,سانيتاري ويرز,,كروم,شركة النخبة الفريدة لاستيراد مواد البناء,حوض مطبخ ستانلس ستيل,175,260,230,زوجي,1,0,0
PS20777,علاقة ملابس فردية أسود,بن أمور,50-10-49,أسود,مصنع خلاطات و أكسسوارات الصين,علاقة مناشف,5,30,30,دائري,1,0,0
ARSB80795,كسكاس دوش دائري 250*250 مم مع قصبة كروم,ليسو,JR031-26ROUND,كروم,دار الخزف للمواد الصحية (11 يونيو),كسكاس دوش,120,170,170,دائري,0,1,0
LG40795, حوض كواريون كوارتزأبيض 60سم ,سانيتاري واير,S-60-1,أبيض,شركة البهراء العالمية الحديثة,حوض وجه برسلين,450,680,680,معلق,1,0,0
AB10803,خزانة حمام أبيض ,سانيتاري ويرز,9922,أبيض,دار الخزف للمواد الصحية (11 يونيو),خزانة حمام,150,250,250,بي في سي,0,1,0
AM0805,دولاب حمام مع إضاءة لد-80 سم,سانيتاري ويرز,9922,أبيض,دار الخزف للمواد الصحية (11 يونيو),دولاب حمام,630,1000,1000,بي في سي,0,1,0
VS10806,حوض وجه معلق -80 سم,سانيتاري واير,9922,أبيض,دار الخزف للمواد الصحية (11 يونيو),حوض وجه معلق,350,700,700,مربع,0,1,0
AM0810, دولاب حمام مع إضاءة لد-100 سم,سانيتاري ويرز,9927,بيج,دار الخزف للمواد الصحية (11 يونيو),دولاب حمام,750,1000,1000,بي في سي,2,-1,0
VS10811,حوض وجه معلق -100 سم,سانيتاري واير,9927,أبيض,دار الخزف للمواد الصحية (11 يونيو),حوض وجه معلق,450,750,750,مربع,2,-1,0
ML30814,مرايا حمام مع إضاءة لد85*70 سم,سانيتاري ويرز,9927,,دار الخزف للمواد الصحية (11 يونيو),مراية مضيئة,130,220,220,لاد,2,-1,0
ML30823,مرايا حمام مع إضاءة لد 100*70 سم,سانيتاري ويرز,9924,,دار الخزف للمواد الصحية (11 يونيو),مراية مضيئة,150,300,300,لاد,1,0,0
SA10836,طقم اكسسوار كروم,بن أمور,B.AMOR-CA,كروم,مصنع خلاطات و أكسسوارات الصين,طقم اكسسوارات,135,250,207,مربع,0,1,0
AB10841,خزانة حمام أبيض ,سانيتاري ويرز,1526,أبيض,دار الخزف للمواد الصحية (11 يونيو),خزانة حمام,150,250,250,بي في سي,-1,2,0
AM0857, دولاب حمام -60 سم,سانيتاري ويرز,9912,أبيض,دار الخزف للمواد الصحية (11 يونيو),دولاب حمام,600,800,800,بي في سي,1,0,0
VS10845,حوض وجه معلق -60 سم,سانيتاري واير,9912,أبيض,دار الخزف للمواد الصحية (11 يونيو),حوض وجه معلق,330,500,500,مربع,1,0,0
ML30865,مرايا حمام مع إضاءة لد-عرض60*100 سم,سانيتاري ويرز,6004,,شركة النخبة الفريدة لاستيراد مواد البناء,مراية مضيئة,120,250,250,لاد,1,0,0
EG30881,حوض مطبخ جرانيت أسود مطفي78*50 فردي,ب.أمور,Sousse,أسود مطفي,بوليمي Bolemi,حوض مطبخ جرانيت,555,880,690,فردي,0,1,0
WA40918,غطاء مقعد معلق كبير تورنيدو أبيض,ب.أمور,6203/131E,أبيض,LETOP ليتوب,غطاء مقعد,51,150,120,دائري,1,0,0
CD40931,مسطرة دوش زوجية كروم,ليسو,,كروم,دار الخزف للمواد الصحية (11 يونيو),مسطرة دوش,195,300,300,مربع,1,0,0
ATWC50540,صندوق بتارية مقعد أرضي,اديال سانيتار,مرجان,أبيض,مجموعة الخليج,ملحقات مقاعد,160,250,250,,1,0,0
ARSB80984,"مسكر شطافة ""1/2"" * ""1/2 كروم",توريما,1372-R0271-005,كروم,دار الخزف للمواد الصحية (11 يونيو),مخرج شطاف,31,55,35,دائري,0,1,0
LG40987, حوض كواريون كوارتز80سم أبيض,ديولو,S80-1,أبيض,شركة النخبة الفريدة لاستيراد مواد البناء,حوض وجه برسلين,350,580,580,مربع,1,0,0
EG40988,رف كواريون كوارتز 80سم أبيض,سانيتاري ويرز,S80-1,أبيض,شركة النخبة الفريدة لاستيراد مواد البناء,رف حوض وجه برسلين,180,350,350,مربع,1,0,0
ALVM51001,سيفون حوض الوجه كلك بمانع رائحة,سانيتاري ويرز,SG5174-11,رصاصي,مجموعة الشريف,سيفون حوض الوجه,33,60,50,بلاستك,1,0,0
CE11002,سخانة 50 لتر أفقية,تيسي,HORIZONTAL-TESY-50 ,أبيض,مجموعة الشريف,سخانة,895,1080,1080,,1,0,0
ARSB81016,علاقة سماعة دوش جانبية كروم,سانيتاري ويرز,,كروم,مجموعة الشريف,ملحقات خلاط,2.25,10,8,دائري,1,0,0
LG41018, حوض رخامي كوريان 80سم ,سانيتاري واير,PL80-1,أبيض,شركة النخبة الفريدة لاستيراد مواد البناء,حوض وجه برسلين,340,520,470,معلق,0,1,0
AM1019, دولاب حمام -80 سم,سانيتاري ويرز,PL80-1,أبيض,شركة النخبة الفريدة لاستيراد مواد البناء,دولاب حمام,500,800,800,بي في سي,0,1,0
PD21023,حاجز دوش 80* 190سم 8مم اطار كروم مخطط,KALVA,13.2/80CM,كروم,شركة النخبة الفريدة لاستيراد مواد البناء,حاجز دوش,575,890,890,,1,0,0
PD21031,حاجز دوش 60*190سم 8مم اطار كروم مخطط,KALVA,13.2/60CM,كروم,شركة النخبة الفريدة لاستيراد مواد البناء,حاجز دوش,490,750,750,,1,0,0
ARSB81040,اكسسوار خلاط دوش مدفون دائري أسود,فيدار,FD-8T0025,أسود,شركة البهراء العالمية الحديثة,ملحقات خلاط,145,250,250,دائري,1,0,0
ARSB81041,اكسسوار خلاط شطاف مدفون دائري أسود ,فيدار,FD-8T0022,أسود,شركة البهراء العالمية الحديثة,ملحقات خلاط,90,150,150,دائري,1,0,0
WA41053,غطاء مقعد معلق تورنيدو أسود,ب.أمور,6103/052E-MB,أسود,LETOP ليتوب,غطاء مقعد,51,120,120,مربع,1,0,0
WA41056,غطاء مقعد معلق تورنيدو أبيض,ب.أمور,6101/093E,أبيض,LETOP ليتوب,غطاء مقعد,51,120,120,دائري,1,0,0
VS11062,عمود حوض وجه سفير معلق أبيض ,اديال سانيتار,سفير,أبيض,مجموعة الخليج,حوض وجه معلق,110,190,190,معلق,1,0,0
AASB31073,حاملة فرشاة أسنان كروم,بن أمور,50-10-48,كروم,مصنع خلاطات و أكسسوارات الصين,اكسسوارات,20,60,60,دائري,1,0,0
AASB31074,صابونية كروم,بن أمور,50-10-48,كروم,مصنع خلاطات و أكسسوارات الصين,اكسسوارات,15,50,50,دائري,1,0,0
PD21113,حاجز دوش 10مم اطار كروم منقط 90سم,ليسو,LUD,,دار الخزف للمواد الصحية (11 يونيو),حاجز دوش,640,880,870,قدم,1,0,0
AASB31122,رف زاوية زوجي كروم ,ليسو,WL33,كروم,دار الخزف للمواد الصحية (11 يونيو),اكسسوارات,165,280,250,زوجي,1,0,0
ML10000,خلاط حوض وجه كروم ,توريما,BLOG 8G33011-093,كروم,  شركة أجياد ليبيا ,خلاط حوض وجه,490,740,740,,1,1,0
ML10008,خلاط حوض وجه أسود,توريما,VELVET 8V330BB-093,أسود,  شركة أجياد ليبيا ,خلاط حوض وجه,425,745,745,,2,0,0
ARSB80014,كسكاس دوش دائري 250 مم كروم,توريما,IH059CRSC,كروم,  شركة أجياد ليبيا ,كسكاس دوش,105,250,220,دائري,1,1,0
ML10019,خلاط حوض وجه كروم,ب س,4-14,كروم,دار الخزف للمواد الصحية (11 يونيو),خلاط حوض وجه,88,90,70,,2,0,0
ML10035,خلاط حوض وجه مزخرف طويل أسود,سانيتاري واير,,أسود,تولين للبضائع الأوروبية,خلاط حوض وجه,188,350,220,طويل,1,1,0
ML10037,خلاط حوض وجه طويل ذهبي,سانيتاري واير,,ذهبي,تولين للبضائع الأوروبية,خلاط حوض وجه,188,380,290,طويل,1,1,0
ML10046,خلاط حوض وجه طويل كروم,فرامو,SMILE,كروم,شركة المضمونة للبناء,خلاط حوض وجه,280,400,340,طويل,0,2,0
ML10053,خلاط حوض وجه قصير مربع أسود,ب.أمور,مجموعة بن عمر,أسود,مجموعة بن عمر BEN AMOR Group,خلاط حوض وجه,92,150,120,قصير,1,1,0
MD20001,خلاط دوش مع سماعة أسود,فينوس,CIELO,أسود,شركة لمسات البناء,خلاط دوش,118,180,150,,0,2,0
MT30065,خلاط شطاف مع شطاف أسود,فيرمر,,أسود,شركة لمسات البناء,خلاط شطاف,180,260,220,,0,2,0
MT30067,خلاط شطاف مع شطاف كروم,فيڤارو,EM-008A,كروم,شركة البهراء العالمية الحديثة,خلاط شطاف,86.5,130,110,,0,2,0
ARSB80072,شطاف ظغط مربع مع طوبو كروم,سانيتاري ويرز,,كروم,شركة لمسات البناء,شطاف,45,90,60,مربع,0,2,0
ARSB80082,شطاف ظغط مربع مع طوبو كروم,رايمر,332332OS,كروم,شركة آفاق المتحدة لإستيراد مواد البناء,شطاف,175,250,225,مربع,2,0,0
MA20100,خلاط حوض المطبخ سحاب كروم,سانيتاري ويرز,,كروم,تولين للبضائع الأوروبية,خلاط حوض المطبخ سحاب,168,350,210,,0,2,0
CD40105,مسطرة دوش زوجية كروم,أوليفيا,,كروم,شركة لمسات البناء,مسطرة دوش,130,200,175,,2,0,0
CD40111,مسطرة دوش زوجية مع خلاط دجتل أسود,فينوس,3709G,رصاصي,شركة لمسات البناء,مسطرة دوش,312,530,380,,0,2,0
CD40114,مسطرة دوش لاد مع خلاط ذهبي,ا بي ام انترناشونال,,ذهبي,دار الخزف للمواد الصحية (11 يونيو),مسطرة دوش,395,570,520,,0,2,0
MA20127,خلاط حوض المطبخ سحاب كروم,بريمكس,11067GY,كروم,شركة لمسات البناء,خلاط حوض المطبخ سحاب,235,350,290,,0,2,0
ME10003,خلاط حوض المطبخ شجرة كروم,فرامو,MA113CR,كروم,شركة المضمونة للبناء,خلاط حوض المطبخ شجرة,191,285,240,,0,2,0
ME10005,خلاط حوض المطبخ تحلية شجرة كروم,سانيتاري ويرز,,كروم,مصنع خلاطات و أكسسوارات الصين,خلاط حوض المطبخ شجرة,185,300,230,,0,2,0
MTE60024,خلاط شطاف مدفون كروم ,رايمر,L30,كروم,شركة آفاق المتحدة لإستيراد مواد البناء,خلاط شطاف مدفون,175,270,220,دائري,0,2,0
MTE60026,خلاط شطاف مدفون كروم ,رايمر,EY30G,كروم,شركة آفاق المتحدة لإستيراد مواد البناء,خلاط شطاف مدفون,195,350,265,,0,2,0
MDE50027,خلاط دوش مدفون كروم ,رايمر,EY09G,كروم,شركة آفاق المتحدة لإستيراد مواد البناء,خلاط دوش مدفون,385,500,430,,0,2,0
MDE50028,خلاط دوش مدفون كروم ,رايمر,L09,كروم,شركة آفاق المتحدة لإستيراد مواد البناء,خلاط دوش مدفون,320,480,390,,0,2,0
MA20030,خلاط حوض المطبخ سحاب أسود,سانيتاري ويرز,XSDD007371,أسود,تولين للبضائع الأوروبية,خلاط حوض المطبخ سحاب,112,370,210,,2,0,0
MA20032,خلاط حوض المطبخ سحاب أسود,سانيتاري ويرز,,أسود,تولين للبضائع الأوروبية,خلاط حوض المطبخ سحاب,132,370,210,,0,2,0
MTE60038,خلاط شطاف مدفون كروم ,فرامو,LM216CR,كروم,شركة الركن الجديد,خلاط شطاف مدفون,200,350,265,,0,2,0
MDE50045,خلاط دوش مدفون كروم ,غروهي,33305002,كروم,شركة الركن الجديد,خلاط دوش مدفون,440,750,535,,0,2,0
ARSB80053,كسكاس دوش مربع 300*300 مم مع قصبة كروم,موباكس,DAS-590,كروم,  شركة أجياد ليبيا ,كسكاس دوش,130,195,165,مربع,2,0,0
ARSB80062,كسكاس دوش مربع 200*200 مم كروم,فينوس,,كروم,شركة لمسات البناء,كسكاس دوش,49,85,65,مربع,0,2,0
ARSB80103,مصب دوش مع تحويلة كروم,دانيال,SK4704CR,كروم,مجموعة العربي,مصب دوش,255,360,315,مربع,0,2,0
ARSB80111,قصبة دوش مربعة 42 سم كروم,فينوس,,كروم,شركة لمسات البناء,قصبة دوش,41,75,60,مربع,0,2,0
ARSB80114,قصبة دوش 20 سم كروم,فينوس,,كروم,شركة لمسات البناء,قصبة دوش,21,40,30,دائري,0,2,0
ARSB80120,قصبة دوش 40 سم سقفية كروم,دانيال,A557CM40,كروم,مجموعة العربي,قصبة دوش,165,250,220,دائري,0,2,0
ARSB80132,قصبة دوش مربعة 30 سم كروم,سانيتاري ويرز,,كروم,شركة لمسات البناء,قصبة دوش,36,70,50,مربع,0,2,0
ARSB80137,قصبة دوش دائري 30 سم كروم,رايمر,348N30,كروم,شركة آفاق المتحدة لإستيراد مواد البناء,قصبة دوش,130,230,190,دائري,1,1,0
ARSB80142,"مسكر شطافة دبل ""1/2"" * ""1/2 كروم",فينوس,,كروم,شركة لمسات البناء,مخرج شطاف,32,60,45,دائري,0,2,0
WP20157,مقعد أرضي ملحوم موطو أبيض,ب.أمور,SH-8609,أبيض,South Villa,مقعد أرضي,427,600,500,دائري,0,2,0
WS10164,مقعد معلق رايملس أبيض ,ب.أمور,SHA002,أبيض,South Villa,مقعد معلق,355,620,480,دائري,2,0,0
WP20178,مقعد أرضي ملحوم ذهبي ,ليمكس,1077,ذهبي,شركة اعمار الجديد,مقعد أرضي,1000,1600,1500,دائري,0,2,0
VS10189,حوض وجه معلق -65 سم,تركواز سيراستايل,KAPADOKYA,أبيض,شركة الصداقة,حوض وجه معلق,238,600,600,مربع,2,0,0
WP20197,مقعد أرضي أبيض,ايجا فتريفاي,DIDYMA,أبيض,مجموعة الخليج,مقعد أرضي,612,840,750,مربع,0,2,0
AECU50200,سيفون حوض المطبخ,سي أر سمارت,,,شركة البهراء العالمية الحديثة,ملحقات أحواض المطابخ,24,35,29,فردي,0,2,0
VS10202,حوض وجه معلق -60 سم,تركواز سيراستايل,SHARP,أبيض,شركة الصداقة,حوض وجه معلق,436.5,700,425,مربع,1,1,0
VP20211,حوض وجه مربع  فوق الرخام - 46*46سم,تركواز سيراستايل,ONE,أبيض,شركة الصداقة,حوض فوق الرخام,250,430,420,مربع,1,1,0
VP20212,حوض وجه دائري حوض فوق الرخام - 46سم,تركواز سيراستايل,ONE,أبيض,شركة الصداقة,حوض فوق الرخام,235,350,310,دائري,0,2,0
AECU50213,سيفون حوض المطبخ,بلانكو,,,محلات الساحل,ملحقات أحواض المطابخ,30,50,40,زوجي,1,1,0
AM40226,مراية دولاب حمام -70 سم ,سانيتاري ويرز,ML-01-80,رصاصي,XUCHANG MINGLAI TECHNOLOGY,مراية دولاب,90,140,120,بي في سي,3,-1,0
EG30250,حوض مطبخ جرانيت أسود محبب 90*50 ,سانيبال,رومبا,أسود,مجموعة الخليج,حوض مطبخ جرانيت,450,650,590,زوجي,2,0,0
CE10264,سخانة 50 لتر,ارستون,,أبيض,شركة آفاق المتحدة لإستيراد مواد البناء,سخانة,910,960,950,,0,2,0
CE10265,سخانة 80 لتر,ارستون,,أبيض,شركة آفاق المتحدة لإستيراد مواد البناء,سخانة,930,1000,980,,0,2,0
AM40272,مراية حمام بالدولاب خشبي داكن  -80 سم ,أرسين,,خشبي,مجموعة الخليج,مراية دولاب,175,250,220,بي في سي,0,2,0
ALVM50275,رأس سيفوني كروم,سانيتاري ويرز,,كروم,شركة البهراء العالمية الحديثة,رأس سيفوني,12.7,25,17,دائري,0,2,0
ML30286,مرايا حمام مع إضاءة لد مع اطار أبيض 80*60 سم,سانيتاري ويرز,,أبيض,دار الخزف للمواد الصحية (11 يونيو),مراية مضيئة,145,210,185,لاد,2,0,0
MT30301,خلاط شطاف أسود ,توريما,8G252BB-040,أسود,  شركة أجياد ليبيا ,خلاط شطاف,325,500,400,,2,0,0
LG40319, حوض وجه برسلين مشطوف 80 سم ,رويال,YB14-3,,شركة المتخصص الليبي,حوض وجه برسلين,500,700,640,معلق,1,1,0
LG40323,حوض وجه برسلين 65 سم,رويال,YB036_8,,شركة المتخصص الليبي,حوض وجه برسلين,400,600,540,معلق,0,2,0
LG40324,حوض وجه برسلين 65 سم,رويال,YB036_4,,شركة المتخصص الليبي,حوض وجه برسلين,400,600,540,معلق,0,2,0
LG40330,حوض وجه برسلين 65 سم,رويال,YB036_9,,شركة المتخصص الليبي,حوض وجه برسلين,400,600,540,معلق,2,0,0
LG40332,حوض وجه برسلين 65 سم,رويال,YB036_2,,شركة المتخصص الليبي,حوض وجه برسلين,400,600,540,معلق,0,2,0
EG40342,رف حوض وجه برسلين 80 سم,رويال,YB14-13,,شركة المتخصص الليبي,رف حوض وجه برسلين,60,150,110,معلق,1,1,0
EG40347,رف حوض وجه برسلين 80 سم,رويال,YB14-3,,شركة المتخصص الليبي,رف حوض وجه برسلين,60,150,110,معلق,1,1,0
EG40348,رف حوض وجه برسلين 80 سم,رويال,YB14-4,,شركة المتخصص الليبي,رف حوض وجه برسلين,60,150,110,معلق,1,1,0
EG40355,رف حوض وجه برسلين 65 سم,رويال,YB036_9,,شركة المتخصص الليبي,رف حوض وجه برسلين,60,150,110,معلق,2,0,0
EG40357,رف حوض وجه برسلين 65 سم,رويال,YB036_2,,شركة المتخصص الليبي,رف حوض وجه برسلين,60,150,110,معلق,0,2,0
PLSA0363,وردة كروم,سانيتاري ويرز,,كروم,شركة البهراء العالمية الحديثة,وصلة,0.65,3,2,مربع,0,2,0
PLSA0002,وردة كروم,سانيتاري ويرز,,كروم,شركة البهراء العالمية الحديثة,وصلة,1,2,2,دائري,2,0,0
ARSB80367,سماعة دوش مع طوبو كروم,كوتالي,,كروم,شركة البهراء العالمية الحديثة,سماعة دوش,72,100,90,مربع,0,2,0
ARSB80371,سماعة دوش مع طوبو كروم,سانيتاري واير,,كروم,دار الخزف للمواد الصحية (11 يونيو),سماعة دوش,25,50,35,دائري,0,2,0
ARSB80375,سماعة دوش مع طوبو كروم,ليسو,,كروم,دار الخزف للمواد الصحية (11 يونيو),سماعة دوش,39,65,51,مربع,0,2,0
LG40391, حوض وجه برسلين 80 سم ,رويال,2611,,دار الخزف للمواد الصحية (11 يونيو),حوض وجه برسلين,400,600,540,معلق,1,1,0
EG40392,رف حوض وجه برسلين 80 سم,رويال,2611,,شركة المتخصص الليبي,رف حوض وجه برسلين,60,150,110,معلق,1,1,0
ALVM50400,سيفون حوض الوجه 25سم 30سم كروم,بوڨاتي,,كروم,دار الخزف للمواد الصحية (11 يونيو),سيفون حوض الوجه,130,250,170,دائري,1,1,0
ALVM50402,سيفون حوض الوجه كروم,سانيتاري ويرز,LY4002-CP,كروم,شركة المضمونة للبناء,سيفون حوض الوجه,78,120,105,مربع,2,0,0
ALVM50404,سيفون حوض الوجه كروم,فينوس,BR32C,كروم,شركة لمسات البناء,سيفون حوض الوجه,155,220,200,دائري,0,2,0
AM0407,حوض وجه مع دولاب حمام -80 سم,سانيتاري ويرز,8102,أبيض,دار الخزف للمواد الصحية (11 يونيو),دولاب حمام,600,900,800,بي في سي,2,0,0
ML30408,مرايا حمام مع إضاءة لد 80*60 سم,سانيتاري ويرز,8102,مرجاني,دار الخزف للمواد الصحية (11 يونيو),مراية مضيئة,50,150,110,لاد,2,0,0
AB10409,خزانة حمام 120*24*20,سانيتاري ويرز,8102,أبيض,دار الخزف للمواد الصحية (11 يونيو),خزانة حمام,80,250,180,بي في سي,2,0,0
RFP1430,"فسيبلي "" 1/2 ذكر * ""1/2 أنثى 50سم",سانيتاري ويرز,,كروم,محلات الإعتماد لإستيراد مواد البناء (11 يونيو),فسيبلي,12.75,25,19,دائري,2,0,0
AM0002, دولاب حمام -80 سم,أوركا,LUCCA,أبيض,مصنع أوركا,دولاب حمام,1800,2260,2250,,1,1,0
MF20003,مراية حمام 80 سم,أوركا,LUCCA,أسود,مصنع أوركا,مراية معلقة,280,390,320,,1,1,0
PS20473,علاقة مناشف مع رف كروم,سانيتاري ويرز,,كروم,شركة لمسات البناء,علاقة مناشف,138,220,180,معلق,0,2,0
PS20475,علاقة مناشف زوجية ألمنيوم,سانيتاري ويرز,,كروم,شركة لمسات البناء,علاقة مناشف,48,85,60,معلق,0,2,0
ARSB80476,طوبو دوش 150سم كروم,فينوس,SP-150,كروم,دار الخزف للمواد الصحية (11 يونيو),طوبو دوش,29,50,39,,0,2,0
MC10481,مجرى 55سم *7 سم كروم,بيورا,DL-01-55,كروم,شركة الركن الجديد,مجرى,257,320,290,مستطيل,0,2,0
MDE50003,خلاط دوش مدفون مع مصب وقصبة وكسكاس ذهبي,فرامو,HO211ORO,ذهبي,شركة الركن الجديد,خلاط دوش مدفون,1650,1950,1950,مربع,2,0,0
MDE50004,خلاط دوش مدفون مع مصب وقصبة وكسكاس ذهبي,فرامو,PA211ORO,ذهبي,شركة الركن الجديد,خلاط دوش مدفون,1950,2350,2350,دائري,1,1,0
MDE50008,خلاط دوش مدفون كروم ,فيوري,,كروم,شركة آفاق المتحدة لإستيراد مواد البناء,خلاط دوش مدفون,320,480,410,مربع,0,2,0
AASB30008,موزع صابون سائل خزف,سانيتاري ويرز,,,تولين للبضائع الأوروبية,اكسسوارات,13.5,35,25,,-1,3,0
ALVM50012,سيفون حوض الوجه ذهبي,سانيتاري ويرز,07,ذهبي,شركة أركان العمارة,سيفون حوض الوجه,86,150,110,مربع,0,2,0
MA20042,خلاط حوض المطبخ سحاب اسود,تركواز سيراستايل,,ذهبي,شركة أركان العمارة,خلاط حوض المطبخ سحاب,120,200,150,,0,2,0
MA20053,خلاط حوض المطبخ سحاب كروم,تركواز سيراستايل,16-684,كروم,شركة أركان العمارة,خلاط حوض المطبخ سحاب,210,330,260,,0,2,0
VS10047,حوض وجه معلق أبيض 50 سم,كورنات,,أبيض,تولين للبضائع الأوروبية,حوض وجه معلق,200,300,250,معلق,0,2,0
VS10049,حوض وجه معلق 80 سم أبيض مع خلاط مع سيفوني,كورنات,,أبيض,تولين للبضائع الأوروبية,حوض وجه معلق,250,480,350,معلق,2,0,0
PE30065,طلاء بخاخ داخلي و خارجي أصفر لامع,إس كيو إل أو,,أصفر لامع,محلات الإعتماد لإستيراد مواد البناء (11 يونيو),الجدران والسقف,5.417,10,8,,0,2,0
PE30010,استوك سيارات حديد  1.9 كغ,كابسي,Latico 5200 Polyester,أَصْفَرُ,محلات الإعتماد لإستيراد مواد البناء (11 يونيو),استوك سيارات,17,26,20,,0,2,0
PS20017,علاقة مناشف مع رفين كروم,سانيتاري ويرز,,كروم,مصنع خلاطات و أكسسوارات الصين,علاقة مناشف,62,120,80,معلق,0,2,0
AASB30028,رف ستاينلس ستيل كروم ,فينوس,457C,كروم,شركة لمسات البناء,اكسسوارات,23,50,40,ستاينلس ستيل,0,2,0
SA10038,طقم اكسسوار كروم,سانيتاري ويرز,BA100,كروم,شركة لمسات البناء,طقم اكسسوارات,223,320,290,دائري,0,2,0
PS20040,علاقة ملابس سداسية,فينوس,LI-06,كروم,شركة لمسات البناء,علاقة مناشف,73.72,110,90,معلق,0,2,0
PS20046,علاقة مناشف كروم,فينوس,AM-07,كروم,شركة لمسات البناء,علاقة مناشف,185,275,240,معلق,0,2,0
PS20047,علاقة مناشف كروم,فينوس,SA-07,كروم,شركة لمسات البناء,علاقة مناشف,305,420,400,معلق,0,2,0
AASB30052,موزع صابون سائل كروم,فينوس,SA-08,كروم,شركة لمسات البناء,اكسسوارات,66,90,75,حائطي,0,2,0
RA20060,"كوربة رايحة لسيفون  2""",الرطيل,جي أم GM,أَزْرَقُ,محلات الإعتماد لإستيراد مواد البناء (11 يونيو),كوع - كوربة,5.5,9,6.5,,0,2,0
SA10070,طقم اكسسوار,بيروتي,Gibson,,تولين للبضائع الأوروبية,طقم اكسسوارات,36,120,80,,0,2,0
AASB30072,حاملة ورق منظف كلينكس,سانيتاري ويرز,AZ1300M,,شركة لمسات البناء,اكسسوارات,74,110,85,,0,2,0
AASB30077,مجفف يد كروم,سانيتاري ويرز,,كروم,شركة لمسات البناء,اكسسوارات,390,550,500,,0,2,0
PS20080,علاقة ملابس ثلاثية,سانيتاري ويرز,,كروم,دار الخزف للمواد الصحية (11 يونيو),علاقة مناشف,23,35,30,معلق,0,2,0
WA40087,غطاء مقعد سداسي أبيض,سانيتاري ويرز,,أبيض,شركة البهراء العالمية الحديثة,غطاء مقعد,32.5,60,45,مربع,1,1,0
VP20009,حوض وجه فوق الرخام أبيض -49سم,كورنات,4900,أبيض,تولين للبضائع الأوروبية,حوض فوق الرخام,150,250,190,دائري,2,0,0
VS10011,حوض وجه معلق أبيض 35 سم,كورنات,3500,أبيض,تولين للبضائع الأوروبية,حوض وجه معلق,75,150,100,معلق,2,0,0
AASB30096,رف زاوية ثلاثي كروم,بريمكس,,كروم,شركة لمسات البناء,اكسسوارات,150.35,240,190,,2,0,0
PE30104,صندوق عدة حديد 43 سم,اي بي سي,AC16530,أَصْفَرُ,محلات الإعتماد لإستيراد مواد البناء (11 يونيو),صندوق الأدوات,48,75,60,,0,2,0
P30108,مضخة ماجن 1/2 حصان ضد التآكل,شمجا,QDX1.5-17-0.37K3-F,,محلات الإعتماد لإستيراد مواد البناء (11 يونيو),مضخة,365,620,510,,0,2,0
P30116,مضخة ضغط شبكة صغيرة,شمجا,ZP15-9-160,,محلات الإعتماد لإستيراد مواد البناء (11 يونيو),مضخة,275,390,380,,0,2,0
P30117,مضخة ضغط شبكة كبيرة,شمجا,ZPS20-12-180,,محلات الإعتماد لإستيراد مواد البناء (11 يونيو),مضخة,390,490,480,,0,2,0
PE30119,ترابنو1500 وات,باورتيك,PT1323,,محلات الإعتماد لإستيراد مواد البناء (11 يونيو),مثقاب كهربائي,285,345,315,,0,2,0
PA30141,سلوم 5 درجات,الشركة العالمية للتصدير و الإستيراد,,,محلات الإعتماد لإستيراد مواد البناء (11 يونيو),السلالم والسقالات,280,430,420,,0,2,0
PA30144,سلوم 5 درجات 4.5 متر,الشركة العالمية للتصدير و الإستيراد,,,محلات الإعتماد لإستيراد مواد البناء (11 يونيو),السلالم والسقالات,255,390,380,,0,2,0
LG40149, حوض وجه برسلين مشطوف 80 سم,سانيتاري ويرز,2708,,دار الخزف للمواد الصحية (11 يونيو),حوض وجه برسلين,400,600,540,معلق,3,-1,0
EG40150,رف حوض وجه برسلين 80 سم,سانيتاري ويرز,2708,,دار الخزف للمواد الصحية (11 يونيو),رف حوض وجه برسلين,185,350,280,معلق,3,-1,0
PA30153,مكنسة 60 سم,الشركة العالمية للتصدير و الإستيراد,,,محلات الإعتماد لإستيراد مواد البناء (11 يونيو),مكنسة خارجية,20,30,28,,0,2,0
LG40155, حوض وجه برسلين مشطوف لد 80 سم,سانيتاري ويرز,2712,,دار الخزف للمواد الصحية (11 يونيو),حوض وجه برسلين,500,750,710,معلق,2,0,0
EG40156,رف حوض وجه برسلين 80 سم,سانيتاري ويرز,2712,,دار الخزف للمواد الصحية (11 يونيو),رف حوض وجه برسلين,95,350,280,معلق,1,1,0
PE30157,منجل,الشركة العالمية للتصدير و الإستيراد,,,محلات الإعتماد لإستيراد مواد البناء (11 يونيو),منجل,16.5,25,21,,0,2,0
PA30208,عدة جيدور 24 قطعة,بيسو,B-1067,,محلات الإعتماد لإستيراد مواد البناء (11 يونيو),مجموعة مفاتيح عدة,125,170,145,,0,2,0
PA30209,عدة جيدور 24 قطعة,الشركة العالمية للتصدير و الإستيراد,,,محلات الإعتماد لإستيراد مواد البناء (11 يونيو),مجموعة مفاتيح عدة,95,140,115,,0,2,0
PA30211,"مقص حديد 36"" 910 مم",اي بي سي,AC19076,,محلات الإعتماد لإستيراد مواد البناء (11 يونيو),كماشة القطع,73,110,90,,0,2,0
EL50239,سير ربط 7.2 * 300 مم (100 قطعة),الشركة العالمية للتصدير و الإستيراد,,أسود,محلات الإعتماد لإستيراد مواد البناء (11 يونيو),ملحقات الكهرباء,10.5,15,13,عريض,0,2,0
EL50241,سير ربط 5.2 * 500 مم (100 قطعة),الشركة العالمية للتصدير و الإستيراد,,أسود,محلات الإعتماد لإستيراد مواد البناء (11 يونيو),ملحقات الكهرباء,17.5,24,21,عريض,0,2,0
PA30246,طراحة حديد 40 سم,الشركة العالمية للتصدير و الإستيراد,,,محلات الإعتماد لإستيراد مواد البناء (11 يونيو),بالة,14.5,21,18,,0,2,0
PA30248,ميزان ألمنيوم 50 سم,سفيدن,,,محلات الإعتماد لإستيراد مواد البناء (11 يونيو),أدوات القياس والتتبع,57.5,72,69,,0,2,0
PA30253,ميزان خيط 500 غرام,صولا,,,محلات الإعتماد لإستيراد مواد البناء (11 يونيو),أدوات القياس والتتبع,18,25,22,,0,2,0
AASB30260,رف زاوية زوجي اسود,ليمكس,LY2288B,أسود,شركة اعمار الجديد,اكسسوارات,165,260,190,زوجي,0,2,0
PLSA0270,وردة كروم,سانيتاري ويرز,,كروم,دار الخزف للمواد الصحية (11 يونيو),وصلة,2,5,3,مربع,0,2,0
ASCA60290,ستريتشة 3 متر,الشركة العالمية للتصدير و الإستيراد,,رصاصي,مجموعة بن عمر BEN AMOR Group,ستريتشة,35,80,55,,0,2,0
ASCA60291,ستريتشة 2.32 متر,الشركة العالمية للتصدير و الإستيراد,,أسود,مجموعة بن عمر BEN AMOR Group,ستريتشة,30,75,50,,0,2,0
SA10314,طقم اكسسوار كروم,ليسو,2673,كروم,دار الخزف للمواد الصحية (11 يونيو),طقم اكسسوارات,200,300,250,دائري,2,0,0
PA30329,منشار شجر,بيسو,,,محلات الإعتماد لإستيراد مواد البناء (11 يونيو),أداة القص - منشار,5.5,10,7,,0,2,0
PA30346,مفتاح إنجليزي رقم 12,فندر,,,محلات الإعتماد لإستيراد مواد البناء (11 يونيو),مفك البراغي يدوي,16.5,25,21,,0,2,0
PA30349,مفتاح إنجليزي رقم 48,الشركة العالمية للتصدير و الإستيراد,,,محلات الإعتماد لإستيراد مواد البناء (11 يونيو),مفك البراغي يدوي,90,125,110,,0,2,0
PA30369,فرطاسة,الشركة العالمية للتصدير و الإستيراد,,أسود,محلات الإعتماد لإستيراد مواد البناء (11 يونيو),مجرفة مغلفة,1.75,5,3,,0,2,0
PA30383,كستولة,الشركة العالمية للتصدير و الإستيراد,,,محلات الإعتماد لإستيراد مواد البناء (11 يونيو),مجرفة مغلفة,7.5,13,11,,0,2,0
EL50401,لصقة 0.13 مم * 50 مم * 25 متر,الشركة العالمية للتصدير و الإستيراد,SCAPA 2702,أبيض,محلات الإعتماد لإستيراد مواد البناء (11 يونيو),ملحقات الكهرباء,13.75,20,17,,0,2,0
PA30408,عجلة باب سحاب  رقم 100,الشركة العالمية للتصدير و الإستيراد,,,محلات الإعتماد لإستيراد مواد البناء (11 يونيو),ملحقات معدات الباب,50.5,70,61,,0,2,0
RA30441,ديسكو ليزري 9'' 230 مم,الشركة العالمية للتصدير و الإستيراد,,ذهبي,محلات الإعتماد لإستيراد مواد البناء (11 يونيو),ديسكو منشار دائري,130,170,155,,0,2,0
RA30442,ديسكو ليزري 7'' 1800 مم,الشركة العالمية للتصدير و الإستيراد,KINGLION,ذهبي,محلات الإعتماد لإستيراد مواد البناء (11 يونيو),ديسكو منشار دائري,115,160,140,,0,2,0
RA30443,ديسكو ليزري 7'' 1800 مم,الشركة العالمية للتصدير و الإستيراد,,ذهبي,محلات الإعتماد لإستيراد مواد البناء (11 يونيو),ديسكو منشار دائري,90,140,120,,0,2,0
RA30444,ديسكو ليزري 9'' 230 مم,الشركة العالمية للتصدير و الإستيراد,KINGLION,ذهبي,محلات الإعتماد لإستيراد مواد البناء (11 يونيو),ديسكو منشار دائري,145,190,170,,0,2,0
PA30450,خيط أحذية 200 غ,الشركة العالمية للتصدير و الإستيراد,,أبيض,محلات الإعتماد لإستيراد مواد البناء (11 يونيو),خيط، حبل,7.5,12,9,,0,2,0
PA30453,مفتاح فرنسي رقم 8,الشركة العالمية للتصدير و الإستيراد,,,محلات الإعتماد لإستيراد مواد البناء (11 يونيو),مفك البراغي يدوي,8.5,15,11,,0,2,0
PA30459,ليفة مسمار 50 سم,الشركة العالمية للتصدير و الإستيراد,,,محلات الإعتماد لإستيراد مواد البناء (11 يونيو),أداة المخل,47,60,57,,0,2,0
PA30466,بونتة جبس (16 قطع),اي بي سي,AC18016,,محلات الإعتماد لإستيراد مواد البناء (11 يونيو),أدوات منشار الثقب الدائري,22.5,35,27,,0,2,0
PE30483,موس مع 2 منشار,فندر,191801,أسود,محلات الإعتماد لإستيراد مواد البناء (11 يونيو),موس فرش والمقص,21,30,26,,0,2,0
PA30491,مسدس سلكون حراري,الشركة العالمية للتصدير و الإستيراد,,أسود,محلات الإعتماد لإستيراد مواد البناء (11 يونيو),مسدس الغراء,9.5,15,12,,0,2,0
PA30500,بونتة 18 * 450 مم,الشركة العالمية للتصدير و الإستيراد,,,محلات الإعتماد لإستيراد مواد البناء (11 يونيو),أدوات الثقب,10.5,15,13.5,طويل,0,2,0
PA30558,فيتي بالخبور 8 مم (50 قطعة),الشركة العالمية للتصدير و الإستيراد,,,محلات الإعتماد لإستيراد مواد البناء (11 يونيو),برغي,3.15,5,4,,1,1,0
PA30563,خبور 12 مم,المتفوق,,أَحْمَر,محلات الإعتماد لإستيراد مواد البناء (11 يونيو),وصل تثبيت,2.75,5,3.5,,0,2,0
ACOL30576,ريتي لياسة 20 سم * 20 متر,أسترا,,أبيض,شركة الركن الجديد,ملحقات غراء البلاط و الأرضيات,19.5,30,25,,0,2,0
ACOL30578,ريتي لياسة 25 سم * 20 متر,أسترا,,أبيض,شركة الركن الجديد,ملحقات غراء البلاط و الأرضيات,26.5,35,32,,0,2,0
ACOL30579,ريتي لياسة 25 سم * 20 متر,أسترا,,بُرْتُقَالِيّ,شركة الركن الجديد,ملحقات غراء البلاط و الأرضيات,26.5,35,32,,0,2,0
PA30610,سلسلة رقم 12 (1متر),الشركة العالمية للتصدير و الإستيراد,,كروم,محلات الإعتماد لإستيراد مواد البناء (11 يونيو),خيط، حبل,25,35,30,,0,2,0
PA30611,سلسلة رقم 8 (1متر),الشركة العالمية للتصدير و الإستيراد,,كروم,محلات الإعتماد لإستيراد مواد البناء (11 يونيو),خيط، حبل,10,15,12,,0,2,0
RA30368,مقبض باب مع قفل 85 مم,الشركة العالمية للتصدير و الإستيراد,,رصاصي لامع,محلات الإعتماد لإستيراد مواد البناء (11 يونيو),قفل باب,68,90,82,,0,2,0
PA30390,قفل شنطة 70 مم,الشركة العالمية للتصدير و الإستيراد,L1070000,ذهبي,محلات الإعتماد لإستيراد مواد البناء (11 يونيو),قفل باب,65,85,79,,0,2,0
PA30397,عصاة بالة,الشركة العالمية للتصدير و الإستيراد,,,محلات الإعتماد لإستيراد مواد البناء (11 يونيو),بالة,6,10,8,,0,2,0
LG40374, حوض وجه برسلين 80 سم ,رويال,2716,,دار الخزف للمواد الصحية (11 يونيو),حوض وجه برسلين,400,600,540,معلق,2,0,0
EG40375,رف حوض وجه برسلين 80 سم,رويال,2716,,دار الخزف للمواد الصحية (11 يونيو),رف حوض وجه برسلين,85,250,200,معلق,2,0,0
ML30375,مرايا حمام مع إضاءة لد 85*85 سم,سانيتاري ويرز,1435,,دار الخزف للمواد الصحية (11 يونيو),مراية مضيئة,155,240,210,مربع,0,2,0
ALVM50391,رأس سيفوني رخامي,سانيتاري ويرز,31-17,رخامي,دار الخزف للمواد الصحية (11 يونيو),رأس سيفوني,41,75,65,دائري,0,2,0
PE30079,بونتة ترابنو,اي بي سي,AC18802 PH2X65mm,,محلات الإعتماد لإستيراد مواد البناء (11 يونيو),مثقاب كهربائي,1.15,5,2.5,,0,2,0
PA30085,فيتي 3 * 30مم 200 قطعة,الشركة العالمية للتصدير و الإستيراد,,برنزي,تولين للبضائع الأوروبية,برغي,5,10,7,,0,2,0
AECU50100,سيفون حوض المطبخ,L.B.PLAST,M850R-226,أبيض,دار الخزف للمواد الصحية (11 يونيو),ملحقات أحواض المطابخ,21.5,45,45,فردي,1,1,0
MM30023,خلاط حوض المطبخ حائطي كروم,شيزا,STORM,كروم,  شركة أجياد ليبيا ,خلاط حوض المطبخ حائطي,105,160,135,,1,1,0
MD20023,خلاط دوش كروم,شيزا,LAYER,كروم,  شركة أجياد ليبيا ,خلاط دوش,165,240,185,,0,2,0
ARSB80029,سماعة دوش مع طوبو كروم,توريما,1372-005,كروم,  شركة أجياد ليبيا ,سماعة دوش,78.75,150,115,دائري,0,2,0
MTE60033,خلاط شطاف مدفون كروم ,توريما,8V00011-092,كروم,  شركة أجياد ليبيا ,خلاط شطاف مدفون,165,250,220,دائري,2,0,0
ML10010,خلاط حوض وجه ذهبي ,توريما,EDGE 8E34033-090,ذهبي,  شركة أجياد ليبيا ,خلاط حوض وجه,760,1330,1330,طويل,2,0,0
MO10011,خلاط حوض المطبخ تحلية كروم,توريما,AQUA 1782411-T40,كروم,  شركة أجياد ليبيا ,خلاط حوض المطبخ تحلية,535,930,930,دائري,2,0,0
MDE50023,خلاط دوش مدفون كروم,فرامو,PA217CR,كروم,شركة الركن الجديد,خلاط دوش مدفون,495,600,600,,2,0,0
MDE50052,خلاط دوش مدفون ثلاثي كروم,فرامو,UP227CR,كروم,شركة الركن الجديد,خلاط دوش مدفون,680,830,830,,2,0,0
MTE60027,خلاط شطاف مدفون كروم ,فرامو,PA216CR,كروم,شركة الركن الجديد,خلاط شطاف مدفون,280,430,345,,2,0,0
MTE60030,خلاط شطاف مدفون كروم ,فرامو,NM206CR,كروم,شركة الركن الجديد,خلاط شطاف مدفون,137.5,200,175,,0,2,0
ARSB80200,طوبو دوش 150سم كروم,دانيال,A505X150S,كروم,مجموعة العربي,طوبو دوش,32,60,43,,2,0,0
ARSB80003,مصب حوض كروم,فيوري,35BOC088,كروم,دار الخزف للمواد الصحية (11 يونيو),مصب حوض,187,290,231,مربع,2,0,0
ML10077,خلاط حوض وجه أسود,جي اف مارك,1-0061X,أسود,شركة المتخصص الليبي,خلاط حوض وجه,165,430,430,دائري,2,0,0
ML10080,خلاط حوض وجه ذهبي,جي اف مارك,6-011G,ذهبي,شركة المتخصص الليبي,خلاط حوض وجه,330,470,405,دائري,0,2,0
MA20019,خلاط حوض المطبخ سحاب ذهبي,جي اف مارك,6229K,ذهبي,شركة العامر لإستيراد مواد البناء و الصحية,خلاط حوض المطبخ سحاب,180,300,225,دائري,2,0,0
ML10089,خلاط حوض وجه 3 فتحات كروم,سانيتاري واير,WATERSONG AD043001,كروم,تولين للبضائع الأوروبية,خلاط حوض وجه,140,250,200,,1,1,0
MD20029,خلاط دوش كروم,سانيتاري ويرز,HUINASI ML2222-1,كروم,شركة جمال مسوق خلاطات,خلاط دوش,65,120,85,مربع,2,0,0
MD20030,خلاط دوش مع سماعة كروم,سانيتاري ويرز,ALELMARA 30358000,كروم,شركة أركان العمارة,خلاط دوش,95,150,120,,0,2,0
ML10092,خلاط حوض وجه كروم ,سانيتاري ويرز,RADIS,كروم,دار الخزف للمواد الصحية (11 يونيو),خلاط حوض وجه,142,250,175,,0,2,0
ML10100,خلاط حوض وجه  كروم,ليسو,OL-260,كروم,دار الخزف للمواد الصحية (11 يونيو),خلاط حوض وجه,120,280,280,مربع,2,0,0
MT30011,خلاط شطاف مع شطاف ذهبي,نابولي,Z-9000N ZG-16,ذهبي,برستيج لإستيراد المواد الصحية,خلاط شطاف,76,130,100,دائري,2,0,0
MT30012,خلاط شطاف مع شطاف كروم,سانيتاري ويرز,ALELMARA 40458002,كروم,شركة أركان العمارة,خلاط شطاف,95,150,120,دائري,2,0,0
MT30013,خلاط شطاف مع شطاف أسود,سانيتاري ويرز,MSLINO LY2270-B,أسود,شركة المتخصص الليبي,خلاط شطاف,140,220,175,مربع,2,0,0
ARSB80172,سماعة دوش مع طوبو كروم,سانيتاري واير,EZ-2357,كروم,مجموعة الخليج,سماعة دوش,52.25,90,70,دائري,2,0,0
ARSB80176,سماعة خلاط دوش كروم,سانيتاري ويرز,WENKO 2286610,كروم,تولين للبضائع الأوروبية,ملحقات خلاط,33.75,90,50,,2,0,0
ARSB80181,كسكاس دوش مربع 250*250 مم مع قصبة أسود,سانيتاري ويرز,,أسود,دار الخزف للمواد الصحية (11 يونيو),كسكاس دوش,95,170,120,مربع,2,0,0
ARSB80282,كسكاس دوش مربع 200*200 مم مع قصبة أسود,سانيتاري ويرز,MAF ELSEAH,أسود,دار الخزف للمواد الصحية (11 يونيو),كسكاس دوش,80,140,105,مربع,2,0,0
ARSB80283,كسكاس دوش دائري 250 مم كروم,سانيتاري ويرز,MMAAT LSH-RND-250,كروم,دار الخزف للمواد الصحية (11 يونيو),كسكاس دوش,65,120,85,دائري,2,0,0
ALVM50026,سيفون حوض الوجه كروم,سانيتاري ويرز,VALMO SG 2978-23,كروم,مجموعة الشريف,سيفون حوض الوجه,48.111,100,90,مربع,0,2,0
ARSB80397,قصبة دوش 40 سم أسود,سانيتاري ويرز,RAN RAN NN-SC-6,أسود,شركة لمسات البناء,قصبة دوش,24.5,60,45,مربع,1,1,0
ARSB80199,قصبة دوش مربعة 35 سم ذهبي,سانيتاري ويرز,MSLINO LY2363-A,ذهبي,شركة المتخصص الليبي,قصبة دوش,35,70,50,مربع,2,0,0
ALVM50394,رأس سيفوني رخامي,سانيتاري ويرز,,رخامي,دار الخزف للمواد الصحية (11 يونيو),رأس سيفوني,38,75,60,دائري,0,2,0
AASB30090,حاملة ورق ناعم كروم,سانيتاري ويرز,AVATAR,كروم مطفي,نوكسي تركيا,اكسسوارات,40,70,60,دائري,2,0,0
RO10018,مسكر زاوية  ''1/2 * ''1/2 اسود,فينوس,S-8B,أسود,شركة لمسات البناء,حنفية,22,40,30,دائري,2,0,0
PS20125,علاقة مناشف كروم,KBM,L-5065,كروم,مجموعة الخليج,علاقة مناشف,72.5,120,90,دائري,2,0,0
PS20133,علاقة مناشف كروم,KBM,3104,كروم,مجموعة الخليج,علاقة مناشف,55,110,80,مربع,2,0,0
AASB30140,حاملة ورق ناعم زوجية كروم,سانيتاري ويرز,NEPTUN,كروم,نوكسي تركيا,اكسسوارات,65,115,95,دائري,2,0,0
AASB30144,حاملة فوط أسود,KBM,9109,أسود,مجموعة الخليج,اكسسوارات,35,50,65,دائري,2,0,0
AASB30149,حاملة فوط كروم,سانيتاري ويرز,AVATAR,كروم مطفي,نوكسي تركيا,اكسسوارات,40,70,55,دائري,2,0,0
MT30164,خلاط شطاف مع شطاف أسود,سانيتاري ويرز,2308076,أسود,دار الخزف للمواد الصحية (11 يونيو),خلاط شطاف,70,110,90,دائري,2,0,0
PS20168,علاقة ملابس فردي,سانيتاري ويرز,AVATAR,كروم,نوكسي تركيا,علاقة مناشف,35,60,50,دائري,2,0,0
PS20171,علاقة ملابس زوجية أسود,ديكسا,A.1721.S,أسود,نوكسي تركيا,علاقة مناشف,45,65,50,مربع,1,1,0
ARSB80248,مخرج شطاف مع علاق ذهبي,سانيتاري ويرز,,ذهبي,شركة البهراء العالمية الحديثة,مخرج شطاف,18.5,50,35,دائري,2,0,0
SA10185,طقم اكسسوار كروم,شيزا,49132,كروم,  شركة أجياد ليبيا ,طقم اكسسوارات,355,500,450,دائري,2,0,0
ALVM50193,رأس سيفوني ذهبي ,ليمكس,,ذهبي,دار الخزف للمواد الصحية (11 يونيو),رأس سيفوني,35,60,55,دائري,0,2,0
PD20042,حاجز دوش 8 مم  مظلم 90  سم,ليسو,WIC-90A,,دار الخزف للمواد الصحية (11 يونيو),حاجز دوش,425,650,600,,0,2,0
ARSB80243,مخرج شطاف ذهبي,فرامو,PRA01ORO,ذهبي,شركة الركن الجديد,مخرج شطاف,150,200,180,دائري,1,1,0
ARSB80202,قصبة دوش  40 سم شبشاشة كروم,سانيتاري ويرز,,كروم,شركة لمسات البناء,قصبة دوش,68,100,75,مربع,2,0,0
ARSB80209,قصبة دوش 32 سم أسود,ليمكس,,أسود,شركة اعمار الجديد,قصبة دوش,35,80,60,مربع,2,0,0
TO9047,مفتاح ربط رقم 10 مم,الشركة العالمية للتصدير و الإستيراد,AC18693,كروم,محلات الإعتماد لإستيراد مواد البناء (11 يونيو),مفاتيح,3.15,8,5,,0,2,0
PA30045,مفتاح بيبة رقم19مم,الشركة العالمية للتصدير و الإستيراد,AC18693,كروم,محلات الإعتماد لإستيراد مواد البناء (11 يونيو),مفاتيح,8.75,15,13,,0,2,0
MC10059,مجرى 40 سم *10 سم أسود,تركي,TM141-40B,أسود,دار الخزف للمواد الصحية (11 يونيو),مجرى,88,150,115,مستطيل,2,0,0
MC10066,مجرى 30سم *7 سم كروم,الشركة التونسية للمواد الصحية,,كروم,محلات الإعتماد لإستيراد مواد البناء (11 يونيو),مجرى,37,70,50,مستطيل,2,0,0
MC10076,سرفنتينة 15 سم * 15 سم كروم ,سانيتاري ويرز,,كروم,دار الخزف للمواد الصحية (11 يونيو),مجرى,72,120,120,مربع,2,0,0
ARSB80240,كسكاس دوش شريحة مربع 250*250 مم مع قصبة كروم,توريما,1372-15231-008,كروم,دار الخزف للمواد الصحية (11 يونيو),كسكاس دوش,395,600,530,مربع,0,2,0
MC10079,سرفنتينة 15 سم * 15 سم كروم ,بيورا,FD-03,كروم,شركة الركن الجديد,مجرى,53,75,70,مربع,2,0,0
AEVE20092,وصلة صرف يمنى رصاصي,ستار سانيتار,,رصاصي,ستار سانيتار,ملحقات مجرى,7.5,15,15,مستطيل,0,2,0
AEVE20093,وصلة صرف يسرى رصاصي,ستار سانيتار,,رصاصي,ستار سانيتار,ملحقات مجرى,7.5,15,15,مستطيل,0,2,0
ML30090,مرايا حمام مع إضاءة لد مع اطار دهبي  80*60 سم,سانيتاري ويرز,8867,ذهبي,دار الخزف للمواد الصحية (11 يونيو),مراية مضيئة,125,200,170,مربع,2,0,0
ARSB80221,سماعة دوش رصاصي,سانيتاري واير,,رصاصي,تولين للبضائع الأوروبية,سماعة دوش,10,20,15,مربع,2,0,0
ARSB80222,سماعة دوش رصاصي,بضائع أوروبية,ALEX,رصاصي,تولين للبضائع الأوروبية,سماعة دوش,15,30,20,دائري,2,0,0
AASB30169,حاملة منظفات زوجي كروم,سانيتاري ويرز,4402,كروم,نوكسي تركيا,اكسسوارات,95,120,100,مربع,2,0,0
EL50995,لامبة لد 50وات,دي بي اس,E27,أسود,محلات الإعتماد لإستيراد مواد البناء (11 يونيو),المصابيح الكهربائية,9.75,15,14,,0,2,0
LG40101, حوض وجه برسلين مشطوف مع رف 60,سانيتاري ويرز,23126A,أبيض,دار الخزف للمواد الصحية (11 يونيو),حوض وجه برسلين,440,650,600,معلق,0,2,0
VS10120,حوض وجه معلق -100 سم,تركواز سيراستايل,ANOVA,أبيض,شركة الصداقة,حوض وجه معلق,425,750,530,مربع,0,2,0
VS10123,حوض وجه معلق -75 سم,تركواز سيراستايل,PINTO,أبيض,شركة الصداقة,حوض وجه معلق,596.55,840,470,مربع,0,2,0
VS10125,حوض وجه معلق -55 سم,تركواز سيراستايل,PORTO,أبيض,شركة الصداقة,حوض وجه معلق,276.45,430,290,مربع,1,1,0
MF20130,مراية حمام 80*60 سم,سانيتاري ويرز,,ذهبي,دار الخزف للمواد الصحية (11 يونيو),مراية معلقة,80,140,110,,2,0,0
AM40141,مراية دولاب حمام لد -80 سم ,بضائع أوروبية,326512.A,أسود,تولين للبضائع الأوروبية,مراية دولاب,180,260,290,ستاينلس ستيل,2,0,0
ML30160,مرايا حمام مع إضاءة لد دائرية *3,تركي,4408,كروم لامع,نوكسي تركيا,مراية مضيئة,180,250,235,لاد,2,0,0
AASB30180,أرضية دوش ,بضائع أوروبية,WENKO 23123100,أبيض,تولين للبضائع الأوروبية,اكسسوارات,40,65,55,بي في سي,2,0,0
ARSB80995,كسكاس دوش مربع 300*300 مم كروم,سانيتاري ويرز,,كروم,دار الخزف للمواد الصحية (11 يونيو),كسكاس دوش,138,240,210,مربع,2,0,0
ARSB80270,مصب دوش مع تحويلة كروم,أنكا,ANKA ANK-1010,كروم,دار الخزف للمواد الصحية (11 يونيو),مصب دوش,86,140,120,مربع,2,0,0
PS20122,علاقة مناشف كروم معا دفاية ,ليمكس,CP9018,كروم,شركة اعمار الجديد,علاقة مناشف,425,650,600,معلق,0,2,0
ATWC50184,رجسترو مقعد أرضي مائل 7 سم,سانيتاري ويرز,,,محلات الإعتماد لإستيراد مواد البناء (11 يونيو),ملحقات مقاعد,12.5,20,15,بلاستك,2,0,0
EG30192,حوض مطبخ جرانيت أسود 80*50 ,سانيبال,سالسا,أسود,مجموعة الخليج,حوض مطبخ جرانيت,445,510,510,زوجي,2,0,0
EG30194,حوض مطبخ جرانيت بيج  80*50 ,سانيبال,توكس,بيج,مجموعة الخليج,حوض مطبخ جرانيت,412.377,620,570,زوجي,0,2,0
EG30195,حوض مطبخ جرانيت رملي محبب 90*50 ,سانيبال,رومبا,كريمي,مجموعة الخليج,حوض مطبخ جرانيت,481,650,590,زوجي,2,0,0
AASB30202,أرضية دوش 71×36 سم,بضائع أوروبية,,أسود,تولين للبضائع الأوروبية,اكسسوارات,33.75,55,45,بلاستك,2,0,0
AASB30203,أرضية دوش 71×36 سم,بضائع أوروبية,,شفاف,تولين للبضائع الأوروبية,اكسسوارات,33.75,55,45,بلاستك,2,0,0
PS20205,علاقة مناشف مع قاعدة كروم لامع,تركي,4406,كروم لامع,نوكسي تركيا,علاقة مناشف,300,400,390,دائري,2,0,0
PLSA0229,وردة كروم,سانيتاري ويرز,,كروم,دار الخزف للمواد الصحية (11 يونيو),وصلة,3,5,4,دائري,2,0,0
MC10124,غطاء غرفة تفتيش 30*30 مخفي SUS304,بيورا,,كروم,شركة الركن الجديد,مجرى,260,330,300,مربع,0,2,0
MC10125,غطاء غرفة تفتيش 40*40مخفي SUS304,بيورا,,كروم,شركة الركن الجديد,مجرى,310,390,360,مربع,0,2,0
PA30835,يد جيدور متحركة ممتازه كريكيتوا ,الشركة العالمية للتصدير و الإستيراد,,,محلات الاعتماد (السراج),مجموعة مفاتيح عدة,14.5,25,20,,0,2,0
PA30735,وصلة جيدور 3قطع في كرت اصفر ,الشركة العالمية للتصدير و الإستيراد,,,محلات الاعتماد (السراج),مجموعة مفاتيح عدة,14.5,30,25,,0,2,0
ALVM50139,رأس سيفوني كروم,توريما,1372-001,كروم,شركة أركان العمارة,رأس سيفوني,145,200,200,دائري,0,2,0
WS10777,مقعد معلق رايملس أبيض ,GLOBO,,أبيض,دار الخزف للمواد الصحية (11 يونيو),مقعد معلق,890,1500,1500,دائري,1,1,0
PS20152,علاقة ملابس خماسية دوران,سانيتاري ويرز,,أسود,شركة البهراء العالمية الحديثة,علاقة مناشف,39,100,95,معلق,0,2,0
ATWC50158,مثبت غطاء مقعد ضغط كروم بالوردة,سانيتاري ويرز,,أبيض,شركة البهراء العالمية الحديثة,ملحقات مقاعد,7.5,20,16,بلاستك,2,0,0
SA10163,طقم اكسسوار ذهبي,سانيتاري ويرز,13-2024,ذهبي,شركة البهراء العالمية الحديثة,طقم اكسسوارات,125,220,190,دائري,0,2,0
MDE50164,مطول خلاط دوش مدفون ,رايمر,,كروم,شركة آفاق المتحدة لإستيراد مواد البناء,خلاط دوش مدفون,170,300,290,مربع,0,2,0
AASB30783,موزع صابون سائل كروم,بضائع أوروبية,46143,كروم,مجموعة الجذور للاسواق التجارية,اكسسوارات,5,13,10,حائطي,2,0,0
EL10166,حوض مطبخ ستانلس ستيل منظومة بيانو 304 75*45 كروم,TIEMME,,كروم,شركة البهراء العالمية الحديثة,حوض مطبخ ستانلس ستيل,655,1000,950,فردي,2,0,0
AASB30793,سلة قمامة,بضائع أوروبية,,أَخْضَرُ,تولين للبضائع الأوروبية,اكسسوارات,40,70,55,بلاستك,2,0,0
ALVM50796,رأس سيفوني كروم,فينوس,BW5PU32,كروم,شركة لمسات البناء,رأس سيفوني,49,85,65,دائري,2,0,0
AASB30798,مسند لكبار السن 45 كروم,سانيتاري ويرز,JP-NL08,أبيض,شركة لمسات البناء,اكسسوارات,55,100,75,دائري,2,0,0
ARSB80425,مصب دوش بدون تحويله ذهبي ,توريما,T90-0329033,ذهبي,شركة أركان العمارة,مصب دوش,345,550,500,دائري,0,2,0
WP20803,مقعد أرضي أبيض,نيوأرك,NEWARC 2321-2331,أبيض,مجموعة الخليج,مقعد أرضي,265,750,600,دائري,2,0,0
LG40187, حوض وجه برسلين مشطوف 80 سم ,ليسو,A2080D,,دار الخزف للمواد الصحية (السراج),حوض وجه برسلين,300,600,540,معلق,0,2,0
EL10403,حوض مطبخ ستانلس ستيل منظومة دائري بيانو 304 75*46 كروم,سانيتاري ويرز,,كروم,دار الخزف للمواد الصحية (11 يونيو),حوض مطبخ ستانلس ستيل,580,750,750,فردي,1,1,0
ATWC50206,زر بتريا كروم,غروهي,YC8010-2,كروم,دار الخزف للمواد الصحية (السراج),ملحقات مقاعد,120,250,220,دائري,0,2,0
PE30216,شفاط ابيض ,ABM,N,أبيض,شركة البهراء العالمية الحديثة,مثقاب كهربائي,34.5,80,75,دائري,0,2,0
ARSB80408,شطاف ظغط مربع مع طوبو كروم,I.DOWAS,1115ZC,كروم,شركة المضمونة للبناء,شطاف,55,120,90,مربع,2,0,0
EG30418,حوض مطبخ جرانيت بيج محبب 55*44 ,سانيتاري ويرز,جرمة,بيج,شركة الصداقة,حوض مطبخ جرانيت,225,370,340,فردي,1,1,0
ML30222,مرايا حمام مع إضاءة لد اطار ابيض ,سانيتاري ويرز,3070,,دار الخزف للمواد الصحية (السراج),مراية مضيئة,120,200,200,لاد,0,2,0
ALVM50423,رأس سيفوني أسود,مونتانا س.ل,MT1011B,أسود,مجموعة الشريف,رأس سيفوني,66,130,100,دائري,2,0,0
ALVM50427,سيفون حوض الوجه ذهبي,مونتانا س.ل,MT-9102G,ذهبي,مجموعة الشريف,سيفون حوض الوجه,160,250,210,مربع,2,0,0
SA10428,طقم اكسسوار ذهبي,ديولو,50-10-50,ذهبي,شركة النخبة الفريدة لاستيراد مواد البناء,طقم اكسسوارات,235,360,330,دائري,2,0,0
ML10441,خلاط حوض وجه شجرة كروم ,تركارت,PLATINUM,كروم,مجموعة النجار لاستراد مواد البناء,خلاط حوض وجه,128.8,200,170,دائري,2,0,0
ME10442,خلاط حوض المطبخ شجرة كروم,تركارت,PLATINUM,كروم,مجموعة النجار لاستراد مواد البناء,خلاط حوض المطبخ شجرة,128.8,220,170,دائري,2,0,0
ARSB80445,مصب دوش طويل بتحويلة كروم,توريما,0327811-T40,كروم,مجموعة النجار لاستراد مواد البناء,مصب دوش,295,520,520,مربع,1,1,0
ARSB80454,شطاف ظغط دائري مع طوبو أسود,سانيتاري ويرز,MSLINO,أسود,شركة المضمونة للبناء,شطاف,35,60,50,دائري,2,0,0
PD20455,حاجز دوش 8 مم  مخطط 80*190  سم,سانيتاري ويرز,14-40,كروم,شركة النخبة الفريدة لاستيراد مواد البناء,حاجز دوش,395,550,500,,2,0,0
PD20457,حاجز دوش 8 مم  مخطط 90*190  سم كروم,سانيتاري ويرز,14-40,كروم,شركة النخبة الفريدة لاستيراد مواد البناء,حاجز دوش,360,570,500,,2,0,0
SA10258,طقم اكسسوار كروم,بريمكس,6-7700,كروم,شركة لمسات البناء,طقم اكسسوارات,192,350,310,مربع,0,2,0
PS20488,علاقة مناشف كروم,سانيتاري ويرز,WL20,كروم,دار الخزف للمواد الصحية (11 يونيو),علاقة مناشف,48,80,65,معلق,2,0,0
PS20489,علاقة مناشف كروم,سانيتاري ويرز,WL-17,كروم,دار الخزف للمواد الصحية (11 يونيو),علاقة مناشف,58,90,80,معلق,2,0,0
PS20490,علاقة مناشف زوجية بالعلاقة كروم,سانيتاري ويرز,wl-12,كروم,دار الخزف للمواد الصحية (11 يونيو),علاقة مناشف,69,120,90,معلق,0,2,0
MC10288,مانع رائحة كروم,سانيتاري ويرز,,,شركة كرزاز لاستيراد مواد البناء ,مجرى,8.25,25,20,,1,1,0
AASB30515,حاملة ورق ناعم كروم,ساتين-نيكال,080316,كروم مطفي,تولين للبضائع الأوروبية,اكسسوارات,40,60,50,دائري,2,0,0
AM0541, دولاب حمام أرضي 60,بضائع أوروبية,,,تولين للبضائع الأوروبية,دولاب حمام,120,200,200,,2,0,0
ML10283,خلاط حوض وجه كروم,ARB,JALT001LYC00,كروم,مجموعة العربي,خلاط حوض وجه,209,330,300,,0,2,0
MM30543,خلاط حوض المطبخ حائطي كروم,تركي,MEGA L07-K,كروم,شركة النخبة الفريدة لاستيراد مواد البناء,خلاط حوض المطبخ حائطي,117,190,160,,2,0,0
PD20289,حاجز دوش 8 مم بالعلاقة المناشف80 سم,ليسو,WIC-80E,,دار الخزف للمواد الصحية (السراج),حاجز دوش,375,640,600,,2,0,0
EG30293,حوض مطبخ جرانيت أبيض  80*50 ,سانيبال,توكس,أبيض,مجموعة الخليج,حوض مطبخ جرانيت,422.08,600,580,زوجي,0,2,0
ARSB80694,يد خلاط  مدفون كروم,دانيال,R6630CR,كروم,مجموعة العربي,ملحقات خلاط,38.5,65,50,,2,0,0
AASB30302,فرشة مرحاض كروم,ليسو,2681,كروم,دار الخزف للمواد الصحية (السراج),اكسسوارات,68,120,95,دائري,0,2,0
WS10596,مقعد معلق رايملس أبيض ,ب.أمور,SH-002,أبيض,South Villa,مقعد معلق,360,560,520,مربع,-4,0,6
VS10597,حوض وجه معلق أبيض -60سم,ب.أمور,SH-8604,أبيض,South Villa,حوض وجه معلق,215,430,430,معلق,1,1,0
MA20615,خلاط حوض المطبخ سحاب أسود,بن أمور,KITCHEN-BLACK,أسود,مصنع خلاطات و أكسسوارات الصين,خلاط حوض المطبخ سحاب,150,260,240,مربع,2,0,0
CD40631,مسطرة دوش زوجية مع خلاط دجتل رصاصي,بن أمور,10005,رصاصي,مصنع خلاطات و أكسسوارات الصين,مسطرة دوش,300,600,520,,1,1,0
MC10644,مجرى 40 سم *8 سم كروم,بن أمور,,كروم,مصنع خلاطات و أكسسوارات الصين,مجرى,70,150,150,مستطيل,0,2,0
ARSB80657,شطاف ظغط مربع مع طوبو كروم,بن أمور,,كروم,مصنع خلاطات و أكسسوارات الصين,شطاف,35,120,100,مربع,0,2,0
AASB30668,رف زاوية زوجي اسود,بن أمور,مجموعة بن عمر,أسود,مصنع خلاطات و أكسسوارات الصين,اكسسوارات,45,120,75,زوجي,2,0,0
AM0699,دولاب حمام مع حوض وجه 60 سم,بن أمور,60-C,رصاصي,مصنع خلاطات و أكسسوارات الصين,دولاب حمام,440,670,660,حائطي,1,1,0
ARSB80709,رقبة خلاط متحركة كروم,ليفرنو هوم,P-IX 38700/IO,كروم,المتجر الاروبي,ملحقات خلاط,10,20,15,دائري,2,0,0
ARSB80329,كسكاس دوش مربع 400*400 مم كروم,هوادياو ,7025-16,كروم,شركة لمسات البناء,كسكاس دوش,265,400,375,مربع,0,2,0
P30345,مضخة 1/2 حصان,ABC,ART129,,محلات الاعتماد (السراج),مضخة,195,280,270,,0,2,0
CC10331,"متبت صليبة المتفوق 
",الشركة العالمية للتصدير و الإستيراد,,أسود,محلات الاعتماد (السراج),كولة بلاط أرضيات,8,15,14,,0,2,0
ARSB80791,وجه خلاط شطاف مدفون كروم ,غروهي,KM-6-5,كروم,دار الخزف للمواد الصحية (11 يونيو),ملحقات خلاط,155,300,280,,1,1,0
ADOU50727,كرسي دوش بالظهر,بيورا,,رصاصي,شركة الركن الجديد,ملحقات دوش,425,590,590,مربع,0,2,0
EG30728,حوض مطبخ جرانيت أبيض  80*50 ,سانيبال,SPAZIO,أبيض,مجموعة الخليج,حوض مطبخ جرانيت,340,480,460,فردي,2,0,0
EG30729,حوض مطبخ جرانيت أبيض  60*50 ,سانيبال,SPAZIO,أبيض,مجموعة الخليج,حوض مطبخ جرانيت,270,380,360,فردي,2,0,0
ARSB80377,مخرج شطاف مع علاق كروم,deante,052k n02,كروم,شركة آفاق المتحدة لإستيراد مواد البناء,مخرج شطاف,95,180,160,مربع,0,2,0
P30384,مضخةرش مبيد حشري 2لتر ,سانيتاري واير,,,مجموعة الشريف,مضخة,11.75,20,17,,0,2,0
PE30399,فرشة طلاء ايطالية رقم 50,فندر,,,محلات الاعتماد (السراج),فرشة طلاء,6.5,10,9,,0,2,0
AASB30406,صابونية كروم,فينوس,ST-03,كروم,شركة لمسات البناء,اكسسوارات,55.29,95,75,حائطي,2,0,0
BAI10402,حوض استحمام بانيو 150*70*53 سم,BIANCO,,أبيض,شركة بيوت العز لاستيراد مواد بناء,حوض استحمام,580,1200,1000,,0,2,0
ARSB80437,سماعة دوش مع طوبو كروم,سانيتاري واير,05,كروم,محلات الاعتماد (السراج),سماعة دوش,16.5,35,30,دائري,0,2,0
AM0802, دولاب حمام -80 سم,سانيتاري ويرز,8107,أبيض,دار الخزف للمواد الصحية (11 يونيو),دولاب حمام,400,600,590,بي في سي,2,0,0
VS10803,حوض وجه-80 سم أبيض ,سانيتاري ويرز,8107,أبيض,دار الخزف للمواد الصحية (11 يونيو),حوض وجه معلق,230,350,300,مربع,2,0,0
AB10804,خزانة حمام أبيض ,سانيتاري ويرز,8107,أبيض,دار الخزف للمواد الصحية (11 يونيو),خزانة حمام,255,380,320,مستطيل,2,0,0
ME10862,خلاط حوض المطبخ شجرة كروم,فيوري,81CR4323,كروم,شركة النخبة الفريدة لاستيراد مواد البناء,خلاط حوض المطبخ شجرة,285,430,380,مربع,2,0,0
ALVM50867,رأس سيفوني اسود,ليمكس,LYMIX 2771 B,أسود,شركة اعمار الجديد,رأس سيفوني,42.5,90,70,مربع,2,0,0
VS10873,حوض وجه معلق -75 سم,تركواز سيراستايل,AQUA,أبيض,شركة الصداقة,حوض وجه معلق,570,800,800,مربع,2,0,0
PA30758,مفك موجب   ,سانيتاري ويرز,193028,,محلات الاعتماد (السراج),مفك البراغي يدوي,4.75,10,8,,0,2,0
MA20875,خلاط حوض المطبخ سحاب أسود- كروم,توريما,MOLLA 1752711-T40,أسود-كروم   ,دار الخزف للمواد الصحية (11 يونيو),خلاط حوض المطبخ سحاب,605,1100,1100,دائري,1,1,0
WS10878,مقعد معلق أبيض,ايجا فتريفاي,MYTHOS-76303201,أبيض,مجموعة الخليج,مقعد معلق,450,680,670,مربع,2,0,0
AASB30428,رف زاوية زوجي اسود,ليسو,wl26/wl5,أسود,دار الخزف للمواد الصحية (السراج),اكسسوارات,88,180,170,زوجي,0,2,0
SA10810,طقم اكسسوار كروم الامونيوم ,ليسو,18B-079,أسود,دار الخزف للمواد الصحية (السراج),طقم اكسسوارات,130,250,235,مربع,0,2,0
ML10897,خلاط حوض وجه شاشة لاد كروم,ليسو,JR031-89,كروم,دار الخزف للمواد الصحية (11 يونيو),خلاط حوض وجه,295,430,370,مربع,1,1,0
PD20887,حاجز 8 مم اطار ذهبي 80  سم,سانيتاري ويرز,PF-41,ذهبي,شركة النخبة الفريدة لاستيراد مواد البناء,حاجز دوش,445,670,550,,1,1,0
PD20914,حاجز دوش 8 مم  مضبب70  سم,سانيتاري ويرز,PF40-16,,شركة النخبة الفريدة لاستيراد مواد البناء,حاجز دوش,380,570,520,,2,0,0
PD20918,حاجز دوش 8 مم  مضبب80  سم,سانيتاري ويرز,PF40-16,,شركة النخبة الفريدة لاستيراد مواد البناء,حاجز دوش,395,620,590,,2,0,0
LG40939, حوض كواريون كوارتز 100سم ,سانيتاري واير,S-100-4,بيج,شركة النخبة الفريدة لاستيراد مواد البناء,حوض وجه برسلين,500,900,860,معلق,2,0,0
EG40940,رف كواريون كوارتز 100سم ,سانيتاري ويرز,S-100-4,بيج,شركة النخبة الفريدة لاستيراد مواد البناء,رف حوض وجه برسلين,260,500,500,معلق,2,0,0
AM0739,دولاب حمام مع حوض وجه 80 سم,سانيتاري ويرز,038,أبيض,شركة النخبة الفريدة لاستيراد مواد البناء,دولاب حمام,780,1200,1200,,2,0,0
AB10742,خزانة حمام أبيض ,سانيتاري ويرز,038,أبيض,شركة النخبة الفريدة لاستيراد مواد البناء,خزانة حمام,200,430,420,بي في سي,2,0,0
ML30747,مرايا حمام مع إضاءة لد ,سانيتاري ويرز,038,,شركة النخبة الفريدة لاستيراد مواد البناء,مراية مضيئة,100,150,140,لاد,2,0,0
CD40753,مسطرة دوش زوجية اسود,سانيتاري ويرز,9614-9,أسود,دار الخزف للمواد الصحية (11 يونيو),مسطرة دوش,105,250,220,مستطيل,2,0,0
AASB30756,مجفف يد أسود,سانيتاري ويرز,FL-2000 BLACK,أسود,شركة لمسات البناء,اكسسوارات,182,285,270,,2,0,0
ML30775,مرايا حمام مع إضاءة لد 60*80 سم عرض,سانيتاري ويرز,S80-2,,دار الخزف للمواد الصحية (11 يونيو),مراية مضيئة,100,180,180,لاد,2,0,0
SA10753,طقم اكسسوار كروم,سانيتاري ويرز,OM-130,كروم,شركة النخبة الفريدة لاستيراد مواد البناء,طقم اكسسوارات,185,300,300,مربع,2,0,0
MDE50758,خلاط دوش مدفون مربع ذهبي,فرامو,HO211ORO,ذهبي,شركة الركن الجديد,خلاط دوش مدفون,700,750,730,مربع,2,0,0
PA36446,فيتي بالخبور10مم (50 قطعة),المتفوق,,,محلات الاعتماد (السراج),برغي,5.5,12,10,,0,2,0
ARSB80827,مصب دوش-مربع بدون تحويلة ذهبي,فرامو,HO211ORO,ذهبي,شركة الركن الجديد,مصب دوش,450,500,450,دائري,2,0,0
ARSB80828,كسكاس دوش مربع  200 مم مع قصبة ذهبي,فرامو,HO211ORO,ذهبي,شركة الركن الجديد,كسكاس دوش,500,700,700,مربع,2,0,0
PE30449,صندوق عدة بلاستك رقم13,اي بي سي,,أَصْفَرُ,محلات الاعتماد (السراج),صندوق الأدوات,15,28,25,,0,2,0
RD30460,حوض قدم مستطيل اكريليك 70*70 زاوية ,ساناكريل,M305,أبيض,مجموعة الخليج,بانيو قدم,335,490,470,مستطيل,1,1,0
ARSB80775,مخرج شطاف كروم,PAINI,51CR133IG2,كروم,الأروقة الليبية,شطاف,40,100,80,دائري,2,0,0
ARSB80951,كسكاس دوش مربع شريحه 250 مم,توريما,1372-01485-002,أسود,  شركة أجياد ليبيا ,كسكاس دوش,375,600,570,مربع,1,1,0
PE30481,لصقة مع مجفف 400 مل,ابل,,,محلات الاعتماد (السراج),المواد اللاصقة و العازلة,19.5,24,20,,0,2,0
ML30499,مرايا حمام مع إضاءة لد 80*60 سم,سانيتاري ويرز,SYC013,,دار الخزف للمواد الصحية (السراج),مراية مضيئة,120,220,200,لاد,0,2,0
ARSB80776,يد خلاط  مدفون كروم,فرامو,,كروم,شركة المضمونة للبناء,ملحقات خلاط,31.5,60,50,,2,0,0
PD20786,حاجز دوش 10مم اطار كروم مضبب 90 سم,سانيتاري ويرز,LUE90,,دار الخزف للمواد الصحية (11 يونيو),حاجز دوش,620,940,940,قدم,0,2,0
PS20791,علاقة مناشف زوجية كروم,سانيتاري ويرز,WL-40,كروم,دار الخزف للمواد الصحية (11 يونيو),علاقة مناشف,145,240,240,معلق,2,0,0
ARSB80798,كسكاس دوش مربع سميك 25*25 مم مع قصبة كروم,ليسو,JR031-26SQ,كروم,دار الخزف للمواد الصحية (11 يونيو),كسكاس دوش,120,250,250,مربع,2,0,0
AM0800, دولاب حمام مع إضاءة لد -90 سم,سانيتاري ويرز,9932,أبيض,دار الخزف للمواد الصحية (11 يونيو),دولاب حمام,700,1000,1000,بي في سي,2,0,0
VS10801,حوض وجه معلق -90 سم,سانيتاري واير,9932,أبيض,دار الخزف للمواد الصحية (11 يونيو),حوض وجه معلق,450,700,700,مربع,2,0,0
ML30802,مرايا حمام مع إضاءة لد 90*70 سم,سانيتاري ويرز,9932,,دار الخزف للمواد الصحية (11 يونيو),مراية مضيئة,125,200,200,لاد,2,0,0
WS10818,مقعد معلق كبير بلس سايز ملحوم تورنيدو أبيض,ب.أمور,LT-131E-UQ3,أبيض,LETOP ليتوب,مقعد معلق,505,900,705,دائري,1,1,0
AM0828,دولاب حمام -80 سم,سانيتاري ويرز,9936,أبيض,دار الخزف للمواد الصحية (11 يونيو),دولاب حمام,600,1000,1000,بي في سي,0,2,0
VS10826,حوض وجه معلق -80 سم,سانيتاري واير,9936,أبيض,دار الخزف للمواد الصحية (11 يونيو),حوض وجه معلق,350,700,700,مربع,0,2,0
AB10825,خزانة حمام أبيض ,سانيتاري ويرز,9936,أبيض,دار الخزف للمواد الصحية (11 يونيو),خزانة حمام,150,250,250,بي في سي,0,2,0
ML30826,مرايا حمام مع إضاءة لد80*60 سم,سانيتاري ويرز,9936,,دار الخزف للمواد الصحية (11 يونيو),مراية مضيئة,120,200,200,لاد,0,2,0
AM0839,حوض وجه مع دولاب حمام -80 سم,سانيتاري ويرز,1513,أبيض,دار الخزف للمواد الصحية (11 يونيو),دولاب حمام,990,1400,1400,بي في سي,0,2,0
AM0849,حوض وجه مع دولاب حمام -60 سم,سانيتاري ويرز,1526,أبيض,دار الخزف للمواد الصحية (11 يونيو),دولاب حمام,780,1100,1100,بي في سي,0,2,0
EG30877,حوض مطبخ جرانيت بيج80*50 فردي,ب.أمور,Zarmdine,بيج,بوليمي Bolemi,حوض مطبخ جرانيت,635,990,795,فردي,1,1,0
EG30879,حوض مطبخ جرانيت بيج50*43 فردي,ب.أمور,Tallinn,بيج,بوليمي Bolemi,حوض مطبخ جرانيت,405,600,500,فردي,0,2,0
EL10884,حوض مطبخ ستانلس ستيل   65*45 أسود,ب.أمور,Monastir,أسود,بوليمي Bolemi,حوض مطبخ ستانلس ستيل,260,400,320,فردي,2,0,0
EL10932,حوض مطبخ ستانلس ستيل تحت الرخامة 304 75*44 سم,أسيل,AS237DRAWN,كروم,شركة النخبة الفريدة لاستيراد مواد البناء,حوض مطبخ ستانلس ستيل,450,680,650,فردي,0,2,0
AM0951,دولاب حمام -80 سم,بن أمور,330-80,بيج,XUCHANG MINGLAI TECHNOLOGY,دولاب حمام,380,700,700,بي في سي,2,0,0
VS10952,حوض وجه معلق -80 سم,سانيتاري واير,330-80,أبيض,XUCHANG MINGLAI TECHNOLOGY,حوض وجه معلق,220,450,450,مربع,2,0,0
ML31020,مرايا حمام مع إضاءة لد 60*80 سم,سانيتاري ويرز,PL80-1,,شركة النخبة الفريدة لاستيراد مواد البناء,مراية مضيئة,100,150,140,لاد,2,0,0
AB11025,خزانة حمام مقبض أسود 120*23*20,سانيتاري ويرز,S-01-2,أسود,شركة النخبة الفريدة لاستيراد مواد البناء,خزانة حمام,410,620,620,بي في سي,2,0,0
PD21032,حاجز دوش 70*190سم 8مم اطار كروم مخطط,KALVA,13.2/70CM,كروم,شركة النخبة الفريدة لاستيراد مواد البناء,حاجز دوش,535,820,820,,2,0,0
CE11035,سخانة مربعة   30 لتر,اف جي باور,D30-20VD-8008,أبيض,شركة المضمونة للبناء,سخانة,530,650,650,,2,0,0
ARSB81042,اكسسوار خلاط دوش مدفون دائري ذهبي,فيدار,FD-8T0026,ذهبي,شركة البهراء العالمية الحديثة,ملحقات خلاط,145,250,250,دائري,2,0,0
ARSB81043,اكسسوار خلاط شطاف مدفون دائري ذهبي ,فيدار,FD-8T0023,ذهبي,شركة البهراء العالمية الحديثة,ملحقات خلاط,90,150,150,دائري,2,0,0
ARSB81044,اكسسوار خلاط شطاف مدفون دائري كروم ,فيدار,FD-8T0021,كروم,شركة البهراء العالمية الحديثة,ملحقات خلاط,85,150,130,دائري,2,0,0
ARSB81045,اكسسوار خلاط دوش مدفون دائري كروم,فيدار,FD-8T0024,كروم,شركة البهراء العالمية الحديثة,ملحقات خلاط,135,250,250,دائري,2,0,0
WA41050,غطاء مقعد معلق تورنيدو أبيض,ب.أمور,6103/102E,أبيض,LETOP ليتوب,غطاء مقعد,51,120,120,مربع,2,0,0
WA41058,غطاء مقعد معلق تورنيدو أبيض,ب.أمور,6110/094E,أبيض,LETOP ليتوب,غطاء مقعد,51,120,120,دائري,2,0,0
AM0559,حوض وجه مع دولاب حمام -80 سم,سانيتاري ويرز,9716,أبيض,دار الخزف للمواد الصحية (السراج),دولاب حمام,700,1200,900,بي في سي,0,2,0
VS10577,حوض وجه معلق80 سم,ليسو,900,أبيض,دار الخزف للمواد الصحية (السراج),حوض وجه معلق,340,520,500,,0,2,0
RA21065,"سنيسكا 25"" كروم مربع",الجودة,بي بي ر - PPR,كروم,شركة الجودة vip,سنيسكا,95,150,150,,2,0,0
ATWC51080,زر بتريا أسود,غروهي,SG-43,أسود,مجموعة الشريف,ملحقات مقاعد,100,200,200,دائري,2,0,0
VS11083,حوض وجه معلق 85*38سم,تركواز سيراستايل,SHARP,أبيض,شركة الصداقة,حوض وجه معلق,615,860,860,مربع,2,0,0
AASB31085,حاملة ورق ناعم كروم,بن أمور,50-10-48,كروم,مصنع خلاطات و أكسسوارات الصين,اكسسوارات,20,60,60,دائري,2,0,0
ML11091,خلاط حوض وجه أبيض-كروم   ,MSLiNO,LY2327-WCP,أبيض-كروم,مسوق سفيان بن فايد,خلاط حوض وجه,188.5,300,300,مربع,2,0,0
PD21112,حاجز دوش 10مم اطار كروم منقط 80سم,ليسو,LUD,,دار الخزف للمواد الصحية (11 يونيو),حاجز دوش,595,820,800,قدم,2,0,0
ARSB81126,شطاف ظغط مربعة مع طوبو كروم,ليسو,F314,كروم,دار الخزف للمواد الصحية (11 يونيو),شطاف,95,180,170,مربع,2,0,0
ML31136,مرايا حمام مع إضاءة لد 80*60 سم,ستار سانيتار,,,شركة راما 11يونيو,مراية مضيئة,130,220,210,لاد,2,0,0
LG41137, حوض معا رف كوارتز80سم أبيض,ديولو,236,أبيض,شركة راما 11يونيو,حوض وجه برسلين,600,1100,1100,مربع,2,0,0
ML10003,خلاط حوض وجه أسود,فينوس,CIELO,أسود,شركة لمسات البناء,خلاط حوض وجه,90,135,110,,0,3,0
ML10007,خلاط حوض وجه طويل كروم,توريما,VELVET 8V34011-093,كروم,  شركة أجياد ليبيا ,خلاط حوض وجه,725,860,530,طويل,1,2,0
ARSB80015,قصبة دوش مربعة 40 سم كروم,توريما,ABS,كروم,  شركة أجياد ليبيا ,قصبة دوش,130,195,160,مربع,1,2,0
ML10021,خلاط حوض وجه طويل كروم مطفي,سانيتاري واير,,كروم مطفي,تولين للبضائع الأوروبية,خلاط حوض وجه,163,300,210,طويل,0,3,0
ML10023,خلاط حوض وجه كروم ,شيزا,GLAYOR,كروم,  شركة أجياد ليبيا ,خلاط حوض وجه,127.546,220,170,,0,3,0
ML10039,خلاط حوض وجه كروم,فيڤارو,EM-002,كروم,شركة البهراء العالمية الحديثة,خلاط حوض وجه,86.5,130,110,,2,1,0
MD20007,خلاط دوش أسود,نابولي,Z-9003N BK,أسود,برستيج لإستيراد المواد الصحية,خلاط دوش,86,170,120,,0,3,0
MT30069,خلاط شطاف مع شطاف دائري ذهبي,بريمكس,2063K,ذهبي,شركة لمسات البناء,خلاط شطاف,280,340,280,مربع,0,3,0
MA20014,خلاط حوض المطبخ سحاب أسود,سانيتاري ويرز,,أسود,مصنع خلاطات و أكسسوارات الصين,خلاط حوض المطبخ سحاب,125,230,230,دائري,3,0,0
MM30021,خلاط حوض المطبخ حائطي كروم,فينوس,DELMA,كروم,شركة لمسات البناء,خلاط حوض المطبخ حائطي,125,190,160,,0,3,0
MTE60049,خلاط شطاف مدفون كروم ,توريما,BLOG 8G00011-093,كروم,  شركة أجياد ليبيا ,خلاط شطاف مدفون,135,270,210,مربع,2,1,0
ARSB80095,مصب دوش بدون تحويلة كروم,فينوس,RACHEL D2,كروم,شركة لمسات البناء,مصب دوش,98,160,125,,0,3,0
ARSB80113,قصبة دوش 28 سم كروم,فينوس,,كروم,شركة لمسات البناء,قصبة دوش,26.909,50,40,مربع,0,3,0
ARSB80124,مخرج شطاف مع علاق كروم,فورتميكس,GANOA MA2204,كروم,شركة آفاق المتحدة لإستيراد مواد البناء,مخرج شطاف,40,85,60,دائري,3,0,0
ARSB80126,مخرج شطاف مع علاق كروم,سلارنو,HR-M04,كروم,شركة البهراء العالمية الحديثة,مخرج شطاف,49,75,65,مربع,0,3,0
ARSB80130,قصبة دوش 30 سم سقفية كروم,سانيتاري ويرز,,كروم,شركة لمسات البناء,قصبة دوش,39,70,55,دائري,3,0,0
ARSB80133,قصبة دوش 35 سم كروم,سانيتاري ويرز,,كروم,شركة لمسات البناء,قصبة دوش,39,75,55,مستطيل,0,3,0
ARSB80134,قصبة دوش مربعة 35 سم كروم,سانيتاري ويرز,,كروم,شركة لمسات البناء,قصبة دوش,63,95,85,مربع,0,3,0
MDE50822,خلاط دوش مدفون ايدج ذهبي ,توريما,8E01033-090,ذهبي,  شركة أجياد ليبيا ,خلاط دوش مدفون,755,1050,1000,,2,1,0
MTE60147,خلاط شطاف مدفون ذهبي ,توريما,EDGE 8E00033-090,ذهبي,  شركة أجياد ليبيا ,خلاط شطاف مدفون,485,700,650,مربع,2,1,0
VS10181,حوض وجه معلق أسود,ب.أمور,SH-P128TGL,أسود,South Villa,حوض وجه معلق,250,450,450,معلق,1,2,0
AECU50198,سيفون حوض المطبخ,تانفليكس,,,محلات الإعتماد لإستيراد مواد البناء (11 يونيو),ملحقات أحواض المطابخ,25,45,33,زوجي,2,1,0
ATWC50216,بتارية مقعد أرضي تحت,سانيتاري ويرز,,,محلات الإعتماد لإستيراد مواد البناء (11 يونيو),ملحقات مقاعد,39,75,55,,0,3,0
EG30249,حوض مطبخ جرانيت رصاصي محبب 90*50 ,سانيبال,رومبا,رصاصي,مجموعة الخليج,حوض مطبخ جرانيت,435,650,590,زوجي,3,0,0
EG30253,حوض مطبخ جرانيت رصاصي محبب 80*50 ,سانيبال,فلورا,رصاصي,مجموعة الخليج,حوض مطبخ جرانيت,340,520,520,فردي,2,1,0
CE10261,سخانة 30 لتر,ارستون,R 30,أبيض,شركة آفاق المتحدة لإستيراد مواد البناء,سخانة,565,930,930,,2,1,0
AM40269,مراية حمام بالدولاب أبيض عتيق  -80 سم ,أرسين,,أبيض,مجموعة الخليج,مراية دولاب,175,250,220,بي في سي,0,3,0
MC10270,مجرى 50 سم *7 سم كروم,فيها,,كروم,شركة المضمونة للبناء,مجرى,70.6,130,90,مستطيل,0,3,0
RO10292,مسكر زاوية  ''1/2 * ''3/8 مع وردة كروم,بضائع أوروبية,Eckventil,كروم,تولين للبضائع الأوروبية,حنفية,5,25,15,دائري,1,2,0
ARSB80303,شطاف ظغط مع طوبو كروم,توريما,1372-003,كروم,  شركة أجياد ليبيا ,شطاف,85,160,120,دائري,0,3,0
ATWC50314,صندوق طرد مدفون بتارية مع زر مربع 9 لتر,غروهي,38825,,دار الخزف للمواد الصحية (11 يونيو),ملحقات مقاعد,960,950,940,,3,0,0
LG40315, حوض وجه برسلين مشطوف 80 سم ,رويال,YB14-13,,شركة المتخصص الليبي,حوض وجه برسلين,500,700,640,معلق,2,1,0
ARSB80321,مخرج شطاف أسود,بريمكس,J004G,أسود,شركة لمسات البناء,مخرج شطاف,36,75,50,مربع,1,2,0
EG40358,رف حوض وجه برسلين 65 سم,رويال,YB036_4,,شركة المتخصص الليبي,رف حوض وجه برسلين,60,150,110,معلق,1,2,0
ARSB80005,سماعة دوش مع طوبو كروم,ليسو,,كروم,دار الخزف للمواد الصحية (11 يونيو),سماعة دوش,34,65,47,مربع,0,3,0
ARSB80369,سماعة دوش مع طوبو كروم,فينوس,1552,كروم,شركة لمسات البناء,سماعة دوش,44,70,60,دائري,0,3,0
MC10448,سرفنتينة 15 سم * 15 سم أسود,درنيا,,أسود,شركة آفاق المتحدة لإستيراد مواد البناء,مجرى,85,125,110,مربع,0,3,0
MC10008,سرفنتينة 15 سم * 15 سم كروم ,بيورا,FD-61,كروم,شركة الركن الجديد,مجرى,55,75,70,مربع,0,3,0
MC10009,سرفنتينة 15 سم * 15 سم كروم ,بيورا,FD-04,كروم,شركة الركن الجديد,مجرى,53,75,70,مربع,2,1,0
WS10007,مقعد معلق أبيض ,كورنات,VIGO,أبيض,تولين للبضائع الأوروبية,مقعد معلق,195,350,270,مربع,3,0,0
MA20041,خلاط حوض المطبخ سحاب دهبي,تركواز سيراستايل,,ذهبي,شركة أركان العمارة,خلاط حوض المطبخ سحاب,120,200,150,,2,1,0
PE30037,طلاء مائي داخلي 18 كغ أبيض مطفي ,جي ال سي,سوبر داي - تون 3030,أبيض مطفي,محلات الإعتماد لإستيراد مواد البناء (11 يونيو),الجدران والسقف,139,155,110,,0,3,0
PE30043,طلاء زيتي 700 غ أَحْمَر لامع,دهانات المدينة مصراتة,طلاء زيتي,أَحْمَر لامع,محلات الإعتماد لإستيراد مواد البناء (11 يونيو),الحديد,15,20,17,,0,3,0
PE30045,طلاء زيتي 700 غ رصاصي لامع,دهانات المدينة مصراتة,طلاء زيتي,رصاصي لامع,محلات الإعتماد لإستيراد مواد البناء (11 يونيو),الحديد,15,20,17,,0,3,0
EL10007,حوض مطبخ ستانلس ستيل   304,,,كروم,شركة أركان العمارة,حوض مطبخ ستانلس ستيل,205,430,300,فردي,0,3,0
PE30011,استوك سيارات فايبر  1.9 كغ,كابسي,Latico polyfiber 360,,محلات الإعتماد لإستيراد مواد البناء (11 يونيو),استوك سيارات,21,32,25,,0,3,0
AASB30012,رف زاوية كروم,بضائع أوروبية,ALUXX,كروم,تولين للبضائع الأوروبية,اكسسوارات,23,45,45,,-1,4,0
AASB30013,حامل منضفات كروم,بضائع أوروبية,ALUXX,كروم,تولين للبضائع الأوروبية,اكسسوارات,23,55,45,,0,3,0
AASB30036,مجفف شعر أبيض,سانيتاري ويرز,,أبيض,دار الخزف للمواد الصحية (11 يونيو),اكسسوارات,55,100,85,,0,3,0
RA30050,طوبو رش 3/4 20 متر,التوفيق,,بُرْتُقَالِيّ,محلات الإعتماد لإستيراد مواد البناء (11 يونيو),طوبو رش,50,70,60,,0,3,0
RA30051,طوبو رش 3/4 10 متر,التوفيق,,بُرْتُقَالِيّ,محلات الإعتماد لإستيراد مواد البناء (11 يونيو),طوبو رش,26,40,33,,0,3,0
AASB30075,مجفف يد أبيض,بريمكس,A1020,أبيض,شركة لمسات البناء,اكسسوارات,155,220,180,,0,3,0
AASB30076,مجفف يد أبيض,بريمكس,A2005-W,أبيض,شركة لمسات البناء,اكسسوارات,165,250,200,,0,3,0
PE30097,"ملعقة 7"" 18سم ",اي بي سي,AC18868,كروم,محلات الإعتماد لإستيراد مواد البناء (11 يونيو),ملعقة,4.75,7,6,دائري,0,3,0
PE30103,صندوق عدة حديد 53 سم,اي بي سي,AC16530,أَصْفَرُ,محلات الإعتماد لإستيراد مواد البناء (11 يونيو),صندوق الأدوات,60,85,70,,0,3,0
P30105,مضخة 1 حصان,شمجا,QB80G1,,محلات الإعتماد لإستيراد مواد البناء (11 يونيو),مضخة,330,580,460,,0,3,0
P30111,بدل كورة,ماتاكس,PS06-1A,أَصْفَرُ,محلات الإعتماد لإستيراد مواد البناء (11 يونيو),مضخة,89,130,100,,0,3,0
P30113,بدل كورة,بريو,P1206/2024,,محلات الإعتماد لإستيراد مواد البناء (11 يونيو),مضخة,138,220,165,,0,3,0
P30114,بدل كورة,شمجا,PS-01B,,محلات الإعتماد لإستيراد مواد البناء (11 يونيو),مضخة,115,165,135,,0,3,0
PA30120,رأس قفل  7 سم,داف,706.68-SM,كروم,محلات الإعتماد لإستيراد مواد البناء (11 يونيو),رأس قفل,22.5,30,27,,0,3,0
PA30138,مكنسة 60 سم,الشركة العالمية للتصدير و الإستيراد,,,محلات الإعتماد لإستيراد مواد البناء (11 يونيو),مكنسة خارجية,11.25,17,14,,0,3,0
PE30177,مزيل صدأ 450 مل,الشركة العالمية للتصدير و الإستيراد,OYSTER FL007,,محلات الإعتماد لإستيراد مواد البناء (11 يونيو),المزيلات و المذيباتت,8.5,13,10.5,,0,3,0
PE30178,مزيل صدأ 200 مل,الشركة العالمية للتصدير و الإستيراد,OYSTER FL007,,محلات الإعتماد لإستيراد مواد البناء (11 يونيو),المزيلات و المذيباتت,7,10,8.5,,0,3,0
PE30201,"سكينة تغليف 2""",اي بي سي,AC70024,,محلات الإعتماد لإستيراد مواد البناء (11 يونيو),أدوات,2.35,4.5,3,,0,3,0
PA30212,"مقص حديد 30"" 750 مم",اي بي سي,AC19075,,محلات الإعتماد لإستيراد مواد البناء (11 يونيو),كماشة القطع,65,100,80,,0,3,0
PA30213,"مقص حديد 18"" 450 مم",الشركة العالمية للتصدير و الإستيراد,,,محلات الإعتماد لإستيراد مواد البناء (11 يونيو),كماشة القطع,25.5,35,31,,0,3,0
PA30243,منشار شجر,بيسو,,,محلات الإعتماد لإستيراد مواد البناء (11 يونيو),أداة القص - منشار,8.5,14,11,,0,3,0
PA30247,ميزان ألمنيوم 40 سم,سفيدن,,,محلات الإعتماد لإستيراد مواد البناء (11 يونيو),أدوات القياس والتتبع,53.5,68,65,,0,3,0
MA20263,خلاط حوض المطبخ سحاب كروم,ليمكس,LY2711-CP,كروم,شركة اعمار الجديد,خلاط حوض المطبخ سحاب,265,350,320,دائري,0,3,0
P30268,عوامة كهربائية 1 متر,الشركة العالمية للتصدير و الإستيراد,FOX G05,,محلات الإعتماد لإستيراد مواد البناء (11 يونيو),مضخة,53.755,65,42,,0,3,0
ASCA60283,ستريتشة 2.44 متر,الشركة العالمية للتصدير و الإستيراد,,ذهبي,مجموعة بن عمر BEN AMOR Group,ستريتشة,30,75,50,,0,3,0
ASCA60284,ستريتشة 2.44 متر,الشركة العالمية للتصدير و الإستيراد,,برنزي,مجموعة بن عمر BEN AMOR Group,ستريتشة,30,75,50,,0,3,0
SA10311,طقم اكسسوار كروم,ليسو,2667 ZINC,كروم,دار الخزف للمواد الصحية (11 يونيو),طقم اكسسوارات,145,220,180,مربع,0,3,0
ARSB80322,"مسكر شطافة دبل ""1/2"" * ""1/2 كروم",ليسو,,كروم,دار الخزف للمواد الصحية (11 يونيو),مخرج شطاف,25,60,50,دائري,0,3,0
RA30356,ديسكو جرانيت 4.5'' 115 مم,فندر,195544,,محلات الإعتماد لإستيراد مواد البناء (11 يونيو),ديسكو منشار دائري,11.5,18,15,مفتوح,0,3,0
PA30374,كستولة,الشركة العالمية للتصدير و الإستيراد,,,محلات الإعتماد لإستيراد مواد البناء (11 يونيو),مجرفة مغلفة,10.5,16,14,,0,3,0
RA30388,ديسكو خشب 7'' 180 مم,الشركة العالمية للتصدير و الإستيراد,BELOTA BE111530,,محلات الإعتماد لإستيراد مواد البناء (11 يونيو),ديسكو منشار دائري,8.5,15,11,,0,3,0
EL50403,لصقة ألمنيوم 5 سم 30 متر,الشركة العالمية للتصدير و الإستيراد,,,محلات الإعتماد لإستيراد مواد البناء (11 يونيو),ملحقات الكهرباء,23.5,35,29,,0,3,0
PA30404,"فرشة صاروخ نحاس  4"" 100 مم",اي بي سي,AC19109,,محلات الإعتماد لإستيراد مواد البناء (11 يونيو),أقراص الصنفرة,5.1,8,7,,0,3,0
PA30445,سلكون حراري,الشركة العالمية للتصدير و الإستيراد,,,محلات الإعتماد لإستيراد مواد البناء (11 يونيو),مسدس حراري,0.298,0.5,0.5,,0,3,0
PA30451,شنطة مسمار,اي بي سي,AC18896,أَصْفَرُ,محلات الإعتماد لإستيراد مواد البناء (11 يونيو),شد برغي,25,35,30,,0,3,0
PA30454,مفتاح فرنسي رقم 10,الشركة العالمية للتصدير و الإستيراد,,,محلات الإعتماد لإستيراد مواد البناء (11 يونيو),مفك البراغي يدوي,11.5,18,15,,0,3,0
PA30455,مفتاح فرنسي رقم 12,الشركة العالمية للتصدير و الإستيراد,,,محلات الإعتماد لإستيراد مواد البناء (11 يونيو),مفك البراغي يدوي,13.5,20,17,,0,3,0
PA30456,ليفة مسمار 70 سم,الشركة العالمية للتصدير و الإستيراد,,,محلات الإعتماد لإستيراد مواد البناء (11 يونيو),أداة المخل,11.5,18,15,,0,3,0
PA30458,ليفة مسمار 60 سم,الشركة العالمية للتصدير و الإستيراد,,,محلات الإعتماد لإستيراد مواد البناء (11 يونيو),أداة المخل,12,19,16,,0,3,0
RO10477,حنفية 1/2 ,سانيتاري ويرز,FIRMER YLN6313-1/2,,محلات الإعتماد لإستيراد مواد البناء (11 يونيو),حنفية,21.875,30,22,,0,3,0
PA30478,بينسة رقم 7,اي بي سي,AC18796,أسود,محلات الإعتماد لإستيراد مواد البناء (11 يونيو),مفك البراغي يدوي,12.25,20,16,,0,3,0
PA30502,بونتة 22 * 450 مم,الشركة العالمية للتصدير و الإستيراد,,,محلات الإعتماد لإستيراد مواد البناء (11 يونيو),أدوات الثقب,13.5,20,17.5,طويل,0,3,0
PA30505,بونتة منقار أفطس,الشركة العالمية للتصدير و الإستيراد,VEIBER 8275,,محلات الإعتماد لإستيراد مواد البناء (11 يونيو),أدوات الثقب,6.75,12,9,,0,3,0
EL50519,لصقة خزان 10 سم 5 متر,الشركة العالمية للتصدير و الإستيراد,,,محلات الإعتماد لإستيراد مواد البناء (11 يونيو),ملحقات الكهرباء,16.75,25,22,,0,3,0
PA30521,ترودي 3.25 * 350 مم (1ممØ),الشركة العالمية للتصدير و الإستيراد,MAGMAWELD 3.25x350,,محلات الإعتماد لإستيراد مواد البناء (11 يونيو),لحام,38.5,55,54,,0,3,0
RA30546,قفل باب رئيسي,الشركة العالمية للتصدير و الإستيراد,DAF 540.12-3M,,محلات الإعتماد لإستيراد مواد البناء (11 يونيو),قفل باب,57,90,72,,0,3,0
PA30549,فيتي لاميرة 4.2 * 13 (100غ),الشركة العالمية للتصدير و الإستيراد,,,محلات الإعتماد لإستيراد مواد البناء (11 يونيو),برغي,1.575,4,2.5,,0,3,0
PA30560,فيتي بالخبور 10 مم (50 قطعة),الشركة العالمية للتصدير و الإستيراد,,,محلات الإعتماد لإستيراد مواد البناء (11 يونيو),برغي,3.5,6,4.5,,0,3,0
PA30564,فيتي بالخبور 10مم (50 قطعة),الشركة العالمية للتصدير و الإستيراد,7203B,,محلات الإعتماد لإستيراد مواد البناء (11 يونيو),برغي,17.5,27,23,,0,3,0
PA30565,فيتي بالخبور 6مم (100 قطعة),الشركة العالمية للتصدير و الإستيراد,72013,,محلات الإعتماد لإستيراد مواد البناء (11 يونيو),برغي,4.3,8,7,,0,3,0
PA30609,سلسلة رقم 10 (1متر),الشركة العالمية للتصدير و الإستيراد,,كروم,محلات الإعتماد لإستيراد مواد البناء (11 يونيو),خيط، حبل,16.667,25,22,,0,3,0
RA30619,مقبض باب مع قفل 85 مم,الشركة العالمية للتصدير و الإستيراد,,ذهبي,محلات الإعتماد لإستيراد مواد البناء (11 يونيو),قفل باب,68,90,82,,0,3,0
PA30389,قفل شنطة 40 مم,الشركة العالمية للتصدير و الإستيراد,L4040000,ذهبي,محلات الإعتماد لإستيراد مواد البناء (11 يونيو),قفل باب,35,45,42,,0,3,0
LG40369, حوض وجه برسلين مشطوف 80 سم ,سانيتاري ويرز,2710,,دار الخزف للمواد الصحية (11 يونيو),حوض وجه برسلين,400,600,540,معلق,2,1,0
EG40370,رف حوض وجه برسلين 80 سم,سانيتاري ويرز,2710,,دار الخزف للمواد الصحية (11 يونيو),رف حوض وجه برسلين,185,350,280,معلق,2,1,0
ALVM50392,رأس سيفوني رخامي,سانيتاري ويرز,974,رخامي,دار الخزف للمواد الصحية (11 يونيو),رأس سيفوني,15,35,27,دائري,2,1,0
ELC2005,قرجوطة 32مم *25 م  ,فاندي,F0025,أَخْضَرُ,عبد المجيد الفاندي,قراجيط الكهرباء,32,55,40,بلاستك,0,3,0
ML10076,خلاط حوض وجه ذهبي ,جي اف مارك,1-0061G,ذهبي,مجموعة بن عمر BEN AMOR Group,خلاط حوض وجه,170,450,450,,1,2,0
EL10019,حوض مطبخ ستانلس ستيل   304 85*45 كروم,أسيل,AS 3470,كروم,دار الخزف للمواد الصحية (11 يونيو),حوض مطبخ ستانلس ستيل,540,850,800,فردي,1,2,0
EL10020,حوض مطبخ ستانلس ستيل   304 86 * 45 سم,أسيل,AS3458,كروم,دار الخزف للمواد الصحية (11 يونيو),حوض مطبخ ستانلس ستيل,645,950,900,زوجي,3,0,0
MM30025,خلاط حوض المطبخ حائطي كروم,شيزا,ROBIN,كروم,  شركة أجياد ليبيا ,خلاط حوض المطبخ حائطي,135,210,175,,1,2,0
MM30026,حنفية حوض المطبخ حائطي كروم,شيزا,SIGMA,كروم,  شركة أجياد ليبيا ,حنفية حوض المطبخ,24,50,35,,2,1,0
MA20017,خلاط حوض المطبخ سحاب كروم,توريما,MOLLA 1785011-T40,كروم,  شركة أجياد ليبيا ,خلاط حوض المطبخ سحاب,495,740,590,دائري,0,3,0
ALVM50018,رأس سيفوني اسود,توريما,1372-005,أسود,شركة أركان العمارة,رأس سيفوني,155,270,195,مربع,3,0,0
ML10085,خلاط حوض وجه كروم,جي اف مارك,1-0061D,كروم,شركة المتخصص الليبي,خلاط حوض وجه,330,400,400,دائري,1,2,0
ML10086,خلاط حوض وجه شلال طويل أسود كروم,سانيتاري واير,XSDD012458,أسود,تولين للبضائع الأوروبية,خلاط حوض وجه,160,300,200,طويل,1,2,0
ML10087,خلاط حوض وجه كروم,سانيتاري ويرز,LEONARDO 2023-57,كروم,شركة العامر لإستيراد مواد البناء و الصحية,خلاط حوض وجه,70,150,90,دائري,1,2,0
MD20026,خلاط دوش كروم,سانيتاري ويرز,VESUN Z-9003,كروم,شركة المرابط,خلاط دوش,83,130,100,مربع,1,2,0
MD20028,خلاط دوش كروم,نيوأرك,NEWART 150551,كروم,مجموعة الخليج,خلاط دوش,230,320,290,,0,3,0
ME10040,خلاط حوض المطبخ شلال شجرة كروم,سانيتاري ويرز,8881-8,كروم,شركة لمسات البناء,خلاط حوض المطبخ شجرة,155,230,180,دائري,3,0,0
ML10094,خلاط حوض وجه  كروم,سانيتاري ويرز,ALELMARA 10358000,كروم,شركة أركان العمارة,خلاط حوض وجه,77,130,100,,1,2,0
MT30010,خلاط شطاف مع شطاف أسود,نابولي,Z-9000N BK-14,أسود,برستيج لإستيراد المواد الصحية,خلاط شطاف,66,120,90,دائري,2,1,0
ARSB80152,شطاف ظغط دائري مع طوبو كروم,يولي,LUSSO,كروم,دار الخزف للمواد الصحية (11 يونيو),شطاف,59,120,80,دائري,0,3,0
ARSB80156,شطاف ظغط دائري مع مخرج شطاف دبل مع طوبو أسود,سانيتاري ويرز,,أسود,  شركة أجياد ليبيا ,شطاف,72,130,100,مربع,2,1,0
ARSB80171,سماعة دوش مع طوبو كروم,سانيتاري ويرز,JR,كروم,دار الخزف للمواد الصحية (11 يونيو),سماعة دوش,78,130,100,مربع,3,0,0
MT30023,خلاط شطاف مع شطاف كروم,سانيتاري ويرز,8025,كروم,شركة العامر لإستيراد مواد البناء و الصحية,خلاط شطاف,70,140,90,دائري,3,0,0
ARSB80387,كسكاس دوش مربع 240*240 مم مع قصبة أبيض,سانيتاري ويرز,VS-4816,أبيض,مجموعة الشريف,كسكاس دوش,72,130,95,مربع,1,2,0
ARSB80391,مصب دوش مع تحويلة ابيض ,بريمكس,J005W,أبيض,شركة لمسات البناء,مصب دوش,73,120,95,مربع,2,1,0
ALVM50028,سيفون حوض الوجه ذهبي,سانيتاري ويرز,SCHMIDT,ذهبي,شركة أركان العمارة,سيفون حوض الوجه,76,140,100,دائري,3,0,0
ARSB80393,قصبة دوش 28 سم كروم,فينوس,,كروم,شركة لمسات البناء,قصبة دوش,29,60,45,دائري,1,2,0
ARSB80398,قصبة دوش مربعة 40 سم كروم,سانيتاري ويرز,,كروم,برستيج لإستيراد المواد الصحية,قصبة دوش,11,35,20,مربع,1,2,0
AASB30032,موزع صابون سائل كروم,ونكو,17962100ِA,كروم,تولين للبضائع الأوروبية,اكسسوارات,25,80,50,حائطي,1,2,0
AASB30055,حاملة فرشاة أسنان زجاجي,جي اف مارك,9200-61,شفاف,  شركة أجياد ليبيا ,اكسسوارات,38,70,55,مربع,3,0,0
AASB30060,صابونية ذهبي,بريمكس,6100K-67,ذهبي,دار الخزف للمواد الصحية (11 يونيو),اكسسوارات,70,120,95,حائطي,3,0,0
AASB30078,حاملة فرشاة أسنان أسود,سانيتاري ويرز,MILET,أسود,نوكسي تركيا,اكسسوارات,45,65,50,مربع,0,3,0
PS20028,علاقة ملابس فردي,فينوس,BA 801,كروم,شركة لمسات البناء,علاقة مناشف,38,65,50,مربع,3,0,0
AECU50037,رقبة خلاط حوض مطبخ ,فينوس,1505,كروم,شركة لمسات البناء,ملحقات أحواض المطابخ,28.13,45,30,دائري,3,0,0
AASB30141,حاملة فوط كروم,سانيتاري ويرز,AVATAR,كروم مطفي,نوكسي تركيا,اكسسوارات,40,75,55,دائري,3,0,0
AASB30148,حاملة فوط أسود,KBM,8115,أسود,مجموعة الخليج,اكسسوارات,35,50,65,دائري,3,0,0
ARSB80250,مخرج شطاف مع علاق كروم,سانيتاري ويرز,,كروم,شركة البهراء العالمية الحديثة,مخرج شطاف,16.5,30,20,دائري,3,0,0
ATWC50178,زر بتريا كروم,غروهي,38732000,كروم,دار الخزف للمواد الصحية (11 يونيو),ملحقات مقاعد,280,355,320,مربع,3,0,0
AASB30190,حاملة فوط كروم,ونكو,SAN REMO,كروم,تولين للبضائع الأوروبية,اكسسوارات,22.5,95,80,مربع,0,3,0
PD20043,حاجز دوش 8 مم  مظلم 100  سم,ليسو,WIC-100A,,دار الخزف للمواد الصحية (11 يونيو),حاجز دوش,445,680,600,,0,3,0
PS20200,علاقة مناشف كبيرة كروم,سانيتاري ويرز,,كروم,نوكسي تركيا,علاقة مناشف,100,180,160,معلق,3,0,0
PE30150,لصقة دبل فيس 3 سم ,الشركة العالمية للتصدير و الإستيراد,,شفاف,محلات الإعتماد لإستيراد مواد البناء (11 يونيو),المواد اللاصقة و العازلة,4.25,10,7,,0,3,0
PA30015,مفتاح بيبة رقم17مم,الشركة العالمية للتصدير و الإستيراد,AC18693,كروم,محلات الإعتماد لإستيراد مواد البناء (11 يونيو),مفاتيح,7.5,15,13,,0,3,0
MC10063,مجرى 60سم *7 سم كروم,ستار سانيتار,TOLEDO,كروم,ستار سانيتار,مجرى,83,135,125,مستطيل,3,0,0
MC10072,سرفنتينة 20*20*28 سم مثلث كروم ,تركي,ELH2028,كروم,مجموعة الشريف,مجرى,52,85,70,مثلث,3,0,0
MC10080,سرفنتينة 15 سم * 15 سم كروم ,بيورا,FD-05,كروم,شركة الركن الجديد,مجرى,53,75,70,مربع,3,0,0
MC10085,مجرى 45سم *7 سم كروم,بيورا,DL-GB-45,كروم,شركة الركن الجديد,مجرى,300,400,390,مستطيل,3,0,0
ALVM50071,سيفون حوض الوجه دهبي ,تركواز سيراستايل,,ذهبي,مجموعة العربي,سيفون حوض الوجه,205,300,280,مربع,0,3,0
ARSB80233,طوبو شطاف 1.2 م رصاصي,الشركة التونسية للمواد الصحية,JWC2018,رصاصي,محلات الإعتماد لإستيراد مواد البناء (11 يونيو),طوبو شطاف,6,20,15,,3,0,0
ARSB80231,طوبو شطاف 120 سم أسود,سانيتاري ويرز,,أسود,محلات الإعتماد لإستيراد مواد البناء (11 يونيو),طوبو شطاف,10,30,20,,3,0,0
EL50996,لامبة لد 30وات,دي بي اس,E27,أسود,محلات الإعتماد لإستيراد مواد البناء (11 يونيو),المصابيح الكهربائية,5.75,10,10,,0,3,0
ML30199,مرايا حمام ضد البخار مع إضاءة لد 60*60 سم,سانيتاري ويرز,1432,,دار الخزف للمواد الصحية (11 يونيو),مراية مضيئة,120,190,160,دائري,3,0,0
ML30103,مرايا حمام مع إضاءة لد 80*50سم,سانيتاري ويرز,M006,مرجاني,دار الخزف للمواد الصحية (11 يونيو),مراية مضيئة,145,200,170,لاد,0,3,0
WS10114,مقعد معلق رايملس أبيض ,تركواز سيراستايل,HERA,أبيض,شركة الصداقة,مقعد معلق,1057.3,1300,1090,مربع,0,3,0
CE10104,سخانة 50 لتر,فرش,,أبيض,محلات الإعتماد لإستيراد مواد البناء (11 يونيو),سخانة,565,600,600,,2,1,0
PE30127,بونتة صاروخ طاسة ,اي بي سي,35,,محلات الإعتماد لإستيراد مواد البناء (11 يونيو),مثقاب كهربائي,35,50,45,,0,3,0
PE32118,راس غاز ايطالي ,الشركة العالمية للتصدير و الإستيراد,,,محلات الإعتماد لإستيراد مواد البناء (11 يونيو),ملحقات المعدات,49.5,70,65,,0,3,0
ART0118,راس غاز ,الشركة العالمية للتصدير و الإستيراد,,,محلات الإعتماد لإستيراد مواد البناء (11 يونيو),ملحقات المعدات,15,25,20,,1,2,0
VE30152,حوض وجه تحت الرخام أبيض -50سم ,ايجا فتريفاي,PINARA 91551001,أبيض,مجموعة الخليج,حوض تحت الرخام,117,180,180,دائري,3,0,0
ARSB80997,كسكاس دوش مربع 200*200 مم مع قصبة كروم,ليسو,133-2,كروم,دار الخزف للمواد الصحية (11 يونيو),كسكاس دوش,48,90,75,مربع,3,0,0
ML10171,خلاط حوض وجه 2 فتحات كروم,فاردر,,كروم,محلات الإعتماد لإستيراد مواد البناء (11 يونيو),خلاط حوض وجه,50,110,75,دائري,3,0,0
AECU50180,سيفون حوض المطبخ رأس صغير,سي أر سمارت,L-B-PLAST,,شركة البهراء العالمية الحديثة,ملحقات أحواض المطابخ,29.5,50,39,زوجي,3,0,0
ATWC50207,مثبت غطاء مقعد ,سانيتاري ويرز,,أبيض,محلات الإعتماد لإستيراد مواد البناء (11 يونيو),ملحقات مقاعد,2.5,10,5,بلاستك,3,0,0
ATWC50209,مثبت صندوق بتارية مقعد أرضي,سانيتاري ويرز,,كروم,محلات الإعتماد لإستيراد مواد البناء (11 يونيو),ملحقات مقاعد,4,8,6,دائري,3,0,0
ARSB80405,يد شطاف كروم,سانيتاري ويرز,FLEXITUB. S.L,أبيض,محلات الإعتماد لإستيراد مواد البناء (11 يونيو),يد شطاف,9.75,20,15,بلاستك,3,0,0
ALVM50218,مثبت حوض الوجه,سانيتاري ويرز,,,South Villa,ملحقات أحواض مغاسل,1,4,3,,3,0,0
PLSA0219,وردة ذهبي,سانيتاري ويرز,,ذهبي,شركة لمسات البناء,وصلة,3.25,10,9,دائري,3,0,0
PLSA0221,وردة كروم 3/4,سانيتاري ويرز,,كروم,دار الخزف للمواد الصحية (11 يونيو),وصلة,2,5,3,مربع,3,0,0
ATWC50226,طقم تثبيت المرحاض المعلق على الحائط,سانيتاري ويرز,,,دار الخزف للمواد الصحية (11 يونيو),ملحقات مقاعد,25,40,35,,3,0,0
AECU50235,رقبة خلاط حوض مطبخ ,سانيتاري ويرز,,كروم,محلات الإعتماد لإستيراد مواد البناء (11 يونيو),ملحقات أحواض المطابخ,7.5,20,15,دائري,3,0,0
ARSB8022,مخرج شطاف مع علاق  كروم,توريما,1372-PRESUPP-002,كروم,دار الخزف للمواد الصحية (السراج),مخرج شطاف,77,130,130,دائري,1,2,0
MT30134,مطول خلاط شطافه مدفون ,رايمر,,كروم,دار الخزف للمواد الصحية (السراج),خلاط شطاف,120,200,170,دائري,1,2,0
RA20135,سنيسكا خارجيه دبل كواردة لحام 32, كالدي,بي بي ر - PPR,كروم,محلات الاعتماد (السراج),سنيسكا,23,35,32,,0,3,0
RFP1759,"فسيبلي "" 1/2 أنثى * ""3/8 أنثى 60سم",سانيتاري ويرز,ITALY,كروم,شركة البهراء العالمية الحديثة,فسيبلي,5,15,10,دائري,3,0,0
ML10763,خلاط حوض وجه  ذهبي,Faucet,YJRU106-G,ذهبي,دار الخزف للمواد الصحية (11 يونيو),خلاط حوض وجه,105,170,135,مربع,3,0,0
PS20765,علاقة ملابس ثلاثية دوران بدون قصبة,سانيتاري ويرز,,أسود,شركة العامر لإستيراد مواد البناء و الصحية,علاقة مناشف,78,180,150,معلق,0,3,0
PS20766,علاقة ملابس ثلاثية دوران بدون قصبة,سانيتاري ويرز,8-8880,كروم,شركة لمسات البناء,علاقة مناشف,30,70,50,معلق,2,1,0
EL10138,حوض مطبخ ستانلس ستيل   70*45 كروم ,ليسو,,كروم,دار الخزف للمواد الصحية (السراج),حوض مطبخ ستانلس ستيل,165,350,300,فردي,0,3,0
ABAG50150,سيفون حوض استحمام بانيو,رايمر,,رمادي فاتح,شركة البهراء العالمية الحديثة,ملحقات أحواض استحمام,38.5,70,50,,0,3,0
CD40161,مسطرة دوش زوجية دهبي ,ازورا ربنتري,ABM-01,ذهبي,شركة البهراء العالمية الحديثة,مسطرة دوش,125,220,200,مربع,0,3,0
AASB30799,مسند لكبار السن 60 كروم,سانيتاري ويرز,JP-NL08,أبيض,شركة لمسات البناء,اكسسوارات,88,140,115,دائري,3,0,0
ARSB80469,سماعة دوش مع طوبو ذهبي,مونتانا س.ل,MT-4102G,ذهبي,شركة أركان العمارة,سماعة دوش,139,220,190,دائري,0,3,0
ARSB80805,شطاف ضغط دائري مع طوبو كروم,فوكس,VX-01C,كروم,شركة لمسات البناء,شطاف,59,100,80,دائري,3,0,0
AASB30807,حامل ورق منظف كلينكس,فينوس,BA704,كروم,شركة لمسات البناء,اكسسوارات,53,80,70,دائري,3,0,0
LG40180,حوض وجه برسلين 100 سم,ليسو,B20100,,دار الخزف للمواد الصحية (السراج),حوض وجه برسلين,500,700,650,معلق,1,2,0
EG40181, رف حوض وجه برسلين 100 سم,ليسو,B20100,,دار الخزف للمواد الصحية (السراج),رف حوض وجه برسلين,180,350,320,معلق,1,2,0
EG40188,رف حوض وجه برسلين 80 سم,ليسو,A2080D,,دار الخزف للمواد الصحية (السراج),رف حوض وجه برسلين,150,350,280,معلق,1,2,0
PSB10825, دولاب حمام حوض مع مرايا لد -90 سم,سانيتاري ويرز,6105,رصاصي لامع,دار الخزف للمواد الصحية (11 يونيو),طقم حمام,890,1350,1250,بي في سي,1,2,0
ATWC50205,زر بتريا كروم,غروهي,YC8010-1,كروم,دار الخزف للمواد الصحية (السراج),ملحقات مقاعد,120,250,220,مربع,1,2,0
ARSB80409,مصب دوش بدون تحويلة كروم,فرامو,,كروم,شركة المضمونة للبناء,مصب دوش,110,220,180,دائري,3,0,0
SI10412,سلكون  280 غرام شفاف,تركي,RIDOFIX,شفاف,مجموعة الخليج,سلكون,7.4,15,13,,3,0,0
ARSB80602,مصب دوش بدون تحويلة ذهبي,أنكا,ANKA ANK-1012,ذهبي,شركة النخبة الفريدة لاستيراد مواد البناء,مصب دوش,95,150,130,مربع,3,0,0
SA10427,طقم اكسسوار كروم,ديولو,150-30-48,كروم,شركة النخبة الفريدة لاستيراد مواد البناء,طقم اكسسوارات,220,330,290,دائري,3,0,0
MT30439,خلاط شطاف مع شطاف كروم ,تركارت,KRIPTO,كروم,مجموعة النجار لاستراد مواد البناء,خلاط شطاف,123.2,190,160,دائري,3,0,0
CD40240,مسطرة دوش مع خلاط اسود,ا بي ام انترناشونال,1004,أسود,شركة البهراء العالمية الحديثة,مسطرة دوش,305,550,520,,2,1,0
ML10241,خلاط حوض وجه كروم ,توريما,EDGE 8E33011-093,كروم,دار الخزف للمواد الصحية (السراج),خلاط حوض وجه,395,600,600,,0,3,0
ARSB80465,كسكاس دوش مربع 250*250 مم كروم,ديولو,,كروم,شركة النخبة الفريدة لاستيراد مواد البناء,كسكاس دوش,38,80,50,مربع,3,0,0
MT30469,خلاط شطاف كروم,شهاب,As-351457752/4,كروم,شركة المضمونة للبناء,خلاط شطاف,125,190,160,دائري,3,0,0
WP20478,مقعد أرضي ملحوم ذهبي مخطط,ب.أمور,SH-295PGL ,ذهبي,South Villa,مقعد أرضي,547,900,770,مربع,1,2,0
ALVM50260,سيفون حوض الوجه كروم,سانيتاري ويرز,17-8882,كروم,شركة لمسات البناء,سيفون حوض الوجه,61.07,140,110,مربع,0,3,0
PS20486,علاقة ملابس خماسية,سانيتاري ويرز,wl32,كروم لامع,دار الخزف للمواد الصحية (11 يونيو),علاقة مناشف,68,100,85,معلق,3,0,0
VS10491,حوض وجه معلق -60 * 45 سم,تركي,70C60,أبيض,شركة الصداقة,حوض وجه معلق,275,400,400,مربع,3,0,0
ARSB80272,شطاف ظغط دائري مع طوبو كروم,توريما,0332711-T40,كروم,دار الخزف للمواد الصحية (السراج),شطاف,98,200,180,دائري,0,3,0
MI10264,مراية تجميل مكبرة,سانيتاري ويرز,WL28WL23,كروم,دار الخزف للمواد الصحية (السراج),مراية,75,140,20,مربع,0,3,0
PE30271,طلاء بخاخ داخلي و خارجي أبيض لامع,شركة الغزالة لمواد البناء,,أبيض لامع,محلات الإعتماد لإستيراد مواد البناء (11 يونيو),الجدران والسقف,4.833,10,8.5,,0,3,0
PS20532,علاقة مناشف زوجية ذهبي,سانيتاري ويرز,,ذهبي,شركة النخبة الفريدة لاستيراد مواد البناء,علاقة مناشف,110,220,200,معلق,3,0,0
ML30520,مرايا حمام مع إضاءة لد 100*70 سم,سانيتاري ويرز,02,,شركة النخبة الفريدة لاستيراد مواد البناء,مراية مضيئة,110,220,140,لاد,3,0,0
MLE40284,خلاط حوض وجه مدفون مع مَصَب كروم,ARB,KILI002LYC00,كروم,مجموعة العربي,خلاط حوض وجه مدفون,560.5,850,800,مربع,0,3,0
PD20290,حاجز دوش 8 مم بالعلاقة المناشف90سم,ليسو,WIC-90E,,دار الخزف للمواد الصحية (السراج),حاجز دوش,395,680,650,,2,1,0
EG30566,حوض مطبخ جرانيت أبيض محبب  47.5*47.5 ,سانيبال,ليكسوس,أبيض,مجموعة الخليج,حوض مطبخ جرانيت,286.15,440,400,فردي,2,1,0
ARSB80574,سماعة دوش كروم مع اضاءة لد,ليفرنو هوم,,كروم,تولين للبضائع الأوروبية,سماعة دوش,40,65,60,مربع,3,0,0
EG30292,حوض مطبخ جرانيت رصاصي محبب  80*50 ,سانيبال,توكس,رصاصي,مجموعة الخليج,حوض مطبخ جرانيت,412.377,620,570,زوجي,2,1,0
WP20587,مقعد أرضي ملحوم أسود ,ب.أمور,SH-295B,أسود,South Villa,مقعد أرضي,615,950,800,مربع,2,1,0
RE10591,حنفية حوض المطبخ شجرة كروم,سانيتاري ويرز,71,كروم,شركة النخبة الفريدة لاستيراد مواد البناء,حنفية حوض المطبخ,20,45,45,دائري,1,2,0
EL10595,حوض مطبخ ستانلس ستيل 304 80*45,سانيتاري ويرز,,كروم,شركة النخبة الفريدة لاستيراد مواد البناء,حوض مطبخ ستانلس ستيل,175,260,230,زوجي,3,0,0
VS10312,حوض وجه معلق 100 سم,تركواز سيراستايل,FRAME,أبيض,شركة الصداقة,حوض وجه معلق,505,730,730,مربع,3,0,0
AASB30669,مسند لكبار السن أبيض,بن أمور,مجموعة بن عمر,أبيض,مصنع خلاطات و أكسسوارات الصين,اكسسوارات,100,180,150,بلاستك,2,1,0
ARSB80681,وجه خلاط شطاف مدفون مربع كروم,توريما,0124811-T40,كروم,دار الخزف للمواد الصحية (11 يونيو),ملحقات خلاط,70,110,90,مربع,2,1,0
ME10683,خلاط حوض المطبخ شجرة كروم,فولنا,VO8003,كروم,مسوق سيف الاسلام زليتي,خلاط حوض المطبخ شجرة,72,120,90,دائري,3,0,0
AM0692,دولاب حمام مع حوض وجه 60 سم,بن أمور,T305-6040,بيج,مصنع خلاطات و أكسسوارات الصين,دولاب حمام,430,650,600,حائطي,-2,1,4
AM40694,مراية دولاب حمام 60 سم,بن أمور,T305-6040,بيج,مصنع خلاطات و أكسسوارات الصين,مراية دولاب,170,320,310,حائطي,-2,1,4
AASB30705,سلة قمامة كروم,wilko,,كروم,المتجر الاروبي,اكسسوارات,35,60,50,دائري,3,0,0
ARSB80710,رقبة خلاط متحركة كروم,ليفرنو هوم,P-IX 38363/IIO,كروم,المتجر الاروبي,ملحقات خلاط,10,20,15,دائري,3,0,0
ARSB80711,رقبة خلاط متحركة كروم,ليفرنو هوم,P-IX 38701/IIO,كروم,المتجر الاروبي,ملحقات خلاط,10,20,15,دائري,3,0,0
RO10328,حنفية 3/4 ,بوڨاتي,,,محلات الاعتماد (السراج),حنفية,38.75,50,48,,3,0,0
ARSB80788,وجه خلاط دوش مدفون اسود,غروهي,KM-6-10,أسود,دار الخزف للمواد الصحية (11 يونيو),ملحقات خلاط,175,350,330,مربع,1,2,0
ARSB80790,وجه خلاط شطاف مدفون اسود ,غروهي,KM-6-9,أسود,دار الخزف للمواد الصحية (11 يونيو),ملحقات خلاط,150,280,265,,1,2,0
ART0719,متبث مقعد معلق CITY,تركواز سيراستايل,,,شركة الصداقة,ملحقات خلاط,35,70,50,,2,1,0
RFP1374,"فسيبلي "" 1/2 أنثى * ""1/2 أنثى 30سم",توريما,ايطالي,كروم,دار الخزف للمواد الصحية (السراج),فسيبلي,10.75,20,18,دائري,0,3,0
ARSB80736,كسكاس دوش دائري 250 مم ذهبي,ديولو,,ذهبي,شركة النخبة الفريدة لاستيراد مواد البناء,كسكاس دوش,55,120,90,دائري,3,0,0
AASB30407,حاملة فوط كروم,فينوس,ST-02,كروم,شركة لمسات البناء,اكسسوارات,66.93,120,95,مربع,1,2,0
ARSB80786,قصبة دوش مربعة 40 سم اسود,سانيتاري ويرز,,أسود,شركة لمسات البناء,قصبة دوش,62.02,100,80,مربع,0,3,0
ARSB80773,قلب خلاط حوض مطبخ شلال,سانيتاري ويرز,kat-3,أزرق داكن,دار الخزف للمواد الصحية (11 يونيو),ملحقات خلاط,19,50,35,بلاستك,3,0,0
ALVM50777,رأس سيفوني أسود,vip,OSY-7,أسود,دار الخزف للمواد الصحية (11 يونيو),رأس سيفوني,17,40,30,دائري,3,0,0
AASB30782,حاملة ورق ناعم كروم,بضائع أوروبية,,كروم,تولين للبضائع الأوروبية,اكسسوارات,20,40,30,مربع,3,0,0
ARSB80783,سماعة دوش كروم,بضائع أوروبية,Wilko 3 Fct,كروم,تولين للبضائع الأوروبية,سماعة دوش,25,60,60,دائري,3,0,0
CD40403,مسطرة دوش زوجية كروم,نوفا,,كروم,محلات الاعتماد (السراج),مسطرة دوش,95,160,130,,3,0,0
ALVM50785,رأس سيفوني كروم,سانيتاري ويرز,MAF ELSEAH,كروم,دار الخزف للمواد الصحية (11 يونيو),رأس سيفوني,29,60,50,مربع,3,0,0
ML30799,مرايا حمام ضد البخار مع إضاءة لد 70*50 سم,سانيتاري ويرز,4010,,دار الخزف للمواد الصحية (11 يونيو),مراية مضيئة,100,160,130,لاد,1,2,0
ML30805,مرايا حمام مع إضاءة لد 83*63 سم,سانيتاري ويرز,8107,,دار الخزف للمواد الصحية (11 يونيو),مراية مضيئة,100,200,190,لاد,3,0,0
ARSB80810,مصب دوش مربع قصير بدون تحويله أسود ,توريما,03279BB-T40,أسود,  شركة أجياد ليبيا ,مصب دوش,470,700,700,مربع,1,2,0
CD40813,مسطرة دوش زوجية كروم,سانيتاري واير,BRAVO,كروم,مجموعة الشريف,مسطرة دوش,115,200,140,مربع,3,0,0
MLE40823,خلاط حوض وجه مدفون مع مَصَب كروم,توريما,BLOG 8G31311-094,كروم,  شركة أجياد ليبيا ,خلاط حوض وجه مدفون,560,980,980,مربع,2,1,0
AM0853,حوض وجه مع دولاب حمام -80 سم,سانيتاري ويرز,9616,أبيض,دار الخزف للمواد الصحية (11 يونيو),دولاب حمام,700,1000,900,بي في سي,1,2,0
AB10854,خزانة حمام أبيض ,سانيتاري ويرز,9616,أبيض,دار الخزف للمواد الصحية (11 يونيو),خزانة حمام,270,430,420,بي في سي,1,2,0
ML30864,مرايا حمام مع إضاءة لد 80*80 سم,ديولو,DE 006,,شركة النخبة الفريدة لاستيراد مواد البناء,مراية مضيئة,95,180,140,مربع,3,0,0
EL10866,حوض مطبخ ستانلس ستيل    تحت الرخامة 304 86 * 44 سم,أسيل,AS 380,كروم,شركة النخبة الفريدة لاستيراد مواد البناء,حوض مطبخ ستانلس ستيل,585,870,850,زوجي,3,0,0
AASB30871,رف زاوية زوجي اسود مطفي,ليمكس,LY 2329 BLACK,أسود مطفي,شركة اعمار الجديد,اكسسوارات,145,220,200,زوجي,3,0,0
VS10881,حوض وجه فوق الرخام أبيض -40*34 سم ,ايجا فتريفاي,LAGINA-35381001,أبيض,مجموعة الخليج,حوض وجه معلق,80,150,110,بيضوي,3,0,0
DAF0887,دفاية كروم,سانيتاري ويرز,WL 34,كروم,دار الخزف للمواد الصحية (11 يونيو),دفايات,460,690,630,,3,0,0
ML10900,خلاط حوض وجه كروم ,ليسو,JR-031-65,كروم,دار الخزف للمواد الصحية (11 يونيو),خلاط حوض وجه,230,320,300,دائري,3,0,0
ARSB80905,سماعة دوش مايك مائلة مع طوبو كروم,ليسو,314,كروم,دار الخزف للمواد الصحية (11 يونيو),سماعة دوش,55,100,75,مربع,3,0,0
PD20888,حاجز دوش 80* 190 سم8 مم أسود,سانيتاري ويرز,PF-40-12/80,أسود,شركة النخبة الفريدة لاستيراد مواد البناء,حاجز دوش,420,650,635,,2,1,0
ARSB80914,شطاف ظغط دائري مع طوبو كروم,ليسو,366,كروم,دار الخزف للمواد الصحية (11 يونيو),شطاف,45,150,150,دائري,1,2,0
ARSB80937,قصبة دوش سقفية  40 سم كروم,ليسو,JR031-99,كروم,دار الخزف للمواد الصحية (11 يونيو),قصبة دوش,50,100,85,مربع,3,0,0
AB10743,خزانة حمام أبيض ,سانيتاري ويرز,040,أبيض,شركة النخبة الفريدة لاستيراد مواد البناء,خزانة حمام,200,430,420,بي في سي,0,3,0
CD40754,مسطرة دوش زوجية اسود,سانيتاري ويرز,9614-10,أسود,دار الخزف للمواد الصحية (11 يونيو),مسطرة دوش,105,250,220,مربع,3,0,0
AASB30757,مجفف يد ذهبي,سانيتاري ويرز,FL-2000 GOLDEN,ذهبي,شركة لمسات البناء,اكسسوارات,182,275,275,,3,0,0
ARSB8076,سماعة دوش مع طوبو كروم,بريمكس,SR117D,كروم,شركة لمسات البناء,سماعة دوش,62,120,90,دائري,3,0,0
CD40761,مسطرة دوش زوجية كروم,سانيتاري ويرز,JR079-26,كروم,دار الخزف للمواد الصحية (11 يونيو),مسطرة دوش,175,350,350,مربع,0,3,0
LG40773, حوض كواريون كوارتز 60سم ,سانيتاري واير,S60-4,بيج,دار الخزف للمواد الصحية (11 يونيو),حوض وجه برسلين,380,550,550,معلق,3,0,0
EG40774,رف كواريون كوارتز 60سم ,سانيتاري ويرز,S60-4,بيج,دار الخزف للمواد الصحية (11 يونيو),رف حوض وجه برسلين,250,400,400,معلق,3,0,0
MD20793,خلاط دوش كروم,سانيتاري ويرز,OM-165,كروم,شركة النخبة الفريدة لاستيراد مواد البناء,خلاط دوش,92,170,140,مربع,3,0,0
ML10793,خلاط حوض وجه أسود,سانيتاري ويرز,OM-58B,أسود,شركة النخبة الفريدة لاستيراد مواد البناء,خلاط حوض وجه,225,350,340,مربع,0,3,0
ML10747,خلاط حوض وجه  كروم,سانيتاري ويرز,OM-58C,أسود,شركة النخبة الفريدة لاستيراد مواد البناء,خلاط حوض وجه,225,350,340,مربع,0,3,0
EG40748,رف كواريون كوارتز 80سم أبيض,سانيتاري ويرز,D1,أبيض,شركة النخبة الفريدة لاستيراد مواد البناء,رف حوض وجه برسلين,230,330,320,مربع,3,0,0
LG40749, حوض كواريون كوارتز80سم أبيض,ديولو,D1,أبيض,شركة النخبة الفريدة لاستيراد مواد البناء,حوض وجه برسلين,400,800,700,مربع,3,0,0
PA35446,فيتي بالخبور 8 مم (50 قطعة),المتفوق,,,محلات الاعتماد (السراج),برغي,4.45,10,8,,0,3,0
PE30446,صندوق عدة بلاستك رقم21,اي بي سي,AC1880,أَصْفَرُ,محلات الاعتماد (السراج),صندوق الأدوات,50,65,64,,0,3,0
PE30447,صندوق عدة بلاستك رقم18,اي بي سي,,أَصْفَرُ,محلات الاعتماد (السراج),صندوق الأدوات,45,60,58,,0,3,0
PE30448,صندوق عدة بلاستك رقم15,اي بي سي,,أَصْفَرُ,محلات الاعتماد (السراج),صندوق الأدوات,35,45,44,,0,3,0
RD30459,حوض قدم مربع  اكريليك100*100,ساناكريل,M311,أبيض,مجموعة الخليج,بانيو قدم,455,700,650,مستطيل,1,2,0
AASB30765,فرشاة تنظيف مرحاض أبيض,سانيتاري ويرز,SG-49,أبيض,مجموعة الشريف,اكسسوارات,23.5,50,40,مربع,3,0,0
ML30763,مرايا حمام مع إضاءة لد 60*60 سم ,سانيتاري ويرز,S60-4,,دار الخزف للمواد الصحية (11 يونيو),مراية مضيئة,90,150,150,لاد,3,0,0
ML30464,مرايا حمام مع إضاءة لد مربعة 60*80سم,سانيتاري ويرز,1519,كروم,دار الخزف للمواد الصحية (السراج),مراية مضيئة,97,180,175,مربع,0,3,0
ARSB80774,شطاف ظغط مع طوبو كروم,PAINI,51CR133IG2,كروم,الأروقة الليبية,شطاف,68,160,100,دائري,3,0,0
MA20471,خلاط حوض المطبخ شلال منظومة نص فل ,سانيتاري ويرز,XSDD010582,أسود,شركة الجودة vip,خلاط حوض المطبخ سحاب,99,200,180,,0,3,0
PE30477,شفاط ابيض  ,ABM,L6,,شركة البهراء العالمية الحديثة,مثقاب كهربائي,74.5,155,120,مشبك,0,3,0
PE30478,شفاط خشبي ,ABM,L8,,شركة البهراء العالمية الحديثة,مثقاب كهربائي,91.5,185,120,مشبك,0,3,0
PE30479,شفاط ابيض ,ABM,L8,,شركة البهراء العالمية الحديثة,مثقاب كهربائي,89.1,180,120,مشبك,0,3,0
ALVM50765,رأس سيفوني كروم,كاسكاد,H2098,كروم,دار الخزف للمواد الصحية (11 يونيو),رأس سيفوني,70,150,130,دائري,0,3,0
ML30493,مرايا حمام مع إضاءة لد 100*80 سم,سانيتاري ويرز,SYC018,,دار الخزف للمواد الصحية (السراج),مراية مضيئة,175,280,260,لاد,0,3,0
ML30498,مرايا حمام مع إضاءة لد 80*60 سم,سانيتاري ويرز,SYC009,,دار الخزف للمواد الصحية (السراج),مراية مضيئة,120,220,200,لاد,0,3,0
ML30500,مرايا حمام مع إضاءة لد مع اطار أسود 80*60 سم,سانيتاري واير,MY029,أسود,دار الخزف للمواد الصحية (السراج),مراية مضيئة,255,380,375,مربع,0,3,0
ML10766,خلاط حوض وجه كروم ,توريما,9C33011-093,كروم,  شركة أجياد ليبيا ,خلاط حوض وجه,395,600,600,,0,3,0
ARSB80794,مصب دوش بالتحويلة كروم انحاس,ليسو,076-1,كروم,دار الخزف للمواد الصحية (11 يونيو),مصب دوش,150,250,250,مربع,1,2,0
SA10837,طقم اكسسوار كروم,بن أمور,B.AMOR-CI,كروم,مصنع خلاطات و أكسسوارات الصين,طقم اكسسوارات,150,250,207,دائري,0,3,0
AB10838,خزانة حمام أبيض ,سانيتاري ويرز,1513,أبيض,دار الخزف للمواد الصحية (11 يونيو),خزانة حمام,150,250,250,بي في سي,1,2,0
ML30838,مرايا حمام مع إضاءة لد80*60 سم,سانيتاري ويرز,1513,,دار الخزف للمواد الصحية (11 يونيو),مراية مضيئة,120,200,200,لاد,1,2,0
ML30840,مرايا حمام مع إضاءة لد80*60 سم,سانيتاري ويرز,1526,,دار الخزف للمواد الصحية (11 يونيو),مراية مضيئة,120,200,200,لاد,1,2,0
AM0859,دولاب حمام -80 سم,سانيتاري ويرز,9911,أبيض,دار الخزف للمواد الصحية (11 يونيو),دولاب حمام,600,1000,1000,بي في سي,2,1,0
VS10843,حوض وجه معلق -80 سم,سانيتاري واير,9911,أبيض,دار الخزف للمواد الصحية (11 يونيو),حوض وجه معلق,350,700,700,مربع,2,1,0
AB10845,خزانة حمام أبيض ,سانيتاري ويرز,9911,أبيض,دار الخزف للمواد الصحية (11 يونيو),خزانة حمام,150,250,250,بي في سي,2,1,0
ML30844,مرايا حمام مع إضاءة لد80*60 سم,سانيتاري ويرز,9911,,دار الخزف للمواد الصحية (11 يونيو),مراية مضيئة,120,200,200,لاد,2,1,0
ML30846,مرايا حمام مع إضاءة لد80*60 سم,سانيتاري ويرز,9912,,دار الخزف للمواد الصحية (11 يونيو),مراية مضيئة,120,200,200,لاد,3,0,0
EG30883,حوض مطبخ جرانيت رصاصي78*50 فردي,ب.أمور,Sousse,رصاصي,بوليمي Bolemi,حوض مطبخ جرانيت,555,880,690,فردي,1,2,0
EL10887,حوض مطبخ ستانلس ستيل   60*45 أسود,ب.أمور,Florence,أسود,بوليمي Bolemi,حوض مطبخ ستانلس ستيل,265,420,360,فردي,0,3,0
CE10925,سخانة 80 لتر عمودية,اف جي باور,D80-15FA-4789,أبيض,شركة المضمونة للبناء,سخانة,570,720,720,,3,0,0
ARSB80940,اكسسوار وجه خلاط شطاف مدفون اسود ,توريما,8G001BB-040,أسود,  شركة أجياد ليبيا ,ملحقات خلاط,275,420,420,مربع,3,0,0
ARSB80941,واكسسوار وجه خلاط دوش مدفون اسود,توريما,8G002BB-040,أسود,  شركة أجياد ليبيا ,ملحقات خلاط,475,700,700,مربع,3,0,0
VS10537,حوض وجه السفير معلق60 سم أبيض,سانيبال,سفير,أبيض,مجموعة الخليج,حوض وجه معلق,210,330,280,معلق,3,0,0
VS10538,عمود حوض وجه سفير أرضي أبيض ,اديال سانيتار,سفير,أبيض,مجموعة الخليج,حوض وجه معلق,110,165,160,أرضي,3,0,0
AM40953,مراية دولاب حمام 80 سم,بن أمور,330-80,بيج,XUCHANG MINGLAI TECHNOLOGY,مراية دولاب,200,400,400,حائطي,3,0,0
ARSB80979,مصب دوش مربع بالتحويله أسود ,توريما,03278BB-T90,أسود,  شركة أجياد ليبيا ,مصب دوش,760,950,900,مربع,1,2,0
LG40981, حوض كواريون كوارتز100سم أبيض,سانيتاري واير,C-2,أبيض,شركة النخبة الفريدة لاستيراد مواد البناء,حوض وجه برسلين,400,650,650,مربع,3,0,0
EG40982,رف كواريون كوارتز 100سم أبيض,سانيتاري ويرز,C-2,أبيض,شركة النخبة الفريدة لاستيراد مواد البناء,رف حوض وجه برسلين,280,400,400,معلق,3,0,0
ML30989,مرايا حمام مع إضاءة لد-عرض60*80 سم,ديولو,S80-1,,شركة النخبة الفريدة لاستيراد مواد البناء,مراية مضيئة,105,170,170,لاد,3,0,0
AB11024,خزانة حمام مقبض أبيض 120*23*20,سانيتاري ويرز,S-01-1,أبيض,شركة النخبة الفريدة لاستيراد مواد البناء,خزانة حمام,410,620,620,بي في سي,3,0,0
LG41028,حوض مع رف كواريون كوارتز 80سم أبيض,RIMERIO,KL-80-6,أبيض,شركة النخبة الفريدة لاستيراد مواد البناء,حوض وجه برسلين,900,1350,1350,معلق,3,0,0
ML31029,مرايا حمام كواريون 48*80سم أبيض ,RIMERIO,KL-80-6,أبيض,شركة النخبة الفريدة لاستيراد مواد البناء,مراية مضيئة,340,500,500,لاد,3,0,0
PD21030,حاجز دوش 100*190سم 8مم اطار كروم مخطط,KALVA,13.2/100CM,كروم,شركة النخبة الفريدة لاستيراد مواد البناء,حاجز دوش,620,950,950,,3,0,0
WA41049,غطاء مقعد معلق تورنيدو أبيض,ب.أمور,6103/052E,أبيض,LETOP ليتوب,غطاء مقعد,51,120,120,مربع,3,0,0
VS11061,عمود حوض وجه سفير معلق أبيض ,اديال سانيتار,سفير,أبيض,مجموعة الخليج,حوض وجه معلق,110,190,190,معلق,3,0,0
AB10558,خزانة حمام أبيض ,سانيتاري ويرز,9716,أبيض,دار الخزف للمواد الصحية (السراج),خزانة حمام,300,550,420,بي في سي,0,3,0
AM40560,مراية دولاب حمام -80 سم ,سانيتاري ويرز,9716,أبيض,دار الخزف للمواد الصحية (السراج),مراية دولاب,215,320,250,بي في سي,0,3,0
AB10562,خزانة حمام أبيض ,سانيتاري ويرز,9914,أبيض,دار الخزف للمواد الصحية (السراج),خزانة حمام,200,400,390,بي في سي,0,3,0
AM0563,حوض وجه  دولاب حمام -90 سم,سانيتاري ويرز,9914,أبيض,دار الخزف للمواد الصحية (السراج),دولاب حمام,300,500,500,بي في سي,0,3,0
AM0564,دولاب حمام -90 سم,سانيتاري ويرز,9914,أبيض,دار الخزف للمواد الصحية (السراج),دولاب حمام,600,1000,1000,بي في سي,0,3,0
AM40565,مراية دولاب حمام -90 سم ,سانيتاري ويرز,9914,أبيض,دار الخزف للمواد الصحية (السراج),مراية دولاب,195,320,250,بي في سي,0,3,0
AB10567,خزانة حمام أبيض ,سانيتاري ويرز,9712,أبيض,دار الخزف للمواد الصحية (السراج),خزانة حمام,300,550,420,بي في سي,0,3,0
AM0568,حوض وجه مع دولاب حمام -80 سم,سانيتاري ويرز,9712,أبيض,دار الخزف للمواد الصحية (السراج),دولاب حمام,700,1200,900,بي في سي,0,3,0
AM40569,مراية دولاب حمام -80 سم ,سانيتاري ويرز,9712,أبيض,دار الخزف للمواد الصحية (السراج),مراية دولاب,215,320,250,بي في سي,0,3,0
ARSB81071,مصب دوش مع تحويلة ذهبي,LONDA,A14B2180P-GO,ذهبي,LONDA,مصب دوش,390,700,700,مربع,3,0,0
PS21075,علاقة ملابس فردية كروم,بن أمور,50-10-48,كروم,مصنع خلاطات و أكسسوارات الصين,علاقة مناشف,5,30,30,دائري,3,0,0
PS21076,علاقة مناشف كروم,بن أمور,50-10-48,كروم,مصنع خلاطات و أكسسوارات الصين,علاقة مناشف,25,80,80,دائري,3,0,0
ATWC51081,زر بتريا ذهبي,غروهي,SG-44,ذهبي,مجموعة الشريف,ملحقات مقاعد,105,200,200,دائري,3,0,0
ATWC51082,زر بتريا مربع ذهبي,غروهي,SG-47,ذهبي,مجموعة الشريف,ملحقات مقاعد,115,250,250,مربع,3,0,0
VS11084,حوض وجه معلق 65*38سم,تركواز سيراستايل,SHARP,أبيض,شركة الصداقة,حوض وجه معلق,540,760,760,مربع,3,0,0
RA20578,"سنيسكا 25"" ذهبي دائرية ",الجودة,بي بي ر - PPR,ذهبي,شركة الجودة vip,سنيسكا,88,140,140,,0,3,0
CE11088,سخانة 50 لتر أفقية,فرش,,أبيض,محل سوق الثلاثاء لمواد البناء ,سخانة,595,650,650,,3,0,0
PS21103,علاقة مناشف زوجية كروم,ليمكس,2762,كروم,شركة اعمار الجديد,علاقة مناشف,140,240,220,معلق,3,0,0
PS21108,علاقة مناشف كروم  ,ليمكس,2664,كروم,شركة اعمار الجديد,علاقة مناشف,90,180,175,معلق,3,0,0
PD21110,حاجز دوش 10مم اطار كروم منقط 100 سم,ليسو,LUD,,دار الخزف للمواد الصحية (11 يونيو),حاجز دوش,675,980,950,قدم,3,0,0
AASB31130,مجفف يد أسود,سانيتاري ويرز,WL37,أسود,دار الخزف للمواد الصحية (11 يونيو),اكسسوارات,185,285,270,,3,0,0
AASB31132,مجفف يد أبيض,سانيتاري ويرز,WL36,أبيض لامع,دار الخزف للمواد الصحية (11 يونيو),اكسسوارات,150,260,245,,3,0,0
ML11133,خلاط حوض وجه  كروم,ليسو,WL49,كروم,دار الخزف للمواد الصحية (11 يونيو),خلاط حوض وجه,210,340,320,مربع,3,0,0
MD20004,خلاط دوش كروم,فينوس,RACHEL A2,كروم,شركة لمسات البناء,خلاط دوش,350,520,460,,2,2,0
ARSB80085,شطاف ظغط دائري مع طوبو كروم,توريما,1372-03330-014,كروم,  شركة أجياد ليبيا ,شطاف,108,200,200,دائري,0,4,0
ARSB80109,شطاف ظغط مربع مع طوبو ذهبي,توريما,1372-010-KITSHUTOF,ذهبي,  شركة أجياد ليبيا ,شطاف,230,400,400,مربع,0,4,0
MA20118,خلاط حوض المطبخ سحاب ذهبي,سانيتاري ويرز,,ذهبي,تولين للبضائع الأوروبية,خلاط حوض المطبخ سحاب,225,450,295,,0,4,0
ME10130,خلاط حوض المطبخ سحاب كروم,سانيتاري ويرز,,كروم,دار الخزف للمواد الصحية (11 يونيو),خلاط حوض المطبخ سحاب,125,190,160,,0,4,0
ME10012,خلاط حوض المطبخ شجرة كروم,فرامو,DE111CR,كروم,شركة المضمونة للبناء,خلاط حوض المطبخ شجرة,265,410,325,,3,1,0
MM30010,خلاط حوض المطبخ حائطي كروم,اعتماد,VEGA 356T,كروم,محلات الإعتماد لإستيراد مواد البناء (11 يونيو),خلاط حوض المطبخ حائطي,115,180,145,,0,4,0
MM30020,خلاط حوض المطبخ حائطي كروم,فينوس,PEARL,كروم,شركة لمسات البناء,خلاط حوض المطبخ حائطي,122,185,155,,0,4,0
MA20036,خلاط حوض المطبخ سحاب كروم,سانيتاري ويرز,,كروم,دار الخزف للمواد الصحية (11 يونيو),خلاط حوض المطبخ سحاب,145,220,180,,0,4,0
MTE60039,خلاط شطاف مدفون كروم ,فرامو,SM206CR,كروم,شركة الركن الجديد,خلاط شطاف مدفون,170,270,210,,1,3,0
MLE40042,خلاط حوض وجه مدفون مع مَصَب كروم,فرامو,UP244CR,كروم,شركة المضمونة للبناء,خلاط حوض وجه مدفون,585,850,850,مربع,2,2,0
ARSB80069,مصب دوش بدون تحويلة كروم,فينوس,RACHEL D2,كروم,شركة لمسات البناء,مصب دوش,99,160,125,,0,4,0
ARSB80098,مصب دوش بدون تحويلة ذهبي,بريمكس,J007G,ذهبي,شركة لمسات البناء,مصب دوش,63,120,85,,0,4,0
ARSB80104,مصب دوش بدون تحويلة كروم,دانيال,K4704CR,كروم,مجموعة العربي,مصب دوش,185,270,230,دائري,0,4,0
MC10139,سرفنتينة 15 سم * 15 سم ذهبي,بيورا,FD-61-GOLD,ذهبي,شركة الركن الجديد,مجرى,75,110,85,مربع,3,1,0
ARSB80144,كسكاس دوش مربع 250*250 مم ذهبي,توريما,0150133-T40,ذهبي,  شركة أجياد ليبيا ,كسكاس دوش,600,1100,890,مربع,2,2,0
WS10172,مقعد معلق رايملس أبيض ,تركواز سيراستايل,IBIZA,أبيض,شركة الصداقة,مقعد معلق,940,1000,920,مربع,1,3,0
AECU50205,سيفون حوض المطبخ,اعتماد,,,محلات الإعتماد لإستيراد مواد البناء (11 يونيو),ملحقات أحواض المطابخ,10.5,25,16,زوجي,0,4,0
VS10205,حوض وجه معلق رصاصي -60سم,ب.أمور,SH-8420-60-G,رصاصي,South Villa,حوض وجه معلق,243.087,500,500,معلق,2,2,0
ATWC50208,رجسترومقعد أرضي 40 سم,ايجا فتريفاي,,,مجموعة الشريف,ملحقات مقاعد,26.5,40,35,بلاستك,2,2,0
ALVM50211,قرجوطة سيفون حوض الوجه 1.1/4*80 سم,فينوس,,أبيض,شركة لمسات البناء,ملحقات أحواض مغاسل,4.75,10,6,بلاستك,-2,6,0
PLSA0231,"مُطوِّل ""1/2 * 20 كروم",سانيتاري ويرز,,كروم,محلات الإعتماد لإستيراد مواد البناء (11 يونيو),وصلة,6.1,7,7,,-2,6,0
ATWC50245,رجسترو مقعد أرضي مستقيم,سانيتاري ويرز,,,شركة البهراء العالمية الحديثة,ملحقات مقاعد,6.5,10,9,بلاستك,3,1,0
EG30252,حوض مطبخ جرانيت أسود  80*50 ,سانيبال,توكس,أسود,مجموعة الخليج,حوض مطبخ جرانيت,415,620,570,زوجي,2,2,0
RD30306,حوض قدم خزف مربع 70*70 سم,اديال سانيتار,,أبيض,مجموعة الخليج,بانيو قدم,145,400,350,مربع,1,3,0
ARSB80319,مخرج شطاف ذهبي,بريمكس,J004G,ذهبي,شركة لمسات البناء,مخرج شطاف,38,75,55,دائري,0,4,0
ARSB80335,مخرج شطاف كروم,فينوس,OES,كروم,شركة آفاق المتحدة لإستيراد مواد البناء,مخرج شطاف,39,65,55,مربع,0,4,0
ARSB80340,"مسكر شطافة ""1/2"" * ""1/2 كروم",فينوس,,كروم,شركة لمسات البناء,مخرج شطاف,28,45,30,مربع,0,4,0
ARSB80343,مخرج شطاف كروم,سانيتاري ويرز,LY-4003B,كروم,شركة المضمونة للبناء,مخرج شطاف,30,130,90,دائري,0,4,0
EG40360,رف حوض وجه برسلين 65 سم,رويال,YB036_8,,شركة المتخصص الليبي,رف حوض وجه برسلين,40,150,110,معلق,2,2,0
ARSB80362,رقبة خلاط متحركة كروم,سانيتاري ويرز,,كروم,شركة البهراء العالمية الحديثة,ملحقات خلاط,6.5,15,9,دائري,4,0,0
ARSB80006,سماعة دوش مايك مع طوبو كروم,ليسو,ABS 701,كروم,دار الخزف للمواد الصحية (11 يونيو),سماعة دوش,39,80,53,مربع,4,0,0
RFP1425,"فسيبلي "" 1/2 أنثى * ""1/2 أنثى 80سم",سانيتاري ويرز,,كروم,محلات الإعتماد لإستيراد مواد البناء (11 يونيو),فسيبلي,18.5,30,25,دائري,3,1,0
RFP1428,"فسيبلي "" 1/2 أنثى * ""3/8 أنثى 60سم",سانيتاري ويرز,,كروم,محلات الإعتماد لإستيراد مواد البناء (11 يونيو),فسيبلي,9.5,20,16,دائري,7,-3,0
MC10005,مجرى 50 سم *6 سم دهبي,سانيتاري ويرز,,ذهبي,محلات الساحل,مجرى,110,190,190,مستطيل,1,3,0
MC10470,مجرى 55سم *7 سم كروم,بيورا,DL-02-55,كروم,شركة الركن الجديد,مجرى,257,320,300,مستطيل,2,2,0
AASB30005,موزع صابون كروم,سانيتاري ويرز,317,كروم,دار الخزف للمواد الصحية (11 يونيو),اكسسوارات,18,40,40,حائطي,1,3,0
ARSB80821,مصب دوش مع تحويلة أسود,سي أر سمارت,15.13.2,أسود,شركة أركان العمارة,مصب دوش,80,120,105,مربع,2,2,0
PE30015,زمالطو ضد الصدأ 4 كغ أَحْمَر,دهانات المدينة مصراتة,,أَحْمَر,محلات الإعتماد لإستيراد مواد البناء (11 يونيو),الحديد,40,45,42,,0,4,0
PE30017,زمالطو ضد الصدأ 3 كغ  رصاصي,دهانات المدينة مصراتة,,رصاصي,محلات الاعتماد (السراج),الحديد,39.9,45,45,,0,4,0
PE30020,زمالطو  2.5 كغ أصفر لامع,دهانات المدينة مصراتة,,أصفر لامع,محلات الإعتماد لإستيراد مواد البناء (11 يونيو),الحديد,48.5,55,47,,0,4,0
PE30030,دهان مطاطي عازل أكريليكي  كغ13 أبيض,دهانات المدينة مصراتة,,أبيض,محلات الإعتماد لإستيراد مواد البناء (11 يونيو),الجدران خارجي,137.75,185,147,,0,4,0
PE30034,استوك 4 كغ,دهانات المدينة مصراتة,معجون المدينة مصراتة,,محلات الإعتماد لإستيراد مواد البناء (11 يونيو),استوك,17.945,25,19,,0,4,0
ARSB8040,شطاف ظغط مربع مع طوبو ذهبي,سانيتاري ويرز,MAF ELSEAH,ذهبي,شركة أركان العمارة,شطاف,72,120,100,مربع,2,2,0
VS10046,حوض وجه معلق زاوية أبيض 50 سم,كورنات,NEW DAY,أبيض,تولين للبضائع الأوروبية,حوض وجه معلق,95,190,150,معلق,3,1,0
PE30048,طلاء زيتي 700 غ أزرق داكن,دهانات المدينة مصراتة,طلاء زيتي,أزرق داكن,محلات الإعتماد لإستيراد مواد البناء (11 يونيو),الحديد,15,20,17,,0,4,0
AASB30029,رف ستاينلس ستيل أسود ,فينوس,458B,أسود,شركة لمسات البناء,اكسسوارات,47,80,65,ستاينلس ستيل,3,1,0
AASB30051,موزع صابون سائل كروم,فينوس,VA-08,كروم,شركة لمسات البناء,اكسسوارات,69,105,85,حائطي,1,3,0
ARSB80999,كسكاس دوش دائري بالقصبة 11*15 سم كروم,ستورم,MC04,كروم,شركة النهضة كرزاز,كسكاس دوش,12.5,35,20,دائري,0,4,0
ALVM50061,مطول سيفون حوض الوجه 30سم كروم,فينوس,,كروم,شركة لمسات البناء,ملحقات أحواض مغاسل,23,35,30,دائري,10,-6,0
SA10069,طقم اكسسوار رصاصي,بيروتي,Lisbone,رصاصي,تولين للبضائع الأوروبية,طقم اكسسوارات,28,60,45,,2,2,0
WA40086,غطاء مقعد أبيض,سانيتاري ويرز,,أبيض,شركة البهراء العالمية الحديثة,غطاء مقعد,32.5,60,45,مربع,0,4,0
WA40088,غطاء مقعد موطو أبيض,فينوس,SCH22,أبيض,شركة لمسات البناء,غطاء مقعد,39,70,50,دائري,1,3,0
PE30115,"منشار خشب 18"" 450 مم",بيسو,,,محلات الإعتماد لإستيراد مواد البناء (11 يونيو),صندوق الأدوات,7.5,12,9,,0,4,0
PE30118,"منشار حديد 12""",اي بي سي,AC18734,,محلات الإعتماد لإستيراد مواد البناء (11 يونيو),صندوق الأدوات,16.75,30,27,,0,4,0
P30106,مضخة 1/2 حصان,شمجا,QB60L1,,محلات الإعتماد لإستيراد مواد البناء (11 يونيو),مضخة,200,350,300,,0,4,0
PA30122,قفل سرانتي يمين + يسار,والي,L641,,محلات الإعتماد لإستيراد مواد البناء (11 يونيو),قفل باب,85,130,100,,0,4,0
PA30161,خباشة,الشركة العالمية للتصدير و الإستيراد,,,محلات الإعتماد لإستيراد مواد البناء (11 يونيو),خباشة,15.5,22,19,,0,4,0
PE30170,"فرشة طلاء 1.5"" 38.1 مم",فندر,,,محلات الإعتماد لإستيراد مواد البناء (11 يونيو),فرشة طلاء,2.5,4.5,3,,0,4,0
PE30180,لصقة كرتون 200,الشركة العالمية للتصدير و الإستيراد,,شفاف,محلات الإعتماد لإستيراد مواد البناء (11 يونيو),المواد اللاصقة و العازلة,5.75,9,7,,0,4,0
PE30183,"فرشة طلاء 5"" 127 مم",فندر,,,محلات الإعتماد لإستيراد مواد البناء (11 يونيو),فرشة طلاء,7,10,8.5,,0,4,0
PA30196,منفاخ هواء كهربائي 500 وات,اي بي سي,AC18729,,مجموعة بن عمر BEN AMOR Group,قطع غيار واكسسوارات معدات الحديقة,75,140,110,,0,4,0
ARSB80217,وجه خلاط شطاف مدفون كروم,غروهي,19451002,كروم,دار الخزف للمواد الصحية (11 يونيو),ملحقات خلاط,360,500,440,,1,3,0
PE30218,"سكينة تغليف  2.5"" 6.5 سم",فندر,,,محلات الإعتماد لإستيراد مواد البناء (11 يونيو),أدوات,3.5,5.5,4.2,,0,4,0
PE30219,"سكينة تغليف  2"" 5 سم",فندر,,,محلات الإعتماد لإستيراد مواد البناء (11 يونيو),أدوات,3.454,5.5,4.2,,0,4,0
PE30220,"سكينة تغليف  1.5"" 3.8 سم",فندر,,,محلات الإعتماد لإستيراد مواد البناء (11 يونيو),أدوات,3.25,5,4,,0,4,0
PE30221,"سكينة تغليف  3.5"" 9 سم",فندر,,,محلات الإعتماد لإستيراد مواد البناء (11 يونيو),أدوات,4,6.5,5,,0,4,0
PA30249,ميزان 30 سم,صولا,,,محلات الإعتماد لإستيراد مواد البناء (11 يونيو),أدوات القياس والتتبع,6.5,11,8,,0,4,0
RA30254,رأس غاز ظغط,الشركة العالمية للتصدير و الإستيراد,HRP-105,,محلات الإعتماد لإستيراد مواد البناء (11 يونيو),أدوات  متعددة الوظائف,33.5,50,42,,0,4,0
ATWC50258,زر بتريا كروم,الشركة التونسية للمواد الصحية,9240701,كروم,دار الخزف للمواد الصحية (11 يونيو),ملحقات مقاعد,140,225,180,مربع,4,0,0
PLSA0265,وردة كروم,ليمكس,LY-2071-CP,كروم,شركة اعمار الجديد,وصلة,13.5,20,17,مربع,2,2,0
ARSB80269,شطاف ظغط مجرح مع طوبو كروم,رايمر,332332OZ,كروم,شركة آفاق المتحدة لإستيراد مواد البناء,شطاف,165,250,225,دائري,0,4,0
ASCA60276,ستريتشة 2.44 متر,الشركة العالمية للتصدير و الإستيراد,,كروم,مجموعة بن عمر BEN AMOR Group,ستريتشة,30,75,50,,0,4,0
AASB30304,حاملة ورق ناعم كلينكس رخامي,ليسو,JR031-8,أبيض,دار الخزف للمواد الصحية (11 يونيو),اكسسوارات,80,150,110,,4,0,0
RA30320,رأس غاز ظغط,الشركة العالمية للتصدير و الإستيراد,HP-300,,محلات الإعتماد لإستيراد مواد البناء (11 يونيو),أدوات  متعددة الوظائف,33.5,50,42,,0,4,0
PA30347,مفتاح إنجليزي رقم 8,فندر,,,محلات الإعتماد لإستيراد مواد البناء (11 يونيو),مفك البراغي يدوي,10.5,16,13,,0,4,0
PA30348,مفتاح إنجليزي رقم 24,فندر,,,محلات الإعتماد لإستيراد مواد البناء (11 يونيو),مفك البراغي يدوي,32,45,40,,0,4,0
PE30354,مطرقة,الشركة العالمية للتصدير و الإستيراد,,,محلات الإعتماد لإستيراد مواد البناء (11 يونيو),مطرقة - ماصة,28,40,35,,0,4,0
ARSB80363,كسكاس دوش مربع 300*300 مم كروم,ليسو,JR031-27,كروم,دار الخزف للمواد الصحية (11 يونيو),كسكاس دوش,110,150,95,مربع,3,1,0
PA30366,كاوية لحام,الشركة العالمية للتصدير و الإستيراد,,,محلات الإعتماد لإستيراد مواد البناء (11 يونيو),أدوات كهربائية صغيرة,7.5,15,10,,0,4,0
PA30409,عجلة باب سحاب  رقم 120,الشركة العالمية للتصدير و الإستيراد,,,محلات الإعتماد لإستيراد مواد البناء (11 يونيو),ملحقات معدات الباب,66,90,80,,0,4,0
PA30410,عجلة باب سحاب  رقم 80,الشركة العالمية للتصدير و الإستيراد,,,محلات الإعتماد لإستيراد مواد البناء (11 يونيو),ملحقات معدات الباب,17.5,25,22,نحاس,0,4,0
PA30411,عجلة باب سحاب  رقم 100,الشركة العالمية للتصدير و الإستيراد,,,محلات الإعتماد لإستيراد مواد البناء (11 يونيو),ملحقات معدات الباب,24.5,35,32,نحاس,0,4,0
PE30414,مقص بي بي ار,الشركة العالمية للتصدير و الإستيراد,,,محلات الإعتماد لإستيراد مواد البناء (11 يونيو),موس فرش والمقص,6.75,15,9,صغير,0,4,0
PE30415,مقص بي بي ار,الشركة العالمية للتصدير و الإستيراد,B 105,,محلات الإعتماد لإستيراد مواد البناء (11 يونيو),موس فرش والمقص,7.5,15,10,,0,4,0
PA30430,ڨوانطي,فندر,,أَحْمَر,محلات الإعتماد لإستيراد مواد البناء (11 يونيو),قفازات,4.25,9,6,,0,4,0
PA30437,خيط تعليم,اي بي سي,AC18515,,محلات الإعتماد لإستيراد مواد البناء (11 يونيو),أدوات القياس والتتبع,6.75,12,9,,0,4,0
PA30452,ڨوانطي محبب,الشركة التونسية للمواد الصحية,,,محلات الإعتماد لإستيراد مواد البناء (11 يونيو),قفازات,1.25,3,2,,0,4,0
PA30461,رأس سخانة بدون ترمستاتة,الشركة العالمية للتصدير و الإستيراد,,,محلات الإعتماد لإستيراد مواد البناء (11 يونيو),أدوات  متعددة الوظائف,29.5,40,37,قصير,0,4,0
PE30468,كولة رخام 750 مل فازلين شفافة,الشركة العالمية للتصدير و الإستيراد,GeneralKoll,شفاف,محلات الإعتماد لإستيراد مواد البناء (11 يونيو),المواد اللاصقة و العازلة,39.5,55,50,,0,4,0
PE30482,موس فرش,فندر,191800,أسود,محلات الإعتماد لإستيراد مواد البناء (11 يونيو),موس فرش والمقص,8.5,15,14,,0,4,0
PA30486,قطاعة 250 مم رقم 10,اي بي سي,AC19076,,محلات الإعتماد لإستيراد مواد البناء (11 يونيو),كماشة القطع,14.5,22,18,,0,4,0
PA30522,ترودي 2.5 * 350 مم (1ممØ),الشركة العالمية للتصدير و الإستيراد,MAGMAWELD 2.5x350,,محلات الإعتماد لإستيراد مواد البناء (11 يونيو),لحام,37.5,55,54,,0,4,0
PA30525,موس منشار 12'' 300 مم (3 قطع),فندر,191573,,محلات الإعتماد لإستيراد مواد البناء (11 يونيو),منشار يدوي,5.5,10,7,,0,4,0
PE30591,مشمع ثقيل 6 * 7,الشركة العالمية للتصدير و الإستيراد,,رصاصي,محلات الإعتماد لإستيراد مواد البناء (11 يونيو),التغطية والحماية,65,95,80,,0,4,0
RA20597,"فلفلة باب  1"" سن داخلي",الشركة العالمية للتصدير و الإستيراد,,,الشيباني لمواد البناء و المواد الصحية,مثلث,29,55,45,,0,4,0
PA30615,قفل باب سحاب 40 مم,الشركة العالمية للتصدير و الإستيراد,447/PB,,محلات الإعتماد لإستيراد مواد البناء (11 يونيو),قفل باب,67,95,82,,0,4,0
PA30616,قفل باب سحاب 30 مم,الشركة العالمية للتصدير و الإستيراد,447/S,,محلات الإعتماد لإستيراد مواد البناء (11 يونيو),قفل باب,66,93,80,,0,4,0
PA30618,قفل درج 22 مم,الشركة العالمية للتصدير و الإستيراد,,,محلات الإعتماد لإستيراد مواد البناء (11 يونيو),قفل باب,3.25,5,4,,0,4,0
EL10385,حوض مطبخ ستانلس ستيل   304 81 *45 سم,أسيل,AS3455,كروم,شركة النخبة الفريدة لاستيراد مواد البناء,حوض مطبخ ستانلس ستيل,575,750,750,فردي,2,2,0
EL10387,حوض مطبخ ستانلس ستيل   304 75 * 45 سم,أسيل,AS3457,كروم,دار الخزف للمواد الصحية (11 يونيو),حوض مطبخ ستانلس ستيل,630,900,880,زوجي,2,2,0
ARSB80388,شطاف ظغط مع طوبو كروم,سانيتاري ويرز,418,كروم,دار الخزف للمواد الصحية (11 يونيو),شطاف,35,80,50,دائري,2,2,0
AASB30393,مجفف شعر أسود,بريمكس,WL27,أسود,دار الخزف للمواد الصحية (11 يونيو),اكسسوارات,136.5,160,130,,0,4,0
LG40081,قاعدة حوض وجه برسلين 90 سم,سانيتاري ويرز,A05,,دار الخزف للمواد الصحية (11 يونيو),حوض وجه برسلين,200,300,260,معلق,2,2,0
ML10059,خلاط حوض وجه  15 سم كروم ,شيزا,MELLOW,كروم,  شركة أجياد ليبيا ,خلاط حوض وجه,198,380,380,قصير,3,1,0
MDE50049,خلاط دوش مدفون كروم ,توريما,8V01011-092,كروم,شركة الركن الجديد,خلاط دوش مدفون,275,480,480,دائري,1,3,0
ARSB80019,مخرج شطاف كروم,توريما,0182711-T41,كروم,  شركة أجياد ليبيا ,مخرج شطاف,65,430,300,مربع,0,4,0
MDE50022,خلاط دوش مدفون كروم,فرامو,NM207CR,كروم,شركة الركن الجديد,خلاط دوش مدفون,255,390,338,,2,2,0
ML10075,خلاط حوض وجه أسود ,فيرمر,YLN18559-1H,أسود,شركة لمسات البناء,خلاط حوض وجه,125,200,160,دائري,2,2,0
MT30008,خلاط شطاف مع شطاف كروم,سانيتاري ويرز,PURE MOH-42,كروم,شركة البهراء العالمية الحديثة,خلاط شطاف,50,90,70,دائري,4,0,0
ARSB80139,شطاف ظغط دائري مع طوبو كروم,ليسو,902,كروم,دار الخزف للمواد الصحية (11 يونيو),شطاف,98,150,150,دائري,2,2,0
ARSB80165,سماعة دوش مع طوبو كروم,سانيتاري واير,BOSINI SH-05,كروم,دار الخزف للمواد الصحية (11 يونيو),سماعة دوش,25,60,40,مربع,4,0,0
ARSB80168,سماعة دوش مع طوبو أسود,ليمكس,LY2189S,أسود,دار الخزف للمواد الصحية (11 يونيو),سماعة دوش,185,145,120,مربع,0,4,0
MD20060,خلاط دوش مع سماعة كروم,سانيتاري ويرز,8028,كروم,شركة العامر لإستيراد مواد البناء و الصحية,خلاط دوش,100,170,120,دائري,2,2,0
ALVM50027,سيفون حوض الوجه اسود,سانيتاري ويرز,,أسود,دار الخزف للمواد الصحية (11 يونيو),سيفون حوض الوجه,65,120,85,مربع,4,0,0
ARSB80182,مخرج شطاف مربع بالعلاقة أسود,سانيتاري ويرز,992,أسود,دار الخزف للمواد الصحية (11 يونيو),مخرج شطاف,17.143,50,30,مربع,4,0,0
ART0007,كسكاس دوش مربع 200*200 مم كروم,رايمر,,كروم,شركة آفاق المتحدة لإستيراد مواد البناء,كسكاس دوش,145,230,190,مربع,1,3,0
RA30080,طوبو1'' (1 متر),الرطيل,جي أم GM,,محلات الإعتماد لإستيراد مواد البناء (11 يونيو),مواسير - طوبو,3.667,10,7,,0,4,0
RA30082,طوبو1.5'' (1 متر),الرطيل,جي أم GM,,محلات الإعتماد لإستيراد مواد البناء (11 يونيو),مواسير - طوبو,4.667,11,9,,0,4,0
ARSB80197,قصبة دوش  40 سم شبشاشة كروم,سانيتاري ويرز,,كروم,شركة لمسات البناء,قصبة دوش,57,100,75,دائري,3,1,0
ARSB80399,سماعة دوش مع طوبو ذهبي,ليمكس,LY2189S-Gold,ذهبي,شركة اعمار الجديد,سماعة دوش,195,300,300,مربع,4,0,0
MC10013,مجرى 50 سم *6 سم كروم,فيرونا ,SP540,كروم,مجموعة العربي,مجرى,240,350,320,مستطيل,-1,5,0
SA10020,طقم اكسسوار خزف رباعي أسود,سانيتاري ويرز,ALPER HOME 4,أسود,مسوق أكسسوارات الزاوية,طقم اكسسوارات,37,75,50,دائري,2,2,0
AASB30056,صابونية كروم,فينوس,BA707,كروم,شركة لمسات البناء,اكسسوارات,59,95,75,حائطي,4,0,0
AASB30057,صابونية زجاجي,جي اف مارك,9200-67,شفاف,  شركة أجياد ليبيا ,اكسسوارات,38,70,50,حائطي,4,0,0
AASB30079,صابونية أسود,KBM,9111,أسود,مجموعة الخليج,اكسسوارات,35,60,48,دائري,4,0,0
AASB30080,حاملة فرشاة أسنان أسود,KBM,9112,أسود,مجموعة الخليج,اكسسوارات,35,65,50,دائري,4,0,0
ART0016,طوبو دوش 200سم كروم,فينوس,SH-200,كروم,شركة لمسات البناء,طوبو دوش,31,55,40,,0,4,0
ART0024,حاملة فوط كروم,فينوس,BA706,كروم,شركة لمسات البناء,اكسسوارات,51.41,100,80,حائطي,-1,5,0
PS20139,علاقة مناشف كروم,سانيتاري ويرز,AVATAR,كروم مطفي,نوكسي تركيا,علاقة مناشف,50,85,70,دائري,4,0,0
AASB30157,حاملة فوط أسود,سانيتاري ويرز,MILET 37077-K,أسود,نوكسي تركيا,اكسسوارات,70,115,90,مربع,2,2,0
ATWC50179,زر بتريا ذهبي,غروهي,38732GLO,ذهبي,دار الخزف للمواد الصحية (11 يونيو),ملحقات مقاعد,385,780,760,مربع,3,1,0
PD20044,حاجز دوش 8 مم  مظلم 120  سم,ليسو,WIC-120A,,دار الخزف للمواد الصحية (11 يونيو),حاجز دوش,495,750,700,,3,1,0
MC10047,مجرى 30 سم *6 سم أسود,تركي,,أسود,دار الخزف للمواد الصحية (11 يونيو),مجرى,80,130,105,مستطيل,4,0,0
PA30047,مفتاح بيبة رقم 22 مم,الشركة العالمية للتصدير و الإستيراد,AC18693,كروم,محلات الإعتماد لإستيراد مواد البناء (11 يونيو),مفاتيح,13.5,20,16.5,,0,4,0
PA30016,مفتاح بيبة رقم15مم,الشركة العالمية للتصدير و الإستيراد,AC18693,كروم,محلات الإعتماد لإستيراد مواد البناء (11 يونيو),مفاتيح,6.5,12,10,,0,4,0
PA30057,متر 5م,ABC,,أَصْفَرُ,محلات الإعتماد لإستيراد مواد البناء (11 يونيو),أدوات القياس والتتبع,11.5,18,8,,0,4,0
MC10057,سرفنتينة 15 سم * 15 سم كروم ,ستار سانيتار,MARMARA,كروم,ستار سانيتار,مجرى,35.5,65,45,مربع,4,0,0
MC10083,مجرى 45سم *7 سم كروم,بيورا,DL-06-45,كروم,شركة الركن الجديد,مجرى,257,320,310,مستطيل,4,0,0
MC10089,مجرى 60سم *7 سم كروم,بيورا,DL-06-60,كروم,شركة الركن الجديد,مجرى,160,280,195,مستطيل,4,0,0
MC10091,مجرى خارجي  50 سم *13 سم كروم,ستار سانيتار,,كروم,ستار سانيتار,مجرى,158,240,200,مستطيل,0,4,0
ARSB80237,طوبو دوش 175سم كروم,بضائع أوروبية,F21217141753,كروم,مجموعة العربي,طوبو دوش,32,55,43,,4,0,0
ARSB80230,وصلة مسطرة دوش50سم ذهبي,سانيتاري ويرز,,ذهبي,محلات الإعتماد لإستيراد مواد البناء (11 يونيو),طوبو دوش,12,25,20,دائري,4,0,0
EL50966,لامبة لد 40وات,دي بي اس,E27,أسود,محلات الإعتماد لإستيراد مواد البناء (11 يونيو),المصابيح الكهربائية,7,13,12,,0,4,0
VS10113,حوض وجه معلق - يمين -80 * 35 سم,تركواز سيراستايل,SHARP,أبيض,شركة الصداقة,حوض وجه معلق,392.85,590,450,مربع,0,4,0
VP20115,حوض وجه دائري فوق الرخام - 46سم,تركواز سيراستايل,ZERO,أبيض,شركة الصداقة,حوض فوق الرخام,205,450,440,دائري,2,2,0
AASB30164,حاملة فرشاة أسنان ,بضائع أوروبية,,أسود,تولين للبضائع الأوروبية,اكسسوارات,10,45,30,حائطي,4,0,0
ADOU50187,سيفون حوض قدم,سانيتاري ويرز,راس كبير,أبيض,شركة البهراء العالمية الحديثة,ملحقات دوش,30,45,45,بلاستك,4,0,0
ATWC50210,مثبت غطاء مقعد جانبي ,سانيتاري ويرز,,أبيض,محلات الإعتماد لإستيراد مواد البناء (11 يونيو),ملحقات مقاعد,2.5,10,5,بلاستك,4,0,0
ALVM50208,مولة عمود حوض الوجه,سانيتاري ويرز,,كروم,شركة البهراء العالمية الحديثة,ملحقات أحواض مغاسل,2.75,10,7,مولا,4,0,0
PS20760,علاقة مناشف,سانيتاري ويرز,6-133,كروم,دار الخزف للمواد الصحية (11 يونيو),علاقة مناشف,35,70,55,مستطيل,0,4,0
EL10136,حوض مطبخ ستانلس ستيل   304 60 * 45 سم,أسيل,AS3467,كروم,دار الخزف للمواد الصحية (السراج),حوض مطبخ ستانلس ستيل,475,650,600,فردي,4,0,0
ATWC50154, زر بتارية مقعد كبير ,سانيتاري ويرز,,كروم لامع,شركة البهراء العالمية الحديثة,ملحقات مقاعد,3.5,10,9,دائري,0,4,0
CD40162,مسطرة دوش زوجية دهبي ,سانيتاري ويرز,,ذهبي,شركة البهراء العالمية الحديثة,مسطرة دوش,135,250,200,دائري,2,2,0
AASB30784,موزع صابون سائل كروم,بضائع أوروبية,1397,ذهبي,مجموعة الجذور للاسواق التجارية,اكسسوارات,5,13,10,حائطي,4,0,0
VP20786,حوض وجه فوق الرخام أبيض ,سانيتاري ويرز,A05,أبيض,دار الخزف للمواد الصحية (11 يونيو),حوض فوق الرخام,175,260,230,مربع,2,2,0
ARSB80357,سماعة دوش مع طوبو ذهبي,سلارنو,SS-09,ذهبي,شركة البهراء العالمية الحديثة,سماعة دوش,25.5,75,60,دائري,0,4,0
ARSB80804,شطاف ضغط دائري مع طوبو ذهبي,فوكس,VX-03G,ذهبي,شركة لمسات البناء,شطاف,63,120,90,دائري,4,0,0
WP20809,مقعد أرضي أبيض,ايجا فتريفاي,LIKYA-12000,أبيض,مجموعة الخليج,مقعد أرضي,300,550,500,دائري,4,0,0
LG40172, حوض وجه برسلين مشطوف 80 سم ,ليسو,3080,,دار الخزف للمواد الصحية (السراج),حوض وجه برسلين,400,600,540,معلق,3,1,0
EG40173,رف حوض وجه برسلين 80 سم,ليسو,3080,,دار الخزف للمواد الصحية (السراج),رف حوض وجه برسلين,180,350,280,معلق,3,1,0
PLSA0208,وردة كروم,سانيتاري ويرز,,كروم,دار الخزف للمواد الصحية (السراج),وصلة,6.75,10,10,مربع,4,0,0
RE10218,حنفية حوض المطبخ شجرة كروم,سانيتاري ويرز,SALERNO,كروم,شركة البهراء العالمية الحديثة,حنفية حوض المطبخ,13.75,30,30,,0,4,0
EG30419,حوض مطبخ جرانيت رمادي محبب 55*44 ,سانيتاري ويرز,جرمة,رصاصي,شركة الصداقة,حوض مطبخ جرانيت,225,370,340,فردي,2,2,0
ARSB80426,مصب دوش مع تحويلة كروم,ريفانا,CND411,كروم,مجموعة الشريف,مصب دوش,72,150,100,مربع,4,0,0
ARSB80428,كسكاس دوش دائري 250 مم كروم  مع القصبة,مونتانا س.ل,MT-2525R,كروم,مجموعة الشريف,كسكاس دوش,190,280,250,دائري,4,0,0
SA10429,طقم اكسسوار أسود\كروم,ديولو,50-10-49,أسود-كروم   ,شركة النخبة الفريدة لاستيراد مواد البناء,طقم اكسسوارات,235,350,325,دائري,4,0,0
CD40235,مسطرة دوش مع خلاط ذهبي,ا بي ام انترناشونال,2003,ذهبي,شركة البهراء العالمية الحديثة,مسطرة دوش,465,650,600,,1,3,0
CD40238,مسطرة دوش مع خلاط  دهبي ,ا بي ام انترناشونال,1003,ذهبي,شركة البهراء العالمية الحديثة,مسطرة دوش,335,550,520,,2,2,0
ARSB80251,سماعة دوش مع طوبو ذهبي,توريما,1372-010,ذهبي,دار الخزف للمواد الصحية (السراج),سماعة دوش,205,340,310,دائري,0,4,0
MD20242,خلاط دوش كروم,توريما,VELVET 8V16211-093,كروم,دار الخزف للمواد الصحية (السراج),خلاط دوش,395,550,550,,2,2,0
MA20460,خلاط حوض المطبخ سحاب كروم,ديولو,WJ-1033,كروم,شركة النخبة الفريدة لاستيراد مواد البناء,خلاط حوض المطبخ سحاب,180,300,250,,4,0,0
ARSB80468,"مسكر شطافة دبل ""1/2"" * ""1/2 كروم",تركارت,MIKRO,كروم,شركة المضمونة للبناء,مخرج شطاف,53.5,90,70,دائري,4,0,0
PD20288,حاجز دوش 8 مم بالعلاقة المناشف100 سم,ليسو,WIC-100E,,دار الخزف للمواد الصحية (السراج),حاجز دوش,410,700,680,,2,2,0
ARSB80594,وجه خلاط شطاف مدفون كروم,دانيال,5602ROCR,كروم,مجموعة العربي,ملحقات خلاط,38.5,65,50,,3,1,0
WS10594,مقعد معلق تورنيدو أبيض ,ب.أمور,SH-035,أبيض,South Villa,مقعد معلق,405,700,550,مربع,0,1,3
ARSB80611,وجه خلاط شطاف مدفون دائري كروم,توريما,0127611-001,كروم,دار الخزف للمواد الصحية (11 يونيو),ملحقات خلاط,55,80,75,دائري,3,1,0
ARSB80612,وجه خلاط دوش مدفون دائري كروم,توريما,0147911-40,كروم,دار الخزف للمواد الصحية (11 يونيو),ملحقات خلاط,90,160,160,دائري,3,1,0
ARSB80613,يد خلاط  مدفون كروم,توريما,VELVET,كروم,دار الخزف للمواد الصحية (11 يونيو),ملحقات خلاط,50,75,60,دائري,3,1,0
ARSB80639,"مسكر شطافة ""1/2"" * ""1/2 كروم",بن أمور,,كروم,مصنع خلاطات و أكسسوارات الصين,مخرج شطاف,14,30,25,مربع,2,1,1
ARSB80682,وجه خلاط دوش مدفون مربع كروم,توريما,0124911-T40,كروم,دار الخزف للمواد الصحية (11 يونيو),ملحقات خلاط,95,170,170,مربع,3,1,0
ME10684,خلاط حوض المطبخ شجرة كروم,فولنا,VO8015,كروم,مسوق سيف الاسلام زليتي,خلاط حوض المطبخ شجرة,95,150,120,مربع,4,0,0
AM40691,مراية دولاب حمام 80 سم,بن أمور,T305-8046,بيج,مصنع خلاطات و أكسسوارات الصين,مراية دولاب,200,400,390,حائطي,0,1,3
AASB30713,مورش صابونية دائري,بن أمور,مجموعة بن عمر,شفاف,مصنع خلاطات و أكسسوارات الصين,اكسسوارات,5,15,10,دائري,4,0,0
PE30789,برايمر كالي 5كجم ,kalekim,العازل,,شركة الثريا لمستلزمات الرخام والسراميك ,الجدران خارجي,100,120,115,,0,4,0
AETS20378,تفلون سائل 15ml,سانيتاري ويرز,,,شركة كرزاز لاستيراد مواد البناء ,ملحقات عوازل صحية,6.9,15,12,دائري,0,4,0
ARSB85499,رشاش دوش ذهبي,اي ار بي,9075,كروم,مجموعة العربي,كسكاس دوش,105,200,170,مربع,0,4,0
MDE50399,خلاط دوش مدفون كروم ,ARB,KLDI621LYC00,كروم,مجموعة العربي,خلاط دوش مدفون,285,450,400,دائري,0,4,0
MTE60400,خلاط شطاف مدفون كروم ,ARB,KIDI120LYC00,كروم,مجموعة العربي,خلاط شطاف مدفون,160,260,230,دائري,0,4,0
ARSB80453,كسكاس دوش دائري 300 مم كروم,فينوس,UTR12,كروم,شركة لمسات البناء,كسكاس دوش,75.66,140,120,دائري,0,4,0
ARSB80473,قصبة دوش 35 سم كروم,فينوس,SAR15,كروم,شركة لمسات البناء,قصبة دوش,89.24,140,120,دائري,0,4,0
AASB30413,حاملة فوط كروم,فينوس,GR-02,كروم,شركة لمسات البناء,اكسسوارات,64.02,100,85,حائطي,0,4,0
ML30398, مرايا حمام مع إضاءة لد مع بخار 60 اطار ذهبي ,سانيتاري ويرز,L804,ذهبي,شركة لمسات البناء,مراية مضيئة,218.25,350,300,لاد,0,4,0
ARSB80442,شطاف ضغط  مع طوبو كروم,سانيتاري ويرز,NONAS,كروم,شركة لمسات البناء,شطاف,41.71,95,70,دائري,0,4,0
ARSB80754,مصب دوش بدون تحويلة كروم ,فيدار,FD12002-C,كروم,المسوق الاسطى,مصب دوش,57,90,75,دائري,4,0,0
PS20781,علاقة مناشف كروم,بضائع أوروبية,230610,كروم,تولين للبضائع الأوروبية,علاقة مناشف,35,65,50,مربع,4,0,0
PA30425,نايلو تغليف ,سانيتاري واير,,رصاصي,محلات الاعتماد (السراج),أحذية السلامة,38.5,50,42,طويل,0,4,0
ML30786,مرايا حمام ضد البخار مع إضاءة لد 70*70 سم,سانيتاري ويرز,4001,,دار الخزف للمواد الصحية (11 يونيو),مراية مضيئة,290,450,380,دائري,4,0,0
ML30790,مرايا حمام ضد البخار مع إضاءة لد 60*80 سم,سانيتاري ويرز,4007,,دار الخزف للمواد الصحية (11 يونيو),مراية مضيئة,105,170,140,مستطيل,4,0,0
ARSB80807,شطاف ظغط دائري مع طوبو أسود,توريما,1372-03329-031,أسود,  شركة أجياد ليبيا ,شطاف,230,350,350,دائري,2,2,0
MLE40821,خلاط حوض وجه مدفون ذهبي ,توريما,EDGE 8E31333-094,ذهبي,  شركة أجياد ليبيا ,خلاط حوض وجه مدفون,850,1300,1100,طويل,2,2,0
PS20820,علاقة مناشف فردية كروم,توريما,1372-ACCESS-002,كروم,  شركة أجياد ليبيا ,علاقة مناشف,145,250,250,معلق,3,1,0
MDE50821,خلاط دوش مدفون فلفيت أسود ,توريما,8V010BB-090,أسود,  شركة أجياد ليبيا ,خلاط دوش مدفون,650,950,900,مربع,2,2,0
MTE60822,خلاط شطاف مدفون شريحة مربع كروم ,توريما,MERIDA 8Q00011-093,كروم,  شركة أجياد ليبيا ,خلاط شطاف مدفون,235,370,320,مربع,5,-1,0
SC10832,بوكس زاوية  200*100*80 سم كروم,سانيتاري ويرز,,كروم,مسوق الجميل,بوكس حمام,400,800,700,,4,0,0
MT30861,خلاط شطاف ذهبي ,سانيتاري ويرز,OM-104-GOLD,ذهبي,شركة النخبة الفريدة لاستيراد مواد البناء,خلاط شطاف,65,130,90,,4,0,0
ML30863,مرايا حمام مع إضاءة لد 60*100 سم عرض,ديولو,DE 019,,شركة النخبة الفريدة لاستيراد مواد البناء,مراية مضيئة,105,200,195,لاد,4,0,0
RFP1869,"فسيبلي "" 1/2 أنثى * ""1/2 أنثى 50سم",فانسكي,اسباني,ذهبي,شركة اعمار الجديد,فسيبلي,65,100,100,دائري,0,4,0
VS10874,حوض وجه معلق 80*48سم,تركواز سيراستايل,LILA,أبيض,شركة الصداقة,حوض وجه معلق,267,550,550,مربع,4,0,0
ELC1413,"مطول كهرباء 4مدخل 5متر
",الشركة العالمية للتصدير و الإستيراد,,,محلات الاعتماد (السراج),الأسلاك والكابلات,30.5,50,45,,0,4,0
PA30416,فيتي 3.5 * 40 (1كيلوا),الشركة العالمية للتصدير و الإستيراد,,أسود,محلات الاعتماد (السراج),برغي,12.5,20,18.5,,0,4,0
PA30417,سرية بونتة خشب ,الشركة العالمية للتصدير و الإستيراد,,,محلات الاعتماد (السراج),أدوات الثقب,8.25,18,16,قصير,0,4,0
VS10883,عمود حوض وجه أرضي أبيض ,ايجا فتريفاي,KAPYA-15102001,أبيض,مجموعة الخليج,حوض وجه معلق,40,120,70,أرضي,4,0,0
AASB30427,رف زاوية زوجي ذهبي ,ليسو,wl-6,ذهبي,دار الخزف للمواد الصحية (السراج),اكسسوارات,115,200,175,زوجي,0,4,0
SA10809,طقم اكسسوار أسود الامونيوم ,ليسو,18B-079,أسود,دار الخزف للمواد الصحية (السراج),طقم اكسسوارات,145,260,245,مربع,0,4,0
PA30424,متر 5م,فندر,,بُرْتُقَالِيّ,محلات الاعتماد (السراج),أدوات القياس والتتبع,8,15,12,,0,4,0
PE30435,موس فرش,,,أسود,محلات الاعتماد (السراج),موس فرش والمقص,2.5,8,6,,0,4,0
MC10439,غطاء غرفة تفتيش 60*60 فايبر اسود,ستار سانيتار,,أسود لامع,محلات الاعتماد (السراج),مجرى,63,75,70,مربع,0,4,0
MC10440,غطاء غرفة تفتيش 80*80 فايبر اسود,ستار سانيتار,,أسود لامع,محلات الاعتماد (السراج),مجرى,175,220,200,مربع,0,4,0
PD20889,حاجز دوش 100 * 190 سم 8مم  أسود,سانيتاري ويرز,PF-40-12/100,أسود,شركة النخبة الفريدة لاستيراد مواد البناء,حاجز دوش,465,700,660,,3,1,0
RO10924,مسكر زاوية  ''1/2 * ''1/2 ذهبي,سانيتاري ويرز,POLO-002,ذهبي,دار الخزف للمواد الصحية (السراج),حنفية,19,35,25,مربع,4,0,0
MT30928,خلاط شطاف كروم ,أيولي,9425-100 STILE,كروم,دار الخزف للمواد الصحية (السراج),خلاط شطاف,235,350,330,,4,0,0
AM0737,دولاب حمام مع حوض وجه 60 سم,سانيتاري ويرز,040,أبيض,شركة النخبة الفريدة لاستيراد مواد البناء,دولاب حمام,740,1200,1200,,1,3,0
ML30748,مرايا حمام مع إضاءة لد ,سانيتاري ويرز,040,,شركة النخبة الفريدة لاستيراد مواد البناء,مراية مضيئة,100,150,140,لاد,1,3,0
ML10752,خلاط حوض وجه اسود,ليسو,YJRU263-B,أسود,دار الخزف للمواد الصحية (11 يونيو),خلاط حوض وجه,105,220,220,مربع,3,1,0
ARSB0758,سماعة دوش مع طوبو أسود,بريمكس,SR117X,كروم,شركة لمسات البناء,سماعة دوش,68,120,120,دائري,4,0,0
CD40762,مسطرة دوش زوجية كروم,سانيتاري ويرز,JR079-29,كروم,دار الخزف للمواد الصحية (11 يونيو),مسطرة دوش,135,250,220,دائري,4,0,0
ML10790,خلاط حوض وجه أسود,سانيتاري ويرز,OM-32B,أسود,شركة النخبة الفريدة لاستيراد مواد البناء,خلاط حوض وجه,230,350,340,دائري,3,1,0
MT30794,خلاط شطاف كروم ,سانيتاري ويرز,OM-108,كروم,شركة النخبة الفريدة لاستيراد مواد البناء,خلاط شطاف,52,90,60,,4,0,0
EG40750,رف كواريون كوارتز 80سم أبيض,سانيتاري ويرز,360-2-1,أبيض,شركة النخبة الفريدة لاستيراد مواد البناء,رف حوض وجه برسلين,220,330,320,دائري,3,1,0
LG40751, حوض كواريون كوارتز80سم أبيض,سانيتاري واير,360-2-1,أبيض,شركة النخبة الفريدة لاستيراد مواد البناء,حوض وجه برسلين,380,800,700,دائري,3,1,0
ML30752,مرايا حمام مع إضاءة لد-عرض60*80 سم,ديولو,360-2-1,,شركة النخبة الفريدة لاستيراد مواد البناء,مراية مضيئة,100,150,110,لاد,3,1,0
PA30443,متر 50 رولينة حديد,فندر,,,محلات الاعتماد (السراج),أدوات القياس والتتبع,76,85,83,,0,4,0
PA30444,متر 100 رولينة قماش ,فندر,,,محلات الاعتماد (السراج),أدوات القياس والتتبع,19.5,40,37,,0,4,0
PE30884,زمالطو ضد الصدأ1كغ أسود,دهانات المدينة مصراتة,,أسود,محلات الاعتماد (السراج),الحديد,13.44,20,19,,0,4,0
AASB30763,فرشاة تنظيف مرحاض رصاصي,سانيتاري ويرز,SG-36,رصاصي,مجموعة الشريف,اكسسوارات,22.5,50,40,دائري,4,0,0
PE30474,شفاط ابيض ,ABM,N6,,شركة البهراء العالمية الحديثة,مثقاب كهربائي,59,140,120,مشبك,0,4,0
ARSB80988,كسكاس دوش دائري 250 مم كروم,توريما,1372-01476-001,كروم,  شركة أجياد ليبيا ,كسكاس دوش,145,250,240,دائري,1,3,0
MDE50504,مطول خلاط شطافة مدفون ,توريما,0191811,كروم,دار الخزف للمواد الصحية (السراج),خلاط دوش مدفون,195,300,290,مربع,4,0,0
MC10770,مجرى 50 سم *8 سم كروم,أكوا دزاين,AD216-50,كروم,شركة المضمونة للبناء,مجرى,265,400,400,مستطيل,2,2,0
PS20513,علاقة مناشف أسود,بريمكس,6100X-60,أسود,نوكسي تركيا,علاقة مناشف,78,185,175,مربع,0,4,0
AASB30517,حاملة ورق منظف كلينكس,ليسو,2698,,دار الخزف للمواد الصحية (السراج),اكسسوارات,38,110,100,,0,4,0
AM0858,دولاب حمام -80 سم,سانيتاري ويرز,9938,أبيض,دار الخزف للمواد الصحية (11 يونيو),دولاب حمام,600,1000,1000,بي في سي,2,2,0
VS10841,حوض وجه معلق -80 سم,سانيتاري واير,9938,أبيض,دار الخزف للمواد الصحية (11 يونيو),حوض وجه معلق,350,700,700,مربع,2,2,0
AB10844,خزانة حمام أبيض ,سانيتاري ويرز,9938,أبيض,دار الخزف للمواد الصحية (11 يونيو),خزانة حمام,150,250,250,بي في سي,2,2,0
LG40861, حوض كواريون كوارتز100سم أبيض,سانيتاري واير,6004,أبيض,شركة النخبة الفريدة لاستيراد مواد البناء,حوض وجه برسلين,500,750,750,دائري,4,0,0
EG40862,رف كواريون كوارتز 100سم أبيض,سانيتاري ويرز,6004,أبيض,دار الخزف للمواد الصحية (11 يونيو),رف حوض وجه برسلين,300,500,500,معلق,4,0,0
EG30882,حوض مطبخ جرانيت بيج78*50 فردي,ب.أمور,Sousse,بيج,بوليمي Bolemi,حوض مطبخ جرانيت,555,880,690,فردي,2,2,0
WP20892,مقعد عربي أبيض61*51,اروزر,,أبيض,شركة بيوت العز لاستيراد مواد بناء,مقعد أرضي,120,220,200,مربع,4,0,0
ARSB80932,شطاف ظغط مربع مع طوبو ذهبي,توريما,1372-03330-028,ذهبي,  شركة أجياد ليبيا ,شطاف,145,250,250,مربع,4,0,0
ARSB80942,وردة خلاط شطاف مدفون كروم,توريما,A2L03890-001,كروم,  شركة أجياد ليبيا ,ملحقات خلاط,85,130,130,مربع,4,0,0
ARSB80943,وردة خلاط دوش مدفون كروم,توريما,A2L04290-001,كروم,  شركة أجياد ليبيا ,ملحقات خلاط,100,150,150,مربع,4,0,0
ARSB80944,يد خلاط  مدفون كروم,توريما,BLOG 0124511,كروم,  شركة أجياد ليبيا ,ملحقات خلاط,55,85,85,مربع,4,0,0
EL10933,حوض مطبخ ستانلس ستيل تحت الرخامة 304 75*44 سم,أسيل,AS237DRAWN,أسود,شركة النخبة الفريدة لاستيراد مواد البناء,حوض مطبخ ستانلس ستيل,595,830,800,فردي,4,0,0
EL10985,حوض مطبخ ستانلس ستيل تحت الرخامة 304 50*40*22 سم,أسيل,359,كروم,شركة النخبة الفريدة لاستيراد مواد البناء,حوض مطبخ ستانلس ستيل,365,600,600,فردي,3,1,0
ME11006,خلاط حوض المطبخ شجرة كروم,فيغاروو,EM-005,كروم,مجموعة الشريف,خلاط حوض المطبخ شجرة,132,250,250,دائري,4,0,0
ARSB81054,اكسسوار خلاط دوش مدفون مربع ذهبي,فيدار,FD-8T0015-R,ذهبي,شركة البهراء العالمية الحديثة,ملحقات خلاط,145,250,250,مربع,4,0,0
ARSB81055,اكسسوار خلاط شطاف مدفون مربع ذهبي ,فيدار,FD-8T0018-R,ذهبي,شركة البهراء العالمية الحديثة,ملحقات خلاط,90,150,150,مربع,4,0,0
AASB30547,رف زاوية كروم,بريمكس,117-2,كروم,شركة لمسات البناء,اكسسوارات,114.7,190,180,,0,4,0
AASB30548,رف زاوية أسود فردي ,بريمكس,12-117,أسود,شركة لمسات البناء,اكسسوارات,112.25,190,180,,0,4,0
VS10571,حوض وجه معلق 60سم,ليسو,1197,أبيض,دار الخزف للمواد الصحية (السراج),حوض وجه معلق,220,400,380,,0,4,0
AB10573,خزانة حمام أبيض ,سانيتاري ويرز,1527,أبيض,دار الخزف للمواد الصحية (السراج),خزانة حمام,300,500,450,بي في سي,0,4,0
AM0574,حوض وجه مع دولاب حمام -60 سم,سانيتاري ويرز,1527,أبيض,دار الخزف للمواد الصحية (السراج),دولاب حمام,600,1000,900,بي في سي,0,4,0
AM40575,مراية دولاب حمام -60 سم ,سانيتاري ويرز,1527,أبيض,دار الخزف للمواد الصحية (السراج),مراية دولاب,150,300,250,بي في سي,0,4,0
ARSB81068,كسكاس دوش مربع 300*300 مم كروم,سانيتاري واير,3471,كروم,شركة الجودة vip,كسكاس دوش,49,150,150,مربع,4,0,0
AASB31086,حاملة فرشاة أسنان كروم,بن أمور,B.AMOR-CA,كروم,مصنع خلاطات و أكسسوارات الصين,اكسسوارات,20,60,60,دائري,4,0,0
AASB31087,صابونية كروم,بن أمور,B.AMOR-CA,كروم,مصنع خلاطات و أكسسوارات الصين,اكسسوارات,15,50,50,دائري,4,0,0
ME11095,خلاط حوض المطبخ شلال شجرة رصاصي,MSLiNO,MS1005B-GGY,رصاصي,مسوق سفيان بن فايد,خلاط حوض المطبخ شجرة,315,520,520,دائري,4,0,0
ME11096,خلاط حوض المطبخ شلال شجرة كروم,MSLiNO,MS1005B-CP,كروم,مسوق سفيان بن فايد,خلاط حوض المطبخ شجرة,315,520,520,دائري,4,0,0
AASB31106,موزع صابون كروم,ليمكس,208,كروم,شركة اعمار الجديد,اكسسوارات,75,160,155,حائطي,4,0,0
PS21107,علاقة مناشف زوجية كروم متحركة ,ليمكس,2690,كروم,شركة اعمار الجديد,علاقة مناشف,62.5,150,140,معلق,4,0,0
SA11115,طقم اكسسوار كروم,ليسو,FL0400,كروم,دار الخزف للمواد الصحية (11 يونيو),طقم اكسسوارات,190,350,340,مربع,4,0,0
AASB31129,رف زاوية زوجي ذهبي ,ليسو,WL81,ذهبي,دار الخزف للمواد الصحية (11 يونيو),اكسسوارات,145,220,200,زوجي,4,0,0
SA11134,طقم اكسسوار كروم,ليسو,710,كروم,دار الخزف للمواد الصحية (11 يونيو),طقم اكسسوارات,155,350,320,دائري,4,0,0
SA11135,طقم اكسسوار كروم,ليسو,662,كروم,دار الخزف للمواد الصحية (11 يونيو),طقم اكسسوارات,245,380,350,مربع,4,0,0
ML10001,خلاط حوض وجه كروم ,توريما,MERIDA,كروم,  شركة أجياد ليبيا ,خلاط حوض وجه,490,700,700,,3,2,0
ML10038,خلاط حوض وجه مزخرف طويل كروم,سانيتاري واير,,كروم,تولين للبضائع الأوروبية,خلاط حوض وجه,188,350,231.6,طويل,3,2,0
ARSB80078,شطاف ظغط مربع مع طوبو أسود,ميبت,MAYA,أسود,شركة لمسات البناء,شطاف,43,75,60,مربع,0,5,0
MA20006,خلاط حوض المطبخ سحاب كروم,يولي,,كروم,شركة لمسات البناء,خلاط حوض المطبخ سحاب,210,330,260,,0,5,0
MDE50040,خلاط دوش مدفون كروم,فرامو,SM207CR,كروم,شركة الركن الجديد,خلاط دوش مدفون,255,400,390,,2,3,0
ARSB80096,مصب دوش بدون تحويلة كروم,فورتميكس,KING M1233,كروم,شركة آفاق المتحدة لإستيراد مواد البناء,مصب دوش,85,130,110,,0,5,0
ARSB80099,مصب دوش مع تحويلة ذهبي,بريمكس,J005G,ذهبي,شركة لمسات البناء,مصب دوش,88,140,115,,1,4,0
ARSB80110,قصبة دوش 35 سم كروم,فينوس,,كروم,شركة لمسات البناء,قصبة دوش,32,75,55,,0,5,0
ARSB80116,مصب دوش مع تحويلة كروم,فينوس,CALVIN D1S,كروم,مجموعة العربي,مصب دوش,112,165,145,,0,5,0
VS10188,حوض وجه معلق -60 سم,تركواز سيراستايل,DURU,أبيض,شركة الصداقة,حوض وجه معلق,339.5,480,300,مربع,0,5,0
VS10191,حوض وجه معلق -80 سم,تركواز سيراستايل,FRAME,أبيض,شركة الصداقة,حوض وجه معلق,405,650,650,مربع,3,2,0
VP20215,حوض وجه فوق الرخام أبيض -50سم ,ب.أمور,8278,أبيض,South Villa,حوض فوق الرخام,130,225,160,مربع,4,1,0
EL10243,حوض مطبخ ستانلس ستيل منظومة بيانو 304 75*46 كروم,ليسو,,كروم,دار الخزف للمواد الصحية (11 يونيو),حوض مطبخ ستانلس ستيل,465,700,700,فردي,1,4,0
EG30257,حوض مطبخ جرانيت أبيض محبب  80*50 ,سانيبال,فلورا,أبيض,مجموعة الخليج,حوض مطبخ جرانيت,350,530,530,فردي,5,0,0
MC10269,مجرى 33 سم *7 سم كروم,فيها,,كروم,شركة المضمونة للبناء,مجرى,53.8,85,70,مستطيل,5,0,0
ALVM50283,رأس سيفوني 1 ''1/4  ''5 كروم,فينوس,,كروم,شركة لمسات البناء,رأس سيفوني,49,80,65,دائري,0,5,0
ARSB80318,مخرج شطاف ذهبي,بريمكس,J013G,ذهبي,شركة لمسات البناء,مخرج شطاف,34,75,50,مربع,0,5,0
ARSB80334,مخرج شطاف مع علاق كروم,فينوس,OEHS,كروم,شركة لمسات البناء,مخرج شطاف,42.68,60,54,دائري,0,5,0
ARSB80344,مخرج شطاف كروم,سانيتاري ويرز,1110,كروم,شركة المضمونة للبناء,مخرج شطاف,55,115,80,مربع,0,5,0
ARSB80349,مخرج شطاف كروم,سانيتاري ويرز,,كروم,شركة المضمونة للبناء,مخرج شطاف,25,60,45,دائري,0,5,0
ARSB80008,سماعة دوش مع طوبو ذهبي,سانيتاري ويرز,,ذهبي,شركة البهراء العالمية الحديثة,سماعة دوش,24.5,50,35,دائري,2,3,0
ARSB80365,سماعة دوش مع طوبو ذهبي,سلارنو,SS-07,ذهبي,شركة البهراء العالمية الحديثة,سماعة دوش,47,75,60,مربع,4,1,0
ARSB80366,سماعة دوش مع طوبو كروم,كوتالي,,كروم,شركة البهراء العالمية الحديثة,سماعة دوش,72,100,90,مربع,0,5,0
ARSB80376,سماعة دوش مع طوبو كروم,ليسو,,كروم,دار الخزف للمواد الصحية (11 يونيو),سماعة دوش,48,80,60,دائري,4,1,0
RO10472,حنفية ضغط ,فينوس,,كروم,شركة لمسات البناء,حنفية,88,125,115,دائري,0,5,0
MC10003,سرفنتينة 15 سم * 15 سم اسود,بيورا,FD-GB,أسود,شركة الركن الجديد,مجرى,80,110,100,مربع,4,1,0
ARSB80719,مصب دوش مع تحويلة ذهبي,سي أر سمارت,15.14.2,ذهبي,شركة أركان العمارة,مصب دوش,90,140,115,مربع,3,2,0
PE30022,زمالطو  2.5 كغ أسود لامع,دهانات المدينة مصراتة,,أسود لامع,محلات الإعتماد لإستيراد مواد البناء (11 يونيو),الحديد,44,50,47,,0,5,0
PE30025,زمالطو  2.5 كغ رصاصي لامع,دهانات المدينة مصراتة,,رصاصي لامع,محلات الإعتماد لإستيراد مواد البناء (11 يونيو),الحديد,44,50,47,,0,5,0
PE30044,طلاء زيتي 700 غ أصفر لامع,دهانات المدينة مصراتة,طلاء زيتي,أصفر لامع,محلات الإعتماد لإستيراد مواد البناء (11 يونيو),الحديد,15,20,17,,0,5,0
PE30047,طلاء زيتي 700 غ أسود لامع,دهانات المدينة مصراتة,طلاء زيتي,أسود لامع,محلات الإعتماد لإستيراد مواد البناء (11 يونيو),الحديد,14.88,20,17,,0,5,0
AASB30027,رف ستاينلس ستيل أسود ,فينوس,457B,أسود,شركة لمسات البناء,اكسسوارات,26,50,40,ستاينلس ستيل,1,4,0
RA30041,"ديسكو خرسانة 9"" 230 مم",كداس,A 24 PLUS T-BF,أسود مطفي,محلات الإعتماد لإستيراد مواد البناء (11 يونيو),ديسكو منشار دائري,10.5,17,14,,0,5,0
AECU50058,رقبة خلاط حوض مطبخ أسود,فينوس,1500,بُرْتُقَالِيّ,شركة لمسات البناء,ملحقات أحواض المطابخ,28.13,40,25,دائري,5,0,0
RA30071,قفل كورة,والي,,,محلات الإعتماد لإستيراد مواد البناء (11 يونيو),قفل باب,325,400,370,,0,5,0
PS20082,علاقة ملابس ثلاثية,سانيتاري ويرز,,كروم,دار الخزف للمواد الصحية (11 يونيو),علاقة مناشف,18.5,30,25,معلق,0,5,0
PE30116,"منشار خشب 16"" 400 مم",فندر,,,محلات الإعتماد لإستيراد مواد البناء (11 يونيو),صندوق الأدوات,10.5,17,13,,0,5,0
P30107,مضخة 3/4 حصان,شمجا,QB70G1,,محلات الإعتماد لإستيراد مواد البناء (11 يونيو),مضخة,290,490,390,,0,5,0
P30112,بدل كورة,فارس,2000-Hybrid,,محلات الإعتماد لإستيراد مواد البناء (11 يونيو),مضخة,95,145,115,,0,5,0
PA30124,قفل سرانتي يمين + يسار,داف,565.60,,محلات الإعتماد لإستيراد مواد البناء (11 يونيو),قفل باب,48,70,57,,0,5,0
PA30134,قفل طلقة 90 مم,والي,,كروم,محلات الإعتماد لإستيراد مواد البناء (11 يونيو),قفل باب,96,155,125,,0,5,0
PA30137,قفل طلقة 90 مم,الشركة العالمية للتصدير و الإستيراد,NTB CAD84,كروم,محلات الإعتماد لإستيراد مواد البناء (11 يونيو),قفل باب,35,55,42,,0,5,0
P30166,بالة 1.3 متر,الشركة العالمية للتصدير و الإستيراد,,,محلات الإعتماد لإستيراد مواد البناء (11 يونيو),بالة,38,75,47,,0,5,0
PA30167,مسحة,الشركة العالمية للتصدير و الإستيراد,,,محلات الإعتماد لإستيراد مواد البناء (11 يونيو),مسحة,44,60,53,,0,5,0
PA30168,مسحة,الشركة العالمية للتصدير و الإستيراد,,,محلات الإعتماد لإستيراد مواد البناء (11 يونيو),مسحة,44,60,53,,0,5,0
PE30169,"فرشة طلاء 1"" 25.4 مم",فندر,,,محلات الإعتماد لإستيراد مواد البناء (11 يونيو),فرشة طلاء,2,4,2.5,,0,5,0
PA30195,طوبو رش 3/4 20 متر,التوفيق,,أَصْفَرُ,محلات الإعتماد لإستيراد مواد البناء (11 يونيو),طوبو رش,102,150,125,,0,5,0
PE30197,"سكينة تغليف 4""",اي بي سي,AC70027,,محلات الإعتماد لإستيراد مواد البناء (11 يونيو),أدوات,3.5,5.5,4,,0,5,0
PE30206,"سكينة تغليف 5.5""",الشركة العالمية للتصدير و الإستيراد,,,محلات الإعتماد لإستيراد مواد البناء (11 يونيو),أدوات,3.6,7,5.5,,0,5,0
PA30223,فرشاة حديد,الشركة العالمية للتصدير و الإستيراد,CRISTAL,أسود,شركة المتخصص الليبي,فرشاة سنفرة,6.5,11,8,,0,5,0
EL50231,ڨويدة 30 متر,الشركة العالمية للتصدير و الإستيراد,,أبيض,محلات الإعتماد لإستيراد مواد البناء (11 يونيو),ملحقات الكهرباء,35,45,42,,0,5,0
EL50240,سير ربط 7.2 * 400 مم (100 قطعة),الشركة العالمية للتصدير و الإستيراد,,أسود,محلات الإعتماد لإستيراد مواد البناء (11 يونيو),ملحقات الكهرباء,13.5,18,16.5,عريض,0,5,0
PA30244,مكنسة 40 سم,الشركة العالمية للتصدير و الإستيراد,,,محلات الإعتماد لإستيراد مواد البناء (11 يونيو),مكنسة خارجية,20,27,24,,0,5,0
ARSB80265,سماعة دوش مع طوبو أسود,ليمكس,LY2189R,أسود,شركة أركان العمارة,سماعة دوش,115,200,145,دائري,0,5,0
ASCA60272,ستريتشة 2.44 متر,الشركة العالمية للتصدير و الإستيراد,,كروم,مجموعة بن عمر BEN AMOR Group,ستريتشة,30,75,50,,0,5,0
ASCA60274,ستريتشة 2.44 متر,الشركة العالمية للتصدير و الإستيراد,,بَنَفْسَجِيّ,مجموعة بن عمر BEN AMOR Group,ستريتشة,30,75,50,,0,5,0
ASCA60275,ستريتشة 2.44 متر,الشركة العالمية للتصدير و الإستيراد,,بَنَفْسَجِيّ,مجموعة بن عمر BEN AMOR Group,ستريتشة,30,75,50,,0,5,0
ASCA60277,ستريتشة 2.44 متر,الشركة العالمية للتصدير و الإستيراد,,كروم,مجموعة بن عمر BEN AMOR Group,ستريتشة,30,75,50,,0,5,0
ASCA60278,ستريتشة 2.44 متر,الشركة العالمية للتصدير و الإستيراد,,ذهبي,مجموعة بن عمر BEN AMOR Group,ستريتشة,30,75,50,,0,5,0
ASCA60279,ستريتشة 2.44 متر,الشركة العالمية للتصدير و الإستيراد,,ذهبي,مجموعة بن عمر BEN AMOR Group,ستريتشة,30,75,50,,0,5,0
ASCA60280,ستريتشة 2.44 متر,الشركة العالمية للتصدير و الإستيراد,,برنزي,مجموعة بن عمر BEN AMOR Group,ستريتشة,30,75,50,,0,5,0
ASCA60281,ستريتشة 2.44 متر,الشركة العالمية للتصدير و الإستيراد,,بَنَفْسَجِيّ,مجموعة بن عمر BEN AMOR Group,ستريتشة,30,75,50,,0,5,0
ASCA60282,ستريتشة 2.44 متر,الشركة العالمية للتصدير و الإستيراد,,كروم,مجموعة بن عمر BEN AMOR Group,ستريتشة,30,75,50,,0,5,0
PLSA0287,وردة ذهبي,سانيتاري ويرز,,ذهبي,دار الخزف للمواد الصحية (11 يونيو),وصلة,2,5,3,مربع,2,3,0
CC10341,كولة خشب 4 كغ,بنتكول,B 105,,مجموعة الخليج,كولة بلاط أرضيات,52.5,64,46,,0,5,0
RA30357,ديسكو جرانيت 7'' 180 مم,فندر,195556,,محلات الإعتماد لإستيراد مواد البناء (11 يونيو),ديسكو منشار دائري,25,35,31,مفتوح,0,5,0
RA30358,ديسكو جرانيت 9'' 230 مم,فندر,195547,,محلات الإعتماد لإستيراد مواد البناء (11 يونيو),ديسكو منشار دائري,37,50,45,مفتوح,0,5,0
RA30360,ديسكو جرانيت 9'' 230 مم,فندر,195562,,محلات الإعتماد لإستيراد مواد البناء (11 يونيو),ديسكو منشار دائري,37,55,50,مغلق,0,5,0
P30361,شاڨور,الشركة العالمية للتصدير و الإستيراد,,,محلات الإعتماد لإستيراد مواد البناء (11 يونيو),فأس,23.5,35,30,,0,5,0
PA30364,متر 3م,فندر,,,محلات الإعتماد لإستيراد مواد البناء (11 يونيو),أدوات القياس والتتبع,4.75,9,6,,0,5,0
PA30368,مكارة رفع رقم 18,الشركة العالمية للتصدير و الإستيراد,,,محلات الإعتماد لإستيراد مواد البناء (11 يونيو),بكرة,17.5,25,22,,0,5,0
PA30372,فرطاسة,الشركة العالمية للتصدير و الإستيراد,,أسود,محلات الإعتماد لإستيراد مواد البناء (11 يونيو),مجرفة مغلفة,4.4,9,7,,0,5,0
PA30373,حاملة إسمنت,الشركة العالمية للتصدير و الإستيراد,,,محلات الإعتماد لإستيراد مواد البناء (11 يونيو),مجرفة مغلفة,7.5,13,11,,0,5,0
PA30375,كستولة,الشركة العالمية للتصدير و الإستيراد,,,محلات الإعتماد لإستيراد مواد البناء (11 يونيو),مجرفة مغلفة,14.5,21,20,,0,5,0
PA30380,منقار,الشركة العالمية للتصدير و الإستيراد,COLT,,محلات الإعتماد لإستيراد مواد البناء (11 يونيو),منقار,4.5,9,6,,0,5,0
RA30389,ديسكو جرانيت 7'' 180 مم,بوش,,,محلات الإعتماد لإستيراد مواد البناء (11 يونيو),ديسكو منشار دائري,13.5,20,17,مفتوح,0,5,0
PA30405,"فرشة صاروخ نحاس  5"" 125 مم",اي بي سي,AC19110,,محلات الإعتماد لإستيراد مواد البناء (11 يونيو),أقراص الصنفرة,8.5,13,12,,0,5,0
ATWC50425,بتارية مقعد أرضي جنب,سانيتاري ويرز,,,محلات الإعتماد لإستيراد مواد البناء (11 يونيو),ملحقات مقاعد,58.5,75,71,,0,5,0
PA30460,رأس سخانة بدون ترمستاتة,الشركة العالمية للتصدير و الإستيراد,,,محلات الإعتماد لإستيراد مواد البناء (11 يونيو),أدوات  متعددة الوظائف,29.5,40,37,طويل,0,5,0
PA30464,عدة رقعة,الشركة العالمية للتصدير و الإستيراد,,,محلات الإعتماد لإستيراد مواد البناء (11 يونيو),أدوات  متعددة الوظائف,4.75,10,7,كبير,0,5,0
PA30504,بونتة مكيف طاسة كاملة,الشركة العالمية للتصدير و الإستيراد,,,محلات الإعتماد لإستيراد مواد البناء (11 يونيو),أدوات الثقب,28,40,35,,0,5,0
EL50518,لصقة خزان 5 سم 5 متر,الشركة العالمية للتصدير و الإستيراد,,,محلات الإعتماد لإستيراد مواد البناء (11 يونيو),ملحقات الكهرباء,8.5,15,11,,0,5,0
PA30524,موس منشار 12'' 300 مم (10 قطع),فندر,191574,,محلات الإعتماد لإستيراد مواد البناء (11 يونيو),منشار يدوي,11.5,20,15,,0,5,0
PA30527,فلوكة سخانة,الشركة العالمية للتصدير و الإستيراد,,كروم,محلات الإعتماد لإستيراد مواد البناء (11 يونيو),أدوات  متعددة الوظائف,6.25,10,8,,0,5,0
CC10529,باسطة 240 غ,الشركة العالمية للتصدير و الإستيراد,MIDO COATINGS,أَصْفَرُ,مجموعة الخليج,كولة بلاط أرضيات,8,15,10,,0,5,0
RO10599,مطول مع مسكر  ''1/2 * ''1/2,سانيتاري ويرز,,كروم,شركة البهراء العالمية الحديثة,حنفية,17,27,22,,0,5,0
PE30369,عصاة مطرقة,الشركة العالمية للتصدير و الإستيراد,,,محلات الإعتماد لإستيراد مواد البناء (11 يونيو),مطرقة - ماصة,5,7,6,,0,5,0
ALVM50368,طابة حوض الوجه,سانيتاري ويرز,,أبيض,دار الخزف للمواد الصحية (11 يونيو),ملحقات أحواض مغاسل,18,30,24,,2,3,0
ALVM50390,رأس سيفوني رخامي,سانيتاري ويرز,923,رخامي,دار الخزف للمواد الصحية (11 يونيو),رأس سيفوني,48,75,65,مربع,1,4,0
ELC2006,قرجوطة 40مم *25 م  ,فاندي,F0026,بَنَفْسَجِيّ,عبد المجيد الفاندي,قراجيط الكهرباء,41,68,50,بلاستك,0,5,0
ELC2007,قرجوطة 50مم *25 م  ,فاندي,F0027,أسود,عبد المجيد الفاندي,قراجيط الكهرباء,48,90,58,بلاستك,0,5,0
EG40082, رف حوض وجه برسلين 90 سم ,سانيتاري ويرز,A05,,دار الخزف للمواد الصحية (11 يونيو),رف حوض وجه برسلين,145,225,180,معلق,3,2,0
ME10021,خلاط حوض المطبخ شجرة كروم,شيزا,SHORT,كروم,  شركة أجياد ليبيا ,خلاط حوض المطبخ شجرة,185,290,240,,5,0,0
MT30026,خلاط شطاف مع شطاف كروم ,شيزا,ROBIN,كروم,  شركة أجياد ليبيا ,خلاط شطاف,130,210,165,,5,0,0
ALVM50023,رأس سيفوني كروم,توريما,1372-007,كروم,شركة البهراء العالمية الحديثة,رأس سيفوني,33,60,46,دائري,3,2,0
MT30018,خلاط شطاف كروم مع شطاف ,فرامو,SM102SHT/CR,كروم,شركة المضمونة للبناء,خلاط شطاف,200,290,230,,5,0,0
ARSB80043,مخرج شطاف كروم,دانيال,A521,كروم,مجموعة العربي,مخرج شطاف,77,130,100,مربع,5,0,0
ML10082,خلاط حوض وجه كروم,جي اف مارك,6-011D,كروم,شركة المتخصص الليبي,خلاط حوض وجه,330,470,405,دائري,3,2,0
MI10135,مراية تجميل مع اكسوار ,سانيتاري ويرز,,أبيض ناصع ,شركة الركن الجديد,مراية,60,120,95,,0,5,0
ARSB80153,شطاف ظغط دائري مع طوبو كروم,سانيتاري ويرز,NOVARA,كروم,شركة الإزدهار مصراتة,شطاف,35,70,50,دائري,4,1,0
ARSB80161,شطاف ظغط دائري مع طوبو رصاصي,سانيتاري ويرز,MSLINO,رصاصي,شركة المضمونة للبناء,شطاف,35,60,50,دائري,5,0,0
ARSB80021,مصب دوش بدون تحويلة كروم,سانيتاري ويرز,,كروم,دار الخزف للمواد الصحية (11 يونيو),مصب دوش,55,90,75,مربع,3,2,0
ARSB80183,مخرج شطاف ذهبي,سانيتاري ويرز,991,ذهبي,دار الخزف للمواد الصحية (11 يونيو),مخرج شطاف,18.571,50,30,مربع,3,2,0
SA10021,طقم اكسسوار خزف ثلاثي رصاصي,سانيتاري ويرز,ALPER HOME 3,رصاصي,مسوق أكسسوارات الزاوية,طقم اكسسوارات,37,75,50,دائري,3,2,0
MC10048,مجرى 40 سم *10 سم  مشبك كروم,فيها,,كروم,شركة المضمونة للبناء,مجرى,55,90,75,مستطيل,5,0,0
PA30051,قشارة أسلاك كهرباء,الشركة العالمية للتصدير و الإستيراد,,,محلات الإعتماد لإستيراد مواد البناء (11 يونيو),مجموعة أدوات كهربائية,7.5,15,12,,0,5,0
AASB3105,رف زجاجي كروم,فينوس,BA810,كروم,شركة لمسات البناء,اكسسوارات,83,130,100,مربع,5,0,0
TO9051,مفتاح ربط رقم 8 مم,الشركة العالمية للتصدير و الإستيراد,AC18693,كروم,محلات الإعتماد لإستيراد مواد البناء (11 يونيو),مفاتيح,3,8,7,,0,5,0
TO9052,مفتاح ربط رقم14 مم,الشركة العالمية للتصدير و الإستيراد,AC18693,كروم,محلات الإعتماد لإستيراد مواد البناء (11 يونيو),مفاتيح,5.5,10,9,,0,5,0
ARSB82067,سماعة دوش مع طوبو كروم,سانيتاري واير,,كروم,محلات الإعتماد لإستيراد مواد البناء (11 يونيو),سماعة دوش,20.5,45,35,دائري,0,5,0
MC10067,سرفنتينة 15 سم * 15 سم بلاستك ,ستار سانيتار,FLORYA,رصاصي,ستار سانيتار,مجرى,18,35,30,مربع,5,0,0
MC10073,سرفنتينة 20*20*28 سم مثلث مشبك كروم ,تركي,ELT2028,كروم,مجموعة الشريف,مجرى,47,85,70,مثلث,5,0,0
ALVM50870,سيفون حوض الوجه كروم,اي ار بي,,كروم,مجموعة العربي,سيفون حوض الوجه,180,280,230,مربع,0,5,0
ARSB80770,مصب دوش بدون تحويلة متحرك دهبي ,سانيتاري ويرز,1-8877,ذهبي,شركة لمسات البناء,مصب دوش,74,150,120,مربع,0,5,0
ML30075,مرايا حمام مع إضاءة لد 80*60 سم,سانيتاري ويرز,5025,,دار الخزف للمواد الصحية (11 يونيو),مراية مضيئة,100,250,200,لاد,5,0,0
AB10076,خزانة حمام أبيض ,سانيتاري ويرز,5025,أبيض,دار الخزف للمواد الصحية (11 يونيو),خزانة حمام,275,400,320,بي في سي,5,0,0
AM0077,حوض وجه مع دولاب حمام -80 سم,سانيتاري ويرز,5025,أبيض,دار الخزف للمواد الصحية (11 يونيو),دولاب حمام,590,1000,900,بي في سي,5,0,0
EL50095,لامبة لد 15 وات,دي بي اس,E27,أسود,محلات الإعتماد لإستيراد مواد البناء (11 يونيو),المصابيح الكهربائية,4.25,7,7,,0,5,0
LG40112, حوض وجه برسلين مشطوف 80 سم ,رويال,M006,أسود,دار الخزف للمواد الصحية (11 يونيو),حوض وجه برسلين,400,700,640,معلق,1,4,0
EG40102,رف حوض وجه برسلين 80 سم,رويال,M006,,دار الخزف للمواد الصحية (11 يونيو),رف حوض وجه برسلين,100,150,110,معلق,1,4,0
MC10111,سرفنتينة 13 سم * 13 سم كروم ,بضائع أوروبية,,كروم,شركة المضمونة للبناء,مجرى,49,80,65,مربع,5,0,0
VS10119,حوض وجه معلق -80 سم,تركواز سيراستايل,ANOVA,أبيض,شركة الصداقة,حوض وجه معلق,494.7,700,700,مربع,2,3,0
PA33118,محقن بلاستك 13سم ,فاندي,,أسود,محلات الإعتماد لإستيراد مواد البناء (11 يونيو),قطع غيار واكسسوارات معدات الحديقة,1.75,10,7,,0,5,0
ARSB80268,مصب دوش طويل بدون تحويلة كروم,توريما,0327511-T40,كروم,دار الخزف للمواد الصحية (11 يونيو),مصب دوش,235,390,390,مربع,3,2,0
ARSB80499,سماعة دوش مع طوبو كروم,توريما,1372-009,كروم,دار الخزف للمواد الصحية (11 يونيو),سماعة دوش,135,250,250,دائري,3,2,0
MC10183,سرفنتينة 15 سم * 15 سم كروم,سانيتاري ويرز,155 SUN,كروم,مجموعة العربي,مجرى,45,75,60,مربع,5,0,0
AETS20237,تفلون 19 مم * 30 متر * 0.8 مم,سانيتاري ويرز,,,مجموعة العربي,ملحقات عوازل صحية,5.75,9,6,دائري,0,5,0
PLSA0132,وردة كروم,رايمر,SAFRA,كروم,دار الخزف للمواد الصحية (السراج),وصلة,2.95,6,4,دائري,3,2,0
ARSB80757,شطاف ظغط مربع مع طوبو ذهبي,ELALAR,015-G,ذهبي,دار الخزف للمواد الصحية (11 يونيو),شطاف,69,120,95,مربع,0,5,0
AASB30762,رف زاوية كروم,سانيتاري ويرز,wl 8,كروم,دار الخزف للمواد الصحية (11 يونيو),اكسسوارات,95,160,110,زوجي,0,5,0
PS20151,علاقة ملابس خماسية دوران,سانيتاري ويرز,,ذهبي,شركة البهراء العالمية الحديثة,علاقة مناشف,45,100,95,معلق,0,5,0
PS20153,علاقة ملابس ثلاثية دوران بدون قصبة,سانيتاري ويرز,,ذهبي,شركة البهراء العالمية الحديثة,علاقة مناشف,84.5,180,150,معلق,0,5,0
PSB10823, دولاب حمام حوض مع مرايا لد -90 سم,سانيتاري ويرز,6112,أبيض,دار الخزف للمواد الصحية (11 يونيو),طقم حمام,890,1350,1250,بي في سي,2,3,0
ALVM50426,سيفون حوض الوجه اسود,مونتانا س.ل,MT-9102B,أسود,مجموعة الشريف,سيفون حوض الوجه,176,290,210,مربع,5,0,0
ARSB80326,مصب دوش بدون تحويلة أسود,أنكا,ANKA ANK-1012,أسود,شركة النخبة الفريدة لاستيراد مواد البناء,مصب دوش,85,120,85,مربع,5,0,0
ARSB80431,كسكاس دوش مربع  300*300 مم كروم مع قصبة  ,مونتانا س.ل,MT-3030SQ,كروم,مجموعة الشريف,كسكاس دوش,240,420,290,مربع,5,0,0
ARSB80601,مصب دوش مع تحويلة ذهبي,أنكا,ANKA ANK-1010,ذهبي,شركة النخبة الفريدة لاستيراد مواد البناء,مصب دوش,100,160,115,مربع,5,0,0
EL10433,حوض مطبخ ستانلس ستيل 76*45 سم أسود,أسيل,AS3456,أسود,شركة النخبة الفريدة لاستيراد مواد البناء,حوض مطبخ ستانلس ستيل,695,1000,750,فردي,5,0,0
MT30245,خلاط شطاف مع شطاف أسود,ليسو,B079,أسود,دار الخزف للمواد الصحية (السراج),خلاط شطاف,88,180,150,مربع,3,2,0
MA20461,خلاط حوض المطبخ سحاب كروم,ديولو,120-10-54,كروم,شركة النخبة الفريدة لاستيراد مواد البناء,خلاط حوض المطبخ سحاب,220,350,300,,5,0,0
ARSB80463,سماعة دوش كروم,ديولو,31-20-800,كروم,شركة النخبة الفريدة لاستيراد مواد البناء,سماعة دوش,35,120,50,مربع,5,0,0
PS20471,علاقة مناشف زوجية كروم,سانيتاري ويرز,SG-23,كروم,مجموعة الشريف,علاقة مناشف,25,50,35,معلق,5,0,0
AASB30473,رف زاوية ثلاثي كروم,سانيتاري ويرز,,كروم,مجموعة الشريف,اكسسوارات,45,120,60,,5,0,0
ML10267,خلاط حوض وجه كروم ,أيولي,9403-TC,كروم,دار الخزف للمواد الصحية (السراج),خلاط حوض وجه,265,400,370,,3,2,0
PE30272,طلاء بخاخ داخلي و خارجي ازرق ,شركة الغزالة لمواد البناء,,ازرق ,محلات الاعتماد (السراج),الجدران والسقف,4.5,10,8.5,,0,5,0
ARSB80527,شطاف ظغط دائري مع طوبو أسود,سانيتاري ويرز,OM-82,أسود,شركة النخبة الفريدة لاستيراد مواد البناء,شطاف,33.5,100,50,مربع,5,0,0
MDE50291,مطول خلاط دوش مدفون ,توريما,0383711-093,كروم,دار الخزف للمواد الصحية (السراج),خلاط دوش مدفون,225,360,360,مربع,4,1,0
ARSB80552,سماعة دوش مع طوبو كروم,فينوس,HSS1522,كروم,شركة لمسات البناء,سماعة دوش,48,75,60,دائري,5,0,0
AASB30301,فرشة مرحاض كروم,ليسو,2680,كروم,دار الخزف للمواد الصحية (السراج),اكسسوارات,73,140,120,مربع,0,5,0
AASB30353,فرشة مرحاض كروم,ليسو,2671,كروم,دار الخزف للمواد الصحية (السراج),اكسسوارات,80,160,140,مربع,0,5,0
CD40656,مسطرة دوش زوجية مع خلاط دجتل رصاصي,بن أمور,68977,رصاصي,مصنع خلاطات و أكسسوارات الصين,مسطرة دوش,400,750,700,حائطي,3,2,0
VS10321,حوض وجه معلق -130 سم,تركواز سيراستايل,CITY,أبيض,شركة الصداقة,حوض وجه معلق,320,600,600,مربع,3,2,0
PLSA0322,وردة كروم  1/2,توريما,1372-5690-002,كروم,دار الخزف للمواد الصحية (السراج),وصلة,6.75,10,10,مربع,3,2,0
EL50327,برتولامبه مقلد ,دي بي اس,,أسود,محلات الاعتماد (السراج),المصابيح الكهربائية,1.9,4,4,,0,5,0
ALVM50730,سيفون حوض الوجه كروم,سانيتاري ويرز,BS,كروم,دار الخزف للمواد الصحية (11 يونيو),سيفون حوض الوجه,75,120,90,مربع,0,5,0
ARSB80732,كسكاس دوش مربع 300*300 مم ذهبي,ديولو,,ذهبي,شركة النخبة الفريدة لاستيراد مواد البناء,كسكاس دوش,63,150,100,مربع,5,0,0
ALVM50398,رأس سيفوني ذهبي ,اي ار بي,,ذهبي,مجموعة العربي,رأس سيفوني,110,200,190,مربع,0,5,0
ARSB80483,مصب دوش بتحويلة كروم,فينوس,RACHEL D1ES,كروم,شركة لمسات البناء,مصب دوش,95.06,180,150,مربع,3,2,0
ARSB80415,مخرج شطاف مع علاق كروم معا مسكر ,فينوس,SAHFS,كروم,شركة لمسات البناء,مخرج شطاف,51.41,120,100,مربع,0,5,0
ARSB80456,قصبة دوش 30 سم كروم,فينوس,SAR12,كروم,شركة لمسات البناء,قصبة دوش,75.66,140,120,دائري,0,5,0
ARSB80446,قصبة دوش 40 سم كروم,فينوس,SAR18,كروم,شركة لمسات البناء,قصبة دوش,104.76,180,160,دائري,0,5,0
ARSB87516,قصبة دوش مربعة 40 سم دهبي,سانيتاري ويرز,,أسود,شركة لمسات البناء,قصبة دوش,62.02,100,80,مربع,0,5,0
ML30397, مرايا حمام مع إضاءة لد مع بخار 60 اطار ذهبي ,سانيتاري ويرز,L806,ذهبي,شركة لمسات البناء,مراية مضيئة,218.25,350,300,لاد,0,5,0
ALVM50778,سيفون حوض الوجه كروم,فيدار,91-73,كروم,شركة البهراء العالمية الحديثة,سيفون حوض الوجه,75,140,130,مربع,5,0,0
ARSB80435,سماعة دوش مع طوبو كروم,اعتماد,401,كروم,محلات الاعتماد (السراج),سماعة دوش,46.5,80,70,مربع,0,5,0
MC10855,مجرى 30 سم *6 سم كروم,راف,1372-01661-003,كروم,  شركة أجياد ليبيا ,مجرى,165,260,210,مستطيل,1,4,0
MC10856,مجرى 40 سم *6 سم كروم,راف,1372-01661-004,كروم,  شركة أجياد ليبيا ,مجرى,215,330,310,مستطيل,0,5,0
VS10872,حوض وجه معلق -60 سم,تركواز سيراستايل,FRAME,أبيض,شركة الصداقة,حوض وجه معلق,258,550,550,مربع,5,0,0
PA30415,فيتي 3.5 * 30 (1كيلوا),الشركة العالمية للتصدير و الإستيراد,,أسود,محلات الاعتماد (السراج),برغي,12.5,20,18.5,,0,5,0
AECU50431,سيفون حوض المطبخ,pgs,,,دار الخزف للمواد الصحية (السراج),ملحقات أحواض المطابخ,35,70,65,زوجي,0,5,0
ML10899,خلاط حوض وجه كروم ,ليسو,321,كروم,دار الخزف للمواد الصحية (11 يونيو),خلاط حوض وجه,265,390,390,مربع,5,0,0
MC10438,غطاء غرفة تفتيش 50*50 فايبر اسود,ستار سانيتار,,أسود لامع,محلات الاعتماد (السراج),مجرى,42.5,55,50,مربع,0,5,0
ARSB80909,كسكاس دوش مربع 300*200 مم مع قصبة كروم,ديولو,62-25-500,كروم,شركة النخبة الفريدة لاستيراد مواد البناء,كسكاس دوش,79,150,120,مربع,5,0,0
ARSB80910,كسكاس دوش مربع 300*200 مم مع قصبة ذهبي,ديولو,64-8-160,ذهبي,شركة النخبة الفريدة لاستيراد مواد البناء,كسكاس دوش,85,150,120,مربع,5,0,0
PD20917,حاجز دوش 100 * 190 سم 8مم اطار أسود مخطط,سانيتاري ويرز,PF14B,أسود,شركة النخبة الفريدة لاستيراد مواد البناء,حاجز دوش,440,680,660,,4,1,0
ALVM50938,سيفون حوض الوجه بلاستك كروم,ليسو,LUSSO,كروم,دار الخزف للمواد الصحية (11 يونيو),سيفون حوض الوجه,65,110,85,دائري,5,0,0
AM0740,دولاب حمام مع حوض وجه 80 سم,سانيتاري ويرز,001,أبيض,شركة النخبة الفريدة لاستيراد مواد البناء,دولاب حمام,780,1200,1200,,2,3,0
CD40755,مسطرة دوش زوجية كروم,سانيتاري ويرز,OM-55,كروم,شركة النخبة الفريدة لاستيراد مواد البناء,مسطرة دوش,128,250,250,,2,3,0
ARSB80764,سماعة دوش مع طوبو ذهبي,بريمكس,SR116K,كروم,شركة لمسات البناء,سماعة دوش,72,120,120,مربع,5,0,0
ML10781,خلاط حوض وجه كروم,سانيتاري ويرز,OM-05,كروم,شركة النخبة الفريدة لاستيراد مواد البناء,خلاط حوض وجه,92.5,260,260,مربع,0,5,0
ML10785,خلاط حوض وجه  كروم,سانيتاري ويرز,OM-161,كروم,شركة النخبة الفريدة لاستيراد مواد البناء,خلاط حوض وجه,90,170,130,مربع,2,3,0
ML10792,خلاط حوض وجه  ذهبي,سانيتاري ويرز,OM-32G,ذهبي,شركة النخبة الفريدة لاستيراد مواد البناء,خلاط حوض وجه,265,400,390,دائري,2,3,0
ML30751,مرايا حمام مع إضاءة لد-عرض60*80 سم,ديولو,D1,,شركة النخبة الفريدة لاستيراد مواد البناء,مراية مضيئة,100,150,110,لاد,4,1,0
ATWC50761,زر بتريا كروم,غروهي,SG-45,كروم,مجموعة الشريف,ملحقات مقاعد,90,200,200,مربع,5,0,0
ARSB80767,مخرج شطاف كروم,PAINI,51CR133IG,كروم,الأروقة الليبية,شطاف,57,120,80,دائري,5,0,0
ARSB80479,قصبة دوش 40 سم سقفية ذهبي,سانيتاري ويرز,,ذهبي,شركة الجودة vip,قصبة دوش,58,100,90,مربع,0,5,0
RA20469,"سنيسكا 25"" اسود دائري",الجودة,بي بي ر - PPR,أسود,شركة الجودة vip,سنيسكا,68,120,120,,0,5,0
PE30242,رولة كروسة 10 سم,الشركة العالمية للتصدير و الإستيراد,,,محلات الاعتماد (السراج),فرشة طلاء,1.95,5,4,,0,5,0
ARSB80505,مخرج شطاف كروم بالعلاقة ,ليسو,1-079,كروم,دار الخزف للمواد الصحية (السراج),مخرج شطاف,75,120,100,مربع,-1,6,0
CD40508,مسطرة دوش زوجية كروم,سانيتاري ويرز,854,كروم,دار الخزف للمواد الصحية (11 يونيو),مسطرة دوش,160,300,285,دائري,0,5,0
VS10514,حوض وجه معلق -50 سم,تركواز سيراستايل,FRAME,أبيض,دار الخزف للمواد الصحية (السراج),حوض وجه معلق,252.2,400,380,مربع,0,5,0
PS20516,علاقة ملابس ثلاثية,ليسو,JR031-61,كروم,دار الخزف للمواد الصحية (السراج),علاقة مناشف,35,120,100,معلق,0,5,0
ARSB80796,كسكاس دوش دائري شريحة 250*250 مم مع قصبة كروم,ليسو,JR133-1C-ROUND,كروم,دار الخزف للمواد الصحية (11 يونيو),كسكاس دوش,95,160,160,دائري,5,0,0
ALVM50791,رأس سيفوني كروم,ليسو,929,كروم,دار الخزف للمواد الصحية (11 يونيو),رأس سيفوني,65,110,110,دائري,0,5,0
ARSB80519,كسكاس دوش مربع مع قصبة 250*250 مم كروم,ليسو,JR085-12,كروم,دار الخزف للمواد الصحية (السراج),كسكاس دوش,120,240,200,مربع,0,5,0
ML10522,خلاط حوض وجه  كروم,ليسو,5017-5,كروم,دار الخزف للمواد الصحية (السراج),خلاط حوض وجه,195,300,240,مربع,0,5,0
AM0826, دولاب حمام مع إضاءة لد-100 سم,سانيتاري ويرز,9928,رصاصي,دار الخزف للمواد الصحية (11 يونيو),دولاب حمام,795,1050,1050,بي في سي,4,1,0
VS10825,حوض وجه معلق -100 سم,سانيتاري واير,9928,أبيض,دار الخزف للمواد الصحية (11 يونيو),حوض وجه معلق,450,750,750,مربع,4,1,0
ML30824,مرايا حمام مع إضاءة لد 100*70 سم,سانيتاري ويرز,9928,,دار الخزف للمواد الصحية (11 يونيو),مراية مضيئة,150,400,400,لاد,4,1,0
AASB30831, سلة قمامة كروم معلقة 5 لتر,بن أمور,مجموعة بن عمر,كروم,مصنع خلاطات و أكسسوارات الصين,اكسسوارات,95,180,180,مربع,2,1,2
AASB30833, سلة قمامة ذهبي   8 لتر,سانيتاري ويرز,,ذهبي,مصنع خلاطات و أكسسوارات الصين,اكسسوارات,125,220,180,دائري,1,2,2
AASB30834, سلة قمامة أسود  8 لتر,بن أمور,مجموعة بن عمر,أسود,مصنع خلاطات و أكسسوارات الصين,اكسسوارات,125,250,180,دائري,3,2,0
AM0843,حوض وجه مع دولاب حمام -60 سم,سانيتاري ويرز,1528,أبيض,دار الخزف للمواد الصحية (11 يونيو),دولاب حمام,780,1100,1100,بي في سي,2,3,0
AB10840,خزانة حمام أبيض ,سانيتاري ويرز,1528,أبيض,دار الخزف للمواد الصحية (11 يونيو),خزانة حمام,150,250,250,بي في سي,2,3,0
ML30839,مرايا حمام مع إضاءة لد80*60 سم,سانيتاري ويرز,1528,,دار الخزف للمواد الصحية (11 يونيو),مراية مضيئة,120,200,200,لاد,2,3,0
ML30842,مرايا حمام مع إضاءة لد80*60 سم,سانيتاري ويرز,9938,,دار الخزف للمواد الصحية (11 يونيو),مراية مضيئة,120,200,200,لاد,3,2,0
EG30880,حوض مطبخ جرانيت رصاصي50*43 فردي,ب.أمور,Tallinn,رصاصي,بوليمي Bolemi,حوض مطبخ جرانيت,405,600,500,فردي,2,3,0
ML30948,مرايا حمام مع إضاءة لد 60*80سم اطار كروم,ليسو,MS-8060,,دار الخزف للمواد الصحية (11 يونيو),مراية مضيئة,60,100,100,لاد,5,0,0
ML30949,مرايا حمام مع إضاءة لد 80*60سم طول اطار كروم,ليسو,MS-6080,,دار الخزف للمواد الصحية (11 يونيو),مراية مضيئة,60,100,100,لاد,5,0,0
AM0959,دولاب حمام -70 سم,بن أمور,330-70,بيج,XUCHANG MINGLAI TECHNOLOGY,دولاب حمام,300,650,650,بي في سي,5,0,0
VS10960,حوض وجه معلق -70 سم,سانيتاري واير,330-70,أبيض,XUCHANG MINGLAI TECHNOLOGY,حوض وجه معلق,250,400,400,مربع,5,0,0
AM40961,مراية دولاب حمام 70 سم,بن أمور,330-70,بيج,XUCHANG MINGLAI TECHNOLOGY,مراية دولاب,150,350,350,حائطي,5,0,0
AM0963,دولاب حمام -70 سم,بن أمور,DS83-70,بيج,XUCHANG MINGLAI TECHNOLOGY,دولاب حمام,300,650,650,بي في سي,5,0,0
VS10964,حوض وجه معلق -70 سم,سانيتاري واير,DS83-70,أبيض,XUCHANG MINGLAI TECHNOLOGY,حوض وجه معلق,250,400,400,مربع,5,0,0
AM40965,مراية دولاب حمام 70 سم,بن أمور,DS83-70,بيج,XUCHANG MINGLAI TECHNOLOGY,مراية دولاب,150,250,250,حائطي,5,0,0
ML30983,مرايا حمام مع إضاءة لد-عرض60*90 سم,سانيتاري ويرز,C-2,,شركة النخبة الفريدة لاستيراد مواد البناء,مراية مضيئة,115,250,250,لاد,5,0,0
ML11014,خلاط حوض وجه كروم ,توريما,XS 8X30011-093,كروم,  شركة أجياد ليبيا ,خلاط حوض وجه,365,520,520,دائري,3,2,0
ARSB81015,علاقة سماعة دوش كبيرة متحركة كروم,سانيتاري ويرز,,كروم,مجموعة الشريف,ملحقات خلاط,2.25,10,8,دائري,5,0,0
ALVM51033,سيفون حوض الوجه كلك بمانع رائحة,سانيتاري ويرز,SG5174-13,أسود,مجموعة الشريف,سيفون حوض الوجه,33,70,50,بلاستك,5,0,0
ALVM51034,سيفون حوض الوجه كروم,مونتانا س.ل,MT-9101,كروم,مجموعة الشريف,سيفون حوض الوجه,145,230,230,دائري,5,0,0
ARSB81036,كسكاس دوش دائري 250*250 مم مع قصبة اسود,سانيتاري ويرز,B-24,أسود,دار الخزف للمواد الصحية (11 يونيو),كسكاس دوش,65,120,100,دائري,5,0,0
ALVM51037,رأس سيفوني ذهبي,سانيتاري ويرز,BLD-114,ذهبي,دار الخزف للمواد الصحية (11 يونيو),رأس سيفوني,25,80,80,دائري,5,0,0
MT30557,خلاط شطاف مع شطاف كروم,ليسو,JR085-3C,كروم,دار الخزف للمواد الصحية (السراج),خلاط شطاف,98,220,200,مربع,0,5,0
ARSB81066,سماعة دوش مع طوبو ذهبي,vip,709G,ذهبي,شركة الجودة vip,سماعة دوش,68,110,110,مربع,5,0,0
ARSB81067,مصب دوش مع تحويلة ذهبي,vip,VIP-9,ذهبي,شركة الجودة vip,مصب دوش,75,180,180,مربع,5,0,0
VS11069, حوض وجه موطو مع عمود أبيض ,ABM,ABM-4006,أبيض,شركة البهراء العالمية الحديثة,حوض وجه معلق,295,450,450,معلق,5,0,0
ARSB81072,كسكاس دوش مربع 300*300 مم مع قصبة كروم,ليمكس,LY2785S-CP-12,كروم,شركة اعمار الجديد,كسكاس دوش,125,200,200,مربع,5,0,0
ML11090,خلاط حوض وجه كلاسيكي أسود-كروم   ,MSLiNO,LY2430-BCP,أسود-كروم   ,مسوق سفيان بن فايد,خلاط حوض وجه,180,280,280,مربع,5,0,0
ML11092,خلاط حوض وجه أسود,MSLiNO,LY2430-BCP,أسود,مسوق سفيان بن فايد,خلاط حوض وجه,185,280,280,مربع,5,0,0
ML11093,خلاط حوض وجه برنزي,MSLiNO,LY1958B-arch,برنزي,مسوق سفيان بن فايد,خلاط حوض وجه,170,260,260,مربع,5,0,0
ML11094,خلاط حوض وجه كلاسيكي كروم   ,MSLiNO,LY2428-CP,كروم,مسوق سفيان بن فايد,خلاط حوض وجه,160,250,250,مربع,5,0,0
SA11114,طقم اكسسوار كروم,ليسو,665,كروم,دار الخزف للمواد الصحية (11 يونيو),طقم اكسسوارات,295,460,450,مربع,5,0,0
PS21116,علاقة مناشف كروم,ليسو,WL64,كروم,دار الخزف للمواد الصحية (11 يونيو),علاقة مناشف,190,340,300,مربع,5,0,0
PS21117,علاقة مناشف كروم,ليسو,wl75,كروم,دار الخزف للمواد الصحية (11 يونيو),علاقة مناشف,195,340,300,مربع,5,0,0
PS21118,علاقة مناشف كروم,ليسو,wl63,كروم,دار الخزف للمواد الصحية (11 يونيو),علاقة مناشف,155,300,290,مربع,5,0,0
PS21119,علاقة مناشف كروم,ليسو,wl72,كروم,دار الخزف للمواد الصحية (11 يونيو),علاقة مناشف,195,350,320,مربع,5,0,0
AASB31120,رف زاوية زوجي كروم ,ليسو,WL69,كروم,دار الخزف للمواد الصحية (11 يونيو),اكسسوارات,145,240,220,زوجي,5,0,0
AASB31123,رف زاوية زوجي كروم ,ليسو,WL80,كروم,دار الخزف للمواد الصحية (11 يونيو),اكسسوارات,115,220,200,زوجي,5,0,0
VS11139,حوض وجه معلق 60سم,ليسو,6-1212,أبيض,دار الخزف للمواد الصحية (السراج),حوض وجه معلق,345,480,480,,5,0,0
VS11140,حوض وجه معلق 80سم,ليسو,8-1212,أبيض,دار الخزف للمواد الصحية (السراج),حوض وجه معلق,425,600,600,,5,0,0
VS11141,حوض وجه معلق80 سم,ليسو,400,أبيض,دار الخزف للمواد الصحية (السراج),حوض وجه معلق,375,550,550,,5,0,0
VS11142,حوض وجه معلق60 سم,ليسو,800,أبيض,دار الخزف للمواد الصحية (السراج),حوض وجه معلق,315,470,470,,5,0,0
ML10018,خلاط حوض وجه كروم,فيوري,125CR3460,كروم,شركة آفاق المتحدة لإستيراد مواد البناء,خلاط حوض وجه,255,380,320,,6,0,0
ML10036,خلاط حوض وجه طويل أسود برنزي,سانيتاري واير,,برنزي,تولين للبضائع الأوروبية,خلاط حوض وجه,430,430,340,طويل,3,3,0
MT30060,خلاط شطاف كروم مع شطاف ,فرامو,HO102SHT/CR,كروم,شركة المضمونة للبناء,خلاط شطاف,165,260,205,,6,0,0
ARSB80070,شطاف ظغط مع طوبو كروم,ميبت,VIVA,كروم,شركة لمسات البناء,شطاف,42,75,50,,0,6,0
ARSB80092,يد شطاف كروم,ميبت,DONA,كروم,شركة لمسات البناء,يد شطاف,18,25,20,,2,4,0
ARSB80093,يد شطاف كروم,سانيتاري ويرز,,كروم,محلات الإعتماد لإستيراد مواد البناء (11 يونيو),يد شطاف,35,60,50,,1,5,0
ME10131,خلاط حوض المطبخ سحاب أسود,سانيتاري ويرز,,أسود,مصنع خلاطات و أكسسوارات الصين,خلاط حوض المطبخ سحاب,217,340,270,,0,6,0
MA20015,خلاط حوض المطبخ سحاب كروم,سانيتاري ويرز,,كروم,مصنع خلاطات و أكسسوارات الصين,خلاط حوض المطبخ سحاب,195,290,240,,0,6,0
ME10023,حنفية حوض المطبخ شجرة كروم,شيزا,SIGMA,كروم,  شركة أجياد ليبيا ,حنفية حوض المطبخ,27,75,37,,4,2,0
ARSB80068,مصب دوش بدون تحويلة كروم,فينوس,RACHEL D2S,كروم,شركة لمسات البناء,مصب دوش,95,150,120,مربع,1,5,0
ARSB80123,مخرج شطاف كروم,فورتميكس,KING MA1203,كروم,شركة آفاق المتحدة لإستيراد مواد البناء,مخرج شطاف,35,70,50,مربع,0,6,0
WS10177,مقعد معلق ذهبي,ب.أمور,G1074,ذهبي,South Villa,مقعد معلق,400,750,750,دائري,4,2,0
VS10187,حوض وجه معلق -50 سم,تركواز سيراستايل,DURU,أبيض,شركة الصداقة,حوض وجه معلق,212,400,400,مربع,3,3,0
VS10207,حوض وجه معلق أسود -60سم,ب.أمور,SH-8420-60-B,أسود,South Villa,حوض وجه معلق,246.285,500,500,معلق,3,3,0
EL10241,حوض مطبخ ستانلس ستيل نص منظومة  304 75*45 أسود,ليسو,,أسود,دار الخزف للمواد الصحية (11 يونيو),حوض مطبخ ستانلس ستيل,385,590,540,فردي,2,4,0
MC10271,مجرى 60 سم *7 سم كروم,فيها,,كروم,شركة المضمونة للبناء,مجرى,79,145,105,مستطيل,2,4,0
RO10287,مسكر زاوية  ''1/2 * ''1/2 كروم,فينوس,S-8,كروم,شركة لمسات البناء,حنفية,18,35,29,دائري,2,4,0
ADOU50323,كروم M3/4'' M1/2''  M1/2'' محول مسطرة دوش ,فينوس,NO. 13,كروم,شركة لمسات البناء,ملحقات دوش,19,40,30,دائري,2,4,0
ARSB80338,مخرج شطاف كروم,فينوس,OLES,كروم,شركة آفاق المتحدة لإستيراد مواد البناء,مخرج شطاف,33,60,45,مربع,0,6,0
RFP1424,"فسيبلي "" 1/2 أنثى * ""1/2 أنثى 40سم",سانيتاري ويرز,,كروم,محلات الإعتماد لإستيراد مواد البناء (11 يونيو),فسيبلي,11.5,20,17,دائري,0,6,0
RFP1429,"فسيبلي "" 1/2 ذكر * ""1/2 أنثى 40سم",سانيتاري ويرز,,كروم,محلات الإعتماد لإستيراد مواد البناء (11 يونيو),فسيبلي,11.5,20,17,دائري,6,0,0
RFP1431,"فسيبلي "" 1/2 ذكر * ""1/2 أنثى 60سم",سانيتاري ويرز,,كروم,محلات الإعتماد لإستيراد مواد البناء (11 يونيو),فسيبلي,13.5,25,20,دائري,0,6,0
PS20009,علاقة مناشف كروم,فينوس,GR-05,كروم,شركة لمسات البناء,علاقة مناشف,112.8,155,145,معلق,0,6,0
ALVM50010,رأس سيفوني اسود,فيرمر,,أسود,شركة أركان العمارة,رأس سيفوني,55,90,75,مربع,0,6,0
PE30024,زمالطو  2.5 كغ بُنِي,دهانات المدينة مصراتة,,بُنِيّ,محلات الإعتماد لإستيراد مواد البناء (11 يونيو),الحديد,44,50,47,,0,6,0
PE30029,طلاء  أكريليكي عازل رطوبة داخل خارج  10 كغ أبيض,دهانات المدينة مصراتة,الإقتصادي,أبيض,محلات الإعتماد لإستيراد مواد البناء (11 يونيو),الجدران والسقف,73,97,77,,0,6,0
PE30053,طلاء زيتي ضد الصدأ 850 غ رصاصي,دهانات المدينة مصراتة,طلاء زيتي,رصاصي,محلات الإعتماد لإستيراد مواد البناء (11 يونيو),الحديد,13,18,15,,0,6,0
RA30054,ميزان ألمنيوم 30 سم,سفيدن,,,محلات الإعتماد لإستيراد مواد البناء (11 يونيو),أدوات القياس والتتبع,47.5,60,57,,0,6,0
AECU50056,صابونية حوض مطبخ كروم,سانيتاري ويرز,11-9613,كروم,شركة لمسات البناء,ملحقات أحواض المطابخ,18,30,15,دائري,2,4,0
PE30114,"منشار خشب 16"" 400 مم",بيسو,,,محلات الإعتماد لإستيراد مواد البناء (11 يونيو),صندوق الأدوات,6.5,11,8,,0,6,0
PA30125,قفل طلقة ,أف أف,L8270000,,محلات الإعتماد لإستيراد مواد البناء (11 يونيو),قفل باب,105,145,115,,0,6,0
PA30126,قفل طلقة,الشركة العالمية للتصدير و الإستيراد,900,,محلات الإعتماد لإستيراد مواد البناء (11 يونيو),قفل باب,40,60,47,,0,6,0
PA30135,قفل طلقة 80 مم,والي,,كروم,محلات الإعتماد لإستيراد مواد البناء (11 يونيو),قفل باب,75,115,90,,0,6,0
PA30136,قفل طلقة 90 مم,والي,,برنزي,محلات الإعتماد لإستيراد مواد البناء (11 يونيو),قفل باب,71.5,105,90,,0,6,0
PE30174,"فرشة طلاء 6"" 152.4 مم",فندر,,,محلات الإعتماد لإستيراد مواد البناء (11 يونيو),فرشة طلاء,8.35,12,10,,0,6,0
PE30202,"سكينة تغليف يد خشب 5"" 300 مم",اي بي سي,AC18799,,محلات الإعتماد لإستيراد مواد البناء (11 يونيو),أدوات,6.7,10,8.5,,0,6,0
ARSB80216,وجه خلاط دوش مدفون,غروهي,19451002,كروم,دار الخزف للمواد الصحية (11 يونيو),ملحقات خلاط,430,600,530,,3,3,0
EL50227,ڨويدة 5 متر,الشركة العالمية للتصدير و الإستيراد,,أبيض,محلات الإعتماد لإستيراد مواد البناء (11 يونيو),ملحقات الكهرباء,15.5,22,19,,0,6,0
EL50228,ڨويدة 10 متر,الشركة العالمية للتصدير و الإستيراد,,أبيض,محلات الإعتماد لإستيراد مواد البناء (11 يونيو),ملحقات الكهرباء,20.5,28,25,,0,6,0
EL50229,ڨويدة 15 متر,الشركة العالمية للتصدير و الإستيراد,,أبيض,محلات الإعتماد لإستيراد مواد البناء (11 يونيو),ملحقات الكهرباء,22.5,30,27.5,,0,6,0
EL50230,ڨويدة 20 متر,الشركة العالمية للتصدير و الإستيراد,,أبيض,محلات الإعتماد لإستيراد مواد البناء (11 يونيو),ملحقات الكهرباء,24.75,33,30,,0,6,0
PA30234,دليل باب سحاب,الشركة العالمية للتصدير و الإستيراد,,أسود,محلات الإعتماد لإستيراد مواد البناء (11 يونيو),ملحقات معدات الباب,14.5,21,17.5,,0,6,0
MC10257,مجرى 40 سم *6 سم كروم,فيرونا ,SP540,كروم,دار الخزف للمواد الصحية (11 يونيو),مجرى,155,255,255,مستطيل,4,2,0
ARSB80259,مصب دوش بدون تحويلة أسود,ليمكس,LY-4007,أسود,شركة اعمار الجديد,مصب دوش,110,200,150,,0,6,0
ARSB80261,مصب دوش مع تحويلة أسود,ليمكس,LY-4008,أسود,شركة اعمار الجديد,مصب دوش,125,220,150,دائري,3,3,0
ARSB80266,مخرج شطاف مربع بالعلاقة أسود,ليمكس,LY-2763-B,أسود,شركة اعمار الجديد,مخرج شطاف,82.5,140,100,مربع,3,3,0
ASCA60271,ستريتشة 2.44 متر,الشركة العالمية للتصدير و الإستيراد,,كروم,مجموعة بن عمر BEN AMOR Group,ستريتشة,30,75,50,,0,6,0
P30327,عوامة 1,الشركة العالمية للتصدير و الإستيراد,,أَحْمَر,محلات الإعتماد لإستيراد مواد البناء (11 يونيو),مضخة,66,85,37,,0,6,0
PA30330,منشار شجر,الشركة العالمية للتصدير و الإستيراد,TESEN,أصفر لامع,محلات الإعتماد لإستيراد مواد البناء (11 يونيو),أداة القص - منشار,10.5,15,13,,0,6,0
PE30343,مقص عنب,الشركة العالمية للتصدير و الإستيراد,,,محلات الإعتماد لإستيراد مواد البناء (11 يونيو),مقص عنب,37.5,50,45,,0,6,0
PE30344,مقص عنب,الشركة العالمية للتصدير و الإستيراد,1025-21,,محلات الإعتماد لإستيراد مواد البناء (11 يونيو),مقص عنب,5.5,10,7,,0,6,0
PA30355,منشار حديد مقفل 12'' 300 مم,فندر,307A,,محلات الإعتماد لإستيراد مواد البناء (11 يونيو),منشار يدوي,15.5,23,20,,0,6,0
PA30365,كاوية لحام,فندر,,,محلات الإعتماد لإستيراد مواد البناء (11 يونيو),أدوات كهربائية صغيرة,28,40,35,,0,6,0
PA30367,قرص الصنفرة 5 قطع,الشركة العالمية للتصدير و الإستيراد,,,محلات الإعتماد لإستيراد مواد البناء (11 يونيو),أقراص الصنفرة,7.5,12,10,,0,6,0
PA30378,غربال,الشركة العالمية للتصدير و الإستيراد,,,محلات الإعتماد لإستيراد مواد البناء (11 يونيو),غربال,9.5,15,12,كبير,0,6,0
PA30379,مقص العشب,فندر,,,محلات الإعتماد لإستيراد مواد البناء (11 يونيو),مقص العشب,23,35,30,,0,6,0
PA30382,منقار,الشركة العالمية للتصدير و الإستيراد,STAREX,,محلات الإعتماد لإستيراد مواد البناء (11 يونيو),منقار,5.1,10,7,,0,6,0
RA30385,ديسكو جرانيت 7'' 180 مم,ماركيت,A-08180,,محلات الإعتماد لإستيراد مواد البناء (11 يونيو),ديسكو منشار دائري,12.5,20,16,مفتوح,0,6,0
RA30390,ديسكو جرانيت 9'' 230 مم,بوش,,,محلات الإعتماد لإستيراد مواد البناء (11 يونيو),ديسكو منشار دائري,16.5,25,22,مفتوح,0,6,0
PE30412,مقص بي بي ار,الشركة العالمية للتصدير و الإستيراد,,,محلات الإعتماد لإستيراد مواد البناء (11 يونيو),موس فرش والمقص,7.5,15,10,صغير,0,6,0
PE30413,مقص بي بي ار,الشركة العالمية للتصدير و الإستيراد,,,محلات الإعتماد لإستيراد مواد البناء (11 يونيو),موس فرش والمقص,11.5,20,15,كبير,0,6,0
PE30416,مقص بي بي ار,الشركة العالمية للتصدير و الإستيراد,JRF-PC-203,,محلات الإعتماد لإستيراد مواد البناء (11 يونيو),موس فرش والمقص,14,20,17,,0,6,0
PA30419,عصاة بالة,الشركة العالمية للتصدير و الإستيراد,,,محلات الإعتماد لإستيراد مواد البناء (11 يونيو),بالة,14,20,17,,0,6,0
PA30436,مسحة,الشركة العالمية للتصدير و الإستيراد,,,محلات الإعتماد لإستيراد مواد البناء (11 يونيو),مسحة,8.25,15,11,,0,6,0
PA30440,قصدير لحام 30 غ,فندر,194850,,محلات الإعتماد لإستيراد مواد البناء (11 يونيو),لحام,3.65,7,6,,0,6,0
CC10470,لصقة فأر 100غ,الشركة العالمية للتصدير و الإستيراد,RAT-STOP,,مجموعة الخليج,كولة بلاط أرضيات,2.5,5,3,,0,6,0
PA30474,دباسة يدوية,فندر,195056,,محلات الإعتماد لإستيراد مواد البناء (11 يونيو),دباسة,20.5,30,26,,0,6,0
PA30475,مقص حدائق,الشركة العالمية للتصدير و الإستيراد,,,محلات الإعتماد لإستيراد مواد البناء (11 يونيو),مقص العشب,18,27,23,,0,6,0
PA30488,مفتاح زڨنالي (9 قطع),فندر,193124,,محلات الإعتماد لإستيراد مواد البناء (11 يونيو),مفك البراغي يدوي,17.5,25,22,طويل,0,6,0
PA30528,مقص 250 مم,بيسو,B1005,,محلات الإعتماد لإستيراد مواد البناء (11 يونيو),كماشة القطع,18.5,20,17,,0,6,0
PA30530,قطن 250 غ,الشركة العالمية للتصدير و الإستيراد,,,محلات الإعتماد لإستيراد مواد البناء (11 يونيو),خيط، حبل,4.9,9,6,,0,6,0
PA30533,مفتاح لوندينو 275 مم 11''  18'',الشركة العالمية للتصدير و الإستيراد,,,محلات الإعتماد لإستيراد مواد البناء (11 يونيو),مفك البراغي يدوي,12.5,20,16,,0,6,0
PA30534,مفتاح لوندينو,الشركة العالمية للتصدير و الإستيراد,,أَحْمَر,محلات الإعتماد لإستيراد مواد البناء (11 يونيو),مفك البراغي يدوي,8.5,15,11,بلاستك,0,6,0
PA30556,فيتي 3.5 * 35 (100غ),الشركة العالمية للتصدير و الإستيراد,,أسود,محلات الإعتماد لإستيراد مواد البناء (11 يونيو),برغي,1.389,4,2.5,,0,6,0
PA30571,دادو بالخبوركامل مكيف (34 قطعة),الشركة العالمية للتصدير و الإستيراد,,أَحْمَر,محلات الإعتماد لإستيراد مواد البناء (11 يونيو),برغي,3.75,7,5,,0,6,0
ACOL30574,ريتي لياسة 20 سم * 10 متر,أسترا,,أبيض,شركة الركن الجديد,ملحقات غراء البلاط و الأرضيات,4.75,10,6,,0,6,0
PA30398,قفل نجمة 38 مم,الشركة العالمية للتصدير و الإستيراد,640/S,كروم,محلات الإعتماد لإستيراد مواد البناء (11 يونيو),قفل باب,3.75,6,4.5,,0,6,0
PA30084,نظارات حماية,الشركة العالمية للتصدير و الإستيراد,,,تولين للبضائع الأوروبية,قناع واقي,2,10,5,بلاستك,2,4,0
AECU50099,سيفون حوض المطبخ رأس كبير,بضائع أوروبية,MARYPLAST,,دار الخزف للمواد الصحية (11 يونيو),ملحقات أحواض المطابخ,30,50,39,زوجي,6,0,0
WS10014,مقعد معلق (صندوق خارجي) أبيض ,سانيتاري ويرز,2194,أبيض,دار الخزف للمواد الصحية (11 يونيو),مقعد معلق,470,720,680,دائري,3,3,0
MD20024,خلاط دوش كروم,شيزا,MELLOW,كروم,  شركة أجياد ليبيا ,خلاط دوش,198,310,250,,5,1,0
ML10083,خلاط حوض وجه أسود,جي اف مارك,6-011X,أسود,شركة المتخصص الليبي,خلاط حوض وجه,330,470,405,دائري,4,2,0
ARSB80330,مصب دوش بدون تحويلة ذهبي,سانيتاري ويرز,MSLINO LY005,ذهبي,شركة المتخصص الليبي,مصب دوش,66.5,140,90,مربع,4,2,0
ARSB80180,مخرج شطاف كروم,سانيتاري ويرز,GANOA MA2203,كروم,شركة الرفاقة لإستيراد مواد البناء,مخرج شطاف,40,75,55,دائري,4,2,0
MC10014,مجرى 60 سم *6 سم كروم,فيرونا ,SP540,كروم,مجموعة العربي,مجرى,225,370,340,مستطيل,6,0,0
PS20027,علاقة ملابس فردي,فينوس,BA701,كروم,شركة لمسات البناء,علاقة مناشف,37.83,65,50,دائري,3,3,0
CD40031,مسطرة دوش فرديه كروم,فينوس,4422,كروم,شركة لمسات البناء,مسطرة دوش,121.25,190,160,,0,6,0
ART0033,سماعة دوش مع طوبو كروم,فينوس,HSS416,كروم,شركة لمسات البناء,سماعة دوش,49.47,85,60,دائري,3,3,0
ARSB80245,كسكاس دوش دائري مع قصبة كروم,سانيتاري ويرز,PM0700PA3F/CH,كروم,شركة أركان العمارة,كسكاس دوش,85,135,110,دائري,3,3,0
PA30049,رزة باب حديد رقم 10,الشركة العالمية للتصدير و الإستيراد,,,محلات الإعتماد لإستيراد مواد البناء (11 يونيو),ملحقات معدات الباب,3.1,10,5,نحاس,0,6,0
MC10062,مجرى 50 سم *6 سم كروم,ستار سانيتار,IZMIR,كروم,ستار سانيتار,مجرى,61.5,100,80,مستطيل,6,0,0
ARSB83067,سماعة دوش مع طوبو كروم,سانيتاري واير,,كروم,محلات الإعتماد لإستيراد مواد البناء (11 يونيو),سماعة دوش,23.5,50,35,دائري,0,6,0
ML30086,مرايا حمام مع إضاءة لد 60*60 سم,سانيتاري ويرز,GAK56,,دار الخزف للمواد الصحية (11 يونيو),مراية مضيئة,75,150,120,دائري,0,6,0
AASB30222,سلة قمامة,بضائع أوروبية,Dutch Spa,أَخْضَرُ,تولين للبضائع الأوروبية,اكسسوارات,45,75,60,دائري,6,0,0
WS10116,مقعد معلق رايملس أبيض ,تركواز سيراستايل,AQUA,أبيض,شركة الصداقة,مقعد معلق,843.9,1050,860,مربع,2,4,0
VS10124,حوض وجه معلق -65 سم,تركواز سيراستايل,PORTO,أبيض,شركة الصداقة,حوض وجه معلق,261.9,480,280,مربع,2,4,0
ELC1111,"مثلث كهرباء ثلاث مداخل 
",الشركة العالمية للتصدير و الإستيراد,,,محلات الإعتماد لإستيراد مواد البناء (11 يونيو),الأسلاك والكابلات,4.9,10,7,,0,6,0
WA40172,غطاء مقعد تركي أبيض,تركي,OZBEST,أبيض,محلات الإعتماد لإستيراد مواد البناء (11 يونيو),غطاء مقعد,18.5,50,50,دائري,4,2,0
MC10182,سرفنتينة 15 سم * 15 سم مع مانع رائحة كروم,سانيتاري ويرز,SUN AISI 304,كروم,دار الخزف للمواد الصحية (11 يونيو),مجرى,52,85,70,مربع,6,0,0
PA30740,لقمة جيدور كروم رقم 17,الشركة العالمية للتصدير و الإستيراد,,,محلات الاعتماد (السراج),مجموعة مفاتيح عدة,3.5,15,13,,0,6,0
RFP1755,"فسيبلي "" 1/2 ذكر * ""1/2 أنثى 30سم",سانيتاري ويرز,اسباني,كروم,شركة النهضة كرزاز,فسيبلي,10.5,18,16,دائري,6,0,0
ARSB80771,مخرج شطاف مع علاق ذهبي,سانيتاري ويرز,P-12,ذهبي,محمد نظام,مخرج شطاف,40,90,60,مربع,6,0,0
SA10142,طقم اكسسوار أسود,ليسو,JR133-16B,أسود,دار الخزف للمواد الصحية (11 يونيو),طقم اكسسوارات,175,300,250,مربع,6,0,0
ARSB80215,كسكاس دوش مربع 200*200 مم مع قصبة ذهبي,سانيتاري ويرز,SS-02,ذهبي,شركة البهراء العالمية الحديثة,كسكاس دوش,45.5,100,80,مربع,0,6,0
ARSB80218,كسكاس دوش مربع 200*200 مم مع قصبة ذهبي معا سماعه متحركة مع مخرج شطافة,فاردر,FD30021-G,ذهبي,شركة البهراء العالمية الحديثة,كسكاس دوش,175,300,270,مربع,0,6,0
ARSB80219,كسكاس دوش مربع 200*200 مم مع قصبة كروم معا سماعه متحركة مع مخرج شطافة,فاردر,FD30021-C,ذهبي,شركة البهراء العالمية الحديثة,كسكاس دوش,155,280,250,مربع,0,6,0
ATWC50155, زر بتارية مقعد سداسي ,سانيتاري ويرز,,كروم لامع,شركة البهراء العالمية الحديثة,ملحقات مقاعد,8,15,13,بلاستك,0,6,0
RO10169,مسكر زاوية  ''1/2 * ''1/2 ذهبي,سانيتاري ويرز,,ذهبي,شركة البهراء العالمية الحديثة,حنفية,13.5,25,20,دائري,0,6,0
ARSB80758,مصب دوش قصير بتحويلة كروم,هاوتك,,كروم,دار الخزف للمواد الصحية (السراج),مصب دوش,60,140,100,مربع,0,6,0
ARSB80430,كسكاس دوش مربع  250*250 مم كروم مع قصبة  ,مونتانا س.ل,MT-2525SQ,كروم,مجموعة الشريف,كسكاس دوش,210,320,270,مربع,6,0,0
MA20462,خلاط حوض المطبخ سحاب كروم,سانيتاري ويرز,OM-18,كروم,شركة النخبة الفريدة لاستيراد مواد البناء,خلاط حوض المطبخ سحاب,220,350,300,,6,0,0
VP20484,حوض وجه فوق الرخام أبيض 41.5 سم ,ب.أمور,SH-8221 ,أبيض,South Villa,حوض فوق الرخام,103,200,160,دائري,2,4,0
ARSB80255,سماعة دوش مع طوبو كروم,ميرو,MIRO KD19,كروم,شركة آفاق المتحدة لإستيراد مواد البناء,سماعة دوش,105,170,140,مربع,0,6,0
ML10520,خلاط حوض وجه  كروم,سانيتاري ويرز,OM-105,كروم,شركة النخبة الفريدة لاستيراد مواد البناء,خلاط حوض وجه,59,130,90,مربع,4,2,0
ML30538,مرايا حمام مع إضاءة لد 100*60 سم,سانيتاري ويرز,21,,شركة النخبة الفريدة لاستيراد مواد البناء,مراية مضيئة,105,200,195,لاد,6,0,0
CD40540,مسطرة دوش زوجية كروم,سانيتاري ويرز,2024-26,كروم,شركة النخبة الفريدة لاستيراد مواد البناء,مسطرة دوش,90,180,130,,5,1,0
PS20547,علاقة مناشف زوجية كروم,سانيتاري ويرز,05,كروم,دار الخزف للمواد الصحية (11 يونيو),علاقة مناشف,15,80,70,معلق,6,0,0
MTE60563,خلاط شطاف مدفون كروم ,توريما, NEW THEOS 92000011-093,كروم,  شركة أجياد ليبيا ,خلاط شطاف مدفون,195,400,400,دائري,4,2,0
RD30577,حوض قدم خزف مربع 70*70 سم,ساناكريل,M301,أبيض,مجموعة الخليج,بانيو قدم,335,650,600,مربع,2,4,0
ARSB80308,مخرج شطاف كروم بالعلاقة ,ليسو,8-133,كروم,دار الخزف للمواد الصحية (السراج),مخرج شطاف,68,120,85,دائري,0,6,0
WS10595,مقعد معلق رايملس مموج أبيض ,ب.أمور,SH-088,أبيض,South Villa,مقعد معلق,420,720,650,مربع,2,3,1
PS20666,علاقة مناشف زوجية أسود,بن أمور,مجموعة بن عمر,أسود,مصنع خلاطات و أكسسوارات الصين,علاقة مناشف,40,120,70,مربع,1,5,0
MTE60675,خلاط شطاف مدفون كروم ,توريما,BLOG 8G00011-094,كروم,  شركة أجياد ليبيا ,خلاط شطاف مدفون,225,300,300,مربع,4,2,0
EL10701,حوض مطبخ ستانلس ستيل منظومة بيانو 304 75*46 كروم,بن أمور,7546-C,كروم,مصنع خلاطات و أكسسوارات الصين,حوض مطبخ ستانلس ستيل,500,950,800,فردي,3,3,0
CC10332,صليبة بيضاء 2ملي ,الشركة العالمية للتصدير و الإستيراد,,,محلات الاعتماد (السراج),كولة بلاط أرضيات,6.85,12,12,,0,6,0
RFP1720,"فسيبلي "" 1/2 أنثى * ""1/2 أنثى 20سم",فانسكي ,,كروم,مجموعة الشريف,فسيبلي,8,20,13,دائري,6,0,0
AECU50380,سيفون حوض المطبخ رأس كبير,ستار سانيتار,IT bonomini,,شركة كرزاز لاستيراد مواد البناء ,ملحقات أحواض المطابخ,33,55,45,زوجي,0,6,0
ARSB80733,كسكاس دوش مربع 250*250 مم ذهبي,ديولو,,ذهبي,شركة النخبة الفريدة لاستيراد مواد البناء,كسكاس دوش,52,100,80,مربع,6,0,0
ARSB80735,قصبة دوش مربعة 40 سم ذهبي,ديولو,400-8-34,ذهبي,شركة النخبة الفريدة لاستيراد مواد البناء,قصبة دوش,27,60,50,مربع,6,0,0
ALVM50482,سيفون حوض الوجه ذهبي,سانيتاري واير,OM1-12-10,ذهبي,دار الخزف للمواد الصحية (السراج),سيفون حوض الوجه,85,150,130,مربع,0,6,0
ARSB80772,رشاش دوش ذهبي,فيدار,,ذهبي,شركة البهراء العالمية الحديثة,كسكاس دوش,49.5,80,80,مربع,6,0,0
ARSB84562,كسكاس دوش مربع 250*250 مم اسود,ليسو,133-1b,أسود لامع,دار الخزف للمواد الصحية (السراج),كسكاس دوش,95,200,140,مربع,6,0,0
CD40404,مسطرة دوش زوجية كروم,ستار سانيتار,2440-4,كروم,محلات الاعتماد (السراج),مسطرة دوش,95,160,130,,3,3,0
ML30796,مرايا حمام ضد البخار مع إضاءة لد 80*100 سم,سانيتاري ويرز,4015,,دار الخزف للمواد الصحية (11 يونيو),مراية مضيئة,180,270,260,مستطيل,0,6,0
ARSB80812,مخرج شطاف دائري بالعلاقة أسود,توريما,1372-01821-004,أسود,  شركة أجياد ليبيا ,مخرج شطاف,135,200,200,دائري,3,3,0
EG30811,حوض مطبخ جرانيت أبيض   80*50 ,سانيبال,فلورا,أبيض,مجموعة الخليج,حوض مطبخ جرانيت,340,520,520,فردي,6,0,0
PA30414,رأس غاز بلاستك ,الشركة العالمية للتصدير و الإستيراد,HRP-100,,محلات الاعتماد (السراج),أدوات  متعددة الوظائف,33,45,40,,0,6,0
RFP1936,فسيبلي خلاط سحاب ,سانيتاري ويرز,031-66,رصاصي,دار الخزف للمواد الصحية (11 يونيو),فسيبلي,20,35,30,دائري,6,0,0
AB10744,خزانة حمام أبيض ,سانيتاري ويرز,001,أبيض,شركة النخبة الفريدة لاستيراد مواد البناء,خزانة حمام,200,430,420,بي في سي,3,3,0
PS20759,علاقة ملابس سداسية,فينوس,PE-06,كروم,شركة لمسات البناء,علاقة مناشف,56,85,75,معلق,6,0,0
ML10784,خلاط حوض وجه كروم,سانيتاري ويرز,OM-163,كروم,شركة النخبة الفريدة لاستيراد مواد البناء,خلاط حوض وجه,84,160,130,مربع,1,5,0
ML10791,خلاط حوض وجه طويل ذهبي,سانيتاري ويرز,OM-1-6-G,ذهبي,شركة النخبة الفريدة لاستيراد مواد البناء,خلاط حوض وجه,235,380,350,مربع,6,0,0
MD20792,خلاط دوش كروم,سانيتاري ويرز,OM-06,كروم,شركة النخبة الفريدة لاستيراد مواد البناء,خلاط دوش,95,170,145,مربع,6,0,0
PE30124,كولة 118 مل,الشركة العالمية للتصدير و الإستيراد,GM900,شفاف,محلات الاعتماد (السراج),المواد اللاصقة و العازلة,15,20,19,,0,6,0
AECU50762,سيفون حوض المطبخ رأس صغير,اوز بيست ,OZBEST,أبيض,مجموعة الشريف,ملحقات أحواض المطابخ,14.5,30,25,زوجي,6,0,0
ARSB80478,قصبة دوش 40 سم سقفية اسود,سانيتاري ويرز,,أسود,شركة الجودة vip,قصبة دوش,57,100,90,مربع,3,3,0
PE30492,طلاء عاز ل مطاطي  15 كغ اكسترا,الواحة,العازل,أبيض,محلات الاعتماد (السراج),الجدران والسقف,201.6,250,225,,0,6,0
AASB30485,مجفف شعر أسود,سانيتاري ويرز,,أسود,شركة البهراء العالمية الحديثة,اكسسوارات,79.5,160,130,,6,0,0
CD40768,مسطرة دوش فرديه كروم,بضائع أوروبية,Wilko,كروم,تولين للبضائع الأوروبية,مسطرة دوش,75,130,100,دائري,6,0,0
PA30510,قفل باب رئيسي,الشركة العالمية للتصدير و الإستيراد,DAF-70,,محلات الاعتماد (السراج),قفل باب,38,60,57,,0,6,0
AASB30501,حامل ورق منظف كلينكس,فينوس,IRIS-06,كروم,شركة لمسات البناء,اكسسوارات,84,155,150,مربع,0,6,0
PS20511,علاقة ملابس رباعية,فينوس,RO-04,كروم,شركة لمسات البناء,علاقة مناشف,48,90,75,معلق,0,6,0
PS20512,علاقة ملابس ثلاثية,فينوس,PE-03,كروم,شركة لمسات البناء,علاقة مناشف,44,85,70,معلق,0,6,0
PS20524,علاقة ملابس خماسية,فينوس,PE-05,كروم,شركة لمسات البناء,علاقة مناشف,56,100,90,معلق,0,6,0
AASB30518,صابونية كروم,ليسو,JR079-19,كروم,دار الخزف للمواد الصحية (السراج),اكسسوارات,38,110,55,حائطي,0,6,0
CD40787,مسطرة دوش زوجية دهبي ,ليسو,079-25G,ذهبي,دار الخزف للمواد الصحية (11 يونيو),مسطرة دوش,265,370,370,مربع,6,0,0
PS20521,علاقة ملابس زوجية,ليسو,JR133-6,كروم,دار الخزف للمواد الصحية (السراج),علاقة مناشف,25,95,85,معلق,0,6,0
PLSA0523,وردة كروم,vip,,كروم,شركة الجودة vip,وصلة,2.6,5,5,مربع,11,-5,0
SA10835,طقم اكسسوار أسود,بن أمور,,أسود,مصنع خلاطات و أكسسوارات الصين,طقم اكسسوارات,165,300,249,مربع,4,2,0
EG30878,حوض مطبخ جرانيت أسود مطفي50*43 فردي,ب.أمور,Tallinn,أسود مطفي,بوليمي Bolemi,حوض مطبخ جرانيت,405,600,500,فردي,3,3,0
EL10901,حوض مطبخ ستانلس ستيل منظومة بيانو 304 80*46 أسود,بن أمور,,أسود,هانغ كراون,حوض مطبخ ستانلس ستيل,620,980,790,فردي,0,6,0
CE10930,سخانة عمودية   50 لتر,اف جي باور,D50-15FA-4788,أبيض,شركة المضمونة للبناء,سخانة,535,680,680,,4,2,0
EL10934,حوض مطبخ ستانلس ستيل   304 تحت الرخامة 76.2*40*22سم كروم,أسيل,AS297DRAWN,كروم,شركة النخبة الفريدة لاستيراد مواد البناء,حوض مطبخ ستانلس ستيل,535,800,800,فردي,5,1,0
PE30542,كولة 500 مل,الشركة العالمية للتصدير و الإستيراد,GM900,شفاف,محلات الاعتماد (السراج),المواد اللاصقة و العازلة,52.5,60,58,,0,6,0
ML10994,خلاط حوض وجه كروم ,أيولي,KREO,كروم,شركة ولاء الأولى,خلاط حوض وجه,350,525,525,,6,0,0
MT30995,خلاط شطاف كروم ,أيولي,9225-100 KING,كروم,شركة ولاء الأولى,خلاط شطاف,235,350,330,,6,0,0
MD20996,خلاط دوش مع سماعة كروم,أيولي,9210 KING,كروم,شركة ولاء الأولى,خلاط دوش,330,500,500,,6,0,0
PS20546,علاقة مناشف كروم,فينوس,ST-05,كروم,شركة لمسات البناء,علاقة مناشف,112.8,190,185,معلق,0,6,0
PS20549,علاقة مناشف كروم,فينوس,OL-05,كروم,شركة لمسات البناء,علاقة مناشف,136.1,220,210,معلق,0,6,0
PS20551,علاقة مناشف زوجية بالعلاقة كروم,سانيتاري ويرز,WL30,كروم,دار الخزف للمواد الصحية (السراج),علاقة مناشف,130,220,210,معلق,0,6,0
ML10552,خلاط حوض وجه  كروم,ليسو,JR085-9C,كروم,دار الخزف للمواد الصحية (السراج),خلاط حوض وجه,135,240,230,مربع,0,6,0
ML10553,خلاط حوض وجه  كروم,ليسو,6060-140,كروم,دار الخزف للمواد الصحية (السراج),خلاط حوض وجه,175,320,310,مربع,0,6,0
ML10554,خلاط حوض وجه اسود,ليسو,JR085-1B,أسود,دار الخزف للمواد الصحية (السراج),خلاط حوض وجه,110,220,220,مربع,0,6,0
ARSB81097,شطاف ظغط دائري مع طوبو كروم,سانيتاري واير,DEER MISA-R,كروم,مسوق سفيان بن فايد,شطاف,42,80,80,دائري,6,0,0
AASB31104,حاملة فوط كروم,ليمكس,2664,كروم,شركة اعمار الجديد,اكسسوارات,105,180,170,حائطي,6,0,0
AASB31105,صابونية كروم,ليمكس,2762,كروم,شركة اعمار الجديد,اكسسوارات,72.5,160,155,حائطي,6,0,0
PD21111,حاجز دوش 10مم اطار كروم منقط 70 سم,ليسو,LUD,,دار الخزف للمواد الصحية (11 يونيو),حاجز دوش,575,780,760,قدم,7,-1,0
PS21121,علاقة مناشف كروم,ليسو,WL73,كروم,دار الخزف للمواد الصحية (11 يونيو),علاقة مناشف,90,180,160,مربع,6,0,0
ARSB81125,شطاف ظغط دائرية مع طوبو كروم,ليسو,14-647,كروم,دار الخزف للمواد الصحية (11 يونيو),شطاف,95,180,170,مربع,6,0,0
ARSB81144,شطاف ظغط ايطالية بلاستك,اي ار بي,11464,كروم,مجموعة العربي,شطاف,47,80,80,دائري,6,0,0
ARSB81145,شطاف ظغط ايطالية بلاستك,اي ار بي,15791,أسود,مجموعة العربي,شطاف,77,120,120,دائري,6,0,0
ML10054,خلاط حوض وجه دائري أسود,ب.أمور,مجموعة بن عمر,أسود,مجموعة بن عمر BEN AMOR Group,خلاط حوض وجه,76,140,100,دائري,2,5,0
ARSB80081,شطاف ظغط دائري مع طوبو كروم,فينوس,AHF10,كروم,شركة لمسات البناء,شطاف,43,70,60,دائري,6,1,0
ARSB80083,شطاف ظغط دائري مع طوبو كروم,رايمر,332332OL,كروم,شركة آفاق المتحدة لإستيراد مواد البناء,شطاف,180,250,250,دائري,6,1,0
MDE50041,خلاط دوش مدفون كروم,فرامو,LM217CR,كروم,شركة الركن الجديد,خلاط دوش مدفون,320,520,500,,5,2,0
ARSB80106,مصب دوش قصير بدون تحويلة كروم,توريما,0327911-T40,كروم,  شركة أجياد ليبيا ,مصب دوش,185,300,300,مربع,6,1,0
WS10169,مقعد معلق رايملس أسود,ب.أمور,SH-A006-MB,أسود,South Villa,مقعد معلق,552.684,900,700,مربع,3,4,0
VS10201,حوض وجه معلق -80 سم,تركواز سيراستايل,SHARP,أبيض,شركة الصداقة,حوض وجه معلق,659.6,900,900,مربع,3,4,0
ARSB80260,نبلس خلاط تركي اعتماد مع وردة,سانيتاري ويرز,,,محلات الإعتماد لإستيراد مواد البناء (11 يونيو),ملحقات خلاط,10.25,15,13,,0,7,0
ARSB80262,قلب خلاط كبير,سانيتاري ويرز,,,شركة لمسات البناء,ملحقات خلاط,16,30,25,,-1,8,0
ARSB80264,مطول فسيبلي خلاط نحاس,فينوس,,,شركة لمسات البناء,ملحقات خلاط,6,15,13,,2,5,0
ARSB80296,سماعة دوش مع طوبو أسود,توريما,1372-011,أسود,  شركة أجياد ليبيا ,سماعة دوش,295,410,410,مربع,3,4,0
ARSB80304,مخرج شطاف كروم,توريما,0182711-T40,كروم,  شركة أجياد ليبيا ,مخرج شطاف,48,90,70,مربع,2,5,0
RFP1419,"فسيبلي "" 1/2 أنثى * ""1/2 أنثى 20سم",سالرنو,ITALY,كروم,محلات الإعتماد لإستيراد مواد البناء (11 يونيو),فسيبلي,8.5,20,13,دائري,1,6,0
MC10478,مجرى 60سم *7 سم كروم,بيورا,DL-11-60,كروم,شركة الركن الجديد,مجرى,160,280,195,مستطيل,4,3,0
RA20034,"سنيسكا 25"" كروم",فرات,بي بي ر - PPR,كروم,الشيباني لمواد البناء و المواد الصحية,سنيسكا,61,85,54.5,,0,7,0
ARSB80700,مخرج شطاف دائري بالعلاقة أسود,سي أر سمارت,15-8-2,أسود,شركة أركان العمارة,مخرج شطاف,51,80,72,دائري,0,7,0
ARSB80820,مصب دوش مع تحويلة ذهبي,سي أر سمارت,15.17.2,ذهبي,شركة أركان العمارة,مصب دوش,81,120,110,دائري,2,5,0
ARSB80822,مصب دوش مع تحويلة أسود,سي أر سمارت,15.16.2,أسود,شركة أركان العمارة,مصب دوش,75,120,100,دائري,4,3,0
PE30021,زمالطو  3 كغ أبيض لامع,دهانات المدينة مصراتة,,أبيض لامع,محلات الإعتماد لإستيراد مواد البناء (11 يونيو),الحديد,54.5,64,52,,0,7,0
RA30004, طوبو4'' 6 متر,الرطيل,جي أم GM,,محلات الإعتماد لإستيراد مواد البناء (11 يونيو),مواسير - طوبو,98,122,87,,0,7,0
PE30050,طلاء زيتي 700 غ كريمي,دهانات المدينة مصراتة,طلاء زيتي,كريمي,محلات الإعتماد لإستيراد مواد البناء (11 يونيو),الحديد,15,20,17,,0,7,0
PE30067,طلاء بخاخ داخلي و خارجي أسود لامع,إس كيو إل أو,,أسود لامع,محلات الإعتماد لإستيراد مواد البناء (11 يونيو),الجدران والسقف,5.721,10,6.5,,0,7,0
RA30013,"كوربة اس (2 قطع) 4"" 45°",الرطيل,جي أم GM,أبيض,محلات الإعتماد لإستيراد مواد البناء (11 يونيو),كوع - كوربة,28.5,35,32,,0,7,0
SA10039,طقم اكسسوار كروم,سانيتاري ويرز,BA200,كروم,شركة لمسات البناء,طقم اكسسوارات,230.5,320,290,مربع,0,7,0
AASB30043,رف زجاجي كروم,فينوس,BA710,كروم,شركة لمسات البناء,اكسسوارات,73,110,85,دائري,7,0,0
AASB30044,رف زجاجي كروم,فينوس,VGS-02,كروم,شركة لمسات البناء,اكسسوارات,72,110,85,مربع,6,1,0
AASB30053,حاملة فوط كروم,فينوس,VA-02,كروم,شركة لمسات البناء,اكسسوارات,60.14,90,75,حائطي,0,7,0
ALVM50062,مطول سيفون حوض الوجه كروم,سانيتاري ويرز,,كروم,شركة البهراء العالمية الحديثة,ملحقات أحواض مغاسل,12.5,25,20,دائري,0,7,0
WA40089,غطاء مقعد أبيض,سانيتاري ويرز,FIRST,أبيض,محلات الإعتماد لإستيراد مواد البناء (11 يونيو),غطاء مقعد,23.5,45,30,دائري,4,3,0
MC10097,سرفنتينة 15 سم * 15 سم ذهبي,سانيتاري ويرز,1009-10015 GOLD,ذهبي,دار الخزف للمواد الصحية (11 يونيو),مجرى,55,110,80,مربع,0,7,0
PE30112,ماصة 1 كغ,اي بي سي,AC18725,أَصْفَرُ,محلات الإعتماد لإستيراد مواد البناء (11 يونيو),مطرقة - ماصة,12,18,15,,0,7,0
PA30121,رأس قفل باب خشب 6 سم,الشركة العالمية للتصدير و الإستيراد,,,محلات الإعتماد لإستيراد مواد البناء (11 يونيو),رأس قفل,28.5,40,35,,0,7,0
PA30224,فرشاة حديد,الشركة العالمية للتصدير و الإستيراد,,ذهبي,شركة المتخصص الليبي,فرشاة سنفرة,1.75,4,2.5,,0,7,0
PA30252,ميزان 60 سم,صولا,,,محلات الإعتماد لإستيراد مواد البناء (11 يونيو),أدوات القياس والتتبع,9.5,15,12,,0,7,0
AASB30303,صابونية كروم,ليسو,JR031-2,كروم,دار الخزف للمواد الصحية (11 يونيو),اكسسوارات,45,90,55,حائطي,1,6,0
ARSB80356,مصب حوض وجه بدون تحويلة متحرك كروم,ليسو,JR031-16,كروم,دار الخزف للمواد الصحية (11 يونيو),مصب دوش,115,200,140,مربع,5,2,0
PA30448,خيط لينسة,الشركة العالمية للتصدير و الإستيراد,,أَزْرَقُ,محلات الإعتماد لإستيراد مواد البناء (11 يونيو),خيط، حبل,2.75,7,4,كبير,0,7,0
PA30469,فرشاة حديد رأس سكينة,اي بي سي,AC16401,,شركة المتخصص الليبي,فرشاة سنفرة,3.35,7,4.5,,0,7,0
PA30531,سلاح ماكينة ,الشركة العالمية للتصدير و الإستيراد,01958,,محلات الإعتماد لإستيراد مواد البناء (11 يونيو),موس فرش والمقص,9.5,15,12,,0,7,0
PE30541,لصقة سريعة (2 قطع),الشركة العالمية للتصدير و الإستيراد,QUICCK 17309K,,محلات الإعتماد لإستيراد مواد البناء (11 يونيو),المواد اللاصقة و العازلة,7.25,12,9,,0,7,0
PA30542,مسمارخشب رقم 6 (100غ),الشركة العالمية للتصدير و الإستيراد,,,محلات الإعتماد لإستيراد مواد البناء (11 يونيو),مسمار,1.075,2.5,1.5,,0,7,0
RA20394,"سنيسكا 25"" قصيرة طربوش", كالدي,بي بي ر - PPR,كروم,شركة المضمونة للبناء,سنيسكا,79,95,85,,0,7,0
WS10015,صندوق مقعد معلق أبيض,سانيتاري ويرز,2194,أبيض,دار الخزف للمواد الصحية (11 يونيو),مقعد معلق,135,250,220,دائري,3,4,0
ARSB80017,مصب دوش قصير بدون تحويلة كروم,توريما,0328111-T40,كروم,  شركة أجياد ليبيا ,مصب دوش,300,450,450,دائري,0,7,0
ARSB80140,شطاف ظغط دائري مع طوبو كروم,سانيتاري ويرز,AQUACI 406050000,كروم,شركة آفاق المتحدة لإستيراد مواد البناء,شطاف,20,70,30,دائري,5,2,0
ARSB80378,كسكاس دوش مربع 250*250 مم كروم,ليسو,,كروم,دار الخزف للمواد الصحية (11 يونيو),كسكاس دوش,59,120,90,مربع,7,0,0
ARSB80380,كسكاس دوش مربع 250*250 مم مع قصبة ذهبي,ليسو,,ذهبي,دار الخزف للمواد الصحية (11 يونيو),كسكاس دوش,95,160,120,مربع,4,3,0
ARSB80177,مخرج شطاف كروم,سانيتاري ويرز,LAWAKA,كروم,دار الخزف للمواد الصحية (11 يونيو),مخرج شطاف,35,75,50,مربع,5,2,0
ARSB80194,قصبة دوش 40 سم أسود,سانيتاري ويرز,DIOLLO 7956-2-4,أسود,دار الخزف للمواد الصحية (11 يونيو),قصبة دوش,36,65,50,مربع,3,4,0
AASB30048,صابونية كروم,ليسو,JR031-1,كروم,دار الخزف للمواد الصحية (11 يونيو),اكسسوارات,65,110,55,حائطي,1,6,0
PS20134,علاقة مناشف متحركة كروم,ونكو,MEZZANO,كروم,تولين للبضائع الأوروبية,علاقة مناشف,40,70,60,معلق,4,3,0
AR20046,طلاء مائي داخلي 10 كغ أبيض,دهانات المدينة مصراتة,أصول,أبيض,محلات الإعتماد لإستيراد مواد البناء (11 يونيو),الجدران والسقف,34.92,60,40,,0,7,0
TO9054,مفتاح ربط رقم11 مم,الشركة العالمية للتصدير و الإستيراد,AC18693,كروم,محلات الإعتماد لإستيراد مواد البناء (11 يونيو),مفاتيح,2.25,10,9,,0,7,0
MC10061,مجرى 50 سم *7 سم كروم,الشركة التونسية للمواد الصحية,JASMIN 7198,كروم,محلات الإعتماد لإستيراد مواد البناء (11 يونيو),مجرى,56,90,75,مستطيل,7,0,0
ARSB80236,طوبو دوش 150سم كروم,سانيتاري ويرز,,كروم,محلات الإعتماد لإستيراد مواد البناء (11 يونيو),طوبو دوش,1.5,10,5,,7,0,0
PE30994,عازل ناري 4 كغ,دهانات المدينة مصراتة,العازل,شفاف,محلات الإعتماد لإستيراد مواد البناء (11 يونيو),الجدران خارجي,76.8,110,82,,0,7,0
P30097,عصاة رولة ,الشركة العالمية للتصدير و الإستيراد,,,محلات الإعتماد لإستيراد مواد البناء (11 يونيو),فأس,9.75,20,17,,0,7,0
WA40115,غطاء مقعد تركي أبيض,سانيتاري ويرز,,أبيض,محلات الإعتماد لإستيراد مواد البناء (11 يونيو),غطاء مقعد,21,35,30,دائري,0,7,0
ARSB80289,"مسكر شطافة ""1/2"" * ""1/2 كروم",TECHNO,bold,كروم,محلات الإعتماد لإستيراد مواد البناء (11 يونيو),مخرج شطاف,4.1,20,10,دائري,7,0,0
ARSB80530,طوبو شطاف 1.2 م رصاصي,تركي,EKOL,رصاصي,شركة المضمونة للبناء,طوبو شطاف,8,25,15,,7,0,0
ARSB80604,"مسكر شطافة ""1/2"" * ""1/2 كروم",بضائع أوروبية,HSH,كروم,محلات الإعتماد لإستيراد مواد البناء (11 يونيو),مخرج شطاف,35,50,45,دائري,0,7,0
ARSB80958,شطاف ضغط مربع مع طوبو ذهبي,سانيتاري ويرز,SALERNO,ذهبي,شركة البهراء العالمية الحديثة,شطاف,37,100,75,مربع,0,7,0
RFP1779,"فسيبلي "" 1/2 أنثى * ""1/2 أنثى 50سم",سانيتاري ويرز,Turkiye,كروم,مجموعة النجار لاستراد مواد البناء,فسيبلي,11,17,15,دائري,7,0,0
ALVM50428,سيفون حوض الوجه كروم,مونتانا س.ل,MT-9102,كروم,مجموعة الشريف,سيفون حوض الوجه,165,250,210,مربع,7,0,0
ARSB80257,مخرج شطاف ذهبي مع علاقة,توريما,1372-01018-007,ذهبي,دار الخزف للمواد الصحية (السراج),مخرج شطاف,155,270,240,مربع,4,3,0
MT30243,خلاط شطاف كروم ,توريما,VELVET 8V25111-093,كروم,دار الخزف للمواد الصحية (السراج),خلاط شطاف,295,380,380,,2,5,0
MD20246,خلاط دوش أسود,ليسو,B15-031,أسود,دار الخزف للمواد الصحية (السراج),خلاط دوش,105,200,175,,2,5,0
ML10247,خلاط حوض وجه اسود,ليسو,B19-133,أسود,دار الخزف للمواد الصحية (السراج),خلاط حوض وجه,115,280,280,مربع,1,6,0
ARSB80464,كسكاس دوش مربع 300*300 مم كروم,ديولو,,كروم,شركة النخبة الفريدة لاستيراد مواد البناء,كسكاس دوش,48,110,70,مربع,7,0,0
WP20477,مقعد أرضي ملحوم مربع قصير أبيض,ب.أمور,SH-805 ,أبيض,South Villa,مقعد أرضي,680,1150,850,مربع,1,0,6
ARSB80586,شطاف ظغط مربع مع طوبو كروم,بريمكس,1120,كروم,شركة لمسات البناء,شطاف,57.1,120,90,مربع,0,7,0
RA20554,"مخفض قومه 1.5"" ",سانيتاري ويرز,,أبيض,محلات الاعتماد 11يونيو,مخفض,2.1,7,5,,-3,10,0
RA20555,مخفض قومه 50*26*35 ايطالي ,سانيتاري ويرز,,أسود,محلات الاعتماد 11يونيو,مخفض,2.6,7,5,,7,0,0
ML30592,مرايا حمام مع إضاءة لد مربعة 60*80سم,سانيتاري ويرز,20010,أسود,شركة النخبة الفريدة لاستيراد مواد البناء,مراية مضيئة,145,240,235,مربع,6,1,0
MC10646,مجرى 40 سم *8 سم ذهبي,بن أمور,,ذهبي,مصنع خلاطات و أكسسوارات الصين,مجرى,85,220,220,مستطيل,4,2,1
ARSB80658,شطاف ظغط مربع مع طوبو أسود,بن أمور,,أسود,مصنع خلاطات و أكسسوارات الصين,شطاف,40,100,60,مربع,4,3,0
MDE50674,خلاط دوش مدفون شريحة دائري كروم ,توريما,THEOS 9201011-093,كروم,  شركة أجياد ليبيا ,خلاط دوش مدفون,345,530,500,دائري,6,1,0
EL10685,حوض مطبخ ستانلس ستيل 304 75*45,بن أمور,مجموعة بن عمر,كروم,مصنع خلاطات و أكسسوارات الصين,حوض مطبخ ستانلس ستيل,250,450,400,فردي,2,5,0
AM0690,دولاب حمام مع حوض وجه 80 سم,بن أمور,T305-8046,بيج,مصنع خلاطات و أكسسوارات الصين,دولاب حمام,500,1100,900,حائطي,3,1,3
CC10370,كولة فواصل 001,kalekim,WHITE,,شركة الثريا لمستلزمات الرخام والسراميك ,كولة بلاط أرضيات,35,44,40,,0,7,0
ARSB88899,سماعة دوش مع طوبو كروم,اي ار بي,092101,كروم,مجموعة العربي,سماعة دوش,103,180,160,مربع,1,6,0
ARSB87799,شطاف ظغط دائري مع طوبو كروم,اي ار بي,050201,كروم,مجموعة العربي,شطاف,79,160,145,دائري,2,5,0
ARSB80763,مخرج شطاف مع علاق ذهبي,فيدار,FD12005-G,ذهبي,المسوق الاسطى,مخرج شطاف,41,65,55,دائري,7,0,0
ALVM50776,رأس سيفوني كروم,فيب,OSY-6,كروم,دار الخزف للمواد الصحية (11 يونيو),رأس سيفوني,18,65,55,دائري,7,0,0
ML30791, مرايا حمام مع إضاءة لد مع بخار 60 اطار أسود ,سانيتاري ويرز,4008,أسود,دار الخزف للمواد الصحية (11 يونيو),مراية مضيئة,175,270,220,دائري,7,0,0
MTE60806,خلاط شطاف مدفون ميريدا أسود ,توريما,8Q007BB-093/2,أسود,  شركة أجياد ليبيا ,خلاط شطاف مدفون,475,720,700,مربع,4,3,0
MDE50823,خلاط دوش مدفون شريحة مربع كروم ,توريما,MERIDA 8Q 1011-093,كروم,  شركة أجياد ليبيا ,خلاط دوش مدفون,375,570,550,مربع,7,0,0
MA20895,خلاط حوض المطبخ سحاب أسود,سانيتاري ويرز,WL16,أسود,دار الخزف للمواد الصحية (11 يونيو),خلاط حوض المطبخ سحاب,230,350,320,مربع,4,3,0
ARSB80908,كسكاس دوش مربع 300*200 مم مع قصبة كروم,سانيتاري ويرز,OM-118C,كروم,شركة النخبة الفريدة لاستيراد مواد البناء,كسكاس دوش,54,110,70,مربع,3,4,0
MA20932,خلاط حوض المطبخ سحاب كروم,ليسو,JR031-77C,كروم,دار الخزف للمواد الصحية (11 يونيو),خلاط حوض المطبخ سحاب,135,260,180,دائري,5,2,0
ML30750,مرايا حمام مع إضاءة لد ,سانيتاري ويرز,001,,شركة النخبة الفريدة لاستيراد مواد البناء,مراية مضيئة,100,150,140,لاد,4,3,0
ML10786,خلاط حوض وجه كروم,سانيتاري ويرز,OM-225,كروم,شركة النخبة الفريدة لاستيراد مواد البناء,خلاط حوض وجه,148,230,200,مربع,4,3,0
RA20468,"سنيسكا 25"" اسود مربع",الجودة,بي بي ر - PPR,أسود,شركة الجودة vip,سنيسكا,105,180,120,,0,7,0
ARSB80792,قصبة دوش دائري 40 سم كروم,ليسو,JR031-33-40CM,كروم,دار الخزف للمواد الصحية (11 يونيو),قصبة دوش,33,50,50,دائري,7,0,0
SA10520,طقم اكسسوار كروم,ليسو,2694,كروم,دار الخزف للمواد الصحية (السراج),طقم اكسسوارات,255,380,350,مربع,4,3,0
ATWC50525,زر بتريا أسود,غروهي,38966KFO,أسود,شركة اعمار الجديد,ملحقات مقاعد,385,780,760,مربع,4,3,0
PE30528,بونتة حديد رقم 3,سانيتاري واير,,,محلات الاعتماد (السراج),مثقاب كهربائي,1.85,5,4.5,,0,7,0
AASB30832, سلة قمامة كروم  8 لتر,بن أمور,مجموعة بن عمر,كروم,مصنع خلاطات و أكسسوارات الصين,اكسسوارات,118,200,200,دائري,3,2,2
EL10885,حوض مطبخ ستانلس ستيل   65*45 رصاصي,ب.أمور,Monastir,رصاصي,بوليمي Bolemi,حوض مطبخ ستانلس ستيل,255,400,300,فردي,3,4,0
EL10886,حوض مطبخ ستانلس ستيل   60*45 رصاصي,ب.أمور,Florence,رصاصي,بوليمي Bolemi,حوض مطبخ ستانلس ستيل,245,380,300,فردي,3,4,0
ML10800,خلاط حوض وجه كروم ,بن أمور,B.AMOR004,كروم,هانغ كراون,خلاط حوض وجه,225,340,285,مربع,5,2,0
MA20911,خلاط حوض المطبخ سحاب رصاصي,بن أمور,B.AMOR028,رصاصي,هانغ كراون,خلاط حوض المطبخ سحاب,315,470,390,دائري,2,5,0
AM40957,مراية دولاب حمام 70 سم,بن أمور,DS53-70,بيج,XUCHANG MINGLAI TECHNOLOGY,مراية دولاب,150,350,350,حائطي,7,0,0
MD21005,خلاط دوش كروم,فيغاروو,EM-01,كروم,مجموعة الشريف,خلاط دوش,144,270,270,مربع,7,0,0
ARSB81013,مخرج شطاف مع علاق كروم مع مسكر ,رايمر,338Q,كروم,مجموعة الشريف,مخرج شطاف,125,190,190,مربع,7,0,0
ARSB81047,وصلة مسطرة دوش40سم كروم,سانيتاري ويرز,,كروم,شركة البهراء العالمية الحديثة,طوبو دوش,6.3,25,25,دائري,7,0,0
MT30556,خلاط شطاف مع شطاف كروم,ليسو,SF001,كروم,دار الخزف للمواد الصحية (السراج),خلاط شطاف,195,320,270,مربع,4,3,0
ML11078,خلاط حوض وجه كروم ,هيدرا,A00380EYHY,كروم,شركة الخيول الذهبية,خلاط حوض وجه,290,450,450,دائري,7,0,0
ARSB81098,شطاف ظغط مربع مع طوبو كروم,سانيتاري واير,DEER MISA-R,كروم,مسوق سفيان بن فايد,شطاف,42,80,80,مربع,7,0,0
MT30062,خلاط شطاف مع شطاف كروم ,شيزا,NOVA,كروم,  شركة أجياد ليبيا ,خلاط شطاف,145,220,160,,7,1,0
ARSB80074,شطاف ظغط دائري مع طوبو كروم,ميلانو,,كروم,محلات الإعتماد لإستيراد مواد البناء (11 يونيو),شطاف,38.5,70,50,دائري,0,8,0
ARSB80089,طوبو شطاف 120 سم كروم,فينوس,BS-120,كروم,شركة لمسات البناء,طوبو شطاف,39,80,80,,1,7,0
ARSB80090,طوبو شطاف 1.2 م أبيض,الشركة التونسية للمواد الصحية,,أبيض,محلات الإعتماد لإستيراد مواد البناء (11 يونيو),طوبو شطاف,5.25,15,12,,9,-1,0
ARSB80091,يد شطاف كروم,ميبت,GILBA,كروم,شركة لمسات البناء,يد شطاف,18,25,20,,4,4,0
ARSB80263,قلب خلاط صغير,سانيتاري ويرز,,,شركة لمسات البناء,ملحقات خلاط,14,25,20,,0,8,0
ARSB80312,مخرج شطاف كروم,شيزا,48593,كروم,شركة آفاق المتحدة لإستيراد مواد البناء,مخرج شطاف,40,80,55,مربع,2,6,0
MC10471,مجرى 30سم *7 سم كروم,بيورا,DL-11-30,كروم,شركة الركن الجديد,مجرى,120,170,145,مستطيل,2,6,0
ART0002,سرفنتينة 15 سم * 15 سم كروم,بيورا,FD-01,كروم,شركة الركن الجديد,مجرى,53,75,68,مربع,7,1,0
PE30014,زمالطو ضد الصدأ 3 كغ أبيض مطفي ,دهانات المدينة مصراتة,,أبيض,محلات الاعتماد (السراج),الحديد,53.35,58,57,,0,8,0
PE30018,زمالطو  3 كغ أزرق سماوي,دهانات المدينة مصراتة,,أزرق سماوي,محلات الإعتماد لإستيراد مواد البناء (11 يونيو),الحديد,52.5,60,59,,0,8,0
PE30023,زمالطو 2.5 كغ أَحْمَر لامع,دهانات المدينة مصراتة,,أَحْمَر لامع,محلات الإعتماد لإستيراد مواد البناء (11 يونيو),الحديد,44,50,47,,0,8,0
PE30031,دهان عازل أكريليكي  كغ3.5 أبيض,دهانات المدينة مصراتة,الزواق,أبيض,محلات الإعتماد لإستيراد مواد البناء (11 يونيو),الجدران خارجي,38.4,60,42,,0,8,0
RA30002,طوبو1.5'' 6 متر,الرطيل,جي أم GM,,محلات الإعتماد لإستيراد مواد البناء (11 يونيو),مواسير - طوبو,39,50,36,,0,8,0
PE30052,طلاء زيتي ضد الصدأ 850 غ أَحْمَر لامع,دهانات المدينة مصراتة,طلاء زيتي,أَحْمَر لامع,محلات الإعتماد لإستيراد مواد البناء (11 يونيو),الحديد,13,18,16,,0,8,0
PE30064,طلاء بخاخ داخلي و خارجي كروم لامع,إس كيو إل أو,,أبيض,محلات الإعتماد لإستيراد مواد البناء (11 يونيو),الجدران والسقف,5.25,10,8.5,,0,8,0
RA30007,"كوربة 6"" 87.5°",الرطيل,جي أم GM,أبيض,محلات الإعتماد لإستيراد مواد البناء (11 يونيو),كوع - كوربة,39.5,45,42,,0,8,0
RA30025,"جرجوري4""",الرطيل,جي أم GM,أبيض,محلات الإعتماد لإستيراد مواد البناء (11 يونيو),كوع - كوربة,17,32,22,,2,6,0
SA10042,طقم اكسسوار نحاسي,سانيتاري ويرز,,برنزي,مصنع خلاطات و أكسسوارات الصين,طقم اكسسوارات,150,200,170,دائري,4,4,0
PS20039,علاقة مناشف كروم,سانيتاري ويرز,,كروم,دار الخزف للمواد الصحية (11 يونيو),علاقة مناشف,32,90,80,معلق,1,7,0
PE30102,ملعقة 20سم,اي بي سي,AC70002,كروم,محلات الإعتماد لإستيراد مواد البناء (11 يونيو),ملعقة,5,7,6.5,دائري,0,8,0
PE30130,قادومة 500 غ,إنتكس,,,محلات الإعتماد لإستيراد مواد البناء (11 يونيو),مطرقة - ماصة,7.75,12,9,,0,8,0
PE30131,قادومة 300 غ,إنتكس,,,محلات الإعتماد لإستيراد مواد البناء (11 يونيو),مطرقة - ماصة,5.75,10,7,,0,8,0
PA30162,سطل بناء,الشركة العالمية للتصدير و الإستيراد,,أسود,محلات الإعتماد لإستيراد مواد البناء (11 يونيو),سطل بناء,5.25,9,6.5,,0,8,0
PA30250,ميزان 40 سم,صولا,,,محلات الإعتماد لإستيراد مواد البناء (11 يونيو),أدوات القياس والتتبع,7.5,12,9,,0,8,0
PA30251,ميزان 50 سم,صولا,,,محلات الإعتماد لإستيراد مواد البناء (11 يونيو),أدوات القياس والتتبع,8.5,14,11,,0,8,0
PA30351,مفتاح تي بالمقبض رقم 10,الشركة العالمية للتصدير و الإستيراد,,,محلات الإعتماد لإستيراد مواد البناء (11 يونيو),مفك البراغي يدوي,3.25,10,8,,0,8,0
PA30352,مفتاح تي بالمقبض رقم 12,الشركة العالمية للتصدير و الإستيراد,,,محلات الإعتماد لإستيراد مواد البناء (11 يونيو),مفك البراغي يدوي,3.25,10,8,,0,8,0
PA30406,"فرشة صاروخ مفتولة  4"" 100 مم",اي بي سي,AC1906,,محلات الإعتماد لإستيراد مواد البناء (11 يونيو),أقراص الصنفرة,7.5,13,10,,0,8,0
PA30428,ڨوانطي,فندر,,بُرْتُقَالِيّ,محلات الإعتماد لإستيراد مواد البناء (11 يونيو),قفازات,2.5,5,3,,0,8,0
PA30493,بونتة 6 * 110 مم,الشركة العالمية للتصدير و الإستيراد,,,محلات الإعتماد لإستيراد مواد البناء (11 يونيو),أدوات الثقب,2.35,5,2,قصير,0,8,0
PA30494,بونتة 8 * 110 مم,الشركة العالمية للتصدير و الإستيراد,,,محلات الإعتماد لإستيراد مواد البناء (11 يونيو),أدوات الثقب,1.85,3.5,2.5,قصير,0,8,0
RA20506,طابة نهاية خط حديد 1/2,الشركة العالمية للتصدير و الإستيراد,,,الشيباني لمواد البناء و المواد الصحية,طابة,0.75,1.5,1,,7,1,0
EL50517,لصقة مائية 19مم * 9.1 م,الشركة العالمية للتصدير و الإستيراد,,,محلات الإعتماد لإستيراد مواد البناء (11 يونيو),ملحقات الكهرباء,22.5,35,28,,0,8,0
PA30523,ترودي 3.25 * 350 مم (1ممØ),الشركة العالمية للتصدير و الإستيراد,ELKADESIA AG - E 6013,,محلات الإعتماد لإستيراد مواد البناء (11 يونيو),لحام,27.75,40,39,,0,8,0
FE30526,كسكاس 3/4,بوڨاتي,,,شركة لمسات البناء,فيلتر المياه,21,30,27,,0,8,0
PA30601,ميزان خيط 500 غرام,الشركة العالمية للتصدير و الإستيراد,,,محلات الإعتماد لإستيراد مواد البناء (11 يونيو),أدوات القياس والتتبع,5.5,10,7,مثلث,0,8,0
PA30393,قفل شنطة نحاس 32 مم,الشركة العالمية للتصدير و الإستيراد,263,ذهبي,محلات الإعتماد لإستيراد مواد البناء (11 يونيو),قفل باب,1.9,4,2.5,,0,8,0
ALVM50389,رأس سيفوني كروم,سانيتاري ويرز,930,كروم,دار الخزف للمواد الصحية (11 يونيو),رأس سيفوني,48,75,65,مربع,5,3,0
ARSB80018,مصب حوض وجه كروم,توريما,0320011-T45,كروم,  شركة أجياد ليبيا ,مصب حوض,185,270,230,دائري,4,4,0
ARSB80337,مصب دوش مع تحويلة كروم,شيزا,48463,كروم,  شركة أجياد ليبيا ,مصب دوش,85,140,115,مربع,3,5,0
AASB30049,موزع صابون سائل كروم,ليسو,JR031-20,كروم,دار الخزف للمواد الصحية (11 يونيو),اكسسوارات,55,95,95,حائطي,5,3,0
ART0025,حاملة فوط كروم,فينوس,BA806,كروم,شركة لمسات البناء,اكسسوارات,51.41,95,80,حائطي,1,7,0
EL10040,حوض مطبخ ستانلس ستيل   304 76*45 سم كروم,أسيل,AS3456,كروم,دار الخزف للمواد الصحية (11 يونيو),حوض مطبخ ستانلس ستيل,620,920,920,فردي,7,1,0
AASB30197,موزع صابون حساس كروم,بضائع أوروبية,RUBBERMAID,كروم,تولين للبضائع الأوروبية,اكسسوارات,45,150,75,حائطي,6,2,0
TO9053,مفتاح ربط رقم13 مم,الشركة العالمية للتصدير و الإستيراد,AC18693,كروم,محلات الإعتماد لإستيراد مواد البناء (11 يونيو),مفاتيح,5.5,10,9,,0,8,0
PA30064,مفك سالب  ,سانيتاري ويرز,193010,,محلات الإعتماد لإستيراد مواد البناء (11 يونيو),مفك البراغي يدوي,4.1,10,8,,0,8,0
CD40002,مسطرة دوش زوجية كروم,بضائع أوروبية,5034-E MONTE,كروم,دار الخزف للمواد الصحية (11 يونيو),مسطرة دوش,350,580,550,مربع,1,7,0
ARSB80382,سماعة دوش كروم,بضائع أوروبية,Prakitker,كروم,تولين للبضائع الأوروبية,سماعة دوش,35,120,70,دائري,4,4,0
EL50101,لامبة لد 10 وات,دي بي اس,E27,أسود,محلات الإعتماد لإستيراد مواد البناء (11 يونيو),المصابيح الكهربائية,2.75,5,4,,0,8,0
EG30108,حوض مطبخ جرانيت أبيض محبب 80*50 ,سانيبال,توكس,أبيض,مجموعة الخليج,حوض مطبخ جرانيت,417.1,600,580,زوجي,7,1,0
ELC1113,"مثلث كهرباء 
",الشركة العالمية للتصدير و الإستيراد,,,محلات الإعتماد لإستيراد مواد البناء (11 يونيو),الأسلاك والكابلات,14.25,20,15,,0,8,0
ADOU50186,سيفون حوض قدم,سانيتاري ويرز,رأس صغير,أبيض,شركة البهراء العالمية الحديثة,ملحقات دوش,7,20,15,بلاستك,8,0,0
ARSB80295,"مسكر شطافة ""1/2"" * ""1/2 دهبي",سانيتاري ويرز,ARB,ذهبي,مجموعة العربي,مخرج شطاف,65,85,85,مربع,8,0,0
ARSB80403,رقبة خلاط متحركة فلتر كروم,سانيتاري ويرز,,كروم,محلات الإعتماد لإستيراد مواد البناء (11 يونيو),ملحقات خلاط,5.25,15,9,دائري,8,0,0
ARSB80206,قلب خلاط كبير,سانيتاري ويرز,,أزرق فاتح,محلات الإعتماد لإستيراد مواد البناء (11 يونيو),ملحقات خلاط,4.5,10,8,,8,0,0
PLSA0230,وردة كروم 3/4,سانيتاري ويرز,7-8865,كروم,شركة لمسات البناء,وصلة,2.4,7,5,دائري,8,0,0
PE30195,طلاء مائي داخلي 10 كغ أبيض 4% لمعة  ,جي ال سي,سوبر داي - تون 7070,أبيض لامع,محلات الاعتماد (السراج),الجدران والسقف,189.15,215,160,,0,8,0
PA30738,لقمة جيدور كروم رقم 12,الشركة العالمية للتصدير و الإستيراد,,,محلات الاعتماد (السراج),مجموعة مفاتيح عدة,2.75,12,10,,0,8,0
RFP1751,"فسيبلي "" 1/2 ذكر * ""1/2 أنثى 80سم",TUCAI,585087,كروم,شركة النهضة كرزاز,فسيبلي,16.5,25,23,دائري,8,0,0
ATWC50157,مثبت غطاء مقعد سكة بلستك ,سانيتاري ويرز,,أبيض,شركة البهراء العالمية الحديثة,ملحقات مقاعد,2.5,10,5,بلاستك,3,5,0
ARSB80899,مثبت خلاط شجرة,سانيتاري ويرز,,,شركة البهراء العالمية الحديثة,ملحقات خلاط,3.75,15,12,,2,6,0
PLSA0168,وردة ذهبي دائري,ليمكس,,ذهبي,دار الخزف للمواد الصحية (السراج),وصلة,5.5,15,10,مربع,0,8,0
ALVM50288,رأس سيفوني كروم,اي ار بي,,كروم,مجموعة العربي,رأس سيفوني,95,150,140,مربع,4,4,0
PD20456,حاجز دوش 8 مم  مخطط 80*190  سم أسود,سانيتاري ويرز,14-40,أسود,شركة النخبة الفريدة لاستيراد مواد البناء,حاجز دوش,395,520,500,,4,4,0
CD40542,مسطرة دوش زوجية مع خلاط كروم,بضائع أوروبية,,كروم,تولين للبضائع الأوروبية,مسطرة دوش,250,500,370,مربع,8,0,0
ARSB80550,سماعة دوش مع طوبو كروم,فينوس,HSS424,كروم,شركة لمسات البناء,سماعة دوش,49.47,85,60,دائري,2,6,0
MD20627,خلاط دوش كروم,بن أمور,huang crown-2,كروم,مصنع خلاطات و أكسسوارات الصين,خلاط دوش,135,210,180,مربع,2,6,0
SA10651,طقم اكسسوار ذهبي,بن أمور,,ذهبي,مصنع خلاطات و أكسسوارات الصين,طقم اكسسوارات,170,280,232,مربع,5,3,0
AASB30670,مسند لكبار السن كروم,بن أمور,مجموعة بن عمر,كروم,مصنع خلاطات و أكسسوارات الصين,اكسسوارات,135,200,170,حائطي,4,4,0
AASB30672,فرشاة تنظيف مرحاض أسود,بن أمور,مجموعة بن عمر,أسود,مصنع خلاطات و أكسسوارات الصين,اكسسوارات,50,85,70,دائري,2,6,0
MDE50676,خلاط دوش مدفون كروم ,توريما,BLOG 8G01011-094,كروم,  شركة أجياد ليبيا ,خلاط دوش مدفون,395,500,500,مربع,5,3,0
PS20687,علاقة مناشف كبيرة ثلاثية كروم,بن أمور,B.A7760-Cr,كروم,مصنع خلاطات و أكسسوارات الصين,علاقة مناشف,100,170,130,معلق,2,6,0
CC10330,صليبة بيضاء 2.5ملي ,الشركة العالمية للتصدير و الإستيراد,,,محلات الاعتماد (السراج),كولة بلاط أرضيات,6.85,12,12,,0,8,0
CC10366,كولة فواصل 033,kalekim,VANILLA,,شركة الثريا لمستلزمات الرخام والسراميك ,كولة بلاط أرضيات,35,44,40,,0,8,0
ARSB80724,قصبة دوش دائري 40 سم كروم,ديولو,,كروم,شركة النخبة الفريدة لاستيراد مواد البناء,قصبة دوش,23,45,40,دائري,3,5,0
RE10385,حنفية فردية حائط بلاستك ,سانيتاري ويرز,TIEMME-57,أبيض ناصع ,مجموعة الشريف,حنفية حوض المطبخ,6.6,25,20,دائري,0,8,0
ARSB80949,شطاف ظغط دائري مع طوبو كروم,اي ار بي,030201,كروم,مجموعة العربي,شطاف,77,140,120,دائري,0,8,0
PS20411,علاقة ملابس فردي,فينوس,OL-01,كروم,شركة لمسات البناء,علاقة مناشف,36.86,75,60,دائري,5,3,0
ARSB92416,قصبة دوش 40 سم كروم,سانيتاري واير,,كروم,شركة لمسات البناء,قصبة دوش,56.26,100,85,مربع,0,8,0
ARSB80656,سماعة دوش مع طوبو كروم,فينوس,HSS423,كروم,شركة لمسات البناء,سماعة دوش,49.47,85,60,دائري,4,4,0
PE30493,طلاء مائي داخلي 10 كغ أبيض نص لمعة  ,جي ال سي,سوبر داي - تون 2000,أبيض لامع,محلات الاعتماد (السراج),الجدران والسقف,207.36,280,214,,0,8,0
MDE50807,خلاط دوش مدفون ميريدا أسود ,توريما,8Q017BB-093/2,أسود,  شركة أجياد ليبيا ,خلاط دوش مدفون,685,1000,950,مربع,5,3,0
CD40426,مسطرة دوش زوجية كروم,بضائع أوروبية,5034-E MONTE,كروم,دار الخزف للمواد الصحية (السراج),مسطرة دوش,320,590,620,دائري,2,6,0
MC10437,غطاء غرفة تفتيش 40*40 فايبر اسود,ستار سانيتار,,أسود لامع,محلات الاعتماد (السراج),مجرى,32.5,45,40,مربع,0,8,0
ARSB80906,سماعة دوش مع طوبو كروم,ليسو,WL17,كروم,دار الخزف للمواد الصحية (11 يونيو),سماعة دوش,110,180,180,مستطيل,8,0,0
ARSB80907,كسكاس دوش مربع 300*200 مم مع قصبة أسود,سانيتاري ويرز,OM-118B,أسود,شركة النخبة الفريدة لاستيراد مواد البناء,كسكاس دوش,55,110,70,مربع,4,4,0
MA20927,خلاط حوض المطبخ سحاب أسود,ليسو,JR031-77B,أسود,دار الخزف للمواد الصحية (11 يونيو),خلاط حوض المطبخ سحاب,135,270,180,دائري,8,0,0
ARSB80935,مصب حوض وجه طويل بدون تحويلة كروم,ليسو,079-30,كروم,دار الخزف للمواد الصحية (11 يونيو),مصب دوش,110,190,150,مربع,8,0,0
PS20732,علاقة مناشف كبيرة بالرف كروم,سانيتاري ويرز,WL10,كروم,دار الخزف للمواد الصحية (11 يونيو),علاقة مناشف,130,200,180,معلق,5,3,0
PS20734,علاقة ملابس صبعين كروم,سانيتاري ويرز,WL20,كروم,دار الخزف للمواد الصحية (11 يونيو),علاقة مناشف,19,40,35,دائري,8,0,0
PS20761,علاقة ملابس سداسية,فينوس,RO-06,كروم,شركة لمسات البناء,علاقة مناشف,58,110,110,معلق,4,4,0
ML0786,خلاط حوض وجه كروم,سانيتاري ويرز,OM-222,كروم,شركة النخبة الفريدة لاستيراد مواد البناء,خلاط حوض وجه,58.5,110,70,مربع,5,3,0
ML10789,خلاط حوض وجه كروم,سانيتاري ويرز,OM-36,كروم,شركة النخبة الفريدة لاستيراد مواد البناء,خلاط حوض وجه,53.5,100,70,مربع,3,5,0
ML30465,مرايا حمام مع إضاءة لد مربعة 60*80سم,سانيتاري ويرز,1529,كروم,دار الخزف للمواد الصحية (السراج),مراية مضيئة,97,180,175,مربع,0,8,0
ARSB80868,كسكاس دوش مربع 250*250 مم مع قصبة اسود,توريما,1372-15322-005,أسود,  شركة أجياد ليبيا ,كسكاس دوش,705,890,850,مربع,3,5,0
RA20470,"سنيسكا 25"" ذهبي مربع",الجودة,بي بي ر - PPR,ذهبي,شركة الجودة vip,سنيسكا,105,180,120,,3,5,0
PE30503,زمالطو  3 كغ أبيض مطفي ,الواحة,,أبيض,محلات الاعتماد (السراج),الحديد,48.5,58,57,,0,8,0
SI10509,سلكون حراري استرا اسود 1600c,,,أسود لامع,محلات الاعتماد (السراج),سلكون,23,30,27,,4,4,0
ALVM50790,رأس سيفوني رخامي,سانيتاري ويرز,41,رخامي,دار الخزف للمواد الصحية (11 يونيو),رأس سيفوني,18,60,60,دائري,5,3,0
WS10817,مقعد معلق ملحوم تورنيدو أبيض,ب.أمور,LT-094E-UQ3,أبيض,LETOP ليتوب,مقعد معلق,440,750,622,دائري,5,3,0
PE30530,بونتة حديد رقم 8,سانيتاري واير,,,محلات الاعتماد (السراج),مثقاب كهربائي,8.5,15,14,,0,8,0
PE30531,بونتة حديد رقم 10,سانيتاري واير,,,محلات الاعتماد (السراج),مثقاب كهربائي,10.5,17,16,,0,8,0
MA20923,خلاط حوض المطبخ سحاب كروم مطفي,بن أمور,B.AMOR036,كروم مطفي,هانغ كراون,خلاط حوض المطبخ سحاب,160,270,220,,5,3,0
ARSB80938,طوبو شطاف فلتر1.2م رصاصي,سانيتاري ويرز,228,رصاصي,دار الخزف للمواد الصحية (11 يونيو),طوبو شطاف,18,35,30,,8,0,0
AM0955,دولاب حمام -70 سم,بن أمور,DS53-70,بيج,XUCHANG MINGLAI TECHNOLOGY,دولاب حمام,300,650,650,بي في سي,8,0,0
VS10956,حوض وجه معلق -70 سم,سانيتاري واير,DS53-70,أبيض,XUCHANG MINGLAI TECHNOLOGY,حوض وجه معلق,250,400,400,مربع,8,0,0
MC10990,مجرى 40 سم *6 سم كروم,lineardrain,6A40/T42TC,كروم,مجموعة العربي,مجرى,185,255,255,مستطيل,5,3,0
ARSB81010,سماعة دوش مع طوبو كروم,كريز,2110,كروم,مجموعة الشريف,سماعة دوش,30.5,60,60,دائري,8,0,0
ML31021,مرايا حمام ضد البخار لد بالعلاقة اطار وردة كروم70*70سم,RIMERIO,670,كروم,شركة النخبة الفريدة لاستيراد مواد البناء,مراية مضيئة,148,230,200,دائري,8,0,0
ARSB81099,شطاف ظغط دائري مع طوبو كروم,جي اف مارك,SR126D,كروم,مسوق سفيان بن فايد,شطاف,55,90,90,دائري,8,0,0
ML10052,خلاط حوض وجه طويل كروم,ب.أمور,مجموعة بن عمر,كروم,مجموعة بن عمر BEN AMOR Group,خلاط حوض وجه,173,270,215,طويل,4,5,0
ARSB80135,مصب دوش مع تحويلة كروم,سانيتاري ويرز,,كروم,شركة لمسات البناء,مصب دوش,42,80,60,دائري,5,4,0
WS10168,مقعد معلق رايملس أسود,ب.أمور,SH-A001-MB,أسود,South Villa,مقعد معلق,565,750,680,دائري,3,6,0
VP20216,حوض وجه فوق الرخام ذهبي -48سم ,ب.أمور,G340,ذهبي,South Villa,حوض فوق الرخام,154,300,300,مربع,5,4,0
PLSA0258,"كوربة ذكر ""1/2 * ""1/2 مع وردة كروم",سانيتاري ويرز,F040CR002,كروم,محلات الإعتماد لإستيراد مواد البناء (11 يونيو),وصلة,14,20,15,دائري,4,5,0
ARSB80339,"مسكر شطافة ""1/2"" * ""1/2 كروم",فينوس,,كروم,شركة لمسات البناء,مخرج شطاف,26,60,40,مربع,0,9,0
MC10415,مجرى 75 سم *7 سم كروم,بيورا,DL-11-75,كروم,شركة الركن الجديد,مجرى,303,390,370,مستطيل,5,4,0
MC10001,مجرى شباك  40 سم *8 سم كروم,سانيتاري ويرز,,كروم,مصنع خلاطات و أكسسوارات الصين,مجرى,49,120,75,مستطيل,8,1,0
MC10006,مجرى 30 سم *6 سم دهبي,سانيتاري ويرز,,ذهبي,محلات الساحل,مجرى,90,150,115,مستطيل,5,4,0
PE30046,طلاء زيتي 700 غ بني لامع,دهانات المدينة مصراتة,طلاء زيتي,بني لامع,محلات الإعتماد لإستيراد مواد البناء (11 يونيو),الحديد,15,20,17,,0,9,0
PE30049,طلاء زيتي 700 غ بُرْتُقَالِيّ,دهانات المدينة مصراتة,طلاء زيتي,بُرْتُقَالِيّ,محلات الإعتماد لإستيراد مواد البناء (11 يونيو),الحديد,15,20,17,,0,9,0
PE30051,طلاء زيتي 850 غ أبيض لامع,دهانات المدينة مصراتة,طلاء زيتي,أبيض لامع,محلات الإعتماد لإستيراد مواد البناء (11 يونيو),الحديد,19.4,30,17,,0,9,0
PE30054,طلاء زيتي 850 غ فضي,دهانات المدينة مصراتة,طلاء زيتي,فضي,محلات الإعتماد لإستيراد مواد البناء (11 يونيو),الحديد,25,30,26,,0,9,0
PE30055,طلاء زيتي 850 غ نحاسي,دهانات المدينة مصراتة,طلاء زيتي,برنزي,محلات الإعتماد لإستيراد مواد البناء (11 يونيو),الحديد,25,30,28,,0,9,0
PE30069,طلاء بخاخ داخلي و خارجي 300 مل رَمَادِي,راتا,,رصاصي,محلات الإعتماد لإستيراد مواد البناء (11 يونيو),الجدران والسقف,5,10,7.5,,0,9,0
PS20018,علاقة مناشف كروم,فينوس,BA 805,كروم,شركة لمسات البناء,علاقة مناشف,112.8,180,110,معلق,0,9,0
AASB30045,رف زجاجي كروم,فينوس,VGS-01,كروم,شركة لمسات البناء,اكسسوارات,71,110,85,دائري,6,3,0
RA30069,"كوربة رايحة لسيفون  3""",الرطيل,جي أم GM,أَزْرَقُ,محلات الإعتماد لإستيراد مواد البناء (11 يونيو),كوع - كوربة,5.5,9,6.5,,0,9,0
PA30119,رأس قفل بي في سي 9 سم,الشركة العالمية للتصدير و الإستيراد,,,محلات الإعتماد لإستيراد مواد البناء (11 يونيو),رأس قفل,13,20,17,,0,9,0
PE30200,"سكينة تغليف 5""",اي بي سي,AC70028,,محلات الإعتماد لإستيراد مواد البناء (11 يونيو),أدوات,3.45,6,4.5,,0,9,0
ARSB80323,قصبة دوش مربعة 30 سم كروم,سانيتاري ويرز,32-31,كروم,دار الخزف للمواد الصحية (11 يونيو),قصبة دوش,25,70,50,مربع,7,2,0
P30325,عوامة 3/4,الشركة العالمية للتصدير و الإستيراد,,برنزي,محلات الإعتماد لإستيراد مواد البناء (11 يونيو),مضخة,48,65,58,,0,9,0
PA30331,منشار شجر,الشركة العالمية للتصدير و الإستيراد,SAMORAI,,محلات الإعتماد لإستيراد مواد البناء (11 يونيو),أداة القص - منشار,12,20,15,,0,9,0
PA30350,مفتاح تي بالمقبض رقم 8,الشركة العالمية للتصدير و الإستيراد,,,محلات الإعتماد لإستيراد مواد البناء (11 يونيو),مفك البراغي يدوي,3.25,10,7,,0,9,0
PA30353,مفتاح تي بالمقبض رقم 13,الشركة العالمية للتصدير و الإستيراد,,,محلات الإعتماد لإستيراد مواد البناء (11 يونيو),مفك البراغي يدوي,3.25,10,8,,0,9,0
PA30407,"فرشة صاروخ مفتولة  3"" 75 مم",اي بي سي,AC1905,,محلات الإعتماد لإستيراد مواد البناء (11 يونيو),أقراص الصنفرة,5,8,7.5,,0,9,0
PA30420,حبل نشر 2.5 مم 10 متر,الشركة العالمية للتصدير و الإستيراد,,,محلات الإعتماد لإستيراد مواد البناء (11 يونيو),خيط، حبل,1.5,3,2,,0,9,0
PA30447,خيط لينسة,الشركة العالمية للتصدير و الإستيراد,,أَزْرَقُ,محلات الإعتماد لإستيراد مواد البناء (11 يونيو),خيط، حبل,2.35,5,3,صغير,0,9,0
PA30449,خيط أحذية 120 غ,الشركة العالمية للتصدير و الإستيراد,,أبيض,محلات الإعتماد لإستيراد مواد البناء (11 يونيو),خيط، حبل,2.1,4,3,,1,8,0
RA20596,"فلفلة باب  3/4"" سن داخلي",الشركة العالمية للتصدير و الإستيراد,,,الشيباني لمواد البناء و المواد الصحية,مثلث,33,50,42,,0,9,0
PA30396,قفل شنطة نحاس 63 مم,الشركة العالمية للتصدير و الإستيراد,,ذهبي,محلات الإعتماد لإستيراد مواد البناء (11 يونيو),قفل باب,6.25,10,7.5,,0,9,0
ELC2395,قرجوطة 16مم *50 م  ,فاندي,F0021,أسود,عبد المجيد الفاندي,قراجيط الكهرباء,25,40,28,بلاستك,0,9,0
ELC2001,قرجوطة 19مم *50 م  ,فاندي,F0022,أَحْمَر,عبد المجيد الفاندي,قراجيط الكهرباء,29,45,33.002,بلاستك,0,9,0
MA20051,خلاط حوض المطبخ سحاب اسود,ليسو,,أسود,دار الخزف للمواد الصحية (11 يونيو),خلاط حوض المطبخ سحاب,225,310,240,دائري,3,6,0
ARSB80281,كسكاس دوش مربع 200*200 مم مع قصبة ذهبي,سانيتاري ويرز,MAF ELSEAH,ذهبي,دار الخزف للمواد الصحية (11 يونيو),كسكاس دوش,93,170,120,مربع,7,2,0
PA30056,بونتة 6 * 16سم,الشركة العالمية للتصدير و الإستيراد,,,محلات الإعتماد لإستيراد مواد البناء (11 يونيو),أدوات الثقب,2.45,5,4,قصير,1,8,0
ARSB80500,شطاف ظغط مربع مع طوبو كروم,ليسو,,كروم,دار الخزف للمواد الصحية (11 يونيو),شطاف,78,160,160,مربع,0,9,0
ARSB80288,مثبت خلاط فردي,سانيتاري ويرز,,,مجموعة الشريف,ملحقات خلاط,3,10,5,,9,0,0
ATWC50197,مثبت صندوق بتارية مقعد أرضي,سانيتاري ويرز,TMT257-11,برنزي,محلات الإعتماد لإستيراد مواد البناء (11 يونيو),ملحقات مقاعد,3.35,5,5,دائري,9,0,0
ATWC50232,بتارية مقعد أرضي تحت في كييس,سانيتاري ويرز,,رصاصي,شركة أركان العمارة,ملحقات مقاعد,28,60,40,دائري,9,0,0
ATWC50233,بتارية مقعد أرضي تحت في كييس,سانيتاري ويرز,,أَخْضَرُ,شركة أركان العمارة,ملحقات مقاعد,15,40,30,دائري,5,4,0
PA30736,لقمة جيدور كروم رقم 10,الشركة العالمية للتصدير و الإستيراد,,,محلات الاعتماد (السراج),مجموعة مفاتيح عدة,2.75,10,7,,0,9,0
RFP1750,"فسيبلي "" 1/2 أنثى * ""1/2 أنثى 30سم سميك",فانسكي,اسباني,كروم,محلات الإعتماد لإستيراد مواد البناء (11 يونيو),فسيبلي,7.55,20,15,دائري,9,0,0
ARSB80451,سماعة دوش مع طوبو كروم ,مونتانا س.ل,MT-4101,كروم,شركة أركان العمارة,سماعة دوش,110,220,190,مربع,9,0,0
ARSB80324,كسكاس دوش مربع 250*250 مم مع قصبة كروم,توريما,1372-15231-007,كروم,دار الخزف للمواد الصحية (السراج),كسكاس دوش,385,550,550,مربع,2,7,0
RFP1213,"فسيبلي خلاط مطبخ شجرة (2طرف) ""1/2أنثى 50سم",فيرمر,,كروم,محل سوق الثلاثاء لمواد البناء ,فسيبلي,21.5,35,25,دائري,-1,10,0
ARSB80411,نبلس خلاط دوش مع وردة كروم,سانيتاري ويرز,,كروم,مجموعة الشريف,ملحقات خلاط,4.5,10,8,دائري,9,0,0
RFP1217,"فسيبلي "" 1/2 أنثى * ""1/2 أنثى 60سم",سانيتاري ويرز,,كروم,شركة البهراء العالمية الحديثة,فسيبلي,13.5,15,15,دائري,0,9,0
MC10253,سرفنتينة10 سم * 10 سم كروم ,فينوس,,كروم,شركة لمسات البناء,مجرى,28.565,50,50,مربع,0,9,0
ARSB80460,مصب دوش بدون تحويلة كروم,فينوس,RACHEL D2ES,كروم,شركة لمسات البناء,مصب دوش,71.78,140,120,مربع,2,7,0
AASB30311,مجفف شعر أبيض,فينوس,SD-100,أبيض,شركة لمسات البناء,اكسسوارات,99,150,135,حائطي,9,0,0
CD40622,مسطرة دوش زوجية مربعة مع خلاط أسود,بن أمور,,أسود,مصنع خلاطات و أكسسوارات الصين,مسطرة دوش,320,520,480,مربع,5,4,0
AM0696,دولاب حمام مع حوض وجه 80 سم,بن أمور,203-80,رصاصي,مصنع خلاطات و أكسسوارات الصين,دولاب حمام,550,1100,900,حائطي,4,2,3
AM40697,مراية دولاب حمام 80 سم,بن أمور,203C-80,رصاصي,مصنع خلاطات و أكسسوارات الصين,مراية دولاب,250,420,410,حائطي,4,2,3
EL10702,حوض مطبخ ستانلس ستيل منظومة بيانو 304 75*46 أسود,بن أمور,7546-B,أسود,هانغ كراون,حوض مطبخ ستانلس ستيل,600,950,800,فردي,6,3,0
PE30355,دهان مطاطي عازل أكريليكي  كغ3.5 أبيض,دهانات المدينة مصراتة,,أبيض,محلات الاعتماد (السراج),الجدران خارجي,41.8,53,45,,0,9,0
RO10329,حنفية 3/4 ,سانيتاري ويرز,,,محلات الاعتماد (السراج),حنفية,16.5,25,22,,8,1,0
RE10386,حنفية فردية حوض بلاستك ,سانيتاري ويرز,TIEMME-58,أبيض ناصع ,مجموعة الشريف,حنفية حوض المطبخ,6.6,25,20,دائري,0,9,0
MC10731,سرفنتينة 15 سم * 15 سم كروم,CYRENE,,كروم,شركة الراسيات لاستيراد المواد الصحية و مواد البناء,مجرى,45,75,60,مربع,5,4,0
ARSB80734,قصبة دوش دائري 40 سم ذهبي,ديولو,4-36,ذهبي,شركة النخبة الفريدة لاستيراد مواد البناء,قصبة دوش,27,60,50,دائري,9,0,0
ML30745,مرايا حمام مع إضاءة لد-طول 80*60 سم,ديولو,DE 007,,شركة النخبة الفريدة لاستيراد مواد البناء,مراية مضيئة,81,150,110,لاد,9,0,0
ARSB80989,شطاف ظغط مجرح مع طوبو كروم,اي ار بي,030101,كروم,مجموعة العربي,شطاف,77,150,135,دائري,4,5,0
PLSA0404,وردة كروم,فينوس,F45,كروم,شركة لمسات البناء,وصلة,5.25,12,10,دائري,2,7,0
ARSB80747,مخرج شطاف مع علاق أسود,فيدار,FD12005-B,أسود,المسوق الاسطى,مخرج شطاف,38,60,50,دائري,9,0,0
ARSB80748,مخرج شطاف ذهبي,فيدار,1011-GOLD,ذهبي,المسوق الاسطى,مخرج شطاف,40,65,55,دائري,9,0,0
ARSB80750,مخرج شطاف أسود,فيدار,FD120014-B,أسود,المسوق الاسطى,مخرج شطاف,37,60,50,دائري,9,0,0
ARSB80761,مخرج شطاف مع علاق أسود,فيدار,FD12008-B,أسود,المسوق الاسطى,مخرج شطاف,69,110,90,مربع,9,0,0
ALVM50766,سيفون حوض الوجه اسود,فيدار,,أسود,شركة البهراء العالمية الحديثة,سيفون حوض الوجه,85.5,150,130,مربع,9,0,0
ALVM50767,سيفون حوض الوجه ذهبي,فيدار,,ذهبي,شركة البهراء العالمية الحديثة,سيفون حوض الوجه,98.5,160,160,مربع,9,0,0
ALVM50808,سيفون حوض الوجه كروم,توريما,1372-01658-002,كروم,  شركة أجياد ليبيا ,سيفون حوض الوجه,205,300,300,دائري,4,5,0
ARSB80816,مخرج شطاف مع علاق أسود,مونتانا س.ل,MT-01B,أسود,مجموعة الشريف,مخرج شطاف,99,250,250,مربع,9,0,0
ARSB80825,كسكاس دوش دائري شريحه 250 مم مع قصبة كروم,توريما,1372-15237-002,كروم,  شركة أجياد ليبيا ,كسكاس دوش,285,450,450,دائري,9,0,0
RFP1884,"فسيبلي "" 1/2 أنثى * ""1/2 أنثى 40سم",سانيتاري ويرز,ARB-13-18-SS304-FF,كروم,مجموعة العربي,فسيبلي,8.5,15,11,دائري,9,0,0
PE30433,قاعدة ماكينة سنفر صاروخ ,الشركة العالمية للتصدير و الإستيراد,,,محلات الاعتماد (السراج),ماكينة صنفرة,5.25,12,10,,0,9,0
SA10735,طقم اكسسوار ذهبي,ليسو,JR133-16G,ذهبي,دار الخزف للمواد الصحية (11 يونيو),طقم اكسسوارات,190,320,250,مربع,4,5,0
CD40760,مسطرة دوش زوجية كروم,سانيتاري ويرز,JR079-27,كروم,دار الخزف للمواد الصحية (11 يونيو),مسطرة دوش,130,250,220,دائري,3,6,0
RFP1450,"فسيبلي "" 1/2 أنثى * ""1/2 أنثى 60سم",سانيتاري ويرز,اسباني,كروم,محلات الاعتماد (السراج),فسيبلي,18.5,25,22,دائري,0,9,0
ARSB80507,مصب دوش مع تحويلة كروم,ليسو,JR079-10,كروم,دار الخزف للمواد الصحية (السراج),مصب دوش,85,160,130,مربع,0,9,0
WS10815,مقعد معلق ملحوم تورنيدو أبيض,ب.أمور,LT-102E-UQ3,أبيض,LETOP ليتوب,مقعد معلق,430,750,622,مربع,6,3,0
PE30526,طلاء زيتي 850 غ أبيض مطفي ,دهانات المدينة مصراتة,طلاء زيتي,أبيض مطفي,محلات الاعتماد (السراج),الحديد,19.4,30,27,,0,9,0
PE30527,بونتة حديد رقم 4,سانيتاري واير,,,محلات الاعتماد (السراج),مثقاب كهربائي,3.75,8,7,,0,9,0
PE30529,بونتة حديد رقم 6,سانيتاري واير,,,محلات الاعتماد (السراج),مثقاب كهربائي,4.75,12,10,,0,9,0
EL50534,قاعدة مكيف ابوفارس ,الشركة العالمية للتصدير و الإستيراد,,أبيض,محلات الاعتماد (السراج),ملحقات الكهرباء,43.5,75,70,,0,9,0
ARSB80854,سماعة دوش دائرية مع طوبو أسود,مجموعة بن عمر,,أسود,مصنع خلاطات و أكسسوارات الصين,سماعة دوش,70,140,116,دائري,1,5,3
EL10888,حوض مطبخ ستانلس ستيل   80*48 رصاصي,ب.أمور,Siena,رصاصي,بوليمي Bolemi,حوض مطبخ ستانلس ستيل,435,680,535,فردي,4,5,0
MA20913,خلاط حوض المطبخ سحاب أسود مطفي,بن أمور,B.AMOR031,أسود مطفي,هانغ كراون,خلاط حوض المطبخ سحاب,210,320,265,دائري,5,4,0
ML30935,مرايا حمام مع إضاءة لد 60*80سم اطار كروم,ديولو,DE 022-CC,,شركة النخبة الفريدة لاستيراد مواد البناء,مراية مضيئة,125,200,180,لاد,9,0,0
ML30936,مرايا حمام مع إضاءة لد كريستال 60*80سم ,ديولو,DIOLLO 040,,شركة النخبة الفريدة لاستيراد مواد البناء,مراية مضيئة,135,210,190,لاد,9,0,0
RFP1543,"فسيبلي خلاط مطبخ شجرة (2طرف) ""1/2أنثى 60سم",ستار سانيتار,,كروم,محلات الاعتماد (السراج),فسيبلي,8.25,20,19,دائري,0,9,0
PE30544,لصقة دبل فيس 3 سم 5متر ,الشركة العالمية للتصدير و الإستيراد,,شفاف,محلات الاعتماد (السراج),المواد اللاصقة و العازلة,5.5,12,7,,0,9,0
ARSB81009,سماعة دوش مع طوبو كروم ,مونتانا س.ل,MT-4102,كروم,مجموعة الشريف,سماعة دوش,108,200,200,دائري,9,0,0
AECU51048,سيفون حوض المطبخ راس كبير بالهواية,سانيتاري ويرز,,رصاصي,شركة البهراء العالمية الحديثة,ملحقات أحواض المطابخ,33.5,50,50,فردي,9,0,0
ARSB81101,قصبة دوش 40 سم كروم,توريما,1372-03247-029,كروم,  شركة أجياد ليبيا ,قصبة دوش,60,90,90,دائري,9,0,0
MT30064,خلاط شطاف مع شطاف أسود,شيزا,NOVA,أسود,  شركة أجياد ليبيا ,خلاط شطاف,215,330,265,,6,4,0
ARSB80125,مخرج شطاف كروم,فينوس,OLER,كروم,شركة لمسات البناء,مخرج شطاف,43.6,60,37,دائري,0,10,0
WS10170,مقعد معلق رايملس أبيض ,تركواز سيراستايل,AQUA NEW DESIGN,أبيض,شركة الصداقة,مقعد معلق,873,1100,770,مربع,5,5,0
ARSB80298,سماعة دوش مع طوبو كروم,توريما,1372-007,كروم,  شركة أجياد ليبيا ,سماعة دوش,140,270,270,مربع,3,7,0
RFP1420,"فسيبلي "" 1/2 أنثى * ""1/2 أنثى 30سم",سانيتاري ويرز,اسباني,كروم,محلات الإعتماد لإستيراد مواد البناء (11 يونيو),فسيبلي,10.5,20,15,دائري,3,7,0
AASB30004,موزع صابون ابيض,فينوس,SD11w,أبيض,شركة لمسات البناء,اكسسوارات,31.04,50,37,حائطي,5,5,0
RA20007,"كوع 32"" لحام",فرات,بي بي ر - PPR,بيج,الشيباني لمواد البناء و المواد الصحية,كوع - كوربة,1.321,3,1.7,,0,10,0
RA30006,"مثلث 6"" 87.5°",الرطيل,جي أم GM,أبيض,محلات الإعتماد لإستيراد مواد البناء (11 يونيو),مثلث,57,68,65,,0,10,0
RA30024,"جرجوري 4"" * 3""",الرطيل,جي أم GM,أبيض,محلات الإعتماد لإستيراد مواد البناء (11 يونيو),كوع - كوربة,17,30,22,,0,10,0
AASB30026,رف زاوية زوجي كروم,سانيتاري ويرز,811,كروم,دار الخزف للمواد الصحية (11 يونيو),اكسسوارات,140,200,195,زوجي,3,7,0
RA30038,"ديسكو حديد تنظيف 7"" 180 مم",كداس,A 30 PLUS T-BF,أسود مطفي,محلات الإعتماد لإستيراد مواد البناء (11 يونيو),ديسكو منشار دائري,10.5,17,14,,0,10,0
RA30040,"ديسكو طرانجة 14"" 350 مم",كداس,A 24 PLUS T-BF,أسود مطفي,محلات الإعتماد لإستيراد مواد البناء (11 يونيو),ديسكو منشار دائري,24.75,35,32,,0,10,0
RA30043,"ديسكو تنظيف 4.5"" 115 مم",كداس,A 24 PLUS T-BF,أسود مطفي,محلات الإعتماد لإستيراد مواد البناء (11 يونيو),ديسكو منشار دائري,5.65,10,7.5,,0,10,0
RA30044,"ديسكو تنظيف 4"" 100*6.4*16",إيما,A 24 P BF,أسود مطفي,محلات الإعتماد لإستيراد مواد البناء (11 يونيو),ديسكو منشار دائري,3.75,8,5.5,,0,10,0
RA30047,"مخفض 4"" * 3""",الرطيل,جي أم GM,أبيض,الشيباني لمواد البناء و المواد الصحية,مخفض,7.5,15,12,,0,10,0
AECU50055,غسالة أكواب حوض المطبخ,سانيتاري ويرز,,أسود,مجموعة الشريف,ملحقات أحواض المطابخ,14,50,30,,0,10,0
RA30096,كلبس كاو رقم 10,الشركة العالمية للتصدير و الإستيراد,,كروم,محلات الإعتماد لإستيراد مواد البناء (11 يونيو),ملحقات الكهرباء,0.85,3,1.5,,0,10,0
EL50097,كلبس كاو رقم 12,الشركة العالمية للتصدير و الإستيراد,,كروم,محلات الإعتماد لإستيراد مواد البناء (11 يونيو),ملحقات الكهرباء,1.35,3.5,2,,0,10,0
EL50096,كلبس كاو رقم 16,الشركة العالمية للتصدير و الإستيراد,,كروم,محلات الإعتماد لإستيراد مواد البناء (11 يونيو),ملحقات الكهرباء,1.9,4,2.5,,0,10,0
EL50098,كلبس كاو رقم 18,الشركة العالمية للتصدير و الإستيراد,,كروم,محلات الإعتماد لإستيراد مواد البناء (11 يونيو),ملحقات الكهرباء,2,4,3,,0,10,0
PE30099,ملعقة 18سم,اي بي سي,AC70001,كروم,محلات الإعتماد لإستيراد مواد البناء (11 يونيو),ملعقة,4.75,7,6,مربع,0,10,0
PE30152,عصاة مطرقة,الشركة العالمية للتصدير و الإستيراد,,,محلات الإعتماد لإستيراد مواد البناء (11 يونيو),مطرقة - ماصة,7.75,12,9.5,,0,10,0
PE30158,منجل,الشركة العالمية للتصدير و الإستيراد,,,محلات الإعتماد لإستيراد مواد البناء (11 يونيو),منجل,5.75,10,7,,0,10,0
P30165,عصاة فأس,الشركة العالمية للتصدير و الإستيراد,,,محلات الإعتماد لإستيراد مواد البناء (11 يونيو),فأس,14.5,21,18,,0,10,0
PE30199,"سكينة تغليف 3""",اي بي سي,AC70026,,محلات الإعتماد لإستيراد مواد البناء (11 يونيو),أدوات,2.95,5,3.5,,0,10,0
P30326,عوامة 3/4,الشركة العالمية للتصدير و الإستيراد,,أَحْمَر,محلات الإعتماد لإستيراد مواد البناء (11 يونيو),مضخة,27.5,40,33,,0,10,0
PE30345,مقص عنب,اي بي سي,AC18736,أَصْفَرُ,محلات الإعتماد لإستيراد مواد البناء (11 يونيو),مقص عنب,19.5,30,25,,0,10,0
PA30377,كستولة,الشركة العالمية للتصدير و الإستيراد,,,محلات الإعتماد لإستيراد مواد البناء (11 يونيو),مجرفة مغلفة,5.5,10,8,,0,10,0
EL50397,لصقة 0.13 مم * 19 مم * 25 متر,الشركة العالمية للتصدير و الإستيراد,SCAPA 2702,أَحْمَر,محلات الإعتماد لإستيراد مواد البناء (11 يونيو),ملحقات الكهرباء,6,10,6,,0,10,0
PE30417,عصاة ماصة,الشركة العالمية للتصدير و الإستيراد,,,محلات الإعتماد لإستيراد مواد البناء (11 يونيو),مطرقة - ماصة,4.5,9,6,,0,10,0
PA30418,عصاة مسحة,الشركة العالمية للتصدير و الإستيراد,,,محلات الإعتماد لإستيراد مواد البناء (11 يونيو),مسحة,14,20,17,,0,10,0
ATWC50424,بتارية مقعد أرضي تحت,سانيتاري ويرز,,,شركة البهراء العالمية الحديثة,ملحقات مقاعد,62.5,80,75,,6,4,0
PA30431,ڨوانطي,فندر,,أَزْرَقُ,محلات الإعتماد لإستيراد مواد البناء (11 يونيو),قفازات,6.1,12,8,,0,10,0
PA30432,ڨوانطي,فندر,,رصاصي,محلات الإعتماد لإستيراد مواد البناء (11 يونيو),قفازات,15.5,25,19,,0,10,0
PA30552,فيتي لاميرة 4.2 * 32 (100غ),الشركة العالمية للتصدير و الإستيراد,,,محلات الإعتماد لإستيراد مواد البناء (11 يونيو),برغي,1.575,4,2.5,,0,10,0
ACOL30581,ريتي لياسة حديد 25 سم,الشركة العالمية للتصدير و الإستيراد,,,شركة الركن الجديد,ملحقات غراء البلاط و الأرضيات,2.9,5,3.5,صغير,0,10,0
PA30586,سبتة التبجاني,الشركة العالمية للتصدير و الإستيراد,,أبيض,محلات الإعتماد لإستيراد مواد البناء (11 يونيو),خيط، حبل,15.5,20,17,كبير,0,10,0
RA20598,"فلفلة باب  1/2"" سن داخلي",الشركة العالمية للتصدير و الإستيراد,,,الشيباني لمواد البناء و المواد الصحية,مثلث,19,30,25,,0,10,0
RA20600,"كوربة توماتك 32 - 1"" سن خارجي",الشركة العالمية للتصدير و الإستيراد,,أسود,الشيباني لمواد البناء و المواد الصحية,كوع - كوربة,14.5,23,19,,0,10,0
PA30395,قفل شنطة نحاس 50 مم,الشركة العالمية للتصدير و الإستيراد,,ذهبي,محلات الإعتماد لإستيراد مواد البناء (11 يونيو),قفل باب,4.5,7,5.5,,0,10,0
PA30399,زاوية كرسي 20 * 37 * 1 مم (4 قطع),الشركة العالمية للتصدير و الإستيراد,,,محلات الإعتماد لإستيراد مواد البناء (11 يونيو),تشكيلة من التثبيتات,1.6,3.5,2.5,,0,10,0
ELC2003,قرجوطة 23مم *50 م  ,فاندي,F0023,رصاصي,عبد المجيد الفاندي,قراجيط الكهرباء,37.5,58,43,بلاستك,0,10,0
ELC2004,قرجوطة 26مم *50 م  ,فاندي,F0024,أَزْرَقُ,عبد المجيد الفاندي,قراجيط الكهرباء,34.75,70,42,بلاستك,0,10,0
ARSB80031,شطاف ظغط دائري طتش مع طوبو كروم,توريما,1372-013,كروم,  شركة أجياد ليبيا ,شطاف,135,220,180,دائري,5,5,0
MTE60032,خلاط شطاف مدفون كروم ,توريما,8V00011-093,كروم,  شركة أجياد ليبيا ,خلاط شطاف مدفون,195,260,260,,10,0,0
AASB30031,صابونية كروم,ونكو,SAN REMO,كروم,تولين للبضائع الأوروبية,اكسسوارات,22.5,75,50,مربع,3,7,0
ART0023,صابونية كروم,فينوس,BA807,كروم,شركة لمسات البناء,اكسسوارات,84,145,75,حائطي,3,7,0
MF20189,مراية حمام صغيرة بالعلاقة ضد البخار كروم,ونكو,CALI,كروم,تولين للبضائع الأوروبية,مراية معلقة,15,40,25,مربع,6,4,0
AASB30198,صابون سائل,بضائع أوروبية,RUBBERMAID,,تولين للبضائع الأوروبية,اكسسوارات,10,15,15,,6,4,0
PA30017,مفتاح بيبة رقم13مم,الشركة العالمية للتصدير و الإستيراد,AC18693,كروم,محلات الإعتماد لإستيراد مواد البناء (11 يونيو),مفاتيح,4.85,10,9,,0,10,0
PA30055,رزة باب حديد رقم12,الشركة العالمية للتصدير و الإستيراد,,,محلات الإعتماد لإستيراد مواد البناء (11 يونيو),ملحقات معدات الباب,3.5,10,9,نحاس,0,10,0
PA30061,رزة باب حديد رقم14,الشركة العالمية للتصدير و الإستيراد,,,محلات الإعتماد لإستيراد مواد البناء (11 يونيو),ملحقات معدات الباب,4.5,10,9,نحاس,0,10,0
PA30066, مفك سالب قصير كورة,سانيتاري ويرز,193000,,محلات الإعتماد لإستيراد مواد البناء (11 يونيو),مفك البراغي يدوي,3.5,10,8,,0,10,0
EL50997,لامبة لد 60وات,دي بي اس,E27,أسود,محلات الإعتماد لإستيراد مواد البناء (11 يونيو),المصابيح الكهربائية,10.75,20,18,,0,10,0
RA20209,"تحويلة 4""",سانيتاري ويرز,,رصاصي,شركة الركن الجديد,وصلة,2,7,5.5,بلاستك,10,0,0
PA30737,لقمة جيدور كروم رقم 11,الشركة العالمية للتصدير و الإستيراد,,,محلات الاعتماد (السراج),مجموعة مفاتيح عدة,2.75,12,10,,0,10,0
PA30739,لقمة جيدور كروم رقم 13,الشركة العالمية للتصدير و الإستيراد,,,محلات الاعتماد (السراج),مجموعة مفاتيح عدة,2.75,12,10,,0,10,0
PA30741,لقمة جيدور كروم رقم 8,الشركة العالمية للتصدير و الإستيراد,,,محلات الاعتماد (السراج),مجموعة مفاتيح عدة,2.75,8,6,,0,10,0
ATWC50156,مثبت غطاء مقعد سكة هندي ,سانيتاري ويرز,,أبيض,شركة البهراء العالمية الحديثة,ملحقات مقاعد,2.95,10,5,بلاستك,3,7,0
PLSA0415,وردة أسود 1/2,MYVEN,ITALY,أسود,شركة البهراء العالمية الحديثة,وصلة,1.35,4,4,دائري,10,0,0
VP20483,حوض وجه فوق الرخام أبيض -40*30 سم ,ب.أمور,SH-8218A ,أبيض,South Villa,حوض فوق الرخام,103,200,160,مربع,5,3,2
MTE60562,خلاط شطاف مدفون كروم,بيلا,M30,كروم,شركة أركان العمارة,خلاط شطاف مدفون,165,250,230,,4,6,0
AASB30310,صابونية كروم حساس,سانيتاري ويرز,WL19,كروم,دار الخزف للمواد الصحية (السراج),اكسسوارات,48,80,60,مربع,5,5,0
WS10590,مقعد معلق رايملس رصاصي ,ب.أمور,SH-006MG,رصاصي,South Villa,مقعد معلق,570,900,700,مربع,5,5,0
ARSB80599,كسكاس دوش مربع شريحه 250 مم,توريما,1372-01485-001,كروم,  شركة أجياد ليبيا ,كسكاس دوش,180,320,320,مربع,5,5,0
MA20623,خلاط حوض المطبخ سحاب أسود-كروم   ,بن أمور,SUS304 PULL-OUT,أسود-كروم   ,مصنع خلاطات و أكسسوارات الصين,خلاط حوض المطبخ سحاب,175,300,250,دائري,5,5,0
MC10715,مجرى 50 سم *7 سم كروم,لونج 304,LONG,كروم,مجموعة الشريف,مجرى,160,300,290,مستطيل,10,0,0
ARSB804093,مصب دوش بدون تحويلة ,ليسو,31-079,كروم,دار الخزف للمواد الصحية (السراج),مصب دوش,95,180,140,دائري,0,10,0
ARSB88400,طوبو شطاف 120 سم كروم ,فينوس,9001,كروم,شركة لمسات البناء,طوبو شطاف,23,60,60,,3,7,0
ALVM56402,رأس سيفوني كروم,بريمكس,203,كروم,شركة لمسات البناء,رأس سيفوني,22.31,60,50,دائري,0,10,0
ARSB80749,مخرج شطاف ذهبي,فيدار,1010-GOLD,ذهبي,المسوق الاسطى,مخرج شطاف,41,65,50,مربع,10,0,0
ARSB80756,مصب دوش بدون تحويلة ذهبي,فيدار,8077-GOLD,ذهبي,المسوق الاسطى,مصب دوش,63,100,85,مربع,10,0,0
ARSB80762,مخرج شطاف مع علاق ذهبي,فيدار,FD12008-G,ذهبي,المسوق الاسطى,مخرج شطاف,75,115,95,مربع,10,0,0
ARSB80768,رشاش دوش كروم,فيدار,,كروم,شركة البهراء العالمية الحديثة,كسكاس دوش,37.5,65,65,مربع,10,0,0
ARSB80784,طوبو دوش 200سم كروم,بضائع أوروبية,Wilko 2m,كروم,تولين للبضائع الأوروبية,طوبو دوش,20,50,30,دائري,10,0,0
ML30797,مرايا حمام ضد البخار مع إضاءة لد بالعلاقة اطار أسود 70*70سم,سانيتاري ويرز,4017,,دار الخزف للمواد الصحية (11 يونيو),مراية مضيئة,185,280,230,دائري,7,3,0
ML10859,خلاط حوض وجه أسود,سانيتاري ويرز,OM-105-BLACK,أسود,شركة النخبة الفريدة لاستيراد مواد البناء,خلاط حوض وجه,60,150,90,مربع,6,4,0
PE30457,طلاء بخاخ داخلي و خارجي رصاصي ,سوتينول - الغزالة,,رصاصي,محلات الاعتماد (السراج),الجدران والسقف,4.833,10,6.5,,0,10,0
PE30432,قاعدة ماكينة سنفر6فتحات  ,الشركة العالمية للتصدير و الإستيراد,,,محلات الاعتماد (السراج),ماكينة صنفرة,25.5,32,30,,0,10,0
PE30434,موس فرش قصير معا غيار ,فندر,191801,أسود,محلات الاعتماد (السراج),موس فرش والمقص,4.25,10,8,,0,10,0
PE30436,"سكينة تغليف يد بلاستك 10"" ",الشركة العالمية للتصدير و الإستيراد,,,محلات الاعتماد (السراج),أدوات,7.25,12,10,,0,10,0
PS20922,علاقة مناشف زوجية كروم,سانيتاري ويرز,WL-30,كروم,دار الخزف للمواد الصحية (11 يونيو),علاقة مناشف,130,200,200,معلق,10,0,0
MO10925,خلاط حوض المطبخ مولة تحلية كروم,ليسو,JR031-35,كروم,دار الخزف للمواد الصحية (11 يونيو),خلاط حوض المطبخ تحلية,265,430,345,دائري,7,3,0
ME10926,خلاط حوض المطبخ شجرة مولة كروم,ليسو,JR031-85,كروم,دار الخزف للمواد الصحية (11 يونيو),خلاط حوض المطبخ شجرة,245,370,320,,10,0,0
PS20733,علاقة ملابس ثلاثية دوران بدون قصبة,سانيتاري ويرز,2686,كروم,دار الخزف للمواد الصحية (11 يونيو),علاقة مناشف,37,80,55,معلق,10,0,0
RA20453,"سنيسكا 32"" كروم",فرات,بي بي ر - PPR,كروم,محلات الاعتماد (السراج),سنيسكا,97.75,125,123,,0,10,0
MC10457,سرفنتينة 15 سم * 15 سم كروم ,دافيس,,كروم,محلات الاعتماد (السراج),مجرى,53.5,85,70,مربع,0,10,0
ARSB80506,مخرج شطاف كروم ,ليسو,8-133,كروم,دار الخزف للمواد الصحية (السراج),مخرج شطاف,33,90,80,مربع,0,10,0
PE30533,سكينة تغليف8 بلستك ,اي بي سي,,,محلات الإعتماد لإستيراد مواد البناء (11 يونيو),أدوات,6.75,12,10,,0,10,0
AASB30856, سلة قمامة ذهبي معلقة 5 لتر,سانيتاري ويرز,,ذهبي,مصنع خلاطات و أكسسوارات الصين,اكسسوارات,100,133,133,مربع,2,1,7
EG30863,حوض مطبخ جرانيت أبيض مطفي79*51 فردي,ب.أمور,Jammel,أبيض مطفي,بوليمي Bolemi,حوض مطبخ جرانيت,475,750,600,فردي,1,0,9
ML30937,مرايا حمام مع إضاءة لد80*60سم ,ديولو,DIOLLO 030,,شركة النخبة الفريدة لاستيراد مواد البناء,مراية مضيئة,88,170,150,لاد,10,0,0
AM0967, دولاب حمام -60 سم,بن أمور,003-60,بيج,XUCHANG MINGLAI TECHNOLOGY,دولاب حمام,310,600,600,بي في سي,10,0,0
VS10968,حوض وجه معلق -60 سم,سانيتاري واير,003-60,أبيض,XUCHANG MINGLAI TECHNOLOGY,حوض وجه معلق,250,400,400,مربع,10,0,0
AM40969,مراية دولاب حمام 60 سم,بن أمور,003-60-AB,بيج,XUCHANG MINGLAI TECHNOLOGY,مراية دولاب,150,350,350,حائطي,10,0,0
AM0971, دولاب حمام -60 سم,بن أمور,011-60,بيج,XUCHANG MINGLAI TECHNOLOGY,دولاب حمام,310,600,600,بي في سي,10,0,0
VS10972,حوض وجه معلق -60 سم,سانيتاري واير,011-60,أبيض,XUCHANG MINGLAI TECHNOLOGY,حوض وجه معلق,250,400,400,مربع,10,0,0
AM40973,مراية دولاب حمام 60 سم,بن أمور,011-60-C,بيج,XUCHANG MINGLAI TECHNOLOGY,مراية دولاب,150,350,350,حائطي,10,0,0
AM0975, دولاب حمام -60 سم,بن أمور,009-60,بيج,XUCHANG MINGLAI TECHNOLOGY,دولاب حمام,310,600,600,بي في سي,10,0,0
VS10976,حوض وجه معلق -60 سم,سانيتاري واير,009-60,أبيض,XUCHANG MINGLAI TECHNOLOGY,حوض وجه معلق,250,400,400,مربع,10,0,0
AM40977,مراية دولاب حمام 60 سم,بن أمور,009-60-F,بيج,XUCHANG MINGLAI TECHNOLOGY,مراية دولاب,150,350,350,حائطي,10,0,0
RFP1991,"فسيبلي "" 1/2 أنثى * ""1/2 أنثى 50سم",فانسكي,vip,ذهبي,شركة الجودة vip,فسيبلي,18,60,60,دائري,10,0,0
PA31004,مدور نحاسي,سانيتاري ويرز,NEMBER-10,أَصْفَرُ,مجموعة الشريف,خطاف,1.35,5,5,دائري,10,0,0
ML31022,مرايا حمام ضد البخار لد بالعلاقة اطار وردةأسود70*70سم,RIMERIO,672,كروم,شركة النخبة الفريدة لاستيراد مواد البناء,مراية مضيئة,148,230,200,حائطي,10,0,0
ARSB81038,وصلة مسطرة دوش40سم ذهبي,سانيتاري ويرز,,ذهبي,دار الخزف للمواد الصحية (11 يونيو),طوبو دوش,13.5,25,25,دائري,5,5,0
ARSB81039,وصلة مسطرة دوش40سم أسود,سانيتاري ويرز,,أسود,دار الخزف للمواد الصحية (11 يونيو),طوبو دوش,12.5,25,25,دائري,5,5,0
ARSB81046,وصلة مسطرة دوش60 كروم سم ,DOUS,DT-52,كروم,شركة البهراء العالمية الحديثة,طوبو دوش,6.95,25,20,,10,0,0
RO10572,حنفية غسالة  ''1/2 * ''3/4 كروم,توريما,1372-RO0271-002,كروم,دار الخزف للمواد الصحية (السراج),حنفية,35,60,55,دائري,0,10,0
ARSB81100,قصبة دوش 40 سم كروم,توريما,1372-03246-011,كروم,  شركة أجياد ليبيا ,قصبة دوش,135,190,190,دائري,10,0,0
RFP11109,"فسيبلي "" 1/2 أنثى * ""3/8 أنثى 60سم",مونتانا س.ل,,كروم,دار الخزف للمواد الصحية (السراج),فسيبلي,11.25,25,20,دائري,10,0,0
ARSB81124,شطاف ظغط مربع مع طوبو كروم,ليسو,Y361,كروم,دار الخزف للمواد الصحية (11 يونيو),شطاف,49,160,160,مربع,10,0,0
ARSB81127,مخرج شطاف بالعلاقة مربع كروم ,ليسو,WL82,كروم,دار الخزف للمواد الصحية (11 يونيو),مخرج شطاف,38,90,90,مربع,10,0,0
ARSB81128,مخرج شطاف مربع كروم ,ليسو,JR-133,كروم,دار الخزف للمواد الصحية (11 يونيو),مخرج شطاف,28,70,70,مربع,10,0,0
PS21131,علاقة مناشف كروم,ليسو,WL74,كروم,دار الخزف للمواد الصحية (11 يونيو),علاقة مناشف,95,180,160,مربع,10,0,0
PE30094,ورق سنفرة قماش رقم 180,شركة الغزالة لمواد البناء,,,محلات الإعتماد لإستيراد مواد البناء (11 يونيو),ورق الصنفرة,2.371,6,6,,0,10.5,0
ARSB80079,شطاف ظغط دائري مع طوبو كروم,فينوس,AHF13,كروم,شركة لمسات البناء,شطاف,47.53,80,60,دائري,2,9,0
ATWC50215,بتارية مقعد أرضي تحت,سانيتاري ويرز,,,شركة البهراء العالمية الحديثة,ملحقات مقاعد,14.5,40,25,,6,5,0
RFP1432,"فسيبلي خلاط (2طرف) ""1/2 أنثى 50سم",سانيتاري ويرز,,كروم,شركة النهضة كرزاز,فسيبلي,20,35,30,دائري,10,1,0
MC10452,مجرى 50 سم *6 سم كروم,درنيا,,كروم,شركة آفاق المتحدة لإستيراد مواد البناء,مجرى,200,330,255,مستطيل,7,4,0
MC10455,مجرى 50 سم *8 سم مشبكة كروم,سانيتاري ويرز,,كروم,مصنع خلاطات و أكسسوارات الصين,مجرى,63.875,130,95,مستطيل,5,6,0
AASB30003,موزع صابون كروم,فينوس,SD12C,كروم,شركة لمسات البناء,اكسسوارات,41.71,80,65,حائطي,6,5,0
PE30033,استوك 10 كغ,دهانات المدينة مصراتة,معجون المدينة مصراتة,,محلات الإعتماد لإستيراد مواد البناء (11 يونيو),استوك,33.6,45,32,,0,11,0
RA30001,طوبو1'' 6 متر,الرطيل,جي أم GM,,محلات الإعتماد لإستيراد مواد البناء (11 يونيو),مواسير - طوبو,33,45,30,,0,11,0
RA30003, طوبو3'' 6 متر,الرطيل,جي أم GM,,محلات الإعتماد لإستيراد مواد البناء (11 يونيو),مواسير - طوبو,85,105,70,,0,11,0
WA40043,غطاء مقعد أبيض ,كورنات,VIGO,أبيض,تولين للبضائع الأوروبية,غطاء مقعد,45,90,65,مربع,4,7,0
PE30042,طلاء عاز ل مطاطي  15 كغ,الواحة,العازل,أبيض,محلات الإعتماد لإستيراد مواد البناء (11 يونيو),الجدران والسقف,160.05,170,170,,0,11,0
PE30098,ملعقة 18سم,اي بي سي,AC70001,أَزْرَقُ,محلات الإعتماد لإستيراد مواد البناء (11 يونيو),ملعقة,4.75,7,6,دائري,0,11,0
PE30100,ملعقة 20سم,اي بي سي,AC70002,كروم,محلات الإعتماد لإستيراد مواد البناء (11 يونيو),ملعقة,5.5,8,7,مربع,0,11,0
PE30101,ملعقة 20سم,اي بي سي,AC70002,أَزْرَقُ,محلات الإعتماد لإستيراد مواد البناء (11 يونيو),ملعقة,5.5,8,7,دائري,0,11,0
PA30127,قفل طلقة 100 مم,الشركة العالمية للتصدير و الإستيراد,,ذهبي,محلات الإعتماد لإستيراد مواد البناء (11 يونيو),قفل باب,17.5,25,22,,0,11,0
PE30132,قادومة 200 غ,إنتكس,,,محلات الإعتماد لإستيراد مواد البناء (11 يونيو),مطرقة - ماصة,4.75,9,6,,0,11,0
PA30146,ڨلوني 20 لتر,الشركة العالمية للتصدير و الإستيراد,,أسود,عبد المجيد الفاندي,قطع غيار واكسسوارات معدات الحديقة,5,7.5,6,,0,11,0
PA30232,ڨنبالي,الشركة العالمية للتصدير و الإستيراد,,أَصْفَرُ,محلات الإعتماد لإستيراد مواد البناء (11 يونيو),أحذية السلامة,35,50,42,طويل,0,11,0
PLSA0266,وردة ذهبي,ليمكس,LY-2071,ذهبي,شركة اعمار الجديد,وصلة,14.5,20,17,مربع,0,11,0
PE30321,كولة 473 مل,الشركة العالمية للتصدير و الإستيراد,,رصاصي,محلات الإعتماد لإستيراد مواد البناء (11 يونيو),المواد اللاصقة و العازلة,26.5,35,32,,0,11,0
CC10340,كولة خشب 1 كغ,بنتكول,B 103,,مجموعة الخليج,كولة بلاط أرضيات,13,20,17,,0,11,0
PA30501,بونتة 20 * 450 مم,الشركة العالمية للتصدير و الإستيراد,,,محلات الإعتماد لإستيراد مواد البناء (11 يونيو),أدوات الثقب,12.5,17,15.5,طويل,0,11,0
PE30374,اسمنت ابيض 50كغ,سانيتاري ويرز,اسمنت بورتلاندي ابيض,أبيض,مجموعة الخليج,استوك الجدران,37,48,46,,0,11,0
MM30024,خلاط حوض المطبخ حائطي كروم,شيزا,LONG,كروم,  شركة أجياد ليبيا ,خلاط حوض المطبخ حائطي,125,200,160,,8,3,0
ARSB80246,مصب دوش شلال بدون تحويلة كروم,سانيتاري ويرز,,كروم,دار الخزف للمواد الصحية (11 يونيو),مصب دوش,155,240,210,مربع,7,4,0
PA30063,مفك سالب  ,سانيتاري ويرز,193028,,محلات الإعتماد لإستيراد مواد البناء (11 يونيو),مفك البراغي يدوي,4.5,10,8,,0,11,0
PE30896,عازل ناري 16 كغ,دهانات المدينة مصراتة,العازل,شفاف,محلات الإعتماد لإستيراد مواد البناء (11 يونيو),الجدران خارجي,292.8,370,300,,0,11,0
PE30535,ورق سنفرة 9بوصة 6فتحات ,الشركة العالمية للتصدير و الإستيراد,P-120,,محلات الاعتماد (السراج),ماكينة صنفرة,0.85,3,2,,0,11,0
ARSB80275,كسكاس دوش مربع 250*250 مم مع قصبة كروم,ليسو,,كروم,دار الخزف للمواد الصحية (السراج),كسكاس دوش,120,250,250,مربع,0,11,0
WA40444,غطاء مقعد تركي أبيض,تركي,OZBEST KP720,أبيض,مجموعة النجار لاستراد مواد البناء,غطاء مقعد,43,60,60,دائري,11,0,0
MC10446,مجرى 40 سم *8 سم كروم,أكوا دزاين,AD216-40,كروم,مجموعة الشريف,مجرى,175,290,280,مستطيل,5,6,0
MD20248,خلاط دوش ذهبي,ليسو,G15-031,ذهبي,دار الخزف للمواد الصحية (السراج),خلاط دوش,120,200,170,,8,3,0
MD20524,خلاط دوش كروم,سانيتاري ويرز,OM-103,كروم,شركة النخبة الفريدة لاستيراد مواد البناء,خلاط دوش,77,120,90,مربع,11,0,0
WA40589,غطاء مقعد رايملس أبيض,ب.أمور,SC-SH-006 ,أبيض,South Villa,غطاء مقعد,60,100,80,مربع,5,0,6
RA20325,كسكاس ريتي 32غاطس ,بوڨاتي,بي بي ر - PPR,بيج,محلات الاعتماد (السراج),وصلة,31.5,40,40,,0,11,0
RFP1375,"فسيبلي "" 1/2 ذكر * ""1/2 أنثى 50سم",سانيتاري ويرز,ايطالي,كروم,دار الخزف للمواد الصحية (السراج),فسيبلي,9.25,20,17,دائري,0,11,0
ML30742,مرايا حمام مع إضاءة لد-طول 90*60 سم,ديولو,DE 027,,شركة النخبة الفريدة لاستيراد مواد البناء,مراية مضيئة,117,180,150,بيضوي,11,0,0
AASB30401,حاملة ورق منظف كلينكس,سانيتاري ويرز,2683,,دار الخزف للمواد الصحية (السراج),اكسسوارات,33,90,70,,5,6,0
ARSB80760,مصب دوش مع تحويلة أسود,فيدار,FD12001-B,أسود,المسوق الاسطى,مصب دوش,80,120,105,دائري,11,0,0
EL50405,علبة مكيف ,فاندي,F0026,رصاصي,عبد المجيد الفاندي,اللوحات الكهربائية والقواطع و العلب,23,30,27,بلاستك,0,11,0
ARSB80826,كسكاس دوش دائري 250 مم مع قصبة كروم,توريما,1372-15254-014,كروم,  شركة أجياد ليبيا ,كسكاس دوش,250,450,450,دائري,9,2,0
MD20857,خلاط دوش ذهبي,سانيتاري ويرز,OM-103-GOLD,ذهبي,شركة النخبة الفريدة لاستيراد مواد البناء,خلاط دوش,88,150,140,مربع,11,0,0
ML10858,خلاط حوض وجه ذهبي,سانيتاري ويرز,OM-105-GOLD,ذهبي,شركة النخبة الفريدة لاستيراد مواد البناء,خلاط حوض وجه,77,150,70,مربع,6,5,0
MD20860,خلاط دوش أسود,سانيتاري ويرز,OM-103-BLACK,أسود,شركة النخبة الفريدة لاستيراد مواد البناء,خلاط دوش,84,150,140,مربع,11,0,0
RFP1877,"فسيبلي خلاط مطبخ شجرة (2طرف) ""1/2أنثى 60سم",ليريا,NT-240401-12,كروم,دار الخزف للمواد الصحية (11 يونيو),فسيبلي,12.5,30,20,دائري,13,-2,0
MA20894,خلاط حوض المطبخ سحاب كروم,سانيتاري ويرز,WL15,كروم,دار الخزف للمواد الصحية (11 يونيو),خلاط حوض المطبخ سحاب,230,350,320,مربع,6,5,0
ML10896,خلاط حوض وجه شاشة أسود,ليسو,JR031-88,أسود,دار الخزف للمواد الصحية (11 يونيو),خلاط حوض وجه,175,290,230,مربع,7,4,0
ARSB80934,مصب حوض وجه طويل بدون تحويلة كروم,ليسو,079-31,كروم,دار الخزف للمواد الصحية (11 يونيو),مصب دوش,110,190,150,دائري,11,0,0
AASB30737,رف فردي 50 سم ,سانيتاري ويرز,wl7,كروم,دار الخزف للمواد الصحية (11 يونيو),اكسسوارات,55,100,80,مستطيل,6,5,0
ARSB80765,وصلة مسطرة دوش30سم ,DOUS,DS 06-213,كروم,محلات الإعتماد لإستيراد مواد البناء (11 يونيو),طوبو دوش,7.5,25,20,,9,2,0
ARSB88868,مخرج شطاف مربع بالعلاقة أسود,توريما,1372-01018-006,أسود,  شركة أجياد ليبيا ,مخرج شطاف,155,220,220,مربع,10,1,0
EG30870,حوض مطبخ جرانيت رصاصي60*45 فردي,ب.أمور,Cedria,رصاصي,بوليمي Bolemi,حوض مطبخ جرانيت,425,640,530,فردي,3,3,5
EG30871,حوض مطبخ جرانيت رصاصي72*47 فردي,ب.أمور,Nice,رصاصي,بوليمي Bolemi,حوض مطبخ جرانيت,480,720,600,فردي,2,5,4
ARSB81011,طوبو شطاف فلتر1.2م كروم,مونتانا س.ل,MT-7105,كروم,مجموعة الشريف,طوبو شطاف,18.75,50,30,دائري,11,0,0
MDE50047,خلاط دوش مدفون كروم ,توريما,8V01011-093,كروم,شركة الركن الجديد,خلاط دوش مدفون,360,460,460,مربع,10,2,0
PLSA0233,"نبلس ""1/2 * ""3/8 كروم",سانيتاري ويرز,,كروم,محلات الإعتماد لإستيراد مواد البناء (11 يونيو),وصلة,4.5,10,7,,12,0,0
PLSA0259,"طابة ""1/2 مع وردة كروم",دوس,06-110,كروم,محلات الإعتماد لإستيراد مواد البناء (11 يونيو),وصلة,11.5,20,12,,0,12,0
ML30275,مرايا حمام مع إضاءة لد 80*60 سم,كاي بي ام,ML_002,مرجاني,مجموعة الخليج,مراية مضيئة,70,125,100,لاد,12,0,0
ML30281,مرايا حمام مع إضاءة لد 80*60 سم,كاي بي ام,ML_014,مرجاني,مجموعة الخليج,مراية مضيئة,70,125,100,لاد,11,1,0
ARSB80477,طوبو دوش 150سم كروم,ليفرنو هوم,,كروم,دار الخزف للمواد الصحية (11 يونيو),طوبو دوش,20,50,30,,6,6,0
RA20001,"كوع 25"" لحام",فرات,بي بي ر - PPR,بيج,الشيباني لمواد البناء و المواد الصحية,كوع - كوربة,0.922,3,1.2,,0,12,0
ARSB80037,سماعة دوش مع طوبو ذهبي,تركواز سيراستايل,,ذهبي,شركة أركان العمارة,سماعة دوش,63,100,80,مربع,3,9,0
RA30008,"كوربة 6"" 45.5°",الرطيل,جي أم GM,أبيض,محلات الإعتماد لإستيراد مواد البناء (11 يونيو),كوع - كوربة,36.5,48,40,,0,12,0
MC10012,سرفنتينة 15 سم * 15 سم كروم ,فيها,,كروم,شركة المضمونة للبناء,مجرى,37.7,90,55,مربع,2,10,0
PE30117,مقص عنب,اي بي سي,AC18735,أَصْفَرُ,محلات الإعتماد لإستيراد مواد البناء (11 يونيو),مقص عنب,13.5,21,17,,0,12,0
PA30128,قفل طلقة 90 مم,الشركة العالمية للتصدير و الإستيراد,,ذهبي,محلات الإعتماد لإستيراد مواد البناء (11 يونيو),قفل باب,16.5,24,21,,0,12,0
PA30129,قفل طلقة 80 مم,الشركة العالمية للتصدير و الإستيراد,,ذهبي,محلات الإعتماد لإستيراد مواد البناء (11 يونيو),قفل باب,15.5,22,19,,0,12,0
PE30133,قادومة 100 غ,إنتكس,,,محلات الإعتماد لإستيراد مواد البناء (11 يونيو),مطرقة - ماصة,4.5,8,7,,0,12,0
PA30164,سطل بناء,الشركة العالمية للتصدير و الإستيراد,,أَزْرَقُ,محلات الإعتماد لإستيراد مواد البناء (11 يونيو),سطل بناء,6.25,10,7.5,,0,12,0
PE30179,مزيل صدأ 400 مل,الشركة العالمية للتصدير و الإستيراد,NOBEX NST 180,,محلات الإعتماد لإستيراد مواد البناء (11 يونيو),المزيلات و المذيباتت,18.5,25,22.5,,0,12,0
PE30204,"سكينة تغليف يد خشب 6"" 150 مم",اي بي سي,AC18799,,محلات الإعتماد لإستيراد مواد البناء (11 يونيو),أدوات,3.75,6.5,5,,0,12,0
PA30207,"كلاب  7"" 175 مم",فندر,PT1323,,محلات الإعتماد لإستيراد مواد البناء (11 يونيو),كماشة القطع,19.5,27,24,,0,12,0
PA30214,كلاب 180 مم,الشركة العالمية للتصدير و الإستيراد,NWS 131-12-180,,محلات الإعتماد لإستيراد مواد البناء (11 يونيو),كماشة القطع,75,110,90,,0,12,0
PA30233,دليل باب سحاب,الشركة العالمية للتصدير و الإستيراد,,أسود,محلات الإعتماد لإستيراد مواد البناء (11 يونيو),ملحقات معدات الباب,6.75,11,8.5,,0,12,0
PA30435,ڨوانطي,الشركة التونسية للمواد الصحية,200G XL,,محلات الإعتماد لإستيراد مواد البناء (11 يونيو),قفازات,4.55,8,6,,0,12,0
CC10472,كولة,بنتكول,,أَخْضَرُ,مجموعة الخليج,كولة بلاط أرضيات,6.25,10,8,,0,12,0
PA30489,مفتاح زڨنالي (9 قطع),فندر,193125,,محلات الإعتماد لإستيراد مواد البناء (11 يونيو),مفك البراغي يدوي,15.5,22,19,,0,12,0
PA30497,بونتة 8 * 450 مم,الشركة العالمية للتصدير و الإستيراد,,,محلات الإعتماد لإستيراد مواد البناء (11 يونيو),أدوات الثقب,5.5,9,7,طويل,0,12,0
PA30499,بونتة 16 * 450 مم,الشركة العالمية للتصدير و الإستيراد,,,محلات الإعتماد لإستيراد مواد البناء (11 يونيو),أدوات الثقب,10,14,12,طويل,0,12,0
PA30535,بينسة فاصل سراميك,الشركة العالمية للتصدير و الإستيراد,,,محلات الإعتماد لإستيراد مواد البناء (11 يونيو),مشبك,20.5,30,25,,0,12,0
RA20536,وصلة أتوماتك,الشركة العالمية للتصدير و الإستيراد,,أسود,الشيباني لمواد البناء و المواد الصحية,وصلة,8.5,15,11,,0,12,0
PA30589,سلسلة ترية (75 سم),الشركة العالمية للتصدير و الإستيراد,,كروم,محلات الإعتماد لإستيراد مواد البناء (11 يونيو),خيط، حبل,3,5,4,,0,12,0
PA30604,رزة إصلاح,الشركة العالمية للتصدير و الإستيراد,,,محلات الإعتماد لإستيراد مواد البناء (11 يونيو),تشكيلة من التثبيتات,1.3,2,1.75,صغير,0,12,0
PA30617,قفل درج 32 مم,الشركة العالمية للتصدير و الإستيراد,,,محلات الإعتماد لإستيراد مواد البناء (11 يونيو),قفل باب,3.75,6,4.5,,0,12,0
PA30394,قفل شنطة نحاس 25 مم,الشركة العالمية للتصدير و الإستيراد,263,ذهبي,محلات الإعتماد لإستيراد مواد البناء (11 يونيو),قفل باب,1.85,3.5,2.5,,0,12,0
PLSA0092,"مُطوِّل ""1/2 * 25كروم",سانيتاري ويرز,,كروم,محلات الإعتماد لإستيراد مواد البناء (11 يونيو),وصلة,6.85,10,8,,0,12,0
ARSB80185,مخرج شطاف ذهبي,سانيتاري ويرز,,ذهبي,دار الخزف للمواد الصحية (11 يونيو),مخرج شطاف,25,50,37,مربع,9,3,0
ART0006,قصبة دوش مربعة 30 سم كروم,رايمر,348S30,كروم,شركة آفاق المتحدة لإستيراد مواد البناء,قصبة دوش,145,270,240,مربع,3,9,0
AASB30062,صابونية كروم,ونكو,REVELLO,كروم,تولين للبضائع الأوروبية,اكسسوارات,22.5,75,50,دائري,7,5,0
PA30048,خباشة زيتون فليتي,الشركة العالمية للتصدير و الإستيراد,,,محلات الإعتماد لإستيراد مواد البناء (11 يونيو),خباشة,1.35,5,3,,0,12,0
ARSB81002,شطاف ضغط مربع مع طوبو ذهبي,سانيتاري ويرز,NONAS,ذهبي,شركة لمسات البناء,شطاف,44.62,95,70,دائري,4,8,0
ARSB80191,مخرج شطاف مع علاق كروم,سانيتاري ويرز,YOULLY 7-133,كروم,دار الخزف للمواد الصحية (11 يونيو),مخرج شطاف,35,60,50,مربع,5,7,0
ARSB80404,كسكاس رقبة خلاط متحركة كروم,سانيتاري ويرز,,كروم,مجموعة الشريف,ملحقات خلاط,0.375,5,4,دائري,12,0,0
RFP1140,"فسيبلي "" 1/2 أنثى * ""1/2 أنثى 80سم",سانيتاري ويرز,,كروم,دار الخزف للمواد الصحية (السراج),فسيبلي,12.5,20,15,دائري,0,12,0
ARSB80278,مخرج شطاف مع علاق كروم,شيزا,48593,كروم,دار الخزف للمواد الصحية (السراج),مخرج شطاف,38,85,70,مربع,4,8,0
ARSB80224,"مسكر شطافة ""1/2"" * ""1/2 كروم",رايمر,128S1212,كروم,شركة آفاق المتحدة لإستيراد مواد البناء,مخرج شطاف,61.5,90,90,مربع,8,4,0
MT30249,خلاط شطاف مع شطاف ذهبي,ليسو,G2-079,ذهبي,دار الخزف للمواد الصحية (السراج),خلاط شطاف,100,180,160,دائري,10,2,0
RA20275,"فلفلة مولة 3/4"" سن داخلي",الشركة العالمية للتصدير و الإستيراد,,,محلات الاعتماد (السراج),مثلث,20.5,35,30,,0,12,0
FE30276,كسكاس 1 نحاس,بوڨاتي,,,محلات الاعتماد (السراج),فيلتر المياه,36,50,45,,0,12,0
ME10572,خلاط حوض المطبخ شجرة كروم,توريما,TAG 8L52611-040,كروم,دار الخزف للمواد الصحية (11 يونيو),خلاط حوض المطبخ شجرة,225,400,400,دائري,9,3,0
MA20620,خلاط حوض المطبخ دبل سحاب كروم,بن أمور,DOUBLE-MOLLA,كروم,مصنع خلاطات و أكسسوارات الصين,خلاط حوض المطبخ سحاب,200,380,320,دائري,2,5,5
MC10643,مجرى 30 سم *8 سم كروم,بن أمور,,كروم,مصنع خلاطات و أكسسوارات الصين,مجرى,55,120,120,مستطيل,6,6,0
AASB30673,فرشاة تنظيف مرحاض ذهبي,بن أمور,مجموعة بن عمر,ذهبي,مصنع خلاطات و أكسسوارات الصين,اكسسوارات,55,80,65,دائري,7,5,0
ML30741,مرايا حمام مع إضاءة لد-عرض 60*90 سم,ديولو,DE 003,,شركة النخبة الفريدة لاستيراد مواد البناء,مراية مضيئة,90,170,140,لاد,12,0,0
PE30499,فرشة طلاء ايطالية رقم60,فندر,,,محلات الاعتماد (السراج),فرشة طلاء,5.75,12,10,,0,12,0
ARSB85299,رشاش دوش كروم,اي ار بي,002,كروم,مجموعة الشريف,كسكاس دوش,90,150,130,مربع,0,12,0
ARSB85300,رشاش دوش كروم,اي ار بي,002,كروم لامع,مجموعة الشريف,كسكاس دوش,160,145,130,دائري,0,12,0
PLSA0403,وردة كروم,فينوس,F48,كروم,شركة لمسات البناء,وصلة,4.25,10,8,دائري,11,1,0
ARSB80755,مصب دوش بدون تحويلة أسود,فيدار,FD12002-B,أسود,المسوق الاسطى,مصب دوش,57,90,75,دائري,12,0,0
ARSB80759,مصب دوش بدون تحويلة ذهبي,فيدار,FD12002-G,ذهبي,المسوق الاسطى,مصب دوش,63,100,85,دائري,12,0,0
ML30800,مرايا حمام ضد البخار مع إضاءة لد 80*70 سم,سانيتاري ويرز,4004,,دار الخزف للمواد الصحية (11 يونيو),مراية مضيئة,125,200,160,لاد,6,6,0
ML30834,مرايا حمام ضد البخار مع إضاءة لد 60*80 سم,سانيتاري ويرز,4006 دولاب,,دار الخزف للمواد الصحية (11 يونيو),مراية مضيئة,105,170,140,مستطيل,5,7,0
MA20931,خلاط حوض المطبخ سحاب كروم,ليسو,JR031-93,كروم,دار الخزف للمواد الصحية (11 يونيو),خلاط حوض المطبخ سحاب,185,300,240,دائري,8,4,0
PA32453,بونتة 8 * 160 مم,الشركة العالمية للتصدير و الإستيراد,,,محلات الاعتماد (السراج),أدوات الثقب,1.85,5,5,قصير,0,12,0
PE30552,زمالطو زيتي  3 كغ  اسود مطفي,دهانات المدينة مصراتة,,أسود,محلات الاعتماد (السراج),الحديد,49.92,58,56,,0,12,0
ARSB80781,شطاف ظغط مربع كبيرمع طوبو كروم,توريما,1372-03330-023,كروم,  شركة أجياد ليبيا ,شطاف,155,270,270,مربع,7,5,0
ARSB80849,شطاف ظغط مربع مع طوبو أسود,بن أمور,مجموعة بن عمر,أسود,مصنع خلاطات و أكسسوارات الصين,شطاف,70,180,150,مربع,11,1,0
MA20910,خلاط حوض المطبخ سحاب ذهبي,بن أمور,B.AMOR027,ذهبي,هانغ كراون,خلاط حوض المطبخ سحاب,295,445,370,دائري,7,5,0
PE30545,"سكينة تغليف 3""",,AC70026,,محلات الاعتماد (السراج),أدوات,3.283,8,3.5,,0,12,0
MT31007,خلاط شطاف مع شطاف كروم ,فيغاروو,EM-003B,كروم,مجموعة الشريف,خلاط شطاف,123,220,220,مربع,12,0,0
ML11008,خلاط حوض وجه طويل كروم ,فيغاروو,EM-02,كروم,مجموعة الشريف,خلاط حوض وجه,127,220,220,مربع,12,0,0
ML31102,مرايا حمام مع إضاءة لد60*80 سم,كاي بي ام,ML_001,,مجموعة الخليج,مراية مضيئة,70,100,100,لاد,12,0,0
ARSB80094,يد شطاف كروم,إتاتو,,كروم,شركة البهراء العالمية الحديثة,يد شطاف,4.25,15,10,,5,8,0
WP20161,مقعد أرضي ملحوم رصاصي رخامي,ب.أمور,SH-295-MSL,رصاصي,South Villa,مقعد أرضي,650,950,820,مربع,2,3,8
ML30274,مرايا حمام مع إضاءة لد 80*60 سم,كاي بي ام,ML_011,كروم,مجموعة الخليج,مراية مضيئة,70,125,100,لاد,12,1,0
MC10004,مجرى 40 سم *6 سم دهبي,سانيتاري ويرز,,ذهبي,محلات الساحل,مجرى,100,160,125,مستطيل,6,7,0
MC10480,مجرى 45سم *7 سم كروم,بيورا,DL-11-45,كروم,شركة الركن الجديد,مجرى,238,310,300,مستطيل,8,5,0
PS20007,علاقة ملابس خماسية,سانيتاري ويرز,,برنزي,مصنع خلاطات و أكسسوارات الصين,علاقة مناشف,30,50,45,معلق,7,6,0
RA20036,مواسير 25'' 4 متر,فرات,بي بي ر - PPR,بيج,الشيباني لمواد البناء و المواد الصحية,مواسير - طوبو,22.25,30,22,,0,13,0
PE30066,طلاء بخاخ داخلي و خارجي أسود مطفي,إس كيو إل أو,,أسود مطفي,محلات الإعتماد لإستيراد مواد البناء (11 يونيو),الجدران والسقف,5.72,10,6.5,,0,13,0
CC10471,لصقة فأر,الشركة العالمية للتصدير و الإستيراد,,,مجموعة الخليج,كولة بلاط أرضيات,1.5,3,2,,0,13,0
CC10585,صليبة ضغط 2 مم (20 قطعة),الشركة العالمية للتصدير و الإستيراد,,,مجموعة الخليج,كولة بلاط أرضيات,3,8,6,,0,13,0
ATWC50091,رجسترو مقعد أرضي مائل 7 سم,سانيتاري ويرز,,,محلات الإعتماد لإستيراد مواد البناء (11 يونيو),ملحقات مقاعد,16,25,20,بلاستك,4,9,0
PE30496,طلاء مائي داخلي 18 كغ الكلمنجارو اقتصادي ,دهانات المدينة مصراتة,,أبيض,محلات الإعتماد لإستيراد مواد البناء (11 يونيو),الجدران والسقف,58.56,84,52,,0,13,0
ARSB80212,مصب بدون تحويلة 18 سم كروم,بضائع أوروبية,91L,كروم,شركة المضمونة للبناء,مصب دوش,160,260,205,دائري,8,5,0
PLSA0443,مطول 1/2*50 مم كروم,سانيتاري ويرز,,كروم,شركة المضمونة للبناء,وصلة,13.5,18,18,دائري,13,0,0
ALVM50397,رأس سيفوني رخامي,سانيتاري ويرز,25.15,رخامي,دار الخزف للمواد الصحية (السراج),رأس سيفوني,25,60,50,دائري,6,7,0
MD20619,خلاط دوش كروم,بن أمور,huang crown-1,كروم,مصنع خلاطات و أكسسوارات الصين,خلاط دوش,150,250,200,مربع,6,7,0
CD40621,مسطرة دوش زوجية مربعة مع خلاط كروم,بن أمور,مجموعة بن عمر,كروم,مصنع خلاطات و أكسسوارات الصين,مسطرة دوش,300,510,480,مربع,7,1,5
CC10365,كولة فواصل 032,kalekim,CAPPADOCIA BEIGE,,شركة الثريا لمستلزمات الرخام والسراميك ,كولة بلاط أرضيات,35,44,40,,0,13,0
PE30442,ورق سنفرة قماش رقم 150,شركة الغزالة لمواد البناء,,,محلات الاعتماد (السراج),ورق الصنفرة,2.371,6,6,,0,13,0
ARSB80462,كسكاس دوش مربع 250 مم  كروم,توريما,1372-01438-002,كروم,دار الخزف للمواد الصحية (السراج),كسكاس دوش,140,300,280,مربع,8,5,0
PS20515,علاقة مناشف كروم,ليسو,JR133-5,كروم,دار الخزف للمواد الصحية (السراج),علاقة مناشف,48,140,125,معلق,6,7,0
EG30857,حوض مطبخ جرانيت بيج 80*45 زوجي,ب.أمور,Vienna,بيج,بوليمي Bolemi,حوض مطبخ جرانيت,545,820,675,زوجي,0,2,11
EG30867,حوض مطبخ جرانيت أبيض مطفي60*45 فردي,ب.أمور,Cedria,أبيض مطفي,بوليمي Bolemi,حوض مطبخ جرانيت,425,640,530,فردي,5,2,6
EG30875,حوض مطبخ جرانيت أبيض مطفي72*47 فردي,ب.أمور,Nice,أبيض مطفي,بوليمي Bolemi,حوض مطبخ جرانيت,480,720,600,فردي,6,5,2
PA30606,ليفة تنضيف ألمنيوم,الشركة العالمية للتصدير و الإستيراد,,,محلات الإعتماد لإستيراد مواد البناء (11 يونيو),خيط، حبل,12.833,20,15,,0,13.73,0
ARSB80122,مخرج شطاف كروم,رايمر,309S,كروم,شركة آفاق المتحدة لإستيراد مواد البناء,مخرج شطاف,120.5,125,100,مربع,5,9,0
PLSA0232,"مُطوِّل ""1/2 * 30 كروم",سانيتاري ويرز,,كروم,محلات الإعتماد لإستيراد مواد البناء (11 يونيو),وصلة,5,9,8,,-4,18,0
RFP1426,"فسيبلي "" 1/2 أنثى * ""3/8 أنثى 40سم",سانيتاري ويرز,,كروم,محلات الإعتماد لإستيراد مواد البناء (11 يونيو),فسيبلي,9.5,20,15,دائري,0,14,0
RA30029,"واي 2"" 45°",الرطيل,جي أم GM,أبيض,محلات الإعتماد لإستيراد مواد البناء (11 يونيو),مثلث,5.75,12,7.5,,0,14,0
RA30062,"كوربة باب 2"" 90°",الرطيل,جي أم GM,أبيض,محلات الإعتماد لإستيراد مواد البناء (11 يونيو),كوع - كوربة,5.5,12,9,,0,14,0
RA30064,"طابة نهاية خط 2""",الرطيل,جي أم GM,أبيض,الشيباني لمواد البناء و المواد الصحية,طابة,3.25,8,6,,0,14,0
RA30070,"هوَّاية 4""",الرطيل,جي أم GM,أبيض,محلات الإعتماد لإستيراد مواد البناء (11 يونيو),ملحقات إمدادات المياه,8.5,15,12,,0,14,0
PE30255,كولة 237 مل,الشركة العالمية للتصدير و الإستيراد,,شفاف,محلات الإعتماد لإستيراد مواد البناء (11 يونيو),المواد اللاصقة و العازلة,16.5,23,20,,0,14,0
CC10342,كولة  180غ,بنتكول,C 400,,مجموعة الخليج,كولة بلاط أرضيات,9.5,15,12,,0,14,0
PA30429,ڨوانطي,فندر,194627,أَصْفَرُ,محلات الإعتماد لإستيراد مواد البناء (11 يونيو),قفازات,5.5,10,7,,0,14,0
PA30538,"اسطافة 1"" (2 قطع)",الشركة العالمية للتصدير و الإستيراد,,كروم,محلات الإعتماد لإستيراد مواد البناء (11 يونيو),تشكيلة من التثبيتات,2.5,4,3.5,,5,9,0
ARSB80396,قصبة دوش دائري 30 سم كروم,ليسو,,كروم,دار الخزف للمواد الصحية (11 يونيو),قصبة دوش,22,45,33,دائري,14,0,0
PA30065, مفك سالب قصير ,سانيتاري ويرز,193391,,محلات الإعتماد لإستيراد مواد البناء (11 يونيو),مفك البراغي يدوي,3.85,10,8,,0,14,0
PE30087,دلونتي 1لتر ,تركواز سيراستايل,ماء تخليط ,شفاف,محلات الإعتماد لإستيراد مواد البناء (11 يونيو),الجدران والسقف,3.333,5,4,,0,14,0
PE30898,ورق تغليف عادي ,الشركة العالمية للتصدير و الإستيراد,,أبيض,محلات الإعتماد لإستيراد مواد البناء (11 يونيو),المواد اللاصقة و العازلة,16.5,20,19,,0,14,0
ATWC50167,وصلة بتارية مدفونة 35 سم,سانيتاري ويرز,,أسود,مجموعة الشريف,ملحقات مقاعد,40,70,55,دائري,6,8,0
ARSB80294,"مسكر شطافة ""1/2"" * ""1/2 كروم",سانيتاري ويرز,ARB,كروم,مجموعة العربي,مخرج شطاف,35.5,45,45,مربع,14,0,0
ATWC50231,مثبت صندوق بتارية مقعد أرضي,HANA,ART-830-M8,,محلات الإعتماد لإستيراد مواد البناء (11 يونيو),ملحقات مقاعد,3.45,10,5,دائري,5,9,0
WP20476,مقعد أرضي ملحوم مموج  أبيض,ب.أمور,SH-6688 ,أبيض,South Villa,مقعد أرضي,525,800,700,مربع,3,4,7
MT30522,خلاط شطاف كروم ,سانيتاري ويرز,OM-104,كروم,شركة النخبة الفريدة لاستيراد مواد البناء,خلاط شطاف,55,90,70,,14,0,0
RE10590,حنفية حوض المطبخ شجرة أسود,سانيتاري ويرز,72,أسود,شركة النخبة الفريدة لاستيراد مواد البناء,حنفية حوض المطبخ,20,85,55,دائري,11,3,0
CC10363,كولة فواصل 039,kalekim,WALNUT,بُنِيّ,شركة الثريا لمستلزمات الرخام والسراميك ,كولة بلاط أرضيات,35,44,40,,0,14,0
CC10367,كولة فواصل 003,kalekim,GREY,,شركة الثريا لمستلزمات الرخام والسراميك ,كولة بلاط أرضيات,35,44,40,,0,14,0
AECU50391,سيفون حوض المطبخ رأس كبير,اوز بيست ,600,,مجموعة الشريف,ملحقات أحواض المطابخ,35.75,55,50,زوجي,0,14,0
ALVM50429,رأس سيفوني اسود,سانيتاري ويرز,,أسود,دار الخزف للمواد الصحية (السراج),رأس سيفوني,18.5,50,35,دائري,0,14,0
RA35441,ديسكو جرانيت 4.5'' 115 مم,اي بي سي,3549-21,,محلات الاعتماد (السراج),ديسكو منشار دائري,12.5,20,18,مفتوح,0,14,0
PA30116,خفاف عتبة ,الشركة العالمية للتصدير و الإستيراد,,,محلات الاعتماد (السراج),أدوات  متعددة الوظائف,6.25,12,12,,0,14,0
EG30866,حوض مطبخ جرانيت رصاصي79*51 فردي,ب.أمور,Jammel,رصاصي,بوليمي Bolemi,حوض مطبخ جرانيت,475,750,600,فردي,2,2,10
ML10804,خلاط حوض وجه كروم ,بن أمور,B.AMOR015,كروم,هانغ كراون,خلاط حوض وجه,135,250,160,دائري,9,5,0
ARSB80926,مصب دوش نحاس مع تحويلة كروم,ليسو,2505,كروم,دار الخزف للمواد الصحية (11 يونيو),مصب دوش,115,180,170,مربع,13,1,0
ARSB80931,شطاف ظغط دائري كلاسيكي مع طوبو كروم,توريما,1372-03329-011,كروم,  شركة أجياد ليبيا ,شطاف,120,220,180,دائري,9,5,0
VS10943,حوض وجه معلق -80 سم,سانيتاري واير,G011-80,أبيض,XUCHANG MINGLAI TECHNOLOGY,حوض وجه معلق,240,400,400,مربع,14,0,0
AM0944,دولاب حمام -80 سم,بن أمور,G011-80,رمادي فاتح,XUCHANG MINGLAI TECHNOLOGY,دولاب حمام,400,650,650,بي في سي,14,0,0
AM40945,مراية دولاب حمام 80 سم,بن أمور,G011-80-C,رمادي فاتح,XUCHANG MINGLAI TECHNOLOGY,مراية دولاب,200,350,350,حائطي,14,0,0
CD40097,مسطرة دوش زوجية كروم,نيو,NBV 051K,كروم,شركة لمسات البناء,مسطرة دوش,390,550,520,,3,12,0
RA20026,كواردة 32 سن خارجي,فرات,,,الشيباني لمواد البناء و المواد الصحية,كواردة,17.575,30,22.5,,1,14,0
PE30070,طلاء بخاخ داخلي و خارجي بُنِيّ,راتا,,بُنِيّ,محلات الإعتماد لإستيراد مواد البناء (11 يونيو),الجدران والسقف,5.72,10,6.5,,0,15,0
PS20015,علاقة ملابس خماسية دوران,سانيتاري ويرز,,كروم,شركة لمسات البناء,علاقة مناشف,78,160,140,معلق,8,7,0
RA30028,"واي 1.5"" 45°",الرطيل,جي أم GM,أبيض,محلات الإعتماد لإستيراد مواد البناء (11 يونيو),مثلث,4.5,9,6.5,,0,15,0
RA30035,"مثلث باب 4""",الرطيل,جي أم GM,أبيض,محلات الإعتماد لإستيراد مواد البناء (11 يونيو),مثلث,26.5,42,30,,0,15,0
PE30186,لصقة مع مجفف 100 مل,أويستار,FS-012,,محلات الإعتماد لإستيراد مواد البناء (11 يونيو),المواد اللاصقة و العازلة,6.25,10,7.5,,0,15,0
PE30187,لصقة مع مجفف 200 مل,أويستار,FS-011,,محلات الإعتماد لإستيراد مواد البناء (11 يونيو),المواد اللاصقة و العازلة,11.5,15,10.5,,0,15,0
PA30433,ڨوانطي,الشركة التونسية للمواد الصحية,100G XL,,محلات الإعتماد لإستيراد مواد البناء (11 يونيو),قفازات,3,5,4,,0,15,0
PA30463,ترمستاتة,الشركة العالمية للتصدير و الإستيراد,,,محلات الإعتماد لإستيراد مواد البناء (11 يونيو),أدوات  متعددة الوظائف,19,28,25,دائري,0,15,0
PA30554,فيتي 3.5 * 25 (100غ),الشركة العالمية للتصدير و الإستيراد,,أسود,محلات الإعتماد لإستيراد مواد البناء (11 يونيو),برغي,1.389,4,2.5,,0,15,0
ALVM50019,رأس سيفوني كروم,توريما,1372-004,كروم,شركة البهراء العالمية الحديثة,رأس سيفوني,140,220,220,مربع,4,11,0
ARSB80186,مخرج شطاف كروم,سانيتاري ويرز,,كروم,دار الخزف للمواد الصحية (11 يونيو),مخرج شطاف,35,70,50,مربع,12,3,0
PA30059,متر 10م,ABC,,أَصْفَرُ,محلات الإعتماد لإستيراد مواد البناء (11 يونيو),أدوات القياس والتتبع,28.5,35,22,,0,15,0
PE30996,قطرامينة 15ك مائية سطل بلاستك ,دهانات المدينة مصراتة,العازل,أسود مطفي,محلات الإعتماد لإستيراد مواد البناء (11 يونيو),الجدران خارجي,67.2,78,70,,0,15,0
ME10624,خلاط حوض المطبخ شجرة رصاصي,بن أمور,huang crown-SUS304,رصاصي,مصنع خلاطات و أكسسوارات الصين,خلاط حوض المطبخ شجرة,105,180,180,دائري,11,4,0
ARSB80662,مخرج شطاف مع علاق كروم,بن أمور,B.A02-CA.A,كروم,مصنع خلاطات و أكسسوارات الصين,مخرج شطاف,40,120,120,مربع,7,8,0
CC10368,كولة فواصل 007,kalekim,SATIN GREY,,شركة الثريا لمستلزمات الرخام والسراميك ,كولة بلاط أرضيات,38,44,40,,0,15,0
ATWC50387,مثبت مقعد جانبي بلاستك ,سانيتاري ويرز,SG-24,,مجموعة الشريف,ملحقات مقاعد,5.75,15,12,,0,15,0
VS10939,حوض وجه معلق -80 سم,سانيتاري واير,G009-80,أبيض,XUCHANG MINGLAI TECHNOLOGY,حوض وجه معلق,240,400,400,مربع,15,0,0
AM40940,مراية دولاب حمام 80 سم,بن أمور,G009-80-F,رمادي فاتح,XUCHANG MINGLAI TECHNOLOGY,مراية دولاب,200,350,350,حائطي,15,0,0
AM0941,دولاب حمام -80 سم,بن أمور,G009-80,رمادي فاتح,XUCHANG MINGLAI TECHNOLOGY,دولاب حمام,400,650,650,بي في سي,15,0,0
RFP11079,"فسيبلي "" 1/2 أنثى * ""1/2 أنثى 50سم",amaflex,A15314,كروم,شركة الخيول الذهبية,فسيبلي,19.75,30,25,دائري,15,0,0
ALVM50201,سيفون حوض الوجه,اعتماد,,أبيض,محلات الإعتماد لإستيراد مواد البناء (11 يونيو),سيفون حوض الوجه,4.75,10,6,بلاستك,11,5,0
VS10209,حوض وجه معلق أبيض -60سم,ب.أمور,SH-8388,أبيض,South Villa,حوض وجه معلق,250,450,450,معلق,8,8,0
PLSA0268,"مخفض أنثى ""1/2 ""3/8 كروم",سانيتاري ويرز,,كروم,شركة النهضة كرزاز,وصلة,2.25,5,4,,0,16,0
RA20032,"سنيسكا 32"" ليفة",فرات,,,الشيباني لمواد البناء و المواد الصحية,سنيسكا,34.587,45,29,,0,16,0
PE30028,طلاء مائي داخلي 5 كغ أبيض,دهانات المدينة مصراتة,أصول,أبيض,محلات الإعتماد لإستيراد مواد البناء (11 يونيو),الجدران والسقف,26,45,24,,0,16,0
PLSA0101,وردة كروم,رايمر,,كروم,دار الخزف للمواد الصحية (11 يونيو),وصلة,2.95,5,4,دائري,0,16,0
ARSB80004,مخرج شطاف كروم بالعلاقة ,توريما,1372-001,كروم,دار الخزف للمواد الصحية (11 يونيو),مخرج شطاف,105,180,140,مربع,6,10,0
PLSA0130,مطول 1/2*20 مم كروم,سانيتاري ويرز,,كروم,دار الخزف للمواد الصحية (11 يونيو),وصلة,6.95,10,10,دائري,1,15,0
ML10250,خلاط حوض وجه ذهبي ,ليسو,G19-133,ذهبي,دار الخزف للمواد الصحية (السراج),خلاط حوض وجه,130,250,200,,7,9,0
ML30603,مرايا حمام مع إضاءة لد مع اطار ذهبي 90*70 سم,بن أمور,SH-096-90/70,ذهبي,South Villa,مراية مضيئة,125,200,160,مربع,6,5,5
PE30398,طلاء عاز ل بلاستيك  13 كغ,دهانات المدينة مصراتة,العازل,أبيض,محلات الإعتماد لإستيراد مواد البناء (11 يونيو),الجدران والسقف,114,145,115,,0,16,0
PA30324,ڨوانطي,ABC,,أَزْرَقُ,محلات الاعتماد (السراج),قفازات,5.75,10,10,,0,16,0
CC10364,كولة فواصل 024,kalekim,URGUP BEIGE,,شركة الثريا لمستلزمات الرخام والسراميك ,كولة بلاط أرضيات,35,44,40,,0,16,0
ARSB80813,مصب دوش قصير بتحويلة كروم,توريما,0327811-T90,كروم,  شركة أجياد ليبيا ,مصب دوش,340,510,450,مربع,6,10,0
AASB30916,رف زاوية زوجي كروم ,ليسو,WL35,كروم,دار الخزف للمواد الصحية (11 يونيو),اكسسوارات,130,180,175,زوجي,7,9,0
EG30872,حوض مطبخ جرانيت أسود مطفي72*47 فردي,ب.أمور,Nice,أسود مطفي,بوليمي Bolemi,حوض مطبخ جرانيت,480,720,600,فردي,4,4,8
ML10894,خلاط حوض وجه ذهبي ,بن أمور,B.AMOR002,ذهبي,هانغ كراون,خلاط حوض وجه,190,320,235,مربع,11,5,0
MD20900,خلاط دوش أسود,بن أمور,B.AMOR014,أسود,هانغ كراون,خلاط دوش,300,450,375,مربع,11,5,0
ATWC50244,مثبت مقعد أرضي,سانيتاري ويرز,,,محلات الإعتماد لإستيراد مواد البناء (11 يونيو),ملحقات مقاعد,2.75,10,6,,6,11,0
ARSB80370,سماعة دوش كروم,سانيتاري واير,,كروم,تولين للبضائع الأوروبية,سماعة دوش,23,45,30,مربع,12,5,0
PE30040,طلاء مائي مطفي  18 كغ ,الواحة,الواحة لاتاكس,أبيض ناصع ,محلات الإعتماد لإستيراد مواد البناء (11 يونيو),الجدران والسقف,130.95,145,110,,0,17,0
RA30026,"واي 4"" 45°",الرطيل,جي أم GM,أبيض,محلات الإعتماد لإستيراد مواد البناء (11 يونيو),مثلث,34,46,32,,0,17,0
RA30055, طوبو2'' 6 متر,الرطيل,جي أم GM,,محلات الإعتماد لإستيراد مواد البناء (11 يونيو),مواسير - طوبو,49,62,42.5,,0,17,0
PE30160,محشة,الشركة العالمية للتصدير و الإستيراد,,,محلات الإعتماد لإستيراد مواد البناء (11 يونيو),منجل,2.15,5,3.5,,0,17,0
PA30550,فيتي لاميرة 4.2 * 25 (100غ),الشركة العالمية للتصدير و الإستيراد,,,محلات الإعتماد لإستيراد مواد البناء (11 يونيو),برغي,1.575,4,2.5,,0,17,0
PA30555,فيتي 3.5 * 30 (100غ),الشركة العالمية للتصدير و الإستيراد,,أسود,محلات الإعتماد لإستيراد مواد البناء (11 يونيو),برغي,1.389,4,2.5,,0,17,0
ATWC50196,مثبت مقعد أرضي,سانيتاري ويرز,WB 2,,شركة البهراء العالمية الحديثة,ملحقات مقاعد,1.5,5,3,,17,0,0
ARSB80292,"مسكر شطافة ""1/2"" * ""1/2 كروم",سانيتاري ويرز,FIRMER YLN8872,كروم,محلات الإعتماد لإستيراد مواد البناء (11 يونيو),مخرج شطاف,10.5,25,20,دائري,17,0,0
PE30985,طلاء مائي داخلي 4 كغ أبيض مطفي ,جي ال سي,سوبر داي - تون 3030,أبيض مطفي,محلات الاعتماد (السراج),الجدران والسقف,56.26,60,37,,0,17,0
RFP1754,"فسيبلي "" 1/2 أنثى * ""1/2 أنثى 50سم",سانيتاري ويرز,ايطالي,كروم,شركة النهضة كرزاز,فسيبلي,18.5,25,18,دائري,0,17,0
WA40474,غطاء مقعد موطو أبيض,ب.أمور,SC-SH-8609 ,أبيض,South Villa,غطاء مقعد,27.5,60,35,دائري,9,1,7
ARSB80815,"مسكر شطافة ""1/2"" * ""1/2 أسود",مونتانا س.ل,MT-6104B,أسود,مجموعة الشريف,مخرج شطاف,35.25,60,50,مربع,7,10,0
PLSA0773,"وصلة مخفض ""3/8 ذكر × ""1/2 انثى كروم",سانيتاري ويرز,,كروم,محلات الاعتماد 11يونيو,وصلة,6.45,10,5,دائري,17,0,0
VS10828,حوض وجه معلق أسود -60سم,ب.أمور,LT-2173-MB,أسود,LETOP ليتوب,حوض وجه معلق,295,450,373,معلق,4,1,12
EG30858,حوض مطبخ جرانيت أسود 80*45 زوجي,ب.أمور,Vienna,أسود,بوليمي Bolemi,حوض مطبخ جرانيت,545,820,675,زوجي,3,2,12
EG30869,حوض مطبخ جرانيت أسود مطفي60*45 فردي,ب.أمور,Cedria,أسود مطفي,بوليمي Bolemi,حوض مطبخ جرانيت,425,640,530,فردي,3,2,12
RFP11000,"فسيبلي "" 1/2 أنثى * ""1/2 أنثى 50سم",توريما,1372-A9D50FF-001,كروم,دار الخزف للمواد الصحية (11 يونيو),فسيبلي,15.5,25,23,دائري,1,16,0
ATWC50261, زر بتارية مقعد,سانيتاري ويرز,,كروم لامع,شركة البهراء العالمية الحديثة,ملحقات مقاعد,6.5,10,9,بلاستك,8,10,0
MC10002,مجرى 50 سم *8 سم كروم,سانيتاري ويرز,,كروم,مصنع خلاطات و أكسسوارات الصين,مجرى,58,130,80,مستطيل,10,8,0
PE30058,طلاء زيتي لماع داخلي و خارجي 100 غ أبيض,سوتينول - الغزالة,طلاء زيتي,أبيض,محلات الإعتماد لإستيراد مواد البناء (11 يونيو),الجدران والسقف,2.95,5,3.5,,0,18,0
RA30059,"طابة تسليك 4""",الرطيل,جي أم GM,أبيض,الشيباني لمواد البناء و المواد الصحية,طابة,8.5,18,13,,0,18,0
RA30068,"مخفض 6"" * 4""",الرطيل,جي أم GM,أبيض,الشيباني لمواد البناء و المواد الصحية,مخفض,38,42,29,,0,18,0
PE30322,كولة 237 مل,الشركة العالمية للتصدير و الإستيراد,,رصاصي,محلات الإعتماد لإستيراد مواد البناء (11 يونيو),المواد اللاصقة و العازلة,16.5,23,20,,0,18,0
PA30339,ماكينة سلكون,الشركة العالمية للتصدير و الإستيراد,,أَزْرَقُ,محلات الإعتماد لإستيراد مواد البناء (11 يونيو),مسدس الغراء,6.5,10,7,,0,18,0
PA30490,ماكينة برشام,فندر,250,,محلات الإعتماد لإستيراد مواد البناء (11 يونيو),دباسة,15.5,23,20,,0,18,0
ML10616,خلاط حوض وجه ذهبي ,بن أمور,,ذهبي,مصنع خلاطات و أكسسوارات الصين,خلاط حوض وجه,110,220,190,مربع,8,10,0
MT30630,خلاط شطاف مع شطاف 15 سم أسود,بن أمور,مجموعة بن عمر,أسود,مصنع خلاطات و أكسسوارات الصين,خلاط شطاف,115,170,150,مربع,9,9,0
PE30411,فرشة ايطالية 15*5,,2000,,محلات الاعتماد (السراج),فرشة طلاء,14,20,18,,0,18,0
EG30864,حوض مطبخ جرانيت بيج79*51 فردي,ب.أمور,Jammel,بيج,بوليمي Bolemi,حوض مطبخ جرانيت,475,750,600,فردي,4,4,10
EG30868,حوض مطبخ جرانيت بيج60*45 فردي,ب.أمور,Cedria,بيج,بوليمي Bolemi,حوض مطبخ جرانيت,425,640,530,فردي,2,4,12
ARSB80939,مخرج شطاف مع علاق جانبي كروم,توريما,1372-01821-002,كروم,  شركة أجياد ليبيا ,مخرج شطاف,100,170,170,دائري,4,14,0
AECU50057,صابونية حوض مطبخ أسود,سانيتاري ويرز,,أسود,شركة لمسات البناء,ملحقات أحواض المطابخ,11,35,20,دائري,7,12,0
PE30323,كولة 118 مل,الشركة العالمية للتصدير و الإستيراد,,رصاصي,محلات الإعتماد لإستيراد مواد البناء (11 يونيو),المواد اللاصقة و العازلة,11.5,17,14,,0,19,0
PA30605,رزة إصلاح,الشركة العالمية للتصدير و الإستيراد,,,محلات الإعتماد لإستيراد مواد البناء (11 يونيو),تشكيلة من التثبيتات,1.5,2.5,2,كبير,0,19,0
PA30613, تل ربط مجلفن (2 كغ),الشركة العالمية للتصدير و الإستيراد,,كروم,محلات الإعتماد لإستيراد مواد البناء (11 يونيو),خيط، حبل,14.5,18,18,,0,19,0
PA30117,سكارة باب PVC بيضاء ,والي,,برنزي,محلات الإعتماد لإستيراد مواد البناء (11 يونيو),قفل باب,3,6,6,,0,19,0
RA20767,مخفض 1/2*3/4 كروم,فينوس,139,كروم,شركة لمسات البناء,مخفض,3.75,7,5,دائري,19,0,0
RA20212,مخفض خلاط دوش 1/2*3/4,سانيتاري ويرز,,كروم,محل سوق الثلاثاء لمواد البناء ,مخفض,1.2,10,7,,0,19,0
WP20475,مقعد أرضي ملحوم مربع  أبيض,ب.أمور,SH-8869 ,أبيض,South Villa,مقعد أرضي,450,780,550,مربع,9,4,6
ARSB80598,قصبة دوش مربعة 40 سم كروم,توريما,1372-03244-010,كروم,  شركة أجياد ليبيا ,قصبة دوش,145,200,200,مربع,13,6,0
MT30628,خلاط شطاف مع شطاف 15 سم كروم,بن أمور,مجموعة بن عمر,كروم,مصنع خلاطات و أكسسوارات الصين,خلاط شطاف,120,190,160,مربع,9,10,0
MT30629,خلاط شطاف مع شطاف 15 سم كروم,بن أمور,,كروم,مصنع خلاطات و أكسسوارات الصين,خلاط شطاف,90,150,150,دائري,14,4,1
MC10647,مجرى 50 سم *8 سم كروم,بن أمور,,كروم,مصنع خلاطات و أكسسوارات الصين,مجرى,80,160,160,مستطيل,4,0,15
PLSA0392,منكوطي املس 3/4,سانيتاري ويرز,,,محلات الاعتماد (السراج),وصلة,1.75,5,4,,7,12,0
PLSA0393,منكوطي املس1,سانيتاري ويرز,,,محلات الاعتماد (السراج),وصلة,2.3,6,4,,7,12,0
CC10410,صليبة بيضاء 3ملي ,الشركة العالمية للتصدير و الإستيراد,,,محلات الاعتماد (السراج),كولة بلاط أرضيات,7.5,12,12,,0,19,0
PA30844,ماكينة سلكون ,اي بي سي,,,محلات الاعتماد (السراج),مسدس الغراء,11.5,18,17,,0,19,0
RA30421,ديسكو خشب 4.5'' 110 مم,الشركة العالمية للتصدير و الإستيراد,,,محلات الاعتماد (السراج),ديسكو منشار دائري,4.5,10,8,,0,19,0
MD20855,خلاط دوش كروم,بن أمور,مجموعة بن عمر,كروم,مصنع خلاطات و أكسسوارات الصين,خلاط دوش,130,250,183,مربع,16,3,0
EG30859,حوض مطبخ جرانيت رصاصي 80*45 زوجي,ب.أمور,Vienna,رصاصي,بوليمي Bolemi,حوض مطبخ جرانيت,545,820,675,زوجي,3,2,14
EG30873,حوض مطبخ جرانيت بيج72*47 فردي,ب.أمور,Nice,بيج,بوليمي Bolemi,حوض مطبخ جرانيت,480,720,600,فردي,3,4,12
ML10893,خلاط حوض وجه كروم ,بن أمور,B.AMOR001,كروم,هانغ كراون,خلاط حوض وجه,160,280,200,دائري,12,7,0
EL50541,لصقة 0.13 مم * 19 مم * 25 متر,الشركة العالمية للتصدير و الإستيراد,SCAPA 2702,أزرق داكن,محلات الاعتماد (السراج),ملحقات الكهرباء,6,10,6,,0,19,0
APCI40229,مطول 1/2 *10 مم كروم,سانيتاري ويرز,,كروم,محلات الإعتماد لإستيراد مواد البناء (11 يونيو),وصلة,7.25,12,10,دائري,16,4,0
PLSA0267,"وصلة أنثى ""1/2 كروم",سانيتاري ويرز,,كروم,شركة النهضة كرزاز,وصلة,4.75,10,9,,0,20,0
RA20028,كواردة 32 لحام FIRAT,فرات,بي بي ر - PPR,بيج,الشيباني لمواد البناء و المواد الصحية,كواردة,5.178,12,7,,0,20,0
PE30060,طلاء زيتي لماع داخلي و خارجي 100 غ أَحْمَر,سوتينول - الغزالة,طلاء زيتي,أَحْمَر,محلات الإعتماد لإستيراد مواد البناء (11 يونيو),الجدران والسقف,2.35,5,3.5,,0,20,0
RA30061,"تحويلة 4""",الرطيل,جي أم GM,أبيض,الشيباني لمواد البناء و المواد الصحية,وصلة,3.5,7,5.5,,0,20,0
ALVM50307,سيفون حوض الوجه كروم,ليسو,JR031-48,كروم,دار الخزف للمواد الصحية (11 يونيو),سيفون حوض الوجه,148,220,220,مربع,4,16,0
RA20508,طابة نهاية خط حديد 3/4,الشركة العالمية للتصدير و الإستيراد,,,الشيباني لمواد البناء و المواد الصحية,طابة,1.3,2.5,2,,0,20,0
PA30566,زاوية كرسي 30 * 15 * 1.5 مم (4 قطع),الشركة العالمية للتصدير و الإستيراد,,,محلات الإعتماد لإستيراد مواد البناء (11 يونيو),تشكيلة من التثبيتات,1.24,3,2,,0,20,0
PA30588,سلسلة ترية (75 سم),الشركة العالمية للتصدير و الإستيراد,,ذهبي,محلات الإعتماد لإستيراد مواد البناء (11 يونيو),خيط، حبل,3,5,4,,0,20,0
SI10138,سلكون  280 غرام أبيض التاج,التاج ,48593,أبيض,عادل مسوق لصقة وسنفرة ,سلكون,7.292,10,9,,3,17,0
PE30089,دلونتي 1لتر ,تركواز سيراستايل,ماء تخليط ,شفاف,محلات الإعتماد لإستيراد مواد البناء (11 يونيو),الجدران والسقف,11.25,17,12,,0,20,0
PA30178,سكارة باب PVC خشبي ,والي,,برنزي,محلات الإعتماد لإستيراد مواد البناء (11 يونيو),قفل باب,3,6,6,,0,20,0
PE30270,رولة طلاء 10 سم ديكور,الشركة العالمية للتصدير و الإستيراد,1081,,محلات الاعتماد (السراج),فرشة طلاء,9.5,18,10,,0,20,0
ALVM50309,سيفون حوض الوجه كروم بلستك,سانيتاري ويرز,401,كروم,دار الخزف للمواد الصحية (السراج),سيفون حوض الوجه,40,65,60,دائري,16,4,0
ML30602,مرايا حمام مع إضاءة لد مع اطار أسود 90*70 سم,بن أمور,SH-097-90/70,أسود,South Villa,مراية مضيئة,125,200,160,مربع,8,12,0
PS20665,علاقة مناشف زوجية كروم,بن أمور,مجموعة بن عمر,كروم,مصنع خلاطات و أكسسوارات الصين,علاقة مناشف,40,120,70,معلق,10,3,7
ARSB80717,"مسكر شطافة ""1/2"" * ""1/2 اسود ", FANSKL, FANSKL-57-008,أسود,مجموعة الشريف,مخرج شطاف,18.5,35,30,مربع,20,0,0
ACE20379,قرسيوني راس سخانة فلتي ,سانيتاري ويرز,,أَخْضَرُ,شركة كرزاز لاستيراد مواد البناء ,ملحقات سخانات,0.65,2,2,دائري,0,20,0
PLSA0394,كوربة حديد 3/4,سانيتاري ويرز,,,محلات الاعتماد (السراج),وصلة,2.6,6,4,,0,20,0
PLSA0395,كوربة حديد1,سانيتاري ويرز,,,محلات الاعتماد (السراج),وصلة,3.15,8,5,,0,20,0
RFP1812,"فسيبلي "" 1/2 أنثى * ""3/8 أنثى 40سم",فانسكي,,كروم,مجموعة الشريف,فسيبلي,5.55,15,8,دائري,20,0,0
PA30854,ماكينة سلكون ثقيلة,اي بي سي,,,محلات الاعتماد (السراج),مسدس الغراء,19.5,28,25,,0,20,0
PLSA0772,"نبلس ذكر""1/2 * ذكر""3/8 كروم",سانيتاري ويرز,,كروم,محلات الإعتماد لإستيراد مواد البناء (11 يونيو),وصلة,5.35,12,7,,0,20,0
MT30852,خلاط شطاف مربع مع شطاف 15 سم كروم,بن أمور,مجموعة بن عمر,كروم,مصنع خلاطات و أكسسوارات الصين,خلاط شطاف,115,150,124,مربع,8,5,7
MT30854,خلاط شطاف دائري مع شطاف 15 سم كروم,بن أمور,مجموعة بن عمر,كروم,مصنع خلاطات و أكسسوارات الصين,خلاط شطاف,100,150,124,دائري,8,5,7
AECU50891,راجع سيفون حوض مطبخ مربع,,,,محلات الساحل,ملحقات أحواض المطابخ,5,10,8,زوجي,20,0,0
ML10802,خلاط حوض وجه رصاصي ,بن أمور,B.AMOR009,رصاصي,هانغ كراون,خلاط حوض وجه,235,355,295,مربع,15,5,0
ML10803,خلاط حوض وجه ذهبي,بن أمور,B.AMOR010,ذهبي,هانغ كراون,خلاط حوض وجه,245,370,310,مربع,15,5,0
ML10806,خلاط حوض وجه أسود مطفي ,بن أمور,B.AMOR017,أسود مطفي,هانغ كراون,خلاط حوض وجه,145,250,165,دائري,15,5,0
RA20997,مثلث كروم سن داخلي 1/2,سانيتاري ويرز,,كروم لامع,مجموعة الشريف,مثلث,14.5,20,20,دائري,20,0,0
PLSA1003,"وصلة أنثى ""1/2 كروم",سانيتاري ويرز,,كروم,مجموعة الشريف,وصلة,2.75,10,9,دائري,20,0,0
ARSB81012,علاقة سماعة دوش كبيرة متحركة كروم,سانيتاري ويرز,,كروم,مجموعة الشريف,ملحقات خلاط,2.25,10,8,دائري,20,0,0
ATWC51060,طقم تثبيت المرحاض المعلق على الحائط,ب.أمور,مجموعة بن عمر,أبيض,LETOP ليتوب,ملحقات مقاعد,20,40,33,بلاستك,10,10,0
PLSA0555,مطول 1/2*40 مم كروم,سانيتاري ويرز,,كروم,شركة المضمونة للبناء,وصلة,27,40,40,دائري,0,20,0
RA20033,"سنيسكا 25"" ليفة",فرات,بي بي ر - PPR,أَحْمَر,الشيباني لمواد البناء و المواد الصحية,سنيسكا,15.533,32,19.7,,0,21,0
PE30027,طلاء مائي داخلي 20 كغ أبيض,دهانات المدينة مصراتة,أصول,أبيض,محلات الإعتماد لإستيراد مواد البناء (11 يونيو),الجدران والسقف,87.3,100,85,,0,21,0
PE30056,طلاء زيتي لماع داخلي و خارجي 100 غ بني,سوتينول - الغزالة,طلاء زيتي,بُنِيّ,محلات الإعتماد لإستيراد مواد البناء (11 يونيو),الجدران والسقف,2.95,5,3.9,,0,21,0
PA30553,فيتي 3.5 * 20 (100غ),الشركة العالمية للتصدير و الإستيراد,,أسود,محلات الإعتماد لإستيراد مواد البناء (11 يونيو),برغي,1.389,4,2.5,,0,21,0
PLSA0524,وردة أسود,vip,,أسود,شركة الجودة vip,وصلة,2.6,6,6,مربع,16,5,0
MA20902,خلاط حوض المطبخ مولة أسود مطفي,بن أمور,B.AMOR012,أسود مطفي,هانغ كراون,خلاط حوض المطبخ سحاب,385,580,485,دائري,16,5,0
PLSA0927,"كوربة ذكر ""1/2 * ""1/2 مع وردة كروم",توريما,1372-RACC1212-001,كروم,دار الخزف للمواد الصحية (11 يونيو),وصلة,16,25,20,دائري,21,0,0
RO10998,حنفية غسالة  ''1/2 * ''3/4 كروم,سانيتاري واير,FOR0032LO,كروم,مجموعة الشريف,حنفية,25,35,30,دائري,8,13,0
RA30020,"مثلث 2""",الرطيل,جي أم GM,أبيض,محلات الإعتماد لإستيراد مواد البناء (11 يونيو),مثلث,4.75,10,7,,0,22,0
RA30048,"مخفض 4"" * 2""",الرطيل,جي أم GM,أبيض,الشيباني لمواد البناء و المواد الصحية,مخفض,7.5,15,12,,0,22,0
PE30191,لصقة سريعة 3 غرام,الشركة العالمية للتصدير و الإستيراد,ALTECO 110,,محلات الإعتماد لإستيراد مواد البناء (11 يونيو),المواد اللاصقة و العازلة,0.813,1.5,1,,0,22,0
PA30495,بونتة 10 * 160 مم,الشركة العالمية للتصدير و الإستيراد,,,محلات الإعتماد لإستيراد مواد البناء (11 يونيو),أدوات الثقب,1.9,6,5,قصير,-1,23,0
RA20511,مثلث حديد سن داخلي 1,الشركة العالمية للتصدير و الإستيراد,,,الشيباني لمواد البناء و المواد الصحية,مثلث,3.15,5,4,,0,22,0
PA30551,فيتي لاميرة 4.2 * 19 (100غ),الشركة العالمية للتصدير و الإستيراد,,,محلات الإعتماد لإستيراد مواد البناء (11 يونيو),برغي,1.575,4,2.5,,0,22,0
ACE20210,فلفلة سخانة,سانيتاري ويرز,CE 1370,كروم,محلات الإعتماد لإستيراد مواد البناء (11 يونيو),ملحقات سخانات,11.9,20,17,دائري,9,13,0
ALVM50819,رأس سيفوني اسود,سانيتاري ويرز,,أسود,محلات العمارة فرع السبعة لتجارة مواد البناء,رأس سيفوني,25,60,35,دائري,22,0,0
PLSA0420,"مخفض طاسة ""1/2 ""3/8 كروم",سانيتاري ويرز,,كروم,شعنان مواد بناء,وصلة,6.25,10,8,دائري,15,7,0
ML30600,مرايا حمام مع إضاءة لد دائرية بالعلاقة مع اطار أسود 70سم,بن أمور,SH-1171-70,أسود,South Villa,مراية مضيئة,120,180,160,لاد,9,3,10
ML30604,مرايا حمام مع إضاءة لد 80*60سم ,بن أمور,SH-1014-80/60,,South Villa,مراية مضيئة,105,180,170,لاد,7,5,10
AECU50425,سيفون حوض المطبخ,pgs,,,دار الخزف للمواد الصحية (السراج),ملحقات أحواض المطابخ,21.5,40,37,فردي,9,13,0
EG30865,حوض مطبخ جرانيت أسود مطفي79*51 فردي,ب.أمور,Jammel,أسود مطفي,بوليمي Bolemi,حوض مطبخ جرانيت,475,750,600,فردي,6,1,15
MA20904,خلاط حوض المطبخ مولة أسود مطفي,بن أمور,B.AMOR019,أسود مطفي,هانغ كراون,خلاط حوض المطبخ سحاب,220,330,275,دائري,17,5,0
ME10922,خلاط حوض المطبخ شجرة أسود مطفي,بن أمور,B.AMOR025,أسود مطفي,هانغ كراون,خلاط حوض المطبخ شجرة,310,465,385,دائري,17,5,0
PE30057,طلاء زيتي لماع داخلي و خارجي 100 غ رمادي فاتح,سوتينول - الغزالة,طلاء زيتي,رمادي فاتح,محلات الإعتماد لإستيراد مواد البناء (11 يونيو),الجدران والسقف,2.95,5,3.9,,0,23,0
PE30059,طلاء زيتي لماع داخلي و خارجي 100 غ أزرق داكن,سوتينول - الغزالة,طلاء زيتي,أزرق داكن,محلات الإعتماد لإستيراد مواد البناء (11 يونيو),الجدران والسقف,2.95,5,3.5,,0,23,0
RA30023,"كوربة باب 4"" 87.5°",الرطيل,جي أم GM,أبيض,محلات الإعتماد لإستيراد مواد البناء (11 يونيو),كوع - كوربة,18.75,34,22,,0,23,0
PE30189,فوم 300 غرام,أويستار,FS-012,,محلات الإعتماد لإستيراد مواد البناء (11 يونيو),المواد اللاصقة و العازلة,9.25,15,15,,0,23,0
PA30423,حبل نشر,الشركة العالمية للتصدير و الإستيراد,,,محلات الإعتماد لإستيراد مواد البناء (11 يونيو),خيط، حبل,2.417,4,3,,0,23,0
PA30496,بونتة 12 * 160 مم,الشركة العالمية للتصدير و الإستيراد,,,محلات الإعتماد لإستيراد مواد البناء (11 يونيو),أدوات الثقب,2.45,6,3.5,قصير,0,23,0
MC10413,سرفنتينة 15 سم * 15 سم كروم ,أكوا دزاين,AD151RS/3,كروم,شركة المضمونة للبناء,مجرى,77.5,150,140,مربع,13,10,0
MC10655,سرفنتينة 10 سم * 10 سم كروم,بن أمور,,كروم,مصنع خلاطات و أكسسوارات الصين,مجرى,35,75,50,مربع,15,8,0
CC10369,كولة فواصل 018,kalekim,CAPPADOCIA CRAM,,شركة الثريا لمستلزمات الرخام والسراميك ,كولة بلاط أرضيات,38,44,40,,0,23,0
PLSA0814,"وصلة مخفض خلاط دوش ""3/8 ذكر × ""1/2 ذكر كروم",سانيتاري ويرز,,كروم,مجموعة الشريف,وصلة,1.15,10,5,دائري,23,0,0
ME10921,خلاط حوض المطبخ شجرة ذهبي,بن أمور,B.AMOR024,ذهبي,هانغ كراون,خلاط حوض المطبخ شجرة,290,435,360,دائري,18,5,0
MA20920,خلاط حوض المطبخ مولة كروم,بن أمور,B.AMOR011,كروم,هانغ كراون,خلاط حوض المطبخ سحاب,365,550,455,دائري,18,5,0
ARSB81070,"مسكر شطافة ""1/2"" * ""1/2 ذهبي",مونتانا س.ل,MT-6104G,ذهبي,مجموعة الشريف,مخرج شطاف,39,60,60,مربع,23,0,0
ATWC50218,بتارية مقعد أرضي ملحوم تحت 28 سم,سانيتاري ويرز,KJ-233,,شركة البهراء العالمية الحديثة,ملحقات مقاعد,18.5,40,25,,18,6,0
RO10294,حنفية غسالة  ''1/2 * ''3/4 كروم,أركو,L.85,كروم,محلات الإعتماد لإستيراد مواد البناء (11 يونيو),حنفية,28,45,40,دائري,24,0,0
PE30035,استوك 1 كغ,دهانات المدينة مصراتة,معجون المدينة مصراتة,,مجموعة بن عمر BEN AMOR Group,استوك,7.76,10,7.5,,0,24,0
PE30061,طلاء زيتي لماع داخلي و خارجي 100 غ أَخْضَرُ,سوتينول - الغزالة,طلاء زيتي,أَخْضَرُ,محلات الإعتماد لإستيراد مواد البناء (11 يونيو),الجدران والسقف,2.75,5,3.5,,0,24,0
PE30062,طلاء زيتي لماع داخلي و خارجي 100 غ أزرق فاتح,سوتينول - الغزالة,طلاء زيتي,أزرق فاتح,محلات الإعتماد لإستيراد مواد البناء (11 يونيو),الجدران والسقف,2.95,5,3.5,,0,24,0
PA3370,مسمارخشب رقم 6 (2 كغ),الشركة العالمية للتصدير و الإستيراد,,,محلات الإعتماد لإستيراد مواد البناء (11 يونيو),مسمار,14.25,17,15,,0,24,0
ALVM50030,سيفون حوض الوجه كروم,سانيتاري ويرز,JR031-49,كروم,دار الخزف للمواد الصحية (11 يونيو),سيفون حوض الوجه,120,190,190,دائري,11,13,0
MC10203,سرفنتينة 15 سم * 15 سم كروم,سانيتاري ويرز,SUNP15/103SE MAT,كروم,مجموعة العربي,مجرى,48,90,80,مربع,13,11,0
AECU50633,سقطار لحوض المطبخ أسود85 سم,بن أمور,,أسود,مصنع خلاطات و أكسسوارات الصين,ملحقات أحواض المطابخ,120,200,180,,5,3,16
MC10645,مجرى 40 سم *8 سم أسود,بن أمور,,أسود,مصنع خلاطات و أكسسوارات الصين,مجرى,80,180,130,مستطيل,8,16,0
PE30584,فوم 600 غرام,كرفت ,,,محلات الاعتماد (السراج),المواد اللاصقة و العازلة,21.5,27,17.5,,0,24,0
WP20162,مقعد أرضي ملحوم ذهبي رخامي,ب.أمور,SH-295-MGL,ذهبي,South Villa,مقعد أرضي,642,880,770,مربع,3,6,16
ARSB80256,مثبت خلاط زوجي,سانيتاري ويرز,,,محلات الإعتماد لإستيراد مواد البناء (11 يونيو),ملحقات خلاط,2.25,5,5,,5,20,0
RA30017,"كوربة 1.5"" - 90°",الرطيل,جي أم GM,أبيض,محلات الإعتماد لإستيراد مواد البناء (11 يونيو),كوع - كوربة,2.3,7,4,,0,25,0
RA30060,"وصلة 1.5""* 1.5"" سن داخلي",الرطيل,جي أم GM,أبيض,محلات الإعتماد لإستيراد مواد البناء (11 يونيو),وصلة,3.75,9,6,,0,25,0
PE30093,ورق سنفرة قماش رقم 120,الشركة العالمية للتصدير و الإستيراد,التاج,,محلات الإعتماد لإستيراد مواد البناء (11 يونيو),ورق الصنفرة,2.371,5,5,,0,25,0
PLSA0240,"مخفض أنثى ""1/2 ""3/8 كروم",سانيتاري ويرز,SASSI,كروم,شركة النهضة كرزاز,وصلة,4.75,10,8,دائري,25,0,0
RFP1756,"فسيبلي "" 1/2 أنثى * ""3/8 أنثى 50سم",سانيتاري ويرز,ITALY,كروم,شركة البهراء العالمية الحديثة,فسيبلي,14.2,15,10,دائري,25,0,0
SA10650,طقم اكسسوار أسود,بن أمور,50-10-49,أسود,مصنع خلاطات و أكسسوارات الصين,طقم اكسسوارات,100,250,200,دائري,7,7,11
ARSB80660,مخرج شطاف مع علاق كروم,بن أمور,B.A-CI.A,كروم,مصنع خلاطات و أكسسوارات الصين,مخرج شطاف,25,60,60,دائري,16,9,0
PE30953,رولة طلاء 25 سم / 10,الشركة العالمية للتصدير و الإستيراد,,,محلات الاعتماد (السراج),فرشة طلاء,6.75,10,7,,0,25,0
RA20371,مخفض قومه 2,سانيتاري ويرز,,أسود,محلات الاعتماد 11يونيو,مخفض,2.1,7,5,,-2,27,0
RA30451,"ديسكو حديد 9"" 230 مم",كداس,ايما,أسود مطفي,محلات الاعتماد (السراج),ديسكو منشار دائري,9.25,15,12,,0,25,0
MD20899,خلاط دوش كروم,بن أمور,B.AMOR013,كروم,هانغ كراون,خلاط دوش,260,395,330,مربع,21,4,0
PE30068,طلاء بخاخ داخلي و خارجي أصفر,أنشور قروب,,أَصْفَرُ,محلات الإعتماد لإستيراد مواد البناء (11 يونيو),الجدران والسقف,5.72,10,6.5,,0,26,0
RA30009,"كوربة 4"" 87.5°",الرطيل,جي أم GM,أبيض,محلات الإعتماد لإستيراد مواد البناء (11 يونيو),كوع - كوربة,14.304,28,17,,0,26,0
ARSB80379,رشاش دوش مربع كروم,ليسو,JR031-7,كروم,دار الخزف للمواد الصحية (11 يونيو),كسكاس دوش,48,70,65,مربع,10,16,0
PA30587,سلسلة ترية (1 متر),الشركة العالمية للتصدير و الإستيراد,,ذهبي,محلات الإعتماد لإستيراد مواد البناء (11 يونيو),خيط، حبل,2.667,5,3.5,,0,26,0
MC10653,سرفنتينة 15 سم * 15 سم أسود,بن أمور,مجموعة بن عمر,أسود,مصنع خلاطات و أكسسوارات الصين,مجرى,50,150,120,مربع,12,4,10
PE30419,استوك 25 كغ,دهانات المدينة مصراتة,معجون المدينة مصراتة,,محلات الاعتماد (السراج),استوك,76.63,85,70,,0,26,0
WP20827,مقعد أرضي ملحوم أبيض,ب.أمور,SH-8809,أبيض,South Villa,مقعد أرضي,550,880,730,دائري,6,8,12
PE30092,ورق سنفرة قماش رقم 400,الشركة العالمية للتصدير و الإستيراد,التاج,,محلات الإعتماد لإستيراد مواد البناء (11 يونيو),ورق الصنفرة,2.228,5,5,,0,26.5,0
RA20035,"سنيسكا 25"" قصيرة طربوش",فرات,بي بي ر - PPR,كروم,الشيباني لمواد البناء و المواد الصحية,سنيسكا,38.475,68,47.5,,0,27,0
RA20053,"مخفض 4"" * 1.5""",الرطيل,جي أم GM,أبيض,الشيباني لمواد البناء و المواد الصحية,مخفض,7.5,15,12,,0,27,0
RA20456,طبوا مكيف 3/4,شركة الغزالة لمواد البناء,,,محلات الاعتماد (السراج),مواسير - طوبو,2.725,6,6,,0,27,0
RA30027,"واي 3"" 45°",الرطيل,جي أم GM,أبيض,محلات الإعتماد لإستيراد مواد البناء (11 يونيو),مثلث,23.5,30,22,,0,28,0
PA30236,تسيلي حديد 10 مم,الشركة العالمية للتصدير و الإستيراد,,,محلات الإعتماد لإستيراد مواد البناء (11 يونيو),شد برغي,1.1,2.5,1.5,,0,28,0
PLSA0093,"مُطوِّل ""1/2 * 15كروم",سانيتاري ويرز,,كروم,محلات الإعتماد لإستيراد مواد البناء (11 يونيو),وصلة,5.35,9,8,,0,28,0
RA30155,ديسكو حديد4 بوصه,كداس,A 24 PLUS T-BF,أسود مطفي,محلات الإعتماد لإستيراد مواد البناء (11 يونيو),ديسكو منشار دائري,5.5,10,9,,0,28,0
PA30090,مفك دبل جهتين,سانيتاري ويرز,1706,,محلات الإعتماد لإستيراد مواد البناء (11 يونيو),مفك البراغي يدوي,1.98,5,3,,0,28,0
ATWC50191,مثبت مقعد أرضي حرف L,سانيتاري ويرز,RUDEX,,محلات الإعتماد لإستيراد مواد البناء (11 يونيو),ملحقات مقاعد,2.5,10,6,,28,0,0
WS10807,مقعد معلق تورنيدو أبيض ,ب.أمور,LT-046E-UQ3,أبيض,LETOP ليتوب,مقعد معلق,420,650,650,دائري,7,7,14
RA30535,ديسكو سريع4.5 بوصة حديد,كداس,ايما,أسود مطفي,محلات الاعتماد (السراج),ديسكو منشار دائري,2.45,8,7,,0,28,0
MD20898,خلاط دوش كروم,بن أمور,B.AMOR005,كروم,هانغ كراون,خلاط دوش,305,460,385,مربع,23,5,0
PLSA0235,"كوربة أنثى ""1/2 كروم",سانيتاري ويرز,,كروم,محلات الإعتماد لإستيراد مواد البناء (11 يونيو),وصلة,9.5,20,13,,15,14,0
PLSA0236,"كوربة ذكر أنثى ""1/2 كروم",سانيتاري ويرز,,كروم,محلات الإعتماد لإستيراد مواد البناء (11 يونيو),وصلة,16.5,20,15,,19,10,0
RA20031,كواردة 25 سن داخلي,فرات,بي بي ر - PPR,بيج,الشيباني لمواد البناء و المواد الصحية,كواردة,10.925,22,14,,0,29,0
RA30021,"مثلث 3""",الرطيل,جي أم GM,أبيض,محلات الإعتماد لإستيراد مواد البناء (11 يونيو),مثلث,11.5,33,17,,0,29,0
RA30046,"مجمع 2"" 1.5"" 1.5"" 1.5""",الرطيل,جي أم GM,أبيض,محلات الإعتماد لإستيراد مواد البناء (11 يونيو),مثلث,25,30,30,,0,29,0
AASB30067,حاملة ورق ناعم كروم,سانيتاري ويرز,,كروم,مصنع خلاطات و أكسسوارات الصين,اكسسوارات,25,50,35,,4,25,0
EL50398,لصقة 0.13 مم * 19 مم * 25 متر,الشركة العالمية للتصدير و الإستيراد,SCAPA 2702,أسود,محلات الإعتماد لإستيراد مواد البناء (11 يونيو),ملحقات الكهرباء,6,10,6,,0,29,0
RA20507,طابة نهاية خط حديد 1,الشركة العالمية للتصدير و الإستيراد,,,الشيباني لمواد البناء و المواد الصحية,طابة,1.45,2.5,2,,0,29,0
PA30582,مسمار حلقة مفتوح رقم 10 (2 قطع),الشركة العالمية للتصدير و الإستيراد,,,محلات الإعتماد لإستيراد مواد البناء (11 يونيو),خطاف,0.42,1,0.7,,0,29,0
ARSB80184,رشاش دوش كروم,ليسو,JR031-6,كروم,دار الخزف للمواد الصحية (11 يونيو),كسكاس دوش,48,70,50,دائري,11,18,0
ML30601,مرايا حمام مع إضاءة لد دائرية بالعلاقة مع اطار ذهبي 70سم,بن أمور,SH-1172-70,ذهبي,South Villa,مراية مضيئة,125,200,190,لاد,9,0,20
WS10814,مقعد معلق تورنيدو أسود ,ب.أمور,LT-052E-UQ3-MB ,أسود,LETOP ليتوب,مقعد معلق,565,850,705,مربع,3,4,22
ML10801,خلاط حوض وجه كروم ,بن أمور,B.AMOR008,كروم,هانغ كراون,خلاط حوض وجه,220,330,275,مربع,20,9,0
MD20897,خلاط دوش أسود,بن أمور,B.AMOR007,أسود,هانغ كراون,خلاط دوش,315,475,395,مربع,24,5,0
RFP1999,"فسيبلي "" 1/2 أنثى * ""1/2 أنثى 40سم",توريما,1372-A9D40FF-001,كروم,دار الخزف للمواد الصحية (السراج),فسيبلي,14.5,20,20,دائري,14,15,0
RA20030,كواردة 25 سن خارجي,فرات,بي بي ر - PPR,بيج,الشيباني لمواد البناء و المواد الصحية,كواردة,12.825,24,14,,0,30,0
RA30039,"ديسكو حديد تنظيف 9"" 230 مم",كداس,A 30 PLUS T-BF,أسود مطفي,محلات الإعتماد لإستيراد مواد البناء (11 يونيو),ديسكو منشار دائري,16.5,23,20,,0,30,0
RA30066,"طابة نهاية خط 4""",الرطيل,جي أم GM,أبيض,الشيباني لمواد البناء و المواد الصحية,طابة,10.25,15,10,,0,30,0
ART0003,حوض مطبخ ستانلس ستيل نص منظومة  304 75*45كروم ,ليسو,,كروم,دار الخزف للمواد الصحية (11 يونيو),حوض مطبخ ستانلس ستيل,385,590,560,فردي,25,5,0
PLSA0228,وردة ذهبي 1/2,MYVEN,ITALY,ذهبي,شركة العامر لإستيراد مواد البناء و الصحية,وصلة,0.8,3,2,دائري,30,0,0
RO10141,مسكر زاوية  ''1/2 * ''1/2 ذهبي,فيدار,,ذهبي,دار الخزف للمواد الصحية (السراج),حنفية,25,40,40,مربع,21,9,0
MA20905,خلاط حوض المطبخ مولة كروم,بن أمور,B.AMOR021,كروم,هانغ كراون,خلاط حوض المطبخ سحاب,390,590,490,دائري,25,5,0
RA30015,"كوربة 2"" - 90°",الرطيل,جي أم GM,أبيض,محلات الإعتماد لإستيراد مواد البناء (11 يونيو),كوع - كوربة,4.365,8,4,,0,31,0
RA30022,"مثلث 4""",الرطيل,جي أم GM,أبيض,محلات الإعتماد لإستيراد مواد البناء (11 يونيو),مثلث,26,36,22,,0,31,0
RA30057,"وصلة 3""",الرطيل,جي أم GM,أبيض,الشيباني لمواد البناء و المواد الصحية,وصلة,5.5,12,9,,0,31,0
PLSA0227,وردة ذهبي 1/2,MYVEN,ITALY,ذهبي,شركة لمسات البناء,وصلة,0.95,5,3,مربع,31,0,0
MA20907,خلاط حوض المطبخ سحاب كروم,بن أمور,B.AMOR026,كروم,هانغ كراون,خلاط حوض المطبخ سحاب,285,430,355,دائري,26,5,0
RA30016,"كوربة 2"" - 45°",الرطيل,جي أم GM,أبيض,محلات الإعتماد لإستيراد مواد البناء (11 يونيو),كوع - كوربة,3.9,7,4,,0,32,0
RA30058,"وصلة 4""",الرطيل,جي أم GM,أبيض,الشيباني لمواد البناء و المواد الصحية,وصلة,7.5,15,11,,0,32,0
PE30181,لصقة كرتون 100,الشركة العالمية للتصدير و الإستيراد,,شفاف,محلات الإعتماد لإستيراد مواد البناء (11 يونيو),المواد اللاصقة و العازلة,3.5,5,4,,0,32,0
PA30584,مسمار حلقة مفتوح رقم 18 (2 قطع),الشركة العالمية للتصدير و الإستيراد,,,محلات الإعتماد لإستيراد مواد البناء (11 يونيو),خطاف,1.225,2,1.5,,0,32,0
AASB30671,فرشاة تنظيف مرحاض كروم,بن أمور,مجموعة بن عمر,كروم,مصنع خلاطات و أكسسوارات الصين,اكسسوارات,40,75,50,دائري,18,12,2
WS10816,مقعد معلق ملحوم تورنيدو أبيض,ب.أمور,LT-093E-UQ3,أبيض,LETOP ليتوب,مقعد معلق,435,750,622,دائري,6,4,22
VS10820,حوض وجه معلق أبيض 36x52 ,ب.أمور,LT-2002,أبيض,LETOP ليتوب,حوض وجه معلق,170,300,249,معلق,4,3,25
MD20896,خلاط دوش ذهبي,بن أمور,B.AMOR006,ذهبي,هانغ كراون,خلاط دوش,345,520,430,مربع,27,5,0
RA30012,"كوربة 3"" 87.5°",الرطيل,جي أم GM,أبيض,محلات الإعتماد لإستيراد مواد البناء (11 يونيو),كوع - كوربة,10.9,18,12,,0,33,0
AASB30065,رف زاوية كروم,سانيتاري ويرز,,كروم,مصنع خلاطات و أكسسوارات الصين,اكسسوارات,30,60,45,,25,8,0
PE30185,لصقة قف 100 م,الشركة العالمية للتصدير و الإستيراد,,شفاف,محلات الإعتماد لإستيراد مواد البناء (11 يونيو),مواد لاصقة ولافتات,5.75,7.5,6,,0,33,0
PA3544,مسمارخرسانة رقم 2.5 (100غ),الشركة العالمية للتصدير و الإستيراد,,,محلات الإعتماد لإستيراد مواد البناء (11 يونيو),مسمار,1.1,2.5,1.5,,0,33,0
PE30125,رولة طلاء 25 سم ديكور,الشركة العالمية للتصدير و الإستيراد,1081,,محلات الإعتماد لإستيراد مواد البناء (11 يونيو),فرشة طلاء,33,38,20,,0,33,0
ME10920,خلاط حوض المطبخ شجرة كروم,بن أمور,B.AMOR023,كروم,هانغ كراون,خلاط حوض المطبخ شجرة,260,390,325,دائري,30,3,0
RA30049,"مخفض 3"" * 2""",الرطيل,جي أم GM,أبيض,الشيباني لمواد البناء و المواد الصحية,مخفض,6.75,13,10,,0,34,0
RA30065,"طابة نهاية خط 3""",الرطيل,جي أم GM,أبيض,الشيباني لمواد البناء و المواد الصحية,طابة,7.275,10,7,,0,34,0
SI10176,سلكون  280 غرام شفاف,GP+,,شفاف,محلات الاعتماد (السراج),سلكون,13,20,20,,16,18,0
PE30192,لصقة سريعة 3 غرام,الشركة العالمية للتصدير و الإستيراد,DINGQI 127101,,محلات الإعتماد لإستيراد مواد البناء (11 يونيو),المواد اللاصقة و العازلة,0.708,1.5,1,,0,34,0
PE30467,كولة رخام 750 مل كريمة,الشركة العالمية للتصدير و الإستيراد,GeneralKoll,,محلات الإعتماد لإستيراد مواد البناء (11 يونيو),المواد اللاصقة و العازلة,30,40,30,,0,34,0
PA30514,رنديلة (50 غ),الشركة العالمية للتصدير و الإستيراد,,,محلات الإعتماد لإستيراد مواد البناء (11 يونيو),رنديلة,0.525,1.5,1,,0,34,0
ARSB80220,سماعة دوش مروحة كروم,سانيتاري ويرز,,كروم,محلات الإعتماد لإستيراد مواد البناء (11 يونيو),سماعة دوش,6.9,25,15,دائري,19,15,0
WA40479,غطاء مقعد سداسي أبيض,ب.أمور,SC-SH-276 ,أبيض,South Villa,غطاء مقعد,29,60,45,مربع,8,2,24
MA20912,خلاط حوض المطبخ سحاب كروم,بن أمور,B.AMOR029,كروم,هانغ كراون,خلاط حوض المطبخ سحاب,190,280,235,دائري,30,4,0
AASB30066,رف زاوية كروم,سانيتاري ويرز,,كروم,مصنع خلاطات و أكسسوارات الصين,اكسسوارات,35,60,45,,15,20,0
ALVM50430,رأس سيفوني رخامي,ليسو,928,رخامي,دار الخزف للمواد الصحية (السراج),رأس سيفوني,52,95,85,دائري,22,13,0
ARSB80851,سماعة دوش مربعة مع طوبو أسود,بن أمور,مجموعة بن عمر,أسود,مصنع خلاطات و أكسسوارات الصين,سماعة دوش,50,150,125,مربع,10,2,23
RA20018,"وصلة 32* 1"" سن خارجي",فرات,بي بي ر - PPR,بيج,الشيباني لمواد البناء و المواد الصحية,وصلة,15.818,26,19,,0,36,0
RA20037,مواسير 32'' 4 متر,فرات,بي بي ر - PPR,بيج,الشيباني لمواد البناء و المواد الصحية,مواسير - طوبو,36.75,52,35,,0,36,0
PA30572,فيتي 10*80 (4 قطع),الشركة العالمية للتصدير و الإستيراد,,أَصْفَرُ,محلات الإعتماد لإستيراد مواد البناء (11 يونيو),برغي,0.766,1.5,1,,-2,38,0
ALVM50677,طابة حوض الوجه كروم,توريما,1372-POPUP-008,كروم,  شركة أجياد ليبيا ,ملحقات أحواض مغاسل,10,22,19.5,دائري,40,-4,0
RFP1373,"فسيبلي "" 1/2 أنثى * ""1/2 أنثى 60سم",توريما,ايطالي,كروم,دار الخزف للمواد الصحية (السراج),فسيبلي,16.5,25,25,دائري,11,25,0
PE30532,غيار موس فرش 0.5 مم باكو اسود,الشركة العالمية للتصدير و الإستيراد,,كروم,محلات الاعتماد (السراج),موس فرش والمقص,1.75,5,4,,0,36,0
ARSB80850,سماعة دوش مربعة مع طوبو كروم,بن أمور,مجموعة بن عمر,كروم,مصنع خلاطات و أكسسوارات الصين,سماعة دوش,40,120,100,مربع,9,5,22
RA30045,"مجمع 3"" 2"" 1.5"" 2""",الرطيل,جي أم GM,أبيض,محلات الإعتماد لإستيراد مواد البناء (11 يونيو),مثلث,22,30,22,,0,37,0
RFP1376,"فسيبلي "" 1/2 أنثى * ""1/2 أنثى 40سم",فانسكي,اسباني,كروم,دار الخزف للمواد الصحية (السراج),فسيبلي,16.5,25,18,دائري,20,17,0
ARSB80853,سماعة دوش دائرية مع طوبو كروم,بن أمور,مجموعة بن عمر,كروم,مصنع خلاطات و أكسسوارات الصين,سماعة دوش,50,120,100,دائري,11,4,22
EL50237,سير ربط 8.8 * 900 مم,الشركة العالمية للتصدير و الإستيراد,,أبيض,محلات الإعتماد لإستيراد مواد البناء (11 يونيو),ملحقات الكهرباء,0.345,1,0.7,عريض,0,38,0
CC10308,كولة حائط 20 كغ,بولبو,GOLD POLPO P340 C2TE,أَحْمَر,مجموعة الخليج,كولة بلاط أرضيات,27,32,30,,0,38,0
RA20077," 25 * 1/2"" قاعدة خلاط متحركة",فرات,بي بي ر - PPR,بيج,الشيباني لمواد البناء و المواد الصحية,كوع - كوربة,14.2,28,17,,0,38,0
ML10626,خلاط حوض وجه  رصاصي,بن أمور,huang crown,رصاصي,مصنع خلاطات و أكسسوارات الصين,خلاط حوض وجه,80,130,130,دائري,9,9,20
MC10654,سرفنتينة 15 سم * 15 سم ذهبي,بن أمور,,ذهبي,مصنع خلاطات و أكسسوارات الصين,مجرى,60,150,120,مربع,5,9,25
PA30612,سلسلة رقم 4 (1متر),الشركة العالمية للتصدير و الإستيراد,,كروم,محلات الإعتماد لإستيراد مواد البناء (11 يونيو),خيط، حبل,3.111,5,4,,0,40,0
PE30408,ورق سنفرة 9بوصة 8فتحات ,الشركة العالمية للتصدير و الإستيراد,P 220,,محلات الاعتماد (السراج),ماكينة صنفرة,0.85,2.5,2,,0,40,0
RA20455,طبوا مكيف 1/2,شركة الغزالة لمواد البناء,,,محلات الاعتماد (السراج),مواسير - طوبو,2.325,5,4,,0,40,0
AETS20004,تفلون 19 مم * 15 متر * 0.20 مم,سانيتاري ويرز,,,محلات الإعتماد لإستيراد مواد البناء (11 يونيو),ملحقات عوازل صحية,5.4,10,10,دائري,28,13,0
PA30607,حبل رقم 14,الشركة العالمية للتصدير و الإستيراد,,أَحْمَر,محلات الإعتماد لإستيراد مواد البناء (11 يونيو),خيط، حبل,0.909,2,1.25,,0,41,0
ARSB80847,شطاف ظغط مربع مع طوبو كروم,بن أمور,مجموعة بن عمر,كروم,مصنع خلاطات و أكسسوارات الصين,شطاف,60,150,125,مربع,15,0,26
RA20023,"مثلث 25"" لحام",فرات,,,الشيباني لمواد البناء و المواد الصحية,مثلث,0.912,3,1.5,,1,41,0
PE30375,جبس العز 40كغ,سرسانيت,جبس العز 40كغ,أبيض,مجموعة الخليج,استوك الجدران,16,20,18,,0,42,0
RA20027,كواردة 32 سن داخلي,فرات,بي بي ر - PPR,بيج,الشيباني لمواد البناء و المواد الصحية,كواردة,15.343,27,19.5,,0,43,0
RA20010,"كوع 25* 3/4"" سن داخلي",فرات,بي بي ر - PPR,بيج,الشيباني لمواد البناء و المواد الصحية,كوع - كوربة,5.32,12,7,,0,45,0
ARSB80848,شطاف ظغط مربع مع طوبو ذهبي,بن أمور,مجموعة بن عمر,ذهبي,مصنع خلاطات و أكسسوارات الصين,شطاف,60,180,150,مربع,10,4,31
PA30391,موس منشار وجهين 30 سم,الشركة العالمية للتصدير و الإستيراد,,,محلات الإعتماد لإستيراد مواد البناء (11 يونيو),منشار يدوي,0.6,1,1,,0,46,0
PA3543,مسمارخرسانة رقم 1 (150غ),الشركة العالمية للتصدير و الإستيراد,,,محلات الإعتماد لإستيراد مواد البناء (11 يونيو),مسمار,1.2,3,2,,0,46,0
PA30573,فيتي 10*100 (4 قطع),الشركة العالمية للتصدير و الإستيراد,,,محلات الإعتماد لإستيراد مواد البناء (11 يونيو),برغي,0.766,1.5,1,,-2,48,0
RA20080," 25 * 1/2"" * 15 قاعدة خلاط ثابتة",فرات,بي بي ر - PPR,بيج,الشيباني لمواد البناء و المواد الصحية,كوع - كوربة,11.15,24,20,,0,46,0
PLSA0237,وردة كروم1/2,سانيتاري ويرز,SASSI,كروم,مجموعة العربي,وصلة,4.75,6,4,دائري,2,44,0
AASB30635,حاملة فرشاة أسنان زوجية أسود,بن أمور,,أسود,مصنع خلاطات و أكسسوارات الصين,اكسسوارات,30,60,45,دائري,10,12,24
AASB30638,صابونية أسود,بن أمور,مجموعة بن عمر,أسود,مصنع خلاطات و أكسسوارات الصين,اكسسوارات,20,40,30,حائطي,5,9,32
MA20903,خلاط حوض المطبخ مولة كروم,بن أمور,B.AMOR018,كروم,هانغ كراون,خلاط حوض المطبخ سحاب,195,290,245,دائري,41,5,0
PE30091,ورق سنفرة قماش رقم 80 (1 متر),الشركة العالمية للتصدير و الإستيراد,التاج,,محلات الإعتماد لإستيراد مواد البناء (11 يونيو),ورق الصنفرة,2.371,5,5,,0,46.5,0
RA30034,"مثلث 1.5"" 90°",الرطيل,جي أم GM,أبيض,محلات الإعتماد لإستيراد مواد البناء (11 يونيو),مثلث,3.25,8,5.5,,0,47,0
EL50402,لصقة,الشركة العالمية للتصدير و الإستيراد,,أسود,محلات الإعتماد لإستيراد مواد البناء (11 يونيو),ملحقات الكهرباء,2.5,5,2.5,,0,47,0
PLSA0510,نبلس حديد 1,سانيتاري ويرز,,,محلات الإعتماد لإستيراد مواد البناء (11 يونيو),وصلة,1.4,3,2,,0,47,0
RA20512,مخفض حديد 3/4 * 1,الشركة العالمية للتصدير و الإستيراد,,,الشيباني لمواد البناء و المواد الصحية,مخفض,1.45,3,2,,0,47,0
PA30547,برشام 4  * 12,الشركة العالمية للتصدير و الإستيراد,,,محلات الإعتماد لإستيراد مواد البناء (11 يونيو),برشام,2,5,3,,0,47,0
RA20079," 25 * 1/2"" *  10  قاعدة خلاط ",فرات,بي بي ر - PPR,بيج,الشيباني لمواد البناء و المواد الصحية,كوع - كوربة,9.8,20,13,,0,47,0
RA20011,"كوع 25 *  3/4"" سن خارجي",فرات,بي بي ر - PPR,بيج,الشيباني لمواد البناء و المواد الصحية,كوع - كوربة,6.793,14,8.5,,0,48,0
PA30235,تسيلي حديد 8 مم,الشركة العالمية للتصدير و الإستيراد,,,محلات الإعتماد لإستيراد مواد البناء (11 يونيو),شد برغي,0.95,2,1.3,,0,48,0
PE30427,موس فرش 18 مم,الشركة العالمية للتصدير و الإستيراد,,أَصْفَرُ,محلات الإعتماد لإستيراد مواد البناء (11 يونيو),موس فرش والمقص,1.917,5,2.5,,0,48,0
PA30446,سلكون حراري,الشركة العالمية للتصدير و الإستيراد,,,محلات الإعتماد لإستيراد مواد البناء (11 يونيو),مسدس حراري,0.302,0.5,0.5,صغير,0,48,0
PLSA0509,نبلس حديد 3/4,سانيتاري ويرز,,,محلات الإعتماد لإستيراد مواد البناء (11 يونيو),وصلة,1.3,3,2,,0,48,0
PA30539,"اسطافة 3"" (2 قطع)",الشركة العالمية للتصدير و الإستيراد,,كروم,محلات الإعتماد لإستيراد مواد البناء (11 يونيو),تشكيلة من التثبيتات,9.6,10,8,,0,48,0
MC10648,مجرى 60 سم *8 سم كروم,بن أمور,مجموعة بن عمر,كروم,مصنع خلاطات و أكسسوارات الصين,مجرى,100,180,150,مستطيل,10,10,28
WS10813,مقعد معلق تورنيدو أبيض ,ب.أمور,LT-052E-UQ3,أبيض,LETOP ليتوب,مقعد معلق,430,700,581,مربع,7,7,34
MA20906,خلاط حوض المطبخ مولة أسود لامع,بن أمور,B.AMOR022,أسود لامع,هانغ كراون,خلاط حوض المطبخ سحاب,430,650,540,دائري,45,3,0
RA20021,"مثلث 32* 1"" سن داخلي",فرات,بي بي ر - PPR,بيج,الشيباني لمواد البناء و المواد الصحية,مثلث,14.298,24,18.2,,0,49,0
PE30036,استوك 18 كغ,دهانات المدينة مصراتة,معجون المدينة مصراتة,,محلات الإعتماد لإستيراد مواد البناء (11 يونيو),استوك,48.5,55,49,,0,49,0
RA30056,"مخفض 2"" *.5 1""",الرطيل,جي أم GM,أبيض,الشيباني لمواد البناء و المواد الصحية,مخفض,4.9,10,5,,0,49,0
RA20513,مخفض حديد 3/4 * 1/2,الشركة العالمية للتصدير و الإستيراد,,,الشيباني لمواد البناء و المواد الصحية,مخفض,0.75,2,1,,0,49,0
AASB30634,صابونية أسود,بن أمور,,أسود,مصنع خلاطات و أكسسوارات الصين,اكسسوارات,20,50,30,دائري,9,5,35
ARSB80661,مخرج شطاف كروم,بن أمور,B.A01-CA,كروم,مصنع خلاطات و أكسسوارات الصين,مخرج شطاف,30,70,70,مربع,18,21,10
RO10916,مسكر زاوية  ''1/2 * ''1/2 كروم,بن أمور,B.AMOR020,كروم,هانغ كراون,حنفية,20,30,25,دائري,20,29,0
RA20025,"مثلث 25* 3/4"" سن داخلي",فرات,بي بي ر - PPR,بيج,الشيباني لمواد البناء و المواد الصحية,مثلث,5.795,12,7,,0,50,0
RA20029,كواردة 25 لحام FIRAT,فرات,بي بي ر - PPR,بيج,الشيباني لمواد البناء و المواد الصحية,كواردة,4.845,13,6.5,,0,50,0
PA30583,مسمار حلقة مفتوح رقم 14 (2 قطع),الشركة العالمية للتصدير و الإستيراد,,,محلات الإعتماد لإستيراد مواد البناء (11 يونيو),خطاف,0.66,1.5,1,,0,50,0
PE30407,ورق سنفرة9بوصة 8فتحات ,الشركة العالمية للتصدير و الإستيراد,P 180,,محلات الاعتماد (السراج),ماكينة صنفرة,0.85,2.5,2,,0,50,0
RA20005,"كوع 32 - 1"" سن داخلي",فرات,بي بي ر - PPR,بيج,الشيباني لمواد البناء و المواد الصحية,كوع - كوربة,13.538,24,17,,0,51,0
PE30032,استوك 20 كغ,دهانات المدينة مصراتة,معجون المدينة مصراتة,,محلات الإعتماد لإستيراد مواد البناء (11 يونيو),استوك,70.81,73,55,,0,51,0
ML10617,خلاط حوض وجه كروم ,بن أمور,,كروم,مصنع خلاطات و أكسسوارات الصين,خلاط حوض وجه,95,180,150,مربع,14,9,28
AETS20454,تفلون 19 مم * 15 متر * 0.20 مم,سانيتاري ويرز,,,محلات الاعتماد (السراج),ملحقات عوازل صحية,2.75,5,5,دائري,0,51,0
RA20019,"وصلة 32* 1"" سن داخلي",فرات,بي بي ر - PPR,بيج,الشيباني لمواد البناء و المواد الصحية,وصلة,13.538,24,17.5,,0,52,0
PE30452,غيار روله قطني 10سم ,الشركة العالمية للتصدير و الإستيراد,2100,,محلات الاعتماد (السراج),فرشة طلاء,4.5,2,2,,0,52,0
RA30033,"وصلة 2""",الرطيل,جي أم GM,أبيض,الشيباني لمواد البناء و المواد الصحية,وصلة,1.95,5,3,,0,53,0
RA20020,"مثلث 32"" لحام",فرات,بي بي ر - PPR,بيج,الشيباني لمواد البناء و المواد الصحية,مثلث,2.09,5,2.5,,0,54,0
VS10821,حوض وجه معلق أبيض 42x56 ,ب.أمور,LT-2021-S,أبيض,LETOP ليتوب,حوض وجه معلق,215,350,290,معلق,7,9,38
VS10822,حوض وجه معلق أبيض60,ب.أمور,LT-2253,أبيض,LETOP ليتوب,حوض وجه معلق,235,450,373,معلق,9,4,42
RA30063,"طابة مجمع 2""",الرطيل,جي أم GM,أبيض,الشيباني لمواد البناء و المواد الصحية,طابة,3.75,7,5.5,,0,56,0
PA30540,"اسطافة 4"" (2 قطع)",الشركة العالمية للتصدير و الإستيراد,,كروم,محلات الإعتماد لإستيراد مواد البناء (11 يونيو),تشكيلة من التثبيتات,9.8,8,7.5,,0,56,0
WS10812,مقعد معلق تورنيدو أبيض ,ب.أمور,LT-053E-UQ3,أبيض,LETOP ليتوب,مقعد معلق,390,650,539,دائري,8,4,44
MA20922,خلاط حوض المطبخ سحاب رصاصي مطفي,بن أمور,B.AMOR035,كروم مطفي,هانغ كراون,خلاط حوض المطبخ سحاب,160,270,220,,47,9,0
RA30030,"واي 1""",الرطيل,جي أم GM,أبيض,محلات الإعتماد لإستيراد مواد البناء (11 يونيو),مثلث,2.5,7,4.5,,0,57,0
MC10642,مجرى 50سم *3 سم كروم,بن أمور,,كروم,مصنع خلاطات و أكسسوارات الصين,مجرى,120,200,170,مستطيل,9,13,35
SI10502,سلكون  280 غرام أبيض المير,المير,48593,أبيض,محلات الاعتماد (السراج),سلكون,7.5,15,9,,0,57,0
ML10895,خلاط حوض وجه أسود لامع ,بن أمور,B.AMOR003,أسود لامع,هانغ كراون,خلاط حوض وجه,220,350,275,دائري,47,10,0
MC10641,مجرى 30سم *3 سم كروم,بن أمور,,كروم,مصنع خلاطات و أكسسوارات الصين,مجرى,80,150,120,مستطيل,11,17,30
RA20009,"كوع 25 *  1/2"" سن خارجي",فرات,بي بي ر - PPR,بيج,الشيباني لمواد البناء و المواد الصحية,كوع - كوربة,5.32,12,8,,-3,62,0
RA30011,"كوربة 3"" 45°",الرطيل,جي أم GM,أبيض,محلات الإعتماد لإستيراد مواد البناء (11 يونيو),كوع - كوربة,11.204,16,12,,0,59,0
RA20004,"كوع 32 - 1"" سن خارجي",فرات,بي بي ر - PPR,بيج,الشيباني لمواد البناء و المواد الصحية,كوع - كوربة,15.675,26,18.5,,0,60,0
AASB30014,رف زاوية زوجي كروم,بن أمور,مجموعة بن عمر,كروم,مصنع خلاطات و أكسسوارات الصين,اكسسوارات,55,120,75,زوجي,6,6,48
PLSA0234,"نبلس ""1/2 * ""1/2 كروم",سانيتاري ويرز,,كروم,محلات الإعتماد لإستيراد مواد البناء (11 يونيو),وصلة,3.85,12,12,,24,37,0
EL50296,لامبة لد 100 وات,ار تي سي ,,,محلات الإعتماد لإستيراد مواد البناء (11 يونيو),المصابيح الكهربائية,0.9,2,2,,0,61,0
ACE20242,مثبت سخانة,سانيتاري ويرز,,,محلات الإعتماد لإستيراد مواد البناء (11 يونيو),ملحقات سخانات,3.5,7,6,,15,47,0
PE30469,ورق سنفرة 9بوصة 8 فتحات ,الشركة العالمية للتصدير و الإستيراد,P 120,,محلات الإعتماد لإستيراد مواد البناء (11 يونيو),ماكينة صنفرة,1,3,2,,0,65,0
RA20002,"كوع 25"" - 45 لحام",فرات,بي بي ر - PPR,بيج,الشيباني لمواد البناء و المواد الصحية,كوع - كوربة,0.865,3,1.4,,0,66,0
RA20582,"مخفض قومه 1.5"" * 1.25",سانيتاري ويرز,,أسود,دار الخزف للمواد الصحية (11 يونيو),مخفض,3.25,7,5,,32,34,0
PS20636,علاقة ملابس ثلاثية كروم,بن أمور,Y3-4Z-C,كروم,مصنع خلاطات و أكسسوارات الصين,علاقة مناشف,15,30,25,معلق,17,10,46
PE30095,ورق سنفرة قماش رقم 60,شركة الغزالة لمواد البناء,,,محلات الإعتماد لإستيراد مواد البناء (11 يونيو),ورق الصنفرة,2.429,6,6,,0,74,0
PS20637,علاقة ملابس ثلاثية أسود,بن أمور,Y3-4Z-B,أسود,مصنع خلاطات و أكسسوارات الصين,علاقة مناشف,20,35,25,معلق,12,6,58
PE30472,ورق سنفرة 7بوصة 8فتحات ,الشركة العالمية للتصدير و الإستيراد,P 180,,محلات الإعتماد لإستيراد مواد البناء (11 يونيو),ماكينة صنفرة,0.85,3,2,,0,78,0
RA20017,"وصلة 25* 3/4"" سن خارجي",فرات,بي بي ر - PPR,بيج,الشيباني لمواد البناء و المواد الصحية,وصلة,6.508,14,8,,0,80,0
PE30473,ورق سنفرة 7بوصة 8فتحات ,الشركة العالمية للتصدير و الإستيراد,P 220,,محلات الإعتماد لإستيراد مواد البناء (11 يونيو),ماكينة صنفرة,0.85,3,2,,0,80,0
AECU50890,راجع سيفون حوض مطبخ,,,,بوليمي Bolemi,ملحقات أحواض المطابخ,5,10,8,زوجي,40,40,0
ARSB80901,طوبو دوش 150سم كروم,بن أمور,مجموعة بن عمر,كروم,مصنع خلاطات و أكسسوارات الصين,طوبو دوش,10,20,20,دائري,50,30,0
RA30031,"وصلة 1.5""",الرطيل,جي أم GM,أبيض,الشيباني لمواد البناء و المواد الصحية,وصلة,1.65,5,2.5,,0,81,0
MA20921,خلاط حوض المطبخ سحاب كروم مطفي,بن أمور,B.AMOR034,كروم مطفي,هانغ كراون,خلاط حوض المطبخ سحاب,160,270,220,,67,15,0
ARSB80686,مخرج شطاف مع علاق كروم,بن أمور,B.A01-CA.A,كروم,مصنع خلاطات و أكسسوارات الصين,مخرج شطاف,40,110,110,مربع,45,38,0
PE30470,ورق سنفرة 7بوصة 6فتحات ,الشركة العالمية للتصدير و الإستيراد,P 60,,محلات الإعتماد لإستيراد مواد البناء (11 يونيو),ماكينة صنفرة,0.85,3,2,,0,84,0
ALVM50090,سيفون حوض الوجه راس كروم متحرك,سانيتاري ويرز,,كروم,South Villa,سيفون حوض الوجه,5,15,12,بلاستك,64,21,0
PLSA0003,وردة أسود,سانيتاري ويرز,,أسود,شركة البهراء العالمية الحديثة,وصلة,2.2,5,2,دائري,0,88,0
RA30032,"وصلة 1""",الرطيل,جي أم GM,أبيض,الشيباني لمواد البناء و المواد الصحية,وصلة,1.3,5,2.5,,0,89,0
PLSA0241,مطول  15 مم كروم,سانيتاري ويرز,,كروم,شركة الرفاقة لإستيراد مواد البناء,وصلة,6.65,12,12,دائري,27,62,0
PE30455,ورق سنفرة,الشركة العالمية للتصدير و الإستيراد,P 120,,محلات الإعتماد لإستيراد مواد البناء (11 يونيو),ماكينة صنفرة,6,8,7.5,,0,90,0
ELC1067,سلك كهرباء 2 *2.5 مم²,الشركة العالمية للتصدير و الإستيراد,سلك مفتول ,بني لامع,محلات الإعتماد لإستيراد مواد البناء (11 يونيو),الأسلاك والكابلات,0.285,1.5,1,نحاس,0,90,0
PE30454,ورق سنفرة,الشركة العالمية للتصدير و الإستيراد,P 80,,محلات الإعتماد لإستيراد مواد البناء (11 يونيو),ماكينة صنفرة,6,8,7.5,,0,92,0
PLSA0131,"مطول ""1/2* 30 مم كروم",سانيتاري ويرز,,كروم,محلات الإعتماد لإستيراد مواد البناء (11 يونيو),وصلة,13.5,15,9,دائري,26,66,0
PLSA0550,وردة كروم  1/2,توريما,1372-ROST7090-002,كروم,دار الخزف للمواد الصحية (السراج),وصلة,2.95,7,7,دائري,50,42,0
MC10632,سرفنتينة 15 سم * 15 سم مع مانع رائحة كروم لامع,بن أمور,مجموعة بن عمر,كروم لامع,مصنع خلاطات و أكسسوارات الصين,مجرى,30,60,40,مربع,46,7,40
RA20006,"كوع 32 - 3/4"" سن داخلي",فرات,بي بي ر - PPR,بيج,الشيباني لمواد البناء و المواد الصحية,كوع - كوربة,7.505,14,9.5,,0,95,0
EL50011,لاغي بريزة,فاندي,F0013,أبيض,عبد المجيد الفاندي,اللوحات الكهربائية والقواطع و العلب,0.5,1,1,بلاستك,0,95,0
ARSB80214,"مسكر شطافة ""1/2"" * ""1/2 كروم",أركو,A.80 LUXE,كروم,شركة لمسات البناء,مخرج شطاف,32.5,45,45,دائري,61,35,0
PA30392,موس منشار 30 سم,الشركة العالمية للتصدير و الإستيراد,UJIRA FLEX,,محلات الإعتماد لإستيراد مواد البناء (11 يونيو),منشار يدوي,0.35,1,1,,0,97,0
PE30453,ورق سنفرة,الشركة العالمية للتصدير و الإستيراد,P 60,,محلات الإعتماد لإستيراد مواد البناء (11 يونيو),ماكينة صنفرة,7.5,10,9,,0,98,0
RA20016,"وصلة 25* 3/4"" سن داخلي",فرات,بي بي ر - PPR,بيج,الشيباني لمواد البناء و المواد الصحية,وصلة,4.988,11,6.5,,0,100,0
PLSA0549,وردة كروم  1/2,توريما,ROSQ5690-002-1372,كروم,دار الخزف للمواد الصحية (السراج),وصلة,7,15,13,مربع,50,50,0
ALVM50240,مثبت حوض الوجه,سانيتاري ويرز,,,محلات الإعتماد لإستيراد مواد البناء (11 يونيو),ملحقات أحواض مغاسل,5.5,10,5,,67,38,0
PA30568,دادو بالخبور 10مم,الشركة العالمية للتصدير و الإستيراد,,أَزْرَقُ,محلات الإعتماد لإستيراد مواد البناء (11 يونيو),برغي,0.237,0.5,0.3,,0,105,0
PE30406,ورق سنفرة9 بوصة 6فتحات ,الشركة العالمية للتصدير و الإستيراد,P 60,,محلات الاعتماد (السراج),ماكينة صنفرة,0.85,2.5,2,,0,106,0
RA30005,"كوربة 1"" - 45°",الرطيل,جي أم GM,أبيض,محلات الإعتماد لإستيراد مواد البناء (11 يونيو),كوع - كوربة,1.7,6,3,,0,107,0
RA20008,"كوع 25* 1/2"" سن داخلي",فرات,بي بي ر - PPR,بيج,الشيباني لمواد البناء و المواد الصحية,كوع - كوربة,4.038,10,6,,0,108,0
PA30608,حبل رقم 12,الشركة العالمية للتصدير و الإستيراد,,أَحْمَر,محلات الإعتماد لإستيراد مواد البناء (11 يونيو),خيط، حبل,0.814,2,1.25,,0,111,0
PE30077,بونتة ترابنو (1 قطع),اي بي سي,AC18802 PH2X65mm,,محلات الإعتماد لإستيراد مواد البناء (11 يونيو),مثقاب كهربائي,1.35,4,4,,0,115,0
RA30036,"مخفض 1.5"" * 1""",الرطيل,جي أم GM,أبيض,الشيباني لمواد البناء و المواد الصحية,مخفض,2.25,5,2.5,,0,116,0
RA30019,"مثلث 1""",الرطيل,جي أم GM,أبيض,محلات الإعتماد لإستيراد مواد البناء (11 يونيو),مثلث,2.15,7,4,,0,117,0
RA20022,"مثلث 32* 3/4"" سن داخلي",فرات,بي بي ر - PPR,بيج,الشيباني لمواد البناء و المواد الصحية,مثلث,8.17,15,10.5,,0,118,0
PA3542,مسمارخرسانة رقم 2 (100غ),الشركة العالمية للتصدير و الإستيراد,,,محلات الإعتماد لإستيراد مواد البناء (11 يونيو),مسمار,1.1,2.5,1.5,,0,118,0
PE30456,ورق سنفرة,الشركة العالمية للتصدير و الإستيراد,P 220,,محلات الإعتماد لإستيراد مواد البناء (11 يونيو),ماكينة صنفرة,6,8,7.5,,0,121,0
RA20015,"وصلة 25* 1/2"" سن خارجي",فرات,بي بي ر - PPR,بيج,الشيباني لمواد البناء و المواد الصحية,وصلة,4.902,13,6.2,,0,122,0
PA30313,"اسطافة 1.5"" (2 قطع)",الشركة العالمية للتصدير و الإستيراد,,كروم,محلات الاعتماد (السراج),تشكيلة من التثبيتات,5.9,7,6.5,,0,124,0
PA30567,زاوية كرسي 25 * 15 * 1.5 مم (4 قطع),الشركة العالمية للتصدير و الإستيراد,,,محلات الإعتماد لإستيراد مواد البناء (11 يونيو),تشكيلة من التثبيتات,1.08,3,2,,0,125,0
RA30014,"كوربة 1"" - 90°",الرطيل,جي أم GM,أبيض,محلات الإعتماد لإستيراد مواد البناء (11 يونيو),كوع - كوربة,1.7,6,3,,0,126,0
RA30018,"كوربة 1.5"" - 45°",الرطيل,جي أم GM,أبيض,محلات الإعتماد لإستيراد مواد البناء (11 يونيو),كوع - كوربة,2.3,7,4,,0,130,0
PE30193,لصقة طلاء 45 مم,الشركة العالمية للتصدير و الإستيراد,,,محلات الإعتماد لإستيراد مواد البناء (11 يونيو),التغطية والحماية,2.639,4,4,,0,134,0
PLSA0129,"مطول ""1/2 * 25 مم كروم",سانيتاري ويرز,,كروم,شركة الرفاقة لإستيراد مواد البناء,وصلة,10.75,15,15,دائري,75,69,0
EL50008,علبة سبوت,فاندي,R63\50,رصاصي,عبد المجيد الفاندي,اللوحات الكهربائية والقواطع و العلب,0.52,0.95,0.65,بلاستك,0,146,0
RA20024,"مثلث 25* 1/2"" سن داخلي",فرات,,,الشيباني لمواد البناء و المواد الصحية,مثلث,4.864,12,6.2,,2,145,0
PA30570,دادو بالخبور 14مم,الشركة العالمية للتصدير و الإستيراد,,أَزْرَقُ,محلات الإعتماد لإستيراد مواد البناء (11 يونيو),برغي,0.462,1,0.65,,0,147,0
RA20014,"وصلة 25* 1/2"" سن داخلي",فرات,بي بي ر - PPR,بيج,الشيباني لمواد البناء و المواد الصحية,وصلة,4.085,10,5.2,,0,151,0
RA30067,"طابة مجمع 1.5""",الرطيل,جي أم GM,أبيض,الشيباني لمواد البناء و المواد الصحية,طابة,3.88,7,4.5,,0,155,0
RA20078,صرباص 25,فرات,بي بي ر - PPR,بيج,الشيباني لمواد البناء و المواد الصحية,وصلة,1.691,5,2.5,,1,163,0
RA20039,"طابة 25"" لحام",فرات,بي بي ر - PPR,بيج,الشيباني لمواد البناء و المواد الصحية,طابة,0.523,2,0.7,,0,165,0
MC10652,سرفنتينة 15 سم * 15 سم كروم ,بن أمور,,كروم,مصنع خلاطات و أكسسوارات الصين,مجرى,55,120,90,مربع,33,27,120
ELC1068,سلك كهرباء 2 *1.5 مم²,الشركة العالمية للتصدير و الإستيراد,سلك مفتول ,أبيض ناصع ,محلات الإعتماد لإستيراد مواد البناء (11 يونيو),الأسلاك والكابلات,0.22,1.5,1,نحاس,0,182,0
PA30537,"اسطافة 3/4"" (2 قطع)",الشركة العالمية للتصدير و الإستيراد,,كروم,محلات الإعتماد لإستيراد مواد البناء (11 يونيو),تشكيلة من التثبيتات,3.8,3,2.75,,0,189,0
RA20012,"وصلة 32"" لحام",فرات,بي بي ر - PPR,بيج,الشيباني لمواد البناء و المواد الصحية,وصلة,1.026,3,1.5,,0,195,0
PE30471,ورق سنفرة 9بوصة 6فتحات ,الشركة العالمية للتصدير و الإستيراد,P 80,,محلات الإعتماد لإستيراد مواد البناء (11 يونيو),ماكينة صنفرة,0.85,3,2,,0,200,0
RA20003,"كوع 32"" - 45 لحام",فرات,بي بي ر - PPR,بيج,الشيباني لمواد البناء و المواد الصحية,كوع - كوربة,1.52,4,2,,0,272,0
PA30569,دادو بالخبور 12مم,الشركة العالمية للتصدير و الإستيراد,,أَحْمَر,محلات الإعتماد لإستيراد مواد البناء (11 يونيو),برغي,0.387,0.8,0.5,,0,280,0
ALVM50206,سيفون حوض الوجه كلك,سانيتاري ويرز,,كروم,محلات الإعتماد لإستيراد مواد البناء (11 يونيو),سيفون حوض الوجه,11.89,35,20,بلاستك,17,93,172
EL50009,علبة بريزة ثلاثية,فاندي,F0001,أزرق فاتح,عبد المجيد الفاندي,اللوحات الكهربائية والقواطع و العلب,0.85,1.5,1,بلاستك,0,325,0
RA20047,طابة تجربة 25 طويله ,فرات,بي بي ر - PPR,بيج,الشيباني لمواد البناء و المواد الصحية,طابة,0.522,1.5,0.8,,0,343,0
EL50010,علبة كهرباء دائرية ,فاندي,F0014,أَحْمَر,عبد المجيد الفاندي,اللوحات الكهربائية والقواطع و العلب,0.2,0.5,0.4,بلاستك,0,418,0
RA20013,"وصلة 25"" لحام",فرات,بي بي ر - PPR,بيج,الشيباني لمواد البناء و المواد الصحية,وصلة,0.523,2,1,,0,447,0
PA3096,مسمارحرف L6 ,الشركة العالمية للتصدير و الإستيراد,,,محلات الإعتماد لإستيراد مواد البناء (11 يونيو),مسمار,0.105,0.25,0.25,,0,492,0
RA20038,"طابة 32"" لحام",فرات,بي بي ر - PPR,بيج,الشيباني لمواد البناء و المواد الصحية,طابة,0.969,3,1.3,,0,496,0
RA20040,"مخفض 32""* 25"" لحام",فرات,,,الشيباني لمواد البناء و المواد الصحية,مخفض,0.817,3,1.1,,5,518,0
RA20041,اسطافة 25'',فرات,بي بي ر - PPR,بيج,الشيباني لمواد البناء و المواد الصحية,اسطافة,0.409,2,0.6,,0,895,0
PA30046,كيس فارغ أبيض,فاندي,,أبيض,عبد المجيد الفاندي,قطع غيار واكسسوارات معدات الحديقة,0.9,1.25,1,بلاستك,0,1059,0