id,purchase_id,product_code,product_name,qty,unit_cost,line_total,old_id
f2279dcb-08fc-e021-fbc8-5dc0053c25a2,88a283d1-c96c-5c8d-e46f-a8a25f65932d,ARSB80467,شطاف ظغط مربع مع طوبو أسود,6,265.000,1590.000,310001354
d87f7610-527b-0c69-7835-e357b59b5e49,bc22ab67-f8cf-75ae-531d-7f387fdb3828,ARSB80856,طوبو شطاف 120 سم كروم,1,45.000,45.000,310001394
b062e9b2-e6fb-df93-0dcf-cd5a2331fb04,b34963ed-c45f-324f-6953-f0f6bebe9636,ML30501,مرايا حمام مع إضاءة لد اطارذهبي 55 سم,1,90.000,90.000,310000677
b9435923-0752-7f04-287e-a220d5881d89,fdd8c833-3fbe-53cb-ed76-b8521b537429,VP20048,حوض وجه فوق الرخام أبيض -41سم,3,130.000,390.000,310000051
2247f094-40a3-f38b-b075-3cdbfd6dff2c,fdd8c833-3fbe-53cb-ed76-b8521b537429,VS10046,حوض وجه معلق زاوية أبيض 50 سم,3,95.000,285.000,310000053
1819a32d-3487-be1d-f28e-05aa71e3d6d1,1848116d-3371-ba85-30a4-89b448995572,AASB30032,موزع صابون سائل كروم,2,22.500,45.000,310000061
0e49832e-3ec5-ae1c-caea-2ea49eca849e,1848116d-3371-ba85-30a4-89b448995572,PS20187,علاقة مناشف كروم,1,45.000,45.000,310000062
3b93d468-95a8-b86e-df00-8418014e86ca,1848116d-3371-ba85-30a4-89b448995572,AASB30190,حاملة فوط كروم,8,22.500,180.000,310000066
0b4f4ba0-5aa0-c11d-0d50-9bf7c4749495,6778daf7-9fea-3c4e-6344-825498a1ab21,PE30100,ملعقة 20سم,12,5.500,66.000,210000232
ff906b50-3dab-e805-93de-04be600e0e57,1054fbd0-3bf2-97b5-65d9-0fb4d911867e,ML10897,خلاط حوض وجه شاشة لاد كروم,12,295.000,3540.000,310001103
bf6d44a5-fbca-874e-3ca7-1a8cbf8e30b0,d1b15f76-7a70-b070-79f2-d81d5181e7ce,PE30034,استوك 4 كغ,8,17.000,136.000,210000059
f23c9585-b544-0a00-25f3-50456b5c252f,1054fbd0-3bf2-97b5-65d9-0fb4d911867e,MA20895,خلاط حوض المطبخ سحاب أسود,12,230.000,2760.000,310001099
feabe7a2-0fe0-78e1-6a32-717f1144cfaf,fdd8c833-3fbe-53cb-ed76-b8521b537429,VS10011,حوض وجه معلق أبيض 35 سم,2,75.000,150.000,310000054
fb7a011b-0e85-0a77-913d-d268d741fc0c,6778daf7-9fea-3c4e-6344-825498a1ab21,PE30101,ملعقة 20سم,12,5.500,66.000,210000233
763ab83b-0a50-6f72-8cde-4f15fbbbae8a,6778daf7-9fea-3c4e-6344-825498a1ab21,PE30102,ملعقة 20سم,12,5.000,60.000,210000234
e6ca2ed5-51ce-268f-4ead-1ff613eee027,6778daf7-9fea-3c4e-6344-825498a1ab21,PE30103,صندوق عدة حديد 53 سم,2,57.000,114.000,210000235
78a84248-af1a-906d-6189-4df98935f23f,6778daf7-9fea-3c4e-6344-825498a1ab21,PE30104,صندوق عدة حديد 53 سم,2,48.000,96.000,210000236
4cb7566e-7654-ebe5-82b7-7f3090f65b6b,6778daf7-9fea-3c4e-6344-825498a1ab21,PE30105,صندوق عدة حديد 43 سم,2,52.000,104.000,210000237
659cddd7-2d5a-dc5c-40a6-0bac1de6a57e,6778daf7-9fea-3c4e-6344-825498a1ab21,PE30108,"صندوق عدة بلاستك 19"" 47*24.5*21.5سم",2,45.000,90.000,210000240
313aba90-ca80-190d-b6ad-98254066ef36,6778daf7-9fea-3c4e-6344-825498a1ab21,PE30109,"صندوق عدة  19""",1,55.000,55.000,210000241
4e2eb44f-9517-a4b6-23d9-f149794c54d1,6778daf7-9fea-3c4e-6344-825498a1ab21,PE30110,ماصة 1.5 كغ,5,18.000,90.000,210000242
c89bbc58-53d4-c295-6833-521ea691ab7a,6778daf7-9fea-3c4e-6344-825498a1ab21,PE30111,ماصة 2 كغ,5,22.000,110.000,210000243
c84daa90-5761-41ac-d833-83a97d77e54f,6778daf7-9fea-3c4e-6344-825498a1ab21,PE30112,ماصة 1 كغ,12,12.000,144.000,210000244
6ce7de33-0f5b-cb87-6bdf-8a2e24b92f65,6778daf7-9fea-3c4e-6344-825498a1ab21,PE30115,"منشار خشب 18"" 450 مم",6,7.500,45.000,210000246
b40b14ab-d4c0-df2a-349b-3ba35d568656,6778daf7-9fea-3c4e-6344-825498a1ab21,PE30114,"منشار خشب 16"" 400 مم",6,6.500,39.000,210000247
e4e10923-521d-da25-adca-a474db3c73d8,6778daf7-9fea-3c4e-6344-825498a1ab21,PE30116,"منشار خشب 16"" 400 مم",6,10.500,63.000,210000248
891d7ef4-2c60-e32e-ee05-433574c34441,6778daf7-9fea-3c4e-6344-825498a1ab21,PE30117,مقص عنب,6,13.500,81.000,210000249
95f3864e-091a-b923-da28-f32fa47281b6,c9f9854d-964f-bbd3-e61f-9622cb0457c6,MC10012,سرفنتينة 15 سم * 15 سم كروم,12,37.700,452.400,310000055
c48ce9b3-976c-0353-ab23-9e2ac0fac468,49c3e350-29de-68e7-53db-6584fb8e645d,PA30102,ڨومة برويطة فوم قلب متحرك ديسكو مسكر مضغوطة,10,70.000,700.000,210000251
ba227df3-3648-0187-b300-19316badc6c8,49c3e350-29de-68e7-53db-6584fb8e645d,PA30101,ڨومة برويطة قلب متحرك أحمر نجمة,5,46.000,230.000,210000252
ddcad2fd-8020-f3f9-1b26-271a8f0d1cfb,49c3e350-29de-68e7-53db-6584fb8e645d,PA30100,ڨومة برويطة قلب ثابت,5,63.000,315.000,210000253
08f3c3f8-5265-9d16-79a2-0a2ca705822c,49c3e350-29de-68e7-53db-6584fb8e645d,PA30099,ڨومة برويطة ديسكو مفتوح قلب متحرك 4 بار,5,36.000,180.000,210000254
efd044e5-95a1-3b79-c109-417e08f9556e,49c3e350-29de-68e7-53db-6584fb8e645d,PA30098,ڨومة برويطة,5,75.000,375.000,210000255
a7bab030-32c4-75b6-7d37-135789c63ba5,0244e34c-6140-fc1b-9843-b2959ea2d5de,P30103,مضخة 1 حصان,4,428.000,1712.000,210000256
1f687895-da11-ffc7-1dd8-dbee2104b195,0244e34c-6140-fc1b-9843-b2959ea2d5de,P30104,مضخة 1/2 حصان,4,310.000,1240.000,210000257
d00ce57a-9118-d38e-655b-9c44fbbd4e16,0244e34c-6140-fc1b-9843-b2959ea2d5de,P30108,مضخة ماجن 1/2 حصان ضد التآكل,3,365.000,1095.000,210000258
a5a7122a-8afa-94ba-ed9c-083be5892dac,0244e34c-6140-fc1b-9843-b2959ea2d5de,P30109,مضخة ماجن 1 حصان ضد التآكل,3,575.000,1725.000,210000259
3cfa8083-9938-7183-7483-08b0bc544440,0244e34c-6140-fc1b-9843-b2959ea2d5de,P30105,مضخة 1 حصان,5,330.000,1650.000,210000261
9e028f27-841d-954a-8765-6395f5f64f0c,0244e34c-6140-fc1b-9843-b2959ea2d5de,P30107,مضخة 3/4 حصان,5,290.000,1450.000,210000262
302b7a5b-965d-6da4-a2c5-d9ef6111b6e5,0244e34c-6140-fc1b-9843-b2959ea2d5de,P30106,مضخة 1/2 حصان,6,195.000,1170.000,210000263
2aaf80e9-55d7-7241-2ebc-1cc8216891dc,0244e34c-6140-fc1b-9843-b2959ea2d5de,P30111,بدل الكورة,5,89.000,445.000,210000264
b298122e-85b9-bffc-dd9e-8723a7bbe6f5,0244e34c-6140-fc1b-9843-b2959ea2d5de,P30112,بدل كورة,5,95.000,475.000,210000265
26d60857-cb4f-ea69-87fe-0ca6d1027281,6338f2dd-78ce-8293-b759-d67be3e385fa,PE30025,زمالطو ضد الصدأ 3 كغ رصاصي لامع,8,44.000,352.000,210000075
eebea8dc-8a0a-19d7-c681-451f1eca633a,0244e34c-6140-fc1b-9843-b2959ea2d5de,P30115,بدل كورة,3,157.000,471.000,210000268
305855e5-7beb-4011-959e-3541df5d257a,0244e34c-6140-fc1b-9843-b2959ea2d5de,P30117,مضخة ضغط شبكة كبيرة,3,390.000,1170.000,210000269
1b4c29e3-10c6-7218-aefa-e58e975475f7,0244e34c-6140-fc1b-9843-b2959ea2d5de,P30116,مضخة ضغط شبكة صغيرة,3,275.000,825.000,210000270
8c44b69f-f1e1-d8d4-29fd-fc6eda802933,0244e34c-6140-fc1b-9843-b2959ea2d5de,PE30119,ترابنو1500 وات,2,285.000,570.000,210000271
9547b672-7f3e-68d1-068d-3cfe21ea48e0,0244e34c-6140-fc1b-9843-b2959ea2d5de,PE30120,ترابنو850 وات,2,225.000,450.000,210000272
4c7c7206-dd4e-db75-8768-3d9d61579f8d,0244e34c-6140-fc1b-9843-b2959ea2d5de,PE30121,"صاروخ 4.5"" 600 وات",1,165.000,165.000,210000273
3649e3e1-2821-1fab-0777-cf2647309fea,0244e34c-6140-fc1b-9843-b2959ea2d5de,PE30122,"صاروخ 9"" 2200 وات",1,395.000,395.000,210000274
5a7e025f-fcc5-6cc3-1ece-fbeb2e7d34f6,0244e34c-6140-fc1b-9843-b2959ea2d5de,PE30123,صاروخ 115مم 900 وات,2,155.000,310.000,210000275
b4f8b14f-4b69-7340-71cc-c8bd71a087eb,916ab6f6-2b4b-bf14-508c-019837d6c043,PA30119,رأس قفل بي في سي 9 سم,12,13.000,156.000,210000277
9d907f94-b3ae-d540-1efa-bfc6ba085b40,9e663a29-a50f-2572-80a4-7e4df442886e,PA30135,قفل طلقة 80 مم,6,75.000,450.000,210000290
7a1b073a-e616-6a85-2201-d6d024f08e65,9e663a29-a50f-2572-80a4-7e4df442886e,PA30136,قفل طلقة 90 مم,6,71.500,429.000,210000291
41629153-d761-d0a3-822d-b2a2207943b1,9e663a29-a50f-2572-80a4-7e4df442886e,PA30137,قفل طلقة 90 مم,6,35.000,210.000,210000292
51d20678-4161-d266-9ade-b3e1ee7f3773,9e663a29-a50f-2572-80a4-7e4df442886e,PA30138,مكنسة 60 سم,6,11.250,67.500,210000293
d1a49f9b-9e10-178b-bea2-1fe480c4e303,c9f9854d-964f-bbd3-e61f-9622cb0457c6,MC10269,مجرى 33 سم *7 سم كروم,6,53.800,322.800,310000056
01627078-1035-b0c4-a10a-1187353fba19,916ab6f6-2b4b-bf14-508c-019837d6c043,PA30122,قفل سرانتي يمين + يسار,6,85.000,510.000,210000280
c9fda064-ece4-2cbc-2cdb-e0806012924b,916ab6f6-2b4b-bf14-508c-019837d6c043,PA30123,قفل سرانتي يمين + يسار,6,95.000,570.000,210000281
1089f6f4-a8e6-a75e-e8b1-3d61883ad581,916ab6f6-2b4b-bf14-508c-019837d6c043,PA30124,قفل سرانتي يمين + يسار,6,48.000,288.000,210000282
310a517e-5f15-f2fb-dfab-bb83bb0f3a75,916ab6f6-2b4b-bf14-508c-019837d6c043,PA30125,قفل طلقة 900,6,105.000,630.000,210000283
5894f9f3-9b85-f3e4-59f1-86dfe6149531,916ab6f6-2b4b-bf14-508c-019837d6c043,PA30126,قفل طلقة,6,40.000,240.000,210000284
4246c988-4cf0-d697-9ec1-58ea57878ef5,916ab6f6-2b4b-bf14-508c-019837d6c043,PA30127,قفل طلقة 100 مم,12,17.500,210.000,210000285
fe679627-ec7b-c2e5-0b77-fe45469b5165,916ab6f6-2b4b-bf14-508c-019837d6c043,PA30128,قفل طلقة 90 مم,12,16.500,198.000,210000286
4c69c624-e0c8-4211-fb94-9a79da93bbcb,9e663a29-a50f-2572-80a4-7e4df442886e,PA30134,قفل طلقة 90 مم,6,105.000,630.000,210000289
b35a35c1-9437-bbe0-7b76-2decfe98fe71,9e663a29-a50f-2572-80a4-7e4df442886e,PA30140,سلوم 4 درجات,2,270.000,540.000,210000295
78ecc7a5-1e6a-eb32-7568-f8b18f61bf57,9e663a29-a50f-2572-80a4-7e4df442886e,PA30141,سلوم 5 درجات,2,280.000,560.000,210000296
4ea33b1b-b5e2-26f5-7d41-798f3ac2d57f,9e663a29-a50f-2572-80a4-7e4df442886e,PA30142,سلوم 6 درجات,2,300.000,600.000,210000297
8408a2b9-2775-76ef-5404-a9ca40b63c17,9e663a29-a50f-2572-80a4-7e4df442886e,PA30143,سلوم 4 درجات,2,240.000,480.000,210000298
fa0cb0dd-a4eb-f8bc-c4e9-b7b1d7e15c14,9e663a29-a50f-2572-80a4-7e4df442886e,PA30145,سلوم 6 درجات,2,275.000,550.000,210000300
51ce7271-cd57-4119-2700-c948b9b473ed,dcb439cf-c425-2d3f-a89d-6e75e2ff146e,PE30152,عصاة مطرقة,10,7.750,77.500,210000302
46aa72d8-d66a-fe6f-ab72-eed7c5c3648d,8ae35739-cfbb-4b01-3bc7-fb7d2a644149,ML10521,خلاط حوض وجه  كروم,6,52.000,312.000,310000818
af368ecb-873b-4e23-c2b8-9919ba84e921,c9f9854d-964f-bbd3-e61f-9622cb0457c6,MC10270,مجرى 50 سم *7 سم كروم,6,70.600,423.600,310000057
28d97e93-ee07-2e8a-9712-724e1000e010,dcb439cf-c425-2d3f-a89d-6e75e2ff146e,PA30153,مكنسة 40 سم,6,20.000,120.000,210000303
d696907a-9dfa-8b05-e45a-cda99c724be0,dcb439cf-c425-2d3f-a89d-6e75e2ff146e,PE30157,منجل,5,16.500,82.500,210000304
edd5982f-e9a5-07a3-f037-bc48bc453c31,dcb439cf-c425-2d3f-a89d-6e75e2ff146e,PE30158,منجل,12,5.750,69.000,210000305
6d3d34c2-7068-7e42-43ac-6a5ed4703ad1,dcb439cf-c425-2d3f-a89d-6e75e2ff146e,PE30159,محشة,12,16.000,192.000,210000306
5b0152e0-2893-1843-6bda-765c7a76fcef,dcb439cf-c425-2d3f-a89d-6e75e2ff146e,PE30160,محشة,20,2.150,43.000,210000307
7e2d2420-7d6d-d4fd-f659-664938424838,dcb439cf-c425-2d3f-a89d-6e75e2ff146e,PA30161,خباشة,6,15.500,93.000,210000308
300d2adf-3f63-ccdb-1147-f29a2a06c88c,dcb439cf-c425-2d3f-a89d-6e75e2ff146e,PA30162,سطل بناء,20,5.250,105.000,210000309
50d25786-8731-cd75-d77e-2c8c9924a271,dcb439cf-c425-2d3f-a89d-6e75e2ff146e,PA30164,سطل بناء,20,6.250,125.000,210000311
e5624c04-5624-c809-8cfa-ad411cf0f0b7,dcb439cf-c425-2d3f-a89d-6e75e2ff146e,P30166,بالة 1.3 متر,12,38.000,456.000,210000312
68f8e557-1f9f-d284-de4e-cd979db025a3,dcb439cf-c425-2d3f-a89d-6e75e2ff146e,PA30167,مسحة,6,44.000,264.000,210000313
fceca958-a5f3-c857-4f1c-c0eecedc365e,dcb439cf-c425-2d3f-a89d-6e75e2ff146e,PA30168,مسحة,6,44.000,264.000,210000314
95d834bb-a7a8-275d-d4b4-10320264e78d,dcb439cf-c425-2d3f-a89d-6e75e2ff146e,PE30169,"فرشة طلاء 1"" 25.4 مم",12,2.000,24.000,210000315
dcef800f-1c19-10b8-1c72-3703db2ac6b4,dcb439cf-c425-2d3f-a89d-6e75e2ff146e,PE30170,"فرشة طلاء 1.5"" 38.1 مم",12,2.500,30.000,210000316
bf4372b0-151c-f73e-8f90-1a8a92033839,ab1966aa-06dd-713c-5379-225e5ad82a5c,PE30056,طلاء زيتي لماع داخلي و خارجي 100 غ بني,24,2.950,70.800,210000091
87d55199-fd13-add4-339c-4654e6896746,cd0693ed-6be9-9460-a597-9f41ba5f9033,ML10663,خلاط حوض وجه كروم,7,143.000,1001.000,310000674
0ffe0a92-f518-071a-6cd1-16583dcd45c0,68befc7f-5fc0-7a2d-af62-9f6c8e48a8ed,PE30173,"فرشة طلاء 4"" 101.6 مم",12,5.250,63.000,210000319
f9fbf330-9162-8d24-57ad-a8e8aa9a3f77,68befc7f-5fc0-7a2d-af62-9f6c8e48a8ed,PE30174,"فرشة طلاء 6"" 152.4 مم",12,8.350,100.200,210000320
58da2bb6-116f-799b-deb0-3a801e17dc21,68befc7f-5fc0-7a2d-af62-9f6c8e48a8ed,SI10175,سلكون  280 غرام أبيض,24,10.250,246.000,210000321
830a7e6e-d997-e8b6-218b-a3f57967fe9c,68befc7f-5fc0-7a2d-af62-9f6c8e48a8ed,SI10176,سلكون  280 غرام شفاف,24,10.250,246.000,210000322
0ad38dc8-b43c-06ca-2e32-51cc165b05c3,68befc7f-5fc0-7a2d-af62-9f6c8e48a8ed,PE30177,مزيل صدأ 450 مل,12,8.500,102.000,210000323
46ce4922-6ae6-ddaf-ae68-087d8c266089,68befc7f-5fc0-7a2d-af62-9f6c8e48a8ed,PE30178,مزيل صدأ 200 مل,24,7.000,168.000,210000324
40025da0-65cc-de99-12b6-8b1142ea027c,68befc7f-5fc0-7a2d-af62-9f6c8e48a8ed,PE30179,مزيل صدأ 400 مل,12,18.500,222.000,210000325
07836fdc-33b3-44fc-d180-c5f2c6465e0b,68befc7f-5fc0-7a2d-af62-9f6c8e48a8ed,PE30180,لصقة كرتون,36,5.750,207.000,210000326
d4968178-7161-04d6-54ea-3763361f3477,68befc7f-5fc0-7a2d-af62-9f6c8e48a8ed,PE30133,قادومة 100 غ,12,4.500,54.000,210000328
cb1fda31-9e3d-bcec-2475-e7c8fc5e425f,68befc7f-5fc0-7a2d-af62-9f6c8e48a8ed,PE30132,قادومة 200 غ,12,4.750,57.000,210000329
77222c1f-1363-3a37-2c79-52827752126f,68befc7f-5fc0-7a2d-af62-9f6c8e48a8ed,PE30131,قادومة 300 غ,10,5.750,57.500,210000330
dadfe4bd-21df-3d4d-2be5-ee307496e51b,68befc7f-5fc0-7a2d-af62-9f6c8e48a8ed,PE30182,رولة طلاء 20 سم / 10,15,5.250,78.750,210000331
567c5747-ebc4-01f9-7337-018094e956e7,68befc7f-5fc0-7a2d-af62-9f6c8e48a8ed,PE30183,"فرشة طلاء 5"" 127 مم",12,7.000,84.000,210000332
e04c598e-67b7-94aa-6c9a-63812dd2f4e4,96aeb3db-f9c9-3d73-49bb-41f28f0a1bfd,PE30070,طلاء بخاخ داخلي و خارجي بُنِيّ,12,4.330,51.960,210000106
8fd6cf44-bfe1-901b-b6ec-e58e323e7649,68befc7f-5fc0-7a2d-af62-9f6c8e48a8ed,PE30186,لصقة مع مجفف 100 مل,24,6.250,150.000,210000335
d825c6d0-e0f8-e0c2-d124-bbd66204602c,68befc7f-5fc0-7a2d-af62-9f6c8e48a8ed,PE30188,فوم 600 غرام,12,14.750,177.000,210000337
dda11639-38a8-01b1-fe3d-5cb9942df098,68befc7f-5fc0-7a2d-af62-9f6c8e48a8ed,PE30189,فوم 300 غرام,16,11.750,188.000,210000338
ed5ede66-ea33-39d2-648d-d12819704676,68befc7f-5fc0-7a2d-af62-9f6c8e48a8ed,PE30190,مزيل صدأ 330 مل,24,2.417,58.008,210000339
c3ed3c46-5ba7-0c49-ca11-f82676b38e7a,68befc7f-5fc0-7a2d-af62-9f6c8e48a8ed,PE30191,لصقة سريعة 3 غرام,36,0.813,29.268,210000340
37e80f75-9518-7f18-2656-50c929a4069a,68befc7f-5fc0-7a2d-af62-9f6c8e48a8ed,PE30192,لصقة سريعة 3 غرام,48,0.708,33.984,210000341
16b55558-685f-c4e6-10d6-2edbfbb6eedf,68befc7f-5fc0-7a2d-af62-9f6c8e48a8ed,PE30193,لصقة طلاء 45 مم,108,2.361,254.988,210000342
c5aee6ee-792f-a5a5-1c55-a17f8df4f7d6,68befc7f-5fc0-7a2d-af62-9f6c8e48a8ed,PE30194,لصقة طلاء 27 مم,72,1.389,100.008,210000343
8430d7ae-43be-0dfe-3a64-ec5269c2d29b,e799bb7c-23d1-a902-7416-2c41f13bc0b7,PE30197,"سكينة تغليف 4""",12,3.500,42.000,210000345
fcf4f27e-f436-5de1-7af9-9a547c264fe8,e799bb7c-23d1-a902-7416-2c41f13bc0b7,PA30196,منفاخ هواء كهربائي,2,90.000,180.000,210000346
f471ca70-2add-7c2c-7357-8f9db37da138,e799bb7c-23d1-a902-7416-2c41f13bc0b7,PA30198,منفاخ هواء كهربائي 600 وات,2,70.000,140.000,210000347
39ae9d96-0168-55e5-d17c-06683dd0d88e,e799bb7c-23d1-a902-7416-2c41f13bc0b7,PE30200,"سكينة تغليف 5""",12,3.650,43.800,210000348
2d4d1263-7094-6ba6-a39c-736b526163be,e799bb7c-23d1-a902-7416-2c41f13bc0b7,PE30199,"سكينة تغليف 3""",12,2.950,35.400,210000349
4ac971e1-8498-8a08-455f-993a51621cb2,e799bb7c-23d1-a902-7416-2c41f13bc0b7,PE30201,"سكينة تغليف 2""",12,2.350,28.200,210000350
135cb62e-162e-d199-c070-ceab85d27d1e,d34ca263-d98f-957d-0260-97069fa8796d,ML30808,مرايا حمام مع إضاءة لد80*60 سم,5,120.000,600.000,310001638
2d38904c-b2be-70c6-903b-7e0f2440cd70,cd0693ed-6be9-9460-a597-9f41ba5f9033,ARSB80079,شطاف ظغط دائري مع طوبو كروم,10,49.000,490.000,310000675
fab41f2a-d321-e4eb-a93b-e3d821d0934d,255f4267-b198-ee87-4bd2-85a8e102930b,PE30204,"سكينة تغليف يد خشب 6"" 150 مم",12,3.850,46.200,210000353
23e8670d-23fd-b695-7310-363cdde0f1aa,255f4267-b198-ee87-4bd2-85a8e102930b,PE30205,"سكينة تغليف يد خشب 10""",12,5.600,67.200,210000354
506e19ba-8ba3-0154-ae0d-da890a8b1df7,255f4267-b198-ee87-4bd2-85a8e102930b,PE30206,"سكينة تغليف 5.5""",6,4.250,25.500,210000355
f5d1a62f-9fd3-1bf5-1715-2a195029ef8f,255f4267-b198-ee87-4bd2-85a8e102930b,PA30207,"كلاب رقم 7"" 175 مم",12,19.500,234.000,210000356
85d48f23-2df2-f0c1-51a4-efa13df6df4c,255f4267-b198-ee87-4bd2-85a8e102930b,PA30208,عدة جيدور 24 قطعة,2,125.000,250.000,210000357
98864359-f352-9650-467d-1bffd448dbd6,255f4267-b198-ee87-4bd2-85a8e102930b,PA30209,عدة جيدور 24 قطعة,2,95.000,190.000,210000358
ec483957-b412-5339-0f5a-de07fd7235ba,255f4267-b198-ee87-4bd2-85a8e102930b,PA30211,"مقص حديد 36"" 910 مم",3,73.000,219.000,210000359
adffeae8-71e1-db45-1c45-e08cbe065a78,255f4267-b198-ee87-4bd2-85a8e102930b,PA30213,"مقص حديد 18"" 450 مم",3,25.500,76.500,210000361
7fee23dc-6802-7eda-627d-628a348c24db,255f4267-b198-ee87-4bd2-85a8e102930b,PA30214,"كلاب  7"" 175 مم",12,75.000,900.000,210000362
ff6f4400-4dda-927b-5ce7-f510202b3fa5,255f4267-b198-ee87-4bd2-85a8e102930b,PA30215,كلاب 180 مم,12,19.500,234.000,210000363
4816f4fe-c547-f975-2a49-2f433f05e82c,58553729-46eb-6563-08c5-8cf20b1bba03,P30165,عصاة فأس,10,14.500,145.000,210000364
ec74d518-9550-11ae-33fb-61f53e832683,58553729-46eb-6563-08c5-8cf20b1bba03,PE30219,"سكينة تغليف يد خشب 2"" 5 سم",12,3.454,41.448,210000366
8623f9c0-7d5e-5ae4-0aa9-9ba9228c62b3,58553729-46eb-6563-08c5-8cf20b1bba03,PE30220,"سكينة تغليف يد خشب 2.5"" 6.5 سم",12,3.250,39.000,210000367
4370506a-93d0-77ba-2c39-0eced8efa7d5,18e2f090-d47f-853f-7944-7a5050f753c3,RA30005,"كوربة 1"" - 45""",160,1.700,272.000,210000122
7929e113-6910-5d9e-8228-ed9843e60dc3,c9f9854d-964f-bbd3-e61f-9622cb0457c6,MC10271,مجرى 60 سم *7 سم كروم,6,79.000,474.000,310000058
d4ad7d30-7acf-a41f-a6e3-0361f4bf3619,6417b602-bfe1-6618-f018-96a0e8339cd3,PA30224,فرشاة حديد,10,1.750,17.500,210000371
3fea1d8e-4828-6b4e-3253-9e5e96f1684d,6417b602-bfe1-6618-f018-96a0e8339cd3,EL50227,ڨويدة 5 متر,6,15.500,93.000,210000372
11660a92-c3eb-28d7-27d6-2235f442d101,6417b602-bfe1-6618-f018-96a0e8339cd3,EL50228,ڨويدة 10 متر,6,20.500,123.000,210000373
7765ea97-955d-b406-ea0a-31280457167a,6417b602-bfe1-6618-f018-96a0e8339cd3,EL50229,ڨويدة 15 متر,6,22.500,135.000,210000374
a455195d-1852-7ee1-81c3-68326fb4a23d,6417b602-bfe1-6618-f018-96a0e8339cd3,EL50230,ڨويدة 20 متر,6,24.750,148.500,210000375
b939632b-5a5b-aaab-e08c-4156ebbb40ad,6417b602-bfe1-6618-f018-96a0e8339cd3,EL50231,ڨويدة 30 متر,6,35.000,210.000,210000376
2bf2ed95-601d-6cbf-1a10-2ad0e1064e18,2df7d503-cb32-f3a8-3f38-1a55f8c277a3,PA30233,دليل باب سحاب,12,6.750,81.000,210000378
2c218f06-af2c-38d9-79fc-caf5267e1091,2df7d503-cb32-f3a8-3f38-1a55f8c277a3,PA30234,دليل باب سحاب,6,14.500,87.000,210000379
202430c7-4449-712e-a22f-7c42cc7f8c4a,2df7d503-cb32-f3a8-3f38-1a55f8c277a3,AETS20004,تفلون 15م,100,4.850,485.000,210000380
e076057f-9582-2801-f11c-b68b282db74f,2df7d503-cb32-f3a8-3f38-1a55f8c277a3,PA30235,تسيلي حديد 8 مم,50,0.950,47.500,210000381
91895d74-0922-d41e-5190-72c673e0c431,2df7d503-cb32-f3a8-3f38-1a55f8c277a3,PA30236,تسيلي حديد 8 مم,30,1.100,33.000,210000382
db06f2d8-076e-3862-1894-d20b22d438b3,2df7d503-cb32-f3a8-3f38-1a55f8c277a3,EL50237,سير ربط 8.8 * 900 مم,200,0.345,69.000,210000383
9cbc504c-3d15-03b5-1d4b-c4f74cfd424c,2df7d503-cb32-f3a8-3f38-1a55f8c277a3,EL50238,سير ربط 5.2 * 200 مم (100 قطعة),6,4.750,28.500,210000384
81accec5-bacd-9599-9065-cef2a0039901,31403d1d-6833-93c6-9e30-6304e086375b,PA30328,موس منشار جبس,2,14.500,29.000,210000430
4d6d1fdc-c854-ba19-9167-d89793a85a07,dfb089b6-d9e4-7cc8-7afc-0003f03b8f52,EL10006,حوض مطبخ ستانلس ستيل   304,6,490.000,2940.000,310000573
851e441e-5de9-5df1-0757-71af31528dca,2df7d503-cb32-f3a8-3f38-1a55f8c277a3,EL50240,سير ربط 7.2 * 400 مم (100 قطعة),6,13.500,81.000,210000386
e84f66a3-56de-ffb8-4f94-7a2285c0249c,2df7d503-cb32-f3a8-3f38-1a55f8c277a3,EL50241,سير ربط 5.2 * 500 مم (100 قطعة),6,17.500,105.000,210000387
7d656b5a-c45b-c2c0-e780-bda6b5adb81b,2df7d503-cb32-f3a8-3f38-1a55f8c277a3,EL50242,سير ربط 4 * 400 مم (100 قطعة),6,4.200,25.200,210000388
080d5625-e2d4-d3a5-cd5d-7509e1c38f7b,c1be499b-6eb8-64f8-6b33-94b1d167593d,PA30244,مكنسة 40 سم,6,20.000,120.000,210000390
a42dd79a-0dc6-df3e-0d62-f805b775ac17,c1be499b-6eb8-64f8-6b33-94b1d167593d,PA30245,طراحة حديد 50 سم,12,15.500,186.000,210000391
c984610a-5b9d-6b08-a2d3-79baba5cc14d,c1be499b-6eb8-64f8-6b33-94b1d167593d,PA30246,طراحة حديد 40 سم,12,14.500,174.000,210000392
245e7e7e-3efa-f53e-2276-14a63ae5db58,c1be499b-6eb8-64f8-6b33-94b1d167593d,RA30054,ميزان ألمنيوم 30 سم,6,47.500,285.000,210000394
f75a8c78-24c2-fc22-42f5-41b5214f7ef4,c1be499b-6eb8-64f8-6b33-94b1d167593d,PA30249,ميزان 30 سم,10,6.500,65.000,210000396
34e1c076-078d-f459-0f91-ff762395e37c,c1be499b-6eb8-64f8-6b33-94b1d167593d,PA30250,ميزان 40 سم,10,7.500,75.000,210000397
9e9bd3a0-d426-f545-2892-6339571a74a8,c1be499b-6eb8-64f8-6b33-94b1d167593d,PA30251,ميزان 50 سم,10,8.500,85.000,210000398
c13801c8-c689-9c5b-a92d-a2e480f0cea9,c1be499b-6eb8-64f8-6b33-94b1d167593d,PA30252,ميزان 60 سم,10,9.500,95.000,210000399
defe82de-a2f3-6292-9546-a8f0a55ab1e2,c1be499b-6eb8-64f8-6b33-94b1d167593d,PA30253,ميزان خيط 500 غرام,3,18.000,54.000,210000400
d61e6337-9ab9-fc3b-a5ce-c50e92d05a89,c1be499b-6eb8-64f8-6b33-94b1d167593d,RA30254,رأس غاز ظغط,4,33.500,134.000,210000401
64a7692e-7733-5543-aede-0747960c2c12,60e8ac80-de25-9dc4-cb3f-ef37218e67b1,RA30030,"واي 1""",66,2.500,165.000,210000139
adbcf91f-fba9-bac3-be5d-6060affb5d52,dfb089b6-d9e4-7cc8-7afc-0003f03b8f52,EL10385,حوض مطبخ ستانلس ستيل   304 81 * 45 سم,3,500.000,1500.000,310000574
a2c4dad5-3594-88d4-cb63-ab388f99b6d4,c9f9854d-964f-bbd3-e61f-9622cb0457c6,ALVM50015,سيفوني كروم,6,68.000,408.000,310000060
bf51ef91-0f6c-d244-2717-71a0500af70e,b692afd5-9596-bb91-ed7c-3ddb9ebde081,MC10188,مجرى 40 سم *7 سم كروم,10,63.200,632.000,310000069
2ffa4805-195b-6b2c-0691-a578b277bda6,c1be499b-6eb8-64f8-6b33-94b1d167593d,PA30248,ميزان ألمنيوم 50 سم,6,57.500,345.000,210000395
a7c5e0b1-a2e4-034c-064a-62b212f60625,c2b53474-5a0c-eff6-310f-0f12dc65b3fa,ARSB80302,شطاف ظغط مربع مع طوبو كروم,10,110.000,1100.000,210000402
37397ab1-eda7-65c2-1b62-8b6841fa7067,c2b53474-5a0c-eff6-310f-0f12dc65b3fa,MC10257,مجرى 40 سم *6 سم كروم,10,140.000,1400.000,210000403
e790e83d-2e84-50dc-1984-ba11b61dcd40,c2b53474-5a0c-eff6-310f-0f12dc65b3fa,ATWC50258,زر بتريا كروم,6,145.000,870.000,210000404
db4a0fd2-d2d7-2282-8d0b-0632691651ed,d7889da6-f31a-8295-56ae-b5d81db6e684,ARSB80259,مصب دوش بدون تحويلة أسود,6,110.000,660.000,210000405
3962daa0-b8f2-f084-a12e-0089d3dd0c12,d7889da6-f31a-8295-56ae-b5d81db6e684,MA20263,خلاط حوض المطبخ سحاب كروم,3,265.000,795.000,210000411
b889ae45-d2b7-6436-bf46-9296371c4d63,d7889da6-f31a-8295-56ae-b5d81db6e684,ARSB80267,مخرج شطاف مربع بالعلاقة كروم,6,65.000,390.000,210000412
1c795bb5-c289-4247-39d4-c54e3ec84cbc,d7889da6-f31a-8295-56ae-b5d81db6e684,ARSB80266,مخرج شطاف مربع بالعلاقة أسود,6,75.000,450.000,210000413
a0d9e667-1016-2c9f-7612-6cd47d4bce1a,d7889da6-f31a-8295-56ae-b5d81db6e684,PLSA0264,وردة أسود,12,14.500,174.000,210000414
8dab6745-d8b9-bb5d-2f89-bc7ed74ac775,d7889da6-f31a-8295-56ae-b5d81db6e684,PLSA0265,وردة كروم,12,13.500,162.000,210000415
00e06648-301a-9c6b-3d1d-876387bd0d33,d7889da6-f31a-8295-56ae-b5d81db6e684,PLSA0266,وردة ذهبي,12,14.500,174.000,210000416
af093c63-9a40-378d-d577-f5c273c7994b,6164c833-cc00-e263-1989-3224300fdf3e,RA30061,"تحويلة 4""",28,3.500,98.000,210000170
39e5c135-16d9-b5d7-bca9-0601df2ae836,b692afd5-9596-bb91-ed7c-3ddb9ebde081,MC10192,سرفنتينة 15 سم * 15 سم كروم,1,70.000,70.000,310000070
15b98416-6ee1-e778-c14f-c9f412630802,d7889da6-f31a-8295-56ae-b5d81db6e684,AASB30261,رف زاوية زوجي اسود,2,155.000,310.000,210000409
ca0c339c-146a-7b76-a314-d9c0f2afc0e6,d7889da6-f31a-8295-56ae-b5d81db6e684,AASB30262,رف زاوية زوجي اسود,2,105.000,210.000,210000410
e73af904-0e49-20a9-346e-21df6ebf39e7,c5cc4a43-cb12-aa01-6b3a-a0f9b3547db3,P30268,عوامة كهربائية 1 متر,9,34.500,310.500,210000418
35fe225f-2f28-de79-bfba-f4226f8f45cf,31403d1d-6833-93c6-9e30-6304e086375b,RA30254,رأس غاز ظغط,2,33.500,67.000,210000419
68fdf603-c272-7994-ea5a-ee1eb4e853d6,31403d1d-6833-93c6-9e30-6304e086375b,RA30320,رأس غاز ظغط,4,33.500,134.000,210000420
0dca1439-ce4c-e1cb-280f-11955d66ddaf,31403d1d-6833-93c6-9e30-6304e086375b,PE30256,كولة 473 مل,24,26.500,636.000,210000421
517fea14-0f2d-69fa-34b2-172da63cefff,31403d1d-6833-93c6-9e30-6304e086375b,PE30255,كولة 237 مل,24,16.500,396.000,210000422
5879bf28-c680-571f-a4fd-c45d86780a7f,31403d1d-6833-93c6-9e30-6304e086375b,PE30321,كولة 473 مل,24,26.500,636.000,210000423
ee3c94a9-0678-ea08-7a87-f6af8831690d,31403d1d-6833-93c6-9e30-6304e086375b,PE30322,كولة 237 مل,24,16.500,396.000,210000424
54581744-faad-72df-7ee7-0ca41026ffb9,31403d1d-6833-93c6-9e30-6304e086375b,PE30323,كولة 118 مل,25,11.500,287.500,210000425
7fdcde53-690d-15f6-0c16-4d05ba60b27d,31403d1d-6833-93c6-9e30-6304e086375b,PE30324,كولة 118 مل,16,11.500,184.000,210000426
5afab3f8-f354-6b24-123b-08f2bb2ce623,31403d1d-6833-93c6-9e30-6304e086375b,P30325,عوامة 3/4,10,48.000,480.000,210000427
1396199f-a979-e494-8662-0462332daa56,31403d1d-6833-93c6-9e30-6304e086375b,P30326,عوامة 3/4,10,27.500,275.000,210000428
6fa40eed-c062-4883-897e-076603940a83,31403d1d-6833-93c6-9e30-6304e086375b,P30327,عوامة 3/4,10,30.500,305.000,210000429
a2dc186b-bae0-ee03-8f05-bc5c262e8484,c74c8f0d-8506-7506-7e0b-c50ae8d3c70e,ATWC50313,صندوق طرد مدفون بتارية مع زر دائري 9 لتر,2,740.000,1480.000,310000071
1c591ebb-38ff-f08e-8ea0-5640b7494680,31403d1d-6833-93c6-9e30-6304e086375b,PA30331,منشار شجر,12,12.000,144.000,210000433
c77bd318-9a82-795e-577c-725d507362dc,31403d1d-6833-93c6-9e30-6304e086375b,PE30333,رولة كروسة 10 سم ( 3 قطع ),10,5.500,55.000,210000435
bc696da0-ec77-0830-9dd6-25160656ef68,31403d1d-6833-93c6-9e30-6304e086375b,PE30334,رولة طلاء 25 سم / 10,25,5.750,143.750,210000436
9730a3c9-53d0-68af-636c-12362214f3f1,471a0b5c-c7b4-fb37-c63c-90608fd5ba4a,PE30336,رولة زمالطو,12,2.750,33.000,210000438
d873cc12-9aae-65f7-ec66-d5ec51899a9a,471a0b5c-c7b4-fb37-c63c-90608fd5ba4a,PA30337,ترابنو850 وات,12,22.500,270.000,210000439
1980c4b6-4536-4ef7-eb66-fdab6791c307,471a0b5c-c7b4-fb37-c63c-90608fd5ba4a,PA30339,ماكينة سلكون,12,5.650,67.800,210000441
abc7403f-224b-a37b-149f-2ac1f65a7985,471a0b5c-c7b4-fb37-c63c-90608fd5ba4a,CC10340,كولة خشب 1 كغ,18,13.000,234.000,210000442
38219286-8f75-d74f-46fe-d24b522da81d,471a0b5c-c7b4-fb37-c63c-90608fd5ba4a,CC10341,كولة خشب 4 كغ,4,38.000,152.000,210000443
1d08e0c8-559f-c78a-5164-bd40b2224d95,471a0b5c-c7b4-fb37-c63c-90608fd5ba4a,CC10342,كولة  180غ,5,9.000,45.000,210000444
afaaa281-ee30-9a3b-d982-dbfa8f4462a0,471a0b5c-c7b4-fb37-c63c-90608fd5ba4a,PE30343,مقص عنب,6,37.500,225.000,210000446
6edb4a84-6e96-dc9b-1556-47cd69f8829e,471a0b5c-c7b4-fb37-c63c-90608fd5ba4a,PE30344,مقص عنب,6,5.500,33.000,210000447
229b4df7-55ff-e2d7-2789-51ce30cc3386,471a0b5c-c7b4-fb37-c63c-90608fd5ba4a,PE30117,مقص عنب,6,13.500,81.000,210000448
1c6c6fbe-221b-8bea-c48a-f3563db4da93,471a0b5c-c7b4-fb37-c63c-90608fd5ba4a,PE30345,مقص عنب,12,19.500,234.000,210000449
1b19c639-f6ce-7ed2-eda8-f1d431055d66,471a0b5c-c7b4-fb37-c63c-90608fd5ba4a,PA30346,مفتاح إنجليزي رقم 12,6,16.500,99.000,210000450
92d9a1b0-6a75-49ac-b84e-a81d0a6ac96a,c74c8f0d-8506-7506-7e0b-c50ae8d3c70e,ATWC50314,صندوق طرد مدفون بتارية مع زر مربع 9 لتر,2,740.000,1480.000,310000072
5239b929-c5ca-918b-3ac5-2222bc734e41,471a0b5c-c7b4-fb37-c63c-90608fd5ba4a,PA30349,مفتاح إنجليزي رقم 48,2,90.000,180.000,210000453
c316c8b3-72fe-1bc1-b1c0-dacccfbc9212,f55d1f90-efdb-dce2-4b97-85631e1b434c,PA30350,مفتاح تي بالمقبض رقم 8,10,3.250,32.500,210000454
d58268f8-fe05-35a5-6220-d94d9b26a3e6,f55d1f90-efdb-dce2-4b97-85631e1b434c,PA30351,مفتاح تي بالمقبض رقم 10,10,3.250,32.500,210000455
6b5cfdad-78f0-5d57-0ddc-407679c4ecdc,f55d1f90-efdb-dce2-4b97-85631e1b434c,PA30353,مفتاح تي بالمقبض رقم 13,10,3.250,32.500,210000457
b12807c7-3557-7a75-d171-4604660721ac,f55d1f90-efdb-dce2-4b97-85631e1b434c,PE30354,مطرقة,10,28.000,280.000,210000458
3ad8e7ac-5d55-6ef8-1963-b84cbca9fec9,f55d1f90-efdb-dce2-4b97-85631e1b434c,PA30355,منشار حديد مقفل 12'' 300 مم,6,15.500,93.000,210000459
2fd3fbaf-24f2-edc8-a9da-a3590933bd32,f55d1f90-efdb-dce2-4b97-85631e1b434c,RA30356,ديسكو جرانيت 4.5'' 115 مم,6,11.500,69.000,210000460
ddfe20b1-4660-ced5-9664-c4a586a1281d,f55d1f90-efdb-dce2-4b97-85631e1b434c,RA30357,ديسكو جرانيت 7'' 180 مم,6,25.000,150.000,210000461
2b88cc80-07ee-d430-abcd-38c3d3ef016d,f55d1f90-efdb-dce2-4b97-85631e1b434c,RA30358,ديسكو جرانيت 9'' 230 مم,6,37.000,222.000,210000462
4f2991bd-7c59-330a-f6a0-ac1227f46a3d,f55d1f90-efdb-dce2-4b97-85631e1b434c,RA30359,ديسكو جرانيت 4.5'' 115 مم,6,12.200,73.200,210000463
b4429fc7-8fa1-fd8c-c3ef-00998401b87f,f55d1f90-efdb-dce2-4b97-85631e1b434c,RA30360,ديسكو جرانيت 9'' 230 مم,6,37.000,222.000,210000464
fca4eca5-d325-601e-4438-6145d422e62d,f55d1f90-efdb-dce2-4b97-85631e1b434c,P30361,شاڨور,6,23.500,141.000,210000465
b0d33eea-af5f-f8c6-89ee-1e8d2b2fd541,739c6371-18f5-d1ca-4cfe-3375e31e44cf,PA30362,متر 7.5م,5,18.500,92.500,210000466
d071b89e-e53e-f56b-6160-79c07b3dbab1,6164c833-cc00-e263-1989-3224300fdf3e,RA30062,"كوربة باب 2"" 90°",15,5.500,82.500,210000171
4f07bcad-9c60-915e-923c-e23c2fb12964,739c6371-18f5-d1ca-4cfe-3375e31e44cf,PA30363,متر 5م,12,15.500,186.000,210000467
293d4526-d5e3-fe10-ef1b-2af049604ecf,739c6371-18f5-d1ca-4cfe-3375e31e44cf,PA30364,متر 3م,12,4.750,57.000,210000468
2b540bf8-2ea2-6606-9e97-1d84ffce8ceb,739c6371-18f5-d1ca-4cfe-3375e31e44cf,PA30366,كاوية لحام,6,7.500,45.000,210000470
6c9db1fd-15ae-f90c-3d01-23c29cb9c1b9,739c6371-18f5-d1ca-4cfe-3375e31e44cf,PA30367,قرص الصنفرة 5 قطع,6,7.500,45.000,210000471
6e82fb2c-e7a6-d6c2-51f4-c0cb0b7d74f2,739c6371-18f5-d1ca-4cfe-3375e31e44cf,PA30368,مكارة رفع رقم 18,6,17.500,105.000,210000472
0c897485-791f-b0f6-e6c5-b709c4e0b81d,739c6371-18f5-d1ca-4cfe-3375e31e44cf,PA30369,فرطاسة,15,1.750,26.250,210000473
6079c994-aaf8-1538-07f7-17eabc6a94ec,739c6371-18f5-d1ca-4cfe-3375e31e44cf,PA30370,فرطاسة,15,3.500,52.500,210000474
b79de0ac-3b70-22a3-b9c4-893460fe598d,739c6371-18f5-d1ca-4cfe-3375e31e44cf,PA30371,فرطاسة,2,16.750,33.500,210000475
8abd8463-f205-05d0-1142-8c9d84f09af7,739c6371-18f5-d1ca-4cfe-3375e31e44cf,PA30372,فرطاسة,12,4.400,52.800,210000476
0f4d23c2-3a33-4f01-1499-bd1acb9fc614,739c6371-18f5-d1ca-4cfe-3375e31e44cf,PA30373,حاملة إسمنت,6,7.500,45.000,210000477
7d9e4d43-5b85-d00b-5148-e80f55fb96aa,739c6371-18f5-d1ca-4cfe-3375e31e44cf,PA30374,كستولة,6,10.500,63.000,210000478
3700826c-09ee-0f12-cc82-20cd108560b0,739c6371-18f5-d1ca-4cfe-3375e31e44cf,PA30375,كستولة,6,14.500,87.000,210000479
60971902-a505-d239-9d3e-23bf5f6b18c7,739c6371-18f5-d1ca-4cfe-3375e31e44cf,PA30376,كستولة,6,19.000,114.000,210000480
7e6f25c9-736e-a583-4d04-6e1a6656ba13,739c6371-18f5-d1ca-4cfe-3375e31e44cf,PA30377,كستولة,10,5.500,55.000,210000481
9ab7f525-34f4-e2b0-d2c0-575e3a2fe62e,5cbe3969-75fd-759b-8f90-e1b9f2572f64,PA30378,غربال,6,9.500,57.000,210000482
33aa1ec0-2b56-acb5-763b-bb0e250ce0b8,5cbe3969-75fd-759b-8f90-e1b9f2572f64,PA30381,منقار,6,5.500,33.000,210000485
4c2d3ea4-eb31-d063-ca3d-be341c4b3ea1,5cbe3969-75fd-759b-8f90-e1b9f2572f64,PA30383,كستولة,6,7.500,45.000,210000487
e3959d35-5c28-6659-2295-96cc7de862a3,5cbe3969-75fd-759b-8f90-e1b9f2572f64,RA30385,ديسكو جرانيت 7'' 180 مم,6,12.500,75.000,210000489
84a655cf-fef4-ef93-e82c-8d3dc4d85048,5cbe3969-75fd-759b-8f90-e1b9f2572f64,RA30386,ديسكو جرانيت 9'' 230 مم,6,17.500,105.000,210000490
2d1fde43-d403-084c-f9f4-deef71576fd5,5cbe3969-75fd-759b-8f90-e1b9f2572f64,PA30387,ديسكو خشب 4.5'' 115 مم,6,4.250,25.500,210000491
e9c86f89-7f80-201a-5d2d-aa2b6963acc6,5cbe3969-75fd-759b-8f90-e1b9f2572f64,RA30388,ديسكو خشب 7'' 180 مم,6,8.500,51.000,210000492
3a99a518-0210-0334-5aa8-87ccad64d9e8,5cbe3969-75fd-759b-8f90-e1b9f2572f64,RA30390,ديسكو جرانيت 9'' 230 مم,6,16.500,99.000,210000494
8c12b341-5044-04e9-6060-b24be3220eec,8e75c7a9-d762-0dbe-6305-8ab675821339,PA30391,موس منشار وجهين 31 سم,72,0.600,43.200,210000495
f6936cd8-f723-d9d3-883a-5fc5ac9e4820,8e75c7a9-d762-0dbe-6305-8ab675821339,PA30392,موس منشار 30 سم,100,0.350,35.000,210000496
e75e6cff-393a-32fc-5b3c-dd1fcf439322,8e75c7a9-d762-0dbe-6305-8ab675821339,EL50393,لصقة,10,4.750,47.500,210000497
1f94fff4-8131-6959-d689-877477782afa,8e75c7a9-d762-0dbe-6305-8ab675821339,EL50394,لصقة,10,4.750,47.500,210000498
eb17f78b-cfe4-7960-30ff-56f57ab2460b,8e75c7a9-d762-0dbe-6305-8ab675821339,EL50395,لصقة,10,4.750,47.500,210000499
a8622c83-4cbd-01cd-5db9-b3f7972cb093,8e75c7a9-d762-0dbe-6305-8ab675821339,EL50396,لصقة,10,4.750,47.500,210000500
d8b5846d-6885-4af0-726e-f6087c2c19b6,8e75c7a9-d762-0dbe-6305-8ab675821339,EL50397,لصقة,4,4.750,19.000,210000501
13662cb2-03eb-f353-2ab9-86f7ecf97cde,64ebb9fa-7ae0-7ad8-3222-e20eb2710543,MTE60003,خلاط شطاف مدفون أسود,1,245.000,245.000,310000115
bf540f61-3ab5-0791-5c5e-adf5180aeff1,8e75c7a9-d762-0dbe-6305-8ab675821339,EL50401,لصقة 0.13 مم * 50 مم * 25 متر,12,13.750,165.000,210000505
2ece637a-80f1-b998-2ea3-7dec0b55abdb,8e75c7a9-d762-0dbe-6305-8ab675821339,EL50402,لصقة,50,1.950,97.500,210000506
071fa851-53f8-9bdb-b621-88f4235c0941,8e75c7a9-d762-0dbe-6305-8ab675821339,EL50403,لصقة ألمنيوم 5 سم 30 متر,6,23.500,141.000,210000507
a7a3b0f5-4cf0-8290-da68-b8a5710187ee,8d8ea92d-af74-eaf0-ee1e-a75bbcfe7368,PA30404,"قرص الصنفرة  4"" 100 مم",5,5.100,25.500,210000508
5e1c85e1-a21c-ca2e-2e13-b6205c4ef858,8d8ea92d-af74-eaf0-ee1e-a75bbcfe7368,PA30405,"فرشة صاروخ نحاس  5"" 125 مم",5,8.500,42.500,210000509
91196b35-1e44-0c96-bfe3-b2581501bff5,8d8ea92d-af74-eaf0-ee1e-a75bbcfe7368,PA30406,"فرشة صاروخ مفتولة  4"" 100 مم",10,7.500,75.000,210000510
12ce6560-7737-5e3a-f810-a3170da20b25,8d8ea92d-af74-eaf0-ee1e-a75bbcfe7368,PA30407,"فرشة صاروخ مفتولة  3"" 75 مم",10,5.000,50.000,210000511
8a9c6cb8-49c2-ea85-6bda-df6ea5663722,8d8ea92d-af74-eaf0-ee1e-a75bbcfe7368,PA30408,عجلة باب سحاب  رقم 100,4,50.500,202.000,210000512
5ee7630c-bc1f-8ff0-6f85-32b0412ee43b,8d8ea92d-af74-eaf0-ee1e-a75bbcfe7368,PA30409,عجلة باب سحاب  رقم 120,4,66.000,264.000,210000513
15485c7b-004f-9727-f7b4-0f20c28fd0b3,8d8ea92d-af74-eaf0-ee1e-a75bbcfe7368,PA30410,عجلة باب سحاب  رقم 80,4,17.500,70.000,210000514
0e461f2d-2d66-ec26-f6d0-2306d424f362,8d8ea92d-af74-eaf0-ee1e-a75bbcfe7368,PA30411,عجلة باب سحاب  رقم 100,4,24.500,98.000,210000515
89c203ed-34c2-3cd7-80da-68039619e8cc,8d8ea92d-af74-eaf0-ee1e-a75bbcfe7368,PE30412,مقص بي بي ار,6,7.500,45.000,210000516
6c7398c0-5333-ee83-c6c6-46a6bb619a5c,8d8ea92d-af74-eaf0-ee1e-a75bbcfe7368,PE30413,مقص بي بي ار,6,11.500,69.000,210000517
aaf2e1df-59a1-bcce-b220-b68a56b9da9d,8d8ea92d-af74-eaf0-ee1e-a75bbcfe7368,PE30414,مقص بي بي ار,6,6.750,40.500,210000518
e4f127fb-3039-1ac9-c9ad-23e5c21695d2,d0d007e0-02c8-f359-81b1-54e0ec05ebef,CE10265,سخانة 80 لتر,3,590.000,1770.000,310000086
b9047596-6715-eb12-edc7-637987bd871d,b977027e-bb4e-1e4e-9489-a3116b77beb1,PE30417,عصاة ماصة,10,4.500,45.000,210000521
306ce96b-5361-32cd-6313-d35a376ebddc,b977027e-bb4e-1e4e-9489-a3116b77beb1,PA30418,عصاة مسحة,10,14.000,140.000,210000522
dda68350-5485-7965-e430-a77fc77dc880,b977027e-bb4e-1e4e-9489-a3116b77beb1,PA30419,عصاة بالة,10,14.000,140.000,210000523
67f53202-3620-b9e5-0765-546b3101e592,b977027e-bb4e-1e4e-9489-a3116b77beb1,PA30421,حبل نشر 5 مم 10 متر,12,2.500,30.000,210000525
dcae11a0-8536-f440-7e75-2f60dc242ea3,b977027e-bb4e-1e4e-9489-a3116b77beb1,PA30422,حبل 8 مم 10 متر,12,4.250,51.000,210000526
232b0491-2f92-de11-2071-2332a4c51caa,b977027e-bb4e-1e4e-9489-a3116b77beb1,PA30423,حبل نشر,36,2.417,87.012,210000527
44ea325b-7ba2-2031-5005-5a0eba4720a8,b977027e-bb4e-1e4e-9489-a3116b77beb1,ATWC50425,بتارية مقعد أرضي جنب,6,58.500,351.000,210000529
7ba4f4ef-0ae2-2c01-8617-b3a2adadce1f,b977027e-bb4e-1e4e-9489-a3116b77beb1,PE30426,موس فرش 18 مم,24,3.750,90.000,210000530
f155d966-4dd6-82e6-4a04-e9272b17c005,b977027e-bb4e-1e4e-9489-a3116b77beb1,PE30427,موس فرش 18 مم,72,1.917,138.024,210000531
48ee60a7-b873-d43c-0cb9-26dd21827ff3,b977027e-bb4e-1e4e-9489-a3116b77beb1,PA30428,ڨوانطي,12,2.500,30.000,210000532
d5fba7c7-94c2-64d2-fac2-3cd82a130058,b977027e-bb4e-1e4e-9489-a3116b77beb1,PA30429,ڨوانطي,24,5.500,132.000,210000533
c0856da3-5bee-022f-1de4-eb53e3167d74,b977027e-bb4e-1e4e-9489-a3116b77beb1,PA30431,ڨوانطي,24,6.100,146.400,210000534
47f7cda8-7e96-7a13-6af9-af77829a511b,b977027e-bb4e-1e4e-9489-a3116b77beb1,PA30430,ڨوانطي,24,4.250,102.000,210000535
a76aa180-9cf8-477a-1744-f3cf9a16245d,d688c806-474d-0a43-cdce-5094f3bfc96c,PA30447,خيط لينسة,12,2.350,28.200,210000551
d7d4f7ee-2dea-19f9-0352-5478e0b4182c,e8aa4441-3245-0bf7-d760-05e9f449865f,SC10053,بوكس مربع  190*90 *90 سم كروم,1,720.000,684.072,310000077
369b8667-7177-8f0c-3ecf-70d54724cbe0,b977027e-bb4e-1e4e-9489-a3116b77beb1,PA30434,ڨوانطي,24,3.950,94.800,210000538
cb797138-38fc-6252-9cc0-32b72ab62001,b977027e-bb4e-1e4e-9489-a3116b77beb1,PA30435,ڨوانطي,24,4.550,109.200,210000539
81a6857b-f559-54fb-9b4c-52f76944d464,b977027e-bb4e-1e4e-9489-a3116b77beb1,PA30436,مسحة,6,8.250,49.500,210000540
67d0e56c-5485-79d0-2662-63226eaf081b,b977027e-bb4e-1e4e-9489-a3116b77beb1,PA30437,خيط تعليم,10,6.750,67.500,210000541
3fe26f60-05b3-a892-a634-77ff7805789b,b977027e-bb4e-1e4e-9489-a3116b77beb1,PE30438,ماكينة قص بي بي ار,2,68.000,136.000,210000542
d7f7356b-c910-eb52-417f-62626d132e95,b977027e-bb4e-1e4e-9489-a3116b77beb1,PE30439,ماكينة  لحام بي بي ار,2,50.000,100.000,210000543
38e7e38c-2851-2e46-4537-e42465c03621,b977027e-bb4e-1e4e-9489-a3116b77beb1,PA30440,قصدير لحام 30 غ,9,3.650,32.850,210000544
904e1b4e-f6b0-da30-5499-de135845e216,b977027e-bb4e-1e4e-9489-a3116b77beb1,RA30441,ديسكو ليزري 9'' 230 مم,2,130.000,260.000,210000545
b6cba694-3f29-41a2-cf71-122783a0e624,b977027e-bb4e-1e4e-9489-a3116b77beb1,RA30442,ديسكو ليزري 7'' 1800 مم,2,115.000,230.000,210000546
7b80df64-7e52-043e-f3fd-8f1f028af54b,b977027e-bb4e-1e4e-9489-a3116b77beb1,RA30443,ديسكو ليزري 7'' 1800 مم,2,90.000,180.000,210000547
93cb2388-998c-8bbb-2bc8-2f2be9058d25,b977027e-bb4e-1e4e-9489-a3116b77beb1,RA30444,ديسكو ليزري 9'' 230 مم,2,145.000,290.000,210000548
b0be15e0-b651-3c06-b648-e1e7c5deb4b4,d688c806-474d-0a43-cdce-5094f3bfc96c,PA30446,سلكون حراري,48,0.302,14.496,210000550
8c609d1d-6aa3-e7ee-59fd-c4b6d9073626,d688c806-474d-0a43-cdce-5094f3bfc96c,PA30448,خيط لينسة,12,2.750,33.000,210000552
af06bfb4-797d-dcd2-906b-84f0bb99ac23,d688c806-474d-0a43-cdce-5094f3bfc96c,PA30451,شنطة مسمار,6,25.000,150.000,210000555
66114ab8-b00c-f08f-1037-b732920ea69e,11dbe494-0fb8-1859-6b7f-295e2119b483,MC10012,سرفنتينة 15 سم * 15 سم كروم,27,37.700,1017.900,310000116
24e1b477-5f2c-fe7a-cd19-9d43007e9073,d688c806-474d-0a43-cdce-5094f3bfc96c,PE30453,سنفرة,25,0.300,7.500,210000557
d1e00eb6-3e5b-b0da-0866-1282635d397e,d688c806-474d-0a43-cdce-5094f3bfc96c,PE30454,سنفرة,25,0.240,6.000,210000558
89080cdc-1ec6-4734-87ec-68b0d96d5fa8,d688c806-474d-0a43-cdce-5094f3bfc96c,PE30455,سنفرة,25,0.240,6.000,210000559
be8ccbc8-4b1b-85dd-f7ca-16c9eaa1824d,d688c806-474d-0a43-cdce-5094f3bfc96c,PE30456,سنفرة,25,0.240,6.000,210000560
e994f299-aa3e-1874-4942-f57c275841f6,d688c806-474d-0a43-cdce-5094f3bfc96c,PA30454,مفتاح فرنسي رقم 10,6,11.500,69.000,210000562
dd004f56-8c11-424f-8026-8f37f440634b,d688c806-474d-0a43-cdce-5094f3bfc96c,PA30455,مفتاح فرنسي رقم 12,6,13.500,81.000,210000563
26abc0d7-b068-7d13-09b9-51b33a9465b2,d688c806-474d-0a43-cdce-5094f3bfc96c,PA30456,ليفة مسمار 70 سم,3,11.500,34.500,210000564
a1d4b063-9e17-0913-0c63-b3c4294160c2,d688c806-474d-0a43-cdce-5094f3bfc96c,PA30457,ليفة مسمار 80 سم,3,12.500,37.500,210000565
3a869a01-35c0-aa0c-3993-8826587a0b7e,d688c806-474d-0a43-cdce-5094f3bfc96c,PA30458,ليفة مسمار 60 سم,3,12.000,36.000,210000566
267688f2-fcdb-0365-8adb-e313e8b39da0,d688c806-474d-0a43-cdce-5094f3bfc96c,PA30459,ليفة مسمار 50 سم,2,47.000,94.000,210000567
60a7639e-2a97-5d51-0548-cef4fec4e1fd,d688c806-474d-0a43-cdce-5094f3bfc96c,PA30461,رأس سخانة بدون ترمستاتة,6,29.500,177.000,210000569
aa761c23-c260-2e31-c138-022eea5d4a9a,d688c806-474d-0a43-cdce-5094f3bfc96c,PA30463,ترمستاتة,24,19.000,456.000,210000571
c383a20b-72cd-b557-21c3-d3e080adcc1a,6827e46c-ed34-140f-ba58-6dc1f920af00,PA30474,ماكينة برشام,6,20.500,123.000,210000581
ebd0e765-b822-e7c1-5ef2-2af696ca5627,870eb922-aafd-1d16-8c8c-13ef4eeced6b,PA30464,عدة رقعة,6,4.750,28.500,210000572
554bb172-2a72-e16d-2b95-402b7a97a689,a5c19b3a-b406-674a-d83d-23ade8ccb0f7,ARSB80015,قصبة دوش مربعة 40 سم كروم,10,130.000,1300.000,310000088
25fef237-8e59-9645-c97e-30b711d3e4d8,6827e46c-ed34-140f-ba58-6dc1f920af00,PA30475,مقص حدائق,6,18.000,108.000,210000582
bd27d55c-9adf-ca1d-edc3-d83f2acd2648,6827e46c-ed34-140f-ba58-6dc1f920af00,PA30480,بينسة رقم 8,6,13.500,81.000,210000587
9a7dc73d-b542-51f1-d69d-345cfa8142fb,6827e46c-ed34-140f-ba58-6dc1f920af00,PA30481,بينسة رقم 7,6,12.750,76.500,210000588
6db3341a-73f8-ede2-1308-57876cfc13c8,6827e46c-ed34-140f-ba58-6dc1f920af00,PE30482,موس فرش,6,13.500,81.000,210000589
dbd145e6-18e0-6986-b318-932f178704d1,6827e46c-ed34-140f-ba58-6dc1f920af00,PE30483,موس مع 2 منشار,6,21.000,126.000,210000590
3eb7a8a8-501a-9afd-3847-ebeac56ce934,870eb922-aafd-1d16-8c8c-13ef4eeced6b,PE30465,بونتة ترابنو (10 قطع),9,11.500,103.500,210000573
dbaddabc-fdda-fd20-9590-97749bd571e5,870eb922-aafd-1d16-8c8c-13ef4eeced6b,PA30466,بونتة جبس (16 قطع),10,22.500,225.000,210000574
5aa4f16f-cd1e-fed9-4055-83ae012be3e8,870eb922-aafd-1d16-8c8c-13ef4eeced6b,PE30467,كولة رخام 750 مل,12,23.000,276.000,210000575
94a8ff35-8ae1-2f3d-9683-49fb31dfec8c,870eb922-aafd-1d16-8c8c-13ef4eeced6b,PE30468,كولة رخام 750 مل,12,39.500,474.000,210000576
159323d1-9e3b-bf5f-6611-f63fc7d00f0a,870eb922-aafd-1d16-8c8c-13ef4eeced6b,PA30469,فرشاة حديد رأس سكينة,12,3.350,40.200,210000577
020e0729-fbc8-95f5-4814-da292fac1dd7,870eb922-aafd-1d16-8c8c-13ef4eeced6b,CC10470,لصقة فأر 100غ,6,2.500,15.000,210000578
5374c1da-087e-4827-7557-e28ade494572,870eb922-aafd-1d16-8c8c-13ef4eeced6b,CC10471,لصقة فأر,6,1.500,9.000,210000579
08338990-1bb0-ff2b-4feb-5631890713c0,870eb922-aafd-1d16-8c8c-13ef4eeced6b,CC10472,كولة,12,6.250,75.000,210000580
bc44ff56-bde2-cc73-14aa-b72b081184fb,7086ed9c-a031-e1ba-8b01-955756ad73ba,PA30065,مفك سالب قصير,21,3.850,80.850,210000934
6e33390a-9968-cf58-676f-718259916ec6,a5c19b3a-b406-674a-d83d-23ade8ccb0f7,ARSB80004,مخرج شطاف كروم بالعلاقة,10,87.000,870.000,310000089
e06b582a-13e1-c0f2-1797-2e97b03a63db,6827e46c-ed34-140f-ba58-6dc1f920af00,PA30478,بينسة رقم 7,6,12.250,73.500,210000585
e99d38e7-5b9a-81bd-098e-39b6a10b1951,6827e46c-ed34-140f-ba58-6dc1f920af00,PA30479,بينسة رقم 8,6,12.750,76.500,210000586
58fcaa0b-49d7-681a-ff77-080487844459,6827e46c-ed34-140f-ba58-6dc1f920af00,PE30484,موس لحم,6,18.000,108.000,210000591
096ede8f-fc84-8e0a-6d1c-6185435f243b,6827e46c-ed34-140f-ba58-6dc1f920af00,PE30485,موس فرش 18 مم بالغيار,12,7.500,90.000,210000592
445f0767-3d86-9812-940b-1cc6f84ef093,6827e46c-ed34-140f-ba58-6dc1f920af00,PA30486,قطاعة 250 مم رقم 10,6,14.500,87.000,210000593
4d257e0e-c41e-69f5-dee9-65ba5afb1df9,6827e46c-ed34-140f-ba58-6dc1f920af00,PA30487,مفتاح زڨنالي مشرشر (9 قطع),6,17.500,105.000,210000594
c5e497ff-6ad1-0bd7-3d41-c1874bc66b84,6827e46c-ed34-140f-ba58-6dc1f920af00,PA30488,مفتاح زڨنالي (9 قطع),6,17.500,105.000,210000595
ff037025-9da8-3d2b-0301-2c116ddfd0bd,6827e46c-ed34-140f-ba58-6dc1f920af00,PA30489,مفتاح زڨنالي (9 قطع),6,14.750,88.500,210000596
adf060a7-b7e5-ca67-1dcc-768cb4836e5b,5efa7314-ac73-d9e0-cbab-71ed1d24d8ea,PA30491,مسدس سلكون حراري,6,9.500,57.000,210000598
6de334ec-a026-5253-9d72-bfa91c7e90b2,5efa7314-ac73-d9e0-cbab-71ed1d24d8ea,PA30492,منشار جبس 6.5'' 165 مم,6,13.750,82.500,210000599
cc8197ce-2365-e29f-8d63-de29ce613b60,5efa7314-ac73-d9e0-cbab-71ed1d24d8ea,PA30493,بونتة 6 * 110 مم,12,1.650,19.800,210000600
cdecbc49-cdda-ddb8-0ed8-a380d8e349e2,5efa7314-ac73-d9e0-cbab-71ed1d24d8ea,PA30494,بونتة 8 * 110 مم,12,1.850,22.200,210000601
0a85f052-f5e9-a25d-b30b-0e0e652840dd,5efa7314-ac73-d9e0-cbab-71ed1d24d8ea,PA30495,بونتة 10 * 160 مم,12,1.900,22.800,210000602
a4b55d19-40fe-c0dd-4237-8cf0ab8d27c9,7086ed9c-a031-e1ba-8b01-955756ad73ba,ARSB82067,سماعة دوش مع طوبو كروم,6,20.500,123.000,210000936
03e7802c-6eef-d526-e89d-a77d7b1d8245,a5c19b3a-b406-674a-d83d-23ade8ccb0f7,ARSB80241,كسكاس دوش مربع 200*200 مم كروم,10,155.000,1550.000,310000090
00e7406a-a502-3199-f3af-1cf2d927baf3,5efa7314-ac73-d9e0-cbab-71ed1d24d8ea,PA30498,بونتة 12 * 450 مم,4,7.500,30.000,210000605
9839cd3b-3581-1c29-f7ec-1bab37a1c613,5efa7314-ac73-d9e0-cbab-71ed1d24d8ea,PA30499,بونتة 16 * 450 مم,4,9.500,38.000,210000606
88f4c141-8308-5a35-6608-b6dc68e8ea01,5efa7314-ac73-d9e0-cbab-71ed1d24d8ea,PA30500,بونتة 18 * 450 مم,4,10.500,42.000,210000607
d6e828f8-1cc8-44bf-4bd6-3fd4dd5681d3,5efa7314-ac73-d9e0-cbab-71ed1d24d8ea,PA30501,بونتة 20 * 450 مم,4,12.000,48.000,210000608
71e727d0-5299-81ef-4c4a-0da8ed1d8983,5efa7314-ac73-d9e0-cbab-71ed1d24d8ea,PA30503,بونتة منقار 14 * 250 مم,6,3.750,22.500,210000610
863980ca-f9b6-b65a-16a6-ed8173314485,5efa7314-ac73-d9e0-cbab-71ed1d24d8ea,PA30502,بونتة 22 * 450 مم,4,13.500,54.000,210000609
e92b64ab-2de9-4995-c306-c1ec5efc7d5c,5efa7314-ac73-d9e0-cbab-71ed1d24d8ea,PA30504,بونتة مكيف طاسة كاملة,6,28.000,168.000,210000611
4755786a-745e-a165-52da-976f4e6d6b62,5efa7314-ac73-d9e0-cbab-71ed1d24d8ea,PA30505,بونتة منقار أفطس,6,6.750,40.500,210000612
f97e151a-4825-655e-7c8c-0d2261705955,4365fd0e-1d28-139b-fd7f-19ed77e51d69,RA20507,طابة نهاية خط حديد 1,30,1.450,43.500,210000614
2f8f07d8-5211-a66f-45ba-6098e55fcce8,4365fd0e-1d28-139b-fd7f-19ed77e51d69,RA20508,طابة نهاية خط حديد 3/4,30,1.300,39.000,210000615
9b1f6251-88b0-d551-a8dc-3e1662c1930f,4365fd0e-1d28-139b-fd7f-19ed77e51d69,PLSA0509,نبلس حديد 3/4,50,1.300,65.000,210000616
49d808c8-71cb-77de-8a87-910d57264960,4365fd0e-1d28-139b-fd7f-19ed77e51d69,PLSA0510,نبلس حديد 1,50,1.400,70.000,210000617
528fe905-2463-b0fb-77fd-671633cf7598,4365fd0e-1d28-139b-fd7f-19ed77e51d69,RA20511,مثلث حديد سن داخلي 1,22,3.150,69.300,210000618
f79656a7-2e7f-80b6-7015-e1fd35114013,4365fd0e-1d28-139b-fd7f-19ed77e51d69,RA20512,مخفض حديد 3/4 * 1,50,1.450,72.500,210000619
f682962f-35f6-7074-a40f-1c6bb046cd8c,4be84aca-bb02-086c-2290-7f1ca1c255f5,PLSA0664,وردة كروم,50,9.000,450.000,310000678
e59c1459-7317-d6af-3cf1-1a0cb2d888ac,4365fd0e-1d28-139b-fd7f-19ed77e51d69,PA30515,دراع 2 متر,4,42.500,170.000,210000622
d244b36f-92ee-ce6c-0ea0-dd0e675932c1,4365fd0e-1d28-139b-fd7f-19ed77e51d69,PA30516,دراع 2.5 متر,1,58.000,58.000,210000623
5098abca-ede8-f54f-975f-adf6d6846e14,4365fd0e-1d28-139b-fd7f-19ed77e51d69,EL50517,لصقة مائية 19مم * 9.1 م,10,22.500,225.000,210000624
1f4ee88d-780c-bc4c-cb53-8232b5bc56de,4365fd0e-1d28-139b-fd7f-19ed77e51d69,EL50518,لصقة خزان 5 سم 5 متر,5,8.500,42.500,210000625
e211c4c6-c6f3-558a-1114-3ae21cacd755,4365fd0e-1d28-139b-fd7f-19ed77e51d69,EL50519,لصقة خزان 10 سم 5 متر,5,16.750,83.750,210000626
6b595e22-6f35-54c5-d21b-2de7721a5682,4365fd0e-1d28-139b-fd7f-19ed77e51d69,EL50520,لصقة 0.13 مم * 19 مم * 25 متر,10,4.750,47.500,210000627
c7265207-07b7-f37e-79da-bd5f7cc1ae62,4365fd0e-1d28-139b-fd7f-19ed77e51d69,PA30521,ترودي 3.25 * 350 مم (1ممØ),6,38.500,231.000,210000628
248e381b-af98-947d-51c7-5b10903ef612,a2111e7d-686b-7bae-516f-502b637a8658,CC10529,باسطة 240 غ,6,8.000,48.000,210000636
0f0e748e-f2b0-5571-db80-c444a683446b,a2111e7d-686b-7bae-516f-502b637a8658,PA30530,قطن 250 غ,8,4.900,39.200,210000637
28c72e9e-c6b0-5721-d7e3-6fe770c11e41,a2111e7d-686b-7bae-516f-502b637a8658,PA30531,سلاح ماكينة,10,9.500,95.000,210000638
42cc84df-2805-8a4b-ea4e-2302c320b33f,a2111e7d-686b-7bae-516f-502b637a8658,PA30532,موس مرش,10,2.750,27.500,210000639
79f43951-e160-93e7-f895-4d70e135e9ba,a2111e7d-686b-7bae-516f-502b637a8658,PA30533,مفتاح لوندينو 275 مم 11''  18'',6,12.500,75.000,210000640
8f6efbb2-1abd-8aad-6197-9f8ad2a83d63,a2111e7d-686b-7bae-516f-502b637a8658,PA30534,مفتاح لوندينو,6,8.500,51.000,210000641
fd7c9f15-96c0-e488-5982-10e88c5a685e,fc8a7aec-d579-c436-20f7-bddfbe56c845,EL50096,كلبس كاو رقم 16,10,1.900,19.000,210000221
8a9464b3-5406-fa7c-a059-97ff8670f4bf,11dbe494-0fb8-1859-6b7f-295e2119b483,MC10111,سرفنتينة 13 سم * 13 سم كروم,6,49.000,294.000,310000120
88c0bbe1-8b96-9e52-91b4-e30f61964407,4365fd0e-1d28-139b-fd7f-19ed77e51d69,PA30524,موس منشار 12'' 300 مم (10 قطع),5,11.500,57.500,210000631
3f29d952-9d24-b824-db5b-bfe1ca92bcde,4365fd0e-1d28-139b-fd7f-19ed77e51d69,PA30525,موس منشار 12'' 300 مم (3 قطع),5,5.500,27.500,210000632
9a4c7666-eadf-219a-cb35-ed1c83cd4694,4365fd0e-1d28-139b-fd7f-19ed77e51d69,FE30526,كسكاس 3/4,8,21.000,168.000,210000633
4d7324f6-62bd-5cf0-c07a-f25034d46e90,4365fd0e-1d28-139b-fd7f-19ed77e51d69,PA30527,فلوكة سخانة,6,6.250,37.500,210000634
cdf29b2b-3b9f-5bef-4c0c-7f61f636777c,a2111e7d-686b-7bae-516f-502b637a8658,PA30528,مقص 250 مم,6,13.500,81.000,210000635
3e1eabab-9b4f-1653-d84a-0b68b12a3a30,5c801f0c-053c-f6b0-8867-cf312aef25d5,PA30535,بينسة فاصل سراميك,12,20.500,246.000,210000642
722f5036-2078-8456-9605-3f66746a15eb,5c801f0c-053c-f6b0-8867-cf312aef25d5,RA20536,وصلة أتوماتك,12,8.500,102.000,210000643
452e8e86-2208-102b-fba8-eeb71bb6ed1f,5c801f0c-053c-f6b0-8867-cf312aef25d5,PA30539,"اسطافة 3"" (2 قطع)",40,9.600,384.000,210000646
2c5752cc-c69f-7f1f-e23d-f1024d7de5c3,5c801f0c-053c-f6b0-8867-cf312aef25d5,PA30540,"اسطافة 4"" (2 قطع)",11,9.900,108.900,210000647
9e6a4a34-7120-7a4d-c18c-e0a3a8ab88e4,5c801f0c-053c-f6b0-8867-cf312aef25d5,PE30541,لصقة سريعة (2 قطع),12,7.250,87.000,210000648
e309d5e9-3c20-cfb0-0719-3976cce0e77c,5c801f0c-053c-f6b0-8867-cf312aef25d5,PA30542,مسمارخشب رقم 6,600,1.075,645.000,210000649
8b319b57-5596-5a17-b6ed-34741e9bd606,5c801f0c-053c-f6b0-8867-cf312aef25d5,PA3542,مسمارخرسانة رقم 2 (100غ),200,1.100,220.000,210000650
e6584f28-b0c9-74c0-08a0-7f514b605efc,5c801f0c-053c-f6b0-8867-cf312aef25d5,PA3543,مسمارخرسانة رقم 1 (150غ),50,1.200,60.000,210000651
5ebf0a1e-40fa-1a5b-5b0c-95209f40b1d3,5c801f0c-053c-f6b0-8867-cf312aef25d5,PA3544,مسمارخرسانة رقم 2.5 (100غ),50,1.100,55.000,210000652
e1934d1d-47fe-f190-489d-3ff4a5d87f11,a5c19b3a-b406-674a-d83d-23ade8ccb0f7,ARSB80240,كسكاس دوش مربع 250*250 مم مع قصبة كروم,5,395.000,1975.000,310000091
1586cc6a-80b5-12e4-cf0e-e1365b8aefef,5c801f0c-053c-f6b0-8867-cf312aef25d5,RA30545,قفل باب رئيسي,6,57.000,342.000,210000653
86536d87-08b2-14b3-2bc6-3cbab20376ba,5c801f0c-053c-f6b0-8867-cf312aef25d5,RA30546,قفل باب رئيسي,6,57.000,342.000,210000654
6defc862-0538-de3b-2b5f-30ce4cfea52f,5c801f0c-053c-f6b0-8867-cf312aef25d5,PA30547,برشام 4  * 12,50,2.000,100.000,210000655
063110e1-d553-7de9-ff40-d35617307b44,5c801f0c-053c-f6b0-8867-cf312aef25d5,PA30549,فيتي لاميرة 4.12 * 13 (100غ),30,1.575,47.250,210000656
d512a180-d362-cebe-f124-3c025d1e3058,5c801f0c-053c-f6b0-8867-cf312aef25d5,PA30550,فيتي لاميرة 4.2 * 25 (100غ),30,1.575,47.250,210000657
c13cf08a-24b8-527a-bf59-dbba056d8755,5c801f0c-053c-f6b0-8867-cf312aef25d5,PA30551,فيتي لاميرة 4.2 * 19 (100غ),30,1.575,47.250,210000658
0a9463ad-f1a4-9ed1-07b2-cf6d9d185396,5c801f0c-053c-f6b0-8867-cf312aef25d5,PA30552,فيتي لاميرة 4.2 * 32 (100غ),30,1.575,47.250,210000659
ee2e3720-0db5-9bd6-779a-55d4b23f618e,5c801f0c-053c-f6b0-8867-cf312aef25d5,PA30553,فيتي 3.5 * 20 (100غ),36,1.389,50.004,210000660
05f60939-84f1-b68c-3df1-254f75fcca8b,5c801f0c-053c-f6b0-8867-cf312aef25d5,PA30554,فيتي 3.5 * 25 (100غ),36,1.389,50.004,210000661
89ab283f-054f-0ce5-6d77-26e329f08dce,5c801f0c-053c-f6b0-8867-cf312aef25d5,PA30557,فيتي 3.5 * 40 (100غ),36,1.389,50.004,210000664
6e52de3d-b1bc-045f-774f-9c7a8416eb0f,5a99bf40-46ea-d229-676f-eb774c49359c,PA30558,فيتي بالخبور 8 مم (50 قطعة),10,3.150,31.500,210000665
882195bf-b1f2-3c98-29c0-4ea50aa86759,5a99bf40-46ea-d229-676f-eb774c49359c,PA30560,فيتي بالخبور 10 مم (50 قطعة),10,3.500,35.000,210000666
7fd33c45-2770-662d-09d5-8d7503b786d4,5a99bf40-46ea-d229-676f-eb774c49359c,PA30561,فيتي بالخبور 6 مم,10,3.750,37.500,210000667
851f28b0-bfaa-84a9-e534-81a60b41a9ff,147bfd46-0c92-f859-e6eb-d5ca08da0458,PA30563,خبور 12 مم,5,2.750,13.750,210000669
f95c1646-3736-ea20-8c41-69fae5b2d56c,a5c19b3a-b406-674a-d83d-23ade8ccb0f7,ARSB80239,كسكاس دوش دائري 250 مم مع قصبة كروم,8,235.000,1880.000,310000092
3e48ffb3-3acf-a055-267c-deaa08f80a9f,5a99bf40-46ea-d229-676f-eb774c49359c,PA30562,خبور 10 مم,5,2.750,13.750,210000668
5dd9b8cf-aa2e-de42-acc6-537e652207b4,efa38442-9e60-aa8b-5241-a7bfcb4caf99,PA30568,دادو بالخبور 10مم (10 قطع),400,0.237,95.000,210000674
c3e4c9ce-96c2-c8dc-584f-b8395b593a5f,efa38442-9e60-aa8b-5241-a7bfcb4caf99,PA30569,دادو بالخبور 12مم (10 قطع),400,0.387,155.000,210000675
e01d4967-1d77-dbc9-15ae-2540a2288404,efa38442-9e60-aa8b-5241-a7bfcb4caf99,PA30570,دادو بالخبور 14مم (10 قطع),400,0.462,185.000,210000676
0fd6d91b-446a-1b5d-a120-d505fd1d26fd,efa38442-9e60-aa8b-5241-a7bfcb4caf99,PA30571,دادو بالخبوركامل مكيف (34 قطعة),15,3.750,56.250,210000677
c1ad6a08-2e2d-f9ac-84e7-55ce78b236d2,efa38442-9e60-aa8b-5241-a7bfcb4caf99,PA30572,فيتي 10*80 (4 قطع),62,0.766,47.492,210000678
758a10f0-43e0-af49-07a1-89bbaa920275,efa38442-9e60-aa8b-5241-a7bfcb4caf99,PA30573,فيتي 10*100 (4 قطع),62,0.766,47.492,210000679
b7d4512e-0cde-0b03-4888-ffad623a1142,efa38442-9e60-aa8b-5241-a7bfcb4caf99,ACOL30574,ريتي لياسة 20 سم * 10 متر,10,4.750,47.500,210000680
8f8116ee-dd4c-ad90-53a8-7431d9af0fca,efa38442-9e60-aa8b-5241-a7bfcb4caf99,ACOL30575,ريتي لياسة 20 سم * 10 متر,2,4.750,9.500,210000681
ca910827-6bf6-02e7-7c03-257d72d1c6f0,efa38442-9e60-aa8b-5241-a7bfcb4caf99,ACOL30576,ريتي لياسة 20 سم * 20 متر,3,19.500,58.500,210000682
6d576a8d-6947-9694-173f-7e365ae48ac4,7086ed9c-a031-e1ba-8b01-955756ad73ba,PA30063,مفك سالب,12,4.500,54.000,210000932
89cc53d9-e033-122f-5f00-25556c50ee13,7086ed9c-a031-e1ba-8b01-955756ad73ba,PA30064,مفك سالب,12,4.100,49.200,210000933
766e2c0c-3ad7-8dd0-54a9-2b6f3e80ff78,7086ed9c-a031-e1ba-8b01-955756ad73ba,PA30066,مفك سالب قصير كورة,12,3.500,42.000,210000935
96ae8507-104d-8f22-bedc-cae3ebb5ed14,7086ed9c-a031-e1ba-8b01-955756ad73ba,ARSB83067,سماعة دوش مع طوبو كروم,6,23.500,141.000,210000937
b6fb2fed-0926-0345-09a9-008346fdda27,1054fbd0-3bf2-97b5-65d9-0fb4d911867e,CD40002,مسطرة دوش زوجية كروم,6,310.000,1860.000,310001083
9219ce7d-d1f5-8a7d-178d-16ac850e48f0,11dbe494-0fb8-1859-6b7f-295e2119b483,ARSB80212,مصب بدون تحويلة 18 سم كروم,6,160.000,960.000,310000117
175d44ba-1952-c23a-f189-461c1c7a24c7,8ee740a1-d7c9-7152-97f3-11ca4b27d77b,CC10585,صليبة ضغط 2 مم (20 قطعة),25,3.000,75.000,210000691
15a84564-a590-2207-fc24-111db5c6841c,8ee740a1-d7c9-7152-97f3-11ca4b27d77b,PA30586,سبتة التبجاني,5,13.500,67.500,210000692
92e2d9c1-be7d-560c-46a7-f7d5de76e2a1,efa38442-9e60-aa8b-5241-a7bfcb4caf99,PA30565,فيتي بالخبور 6مم (100 قطعة),1,13.500,13.500,210000671
877d687a-36c5-0f65-51cd-2ba09a356cd3,efa38442-9e60-aa8b-5241-a7bfcb4caf99,PA30566,زاوية كرسي 30 * 15 * 1.5 مم (4 قطع),50,1.240,62.000,210000672
a5652954-aee3-c669-6c1a-3829b393dd6b,efa38442-9e60-aa8b-5241-a7bfcb4caf99,PA30567,زاوية كرسي 25 * 15 * 1.5 مم (4 قطع),125,1.080,135.000,210000673
2d4eefa2-8738-5a0d-bda5-cbc417ee8f0e,efa38442-9e60-aa8b-5241-a7bfcb4caf99,ACOL30577,ريتي لياسة 20 سم * 20 متر,2,19.500,39.000,210000683
33b919f2-2281-de6a-81aa-49774a5badde,efa38442-9e60-aa8b-5241-a7bfcb4caf99,ACOL30578,ريتي لياسة 25 سم * 20 متر,2,26.500,53.000,210000684
8d1992ba-920a-26de-7963-f8d35d4c8fab,efa38442-9e60-aa8b-5241-a7bfcb4caf99,ACOL30579,ريتي لياسة 25 سم * 20 متر,2,26.500,53.000,210000685
8f234fd5-1c32-36bb-1499-db66293ebc4c,efa38442-9e60-aa8b-5241-a7bfcb4caf99,ACOL30580,ريتي لياسة 25 سم * 20 متر,1,26.500,26.500,210000686
18fb3396-5dbf-fc90-2c28-65dfc2c40d53,efa38442-9e60-aa8b-5241-a7bfcb4caf99,PA30584,مسمار حلقة مفتوح رقم 18 (2 قطع),40,1.225,49.000,210000690
1679f02c-67ce-f296-0fad-e3d82e3f044e,5ddee7ba-8f4f-771e-8e36-8b9a65022c3e,LG40099,حوض وجه برسلين مشطوف مع رف 80,5,455.000,2275.000,210001037
ae925a25-fb59-d88d-e2c5-07d76dad93e8,5ddee7ba-8f4f-771e-8e36-8b9a65022c3e,LG40100,حوض وجه برسلين مشطوف مع رف 60,5,440.000,2200.000,210001038
94a22ab7-1589-2a51-71aa-a1ad90926e4c,90bd05f0-aa4b-cda3-9acd-75fbe604cc58,RA20039,"طابة 25"" لحام",200,0.523,104.600,210000201
9a464005-238d-9e53-b329-c8f1796980af,11dbe494-0fb8-1859-6b7f-295e2119b483,RO10295,حنفية غسالة  ''1/2 * ''3/4 كروم,10,17.750,177.500,310000118
1ae645d6-953d-0232-5e42-47d27eb80393,8ee740a1-d7c9-7152-97f3-11ca4b27d77b,RA30065,"طابة نهاية خط 3""",15,4.500,67.500,210000696
77b2ef56-4527-fe4e-c324-300bf096c996,8ee740a1-d7c9-7152-97f3-11ca4b27d77b,PE30590,مشمع ثقيل 3 * 2,10,9.000,90.000,210000697
7444b8c5-78f4-193f-cbfd-90e9f75cf500,23144c06-2690-3183-89af-b62706f2eb68,PE30591,مشمع ثقيل 6 * 7,6,65.000,390.000,210000698
102ba96e-bcb6-b9a3-4216-b1bb84820542,23144c06-2690-3183-89af-b62706f2eb68,PE30592,مشمع ثقيل 3 * 4,5,18.600,93.000,210000699
aff554f7-cad3-b67a-2015-404498e2584f,23144c06-2690-3183-89af-b62706f2eb68,PE30593,مشمع ثقيل 3 * 5,5,25.500,127.500,210000700
2fc1110c-1e40-e103-8d57-0c5c8e5cc7e4,23144c06-2690-3183-89af-b62706f2eb68,PE30594,مشمع ثقيل 4 * 4,5,25.800,129.000,210000701
d5b4bed4-9a33-69f7-06ae-78d668b7acd6,23144c06-2690-3183-89af-b62706f2eb68,RA20596,"مثلث  3/4"" سن داخلي",10,33.000,330.000,210000703
c80b3ba0-49f3-0451-f9fa-28fba1975e7c,23144c06-2690-3183-89af-b62706f2eb68,PE30595,مشمع ثقيل 5 * 6,5,47.500,237.500,210000702
263d3dcc-aa7e-800e-98cb-5ed4a8bdc805,efa38442-9e60-aa8b-5241-a7bfcb4caf99,ACOL30581,ريتي لياسة حديد 25 سم,20,2.900,58.000,210000687
92a9d031-713b-0e7b-4729-249ba6ca43c9,efa38442-9e60-aa8b-5241-a7bfcb4caf99,PA30582,مسمار حلقة مفتوح رقم 10 (2 قطع),50,0.420,21.000,210000688
117fdaa4-697c-38be-e81b-e7a20c725180,efa38442-9e60-aa8b-5241-a7bfcb4caf99,PA30583,مسمار حلقة مفتوح رقم 14 (2 قطع),50,0.660,33.000,210000689
d32fc2c5-92de-bc93-8d0e-f0aaa22b36c2,5ddee7ba-8f4f-771e-8e36-8b9a65022c3e,LG40101,حوض وجه برسلين مشطوف مع رف 60,5,440.000,2200.000,210001039
ed2a52b2-8a1a-40cb-a26c-fad75ba2d99a,5ddee7ba-8f4f-771e-8e36-8b9a65022c3e,LG40112,حوض وجه برسلين مشطوف 80 سم,5,400.000,2000.000,210001040
4f033be3-41fd-b115-c171-0e59f02c6e1a,5ddee7ba-8f4f-771e-8e36-8b9a65022c3e,EG40102,رف حوض وجه برسلين 80 سم,5,100.000,500.000,210001041
74da8cd2-08da-895d-8520-3634c7a076e5,11dbe494-0fb8-1859-6b7f-295e2119b483,MC10110,سرفنتينة 15 سم * 15 سم كروم,6,80.000,480.000,310000119
1b362861-eb4b-eef8-539d-33e52ae6f57f,c97361b9-21c5-2747-78a9-df713b5443e0,RA20600,"كوربة توماتك 32 - 1"" سن خارجي",12,14.500,174.000,210000706
6376a6bb-dadc-8db0-43a0-44f6749faa7a,c97361b9-21c5-2747-78a9-df713b5443e0,PA30601,ميزان خيط 500 غرام,9,5.500,49.500,210000707
d0cddfe6-4e66-d6fe-2ff3-09cdb929faed,c97361b9-21c5-2747-78a9-df713b5443e0,PA30602,ميزان خيط 500 غرام,1,5.500,5.500,210000708
de2f7b87-b8cc-9412-8544-fe61ead71f8b,c97361b9-21c5-2747-78a9-df713b5443e0,PE30036,استوك 18 كغ,45,45.000,2025.000,210000709
86a6d773-80e0-6e93-ccf0-62ab7a113052,641b6f10-3270-883c-e771-bcef4352538f,PA30604,رزة إصلاح,20,1.300,26.000,210000711
e3a7c1af-9db3-d8a5-7508-3253240ce968,641b6f10-3270-883c-e771-bcef4352538f,PA30605,رزة إصلاح,20,1.500,30.000,210000712
a3cb91dc-d0e7-cd9b-9bba-d5cdcd44b669,641b6f10-3270-883c-e771-bcef4352538f,PA30606,ليفة تنضيف ألمنيوم,17,9.882,167.994,210000713
a325d619-d289-9695-0445-03775c047bb3,641b6f10-3270-883c-e771-bcef4352538f,PA30607,حبل رقم 14,115,0.909,104.535,210000714
22f7e950-4376-85e1-0c05-ae21ed628404,641b6f10-3270-883c-e771-bcef4352538f,PA30608,حبل رقم 12,245,0.814,199.430,210000715
13a0a316-6800-741a-df6f-8ba78c9283d4,80ec15e2-84c1-d83d-bbba-dd055e5cd0ca,PA30609,سلسلة رقم 10 (1متر),3,16.667,50.001,210000716
e7935304-2348-74f4-f740-f02858da7f5c,80ec15e2-84c1-d83d-bbba-dd055e5cd0ca,PA30610,سلسلة رقم 12 (1متر),2,25.000,50.000,210000717
9ce30985-bbae-69e0-fb72-4e1d07829c01,80ec15e2-84c1-d83d-bbba-dd055e5cd0ca,PA30611,سلسلة رقم 8 (1متر),5,10.000,50.000,210000718
3b0ef8b5-6792-5ea2-58ee-1d137cb4e021,80ec15e2-84c1-d83d-bbba-dd055e5cd0ca,PA30612,سلسلة رقم 4 (1متر),45,3.111,139.995,210000719
221593bc-8853-827a-c18a-332159f039a2,2f0554ce-b7b5-e244-0bfa-f00b7748c983,PA30613,تل ربط مجلفن (2 كغ),30,16.000,480.000,210000720
54ed1fb9-4aed-c196-fdff-6d66d51ec604,2f0554ce-b7b5-e244-0bfa-f00b7748c983,PA30617,قفل درج 32 مم,12,3.750,45.000,210000724
86803f9f-0401-bad0-b088-72e5b2b22002,2f0554ce-b7b5-e244-0bfa-f00b7748c983,PA30618,قفل درج 22 مم,12,3.250,39.000,210000725
b26386a6-75ef-7156-e1f7-a23b394a0226,9129aa52-1a39-6f98-50fe-b37c0adee296,RA30619,مقبض باب مع قفل 85 مم,4,68.000,272.000,210000726
f024237c-982c-b2ea-0330-3fafcb2e04e2,9129aa52-1a39-6f98-50fe-b37c0adee296,RA30368,مقبض باب مع قفل 85 مم,2,68.000,136.000,210000727
339b599e-eb72-da6e-d5c0-41886c25b336,9129aa52-1a39-6f98-50fe-b37c0adee296,PA30389,قفل شنطة 40 مم,3,35.000,105.000,210000728
1844b146-e88b-fcf8-c7bd-8c7b2daf813c,9129aa52-1a39-6f98-50fe-b37c0adee296,PA30390,قفل شنطة 70 مم,3,65.000,195.000,210000729
7383485a-b5c2-0a4b-313f-4e4b3998813d,9129aa52-1a39-6f98-50fe-b37c0adee296,PA30393,قفل شنطة نحاس 32 مم,12,1.900,22.800,210000730
a87a22cc-0f32-64c0-a66f-a42a068c442d,9129aa52-1a39-6f98-50fe-b37c0adee296,PA30394,قفل شنطة نحاس 25 مم,12,1.850,22.200,210000731
d913264f-4d07-3d50-5508-8314f296bc88,9129aa52-1a39-6f98-50fe-b37c0adee296,PA30395,قفل شنطة نحاس 50 مم,12,4.500,54.000,210000732
fc5f457b-6bd7-6239-d5e1-70effc699edc,bc8ef624-3c19-762c-6628-74d1a19ffd3b,ALVM50368,طابة حوض وجه,10,18.000,180.000,210000736
3f7410f9-bbe9-8b18-5f14-7eeabd355bfb,bc8ef624-3c19-762c-6628-74d1a19ffd3b,ML30369,مرايا حمام مع إضاء لد 80*60 سم,5,105.000,525.000,210000737
0feedbde-6240-4f8d-79d6-e80d3fe7a969,bc8ef624-3c19-762c-6628-74d1a19ffd3b,ML30370,مرايا حمام مع إضاء لد 80*60 سم,5,105.000,525.000,210000738
db128e4f-7c06-bae7-3ec3-d79383b0217d,bc8ef624-3c19-762c-6628-74d1a19ffd3b,ML30371,مرايا حمام مع إضاء لد 80*60 سم,5,105.000,525.000,210000739
eb04d336-4d40-ecad-cf1a-dc7f1f4061f1,bc8ef624-3c19-762c-6628-74d1a19ffd3b,ML30372,مرايا حمام مع إضاء لد 80*60 سم,5,105.000,525.000,210000740
cba3e132-e327-2bc6-90e0-dfb564bcc754,d34ca263-d98f-957d-0260-97069fa8796d,AM0826,دولاب حمام مع إضاءة لد-100 سم,5,795.000,3975.000,310001479
bcf57f3a-601e-f9e3-769c-daeb85278c2c,1054fbd0-3bf2-97b5-65d9-0fb4d911867e,ML10752,خلاط حوض وجه اسود,12,105.000,1260.000,310001193
89d38d11-653d-d45e-f728-600abf56d0d1,cd7ec418-3b86-ca89-dc1a-02d1bcb5d00f,PA30399,زاوية كرسي 20 * 37 * 1 مم (4 قطع),25,1.600,40.000,210000735
ff33d316-7b84-bf54-ab5e-cf8c4eb9354d,bc8ef624-3c19-762c-6628-74d1a19ffd3b,ML30373,مرايا حمام مع إضاء لد 80*60 سم,5,105.000,525.000,210000741
d0c75aa1-6baf-2724-3f9a-b51c10d5e7bb,bc8ef624-3c19-762c-6628-74d1a19ffd3b,ML30375,مرايا حمام مع إضاء لد 85*85 سم,5,155.000,775.000,210000743
73752dbb-15c1-0b7e-e392-6df901541d9b,bc8ef624-3c19-762c-6628-74d1a19ffd3b,ML30376,مرايا حمام مع إضاء لد 80*80 سم,5,135.000,675.000,210000744
74d2f640-8e64-788d-e939-e066e749e502,bc8ef624-3c19-762c-6628-74d1a19ffd3b,ML30377,مرايا حمام مع إضاء لد دائرية بالعلاقة مع اطار أسود 60سم,5,165.000,825.000,210000745
1463f52f-0cb3-f01c-e57f-79e450e0dc42,bc8ef624-3c19-762c-6628-74d1a19ffd3b,ML30378,مرايا حمام مع إضاء لد دائرية مع اطار 80سم,5,185.000,925.000,210000746
b7d03ddc-62a8-62e4-882e-8cfef12ab73d,bc8ef624-3c19-762c-6628-74d1a19ffd3b,ML30379,مرايا حمام مع إضاء لد 100*80 سم,5,155.000,775.000,210000747
c6a9565b-f18d-860b-17d8-9adef2ebbd59,bc8ef624-3c19-762c-6628-74d1a19ffd3b,ML30380,مرايا حمام مع إضاء لد دائرية بالعلاقة مع اطار أسود 60سم,5,155.000,775.000,210000748
7c22b649-6a09-e692-2e71-5f31825867bd,bc8ef624-3c19-762c-6628-74d1a19ffd3b,ML10300,خلاط حوض وجه  كروم,12,115.000,1380.000,210000749
67a51cd7-e31e-ec25-9fab-235770cd635c,bc8ef624-3c19-762c-6628-74d1a19ffd3b,ML10382,خلاط حوض وجه  كروم,6,145.000,870.000,210000751
986e571f-4dae-d697-a395-83a3bc9906d9,7086ed9c-a031-e1ba-8b01-955756ad73ba,PA30048,خباشة زيتون فليتي,20,1.350,27.000,210000902
2474d42a-b450-7455-b467-a6fa81ef00b0,5ddee7ba-8f4f-771e-8e36-8b9a65022c3e,ML30103,مرايا حمام مع إضاءة لد 80*50سم,5,145.000,725.000,210001042
4cf3a6c5-40f6-109e-eec9-6d1eafada364,90bd05f0-aa4b-cda3-9acd-75fbe604cc58,RA20015,"وصلة 25* 1/2"" سن خارجي",180,4.902,882.360,210000202
17f94686-e9e7-399d-4d97-0d4a85c6dcc5,e8aa4441-3245-0bf7-d760-05e9f449865f,BAI10051,حوض استحمام بانيو 120*80*53 سم,1,1105.000,1049.861,310000075
385e3666-90ec-2a93-5b49-f10e10583d3e,bc8ef624-3c19-762c-6628-74d1a19ffd3b,ML10384,خلاط حوض وجه  كروم,12,75.000,900.000,210000754
faecf139-35c8-a8d7-c5b8-0c466e6fe305,bc8ef624-3c19-762c-6628-74d1a19ffd3b,EL10385,حوض مطبخ ستانلس ستيل   304 81 * 45 سم,5,620.000,3100.000,210000755
b13d7060-8163-81ca-0f15-12973af27291,bc8ef624-3c19-762c-6628-74d1a19ffd3b,EL10386,حوض مطبخ ستانلس ستيل   304 65 * 45 سم,3,530.000,1590.000,210000756
5b6f8760-3ff0-ba3f-ac95-ee59658d285e,bc8ef624-3c19-762c-6628-74d1a19ffd3b,EL10387,حوض مطبخ ستانلس ستيل   304 75 * 45 سم,5,630.000,3150.000,210000757
5f9cc711-41f8-f1e6-e3f3-eca4e23bedb3,bc8ef624-3c19-762c-6628-74d1a19ffd3b,ARSB80388,شطاف ظغط مع طوبو كروم,12,35.000,420.000,210000758
268546f2-ec21-fb17-b7f4-819dd3a48244,bc8ef624-3c19-762c-6628-74d1a19ffd3b,RFP1424,"فسيبلي "" 1/2 أنثى * ""1/2 أنثى 40سم",30,13.500,405.000,210000759
1de0d898-6a0a-015f-5f0c-5858f3bc390d,bc8ef624-3c19-762c-6628-74d1a19ffd3b,RA20582,"مخفض قومه 1.5"" * 1.25",50,3.250,162.500,210000760
2f9431dd-0adb-fc8a-0fa0-4ae8e9c4e2b0,bc8ef624-3c19-762c-6628-74d1a19ffd3b,ALVM50389,رأس سيفوني كروم,12,48.000,576.000,210000761
0a6aad66-5db6-cdcf-731c-693f5dc5e155,bc8ef624-3c19-762c-6628-74d1a19ffd3b,ALVM50390,رأس سيفوني رخامي,12,48.000,576.000,210000762
5c41efaa-161e-be25-697c-0255222a937f,bc8ef624-3c19-762c-6628-74d1a19ffd3b,ALVM50391,رأس سيفوني رخامي,12,41.000,492.000,210000763
404bbcc6-1c9b-f585-ac25-c72577664c56,bc8ef624-3c19-762c-6628-74d1a19ffd3b,ALVM50392,رأس سيفوني رخامي,12,15.000,180.000,210000764
d27ac0fc-f7e2-ccd7-33d2-71102322ab8c,bc8ef624-3c19-762c-6628-74d1a19ffd3b,AASB30393,مجفف شعر أسود,6,98.000,588.000,210000765
1c6b5106-b37c-b190-0dfc-34068934317b,ae0a8434-1f10-e329-4928-f3d36f340e92,RA20077,"25 * 1/2"" قاعدة خلاط متحركة",40,14.200,568.000,210000775
8849e094-1c02-6eab-b8a8-a3a4950ae27f,7086ed9c-a031-e1ba-8b01-955756ad73ba,PA30090,مفك دبل جهتين,24,1.750,42.000,210000930
9bd93654-9364-d6ad-0db0-ffb2c1f126b6,e8aa4441-3245-0bf7-d760-05e9f449865f,SC10052,بوكس مستطيل 120*80 *148 سم كروم,1,715.000,679.322,310000076
9a12d954-b1f5-dff8-4633-2545632bead6,ae0a8434-1f10-e329-4928-f3d36f340e92,RA20080,"25 * 1/2"" * 10 قاعدة خلاط ثابتة",50,11.150,557.500,210000777
aa642cd7-f66d-db9b-4e12-5f3c64fc809a,870eb922-aafd-1d16-8c8c-13ef4eeced6b,PE30079,بونتة ترابنو,10,1.150,11.500,210000778
5abb7770-f035-2d30-69ca-c0157fcf158a,0a632dea-a5f1-70a3-417d-a71d79ea38d1,RA20047,"طابة تجربة 25"" لحام",600,0.522,313.200,210000781
d17ec077-8273-ab09-5fdb-fa095a29ad75,d4b104a0-83ba-e075-3f9c-e7470a6e85a8,PA30085,فيتي 3 * 30مم 200 قطعة,2,5.000,10.000,210000783
80ad9e7d-115d-4b97-d79b-4d30e034a4d4,d4b104a0-83ba-e075-3f9c-e7470a6e85a8,PA30086,فيتي 5 * 50مم 60 قطعة,2,5.000,10.000,210000784
e7f5a1b6-6f95-3618-a206-8f848b250ea0,9e88a251-6606-955e-924e-1d2aeda101d6,EL50010,علبة كهرباء داىرية,500,0.200,100.000,210000768
c490b6c7-0e7e-e498-bfbf-ca9b299feccc,9e88a251-6606-955e-924e-1d2aeda101d6,EL50008,علبة سبوت,150,0.520,78.000,210000769
23370625-75f6-9b93-9e1b-bb9bdb86488b,9e88a251-6606-955e-924e-1d2aeda101d6,EL50009,علبة بريزة ثلاثية,420,0.850,357.000,210000770
374c7586-042c-35c6-2a58-c9937182e2c2,9e88a251-6606-955e-924e-1d2aeda101d6,ELC2005,قرجوطة 32مم *25 م,10,32.000,320.000,210000771
6babd4a3-f92e-259c-8537-88e671ec1737,9e88a251-6606-955e-924e-1d2aeda101d6,ELC2006,قرجوطة 40مم *25 م,5,41.000,205.000,210000772
03eeec24-7999-9434-8721-cc1fee65095c,9e88a251-6606-955e-924e-1d2aeda101d6,PA30013,ڨلوني 20 لتر,16,8.360,133.760,210000774
238dc646-9e25-681f-9bbf-9cc2f8b48d4e,7086ed9c-a031-e1ba-8b01-955756ad73ba,PA30062,مفك دبل جهتين كهرباء,12,1.950,23.400,210000931
d887d33d-f16e-47a1-8759-4828d716599a,e8aa4441-3245-0bf7-d760-05e9f449865f,PD20050,حاجز دوش 100 * 180 سم 8مم أسود,1,570.000,541.557,310000074
0bc3862d-5f1f-c511-621d-517716ae43bc,d4b104a0-83ba-e075-3f9c-e7470a6e85a8,PA30089,فيتي نجمة سداسية 4 * 30مم 600 قطعة,1,5.000,5.000,210000787
a84d6b25-c228-27f7-720d-91df768a95cb,88c6c937-457d-af2c-98d8-060d62b488b7,ATWC50246,رجسترو مقعد أرضي مائل,10,6.750,67.500,210000788
25b9e9b1-4084-de1a-bcb8-64e305d0b121,88c6c937-457d-af2c-98d8-060d62b488b7,ATWC50091,رجسترو مقعد أرضي مائل,20,16.000,320.000,210000789
d080c21f-b98e-4526-0f99-9c9ba76613b7,88c6c937-457d-af2c-98d8-060d62b488b7,PLSA0231,"مُطوِّل ""1/2 * 20 كروم",30,6.100,183.000,210000790
48e92e36-ddd5-d5b4-65f6-280b4463c866,88c6c937-457d-af2c-98d8-060d62b488b7,PLSA0092,"مُطوِّل ""1/2 * 25كروم",30,6.850,205.500,210000791
82b1032c-3adb-eddf-069e-cda06685df8e,88c6c937-457d-af2c-98d8-060d62b488b7,PLSA0093,"مُطوِّل ""1/2 * 15كروم",30,5.100,153.000,210000792
d8e6cb5d-4e5c-b3d7-02cb-4339cf311e80,88c6c937-457d-af2c-98d8-060d62b488b7,RFP1427,"فسيبلي "" 1/2 أنثى * ""1/2 أنثى 50سم",20,13.750,275.000,210000793
d2430b1a-ccf9-762c-6605-4cf39681992f,88c6c937-457d-af2c-98d8-060d62b488b7,RFP1094,"فسيبلي "" 1/2 أنثى * ""1/2 أنثى 60سم",20,14.500,290.000,210000794
63f30da6-7718-07bd-081b-e49ff5b3aba1,88c6c937-457d-af2c-98d8-060d62b488b7,RO10290,مسكر زاوية  ''1/2 * ''1/2 كروم,30,29.500,885.000,210000795
fffb51ba-ddea-1d87-cf39-43d2d07c0696,88c6c937-457d-af2c-98d8-060d62b488b7,RO10095,مسكر زاوية  ''1/2 * ''1/2 كروم,19,6.750,128.250,210000796
92214ea4-7154-859d-a52c-2888a466a7a9,88c6c937-457d-af2c-98d8-060d62b488b7,RO10096,مسكر زاوية  ''1/2 * ''1/2 كروم,20,14.500,290.000,210000797
f7ae1415-eb88-e882-b8dc-350de683c139,88c6c937-457d-af2c-98d8-060d62b488b7,SI10175,سلكون  280 غرام أبيض,24,10.500,252.000,210000799
2500712c-6392-78b1-5351-9d67e35c0513,88c6c937-457d-af2c-98d8-060d62b488b7,AECU50097,سيفون حوض المطبخ معا راجع,10,19.500,195.000,210000800
ca9de3b7-2aac-5d88-fd85-0c236dd008e0,7086ed9c-a031-e1ba-8b01-955756ad73ba,PE30135,ترابنو شحن دبل بترية 21فولت,2,195.000,390.000,210000938
a827879e-2248-ec43-e9b2-80995caa2ca0,cca93450-a57a-e6b2-8ec6-19551ee21c1d,VS10113,حوض وجه معلق -80 * 35 سم,6,300.000,1800.000,310000121
9ceb8967-bd53-ec98-0fe1-a32c899f08af,0eac1d91-2b3e-bf96-f9ff-9021ed3c0e9a,ARSB80065,كسكاس دوش دائري 300 مم مع قصبة كروم,5,135.000,675.000,210000803
92bf24bc-ff78-c0e9-7a8b-48ea197d528a,6de980ff-6601-8ef7-513e-b39c61941301,CD40114,مسطرة دوش لاد مع خلاط ذهبي,3,395.000,1185.000,210000804
2e13f619-eb1d-3bc7-a58d-9d7085553a1b,6de980ff-6601-8ef7-513e-b39c61941301,SI10098,سلكون  280 غرام شفاف,24,15.000,360.000,210000805
b19ade09-a361-9d3b-9505-c93f19bdc802,6de980ff-6601-8ef7-513e-b39c61941301,AECU50099,سيفون حوض المطبخ,10,28.000,280.000,210000806
50a28524-6c57-2e03-564b-3284e1feab99,6de980ff-6601-8ef7-513e-b39c61941301,AECU50100,سيفون حوض المطبخ,10,18.500,185.000,210000807
0a41b351-f77b-7172-1fb2-0dc1bf5f5427,6de980ff-6601-8ef7-513e-b39c61941301,PLSA0101,وردة كروم,50,2.950,147.500,210000808
4491bc85-6faa-f562-15ba-95283576c8ad,95c045bb-95d4-6d2a-ec44-489106edd95c,MD20133,خلاط دوش مع سماعة كروم,13,60.000,780.000,210000811
96e3deda-43bc-0fad-7923-755eedf3296c,95c045bb-95d4-6d2a-ec44-489106edd95c,AECU50134,سيفون حوض المطبخ,10,9.000,90.000,210000812
2fb3506c-0f2d-485b-9101-f699696516d9,95c045bb-95d4-6d2a-ec44-489106edd95c,MI10135,مراية تجميل مع اكسوار,6,60.000,360.000,210000813
565e9d9c-bf19-9315-ee0e-2e2e540945b3,fecdef37-95c5-17ad-e08b-6c3087143029,PE30193,لصقة طلاء 45 مم,36,1.890,68.040,210000815
76c909ba-02fd-c298-2312-4f16969ffa1a,399152ed-f645-9f1f-c744-1a8ef4899070,SI10136,سلكون  280 غرام شفاف التاج,24,6.250,150.000,210000822
593182d2-5946-5d37-dc82-2bf9d76715eb,f2cd7cdd-5438-a5ac-3927-16de260033eb,EL10243,حوض مطبخ ستانلس ستيل منظومة بيانو 304 75*46 كروم,5,695.000,3475.000,210000823
6cddebf8-e820-fb73-e1e1-c62bb89a0e21,94ec628f-dd75-6561-c17e-8202a613c074,ARSB80171,سماعة دوش مع طوبو كروم,6,78.000,468.000,210000829
96796b9f-66ef-20d2-4998-bec8b51bf9bb,cca93450-a57a-e6b2-8ec6-19551ee21c1d,WA40117,غطاء مقعد أبيض,4,145.000,580.000,310000135
61979b67-abdc-afaa-97b7-116774860c30,1025dba9-44c9-645f-f746-cde7d29f9a5b,PE30094,ورق سنفرة قماش رقم 180,35,2.286,80.010,210000818
fb4d56fe-1164-ce61-fb45-f32c2a39c2e7,1025dba9-44c9-645f-f746-cde7d29f9a5b,RA30090,ورق سنفرة قماش رقم 220,35,2.286,80.010,210000819
a0182924-872f-9e93-f109-65e151f50e27,7cd3f8cf-0ad0-1f00-1cbf-af7c2da5e1ce,SI10176,سلكون  280 غرام شفاف,240,10.250,2460.000,210000820
fa79239d-777e-216f-a0e3-b4b3ecf6fab7,399152ed-f645-9f1f-c744-1a8ef4899070,SI10138,سلكون  280 غرام أبيض التاج,24,6.250,150.000,210000821
c964247f-e5b6-f3a7-13c5-3e4a90583fbf,f2cd7cdd-5438-a5ac-3927-16de260033eb,EL10242,حوض مطبخ ستانلس ستيل منظومة بيانو 304 75*46 أسود,5,695.000,3475.000,210000824
226b44a8-48b1-c95c-975e-0e7f5ecbb8f7,f2cd7cdd-5438-a5ac-3927-16de260033eb,EL10241,حوض مطبخ ستانلس ستيل منظومة  304 75*45 أسود,5,365.000,1825.000,210000825
41ec9146-f40a-d65c-5833-425e84c74238,f2cd7cdd-5438-a5ac-3927-16de260033eb,ART0003,حوض مطبخ ستانلس ستيل منظومة  304 75*45كوروم,5,365.000,1825.000,210000826
663bd048-6b78-08b0-1a93-9416a7fcca4e,94ec628f-dd75-6561-c17e-8202a613c074,ARSB8079,مصب دوش قصير بتحويلة كروم,3,220.000,660.000,210000828
3108918f-62a4-a156-3e9c-5a480237e971,8b4c00ab-6c81-c9c8-979f-f40c6e5fe0c0,ART0005,مصب دوش مع تحويلة كروم,3,275.000,825.000,210000831
12375d8e-9ad2-34fb-1310-4cc1baec5746,8b4c00ab-6c81-c9c8-979f-f40c6e5fe0c0,ARSB80137,قصبة دوش دائري 30 سم كروم,3,150.000,450.000,210000832
d1992fbb-8566-f950-3b22-d81ccdd26991,8b4c00ab-6c81-c9c8-979f-f40c6e5fe0c0,ART0006,قصبة دوش مربعة 30 سم كروم,3,175.000,525.000,210000833
fdd8bc62-1b57-71e1-5d18-22ac22316e06,8b4c00ab-6c81-c9c8-979f-f40c6e5fe0c0,ART0007,كسكاس دوش مربع 200*200 مم كروم,3,145.000,435.000,210000834
2c149a8c-f496-e79d-501c-81feba9d72d8,8b4c00ab-6c81-c9c8-979f-f40c6e5fe0c0,ART0008,كسكاس دوش دائري 200*200 مم كروم,3,95.000,285.000,210000835
9f107654-1f64-3480-9543-1bec9647bf4a,8b4c00ab-6c81-c9c8-979f-f40c6e5fe0c0,ARSB80269,شطاف ظغط مع طوبو كروم,5,130.000,650.000,210000836
c9c7cfe5-0f02-365c-b80a-511f2bca4044,8b4c00ab-6c81-c9c8-979f-f40c6e5fe0c0,ARSB80082,شطاف ظغط مربع مع طوبو كروم,5,180.000,900.000,210000837
4b457eb5-5aca-e025-edd5-9658ccd3c93b,8b4c00ab-6c81-c9c8-979f-f40c6e5fe0c0,ML10030,خلاط حوض وجه طويل 17 سم كروم,4,390.000,1560.000,210000838
b7e9d05c-b359-61ee-8284-18104f4a3c11,8b4c00ab-6c81-c9c8-979f-f40c6e5fe0c0,ART0009,مخرج شطاف مربع بالعلاقة كروم,4,95.000,380.000,210000839
dc5f9c54-0850-8eac-884f-f931e0f17a91,57a179ff-60e3-015f-d590-93e92ab064fd,MC10257,مجرى 40 سم *6 سم كروم,20,155.000,3100.000,210000843
c24181bc-4119-bbdd-d83e-8b771995c080,c893355a-e484-8b93-c8ae-f19e9488af7f,MC10013,مجرى 50 سم *6 سم كروم,10,240.000,2400.000,210000844
31633e3c-829e-6b87-581b-09beca5ccd4a,c893355a-e484-8b93-c8ae-f19e9488af7f,MC10014,مجرى 60 سم *6 سم كروم,10,240.000,2400.000,210000845
11f96203-9696-9e12-74ee-a1f302010e76,2b77f52c-b712-cd77-2e1a-2e92f75e5b2d,ART0016,طوبو دوش 200سم كروم,6,31.000,186.000,210000852
d92b160c-466f-08a1-5d7e-0b6cc335a9a2,2b77f52c-b712-cd77-2e1a-2e92f75e5b2d,ART0017,وصلة مسطرة دوش50سم,6,12.000,72.000,210000853
55cec88b-68d3-7921-59f4-47174a184f9b,2b77f52c-b712-cd77-2e1a-2e92f75e5b2d,RO10287,مسكر زاوية  ''1/2 * ''1/2 كروم,20,21.000,420.000,210000854
507c4849-fa01-61a3-028a-24f199f13c50,2b77f52c-b712-cd77-2e1a-2e92f75e5b2d,RO10018,مسكر زاوية  ''1/2 * ''1/2 اسود,10,22.000,220.000,210000855
1caa0b2c-0bcd-0b2e-26a3-31bc46e6f6a6,2b77f52c-b712-cd77-2e1a-2e92f75e5b2d,RO10019,مسكر زاوية  ''1/2 * ''1/2 كروم,20,21.000,420.000,210000856
19c61c1c-c505-1ea6-2b38-f3db2bb5059b,2b77f52c-b712-cd77-2e1a-2e92f75e5b2d,ART0020,شطاف ظغط مع طوبو كروم,10,76.000,760.000,210000857
149bdfd4-8f02-20d3-4171-4aa8fccb59eb,cca93450-a57a-e6b2-8ec6-19551ee21c1d,VS10191,حوض وجه معلق -80 سم,6,295.000,1770.000,310000123
5ff1c7a6-266d-4eb1-e17d-c2e84de87b16,9e88a251-6606-955e-924e-1d2aeda101d6,ELC2003,قرجوطة 23مم *50 م,10,31.500,315.000,210000847
b79d0f4f-51f5-3e56-c691-129bb85ec9bf,9e88a251-6606-955e-924e-1d2aeda101d6,ELC2001,قرجوطة 19مم *50 م,15,24.750,371.250,210000848
074212dd-6439-06e2-ef06-da2bad7ed391,9e88a251-6606-955e-924e-1d2aeda101d6,ELC2004,قرجوطة 26مم *50 م,10,34.750,347.500,210000849
1cc11f44-7b03-9ca9-ddf8-104574d6193a,9e88a251-6606-955e-924e-1d2aeda101d6,ELC2395,قرجوطة 16مم *50 م,10,21.750,217.500,210000850
b3a917ca-2fde-cda2-ac0c-f32843fa2254,2b77f52c-b712-cd77-2e1a-2e92f75e5b2d,SA10015,طقم اكسسوار دهبي,3,245.000,735.000,210000851
4dc03655-4797-7f50-9f8a-de829fca1833,2b77f52c-b712-cd77-2e1a-2e92f75e5b2d,ART0024,حاملة فوط كروم,6,49.000,294.000,210000861
70766a1a-5067-d61c-3852-62952a0d46f0,2b77f52c-b712-cd77-2e1a-2e92f75e5b2d,ART0025,حاملة فوط كروم,6,48.000,288.000,210000862
10f6d9a9-cde8-b0a8-993f-1b3f9b84a640,2b77f52c-b712-cd77-2e1a-2e92f75e5b2d,ART0026,حاملة فوط كروم,6,73.000,438.000,210000863
df8f1a5b-e93a-0b7a-4e9b-3e112ef74097,2b77f52c-b712-cd77-2e1a-2e92f75e5b2d,AASB30064,حاملة فرشاة أسنان كروم,6,49.000,294.000,210000864
b9ff8535-c549-a4e8-c27f-9915990501d1,2b77f52c-b712-cd77-2e1a-2e92f75e5b2d,AASB30155,حاملة فرشاة أسنان كروم,6,44.000,264.000,210000865
2a3388be-2cdc-3965-8893-bdac2e3cdb26,2b77f52c-b712-cd77-2e1a-2e92f75e5b2d,PS20027,علاقة ملابس فردي,6,39.000,234.000,210000866
11e7fe9a-af9a-8697-eba9-b93a8efcf426,2b77f52c-b712-cd77-2e1a-2e92f75e5b2d,PS20028,علاقة ملابس فردي,6,38.000,228.000,210000867
a159132d-f729-e2c8-1c22-f6c61a1d207f,2b77f52c-b712-cd77-2e1a-2e92f75e5b2d,AASB30051,موزع صابون سائل كروم,6,69.000,414.000,210000868
41a7a2dd-c92a-76b6-067b-6338b8877c40,2b77f52c-b712-cd77-2e1a-2e92f75e5b2d,ARSB80056,كسكاس دوش مربع 300*300 مم كروم,10,78.000,780.000,210000870
889ef1a8-8dd1-dcde-33e2-f0761d1f7d0f,cca93450-a57a-e6b2-8ec6-19551ee21c1d,VS10200,حوض وجه معلق -80 سم,6,335.000,2010.000,310000124
052b8b11-84f3-a6be-7669-2e606334d928,2b77f52c-b712-cd77-2e1a-2e92f75e5b2d,ART0023,صابونية كروم,10,59.000,590.000,210000860
9c32dcf6-1a04-13b8-2509-1dd4191a5cdb,2b77f52c-b712-cd77-2e1a-2e92f75e5b2d,ART0030,قصبة دوش مربعة 45 سم كروم,10,56.000,560.000,210000871
3435e9f3-2575-913d-a94e-79c18074dbfe,2b77f52c-b712-cd77-2e1a-2e92f75e5b2d,CD40031,مسطرة دوش فرديه كروم,6,105.000,630.000,210000872
4f4e3d65-eea2-15b3-9f10-d6dfbf2ac93f,2b77f52c-b712-cd77-2e1a-2e92f75e5b2d,ART0032,سماعة دوش مع طوبو كروم,6,48.000,288.000,210000873
efa1ce58-35fc-124e-e9af-3da57b3bc66e,2b77f52c-b712-cd77-2e1a-2e92f75e5b2d,ART0035,سماعة دوش مع طوبو كروم,6,48.000,288.000,210000876
d7058228-3cd7-7561-dea5-3e826d5fd263,2b77f52c-b712-cd77-2e1a-2e92f75e5b2d,ARSB80036,سماعة دوش مع طوبو كروم,10,68.000,680.000,210000877
0d0c26aa-60a9-00fd-2891-68839514ba8e,2b77f52c-b712-cd77-2e1a-2e92f75e5b2d,AECU50058,رقبة خلاط حوض مطبخ أسود,5,26.000,130.000,210000878
59a6c8be-d6c1-1019-277e-15f18c7c02eb,2b77f52c-b712-cd77-2e1a-2e92f75e5b2d,MC10038,سرفنتينة 15 سم * 15 سم كروم,5,58.000,290.000,210000879
4885add7-7a9f-5289-95a9-4880b823923c,2b77f52c-b712-cd77-2e1a-2e92f75e5b2d,MC10224,سرفنتينة ضغط  15 سم * 15 سم كروم,5,39.000,195.000,210000880
26422c00-bf28-79bd-66bb-3af58d7826cd,2b77f52c-b712-cd77-2e1a-2e92f75e5b2d,ARSB80089,طوبو شطاف 120 سم كروم,20,26.000,520.000,210000881
4709f671-b0b6-fcee-3cf5-2c52953bc89c,2b77f52c-b712-cd77-2e1a-2e92f75e5b2d,CD40036,مسطرة دوش زوجية كروم,8,225.000,1800.000,210000882
4732ba47-f5f5-10ad-d8a7-1a1c7303d6f0,2b77f52c-b712-cd77-2e1a-2e92f75e5b2d,CD40037,مسطرة دوش زوجية كروم,8,225.000,1800.000,210000883
a7e56ef2-1e83-16a3-03c5-0fd4dc5b67d1,2b77f52c-b712-cd77-2e1a-2e92f75e5b2d,ART0038,طوبو شطاف 120 سم كروم,12,18.000,216.000,210000884
84161b68-e1ff-a410-8bee-8b0c9f33be58,2b77f52c-b712-cd77-2e1a-2e92f75e5b2d,ART0039,حامل ورق منظف كلينكس,6,54.000,324.000,210000885
3670af33-bd48-a494-726b-0bba223e6e82,cca93450-a57a-e6b2-8ec6-19551ee21c1d,WS10171,مقعد معلق رايملس أبيض,8,635.000,5080.000,310000126
d43f2be5-faac-edbf-d077-2c3ceacc18a7,2b77f52c-b712-cd77-2e1a-2e92f75e5b2d,ART0033,سماعة دوش مع طوبو كروم,6,48.000,288.000,210000874
3755248c-d0e1-390b-f5df-3af3e1e4b1d9,2b77f52c-b712-cd77-2e1a-2e92f75e5b2d,ART0034,سماعة دوش مع طوبو كروم,6,46.000,276.000,210000875
93905460-4943-05f7-4a39-71ccaa732b82,2b77f52c-b712-cd77-2e1a-2e92f75e5b2d,AECU50037,رقبة خلاط حوض مطبخ,5,24.000,120.000,210000886
8b49f9c0-61e1-5298-662d-97fe1464aead,ca0aba1a-4308-0acf-2c2e-5922f61dfdb3,PE30456,ورق سنفرة,100,6.000,600.000,210000943
4881a5cd-4a52-d490-3256-3c152c4b4fe9,ca0aba1a-4308-0acf-2c2e-5922f61dfdb3,PE30455,ورق سنفرة,100,6.000,600.000,210000944
ba0ec17c-74ac-3e28-0e6a-529a731119d2,ca0aba1a-4308-0acf-2c2e-5922f61dfdb3,PE30454,ورق سنفرة,100,6.000,600.000,210000945
3a86f1ae-9058-1ce5-a19b-847dee8b84c1,ca0aba1a-4308-0acf-2c2e-5922f61dfdb3,PE30453,ورق سنفرة,100,7.500,750.000,210000946
69cf5478-1f02-d699-48fd-1a0594aa5474,ca0aba1a-4308-0acf-2c2e-5922f61dfdb3,PE30469,ورق سنفرة 9بوصة 8 فتحات,100,1.000,100.000,210000947
2dbc249d-3f5b-f2f9-ca01-2d8e266dd571,ca0aba1a-4308-0acf-2c2e-5922f61dfdb3,PE30470,ورق سنفرة 7بوصة 6فتحات,100,0.850,85.000,210000948
dec46ab3-9f99-f912-f656-8afbc14d67db,ca0aba1a-4308-0acf-2c2e-5922f61dfdb3,PE30471,ورق سنفرة 9بوصة 8فتحات,100,1.000,100.000,210000949
016636f7-1c1a-f667-847a-48d913464859,ca0aba1a-4308-0acf-2c2e-5922f61dfdb3,PE30472,ورق سنفرة 7بوصة 8فتحات,80,0.850,68.000,210000950
b953b0ca-c149-e2db-9348-65eec3ddc5f6,ca0aba1a-4308-0acf-2c2e-5922f61dfdb3,PE30473,ورق سنفرة 7بوصة 8فتحات,80,0.850,68.000,210000951
3bd8c45a-a25c-b98f-59a0-959e9163e360,7d784a6b-0258-b9f7-6a86-cb5ce45aa94b,PE30087,دلونتي 1لتر,24,2.920,70.000,210000939
7580c59d-5656-3734-67f1-e3b6fe5a62dd,7d784a6b-0258-b9f7-6a86-cb5ce45aa94b,PE30089,دلونتي 1لتر,24,8.335,200.000,210000940
c7545927-0995-fb51-2207-c8389282bed2,88a283d1-c96c-5c8d-e46f-a8a25f65932d,ML10007,خلاط حوض وجه طويل كروم,3,725.000,2175.000,310001359
baf58f8e-6bd4-ec84-8cab-83794e3208f0,cca93450-a57a-e6b2-8ec6-19551ee21c1d,WS10170,مقعد معلق رايملس أبيض,8,680.000,5440.000,310000127
ca5921c0-fa6b-1e9e-4413-40fb22794422,cca93450-a57a-e6b2-8ec6-19551ee21c1d,VS10187,حوض وجه معلق -50 سم,6,200.000,1200.000,310000128
e214be4a-67e4-6295-4699-7cfa9d4206f6,b1fbe98b-3fb6-e985-80c9-aa75e8755583,PA30046,كيس فارغ أبيض,500,0.800,400.000,210000897
15e639a2-6cef-2871-374b-0cff41f59de5,a994e55c-f001-fae3-79f2-91838a9527e1,PE30032,استوك 20 كغ,35,51.410,1799.350,210000890
6706af85-dfd6-f783-fee5-53125dae1394,a994e55c-f001-fae3-79f2-91838a9527e1,ART0045,طلاء عاز ل مطاطي اخضر  10 كغ,10,106.700,1067.000,210000891
6d5fbe31-119c-d1a4-8bc6-20c4e5a33178,a994e55c-f001-fae3-79f2-91838a9527e1,AR20046,طلاء مائي داخلي 10 كغ أبيض,10,34.920,349.200,210000893
cec415b2-0481-27a0-165a-49ad2ff19df7,a994e55c-f001-fae3-79f2-91838a9527e1,PE30040,طلاء مائي مطفي  18 كغ,15,85.360,1280.400,210000894
5df61c89-cdbd-559a-8eb3-b802cf1467b8,a994e55c-f001-fae3-79f2-91838a9527e1,PE30035,استوك 1 كغ,24,5.820,139.680,210000895
aaa91527-2392-a809-0499-54033ddccfa0,a994e55c-f001-fae3-79f2-91838a9527e1,PE30034,استوك 4 كغ,12,14.550,174.600,210000896
08b18421-d329-dcfe-3589-8be0aae56a79,7086ed9c-a031-e1ba-8b01-955756ad73ba,TO9047,مفتاح ربط رقم 10 مم,15,3.150,47.250,210000899
fd360238-daee-0b83-2328-a1c911f0e4ab,7086ed9c-a031-e1ba-8b01-955756ad73ba,RA30071,قفل كورة,4,325.000,1300.000,210000900
8f66d8d7-ce42-87ea-6568-409b164fb98c,7d784a6b-0258-b9f7-6a86-cb5ce45aa94b,ELC1067,سلك كهرباء 2 *2.5 مم²,200,0.285,57.000,210000941
cea92045-da31-6a40-fe3c-955c59d28d22,7d784a6b-0258-b9f7-6a86-cb5ce45aa94b,ELC1068,سلك كهرباء 2 *1.5 مم²,182,0.220,40.040,210000942
b0bb5510-8ba6-2e26-f701-8f8e9c0b79fe,90bd05f0-aa4b-cda3-9acd-75fbe604cc58,RA20021,"مثلث 32* 1"" سن داخلي",50,14.298,714.900,210000218
ff96f8ea-37ee-52de-118b-a1cd8dccaac2,fdd8c833-3fbe-53cb-ed76-b8521b537429,WS10007,مقعد معلق أبيض,3,195.000,585.000,310000052
e190bebd-cb47-7391-d90b-806360105a0b,cca93450-a57a-e6b2-8ec6-19551ee21c1d,VS10188,حوض وجه معلق -60 سم,6,210.000,1260.000,310000129
3becc308-9cf9-95ff-e374-c046929bf631,cca93450-a57a-e6b2-8ec6-19551ee21c1d,VP20212,حوض وجه دائري حوض فوق الرخام - 46سم,4,235.000,940.000,310000130
ea1eb392-dc70-4523-7540-7d6fb6992301,cca93450-a57a-e6b2-8ec6-19551ee21c1d,WS10172,مقعد معلق رايملس أبيض,8,710.000,5680.000,310000131
0e305fe6-ef23-be2c-7220-7372f328ddfb,cca93450-a57a-e6b2-8ec6-19551ee21c1d,WS10114,مقعد معلق رايملس أبيض,4,870.000,3480.000,310000132
1c92e49b-995f-10fe-c2c0-0824ab9094e2,cca93450-a57a-e6b2-8ec6-19551ee21c1d,VP20115,حوض وجه دائري حوض فوق الرخام - 46سم,4,205.000,820.000,310000133
40cce8db-16a7-bfa6-c769-7d66e897d738,7086ed9c-a031-e1ba-8b01-955756ad73ba,PA30134,قفل طلقة 90 مم,6,96.000,576.000,210000901
6df08dc1-4dc1-6f64-9541-7bc423579548,7086ed9c-a031-e1ba-8b01-955756ad73ba,PA30049,رزة باب حديد رقم 10,8,3.100,24.800,210000903
a77d0018-e072-bd91-a761-62c9713d5c76,7086ed9c-a031-e1ba-8b01-955756ad73ba,PE30150,لصقة دبل فيس 3 سم,20,4.250,85.000,210000904
fa17f4ab-e0f6-c096-4164-a03620daeed5,7086ed9c-a031-e1ba-8b01-955756ad73ba,PE30153,غيار موس فرش 0.5 مم,20,2.000,40.000,210000905
697759e8-6219-27b1-517d-cd758affee36,7086ed9c-a031-e1ba-8b01-955756ad73ba,PA30196,منفاخ هواء كهربائي 500 وات,3,75.000,225.000,210000906
c88aca3e-7b48-9933-6abd-340983f9eb22,7086ed9c-a031-e1ba-8b01-955756ad73ba,PA30050,صباصلي صاروخ 9 بوصة,10,2.500,25.000,210000907
53da3d44-eefc-3448-edfd-2e50bfaedaa2,7086ed9c-a031-e1ba-8b01-955756ad73ba,PE30188,فوم 600 غرام,12,14.750,177.000,210000908
d0622ac2-df56-08ff-76ea-1b8713e38c3f,7086ed9c-a031-e1ba-8b01-955756ad73ba,PA30051,قشارة أسلاك كهرباء,6,7.500,45.000,210000909
f55060e7-dd9d-b4a6-95c7-c9b95924830d,6778daf7-9fea-3c4e-6344-825498a1ab21,PE30097,"ملعقة 7"" 18سم",12,4.750,57.000,210000229
6215f496-9db7-a046-1072-0cf36fdc21dd,c9038f6f-34b7-14b7-5942-5a3a991e7ba7,ARSB80796,كسكاس دوش دائري شريحة 250*250 مم مع قصبة كروم,10,95.000,950.000,310001331
216c6c80-4bbd-d6af-6f65-df4fdc48fd1d,cca93450-a57a-e6b2-8ec6-19551ee21c1d,VS10118,حوض وجه معلق -65 سم,6,290.000,1740.000,310000136
fb24c11d-d80c-2ad0-ff1e-c0cdcc30968f,cca93450-a57a-e6b2-8ec6-19551ee21c1d,VS10119,حوض وجه معلق -80 سم,6,330.000,1980.000,310000137
ecaad639-a61c-2c71-a68a-b946f1a66ca2,a5c0af68-c412-3a53-d6f2-e6fc4aaa9447,ARSB80082,شطاف ظغط مربع مع طوبو كروم,10,180.000,1800.000,310000095
e3d994ef-36b3-ca3f-32d8-fb2f1a67acf6,a5c0af68-c412-3a53-d6f2-e6fc4aaa9447,ARSB80269,شطاف ظغط مع طوبو كروم,10,130.000,1300.000,310000096
ae9b685e-b488-df76-3509-8800f6d00a32,cca93450-a57a-e6b2-8ec6-19551ee21c1d,VS10121,حوض وجه معلق -100 سم,3,530.000,1590.000,310000139
2d64e130-b573-416c-e4cd-70e0e0bde795,d1b15f76-7a70-b070-79f2-d81d5181e7ce,PE30027,طلاء مائي داخلي 20 كغ أبيض,20,65.000,1300.000,210000054
2e09a078-ef5b-4089-4c0f-6a552d9373a5,d1b15f76-7a70-b070-79f2-d81d5181e7ce,PE30032,استوك 20 كغ,20,55.000,1100.000,210000055
2c716299-a4fa-2e2c-1bc3-1545d6a4507a,d1b15f76-7a70-b070-79f2-d81d5181e7ce,PE30026,طلاء مائي داخلي 18 كغ أبيض,5,83.000,415.000,210000056
17c0f40f-2935-cd4c-00f3-86a9fdb3c848,d1b15f76-7a70-b070-79f2-d81d5181e7ce,PE30029,طلاء  أكريليكي عازل رطوبة داخل خارج  10 كغ أبيض,10,73.000,730.000,210000057
c28b85e1-9aca-322d-9985-7c0bd0c46be4,e075a1c8-2ee7-6ee1-5f4f-69193df97e17,VS10046,حوض وجه معلق زاوية أبيض 50 سم,2,95.000,190.000,210000049
9f03f6e4-c52f-494b-66fa-4ec99381f1d7,e075a1c8-2ee7-6ee1-5f4f-69193df97e17,VS10049,حوض وجه معلق 80 سم أبيض مع خلاط مع سيفوني,2,250.000,500.000,210000050
2d1fa2b2-7343-434e-654f-81b7c384ea46,e075a1c8-2ee7-6ee1-5f4f-69193df97e17,VP20048,حوض وجه فوق الرخام أبيض -41سم,3,130.000,390.000,210000051
17ff4a27-49c4-5916-2549-45107a58fb34,e075a1c8-2ee7-6ee1-5f4f-69193df97e17,VS10047,حوض وجه معلق أبيض 50 سم,3,200.000,600.000,210000052
6d447089-066b-a7fc-403d-7d0a2b986840,d1b15f76-7a70-b070-79f2-d81d5181e7ce,PE30037,طلاء مائي داخلي 20 كغ أبيض مطفي,20,98.000,1960.000,210000053
314834ae-b17d-fee4-4bac-70b667665260,cca93450-a57a-e6b2-8ec6-19551ee21c1d,VS10122,حوض وجه معلق -100 سم,3,395.000,1185.000,310000140
3686a08b-fb49-e5c5-b5ae-bddf07f230a1,d1b15f76-7a70-b070-79f2-d81d5181e7ce,PE30028,طلاء مائي داخلي 5 كغ أبيض,8,22.000,176.000,210000060
1015f886-631b-f9f9-aa91-5f43c9fd5b97,d1b15f76-7a70-b070-79f2-d81d5181e7ce,PE30030,دهان مطاطي عازل أكريليكي  كغ13 أسود,10,142.000,1420.000,210000061
7903b121-0fff-aaae-9c00-2f28beb4d219,d1b15f76-7a70-b070-79f2-d81d5181e7ce,PE30031,دهان عازل أكريليكي  كغ3.5 أبيض,10,39.000,390.000,210000062
bcbd761c-1b2f-33df-d9e5-e130659bd445,d1b15f76-7a70-b070-79f2-d81d5181e7ce,PE30038,دهان عازل مائي  كغ5 أبيض,5,47.000,235.000,210000063
22921010-6032-9a54-1175-c8a4e8ca8246,d1b15f76-7a70-b070-79f2-d81d5181e7ce,PE30039,دهان عازل مائي  كغ3 أبيض,5,35.000,175.000,210000064
579b03e9-30ef-3749-6de6-9c6ffefbdb46,750669ac-ff1e-44cc-070f-cb43b8c75b5b,PE30040,طلاء مائي داخلي 18 كغ أبيض مطفي,20,93.000,1860.000,210000065
7daf24d1-50dd-669f-9422-484c834badea,750669ac-ff1e-44cc-070f-cb43b8c75b5b,PE30041,دهان عازل خارجي داخلي كغ10 أبيض,8,134.000,1072.000,210000066
ab7e6aa9-72ee-0f5c-4ae6-b4c8e1f98faa,750669ac-ff1e-44cc-070f-cb43b8c75b5b,PE30042,طلاء مائي عازل 15 كغ أبيض,5,160.000,800.000,210000067
f0a567e5-0b22-c0de-1e3f-ae1b2b021b1d,6338f2dd-78ce-8293-b759-d67be3e385fa,PE30016,زمالطو ضد الصدأ 4 كغ أسود,4,40.000,160.000,210000068
b75b75e3-5605-ab03-8130-1e50b91f6d1e,6338f2dd-78ce-8293-b759-d67be3e385fa,PE30015,زمالطو ضد الصدأ 3 كغ أَحْمَر,4,40.000,160.000,210000069
cb3dac5f-588f-ddf1-7d6f-72f75bd46f8e,6338f2dd-78ce-8293-b759-d67be3e385fa,PE30020,زمالطو  2.5 كغ أصفر لامع,4,44.000,176.000,210000070
0df2beeb-c023-f7dc-355d-178b323605d2,6338f2dd-78ce-8293-b759-d67be3e385fa,PE30023,زمالطو ضد الصدأ 3 كغ أَحْمَر لامع,8,44.000,352.000,210000071
10ffd8be-b6d7-6063-57a1-1b4a9c80c272,6338f2dd-78ce-8293-b759-d67be3e385fa,PE30022,زمالطو ضد الصدأ 3 كغ أسود لامع,8,44.000,352.000,210000072
d2693a97-aa8a-e270-f414-0b781bae4a31,6338f2dd-78ce-8293-b759-d67be3e385fa,PE30024,زمالطو ضد الصدأ 3 كغ بُنِيّ,8,44.000,352.000,210000073
54e494ae-a254-4822-4d5b-36357c48c81e,cca93450-a57a-e6b2-8ec6-19551ee21c1d,VS10123,حوض وجه معلق -75 سم,6,395.000,2370.000,310000141
15addd41-0b56-39a3-122a-dcff6f7d319d,6338f2dd-78ce-8293-b759-d67be3e385fa,PE30019,زمالطو ضد الصدأ 3 كغ أزرق داكن,4,44.000,176.000,210000076
ba2e201b-f1e3-f9d4-7b9d-6542891e0284,6338f2dd-78ce-8293-b759-d67be3e385fa,PE30018,زمالطو ضد الصدأ 3 كغ أزرق سماوي,4,44.000,176.000,210000077
9eae7e7f-7804-266a-6e5b-89ceb687a01f,6338f2dd-78ce-8293-b759-d67be3e385fa,PE30043,طلاء زيتي 850 غ أَحْمَر لامع,9,15.000,135.000,210000078
036291ab-3600-0e86-e569-b2a23df5d672,6338f2dd-78ce-8293-b759-d67be3e385fa,PE30044,طلاء زيتي 850 غ أصفر لامع,9,15.000,135.000,210000079
b53d9387-2917-dce3-f321-abd99a30a546,6338f2dd-78ce-8293-b759-d67be3e385fa,PE30045,طلاء زيتي 700 غ رصاصي لامع,9,15.000,135.000,210000080
93e7573f-081e-91af-09d0-1ec366303540,6338f2dd-78ce-8293-b759-d67be3e385fa,PE30046,طلاء زيتي 700 غ بني لامع,9,15.000,135.000,210000081
c0b06d69-3689-47fc-57c9-71e2f81ce57a,6338f2dd-78ce-8293-b759-d67be3e385fa,PE30047,طلاء زيتي 700 غ أسود لامع,9,15.000,135.000,210000082
fb70a48f-5fb3-059c-c68c-4c47da030c55,6338f2dd-78ce-8293-b759-d67be3e385fa,PE30048,طلاء زيتي 700 غ أزرق داكن,9,15.000,135.000,210000083
3d446e49-4144-2acd-bb05-1680be6dcecc,6338f2dd-78ce-8293-b759-d67be3e385fa,PE30049,طلاء زيتي 700 غ بُرْتُقَالِيّ,9,15.000,135.000,210000084
20d7a6dd-7e06-8dfe-9467-11de8fa97ff6,6338f2dd-78ce-8293-b759-d67be3e385fa,PE30050,طلاء زيتي 700 غ كريمي,9,15.000,135.000,210000085
9b8e2f53-7de8-dd64-1ded-dba7d35a0c7c,6338f2dd-78ce-8293-b759-d67be3e385fa,PE30051,طلاء زيتي 850 غ أبيض لامع,9,15.000,135.000,210000086
bb4ffdcc-83b4-b43f-666d-810ac0dd498a,6338f2dd-78ce-8293-b759-d67be3e385fa,PE30052,طلاء زيتي ضد الصدأ 850 غ أَحْمَر لامع,9,13.000,117.000,210000087
aed4ad79-29bf-24a4-efc9-dbde093e4e35,6338f2dd-78ce-8293-b759-d67be3e385fa,PE30053,طلاء زيتي ضد الصدأ 850 غ رصاصي,9,13.000,117.000,210000088
f59fa02e-31f1-b542-ec49-c4c25200332f,6338f2dd-78ce-8293-b759-d67be3e385fa,PE30054,طلاء زيتي 850 غ فضي,9,25.000,225.000,210000089
008a8207-cf38-b2ef-f959-d20c45e7f7ff,cca93450-a57a-e6b2-8ec6-19551ee21c1d,VS10125,حوض وجه معلق -55 سم,6,190.000,1140.000,310000143
41cb8a21-017b-d424-17a2-8191e306c34c,ab1966aa-06dd-713c-5379-225e5ad82a5c,PE30057,طلاء زيتي لماع داخلي و خارجي 100 غ رمادي فاتح,24,2.950,70.800,210000092
9c417647-28e2-4534-b3b6-f353c135f164,ab1966aa-06dd-713c-5379-225e5ad82a5c,PE30058,طلاء زيتي لماع داخلي و خارجي 100 غ أبيض,24,2.950,70.800,210000093
5b825d50-5de4-e0f2-0f40-871ebf4da776,ab1966aa-06dd-713c-5379-225e5ad82a5c,PE30059,طلاء زيتي لماع داخلي و خارجي 100 غ أزرق داكن,24,2.950,70.800,210000094
13f4a200-d7f9-795f-c3f2-8e386215062d,ab1966aa-06dd-713c-5379-225e5ad82a5c,PE30060,طلاء زيتي لماع داخلي و خارجي 100 غ أَحْمَر,24,2.350,56.400,210000095
30910bb3-5d6b-6490-6de9-923f3951a914,ab1966aa-06dd-713c-5379-225e5ad82a5c,PE30061,طلاء زيتي لماع داخلي و خارجي 100 غ أَخْضَرُ,24,2.750,66.000,210000096
a096eb95-a065-46c8-7c8f-cbcf4de75324,ab1966aa-06dd-713c-5379-225e5ad82a5c,PE30062,طلاء زيتي لماع داخلي و خارجي 100 غ أزرق فاتح,24,2.950,70.800,210000097
a4961df3-7edf-3682-e89b-78262f6b6601,96aeb3db-f9c9-3d73-49bb-41f28f0a1bfd,PE30063,طلاء بخاخ داخلي و خارجي أبيض,12,4.333,51.996,210000098
21b35a90-b6da-5afd-9a49-49a1782844bc,96aeb3db-f9c9-3d73-49bb-41f28f0a1bfd,PE30064,طلاء بخاخ داخلي و خارجي كروم لامع,12,5.250,63.000,210000100
7c058638-b259-46e1-9383-c7d364e2df7e,96aeb3db-f9c9-3d73-49bb-41f28f0a1bfd,PE30065,طلاء بخاخ داخلي و خارجي أصفر لامع,12,5.417,65.004,210000101
4ac95295-89fa-91a5-9450-200d0727b6c3,96aeb3db-f9c9-3d73-49bb-41f28f0a1bfd,PE30066,طلاء بخاخ داخلي و خارجي أسود مطفي,12,4.333,51.996,210000102
b8b99d4f-695f-d8d7-5965-1239c717e9d1,96aeb3db-f9c9-3d73-49bb-41f28f0a1bfd,PE30067,طلاء بخاخ داخلي و خارجي أسود لامع,12,4.333,51.996,210000103
55dbc04d-42db-f1f1-5a74-a269db3fc672,96aeb3db-f9c9-3d73-49bb-41f28f0a1bfd,PE30068,طلاء بخاخ داخلي و خارجي أصفر,12,4.333,51.996,210000104
6db2ad38-1db6-5ae7-c702-79c2bb9dc1f5,1848116d-3371-ba85-30a4-89b448995572,AASB30198,صابون سائل,5,10.000,50.000,310000098
00576184-8435-8fbc-cf46-738943522e1c,da18edde-1d09-9dea-3237-6e2d69b959d8,RA30004,طوبو4'' 6 متر,10,77.000,770.000,210000107
95647df6-c9d9-2b48-c4f0-e0650635da25,da18edde-1d09-9dea-3237-6e2d69b959d8,RA30003,طوبو3'' 6 متر,10,58.000,580.000,210000108
4a47d0e6-28aa-7d50-07ce-81c8a8777395,da18edde-1d09-9dea-3237-6e2d69b959d8,RA30002,طوبو1.5'' 6 متر,10,28.000,280.000,210000109
17d5270a-ad84-f848-2848-52ed6ef27a2c,da18edde-1d09-9dea-3237-6e2d69b959d8,RA30001,طوبو1'' 6 متر,10,22.000,220.000,210000110
a7e8c869-b98d-1b69-51dd-cd342eeb7a8d,18e2f090-d47f-853f-7944-7a5050f753c3,RA30006,"مثلث 6"" °87.5",10,57.000,570.000,210000111
4fa8c2b1-5f13-ee56-a1c6-2ba24b9446e4,18e2f090-d47f-853f-7944-7a5050f753c3,RA30007,"كوربة 6"" °87.5",9,39.500,355.500,210000112
443ff2ea-a3d4-015e-90f1-c63d9b57a943,18e2f090-d47f-853f-7944-7a5050f753c3,RA30008,"كوربة 6"" 45.5°",12,36.500,438.000,210000113
d39a8df4-2833-811c-3fc8-a4ffea9e30c7,18e2f090-d47f-853f-7944-7a5050f753c3,RA30009,"كوربة 4"" 87.5°",28,13.500,378.000,210000114
96715921-dbc1-4ba4-5d77-9f30b1a6a7a7,18e2f090-d47f-853f-7944-7a5050f753c3,RA30010,"كوربة 4"" 45°",36,12.500,450.000,210000115
f890f689-8cd0-b06b-e5bf-9b77d7559888,18e2f090-d47f-853f-7944-7a5050f753c3,RA30011,"كوربة 3"" 45°",40,7.250,290.000,210000116
606c419a-ddb8-36e7-9d68-e28bdece55e0,18e2f090-d47f-853f-7944-7a5050f753c3,RA30012,"كوربة 3"" 87.5°",34,8.250,280.500,210000117
dd28afc1-ce7e-ecb9-ac3c-67643fd44068,18e2f090-d47f-853f-7944-7a5050f753c3,RA30013,"كوربة اس (2 قطع) 4"" 45°",15,28.500,427.500,210000118
7efab5aa-6dce-7831-c9e4-33ffd31abc6d,18e2f090-d47f-853f-7944-7a5050f753c3,PE30011,استوك سيارات فايبر  1.9 كغ,6,21.000,126.000,210000119
9011d7bd-e273-9136-b32b-6bdf3b401669,18e2f090-d47f-853f-7944-7a5050f753c3,PE30010,استوك سيارات حديد  1.9 كغ,6,17.000,102.000,210000120
6655b532-8d8d-fbd7-49c6-94d62a51a4c4,1848116d-3371-ba85-30a4-89b448995572,AASB30031,صابونية كروم,15,22.500,337.500,310000063
72a999f3-d524-9d54-c4f2-fae477bfd15b,18e2f090-d47f-853f-7944-7a5050f753c3,RA30014,"كوربة 1"" - 90°",150,1.700,255.000,210000123
adcc70ae-63d5-1a62-4f17-d40ec6e2016c,18e2f090-d47f-853f-7944-7a5050f753c3,RA30015,"كوربة 2"" - 90°",30,3.300,99.000,210000124
1613972a-1be0-30d8-c39b-d6be53e46cf9,18e2f090-d47f-853f-7944-7a5050f753c3,RA30016,"كوربة 2"" - 45°",40,3.300,132.000,210000125
d9f3b994-1f84-56f9-3415-47c8ff9ca5fc,c3fae07e-4a71-9d46-b447-c96f942cda5f,RA30017,"كوربة 1.5"" - 90°",60,2.250,135.000,210000126
b7976e3b-8b09-ef8b-2c1d-554f28153d7b,c3fae07e-4a71-9d46-b447-c96f942cda5f,RA30018,"كوربة 1.5"" - 45°",80,2.100,168.000,210000127
2805eb5e-62c5-97e8-bb6e-1791319e5953,c3fae07e-4a71-9d46-b447-c96f942cda5f,RA30019,"مثلث 1""",120,2.150,258.000,210000128
4e2d7d18-99c3-4de8-229f-beb801d04168,c3fae07e-4a71-9d46-b447-c96f942cda5f,RA30020,"مثلث 2""",24,4.750,114.000,210000129
0e628669-4756-0f48-8b39-813f0cca931a,c3fae07e-4a71-9d46-b447-c96f942cda5f,RA30021,"مثلث 3""",40,11.500,460.000,210000130
d5a8f4d4-8b71-a8dc-6d71-40b25b34d974,c3fae07e-4a71-9d46-b447-c96f942cda5f,RA30022,"مثلث 4""",21,19.250,404.250,210000131
e3355ce9-3e19-31f7-c03e-c89f92eeb33f,c3fae07e-4a71-9d46-b447-c96f942cda5f,RA30023,"كوربة باب 4"" 87.5°",24,18.750,450.000,210000132
47b2aa39-e039-4caa-dbe5-fa07d603b04d,c3fae07e-4a71-9d46-b447-c96f942cda5f,RA30024,"جرجوري 4"" * 3""",11,17.000,187.000,210000133
c640393a-20ed-ff67-9923-b8d71f578f16,c3fae07e-4a71-9d46-b447-c96f942cda5f,RA30025,"جرجوري4""",10,17.000,170.000,210000134
60e4ad98-1a0b-d3a8-85f7-7938b184f5a0,60e8ac80-de25-9dc4-cb3f-ef37218e67b1,RA30026,"واي 4"" 45°",16,25.750,412.000,210000135
73b534d7-51cb-f482-5d0d-3bfa3aca891a,60e8ac80-de25-9dc4-cb3f-ef37218e67b1,RA30027,"واي 3"" 45°",21,17.000,357.000,210000136
93ebf4fa-5c5b-68f7-1700-d35639846f47,60e8ac80-de25-9dc4-cb3f-ef37218e67b1,RA30028,"واي 1.5"" 45°",36,4.500,162.000,210000137
5a99ff00-2090-148c-a637-9ba0f74f5b4c,1848116d-3371-ba85-30a4-89b448995572,AASB30062,صابونية كروم,10,22.500,225.000,310000064
ef69e42e-ee2b-865d-c78d-9dcccfe4fe0c,60e8ac80-de25-9dc4-cb3f-ef37218e67b1,RA30031,"وصلة 1.5""",100,1.650,165.000,210000140
b1603ac7-84b5-2cb7-78de-c3b8c5c86b86,60e8ac80-de25-9dc4-cb3f-ef37218e67b1,RA30032,"وصلة 1""",100,1.300,130.000,210000141
67a2d2cc-79c3-f546-8c0b-e8c3a8018b44,60e8ac80-de25-9dc4-cb3f-ef37218e67b1,RA30033,"وصلة 2""",60,1.950,117.000,210000142
3fc8984b-7cad-6ad2-0d21-1f28b6a398c9,60e8ac80-de25-9dc4-cb3f-ef37218e67b1,RA30034,"مثلث 1.5"" 90°",52,3.250,169.000,210000143
d1760213-baf4-ce10-12cd-783aa551cfa0,60e8ac80-de25-9dc4-cb3f-ef37218e67b1,RA30035,"مثلث باب 4""",15,26.500,397.500,210000144
0c8021c6-8fd5-1b4a-141e-217a1b528d01,60e8ac80-de25-9dc4-cb3f-ef37218e67b1,RA30036,"مخفض 1.5"" * 1""",100,1.850,185.000,210000145
1303c24f-11b8-c834-4f62-ca782b59016d,a138539c-e70d-1eae-971f-e3d0b7f1427f,RA30037,"ديسكو حديد 9""*""1/8*""7/8 230*3.2*22.23 مم",25,8.500,212.500,210000146
5a360fa8-7140-209a-fbfc-ce621d2764f1,a138539c-e70d-1eae-971f-e3d0b7f1427f,RA30038,"ديسكو حديد تنظيف 7""*""1/4*""7/8 180*6.5*22.23 مم",10,10.500,105.000,210000147
2357abb0-1a35-dc39-410b-30f1338b5b09,a138539c-e70d-1eae-971f-e3d0b7f1427f,RA30039,"ديسكو حديد تنظيف 9""*""1/4*""7/8 230*6.5*22.23 مم",30,16.500,495.000,210000148
b3fec9f0-923c-02a5-73dd-daa97fb158ab,a138539c-e70d-1eae-971f-e3d0b7f1427f,RA30040,"ديسكو حديد 14""*""5/32*""1 350*4.0*25.4 مم",10,24.750,247.500,210000149
11203736-eaaa-4fb4-4f23-2c4c686a14d0,a138539c-e70d-1eae-971f-e3d0b7f1427f,RA30041,"ديسكو خرسانة 9""*""1/8*""7/8 230*3.2*22.23 مم",25,10.500,262.500,210000150
1077252b-7793-1f17-3f70-dd43526f5243,a138539c-e70d-1eae-971f-e3d0b7f1427f,RA30042,"ديسكو سريع 9""*""1/14*""7/8 230*1.9*22.23 مم",25,8.750,218.750,210000151
b356e047-6db8-d112-555f-f5e6af2d8c7a,a138539c-e70d-1eae-971f-e3d0b7f1427f,RA30043,"ديسكو تنظيف 4.5""*""1/4*""4.5 115*6.5*22.23 مم",10,5.650,56.500,210000152
c0823e1e-027b-e9aa-8f51-7a368089478d,a138539c-e70d-1eae-971f-e3d0b7f1427f,RA30044,"ديسكو تنظيف 4"" 100*6.4*16",10,3.750,37.500,210000153
cec87b98-0139-55e1-c13f-b8cb888a6dfb,821c04f4-1e18-83e9-e07b-faedc4a559cd,RA30046,"مجمع 2"" 1.5"" 1.5"" 1.5""",25,15.500,387.500,210000155
3cdbc155-0876-02e0-bf3b-5abe2f286e7f,821c04f4-1e18-83e9-e07b-faedc4a559cd,RA30047,"مخفض 4"" * 3""",28,7.500,210.000,210000156
db93f768-dbf1-c5ed-f039-a5ffde632af8,821c04f4-1e18-83e9-e07b-faedc4a559cd,RA30048,"مخفض 4"" * 2""",30,7.500,225.000,210000157
e00dd55f-ede1-c801-0c27-a6b65e3311e9,821c04f4-1e18-83e9-e07b-faedc4a559cd,RA30049,"مخفض 3"" * 2""",40,6.750,270.000,210000158
4564d3d3-53cb-ee5b-dbf1-0696fd998843,821c04f4-1e18-83e9-e07b-faedc4a559cd,RA30050,طوبو رش 3/4 20 متر,4,49.000,196.000,210000159
4aff5549-9796-af7e-ea7c-cde843c26ba3,821c04f4-1e18-83e9-e07b-faedc4a559cd,RA30051,طوبو رش 3/4 10 متر,5,26.000,130.000,210000160
41d1d827-7eec-3534-e40f-94e47b3b07ba,821c04f4-1e18-83e9-e07b-faedc4a559cd,RA30052,طوبو رش 3/4 40 متر,5,94.000,470.000,210000161
60e2d3cf-4463-c61a-7863-0ef7ba4a7df8,821c04f4-1e18-83e9-e07b-faedc4a559cd,RA30053,طوبو رش 3/4 50 متر,5,115.000,575.000,210000162
e2c100ca-de4d-4a43-6026-d5cc197e58c4,ea1dcf17-baed-cc34-d60a-38d475be247b,RA30071,قفل كورة,3,330.000,990.000,210000179
113db290-d26a-7700-5cf7-2aa5e05399bc,6164c833-cc00-e263-1989-3224300fdf3e,RA30055,طوبو2'' 6 متر,10,35.000,350.000,210000163
684045ee-8955-80cd-4517-d1f184137bc6,6164c833-cc00-e263-1989-3224300fdf3e,RA20053,"مخفض 4"" * 1.5""",28,7.500,210.000,210000164
44d9016f-db65-9235-62e4-6ccdbb03612a,6164c833-cc00-e263-1989-3224300fdf3e,RA30056,"مخفض 2"" *.5 1""",30,3.500,105.000,210000165
31d0e967-cc02-62f1-1e45-c933dcb03f07,6164c833-cc00-e263-1989-3224300fdf3e,RA30057,"وصلة 3""",72,5.500,396.000,210000166
e8517972-78bc-3823-b769-b0e94f79e608,6164c833-cc00-e263-1989-3224300fdf3e,RA30058,"وصلة 4""",60,7.500,450.000,210000167
54306e5c-7b5d-6421-6c1b-66c19bd5d7d4,6164c833-cc00-e263-1989-3224300fdf3e,RA30059,"طابة تسليك 4""",24,8.500,204.000,210000168
5ace9205-45f6-bdcd-8ae0-3240d4a4cb96,6164c833-cc00-e263-1989-3224300fdf3e,RA30060,"وصلة 1.5""* 1.5"" سن داخلي",25,3.750,93.750,210000169
46cc3dbe-ff56-ca20-3bc1-2709759bb57f,1848116d-3371-ba85-30a4-89b448995572,MF20189,مراية حمام صغيرة بالعلاقة ضد البخار كروم,10,15.000,150.000,310000065
e6ddd1f8-e488-9c44-0101-965b526e5245,6164c833-cc00-e263-1989-3224300fdf3e,RA30064,"طابة نهاية خط 2""",15,3.250,48.750,210000172
f936506e-8fc8-4860-381a-f1c4c9cff4a4,6164c833-cc00-e263-1989-3224300fdf3e,RA30063,"طابة مجمع 2""",11,3.100,34.100,210000173
fd69f4f7-8717-1483-e042-bf1640d8f12a,6164c833-cc00-e263-1989-3224300fdf3e,RA30066,"طابة نهاية خط 4""",15,7.500,112.500,210000174
64c07975-24e1-3981-e870-e45f2f84206f,6164c833-cc00-e263-1989-3224300fdf3e,RA30067,"طابة مجمع 1.5""",30,2.750,82.500,210000175
bee157bf-ffdd-4a8d-8db1-731b8f6a9c98,6164c833-cc00-e263-1989-3224300fdf3e,RA30068,"مخفض 6"" * 4""",10,25.000,250.000,210000176
bde34e0f-f35e-e10b-ad65-f21d7dfbba82,6164c833-cc00-e263-1989-3224300fdf3e,RA30069,"كوربة رايحة لسيفون  3""",15,5.500,82.500,210000177
33a56153-f3f8-5b7d-1a54-d01872e75dc7,6164c833-cc00-e263-1989-3224300fdf3e,RA30070,"هوَّاية 4""",15,8.500,127.500,210000178
a2c76af2-df83-5c1a-e924-25eccf6dcb27,6164c833-cc00-e263-1989-3224300fdf3e,RA20060,"كوربة رايحة لسيفون  2""",15,5.500,82.500,210000180
ecde6228-6735-25c2-efd6-f898f7ba1e60,fc8a7aec-d579-c436-20f7-bddfbe56c845,PE30095,ورق سنفرة قماش رقم 60,40,3.375,135.000,210000191
7fbc1d79-c794-3f12-57ce-237e5429a802,fc8a7aec-d579-c436-20f7-bddfbe56c845,PE30094,ورق سنفرة قماش رقم 180,40,3.375,135.000,210000192
dd067aa6-3af2-8352-e54a-0321d47d74e8,fc8a7aec-d579-c436-20f7-bddfbe56c845,PE30093,ورق سنفرة قماش رقم 120,35,2.228,77.980,210000193
83537690-273d-df6f-eafb-f72a113397eb,fc8a7aec-d579-c436-20f7-bddfbe56c845,PE30092,ورق سنفرة قماش رقم 400,35,2.228,77.980,210000194
ebb40f13-a87b-4497-9230-c205b3b9d7a7,fc8a7aec-d579-c436-20f7-bddfbe56c845,PE30091,ورق سنفرة قماش رقم 80,35,2.228,77.980,210000195
35ff0bdc-30e0-44cb-9725-7e2d43c5b98e,fc8a7aec-d579-c436-20f7-bddfbe56c845,RA30090,ورق سنفرة قماش رقم 220,35,2.228,77.980,210000196
9f79a66c-e459-197a-93ef-a91531431c13,dee93173-0eb1-66cf-cffa-985a6b0ed2d6,AASB30222,سلة قمامة,6,45.000,270.000,310000099
28cd40e9-9d4c-a0d6-3af5-6dcd0e25c3ea,fc8a7aec-d579-c436-20f7-bddfbe56c845,EL50098,كلبس كاو رقم 18,10,2.000,20.000,210000223
f1006c06-2f98-2352-eda3-2e3e8c19a7bd,90bd05f0-aa4b-cda3-9acd-75fbe604cc58,RA20036,مواسير 25'',100,20.000,2000.000,210000181
8706071e-1d65-0fc2-0de7-ffc43b89e4e7,90bd05f0-aa4b-cda3-9acd-75fbe604cc58,RA20037,مواسير 32'',50,33.000,1650.000,210000182
a98d9380-52d9-565b-dfa4-87c3cd6ca457,90bd05f0-aa4b-cda3-9acd-75fbe604cc58,RA20013,"وصلة 25"" لحام",600,0.523,313.800,210000183
f3ba33f4-624e-8001-a23f-cce6a2898324,90bd05f0-aa4b-cda3-9acd-75fbe604cc58,RA20020,"مثلث 32"" لحام",180,2.090,376.200,210000184
0bbb676b-1200-d567-0fcd-84e939896c82,90bd05f0-aa4b-cda3-9acd-75fbe604cc58,RA20003,"كوع 32"" - 45 لحام",300,1.520,456.000,210000185
4cbc37e2-a1c8-4480-0fba-68aad4ae0fc6,90bd05f0-aa4b-cda3-9acd-75fbe604cc58,RA20012,"وصلة 32"" لحام",300,1.026,307.800,210000186
f8f41e3f-c8e7-eae7-3dc8-b314dc52be8a,90bd05f0-aa4b-cda3-9acd-75fbe604cc58,RA20038,"طابة 32"" لحام",500,0.969,484.500,210000187
b62656ae-e869-ae0b-531d-54fac3f35c6c,90bd05f0-aa4b-cda3-9acd-75fbe604cc58,RA20008,"كوع 25* 1/2"" سن داخلي",360,4.038,1453.680,210000188
667d362f-b1c8-319d-5590-ed0e74599974,90bd05f0-aa4b-cda3-9acd-75fbe604cc58,RA20078,صرباص 25,270,1.691,456.570,210000189
62c0d8de-d93a-3671-b8e3-9d3d5b7d3b4c,90bd05f0-aa4b-cda3-9acd-75fbe604cc58,RA20011,"كوع 25 *  3/4"" سن خارجي",50,6.793,339.650,210000190
4f8c79ac-25b1-4999-f521-b7c3046624f1,90bd05f0-aa4b-cda3-9acd-75fbe604cc58,RA20002,"كوع 25"" - 45 لحام",100,0.865,86.500,210000198
500ad290-d23f-ab65-d3c9-6a1478030fba,90bd05f0-aa4b-cda3-9acd-75fbe604cc58,RA20025,"مثلث 25* 3/4"" سن داخلي",50,5.795,289.750,210000199
643e9ca7-022e-c3ed-b145-8a6323635327,90bd05f0-aa4b-cda3-9acd-75fbe604cc58,RA20030,كواردة 25 سن خارجي,40,12.825,513.000,210000200
fbd2c8eb-5235-cda3-f5eb-f00f397bf878,ae855bf9-d6cd-33b0-d844-24ee4ba36e1c,ML30086,مرايا حمام مع إضاءة لد 60*60 سم,6,75.000,450.000,310000102
feb3d573-4952-65d5-de1d-edcbb790be3d,90bd05f0-aa4b-cda3-9acd-75fbe604cc58,RA20014,"وصلة 25* 1/2"" سن داخلي",200,4.085,817.000,210000203
144dd673-0e45-68e2-cc84-ef4ee58d3c73,90bd05f0-aa4b-cda3-9acd-75fbe604cc58,RA20017,"وصلة 25* 3/4"" سن خارجي",100,6.508,650.800,210000204
5c1a7c5d-cb2e-811f-dfde-c740fdd53bc6,90bd05f0-aa4b-cda3-9acd-75fbe604cc58,RA20010,"كوع 25* 3/4"" سن داخلي",50,5.320,266.000,210000205
e4811f05-4b17-bc64-4b6b-0d071b42f0ae,90bd05f0-aa4b-cda3-9acd-75fbe604cc58,RA20016,"وصلة 25* 3/4"" سن داخلي",100,4.988,498.800,210000206
391d7f1a-d878-22b8-b0e4-0274913c9ac1,90bd05f0-aa4b-cda3-9acd-75fbe604cc58,RA20034,"سنيسكا 25"" كروم",40,46.075,1843.000,210000207
f0abac07-f6bd-b57d-deea-5d0af81ad071,90bd05f0-aa4b-cda3-9acd-75fbe604cc58,RA20033,"سنيسكا 25"" ليفة",40,15.533,621.320,210000208
0b545c48-d524-4faf-9f69-fb0ee378364d,90bd05f0-aa4b-cda3-9acd-75fbe604cc58,RA20035,"سنيسكا 25"" قصيرة طربوش",30,38.475,1154.250,210000209
f97eb0cf-3640-94fa-13a6-f1161f8ea4ff,90bd05f0-aa4b-cda3-9acd-75fbe604cc58,RA20001,"كوع 25"" لحام",400,0.760,304.000,210000210
3fc778ac-abd0-2616-2710-e233ed2dc32d,90bd05f0-aa4b-cda3-9acd-75fbe604cc58,RA20007,"كوع 32"" لحام",240,1.321,317.040,210000211
3af4a44d-855e-7691-0fde-aa5c19eee614,90bd05f0-aa4b-cda3-9acd-75fbe604cc58,RA20031,كواردة 25 سن داخلي,40,10.925,437.000,210000212
de8fb378-c98c-9996-cc22-3b21f8c58719,90bd05f0-aa4b-cda3-9acd-75fbe604cc58,RA20028,كواردة 32 لحام FIRAT,30,5.178,155.340,210000213
a1aac49a-0dcd-4bab-911b-fc81a040e213,90bd05f0-aa4b-cda3-9acd-75fbe604cc58,RA20027,كواردة 32 سن داخلي,60,15.343,920.580,210000214
656e34f3-fa0a-2b98-cfb4-6349b09a3c12,90bd05f0-aa4b-cda3-9acd-75fbe604cc58,RA20029,كواردة 25 لحام FIRAT,50,4.845,242.250,210000215
32588990-bc19-016e-247b-8042391c0ef9,90bd05f0-aa4b-cda3-9acd-75fbe604cc58,RA20006,"كوع 32 - 3/4"" سن داخلي",100,7.505,750.500,210000216
4cbfba5d-60fb-f982-ba37-b9f69ab5d83f,ae855bf9-d6cd-33b0-d844-24ee4ba36e1c,ML30080,مرايا حمام مع إضاءة لد 80*60 سم,6,85.000,510.000,310000103
f55e342e-126a-4e66-f62c-4e9e7ac32dd3,90bd05f0-aa4b-cda3-9acd-75fbe604cc58,RA20005,"كوع 32 - 1"" سن داخلي",50,13.538,676.900,210000219
d0a9c4ac-55ad-a5e5-1b1a-2106d06de5e4,90bd05f0-aa4b-cda3-9acd-75fbe604cc58,RA20009,"كوع 25 *  1/2"" سن خارجي",100,5.320,532.000,210000220
9247a373-9484-bd5a-5b89-9488275ee180,90bd05f0-aa4b-cda3-9acd-75fbe604cc58,RA20019,"وصلة 32* 1"" سن داخلي",50,13.538,676.900,210000224
936493ea-100f-db88-a31f-3634fca23221,90bd05f0-aa4b-cda3-9acd-75fbe604cc58,RA20018,"وصلة 32* 1"" سن خارجي",50,15.818,790.900,210000225
bc11a1dc-bbdc-af03-017c-860926e75218,90bd05f0-aa4b-cda3-9acd-75fbe604cc58,RA20041,اسطافة 25'',1000,0.409,409.000,210000226
51171a8f-548c-5f7a-3400-356787ac93c4,90bd05f0-aa4b-cda3-9acd-75fbe604cc58,RA20022,"مثلث 32* 3/4"" سن داخلي",120,8.170,980.400,210000227
6cb76fd3-cdf4-369f-c462-0d40a0596451,6778daf7-9fea-3c4e-6344-825498a1ab21,PE30096,موس فرش 18 مم,12,4.800,57.600,210000228
3a120b53-3ede-4a51-5984-5a659c4318d3,6778daf7-9fea-3c4e-6344-825498a1ab21,PE30106,"صندوق عدة بلاستك 17"" 37*19.5*18سم",2,28.000,56.000,210000238
0cb750ab-f3d7-ab46-f223-91fffe7ea115,0244e34c-6140-fc1b-9843-b2959ea2d5de,P30110,مضخة ماجن 3/4 حصان ضد التآكل,3,565.000,1695.000,210000260
c6069de7-0cb6-6bcc-522d-b58a0612d70d,916ab6f6-2b4b-bf14-508c-019837d6c043,PA30129,قفل طلقة 80 مم,12,15.500,186.000,210000287
aaa7d504-d3ae-b01d-ced2-ac014f2ac1f2,dcb439cf-c425-2d3f-a89d-6e75e2ff146e,PA30163,سطل بناء,20,15.500,310.000,210000310
d44cd2a3-be62-c324-bdc2-1b6fd226144f,68befc7f-5fc0-7a2d-af62-9f6c8e48a8ed,PE30181,لصقة كرتون 100,72,3.500,252.000,210000327
cfeaf051-4c8f-f774-c2f6-74e24c3cfd8e,68befc7f-5fc0-7a2d-af62-9f6c8e48a8ed,PE30187,لصقة مع مجفف 200 مل,24,8.750,210.000,210000336
185d954b-0e05-46c7-3834-52947860445c,68befc7f-5fc0-7a2d-af62-9f6c8e48a8ed,PA30195,طوبو رش 3/4 20 متر,5,102.000,510.000,210000344
33a2fa3a-e0a4-710a-5239-119e3ca52c9f,ae855bf9-d6cd-33b0-d844-24ee4ba36e1c,ML30087,مرايا حمام مع إضاءة لد 50*70 سم,6,65.000,390.000,310000104
e6e0cd13-3f18-e555-a18a-f5b1f27af58d,471a0b5c-c7b4-fb37-c63c-90608fd5ba4a,PE30335,رولة طلاء,15,3.150,47.250,210000437
ca9574a8-6457-4274-ff41-51e213fa1136,739c6371-18f5-d1ca-4cfe-3375e31e44cf,PA30365,كاوية لحام,6,28.000,168.000,210000469
52152478-8c70-0c66-61de-c0034d244d13,5cbe3969-75fd-759b-8f90-e1b9f2572f64,PA30382,منقار,6,5.100,30.600,210000486
2aa7c20a-19c6-83a9-373c-8e7e0775c92c,5cbe3969-75fd-759b-8f90-e1b9f2572f64,RA30389,ديسكو جرانيت 7'' 180 مم,6,13.500,81.000,210000493
955a8307-7922-0b14-ea27-e4037d5381ec,8e75c7a9-d762-0dbe-6305-8ab675821339,EL50399,لصقة,10,4.750,47.500,210000503
64a7eda3-23d4-7847-2d2d-c1cd77f36cd0,8d8ea92d-af74-eaf0-ee1e-a75bbcfe7368,PE30415,مقص بي بي ار,6,7.500,45.000,210000519
73acaa48-c468-a78a-ba6d-f66a001948ed,5efa7314-ac73-d9e0-cbab-71ed1d24d8ea,PA30490,ماكينة برشام,18,15.500,279.000,210000597
577f3ae9-42c7-4df5-bac3-7bb0761e59b8,4365fd0e-1d28-139b-fd7f-19ed77e51d69,RA20506,طابة نهاية خط حديد 1/2,30,0.750,22.500,210000613
335c9c24-f1f7-2ab8-91b2-fcdcf70dba3f,8ee740a1-d7c9-7152-97f3-11ca4b27d77b,PA30589,سلسلة ترية (75 سم),20,3.000,60.000,210000694
af3f3373-0901-2980-4b83-6f861eb55b27,c97361b9-21c5-2747-78a9-df713b5443e0,PA30603,بالة 1.2 متر,2,37.000,74.000,210000710
b2ab68a3-b10c-e469-55d4-31530c2d7e00,2f0554ce-b7b5-e244-0bfa-f00b7748c983,PA30615,قفل باب سحاب 40 مم,4,67.000,268.000,210000722
434611f5-e04d-5d30-e86a-7fef715e27d7,bc8ef624-3c19-762c-6628-74d1a19ffd3b,ML10381,خلاط حوض وجه  كروم,12,85.000,1020.000,210000750
37c8b6f9-84e1-17dc-a9ae-a8578ba2fb73,d4b104a0-83ba-e075-3f9c-e7470a6e85a8,PA30084,نظارات حماية,10,2.000,20.000,210000782
e1ffb4e9-cebd-4893-5e8e-a8f05553cdf1,88c6c937-457d-af2c-98d8-060d62b488b7,SI10176,سلكون  280 غرام شفاف,24,10.500,252.000,210000798
e84258fa-8ce3-002f-8673-7dc052ca8ae5,c9f9854d-964f-bbd3-e61f-9622cb0457c6,ALVM50014,سيفون حوض الوجه كروم,6,78.000,468.000,310000059
0561b668-bf00-3675-9d02-e72e54c1651c,ae855bf9-d6cd-33b0-d844-24ee4ba36e1c,ML30088,مرايا حمام مع إضاءة لد 50*70 سم,6,65.000,390.000,310000105
5ed23046-3146-c10f-9c37-e66b9c1a6073,7086ed9c-a031-e1ba-8b01-955756ad73ba,PA30016,مفتاح بيبة رقم15مم,6,6.500,39.000,210000912
062fe30f-c431-8ba5-bd1f-32eb06fa4a47,7086ed9c-a031-e1ba-8b01-955756ad73ba,PA30017,مفتاح بيبة رقم13مم,15,4.850,72.750,210000913
0c0ca5b0-49f4-6447-3c96-b1048f5b5044,7086ed9c-a031-e1ba-8b01-955756ad73ba,PA30018,مفتاح بيبة رقم12مم,6,4.500,27.000,210000914
3cd9ae25-186b-c6ea-24c7-e1e743d745f9,7086ed9c-a031-e1ba-8b01-955756ad73ba,PA30019,مفتاح بيبة رقم10مم,15,3.250,48.750,210000915
3317a237-a2e1-8f1f-59cf-d858d3f6e07e,7086ed9c-a031-e1ba-8b01-955756ad73ba,TO9051,مفتاح ربط رقم 8 مم,10,3.000,30.000,210000916
902987d2-855c-744e-967b-893361e38ecd,7086ed9c-a031-e1ba-8b01-955756ad73ba,TO9052,مفتاح ربط رقم14 مم,10,5.500,55.000,210000917
e1882552-76b5-0bd1-449e-e3a27c566dbb,7086ed9c-a031-e1ba-8b01-955756ad73ba,TO9053,مفتاح ربط رقم13 مم,15,5.500,82.500,210000918
6b7ba2f9-c752-376b-2631-67c3ce186416,7086ed9c-a031-e1ba-8b01-955756ad73ba,TO9054,مفتاح ربط رقم11 مم,10,2.250,22.500,210000919
30fcd069-862b-015a-71ba-9dcdd207cc70,7086ed9c-a031-e1ba-8b01-955756ad73ba,PA30055,رزة باب حديد رقم12,12,3.500,42.000,210000920
de9fe846-78c7-37cf-1c7c-805583df764c,7086ed9c-a031-e1ba-8b01-955756ad73ba,RFP1432,"فسيبلي خلاط (2طرف) ""1/2 أنثى 50سم",10,20.000,200.000,210000921
3c7a2fb8-fadd-620e-24a6-5da291af8ef8,7086ed9c-a031-e1ba-8b01-955756ad73ba,PA30056,بونتة 6 * 16سم,15,1.950,29.250,210000922
6491ffc9-17e3-a47f-289d-9f1d564123c7,7086ed9c-a031-e1ba-8b01-955756ad73ba,RA30155,ديسكو حديد4 بوصه,50,5.500,275.000,210000923
907f818f-0705-f9f5-d594-ffe4087a37e8,6778daf7-9fea-3c4e-6344-825498a1ab21,PE30099,ملعقة 18سم,12,4.750,57.000,210000231
37280494-b0e9-d2c8-47dc-83b9999d6424,b692afd5-9596-bb91-ed7c-3ddb9ebde081,MC10012,سرفنتينة 15 سم * 15 سم كروم,10,37.700,377.000,310000068
6807e4ed-c511-3664-ad4a-3ecdcc52e44a,ae855bf9-d6cd-33b0-d844-24ee4ba36e1c,ML30089,مرايا حمام مع إضاءة لد 50*70 سم,6,65.000,390.000,310000106
843ce75d-7760-a9cd-758f-8fdfb9522ffc,ae855bf9-d6cd-33b0-d844-24ee4ba36e1c,ML30081,مرايا حمام مع إضاءة لد 60*80 سم,6,85.000,510.000,310000107
438a3621-cc2a-2bce-c0bb-bce9b48b601b,ae855bf9-d6cd-33b0-d844-24ee4ba36e1c,ML30082,مرايا حمام مع إضاءة لد 60*80 سم,6,85.000,510.000,310000108
fa442fd2-4ab9-edda-8410-45801b6fa6aa,ae855bf9-d6cd-33b0-d844-24ee4ba36e1c,ML30380,مرايا حمام مع إضاءة لد دائرية بالعلاقة مع اطار أسود 60سم,6,155.000,930.000,310000109
9a278198-e110-9aea-f69a-658df172f777,8a3ffa48-fcc9-892e-422c-2ae35f3e1435,FAB0100,تصنيع قاعدة برسلين,1,650.000,650.000,310000110
63f2cd18-7208-4126-ff71-c3facd993ee9,42684241-b2c4-ef13-5517-f3c727981774,ART0021,خلاط حوض المطبخ شجرة كروم,5,110.000,550.000,310000079
1279ba64-3378-2f3d-15b6-8c6469428728,42684241-b2c4-ef13-5517-f3c727981774,ARSB80202,قصبة دوش  40 سم شبشاشة كروم,3,68.000,204.000,310000080
ae2d3182-b43c-de2e-744a-6cb01477adc3,42684241-b2c4-ef13-5517-f3c727981774,ARSB81002,شطاف ضغط مربع مع طوبو ذهبي,6,46.000,276.000,310000082
fae08466-5a1e-cb6d-8940-83c2c4c40877,42684241-b2c4-ef13-5517-f3c727981774,AASB3105,رف زجاجي كروم,5,79.000,395.000,310000083
21e1812c-5bca-2f71-e9be-c2dcaa698199,7086ed9c-a031-e1ba-8b01-955756ad73ba,PA30059,متر 10م,5,13.500,67.500,210000926
4d4d6b4d-2f52-131a-f354-4b7ca92b625b,7086ed9c-a031-e1ba-8b01-955756ad73ba,PA30060,بونته تخليط 60ملي,5,8.500,42.500,210000927
d4f66ced-6d40-fff5-6be3-82f2c2f4c3b3,7086ed9c-a031-e1ba-8b01-955756ad73ba,PA30061,رزة باب حديد رقم14,10,4.500,45.000,210000928
e6de29dc-ebc6-b51e-1330-fd8f16c0ba71,7086ed9c-a031-e1ba-8b01-955756ad73ba,PE30076,لصقة دبل فيس 5 سم,10,5.500,55.000,210000929
433be677-ac8e-f114-0d2d-d0a5ee49cd90,6778daf7-9fea-3c4e-6344-825498a1ab21,PE30118,"منشار حديد 12""",6,16.750,100.500,210000250
c7a03088-5f63-8af7-5bd6-2383bbc567dd,a5c19b3a-b406-674a-d83d-23ade8ccb0f7,ML10005,خلاط حوض وجه كروم,10,235.000,2350.000,310000087
b808e85f-c41a-f456-5666-78b0cd8645cf,624cb2f6-14f1-7d9d-aa0c-2ddcb4212fba,ALVM50017,سيفون حوض الوجه طويل كروم,3,190.000,570.000,310000084
be82074b-7a07-cb74-ed4b-207ffef04c06,624cb2f6-14f1-7d9d-aa0c-2ddcb4212fba,ALVM50055,سيفون حوض الوجه طويل كروم,3,170.000,510.000,310000085
521662f5-9a17-775c-d074-51a37e0014d3,e8aa4441-3245-0bf7-d760-05e9f449865f,RD30054,حوض قدم مربع اكريليك 90*90*14,1,560.000,532.056,310000078
fa0a13a9-a800-951e-ed61-88a016202438,e075a1c8-2ee7-6ee1-5f4f-69193df97e17,WS10007,مقعد معلق أبيض,3,195.000,585.000,310000046
c56ee629-abba-476e-6c23-4dc34abfd851,49bdb81d-1a09-a3b6-4286-be9aff567c0e,ML10126,خلاط حوض وجه 2 فتحات كروم,1,110.000,110.000,310000144
036d928d-8a3a-0e13-a9ad-a4bbcfb01596,bee647af-730e-32ec-5efb-0bdcd3a2a808,VP20163,حوض وجه فوق الرخام رخامي,2,150.000,300.000,310000146
f635c9bb-d733-8638-b7e0-cab486811084,bee647af-730e-32ec-5efb-0bdcd3a2a808,AM0161,دولاب حمام 80 سم,1,200.000,200.000,310000145
411b615b-4fde-084a-35ed-cd5b3d47959a,bee647af-730e-32ec-5efb-0bdcd3a2a808,VP20162,حوض وجه فوق الرخام أبيض,1,100.000,100.000,310000147
be276489-8e37-6d53-ee86-21d1682cb694,739d511e-0c21-8411-2abb-d98b81ec925b,ARSB80280,مخرج شطاف ذهبي,2,270.000,540.000,210000963
0e15f1ff-3fdc-2389-6ba9-a4b61ee7faf2,78649f17-0787-e82f-e511-85b758b8db86,ARSB80870,مصب دوش ذهبي,4,500.000,2000.000,210000964
b30d7165-365b-60fa-174a-1763f9a9999b,78649f17-0787-e82f-e511-85b758b8db86,ALVM50870,سيفون حوض الوجه كروم,5,165.000,825.000,210000965
31d68620-efa6-de03-623d-46e201541c5a,0244e34c-6140-fc1b-9843-b2959ea2d5de,P30114,بدل كورة,5,115.000,575.000,210000267
19af162b-9a69-0757-561e-93111f6c2184,e8aa4441-3245-0bf7-d760-05e9f449865f,PD20049,حاجز دوش 90 * 190 سم 8مم أسود,1,740.000,703.148,310000073
43b1a60c-3ecf-2566-de6e-ca879deb3f13,bee647af-730e-32ec-5efb-0bdcd3a2a808,AASB30164,حاملة فرشاة أسنان,4,10.000,40.000,310000148
a86465bf-7786-3d5c-9421-601aef2982b2,bee647af-730e-32ec-5efb-0bdcd3a2a808,AASB30165,رف زاوية زوجي اسود,1,30.000,30.000,310000149
7d1d4076-cece-25a5-8db9-0a52a2f15e7b,bee647af-730e-32ec-5efb-0bdcd3a2a808,AASB30166,رف زاوية  اسود,2,15.000,30.000,310000150
0a6b687b-5175-a3dc-eafb-0ba8adfecd74,bee647af-730e-32ec-5efb-0bdcd3a2a808,AASB30666,حاملة ورق ناعم أسود,1,10.000,10.000,310000151
5c6c9636-324b-df64-a919-9283c78da760,f379c32f-216c-b2c9-0d16-0cfb7a92baec,ART0006,قصبة دوش مربعة 30 سم كروم,10,175.000,1750.000,210000953
55d9eb86-9a9e-2350-5ed0-df551efd5fe9,f379c32f-216c-b2c9-0d16-0cfb7a92baec,ART0007,كسكاس دوش مربع 200*200 مم كروم,10,145.000,1450.000,210000954
3d13e7c7-4cf3-5a2d-df9a-e9527fd8a75a,f379c32f-216c-b2c9-0d16-0cfb7a92baec,ARSB80269,شطاف ظغط مجرح مع طوبو كروم,10,130.000,1300.000,210000955
155fb2aa-be80-3067-98f5-35607606ae48,f379c32f-216c-b2c9-0d16-0cfb7a92baec,ML10030,خلاط حوض وجه طويل 17 سم كروم,5,395.000,1975.000,210000957
3ecb694b-e0c3-6760-8ee5-2aa863d19853,f379c32f-216c-b2c9-0d16-0cfb7a92baec,ARSB80082,شطاف ظغط مربع مع طوبو كروم,10,180.000,1800.000,210000958
9dae9fa3-094d-1a50-55ae-6606714c8ee2,f379c32f-216c-b2c9-0d16-0cfb7a92baec,CE10265,سخانة 80 لتر,6,590.000,3540.000,210000959
470aafb8-bd9e-4093-3fd7-c95923aee3f8,78649f17-0787-e82f-e511-85b758b8db86,ALVM50071,سيفون حوض الوجه كروم,3,180.000,540.000,210000966
96794c92-7eb8-a705-a816-15ba5a8b1bd9,81471396-19b4-6949-d525-a8d7c6a3cb32,ARSB80083,شطاف ظغط دائري مع طوبو كروم,3,130.000,390.000,210000967
da55f290-8e6e-6537-38ce-31e01ad801f7,efedc6b5-e8a8-588d-a520-082c655b737b,ARSB81002,شطاف ضغط مربع مع طوبو ذهبي,6,46.000,276.000,210000968
7a8a42a1-762a-51fa-6cd2-0431ebff3309,916ab6f6-2b4b-bf14-508c-019837d6c043,PA30121,رأس قفل باب خشب 6 سم,12,28.500,342.000,210000279
7af9f354-9a58-6e97-d0db-b25fd28f80aa,cca93450-a57a-e6b2-8ec6-19551ee21c1d,WS10116,مقعد معلق رايملس أبيض,8,640.000,5120.000,310000134
ac211664-406a-8403-dc9d-d1a62bec578b,3b1b1e1c-392a-2d56-a671-c316f970106d,ML10071,خلاط حوض وجه طويل كروم,2,390.000,780.000,310000152
a46ded33-dff8-55fd-277e-970fd55c4fee,3b1b1e1c-392a-2d56-a671-c316f970106d,ARSB80212,مصب بدون تحويلة 18 سم كروم,10,160.000,1600.000,310000153
67fe3205-6673-fb14-7c8b-66da2f6b907a,efedc6b5-e8a8-588d-a520-082c655b737b,ARSB80056,كسكاس دوش مربع 300*300 مم كروم,10,68.000,680.000,210000971
6ab4a997-7072-393a-aa7d-1666d3f735a2,efedc6b5-e8a8-588d-a520-082c655b737b,ARSB80770,مصب دوش بدون تحويلة متحرك دهبي,5,74.000,370.000,210000972
863036c4-be51-73cd-62bd-dba5a360120c,efedc6b5-e8a8-588d-a520-082c655b737b,ML30070,مرايا حمام مع إضاءة لد مع بخار 60 اطار دهبي,3,210.000,630.000,210000973
4fd322a3-3e2b-ab28-466c-470db767f1bb,efedc6b5-e8a8-588d-a520-082c655b737b,ML30071,مرايا حمام مع إضاءة لد مع بخار 60 اطار دهبي,3,225.000,675.000,210000974
9415c0d6-dc65-b86f-35f9-b89488e03c99,25703d38-0ac5-8433-a6ae-fe6b21edbf13,AB10072,خزانة حمام أبيض,5,280.000,1400.000,210000975
e33635d5-b8a4-f67f-6119-fe85d4c594a3,25703d38-0ac5-8433-a6ae-fe6b21edbf13,AM0073,حوض وجه مع دولاب حمام -80 سم,5,600.000,3000.000,210000976
ea6eba12-81ef-f22e-82f9-df143fee9c96,25703d38-0ac5-8433-a6ae-fe6b21edbf13,ML30074,مرايا حمام مع إضاءة لد 80*60 سم,5,100.000,500.000,210000977
10f22fcf-7b98-3634-4cc2-dda2917f2431,25703d38-0ac5-8433-a6ae-fe6b21edbf13,ML30075,مرايا حمام مع إضاءة لد 80*60 سم,5,100.000,500.000,210000978
f8adbf4e-ff6b-fc88-920e-da22215edd11,25703d38-0ac5-8433-a6ae-fe6b21edbf13,AB10076,خزانة حمام أبيض,5,275.000,1375.000,210000979
838dc42c-8157-edb7-a456-42b3f7ed2bb8,25703d38-0ac5-8433-a6ae-fe6b21edbf13,AM0077,حوض وجه مع دولاب حمام -80 سم,5,590.000,2950.000,210000980
f38ebabc-6f8d-b0fb-10e1-0ad7f0f750dd,25703d38-0ac5-8433-a6ae-fe6b21edbf13,AM0078,حوض وجه مع دولاب حمام -90 سم,5,600.000,3000.000,210000981
f1c93bb7-2606-de94-d4ff-537e9a049c03,9e663a29-a50f-2572-80a4-7e4df442886e,PA30139,عصاة مكنسة,6,1.650,9.900,210000294
e1d66531-994a-3a69-54f6-81545679704c,cca93450-a57a-e6b2-8ec6-19551ee21c1d,VS10112,حوض وجه معلق -80 سم,1,310.000,310.000,310000122
78c2220c-3983-4126-6597-086793ba8c9a,3b1b1e1c-392a-2d56-a671-c316f970106d,MC10110,سرفنتينة 15 سم * 15 سم كروم,8,80.000,640.000,310000154
04e49cb4-c013-ce7c-90c8-742b4cdc0b42,3b1b1e1c-392a-2d56-a671-c316f970106d,ARSB80666,كسكاس دوش مربع 250*250 مم مع قصبة كروم,8,75.000,600.000,310000155
ddc6afe3-49a2-c213-65e9-9ec3bc3dd68a,25703d38-0ac5-8433-a6ae-fe6b21edbf13,ML30081,مرايا حمام مع إضاءة لد 60*80 سم,6,85.000,510.000,210000984
256a5a75-4056-1d6f-5d43-7944a0efe308,25703d38-0ac5-8433-a6ae-fe6b21edbf13,ML30082,مرايا حمام مع إضاءة لد 60*80 سم,6,85.000,510.000,210000985
f7811ca7-b61a-9b21-854b-0e3181f12174,25703d38-0ac5-8433-a6ae-fe6b21edbf13,WS10083,مقعد معلق رايملس أبيض,3,1195.000,3585.000,210000986
7a749547-ae47-b937-0bb5-ca2c199c66d4,25703d38-0ac5-8433-a6ae-fe6b21edbf13,EL10084,حوض مطبخ ستانلس ستيل   304 60* 45 سم,5,138.000,690.000,210000987
c7290815-9914-3bd7-b9f8-c8c405679d06,25703d38-0ac5-8433-a6ae-fe6b21edbf13,ML30085,مرايا حمام مع إضاءة لد 60*60 سم,6,75.000,450.000,210000988
53511399-4a80-5983-82aa-b0e1dbbf9455,25703d38-0ac5-8433-a6ae-fe6b21edbf13,ML30086,مرايا حمام مع إضاءة لد 60*60 سم,6,75.000,450.000,210000989
5759ef37-4fb1-9d42-5b11-7e8e362c20a7,25703d38-0ac5-8433-a6ae-fe6b21edbf13,ML30379,مرايا حمام مع إضاءة لد 100*80 سم,6,155.000,930.000,210000990
bd6055b7-9224-f4fe-477b-3237134e0c54,25703d38-0ac5-8433-a6ae-fe6b21edbf13,ML30087,مرايا حمام مع إضاءة لد 50*70 سم,6,65.000,390.000,210000991
9b047439-9a4a-1c82-f281-caffe84e1f17,25703d38-0ac5-8433-a6ae-fe6b21edbf13,ML30088,مرايا حمام مع إضاءة لد 50*70 سم,6,65.000,390.000,210000992
93287c9c-9cc3-af88-93c2-947d75963696,25703d38-0ac5-8433-a6ae-fe6b21edbf13,ML30089,مرايا حمام مع إضاءة لد 50*70 سم,6,65.000,390.000,210000993
cde29130-c771-c3a0-ee68-dd919a70797a,64b3ab2d-1c38-3e0f-2322-eef295068bb5,ML30374,مرايا حمام مع إضاءة لد مع اطار أسود 80*60 سم,6,145.000,870.000,210000994
da275684-13d4-ca6b-5258-8887bf141bb5,dcb439cf-c425-2d3f-a89d-6e75e2ff146e,PE30172,"فرشة طلاء 3"" 76.2 مم",12,4.000,48.000,210000318
4ad3d471-6495-3591-f764-56c553b3f3b3,cca93450-a57a-e6b2-8ec6-19551ee21c1d,VS10201,حوض وجه معلق -80 سم,6,445.000,2670.000,310000125
1c63a161-26e7-22af-74f3-51a1e3cba326,499f3fc1-3578-1b0b-bc3b-6546c67fcc6d,ARSB80995,كسكاس دوش مربع 300*300 مم كروم,6,138.000,828.000,310000159
53c264f8-9092-f62a-dcd7-33a9cdc5752e,499f3fc1-3578-1b0b-bc3b-6546c67fcc6d,ARSB80191,مخرج شطاف مع علاق كروم,12,35.000,420.000,310000162
85d05ba9-320a-f4ba-47ca-9e6ae4259f72,499f3fc1-3578-1b0b-bc3b-6546c67fcc6d,ARSB80287,مخرج شطاف مع علاق كروم,12,53.000,636.000,310000163
c9c9a7ae-76bf-7a0d-0250-09add785b5ed,499f3fc1-3578-1b0b-bc3b-6546c67fcc6d,ARSB80364,كسكاس دوش مربع مع قصبة 250*250 مم كروم,6,59.000,354.000,310000164
6523059a-4178-a832-f14a-0b431233bd1f,499f3fc1-3578-1b0b-bc3b-6546c67fcc6d,ARSB80378,كسكاس دوش مربع 250*250 مم كروم,6,59.000,354.000,310000165
03e56273-996e-d234-c3f0-f536bc76a3c7,499f3fc1-3578-1b0b-bc3b-6546c67fcc6d,ARSB80998,كسكاس دوش مربع 200*200 مم كروم,6,95.000,570.000,310000167
ba08c3a8-56fe-213c-66eb-c2958af02840,499f3fc1-3578-1b0b-bc3b-6546c67fcc6d,ARSB80380,كسكاس دوش مربع 250*250 مم مع قصبة ذهبي,6,95.000,570.000,310000168
c3b14121-1c01-3a1b-44f4-f16863a7e842,499f3fc1-3578-1b0b-bc3b-6546c67fcc6d,ARSB80993,كسكاس دوش مربع 250*250 مم كروم,6,65.000,390.000,310000169
93178063-b1b6-c12a-fa92-f779614e9580,499f3fc1-3578-1b0b-bc3b-6546c67fcc6d,CD40002,مسطرة دوش زوجية كروم,5,315.000,1575.000,310000170
047e9372-6596-d635-59c2-8674f26404bb,499f3fc1-3578-1b0b-bc3b-6546c67fcc6d,CD40170,مسطرة دوش زوجية كروم,3,450.000,1350.000,310000171
1a7cea92-28ad-3cd5-a1d6-bd3e14082006,6682ddff-d901-c75d-cc4a-4627094aa700,PE30994,عازل ناري 4 كغ,10,76.800,768.000,210001002
11c1fef5-28ce-6a6d-4dfe-67942b006595,6682ddff-d901-c75d-cc4a-4627094aa700,PE30995,قطرامينة 13ك زيتيه سطل حديد,5,86.400,432.000,210001003
196fe827-b509-19d2-2625-5fb9e9a332c2,6682ddff-d901-c75d-cc4a-4627094aa700,CC10094,كولة بلاط أرضيات 20 كغ,20,12.500,250.000,210001004
3769da68-bc28-1bfc-a678-e0fc021397bc,68befc7f-5fc0-7a2d-af62-9f6c8e48a8ed,PE30184,"فرشة طلاء2.5"" 63.5 مم",10,3.100,31.000,210000333
b87acaeb-af9a-97a5-ad9d-f0afa1812594,499f3fc1-3578-1b0b-bc3b-6546c67fcc6d,ARSB80268,مصب دوش طويل بدون تحويلة كروم,6,205.000,1230.000,310000172
dc748f66-7bb7-e6c2-6ba7-1b4d3a2c6b2b,121b9edb-f98d-7bd7-9333-5b542facbd61,PE30193,لصقة طلاء 45 مم,144,2.361,339.984,210001007
adfc2beb-54f5-4b73-5653-81a0b899eaa0,121b9edb-f98d-7bd7-9333-5b542facbd61,PE30467,كولة رخام 750 مل كريمة,12,22.500,270.000,210001008
b453ac89-cb9d-774a-ad57-3bc8c7ed1f4c,121b9edb-f98d-7bd7-9333-5b542facbd61,EL50101,لامبة لد 10 وات,25,2.750,68.750,210001009
92c71058-aaf6-b122-10a9-50f86b8731c4,121b9edb-f98d-7bd7-9333-5b542facbd61,EL50095,لامبة لد 15 وات,25,4.250,106.250,210001010
3a85f328-c066-0142-76a0-1615f46da0cd,121b9edb-f98d-7bd7-9333-5b542facbd61,EL50099,لامبة لد 20 وات,25,4.750,118.750,210001011
c5de2d5a-648e-69a0-2c7e-54b5d6ca0032,121b9edb-f98d-7bd7-9333-5b542facbd61,EL50996,لامبة لد 30وات,12,5.750,69.000,210001012
52ac10a3-02cd-d684-12c5-12965db1108e,121b9edb-f98d-7bd7-9333-5b542facbd61,EL50966,لامبة لد 40وات,12,7.000,84.000,210001013
c688b4ee-30c7-3f4e-49ec-6badb85d1a46,121b9edb-f98d-7bd7-9333-5b542facbd61,EL50995,لامبة لد 50وات,12,9.750,117.000,210001014
ce2ac663-dbc0-475b-5bf3-5b377ab9539c,121b9edb-f98d-7bd7-9333-5b542facbd61,EL50997,لامبة لد 60وات,12,10.750,129.000,210001015
f97ee019-ac84-0944-006d-87558ef995b3,121b9edb-f98d-7bd7-9333-5b542facbd61,EL50796,برتولامبه بدون تامينه,20,3.000,60.000,210001016
36081e55-65fa-3ee6-f2ac-6dc932ffb9a2,121b9edb-f98d-7bd7-9333-5b542facbd61,PE30896,عازل ناري 16 كغ,10,278.390,2783.900,210001017
5e4b1970-f19c-bfc2-5bec-f28432093ccc,cca93450-a57a-e6b2-8ec6-19551ee21c1d,VS10120,حوض وجه معلق -100 سم,3,425.000,1275.000,310000138
1473d1cb-b041-c07e-a58c-a5784caf39b6,121b9edb-f98d-7bd7-9333-5b542facbd61,EL50296,لامبة لد 100 وات,100,0.900,90.000,210001020
a5c59c64-6485-d71a-56f3-4fef335a8125,121b9edb-f98d-7bd7-9333-5b542facbd61,PA3096,مسمارحرف L6,500,0.105,52.500,210001021
1588e55c-c3ff-d682-ea5d-3778f73e44dc,e1fee1db-d14d-8cff-99dd-3804ccef7ca2,ML30380,مرايا حمام مع إضاءة لد دائرية بالعلاقة مع اطار أسود 60سم,6,155.000,930.000,210001022
e1385937-e50f-ddee-e739-8923d681e9c9,c2366f45-bbb1-1b60-41ce-e4eada24ddc8,PE30037,طلاء مائي داخلي 18 كغ أبيض مطفي,20,92.000,1840.000,210001023
433cb742-22d2-46d5-2978-736739cdbc52,c2366f45-bbb1-1b60-41ce-e4eada24ddc8,PE30496,طلاء مائي داخلي 18 كغ الكلمنجارو اقتصادي,10,50.000,500.000,210001024
3f0f0cab-66fc-9b32-81e8-5e5468c0ea17,c2366f45-bbb1-1b60-41ce-e4eada24ddc8,PE30989,طلاء مائي داخلي 10 كغ أبيض نص لمعه,20,168.500,3370.000,210001025
83d70064-6c72-6eb2-1710-2d79084103b5,c2366f45-bbb1-1b60-41ce-e4eada24ddc8,P30097,عصاة رولة,15,7.500,112.500,210001026
c865a4ef-0ae0-700f-3015-a5c12d31b9e9,c2366f45-bbb1-1b60-41ce-e4eada24ddc8,PE30898,ورق تغليف عادي,20,6.500,130.000,210001027
8539bdb4-69d5-8cd3-610e-85ba5c337148,4f9555f9-5a95-c9bb-1957-3a96c42f0f28,PE30377,اسمنت ابيض 1كغ,16,0.880,14.080,210001028
a955b465-a674-fee5-9308-ef5d146c0df3,4f9555f9-5a95-c9bb-1957-3a96c42f0f28,PE30376,جبس العز 1كغ,2,0.450,0.900,210001029
e8e23353-5cd9-7dcd-2cb6-55fced96b2f1,e00f4c85-8bc5-a80e-3aa2-6810f4f3f45c,ALVM50019,رأس سيفوني كروم,5,140.000,700.000,210001030
5ce17350-dcbe-c700-3d36-100516e940cd,e8463c20-6afc-f256-a1cf-939caaace595,PS20048,علاقة مناشف كروم,1,285.000,285.000,210001031
e9c44656-a833-5327-702c-16bed1ec037a,3a9f405b-4e17-395a-1831-caf8e70ba7dc,ARSB80240,كسكاس دوش مربع 250*250 مم مع قصبة كروم,5,395.000,1975.000,210001032
4369e265-1489-6435-1639-5a41ac159950,68befc7f-5fc0-7a2d-af62-9f6c8e48a8ed,PE30185,لصقة قف 100 م,36,5.750,207.000,210000334
dcdf7057-9327-88b3-71bb-3c87a8628532,a5c0af68-c412-3a53-d6f2-e6fc4aaa9447,ARSB80083,شطاف ظغط دائري مع طوبو كروم,10,130.000,1300.000,310000094
3f7c1a90-050e-82a6-f5b1-aab3656c1ae3,499f3fc1-3578-1b0b-bc3b-6546c67fcc6d,ARSB80302,شطاف ظغط مربع مع طوبو كروم,10,103.000,1030.000,310000173
86f83e2b-5edd-a9e8-bd29-f20759d969e1,499f3fc1-3578-1b0b-bc3b-6546c67fcc6d,ML10057,خلاط حوض وجه  15 سم كروم,5,190.000,950.000,310000174
87fdf756-9297-eaf4-441c-9666b8c7797e,499f3fc1-3578-1b0b-bc3b-6546c67fcc6d,ML10024,خلاط حوض وجه  15 سم كروم,8,155.000,1240.000,310000176
465e8d8d-bc62-e5b2-cf8d-8e37ba6211bb,499f3fc1-3578-1b0b-bc3b-6546c67fcc6d,MD20010,خلاط دوش كروم,4,170.000,680.000,310000177
dce91739-baf8-36f6-02a9-49bac85ca977,499f3fc1-3578-1b0b-bc3b-6546c67fcc6d,ML10025,خلاط حوض وجه  15 سم كروم,9,150.000,1350.000,310000178
ab122eb1-ff54-a244-4315-e0812f77e616,499f3fc1-3578-1b0b-bc3b-6546c67fcc6d,MT30062,خلاط شطاف مع شطاف كروم,9,140.000,1260.000,310000179
0d402c07-2a1b-2184-f0a5-ebed110b9384,499f3fc1-3578-1b0b-bc3b-6546c67fcc6d,ML10058,خلاط حوض وجه  15 سم كروم,9,130.000,1170.000,310000180
c9ff6843-80da-13cf-e4f3-6ad438be74d8,f05e0be0-774b-0379-f5a7-49e849d91564,LG40099,حوض وجه برسلين مشطوف مع رف 80,2,455.000,910.000,310000187
d9b38660-4266-89ce-8abe-94b85321b2ea,fd2e9258-0212-3df0-e137-8d59d0ff60e6,ATWC50218,بتارية مقعد أرضي ملحوم تحت,10,18.500,185.000,310000189
d5f75180-12d8-1f0f-c37b-b097b08c5371,7735fa65-c608-fcda-deca-b8eb59a2b61d,CE10265,سخانة 80 لتر,4,585.000,2340.000,210001035
25b96e0d-1709-3b97-c4c3-efe6991d7147,7735fa65-c608-fcda-deca-b8eb59a2b61d,ARSB80083,شطاف ظغط دائري مع طوبو كروم,10,120.500,1205.000,210001036
42aaa274-432f-9557-c5ec-ac15c4907cb6,d34ca263-d98f-957d-0260-97069fa8796d,ML30839,مرايا حمام مع إضاءة لد80*60 سم,5,120.000,600.000,310001491
0cbc8f57-e8a2-7caa-9aa2-bf8dec5b7dcd,255f4267-b198-ee87-4bd2-85a8e102930b,PE30203,"سكينة تغليف يد خشب 8"" 200 مم",12,4.350,52.200,210000352
357a7b96-0184-5d4b-8c0c-d4a97859bf66,dee93173-0eb1-66cf-cffa-985a6b0ed2d6,ARSB80382,سماعة دوش كروم,10,35.000,350.000,310000100
c0c5e0cf-bbf2-9ea3-48e2-9c011c971e82,375ea613-89b8-77ee-d1cc-3b7256f5dfa3,CE10104,سخانة 50 لتر,10,400.000,4000.000,210001043
ce42aceb-cf2b-8e70-d1df-b3a91fa81f41,375ea613-89b8-77ee-d1cc-3b7256f5dfa3,CE10007,سخانة 80 لتر,10,415.000,4150.000,210001044
6901cd3d-0d77-f1ae-5227-c4f46efa43f2,375ea613-89b8-77ee-d1cc-3b7256f5dfa3,CE10105,سخانة 50 لتر,2,380.000,760.000,210001045
eb2a408c-d976-5f25-8889-e6993a33d92f,375ea613-89b8-77ee-d1cc-3b7256f5dfa3,CE10106,سخانة 80 لتر,2,395.000,790.000,210001046
b911eba1-df18-e47b-6c7a-7e0f25d8bcfc,375ea613-89b8-77ee-d1cc-3b7256f5dfa3,RFP1427,"فسيبلي "" 1/2 أنثى * ""1/2 أنثى 50سم",20,12.000,240.000,210001047
2173e394-b333-24b6-73fd-1a59d4733aef,375ea613-89b8-77ee-d1cc-3b7256f5dfa3,PLSA0093,"مُطوِّل ""1/2 * 15كروم",30,5.100,153.000,210001048
752f9359-19fb-3efd-207b-7f503b4a5271,88f06ea4-f007-f716-f039-c2b10d0efb8c,ML10146,خلاط دوش مدفون ذهبي,1,615.000,615.000,210001049
f846180b-9fd1-6136-f0c5-28a5297300e1,88f06ea4-f007-f716-f039-c2b10d0efb8c,MTE60147,خلاط شطاف مدفون ذهبي,1,380.000,380.000,210001050
b96f2058-0165-a666-4490-968715092150,45d357a7-d75e-f112-e880-954002ac129b,RO10107,مسكر زاوية  ''1/2 * ''1/2 كروم,20,15.000,300.000,210001051
9f47ba8b-479e-abd6-5081-6233ac5343a5,45d357a7-d75e-f112-e880-954002ac129b,ELC1109,"مطول كهرباء 3مدخل 3متر
",5,34.500,172.500,210001052
78ab0753-8048-d453-125e-bd088dc85708,45d357a7-d75e-f112-e880-954002ac129b,ELC1108,"مطول كهرباء 4مدخل 3متر
",5,49.500,247.500,210001053
0b87e409-0441-c7c8-3e30-230365ffb9d6,45d357a7-d75e-f112-e880-954002ac129b,ELC1110,"مطول كهرباء 3مدخل 5متر
",5,41.500,207.500,210001054
26c0080a-3cf1-bfcf-f866-4bfd7d8d7b7a,45d357a7-d75e-f112-e880-954002ac129b,ELC1111,"مثلث كهرباء ثلاث مداخل 
",10,4.900,49.000,210001055
288ab79a-9a68-260c-b837-ff9c6c7ff6f8,255f4267-b198-ee87-4bd2-85a8e102930b,PA30212,"مقص حديد 30"" 750 مم",3,65.000,195.000,210000360
49859699-bfa3-f211-4d85-eea41c919eb8,fd2e9258-0212-3df0-e137-8d59d0ff60e6,ML10171,خلاط حوض وجه 2 فتحات كروم,4,50.000,200.000,310000190
cb270b4f-d834-f541-2541-70a1291c6dcd,45d357a7-d75e-f112-e880-954002ac129b,EL50114,برتولامبه بدون تامينه,20,1.250,25.000,210001058
31089e8d-52b1-50df-2007-6bd21c06efd8,9ba1d9d5-f9d9-9aa5-b1d8-d14f1e113823,PLSA0093,"مُطوِّل ""1/2 * 15كروم",70,5.250,367.500,210001071
5e7047f0-adfc-30f1-7bba-82677ee1c6db,b1403a0f-e76f-35c4-899a-4f69b33f2938,PE30125,رولة طلاء 25 سم ديكور,25,17.750,443.750,210001059
eb8dc50d-9d79-043f-5a2a-e96f688969b1,b1403a0f-e76f-35c4-899a-4f69b33f2938,WA40115,غطاء مقعد تركي أبيض,10,21.000,210.000,210001060
10742c23-1108-7c9f-80bc-097e3683a63c,b1403a0f-e76f-35c4-899a-4f69b33f2938,RO10116,مسكر زاوية  ''1/2 * ''1/2 كروم,20,12.500,250.000,210001061
b51cfe04-63ea-e9d3-e544-1799bb1bb60e,b1403a0f-e76f-35c4-899a-4f69b33f2938,PE30127,بونتة صاروخ طاسة,3,35.000,105.000,210001062
ea53eace-2b7c-adf2-3c23-b0a8e9daab56,b1403a0f-e76f-35c4-899a-4f69b33f2938,PE30128,بونتة صاروخ طاسة,3,50.000,150.000,210001063
4381aa52-c3f4-1340-f342-b92bdbdc1519,b1403a0f-e76f-35c4-899a-4f69b33f2938,PA30117,سكارة باب PVC بيضاء,20,3.000,60.000,210001064
076cbb59-dd27-85eb-898d-7a7325d96e82,b1403a0f-e76f-35c4-899a-4f69b33f2938,PA30178,سكارة باب PVC خشبي,20,3.000,60.000,210001065
13bb591d-15c7-3b25-8cda-8c08ffb9ec52,b1403a0f-e76f-35c4-899a-4f69b33f2938,PA33118,محقن بلاستك 13سم,10,1.750,17.500,210001066
605a858c-84ca-12fb-51b9-292facddccf1,b1403a0f-e76f-35c4-899a-4f69b33f2938,PE32118,راس غاز ايطالي,3,49.500,148.500,210001067
e3e2ee5b-dddd-d7e7-7258-46b0386c8f8b,b1403a0f-e76f-35c4-899a-4f69b33f2938,ART0118,راس غاز,5,11.500,57.500,210001068
1125f928-88a4-432e-2e30-5be287deee7f,b1403a0f-e76f-35c4-899a-4f69b33f2938,AMEV50119,رقبه خلاط مطبخ,5,7.500,37.500,210001069
3702b4e7-08f7-c25d-1ff8-169a8594ae44,b1403a0f-e76f-35c4-899a-4f69b33f2938,AMEV50120,رقبه خلاط مطبخ مع مقبض,5,12.500,62.500,210001070
4af0b201-e57c-b048-5f0f-4011629fc245,ae855bf9-d6cd-33b0-d844-24ee4ba36e1c,ML30085,مرايا حمام مع إضاءة لد 60*60 سم,6,75.000,450.000,310000101
0179198e-0bdc-e697-2cfd-38a8f8e662c2,fd2e9258-0212-3df0-e137-8d59d0ff60e6,WA40089,غطاء مقعد أبيض,10,23.500,235.000,310000191
ddfe82e4-524a-1be6-137f-2ced851702b3,fd2e9258-0212-3df0-e137-8d59d0ff60e6,WA40173,غطاء مقعد تركي أبيض,10,23.500,235.000,310000193
ba7ba147-7431-0855-d21f-72e58c59f996,283714f3-bc8c-bf4a-49de-c4ec79d166bd,FAB0176,طلاء وجه خلاط دوش,2,130.000,260.000,310000195
82f10379-993c-9279-3e99-89ddcb35ae06,283714f3-bc8c-bf4a-49de-c4ec79d166bd,FAB0175,طلاء وجه خلاط شطافة,2,130.000,260.000,310000196
81ad0fb8-e8b0-1881-6575-a1e803dbe854,499f3fc1-3578-1b0b-bc3b-6546c67fcc6d,MT30025,خلاط شطاف مع شطاف كروم,10,130.000,1300.000,310000182
3f145aa3-0c90-a10a-c55e-a2ef2a9075da,499f3fc1-3578-1b0b-bc3b-6546c67fcc6d,ARSB80498,سماعة دوش مع طوبو كروم,6,52.000,312.000,310000184
698385c3-4191-26fd-3994-711cae557553,499f3fc1-3578-1b0b-bc3b-6546c67fcc6d,ARSB80499,سماعة دوش مع طوبو كروم,6,115.000,690.000,310000185
5f08cae3-f847-a08a-9b77-be9b54f8c7b7,499f3fc1-3578-1b0b-bc3b-6546c67fcc6d,ARSB80996,كسكاس دوش دائري 250 مم كروم,10,39.000,390.000,310000156
7e7373ee-b64d-899a-cf8a-953b20423044,499f3fc1-3578-1b0b-bc3b-6546c67fcc6d,ARSB80350,قصبة دوش دائرية 30 سم كروم,10,22.000,220.000,310000157
cda51aae-03c6-b8e1-cb3f-a4aedbc6d3aa,499f3fc1-3578-1b0b-bc3b-6546c67fcc6d,ARSB80994,كسكاس دوش مربع 300*300 مم مع قصبة كروم,12,100.000,1200.000,310000160
f8ed06f2-e3d7-c77c-43b7-5f45fdaaa231,f65b37dc-4652-c4c1-2bc3-9d995bd2b758,ML10146,خلاط دوش مدفون ذهبي,3,615.000,1845.000,210001074
c83f05b0-87dd-a9c4-5fb4-1d3d86bcce43,f65b37dc-4652-c4c1-2bc3-9d995bd2b758,MTE60147,خلاط شطاف مدفون ذهبي,3,380.000,1140.000,210001075
c98cb99f-811b-0952-51a4-a41df8f0b0d5,58553729-46eb-6563-08c5-8cf20b1bba03,PE30218,"سكينة تغليف يد خشب 2.5"" 6.5 سم",12,3.500,42.000,210000365
e3d81479-8c4b-acbb-e00d-250c0364b683,6417b602-bfe1-6618-f018-96a0e8339cd3,PA30223,فرشاة حديد,10,6.500,65.000,210000370
95f42443-abe3-a41e-7334-7cc21cdc5dfd,42684241-b2c4-ef13-5517-f3c727981774,ARSB81001,شطاف ضغط مربع مع طوبو ذهبي,6,48.000,288.000,310000081
4029b797-eff6-e690-749a-a66d1d5e3f9d,499f3fc1-3578-1b0b-bc3b-6546c67fcc6d,ARSB80997,كسكاس دوش مربع 200*200 مم مع قصبة كروم,6,48.000,288.000,310000166
b580b4d6-4873-2279-ad91-b29e42f02cfc,499f3fc1-3578-1b0b-bc3b-6546c67fcc6d,MD20023,خلاط دوش كروم,10,150.000,1500.000,310000181
fb26d9fd-f11f-61e3-c707-0bf5137de414,499f3fc1-3578-1b0b-bc3b-6546c67fcc6d,ARSB80500,شطاف ظغط دائري مع طوبو كروم,10,68.000,680.000,310000183
c323b590-93a0-d509-bcd7-5201de080b21,b2ff9c8b-6896-29d8-5ead-84e7041f7e33,AETS20237,تفلون 19 مم * 30 متر * 0.8 مم,48,4.250,204.000,310000204
2552f9f6-fbce-7d83-3d27-6ede17553e95,ff156715-a0b4-2efc-4bed-07b337fd19f9,EL10019,حوض مطبخ ستانلس ستيل   304 85*45 كروم,4,520.000,2080.000,210001134
e0d411ec-ab87-6bc4-c588-fe4a57cc4031,1b6c1442-4ed8-ef63-b84e-4536b9ce5dfe,ARSB80102,مصب دوش مع تحويلة كروم,4,255.000,1020.000,210001078
6e3ef139-6108-739f-18f6-aff68cf71f59,1b6c1442-4ed8-ef63-b84e-4536b9ce5dfe,MC10014,مجرى 60 سم *6 سم كروم,10,225.000,2250.000,210001079
8487c68d-c829-76a2-1575-76d37daa94fc,791012c3-c064-2174-8c38-72b4446c1202,ARSB82122,كسكاس دوش دائري 250*250 مم مع قصبة اسود,3,185.000,555.000,210001080
76eeb124-3785-2137-2b3d-a67d692e10d7,791012c3-c064-2174-8c38-72b4446c1202,PS20122,علاقة مناشف كروم معا دفاية,2,425.000,850.000,210001081
bc1f4f59-0556-9a66-ea7c-aa88ee890ceb,ff156715-a0b4-2efc-4bed-07b337fd19f9,ML10139,خلاط حوض وجه كروم,5,265.000,1325.000,210001131
7520d06c-8be0-2840-a2fd-34bcc2ee2381,ff156715-a0b4-2efc-4bed-07b337fd19f9,RFP1427,"فسيبلي "" 1/2 أنثى * ""1/2 أنثى 50سم",20,12.250,245.000,210001132
24ef444b-1710-a781-d26b-33ddc0a4d8f3,bb9f8d85-08e9-afb9-77a0-0734123a28b1,ML10212,خلاط حوض وجه كروم,6,180.000,1080.000,310000199
a8033c7e-35a6-1415-e9a2-f6efeee09a94,7b601837-0222-436c-d4a7-27efc3f0eac7,CE10007,سخانة 80 لتر,5,415.000,2075.000,310000211
0eabca6a-8d09-54b0-a06f-a7cf1cfc5c7e,5bc4e9dc-5927-f878-869a-77c16ecfabcf,MC10269,مجرى 33 سم *7 سم كروم,10,53.800,538.000,310000209
2d57f198-1c10-6375-fb40-55efcd255f85,5bc4e9dc-5927-f878-869a-77c16ecfabcf,ARSB80530,طوبو شطاف 1.2 م رصاصي,10,8.000,80.000,310000210
9705bbc7-2ba4-7f81-b401-d4dd955477fd,64d91593-ab68-6bb9-4698-930a71636551,ARSB80604,"مسكر شطافة ""1/2"" * ""1/2 كروم",50,27.000,1350.000,310000215
5790e438-b754-0c76-a4b3-4ad29650e54a,0418adb8-ba12-cf9f-3b55-110b83be6619,ML10069,خلاط حوض وجه كروم,3,280.000,840.000,310000216
050f3ce1-32b9-c67a-e5d3-64670bbf01c5,0418adb8-ba12-cf9f-3b55-110b83be6619,CE10264,سخانة 50 لتر,2,570.000,1140.000,310000217
63da03e7-3dac-6d2a-a313-2f91aa94348b,0418adb8-ba12-cf9f-3b55-110b83be6619,ARSB80128,مخرج شطاف مع علاق مع محول كروم,4,95.000,380.000,310000220
8675d3f2-8c9c-b88e-72be-a49e56f0911f,ef27a5d8-aa65-eae0-172c-0bdb943439de,ARSB80741,مصب دوش بدون تحويلة أسود,2,280.000,560.000,310000225
3e101888-d443-9d4c-1198-4ab89a381397,86965109-1190-c39a-3782-826b5523349e,ART0764,مصب دوش بالتحويلة كروم انحاس,6,75.000,450.000,310001267
4d25104a-dfef-4090-7eba-67ca3422e1e1,86965109-1190-c39a-3782-826b5523349e,ATWC50168,وصلة بتارية مدفونة مائلة 25 سم,3,125.000,375.000,310001268
286c39bf-2104-db02-c17b-eab109e9cb37,86965109-1190-c39a-3782-826b5523349e,ALVM50765,رأس سيفوني كروم,3,70.000,210.000,310001269
632b139e-2d03-b84b-7856-0556a70edfee,2df7d503-cb32-f3a8-3f38-1a55f8c277a3,EL50239,سير ربط 7.2 * 300 مم (100 قطعة),6,10.500,63.000,210000385
6e024143-a0bb-a3f5-43b5-febea7226739,499f3fc1-3578-1b0b-bc3b-6546c67fcc6d,ARSB80401,مخرج شطاف مع علاق كروم,12,59.000,708.000,310000158
415ee163-79bb-d24c-7475-39bf43925d0b,cff07310-f241-5864-1d9d-22aee516ea56,PS20761,علاقة ملابس سداسية,6,48.000,288.000,310001204
47d4f610-f900-64a4-9359-d8e3692ba046,1196c726-0e93-836c-1a12-0cb5c830e844,LG40751,حوض كواريون كوارتز80سم أبيض,10,380.000,3800.000,310001511
7afa3603-b7bf-a922-7ad9-330ff9dbdcdc,342991aa-a1d1-55de-6377-bfb4faa70d3e,EL10006,حوض مطبخ ستانلس ستيل AS248 50*81,3,530.000,1590.000,310001214
a1f5572a-86f6-2c70-3b2d-374f28f90f1b,919c7698-36fa-7025-ba4f-aa90c66507d2,ML10763,خلاط حوض وجه  ذهبي,6,105.000,630.000,310000237
3ced12e3-0188-3f0f-dc20-68d9da8140d0,2a92b072-38f5-6bf4-ee61-e95ac52da8cc,ARSB80340,"مسكر شطافة ""1/2"" * ""1/2 كروم",10,28.000,280.000,310000245
0f3c8bf2-ceaa-be75-b142-c912f95d5db2,2a92b072-38f5-6bf4-ee61-e95ac52da8cc,ARSB80339,"مسكر شطافة ""1/2"" * ""1/2 كروم",10,26.000,260.000,310000246
a28d8098-aeac-1003-f800-a70d895a85f9,494fac9a-eb9d-5766-5f10-cc7b5eac2ed2,RD30778,حوض قدم خزف مربع 80*80 سم,1,330.000,330.000,310000252
7f58ebdd-3061-7fec-3422-9ec88289a439,b07a1880-de18-caa2-59f9-bab3e68fe913,RS40222,بلاط ارضيات بورسلين 120 سم * 60 سم (0.360  م²),1,259.200,259.200,310000261
316697b8-a680-a2f1-c377-2007d54dfebc,4a0a41f8-66a8-346c-bc80-49af778749b9,ARSB80302,شطاف ظغط مربع كبيرمع طوبو كروم,1,175.000,175.000,310001270
fb2f1270-8cb2-f56c-54e5-fccf2a1627dd,c1be499b-6eb8-64f8-6b33-94b1d167593d,PA30247,ميزان ألمنيوم 40 سم,6,53.500,321.000,210000393
1fc22869-0e78-250b-105a-109fabfbcf68,00e5af2e-b130-3331-750d-3b144daca144,WS10807,مقعد معلق تورنيدو أبيض,40,420.000,16800.000,310001442
eb75368a-9649-0ba1-9d1a-0cbb8c2f334e,d34ca263-d98f-957d-0260-97069fa8796d,AB10841,خزانة حمام أبيض,5,150.000,750.000,310001493
6714c1e5-2663-1d41-ad0e-971c7991f184,499f3fc1-3578-1b0b-bc3b-6546c67fcc6d,ML10169,خلاط حوض وجه  12 سم كروم,5,165.000,825.000,310000175
c0bf7a9e-82f0-d8db-0496-7d8160d0b3af,5ee868ab-a293-56e4-6ae0-2396b0c61d6a,CD40782,مسطرة دوش زوجية اسود,2,91.000,182.000,310000262
3c4c459e-f321-cd4f-f2d3-cea845aae640,9f4c894a-18b2-6a6c-a260-4724668c3b23,CE10265,سخانة 80 لتر,3,585.000,1755.000,310000265
7d528956-49aa-eb18-45ba-cb14619a37af,506998fe-29e4-1ba4-87f2-692340f8b59a,EL10768,حوض مطبخ ستانلس ستيل   70*45  كروم,5,275.000,1375.000,310000267
b589884a-5a6e-f4d6-5698-b3c0a87ed577,506998fe-29e4-1ba4-87f2-692340f8b59a,ALVM50796,رأس سيفوني كروم,5,49.000,245.000,310000268
59932b0f-63f3-a731-0c34-fdd6db0cc1b8,506998fe-29e4-1ba4-87f2-692340f8b59a,ALVM50276,رأس سيفوني كروم,7,24.000,168.000,310000270
77bc849e-4445-f76d-4880-70d7bcbaf75e,506998fe-29e4-1ba4-87f2-692340f8b59a,AASB30798,مسند لكبار السن 45 كروم,3,55.000,165.000,310000271
15a7ac5f-145f-104e-fd23-61319cabcea9,506998fe-29e4-1ba4-87f2-692340f8b59a,AASB30799,مسند لكبار السن 60 كروم,4,88.000,352.000,310000272
8596b427-98af-2b02-5366-a1ea6b81f4bc,d7889da6-f31a-8295-56ae-b5d81db6e684,ARSB80261,مصب دوش مع تحويلة أسود,6,110.000,660.000,210000406
50c3fb0b-1005-2e76-afa9-b9ad2ab56432,d7889da6-f31a-8295-56ae-b5d81db6e684,AASB30260,رف زاوية زوجي اسود,2,165.000,330.000,210000408
a655596d-cf3e-932e-9c34-c141445122d6,fd2e9258-0212-3df0-e137-8d59d0ff60e6,ATWC50424,بتارية مقعد أرضي تحت,10,62.500,625.000,310000188
ce3fe7f4-2acc-5968-7268-bc22b2aff49d,506998fe-29e4-1ba4-87f2-692340f8b59a,PS20028,علاقة ملابس فردي,4,38.000,152.000,310000273
69268a7d-a51e-75e8-0773-17e45b8421e1,506998fe-29e4-1ba4-87f2-692340f8b59a,RO10018,مسكر زاوية  ''1/2 * ''1/2 اسود,5,22.000,110.000,310000275
79c69035-af39-fd29-b2c1-74b23930e157,506998fe-29e4-1ba4-87f2-692340f8b59a,AASB30801,مجفف يد أبيض,3,145.000,435.000,310000276
93d28fcf-4006-c33a-da64-939e2b3ac49c,ff156715-a0b4-2efc-4bed-07b337fd19f9,EL10386,حوض مطبخ ستانلس ستيل   304 65 * 45 سم,4,460.000,1840.000,210001126
340193b1-65b9-0ac1-be6f-3755a4cdcb83,334026c6-1a9b-ebe7-edb3-f715bcd4bed1,RO10141,مسكر زاوية  ''1/2 * ''1/2 ذهبي,20,18.750,375.000,210001145
1856e7be-934f-2844-9eb4-edb26e27ae1a,fd2e9258-0212-3df0-e137-8d59d0ff60e6,WA40172,غطاء مقعد تركي أبيض,10,18.500,185.000,310000192
87bc1d43-c6c6-923b-e76f-37063b9e4f34,823b55e9-9375-aff4-29b7-090b79e513a9,EL10387,حوض مطبخ ستانلس ستيل   304 75 * 45 سم,3,510.000,1530.000,310000278
22a1eb7c-df0e-0556-ead2-60f540d7a870,823b55e9-9375-aff4-29b7-090b79e513a9,EL10040,حوض مطبخ ستانلس ستيل   304 76 * 45 سم,3,500.000,1500.000,310000279
4e74a71b-6dfa-e938-4bda-397712ae5494,724d0c50-50a7-5655-531e-58d9453c72f7,FAB0175,طلاء وجه خلاط شطافة,4,120.000,480.000,310001283
7f29058f-d3fc-bdc6-0c26-886b7784016b,823b55e9-9375-aff4-29b7-090b79e513a9,RFP1424,"فسيبلي "" 1/2 أنثى * ""1/2 أنثى 40سم",20,9.750,195.000,310000281
3f12ec36-f8b3-e40a-5892-d9908504b7d9,2a92b072-38f5-6bf4-ee61-e95ac52da8cc,EL10768,حوض مطبخ ستانلس ستيل   82*45  كروم,3,275.000,825.000,310000247
c162464e-0a7a-d33b-d8cc-06eb90ae5686,b405f941-ef5d-03c6-19dd-2e8390821a93,MT30018,خلاط شطاف كروم مع شطاف,6,200.000,1200.000,310001286
0ef555b9-6f6e-aae6-48fd-a804b3c3c1a9,da4a35c7-a3b8-c54f-b0f3-f5bcc6987098,ARSB80805,شطاف ضغط دائري مع طوبو كروم,6,59.000,354.000,310000284
545bf2f9-894a-71cd-084a-6d059fa4586a,da4a35c7-a3b8-c54f-b0f3-f5bcc6987098,RO10287,مسكر زاوية  ''1/2 * ''1/2 كروم,10,18.000,180.000,310000286
b0aa8b15-c0ef-5e64-460b-93dc7f5fe709,da4a35c7-a3b8-c54f-b0f3-f5bcc6987098,RO10018,مسكر زاوية  ''1/2 * ''1/2 اسود,10,22.000,220.000,310000287
45346c51-bbbc-ff7e-2cdf-c2dcad01126d,da4a35c7-a3b8-c54f-b0f3-f5bcc6987098,AASB30807,حامل ورق منظف كلينكس,10,53.000,530.000,310000290
10e7b228-f604-c0c1-17a3-0bcba4d88730,b405f941-ef5d-03c6-19dd-2e8390821a93,RO10771,حنفية غسالة  ''1/2 * ''3/4 كروم,12,33.500,402.000,310001290
f71a3119-200b-e89c-fa2f-1ffabd22cd02,77eb82a9-87af-de4e-9f2e-8c09168c3159,CE10264,سخانة 50 لتر,1,570.000,570.000,210001095
b3d12ede-d3ba-410a-de5d-20c640bf6289,77eb82a9-87af-de4e-9f2e-8c09168c3159,CE10265,سخانة 80 لتر,2,585.000,1170.000,210001096
544249d1-862e-729f-d5b7-87a62b6a3277,31403d1d-6833-93c6-9e30-6304e086375b,PA30329,منشار شجر,6,5.500,33.000,210000431
56af8e2f-6f7d-dba0-91a8-90ef676006fa,499f3fc1-3578-1b0b-bc3b-6546c67fcc6d,ARSB80270,مصب دوش مع تحويلة كروم,12,90.000,1080.000,310000161
18bcc7e7-1957-78bf-33a5-eb7d3230816f,da4a35c7-a3b8-c54f-b0f3-f5bcc6987098,ART0024,حاملة فوط كروم,3,49.000,147.000,310000291
5c24703d-e818-3a45-9589-2038739c8b3b,da4a35c7-a3b8-c54f-b0f3-f5bcc6987098,ART0025,حاملة فوط كروم,3,48.000,144.000,310000292
2fb62ee4-8247-8252-0cff-a1c8a17deef0,da4a35c7-a3b8-c54f-b0f3-f5bcc6987098,CD40808,مسطرة دوش زوجية كروم,4,225.000,900.000,310000294
2f4934cd-8684-f378-3b99-4b95ea94899d,bffc9e8b-7da1-0ed7-0f65-b7a45d359d42,ML10091,خلاط حوض وجه طويل كروم,5,145.000,725.000,310000296
b78efb20-280c-d901-2adb-f7b9ffff8ab1,5fabe345-7139-f22a-420b-bbbfdbd27d5e,ALVM50055,سيفون حوض الوجه طويل كروم,6,170.000,1020.000,210001099
ac82ebc3-c406-c180-295b-de50bdf91f17,5fabe345-7139-f22a-420b-bbbfdbd27d5e,PLSA0237,وردة كروم1/2,25,4.750,118.750,210001100
54298109-57d7-6481-b283-0a896bf3d234,5fabe345-7139-f22a-420b-bbbfdbd27d5e,SI10133,سلكون  280 غرام شفاف,24,9.500,228.000,210001101
3b129153-8629-fbd8-b6d0-b63d60eaf66b,5fabe345-7139-f22a-420b-bbbfdbd27d5e,MT30134,مطول خلاط شطافه مدفون,3,92.500,277.500,210001102
a8075b07-f3e8-e258-e434-dce38a08ed6d,a188d005-3352-34bb-4da2-142956ed2ca2,SI10138,سلكون  280 غرام أبيض التاج,24,6.042,145.008,210001103
f079e7c6-f9dc-4784-4722-e65e000f3194,a188d005-3352-34bb-4da2-142956ed2ca2,PE30496,طلاء مائي داخلي 18 كغ الكلمنجارو اقتصادي,15,49.400,741.000,210001104
e14197c5-b01f-fbf5-5d1c-c90c6a27dbeb,a188d005-3352-34bb-4da2-142956ed2ca2,PE30036,استوك 18 كغ,30,37.440,1123.200,210001105
027aabba-366e-85cb-c5de-55b025bf18ce,a188d005-3352-34bb-4da2-142956ed2ca2,PE30195,طلاء مائي داخلي 10 كغ أبيض نص لمعه,10,166.080,1660.800,210001106
01abf977-0bae-1b26-759c-0aa2b8ffea60,a188d005-3352-34bb-4da2-142956ed2ca2,PE30295,دهان عازل خارجي داخلي كغ3.5 أبيض,6,55.833,335.001,210001107
32e1f031-db18-354d-1436-6dc1c0f52055,471a0b5c-c7b4-fb37-c63c-90608fd5ba4a,PA30347,مفتاح إنجليزي رقم 8,6,10.500,63.000,210000451
dcdbb7bb-5853-2839-4302-ff33306aee2a,bffc9e8b-7da1-0ed7-0f65-b7a45d359d42,MA20009,خلاط حوض المطبخ سحاب كروم,3,380.000,1140.000,310000297
d98011b9-bc73-8431-0e70-d45d125969c0,a188d005-3352-34bb-4da2-142956ed2ca2,PA30059,متر 10م,12,13.500,162.000,210001110
90f8c96d-f3ea-eb4a-af71-5a8b6c70fe1e,a188d005-3352-34bb-4da2-142956ed2ca2,ELC1109,"مطول كهرباء 3مدخل 3متر
",12,32.500,390.000,210001111
2fd27501-a443-672b-767c-7127ee237021,a188d005-3352-34bb-4da2-142956ed2ca2,PA30935,متر 7.5م,12,7.500,90.000,210001112
c096d1a0-f80f-755a-526d-7cc7013f410b,a188d005-3352-34bb-4da2-142956ed2ca2,PA30835,يد جيدور متحركة ممتازه كريكيتوا,6,14.500,87.000,210001113
e54be773-05fb-d46e-2f35-79d85105f674,a188d005-3352-34bb-4da2-142956ed2ca2,PA30735,وصلة جيدور 3قطع في كرت اصفر,5,14.500,72.500,210001114
b13975f0-19e4-9aad-5aa5-8965f833d18b,a188d005-3352-34bb-4da2-142956ed2ca2,PE30535,ورق سنفرة 9بوصة 6فتحات,100,0.950,95.000,210001115
c5930bd3-9a26-33be-5fd6-94dadc9f70de,02f06c8f-ea02-9eaf-821e-1f689d71c48c,PA30736,لقمة جيدور كروم رقم 10,10,2.750,27.500,210001116
9a695fe1-b371-a3d6-f809-8112f97676d6,02f06c8f-ea02-9eaf-821e-1f689d71c48c,PA30737,لقمة جيدور كروم رقم 11,10,2.750,27.500,210001117
06de6f9f-a2fb-3099-6c52-5f7301113abf,02f06c8f-ea02-9eaf-821e-1f689d71c48c,PA30738,لقمة جيدور كروم رقم 12,10,2.750,27.500,210001118
94115bf1-d0be-89b1-02cc-682b8a69f3b6,02f06c8f-ea02-9eaf-821e-1f689d71c48c,PA30739,لقمة جيدور كروم رقم 13,10,2.750,27.500,210001119
e3385fdf-8eb9-ef9b-24b4-809c313ffbe6,02f06c8f-ea02-9eaf-821e-1f689d71c48c,PA30740,لقمة جيدور كروم رقم 17,10,3.500,35.000,210001120
ee67bf16-544d-88d6-4bf9-da08bffef8ad,02f06c8f-ea02-9eaf-821e-1f689d71c48c,PA30741,لقمة جيدور كروم رقم 8,10,2.750,27.500,210001121
dcc5666a-74f9-b0e4-520d-85bdea8e37af,02f06c8f-ea02-9eaf-821e-1f689d71c48c,PE30895,لصقة مع مجفف 400 مل,10,13.500,135.000,210001122
2befcec2-2e59-241e-8211-c4e18b71f9d3,02f06c8f-ea02-9eaf-821e-1f689d71c48c,RA20135,سنيسكا خارجيه دبل كواردة لحام 32,5,23.000,115.000,210001123
b02d74f1-3118-a94f-9716-286dfeb7f2ec,499f3fc1-3578-1b0b-bc3b-6546c67fcc6d,MC10182,سرفنتينة 15 سم * 15 سم مع مانع رائحة كروم,6,52.000,312.000,310000197
778266b9-9c74-e6b4-ef69-658aee23fcf2,bffc9e8b-7da1-0ed7-0f65-b7a45d359d42,MA20811,خلاط حوض المطبخ سحاب كروم,3,165.000,495.000,310000298
7ad7437e-989b-a0e7-e0fa-bec6e797d3e1,ff156715-a0b4-2efc-4bed-07b337fd19f9,MT30062,خلاط شطاف مع شطاف كروم,6,140.000,840.000,210001139
dcff0d2c-850b-1e91-d051-0e5e1fdb8a15,ff156715-a0b4-2efc-4bed-07b337fd19f9,PLSA0259,"طابة ""1/2 مع وردة كروم",20,8.750,175.000,210001141
22cb1294-3c4a-dcde-d5d4-1559e7116bec,ff156715-a0b4-2efc-4bed-07b337fd19f9,ARSB81001,شطاف ضغط مربع مع طوبو ذهبي,5,49.000,245.000,210001143
0e593c87-fc64-9bb1-c459-11008637f777,334026c6-1a9b-ebe7-edb3-f715bcd4bed1,ARSB80380,كسكاس دوش مربع 250*250 مم مع قصبة ذهبي,4,95.000,380.000,210001144
3cb37a5e-999f-d0be-4ee0-b8e4205aa426,c14eb080-a6da-13c1-0a43-bb4a1844f1b2,PE30481,لصقة مع مجفف 400 مل,12,16.500,198.000,210002131
3ae3d6a7-c8c8-49ab-4a84-374a9c78e84d,471a0b5c-c7b4-fb37-c63c-90608fd5ba4a,PA30348,مفتاح إنجليزي رقم 24,6,32.000,192.000,210000452
66ba09d0-1fdf-5058-0f5f-f1185a8dcf1a,ff156715-a0b4-2efc-4bed-07b337fd19f9,EL10137,حوض مطبخ ستانلس ستيل   304 70 * 45 سم,4,480.000,1920.000,210001127
4a8e8ec3-a2f7-6837-bd50-84430f83039a,b2ff9c8b-6896-29d8-5ead-84e7041f7e33,MC10452,مجرى 50 سم *6 سم كروم,10,200.000,2000.000,310000205
24a0e593-9f83-10db-565e-ff2fc2e08765,99e73c3b-c5d5-29c1-913b-e77f35217c7a,MA20148,خلاط حوض المطبخ سحاب كروم,6,99.500,597.000,210001152
93cbc476-4c9f-6b21-cfd8-605f092ab560,99e73c3b-c5d5-29c1-913b-e77f35217c7a,ARSB80215,كسكاس دوش مربع 200*200 مم مع قصبة ذهبي,6,45.500,273.000,210001153
6f140dff-7687-e126-7c15-8ae8bce5504a,99e73c3b-c5d5-29c1-913b-e77f35217c7a,ARSB80218,كسكاس دوش مربع 200*200 مم مع قصبة ذهبي معا سماعه متحركة مع مخرج شطافة,6,175.000,1050.000,210001154
7135934e-6eb4-6709-f581-c70e5ab1e442,99e73c3b-c5d5-29c1-913b-e77f35217c7a,ARSB80219,كسكاس دوش مربع 200*200 مم مع قصبة كروم معا سماعه متحركة مع مخرج شطافة,6,155.000,930.000,210001155
cf1e61e0-c87c-d56b-6d6d-993080d8a915,99e73c3b-c5d5-29c1-913b-e77f35217c7a,MT30149,خلاط شطاف مع شطاف ذهبي,6,97.500,585.000,210001156
baae4d0b-ae8e-eb63-5534-a493bc1a362a,99e73c3b-c5d5-29c1-913b-e77f35217c7a,ABAG50150,سيفون حوض استحمام بانيو,3,38.500,115.500,210001157
cbc8fec6-a42c-7ce2-5ff9-dc65b1891d0b,99e73c3b-c5d5-29c1-913b-e77f35217c7a,PS20151,علاقة ملابس خماسية دوران,6,45.000,270.000,210001158
7a3c32de-6a2a-ab6c-551b-442301b1c826,c14eb080-a6da-13c1-0a43-bb4a1844f1b2,CE10472,سخانة 50 لتر,3,490.000,1470.000,210002137
1c78ce79-ba3c-1357-5a9e-bb5220714456,f55d1f90-efdb-dce2-4b97-85631e1b434c,PA30352,مفتاح تي بالمقبض رقم 12,10,3.250,32.500,210000456
470089f3-18c7-e0f7-3744-48d45c930c31,bffc9e8b-7da1-0ed7-0f65-b7a45d359d42,MA20812,خلاط حوض المطبخ سحاب كروم,3,160.000,480.000,310000299
db20d352-2876-d733-73b6-a9cca784cc63,99e73c3b-c5d5-29c1-913b-e77f35217c7a,EL10144,حوض مطبخ ستانلس ستيل   80*50  أسود,3,255.000,765.000,210001148
9a727698-e4ba-96e4-c3a5-036765d46c64,99e73c3b-c5d5-29c1-913b-e77f35217c7a,EL10145,حوض مطبخ ستانلس ستيل   60*45 أسود,3,135.000,405.000,210001149
15236587-cadd-9363-c78d-1e622fb3092c,99e73c3b-c5d5-29c1-913b-e77f35217c7a,MA20147,خلاط حوض المطبخ سحاب أسود,6,95.500,573.000,210001151
a2938e93-383b-9df3-55c2-3028907e326f,bffc9e8b-7da1-0ed7-0f65-b7a45d359d42,ARSB80040,شطاف ظغط مربع مع طوبو كروم,3,165.000,495.000,310000300
659025cb-52bc-e9b0-7167-66f78d2c59d3,bffc9e8b-7da1-0ed7-0f65-b7a45d359d42,ML10813,خلاط حوض وجه طويل كروم,3,165.000,495.000,310000301
dd8de070-aafc-5d51-8f30-f8922606930e,99e73c3b-c5d5-29c1-913b-e77f35217c7a,ATWC50155,زر بتارية مقعد سداسي,10,8.000,80.000,210001163
1b55d7aa-43a3-54e4-2b7e-aef65117ecde,99e73c3b-c5d5-29c1-913b-e77f35217c7a,ATWC50156,مثبت غطاء مقعد سكة هندي,10,2.950,29.500,210001164
5d3c93f9-4e06-bd68-a9b5-2fa37109dcb4,99e73c3b-c5d5-29c1-913b-e77f35217c7a,ATWC50157,مثبت غطاء مقعد سكة بلستك,10,2.500,25.000,210001165
7e387497-54cb-b83f-eea0-858cbfb75caf,99e73c3b-c5d5-29c1-913b-e77f35217c7a,ATWC50158,مثبت غطاء مقعد ضغط كروم بالوردة,10,7.500,75.000,210001166
fbb6ad00-4266-d927-f976-8a345250ef66,99e73c3b-c5d5-29c1-913b-e77f35217c7a,RO10159,مسكر زاوية  ''1/2 * ''1/2 ذهبي,20,14.500,290.000,210001167
9c08a57a-8b26-ba7c-7905-e0d35fcbc5f2,99e73c3b-c5d5-29c1-913b-e77f35217c7a,ARSB80899,مثبت خلاط شجرة,10,3.750,37.500,210001168
6b2a8376-f415-6b17-2044-3bc29151a847,99e73c3b-c5d5-29c1-913b-e77f35217c7a,CD40160,مسطرة دوش لاد مع خلاط ذهبي,3,385.000,1155.000,210001169
826949ba-e3dc-9d22-1e5d-7fb03eda6a6a,99e73c3b-c5d5-29c1-913b-e77f35217c7a,CD40162,مسطرة دوش زوجية دهبي,5,135.000,675.000,210001170
a9431376-fcfe-5618-52aa-f0ee822f0306,99e73c3b-c5d5-29c1-913b-e77f35217c7a,CD40161,مسطرة دوش زوجية دهبي,10,125.000,1250.000,210001171
40eeca36-3146-2986-1b21-e29efb0b6600,48eba12d-8ba5-5bd1-e429-443e208f30f1,PE30789,برايمر كالي 5كجم,5,100.000,500.000,210002138
0a7c6b58-6b46-0030-6493-cf82f94badf8,d34ca263-d98f-957d-0260-97069fa8796d,ARSB80793,كسكاس دوش مربع شريحة 250*250 مم مع قصبة كروم,15,95.000,1425.000,310001360
657b39e3-b265-9662-363f-134c2d43fb7d,5cbe3969-75fd-759b-8f90-e1b9f2572f64,PA30379,مقص العشب,6,23.000,138.000,210000483
e602e714-9485-6088-9489-b56ef2e63e1a,99e73c3b-c5d5-29c1-913b-e77f35217c7a,ATWC50154,زر بتارية مقعد كبير,10,3.500,35.000,210001162
d343b9b1-de53-ea11-2568-2c1a3db0a57a,7b601837-0222-436c-d4a7-27efc3f0eac7,CE10104,سخانة 50 لتر,5,400.000,2000.000,310000212
b3cef842-ed9d-4d07-b7fd-42bb759ce484,ddc18f29-b578-8a82-1fb6-430426de8527,BAI10165,حوض استحمام بانيو 180*80*53 سم,1,1835.000,1835.000,210001178
38f4ed41-0e30-73ea-ac1a-99accbbdcdf1,a0f8472f-f77c-aa7e-fca9-258127dd2a2c,PE30032,استوك 20 كغ,25,51.200,1280.000,210001179
0318dc39-497e-1bce-b6cf-6f8cc4d8eb31,a0f8472f-f77c-aa7e-fca9-258127dd2a2c,PE30037,طلاء مائي داخلي 18 كغ أبيض مطفي,15,92.000,1380.000,210001180
0d82d54d-3094-cbef-4e15-f23aca9af84e,fff2c0b8-514b-7f57-c395-ac4bd661ab2b,ARSB80966,قصبة دوش غلطة سباك,5,50.000,250.000,210001181
893d49a7-82e0-9c11-8f19-af19d7fea4bb,b3f3ef3b-fd44-1f21-2e81-c60b6fc15054,EG30253,حوض مطبخ جرانيت رصاصي محبب 80*50,2,339.605,679.210,210001476
9ef20360-920b-96e6-86f6-b7cca6e7aabd,a5f2ecfc-ad18-30cf-d510-d71dc7c37683,PE30036,استوك 18 كغ,20,40.850,817.000,210001565
b3d4ccdd-5ded-0bba-e8b8-407e2b1972f9,a95ee006-1e02-ae4b-6f84-8e122af2229a,PE30094,ورق سنفرة قماش رقم 180,35,2.372,83.000,210001586
5b6a63f7-8754-a475-e16f-c323fee873c9,bffc9e8b-7da1-0ed7-0f65-b7a45d359d42,MA20814,خلاط حوض المطبخ سحاب كروم,3,173.000,519.000,310000302
f7026557-9d23-5e2b-70f7-e143df979b78,da4a35c7-a3b8-c54f-b0f3-f5bcc6987098,ARSB80804,شطاف ضغط مربع مع طوبو ذهبي,6,63.000,378.000,310000283
42d2e928-c32a-3476-9b1b-0daf98be4805,988a189a-d8bf-8c3f-323d-68e139889963,ARSB81001,شطاف ضغط مربع مع طوبو ذهبي,3,49.000,147.000,210001173
47f13bae-833b-413a-2d57-b1d21ac6ef7b,0300e155-41e8-8314-49cf-c844b4a6bf05,ARSB80958,شطاف ضغط مربع مع طوبو ذهبي,10,37.000,370.000,210001174
2dfe02b6-3cd5-0769-bbac-659264d9dadb,08f8dc0c-3eb9-70f0-e696-182797aff0e1,CE10264,سخانة 50 لتر,3,570.000,1710.000,210001176
90421a31-c5a6-7698-d8ee-41bbddf51180,08f8dc0c-3eb9-70f0-e696-182797aff0e1,MDE50164,مطول خلاط دوش مدفون,3,170.000,510.000,210001177
5d6cb5f6-328a-dd90-ffae-912e4f20fc6c,5cbe3969-75fd-759b-8f90-e1b9f2572f64,PA30380,منقار,6,4.500,27.000,210000484
49ae96b2-72ed-59d9-3b9a-15b5da3b9b90,a3383cf7-ed8c-7a40-3e26-f47c2573098b,CI20480,خزان النبع 1500لتر,1,435.000,435.000,210002119
83250038-bfea-7496-ded0-a169bb0e0064,8559975e-df20-200a-066b-0f93eae79900,BAI10238,حوض استحمام بانيو 120*70*55 سم,2,565.000,1130.000,310000207
20ab059c-e983-2a50-c8c0-e338636128a5,da4a35c7-a3b8-c54f-b0f3-f5bcc6987098,AASB30043,رف زجاجي كروم,5,68.000,340.000,310000288
e4430254-c11a-9152-d430-319a09b02d4a,04d71fd6-fa06-f779-9f27-a4cfe6110007,RFP1427,"فسيبلي "" 1/2 أنثى * ""1/2 أنثى 50سم",6,17.500,105.000,310000259
afc0c538-07ff-489e-00de-600a834042a0,2a92b072-38f5-6bf4-ee61-e95ac52da8cc,EL10769,حوض مطبخ ستانلس ستيل   60*45  أسود,2,265.000,530.000,310000248
3eb7c5ad-2f6b-8bfa-003d-2865d6391c19,d6a8fd53-5d9d-2577-372c-ab66b6157630,AM0343,دولاب حمام 80 سم أبيض,3,230.000,690.000,210001626
f364d584-3d18-e5ba-93d8-0ac5beef6cd5,8e75c7a9-d762-0dbe-6305-8ab675821339,EL50400,لصقة 0.13 مم * 50 مم * 25 متر,12,13.750,165.000,210000504
b6960087-0eba-b124-727b-51aaf363c00d,dc3af3f0-a990-c6fa-a868-7148a0c4c0cd,ARSB80869,كسكاس دوش دائري 250 مم دهبي,5,195.000,975.000,210001186
33ebab92-d33b-a5b0-cd65-7e904b44d9bd,dc3af3f0-a990-c6fa-a868-7148a0c4c0cd,ARSB80425,مصب دوش بدون تحويله ذهبي,2,345.000,690.000,210001187
12e81fdf-685e-1d6f-ef69-b69af2784266,dc3af3f0-a990-c6fa-a868-7148a0c4c0cd,CE10268,سخانة 30 لتر,1,395.000,395.000,210001188
4e4714d7-2796-2933-1c05-b3247634819f,64d91593-ab68-6bb9-4698-930a71636551,RA20582,"مخفض قومه 1.5"" * 1.25",50,2.250,112.500,310000213
4788ed5e-0632-3a43-f141-956b75acd85f,06ae4c9f-d092-4137-b805-01e5a2758f74,RO10169,مسكر زاوية  ''1/2 * ''1/2 ذهبي,10,13.500,135.000,210001189
1668b4db-7169-ef44-2463-ea45cd3ee78a,06ae4c9f-d092-4137-b805-01e5a2758f74,ACE20210,فلفلة سخانة,20,11.900,238.000,210001190
902db824-795d-1271-574c-2182f94e9621,06ae4c9f-d092-4137-b805-01e5a2758f74,ARSB80357,سماعة دوش مع طوبو ذهبي,5,25.500,127.500,210001191
f3f934d3-cad3-5b5f-c40f-b8c1de72b3d2,ebae1532-fb50-f6d8-d123-3f9694f80541,PE30026,طلاء مائي داخلي 18 كغ أبيض,12,94.090,1129.080,210002140
30bd7237-3415-6309-a14b-632c932e0c7d,9761b8d4-0c99-15a7-748d-241800ee180a,AM0816,دولاب حمام حوض مع مرايا لد -90 سم,5,890.000,4450.000,310000304
efa6453d-2e15-6089-59fb-b96f9b06266b,9761b8d4-0c99-15a7-748d-241800ee180a,AM0817,دولاب حمام حوض مع مرايا لد -90 سم,5,890.000,4450.000,310000305
711544fe-260e-3ac7-c873-c2d92dd9d568,9761b8d4-0c99-15a7-748d-241800ee180a,AM0819,دولاب حمام بالملحق مع مرايا لد -80 سم,5,780.000,3900.000,310000306
80b93a03-8575-e57b-765e-c07b29a79087,da4a35c7-a3b8-c54f-b0f3-f5bcc6987098,ARSB80806,شطاف ضغط دائري مع طوبو أسود,6,61.000,366.000,310000285
34f669c3-7797-11d5-f613-b1110bbdce50,8d8ea92d-af74-eaf0-ee1e-a75bbcfe7368,PE30416,مقص بي بي ار,6,14.000,84.000,210000520
47f68d99-77ac-8d3e-ab6e-12f051cae25e,0418adb8-ba12-cf9f-3b55-110b83be6619,MT30240,خلاط شطاف مع شطاف كروم,3,305.000,915.000,310000218
06903917-daee-eba2-04dd-e3aa86508094,0418adb8-ba12-cf9f-3b55-110b83be6619,MD20239,خلاط دوش مع سماعة كروم,3,360.000,1080.000,310000219
d7f92e22-7698-3e1d-89e3-dc219ee2a6a5,99b70c72-5d15-6c7b-f85b-26fff822c04b,ML10617,خلاط حوض وجه كروم,60,95.000,5700.000,310000697
c34aa0f5-1e63-f62b-1e1c-7c787d0bdc7a,99b70c72-5d15-6c7b-f85b-26fff822c04b,CD40622,مسطرة دوش زوجية مربعة أسود,20,320.000,6400.000,310000701
a343501e-c078-cc90-d606-daf69b7d4e3a,99b70c72-5d15-6c7b-f85b-26fff822c04b,ARSB80661,مخرج شطاف كروم,50,30.000,1500.000,310000735
3946f0a5-0964-0828-fd2a-da636ea882f0,ed076204-fc9b-321b-79c2-d03065f83759,EL10818,حوض مطبخ ستانلس ستيل منظومة دائري بيانو 304 75*46 أسود,3,695.000,2085.000,310000307
93747412-6a0e-2413-3616-c9e0aff5c597,ed076204-fc9b-321b-79c2-d03065f83759,ARSB80198,مصب دوش مع تحويلة كروم,5,78.000,390.000,310000308
59c0230c-f8a5-d395-7339-2cb44fcd8e65,ed076204-fc9b-321b-79c2-d03065f83759,ARSB80270,مصب دوش مع تحويلة كروم,4,85.000,340.000,310000309
a78da21e-d749-a25b-1d18-37a0c19bf34a,ed076204-fc9b-321b-79c2-d03065f83759,ALVM50819,رأس سيفوني اسود,10,25.000,250.000,310000310
0eea9b88-d5f6-2a7e-564d-a7b7265185ac,b977027e-bb4e-1e4e-9489-a3116b77beb1,PA30420,حبل نشر 2.5 مم 10 متر,12,1.500,18.000,210000524
cc30d961-3542-50bb-5d5a-a6863e6b3298,b977027e-bb4e-1e4e-9489-a3116b77beb1,PA30433,ڨوانطي,24,3.000,72.000,210000537
12505068-e238-8f0a-3128-09c8c91ca5c8,5c3c5ccf-fccf-53ea-638f-60d665808469,LG40174,حوض وجه برسلين مشطوف 80 سم,6,400.000,2400.000,210001207
af0d512c-6ed6-bc4e-6a77-70855c43a214,5c3c5ccf-fccf-53ea-638f-60d665808469,EG40175,رف حوض وجه برسلين 80 سم,6,185.000,1110.000,210001208
516c0302-06ee-18ce-9c89-9056906eedd9,5c3c5ccf-fccf-53ea-638f-60d665808469,LG40176,حوض وجه برسلين مشطوف 80 سم,8,400.000,3200.000,210001209
78447af6-301b-9cf9-363f-e1fd549db94b,5c3c5ccf-fccf-53ea-638f-60d665808469,EG40177,رف حوض وجه برسلين 80 سم,8,185.000,1480.000,210001210
76b43719-ae92-2ad2-e023-91095346312c,5c3c5ccf-fccf-53ea-638f-60d665808469,LG40178,حوض وجه برسلين مشطوف 80 سم,8,400.000,3200.000,210001211
631515f6-9705-7179-f759-5e20b2307dc2,5c3c5ccf-fccf-53ea-638f-60d665808469,EG40179,رف حوض وجه برسلين 80 سم,8,185.000,1480.000,210001212
3ab266d1-7a95-ea6c-150f-761e0af797e8,8e6d6b01-82a2-4fcc-7802-6b188d6fded9,ARSB80214,"مسكر شطافة ""1/2"" * ""1/2 كروم",60,25.750,1545.000,210001193
733e5027-b99c-3893-3896-cb68b8ecdac1,8e6d6b01-82a2-4fcc-7802-6b188d6fded9,ARSB80490,كسكاس دوش مربع 250*250 مم كروم,5,65.000,325.000,210001194
e6621866-5458-c3e9-2fba-f596eb136179,8e6d6b01-82a2-4fcc-7802-6b188d6fded9,ARSB80333,مصب دوش مع تحويلة كروم,5,77.000,385.000,210001197
59474af2-102e-9612-e2fa-1a96a48b55ce,8e6d6b01-82a2-4fcc-7802-6b188d6fded9,ARSB80337,مصب دوش مع تحويلة كروم,5,80.000,400.000,210001198
7d32eaa8-5bd5-0ea0-a22d-2cf878eb99f7,8e6d6b01-82a2-4fcc-7802-6b188d6fded9,PS20015,علاقة ملابس خماسية دوران,5,75.000,375.000,210001199
c370b301-e5f1-6ef2-48e9-5c3d75cce181,d34ca263-d98f-957d-0260-97069fa8796d,ML30865,مرايا حمام مع إضاءة لد-عرض60*100 سم,5,120.000,600.000,310001508
187b0f59-adcd-1ff6-15f2-550dd81f3afd,ed076204-fc9b-321b-79c2-d03065f83759,ALVM50820,رأس سيفوني ذهبي,10,23.000,230.000,310000311
5b58577c-fc69-1eff-8722-08e6a4c8fa22,ed076204-fc9b-321b-79c2-d03065f83759,RFP1754,"فسيبلي "" 1/2 أنثى * ""1/2 أنثى 50سم",20,12.500,250.000,310000312
8a103e63-858a-0d35-d5c0-007a67533371,d688c806-474d-0a43-cdce-5094f3bfc96c,PA30449,خيط أحذية 120 غ,20,2.100,42.000,210000553
09c83dff-246c-7e59-8591-331182f6dcca,5ee868ab-a293-56e4-6ae0-2396b0c61d6a,AASB30784,موزع صابون سائل كروم,4,5.000,20.000,310000264
468857e2-0b83-0d47-aa63-48a9f0e3f5ec,9cf45316-b4f8-2d8f-cf7a-ed949b638dda,ARSB80992,كسكاس دوش مربع 250*250 مم مع قصبة دهبي,1,535.000,535.000,310000318
0ce19f0e-a5a1-4035-ba12-04f299a9f51f,5c3c5ccf-fccf-53ea-638f-60d665808469,EG40181,رف حوض وجه برسلين 100 سم,6,180.000,1080.000,210001214
78d913d8-1131-1de1-d291-09947c0076c9,5c3c5ccf-fccf-53ea-638f-60d665808469,LG40183,حوض وجه برسلين مشطوف 80 سم,10,300.000,3000.000,210001215
ef531909-2295-f9ba-7466-17e9d3a67555,5c3c5ccf-fccf-53ea-638f-60d665808469,EG40184,رف حوض وجه برسلين 80 سم,10,150.000,1500.000,210001216
985bf1f7-516d-e199-a6ae-6a25296c46cc,5c3c5ccf-fccf-53ea-638f-60d665808469,LG40185,حوض وجه برسلين مشطوف 80 سم,10,300.000,3000.000,210001217
db7c4f98-abdd-0209-8f70-29cd045d9591,5c3c5ccf-fccf-53ea-638f-60d665808469,EG40186,رف حوض وجه برسلين 80 سم,10,150.000,1500.000,210001218
a1692926-fe6f-5e71-c3a7-446d0373016c,5c3c5ccf-fccf-53ea-638f-60d665808469,LG40187,حوض وجه برسلين مشطوف 80 سم,10,300.000,3000.000,210001219
1111eb60-ca22-6a29-d1d7-96709dd9ae1e,5c3c5ccf-fccf-53ea-638f-60d665808469,EG40188,رف حوض وجه برسلين 80 سم,10,150.000,1500.000,210001220
8fcc79ff-b010-eca5-3e50-2ec9a9d9d735,c14eb080-a6da-13c1-0a43-bb4a1844f1b2,PE30089,دلونتي 1لتر,36,9.580,345.001,210002129
2e767ada-f01f-cad5-26a1-037f2ebfd3d2,5c3c5ccf-fccf-53ea-638f-60d665808469,LG40180,حوض وجه برسلين 100 سم,6,500.000,3000.000,210001213
132b6fe8-5d7d-64bc-4db9-0bd90844f86b,9f4c894a-18b2-6a6c-a260-4724668c3b23,CE10264,سخانة 50 لتر,2,570.000,1140.000,310000266
5d8b111b-d778-f793-2692-677c787a549a,266d6c88-8a53-a34b-66c0-4a1cad43bb9f,FAB0828,طلاء أكسسوارات باب,10,50.000,500.000,310000319
ca20c071-4111-ab0c-023c-899b4b581e5c,99b70c72-5d15-6c7b-f85b-26fff822c04b,AASB30635,حاملة فرشاة أسنان زوجية أسود,50,30.000,1500.000,310000710
dff21f54-872a-99ec-42d7-09b351d086dc,fb79b3c5-5e8c-1532-cee0-f1ac45f6d6f4,WP20397,مقعد عربي ورده أبيض45*60,2,190.000,380.000,310000320
35467842-9212-0022-0507-5ceefb497973,c1f1f4fc-d636-079e-c539-1e150f968463,RFP1402,"فسيبلي "" 1/2 أنثى * ""1/2 أنثى 50سم",2,75.000,150.000,310000323
7870ebd6-5c0c-a4d3-3aa4-49d302e69be2,99b70c72-5d15-6c7b-f85b-26fff822c04b,SA10649,طقم اكسسوار كروم,60,90.000,5400.000,310000724
160bfb99-92f3-82f2-f43b-ed4fce767b1c,093b513c-0ff7-6220-efc5-1b822eb228a4,EL10242,حوض مطبخ ستانلس ستيل منظومة بيانو 304 75*46 أسود,10,465.000,4650.000,310000326
14cc96db-f1c0-ba58-6f1c-b0630524c190,919c7698-36fa-7025-ba4f-aa90c66507d2,SA10311,طقم اكسسوار كروم,5,145.000,725.000,310000233
f7b0187d-074e-ef46-a618-25f1fea935d0,919c7698-36fa-7025-ba4f-aa90c66507d2,AASB30762,رف زاوية كروم,5,85.000,425.000,310000236
55c5fa6d-5f25-4aed-b113-e89146b1c7c7,919c7698-36fa-7025-ba4f-aa90c66507d2,PS20039,علاقة مناشف كروم,10,35.000,350.000,310000332
52f316b4-9d09-987d-a478-2959a1112495,093b513c-0ff7-6220-efc5-1b822eb228a4,EL10243,حوض مطبخ ستانلس ستيل منظومة بيانو 304 75*46 كروم,10,465.000,4650.000,310000327
ce8f88b9-3d7e-bc6f-5927-026e460b2f5a,d1b15f76-7a70-b070-79f2-d81d5181e7ce,PE30033,استوك 10 كغ,10,29.000,290.000,210000058
6a16189c-cc8a-8759-6fac-3010a1aaebcc,8aa5b508-2ad0-9497-21d4-511782fa6c3b,WS10172,مقعد معلق رايملس أبيض,5,710.000,3550.000,210001226
07c614d6-6964-ee5d-b8c0-3cccea59f99b,8cc5bde0-e2d8-92ab-0a14-73be7db67d8a,RFP1779,"فسيبلي "" 1/2 أنثى * ""1/2 أنثى 50سم",10,11.000,110.000,310000254
ab9a742d-bbd0-5dff-eb75-bfcab9c1feca,893a76f5-cf74-91cf-ec3e-8ce4baa3499b,ALVM50299,سيفون حوض الوجه كروم,4,165.000,660.000,210001229
b71011f6-84c8-557a-5eec-5a5bcd192ae6,893a76f5-cf74-91cf-ec3e-8ce4baa3499b,ART0200,سيفون حوض المطبخ,20,16.500,330.000,210001230
49f32beb-85bc-262a-58ce-464d04f58f42,893a76f5-cf74-91cf-ec3e-8ce4baa3499b,ATWC50201,زر بتريا اسود,4,170.000,680.000,210001231
57bc9986-fac7-9578-5aed-a4dfdb10115e,941acd17-bf63-fdeb-3b42-ac8f2821cde5,ARSB80372,كسكاس دوش دائري 250 مم اسود معا قصبة,2,230.000,460.000,210001232
55b31677-2728-8e9f-0b35-9cfcea9b469c,941acd17-bf63-fdeb-3b42-ac8f2821cde5,ARSB80450,سماعة دوش مع طوبواسود,2,155.000,310.000,210001233
4bbb539b-01a7-5574-9260-1b1f2ea00591,941acd17-bf63-fdeb-3b42-ac8f2821cde5,ARSB80451,سماعة دوش مع طوبو كروم,5,115.000,575.000,210001234
62b58005-9fb0-445a-3ff7-fcfa3dd5be96,941acd17-bf63-fdeb-3b42-ac8f2821cde5,ARSB80452,سماعة دوش مع طوبو كروم,5,90.000,450.000,210001235
55be2c28-1cf6-cbb0-4114-5e1ae1aae9d9,941acd17-bf63-fdeb-3b42-ac8f2821cde5,SA10202,طقم اكسسوار أسود,2,195.000,390.000,210001236
ea2f0b45-ce39-3ebc-07ce-91a9a732720f,9228404b-7f25-481d-806f-b6e450410a7a,ARSB80105,مصب دوش مع تحويلة كروم,4,360.000,1440.000,210001237
21fc62d9-246e-d056-7f19-a3e8e8325bf0,0049664f-3000-d14e-e388-60fdac74402d,PE30026,طلاء مائي داخلي 18 كغ أبيض,5,94.090,470.450,210002144
79409cbf-07fa-a116-7182-443ff2ed29f9,d688c806-474d-0a43-cdce-5094f3bfc96c,PA30453,مفتاح فرنسي رقم 8,6,8.500,51.000,210000561
bfee6cda-b923-1a55-2097-8eb8f55e26e5,093b513c-0ff7-6220-efc5-1b822eb228a4,EL10241,حوض مطبخ ستانلس ستيل منظومة  304 75*45 أسود,10,335.000,3350.000,310000330
dd4fd9b3-8316-dfa0-043c-7272df40b0c8,99b70c72-5d15-6c7b-f85b-26fff822c04b,ARSB80657,شطاف ظغط مربع مع طوبو كروم,60,35.000,2100.000,310000732
8f66bb0f-b697-fdc5-d410-49df7013f351,20d3cf23-6a4f-7f29-32a3-c64df75dd2d5,ML10006,خلاط حوض وجه كروم,3,260.000,780.000,310000257
b73740de-376b-02b3-de72-a709b677187d,9228404b-7f25-481d-806f-b6e450410a7a,ALVM50288,رأس سيفوني كروم,10,68.000,680.000,210001238
9ffb2639-37f7-d664-49ad-123f57ff0874,9228404b-7f25-481d-806f-b6e450410a7a,ALVM50870,سيفون حوض الوجه كروم,5,165.000,825.000,210001239
4787f9c3-8ef3-0c47-f212-4579b539ef3d,9228404b-7f25-481d-806f-b6e450410a7a,P30113,بدل كورة,6,120.000,720.000,210001241
e0505c14-2eb9-4e1e-1eb1-6e4b35c44a1c,8e6d6b01-82a2-4fcc-7802-6b188d6fded9,ARSB80758,مصب دوش قصير بتحويلة كروم,6,60.000,360.000,210001196
a75f71ae-9129-584f-e4f8-e7f33ef65ab4,8e6d6b01-82a2-4fcc-7802-6b188d6fded9,ARSB80275,كسكاس دوش مربع 250*250 مم مع قصبة كروم,10,59.000,590.000,210001242
c8588950-81df-e10a-5af3-04cbefe2dd14,a0b378df-7469-030d-778d-ea3e8a50835b,CE10204,سخانة 80 لتر,5,730.000,3650.000,210001243
46be31a3-b1da-5545-7ba9-dcc1b97f1be1,70dc021b-df83-c54f-1168-3006b371a8c9,ATWC50205,زر بتريا كروم,6,120.000,720.000,210001244
c32b4294-b779-f124-ec0d-9e88d99419b1,70dc021b-df83-c54f-1168-3006b371a8c9,ATWC50206,زر بتريا كروم,6,120.000,720.000,210001245
3daa3c7f-0c9f-aade-b2b1-ea3cc8fea18a,ff1748e4-bf7f-9b52-ab1d-dc875899495b,PS20760,علاقة مناشف,5,35.000,175.000,210001248
5e66755b-1f2e-b434-a8c3-8d60892b6e9b,6827e46c-ed34-140f-ba58-6dc1f920af00,RO10477,حنفية 1/2,10,17.500,175.000,210000584
ad757abc-e0e3-42b9-8dda-2e82d4418dcf,bfcd94a4-91cd-6453-8a08-ec4711ff06fc,ML10893,خلاط حوض وجه كروم,40,160.000,6400.000,310001514
4d44c736-f571-9cdd-c3c7-61770551402e,093b513c-0ff7-6220-efc5-1b822eb228a4,ART0003,حوض مطبخ ستانلس ستيل منظومة  304 75*45كوروم,10,335.000,3350.000,310000331
de3da287-3fb6-a3c2-fb8c-b8b698ca054d,20d3cf23-6a4f-7f29-32a3-c64df75dd2d5,ML10007,خلاط حوض وجه طويل كروم,3,490.000,1470.000,310000258
2113cbe9-a02c-2034-1d08-f14d4e70e1f7,bdaf4f00-b3c8-434a-376f-b597027628d5,MC10225,سرفنتينة 15 سم * 15 سم كروم,13,75.000,975.000,310000333
78dd9fe6-aa81-3018-8864-216fcc26490c,5ee868ab-a293-56e4-6ae0-2396b0c61d6a,AASB30783,موزع صابون سائل كروم,4,5.000,20.000,310000263
cb708e34-7212-6a1a-6428-bcb5e33a7876,dc0b3f96-c380-305c-acf5-ee87d81c9453,LG40180,حوض وجه برسلين 100 سم,6,500.000,3000.000,210001250
ae046741-5a94-4e98-d76b-cd42169c6945,dc0b3f96-c380-305c-acf5-ee87d81c9453,EG40181,رف حوض وجه برسلين 100 سم,6,180.000,1080.000,210001251
53d0d098-1682-2bf4-46d8-4e709130b37e,dc0b3f96-c380-305c-acf5-ee87d81c9453,SI10133,سلكون  280 غرام شفاف,24,9.500,228.000,210001252
8f9de225-eb08-3c78-4971-71f79fea2460,dc0b3f96-c380-305c-acf5-ee87d81c9453,ARSB80337,مصب دوش مع تحويلة كروم,12,80.000,960.000,210001253
bdcd135c-7ade-21ae-5af1-4b4669234b82,dc0b3f96-c380-305c-acf5-ee87d81c9453,ARSB80004,مخرج شطاف كروم بالعلاقة,12,80.000,960.000,210001254
36c7e462-a92a-8770-cd82-0a6a19a7d68b,5293881c-0c2c-4856-4cae-816c37b204ee,CE10007,سخانة 80 لتر,5,530.000,2650.000,210002145
a3c4f09d-504c-f492-d063-9d72cf087df9,5efa7314-ac73-d9e0-cbab-71ed1d24d8ea,PA30497,بونتة 8 * 450 مم,4,5.500,22.000,210000604
24157e82-8d7a-19b1-e896-d4a886814189,506998fe-29e4-1ba4-87f2-692340f8b59a,ALVM50797,رأس سيفوني كروم,3,105.000,315.000,310000269
f88265a2-d307-2a49-bb7f-806b698cd9d8,823b55e9-9375-aff4-29b7-090b79e513a9,MC10802,مجرى 30 سم *6 سم كروم,5,105.000,525.000,310000282
9bbc778f-f511-e357-54b9-936ab54ef916,4becf1bf-d903-1468-6334-a54353d16f6e,MA20009,خلاط حوض المطبخ سحاب كروم,4,380.000,1520.000,310000334
da3ed905-dc1c-a28a-e993-6bace778ed22,4becf1bf-d903-1468-6334-a54353d16f6e,MA20812,خلاط حوض المطبخ سحاب كروم,3,160.000,480.000,310000335
8ab9f1bf-88aa-26bd-bf9d-fe67683b2aae,4becf1bf-d903-1468-6334-a54353d16f6e,RO10294,حنفية غسالة  ''1/2 * ''3/4 كروم,10,22.000,220.000,310000336
8cb3ff1a-2a58-ce05-fb5b-704ef4af941f,4becf1bf-d903-1468-6334-a54353d16f6e,RO10406,حنفية غسالة  ''1/2 * ''3/4 كروم,10,11.000,110.000,310000337
be1e869c-2460-b9f5-a0ae-9092db89800e,4becf1bf-d903-1468-6334-a54353d16f6e,ARSB80407,شطاف ظغط دائري مع طوبو كروم,5,40.000,200.000,310000339
02754924-7267-8bc3-8620-d4011e3860a2,506998fe-29e4-1ba4-87f2-692340f8b59a,PS20800,علاقة ملابس سداسية,5,48.000,240.000,310000274
fbe998af-45c7-0bf9-a01a-4c0e35b5e9b2,28add9c4-e1ce-6c3b-9da5-4dec08680caa,PE30210,غيار روله ديكور,12,2.750,33.000,210001266
29e1c3f5-7558-d62e-374b-ddef86e6d39a,28add9c4-e1ce-6c3b-9da5-4dec08680caa,PE30211,غيار روله صينيه 10سم,10,0.550,5.500,210001267
835d1911-9a83-d56e-8e6f-a386d6ea4062,57bffa76-6641-1b47-62bc-628f29490a83,ARSB80223,"مسكر شطافة ""1/2"" * ""1/2 كروم",20,26.500,530.000,210001268
f733277e-2d8d-773c-2e9f-9fef4fd3bbad,57bffa76-6641-1b47-62bc-628f29490a83,ARSB80224,"مسكر شطافة ""1/2"" * ""1/2 كروم",20,61.500,1230.000,210001269
994674ff-0d72-064d-dc3e-46f6984dd029,57bffa76-6641-1b47-62bc-628f29490a83,ARSB80082,شطاف ظغط مربع مع طوبو كروم,15,180.000,2700.000,210001271
f19e6609-6f99-2f48-b6eb-448dfa7e5f58,dc0b3f96-c380-305c-acf5-ee87d81c9453,PLSA0132,وردة كروم,50,2.950,147.500,210001257
8e00e96f-f4b0-5170-7b90-a5d5e6995f1a,dc0b3f96-c380-305c-acf5-ee87d81c9453,PLSA0208,وردة كروم,18,6.750,121.500,210001258
6b340b80-a747-357a-c28f-e7d9ccf2f87e,dc0b3f96-c380-305c-acf5-ee87d81c9453,ARSB80240,كسكاس دوش مربع 250*250 مم مع قصبة كروم,5,300.000,1500.000,210001259
fe0dd508-d3c2-fb9e-9e14-d0a29a1e8667,dc0b3f96-c380-305c-acf5-ee87d81c9453,ARSB80324,كسكاس دوش مربع 250*250 مم مع قصبة كروم,10,235.000,2350.000,210001260
2b762dda-aef3-8609-0525-e527dd40be09,dc0b3f96-c380-305c-acf5-ee87d81c9453,PLSA0093,"مُطوِّل ""1/2 * 15كروم",50,5.350,267.500,210001261
cfb39f21-2dca-94c5-922f-7b1c0b991f1c,dc0b3f96-c380-305c-acf5-ee87d81c9453,ML30209,مرايا حمام مع إضاءة لد 100*70 سم,4,125.000,500.000,210001262
3a514f2a-37c3-ba45-2bd1-acc7c4757376,4365fd0e-1d28-139b-fd7f-19ed77e51d69,PA30514,رنديلة (50 غ),82,0.525,43.050,210000621
5d116a2a-5dbd-fbd4-a13f-d1f8bd3e1de5,4becf1bf-d903-1468-6334-a54353d16f6e,ARSB80408,شطاف ظغط مربع مع طوبو كروم,5,55.000,275.000,310000340
be078bf9-1238-ac87-22d3-721a8e90c333,4becf1bf-d903-1468-6334-a54353d16f6e,MM30410,خلاط حوض المطبخ حائطي كروم,3,175.000,525.000,310000342
affd9fd4-3275-488b-e62d-c2a3d70cfe83,823b55e9-9375-aff4-29b7-090b79e513a9,EL10020,حوض مطبخ ستانلس ستيل   304 86 * 45 سم,3,520.000,1560.000,310000277
af4e3aa3-35f4-d707-6734-d208e72aa63e,57bffa76-6641-1b47-62bc-628f29490a83,MDE50164,مطول خلاط دوش مدفون,6,170.000,1020.000,210001274
c7553d3d-497d-64c6-e0dd-11caf18a48da,57bffa76-6641-1b47-62bc-628f29490a83,MT30134,مطول خلاط شطافه مدفون,6,120.000,720.000,210001275
915f87bd-7b4b-3e7a-2fd3-d15c2adde068,57bffa76-6641-1b47-62bc-628f29490a83,CE10261,سخانة 30 لتر,6,580.000,3480.000,210001276
b843b7f1-5c75-c5d6-d55b-6a5be1e4142e,9b1f8391-269c-64ed-6473-306fa87eed02,RA20212,مخفض خلاط دوش 1/2*3/4,20,1.200,24.000,210001277
3ebbd5b8-bf79-2e44-cf0c-f53b1a74c65e,9b1f8391-269c-64ed-6473-306fa87eed02,RFP1213,"فسيبلي خلاط مطبخ شجرة (2طرف) ""1/2أنثى 50سم",10,18.000,180.000,210001278
621e0eef-8b72-3344-b159-35ebfdcc0ba7,9b1f8391-269c-64ed-6473-306fa87eed02,ARSB80225,"مسكر شطافة ""1/2"" * ""1/2 كروم",13,22.000,286.000,210001279
ee89111a-4454-ec89-c9b1-6d0fde91ec63,60ba0295-30d6-2129-585c-5c86076a89de,ARSB80300,"مسكر شطافة ""1/2"" * ""1/2 كروم",50,29.500,1475.000,210001280
4be368d3-ebb6-91c8-90b7-a309b89a2499,dc0b3f96-c380-305c-acf5-ee87d81c9453,ARSB80191,مخرج شطاف مع علاق كروم,20,35.000,700.000,210001255
63b835eb-40c6-5afd-639b-274b2e7a20cd,96fa79d3-a9d5-8d10-f6bd-b0f23211f213,PLSA0363,وردة كروم,50,0.650,32.500,210001281
cbcafbb8-4868-0a02-593b-70201c65e0a5,96fa79d3-a9d5-8d10-f6bd-b0f23211f213,ATWC50167,وصلة بتارية مدفونة 35 سم,6,23.500,141.000,210001282
aad10d24-1581-2921-e022-cce4ff427ead,96fa79d3-a9d5-8d10-f6bd-b0f23211f213,PE30214,شفاط ابيض,2,54.500,109.000,210001283
0344452a-b866-f1e1-5331-2ebdc50ad6cb,4365fd0e-1d28-139b-fd7f-19ed77e51d69,PA30523,ترودي 3.25 * 350 مم (1ممØ),10,27.750,277.500,210000630
f727d808-b4f1-7764-8bbb-22c37f86650f,3908921b-c373-ae73-ab44-8e79d172629f,ARSB80411,نبلس خلاط دوش مع وردة كروم,10,4.500,45.000,310000343
b0414aa7-1974-7acb-0bdb-493e0c57ddd4,562ee55b-e8a5-8037-203d-e727ce466445,SI10412,سلكون  280 غرام شفاف,24,7.400,177.600,310000345
c7853154-5e72-f3c1-16d7-c7f6fbb70c37,5293881c-0c2c-4856-4cae-816c37b204ee,CE10104,سخانة 50 لتر,5,515.000,2575.000,210002146
4094f90f-a33a-3a11-ca89-0e47c743b01d,5c801f0c-053c-f6b0-8867-cf312aef25d5,PA30538,"اسطافة 1"" (2 قطع)",50,4.700,235.000,210000645
c61f8280-0793-2d17-8866-6c939eb0cc5e,823b55e9-9375-aff4-29b7-090b79e513a9,EL10386,حوض مطبخ ستانلس ستيل   304 65 * 45 سم,3,460.000,1380.000,310000280
b8e89f13-42d6-cdad-52ea-94640a2d2a4a,99b70c72-5d15-6c7b-f85b-26fff822c04b,ARSB80658,شطاف ظغط دائري مع طوبو أسود,20,40.000,800.000,310000733
7609c15f-9e31-366e-3c2c-e91fe6171f92,efaa99ed-c1eb-2da7-9c23-d927f330662a,ARSB80414,مصب دوش مع تحويلة أسود,6,82.200,493.200,310000347
81b0a796-5191-5b69-d8c8-d5530b45db8d,efaa99ed-c1eb-2da7-9c23-d927f330662a,ARSB80451,سماعة دوش مع طوبو كروم,6,110.000,660.000,310000348
a50cd5ef-07d7-9ce1-99dd-87424c5ef2a8,efaa99ed-c1eb-2da7-9c23-d927f330662a,PLSA0415,وردة أسود,20,1.350,27.000,310000349
b876fbcc-a791-1057-0737-88828935fd3f,5f849763-f597-ec54-db30-3562e76c5401,ARSB80416,وجه خلاط دوش مدفون,1,30.000,30.000,310000352
8dd642c9-271b-9da9-97e3-752c3949ca4e,4a91619c-b473-95b5-471c-379675123a6f,MT30417,خلاط شطاف مع شطاف كروم,1,200.000,200.000,310000353
1e83ab35-1458-4f11-b0d1-3c1411a0ab53,62d71586-f745-4eaf-1ebf-db9e3d537874,EG30241,حوض مطبخ جرانيت أسود محبب 55*44,2,225.000,450.000,310000354
d9554c09-83ad-8dd3-97d6-e46073624582,62d71586-f745-4eaf-1ebf-db9e3d537874,EG30418,حوض مطبخ جرانيت بيج محبب 55*44,4,225.000,900.000,310000355
87efa6d8-aa39-f4db-6b61-d503e8ea1deb,62d71586-f745-4eaf-1ebf-db9e3d537874,EG30419,حوض مطبخ جرانيت رمادي محبب 55*44,4,225.000,900.000,310000356
d40d1930-bb7c-23f0-23d3-efef9c8fa0b3,48ed53ad-636b-296e-9785-5b1dab913b8a,MC10413,سرفنتينة 15 سم * 15 سم كروم,12,55.000,660.000,310000360
af9bfc83-37ae-4440-ef88-885981e9ca91,48ed53ad-636b-296e-9785-5b1dab913b8a,ARSB80426,مصب دوش مع تحويلة كروم,10,72.000,720.000,310000365
d1f8f879-5277-2a3f-2fe0-5e65156346cc,96fa79d3-a9d5-8d10-f6bd-b0f23211f213,PE30216,شفاط ابيض,2,34.500,69.000,210001285
3b42fd36-2c07-979c-0eb9-bd7891c0bb77,57e2d68f-d40c-2a69-5d72-b036eded4431,RA20582,"مخفض قومه 1.5"" * 1.25",50,2.950,147.500,210001289
63905ef2-052d-b3ba-8b7a-9d5d48e5783b,731c9de2-7b35-ccbb-16e7-d03052eba772,PS20766,علاقة ملابس ثلاثية دوران بدون قصبة,10,30.000,300.000,210001290
a3f9de44-5316-00bb-519d-2c0461dd5350,c40cf816-1e42-8643-4d7c-8a82e8583629,MA20017,خلاط حوض المطبخ سحاب كروم,5,495.000,2475.000,210001291
1c31ffcf-3540-385d-dfab-a006442fe78a,da4a35c7-a3b8-c54f-b0f3-f5bcc6987098,CD40037,مسطرة دوش زوجية كروم,4,225.000,900.000,310000293
e4f6b5d2-1240-354e-a0ba-9f502d9e18a0,c40cf816-1e42-8643-4d7c-8a82e8583629,PLSA0237,وردة كروم1/2,25,4.750,118.750,210001292
0ddafe75-25a7-41c4-00e6-0caa5350ee27,c40cf816-1e42-8643-4d7c-8a82e8583629,ALVM50394,رأس سيفوني رخامي,10,38.000,380.000,210001293
19b45045-ca3f-85bd-a16a-c56d5165a04d,c40cf816-1e42-8643-4d7c-8a82e8583629,RA20582,"مخفض قومه 1.5"" * 1.25",50,2.750,137.500,210001294
c613e6d7-5ffd-3528-531f-b9ccb047f539,c40cf816-1e42-8643-4d7c-8a82e8583629,RFP1754,"فسيبلي "" 1/2 أنثى * ""1/2 أنثى 50سم",10,12.500,125.000,210001295
08d2ebb2-0e4f-205f-5612-0c0888feaf24,c40cf816-1e42-8643-4d7c-8a82e8583629,RFP1094,"فسيبلي "" 1/2 أنثى * ""1/2 أنثى 60سم",10,13.500,135.000,210001296
9e2805ac-e0ea-b210-9fdb-b9ac7fe0e6ec,c40cf816-1e42-8643-4d7c-8a82e8583629,RO10219,حنفية غسالة  ''1/2 * ''3/4 كروم,20,18.500,370.000,210001297
7ad307bb-4976-83d3-513a-0aad1803c307,5c801f0c-053c-f6b0-8867-cf312aef25d5,PA30556,فيتي 3.5 * 35 (100غ),36,1.389,50.004,210000663
1d11ab65-fdf9-61a9-f569-95f31c26acb5,48ed53ad-636b-296e-9785-5b1dab913b8a,ARSB80450,سماعة دوش مع طوبواسود,3,150.000,450.000,310000366
370831b5-1d71-f9ba-deff-69417f464cd3,99b70c72-5d15-6c7b-f85b-26fff822c04b,PS20636,علاقة ملابس ثلاثية كروم,100,15.000,1500.000,310000711
a207bb66-49ff-ad27-16a1-a66306ef0914,48ed53ad-636b-296e-9785-5b1dab913b8a,ARSB80427,سماعة دوش مع طوبو ذهبي,3,150.000,450.000,310000367
33e18d8e-ba47-10d9-20a1-53e9ae622169,57e2d68f-d40c-2a69-5d72-b036eded4431,RFP1217,"فسيبلي "" 1/2 أنثى * ""1/2 أنثى 60سم",20,7.450,149.000,210001287
9a021626-1aab-c09b-e32b-53c2acfb055b,e7e13487-eb39-72aa-34c9-a351613bde40,CI20314,خزان الصفاء 2000لتر,2,560.000,1120.000,210002149
f13f3a4c-8803-332a-dc75-101c3364d893,99b70c72-5d15-6c7b-f85b-26fff822c04b,PS20687,علاقة مناشف كبيرة ثلاثية كروم,20,100.000,2000.000,310000731
19a50df3-2b8f-3b69-fb86-424c52175394,48ed53ad-636b-296e-9785-5b1dab913b8a,ALVM50427,سيفون حوض الوجه ذهبي,4,160.000,640.000,310000370
5be18997-4b6c-8ea0-e6db-54461099104a,86f71eb8-1bc8-d3ba-4543-8df122562574,MT30434,خلاط شطاف مع شطاف كروم,6,128.800,772.800,310000394
3bb5ec29-c850-af5b-8191-80d3c93822fd,48ed53ad-636b-296e-9785-5b1dab913b8a,ALVM50428,سيفون حوض الوجه كروم,7,160.000,1120.000,310000371
ca36450d-2045-56ee-70bb-b50e78eda947,9f1e2804-2e26-8714-e798-abb29c5b9a3d,ARSB80601,مصب دوش مع تحويلة ذهبي,6,100.000,600.000,310000383
9f7762e9-3fbb-3ad4-5db0-5a4591f5f97d,9f1e2804-2e26-8714-e798-abb29c5b9a3d,ARSB80602,مصب دوش بدون تحويلة ذهبي,6,95.000,570.000,310000384
18c8c52c-454c-854b-3836-958fbf3d3379,9f1e2804-2e26-8714-e798-abb29c5b9a3d,SA10426,طقم اكسسوار أسود,4,160.000,640.000,310000385
436b5ed2-e7d5-1f59-5180-97d714760975,147bfd46-0c92-f859-e6eb-d5ca08da0458,PA30564,فيتي بالخبور 10مم (50 قطعة),5,17.500,87.500,210000670
707ec7f7-ef21-121d-1478-11e7bf1954e8,246a9f9e-9733-3f65-1e53-d202ddb87fa4,ML30223,مرايا حمام مع إضاءة لد اطار اسود,5,120.000,600.000,210001301
2b57e257-eeac-c57b-38d0-232463bfe21d,9761b8d4-0c99-15a7-748d-241800ee180a,AM0815,دولاب حمام حوض مع مرايا لد -90 سم,5,890.000,4450.000,310000303
56ea9d1f-7be4-0d94-02b2-87240d020acf,246a9f9e-9733-3f65-1e53-d202ddb87fa4,ML30227,مرايا حمام مع إضاءة لد 90*80سم,5,135.000,675.000,210001305
9199204f-1015-cd9a-ad9b-f0f529804592,246a9f9e-9733-3f65-1e53-d202ddb87fa4,ML30229,مرايا حمام مع إضاءة لد 70*70سم,5,100.000,500.000,210001307
b2fecb56-9efd-1007-816b-a0f8b20b69ee,246a9f9e-9733-3f65-1e53-d202ddb87fa4,ML30231,مرايا حمام مع إضاءة لد 80*60سم,5,85.000,425.000,210001309
3f7c0555-04e1-c679-07dc-b765fb586667,e7e13487-eb39-72aa-34c9-a351613bde40,RA20482,مواسير 25'' لفة ضغط 16 100متر,1,305.000,305.000,210002147
d24d149a-35e5-26c3-5bfa-ab80f2e47c93,86f71eb8-1bc8-d3ba-4543-8df122562574,MD20435,خلاط دوش كروم,6,202.120,1212.720,310000395
13d17307-18af-6819-eec9-6e1c49de9d22,86f71eb8-1bc8-d3ba-4543-8df122562574,MD20438,خلاط دوش كروم,6,198.270,1189.620,310000396
344b1035-5aa1-1774-36d6-d645115156bd,86f71eb8-1bc8-d3ba-4543-8df122562574,MT30439,خلاط شطاف مع شطاف كروم,3,123.200,369.600,310000397
14bc5070-7f71-ace7-c293-0edbd3426ae6,99b70c72-5d15-6c7b-f85b-26fff822c04b,AASB30634,صابونية أسود,50,20.000,1000.000,310000709
f5813d2d-7431-c205-bd8d-492ae43d5448,246a9f9e-9733-3f65-1e53-d202ddb87fa4,ML30226,مرايا حمام مع إضاءة لد 60*80سم,5,85.000,425.000,210001304
48193a10-14a1-07eb-9343-fd9783185b6e,a1a498f1-d591-e6c0-1098-30da5081fe38,PA30146,ڨلوني 20 لتر,16,5.000,80.000,210000301
0a7e28da-bd7c-e031-35ff-41985b53992d,fc1d12db-ea07-a1cd-d96a-f85f2e8d58bc,ATWC50246,رجسترو مقعد أرضي مائل 3 سم,15,8.750,131.250,310001295
c2fa543b-6d94-f7ce-2f69-d105aeea04f1,6338f2dd-78ce-8293-b759-d67be3e385fa,PE30021,زمالطو ضد الصدأ 3 كغ أبيض لامع,8,48.000,384.000,210000074
0e7db813-31ec-d247-e7f7-fa41bbacebff,4cde0765-0f77-833e-b545-832f72c16c77,ALVM50055,سيفون حوض الوجه طويل كروم,2,170.000,340.000,310000250
474480dc-95df-b416-5515-cdaf15765377,49777160-f00d-5fe4-bd85-9eba05693594,ARSB80462,كسكاس دوش مربع 250 مم مع قصبة كروم,10,150.000,1500.000,310001272
86d02b60-5381-6122-47cb-d2588f9bb563,48ed53ad-636b-296e-9785-5b1dab913b8a,MC10421,سرفنتينة ثقيلة  15 سم * 15 سم كروم,5,70.000,350.000,310000359
b3089015-4e60-d7fe-8ee6-6b78303d8865,48ed53ad-636b-296e-9785-5b1dab913b8a,ATWC50167,وصلة بتارية مدفونة 35 سم,7,23.000,161.000,310000361
acb78c22-785e-9155-53c6-2dc012afa583,48ed53ad-636b-296e-9785-5b1dab913b8a,ALVM50422,رأس سيفوني كروم,7,64.000,448.000,310000362
f2c08287-de2a-b611-1bb8-81adfdc75811,48ed53ad-636b-296e-9785-5b1dab913b8a,ALVM50423,رأس سيفوني أسود,4,66.000,264.000,310000363
ddb163b7-d8fe-4815-9123-0ce43de5cc3b,1964f65d-2c49-0f70-aebb-6ebae08e47ae,PLSA0420,"مخفض طاسة ""1/2 ""3/8 كروم",10,5.250,52.500,310000404
50363f6e-f6fd-984d-636c-81235db100c7,1964f65d-2c49-0f70-aebb-6ebae08e47ae,PLSA0443,مطول 1/2*50 مم كروم,5,9.500,47.500,310000405
dca82be1-4f68-1455-c1da-87b088d86b55,246a9f9e-9733-3f65-1e53-d202ddb87fa4,ML30228,مرايا حمام مع إضاءة لد 100*80 سم,10,145.000,1450.000,210001306
e5a35b85-7499-37a4-e2aa-d2a84f9596f2,246a9f9e-9733-3f65-1e53-d202ddb87fa4,ML30230,مرايا حمام مع إضاءة لد 60*80سم اطار كروم,5,120.000,600.000,210001308
97ba0357-6057-79e7-611c-e7adc2b784f2,a9227847-e1a8-6164-7f0d-7a4bd5579774,PE30486,غطاء شفاط خارجي 6*15سم,2,22.500,45.000,210002154
5aa1c128-32d7-610a-54c6-7d4e4f482f9e,fc1d12db-ea07-a1cd-d96a-f85f2e8d58bc,APCI40229,مطول 1/2 *10 سم كروم,20,5.950,119.000,310001299
c55473ed-875f-bbdf-35d9-e6723f913df2,88a283d1-c96c-5c8d-e46f-a8a25f65932d,ARSB80304,مخرج شطاف كروم,10,48.000,480.000,310001351
30e98a8f-4f4e-e3f4-fe35-4db18a1d6116,1964f65d-2c49-0f70-aebb-6ebae08e47ae,PLSA0258,"كوربة ذكر ""1/2 * ""1/2 مع وردة كروم",5,14.000,70.000,310000406
8856f6d2-cdaa-4672-a5cf-2991fcf8079d,1964f65d-2c49-0f70-aebb-6ebae08e47ae,PLSA0235,"كوربة أنثى ""1/2 كروم",3,9.500,28.500,310000407
b04aa21d-53fd-77ee-4a72-fd7bf140faa4,1bfb31f4-26c4-315a-46eb-95c821cb557b,WA40474,غطاء مقعد موطو أبيض,40,27.500,1100.000,310000475
91af8119-dfd4-7b5c-40fb-acf78a7fa735,9f1e2804-2e26-8714-e798-abb29c5b9a3d,ARSB80270,مصب دوش مع تحويلة كروم,6,77.000,462.000,310000409
09848155-4065-ab23-9d1a-ac4cfc2a9104,b7aa9323-af34-8caf-4d27-4d163fb2f350,FAB0175,طلاء وجه خلاط شطافة,7,130.000,910.000,310000410
3b75074f-9cfa-7d00-cb4f-a5d5870d62c9,48ed53ad-636b-296e-9785-5b1dab913b8a,ARSB80372,كسكاس دوش دائري 250 مم اسود معا قصبة,4,228.000,912.000,310000373
a7068993-f80b-2dc3-64ff-87b5f9131ca9,b7aa9323-af34-8caf-4d27-4d163fb2f350,FAB0176,طلاء وجه خلاط دوش,8,130.000,1040.000,310000411
cb5b9f2c-4228-13c8-d033-05abd1f91c08,b7aa9323-af34-8caf-4d27-4d163fb2f350,FAB0177,طلاء وجه زر بتارية,7,145.000,1015.000,310000412
455505d8-715f-832a-8c8d-e3e6f1866ac0,59b11fab-2c24-416a-90ce-e55ba15b4c41,ART0006,قصبة دوش مربعة 30 سم كروم,7,145.000,1015.000,310000414
f2a7fb06-0419-ac66-f910-7f24d4f51fc4,1054fbd0-3bf2-97b5-65d9-0fb4d911867e,SA10735,طقم اكسسوار ذهبي,10,190.000,1900.000,310001189
6b059040-daac-e0e2-eb23-324ee8e48a9e,1054fbd0-3bf2-97b5-65d9-0fb4d911867e,ARSB80937,قصبة دوش 40 سم كروم,10,50.000,500.000,310001162
25c9bc2f-d19f-d59d-54da-cedf93e3e1c9,00e5af2e-b130-3331-750d-3b144daca144,VS10820,حوض وجه معلق أبيض 36x52,40,170.000,6800.000,310001451
04358756-4342-82db-f1ed-2070d7f84a81,ebce3d13-908e-a644-48bb-7a0717341171,MT30852,خلاط شطاف مربع مع شطاف 15 سم كروم,20,115.000,2300.000,310001478
4733a6bd-e524-e58f-2f7a-609e6fbdbf5d,1054fbd0-3bf2-97b5-65d9-0fb4d911867e,ARSB80006,سماعة دوش مايك مع طوبو كروم,12,39.000,468.000,310001113
122aa1da-c382-e06b-2b16-aa67f7a111f9,59b11fab-2c24-416a-90ce-e55ba15b4c41,MC10446,مجرى 40 سم *8 سم كروم,10,165.000,1650.000,310000415
733a12f0-ab5d-d104-d58c-0f3053ee06e6,59b11fab-2c24-416a-90ce-e55ba15b4c41,MC10421,سرفنتينة ثقيلة  15 سم * 15 سم كروم,12,70.000,840.000,310000416
873d29db-5e65-ad95-b88c-43cec46242bd,59b11fab-2c24-416a-90ce-e55ba15b4c41,RFP1750,"فسيبلي "" 1/2 أنثى * ""1/2 أنثى 30سم سميك",20,7.550,151.000,310000417
28ff632f-a8b3-9f07-a589-3ca3fc513601,c9038f6f-34b7-14b7-5942-5a3a991e7ba7,ARSB80795,كسكاس دوش دائري 250*250 مم مع قصبة كروم,10,115.000,1150.000,310001330
7d9213d4-a129-adde-9510-966c3d53f6d1,59b11fab-2c24-416a-90ce-e55ba15b4c41,ARSB80451,سماعة دوش مع طوبو كروم,5,110.000,550.000,310000419
dd115535-8589-173f-9f59-bb5666669c7e,59b11fab-2c24-416a-90ce-e55ba15b4c41,RO10286,مسكر زاوية  ''1/2 * ''1/2 كروم,30,23.750,712.500,310000420
bfa0ba08-9041-3fa1-2111-8d0320ff6db4,59b11fab-2c24-416a-90ce-e55ba15b4c41,ARSB80137,قصبة دوش دائري 30 سم كروم,7,130.000,910.000,310000421
3ed2b69f-2574-de8e-d47a-f248ad1c9005,59b11fab-2c24-416a-90ce-e55ba15b4c41,ARSB80433,مخرج شطاف مع علاق كروم,5,88.000,440.000,310000422
e0f0b596-acdc-68b2-810a-42b330d6456e,59b11fab-2c24-416a-90ce-e55ba15b4c41,PLSA0238,وردة كروم 1/2,20,0.820,16.400,310000423
dd6c24cf-030b-a6cd-06a5-2b9e98b6a962,59b11fab-2c24-416a-90ce-e55ba15b4c41,RFP1427,"فسيبلي "" 1/2 أنثى * ""1/2 أنثى 50سم",30,9.550,286.500,310000424
7461319b-1e94-c2ca-3fc9-341b7e10d0bd,8ee740a1-d7c9-7152-97f3-11ca4b27d77b,PA30588,سلسلة ترية (75 سم),20,3.000,60.000,210000695
7cb09353-e0d5-8a79-5d1b-dc79b93b975c,1054fbd0-3bf2-97b5-65d9-0fb4d911867e,ML10250,خلاط حوض وجه ذهبي,12,100.000,1200.000,310001085
0ae266eb-4891-cce3-0cb2-3eb563a7e271,8e982682-f8a3-b143-14a8-aa5bc949b98c,ARSB80251,سماعة دوش مع طوبو ذهبي,4,205.000,820.000,210001327
ece52fc5-63d1-1ddf-d58a-afe2cf01f299,78080f57-3c3c-3417-7afe-516fa1be982e,VS10202,حوض وجه معلق -60 سم,5,368.600,1843.000,210001320
eed6dc37-bfd0-1a49-5d3e-972c71b747df,78080f57-3c3c-3417-7afe-516fa1be982e,WS10171,مقعد معلق رايملس أبيض,5,615.950,3079.750,210001321
19d7588c-60c1-835a-3a23-8f075d4039f3,e342b321-87e8-f1bb-7db1-ea471496c6ae,SA10233,طقم اكسسوار دهبي,4,165.000,660.000,210001311
c352e031-4cab-1789-e089-fb9c3847652f,c20584cf-57ff-d28f-4e88-f3af160855d2,AB10142,خزانة حمام أبيض,4,195.000,780.000,310000295
cfdd32e2-6758-b285-c664-2331a40f2c72,e342b321-87e8-f1bb-7db1-ea471496c6ae,SA10234,طقم اكسسوار اسود,4,145.000,580.000,210001312
d3ebbe5e-9eaf-3022-171c-29d12f396153,e342b321-87e8-f1bb-7db1-ea471496c6ae,CD40235,مسطرة دوش مع خلاط ذهبي,6,465.000,2790.000,210001313
aca216f5-6e76-0ed2-d393-c7fea4e5a247,e342b321-87e8-f1bb-7db1-ea471496c6ae,CD40236,مسطرة دوش مع خلاط كروم,6,385.000,2310.000,210001314
2eac04d7-7cfa-74d5-dbe1-1061a9ebe432,e342b321-87e8-f1bb-7db1-ea471496c6ae,CD40237,مسطرة دوش مع خلاط اسود,6,435.000,2610.000,210001315
1ef1f82c-e15b-c6c4-2e2c-554a04ea1535,e342b321-87e8-f1bb-7db1-ea471496c6ae,CD40238,مسطرة دوش مع خلاط  دهبي,6,335.000,2010.000,210001316
ab9a7529-f11d-88f4-1e77-aa461c2823d7,c97361b9-21c5-2747-78a9-df713b5443e0,RO10599,مطول مع مسكر  ''1/2 * ''1/2,5,17.000,85.000,210000705
3b87af0c-7d89-79df-fff9-8547d9334b3d,f2cc1cd1-e666-2223-df39-14fe0dff5e6d,ATWC50098,صندوق بتارية مقعد أرضي,4,140.000,560.000,310000425
37714953-2257-0c10-44af-1929f4348bc3,f2cc1cd1-e666-2223-df39-14fe0dff5e6d,WP20097,مقعد أرضي بدون صندوق أبيض,4,220.000,880.000,310000426
1ee43531-a84d-e14d-85e7-44f4f88f4393,919c7698-36fa-7025-ba4f-aa90c66507d2,ARSB80757,شطاف ظغط مربع مع طوبو ذهبي,10,69.000,690.000,310000230
1c42ff92-fd2f-7581-61de-4a0fba0e52a4,bfcd94a4-91cd-6453-8a08-ec4711ff06fc,MA20907,خلاط حوض المطبخ سحاب كروم,36,285.000,10260.000,310001536
9fd92864-b639-d2c9-20cb-11e353ca8349,4becf1bf-d903-1468-6334-a54353d16f6e,RO10295,حنفية غسالة  ''1/2 * ''3/4 كروم,10,17.750,177.500,310000338
76a23f83-27b1-1426-180a-041f7f38c9fe,8e982682-f8a3-b143-14a8-aa5bc949b98c,MD20248,خلاط دوش ذهبي,10,95.000,950.000,210001341
ba6e685b-52df-10f9-1878-b4e423c6ccf0,8e982682-f8a3-b143-14a8-aa5bc949b98c,MT30249,خلاط شطاف مع شطاف ذهبي,10,88.000,880.000,210001342
d4d83508-7e2f-022a-6e8d-a0b6bdc71e51,8e982682-f8a3-b143-14a8-aa5bc949b98c,ML10250,خلاط حوض وجه ذهبي,10,90.000,900.000,210001343
de1a8c18-51cf-6e44-b318-e98089e315ea,68525e16-8e50-2056-9eb5-87c791345772,RFP1217,"فسيبلي "" 1/2 أنثى * ""1/2 أنثى 60سم",10,13.500,135.000,210001347
f3acebb5-b10f-1b8e-7f2d-90370556c0aa,2fdb575a-32dc-5ca3-5e81-73d4f33993c5,ARSB80852,وجه خلاط دوش مدفون,2,65.000,130.000,210001348
68aff257-a405-752a-608f-3b2d9f6dbb8d,2fdb575a-32dc-5ca3-5e81-73d4f33993c5,ARSB80882,وجه خلاط شطاف مدفون كروم,2,45.000,90.000,210001349
84bfee82-aeca-2303-b848-ebfb53a5dd1b,2fdb575a-32dc-5ca3-5e81-73d4f33993c5,ART0252,مقبض خلاط فيوري,4,40.000,160.000,210001350
c2f01d6d-4d4a-a8b3-6cf6-870f1f5acca6,e342b321-87e8-f1bb-7db1-ea471496c6ae,CD40239,مسطرة دوش مع خلاط  كروم,6,275.000,1650.000,210001317
209fd1b1-7148-613d-68eb-b6bfc52a22c5,e342b321-87e8-f1bb-7db1-ea471496c6ae,CD40240,مسطرة دوش مع خلاط اسود,6,305.000,1830.000,210001318
7ff43727-1221-679e-3326-937219d06407,73e7fde8-0b72-87e5-1d12-67add81fbb40,PE30375,جبس العز 40كغ,28,11.000,308.000,210001322
d009b552-6f2d-8179-80fb-bbbe2260ac63,73e7fde8-0b72-87e5-1d12-67add81fbb40,CC10308,كولة حائط 20 كغ,20,26.000,520.000,210001323
c900fef0-dcb5-160d-656c-559971f5156e,2f0554ce-b7b5-e244-0bfa-f00b7748c983,PA30616,قفل باب سحاب 30 مم,4,66.000,264.000,210000723
178cba0b-1351-8f45-e9e0-03d87509206a,bfcd94a4-91cd-6453-8a08-ec4711ff06fc,ML10804,خلاط حوض وجه كروم,20,135.000,2700.000,310001541
07d47389-7804-d201-90c4-8f8aaf15f303,f2cc1cd1-e666-2223-df39-14fe0dff5e6d,WP20397,مقعد عربي ورده أبيض45*60,6,190.000,1140.000,310000427
1822c497-efd0-8979-b84d-713ef4070d15,8e982682-f8a3-b143-14a8-aa5bc949b98c,EL10433,حوض مطبخ ستانلس ستيل 76*45  أسود,3,560.000,1680.000,210001344
7f475f3c-571b-503f-18fa-7209b6dc9ab2,4becf1bf-d903-1468-6334-a54353d16f6e,ARSB80409,مصب دوش بدون تحويلة كروم,3,110.000,330.000,310000341
e73ecbb6-fcc5-eaed-3938-4f65feea2ec9,8e982682-f8a3-b143-14a8-aa5bc949b98c,EL10251,حوض مطبخ ستانلس ستيل 60*45  أسود,3,475.000,1425.000,210001345
36bfd013-7853-68cf-3ed7-c6245848a205,8e982682-f8a3-b143-14a8-aa5bc949b98c,EL10432,حوض مطبخ ستانلس ستيل   304 50 * 45 سم,4,385.000,1540.000,210001346
5eef78a0-2671-7ba2-185f-d096990e76d1,e342b321-87e8-f1bb-7db1-ea471496c6ae,SA10232,طقم اكسسوار كروم,4,125.000,500.000,210001310
3f439a96-8c45-eb8f-e501-955a93814f2c,246a9f9e-9733-3f65-1e53-d202ddb87fa4,ML30221,مرايا حمام مع إضاءة لد 80*60 سم,5,120.000,600.000,210001299
b2bcea04-2f48-977c-a4fe-f9e0538cdf40,1cd7bf11-494a-17e9-abb4-ddbe9754faae,RA20489,كوربة 63*45لصقة ضغط 16,4,10.000,40.000,210002157
a3bef1be-8472-c490-2eb5-dfe768fd7674,1054fbd0-3bf2-97b5-65d9-0fb4d911867e,MA20931,خلاط حوض المطبخ سحاب كروم,12,185.000,2220.000,310001154
d06651a6-7969-e304-5003-4bc7f5f0b0bc,9129aa52-1a39-6f98-50fe-b37c0adee296,PA30398,قفل نجمة 38 مم,12,3.750,45.000,210000734
60ba965a-689c-40c6-9c5b-ef8a758c0719,f2cc1cd1-e666-2223-df39-14fe0dff5e6d,CD40448,مسطرة دوش زوجية كروم,5,145.000,725.000,310000429
168a3bbd-b5d1-55db-1dab-89e3c0cbd42f,99b70c72-5d15-6c7b-f85b-26fff822c04b,AM0690,دولاب حمام مع حوض وجه 80 سم,10,500.000,5000.000,310000767
bbda5f94-c4a1-65ae-1761-e538626fd05c,94faac77-fc9d-0594-4e5e-2f1f37df7765,ARSB80463,سماعة دوش كروم,10,35.000,350.000,310000457
6625c661-ac2a-7fe8-9df1-88695d09e9cc,c9038f6f-34b7-14b7-5942-5a3a991e7ba7,CD40426,مسطرة دوش زوجية كروم,6,420.000,2520.000,310001320
bf0d9ec2-65c3-912a-de36-5cc487cf44fd,d1e83acd-fa1b-12de-0294-c2f6edd5af96,AM0399,دولاب حمام 65 سم أبيض,4,300.000,1200.000,310000432
1d8b24d1-ff60-c2a6-87f2-78df37907b05,1054fbd0-3bf2-97b5-65d9-0fb4d911867e,ARSB80905,سماعة دوش مايك مائلة مع طوبو كروم,12,55.000,660.000,310001114
b77fba66-c388-da76-5ec3-7ad1744ada5a,1cd7bf11-494a-17e9-abb4-ddbe9754faae,RA20490,وصلة 63*2 لصقة ذكر ضغط 16,1,10.000,10.000,210002158
c618aa04-0219-daec-f880-0d3146fab83d,5f849763-f597-ec54-db30-3562e76c5401,MDE50039,خلاط دوش مدفون كروم,3,380.000,1140.000,310000351
6e1ac054-ae08-bec7-a11e-c006a25a4cb2,d1e83acd-fa1b-12de-0294-c2f6edd5af96,VS10400,حوض وجه معلق 65 سم,4,160.000,640.000,310000433
53e7f98e-12f0-9245-b4b0-560909d94459,d1e83acd-fa1b-12de-0294-c2f6edd5af96,AM40401,مراية دولاب حمام-80 سم,4,100.000,400.000,310000434
5930cd4e-2b42-f037-f140-79c158fca9a4,da5d3d2b-eff1-2da9-1eb5-816e1f615f1a,CE10265,سخانة 80 لتر,4,590.000,2360.000,310000436
b8704854-0133-c511-d2ce-d393114e9f3d,da5d3d2b-eff1-2da9-1eb5-816e1f615f1a,CE10261,سخانة 30 لتر,1,570.000,570.000,310000437
4bf7194e-87b5-64f7-7f2c-6f8cc80411b1,1c1bd45d-b336-ac7e-ef1a-c75931f7114b,CE10225,سخانة 80 لتر أفقية,2,730.000,1460.000,310000435
0cbb08ec-28b9-2a0e-fa53-549357795886,1c1bd45d-b336-ac7e-ef1a-c75931f7114b,CE10451,سخانة 80 لتر عمودية,2,600.000,1200.000,310000438
3bd0c586-6e5e-ab83-d0b3-b86ddcaa00dc,29d5600a-743d-5a9c-bd1e-b6f00ccf65cc,CE10452,سخانة فورية مربعة,3,215.000,645.000,310000439
90bbd52b-6087-86b3-00ae-333950e981a0,99030a3f-e8ef-701d-e045-015864553284,MA20009,خلاط حوض المطبخ سحاب كروم,5,380.000,1900.000,310000440
37744694-8e2e-0364-ffad-9ae5ae1266f9,99030a3f-e8ef-701d-e045-015864553284,MA20811,خلاط حوض المطبخ سحاب كروم,3,165.000,495.000,310000441
003a8477-b594-c6b5-3faf-30d0f5dbb951,99030a3f-e8ef-701d-e045-015864553284,ML10090,خلاط حوض وجه طويل كروم,2,150.000,300.000,310000442
01b87db6-ccc3-3193-a1a7-480a7808e0d6,bc8ef624-3c19-762c-6628-74d1a19ffd3b,ML30374,مرايا حمام مع إضاء لد مع اطار أسود 80*60 سم,5,145.000,725.000,210000742
891f4453-4ba4-3af8-365f-bc7c0cf52c4b,8e982682-f8a3-b143-14a8-aa5bc949b98c,ML10244,خلاط حوض وجه كروم,5,260.000,1300.000,210001336
dcd89bdf-052e-eb6b-b9cc-943820eec6bf,48ed53ad-636b-296e-9785-5b1dab913b8a,ALVM50426,سيفون حوض الوجه اسود,4,160.000,640.000,310000369
0bf1c4aa-cac4-7e75-a957-57368cadc261,8e982682-f8a3-b143-14a8-aa5bc949b98c,ML10761,خلاط حوض وجه كروم,6,255.000,1530.000,210001337
83e47cca-a84b-ad77-e4b0-ce8fde06e5c1,61ee7468-2bc6-a25c-8467-feb8e14cc15e,ML30493,مرايا حمام مع إضاءة لد 100*80 سم,5,175.000,875.000,210002161
42b584a7-aa0c-cd33-9b29-07b795a8da2f,99030a3f-e8ef-701d-e045-015864553284,ML10813,خلاط حوض وجه  كروم,3,165.000,495.000,310000443
aa523833-7b34-3552-a54f-6c518a00700d,99030a3f-e8ef-701d-e045-015864553284,MD20453,خلاط دوش كروم,3,155.000,465.000,310000444
7c10c65f-88d5-8bfc-84d7-194bd36811e3,99030a3f-e8ef-701d-e045-015864553284,ALVM50032,سيفون حوض الوجه كروم,6,78.000,468.000,310000445
14f22dfe-6751-eb04-12fb-f587b4601a66,919c7698-36fa-7025-ba4f-aa90c66507d2,MC10097,سرفنتينة 15 سم * 15 سم ذهبي,5,55.000,275.000,310000240
ab0becd0-fb6d-d334-feba-0ffe46757ab4,093b513c-0ff7-6220-efc5-1b822eb228a4,EL10818,حوض مطبخ ستانلس ستيل منظومة دائري بيانو 304 75*46 أسود,10,580.000,5800.000,310000324
69fdfc49-7979-8769-2f85-6cdd0b1dbecf,093b513c-0ff7-6220-efc5-1b822eb228a4,EL10403,حوض مطبخ ستانلس ستيل منظومة دائري بيانو 304 75*46 كروم,10,580.000,5800.000,310000325
5441d303-d56a-ce83-886e-19e338499039,bc8ef624-3c19-762c-6628-74d1a19ffd3b,ML10299,خلاط حوض وجه  كروم,12,93.000,1116.000,210000753
61a45c3c-48c4-756f-233c-9b64658671f4,ae0a8434-1f10-e329-4928-f3d36f340e92,RA20079,"25 * 1/2"" *  10  قاعدة خلاط",50,9.800,490.000,210000776
451243c1-e1b5-276f-8329-ea4152fc266e,e89f9549-c90f-dea6-79be-0acfbbc464f5,MTE60037,خلاط شطاف مدفون كروم,4,160.000,640.000,310000350
a11b8acf-be45-8272-a53b-6132ba8b373f,99030a3f-e8ef-701d-e045-015864553284,ARSB80454,شطاف ظغط دائري مع طوبو أسود,6,35.000,210.000,310000447
45b6b35d-3799-a80d-bc66-37ae9f41c66d,99030a3f-e8ef-701d-e045-015864553284,ARSB80530,طوبو شطاف 1.2 م رصاصي,10,8.000,80.000,310000448
baf726e1-9b98-1d24-3596-7b9d9235ccc6,94faac77-fc9d-0594-4e5e-2f1f37df7765,PD20455,حاجز دوش 8 مم  مخطط 80*190  سم,3,345.000,1035.000,310000449
6a2a329a-62f1-86dc-a73d-fc4132ff12c9,94faac77-fc9d-0594-4e5e-2f1f37df7765,PD20457,حاجز دوش 8 مم  مخطط 90*190  سم كروم,3,360.000,1080.000,310000451
19884d63-83bb-0786-efd0-c2f764b9a1e2,94faac77-fc9d-0594-4e5e-2f1f37df7765,PD20458,حاجز دوش 8 مم  مخطط 90*190  سم أسود,3,360.000,1080.000,310000452
cc354423-bf31-6fcf-19cd-c0797a10cece,94faac77-fc9d-0594-4e5e-2f1f37df7765,SA10459,طقم اكسسوار كروم,6,160.000,960.000,310000453
88935e06-5fa6-0b5b-32cc-7852b9edcf2c,94faac77-fc9d-0594-4e5e-2f1f37df7765,MA20460,خلاط حوض المطبخ سحاب كروم,6,180.000,1080.000,310000454
e831b0ab-5141-e9e8-c719-9e779b02e27e,94faac77-fc9d-0594-4e5e-2f1f37df7765,MA20461,خلاط حوض المطبخ سحاب كروم,6,220.000,1320.000,310000455
6e4da5a6-54a5-1177-273a-c088a18fe4d4,94faac77-fc9d-0594-4e5e-2f1f37df7765,MA20462,خلاط حوض المطبخ سحاب كروم,6,220.000,1320.000,310000456
61fffd4b-ba43-15c5-68c1-0f8f4e3321a0,94faac77-fc9d-0594-4e5e-2f1f37df7765,ARSB80465,كسكاس دوش مربع 250*250 مم كروم,6,38.000,228.000,310000459
036b62b9-fd5d-87d1-ed9f-1489c50ebdbd,94faac77-fc9d-0594-4e5e-2f1f37df7765,ARSB80466,قصبة دوش مربعة 40 سم كروم,12,23.000,276.000,310000460
fbe604e6-eaa8-81ea-2074-acae5caf241a,49fbfab0-5d5f-adbe-22a7-a5775c2597a2,PS20471,علاقة مناشف زوجية كروم,10,25.000,250.000,310000470
8f25786e-4f48-6b46-383a-ac1a58df3c32,49fbfab0-5d5f-adbe-22a7-a5775c2597a2,ATWC50472,بتارية مقعد أرضي جنب,7,22.500,157.500,310000471
a5b4c610-1334-1658-1e2a-86af5cbe3ca0,a982654e-01b8-e010-124a-ec3a45e5dd41,PE30989,طلاء مائي داخلي 10 كغ أبيض ربع لمعه,15,166.000,2490.000,210001363
e053c79b-9294-a460-ff5c-25e90c10ce4f,61ee7468-2bc6-a25c-8467-feb8e14cc15e,ML30500,مرايا حمام مع إضاءة لد مع اطار أسود 80*60 سم,5,255.000,1275.000,210002167
03984922-fc45-6a89-ed52-916cd063671f,fc1d12db-ea07-a1cd-d96a-f85f2e8d58bc,PLSA0259,"طابة ""1/2 مع وردة كروم",12,8.500,102.000,310001294
33b85e5e-aef8-cbbf-169a-c0e9b7acb7d1,fc1d12db-ea07-a1cd-d96a-f85f2e8d58bc,PLSA0131,"مطول ""1/2* 30 مم كروم",20,7.250,145.000,310001296
f43f8b77-354e-8721-8070-2b98e0d23453,d4b104a0-83ba-e075-3f9c-e7470a6e85a8,PA30088,فيتي 5 * 60مم 40 قطعة,2,5.000,10.000,210000786
f7e49bde-e936-5f64-a610-8ceddac36223,1054fbd0-3bf2-97b5-65d9-0fb4d911867e,MT30249,خلاط شطاف مع شطاف ذهبي,12,100.000,1200.000,310001087
5bdc958b-07a3-2ff3-e440-094688ccddf9,b67721ce-3b9b-693a-15f1-e2a887e1fa1c,ARSB80776,يد خلاط  مدفون كروم,2,31.500,63.000,310001281
6820f472-d309-c010-be9b-8297c30cf8ae,646a80cd-3f96-e3ef-21ab-44e3dacabaa8,LG40774,حوض كواريون كوارتز 60سم,1,400.000,400.000,310001307
ddf5fb6e-6226-d6f5-a479-db3e96d6677f,c9038f6f-34b7-14b7-5942-5a3a991e7ba7,ARSB80793,كسكاس دوش مربع شريحة 250*250 مم مع قصبة كروم,10,95.000,950.000,310001324
3952f4cd-9870-0519-f916-770035c040da,a982654e-01b8-e010-124a-ec3a45e5dd41,SI10136,سلكون  280 غرام شفاف التاج,24,5.750,138.000,210001360
2516c8f8-b7f7-4aca-fbd2-16bb9741ad2a,a982654e-01b8-e010-124a-ec3a45e5dd41,PE30125,رولة طلاء 25 سم ديكور,25,17.000,425.000,210001361
4246927e-d977-7cb1-c0ad-def2787bcc85,a982654e-01b8-e010-124a-ec3a45e5dd41,PE30037,طلاء مائي داخلي 18 كغ أبيض مطفي,30,90.000,2700.000,210001362
90eb8362-e85b-72f7-965e-2394a1a856bf,0eac1d91-2b3e-bf96-f9ff-9021ed3c0e9a,CE10264,سخانة 50 لتر,2,580.000,1160.000,210000802
04459e4a-4309-d985-22d6-1e3053b73227,fc1d12db-ea07-a1cd-d96a-f85f2e8d58bc,PLSA0772,"نبلس ""1/2 * ""3/8 كروم",20,5.350,107.000,310001302
5bdd7ba3-567b-aa98-c72c-aca1be1a3e67,6338f2dd-78ce-8293-b759-d67be3e385fa,PE30055,طلاء زيتي 850 غ نحاسي,9,25.000,225.000,210000090
604085da-06ee-1807-d14a-bd068b2dba4f,1054fbd0-3bf2-97b5-65d9-0fb4d911867e,RFP1936,فسيبلي خلاط سحاب,6,20.000,120.000,310001159
97b1ab34-32f6-be3a-4954-3357da411bec,94faac77-fc9d-0594-4e5e-2f1f37df7765,ARSB80464,كسكاس دوش مربع 300*300 مم كروم,6,48.000,288.000,310000458
6f7b4005-c6fa-0e32-05b4-d6b0e7376ffc,260c85ff-98b4-0eed-e7cc-184c590dfa61,ARSB8079,مصب دوش طويل بتحويلة كروم,1,330.000,330.000,310000393
5690a352-8980-5ee5-6705-a340727d67d3,86f71eb8-1bc8-d3ba-4543-8df122562574,ME10442,خلاط حوض المطبخ شجرة كروم,6,128.800,772.800,310000401
8c96492f-ffc7-e613-1e6f-310d55af26d8,48ed53ad-636b-296e-9785-5b1dab913b8a,ARSB80428,كسكاس دوش دائري 250 مم كروم,4,175.000,700.000,310000372
e251a945-5c3a-f902-737e-18a9d3fc15b9,7709eee5-a902-66ef-aa64-0402cb3f5ef8,RFP1217,"فسيبلي "" 1/2 أنثى * ""1/2 أنثى 60سم",20,13.500,270.000,310000497
f1e85886-0433-a68c-a132-e22346f30a7c,abafa976-9c46-e46b-d6c3-58cf1c7a300b,ARSB80445,مصب دوش قصير بتحويلة كروم,3,265.000,795.000,310000413
3c1863cd-1a2f-7cb1-ee75-7db6f948d1f5,a982654e-01b8-e010-124a-ec3a45e5dd41,PE30193,لصقة طلاء 45 مم,72,2.000,144.000,210001365
de0e2682-baad-60de-5f13-09d1098849c1,a982654e-01b8-e010-124a-ec3a45e5dd41,PE30194,لصقة طلاء 27 مم,144,1.150,165.600,210001366
89e1fe45-a33e-fd29-1e88-7cc49fdd0cca,a982654e-01b8-e010-124a-ec3a45e5dd41,PE30246,فوم 750 غرام,12,13.250,159.000,210001367
65f15b10-0cc4-b010-ad63-7a896b47e1aa,a982654e-01b8-e010-124a-ec3a45e5dd41,PE30286,لصقة مع مجفف 400 مل,10,11.750,117.500,210001368
b8623ab8-38d0-93a6-e159-854a7efe7839,a982654e-01b8-e010-124a-ec3a45e5dd41,PE30296,لصقة مع مجفف 100 مل,10,5.750,57.500,210001369
9ec19d7a-a5f5-d298-5c2f-7026da1ac2b9,1daf4416-8507-8400-94ff-c06b052a435d,CD40808,مسطرة دوش زوجية كروم,4,221.625,886.500,210001371
dddfe911-e320-3679-6725-71781364bd96,2feba525-534e-6681-8fc0-a0ff2c740aa6,WA40444,غطاء مقعد تركي أبيض,3,40.000,120.000,310000408
e4d90c6b-5c9a-1a10-dd26-63b5e71a9b2d,1daf4416-8507-8400-94ff-c06b052a435d,MC10253,سرفنتينة10 سم * 10 سم كروم,12,28.565,342.780,210001373
eec8bb2e-f521-10f2-daaa-9a07832015f8,1daf4416-8507-8400-94ff-c06b052a435d,AASB30041,مجفف شعر أبيض,3,81.755,245.265,210001374
5540c5c0-c350-1d99-24e4-30cc794f75db,1daf4416-8507-8400-94ff-c06b052a435d,AASB30393,مجفف شعر أسود,3,136.500,409.500,210001375
c6ee89d7-356e-3cdc-be08-9c93ed0506ff,1daf4416-8507-8400-94ff-c06b052a435d,ARSB80586,شطاف ظغط مربع مع طوبو كروم,10,57.100,571.000,210001376
1da6c0b8-41e8-4394-cfe2-cb9b22515857,1daf4416-8507-8400-94ff-c06b052a435d,SA10258,طقم اكسسوار كروم,5,192.000,960.000,210001379
76ff3a5d-0e3c-6c06-a44c-05113fcec102,1daf4416-8507-8400-94ff-c06b052a435d,PS20010,علاقة مناشف كروم,10,76.830,768.300,210001380
05b3325d-2dae-d468-c200-fde17c97b508,1daf4416-8507-8400-94ff-c06b052a435d,PS20018,علاقة مناشف كروم,10,77.815,778.150,210001381
61495602-b5ea-8eed-b71f-298da4502dae,1daf4416-8507-8400-94ff-c06b052a435d,PS20259,علاقة ملابس فردي,5,32.150,160.750,210001382
fc55b899-075a-3b4c-4b00-c9b72320bcd9,1daf4416-8507-8400-94ff-c06b052a435d,AASB30064,حاملة فرشاة أسنان كروم,12,48.265,579.180,210001383
23f59bb7-2664-8eee-efb7-5cf3459c48d2,1daf4416-8507-8400-94ff-c06b052a435d,ART0024,حاملة فوط كروم,10,48.265,482.650,210001384
1e6e9f5d-8463-1b90-3164-df33f2140d32,1daf4416-8507-8400-94ff-c06b052a435d,ART0025,حاملة فوط كروم,10,47.280,472.800,210001385
2a01bb23-7dcd-f264-f440-fd286cf04642,96aeb3db-f9c9-3d73-49bb-41f28f0a1bfd,PE30069,طلاء بخاخ داخلي و خارجي 300 مل رَمَادِي,12,5.000,60.000,210000105
0476a7ca-0c58-a961-b8a7-5d4f04dc84f6,1daf4416-8507-8400-94ff-c06b052a435d,CD40031,مسطرة دوش فرديه كروم,6,103.425,620.550,210001372
a0b34d3f-2bef-82f2-b2f7-889751775e76,1daf4416-8507-8400-94ff-c06b052a435d,ML10029,خلاط حوض وجه طويل كروم,6,212.760,1276.560,210001388
c6842cda-5c26-8222-a514-b495f087e03d,1daf4416-8507-8400-94ff-c06b052a435d,ALVM50260,سيفون حوض الوجه كروم,10,61.070,610.700,210001389
1716162c-d465-0d54-0850-a6978535088b,c9038f6f-34b7-14b7-5942-5a3a991e7ba7,CD40787,مسطرة دوش زوجية دهبي,6,265.000,1590.000,310001318
7a0cab74-0f64-fd0e-ec97-9e37f0820c50,1daf4416-8507-8400-94ff-c06b052a435d,MT30069,خلاط شطاف مع شطاف دائري ذهبي,4,280.000,1120.000,210001390
4cf90be9-bdf5-c1db-49d1-be9520acb200,1daf4416-8507-8400-94ff-c06b052a435d,AASB35261,مجفف شعر أسود,5,86.680,433.400,210001391
2a6bf916-9e7b-9ab0-2aaf-0969a7dd5300,1daf4416-8507-8400-94ff-c06b052a435d,AASB30034,مجفف شعر أبيض,5,76.000,380.000,210001392
fb70574d-b92f-c311-3b93-aeb45fd222af,18e2f090-d47f-853f-7944-7a5050f753c3,PE30009,استوك 1 كغ,6,35.000,210.000,210000121
968e8206-215d-4f79-208c-b803968f2648,43b81968-d43b-7498-49cd-400a6777d714,PS20487,علاقة ملابس رباعية,6,45.000,270.000,310000498
ab5b78dd-a88f-10c7-aaa4-b790a56b1428,43b81968-d43b-7498-49cd-400a6777d714,PS20488,علاقة مناشف كروم,6,48.000,288.000,310000499
3ed5db2e-e675-338c-1ba5-d42a85983d61,b8fb336e-799d-263d-e054-e68246f9ddf5,MC10446,مجرى 40 سم *8 سم كروم,16,295.000,4720.000,310001346
06a6cf67-b3a0-64a6-7904-64530eb2b0ee,c9038f6f-34b7-14b7-5942-5a3a991e7ba7,ALVM50790,رأس سيفوني رخامي,12,18.000,216.000,310001332
a5f545aa-bbcf-a235-6ea9-f5d3a101d97c,b333d6b1-24d9-a902-987c-f4fc2dc40682,ML10139,خلاط حوض وجه كروم,5,270.000,1350.000,210001356
e60b7e06-0074-5101-e191-069dfc4a7b41,1daf4416-8507-8400-94ff-c06b052a435d,ARSB80460,مصب دوش بدون تحويلة كروم,6,67.965,407.790,210001386
87d51202-bbdd-dd75-e8cf-339969bd0fb4,1daf4416-8507-8400-94ff-c06b052a435d,ARSB80480,مصب دوش مع تحويلة كروم,6,86.680,520.080,210001387
df3dd399-3da6-e88d-069e-ad39aa93e80d,1054fbd0-3bf2-97b5-65d9-0fb4d911867e,SA10142,طقم اكسسوار أسود,10,175.000,1750.000,310001188
cec72cf9-becf-c18b-c34c-3665fb731341,17a8af22-0dec-4831-77cd-1bd12302b392,ARSB80272,شطاف ظغط دائري مع طوبو كروم,6,98.000,588.000,210001397
4705a585-8186-614c-b29e-65e0840bd1ea,17a8af22-0dec-4831-77cd-1bd12302b392,ARSB80445,مصب دوش قصير بتحويلة كروم,6,295.000,1770.000,210001398
afa2139a-d1d7-34ad-cff9-ca2ccd957fd9,17a8af22-0dec-4831-77cd-1bd12302b392,ALVM50262,سيفون حوض الوجه كروم,9,95.000,855.000,210001399
01086f65-f6a0-3fd3-7d7a-0dd034c59b76,17a8af22-0dec-4831-77cd-1bd12302b392,ALVM50193,رأس سيفوني كروم,6,35.000,210.000,210001400
9ae51053-eec9-c215-81c8-2789aa48ac8c,17a8af22-0dec-4831-77cd-1bd12302b392,EL10040,حوض مطبخ ستانلس ستيل   304 76 * 45 سم,3,500.000,1500.000,210001401
f3b26945-d9de-7744-70c1-888d12e345b4,1054fbd0-3bf2-97b5-65d9-0fb4d911867e,DAF0887,دفاية كروم,4,460.000,1840.000,310001079
e798f25f-c8c7-b77e-f373-d61c10005746,17a8af22-0dec-4831-77cd-1bd12302b392,ARSB80963,سماعة دوش مع طوبو كروم,4,115.000,460.000,210001402
26130bcd-39bf-0b48-a381-588208acb0d4,17a8af22-0dec-4831-77cd-1bd12302b392,MI10264,مراية تجميل مكبرة,4,75.000,300.000,210001403
541ab325-5e04-3439-c390-1923d650e8b0,fecdef37-95c5-17ad-e08b-6c3087143029,RA30090,ورق سنفرة قماش رقم 220,35,2.286,80.010,210000817
ebba4105-8321-0209-999b-12856fbedc79,c9038f6f-34b7-14b7-5942-5a3a991e7ba7,ALVM50791,رأس سيفوني كروم,12,65.000,780.000,310001333
2f980204-8bf0-036a-53aa-1486988c0c90,43b81968-d43b-7498-49cd-400a6777d714,PS20489,علاقة مناشف كروم,6,58.000,348.000,310000500
b4fe36a1-63b4-bbbc-0be8-52410fc08797,43b81968-d43b-7498-49cd-400a6777d714,PS20490,علاقة مناشف زوجية بالعلاقة كروم,6,69.000,414.000,310000501
7042883b-5631-24c8-8986-e5ea7db21b50,43b81968-d43b-7498-49cd-400a6777d714,VS10827,حوض وجه معلق -80 * 45 سم,3,320.000,960.000,310000502
bb2dd384-b136-0f3f-9ca7-827db6264c39,17a8af22-0dec-4831-77cd-1bd12302b392,CD40261,مسطرة دوش زوجية كروم,5,100.000,500.000,210001395
66bbc025-c48e-a2c8-b539-33cc3c565c60,17a8af22-0dec-4831-77cd-1bd12302b392,ARSB82022,شطاف ظغط دائري مع طوبو كروم,6,88.000,528.000,210001396
28a7e055-f1b8-928f-b1c5-dd077efdbf24,17a8af22-0dec-4831-77cd-1bd12302b392,ML10268,خلاط حوض وجه كروم,5,215.000,1075.000,210001408
693ff191-91f7-79ac-330d-0990293a4e67,17a8af22-0dec-4831-77cd-1bd12302b392,MD20269,خلاط دوش مع سماعة كروم,4,255.000,1020.000,210001409
b613c4ba-df51-6f01-cc51-ac01c616bc8a,17a8af22-0dec-4831-77cd-1bd12302b392,ARSB80379,رشاش دوش مربع كروم,15,38.000,570.000,210001411
9773860f-ec25-370c-acb5-33215313b286,fe0971ef-ee7e-83a1-d397-f5ac9998275d,VS10201,حوض وجه معلق -80 سم,5,431.650,2158.250,210001412
af0bc6ee-ac3b-cf4c-52f8-3dd541309a24,1daf4416-8507-8400-94ff-c06b052a435d,SA10256,طقم اكسسوار كروم,6,186.000,1116.000,210001377
b70a58c2-b667-d9a2-5202-61e3dd760506,1daf4416-8507-8400-94ff-c06b052a435d,SA10257,طقم اكسسوار أسود,5,192.000,960.000,210001378
21918efc-8854-ac40-2129-95226cb93db6,1daf4416-8507-8400-94ff-c06b052a435d,MC10224,سرفنتينة ضغط  15 سم * 15 سم كروم,12,35.460,425.520,210001393
ad95a162-2ba6-c12a-5a30-b2ea6f78db91,d34ca263-d98f-957d-0260-97069fa8796d,AB10840,خزانة حمام أبيض,5,150.000,750.000,310001490
9ed79878-8d06-785c-4af6-64490ee263d7,43b81968-d43b-7498-49cd-400a6777d714,VS10491,حوض وجه معلق -60 * 45 سم,3,275.000,825.000,310000503
160bcb95-2d10-419b-a6e0-e50e89271662,c9038f6f-34b7-14b7-5942-5a3a991e7ba7,VS10792,حوض وجه معلق بالعلاقة-80 سم,3,550.000,1650.000,310001334
05eb9b8a-2edc-1638-ac85-2657b994b406,43b81968-d43b-7498-49cd-400a6777d714,ML10006,خلاط حوض وجه كروم,6,235.000,1410.000,310000504
849e6471-0ab3-6f89-845c-347ef1f614ec,94ec628f-dd75-6561-c17e-8202a613c074,ATWC50314,صندوق طرد مدفون بتارية مع زر مربع 9 لتر,3,825.000,2475.000,210000827
dac9d0ee-6447-9db0-87ea-1a6012cacd5e,17a8af22-0dec-4831-77cd-1bd12302b392,ML10265,خلاط حوض وجه  كروم,3,335.000,1005.000,210001405
c214ce44-3194-afb1-d411-815164ad2b6c,17a8af22-0dec-4831-77cd-1bd12302b392,ML10266,خلاط حوض وجه  كروم,3,360.000,1080.000,210001406
f76b10a6-af61-aef3-6642-6fb2a1033b82,1054fbd0-3bf2-97b5-65d9-0fb4d911867e,ARSB80906,سماعة دوش مع طوبو كروم,12,85.000,1020.000,310001115
e567ac99-0479-c986-fe8f-c66eac13381b,59b11fab-2c24-416a-90ce-e55ba15b4c41,ALVM50422,رأس سيفوني كروم,4,64.000,256.000,310000418
e86bb112-398c-fe6e-b33c-6332db23d259,60e8ac80-de25-9dc4-cb3f-ef37218e67b1,RA30029,"واي 2"" 45°",24,5.750,138.000,210000138
623b5dde-32c8-995f-33cf-d876151a92cc,43b81968-d43b-7498-49cd-400a6777d714,ML10001,خلاط حوض وجه كروم,4,335.000,1340.000,310000505
f76f0bd5-4c2b-4903-4420-8d75599195ea,43b81968-d43b-7498-49cd-400a6777d714,ALVM50392,رأس سيفوني رخامي,10,15.000,150.000,310000508
47c5ea59-3c7d-c054-341d-39dc791858b9,4c33a9b0-89c4-2ae7-0aae-46dce4a27734,ML30501,مرايا حمام مع إضاءة لد اطارذهبي 55 سم,1,90.000,90.000,310000510
07a64816-6acd-ed5a-5560-5ff1e84c38a0,4c33a9b0-89c4-2ae7-0aae-46dce4a27734,ML30502,مرايا حمام مع إضاءة لد اطاركروم 55 سم,1,90.000,90.000,310000511
b1682459-37a9-28fe-e2fe-900c5339f543,4c33a9b0-89c4-2ae7-0aae-46dce4a27734,ML30503,مرايا حمام مع إضاءة لد اطارأسود 55 سم,1,90.000,90.000,310000512
5b8cd8a7-68ad-b3f0-723d-ae9eb2ad77e2,d347bd31-e286-94eb-1a85-1f6dc87be9df,CE10500,سخانة 15 لتر,2,500.000,1000.000,310000509
2ee680a8-3ad8-eef2-affd-9ee281ee1689,43b81968-d43b-7498-49cd-400a6777d714,PS20486,علاقة ملابس خماسية,10,68.000,680.000,310000494
becdf0b6-7007-ce33-b0a6-32166bf20b37,43b81968-d43b-7498-49cd-400a6777d714,ML10504,خلاط حوض وجه  كروم,10,135.000,1350.000,310000513
ecbaea4c-8080-93da-d4bd-def1a02280ba,4ed18e98-dafe-a6e2-2dab-17673f31dfe2,ML10069,خلاط حوض وجه كروم,1,285.000,285.000,310000496
93bc1ecf-2045-5c8a-f7d4-eabebdb3f25c,f2cc1cd1-e666-2223-df39-14fe0dff5e6d,WP20447,مقعد عربي ورده أبيض50*60,6,190.000,1140.000,310000428
b3d668d5-c80c-cee4-18da-9629e1b8962e,04c93517-3db1-3ea2-7247-7b4c72678753,ATWC50313,صندوق طرد مدفون بتارية مع زر دائري 9 لتر,5,690.000,3450.000,210001414
950d8b1a-ee89-a5b3-86e0-87f80b6913f2,04c93517-3db1-3ea2-7247-7b4c72678753,ATWC50314,صندوق طرد مدفون بتارية مع زر مربع 9 لتر,5,690.000,3450.000,210001415
5a896452-a7ef-a320-c0e0-ad1ac160ddb9,1054fbd0-3bf2-97b5-65d9-0fb4d911867e,MO10925,خلاط حوض المطبخ مولة تحلية كروم,12,265.000,3180.000,310001151
610d9694-86e0-3fd1-a8c0-1077adf9a441,eaf71121-021c-cf55-d2cf-f98384a5658c,PE30033,استوك 10 كغ,10,28.800,288.000,210001434
46ac5a82-5f70-e6a3-92cc-638c19b0aae7,ee291ef1-e915-989a-0286-38cbf7b5a41a,PE30170,"فرشة طلاء 1.5"" 38.1 مم",12,2.500,30.000,210001418
e3c73f2d-3037-8a2a-fdf5-bf05cf8ead32,ee291ef1-e915-989a-0286-38cbf7b5a41a,PE30184,"فرشة طلاء2.5"" 63.5 مم",12,3.100,37.200,210001419
3e66ffa8-22a5-b978-4876-90dd3abc7508,ee291ef1-e915-989a-0286-38cbf7b5a41a,PE30270,رولة طلاء 10 سم ديكور,15,6.500,97.500,210001420
ad30abb3-62bd-1811-894c-62091e58e4e6,1054fbd0-3bf2-97b5-65d9-0fb4d911867e,PS20751,علاقة مناشف كبيرة ثلاثية كروم,6,110.000,660.000,310001192
e31869cb-674c-b012-0ac8-ac4245c5eea0,ee291ef1-e915-989a-0286-38cbf7b5a41a,PE30125,رولة طلاء 25 سم ديكور,15,18.000,270.000,210001421
6c8863f3-a77c-8ffe-f77e-d321fe96b079,ee291ef1-e915-989a-0286-38cbf7b5a41a,PE30271,طلاء بخاخ داخلي و خارجي أبيض لامع,12,4.500,54.000,210001422
312ed9cb-ebd4-d2b5-d6e6-076059055115,ee291ef1-e915-989a-0286-38cbf7b5a41a,PE30272,طلاء بخاخ داخلي و خارجي ازرق,12,4.500,54.000,210001423
7d838a89-152d-9c1f-c463-f2e0c2faa769,ee291ef1-e915-989a-0286-38cbf7b5a41a,PE30273,لصقة مع مجفف 500 مل,12,15.200,182.400,210001424
bb8b9d53-c2af-7b93-f11b-7bc09ed945d9,ee291ef1-e915-989a-0286-38cbf7b5a41a,PE30274,لصقة مع مجفف 300 مل,12,12.000,144.000,210001425
b55d6bfa-c88c-d8c4-0555-5495e28e2f25,1054fbd0-3bf2-97b5-65d9-0fb4d911867e,AASB30737,رف فردي 50 سم,12,55.000,660.000,310001191
6f56cec5-59bf-dbbf-9d5e-bb0ee8cd882f,94ec628f-dd75-6561-c17e-8202a613c074,ARSB80004,مخرج شطاف كروم بالعلاقة,6,97.000,582.000,210000830
5a98f207-3949-2f40-1ba3-8ff1d811e539,94faac77-fc9d-0594-4e5e-2f1f37df7765,PD20456,حاجز دوش 8 مم  مخطط 80*190  سم أسود,3,345.000,1035.000,310000450
bb1cd9be-e390-1233-c00b-567525a37408,1054fbd0-3bf2-97b5-65d9-0fb4d911867e,CD40426,مسطرة دوش زوجية كروم,6,280.000,1680.000,310001093
9c63c24f-067c-3246-0aba-c66cdd4b9640,99b70c72-5d15-6c7b-f85b-26fff822c04b,CD40621,مسطرة دوش زوجية مربعة كروم,20,300.000,6000.000,310000700
e588f565-eef2-88b6-4a5e-01f87b8ac52c,246ac8c9-4e51-4403-e991-97c0f082ca89,SI10502,سلكون  280 غرام أبيض المير,96,7.500,720.000,210002189
de87bacb-8070-fecc-b0bb-96a1ad6cb20e,9e88a251-6606-955e-924e-1d2aeda101d6,EL50011,لاغي بريزة,100,0.500,50.000,210000767
6045784c-27a6-5659-5b91-c390b4f2dcbb,6cdea006-7d45-a5e2-4371-9f170a2bddc5,ALVM50505,مطول سيفون حوض الوجه 40سم كروم,10,16.500,165.000,310000514
1aed8123-6efd-b491-ebf0-da6f9f6d28f6,6cdea006-7d45-a5e2-4371-9f170a2bddc5,RFP1430,"فسيبلي "" 1/2 ذكر * ""1/2 أنثى 50سم",10,12.750,127.500,310000515
2924ea70-3220-3c44-67e2-178418b40b10,6cdea006-7d45-a5e2-4371-9f170a2bddc5,SI10506,سلكون 260 غرام أبيض,25,7.000,175.000,310000516
217c96c3-b5b3-017f-ec9d-28103b926b24,6cdea006-7d45-a5e2-4371-9f170a2bddc5,SI10507,سلكون 260 غرام شفاف,25,7.000,175.000,310000517
d457724c-f84d-c821-8dc6-5e2b298a0056,67db9a70-3d1c-98fe-0c3a-ef83d42032cf,AASB30508,حاملة منظفات كروم,1,15.000,15.000,310000518
479d2985-96d3-2579-7c8f-10b08d164c36,67db9a70-3d1c-98fe-0c3a-ef83d42032cf,AASB30509,حاملة منظفات كروم,1,20.000,20.000,310000519
c6400e7e-74f3-5d56-08b4-21b124aae44e,ee291ef1-e915-989a-0286-38cbf7b5a41a,CE10104,سخانة 50 لتر,5,415.000,2075.000,210001427
0e817e28-021e-80ea-8f2b-4dd50549cede,ee291ef1-e915-989a-0286-38cbf7b5a41a,CE10268,سخانة 30 لتر,5,405.000,2025.000,210001428
9a6f6328-9439-aeca-97ab-0c3171852410,67db9a70-3d1c-98fe-0c3a-ef83d42032cf,SA10510,طقم اكسسوار خزف خماسي بيج,2,105.000,210.000,310000520
e252db8c-7784-b13f-43d7-54cafcfcacfa,ee291ef1-e915-989a-0286-38cbf7b5a41a,PE30467,كولة رخام 750 مل كريمة,12,22.000,264.000,210001429
55ae1b03-5b0e-33be-4ebd-e7a3698bfd3a,ee291ef1-e915-989a-0286-38cbf7b5a41a,RA20275,"فلفلة مولة 3/4"" سن داخلي",12,20.500,246.000,210001436
2c446a5f-c09f-91ca-18d5-3f7e05e28ced,ee291ef1-e915-989a-0286-38cbf7b5a41a,FE30276,كسكاس 1 نحاس,12,36.000,432.000,210001437
113bbfd3-8956-852a-13c5-41037955302d,67db9a70-3d1c-98fe-0c3a-ef83d42032cf,AASB30512,سلة قمامة,1,35.000,35.000,310000522
ce87460d-f4ca-81a0-ac7f-48841bdab269,1d554c86-edae-6eba-73cc-68280c9d0bcb,AASB30508,حاملة منظفات كروم,6,20.000,120.000,310000523
873d7e8d-437c-9e00-21df-9211b930f6ca,de9fbf55-41e9-cc65-d588-962f18a032dc,ML30519,مرايا حمام مع إضاءة لد 50*70 سم اطار اكريلك,6,115.000,690.000,310000525
cd4753ae-3a95-eae9-f733-f31e5c179ff9,de9fbf55-41e9-cc65-d588-962f18a032dc,MD20524,خلاط دوش كروم,6,65.000,390.000,310000528
7cc43a35-d005-d834-288b-393b1c1b4459,de9fbf55-41e9-cc65-d588-962f18a032dc,MD20525,خلاط دوش كروم,6,69.000,414.000,310000529
ca8d958e-2786-aca5-9984-b8fab7819da8,de9fbf55-41e9-cc65-d588-962f18a032dc,PS20530,علاقة مناشف زوجية كروم,10,80.000,800.000,310000535
ff2019c6-e917-7a9f-6e39-860205a87824,de9fbf55-41e9-cc65-d588-962f18a032dc,PS20531,علاقة مناشف زوجية أسود,10,80.000,800.000,310000536
bfd9fa36-4912-d2c6-9d2f-513b30ff38ae,de9fbf55-41e9-cc65-d588-962f18a032dc,ML30533,مرايا حمام مع إضاءة لد 60*80 سم,6,74.000,444.000,310000538
1bd2fa2f-556c-c8eb-9e54-c82c6c7cf8e2,de9fbf55-41e9-cc65-d588-962f18a032dc,ML30520,مرايا حمام مع إضاءة لد 100*70 سم,6,110.000,660.000,310000539
9c7056d3-60a1-36bd-e380-a0b5468ca07f,de9fbf55-41e9-cc65-d588-962f18a032dc,ML30534,مرايا حمام قوس مع إضاءة لد 60*80 سم,6,74.000,444.000,310000540
8c1212d3-67ac-04a2-a4c1-d65e9f1a6daf,de9fbf55-41e9-cc65-d588-962f18a032dc,ML30535,مرايا حمام مع إضاءة لد 80*80 سم,6,88.000,528.000,310000541
f89fec3f-cc20-f8d1-a663-3d07b2b70124,de9fbf55-41e9-cc65-d588-962f18a032dc,ML30536,مرايا حمام دائرية مع إضاءة لد 80*80 سم,6,88.000,528.000,310000542
ed207dbf-563b-9cea-62b7-d8cdb63b4bfe,de9fbf55-41e9-cc65-d588-962f18a032dc,ML30537,مرايا حمام مع إضاءة لد 80*60 سم,5,74.000,370.000,310000543
21fd93c1-0e04-8fcd-b7b9-d21ed2db581f,1054fbd0-3bf2-97b5-65d9-0fb4d911867e,EG40768,رف حوض وجه برسلين 80 سم,5,150.000,750.000,310001219
3d42a937-996b-6b0a-60dd-0b5e1958b00c,1054fbd0-3bf2-97b5-65d9-0fb4d911867e,CD40760,مسطرة دوش زوجية كروم,6,130.000,780.000,310001205
0ffed6fe-3df4-6549-e87f-c518e3368568,55010a23-fc64-62a0-cb50-e5c6c4a297f7,MDE50279,خلاط دوش مدفون كروم,3,251.750,755.250,210001441
b23de3d1-9012-98e1-b26d-36d1da34648c,55010a23-fc64-62a0-cb50-e5c6c4a297f7,MTE60280,خلاط شطاف مدفون كروم,3,137.750,413.250,210001442
fe28850c-a712-1f50-3dbd-8dcf933a2562,55010a23-fc64-62a0-cb50-e5c6c4a297f7,MA20281,خلاط حوض المطبخ سحاب كروم,3,617.500,1852.500,210001443
fd526297-f724-a03c-43ef-e30bbbb832aa,55010a23-fc64-62a0-cb50-e5c6c4a297f7,ME10282,خلاط حوض المطبخ شجرة كروم,3,237.500,712.500,210001444
01b7c0ac-a217-c977-75bc-5e835851d077,99b70c72-5d15-6c7b-f85b-26fff822c04b,SA10650,طقم اكسسوار أسود,40,100.000,4000.000,310000725
8732bac6-be9e-b71e-8ac1-9985787fc3f1,99b70c72-5d15-6c7b-f85b-26fff822c04b,AASB30014,رف زاوية زوجي كروم,40,55.000,2200.000,310000747
6e8795f0-6162-1d33-1e0e-9d6bd9c5ea32,55010a23-fc64-62a0-cb50-e5c6c4a297f7,ML10283,خلاط حوض وجه كروم,3,209.000,627.000,210001445
3a3f7a7f-8abc-7f03-66cc-52074dcc8111,55010a23-fc64-62a0-cb50-e5c6c4a297f7,MLE40284,خلاط حوض وجه مدفون مع مَصَب كروم,3,560.500,1681.500,210001446
110e6da3-3ffe-acdd-79ec-56d6304bc2b1,55010a23-fc64-62a0-cb50-e5c6c4a297f7,ML10285,خلاط حوض وجه كروم,3,209.000,627.000,210001447
57e876cf-4dca-0722-86f4-ede6d483f909,76de8c03-750c-f38d-9ebb-777a14a00fc8,PE30195,طلاء مائي داخلي 10 كغ أبيض نص لمعه,15,129.600,1944.000,210001448
c7b597b3-79cc-6778-9808-b8622c14bc4b,9e88a251-6606-955e-924e-1d2aeda101d6,ELC2007,قرجوطة 50مم *25 م,5,48.000,240.000,210000773
7c9fb298-a677-406c-b8be-8985eb459a4c,de9fbf55-41e9-cc65-d588-962f18a032dc,ML30538,مرايا حمام مع إضاءة لد 60*100 سم,6,105.000,630.000,310000557
9d052b43-9366-1816-94a5-0b2bc5482af6,de9fbf55-41e9-cc65-d588-962f18a032dc,CD40539,مسطرة دوش زوجية كروم,10,90.000,900.000,310000558
7a6d1b44-e74b-e9c3-f038-f309a123bb55,2f89053a-5b6a-47ed-279c-e17c693745b4,ML30806,مرايا حمام مع إضاءة لد 60*80 سم عرض,5,85.000,425.000,310001341
2b087bef-6906-9828-a64e-412e2ca42534,2b77f52c-b712-cd77-2e1a-2e92f75e5b2d,ART0021,خلاط حوض المطبخ شجرة كروم,6,110.000,660.000,210000858
e5ebf6c0-468a-fb1f-d73c-011d98d1e914,99030a3f-e8ef-701d-e045-015864553284,ARSB80161,شطاف ظغط دائري مع طوبو رصاصي,6,35.000,210.000,310000446
0dbf161c-599f-aebe-54bb-f4a5d16c5fd0,1f537036-20e8-1d75-4dff-33e4ca1c7476,MA20793,خلاط حوض المطبخ سحاب كروم مطفي,10,70.000,700.000,310001342
79217d81-267b-16b9-3f71-299b7c874237,76de8c03-750c-f38d-9ebb-777a14a00fc8,RA30002,طوبو1.5'' 6 متر,10,32.000,320.000,210001450
70d92be8-4710-da8a-8e1b-571857b050fb,76de8c03-750c-f38d-9ebb-777a14a00fc8,RA30003,طوبو3'' 6 متر,10,67.000,670.000,210001451
1dea0367-3502-d6a2-f239-159e84b89ec8,76de8c03-750c-f38d-9ebb-777a14a00fc8,RA30055,طوبو2'' 6 متر,8,40.000,320.000,210001453
27c7975e-b765-c040-4a25-70494f496ea6,76de8c03-750c-f38d-9ebb-777a14a00fc8,PE30042,طلاء عاز ل مطاطي  15 كغ,10,149.000,1490.000,210001454
8219c883-cda0-4e18-fc45-773062f0ed7c,e9396df8-1234-d7b0-39db-cf54d15ed552,MDE50291,مطول خلاط دوش مدفون,1,190.000,190.000,210001467
eaf98914-595f-7925-8779-76f419a87e77,821c04f4-1e18-83e9-e07b-faedc4a559cd,RA30045,"مجمع 3"" 2"" 1.5"" 2""",28,15.500,434.000,210000154
dcde75b1-f4af-54f2-f683-69a724e743de,de9fbf55-41e9-cc65-d588-962f18a032dc,CD40540,مسطرة دوش زوجية كروم,10,90.000,900.000,310000559
b60f7ab2-7d84-b1cc-ae69-0cea21da518d,de9fbf55-41e9-cc65-d588-962f18a032dc,PS20532,علاقة مناشف زوجية ذهبي,6,95.000,570.000,310000537
9097b4f6-b9ec-c17c-3c9b-1b28c63a9081,3eaae412-7bf3-ba6f-45bc-aeefbfd4a80c,ARSB80485,شطاف ظغط مربع مع طوبو ذهبي,1,190.000,190.000,310000493
fa9658f6-8307-74fc-07a0-51e416fb44f8,de9fbf55-41e9-cc65-d588-962f18a032dc,ML10521,خلاط حوض وجه  كروم,6,45.000,270.000,310000560
05ac9e5f-dc0c-280c-e648-9c6fadd241ba,c092c3d3-0079-6be3-5286-9365c8ab4f69,AM0405,دولاب حمام أرضي,2,300.000,600.000,310000561
f5f82691-c5bf-60b4-1a2d-039104e90a88,c092c3d3-0079-6be3-5286-9365c8ab4f69,AM0541,دولاب حمام أرضي 60,2,120.000,240.000,310000562
36700a8f-1f1c-9500-1aae-965e65b3cf42,76de8c03-750c-f38d-9ebb-777a14a00fc8,RA30001,طوبو1'' 6 متر,15,25.000,375.000,210001449
cd44b55e-eb53-1ecc-270c-d4ad94c6f549,a65aace7-cec0-c9db-a467-f1ba7755e1a0,CD40542,مسطرة دوش زوجية مع خلاط كروم,22,250.000,5500.000,310000563
ab70279e-f506-2a42-392e-dc3b465ba2f0,a65aace7-cec0-c9db-a467-f1ba7755e1a0,AASB30197,موزع صابون حساس كروم,10,45.000,450.000,310000564
70df017c-e6a1-bbce-0460-7234501af05d,99b70c72-5d15-6c7b-f85b-26fff822c04b,AECU50633,سقطار لحوض المطبخ أسود85 سم,30,120.000,3600.000,310000694
8f83fd4c-8501-77a1-fa19-7578e9952a9b,99b70c72-5d15-6c7b-f85b-26fff822c04b,ML10616,خلاط حوض وجه ذهبي,20,110.000,2200.000,310000696
a037f000-7680-eb57-dfbc-99c010d9c3ef,a65aace7-cec0-c9db-a467-f1ba7755e1a0,AASB30198,صابون سائل,10,10.000,100.000,310000565
4d12d2c0-c395-f4b7-3fc4-c38f9dc20ab5,e3ac0935-8adf-4d67-d247-811fe06c4d68,MM30410,خلاط حوض المطبخ حائطي كروم,6,175.000,1050.000,310000566
e621df37-79b1-764c-df67-cbfc73fd1f19,71477cd7-594f-dd7f-1099-6d3e8ac93267,MM30410,خلاط حوض المطبخ حائطي كروم,6,175.000,1050.000,310000462
4493746c-a7ca-756e-6e29-fa9519421f18,ddfc0864-4895-5d85-7efc-cca77198c9b9,RO10548,مسكر زاوية  ''1/2 * ''1/2 من غير مطول كروم,30,17.650,529.500,310000585
9bde701b-bcfd-a042-dd77-f2daf32fa148,1817a5a0-be5b-5b08-e81d-2a3a66b56bf1,ART0032,سماعة دوش مع طوبو كروم,6,45.000,270.000,310000594
3f02300b-e453-e119-d534-93ddf6105499,1817a5a0-be5b-5b08-e81d-2a3a66b56bf1,ARSB80550,سماعة دوش مع طوبو كروم,6,47.500,285.000,310000595
c122a6d2-2cfd-63ca-5d64-f821929c030d,1817a5a0-be5b-5b08-e81d-2a3a66b56bf1,ARSB80551,سماعة دوش مع طوبو كروم,6,48.000,288.000,310000596
059fa6df-e40d-b1f9-05ef-da22b6c951f8,b8b1f936-1f38-d7ec-7de3-32a92bc75d1e,ARSB80141,مصب دوش قصير بتحويلة كروم,5,225.000,1125.000,310000586
e0dc8542-f876-9ae8-4613-ba74515ff34b,b8b1f936-1f38-d7ec-7de3-32a92bc75d1e,ARSB80549,كسكاس دوش دائري شريحه 250 مم مع قصبة كروم,6,240.000,1440.000,310000587
1c33d10e-f871-e789-e5e7-80b3f4a2989c,b8b1f936-1f38-d7ec-7de3-32a92bc75d1e,ARSB8022,مخرج شطاف مع علاق  كروم,6,65.000,390.000,310000588
f88eead5-3487-542b-dbe4-1636ac7c7f30,1054fbd0-3bf2-97b5-65d9-0fb4d911867e,AM0764,دولاب حمام -80 سم,4,600.000,2400.000,310001216
a381889a-d1dd-9667-61c0-b3e574b1080b,adf333db-f19a-3ef0-990d-f3616d334370,RA20554,"مخفض قومه 1.5""",20,2.100,42.000,310000599
bf3ba146-1f99-0c31-407b-ceb85389e2bf,4ed18e98-dafe-a6e2-2dab-17673f31dfe2,ML10030,خلاط حوض وجه طويل 17 سم كروم,1,390.000,390.000,310000495
d9324afe-210c-2424-39d9-8e5403a56dc9,f9fbc368-b446-66eb-4f8a-9a0844f17a85,PA30046,كيس فارغ أبيض,1000,0.800,800.000,210001416
51f58805-f10a-9943-468a-e1a269b7dea3,adf333db-f19a-3ef0-990d-f3616d334370,RA20555,مخفض قومه 50*26*35 ايطالي,30,2.600,78.000,310000600
0877242f-623d-7223-2ac7-ebede2fb182f,adf333db-f19a-3ef0-990d-f3616d334370,AECU50556,سيفون حوض المطبخ,12,17.500,210.000,310000601
f3f30377-90c4-4e8c-405e-2dab8ca0d173,1817a5a0-be5b-5b08-e81d-2a3a66b56bf1,ARSB80552,سماعة دوش مع طوبو كروم,6,48.000,288.000,310000597
41a6d9fa-0d33-d766-0076-7e9384de97e7,b8b1f936-1f38-d7ec-7de3-32a92bc75d1e,ARSB80963,سماعة دوش مع طوبو كروم,6,115.000,690.000,310000589
fa26690c-299f-2a70-0993-011ae8c0b688,b8b1f936-1f38-d7ec-7de3-32a92bc75d1e,ML10005,خلاط حوض وجه كروم,6,235.000,1410.000,310000590
a40830ee-0c8b-9536-7de6-9e08f2525eeb,b8b1f936-1f38-d7ec-7de3-32a92bc75d1e,ML10006,خلاط حوض وجه كروم,6,235.000,1410.000,310000591
c91fbcf1-fc9d-412d-9902-fd4b4e9cb5ec,b8b1f936-1f38-d7ec-7de3-32a92bc75d1e,ML10761,خلاط حوض وجه كروم,6,255.000,1530.000,310000592
c06443f2-6fd0-4ff3-0a40-2a79b4a2617c,b8b1f936-1f38-d7ec-7de3-32a92bc75d1e,AECU50099,سيفون حوض المطبخ رأس كبير,10,30.000,300.000,310000593
0e4bc3dc-5942-b807-b3ee-4af90f347f5a,e09ca666-6667-2269-26cb-7ef3c6e8d369,WS10557,مقعد معلق راما أبيض 134-1,1,310.000,310.000,310000602
0b84a88f-cc2f-e5a1-f073-7969f017388e,49d3fab2-adc4-7af1-0406-abcea784c3be,MC10203,سرفنتينة 15 سم * 15 سم كروم,30,48.000,1440.000,210001469
556e20fa-e46e-12f9-ecbd-131b8e67b83f,2b77f52c-b712-cd77-2e1a-2e92f75e5b2d,AASB30056,صابونية كروم,10,59.000,590.000,210000859
c9ff3b0f-84df-1caf-9a6b-b349b08d9b7b,e09ca666-6667-2269-26cb-7ef3c6e8d369,WS10558,مقعد معلق راما أبيض 122-1,1,310.000,310.000,310000603
6745a822-b2fe-ae6b-2d74-290980d540c0,d7bf187b-b037-8b1a-e979-770948e35a4f,ALVM50240,مثبت حوض الوجه,50,2.950,147.500,310000604
78945484-31dd-512b-3dd8-1d2413d8e9a5,bda311c5-311a-9a60-f20b-7ba146913d6d,CE10560,سخانة 15 لتر,1,595.000,595.000,310000605
a5fc604f-7e9c-70cf-9005-74a306ec7aec,ab10be05-d18a-ed68-9586-c8e60891fbf8,ML30502,مرايا حمام مع إضاءة لد اطاركروم 55 سم,3,90.000,270.000,310000606
834f605e-67af-55bb-dc1c-6e60e82faac0,03268f73-cec8-f211-bc6e-893be484616b,PE30375,جبس العز 40كغ,70,14.430,1010.100,310000607
48d4d9d8-4707-b253-e160-2bc3b48747a9,1c54fb8d-6146-9f4d-cb40-dec22c27faef,PE30375,جبس العز 40كغ,70,13.000,910.000,310000608
a149d102-88d6-7a10-2242-2c2b8f964d02,25036801-ed67-ff10-318e-460bd955c856,MTE60562,خلاط شطاف مدفون كروم,12,165.000,1980.000,310000609
596c12b6-ee15-199b-2f35-b6e4fb01b315,19d1e2f5-cf0b-fb3b-1896-8996c0d19f1b,ML10006,خلاط حوض وجه كروم,9,250.000,2250.000,310000610
bc99b08c-ad1e-979d-ef53-7d16f8a218a8,19d1e2f5-cf0b-fb3b-1896-8996c0d19f1b,MD20242,خلاط دوش كروم,8,275.000,2200.000,310000611
0fc09adf-ba39-e618-2e48-8fa82bdb3943,19d1e2f5-cf0b-fb3b-1896-8996c0d19f1b,MTE60563,خلاط شطاف مدفون كروم,14,195.000,2730.000,310000612
78aad1da-43bc-232c-a088-698c98e7e81e,cf28774b-e321-fe32-8d8c-073a479cca0e,EG30248,حوض مطبخ جرانيت أبيض محبب 70*50,2,291.000,582.000,310000613
fb744627-cbef-b83f-36e0-3eee4fab8a05,cf28774b-e321-fe32-8d8c-073a479cca0e,EG30246,حوض مطبخ جرانيت أبيض 70*50,2,291.000,582.000,310000614
686db1c3-f382-9c4e-807f-0ef8e1487b55,cf28774b-e321-fe32-8d8c-073a479cca0e,EG30093,حوض مطبخ جرانيت كريمه محبب 70*50,4,291.000,1164.000,310000615
141f874b-1b69-418b-912b-08d3ea154712,cf28774b-e321-fe32-8d8c-073a479cca0e,EG30251,حوض مطبخ جرانيت أسود محبب 70*50,4,291.000,1164.000,310000616
74713525-d803-a67f-b3f1-3f0384eff707,cf28774b-e321-fe32-8d8c-073a479cca0e,EG30247,حوض مطبخ جرانيت رصاصي محبب 70*50,2,291.000,582.000,310000617
e827d3ae-25b0-32d0-aba9-783200eb100a,cf28774b-e321-fe32-8d8c-073a479cca0e,EG30257,حوض مطبخ جرانيت أبيض محبب  80*50,2,339.500,679.000,310000618
39e3c40c-514d-b222-cad6-393559593d8e,9442c9b2-9447-942b-7e54-d5059aa04584,MC10038,سرفنتينة 15 سم * 15 سم كروم,40,58.000,2320.000,210000889
2be5c00e-8f16-3278-83f1-48114ae51f6a,c9038f6f-34b7-14b7-5942-5a3a991e7ba7,AECU50100,سيفون حوض المطبخ,10,21.500,215.000,310001329
dfb69ac4-0f26-889e-40ae-5e84a0340858,67db9a70-3d1c-98fe-0c3a-ef83d42032cf,AASB30511,فرشاة تنظيف مرحاض رصاصي,1,25.000,25.000,310000521
0e734876-f3a5-f173-7ed8-f5a29ce6e130,e1890042-ad61-45b7-b868-7d093d7db445,WP20752,مقعد فرنجي أرضي أبيض,1,260.000,260.000,310000227
e25e4145-6cc5-d3bb-b1d1-b2ddd41a2160,e1890042-ad61-45b7-b868-7d093d7db445,ML30753,مرايا حمام مع إضاءة لد مع بخاراطار ذهبي 70سم,2,160.000,320.000,310000228
da49174a-0552-74b5-aca4-dfca6ecc8765,cf28774b-e321-fe32-8d8c-073a479cca0e,EG30253,حوض مطبخ جرانيت رصاصي محبب 80*50,2,339.500,679.000,310000619
5e1ad4f4-d2a3-c0aa-cb33-7ae7b6580625,cf28774b-e321-fe32-8d8c-073a479cca0e,EG30564,حوض مطبخ جرانيت أسود محبب  80*50,4,339.500,1358.000,310000620
71a50930-a327-00ad-c216-4c86b9c479a8,cf28774b-e321-fe32-8d8c-073a479cca0e,EG30256,حوض مطبخ جرانيت رملي محبب 80*50,4,339.500,1358.000,310000621
46554f1a-4725-2b5b-a5f8-081f05bf5a2c,cf28774b-e321-fe32-8d8c-073a479cca0e,EG30565,حوض مطبخ جرانيت أسود محبب  47.5*47.5,3,300.700,902.100,310000622
21da4b5b-9391-21cc-95c0-24da3d881e41,cf28774b-e321-fe32-8d8c-073a479cca0e,EG30566,حوض مطبخ جرانيت أبيض محبب  47.5*47.5,2,286.150,572.300,310000623
9c753f81-3162-78c0-fdef-12906e371f8b,b3f3ef3b-fd44-1f21-2e81-c60b6fc15054,EG30246,حوض مطبخ جرانيت أبيض 70*50,2,291.000,582.000,210001471
cf63bd7b-cd25-0d7a-b8ab-c5bfccbec13c,b3f3ef3b-fd44-1f21-2e81-c60b6fc15054,EG30251,حوض مطبخ جرانيت أسود محبب 70*50,4,291.000,1164.000,210001473
eb1c41bc-c9db-2473-7d79-5b0db61b3393,b3f3ef3b-fd44-1f21-2e81-c60b6fc15054,EG30247,حوض مطبخ جرانيت رصاصي محبب 70*50,2,291.000,582.000,210001474
2df8b85a-a74c-f463-a81e-43ebfaeaaaa5,b3f3ef3b-fd44-1f21-2e81-c60b6fc15054,EG30257,حوض مطبخ جرانيت أبيض محبب  80*50,2,339.605,679.210,210001475
86553316-816a-14f3-22bc-58c5984966ef,1054fbd0-3bf2-97b5-65d9-0fb4d911867e,PS20732,علاقة مناشف كبيرة بالرف كروم,12,130.000,1560.000,310001185
3fdc744c-ec40-9895-175d-bc34731a59c1,b3f3ef3b-fd44-1f21-2e81-c60b6fc15054,EG30568,حوض مطبخ جرانيت رملي محبب  47.5*47.5,1,300.700,300.700,210001481
1e68dc88-8645-ec4b-28ea-5ac80e767488,b3f3ef3b-fd44-1f21-2e81-c60b6fc15054,ATWC50098,صندوق بتارية مقعد أرضي,3,135.800,407.400,210001482
960b54f0-f313-b4fa-f22e-ea81deba2b8b,b3f3ef3b-fd44-1f21-2e81-c60b6fc15054,WP20097,مقعد أرضي بدون صندوق أبيض,3,213.400,640.200,210001483
381ef1a2-d032-21e8-f86b-4cdc6f03d8a1,b3f3ef3b-fd44-1f21-2e81-c60b6fc15054,EG30292,حوض مطبخ جرانيت رصاصي محبب  80*50,4,412.377,1649.508,210001484
a5ca2ce3-4ac4-3dae-6619-7d0439e995db,b3f3ef3b-fd44-1f21-2e81-c60b6fc15054,EG30194,حوض مطبخ جرانيت بيج  80*50,3,412.377,1237.131,210001485
8e4af37b-79e6-754d-c376-c1639fcbc936,b3f3ef3b-fd44-1f21-2e81-c60b6fc15054,EG30293,حوض مطبخ جرانيت أبيض  80*50,2,422.080,844.160,210001486
877e8503-2f4a-983b-c65f-fe12d8f5f86b,b3f3ef3b-fd44-1f21-2e81-c60b6fc15054,EG30108,حوض مطبخ جرانيت أبيض محبب 80*50,3,417.229,1251.687,210001487
25532fad-7665-2277-5232-2d62d7565b99,44456db7-3896-9367-2455-ae913fa83c10,ARSB80594,وجه خلاط شطاف مدفون كروم,4,38.500,154.000,210001489
b68e0ae0-36a3-fb59-2378-dee4c82c2db7,44456db7-3896-9367-2455-ae913fa83c10,ARSB80694,يد خلاط  مدفون كروم,4,38.500,154.000,210001490
10b1d586-0506-50f1-2578-35f24b06b577,44456db7-3896-9367-2455-ae913fa83c10,ALVM50870,سيفون حوض الوجه كروم,3,180.000,540.000,210001491
58e77ae7-d722-0d59-a028-6b5525b0aa56,6aae9cc3-512e-d7af-fb91-f2bef0f304e7,VS10124,حوض وجه معلق -65 سم,6,223.100,1338.600,210001495
3547a396-58ce-c2c8-40d4-cdb8a4bd5196,7086ed9c-a031-e1ba-8b01-955756ad73ba,PA30047,مفتاح بيبة رقم 22 مم,6,13.500,81.000,210000898
90e1117f-7b0a-c91e-fc65-7da8dd87606f,b3f3ef3b-fd44-1f21-2e81-c60b6fc15054,EG30567,حوض مطبخ جرانيت رصاصي محبب  47.5*47.5,2,300.700,601.400,210001480
0268168f-9091-92dc-4070-3a5ce207d2e1,1054fbd0-3bf2-97b5-65d9-0fb4d911867e,ALVM50309,سيفون حوض الوجه كروم بلستك,20,40.000,800.000,310001112
d1657862-255b-9c0d-e76c-49b44bd5470e,3418c800-f790-27e2-d007-01e418e5856f,LG40296,حوض رخامي كوارتز 80سم,2,500.000,1000.000,210001500
5dec8a0f-2477-611b-71da-77e736019618,3418c800-f790-27e2-d007-01e418e5856f,EG40297,رف رخامي كوارتز 80سم,2,140.000,280.000,210001501
560edca2-59fd-f00a-8368-c69811eb7372,3418c800-f790-27e2-d007-01e418e5856f,ML30298,مرايا حمام مع إضاءة لد 80*60 سم,5,120.000,600.000,210001502
83041d85-b449-f113-627b-a5fade7ca0da,4d086231-ea81-e002-fa66-e38b1cc002d2,AASB30353,فرشة مرحاض كروم,5,80.000,400.000,210001505
1354c74b-6243-c27c-1522-e6144da076bd,4d086231-ea81-e002-fa66-e38b1cc002d2,ML30226,مرايا حمام مع إضاءة لد 60*80سم,5,85.000,425.000,210001506
8eef31dc-9379-a0fc-8321-49e96a4b6496,4d086231-ea81-e002-fa66-e38b1cc002d2,ML30303,مرايا حمام مع إضاءة لد 60*80 سم,5,85.000,425.000,210001507
a378745a-6be8-9e27-fbb6-01927478ca6a,4d086231-ea81-e002-fa66-e38b1cc002d2,ALVM50031,سيفون حوض الوجه كروم,10,100.000,1000.000,210001508
c194bb87-f39b-fa01-8938-a3d312077c4d,7086ed9c-a031-e1ba-8b01-955756ad73ba,PA30015,مفتاح بيبة رقم17مم,10,7.500,75.000,210000911
2c6a3502-db10-f5e3-027d-5ce2b43be3c1,cf28774b-e321-fe32-8d8c-073a479cca0e,EG30567,حوض مطبخ جرانيت رصاصي محبب  47.5*47.5,2,300.700,601.400,310000624
4fceb3d4-5fa5-0d5b-21ab-205a72c458d6,9ddb60f9-5576-a56a-73d5-634cbde16b8d,WS10553,مقعد معلق راما أبيض,2,310.000,620.000,310000598
1ac7690d-3849-6798-ca0f-ceb1fb33373b,cf28774b-e321-fe32-8d8c-073a479cca0e,EG30568,حوض مطبخ جرانيت رملي محبب  47.5*47.5,4,300.700,1202.800,310000625
844ff206-517f-94c4-4b38-7be8166b3635,e1890042-ad61-45b7-b868-7d093d7db445,CE10265,سخانة 80 لتر,1,595.000,595.000,310000229
67a386ff-7262-53ca-1784-88f5315d4010,3418c800-f790-27e2-d007-01e418e5856f,LG40294,حوض رخامي كوارتز 80سم,3,500.000,1500.000,210001498
6a83bff2-54c4-7a73-c0f9-39be79231c9b,3418c800-f790-27e2-d007-01e418e5856f,EG40295,رف رخامي كوارتز 80سم,3,140.000,420.000,210001499
395fcc6b-2fb3-26d4-bd5b-17811c827f02,4d086231-ea81-e002-fa66-e38b1cc002d2,ML30305,مرايا حمام مع إضاءة لد 80*60 سم,5,80.000,400.000,210001511
784136d2-b73a-7a36-fdf3-3eefb24f9a8d,1054fbd0-3bf2-97b5-65d9-0fb4d911867e,ARSB80930,"مسكر شطافة دبل ""1/2"" * ""1/2 كروم",12,19.000,228.000,310001190
ecc49e03-c707-d232-f561-2d607cd46113,43b81968-d43b-7498-49cd-400a6777d714,ARSB80109,شطاف ظغط مربع مع طوبو ذهبي,6,190.000,1140.000,310000507
679bb1c4-eb48-d5aa-70f0-0d89b720325c,cf28774b-e321-fe32-8d8c-073a479cca0e,ATWC50098,صندوق بتارية مقعد أرضي,3,135.800,407.400,310000626
325c8a28-1a8a-d1dc-4ed8-cfd3a6c63834,cf28774b-e321-fe32-8d8c-073a479cca0e,WP20097,مقعد أرضي بدون صندوق أبيض,3,213.400,640.200,310000627
1c04f19d-118c-9a8e-b9f0-d6cbad8e06c8,1d8881bd-d1b6-3750-7f9c-2ca53b5becf7,CE10571,سخانة 10 لتر,1,615.000,615.000,310000628
fc2675c4-ebf3-10a5-2c74-f11310870135,4d7dc1ca-74f1-052a-2ae2-574460ab2a0e,ME10457,خلاط حوض المطبخ شجرة كروم,3,150.000,450.000,310000629
21e0a6a7-5611-2487-7f61-5e1e6f9897a4,4d086231-ea81-e002-fa66-e38b1cc002d2,ML30081,مرايا حمام مع إضاءة لد 60*80 سم,5,85.000,425.000,210001512
8b22a111-f378-137a-d627-75c5442c1bd2,4d086231-ea81-e002-fa66-e38b1cc002d2,ML30306,مرايا حمام مع إضاءة لد 60*80 سم,5,85.000,425.000,210001513
0f19153b-be87-1936-da32-01e393f35a01,4d086231-ea81-e002-fa66-e38b1cc002d2,ALVM50397,رأس سيفوني رخامي,10,24.000,240.000,210001514
796260eb-00f8-ad7e-72e3-71c972096789,4d086231-ea81-e002-fa66-e38b1cc002d2,ARSB80307,كسكاس دوش مربع 200*200 مم مع قصبة كروم,6,75.000,450.000,210001515
b3143731-4d7e-e11a-f7a1-f69927b6b4d5,4d086231-ea81-e002-fa66-e38b1cc002d2,ARSB80004,مخرج شطاف كروم بالعلاقة,6,92.000,552.000,210001516
b948715f-009f-51fb-4acc-548366dcc7d2,697b3c13-57a6-657f-2ae1-4e1e3bd2096b,ARSB80869,كسكاس دوش دائري 250 مم دهبي,5,209.000,1045.000,210001520
6bf3f2cd-b1f4-8577-a477-d419e3968e22,7086ed9c-a031-e1ba-8b01-955756ad73ba,PA30058,متر 7.5م,6,8.750,52.500,210000925
4d63107e-af68-57b9-a6ce-c4830201f5f8,3d635689-3e15-7a6b-8229-f42eb792db99,ML10069,خلاط حوض وجه كروم,3,300.000,900.000,210001530
b61549df-d385-3b5f-9db1-570651c35668,3d635689-3e15-7a6b-8229-f42eb792db99,ML10016,خلاط حوض وجه كروم,3,380.000,1140.000,210001531
113ed4bd-ef9a-9f6f-4ce0-283372956e5d,1054fbd0-3bf2-97b5-65d9-0fb4d911867e,MA20894,خلاط حوض المطبخ سحاب كروم,12,230.000,2760.000,310001098
c1514128-0b15-2e0b-37c6-22c5f93f6653,3d635689-3e15-7a6b-8229-f42eb792db99,MDE50027,خلاط دوش مدفون كروم,4,385.000,1540.000,210001532
ef722889-dd60-c8cc-f2a6-afb559ed64a4,3d635689-3e15-7a6b-8229-f42eb792db99,MTE60026,خلاط شطاف مدفون كروم,4,195.000,780.000,210001533
ed8cf32c-a06e-6843-5bb8-0b36645fb168,3d635689-3e15-7a6b-8229-f42eb792db99,ARSB80082,شطاف ظغط مربع مع طوبو كروم,4,175.000,700.000,210001534
6dab9092-85f6-c7c4-5d00-0b3fd2f78805,739d511e-0c21-8411-2abb-d98b81ec925b,ARSB80144,كسكاس دوش مربع 250*250 مم ذهبي,1,600.000,600.000,210000962
cabbfc8f-9144-b372-6a10-2c8dfac44938,38995d56-d888-353b-3000-c69016ccdd09,ARSB80574,سماعة دوش كروم مع اضاءة لد,3,40.000,120.000,310000630
a59367fe-0e14-72e9-07fc-d0727b51ce71,38995d56-d888-353b-3000-c69016ccdd09,ARSB80575,طوبو دوش ألماني كروم,5,20.000,100.000,310000631
5913c04d-c8f8-23d4-450e-47d8b8080f70,bac05b02-559a-cee1-6ca4-1dc8229baa27,MT30243,خلاط شطاف كروم,6,225.000,1350.000,310000632
fa9c5210-f4ec-1ffb-b65d-7c6a3fd6d541,bac05b02-559a-cee1-6ca4-1dc8229baa27,ME10572,خلاط حوض المطبخ شجرة كروم,6,230.000,1380.000,310000633
7d1fcc36-a967-6601-042f-9e34987aef99,bac05b02-559a-cee1-6ca4-1dc8229baa27,ME10573,خلاط حوض المطبخ شجرة كروم,6,295.000,1770.000,310000634
ab065634-52af-5e15-8728-895fb958baff,89a7ed45-c2e7-d934-350e-3254c32b4f3d,EG30252,حوض مطبخ جرانيت أسود  80*50,2,412.270,824.540,310000637
2bb1a27e-92a4-04d7-fc4b-71bba38d2143,89a7ed45-c2e7-d934-350e-3254c32b4f3d,AB10142,خزانة حمام أبيض,4,189.170,756.680,310000638
397b7ec2-b6c2-f8d3-ccb3-b32b10cb10aa,c594c6b2-7379-925c-e086-316676d70426,AASB30311,مجفف شعر ابيض,6,89.000,534.000,210001529
06e04901-9639-a22c-4594-2213577fc2ce,4be0b36b-8cd3-ed6f-d414-cb2eb381be8d,ATWC50313,صندوق طرد مدفون بتارية مع زر دائري 9 لتر,2,870.000,1740.000,310000641
cacfc6b9-e8f6-02fd-86c9-f72cefeb7d7f,4be0b36b-8cd3-ed6f-d414-cb2eb381be8d,ATWC50314,صندوق طرد مدفون بتارية مع زر مربع 9 لتر,2,870.000,1740.000,310000642
7cdf4a62-923a-0483-d716-0720933d68ed,a6acc488-84fa-aff2-59c1-28f27965cec2,WS10553,مقعد معلق راما أبيض,2,320.000,640.000,310000643
462451e6-4c5b-91b7-34f3-96e7d144058a,a68e5796-841d-471c-1d72-de301dac8d4e,MLE40007,خلاط حوض وجه مدفون مع مَصَب كروم,3,510.000,1530.000,310000644
d4076746-d15a-cef8-a15b-1f3a29928ba9,71477cd7-594f-dd7f-1099-6d3e8ac93267,MD20470,خلاط دوش كروم,4,175.000,700.000,310000468
21bb4016-42c0-05f2-e6d6-68a1dd59fbd9,9a23248c-d5a6-d6e6-e970-bac6131957c3,ARSB80324,كسكاس دوش مربع 250*250 مم مع قصبة كروم,10,250.000,2500.000,310000651
c9e578c2-68cc-8e4e-f163-fd805f6dca89,9a23248c-d5a6-d6e6-e970-bac6131957c3,ARSB80598,قصبة دوش مربعة 40 سم كروم,10,145.000,1450.000,310000652
58fd160d-0f9e-8ffa-b61f-5ee8e7afc72c,9a23248c-d5a6-d6e6-e970-bac6131957c3,ARSB80599,كسكاس دوش مربع شريحه 250 مم,10,185.000,1850.000,310000653
53f0acaf-76a9-eaf3-c515-3a0bca746f0c,371b9fe9-8b99-4eea-eb75-b9da975c6794,ARSB80600,مصب دوش بدون تحويلة كروم,12,77.000,924.000,310000654
76922ca5-8526-600f-4da6-3b30ac05431d,371b9fe9-8b99-4eea-eb75-b9da975c6794,ARSB80606,مخرج شطاف مع علاق كروم,30,64.000,1920.000,310000655
b8c1ea81-7972-f8e5-c2b6-3ec50e7d91f9,371b9fe9-8b99-4eea-eb75-b9da975c6794,EL10595,حوض مطبخ ستانلس ستيل 304 80*45,6,175.000,1050.000,310000656
967ec68a-83ca-6105-e202-a06e88e2d012,371b9fe9-8b99-4eea-eb75-b9da975c6794,EL10607,حوض مطبخ ستانلس ستيل   60*45 كروم,6,128.000,768.000,310000657
4d62835f-52c1-2fb5-4115-7300a6d06126,2f89053a-5b6a-47ed-279c-e17c693745b4,LG40795,حوض كواريون كوارتزأبيض 60سم,5,500.000,2500.000,310001339
2f11a8b7-3ae3-fe3e-4825-39a562275432,5a46adce-b83d-e70d-1d75-0618b0f30cc4,ML30593,مرايا حمام مع إضاءة لد 60*80 سم,6,145.000,870.000,310000648
bd544db1-a662-54d9-3808-879121ee0726,5a46adce-b83d-e70d-1d75-0618b0f30cc4,EL10594,حوض مطبخ ستانلس ستيل 304 75*43,3,154.000,462.000,310000649
22406388-4fcb-ed23-dda2-0f7d25262b1e,5a46adce-b83d-e70d-1d75-0618b0f30cc4,ML30592,مرايا حمام مع إضاءة لد 60*80 سم,6,145.000,870.000,310000647
6bc1ab1e-1073-a53e-265c-b17a4ce3d50e,5a46adce-b83d-e70d-1d75-0618b0f30cc4,LG40608,حوض رخامي كوارتز 60*50سم,3,350.000,1050.000,310000659
eefedb1a-9fe6-08d9-b62c-a7e8687dfa82,5a46adce-b83d-e70d-1d75-0618b0f30cc4,EG40609,رف رخامي كوارتز 60*50سم,3,230.000,690.000,310000660
63f262fa-2202-715a-fe86-178a85155cd5,5a46adce-b83d-e70d-1d75-0618b0f30cc4,ML30610,مرايا حمام مع إضاءة لد 60*50 سم,3,120.000,360.000,310000661
1fefed61-77a1-2506-07c0-d5425eb0d1ee,a17ae495-978d-9d78-6a29-4a93558749d4,RFP1217,"فسيبلي "" 1/2 أنثى * ""1/2 أنثى 60سم",20,13.500,270.000,310000662
fbaa618e-89fc-53d1-885a-68e134259324,a17ae495-978d-9d78-6a29-4a93558749d4,RFP1424,"فسيبلي "" 1/2 أنثى * ""1/2 أنثى 40سم",30,11.500,345.000,310000663
c32c8619-c37e-01b4-1914-8808a46163b3,a17ae495-978d-9d78-6a29-4a93558749d4,ARSB80611,وجه خلاط شطاف مدفون دائري كروم,4,55.000,220.000,310000664
2991acb2-b982-0034-544f-68a623aa22b2,ff66c648-f086-1f4a-576e-730f41cb6420,ARSB80214,"مسكر شطافة ""1/2"" * ""1/2 كروم",20,37.500,750.000,310001389
2b2793d2-1df4-09b7-f190-07a9ded1c4c1,efedc6b5-e8a8-588d-a520-082c655b737b,ART0020,شطاف ظغط مع طوبو كروم,12,76.000,912.000,210000969
5d5d793e-e6f4-6b72-71fc-747a2157f471,4d086231-ea81-e002-fa66-e38b1cc002d2,ALVM50309,سيفون حوض الوجه كروم بلستك,6,40.000,240.000,210001518
1f1f19de-3230-3540-19f4-525d2d8af098,4d086231-ea81-e002-fa66-e38b1cc002d2,AASB30310,صابونية كروم حساس,10,48.000,480.000,210001519
acfa44cf-a830-faad-7456-9ed02cf63029,d34ca263-d98f-957d-0260-97069fa8796d,AM0810,دولاب حمام مع إضاءة لد-100 سم,5,750.000,3750.000,310001382
ef55f9e4-82d9-c7be-8bcc-6b67676a263e,c9038f6f-34b7-14b7-5942-5a3a991e7ba7,ML10794,خلاط حوض وجه كروم,6,170.000,1020.000,310001314
8526640e-183e-97fb-360f-92ec3b235ec2,c9038f6f-34b7-14b7-5942-5a3a991e7ba7,CD40788,مسطرة دوش زوجية اسود,6,190.000,1140.000,310001319
43f4b519-5d8b-5593-c3e5-d4c8dea4be57,4ba83b4e-328f-57cd-841a-689ecd418f05,CD40768,مسطرة دوش فرديه كروم,17,75.000,1275.000,310001344
c66c6945-c861-a390-c641-10dd96ee1baa,c7ec0d90-bca8-5496-48aa-11e711f245ca,MDE50676,خلاط دوش مدفون كروم,14,360.000,5040.000,310000685
1103054b-e2b6-3c09-c908-d642edf0f649,c7ec0d90-bca8-5496-48aa-11e711f245ca,ALVM50677,طابة حوض الوجه كروم,50,10.000,500.000,310000686
6eb14ab2-5f36-a5c2-1f77-3409b4bbc5e3,298989ed-72cf-59e9-17ae-fec41485d8f8,AECU50056,صابونية حوض مطبخ كروم,10,18.000,180.000,310000688
49ce3cbd-b4b5-fb89-b3e8-29968944e570,771407fd-4ac8-86fb-8189-d7fe5349fc54,ARSB80682,وجه خلاط دوش مدفون مربع كروم,4,95.000,380.000,310000689
29342287-8e44-9280-5c33-4c5f8ea7c4f6,771407fd-4ac8-86fb-8189-d7fe5349fc54,ARSB80681,وجه خلاط شطاف مدفون مربع كروم,4,70.000,280.000,310000690
48f84da4-ecc2-d849-afb9-6a75841ca5a8,61db3fa3-0b5d-0a28-07e4-8875a0d07f78,ME10684,خلاط حوض المطبخ شجرة كروم,7,95.000,665.000,310000693
af55f100-edde-e8fc-5a86-4aa2a3c78d96,9f8bead4-4c82-9afb-35aa-44cf0ee4385c,EG30241,حوض مطبخ جرانيت أسود محبب 55*44,3,225.000,675.000,310000221
647a3b29-834d-27aa-cb78-f8288c3cd98b,efedc6b5-e8a8-588d-a520-082c655b737b,ART0030,قصبة دوش مربعة 45 سم كروم,10,56.000,560.000,210000970
2d1b135e-4599-1da4-69c0-94b2c5cde02d,d34ca263-d98f-957d-0260-97069fa8796d,ML30802,مرايا حمام مع إضاءة لد 90*70 سم,5,125.000,625.000,310001377
52c8fb4b-0142-bf92-8878-c0cecb0647c2,25703d38-0ac5-8433-a6ae-fe6b21edbf13,ML30080,مرايا حمام مع إضاءة لد 80*60 سم,6,85.000,510.000,210000983
a2277640-9e6d-c916-0f4b-407154a1417b,9f8bead4-4c82-9afb-35aa-44cf0ee4385c,RD30242,حوض قدم اكريليك 80*80 مربع بالجنب بالسيفوني,3,140.000,420.000,310000222
8eec6438-c8f0-e7e6-3a9f-b352334cacb7,c11fc882-d406-064a-47f9-87fcdf5dd206,MD20010,خلاط دوش كروم,1,280.000,280.000,310001367
a4269ea8-70ff-b39c-65b3-7433ebb1b460,f0ba9351-7873-08de-3a3e-8098fa3f9045,MC10731,سرفنتينة 15 سم * 15 سم كروم,20,45.000,900.000,310000842
a7735206-6d35-9f36-9ac7-56c666b45e45,f95fc34f-1064-cdf1-ea86-1bdc8166730b,RA20037,مواسير 32'' 4 متر,10,35.750,357.500,210001538
9b360ae6-390e-8a1d-b657-f9a4935957dc,f95fc34f-1064-cdf1-ea86-1bdc8166730b,CI20314,خزان الصفاء 2000لتر,1,560.000,560.000,210001539
f1c27ed6-0442-c1d7-d423-b3ed939d04eb,1054fbd0-3bf2-97b5-65d9-0fb4d911867e,ML10100,خلاط حوض وجه  كروم,12,120.000,1440.000,310001106
f27b1c61-d0d9-4683-5fd4-c4a8d3c64e98,ed4e7a9c-62bf-182b-9ec9-87960398eaa0,WS10015,صندوق مقعد معلق أبيض,6,100.000,600.000,310001391
80234347-ebff-4aa0-68ed-808732548fab,6a816caf-64bc-984a-6aa1-021373476d1e,ARSB80734,قصبة دوش دائري 40 سم ذهبي,12,27.000,324.000,310000848
9203e933-ea0f-b94e-b59d-00fe76108fe6,6a816caf-64bc-984a-6aa1-021373476d1e,ML30745,مرايا حمام مع إضاءة لد-طول 80*60 سم,12,81.000,972.000,310000859
efedb38b-02e0-af94-5191-7646933b8813,7b7d1011-6c74-44a7-61a8-4cfaa4fc3fc9,ARSB80754,مصب دوش بدون تحويلة,12,57.000,684.000,310000867
77fa11a8-11bd-841e-9a7b-cfcdc325912b,7b7d1011-6c74-44a7-61a8-4cfaa4fc3fc9,ARSB80747,مخرج شطاف مع علاق أسود,10,38.000,380.000,310000861
e6ffa42f-f2d0-0a96-8344-7908d0879874,7b7d1011-6c74-44a7-61a8-4cfaa4fc3fc9,ARSB80748,مخرج شطاف ذهبي,10,40.000,400.000,310000862
053a9247-4fbb-8681-1924-af7c5807c221,99b70c72-5d15-6c7b-f85b-26fff822c04b,AASB30668,رف زاوية زوجي اسود,20,45.000,900.000,310000741
95370c71-66be-fc22-779e-3cd0146506d3,99b70c72-5d15-6c7b-f85b-26fff822c04b,AASB30669,مسند لكبار السن أبيض,10,100.000,1000.000,310000742
c96f9242-de46-f2d5-9460-1c90107660f9,7b7d1011-6c74-44a7-61a8-4cfaa4fc3fc9,ARSB80755,مصب دوش بدون تحويلة أسود,12,57.000,684.000,310000868
f5ec08dc-1bfc-392b-be50-76cb033d7981,99b70c72-5d15-6c7b-f85b-26fff822c04b,AASB30670,مسند لكبار السن كروم,10,135.000,1350.000,310000743
8da3e8a9-1cd7-9a95-d29a-e6091a3a93f4,2367c0e5-4910-f2f3-f5b7-de813a4749ca,CD40768,مسطرة دوش فرديه كروم,15,75.000,1125.000,310001343
d7bf82f0-e3c3-5916-93a6-f5ca0905b3be,070da2a4-6d76-b916-37c2-e203087bdffe,CD40768,مسطرة دوش فرديه كروم,3,75.000,225.000,310001345
694b1feb-02b4-feda-c1e8-4a6853b82e60,99b70c72-5d15-6c7b-f85b-26fff822c04b,MD20619,خلاط دوش كروم,20,150.000,3000.000,310000698
521e33d2-b48f-b44a-80fa-8d1271223c8a,99b70c72-5d15-6c7b-f85b-26fff822c04b,ML10626,خلاط حوض وجه  رصاصي,40,80.000,3200.000,310000702
0cf856ea-dfac-5722-d43a-85e4d9b5054d,99b70c72-5d15-6c7b-f85b-26fff822c04b,MD20627,خلاط دوش كروم,20,135.000,2700.000,310000703
60e481b0-0bea-0a0e-a5a4-6f02bed7012f,99b70c72-5d15-6c7b-f85b-26fff822c04b,MT30629,خلاط شطاف مع شطاف كروم,20,90.000,1800.000,310000705
345a749b-a700-8c52-0af3-95f4751d2fc2,99b70c72-5d15-6c7b-f85b-26fff822c04b,MT30630,خلاط شطاف مع شطاف 15 سم أسود,20,115.000,2300.000,310000706
fda3de15-6bc3-5dbd-3284-554f53ca6d82,99b70c72-5d15-6c7b-f85b-26fff822c04b,PS20637,علاقة ملابس ثلاثية أسود,100,20.000,2000.000,310000712
2dff8a3d-6d9e-de1a-0bbf-10456732c339,a77d411d-51cf-dfe3-96b9-4f742c56ae7b,ARSB80769,رشاش دوش أسود,6,38.500,231.000,310000878
3a544e07-e731-b96d-1ed1-38026dd38699,99b70c72-5d15-6c7b-f85b-26fff822c04b,AASB30638,صابونية كروم,50,20.000,1000.000,310000713
2e8de756-04f0-123f-7cb3-1691075f06f0,99b70c72-5d15-6c7b-f85b-26fff822c04b,ARSB80640,"مسكر شطافة ""1/2"" * ""1/2 كروم",100,13.000,1300.000,310000715
4c4a8cb9-230c-c400-6fc5-bf551a085433,99b70c72-5d15-6c7b-f85b-26fff822c04b,MC10641,مجرى 30سم *3 سم كروم,60,80.000,4800.000,310000716
7fc54086-61e4-3ba6-4bbc-7a874d6bf396,61db3fa3-0b5d-0a28-07e4-8875a0d07f78,ME10683,خلاط حوض المطبخ شجرة كروم,7,72.000,504.000,310000692
33cae896-2059-5bdd-37c9-bd40054ae927,461f64e3-26ba-92dc-9e94-703a8cbdb9b9,WP20161,مقعد أرضي ملحوم رصاصي رخامي,15,650.000,9750.000,310000748
2c2242f9-1986-d5de-6217-1ce9bd63f622,99b70c72-5d15-6c7b-f85b-26fff822c04b,MC10654,سرفنتينة 15 سم * 15 سم ذهبي,40,55.000,2200.000,310000728
5319116e-9b7c-b36a-aee6-647ba1bfecf0,99b70c72-5d15-6c7b-f85b-26fff822c04b,MC10655,سرفنتينة 10 سم * 10 سم كروم,40,35.000,1400.000,310000729
484b9bd4-ce29-1a6c-64f8-27c5f80a7648,99b70c72-5d15-6c7b-f85b-26fff822c04b,CD40656,مسطرة دوش زوجية مع خلاط دجتل رصاصي,10,400.000,4000.000,310000730
025737c1-bc5f-116b-eb8f-49e7808334e4,22b4e34b-9de0-2db9-5f7c-7f1baf4e5bda,ALVM50778,سيفون حوض الوجه كروم,12,75.000,900.000,310000891
12c3db06-6ea9-3dda-ddb5-213472f5cea9,dfb089b6-d9e4-7cc8-7afc-0003f03b8f52,SA10459,طقم اكسسوار كروم,5,160.000,800.000,310000576
807e7aed-8605-c743-8ed9-2c4c91e5c069,461f64e3-26ba-92dc-9e94-703a8cbdb9b9,WP20587,مقعد أرضي ملحوم أسود رخامي,20,615.000,12300.000,310000749
4194ecd7-b4b2-490b-d706-a0825152ec13,99b70c72-5d15-6c7b-f85b-26fff822c04b,ARSB80686,مخرج شطاف مع علاق كروم,100,40.000,4000.000,310000737
f3ffebc0-1800-6144-48f5-79c37f10ccc1,461f64e3-26ba-92dc-9e94-703a8cbdb9b9,WS10163,مقعد معلق رايملس أبيض,40,355.000,14200.000,310000751
a4b0cb3e-f198-3cec-060b-c66e52f2c79e,99b70c72-5d15-6c7b-f85b-26fff822c04b,EL10685,حوض مطبخ ستانلس ستيل 304 75*45,30,250.000,7500.000,310000738
76b1c95d-6765-1c9b-dc27-d3712df31d74,99b70c72-5d15-6c7b-f85b-26fff822c04b,PS20665,علاقة مناشف زوجية كروم,30,40.000,1200.000,310000739
68f61eb7-e7e9-9726-f54b-36af2b3eacb9,99b70c72-5d15-6c7b-f85b-26fff822c04b,AASB30671,فرشاة تنظيف مرحاض كروم,20,35.000,700.000,310000744
355aef3e-8148-efa1-eeb2-405fe54eef6d,99b70c72-5d15-6c7b-f85b-26fff822c04b,AASB30672,فرشاة تنظيف مرحاض أسود,20,50.000,1000.000,310000745
270dc9ba-3022-3b0a-5cff-e7bda83c0f85,99b70c72-5d15-6c7b-f85b-26fff822c04b,AASB30673,فرشاة تنظيف مرحاض ذهبي,20,55.000,1100.000,310000746
fb6eafa0-174b-74f1-dd3e-e000977ff50c,99b70c72-5d15-6c7b-f85b-26fff822c04b,AM0699,دولاب حمام مع حوض وجه 60 سم,10,440.000,4400.000,310000763
9b937d3a-6ca3-3e4e-f55e-377758ebc8fc,99b70c72-5d15-6c7b-f85b-26fff822c04b,AM40700,مراية دولاب حمام 60 سم,10,180.000,1800.000,310000764
ab5112a5-c53c-b753-5617-bbbc1a746da4,1f03ae87-c83e-cb3d-7056-070c5c951aeb,LG40180,حوض وجه برسلين 100 سم,2,500.000,1000.000,310000898
0b86d869-106a-9ce6-0759-2ef9374e751d,99b70c72-5d15-6c7b-f85b-26fff822c04b,AM0696,دولاب حمام مع حوض وجه 80 سم,10,550.000,5500.000,310000766
73cefca4-3e70-0f6b-9752-c533b67ef203,99b70c72-5d15-6c7b-f85b-26fff822c04b,AM40691,مراية دولاب حمام 80 سم,10,200.000,2000.000,310000768
d6447bd1-bc78-3f18-63bf-5cf35aca8220,99b70c72-5d15-6c7b-f85b-26fff822c04b,MA20618,خلاط حوض المطبخ سحاب كروم,10,115.000,1150.000,310000773
4740aa4c-ed70-d8f2-c3f2-5b5b60ed30ea,dfb089b6-d9e4-7cc8-7afc-0003f03b8f52,MM30543,خلاط حوض المطبخ حائطي كروم,4,117.000,468.000,310000577
b9b7178f-ec46-708f-5f1f-523990291740,461f64e3-26ba-92dc-9e94-703a8cbdb9b9,WS10594,مقعد معلق تورنيدو أبيض,40,405.000,16200.000,310000754
d9fde843-1017-5c7b-42d2-8f91090b670b,461f64e3-26ba-92dc-9e94-703a8cbdb9b9,WS10595,مقعد معلق رايملس مموج أبيض,40,420.000,16800.000,310000755
b741db70-ae3c-bcee-2201-1f0201b3930c,461f64e3-26ba-92dc-9e94-703a8cbdb9b9,WS10596,مقعد معلق رايملس أبيض,40,360.000,14400.000,310000756
c8c8e708-da80-ae1f-c9b5-821042ed8e31,461f64e3-26ba-92dc-9e94-703a8cbdb9b9,ML30600,مرايا حمام مع إضاءة لد دائرية بالعلاقة مع اطار أسود 70سم,40,120.000,4800.000,310000758
22cf5204-9006-85d0-01ad-c75ce288d053,461f64e3-26ba-92dc-9e94-703a8cbdb9b9,ML30601,مرايا حمام مع إضاءة لد دائرية بالعلاقة مع اطار ذهبي 70سم,40,125.000,5000.000,310000759
9e08cf55-cfa4-6d0e-09ae-c4823dbb8818,461f64e3-26ba-92dc-9e94-703a8cbdb9b9,ML30603,مرايا حمام مع إضاءة لد مع اطار ذهبي 90*70 سم,40,125.000,5000.000,310000760
c064c7c0-b86b-7e10-c037-48dc36dcc95e,64b3ab2d-1c38-3e0f-2322-eef295068bb5,ML30091,مرايا حمام مع إضاءة لد مع اطار كروم  80*60 سم,6,125.000,750.000,210000996
ffd83109-5713-890a-3294-e9c619ae7287,2f89053a-5b6a-47ed-279c-e17c693745b4,MA20797,خلاط حوض المطبخ سحاب كروم مطفي,5,68.500,342.500,310001338
0d082b81-23fe-d36a-cf96-3b2e5b2cc95b,99b70c72-5d15-6c7b-f85b-26fff822c04b,MA20623,خلاط حوض المطبخ سحاب أسود-كروم,20,175.000,3500.000,310000774
983f26ba-0da9-7c20-0065-7ba8df399133,99b70c72-5d15-6c7b-f85b-26fff822c04b,MA20625,خلاط حوض المطبخ سحاب كروم مطفي,20,110.000,2200.000,310000776
e87bd325-f364-4873-09e5-d334e5dd0ff3,99b70c72-5d15-6c7b-f85b-26fff822c04b,MA20688,خلاط حوض المطبخ سحاب كروم مطفي,20,110.000,2200.000,310000777
ae8ab69e-ace1-6d38-7a0f-ce5581814554,99b70c72-5d15-6c7b-f85b-26fff822c04b,MA20615,خلاط حوض المطبخ سحاب كروم,10,150.000,1500.000,310000695
89010134-77e6-6212-eecf-da28d0923ad0,dfb089b6-d9e4-7cc8-7afc-0003f03b8f52,EL10544,حوض مطبخ ستانلس ستيل   304 86 * 45 سم,6,675.000,4050.000,310000578
68d035dd-5060-f33c-cdd2-b2dca5c98867,49777160-f00d-5fe4-bd85-9eba05693594,ARSB80813,مصب دوش قصير بتحويلة كروم,6,325.000,1950.000,310001273
aafb4d75-2d9b-0109-26a3-b89c8e2f49c0,49777160-f00d-5fe4-bd85-9eba05693594,ARSB80017,مصب دوش قصير بدون تحويلة كروم,6,300.000,1800.000,310001274
1b6255c5-e725-0709-a057-9b37cae28b7b,49777160-f00d-5fe4-bd85-9eba05693594,ARSB80781,شطاف ظغط مربع كبيرمع طوبو كروم,20,170.000,3400.000,310001275
6c1a84ec-43df-421b-d1e3-ffbfe29f3068,1bfb31f4-26c4-315a-46eb-95c821cb557b,WS10481,مقعد معلق رايملس أبيض,20,355.000,7100.000,310000485
d3a253e1-6fed-d9e7-d27c-10ad37edd0af,1bfb31f4-26c4-315a-46eb-95c821cb557b,WA40482,غطاء مقعد أبيض,20,50.000,1000.000,310000486
fe913a31-c9ce-abec-ca99-473ab92cae21,1bfb31f4-26c4-315a-46eb-95c821cb557b,VS10221,حوض وجه سداسي معلق أبيض,20,150.000,3000.000,310000488
c55d0027-6ea8-e3f2-bfc0-7e070bb8d742,1bfb31f4-26c4-315a-46eb-95c821cb557b,VP20484,حوض وجه فوق الرخام أبيض 41.5 سم,20,103.000,2060.000,310000491
8365c161-22f5-4700-15ca-90ba7eac2471,1bfb31f4-26c4-315a-46eb-95c821cb557b,AASB30014,رف زاوية زوجي كروم,50,55.000,2750.000,310000492
d3e06c66-9594-e896-d954-84a89d2d4a10,6bf52dbf-16e9-44b1-62b4-e671fae8de3b,AASB30706,سلة قمامة كروم,5,35.000,175.000,310000779
e87d1b57-7ecb-f903-b316-62310f6bfca4,290fc712-d480-070d-9819-15dccee03fee,PE30351,طلاء مائي داخلي5 كغ أبيض ربع لمعه,5,70.000,350.000,210001546
3f2160af-540a-23a6-47e0-dd4f9f4dc339,290fc712-d480-070d-9819-15dccee03fee,PE30325,طلاء مائي داخلي 18 كغ اقتصادي,10,60.000,600.000,210001547
5364d0d8-7254-214a-b970-3c459a09a757,290fc712-d480-070d-9819-15dccee03fee,PE30329,طلاء مائي داخلي 5 كغ اقتصادي,10,23.000,230.000,210001548
8c770190-c695-b123-2d49-9bd94f3b953d,290fc712-d480-070d-9819-15dccee03fee,PE30328,طلاء مائي داخلي 18 كغ لاتكس,10,90.000,900.000,210001549
39e1d065-3a7d-058a-30b4-38229dc1dc49,290fc712-d480-070d-9819-15dccee03fee,PE30327,طلاء مائي داخلي 5 كغ لاتكس,10,33.000,330.000,210001550
f700ed30-4861-dee4-8d62-27511ff16029,e19eac98-eb1c-c3d9-3adb-037e87b5a8e0,EG30249,حوض مطبخ جرانيت رصاصي محبب 90*50,1,435.000,435.000,210001552
c83b65b7-c7e6-2cbb-9a4f-ba6705cb3d20,121b9edb-f98d-7bd7-9333-5b542facbd61,PE30032,استوك 20 كغ,30,51.410,1542.300,210001006
94a3bc5a-6314-6b0f-8ba1-c9d5fb3a3b09,1bfb31f4-26c4-315a-46eb-95c821cb557b,WP20159,مقعد أرضي ملحوم سداسي أبيض,50,435.000,21750.000,310000482
4fe59cd4-da55-23f1-c24c-8b662c25387f,1bfb31f4-26c4-315a-46eb-95c821cb557b,WP20480,مقعد أرضي ملحوم مربع أبيض,40,500.000,20000.000,310000484
1f314c58-3c64-c784-1a0b-fbd1583f5357,6bf52dbf-16e9-44b1-62b4-e671fae8de3b,AASB30705,سلة قمامة كروم,5,35.000,175.000,310000778
8afcb0a0-6bf7-4067-61f7-2dfc9fbde83d,12ddb1d1-41eb-dc89-fa89-b2d99a50867d,VS10827,حوض وجه معلق -80 * 45 سم,1,320.000,320.000,310000781
efdd17fa-85e7-716e-62bf-7f63936b4b8b,12ddb1d1-41eb-dc89-fa89-b2d99a50867d,ARSB80302,شطاف ظغط مربع مع طوبو كروم,6,140.000,840.000,310000782
fa9b9029-3929-d525-bae5-e59b72beb5f9,12ddb1d1-41eb-dc89-fa89-b2d99a50867d,ARSB80087,شطاف ظغط مربع مع طوبو كروم,6,120.000,720.000,310000783
e98cb0ba-3f9c-0dd3-7534-3d4db78fba02,d34ca263-d98f-957d-0260-97069fa8796d,ARSB80798,كسكاس دوش مربع سميك 25*25 مم مع قصبة كروم,10,120.000,1200.000,310001361
b950795c-3a8c-e64f-cd2f-e1dce9411ee0,a7542fbf-96d7-382f-4af1-1ec4e03f4046,VS10191,حوض وجه معلق -80 سم,5,315.000,1575.000,310000784
32098303-3ccf-8236-4c01-ee279e37d008,a7542fbf-96d7-382f-4af1-1ec4e03f4046,VS10200,حوض وجه معلق -80 سم,4,359.000,1436.000,310000785
e1ae07f4-bbbe-9b12-170a-93a9bf368abb,56a38e01-8f92-6c81-afaa-9a46df956751,VS10188,حوض وجه معلق -60 سم,5,227.000,1135.000,310000787
afd8631a-1dd3-f298-1b01-8e9ec8d1a19e,56a38e01-8f92-6c81-afaa-9a46df956751,VS10187,حوض وجه معلق -50 سم,6,212.000,1272.000,310000788
dd3e73c0-40de-34db-4c1e-69aa75d66f86,56a38e01-8f92-6c81-afaa-9a46df956751,VS10707,حوض وجه معلق - يسار-60*30سم,3,328.000,984.000,310000789
8d5edb11-8354-7f11-9eaa-f936dfb8861b,56a38e01-8f92-6c81-afaa-9a46df956751,VS10119,حوض وجه معلق -80 سم,4,361.000,1444.000,310000790
e9213c6b-8e17-6437-e8fc-718402cab7b1,1ed8f0a9-f269-c158-bd1e-36a34d8df84c,ARSB80708,سماعة دوش مع طوبو كروم,1,30.000,30.000,310000791
6b607eed-bf50-b687-e5f3-98790a25684b,1ed8f0a9-f269-c158-bd1e-36a34d8df84c,ARSB80709,رقبة خلاط متحركة كروم,3,10.000,30.000,310000792
b65986b1-4419-12a5-406b-135287d2954c,04b87c8b-4815-2279-d286-40a4ba7b485d,ARSB80816,مخرج شطاف مع علاق أسود,10,99.000,990.000,310000958
f90a5406-2657-a1fa-d10a-49c649589780,1ed8f0a9-f269-c158-bd1e-36a34d8df84c,ARSB80710,رقبة خلاط متحركة كروم,3,10.000,30.000,310000793
05b8d588-a31b-2b0a-b3eb-841f20f8dba4,dc1360e3-6b70-7fb2-3fcc-ef230133e1d0,MC10714,مجرى 40 سم *7 سم كروم,10,145.000,1450.000,310000795
74b810fb-ed66-5676-a7e7-ffc3d9401cdf,dc1360e3-6b70-7fb2-3fcc-ef230133e1d0,MC10413,سرفنتينة 15 سم * 15 سم كروم,10,63.000,630.000,310000796
bf276bb1-9f1c-6e94-5825-b8d81991e73f,b2374fcd-ce18-f2bb-aa13-c4c255a7ea89,VS10321,حوض وجه معلق -130 سم,1,300.000,300.000,210001555
b557a67d-4050-9c39-8f7d-6b936ebaae04,121b9edb-f98d-7bd7-9333-5b542facbd61,PE30496,طلاء مائي داخلي 18 كغ الكلمنجارو اقتصادي,10,48.000,480.000,210001019
fd9e7e18-9bd1-1bb5-7281-cd403efe836c,155da4be-d5d9-ade8-f559-ed0eecf414fb,ARSB80329,كسكاس دوش مربع 400*400 مم كروم,5,265.000,1325.000,210001557
b01afc41-acb6-90db-5c7d-1f1a35d5f99e,e3c74655-0b0d-2a9f-1a4b-4112ba0f896b,ARSB80017,مصب دوش قصير بدون تحويلة كروم,5,230.000,1150.000,210001558
db44c3d5-6591-d2d5-2b81-cb96689abcb6,e3c74655-0b0d-2a9f-1a4b-4112ba0f896b,PLSA0322,وردة كروم  1/2,38,7.250,275.500,210001559
690a9bd7-3268-2924-7869-32b2a66f0d43,a5f2ecfc-ad18-30cf-d510-d71dc7c37683,PE30027,طلاء مائي داخلي 20 كغ أبيض,20,63.650,1273.000,210001561
6448e9fe-a85a-53f6-9186-b7976ca8f9d5,a5f2ecfc-ad18-30cf-d510-d71dc7c37683,PE30896,عازل ناري 16 كغ,5,275.500,1377.500,210001563
7ac68a7f-8c93-14e8-aed2-acc07f2d904b,a5f2ecfc-ad18-30cf-d510-d71dc7c37683,PE30994,عازل ناري 4 كغ,5,73.150,365.750,210001564
8b1babe5-9e7c-bb6c-fc84-1bab7d51bcfe,dc1360e3-6b70-7fb2-3fcc-ef230133e1d0,MC10715,مجرى 50 سم *7 سم كروم,10,160.000,1600.000,310000797
923bbfcb-9671-8651-4686-1ec769e768c9,7735fa65-c608-fcda-deca-b8eb59a2b61d,ARSB80128,مخرج شطاف مع علاق مع محول كروم,5,95.000,475.000,210001034
6dbfb1bf-398e-43d7-c1c5-cc6b0b3ff473,b858d8b3-f018-008b-2d73-10719c09d922,EG30108,حوض مطبخ جرانيت أبيض محبب 80*50,5,417.100,2085.500,310000798
dbe4a426-7324-90a3-908b-3a523264bee3,b858d8b3-f018-008b-2d73-10719c09d922,EG30292,حوض مطبخ جرانيت رصاصي محبب  80*50,3,412.250,1236.750,310000799
e80792e8-eb7d-004a-a313-4796d50acdd2,8cf6fd27-84b9-f495-3a9a-fc010aca3969,CE10546,سخانة 80 لتر افقي,5,460.000,2300.000,310000582
f89ffcda-dce4-67a1-7e2e-ece1086a6ef1,c86c3564-b607-d31f-03d5-7b86f99069b2,ARSB80261,مصب دوش مع تحويلة أسود,6,125.000,750.000,310000800
d9ab6a06-9f8c-0022-3896-01134c223479,c86c3564-b607-d31f-03d5-7b86f99069b2,ARSB80716,شطاف ظغط مربع مع طوبو أسود,6,95.000,570.000,310000802
e0ead598-e2b9-3d3c-c27f-ba53cb4c5a0f,7ddaac02-52c0-82a9-f417-1d4418d2de8f,ARSB80717,"مسكر شطافة ""1/2"" * ""1/2 اسود",20,18.500,370.000,310000803
f32508a2-5e82-6f56-4d70-a3bedabe8202,9f8bead4-4c82-9afb-35aa-44cf0ee4385c,RD30243,حوض قدم اكريليك 90*90 زاوية بالجنب بالسيفوني,2,165.000,330.000,310000223
094bda75-6e88-2bfd-7d62-6bd2f0142711,a5f2ecfc-ad18-30cf-d510-d71dc7c37683,PE30353,زمالطو ضد الصدأ 3 كغ  اسود,4,39.900,159.600,210001569
ae61c9d3-418f-fb1f-89b9-17d5484915df,a5f2ecfc-ad18-30cf-d510-d71dc7c37683,PE30038,طلاء مائي عازل للرطوبة 5 كغ,2,44.650,89.300,210001571
b2a62ac2-a6cf-5168-b71c-89b34325ab2b,13cc1bd6-99cf-0119-7845-e8ec99e430ae,RA30010,"كوربة 4"" 45°",36,13.344,480.384,210001574
afb1c85f-a764-07c1-bbd7-3ee25a111563,13cc1bd6-99cf-0119-7845-e8ec99e430ae,PE30953,رولة طلاء 25 سم / 10,10,5.950,59.500,210001579
99efb990-9270-1ff6-9003-acffb2eec163,13cc1bd6-99cf-0119-7845-e8ec99e430ae,CC10323,صليبة بيضاء 1.5ملي,20,6.850,137.000,210001580
aba80541-02a7-d7b1-2bae-cb9b19045633,a95ee006-1e02-ae4b-6f84-8e122af2229a,PE30467,كولة رخام 750 مل كريمة,24,25.000,600.000,210001581
eba4be11-bae7-da20-4a4d-ec1c3be25121,a95ee006-1e02-ae4b-6f84-8e122af2229a,P30106,مضخة 1/2 حصان,3,200.000,600.000,210001582
4b66d8f3-d2a5-5088-37e1-a9ef85cd3727,a95ee006-1e02-ae4b-6f84-8e122af2229a,SI10176,سلكون  280 غرام شفاف,96,12.750,1224.000,210001583
59d59511-6435-e6b8-60d9-33149be46c0a,a95ee006-1e02-ae4b-6f84-8e122af2229a,PE30584,فوم 600 غرام,24,14.000,336.000,210001584
da0607c8-db04-d953-1a3c-0badf6fd6b95,a95ee006-1e02-ae4b-6f84-8e122af2229a,PE30093,ورق سنفرة قماش رقم 120,35,2.372,83.000,210001585
851bb87f-8a8c-66e8-9eb5-0864d63bde87,e075a1c8-2ee7-6ee1-5f4f-69193df97e17,AM40044,مراية دولاب حمام لد -80 سم,1,235.000,235.000,210000048
1d27237f-b08d-6ad9-0019-1f4c0d0df9d8,45d357a7-d75e-f112-e880-954002ac129b,ELC1113,"مثلث كهرباء 
",10,14.250,142.500,210001057
6eaf4dad-99eb-3ec9-7746-a125522637a6,a5f2ecfc-ad18-30cf-d510-d71dc7c37683,PE30017,زمالطو ضد الصدأ 3 كغ  رصاصي,4,39.900,159.600,210001568
8e2ffcd4-d9e7-70ab-54fe-2aacc16932e0,a95ee006-1e02-ae4b-6f84-8e122af2229a,PE30087,دلونتي 1لتر,12,2.917,35.000,210001591
1fbd1862-6beb-98d4-4c97-0152a3a5022b,a95ee006-1e02-ae4b-6f84-8e122af2229a,CC10471,لصقة فأر,12,1.500,18.000,210001592
e3b7724b-e225-ce97-88d4-3588861c71ca,a95ee006-1e02-ae4b-6f84-8e122af2229a,RA20325,كسكاس ريتي 32غاطس,12,31.500,378.000,210001594
d6a79299-fa54-13e7-4e09-13223a270441,a95ee006-1e02-ae4b-6f84-8e122af2229a,PA30059,متر 10م,6,15.500,93.000,210001595
f3e02570-0419-9bd6-5cb6-c37803149595,a95ee006-1e02-ae4b-6f84-8e122af2229a,PA30058,متر 7.5م,12,11.500,138.000,210001596
044907e2-2f3b-a6dc-6c93-700e62c8a6c8,a95ee006-1e02-ae4b-6f84-8e122af2229a,PA30057,متر 5م,12,8.500,102.000,210001597
55941cf8-2492-5824-542b-64e707c02fbb,a95ee006-1e02-ae4b-6f84-8e122af2229a,PE30096,موس فرش 18 مم,12,4.500,54.000,210001598
e72d53fa-34b3-fa74-c131-bfe4be1ceef0,7c22ad3c-bcf4-701e-f26a-4ab29a1f9e60,PA30613,تل ربط مجلفن (2 كغ),50,14.500,725.000,210001599
247e7005-83f4-ca99-1349-7c5d72cd0319,7c22ad3c-bcf4-701e-f26a-4ab29a1f9e60,CC10326,كولة  560غ,12,25.500,306.000,210001600
0c71cf59-7094-c446-db20-6a528c99908c,7c22ad3c-bcf4-701e-f26a-4ab29a1f9e60,EL50327,برتولامبه مقلد,24,1.900,45.600,210001602
3bca9c20-3ae4-1016-d48f-8c3bc4cfba19,7c22ad3c-bcf4-701e-f26a-4ab29a1f9e60,PA30528,مقص 250 مم,6,18.500,111.000,210001603
4eac76b9-daff-14d5-d5fd-d8d90478517a,7c22ad3c-bcf4-701e-f26a-4ab29a1f9e60,RO10328,حنفية 3/4,10,38.750,387.500,210001604
8a212607-2200-f9f2-c54a-cf9644eee2e4,2d9a9edc-c41b-7ac2-5cbe-fd9952d4a13c,APCI40229,"مطول ""1/2 * 10 مم كروم",50,4.950,247.500,210001073
5ca5acba-e266-2c7b-27e0-4b22d0cf7e8e,a95ee006-1e02-ae4b-6f84-8e122af2229a,PE30089,دلونتي 1لتر,20,10.000,200.000,210001590
9eee3f20-b141-ec46-e829-aa6f8b3d03c5,cf7f95f2-386c-0dc6-7169-367376fdf582,VS10707,حوض وجه معلق - يسار-60*30سم,2,330.000,660.000,310000841
c43a3699-45db-cec9-c3b2-4f315a7ee614,7c22ad3c-bcf4-701e-f26a-4ab29a1f9e60,CC10331,"متبت صليبة المتفوق 
",10,8.000,80.000,210001607
ae88d447-5051-79d9-7b3b-90a28add2985,7c22ad3c-bcf4-701e-f26a-4ab29a1f9e60,CC10332,صليبة بيضاء 2ملي,10,6.850,68.500,210001608
1e47b02a-1bad-7197-0c48-3b59c049010a,8173c2b9-37cb-219e-abb5-4b7723147b4b,PE30375,جبس العز 40كغ,50,13.000,650.000,210001492
8b796bbd-287d-187e-f239-e5fce13e8276,8173c2b9-37cb-219e-abb5-4b7723147b4b,PE30374,اسمنت ابيض 50كغ,30,37.000,1110.000,210001493
28a12f33-c7aa-3368-cb26-33c31449d6c7,e796c6ec-f4df-8496-a9cc-3915f986fa8b,RD30718,حوض قدم مستطيل زاوية يسار اكريليك 120*120,2,600.000,1200.000,310000810
743016b6-c7fe-7c61-c27c-3b68cda9efe7,687a57da-9f6f-e472-a916-92338c3d6276,ARSB80741,مصب دوش بدون تحويلة أسود,1,300.000,300.000,310000812
30668d48-650a-3ef1-6fdb-22121c7f68ff,ef18e518-2c3d-3238-bba6-581680a2c749,ATWC50313,صندوق طرد مدفون بتارية مع زر دائري 9 لتر,6,920.000,5520.000,210001610
b6794167-4c8e-9db0-d430-9e3cc2d81235,f65b37dc-4652-c4c1-2bc3-9d995bd2b758,ARSB80992,كسكاس دوش مربع 250*250 مم مع قصبة دهبي,3,535.000,1605.000,210001077
2b397448-44f2-6661-e84d-704e08e00e39,49777160-f00d-5fe4-bd85-9eba05693594,ML10000,خلاط حوض وجه كروم,6,425.000,2550.000,310001276
04a9916d-ee42-aacf-bf59-8acf0077ac99,f5e095ed-d77c-23aa-da91-4ebaaec164b8,ARSB80277,"مسكر شطافة ""1/2"" * ""1/2 كروم",30,23.500,705.000,310000813
f56f3165-7cd2-af96-2487-8eac8eca2f40,35deb681-c2df-4935-ab86-9af608a8369c,APCI40229,مطول 1/2 *10 سم كروم,50,4.950,247.500,310000815
c01e0d31-97fc-8e22-0c2c-3dbc8b3f15c1,7c22ad3c-bcf4-701e-f26a-4ab29a1f9e60,CC10330,صليبة بيضاء 2.5ملي,10,6.850,68.500,210001606
b251dee1-ea29-8f19-8bb4-12532ea3c252,62dff013-85c1-682b-c1bb-b8b97eac6c8a,PD20287,حاجز دوش 8 مم بالعلاقة المناشف 70 سم,6,365.000,2190.000,210001460
971b9caa-4908-8300-7c92-6ac61b6dac6f,62dff013-85c1-682b-c1bb-b8b97eac6c8a,PD20288,حاجز دوش 8 مم بالعلاقة المناشف100 سم,6,410.000,2460.000,210001461
15441f3a-90bc-a359-7e71-5d6533e2925a,35deb681-c2df-4935-ab86-9af608a8369c,PLSA0130,مطول 1/2*20 مم كروم,50,6.750,337.500,310000816
2e944350-4cb0-9592-8f21-56a1bba3fc7c,a119e65e-1369-9d4e-ea52-dbb7f55379a6,MC10413,سرفنتينة 15 سم * 15 سم كروم,30,66.000,1980.000,310000814
750b518d-5359-f622-be53-4157ffa5f4f3,62dff013-85c1-682b-c1bb-b8b97eac6c8a,PD20122,حاجز دوش 8 مم  مضبب190*100  سم,6,395.000,2370.000,210001459
aa0f5775-df45-5059-ce26-f442343f42cf,13cc1bd6-99cf-0119-7845-e8ec99e430ae,RA30009,"كوربة 4"" 87.5°",56,14.304,801.024,210001575
220d9190-c7ad-1bcc-b3f7-dc3c6cd55a04,13cc1bd6-99cf-0119-7845-e8ec99e430ae,RA30011,"كوربة 3"" 45°",40,8.448,337.920,210001576
9a30c7c7-8d90-6830-00d5-2140a9fd800f,13cc1bd6-99cf-0119-7845-e8ec99e430ae,RA20037,مواسير 32'' 4 متر,20,35.750,715.000,210001577
91d13c87-eaaf-991e-b1b0-47bbaeda6011,13cc1bd6-99cf-0119-7845-e8ec99e430ae,PE30332,رولة كروسة 10 سم مع فرشة,12,3.600,43.200,210001578
53038088-2d27-405e-b554-9b5e8e5fa7c0,7ea78a1c-fe4e-7f55-5342-d0f933aeb5bd,VS10119,حوض وجه معلق -80 سم,3,363.750,1091.250,210001617
485c2d68-0f8c-5aa5-a321-8fb65a97ddec,62a6ffde-eb72-ab2a-ae5d-3d281701841b,PE30989,طلاء مائي داخلي 10 كغ أبيض ربع لمعه,10,193.000,1930.000,210001644
281017b6-844d-450c-d17c-cfc5687451f8,b281fc1e-ed7c-713b-0dba-fd5addef2747,CC10365,كولة فواصل 032,5,36.000,180.000,210001649
97c2976c-f9b3-bea8-eba2-4607dc57ca27,b281fc1e-ed7c-713b-0dba-fd5addef2747,CC10366,كولة فواصل 033,5,36.000,180.000,210001650
19321309-f318-9960-03a7-d52ba8ab3e52,b281fc1e-ed7c-713b-0dba-fd5addef2747,CC10367,كولة فواصل 003,5,36.000,180.000,210001651
fd9bf2d2-e5ef-03e4-6277-118a6d3fe55e,b281fc1e-ed7c-713b-0dba-fd5addef2747,CC10368,كولة فواصل 007,5,36.000,180.000,210001652
2d79289c-06af-8852-ba62-3c84c2eb86f7,b281fc1e-ed7c-713b-0dba-fd5addef2747,CC10369,كولة فواصل 018,5,36.000,180.000,210001653
d8d0a9e1-e87b-be70-5d6a-e2802ac09bbb,b281fc1e-ed7c-713b-0dba-fd5addef2747,CC10370,كولة فواصل 001,5,36.000,180.000,210001654
b764a58a-2084-6fff-8108-040af324672e,b281fc1e-ed7c-713b-0dba-fd5addef2747,PE30789,برايمر كالي 5كجم,2,100.000,200.000,210001655
c0c2b118-81da-4140-0d64-4a43c065e160,1d160243-f093-b6ac-d17b-75dab6fa63ce,PE30032,استوك 20 كغ,20,58.560,1171.200,210001656
fde89a92-ca92-b496-9400-cba90a8fdc5e,6a816caf-64bc-984a-6aa1-021373476d1e,ARSB80736,كسكاس دوش دائري 250 مم ذهبي,6,55.000,330.000,310000850
e526a167-f4c7-196b-7576-fd610736d6d3,a119e65e-1369-9d4e-ea52-dbb7f55379a6,RFP1720,"فسيبلي "" 1/2 أنثى * ""1/2 أنثى 20سم",10,8.000,80.000,310000817
fedf1b96-9e11-66b8-ff65-2c6f5d46c7f2,8ae35739-cfbb-4b01-3bc7-fb7d2a644149,MT30522,خلاط شطاف كروم,5,52.000,260.000,310000819
246a9600-0b63-55d7-1be8-687768dc0364,b281fc1e-ed7c-713b-0dba-fd5addef2747,CC10363,كولة فواصل 039,5,36.000,180.000,210001647
b70459d9-70b5-9ee8-3147-5044dc868f2c,77eb82a9-87af-de4e-9f2e-8c09168c3159,ART0005,مصب دوش مع تحويلة كروم,5,275.000,1375.000,210001094
10eda204-63fd-4913-89c8-1505b75e8d84,d34ca263-d98f-957d-0260-97069fa8796d,ML30814,مرايا حمام مع إضاءة لد85*70 سم,5,130.000,650.000,310001385
302bf4c0-9c11-fb75-4b13-b0b2f5302682,8ae35739-cfbb-4b01-3bc7-fb7d2a644149,ARSB80464,كسكاس دوش مربع 300*300 مم كروم,10,48.000,480.000,310000821
39b15e45-cbe9-52e3-303f-0dfc5fa4f616,8ae35739-cfbb-4b01-3bc7-fb7d2a644149,ARSB80465,كسكاس دوش مربع 250*250 مم كروم,10,38.000,380.000,310000822
826700a0-6100-b6b2-f17f-50713c2cbbba,8ae35739-cfbb-4b01-3bc7-fb7d2a644149,ARSB80466,قصبة دوش مربعة 40 سم كروم,20,24.000,480.000,310000823
e96dc82a-29d1-c47e-5300-68d10b47f9bb,8ae35739-cfbb-4b01-3bc7-fb7d2a644149,EL10386,حوض مطبخ ستانلس ستيل   304 65 * 45 سم,5,460.000,2300.000,310000824
aa20661d-3634-d287-90c9-540ba6a567b9,8ae35739-cfbb-4b01-3bc7-fb7d2a644149,EL10137,حوض مطبخ ستانلس ستيل   304 70 * 45 سم,4,480.000,1920.000,310000825
52ecf896-2297-0491-44ca-ebbe7d51e763,8ae35739-cfbb-4b01-3bc7-fb7d2a644149,EL10006,حوض مطبخ ستانلس ستيل AS248 50*81,4,530.000,2120.000,310000826
9f0b8c85-9fb8-a6ba-3a18-d66022ff0819,8ae35739-cfbb-4b01-3bc7-fb7d2a644149,EL10721,حوض مطبخ ستانلس ستيل   304 أسود  65 * 45 سم,4,480.000,1920.000,310000828
1ffbf013-60ee-9c59-193d-e6e1ec116f8b,8ae35739-cfbb-4b01-3bc7-fb7d2a644149,ARSB80722,كسكاس دوش دائري 300 مم كروم,10,48.000,480.000,310000829
0ade8f03-209e-0122-6e74-e9836a9fe171,99b70c72-5d15-6c7b-f85b-26fff822c04b,ARSB80662,مخرج شطاف مع علاق كروم,49,40.000,1960.000,310000736
b6da16cd-3a0f-4a20-3e4a-cbc5b70f0eca,49777160-f00d-5fe4-bd85-9eba05693594,ARSB80598,قصبة دوش مربعة 40 سم كروم,10,145.000,1450.000,310001271
78df4ba2-71b9-5b5b-599b-9cca6a89fc3d,8ae35739-cfbb-4b01-3bc7-fb7d2a644149,ARSB80723,كسكاس دوش دائري 250 مم كروم,10,38.000,380.000,310000830
b6f4803c-c674-bd2c-b564-ca2f860d0775,8ae35739-cfbb-4b01-3bc7-fb7d2a644149,ARSB80724,قصبة دوش دائري 40 سم كروم,20,23.000,460.000,310000831
50deb880-9312-8cee-1075-ea77e420fb45,5fabe345-7139-f22a-420b-bbbfdbd27d5e,PLSA0132,وردة كروم,50,2.950,147.500,210001098
8e915962-4de1-c2f8-72ad-b1e70fe51f4c,116db6a6-2a41-dd26-a259-4aadcbf7c6b3,RA20582,"مخفض قومه 1.5"" * 1.25",50,2.950,147.500,210001658
fd904678-9e8f-6c13-da0d-e041991ec4bb,fc8a7aec-d579-c436-20f7-bddfbe56c845,RA30096,كلبس كاو رقم 10,10,0.850,8.500,210000197
2066320b-da45-6616-c051-804201f1de53,7ba7a264-073e-0284-9b5f-dd4e4cb1e8e6,ARSB80787,وجه خلاط دوش مدفون كروم,3,175.000,525.000,310000805
be806dc8-4d58-8767-7b75-239bdbdbda60,7ba7a264-073e-0284-9b5f-dd4e4cb1e8e6,ARSB80790,وجه خلاط شطاف مدفون اسود,4,150.000,600.000,310000806
1e5ea187-7e34-c25e-c62d-c4a7413712ed,7ba7a264-073e-0284-9b5f-dd4e4cb1e8e6,ATWC50205,زر بتريا كروم,2,120.000,240.000,310000807
e6c9e2b9-5ccf-24d3-d35f-d24205f5c1d8,7ba7a264-073e-0284-9b5f-dd4e4cb1e8e6,ATWC50201,زر بتريا اسود,4,180.000,720.000,310000808
41c5ae97-a0b8-a102-4a4d-66bf25605adf,7ba7a264-073e-0284-9b5f-dd4e4cb1e8e6,ARSB80791,وجه خلاط شطاف مدفون كروم,2,155.000,310.000,310000809
9406440a-9374-41de-1378-3d3570bfcc3b,e857f38b-796b-46c2-23d9-3118377fe8b3,EG30248,حوض مطبخ جرانيت أبيض محبب 70*50,3,290.000,870.000,310000832
6bb5dc49-da2c-b950-5414-c8f71950b44d,6446ade4-3be5-953c-1500-2407ec671fb1,PS20490,علاقة مناشف زوجية بالعلاقة كروم,6,69.000,414.000,310000583
006036d1-4452-a418-8b10-33da1e15cfe4,6446ade4-3be5-953c-1500-2407ec671fb1,PS20547,علاقة مناشف زوجية كروم,6,15.000,90.000,310000584
ff1bf58b-b53d-0996-9ce1-d7dc89920e32,536ae362-3908-d678-4e4d-0b4d31177c89,ML30221,مرايا حمام مع إضاءة لد 80*60 سم,5,120.000,600.000,210001465
cbd701b7-5123-b3f6-e521-de22608a3802,e857f38b-796b-46c2-23d9-3118377fe8b3,EG30247,حوض مطبخ جرانيت رصاصي محبب 70*50,3,290.000,870.000,310000833
324b6ad7-ba6b-4e4f-431c-3663aee6ef89,f19f07a3-fc82-ff6c-1010-ac333c2a3f80,PE30996,قطرامينة 15ك مائية سطل بلاستك,10,53.200,532.000,210001464
2a7eb2f8-66a3-bde6-e81a-c04ee0c85ad1,5562538f-0919-4904-d310-c833633b5903,WS10114,مقعد معلق رايملس أبيض,5,843.900,4219.500,210001466
9daa7343-5455-fd2a-eeb6-6446404c0fd6,e9396df8-1234-d7b0-39db-cf54d15ed552,ATWC50182,زر بتريا ذهبي,3,135.000,405.000,210001468
46c86058-6861-1851-0076-1a68cfc157f6,99b70c72-5d15-6c7b-f85b-26fff822c04b,ARSB80660,مخرج شطاف مع علاق كروم,50,25.000,1250.000,310000734
7f123e28-2ea8-8569-a360-c4c19fb1de9c,a188d005-3352-34bb-4da2-142956ed2ca2,PA30057,متر 5م,24,6.500,156.000,210001109
1f66c517-b22d-a4c7-d1b0-cf8a6075026c,e857f38b-796b-46c2-23d9-3118377fe8b3,EG30252,حوض مطبخ جرانيت أسود  80*50,2,415.000,830.000,310000834
d7923b9d-2547-f762-6bfe-8ed555a78070,e857f38b-796b-46c2-23d9-3118377fe8b3,EG30253,حوض مطبخ جرانيت رصاصي محبب 80*50,2,340.000,680.000,310000835
b9d91b2a-db97-6afb-c780-1b6d6fa1849f,89a7ed45-c2e7-d934-350e-3254c32b4f3d,EG30292,حوض مطبخ جرانيت رصاصي محبب  80*50,2,412.270,824.540,310000635
232c050e-a5b2-76b9-b20c-8fb83c23645a,89a7ed45-c2e7-d934-350e-3254c32b4f3d,EG30108,حوض مطبخ جرانيت أبيض محبب 80*50,2,417.130,834.260,310000636
e39f3a94-761d-dd1a-8c5b-5a23aade77e4,68bb83c0-2170-a897-cb69-e0fd1b746cfb,RD30678,حوض قدم مستطيل شريحة 100*80سم,1,775.000,775.000,310000687
4b1c9808-d54e-fb43-f32e-5d5ef8d3de40,771407fd-4ac8-86fb-8189-d7fe5349fc54,MDE50291,مطول خلاط دوش مدفون,2,205.000,410.000,310000691
092d38a5-d0c8-eba6-3503-ffb9202dbdab,461f64e3-26ba-92dc-9e94-703a8cbdb9b9,WP20588,مقعد أرضي ملحوم أبيض رخامي,30,515.000,15450.000,310000750
b5c4ee29-1899-fa24-fbb1-f388565b120c,49777160-f00d-5fe4-bd85-9eba05693594,ML10001,خلاط حوض وجه كروم,6,425.000,2550.000,310001277
843c6579-3a96-f924-400b-272966d59c20,b3f3ef3b-fd44-1f21-2e81-c60b6fc15054,EG30252,حوض مطبخ جرانيت أسود  80*50,4,412.500,1650.000,210001488
40d11d85-500c-dd26-49df-5fef126195b7,1b67b8e0-b4e9-dcf6-3646-657265a60d6f,AASB30043,رف زجاجي كروم,6,73.000,438.000,310001004
e0cf2a83-5f45-979e-61d7-c68fcf431d8a,1a4407bb-6fba-d7a2-30d7-e835a4629cf2,ATWC50231,مثبت صندوق بتارية مقعد أرضي,10,3.450,34.500,210001494
a6dab6c2-ba3e-dd3d-df3f-5eaffe5247b6,4d086231-ea81-e002-fa66-e38b1cc002d2,AASB30301,فرشة مرحاض كروم,5,73.000,365.000,210001503
751b78fe-53ac-2b4b-41e0-46a351170e7e,655f45a7-d35e-87e3-fa91-981fa16c6bfe,ATWC50314,صندوق طرد مدفون بتارية مع زر مربع 9 لتر,2,860.000,1720.000,210001526
e121c36d-a967-de3f-c9c7-f4428266c06d,a95ee006-1e02-ae4b-6f84-8e122af2229a,P30268,عوامة كهربائية 1 متر,12,38.000,456.000,210001593
d3186ab3-cd9b-8fd2-3de7-b6f08a254280,7c22ad3c-bcf4-701e-f26a-4ab29a1f9e60,CC10342,كولة  180غ,12,9.500,114.000,210001601
ee926063-7f48-2f79-2d2b-193e00878e95,99b70c72-5d15-6c7b-f85b-26fff822c04b,MT30628,خلاط شطاف مع شطاف 15 سم كروم,20,120.000,2400.000,310000704
a7092ba1-9ffa-27ae-c2d6-bde0a657dbd4,d6a8fd53-5d9d-2577-372c-ab66b6157630,AM0333,دولاب حمام 80 سم أبيض,3,230.000,690.000,210001618
555b2a24-6a4a-96af-8d4d-9edb4cb9c3fb,d6a8fd53-5d9d-2577-372c-ab66b6157630,AM0334,حوض وجه  دولاب حمام -80 سم,3,300.000,900.000,210001619
817503d2-7ba7-0de4-f7d6-830bfca190d6,d6a8fd53-5d9d-2577-372c-ab66b6157630,AB10336,خزانة حمام أبيض,3,280.000,840.000,210001620
695cf52b-5472-712d-2fff-bc743c882323,d6a8fd53-5d9d-2577-372c-ab66b6157630,AM40335,مراية دولاب حمام -80 سم,3,175.000,525.000,210001621
b8c9ff8e-2322-ac56-f855-36c5edb1a15d,d6a8fd53-5d9d-2577-372c-ab66b6157630,AM0338,دولاب حمام 80 سم أبيض,3,230.000,690.000,210001622
1a9b7f3a-da91-ec78-17d0-40b2cf48e0de,d6a8fd53-5d9d-2577-372c-ab66b6157630,AM0339,حوض وجه  دولاب حمام -80 سم,3,300.000,900.000,210001623
64191399-d651-7732-ea34-159f198d5fd4,d6a8fd53-5d9d-2577-372c-ab66b6157630,AM40340,مراية دولاب حمام -80 سم,3,175.000,525.000,210001624
1a82e9dd-a0e4-e4a8-dd1b-0995403b62c7,d6a8fd53-5d9d-2577-372c-ab66b6157630,AB10341,خزانة حمام أبيض,3,280.000,840.000,210001625
d41743c9-3f45-f084-f41e-8de2078b2ad0,ff156715-a0b4-2efc-4bed-07b337fd19f9,EL10136,حوض مطبخ ستانلس ستيل   304 60 * 45 سم,4,410.000,1640.000,210001125
099a9e7d-0f1d-36b8-6f59-25359082d974,1b67b8e0-b4e9-dcf6-3646-657265a60d6f,AASB30044,رف زجاجي كروم,6,72.000,432.000,310001005
62d29883-9dd1-5858-4240-496c380d870d,1b67b8e0-b4e9-dcf6-3646-657265a60d6f,ML10017,خلاط حوض وجه كروم,20,169.000,3380.000,310001006
b2fe907d-12aa-fe04-3cf9-b51b87a26cf8,13cc1bd6-99cf-0119-7845-e8ec99e430ae,RA30026,"واي 4"" 45°",16,29.760,476.160,210001573
3ab61dd6-bab9-0039-b9d7-8562a43fa5bc,99b70c72-5d15-6c7b-f85b-26fff822c04b,MC10632,سرفنتينة 15 سم * 15 سم مع مانع رائحة كروم,100,30.000,3000.000,310000708
0aa4f693-f95e-0882-2938-07fc514eeede,461f64e3-26ba-92dc-9e94-703a8cbdb9b9,WS10590,مقعد معلق رايملس رصاصي,20,570.000,11400.000,310000753
7d65b824-e2a2-ed03-50d2-6cf4d9a40198,461f64e3-26ba-92dc-9e94-703a8cbdb9b9,ML30602,مرايا حمام مع إضاءة لد مع اطار أسود 90*70 سم,30,125.000,3750.000,310000761
3f563d10-df1e-8d01-be9c-ac989622476e,461f64e3-26ba-92dc-9e94-703a8cbdb9b9,ML30604,مرايا حمام مع إضاءة لد 80*60سم,30,105.000,3150.000,310000762
08cef7f3-2501-c7ca-9df8-22a4a06aa13a,d6a8fd53-5d9d-2577-372c-ab66b6157630,AM0348,دولاب حمام 80 سم أبيض,3,230.000,690.000,210001630
d9573d3b-9728-1861-b5ef-66512ee09ac5,d6a8fd53-5d9d-2577-372c-ab66b6157630,AM0349,حوض وجه  دولاب حمام -80 سم,3,300.000,900.000,210001631
5a37ef2f-1284-f031-9dd8-737ddd325e63,d6a8fd53-5d9d-2577-372c-ab66b6157630,AB10350,خزانة حمام أبيض,3,280.000,840.000,210001632
b7583383-0b8d-4710-accd-ccb45c7ac5be,d6a8fd53-5d9d-2577-372c-ab66b6157630,AM40351,مراية دولاب حمام -80 سم,3,175.000,525.000,210001633
253bfe64-fd63-cf43-98d0-676d4eefa97c,d6a8fd53-5d9d-2577-372c-ab66b6157630,AM0353,دولاب حمام 80 سم أبيض,3,230.000,690.000,210001634
9bec213c-3f74-49ec-296c-82d17d32d91b,d6a8fd53-5d9d-2577-372c-ab66b6157630,AM0354,حوض وجه  دولاب حمام -80 سم,3,300.000,900.000,210001635
0ee5f734-f45c-1cff-abdf-464fb87b22b2,d6a8fd53-5d9d-2577-372c-ab66b6157630,AB10355,خزانة حمام أبيض,3,280.000,840.000,210001636
26db3d88-b094-9fab-c643-c4522e8aa737,d6a8fd53-5d9d-2577-372c-ab66b6157630,AM40356,مراية دولاب حمام -80 سم,3,175.000,525.000,210001637
fbc80b27-a418-8f90-1907-2ac2e14c0992,d6a8fd53-5d9d-2577-372c-ab66b6157630,AM0358,دولاب حمام 80 سم أبيض,3,230.000,690.000,210001638
a0cbd332-77ea-2025-5683-d49b33134f45,99e73c3b-c5d5-29c1-913b-e77f35217c7a,EL10143,حوض مطبخ ستانلس ستيل   70*45  أسود,3,159.500,478.500,210001147
ed764092-e8b7-5f68-f5d3-cdec9e7cd3e4,d6a8fd53-5d9d-2577-372c-ab66b6157630,AB10346,خزانة حمام أبيض,3,280.000,840.000,210001629
bc0884a6-0819-169d-dd97-2e7d301f8676,99b70c72-5d15-6c7b-f85b-26fff822c04b,ARSB80639,"مسكر شطافة ""1/2"" * ""1/2 كروم",101,14.000,1414.000,310000714
a99edba9-9720-0f1f-7d12-c42d23db7174,56d796f6-25cb-93a2-f6ac-ee38ad7a2622,CE10265,سخانة 80 لتر,6,650.000,3900.000,210001642
d1ee8bde-2c5b-8470-1b23-27ae121ebb26,49777160-f00d-5fe4-bd85-9eba05693594,ML10766,خلاط حوض وجه كروم,6,420.000,2520.000,310001278
a2449cd3-5235-2713-7077-fe2f9c2396f0,b405f941-ef5d-03c6-19dd-2e8390821a93,MC10446,مجرى 40 سم *8 سم كروم,10,215.000,2150.000,310001288
5dffe4dc-9cc0-e5cb-431d-75b5232079c0,56d796f6-25cb-93a2-f6ac-ee38ad7a2622,CE10264,سخانة 50 لتر,2,600.000,1200.000,210001643
172f0e58-c8b3-c9cc-d134-6c4e0c6059ab,b281fc1e-ed7c-713b-0dba-fd5addef2747,CC10364,كولة فواصل 024,5,36.000,180.000,210001648
e7ee0aac-b462-f8be-7cfb-debf459aa278,abaceb63-46cd-fa7d-2e94-4a1e23e52957,ATWC50372,زر بتريا ذهبي,3,95.000,285.000,210001661
7e673ebc-82b5-a81c-94e3-96a73398a418,abaceb63-46cd-fa7d-2e94-4a1e23e52957,ALVM50240,مثبت حوض الوجه,20,3.250,65.000,210001662
fc28a1de-4a6f-bfc2-50cd-06247db3ae51,7d39b598-ca02-5dc8-27f4-268e29d35698,RFP1754,"فسيبلي "" 1/2 أنثى * ""1/2 أنثى 50سم",20,14.000,280.000,210001663
bfbcda74-8a1d-bd8c-d258-5a973454dc5f,7d39b598-ca02-5dc8-27f4-268e29d35698,RFP1373,"فسيبلي "" 1/2 أنثى * ""1/2 أنثى 60سم",20,14.500,290.000,210001664
fbd69cf5-acee-60bb-9e16-23cb525c6f66,7d39b598-ca02-5dc8-27f4-268e29d35698,RFP1374,"فسيبلي "" 1/2 أنثى * ""1/2 أنثى 30سم",10,10.750,107.500,210001665
0717a3ac-81f0-fb4b-9a72-192ef9ade01e,7d39b598-ca02-5dc8-27f4-268e29d35698,RFP1375,"فسيبلي "" 1/2 ذكر * ""1/2 أنثى 50سم",20,9.250,185.000,210001666
099ba529-cdb6-d389-0157-e190c7fa9c96,99e73c3b-c5d5-29c1-913b-e77f35217c7a,PS20765,علاقة ملابس ثلاثية دوران بدون قصبة,6,78.000,468.000,210001161
d5abbcba-2974-d08d-8efb-898a9e92e73a,d6a8fd53-5d9d-2577-372c-ab66b6157630,AB10360,خزانة حمام أبيض,3,280.000,840.000,210001640
c1adb4d8-0462-f657-818d-3214272e8812,d6a8fd53-5d9d-2577-372c-ab66b6157630,AM40361,مراية دولاب حمام -80 سم,3,175.000,525.000,210001641
90a86d21-e728-c42a-b78b-969d1c79b61c,99b70c72-5d15-6c7b-f85b-26fff822c04b,MC10652,سرفنتينة 15 سم * 15 سم كروم,120,45.000,5400.000,310000726
46efaef7-c44b-2121-4284-6d6bc11db6b2,7d39b598-ca02-5dc8-27f4-268e29d35698,PLSA0131,"مطول ""1/2* 30 مم كروم",20,7.500,150.000,210001670
3307955e-bec0-e7b1-6b28-9cdeed9286ef,17770acb-38d6-9227-11ee-42b6c433b30f,ACE20379,قرسيوني راس سخانة فلتي,20,0.650,13.000,210001682
4ba70881-829c-0582-0e52-716de5bc3593,99e73c3b-c5d5-29c1-913b-e77f35217c7a,SA10163,طقم اكسسوار ذهبي,2,125.000,250.000,210001172
79931947-4484-a55b-1ee3-6c8ce7f466f4,7d39b598-ca02-5dc8-27f4-268e29d35698,PLSA0129,"مطول ""1/2 * 25 مم كروم",20,6.750,135.000,210001669
daeceec5-d0ee-0822-ac8e-03293a529e23,7d39b598-ca02-5dc8-27f4-268e29d35698,ATWC50246,رجسترو مقعد أرضي مائل 3 سم,10,7.500,75.000,210001671
998cf2ff-ee39-12a1-b3fe-9eb251583ff4,7d39b598-ca02-5dc8-27f4-268e29d35698,ARSB80777,سماعة دوش مع طوبو كروم,12,45.000,540.000,210001672
9138619d-d3d6-0acd-9dba-ec960e6e0c01,7d39b598-ca02-5dc8-27f4-268e29d35698,RFP1376,"فسيبلي "" 1/2 أنثى * ""1/2 أنثى 40سم",50,12.500,625.000,210001673
7d174f81-5d6b-d8bc-4a29-02e19bbcedde,6060cd4f-dfbc-30ee-e4a6-44f84ebd0b20,SI10136,سلكون  280 غرام شفاف التاج,48,6.459,310.001,210001674
00b50469-a670-af3c-ca81-4e6703af6401,02c2010b-7d5d-8a82-e862-f9d024c53285,ARSB80277,"مسكر شطافة ""1/2"" * ""1/2 كروم",50,23.500,1175.000,210001675
03c6b0ed-21af-d0dc-ed36-87074ca6a7b1,3481c1f9-3748-0f11-abd2-bd8cba15e30d,PLSA0234,"نبلس ""1/2 * ""1/2 كروم",50,3.800,190.000,210001676
6516ce04-cd4d-c33e-00d2-494e1a5b54e6,fd2d9858-435e-76b5-7d80-c50833b5c526,ARSB80377,مخرج شطاف مع علاق كروم,6,95.000,570.000,210001678
5890e594-6e74-6df1-c79e-8f1f492e6ef2,fd2d9858-435e-76b5-7d80-c50833b5c526,ARSB80348,مخرج شطاف مع علاق كروم,6,85.000,510.000,210001679
2e11e660-4ebf-3b1a-cef3-d9a649d1055e,17770acb-38d6-9227-11ee-42b6c433b30f,PLSA0420,"مخفض طاسة ""1/2 ""3/8 كروم",20,6.250,125.000,210001680
27662eae-43a1-b6eb-16a9-95cede4551c9,17770acb-38d6-9227-11ee-42b6c433b30f,AETS20378,تفلون سائل 15ml,6,6.900,41.400,210001681
813cf887-30f6-ff6e-cb8d-09a2b4f60f34,ec07373c-97de-a500-1c50-41e36736eee5,P30384,مضخةرش مبيد حشري 2لتر,5,11.750,58.750,210001687
d823e52a-01a1-7d14-0b4c-95713458518d,99b70c72-5d15-6c7b-f85b-26fff822c04b,MC10653,سرفنتينة 15 سم * 15 سم أسود,40,50.000,2000.000,310000727
5aab690d-6dcc-8360-ac10-3ad32731112d,ec07373c-97de-a500-1c50-41e36736eee5,RE10385,حنفية فردية حائط بلاستك,10,6.600,66.000,210001688
4991555a-a416-4778-1ce0-719264098517,ec07373c-97de-a500-1c50-41e36736eee5,RE10386,حنفية فردية حوض بلاستك,10,6.600,66.000,210001689
7c330d77-999e-b15e-64ff-5a7587ce4168,ec07373c-97de-a500-1c50-41e36736eee5,ATWC50387,مثبت مقعد جانبي بلاستك,20,5.750,115.000,210001690
cd5f64b3-cf6a-e96a-1e49-e4475855e331,ec07373c-97de-a500-1c50-41e36736eee5,ATWC50388,وصلة بتارية مدفونة 22 سم,6,21.500,129.000,210001691
dcb91072-2f8b-9355-e699-13f6a3ac804c,ec07373c-97de-a500-1c50-41e36736eee5,ATWC50167,وصلة بتارية مدفونة 35 سم,10,24.500,245.000,210001692
1e777037-4f83-ba23-4d1d-6362590ebe75,ec07373c-97de-a500-1c50-41e36736eee5,SI10389,سلكون  280 غرام أبيض,24,9.167,220.008,210001693
d22ee645-1cfa-e8dd-9560-1d7541b297b6,ec07373c-97de-a500-1c50-41e36736eee5,SI10390,سلكون  280 غرام شفاف,24,8.958,215.001,210001694
7ed9a988-bec1-ae77-280e-d2b4bfa521a2,ec07373c-97de-a500-1c50-41e36736eee5,AECU50391,سيفون حوض المطبخ رأس كبير,15,35.750,536.250,210001695
d7f03329-0a50-c5c2-0917-b4d3eb93df08,ccdb6e2c-0df6-93fe-b491-fbef6e313259,PE30789,برايمر كالي 5كجم,5,100.000,500.000,210001696
1b6eaac3-8bea-c3cc-d01e-3d6740a84dd9,dc3af3f0-a990-c6fa-a868-7148a0c4c0cd,ARSB80469,سماعة دوش مع طوبو ذهبي,5,139.000,695.000,210001185
e268d7cc-a541-ab46-410e-2b7d04a232e6,b405f941-ef5d-03c6-19dd-2e8390821a93,MC10770,مجرى 50 سم *8 سم كروم,10,265.000,2650.000,310001289
c3cba58e-fd6e-4b33-c517-b602eedd8bda,2f91655d-e4ba-4ec3-83c1-207803f78b4e,AASB30032,موزع صابون سائل كروم,2,25.000,50.000,310001291
f78524b8-4dc3-ef1c-54f9-12edaa79bf67,17770acb-38d6-9227-11ee-42b6c433b30f,RO10383,مسكر زاوية  ''1/2 * ''1/2 كروم,12,28.000,336.000,210001686
bed6261b-d132-2256-7888-bd39855fb007,1054fbd0-3bf2-97b5-65d9-0fb4d911867e,ML10898,خلاط حوض وجه كروم,12,88.000,1056.000,310001105
b40dfc36-cfbd-702c-5078-7c0029364c96,dfb089b6-d9e4-7cc8-7afc-0003f03b8f52,EL10020,حوض مطبخ ستانلس ستيل   304 86 * 45 سم,6,560.000,3360.000,310000575
39b8d9bc-7f32-6c02-76d0-e82168373a25,5c3c5ccf-fccf-53ea-638f-60d665808469,EG40173,رف حوض وجه برسلين 80 سم,8,180.000,1440.000,210001206
8c446c8e-f819-d09d-6cc7-d4d656b473ab,7ba7a264-073e-0284-9b5f-dd4e4cb1e8e6,ARSB80788,وجه خلاط دوش مدفون اسود,4,175.000,700.000,310000804
ace1c583-70e9-b12d-4ca9-b6d4f7343a75,f9833bdd-a6c7-b01a-76d8-0151281e194b,ML30834,مرايا حمام ضد البخار مع إضاءة لد 60*80 سم,32,105.000,3360.000,310000999
a6a375b6-04eb-7e22-97aa-e5b20337d8eb,c1547c61-5d0e-3500-2b9a-5b2755a75feb,FAB0559,تصنيع حوض مع قاعدة برسلين,4,1350.000,5400.000,310000843
438311bf-ec54-5695-d3f8-d8314b963692,6a816caf-64bc-984a-6aa1-021373476d1e,VS10737,حوض وجه معلق -80 سم,6,270.000,1620.000,310000851
9dd89a38-3913-7eda-06ea-ddd88bb90071,d089685e-f5cd-33d9-4275-516c5d926a95,PE30193,لصقة طلاء 45 مم,36,2.361,85.000,210001700
41aa4610-4f65-3966-8dc3-39d20f5c2ce0,d089685e-f5cd-33d9-4275-516c5d926a95,PLSA0392,منكوطي املس 3/4,20,1.750,35.000,210001701
01d49b30-283f-93f5-2ed7-37a482a4e6dd,d089685e-f5cd-33d9-4275-516c5d926a95,PLSA0393,منكوطي املس1,20,2.300,46.000,210001702
4e11cc25-4313-56fa-fb2b-e9a8119e09c7,d089685e-f5cd-33d9-4275-516c5d926a95,PLSA0394,كوربة حديد 3/4,20,2.600,52.000,210001703
98d464d6-962b-5edc-8d26-b91763df07f0,d089685e-f5cd-33d9-4275-516c5d926a95,PLSA0395,كوربة حديد1,20,3.150,63.000,210001704
16aad673-8c43-f2f3-0d16-d0329652129a,1054fbd0-3bf2-97b5-65d9-0fb4d911867e,ALVM50031,سيفون حوض الوجه كروم,24,75.000,1800.000,310001165
98a913b7-56b1-603e-4737-01b7787094a9,1054fbd0-3bf2-97b5-65d9-0fb4d911867e,CD40761,مسطرة دوش زوجية كروم,6,175.000,1050.000,310001206
9a34278b-c28b-bbab-2991-4e8d351b97cf,1054fbd0-3bf2-97b5-65d9-0fb4d911867e,MD20246,خلاط دوش أسود,12,105.000,1260.000,310001089
103d70bf-5c82-2e65-fd2e-613d8356d4e0,fc1d12db-ea07-a1cd-d96a-f85f2e8d58bc,PLSA0443,مطول 1/2*50 مم كروم,10,13.500,135.000,310001301
f14f8b7c-0357-4544-31bf-89e8e7fc34ed,5c3c5ccf-fccf-53ea-638f-60d665808469,EG40190,رف حوض وجه برسلين 80 سم,2,150.000,300.000,210001222
bc6070e3-c2c5-7e74-344b-34dec138ee76,461f64e3-26ba-92dc-9e94-703a8cbdb9b9,WA40589,غطاء مقعد رايملس أبيض,21,60.000,1260.000,310000752
f50f6581-02da-9423-905c-e8eda73423b4,a4439e7c-03a5-8bb0-39d3-a932babbb998,ME10573,خلاط حوض المطبخ شجرة كروم,12,305.000,3660.000,310001022
d8d7b0b7-9fdb-8941-efa8-031de7e08744,a4439e7c-03a5-8bb0-39d3-a932babbb998,MT30243,خلاط شطاف كروم,11,198.000,2178.000,310001023
b0993b2e-1a13-aaf9-5f84-a31c0f1b8295,a4439e7c-03a5-8bb0-39d3-a932babbb998,ARSB80298,سماعة دوش مع طوبو كروم,10,125.000,1250.000,310001024
e2357448-c8ef-3a34-71ec-0d9726fbaeeb,bf52baa0-8ddb-4130-1465-e3491789c289,WS10172,مقعد معلق رايملس أبيض,6,761.450,4568.700,210001709
d0dffb28-27ed-6790-cb82-f51a368edeab,bf52baa0-8ddb-4130-1465-e3491789c289,WS10171,مقعد معلق رايملس أبيض,4,679.000,2716.000,210001710
30aca1bb-24b7-a374-73c1-8fd795b873cc,efd2c0d5-6486-8c16-7b9a-890d734dacfc,SI10138,سلكون  280 غرام أبيض التاج,24,6.459,155.000,210001712
bc86990e-9bc6-62fe-6639-ea2076ccaf26,efd2c0d5-6486-8c16-7b9a-890d734dacfc,CE10546,سخانة 80 لتر افقية,5,510.000,2550.000,210001713
be0ea3ea-3976-ac84-44a1-5a2e59dfc929,efd2c0d5-6486-8c16-7b9a-890d734dacfc,ATWC50245,رجسترو مقعد أرضي مستقيم,10,6.500,65.000,210001714
c5a24d19-6fd4-22df-28df-7476e055c0af,fc1d12db-ea07-a1cd-d96a-f85f2e8d58bc,PLSA0773,"وصلة مخفض ""3/8 ذكر × ""1/2 انثى كروم",20,6.450,129.000,310001303
2e1d6362-72dd-915e-22d0-940700a39023,fc1d12db-ea07-a1cd-d96a-f85f2e8d58bc,PLSA0322,وردة كروم  1/2,40,6.750,270.000,310001304
0c652ed7-3725-aaaa-c240-217f1fb26994,fc1d12db-ea07-a1cd-d96a-f85f2e8d58bc,PLSA0236,"كوربة ذكر أنثى ""1/2 كروم",10,16.500,165.000,310001305
f3c45dd2-f417-b3e8-c35d-2a321c166d8a,1054fbd0-3bf2-97b5-65d9-0fb4d911867e,CD40912,مسطرة دوش زوجية كروم,6,160.000,960.000,310001208
2cbe695b-6bfc-c233-0dc0-42860b113f3b,56a3cae1-bd80-fae2-7e21-2e9d7e078999,ARSB80949,شطاف ظغط دائري مع طوبو كروم,10,77.000,770.000,210001723
62400900-95e9-bab2-4137-87311ccb65c7,56a3cae1-bd80-fae2-7e21-2e9d7e078999,ARSB80989,شطاف ظغط مجرح مع طوبو كروم,10,77.000,770.000,210001724
6c53609e-8f01-9570-476a-f57466eda86b,99b70c72-5d15-6c7b-f85b-26fff822c04b,AM40697,مراية دولاب حمام 80 سم,10,250.000,2500.000,310000765
80a399fc-3a6c-ec0f-c958-745ecad80758,56a3cae1-bd80-fae2-7e21-2e9d7e078999,ARSB88899,سماعة دوش مع طوبو كروم,10,103.000,1030.000,210001725
7e52aba6-0745-3565-7449-f7dba87b39be,efd2c0d5-6486-8c16-7b9a-890d734dacfc,PE30498,فرشة طلاء ايطالية رقم70,12,6.250,75.000,210001716
31297fb2-2df8-f16b-0fd0-da5429d6e51b,efd2c0d5-6486-8c16-7b9a-890d734dacfc,PE30499,فرشة طلاء ايطالية رقم60,12,5.750,69.000,210001717
5c6cf405-6588-87e2-c589-910854e99e93,fc1d12db-ea07-a1cd-d96a-f85f2e8d58bc,PLSA0241,مطول  15 مم كروم,40,6.650,266.000,310001306
8f319a1f-c927-6e84-322e-cce124b58dc6,8aa5b508-2ad0-9497-21d4-511782fa6c3b,WS10114,مقعد معلق رايملس أبيض,6,870.000,5220.000,210001225
a5a14742-9883-4a29-7c94-e450dd5fda06,56a3cae1-bd80-fae2-7e21-2e9d7e078999,ARSB80799,شطاف ظغط مربعة مع طوبو كروم معا مخرج شطافة,6,120.000,720.000,210001722
c8c38c45-66f7-5d8d-34ef-a288e1ab4d1b,56a3cae1-bd80-fae2-7e21-2e9d7e078999,ARSB87399,سماعة دوش مع طوبو كروم,10,84.000,840.000,210001726
4cb0fb7d-9f53-6ce7-2e23-6fcb34333125,56a3cae1-bd80-fae2-7e21-2e9d7e078999,ARSB87799,شطاف ظغط دائري مع طوبو كروم,10,79.000,790.000,210001727
21a6de24-b879-805a-52f3-98c3b4bd998a,56a3cae1-bd80-fae2-7e21-2e9d7e078999,ARSB80214,"مسكر شطافة ""1/2"" * ""1/2 كروم",60,28.000,1680.000,210001728
e2c5b2fd-449a-c803-79ce-a2dc4eb2f540,56a3cae1-bd80-fae2-7e21-2e9d7e078999,RO10294,حنفية غسالة  ''1/2 * ''3/4 كروم,20,25.500,510.000,210001729
7eae4235-3dea-328c-30fe-096dac839e25,56a3cae1-bd80-fae2-7e21-2e9d7e078999,ARSB85299,رشاش دوش كروم,12,90.000,1080.000,210001730
66979252-33bb-997d-9f8b-4e8a7c4deb1b,1054fbd0-3bf2-97b5-65d9-0fb4d911867e,MD20248,خلاط دوش ذهبي,12,120.000,1440.000,310001086
da5ce7df-62b5-4cf7-7206-d32800286e12,99b70c72-5d15-6c7b-f85b-26fff822c04b,AM40694,مراية دولاب حمام 60 سم,10,170.000,1700.000,310000769
f811cd62-1372-41f0-a20f-02457b652dbc,56a3cae1-bd80-fae2-7e21-2e9d7e078999,MDE50279,خلاط دوش مدفون كروم,4,310.000,1240.000,210001734
5c15e166-2c41-7110-ce60-92f02333f247,56a3cae1-bd80-fae2-7e21-2e9d7e078999,MTE60400,خلاط شطاف مدفون كروم,4,160.000,640.000,210001735
5648df04-b81e-3721-f819-49c5ced40e47,4003dd29-66a1-e47c-2d40-1a460d654f4d,ALVM50482,سيفون حوض الوجه ذهبي,6,85.000,510.000,210001739
0d27691a-3fdc-b1c5-e0b1-d95815d0cd01,19d940c7-f3fb-2ff1-26fa-5167677551b7,WS10172,مقعد معلق رايملس أبيض,6,688.700,4132.200,210001263
6588bf03-707f-c54c-16b5-a2f6575f5c84,4003dd29-66a1-e47c-2d40-1a460d654f4d,EL10136,حوض مطبخ ستانلس ستيل   304 60 * 45 سم,5,455.000,2275.000,210001743
49299e61-df33-9d42-b9c5-f4e1a9ddf0cb,56a3cae1-bd80-fae2-7e21-2e9d7e078999,MTE60280,خلاط شطاف مدفون كروم,4,166.500,666.000,210001736
02e33bd8-2be8-0782-c997-55503c34c996,4003dd29-66a1-e47c-2d40-1a460d654f4d,ARSB80054,كسكاس دوش دائري 300 مم مع قصبة كروم,8,140.000,1120.000,210001744
36e32fe2-69db-6901-4d43-70ff1e7b222a,4003dd29-66a1-e47c-2d40-1a460d654f4d,ARSB80333,مصب دوش مع تحويلة كروم,5,85.000,425.000,210001745
3a573327-04b3-b822-4fe4-2e3a487a203a,4003dd29-66a1-e47c-2d40-1a460d654f4d,ARSB80337,مصب دوش مع تحويلة كروم,5,85.000,425.000,210001746
0f2d1d32-824a-1530-29fd-2eed7b8e08c4,4003dd29-66a1-e47c-2d40-1a460d654f4d,AASB30401,حاملة ورق منظف كلينكس,10,33.000,330.000,210001740
33683e6f-39fc-387e-74d2-8e4924228c85,4003dd29-66a1-e47c-2d40-1a460d654f4d,ARSB804093,مصب دوش بدون تحويلة,10,95.000,950.000,210001748
5814bb94-9eb7-ac11-a357-0c54a028a6b8,4003dd29-66a1-e47c-2d40-1a460d654f4d,ARSB80500,شطاف ظغط مربع مع طوبو كروم,10,65.000,650.000,210001742
dcad20ba-c673-ad80-77ab-a4a569a684c9,4003dd29-66a1-e47c-2d40-1a460d654f4d,ARSB80823,مصب دوش بدون تحويلة كروم,5,80.000,400.000,210001747
c1111318-f012-f959-7cc2-d8b99434faa8,56a3cae1-bd80-fae2-7e21-2e9d7e078999,MDE50399,خلاط دوش مدفون كروم,4,285.000,1140.000,210001733
c6acbede-28dc-f7de-9961-a703761af21f,8916e500-ed35-0a5d-cc0f-4fffeb7f58c3,ARSB80334,مخرج شطاف مع علاق كروم,10,42.680,426.800,210001752
4f787bc0-3442-354b-af64-1569ce7397ed,99b70c72-5d15-6c7b-f85b-26fff822c04b,AM0692,دولاب حمام مع حوض وجه 60 سم,10,430.000,4300.000,310000770
7a3746c3-c080-d233-5315-a9ff377420f7,8916e500-ed35-0a5d-cc0f-4fffeb7f58c3,ARSB80351,شطاف ظغط دائرية مع طوبو كروم,5,66.930,334.650,210001754
0268657c-f42f-c8dd-06a0-ebde623e7b26,8916e500-ed35-0a5d-cc0f-4fffeb7f58c3,ARSB80473,قصبة دوش 35 سم كروم,8,89.240,713.920,210001756
4b964776-02a8-926d-4028-fbfc35eb476d,8916e500-ed35-0a5d-cc0f-4fffeb7f58c3,PLSA0403,وردة كروم,100,4.122,412.200,210001757
57bec740-62b1-84c8-6afb-0446f6145928,8916e500-ed35-0a5d-cc0f-4fffeb7f58c3,PLSA0404,وردة كروم,100,5.092,509.200,210001758
cf2d1267-81fb-e6f4-4a8a-23df7d1ab4a6,8916e500-ed35-0a5d-cc0f-4fffeb7f58c3,ARSB81002,شطاف ضغط مربع مع طوبو ذهبي,6,44.620,267.720,210001800
503bf00b-4967-80df-a51e-9e5a2b5d99bd,8916e500-ed35-0a5d-cc0f-4fffeb7f58c3,ALVM50403,سيفون حوض الوجه كروم,6,154.230,925.380,210001801
81eaffd9-99f0-75aa-651d-add91f79d79a,8916e500-ed35-0a5d-cc0f-4fffeb7f58c3,ALVM56402,رأس سيفوني كروم,10,22.310,223.100,210001802
774bf1ec-7105-9555-3180-1933a0c3877b,4003dd29-66a1-e47c-2d40-1a460d654f4d,ALVM50481,سيفون حوض الوجه اسود,6,85.000,510.000,210001738
49986028-1d95-d1c0-2b1c-790234b345fa,28add9c4-e1ce-6c3b-9da5-4dec08680caa,PE30040,طلاء مائي مطفي  18 كغ,10,88.000,880.000,210001265
3a601e71-d6f8-8f9c-000a-2078ef10bc8e,8916e500-ed35-0a5d-cc0f-4fffeb7f58c3,ARSB80089,طوبو شطاف 120 سم كروم,20,27.160,543.200,210001753
a225c9cb-217f-7d84-0d58-7364b75e8270,8916e500-ed35-0a5d-cc0f-4fffeb7f58c3,ARSB80453,كسكاس دوش دائري 300 مم كروم,8,75.660,605.280,210001755
7d45cdf1-39f3-dfad-ddea-009648c1b2d8,8916e500-ed35-0a5d-cc0f-4fffeb7f58c3,ML10017,خلاط حوض وجه كروم,20,163.930,3278.600,210001751
b0bbb0bf-6005-b85d-9d1e-7d94136ac2af,8916e500-ed35-0a5d-cc0f-4fffeb7f58c3,AASB30406,صابونية كروم,10,55.290,552.900,210001763
ca42ee9d-fd2e-4100-3e55-e10251de468c,99b70c72-5d15-6c7b-f85b-26fff822c04b,EL10701,حوض مطبخ ستانلس ستيل منظومة بيانو 304 75*46 كروم,30,500.000,15000.000,310000771
d095e90b-7a80-9a60-5e21-f74906fa1dd7,8916e500-ed35-0a5d-cc0f-4fffeb7f58c3,AASB30410,صابونية كروم,5,64.020,320.100,210001767
1195599e-f8f7-d714-fd9f-76d531ae2ac6,8916e500-ed35-0a5d-cc0f-4fffeb7f58c3,PS20411,علاقة ملابس فردي,10,36.860,368.600,210001768
d3c5990d-5f49-c567-41b6-528a214175eb,8916e500-ed35-0a5d-cc0f-4fffeb7f58c3,AASB30412,صابونية كروم,5,61.110,305.550,210001769
0572f16d-1eb8-1bbd-b907-488faa2322d9,8916e500-ed35-0a5d-cc0f-4fffeb7f58c3,AASB30413,حاملة فوط كروم,6,64.020,384.120,210001770
67e5243f-6f56-98ec-6062-6cd168da499a,8916e500-ed35-0a5d-cc0f-4fffeb7f58c3,AASB30414,حامل ورق منظف كلينكس,6,68.870,413.220,210001771
c2c97890-2ec3-025a-3994-3afdc5c0ee8d,8916e500-ed35-0a5d-cc0f-4fffeb7f58c3,AASB30053,حاملة فوط كروم,6,60.140,360.840,210001772
5ab4537e-ab15-ac77-efc5-d05afac00109,8916e500-ed35-0a5d-cc0f-4fffeb7f58c3,ART0024,حاملة فوط كروم,10,51.410,514.100,210001773
dd8f4343-1f64-0a7a-5fb9-53deec759f93,8916e500-ed35-0a5d-cc0f-4fffeb7f58c3,ART0025,حاملة فوط كروم,10,51.410,514.100,210001774
6ec2d23c-ee05-cc05-e51e-a51d2a9b8015,57bffa76-6641-1b47-62bc-628f29490a83,MD20239,خلاط دوش  كروم,2,360.000,720.000,210001273
ba8923a9-6c51-8650-3dc9-13ff31f562fc,8916e500-ed35-0a5d-cc0f-4fffeb7f58c3,AASB30405,حامل ورق منظف كلينكس,10,68.870,688.700,210001762
072b790c-a9c3-ce99-2a5a-e1d6aa4a145e,8916e500-ed35-0a5d-cc0f-4fffeb7f58c3,AASB30407,حاملة فوط كروم,10,66.930,669.300,210001764
278906b2-959c-9dd0-9a99-5eca1e397153,8916e500-ed35-0a5d-cc0f-4fffeb7f58c3,AASB30408,حاملة فوط كروم,6,75.660,453.960,210001765
fa3cc6a4-5897-fb58-76d7-f92c4d6171c2,8916e500-ed35-0a5d-cc0f-4fffeb7f58c3,AASB30409,حاملة فوط كروم,6,80.650,483.900,210001766
c2f23316-8a65-e040-6089-67247f1a04af,8916e500-ed35-0a5d-cc0f-4fffeb7f58c3,ARSB80786,قصبة دوش مربعة 40 سم اسود,5,62.020,310.100,210001779
27673da7-feb3-02bc-06fd-7fdf41cfa0ca,99b70c72-5d15-6c7b-f85b-26fff822c04b,EL10702,حوض مطبخ ستانلس ستيل منظومة بيانو 304 75*46 أسود,20,500.000,10000.000,310000772
cad082e5-c6bc-b568-fd4b-808051f82854,8916e500-ed35-0a5d-cc0f-4fffeb7f58c3,ARSB92416,قصبة دوش 40 سم كروم,10,56.260,562.600,210001781
3b3f2f83-c173-4318-51ab-94adbb0744ab,1d397afe-4b87-d191-59bb-f800a23c59b9,EL10387,حوض مطبخ ستانلس ستيل   304 75 * 45 سم,4,630.000,2520.000,310001030
8baf7fdd-52df-050e-cd46-b9b49ab67ddf,8916e500-ed35-0a5d-cc0f-4fffeb7f58c3,ART0032,سماعة دوش مع طوبو كروم,10,49.470,494.700,210001784
5841db77-5bc1-6a4a-e8a4-fa55003dc13d,8916e500-ed35-0a5d-cc0f-4fffeb7f58c3,ART0033,سماعة دوش مع طوبو كروم,10,49.470,494.700,210001785
bf7d86da-1e15-1df6-f0e2-a746ae3f3740,8916e500-ed35-0a5d-cc0f-4fffeb7f58c3,ARSB80550,سماعة دوش مع طوبو كروم,10,49.470,494.700,210001786
9149ed88-b681-46ac-9233-203d1c8c3f65,8916e500-ed35-0a5d-cc0f-4fffeb7f58c3,ARSB80656,سماعة دوش مع طوبو كروم,10,49.470,494.700,210001787
a98f29f7-8c0c-0770-131a-cae0c9b7b0fd,8916e500-ed35-0a5d-cc0f-4fffeb7f58c3,AASB30096,رف زاوية ثلاثي كروم,6,150.350,902.100,210001788
f87cf9f1-2f57-c623-6f42-86f7dd05dbab,8916e500-ed35-0a5d-cc0f-4fffeb7f58c3,ML30397,مرايا حمام مع إضاءة لد مع بخار 60 اطار ذهبي,5,218.250,1091.250,210001789
aa9e5d88-16c3-a715-5467-ee227d0e77f7,96fa79d3-a9d5-8d10-f6bd-b0f23211f213,PE30215,شفاط ابيض,2,65.500,131.000,210001284
c55a76c1-23b1-c767-47ac-a9a7c85c4482,1d397afe-4b87-d191-59bb-f800a23c59b9,MD20857,خلاط دوش ذهبي,12,88.000,1056.000,310001031
92d38253-886f-1995-4687-a7f03cf0a86f,8916e500-ed35-0a5d-cc0f-4fffeb7f58c3,AASB30003,موزع صابون كروم,10,41.710,417.100,210001782
846876fe-befa-e4d6-9bd7-95f938e9fbf0,8916e500-ed35-0a5d-cc0f-4fffeb7f58c3,CD40031,مسطرة دوش فرديه كروم,6,121.250,727.500,210001783
70eff8d7-981f-8f70-a9c7-549ce2b3959d,8916e500-ed35-0a5d-cc0f-4fffeb7f58c3,ARSB88400,طوبو شطاف 120 سم كروم,15,22.310,334.650,210001795
613f101e-3355-ba91-597d-d4f2fdbd6606,8916e500-ed35-0a5d-cc0f-4fffeb7f58c3,AASB30004,موزع صابون ابيض,6,31.040,186.240,210001796
f27b92b1-1731-ac03-aa22-bc7fef8f6156,1d397afe-4b87-d191-59bb-f800a23c59b9,MD20860,خلاط دوش أسود,12,84.000,1008.000,310001034
957dd131-ba58-cc05-a963-0f9c94d7d400,6a816caf-64bc-984a-6aa1-021373476d1e,VS10739,حوض وجه معلق -65 سم,6,290.000,1740.000,310000852
05f19c81-1a8f-9094-d9da-63c654a9fa0f,8916e500-ed35-0a5d-cc0f-4fffeb7f58c3,EL10400,حوض مطبخ ستانلس ستيل   80*45  اسود,3,426.800,1280.400,210001797
623bdee5-8db6-7d5f-3932-3b5e6acadfa7,8916e500-ed35-0a5d-cc0f-4fffeb7f58c3,MA20401,خلاط حوض المطبخ سحاب كروم,3,213.400,640.200,210001798
50649b2f-4d53-9fc8-f731-dd4568d86fd1,4acbac59-4575-80dc-03d8-3a757f80a630,RS40679,بلاط ارضيات بورسلين 120 سم * 60 سم (صندوق),9,56.120,505.080,210001804
ed073074-cdfa-635c-9418-edd776bb4411,dafbc9d3-c63e-e46c-0ebc-0b542c1cfaf5,RA30055,طوبو2'' 6 متر,15,49.000,735.000,210002203
8f05f190-3521-e348-1fa8-4f70db3d3850,6a816caf-64bc-984a-6aa1-021373476d1e,VS10738,حوض وجه معلق -80 سم,6,320.000,1920.000,310000853
1d7a8321-4c4e-f109-28e9-aded3ad28212,8916e500-ed35-0a5d-cc0f-4fffeb7f58c3,ARSB80442,شطاف ضغط  مع طوبو كروم,6,41.710,250.260,210001799
90c3953f-65f3-530b-fb97-5dffd3bb18f0,8916e500-ed35-0a5d-cc0f-4fffeb7f58c3,AECU50058,رقبة خلاط حوض مطبخ أسود,10,28.130,281.300,210001794
ec0d4d2e-8324-60f9-fe8f-be7d0bd2cb7f,a7cd68d6-1b37-9cae-5337-87d79a0bb1a4,ATWC50201,زر بتريا اسود,4,180.000,720.000,210001803
74707fa5-d664-2be8-1fea-653d124a328b,fc8a7aec-d579-c436-20f7-bddfbe56c845,EL50097,كلبس كاو رقم 12,10,1.350,13.500,210000222
ffd07edf-1f4d-f37c-4c23-7fad2a456d89,8916e500-ed35-0a5d-cc0f-4fffeb7f58c3,ARSB80079,شطاف ظغط دائري مع طوبو كروم,10,47.530,475.300,210001793
b95877cc-d446-bac7-563d-3e240813fc31,461f64e3-26ba-92dc-9e94-703a8cbdb9b9,VS10597,حوض وجه معلق أبيض -60سم,40,215.000,8600.000,310000757
1d2bca81-6d1c-bc4e-dd7c-170dc1a6109d,fa514560-8a94-7391-0dc9-593ddf507dae,PD20786,حاجز دوش 10مم اطار كروم مضبب 90 سم,5,625.000,3125.000,310001312
016c93b7-eff2-8ae6-3a0e-7ff8e15e5ecf,4366a179-60ce-b958-6306-48b819c9f8f0,CD40403,مسطرة دوش زوجية كروم,5,95.000,475.000,310001041
d0d330bf-a4bf-5427-1a66-859657952de7,4366a179-60ce-b958-6306-48b819c9f8f0,CD40404,مسطرة دوش زوجية كروم,5,95.000,475.000,310001042
28156f2a-b4b7-568d-09f1-7114dcf2c93d,6a816caf-64bc-984a-6aa1-021373476d1e,ARSB80270,مصب دوش مع تحويلة كروم,10,86.000,860.000,310000844
64680d5e-0939-8c21-5df0-87f6b7782461,6a816caf-64bc-984a-6aa1-021373476d1e,ARSB80464,كسكاس دوش مربع 300*300 مم كروم,20,48.000,960.000,310000845
715c5be7-85df-0121-b305-d1b51dedc208,6a816caf-64bc-984a-6aa1-021373476d1e,ARSB80732,كسكاس دوش مربع 300*300 مم ذهبي,6,63.000,378.000,310000846
f237f443-fab5-95c6-5731-a461cc472166,6a816caf-64bc-984a-6aa1-021373476d1e,ARSB80733,كسكاس دوش مربع 250*250 مم ذهبي,6,52.000,312.000,310000847
0741150f-016c-81f0-fac3-023e73059381,6a816caf-64bc-984a-6aa1-021373476d1e,ARSB80735,قصبة دوش مربعة 40 سم ذهبي,6,27.000,162.000,310000849
7a9b8b5b-f1fc-8626-ef97-07dbc1939e3b,57e2d68f-d40c-2a69-5d72-b036eded4431,AETS20237,تفلون 19 مم * 30 متر * 0.8 مم,48,5.500,264.000,210001286
4208bb88-4af9-cf63-d17a-8cffe1b76174,6a816caf-64bc-984a-6aa1-021373476d1e,ML30740,مرايا حمام مع إضاءة لد طول 80*60 سم,12,81.000,972.000,310000854
efe67140-48d3-65e5-3b38-b818ba021e98,6a816caf-64bc-984a-6aa1-021373476d1e,ML30741,مرايا حمام مع إضاءة لد-عرض 80*60 سم,12,90.000,1080.000,310000855
81a4c8f1-194f-a339-ef62-d81a3a81463c,6a816caf-64bc-984a-6aa1-021373476d1e,ML30742,مرايا حمام مع إضاءة لد-طول 90*60 سم,12,117.000,1404.000,310000856
c2a3b548-59e0-d9b5-db09-a107db74c515,6a816caf-64bc-984a-6aa1-021373476d1e,ML30743,مرايا حمام مع إضاءة لد-عرض 60*90 سم,6,120.000,720.000,310000857
daa55778-7ad9-bc5c-2855-f95dc01ac7ad,657699b2-2261-4266-91a6-0e142988fea5,ML30545,مرايا حمام قوس مع إضاءة لد 60*100 سم,6,100.000,600.000,310000579
547bf15a-ece0-2d05-f4e6-c6204a6cf7ee,6a816caf-64bc-984a-6aa1-021373476d1e,ML30744,مرايا حمام مع إضاءة لد-عرض60*80 سم,12,81.000,972.000,310000858
73238135-e89d-33bf-31cf-c593f6a48e51,6a816caf-64bc-984a-6aa1-021373476d1e,ML30746,مرايا حمام مع إضاءة لد-عرض60*80 سم,12,81.000,972.000,310000860
360372d3-32c6-be5f-ef7e-8ccd9958fefe,7b7d1011-6c74-44a7-61a8-4cfaa4fc3fc9,ARSB80749,"مسكر شطافة ""1/2"" * ""1/2 كروم",10,41.000,410.000,310000863
a14c4c10-b49b-4d5d-fa8f-637e077b8730,7b7d1011-6c74-44a7-61a8-4cfaa4fc3fc9,ARSB80750,مخرج شطاف أسود,10,37.000,370.000,310000864
a6081638-3f93-aa01-050b-4f6dba93986a,7b7d1011-6c74-44a7-61a8-4cfaa4fc3fc9,ARSB80756,مصب دوش بدون تحويلة ذهبي,12,63.000,756.000,310000869
8eee45af-6f46-ff5f-4239-ea11030d21cf,a65086da-7f2b-fd09-7845-4bfe9f884749,ARSB80214,"مسكر شطافة ""1/2"" * ""1/2 كروم",60,28.000,1680.000,310001055
47f4bfcd-4a47-1a64-d245-87d314d71449,7b7d1011-6c74-44a7-61a8-4cfaa4fc3fc9,ARSB80759,مصب دوش بدون تحويلة ذهبي,12,63.000,756.000,310000870
7ff4e6ab-b768-c026-cd98-d6ee83053710,8e982682-f8a3-b143-14a8-aa5bc949b98c,ARSB80302,شطاف ظغط مربع مع طوبو كروم,6,103.000,618.000,210001325
13105301-afe7-70d0-cc81-13e94fadc830,42098798-df0e-5c6a-a06e-d9fb5b6a735a,AM0751,دولاب حمام -80 سم,10,600.000,6000.000,310000865
d3df9aef-4471-33ea-7d09-419180468fc1,9f08f5dd-6996-f218-9c06-1ebdb506890f,PE30125,رولة طلاء 25 سم ديكور,25,13.750,343.750,210001814
14aa6dfd-86a0-ab04-971b-c7431220899f,9f08f5dd-6996-f218-9c06-1ebdb506890f,PE30270,رولة طلاء 10 سم ديكور,20,4.750,95.000,210001815
c0165ff1-7075-be2a-1113-55260c22e23c,9f08f5dd-6996-f218-9c06-1ebdb506890f,PE30036,استوك 18 كغ,50,43.200,2160.000,210001816
ce30ca5d-a89a-739a-6a42-2a54793476d0,9f08f5dd-6996-f218-9c06-1ebdb506890f,PA30565,فيتي بالخبور 6مم (100 قطعة),20,4.300,86.000,210001820
f899ea40-3da4-a1e2-e07b-c6b8f1a70487,8e982682-f8a3-b143-14a8-aa5bc949b98c,ML10006,خلاط حوض وجه كروم,6,235.000,1410.000,210001332
19ab68f8-24fc-decc-78ca-aa988bb61093,56a38e01-8f92-6c81-afaa-9a46df956751,VS10113,حوض وجه معلق - يمين -80 * 35 سم,5,352.000,1760.000,310000786
963429e9-f1cd-92c8-1b8b-7f4fbe22eeec,42098798-df0e-5c6a-a06e-d9fb5b6a735a,VS10752,حوض وجه معلق 80 سم,10,295.000,2950.000,310000866
c259dcb7-e104-0351-ca0f-b3820f541747,7b7d1011-6c74-44a7-61a8-4cfaa4fc3fc9,ARSB80760,مصب دوش مع تحويلة أسود,12,80.000,960.000,310000871
d310dcf5-d390-fc09-efa9-88d1abf8b138,7b7d1011-6c74-44a7-61a8-4cfaa4fc3fc9,ARSB80761,مخرج شطاف مع علاق أسود,10,69.000,690.000,310000872
2092f4d9-62ce-3c8d-1fbb-fd3761cfded8,7b7d1011-6c74-44a7-61a8-4cfaa4fc3fc9,ARSB80762,مخرج شطاف مع علاق ذهبي,10,75.000,750.000,310000873
75970d6b-54eb-8bea-3ecb-f3e4719b93ff,7b7d1011-6c74-44a7-61a8-4cfaa4fc3fc9,ARSB80763,مخرج شطاف مع علاق ذهبي,10,41.000,410.000,310000874
baa42a35-e8ba-4cab-51d4-36fe273cb4a8,acc766eb-7be2-ca03-b69d-ec7bc387cc70,RFP1373,"فسيبلي "" 1/2 أنثى * ""1/2 أنثى 60سم",30,15.500,465.000,310001062
262faed7-c316-8ae6-df17-1ded35d4eed3,a77d411d-51cf-dfe3-96b9-4f742c56ae7b,ALVM50767,سيفون حوض الوجه ذهبي,10,98.500,985.000,310000876
25956205-0875-859e-ff9d-ef3442e1934c,9f08f5dd-6996-f218-9c06-1ebdb506890f,PE30193,لصقة طلاء 45 مم,216,2.361,509.976,210001812
2b146541-23de-addc-a914-3f4f02be00a4,9f08f5dd-6996-f218-9c06-1ebdb506890f,PE30042,طلاء عاز ل مطاطي  15 كغ,20,155.000,3100.000,210001813
9cf846e0-dde8-a7e3-c880-f10d772d192e,015f6619-924d-211e-06a3-f792f22f2848,ARSB80436,سماعة دوش مع طوبو كروم,6,32.500,195.000,210001829
d38af9a1-42dc-89e5-1ee5-547722c371dc,8cf6fd27-84b9-f495-3a9a-fc010aca3969,CE10104,سخانة 50 لتر,7,415.000,2905.000,310000581
2d8cf34e-b035-3a89-d3f5-1143d0b5d705,015f6619-924d-211e-06a3-f792f22f2848,ARSB80437,سماعة دوش مع طوبو كروم,6,16.500,99.000,210001830
60a915b5-f363-8f82-64de-bd7cec2a8a14,015f6619-924d-211e-06a3-f792f22f2848,ARSB80438,سماعة دوش مع طوبو كروم,6,23.500,141.000,210001831
ae409c9e-e10c-be96-3a1d-22b9c2c1be3a,8e982682-f8a3-b143-14a8-aa5bc949b98c,MT30243,خلاط شطاف كروم,6,210.000,1260.000,210001335
cf5f7fd2-e79e-0227-ec8a-ef8362cac7a0,015f6619-924d-211e-06a3-f792f22f2848,EL50997,لامبة لد 60وات,15,10.750,161.250,210001832
93e39001-9cb4-4a4c-08d6-2c6265d73ceb,015f6619-924d-211e-06a3-f792f22f2848,ARSB80435,سماعة دوش مع طوبو كروم,6,46.500,279.000,210001828
825c8bd7-a0c6-0859-7020-80d1a4963d59,015f6619-924d-211e-06a3-f792f22f2848,PA30425,نايلو تغليف,2,36.500,73.000,210001833
b336f620-3ecd-b1dd-1a76-3151169a1f65,015f6619-924d-211e-06a3-f792f22f2848,ARSB80439,سماعة دوش مع طوبو كروم,6,24.500,147.000,210001834
aae9bfd6-948a-b846-9c00-9b718db5e972,9f08f5dd-6996-f218-9c06-1ebdb506890f,PE30353,زمالطو ضد الصدأ 3 كغ  اسود,8,42.750,342.000,210001817
71f2806c-a510-5c5b-2868-88d7ba7ed84e,9f08f5dd-6996-f218-9c06-1ebdb506890f,PE30067,طلاء بخاخ داخلي و خارجي أسود لامع,9,6.669,60.000,210001819
4d087bcc-fbd0-483c-f668-3c81d5938c23,9f08f5dd-6996-f218-9c06-1ebdb506890f,PE30996,قطرامينة 15ك مائية سطل بلاستك,9,61.750,555.750,210001821
2083d3b4-a8ed-7c6f-0820-2f3de7dbcdd5,9f08f5dd-6996-f218-9c06-1ebdb506890f,PE30498,فرشة طلاء ايطالية رقم70,12,6.250,75.000,210001822
7e949fc5-e424-9868-9e87-7f195060f552,9f08f5dd-6996-f218-9c06-1ebdb506890f,PE30273,لصقة مع مجفف 500 مل,15,15.500,232.500,210001823
aeab45e5-9f97-725d-f44e-4f637c73a3c1,a77d411d-51cf-dfe3-96b9-4f742c56ae7b,SA10771,طقم اكسسوار كروم,6,165.000,990.000,310000881
ba836559-a5fc-54f9-1f7b-1b4c70f2a42f,1ed8f0a9-f269-c158-bd1e-36a34d8df84c,ARSB80711,رقبة خلاط متحركة كروم,4,10.000,40.000,310000794
3e67f234-a6b0-a5ba-22dd-5b255a19df41,a77d411d-51cf-dfe3-96b9-4f742c56ae7b,SA10772,طقم اكسسوار أسود,3,285.000,855.000,310000882
888bb7a4-ad24-2324-82ce-9e4b3ffdf674,1cd59793-3d99-6457-9ae3-e0a65ecef953,ML10764,خلاط حوض وجه اسود,5,95.000,475.000,310000883
e9599341-4bb1-8b33-2ee0-e263c7d63b63,49a39c45-fa08-0ea0-169e-10e787414661,ARSB80214,"مسكر شطافة ""1/2"" * ""1/2 كروم",25,28.000,700.000,310000884
69d7ecfc-9b52-bab7-ea4c-a2cf4c601e12,49a39c45-fa08-0ea0-169e-10e787414661,RO10294,حنفية غسالة  ''1/2 * ''3/4 كروم,15,25.500,382.500,310000885
7dc70861-01f6-668d-549b-eaf711171e47,3fc70d3d-9c60-a00e-4e57-6ac207d5e2f3,ME10774,خلاط حوض المطبخ شلال أسود,1,99.000,99.000,310000887
e39ef54c-105c-1440-9e9d-a2bf61c639b8,3fc70d3d-9c60-a00e-4e57-6ac207d5e2f3,ME10775,خلاط حوض المطبخ شجرة نص منظومة كروم,1,180.000,180.000,310000888
1519e4e2-a5d2-0d14-f93d-e0ff75b75c0d,d479de42-5bc9-c9e3-2828-091a8ed8fc5f,CC10368,كولة فواصل 007,10,35.000,350.000,210001838
e7f41152-03f2-ca89-8383-dc72dd90afa2,d479de42-5bc9-c9e3-2828-091a8ed8fc5f,PE30789,برايمر كالي 5كجم,5,100.000,500.000,210001839
845fe51d-0fac-ceee-f09d-e0abe67e9034,1aae2b10-066f-2424-f9fa-352002040203,AM0751,دولاب حمام -80 سم,6,600.000,3600.000,210001853
f1f6c95a-a531-1f31-6098-46a1f3cff04e,3fc70d3d-9c60-a00e-4e57-6ac207d5e2f3,ALVM50776,رأس سيفوني كروم,12,15.000,180.000,310000889
927d522c-da27-41bb-e234-1b1c60cd2fdb,8e982682-f8a3-b143-14a8-aa5bc949b98c,MD20246,خلاط دوش أسود,10,90.000,900.000,210001339
feb1cf6c-a7be-bb20-2d7d-36525ff6b650,b9294d99-8bbc-6a15-9457-0ad6b02bd9ab,MC10886,مجرى 60 سم *5 سم كروم,6,190.000,1140.000,310001078
ade24814-0830-adc7-6b51-18d1ed2a18bb,e857f38b-796b-46c2-23d9-3118377fe8b3,EG30728,حوض مطبخ جرانيت أبيض  80*50,2,340.000,680.000,310000836
4694fff9-8e3b-ed3f-bd66-0c493c94debd,e857f38b-796b-46c2-23d9-3118377fe8b3,EG30729,حوض مطبخ جرانيت أبيض  60*50,2,270.000,540.000,310000837
1fc3cacc-de73-baf9-12b5-2eda576f8d33,3fc70d3d-9c60-a00e-4e57-6ac207d5e2f3,ALVM50777,رأس سيفوني أسود,6,17.000,102.000,310000890
66bcc049-f3c7-8aa5-d680-7abf51a60b78,ca28b6bc-7e5c-2150-80a2-f19a450b7aa2,ALVM50397,رأس سيفوني رخامي,20,25.000,500.000,310000892
d03b3d0b-bb44-9ea9-7387-6009e8fa9490,1d397afe-4b87-d191-59bb-f800a23c59b9,ML30863,مرايا حمام مع إضاءة لد 60*100 سم عرض,6,105.000,630.000,310001038
bae46b8f-efa2-a5e0-a82e-e22cbcfa8905,a34ba1bc-8c0c-1b85-0b03-97fb91b4b200,WA40780,غطاء مقعد أبيض,4,30.000,120.000,310000893
9ca6a9d8-1010-252c-06bc-c7c7c1e30d90,a34ba1bc-8c0c-1b85-0b03-97fb91b4b200,PS20781,علاقة مناشف كروم,6,35.000,210.000,310000894
007c8540-5918-8b27-9797-2d2a9a716c8f,a34ba1bc-8c0c-1b85-0b03-97fb91b4b200,AASB30782,حاملة ورق ناعم كروم,6,20.000,120.000,310000895
ef46d702-951e-d6a9-8133-0158d8cc13d0,a34ba1bc-8c0c-1b85-0b03-97fb91b4b200,ARSB80783,سماعة دوش كروم,4,25.000,100.000,310000896
f6a3489b-daf5-b2ba-35c9-e0cf4f85d808,1d397afe-4b87-d191-59bb-f800a23c59b9,MT30861,خلاط شطاف ذهبي,6,65.000,390.000,310001033
c8b6efa7-9f46-3822-4cf0-9bdb6a215335,786e6947-a2c9-7a84-902b-e35e4bc41aa3,ARSB80784,طوبو دوش 200سم كروم,6,20.000,120.000,310000897
f6a023ad-437c-fea1-0fc0-164eb801641c,42098798-df0e-5c6a-a06e-d9fb5b6a735a,ML30786,مرايا حمام ضد البخار مع إضاءة لد 70*70 سم,12,290.000,3480.000,310000901
ebe56292-62cc-d22c-0828-fcc109023747,90bd05f0-aa4b-cda3-9acd-75fbe604cc58,RA20004,"كوع 32 - 1"" سن خارجي",60,15.675,940.500,210000217
5c6a849e-97e3-7e6c-46ce-1bf3468fb6a7,1054fbd0-3bf2-97b5-65d9-0fb4d911867e,ARSB80933,مصب دوش مع تحويلة كروم,12,95.000,1140.000,310001156
546295f1-f919-648f-c2fb-3afef2ed0e40,1054fbd0-3bf2-97b5-65d9-0fb4d911867e,ARSB80934,مصب دوش طويل بدون تحويلة كروم,12,110.000,1320.000,310001157
6366ecb5-5c7c-d780-d607-634d4e3ec584,1054fbd0-3bf2-97b5-65d9-0fb4d911867e,ML10896,خلاط حوض وجه شاشة أسود,12,175.000,2100.000,310001100
d48733c3-7b6a-19f1-3e82-b8aa96faba89,00e5af2e-b130-3331-750d-3b144daca144,VS10822,حوض وجه معلق أبيض60,60,235.000,14100.000,310001454
328e0574-47ce-84f2-0318-afc8f5cb21a6,ebce3d13-908e-a644-48bb-7a0717341171,MT30854,خلاط شطاف دائري مع شطاف 15 سم كروم,20,100.000,2000.000,310001476
26fcfbc6-2825-80a7-4296-ef5933a9bc97,ebce3d13-908e-a644-48bb-7a0717341171,ARSB80854,سماعة دوش دائرية مع طوبو أسود,10,70.000,700.000,310001475
6fc95b3d-bb35-a634-28d5-b8eed61887e8,00e5af2e-b130-3331-750d-3b144daca144,VS10821,حوض وجه معلق أبيض 42x56,60,215.000,12900.000,310001452
47621aaa-98f9-0b15-f96f-72010631f536,54e3a0e6-d0b4-a47a-4967-7968c5ad0858,EL10241,حوض مطبخ ستانلس ستيل نص منظومة  304 75*45 أسود,15,385.000,5775.000,310001094
af7cdf20-6242-9e4f-3031-e656cbb54527,4ed9fc54-de9a-87b5-272e-f71b716a80b4,PD20456,حاجز دوش 8 مم  مخطط 80*190  سم أسود,8,395.000,3160.000,310001102
6c39b605-bb79-72b2-8866-d8615dc043ef,42098798-df0e-5c6a-a06e-d9fb5b6a735a,ML30789,مرايا حمام ضد البخار مع إضاءة لد 60*80 سم,12,105.000,1260.000,310000904
a1b4ed3e-cbaa-be11-0502-d523968b3d61,42098798-df0e-5c6a-a06e-d9fb5b6a735a,ML30790,مرايا حمام ضد البخار مع إضاءة لد 60*80 سم,12,105.000,1260.000,310000905
6259359b-d144-af3e-4ea0-7444b4fda9ec,42098798-df0e-5c6a-a06e-d9fb5b6a735a,ML30791,مرايا حمام مع إضاءة لد مع بخار 60 اطار أسود,12,175.000,2100.000,310000906
ea1afd48-fdff-258c-6125-45043a99a8cc,42098798-df0e-5c6a-a06e-d9fb5b6a735a,ML30792,مرايا حمام ضد البخار مع إضاءة لد 70*50 سم,12,100.000,1200.000,310000907
60698d45-87b8-e215-e125-471c22d9419b,42098798-df0e-5c6a-a06e-d9fb5b6a735a,ML30793,مرايا حمام ضد البخار مع إضاءة لد 70*50 سم,12,100.000,1200.000,310000908
ca982c7c-bc35-49f9-4c85-f21bf7775154,42098798-df0e-5c6a-a06e-d9fb5b6a735a,ML30794,مرايا حمام ضد البخار مع إضاءة لد 80*60 سم,12,105.000,1260.000,310000909
651f3d99-2801-0789-3432-ac41f59fb155,42098798-df0e-5c6a-a06e-d9fb5b6a735a,ML30795,مرايا حمام ضد البخار مع إضاءة لد 60*80 سم,12,105.000,1260.000,310000910
e010d1d0-c3d1-2d3c-a224-663dad3aa9d9,42098798-df0e-5c6a-a06e-d9fb5b6a735a,ML30796,مرايا حمام ضد البخار مع إضاءة لد 80*100 سم,12,180.000,2160.000,310000911
ea961aee-9a03-4f35-623f-ce3177404aee,42098798-df0e-5c6a-a06e-d9fb5b6a735a,ML30797,مرايا حمام ضد البخار مع إضاءة لد بالعلاقة اطار أسود 70*70سم,12,185.000,2220.000,310000912
228fa6b8-a525-b223-3e12-f9483d7f794a,d34ca263-d98f-957d-0260-97069fa8796d,ML30838,مرايا حمام مع إضاءة لد80*60 سم,5,120.000,600.000,310001488
9c46532a-b554-1bfe-da78-eadc0dfa4817,1054fbd0-3bf2-97b5-65d9-0fb4d911867e,CD40762,مسطرة دوش زوجية كروم,6,135.000,810.000,310001207
582ba71e-6f1b-09ef-1d27-7df10f63afd9,ebce3d13-908e-a644-48bb-7a0717341171,MC10652,سرفنتينة 15 سم * 15 سم كروم,300,55.000,16500.000,310001455
31c8cba8-b47d-6bfb-eae0-04914f06b615,42098798-df0e-5c6a-a06e-d9fb5b6a735a,ML30798,مرايا حمام ضد البخار مع إضاءة لد 80*60 سم,12,105.000,1260.000,310000913
5abd52c3-cbc0-10bd-7a8f-87bc2d46fd9c,42098798-df0e-5c6a-a06e-d9fb5b6a735a,ML30799,مرايا حمام ضد البخار مع إضاءة لد 70*50 سم,12,100.000,1200.000,310000914
46b62451-601e-5149-64b4-d15dfb583b10,4ed9fc54-de9a-87b5-272e-f71b716a80b4,ARSB80907,كسكاس دوش مربع 300*200 مم مع قصبة أسود,10,55.000,550.000,310001119
8c015846-453f-7855-9bf4-a495f30563bc,42098798-df0e-5c6a-a06e-d9fb5b6a735a,ML30800,مرايا حمام ضد البخار مع إضاءة لد 80*70 سم,12,125.000,1500.000,310000915
0b0d9812-0cdb-7024-93b5-c451eccc783d,1f03ae87-c83e-cb3d-7056-070c5c951aeb,EG40181,رف حوض وجه برسلين 100 سم,2,180.000,360.000,310000899
22e63eef-0c15-5fad-c535-03d5b7d9a818,1f03ae87-c83e-cb3d-7056-070c5c951aeb,AM0802,دولاب حمام -80 سم,4,400.000,1600.000,310000916
23cc8181-22f5-602c-5023-05d7e9da6569,1f03ae87-c83e-cb3d-7056-070c5c951aeb,VS10803,حوض وجه-80 سم أبيض,4,230.000,920.000,310000917
ac53c892-7683-034d-1533-4f36a0bba2ef,1f03ae87-c83e-cb3d-7056-070c5c951aeb,AB10804,خزانة حمام أبيض,4,255.000,1020.000,310000918
fe7c39aa-9326-e8f1-cb58-7d5b3d69b728,1f03ae87-c83e-cb3d-7056-070c5c951aeb,ML30805,مرايا حمام مع إضاءة لد 83*63 سم,4,100.000,400.000,310000919
5aabac2c-49e7-7d57-459f-bf89a5c53e5b,2176b7e7-e527-2a3f-05b0-827807bf7238,ATWC50314,صندوق طرد مدفون بتارية مع زر مربع 9 لتر,3,915.000,2745.000,310000922
c94c1500-a5bf-c422-0d1f-c0689ddee60e,870f904a-d865-cdc9-2ffa-31d1a375a74c,WS10171,مقعد معلق رايملس أبيض,5,700.000,3500.000,310000923
b4d0d750-ebe6-6eb4-af55-d6e8465ad3d1,870f904a-d865-cdc9-2ffa-31d1a375a74c,WS10172,مقعد معلق رايملس أبيض,5,785.000,3925.000,310000924
a11e9fac-fa8a-7350-51f7-000160b6f0f7,870f904a-d865-cdc9-2ffa-31d1a375a74c,WS10170,مقعد معلق رايملس أبيض,5,765.000,3825.000,310000925
181cb6f7-c98d-9752-8ad9-4f196f7a76c2,4e41ce13-5137-a502-9e81-298e1fccc5ca,ARSB80808,كسكاس دوش دائري كبير شلال مع قصبة ملحومة كروم,4,240.000,960.000,310000926
30b24d84-aea6-343a-fc5e-0d55718c2621,c43c978a-77ab-62ea-787c-7687ffb15a67,ARSB80807,شطاف ظغط دائري مع طوبو أسود,5,230.000,1150.000,310000921
d9823046-fb40-8149-049c-a5adac2d3573,4ed9fc54-de9a-87b5-272e-f71b716a80b4,PD20888,حاجز دوش 8 مم   80*190  سم أسود,7,420.000,2940.000,310001129
9f235b3c-3dde-0e8c-5c90-e3519585c7d3,4ed9fc54-de9a-87b5-272e-f71b716a80b4,PD20887,حاجز 8 مم اطار ذهبي 80  سم,6,445.000,2670.000,310001130
258e86af-0ca4-b0ad-d321-d43de3a5c768,c43c978a-77ab-62ea-787c-7687ffb15a67,ARSB80302,شطاف ظغط مربع كبيرمع طوبو كروم,20,130.000,2600.000,310000920
ea8e089e-e5b4-bbd7-a1da-017fea66d701,c43c978a-77ab-62ea-787c-7687ffb15a67,ALVM50019,رأس سيفوني كروم,20,125.000,2500.000,310000935
89254f34-1969-26c7-668a-e8832993b11a,c43c978a-77ab-62ea-787c-7687ffb15a67,MTE60147,خلاط شطاف مدفون ذهبي,3,485.000,1455.000,310000936
f4deeab8-1421-9d3f-437d-48d58a9369b1,c43c978a-77ab-62ea-787c-7687ffb15a67,ARSB80811,مصب دوش مربع قصير بالتحويله أسود,6,515.000,3090.000,310000931
01d9d7a3-1de7-7e9e-d0bc-94ef8a867f6c,c43c978a-77ab-62ea-787c-7687ffb15a67,ARSB80812,مخرج شطاف دائري بالعلاقة أسود,6,135.000,810.000,310000932
1b95d824-2ff3-9a3b-0245-aa5ce4af23bc,c43c978a-77ab-62ea-787c-7687ffb15a67,ALVM50808,سيفون حوض الوجه كروم,20,160.000,3200.000,310000933
053218c9-1698-3ad9-caa7-a70df39c7e78,c43c978a-77ab-62ea-787c-7687ffb15a67,ALVM50809,سيفون حوض الوجه كروم,20,170.000,3400.000,310000934
65736493-641f-213f-fbea-712378dc8e22,1d397afe-4b87-d191-59bb-f800a23c59b9,ML30892,مرايا حمام مع إضاءة لد-عرض60*80 سم,6,50.000,300.000,310001092
a8c6d5c5-f2cd-11fe-0aae-b550b0ee4de3,c43c978a-77ab-62ea-787c-7687ffb15a67,ARSB80813,مصب دوش قصير بتحويلة كروم,6,325.000,1950.000,310000939
ed150023-e401-2ef7-cd6e-42cf8c62f97d,b21adfbc-76da-f779-75c5-54617e8a3ade,ARSB80277,"مسكر شطافة ""1/2"" * ""1/2 كروم",20,23.500,470.000,310001137
8dde4c8d-aefc-a725-05f0-0c5554e1eaf2,bdadcd40-96ea-f8eb-5f91-126691d81f5d,PS20486,علاقة ملابس خماسية,6,68.000,408.000,310001141
0731a82e-38c4-ec77-a485-25aabe70962f,00e5af2e-b130-3331-750d-3b144daca144,WS10812,مقعد معلق تورنيدو أبيض,59,390.000,23010.000,310001443
c77fb052-3afa-6687-54cd-d68e4844a614,ee70b41e-60e1-5a14-24e1-5213d66458fb,EG30248,حوض مطبخ جرانيت أبيض محبب 70*50,5,300.000,1500.000,310000940
58c2d333-a745-f162-4a5b-4fd41e2246a6,ee70b41e-60e1-5a14-24e1-5213d66458fb,EG30246,حوض مطبخ جرانيت أبيض 70*50,5,300.000,1500.000,310000941
1ce93e23-5f69-5b4e-089d-bee82ed6ed54,ee70b41e-60e1-5a14-24e1-5213d66458fb,EG30251,حوض مطبخ جرانيت أسود محبب 70*50,1,300.000,300.000,310000942
afcfb739-2c90-2fc7-e4ce-61a1be7668ce,ee70b41e-60e1-5a14-24e1-5213d66458fb,EG30250,حوض مطبخ جرانيت أسود محبب 90*50,3,450.000,1350.000,310000943
a39d2058-9041-925a-91ae-c88403972cbe,ee70b41e-60e1-5a14-24e1-5213d66458fb,EG30257,حوض مطبخ جرانيت أبيض محبب  80*50,4,350.000,1400.000,310000944
c1ccebc4-abdb-21bd-6f10-8350a085dfda,ee70b41e-60e1-5a14-24e1-5213d66458fb,EG30564,حوض مطبخ جرانيت أسود محبب  80*50,3,350.000,1050.000,310000945
b6d000de-5a66-5268-1fc8-5c8ca6a44dbf,ee70b41e-60e1-5a14-24e1-5213d66458fb,EG30811,حوض مطبخ جرانيت أبيض   80*50,5,340.000,1700.000,310000946
070e2482-b458-ea11-995d-2ea1f4a8d3c4,41efc4c3-c2bb-5713-83eb-e7dde4dadcc3,RFP1427,"فسيبلي "" 1/2 أنثى * ""1/2 أنثى 50سم",30,9.700,291.000,310000947
0c128b80-d9af-7e6f-2436-2beb031d124c,41efc4c3-c2bb-5713-83eb-e7dde4dadcc3,RFP1812,"فسيبلي "" 1/2 أنثى * ""3/8 أنثى 40سم",20,5.550,111.000,310000948
c65560bb-c9a5-e6e2-91ff-dc84fe162209,41efc4c3-c2bb-5713-83eb-e7dde4dadcc3,AETS20004,تفلون 19 مم * 15 متر * 0.20 مم,48,4.950,237.600,310000949
6d3fe158-5ab1-2cb6-0ac9-66f44872a780,d34ca263-d98f-957d-0260-97069fa8796d,ML30840,مرايا حمام مع إضاءة لد80*60 سم,5,120.000,600.000,310001494
a197c4eb-98ae-6523-8f4a-74be19e1b2ae,00e5af2e-b130-3331-750d-3b144daca144,WA40917,غطاء مقعد معلق كبير تورنيدو أبيض,2,51.000,102.000,310001509
7ca60d3a-a037-2a00-b38c-a53fd742f8ab,00e5af2e-b130-3331-750d-3b144daca144,WS10814,مقعد معلق تورنيدو أسود,30,565.000,16950.000,310001445
326000a3-593e-704a-d5e3-a7a79ec5c88b,0502e755-f697-333b-ae38-7cfdd03f8b37,VS10873,حوض وجه معلق -75 سم,5,491.000,2455.000,310001053
81155c9b-c81f-1fd2-3ae0-18b1bb86889f,bdadcd40-96ea-f8eb-5f91-126691d81f5d,MT30927,خلاط شطاف كروم,6,245.000,1470.000,310001147
99134dd3-950e-a0aa-659b-d187e798760c,41efc4c3-c2bb-5713-83eb-e7dde4dadcc3,CD40813,مسطرة دوش زوجية كروم,5,115.000,575.000,310000950
0bcb763b-9edd-8bb7-b17e-6df86d11cde4,41efc4c3-c2bb-5713-83eb-e7dde4dadcc3,RA20582,"مخفض قومه 1.5"" * 1.25",50,3.250,162.500,310000951
718cbc42-225e-f22f-2e88-b17f77c2264b,41efc4c3-c2bb-5713-83eb-e7dde4dadcc3,PLSA0814,"وصلة مخفض خلاط دوش ""3/8 ذكر × ""1/2 ذكر كروم",30,1.150,34.500,310000952
abd435ab-24ab-3d38-28cd-82e9e4d0b83b,41efc4c3-c2bb-5713-83eb-e7dde4dadcc3,SA10814,طقم اكسسوار كروم,3,145.000,435.000,310000953
fb1206d2-d48d-691e-39cf-c2d21e228851,bfcd94a4-91cd-6453-8a08-ec4711ff06fc,ML10800,خلاط حوض وجه كروم,24,225.000,5400.000,310001517
91c9fca9-4275-f19d-3183-15975928b87f,bfcd94a4-91cd-6453-8a08-ec4711ff06fc,MD20898,خلاط دوش كروم,32,305.000,9760.000,310001518
5f55c22f-a955-5a35-3453-ad7c8f5897c0,bfcd94a4-91cd-6453-8a08-ec4711ff06fc,MD20896,خلاط دوش ذهبي,32,345.000,11040.000,310001519
f67eb832-019a-aeca-7caf-1b12021b9418,bfcd94a4-91cd-6453-8a08-ec4711ff06fc,MD20897,خلاط دوش أسود,32,315.000,10080.000,310001520
74e95ba9-497d-70c7-83fc-b29125e4559a,8e982682-f8a3-b143-14a8-aa5bc949b98c,ML10247,خلاط حوض وجه اسود,10,88.000,880.000,210001340
7c70bc8b-4664-87f0-58be-0280eed09935,00e5af2e-b130-3331-750d-3b144daca144,WA40918,غطاء مقعد معلق كبير تورنيدو أبيض,2,51.000,102.000,310001510
8561f2a7-3cb3-483f-f9e9-408f7be469fe,a77d411d-51cf-dfe3-96b9-4f742c56ae7b,ALVM50766,سيفون حوض الوجه اسود,10,85.500,855.000,310000875
59d3356b-5145-d359-0b94-742269435ba2,bfcd94a4-91cd-6453-8a08-ec4711ff06fc,ML10801,خلاط حوض وجه كروم,40,220.000,8800.000,310001521
92893ab1-adad-db2a-769a-634f3123cf6b,bfcd94a4-91cd-6453-8a08-ec4711ff06fc,ML10802,خلاط حوض وجه رصاصي,20,235.000,4700.000,310001522
605c0fd3-b75f-cde3-f6f8-817b554f274e,bfcd94a4-91cd-6453-8a08-ec4711ff06fc,ML10803,خلاط حوض وجه ذهبي,20,245.000,4900.000,310001523
248c034e-e837-98ab-fdf2-55bd3ecca9fe,bfcd94a4-91cd-6453-8a08-ec4711ff06fc,MA20920,خلاط حوض المطبخ سحاب كروم,24,365.000,8760.000,310001524
4cda8f12-43d3-7c4c-cc4c-c266a9e01755,bfcd94a4-91cd-6453-8a08-ec4711ff06fc,MA20902,خلاط حوض المطبخ سحاب أسود مطفي,24,385.000,9240.000,310001525
c6331b33-ce5e-c539-3cb4-5e07a5ea9ea8,bfcd94a4-91cd-6453-8a08-ec4711ff06fc,MD20899,خلاط دوش كروم,32,260.000,8320.000,310001526
d9a14e4b-2508-f4f2-1aef-af92f0336e54,04b87c8b-4815-2279-d286-40a4ba7b485d,ARSB80815,"مسكر شطافة ""1/2"" * ""1/2 أسود",20,35.250,705.000,310000954
b693b815-fd31-266e-7f0f-a00287b86da0,04b87c8b-4815-2279-d286-40a4ba7b485d,ALVM50426,سيفون حوض الوجه اسود,6,176.000,1056.000,310000955
1cf5e8ca-76de-9e0f-0e21-c49d3f755a11,04b87c8b-4815-2279-d286-40a4ba7b485d,ARSB80372,كسكاس دوش مربع  250*250 مم اسود مع قصبة,5,251.000,1255.000,310000956
52028254-c48d-62ef-54a6-7f4b16f193c5,45aa0188-ce90-254d-018d-a6fa5501edce,PE30407,ورق سنفرة9بوصة 8فتحات,100,0.850,85.000,210001850
a3728afd-766f-3961-119a-b6626756f332,45aa0188-ce90-254d-018d-a6fa5501edce,PE30408,ورق سنفرة 9بوصة 8فتحات,100,0.850,85.000,210001851
4230efe9-9129-feb1-afe0-ebbcae5228bd,1aae2b10-066f-2424-f9fa-352002040203,VS10752,حوض وجه معلق 80 سم,6,295.000,1770.000,210001852
0f30823c-fee2-025a-9c8e-0f2e4874422e,ab4e258f-3c9d-4805-ed3c-2edb109a21b0,VS10202,حوض وجه معلق -60 سم,5,436.500,2182.500,210001854
a3516e15-f8e2-b64b-c9d5-4bb91394e4ac,78080f57-3c3c-3417-7afe-516fa1be982e,VS10121,حوض وجه معلق -100 سم,4,514.100,2056.400,210001319
e5e20d46-bca9-86fc-0e59-dad0a340b13d,3fc70d3d-9c60-a00e-4e57-6ac207d5e2f3,ARSB80773,قلب خلاط حوض مطبخ شلال,5,19.000,95.000,310000886
05347725-27d1-7338-824f-70c0c05fdc12,04b87c8b-4815-2279-d286-40a4ba7b485d,ARSB80431,كسكاس دوش مربع  300*300 مم كروم مع قصبة,5,305.000,1525.000,310000957
6edb50dc-9a64-4eaa-d4aa-3cdf595e05b6,bfcd94a4-91cd-6453-8a08-ec4711ff06fc,MD20900,خلاط دوش أسود,16,300.000,4800.000,310001527
8728f44a-44b7-f597-d9ab-f0b01b7b8165,bfcd94a4-91cd-6453-8a08-ec4711ff06fc,MA20903,خلاط حوض المطبخ سحاب كروم,48,195.000,9360.000,310001528
11c3e2b8-0d79-92d7-639a-124995673686,4ed9fc54-de9a-87b5-272e-f71b716a80b4,PD20889,حاجز دوش 100 * 190 سم 8مم أسود,4,465.000,1860.000,310001128
70d63c66-1501-54da-4893-425aae5a0c6f,bfcd94a4-91cd-6453-8a08-ec4711ff06fc,MA20904,خلاط حوض المطبخ سحاب أسود مطفي,24,220.000,5280.000,310001529
288453f0-fc30-5d7b-b2f6-eda7e936b5fc,bfcd94a4-91cd-6453-8a08-ec4711ff06fc,RO10916,مسكر زاوية  ''1/2 * ''1/2 كروم,100,20.000,2000.000,310001530
863fc0ca-2ac4-db09-5fc4-a8ac893283f3,bfcd94a4-91cd-6453-8a08-ec4711ff06fc,MA20905,خلاط حوض المطبخ سحاب كروم,36,390.000,14040.000,310001531
c204a8a4-7712-26d1-5220-bde2fe562e8d,c43c978a-77ab-62ea-787c-7687ffb15a67,ARSB80030,شطاف ظغط دائري مع طوبو كروم,10,110.000,1100.000,310000966
b122deb0-77b3-e5d9-1716-75075f4cdd7b,c43c978a-77ab-62ea-787c-7687ffb15a67,ARSB80031,شطاف ظغط دائري مع طوبو كروم,10,98.000,980.000,310000967
60da7e3e-3556-3d2c-1562-74b3c9456daa,c43c978a-77ab-62ea-787c-7687ffb15a67,ARSB80087,شطاف ظغط مربع مع طوبو كروم,10,115.000,1150.000,310000969
82836411-cae2-d0b7-5901-736337c61593,20be0eaa-d9d4-9287-8766-6e749027e2b5,CC10369,كولة فواصل 018,10,35.000,350.000,210001860
a2d13cd4-062b-8f9d-7dfe-5331eb8be905,20be0eaa-d9d4-9287-8766-6e749027e2b5,CC10368,كولة فواصل 007,5,35.000,175.000,210001861
5cb2c747-75ec-077c-d8e1-989f2a21e875,20be0eaa-d9d4-9287-8766-6e749027e2b5,CC10363,كولة فواصل 039,10,35.000,350.000,210001862
e5af9a04-c0e0-e7fa-d2d9-2de337349af0,246a9f9e-9733-3f65-1e53-d202ddb87fa4,ML30222,مرايا حمام مع إضاءة لد اطار ابيض,5,120.000,600.000,210001300
cbc9e491-648c-50ea-b57e-4daf20589183,1054fbd0-3bf2-97b5-65d9-0fb4d911867e,DAF0888,دفاية أسود,3,360.000,1080.000,310001080
719e032e-ad83-a1ba-ad95-e08ac6591710,7cd27470-7256-e1cc-0295-910d318be1f8,CC10332,صليبة بيضاء 2ملي,25,6.850,171.250,210001866
e2d4f414-d4ac-5b5f-d277-57c3e5dcb5bd,7cd27470-7256-e1cc-0295-910d318be1f8,CC10410,صليبة بيضاء 3ملي,10,6.850,68.500,210001867
449a98ea-51ee-6a8c-395c-d15b6149265b,7cd27470-7256-e1cc-0295-910d318be1f8,CC10331,"متبت صليبة المتفوق 
",40,8.000,320.000,210001868
954589ca-967a-5fed-5b57-6b81710e442f,ba1c4a3d-3ffd-b7a0-80c6-a3ebd18f1546,PA30606,ليفة تنضيف ألمنيوم,9,10.000,90.000,210001869
55a0a201-1f17-3fca-bcf2-6e3ac82f77be,b9b00d6b-57ad-1cfd-ea36-3c445ec99f39,ATWC50201,زر بتريا اسود,4,115.000,460.000,210001870
65d0439a-e161-e7fa-edd6-ef27ee2ad73d,6778daf7-9fea-3c4e-6344-825498a1ab21,PE30098,ملعقة 18سم,12,4.750,57.000,210000230
26c7720d-61ec-4850-3467-a2afc6372005,c43c978a-77ab-62ea-787c-7687ffb15a67,ARSB80818,شطاف ظغط دائري مع طوبو كروم,40,42.000,1680.000,310000970
a3cc897e-5ff7-0f1c-c29c-a2863354c872,c43c978a-77ab-62ea-787c-7687ffb15a67,ARSB80150,مصب حوض كروم,5,250.000,1250.000,310000961
1dede825-470d-1082-291a-f0dcf1a02029,c43c978a-77ab-62ea-787c-7687ffb15a67,ARSB80138,مصب حوض وجه مربع 22 سم كروم,10,295.000,2950.000,310000962
083d030f-bc3c-b016-dffd-4a04875bbc66,c43c978a-77ab-62ea-787c-7687ffb15a67,ARSB80017,مصب دوش قصير بدون تحويلة كروم,6,215.000,1290.000,310000964
49c048e8-01de-c5cf-5d3c-e1ab42bf7811,c43c978a-77ab-62ea-787c-7687ffb15a67,MDE50807,خلاط دوش مدفون ميريدا أسود,10,685.000,6850.000,310000929
d55b1396-2360-6d4d-36e1-1996efcd6011,7cd27470-7256-e1cc-0295-910d318be1f8,CC10323,صليبة بيضاء 1.5ملي,25,6.850,171.250,210001865
54e9b684-7928-1359-0670-7d272fa05201,c43c978a-77ab-62ea-787c-7687ffb15a67,ARSB80810,مصب دوش مربع قصير بدون تحويله أسود,6,470.000,2820.000,310000930
e70c1e42-be7e-ddca-f8c5-720857b50a02,4003dd29-66a1-e47c-2d40-1a460d654f4d,MC10856,مجرى 40 سم *6 سم كروم,6,185.000,1110.000,210001864
c3733728-08e9-8a40-8de4-3edb782bdfcd,bfcd94a4-91cd-6453-8a08-ec4711ff06fc,ME10920,خلاط حوض المطبخ شجرة كروم,36,260.000,9360.000,310001533
f1fe03f7-f64f-1abf-e4b3-3a6a1f1312ac,bfcd94a4-91cd-6453-8a08-ec4711ff06fc,ME10921,خلاط حوض المطبخ شجرة ذهبي,24,290.000,6960.000,310001534
d33eab8b-95e9-5b84-df95-9bb9d2e6f531,bfcd94a4-91cd-6453-8a08-ec4711ff06fc,MA20910,خلاط حوض المطبخ سحاب ذهبي,12,295.000,3540.000,310001537
92810841-0ba4-1784-f4b9-c60697405c4f,bfcd94a4-91cd-6453-8a08-ec4711ff06fc,MA20911,خلاط حوض المطبخ سحاب رصاصي,12,315.000,3780.000,310001538
6232aab6-46f9-e3c1-20bc-17f3e3cf34ef,bfcd94a4-91cd-6453-8a08-ec4711ff06fc,MA20912,خلاط حوض المطبخ سحاب كروم,36,190.000,6840.000,310001539
ae9b542d-82a9-afa0-9728-439863e6c9db,c43c978a-77ab-62ea-787c-7687ffb15a67,ARSB80499,سماعة دوش مع طوبو كروم,10,115.000,1150.000,310000960
3c9f16fe-a6a3-1c6d-dc10-f5de7fb4d172,bfcd94a4-91cd-6453-8a08-ec4711ff06fc,EL10702,حوض مطبخ ستانلس ستيل منظومة بيانو 304 75*46 أسود,20,600.000,12000.000,310001544
36e4a04d-fa40-45c1-4b20-99c7dfb8f467,c43c978a-77ab-62ea-787c-7687ffb15a67,PS20819,علاقة مناشف زوجية كروم,5,175.000,875.000,310000971
cf4de638-2d56-003a-fe2d-8096425b26b0,c43c978a-77ab-62ea-787c-7687ffb15a67,PS20820,علاقة مناشف فردية كروم,5,145.000,725.000,310000972
77c83b8f-befd-5600-5488-7c1b7f823330,1c09b4c9-28fd-7a5f-1a95-7c3489a941e6,MTE60675,خلاط شطاف مدفون كروم,14,235.000,3290.000,310000981
930a55a6-68ac-c333-fe8d-71034a72e86f,1c09b4c9-28fd-7a5f-1a95-7c3489a941e6,MDE50823,خلاط دوش مدفون شريحة مربع كروم,14,375.000,5250.000,310000984
8281394c-2421-b678-c535-08c2b7e358ca,f6275593-3242-f50a-558f-c9ceafc20c73,MLE40821,خلاط حوض وجه مدفون ذهبي,5,850.000,4250.000,310000976
ebaba1b7-f656-0c7e-507a-647065e4ebc9,f6275593-3242-f50a-558f-c9ceafc20c73,MTE60003,خلاط شطاف مدفون أسود,5,485.000,2425.000,310000980
7901ede7-48b7-0919-cd52-78a6c27e6b6e,f6275593-3242-f50a-558f-c9ceafc20c73,MLE40822,خلاط حوض وجه مدفون بلق أسود,5,895.000,4475.000,310000975
6446134d-7332-b521-3658-fdfd2e8405eb,061bbc83-bb0f-d0ba-199d-e85c0a27ed53,ELC1413,"مطول كهرباء 4مدخل 5متر
",12,30.500,366.000,210001874
c8be65a8-f5bb-0d15-ba58-8e338d3c26d9,061bbc83-bb0f-d0ba-199d-e85c0a27ed53,SI10138,سلكون  280 غرام أبيض التاج,48,6.375,306.000,210001875
7a4a1a48-44f1-f8ce-2ea5-43ce8a610c58,9fa223d0-032d-2afa-1016-9064c0b6dc41,ALVM50785,رأس سيفوني كروم,12,29.000,348.000,310000900
dc1fc035-bf93-3789-e223-451a288d30f6,061bbc83-bb0f-d0ba-199d-e85c0a27ed53,PE30034,استوك 4 كغ,8,18.500,148.000,210001879
74e011e7-c055-705d-d82e-1639cfdfd78c,061bbc83-bb0f-d0ba-199d-e85c0a27ed53,PA30415,فيتي 3.5 * 30 (1كيلوا),6,12.500,75.000,210001880
84304934-6bfb-667e-47ce-50e36c155a74,061bbc83-bb0f-d0ba-199d-e85c0a27ed53,PA30416,فيتي 3.5 * 40 (1كيلوا),6,12.500,75.000,210001881
01ef0805-ef89-755c-8ffa-b644ca24dbb8,061bbc83-bb0f-d0ba-199d-e85c0a27ed53,PA30586,سبتة التبجاني,12,15.500,186.000,210001882
349a4274-8ddb-e1a6-c78e-6583a22153d9,061bbc83-bb0f-d0ba-199d-e85c0a27ed53,PE30067,طلاء بخاخ داخلي و خارجي أسود لامع,12,4.833,58.000,210001883
99e2683d-bac3-5d76-4637-74f82006c103,246a9f9e-9733-3f65-1e53-d202ddb87fa4,ML30225,مرايا حمام مع إضاءة لد 60*80سم,5,85.000,425.000,210001303
36741573-00fc-33fa-d232-43cc1ccc1748,1d397afe-4b87-d191-59bb-f800a23c59b9,AB10744,خزانة حمام أبيض,10,200.000,2000.000,310001170
8fdf5be7-1516-883a-5a2e-a870fba210f6,c43c978a-77ab-62ea-787c-7687ffb15a67,MTE60806,خلاط شطاف مدفون أسود,10,475.000,4750.000,310000928
b0718a78-3fcd-1e5a-2293-5b29c472e2da,061bbc83-bb0f-d0ba-199d-e85c0a27ed53,PA30364,متر 3م,12,4.750,57.000,210001873
8531927c-c270-f02c-a273-0e5d9fd271b4,061bbc83-bb0f-d0ba-199d-e85c0a27ed53,PE30274,لصقة مع مجفف 300 مل,12,15.250,183.000,210001876
0ca24128-81d3-7891-906e-7c84118f0d7e,061bbc83-bb0f-d0ba-199d-e85c0a27ed53,PA30414,رأس غاز بلاستك,6,33.000,198.000,210001877
0d2929e9-592a-ce69-a5de-1efc30b4de54,061bbc83-bb0f-d0ba-199d-e85c0a27ed53,PE30035,استوك 1 كغ,24,6.500,156.000,210001878
92088c92-1217-3cf7-e9ca-f733edc3f632,061bbc83-bb0f-d0ba-199d-e85c0a27ed53,PA30056,بونتة 6 * 16سم,20,1.950,39.000,210001888
b73c7fff-99e0-3eaa-75c3-a66488dc191c,42098798-df0e-5c6a-a06e-d9fb5b6a735a,ML30787,مرايا حمام ضد البخار مع إضاءة لد 80*60 سم,12,105.000,1260.000,310000902
6498c6cb-be1f-cbb2-3515-9122e1c9e82c,fe1379a3-3277-78e8-ac2a-8226eb8e225a,P30097,عصاة رولة,24,9.750,234.000,210001893
82bc0349-d7f6-d45a-c37e-50f538d0b785,fe1379a3-3277-78e8-ac2a-8226eb8e225a,PE30584,فوم 600 غرام,12,14.750,177.000,210001895
a55ba40a-8df7-9746-16d3-b1049455f4c7,fe1379a3-3277-78e8-ac2a-8226eb8e225a,PE30271,طلاء بخاخ داخلي و خارجي أبيض لامع,12,4.833,58.000,210001897
e7745fde-0dda-69d0-2330-fec0d4639522,fe1379a3-3277-78e8-ac2a-8226eb8e225a,PE30419,استوك 25 كغ,10,67.900,679.000,210001899
dba3f25d-e223-1d36-0d45-62b07497c7b9,b333d6b1-24d9-a902-987c-f4fc2dc40682,ARSB80255,سماعة دوش مع طوبو كروم,6,105.000,630.000,210001359
2c2d6ea9-9338-6d25-df19-c35ce055103d,c43c978a-77ab-62ea-787c-7687ffb15a67,MLE40821,خلاط حوض وجه مدفون ذهبي,3,875.000,2625.000,310000973
09ff2df7-5162-ae1d-e44e-0f5f4754783d,061bbc83-bb0f-d0ba-199d-e85c0a27ed53,PA30493,بونتة 6 * 110 مم,20,1.750,35.000,210001889
9bbb0d1c-9ccd-3bf0-2850-5efe686f5f34,fe1379a3-3277-78e8-ac2a-8226eb8e225a,RA30050,طوبو رش 3/4 20 متر,6,50.000,300.000,210001894
e9e65e5d-cb9f-f5c5-2983-40b864a1665a,fe1379a3-3277-78e8-ac2a-8226eb8e225a,PA30497,بونتة 8 * 450 مم,10,5.500,55.000,210001890
1c35355c-874e-b669-efac-d1906d852938,fe1379a3-3277-78e8-ac2a-8226eb8e225a,PE30418,فوم 750غرام,24,18.000,432.000,210001896
6992965c-5dd3-51d3-8077-a1269216118a,fe1379a3-3277-78e8-ac2a-8226eb8e225a,PA30499,بونتة 16 * 450 مم,10,10.000,100.000,210001891
d2a12843-0d17-c107-93ff-4a706e41526a,fe1379a3-3277-78e8-ac2a-8226eb8e225a,PE30493,طلاء مائي داخلي 10 كغ أبيض نص لمعة,10,207.360,2073.600,210001898
8db7fcb8-86c2-d7b8-cb12-7319efcd8fec,fe1379a3-3277-78e8-ac2a-8226eb8e225a,PA30501,بونتة 20 * 450 مم,10,12.500,125.000,210001892
f321ceee-268e-a2fd-bd76-adaadac503cd,7b26ff2e-ca79-e99d-fc38-35d5e17aad1e,CC10366,كولة فواصل 033,20,35.000,700.000,210001904
95184eb4-8e80-4904-b44b-1290b8fbd14b,ebce3d13-908e-a644-48bb-7a0717341171,AASB30856,سلة قمامة ذهبي معلقة 5 لتر,12,100.000,1200.000,310001461
4550b4af-3221-f3d6-b925-67c06a421183,1f86432d-64c6-d535-58ff-650690dbc3ef,ELC2395,قرجوطة 16مم *50 م,10,25.000,250.000,210001905
1b842e0d-0355-4ecf-a6d2-3fbc03300e15,1f86432d-64c6-d535-58ff-650690dbc3ef,ELC2001,قرجوطة 19مم *50 م,10,29.000,290.000,210001906
4e96a995-1277-b5c0-0177-780729f3ffaa,1f86432d-64c6-d535-58ff-650690dbc3ef,ELC2003,قرجوطة 23مم *50 م,6,37.500,225.000,210001907
f130bf86-c369-c91c-1b6a-c6a86f11b4d9,1c09b4c9-28fd-7a5f-1a95-7c3489a941e6,ARSB80824,كسكاس دوش مربع 250*250 مم مع قصبة كروم,20,275.000,5500.000,310000987
887b2591-a7eb-6a22-79f2-32285abac20b,1c09b4c9-28fd-7a5f-1a95-7c3489a941e6,ARSB80825,كسكاس دوش دائري شريحه 250 مم مع قصبة كروم,10,285.000,2850.000,310000988
147567e3-6c6a-d856-974b-1ebfd9d5255f,1c09b4c9-28fd-7a5f-1a95-7c3489a941e6,ARSB80826,كسكاس دوش دائري 250 مم مع قصبة كروم,10,240.000,2400.000,310000989
a3af3b9a-aa9f-0318-dce5-a7ceb5563c17,1c09b4c9-28fd-7a5f-1a95-7c3489a941e6,MDE50676,خلاط دوش مدفون كروم,14,375.000,5250.000,310000982
2bc3bc57-2987-49d1-40f8-0540bedf0a15,97d6ad8d-e82b-7b25-2a7f-dd9c1bd11a85,WS10015,صندوق مقعد معلق أبيض,6,90.000,540.000,310001548
c0802b09-8656-1b22-531b-0dc5e6207587,97d6ad8d-e82b-7b25-2a7f-dd9c1bd11a85,WS10014,مقعد معلق (صندوق خارجي) أبيض,6,500.000,3000.000,310001549
e5319b46-de03-6256-5755-726cc3277ae6,17a8af22-0dec-4831-77cd-1bd12302b392,CD40002,مسطرة دوش زوجية كروم,4,295.000,1180.000,210001394
0d997305-8786-2516-cc83-a6eb9559a3e6,fe1379a3-3277-78e8-ac2a-8226eb8e225a,PE30036,استوك 18 كغ,20,43.650,873.000,210001903
374dc6a7-f4ed-4ee0-2554-e48dda1f2907,17a8af22-0dec-4831-77cd-1bd12302b392,MI10263,مراية تجميل مكبرة,4,58.000,232.000,210001404
37010854-a4cf-2f38-f82a-16efa1634ad5,1d397afe-4b87-d191-59bb-f800a23c59b9,ART0746,مرايا حمام مع إضاءة لد,10,100.000,1000.000,310001181
634848bf-dfa0-1d2b-d635-8e51b530fbaf,2ea21945-ddde-adcb-e652-27f03fa61db7,AECU50100,سيفون حوض المطبخ,35,21.500,752.500,310001335
9437d27e-b791-ac2c-84df-7478798645a2,99b70c72-5d15-6c7b-f85b-26fff822c04b,MC10648,مجرى 60 سم *8 سم كروم,60,100.000,6000.000,310000723
b947b675-672b-8b91-e6fe-dbb465844716,1d397afe-4b87-d191-59bb-f800a23c59b9,AB10741,خزانة حمام أبيض,10,200.000,2000.000,310001182
00b6a805-f39a-5530-0c9f-16cb890236b3,1d397afe-4b87-d191-59bb-f800a23c59b9,AM0736,دولاب حمام مع حوض وجه 60 سم,10,740.000,7400.000,310001183
659bb478-f22c-eedc-f090-0d242e9b67a2,1c09b4c9-28fd-7a5f-1a95-7c3489a941e6,MLE40823,خلاط حوض وجه مدفون مع مَصَب كروم,6,560.000,3360.000,310000983
ce4b6a90-e7e7-ef2d-d4b5-9d3762eed2a2,c9038f6f-34b7-14b7-5942-5a3a991e7ba7,MT30786,خلاط شطاف مع شطاف كروم,6,98.000,588.000,310001315
9ac0f2d9-2bb6-ed32-22cb-901d43fb406b,c43c978a-77ab-62ea-787c-7687ffb15a67,MDE50822,خلاط دوش مدفون ايدج ذهبي,3,755.000,2265.000,310000995
e354a5d4-c92b-e405-34de-dce40e7a21a5,b6a84c5d-19b9-7dec-cb97-796f8e270134,SC10832,بوكس زاوية  200*100*80 سم كروم,4,400.000,1600.000,310000997
4db17cad-322a-d15d-5645-81857d7b50a0,b6a84c5d-19b9-7dec-cb97-796f8e270134,SC10833,بوكس زاوية  200*120*80 سم كروم,3,450.000,1350.000,310000998
84bdb9fa-c895-1ed1-bcc8-6ffaeb3fdb0e,f6275593-3242-f50a-558f-c9ceafc20c73,MTE60147,خلاط شطاف مدفون ذهبي,4,485.000,1940.000,310000977
8578aaa4-22d2-79d2-c4f7-11bc5b7ebb83,17a8af22-0dec-4831-77cd-1bd12302b392,ARSB80184,رشاش دوش كروم,15,38.000,570.000,210001410
1bf33248-3504-698d-2a09-e7f316fa0800,cff07310-f241-5864-1d9d-22aee516ea56,AASB30757,مجفف يد ذهبي,3,182.000,546.000,310001199
f3af84be-2114-2f54-2801-b902512e9b26,00e5af2e-b130-3331-750d-3b144daca144,VS10828,حوض وجه معلق أسود -60سم,20,295.000,5900.000,310001453
44560bbf-a85a-39fc-ec87-d9808f359665,4ed9fc54-de9a-87b5-272e-f71b716a80b4,MD20524,خلاط دوش كروم,12,77.000,924.000,310001123
10c6dfad-96b2-b4e9-f38c-4ea358e9da34,f6275593-3242-f50a-558f-c9ceafc20c73,MDE50821,خلاط دوش مدفون فلفيت دائري أسود,5,650.000,3250.000,310000978
94a0762c-30ad-43f5-8426-e50830bd0268,1b67b8e0-b4e9-dcf6-3646-657265a60d6f,AASB3105,رف زجاجي كروم,6,83.000,498.000,310001002
b3aeed7b-1394-d22e-0a80-2624f4fe2d6b,1b67b8e0-b4e9-dcf6-3646-657265a60d6f,AASB30045,رف زجاجي كروم,6,71.000,426.000,310001003
454fa3f5-31b1-8986-0875-2c14bcd29226,c7543c6d-da54-ac1d-9394-0320596c8349,MC10413,سرفنتينة 15 سم * 15 سم كروم,20,65.000,1300.000,310000991
3fba57b5-6ff3-4514-06d3-248be74aff67,c43c978a-77ab-62ea-787c-7687ffb15a67,ME10572,خلاط حوض المطبخ شجرة كروم,12,225.000,2700.000,310000965
8e5d8b99-0f48-4079-3802-b7fc8876ac75,f9833bdd-a6c7-b01a-76d8-0151281e194b,ML30835,مرايا حمام ضد البخار مع إضاءة لد 60*80 سم,20,105.000,2100.000,310001000
4204dc62-b554-f813-183d-cf70fdad32d0,7a3ba507-b21f-15a0-5eae-273556fe35a9,VS10191,حوض وجه معلق -80 سم,5,405.000,2025.000,310001550
2405f7d4-7951-3f40-0fc5-62980721a3e4,c7543c6d-da54-ac1d-9394-0320596c8349,PLSA0827,مطول 1/2 *10 سم نحاسي,1,2.000,2.000,310000992
15b00511-ff82-6529-8a7f-3278ad7e1d80,90aa7cd1-09bf-c3ed-2d36-c479420248b1,PE30423,شيمة جبس,1,10.000,10.000,210001910
0d6c2d95-ecfa-4540-73d1-528d28d388de,342991aa-a1d1-55de-6377-bfb4faa70d3e,EL10251,حوض مطبخ ستانلس ستيل 60*45  أسود,2,490.000,980.000,310001211
3a675856-4eff-0480-f586-afd76a9d77fd,92cf92b4-0a4b-f567-a9e8-afe21539cf94,PA30046,كيس فارغ أبيض,500,0.800,400.000,210001911
db1d9d70-7ec6-8d28-ea50-b6a1682b9289,eaf71121-021c-cf55-d2cf-f98384a5658c,PE30996,قطرامينة 15ك مائية سطل بلاستك,10,53.760,537.600,210001433
770c04f8-ba80-be98-fd76-e8e45fef2239,342991aa-a1d1-55de-6377-bfb4faa70d3e,EL10040,حوض مطبخ ستانلس ستيل   304 76 * 45 سم,5,515.000,2575.000,310001212
a98f2975-3a36-0816-26f4-bd0016e44092,342991aa-a1d1-55de-6377-bfb4faa70d3e,EL10433,حوض مطبخ ستانلس ستيل 76*45  أسود,2,575.000,1150.000,310001213
035431c4-53b2-2439-1c31-a7fefd9d7d84,f6275593-3242-f50a-558f-c9ceafc20c73,MDE50822,خلاط دوش مدفون ايدج ذهبي,3,755.000,2265.000,310000996
512fb0e4-60eb-5b9e-830a-5408b431fb88,1b67b8e0-b4e9-dcf6-3646-657265a60d6f,ALVM50061,مطول سيفون حوض الوجه كروم,10,23.000,230.000,310001007
6200b931-7d2b-3134-0030-a9b90a2ac923,f9833bdd-a6c7-b01a-76d8-0151281e194b,AB10839,خزانة حمام أبيض,10,270.000,2700.000,310001009
be711ca0-d9eb-3950-775e-1479fb28c5e7,f9833bdd-a6c7-b01a-76d8-0151281e194b,AM0841,حوض وجه مع دولاب حمام -80 سم,10,700.000,7000.000,310001010
ca67dc1f-e40e-b50e-dca5-37753b4b6f81,f9833bdd-a6c7-b01a-76d8-0151281e194b,AB10843,خزانة حمام أبيض,8,270.000,2160.000,310001012
baf6c6f6-2765-3df2-f88e-b7a097f25db1,f9833bdd-a6c7-b01a-76d8-0151281e194b,AM0845,حوض وجه مع دولاب حمام -80 سم,8,700.000,5600.000,310001013
bdf2f27d-7ea3-e3ae-92ef-fed8fb545697,f9833bdd-a6c7-b01a-76d8-0151281e194b,AM0847,حوض وجه مع دولاب حمام -80 سم,10,700.000,7000.000,310001014
99b6e943-88e8-e287-31e6-c44a6fce33c1,257d3a10-e07d-4b06-9422-fb2d2f4de6f8,EG30864,حوض مطبخ جرانيت بيج79*51 فردي,20,475.000,9500.000,310001555
12eb14e6-b87d-88ef-185d-71354622353f,8cf6fd27-84b9-f495-3a9a-fc010aca3969,CE10007,سخانة 80 لتر,5,430.000,2150.000,310000580
59ad6dbf-c358-d184-0d3f-cfd1206a8807,6778daf7-9fea-3c4e-6344-825498a1ab21,PE30107,"صندوق عدة بلاستك 17"" 42*22*19.5سم",2,38.000,76.000,210000239
79e7e6fb-2c72-bd57-d100-ebcf8cc750e3,6778daf7-9fea-3c4e-6344-825498a1ab21,PE30113,ملعقة رقم 20,12,5.000,60.000,210000245
57e599de-4cde-902b-7e96-a2eceb9e19cd,ee291ef1-e915-989a-0286-38cbf7b5a41a,CE10007,سخانة 80 لتر,5,430.000,2150.000,210001426
f8f78669-b89f-e2e6-089f-38c4cd8a873f,257d3a10-e07d-4b06-9422-fb2d2f4de6f8,EG30866,حوض مطبخ جرانيت رصاصي79*51 فردي,15,475.000,7125.000,310001557
add958fc-f844-a934-ce73-bd197fd34805,f9833bdd-a6c7-b01a-76d8-0151281e194b,AB10848,خزانة حمام أبيض,10,270.000,2700.000,310001015
746b9dd0-e2ad-8599-d1a4-f7ae43e53bbd,257d3a10-e07d-4b06-9422-fb2d2f4de6f8,EG30868,حوض مطبخ جرانيت بيج60*45 فردي,20,425.000,8500.000,310001559
b80ddfb4-50ca-d6be-aaf8-c3c5afe589f7,f9833bdd-a6c7-b01a-76d8-0151281e194b,AM0851,حوض وجه مع دولاب حمام -80 سم,9,700.000,6300.000,310001017
2094f741-3d25-d8bc-e98b-4b2584e4cecc,f9833bdd-a6c7-b01a-76d8-0151281e194b,AM0853,حوض وجه مع دولاب حمام -80 سم,8,700.000,5600.000,310001018
fa4936a7-9ce7-161f-00b5-0ffc200dc516,f9833bdd-a6c7-b01a-76d8-0151281e194b,ML30836,مرايا حمام ضد البخار مع إضاءة لد 60*80 سم,3,105.000,315.000,310001001
920fa588-cbea-e44b-cf11-8e2ccc9bd2ad,f9833bdd-a6c7-b01a-76d8-0151281e194b,AB10842,خزانة حمام أبيض,10,270.000,2700.000,310001011
055ac0ee-5b51-5bb5-bf41-6e7540e9bc29,f9833bdd-a6c7-b01a-76d8-0151281e194b,AB10849,خزانة حمام أبيض,9,270.000,2430.000,310001016
85c7dcca-7bbc-62b9-b892-1201a9afa310,f9833bdd-a6c7-b01a-76d8-0151281e194b,AB10854,خزانة حمام أبيض,8,270.000,2160.000,310001019
f0d5cf6d-bbe7-b056-149f-517696c016e9,0244e34c-6140-fc1b-9843-b2959ea2d5de,P30113,بدل كورة,5,142.000,710.000,210000266
22d4a633-a0e1-6418-d2c7-04b2313e98f3,916ab6f6-2b4b-bf14-508c-019837d6c043,PA30118,ميزان إلكتروني 30 كغ,1,135.000,135.000,210000276
f8346505-6669-c647-aa60-a8c317acd63c,3ec3d01f-c941-39e0-6ca9-f08c6bb4992b,AECU50425,سيفون حوض المطبخ,15,17.500,262.500,210001914
09481a2a-739c-8c21-dfa2-34970e307629,3ec3d01f-c941-39e0-6ca9-f08c6bb4992b,ALVM50240,مثبت حوض الوجه,25,3.500,87.500,210001913
520532b7-90c5-b693-2323-5afd9269994c,3ec3d01f-c941-39e0-6ca9-f08c6bb4992b,PLSA0241,مطول  15 مم كروم,50,5.900,295.000,210001919
f128c5f9-158f-afc8-ee5b-9eba8dd45bb7,42098798-df0e-5c6a-a06e-d9fb5b6a735a,ML30788,مرايا حمام ضد البخار مع إضاءة لد 60*80 سم,12,105.000,1260.000,310000903
9cbbece2-f566-8a80-cb8c-16912ba7abdc,916ab6f6-2b4b-bf14-508c-019837d6c043,PA30120,رأس قفل  7 سم,12,22.500,270.000,210000278
6db13e2e-92c8-232e-2d14-fbe34e861b84,3ec3d01f-c941-39e0-6ca9-f08c6bb4992b,AASB30427,رف زاوية زوجي ذهبي,6,115.000,690.000,210001920
dc371e99-db9c-002e-3ab5-8687f18664f5,3ec3d01f-c941-39e0-6ca9-f08c6bb4992b,AASB30428,رف زاوية زوجي اسود,6,88.000,528.000,210001921
c03d884f-aa63-7786-c5a9-5afb883e58be,3ec3d01f-c941-39e0-6ca9-f08c6bb4992b,PLSA0237,وردة كروم1/2,50,4.750,237.500,210001922
a1c57f5a-06ec-c49c-bf64-32a73356f075,3ec3d01f-c941-39e0-6ca9-f08c6bb4992b,SA10809,طقم اكسسوار أسود الامونيوم,6,125.000,750.000,210001923
0b632c57-49cb-7943-4beb-301cc478c2a2,3ec3d01f-c941-39e0-6ca9-f08c6bb4992b,SA10810,طقم اكسسوار كروم الامونيوم,5,120.000,600.000,210001924
16ff58b0-6bfd-6b76-7e9d-a7770d7612f3,3ec3d01f-c941-39e0-6ca9-f08c6bb4992b,ML30796,مرايا حمام ضد البخار مع إضاءة لد 80*100 سم,6,180.000,1080.000,210001925
dd1e817e-f9c4-d5fa-ae69-24866bb12c34,3ec3d01f-c941-39e0-6ca9-f08c6bb4992b,ALVM50429,رأس سيفوني اسود,20,18.500,370.000,210001926
a6dd0358-0659-99d6-6c6a-f9a011340f8d,3ec3d01f-c941-39e0-6ca9-f08c6bb4992b,ALVM50430,رأس سيفوني رخامي,12,45.000,540.000,210001927
ca3af388-d269-3189-2ce7-ac930963395d,3ec3d01f-c941-39e0-6ca9-f08c6bb4992b,MD20011,خلاط دوش كروم,6,195.000,1170.000,210001928
97a872ee-028f-4ae4-4b93-15860c2153f4,3ec3d01f-c941-39e0-6ca9-f08c6bb4992b,MT30061,خلاط شطاف مع شطاف كروم,6,145.000,870.000,210001929
1377196b-8677-8dea-8c61-edae3246f506,3ec3d01f-c941-39e0-6ca9-f08c6bb4992b,ML10024,خلاط حوض وجه  15 سم كروم,6,185.000,1110.000,210001930
3f408048-597d-3e42-7f94-7f4edcda4e1d,3ec3d01f-c941-39e0-6ca9-f08c6bb4992b,CD40002,مسطرة دوش زوجية كروم,5,310.000,1550.000,210001918
1a03e271-7fa6-4386-6f08-ae45864e66c6,c9038f6f-34b7-14b7-5942-5a3a991e7ba7,ARSB80794,مصب دوش بالتحويلة كروم انحاس,4,150.000,600.000,310001326
79561079-f99f-3d6d-10e9-4b47893c666c,c7543c6d-da54-ac1d-9394-0320596c8349,PLSA0241,مطول  15 مم كروم,29,4.500,130.500,310001020
08eeeecb-bee0-a799-a48c-a13aa237627b,a4439e7c-03a5-8bb0-39d3-a932babbb998,MD20242,خلاط دوش كروم,12,235.000,2820.000,310001025
97d95898-7e3d-1b09-89b7-b073a28f3521,3ec3d01f-c941-39e0-6ca9-f08c6bb4992b,ML10025,خلاط حوض وجه  20 سم كروم,6,185.000,1110.000,210001932
a1242046-6609-8f2d-9416-81c10d5a94e6,3ec3d01f-c941-39e0-6ca9-f08c6bb4992b,MD20023,خلاط دوش كروم,6,165.000,990.000,210001933
8cf0afe4-86cf-9dd0-14cf-159beb560aba,a4439e7c-03a5-8bb0-39d3-a932babbb998,ARSB80813,مصب دوش قصير بتحويلة كروم,14,325.000,4550.000,310001026
5553edd4-a807-926b-5716-0a859e69a9dc,a4439e7c-03a5-8bb0-39d3-a932babbb998,MC10855,مجرى 30 سم *6 سم كروم,12,165.000,1980.000,310001027
b18c47ba-d4cc-f850-9dd8-f5863b8a6da3,a4439e7c-03a5-8bb0-39d3-a932babbb998,MC10856,مجرى 40 سم *6 سم كروم,12,175.000,2100.000,310001028
5048b63b-f3e2-d588-b9fe-0fc42ecdab6c,a4439e7c-03a5-8bb0-39d3-a932babbb998,ARSB8022,مخرج شطاف مع علاق  كروم,12,82.000,984.000,310001021
76a74c82-4fea-e442-e7dc-0c1dcc52ba2e,4366a179-60ce-b958-6306-48b819c9f8f0,RO10294,حنفية غسالة  ''1/2 * ''3/4 كروم,25,30.500,762.500,310001043
420350ae-7179-0e84-ea5e-7aac191caf68,9e663a29-a50f-2572-80a4-7e4df442886e,PE30130,قادومة 500 غ,10,7.750,77.500,210000288
8ba10b26-80f7-76d3-73da-a77a663787cf,3ec3d01f-c941-39e0-6ca9-f08c6bb4992b,MT30025,خلاط شطاف مع شطاف كروم,6,130.000,780.000,210001934
fa1ea4c0-e708-8386-7dd3-7e165e182401,3ec3d01f-c941-39e0-6ca9-f08c6bb4992b,ML10058,خلاط حوض وجه  15 سم كروم,6,150.000,900.000,210001935
2f509f7b-963a-ee09-7e0e-38c23fba27d6,9e663a29-a50f-2572-80a4-7e4df442886e,PA30144,سلوم 5 درجات,2,255.000,510.000,210000299
53bc5c5b-c1bf-eefd-9c4d-4e197bff94ae,3ec3d01f-c941-39e0-6ca9-f08c6bb4992b,MT30062,خلاط شطاف مع شطاف كروم,6,145.000,870.000,210001931
10d51764-17d6-7018-bb8c-2927bc677fc4,1196c726-0e93-836c-1a12-0cb5c830e844,ML30752,مرايا حمام مع إضاءة لد-عرض60*80 سم,10,100.000,1000.000,310001513
374d5ad5-8a67-993c-bb38-b631189de806,58162f30-35e9-1288-7aab-dbb1c528aac9,PLSA0264,وردة أسود,12,16.750,201.000,310001044
5c94995e-19a7-f1ed-48e7-86166565afba,58162f30-35e9-1288-7aab-dbb1c528aac9,ALVM50867,رأس سيفوني اسود,6,42.500,255.000,310001045
53cf810a-fde2-b92d-903d-d539bc31c1b0,b8fb336e-799d-263d-e054-e68246f9ddf5,MC10413,سرفنتينة 15 سم * 15 سم كروم,40,110.000,4400.000,310001347
c717d0f7-e4c1-8ab6-d794-87e4fc708028,a17ae495-978d-9d78-6a29-4a93558749d4,ARSB80613,يد خلاط  مدفون كروم,8,50.000,400.000,310000665
ad746273-82c6-f2a5-efd6-a84b7a727733,58162f30-35e9-1288-7aab-dbb1c528aac9,RFP1868,"فسيبلي "" 1/2 أنثى * ""1/2 أنثى 50سم",10,45.000,450.000,310001046
3f0c5686-1e87-1548-da93-0eac67fb5cc7,58162f30-35e9-1288-7aab-dbb1c528aac9,RFP1869,"فسيبلي "" 1/2 أنثى * ""1/2 أنثى 50سم",10,65.000,650.000,310001047
cccdf250-bca8-0a4e-b78a-50fc7e98c5bf,58162f30-35e9-1288-7aab-dbb1c528aac9,AASB30870,رف زاوية زوجي كروم,4,135.000,540.000,310001048
f9e17b83-479d-899f-36ba-6d7ee2d128d5,58162f30-35e9-1288-7aab-dbb1c528aac9,AASB30871,رف زاوية زوجي كروم,4,145.000,580.000,310001049
0423f1f6-f728-17f2-ad46-e11b00fa3531,0502e755-f697-333b-ae38-7cfdd03f8b37,VS10201,حوض وجه معلق -80 سم,5,506.000,2530.000,310001050
eb21648c-6250-2f8d-958b-fc702c8bc7dd,0502e755-f697-333b-ae38-7cfdd03f8b37,VS10125,حوض وجه معلق -55 سم,4,219.000,876.000,310001051
2a227180-9cfe-cb78-e428-b20e6b11b963,0502e755-f697-333b-ae38-7cfdd03f8b37,VS10872,حوض وجه معلق -60 سم,6,258.000,1548.000,310001052
da3ab8f6-dc6f-b33e-65f7-a92ca0d0923b,1d397afe-4b87-d191-59bb-f800a23c59b9,EL10865,حوض مطبخ ستانلس ستيل   304 76 *50.5 سم,4,545.000,2180.000,310001040
49c97932-7c7c-31a7-b536-a312672171dd,4ed9fc54-de9a-87b5-272e-f71b716a80b4,CD40755,مسطرة دوش زوجية كروم,10,128.000,1280.000,310001196
67d5bc62-7de3-3980-b002-6c91c7376ff4,dcb439cf-c425-2d3f-a89d-6e75e2ff146e,PE30171,"فرشة طلاء 2"" 50.8 مم",12,2.800,33.600,210000317
8b7d8434-ef27-c605-7e5e-3d2dac0ad63c,cff07310-f241-5864-1d9d-22aee516ea56,AASB30311,مجفف شعر ابيض,6,86.000,516.000,310001197
ddfd0d04-4982-f1c8-2ce7-0a321649299b,cff07310-f241-5864-1d9d-22aee516ea56,AASB30756,مجفف يد أسود,3,182.000,546.000,310001198
656dbbea-b827-e702-aa66-b96ede449575,1d397afe-4b87-d191-59bb-f800a23c59b9,ML30864,مرايا حمام مع إضاءة لد 80*80 سم,12,95.000,1140.000,310001039
16743ac6-7470-7396-34b3-4254615f79ca,0502e755-f697-333b-ae38-7cfdd03f8b37,VS10874,حوض وجه معلق -80 سم,5,267.000,1335.000,310001054
883141a7-2985-a22a-c5da-95986c7e60f1,a65086da-7f2b-fd09-7845-4bfe9f884749,ALVM50240,مثبت حوض الوجه,100,2.600,260.000,310001056
d1fbea62-bded-6971-7946-f97e7f1366f4,a65086da-7f2b-fd09-7845-4bfe9f884749,ACE20242,مثبت سخانة,50,2.600,130.000,310001057
cbf74426-3aa5-f1ed-c667-725eae44223f,a65086da-7f2b-fd09-7845-4bfe9f884749,PLSA0234,"نبلس ""1/2 * ""1/2 كروم",52,3.850,200.200,310001058
29508d1e-43d8-f590-dfab-13f362c648c1,a65086da-7f2b-fd09-7845-4bfe9f884749,ATWC50314,صندوق طرد مدفون بتارية مع زر مربع 9 لتر,3,905.000,2715.000,310001059
afc7c2b8-c70c-53e9-283b-67b62c882315,acc766eb-7be2-ca03-b69d-ec7bc387cc70,MA20876,خلاط حوض المطبخ سحاب أسود لامع,3,705.000,2115.000,310001061
9b2c4b18-e0b9-8ded-a7a5-9e3019c6e568,acc766eb-7be2-ca03-b69d-ec7bc387cc70,RFP1877,"فسيبلي خلاط مطبخ شجرة (2طرف) ""1/2أنثى 60سم",20,12.500,250.000,310001063
643011ae-1618-acbf-9b54-b36caa15684d,b699503e-e081-c398-aeaa-d8c9f5141d27,RO10329,حنفية 3/4,12,16.500,198.000,310001064
07fc076a-03bc-f655-9cb7-3b4bc17afa6b,b699503e-e081-c398-aeaa-d8c9f5141d27,APCI40229,مطول 1/2 *10 سم كروم,60,5.250,315.000,310001065
798b15d3-5757-fd48-03cf-9a517d5c92ba,342991aa-a1d1-55de-6377-bfb4faa70d3e,EL10136,حوض مطبخ ستانلس ستيل   304 60 * 45 سم,6,475.000,2850.000,310001210
1a56d306-8d3a-65a3-ef83-e1ecc30eae98,5520c887-467d-477c-0a85-d817f6781a84,WP20809,مقعد أرضي أبيض,6,300.000,1800.000,310001066
cfa01e5b-c1ca-c138-d00f-bc8e59f7e612,5520c887-467d-477c-0a85-d817f6781a84,WS10878,مقعد معلق أبيض,6,450.000,2700.000,310001067
cda272b4-c9af-054a-163e-882db872127b,5520c887-467d-477c-0a85-d817f6781a84,WP20803,مقعد أرضي أبيض,6,265.000,1590.000,310001068
efda2da1-263d-4736-2055-3a87f28829b2,5520c887-467d-477c-0a85-d817f6781a84,WS10880,مقعد معلق أبيض,4,240.000,960.000,310001070
bb57dd28-986e-c146-9d62-5411fff6b1da,5520c887-467d-477c-0a85-d817f6781a84,VS10881,حوض وجه معلق40 سم أبيض,6,80.000,480.000,310001071
d3c02bca-1f13-ff8b-223b-9b7afcf34b8d,257d3a10-e07d-4b06-9422-fb2d2f4de6f8,EG30873,حوض مطبخ جرانيت بيج72*47 فردي,20,480.000,9600.000,310001564
808510fd-bff1-c0e6-ce24-f8d3c7ec5bba,257d3a10-e07d-4b06-9422-fb2d2f4de6f8,EG30872,حوض مطبخ جرانيت أسود مطفي72*47 فردي,20,480.000,9600.000,310001565
d0b0269c-c299-593b-70b2-bbb829f78516,257d3a10-e07d-4b06-9422-fb2d2f4de6f8,EG30871,حوض مطبخ جرانيت رصاصي72*47 فردي,15,480.000,7200.000,310001566
3da24123-baea-a29c-1a3b-d537c84136e6,5520c887-467d-477c-0a85-d817f6781a84,VS10883,عمود حوض وجه أرضي أبيض,10,40.000,400.000,310001073
0c7e5286-542e-662a-f80f-3b48657a9922,cd715336-3c39-64e5-08f5-b1a98c0df5a9,PLSA0403,وردة كروم,60,4.250,255.000,310001074
38b6173a-b30d-bbfd-02c7-68264b296c0c,cd715336-3c39-64e5-08f5-b1a98c0df5a9,PLSA0404,وردة كروم,60,5.250,315.000,310001075
2771d9da-9635-6fa5-7453-c86c06f738f9,c0430e59-16bf-fa53-4379-e94f9e0695ec,RFP1884,"فسيبلي "" 1/2 أنثى * ""1/2 أنثى 40سم",20,8.500,170.000,310001076
d3b75f54-c2db-99a2-f011-46c0c20c1b9c,b9294d99-8bbc-6a15-9457-0ad6b02bd9ab,MC10885,سرفنتينة 15 سم * 15 سم كروم,15,59.000,885.000,310001077
230e864d-b282-1059-6313-3c7774168f9f,0d14790d-207a-0013-8cd9-dda21ed3e7c1,VS10121,حوض وجه معلق -100 سم,4,585.000,2340.000,310000839
3d202061-c936-58ff-f2b4-7fc76c96beeb,0d14790d-207a-0013-8cd9-dda21ed3e7c1,ALVM50730,سيفون حوض الوجه كروم,10,70.000,700.000,310000840
66e60ac2-2fa5-8d36-9b97-a29a31f398c4,1d397afe-4b87-d191-59bb-f800a23c59b9,EL10020,حوض مطبخ ستانلس ستيل   304 86 * 45 سم,5,645.000,3225.000,310001029
1febdf7b-63c6-3ddf-7929-7813b7b58521,1d397afe-4b87-d191-59bb-f800a23c59b9,ML10858,خلاط حوض وجه ذهبي,12,77.000,924.000,310001032
ee71aa3a-c50b-ddd6-e2e2-4e31e11322a5,1d397afe-4b87-d191-59bb-f800a23c59b9,ML10859,خلاط حوض وجه أسود,12,60.000,720.000,310001035
7a700094-aabb-5d62-8633-ef8f60a6a51e,1d397afe-4b87-d191-59bb-f800a23c59b9,ML10018,خلاط حوض وجه كروم,10,255.000,2550.000,310001036
78c4dd95-a42b-cb12-5ecd-974b02637b88,1d397afe-4b87-d191-59bb-f800a23c59b9,ME10862,خلاط حوض المطبخ شجرة كروم,10,285.000,2850.000,310001037
2fb56386-90ba-8a92-babc-513a544e99c4,257d3a10-e07d-4b06-9422-fb2d2f4de6f8,EG30880,حوض مطبخ جرانيت رصاصي50*43 فردي,5,405.000,2025.000,310001569
54118d1f-9cb0-2085-96e4-2992b4802401,257d3a10-e07d-4b06-9422-fb2d2f4de6f8,EG30879,حوض مطبخ جرانيت بيج50*43 فردي,5,405.000,2025.000,310001570
a2be7b08-0e3d-46f9-82a4-43d616ec732f,257d3a10-e07d-4b06-9422-fb2d2f4de6f8,EG30881,حوض مطبخ جرانيت أسود مطفي78*50 فردي,5,555.000,2775.000,310001572
c3cad377-ec75-3ae1-8da7-5e7209b3476e,257d3a10-e07d-4b06-9422-fb2d2f4de6f8,EG30882,حوض مطبخ جرانيت بيج78*50 فردي,5,555.000,2775.000,310001573
33f8de1d-25b7-e26c-86e2-118c52f3de6d,54e3a0e6-d0b4-a47a-4967-7968c5ad0858,ART0003,حوض مطبخ ستانلس ستيل نص منظومة  304 75*45كروم,15,385.000,5775.000,310001095
6934f898-7b61-cacd-5293-f319623188f6,257d3a10-e07d-4b06-9422-fb2d2f4de6f8,EL10885,حوض مطبخ ستانلس ستيل   65*45 رصاصي,10,255.000,2550.000,310001575
212c6052-40c3-5eeb-886d-b464963baa90,c07fc0c1-0483-67ea-1cd5-4ee6c021400b,ML30592,مرايا حمام مع إضاءة لد مربعة 60*80سم,12,145.000,1740.000,310001101
1034416d-5972-439a-b05f-4bfa2be3a4d5,c07fc0c1-0483-67ea-1cd5-4ee6c021400b,LG40902,حوض رخامي كوريان 80سم,6,340.000,2040.000,310001110
6e7367ab-00d8-bf56-52cd-042d4e8f3ed2,c07fc0c1-0483-67ea-1cd5-4ee6c021400b,ML30903,مرايا حمام مع إضاءة لد 60*80 سم,6,100.000,600.000,310001111
1409e407-287c-e3be-9b5e-7e19436901bf,4ed9fc54-de9a-87b5-272e-f71b716a80b4,ARSB80908,كسكاس دوش مربع 300*200 مم مع قصبة كروم,10,54.000,540.000,310001120
813624f8-e044-1787-60a1-eb21355f3d29,4ed9fc54-de9a-87b5-272e-f71b716a80b4,ARSB80909,كسكاس دوش مربع 300*200 مم مع قصبة كروم,6,79.000,474.000,310001121
46a0bbd4-0b2c-5e38-395d-47854515bd56,b7b4f878-2013-9eed-184d-2de35909c45a,CE10224,سخانة 50 لتر,4,660.000,2640.000,210001697
73d86fb0-5d1d-9738-395b-c6b88dafe5fb,efd2c0d5-6486-8c16-7b9a-890d734dacfc,SI10136,سلكون  280 غرام شفاف التاج,48,6.459,310.001,210001711
da39a86d-16bd-61dc-fcdd-03ae0db61003,55010a23-fc64-62a0-cb50-e5c6c4a297f7,MD20278,خلاط دوش  كروم,3,299.250,897.750,210001440
083bfd47-37b2-2cde-d335-580cc6f2e672,c43c978a-77ab-62ea-787c-7687ffb15a67,ARSB80268,مصب دوش طويل بدون تحويلة كروم,6,235.000,1410.000,310000963
dbc93dc4-9b22-3892-924c-091c74c4462d,1c09b4c9-28fd-7a5f-1a95-7c3489a941e6,SA10823,طقم اكسسوار كروم,5,390.000,1950.000,310000986
cadef1ad-d17f-3c4a-0f6f-faa5a2a98a56,4ed9fc54-de9a-87b5-272e-f71b716a80b4,ARSB80910,كسكاس دوش مربع 300*200 مم مع قصبة ذهبي,6,85.000,510.000,310001122
a74ffe70-9b41-dcc0-09f2-ffee36bd5a52,257d3a10-e07d-4b06-9422-fb2d2f4de6f8,EL10884,حوض مطبخ ستانلس ستيل   65*45 أسود,5,260.000,1300.000,310001576
5c7c4d44-4535-690e-1c98-ab848428552a,257d3a10-e07d-4b06-9422-fb2d2f4de6f8,EL10887,حوض مطبخ ستانلس ستيل   60*45 أسود,5,265.000,1325.000,310001578
1a47e94b-9bd0-4836-81a6-a0b5f6e6c2cb,4ed9fc54-de9a-87b5-272e-f71b716a80b4,MT30522,خلاط شطاف كروم,12,55.000,660.000,310001124
fc65777e-7bb0-c88b-08c4-309f619944cd,4ed9fc54-de9a-87b5-272e-f71b716a80b4,ML10520,خلاط حوض وجه  كروم,12,59.000,708.000,310001125
bf14b1ef-c7b9-3dcf-126d-ea3a76407069,257d3a10-e07d-4b06-9422-fb2d2f4de6f8,EL10888,حوض مطبخ ستانلس ستيل   80*48 رصاصي,10,435.000,4350.000,310001579
33db6d06-f149-8515-6be7-7395dde8a036,bf52baa0-8ddb-4130-1465-e3491789c289,VS10201,حوض وجه معلق -80 سم,6,475.300,2851.800,210001705
237a5871-4fe4-d349-584e-02bd2c1867eb,bf52baa0-8ddb-4130-1465-e3491789c289,VS10113,حوض وجه معلق - يمين -80 * 35 سم,5,392.850,1964.250,210001706
7be3a7f2-9da9-fee6-c21b-e318670cf1a5,257d3a10-e07d-4b06-9422-fb2d2f4de6f8,EL10889,حوض مطبخ ستانلس ستيل   80*48 أسود,5,450.000,2250.000,310001580
76eabd9a-eff3-afde-86ae-598040b5482f,62dff013-85c1-682b-c1bb-b8b97eac6c8a,PD20125,حاجز دوش 8 مم  مضبب90  سم,6,370.000,2220.000,210001458
e5e4d454-a95c-f3de-980d-7950dc9a1beb,4003dd29-66a1-e47c-2d40-1a460d654f4d,ALVM50730,سيفون حوض الوجه كروم,8,75.000,600.000,210001737
a8db205d-bfae-b16b-63aa-9cfbacf27f84,efd2c0d5-6486-8c16-7b9a-890d734dacfc,PE30399,فرشة طلاء ايطالية رقم 50,12,5.000,60.000,210001715
59c056ff-1d59-bf89-9aba-5b218772de40,966ba14c-8078-a844-5688-3cd5777afb9f,PS20515,علاقة مناشف كروم,6,48.000,288.000,210002254
f36f5c5e-e9b4-a0ba-01dc-eed1225d879f,1d397afe-4b87-d191-59bb-f800a23c59b9,ML30941,مرايا حمام مع إضاءة لد 60*100 سم عرض,4,100.000,400.000,310001161
58937674-2d85-67c3-df23-d8f73f65d72c,bfcd94a4-91cd-6453-8a08-ec4711ff06fc,MA20923,خلاط حوض المطبخ سحاب كروم مطفي,20,160.000,3200.000,310001547
52f7dc0c-3798-ce5c-3a0f-1666ef00a4d7,4ed9fc54-de9a-87b5-272e-f71b716a80b4,ARSB80911,كسكاس دوش مربع 300*200 مم مع قصبة أسود,1,75.000,75.000,310001126
ff930a26-8e8c-6e0e-0888-196e0d6d02cf,255f4267-b198-ee87-4bd2-85a8e102930b,PE30202,"سكينة تغليف يد خشب 5"" 300 مم",12,6.700,80.400,210000351
1ad4e915-e150-9927-6c02-020642cb2c4e,8916e500-ed35-0a5d-cc0f-4fffeb7f58c3,ARSB87516,قصبة دوش مربعة 40 سم دهبي,5,62.020,310.100,210001780
8ba1b394-9892-51e4-600b-6200903f44e5,257d3a10-e07d-4b06-9422-fb2d2f4de6f8,AECU50890,راجع سيفون حوض مطبخ,100,5.000,500.000,310001581
de6cc670-38ec-606f-a022-60a47534f4b9,257d3a10-e07d-4b06-9422-fb2d2f4de6f8,AECU50891,راجع سيفون حوض مطبخ مربع,20,5.000,100.000,310001582
ea4a3ecf-ade3-838b-ed6c-1988e024aae9,4ed9fc54-de9a-87b5-272e-f71b716a80b4,PD20914,حاجز دوش 8 مم  مضبب70  سم,6,380.000,2280.000,310001131
8872e487-a3cd-229a-cba9-92ee184ac835,56a3cae1-bd80-fae2-7e21-2e9d7e078999,ALVM50870,سيفون حوض الوجه كروم,6,180.000,1080.000,210001719
3ffabf04-56c1-3b26-6c6d-023cc1d28d80,b3f3ef3b-fd44-1f21-2e81-c60b6fc15054,EG30248,حوض مطبخ جرانيت أبيض محبب 70*50,2,291.090,582.180,210001470
be949d8e-fa2f-76b7-5d62-bad805bcfbf6,8916e500-ed35-0a5d-cc0f-4fffeb7f58c3,PS20027,علاقة ملابس فردي,14,37.830,529.620,210001775
ec0820ec-ea0e-ad52-819e-65e6f5554318,4ed9fc54-de9a-87b5-272e-f71b716a80b4,PD20917,حاجز دوش 100 * 190 سم 8مم اطار أسود,6,440.000,2640.000,310001132
7fe9e3e3-bc27-715b-da64-d5d23302f7f4,4ed9fc54-de9a-87b5-272e-f71b716a80b4,PD20919,حاجز دوش 8 مم  مضبب90  سم,6,410.000,2460.000,310001134
04d5bb71-c369-1b1f-9b50-a7ff88c7ffb2,4ed9fc54-de9a-87b5-272e-f71b716a80b4,PD20920,حاجز دوش 8 مم  مضبب60  سم,3,360.000,1080.000,310001135
54f3b0fb-1104-3552-7ad0-3598c1ce77fd,4ed9fc54-de9a-87b5-272e-f71b716a80b4,PD20455,حاجز دوش 8 مم  مخطط 80*190  سم,2,395.000,790.000,310001136
1a8cc78c-e39b-6a0f-38cd-757a824ebb83,bdadcd40-96ea-f8eb-5f91-126691d81f5d,RO10924,مسكر زاوية  ''1/2 * ''1/2 ذهبي,12,19.000,228.000,310001142
48667423-5e0a-02fa-ef02-7801f234c547,bdadcd40-96ea-f8eb-5f91-126691d81f5d,ML10267,خلاط حوض وجه كروم,6,265.000,1590.000,310001143
194fdda4-e389-ce09-6149-d0309cf3dcb4,bdadcd40-96ea-f8eb-5f91-126691d81f5d,PS20923,علاقة ملابس رباعية,10,35.000,350.000,310001140
b5b28058-d259-f522-d283-4927b58a0aa8,bdadcd40-96ea-f8eb-5f91-126691d81f5d,MD20926,خلاط دوش مع سماعة كروم,6,310.000,1860.000,310001145
182bf9d5-20df-57fe-167c-bf6f3758ec06,bdadcd40-96ea-f8eb-5f91-126691d81f5d,ML10045,خلاط حوض وجه كروم,6,255.000,1530.000,310001146
eb065675-ff69-476c-245a-3e3822b9d655,bdadcd40-96ea-f8eb-5f91-126691d81f5d,MT30928,خلاط شطاف كروم,6,230.000,1380.000,310001148
73905ac9-9042-a147-86e0-02e3c228dd41,bdadcd40-96ea-f8eb-5f91-126691d81f5d,PS20921,علاقة مناشف زوجية كروم,6,85.000,510.000,310001138
a46eee5f-eb1d-a6ea-01c6-a5ace6337a83,bdadcd40-96ea-f8eb-5f91-126691d81f5d,PS20922,علاقة مناشف زوجية كروم,6,95.000,570.000,310001139
0c1ac131-96cf-5449-a1c8-b3dc412329d7,bdadcd40-96ea-f8eb-5f91-126691d81f5d,ARSB80929,شطاف ظغط مربع مع طوبو كروم,12,68.000,816.000,310001149
8b3560a5-9068-0564-9675-a6ac6a680ec5,bdadcd40-96ea-f8eb-5f91-126691d81f5d,ARSB80930,"مسكر شطافة دبل ""1/2"" * ""1/2 كروم",20,19.000,380.000,310001150
35e03930-b3ae-b3d7-4d79-4950ff6409d5,257d3a10-e07d-4b06-9422-fb2d2f4de6f8,EG30857,حوض مطبخ جرانيت بيج 80*45 زوجي,15,545.000,8175.000,310001551
bfbc21e7-c713-3669-f9c6-51428525c928,bdadcd40-96ea-f8eb-5f91-126691d81f5d,MD20269,خلاط دوش مع سماعة كروم,6,280.000,1680.000,310001144
4d247f70-7432-d7c3-03db-2031502c493e,257d3a10-e07d-4b06-9422-fb2d2f4de6f8,EG30858,حوض مطبخ جرانيت أسود 80*45 زوجي,20,545.000,10900.000,310001552
6ac4b010-66a1-3a28-667f-bfc8bffc22ac,257d3a10-e07d-4b06-9422-fb2d2f4de6f8,EG30859,حوض مطبخ جرانيت رصاصي 80*45 زوجي,20,545.000,10900.000,310001553
0a4baf42-be34-646a-1032-ebb67df05014,1d397afe-4b87-d191-59bb-f800a23c59b9,LG40939,حوض كواريون كوارتز 100سم,4,500.000,2000.000,310001160
32037470-30dd-0b3f-e5a7-7726ace45185,257d3a10-e07d-4b06-9422-fb2d2f4de6f8,EG30863,حوض مطبخ جرانيت أبيض مطفي79*51 فردي,15,475.000,7125.000,310001554
be084d33-2c64-7a0c-9650-42aca90418d5,53574c8d-f39e-3378-5eb0-f1c187207b7a,AASB30763,فرشاة تنظيف مرحاض رصاصي,5,22.500,112.500,310001254
9c7b0dd3-b1be-29aa-ecf9-2f3e01530a85,257d3a10-e07d-4b06-9422-fb2d2f4de6f8,EG30865,حوض مطبخ جرانيت أسود مطفي79*51 فردي,25,475.000,11875.000,310001556
52d5da1f-2b43-d02b-d0e4-3b4aa6ca60e6,1d397afe-4b87-d191-59bb-f800a23c59b9,AM0740,دولاب حمام مع حوض وجه 80 سم,10,780.000,7800.000,310001171
2574e56d-4bec-1c00-82f5-c01222701a95,257d3a10-e07d-4b06-9422-fb2d2f4de6f8,EG30867,حوض مطبخ جرانيت أبيض مطفي60*45 فردي,15,425.000,6375.000,310001558
7cf8345a-d271-7214-a430-38f109bcc580,1d397afe-4b87-d191-59bb-f800a23c59b9,ML30749,مرايا حمام مع إضاءة لد,9,100.000,900.000,310001172
8d732ab6-5d28-4f3e-4889-d843cdc867c7,1d397afe-4b87-d191-59bb-f800a23c59b9,AM0738,دولاب حمام مع حوض وجه 60 سم,9,740.000,6660.000,310001173
846da2a4-caf5-b315-5b95-dad55cc2f5b8,257d3a10-e07d-4b06-9422-fb2d2f4de6f8,EG30869,حوض مطبخ جرانيت أسود مطفي60*45 فردي,25,425.000,10625.000,310001560
36df1494-94b7-8bbc-5e10-9d753c64603f,c0c80f1f-58da-7761-e99d-5bfeee6e40cd,ARSB80302,شطاف ظغط مربع كبيرمع طوبو كروم,2,165.000,330.000,310001266
07bf0e87-32f3-99bc-7df0-837951643a04,c43c978a-77ab-62ea-787c-7687ffb15a67,ARSB80298,سماعة دوش مع طوبو كروم,20,125.000,2500.000,310000959
b6ee9942-4233-4012-b2de-4cbf3befbae6,9f08f5dd-6996-f218-9c06-1ebdb506890f,PE30037,طلاء مائي داخلي 18 كغ أبيض مطفي,25,106.700,2667.500,210001811
143cde78-a86b-79fa-6745-792cd418cac8,5d6344da-922f-0e16-26fb-98a40bd2dd16,EL10020,حوض مطبخ ستانلس ستيل   304 86 * 45 سم,1,650.000,650.000,210001835
e0cc0a38-2056-249f-3e31-47c620937e51,fa7cd30b-4e61-1ba9-d75c-d68b250ff300,PE30037,طلاء مائي داخلي 18 كغ أبيض مطفي,25,105.600,2640.000,210001841
88c4310d-7859-9d01-95bc-d631e9049731,257d3a10-e07d-4b06-9422-fb2d2f4de6f8,EG30870,حوض مطبخ جرانيت رصاصي60*45 فردي,15,425.000,6375.000,310001561
f26bccb2-6cfe-c32e-e076-75880eeb627e,3a7221b9-3be7-d083-cf35-e894ed822f7b,EL50405,علبة مكيف,15,23.000,345.000,210001840
1897756b-ace9-28ea-c905-b6aba832087a,3567aed6-ad6d-c42d-ceb5-0680da3225c9,CC10421,كولة بلاط أرضيات 25 كغ,35,43.000,1505.000,210001908
3bd46d2e-45d0-b276-f425-2cbb50b8d38e,061bbc83-bb0f-d0ba-199d-e85c0a27ed53,PE30457,طلاء بخاخ داخلي و خارجي رصاصي,12,4.833,58.000,210001884
ed0b735b-f066-5c89-f607-cfff1414f8bc,1c2bfddc-64cc-305a-7a88-cef0fc2ce2ef,RFP1422,فسيبلي خلاط سحاب,5,20.000,100.000,210001909
5ef7dd07-8ed1-597e-a17e-3dc69a204644,58553729-46eb-6563-08c5-8cf20b1bba03,PE30221,"سكينة تغليف  3.5"" 9 سم",12,4.000,48.000,210000368
8cc29302-4d57-f85d-3eeb-3c9ee1453e01,45aa0188-ce90-254d-018d-a6fa5501edce,PE30406,ورق سنفرة9 بوصة 6فتحات,200,0.850,170.000,210001847
4de7ee62-c5ad-2d0f-b4cd-4f27338897d8,ab4e258f-3c9d-4805-ed3c-2edb109a21b0,WS10114,مقعد معلق رايملس أبيض,5,1057.300,5286.500,210001855
1e5bc6d5-62e7-2bcc-7252-f765d1c57e21,fe1379a3-3277-78e8-ac2a-8226eb8e225a,PE30032,استوك 20 كغ,15,59.170,887.550,210001900
b38ec77b-45af-f298-d9cc-96e09dde6472,3ec3d01f-c941-39e0-6ca9-f08c6bb4992b,ARSB80363,كسكاس دوش مربع 300*300 مم كروم,5,95.000,475.000,210001936
2bf7d7aa-df84-d6e1-97a4-da3eeb58db9c,09e3319e-e9ab-fdb8-d4ae-da2f965b7e1a,BAI10402,حوض استحمام بانيو 150*70*53 سم,2,580.000,1160.000,210001810
df7cadc5-87a0-10cf-35d5-12fc7734cff3,c43c978a-77ab-62ea-787c-7687ffb15a67,ARSB80817,شطاف ظغط دائري مع طوبو كروم,10,105.000,1050.000,310000968
ba4c3a72-da53-5016-cb82-87d814dbf461,58553729-46eb-6563-08c5-8cf20b1bba03,PE30222,"سكينة تغليف  5"" 12.5 سم",12,4.650,55.800,210000369
795ed7aa-cf5a-f6b8-4456-42a27c208d50,3ec3d01f-c941-39e0-6ca9-f08c6bb4992b,ARSB8022,مخرج شطاف مع علاق  كروم,10,77.000,770.000,210001939
d66280d5-c109-bb5d-6126-4f8e7579f18e,3ec3d01f-c941-39e0-6ca9-f08c6bb4992b,MA20051,خلاط حوض المطبخ سحاب اسود,5,225.000,1125.000,210001944
d4364a4f-29bf-2b63-1386-117fe7ebb652,dbd2e332-bbb6-af3a-6e66-263f59f5df0b,ARSB80109,شطاف ظغط مربع مع طوبو ذهبي,5,230.000,1150.000,210001945
7130999a-2742-1639-6713-19fb36a96b50,6ca85679-47d8-5241-6404-93f40b9db863,ARSB80214,"مسكر شطافة ""1/2"" * ""1/2 كروم",30,28.000,840.000,210001946
c602dad8-d79f-0e46-4fc6-a1301629de06,6ca85679-47d8-5241-6404-93f40b9db863,ARSB80042,مصب دوش مع تحويلة ذهبي,1,600.000,600.000,210001947
fda04e6e-b669-654d-b09a-c8e9e30fe077,6ca85679-47d8-5241-6404-93f40b9db863,ALVM50870,سيفون حوض الوجه كروم,1,180.000,180.000,210001948
dea69501-7982-ba74-7f9b-305c06b29b1b,3b2a0346-033e-6c2d-964b-2442da8641d4,ALVM50870,سيفون حوض الوجه كروم,5,180.000,900.000,210001949
2f72109c-254c-f2a5-2bc1-2b7c9aacf7a7,38a5434d-b783-bf47-33e0-5f217e423f41,ATWC50314,صندوق طرد مدفون بتارية مع زر مربع 9 لتر,3,910.000,2730.000,210001950
3b44c607-cf81-23ba-d4ea-a19aa44ea965,5cee7ef4-1fe1-db05-de65-506688dade63,RA20036,مواسير 25'' 4 متر,100,22.250,2225.000,210001951
99906eb5-9ac8-fefb-1e5e-c8d3f6681480,3ec3d01f-c941-39e0-6ca9-f08c6bb4992b,ARSB80004,مخرج شطاف كروم بالعلاقة,10,93.000,930.000,210001940
26533a89-696f-a8f3-858b-4c0f9cb2e100,3ec3d01f-c941-39e0-6ca9-f08c6bb4992b,AECU50431,سيفون حوض المطبخ,10,35.000,350.000,210001941
822693e1-5cfb-dcec-e2fa-e7bf48a3e67f,3ec3d01f-c941-39e0-6ca9-f08c6bb4992b,SA10823,طقم اكسسوار كروم,6,400.000,2400.000,210001942
9dfa993d-d0cc-2ef4-655d-eae8a29313cd,3ec3d01f-c941-39e0-6ca9-f08c6bb4992b,MA20015,خلاط حوض المطبخ سحاب كروم,5,195.000,975.000,210001943
c33c7c46-6355-deb0-3a65-f1970e8ee3bc,6bf52dbf-16e9-44b1-62b4-e671fae8de3b,AASB30508,حاملة منظفات كروم,5,20.000,100.000,310000780
c5b71c80-b104-ed34-5ae7-274dfb9788e0,5a713309-c0e9-4c52-96cd-c33edd8fdb01,PE30989,طلاء مائي داخلي 10 كغ أبيض ربع لمعه,15,193.920,2908.800,210001956
987a07d7-ce59-88fa-5383-46b5e43d54cc,5a713309-c0e9-4c52-96cd-c33edd8fdb01,PE30193,لصقة طلاء 45 مم,360,2.361,850.002,210001957
e16aa54a-ffa5-5fe9-eac2-9a68072f233d,5a713309-c0e9-4c52-96cd-c33edd8fdb01,EL50398,لصقة 0.13 مم * 19 مم * 25 متر,50,5.650,282.500,210001958
34e8613b-3bfb-f19b-bf21-2019a2e119a1,5a713309-c0e9-4c52-96cd-c33edd8fdb01,EL50402,لصقة,50,2.500,125.000,210001959
981e04b3-c503-a59b-5fb7-3c72ec5ad510,5a713309-c0e9-4c52-96cd-c33edd8fdb01,PE30432,قاعة ماكينة سنفر6فتحات,10,25.500,255.000,210001960
b2fe6912-b0b3-fe77-ecde-61c9d9676d20,2df7d503-cb32-f3a8-3f38-1a55f8c277a3,PA30232,ڨنبالي,17,35.000,595.000,210000377
c1167622-990d-70e5-47dd-0fa498e81896,2a92b072-38f5-6bf4-ee61-e95ac52da8cc,WA40088,غطاء مقعد موطو أبيض,10,39.000,390.000,310000242
a3eab8ec-3fc2-3276-a8c4-d78506651cd3,9f225ead-699c-0b61-b0d5-c52ebbb79f5a,MT30754,خلاط شطاف كروم,8,57.000,456.000,310001240
82a195a7-77bc-7a55-de75-f89090d6e767,919c7698-36fa-7025-ba4f-aa90c66507d2,AASB30343,فرشة مرحاض كروم,6,78.000,468.000,310000238
aa283b0f-2528-e9f7-79fe-2265a54ef989,257d3a10-e07d-4b06-9422-fb2d2f4de6f8,EG30875,حوض مطبخ جرانيت أبيض مطفي72*47 فردي,15,480.000,7200.000,310001562
f80edfe2-ffca-37db-3268-3e8cd36d98e1,c1be499b-6eb8-64f8-6b33-94b1d167593d,PA30243,منشار شجر,6,8.500,51.000,210000389
9e0000c1-59ee-a453-993a-0a9793e7f699,5f77c207-73f5-3479-88c8-13d23f04c9ab,ML10420,خلاط حوض وجه ذهبي,1,560.000,560.000,210001953
ba9ebab5-83e6-457f-c5cd-1baf24f3d29c,5f77c207-73f5-3479-88c8-13d23f04c9ab,ARSB80297,سماعة دوش مع طوبو ذهبي,1,320.000,320.000,210001954
fffe40f0-2bd1-33ce-fd48-e94766c54d9a,5a713309-c0e9-4c52-96cd-c33edd8fdb01,PE30037,طلاء مائي داخلي 18 كغ أبيض مطفي,20,105.600,2112.000,210001955
d198bdc2-b14f-e071-1cf7-a1b261802b60,1c09b4c9-28fd-7a5f-1a95-7c3489a941e6,MTE60822,خلاط شطاف مدفون شريحة مربع كروم,14,235.000,3290.000,310000985
f22c2bef-225c-b341-c88a-8a82b594159d,5a713309-c0e9-4c52-96cd-c33edd8fdb01,PE30482,موس فرش,12,8.500,102.000,210001967
fe8d1711-a0c8-4ff7-418d-d232b3d58546,5a713309-c0e9-4c52-96cd-c33edd8fdb01,PE30434,موس فرش قصير معا غيار,12,4.250,51.000,210001968
06a5254a-3802-9dfa-8c64-99bcc7c24c96,5a713309-c0e9-4c52-96cd-c33edd8fdb01,PE30436,"سكينة تغليف يد بلاستك 10""",24,7.250,174.000,210001973
4371d94c-4b59-cd17-e569-08badf697eef,d7889da6-f31a-8295-56ae-b5d81db6e684,ARSB80265,سماعة دوش مع طوبو أسود,6,115.000,690.000,210000407
91baaa50-e1d1-157e-9372-9618a232bc3c,b3f3ef3b-fd44-1f21-2e81-c60b6fc15054,EG30256,حوض مطبخ جرانيت رملي محبب 80*50,1,339.605,339.605,210001478
a64ad899-d6a3-c97f-1522-45293324099d,f9833bdd-a6c7-b01a-76d8-0151281e194b,AM0838,حوض وجه مع دولاب حمام -80 سم,10,700.000,7000.000,310001008
e8cceed3-4bd5-7f74-c11f-4e8e1cab5419,257d3a10-e07d-4b06-9422-fb2d2f4de6f8,EG30874,حوض مطبخ جرانيت أبيض ناصع 72*47 فردي,5,480.000,2400.000,310001563
f43a7f4a-2f1e-48b2-7068-2950982fabc7,5a713309-c0e9-4c52-96cd-c33edd8fdb01,PE30435,موس فرش,12,2.500,30.000,210001969
607d66e2-4483-d71d-de16-35d713da108f,5a713309-c0e9-4c52-96cd-c33edd8fdb01,PE30953,رولة طلاء 25 سم / 10,30,6.750,202.500,210001970
e2290941-f5ca-f5d5-a14f-a6d046f66717,5a713309-c0e9-4c52-96cd-c33edd8fdb01,PA30538,"اسطافة 1"" (2 قطع)",100,2.500,250.000,210001972
455a8eb5-a966-7ea9-bd3c-517e5b0d770f,257d3a10-e07d-4b06-9422-fb2d2f4de6f8,EG30876,حوض مطبخ جرانيت أسود مطفي80*50 فردي,5,635.000,3175.000,310001567
4d8dec59-a061-0aed-b71b-74d265ae41fb,257d3a10-e07d-4b06-9422-fb2d2f4de6f8,EG30877,حوض مطبخ جرانيت بيج80*50 فردي,5,635.000,3175.000,310001568
bd6b007c-b3ee-b81a-f701-0f305260e30d,2a92b072-38f5-6bf4-ee61-e95ac52da8cc,ARSB80089,طوبو شطاف 120 سم كروم,30,26.000,780.000,310000241
ad45723a-f2bd-4f6d-5d6b-9b8503566ae9,5a713309-c0e9-4c52-96cd-c33edd8fdb01,PA30339,ماكينة سلكون,24,6.500,156.000,210001966
6ddf22f6-41eb-6cfa-c14b-4bfeb36df675,1d397afe-4b87-d191-59bb-f800a23c59b9,ML30750,مرايا حمام مع إضاءة لد,10,100.000,1000.000,310001169
54bfed72-fb2f-a41e-8e0a-071a1a8e11ee,257d3a10-e07d-4b06-9422-fb2d2f4de6f8,EG30878,حوض مطبخ جرانيت أسود مطفي50*43 فردي,5,405.000,2025.000,310001571
8d535673-d451-fd5d-0147-db727030aa00,257d3a10-e07d-4b06-9422-fb2d2f4de6f8,EG30883,حوض مطبخ جرانيت رصاصي78*50 فردي,5,555.000,2775.000,310001574
72e9201a-9eb0-8541-c259-95de65397dbb,257d3a10-e07d-4b06-9422-fb2d2f4de6f8,EL10886,حوض مطبخ ستانلس ستيل   60*45 رصاصي,10,245.000,2450.000,310001577
68108e13-ae07-9e27-a16f-595c841f8e4a,e6cf5e95-792e-9535-693a-7558a7217259,WP20827,مقعد أرضي ملحوم أبيض,40,550.000,22000.000,310001438
d871ae8f-cbb6-6480-14d1-e590fbb0fd6f,e6cf5e95-792e-9535-693a-7558a7217259,WP20828,مقعد أرضي ملحوم أبيض,25,535.000,13375.000,310001439
58c4d1ed-842b-b5ca-c88a-b0b87c27cc8c,e6cf5e95-792e-9535-693a-7558a7217259,WP20475,مقعد أرضي ملحوم مربع  أبيض,40,450.000,18000.000,310001440
13ccdf98-e9d8-87bf-39fc-4a0b28e5d1fd,e6cf5e95-792e-9535-693a-7558a7217259,VS10209,حوض وجه معلق أبيض -60سم,20,250.000,5000.000,310001441
2291303d-3b14-500e-2a8b-d0a41da52db7,85fd64f6-921c-d0ef-fb4c-d2a07d453aea,VS10191,حوض وجه معلق -80 سم,1,430.000,430.000,310001583
0457ea3c-892a-f493-7b4a-6f0f12a7a882,c038d01a-42f0-d503-a11c-fc0eafc4f805,ARSB80926,مصب دوش نحاس مع تحويلة كروم,12,115.000,1380.000,310001584
35120993-a898-a89d-faac-467febcf5a59,c5cc4a43-cb12-aa01-6b3a-a0f9b3547db3,PA30267,مفتاح إنجليزي رقم 10,6,13.500,81.000,210000417
7e3b7a23-4a57-3f15-5ac9-6a61cd5b7c25,12830345-8671-18d9-b593-a610fae8b836,RS40441,بلاط ارضيات كوطو 60سم * 60 سم (0.360  م²),10,30.000,320.001,210001982
27f9f29e-5f4e-29b1-d822-4f28f34fdccc,31403d1d-6833-93c6-9e30-6304e086375b,PA30330,منشار شجر,6,10.500,63.000,210000432
4e6d5f95-7822-9411-9ff2-112cde16ef65,c038d01a-42f0-d503-a11c-fc0eafc4f805,ARSB80906,سماعة دوش مع طوبو كروم,12,110.000,1320.000,310001585
9078fcfe-ebb8-d681-2074-eae0b4af3b87,c038d01a-42f0-d503-a11c-fc0eafc4f805,ARSB80798,كسكاس دوش مربع سميك 25*25 مم مع قصبة كروم,12,120.000,1440.000,310001586
9fdfb375-781c-bce6-29ef-62654599e4b1,03f44a66-0ee4-b4a2-1e78-753ab75911ee,ARSB80083,شطاف ظغط دائري مع طوبو كروم,6,117.000,702.000,310000668
eacad145-a7b1-9618-1a51-470a6776a95e,c038d01a-42f0-d503-a11c-fc0eafc4f805,ARSB80794,مصب دوش بالتحويلة كروم انحاس,12,150.000,1800.000,310001587
882b58d3-7056-3361-03cf-f51dbffe8f11,c038d01a-42f0-d503-a11c-fc0eafc4f805,PLSA0927,"كوربة ذكر ""1/2 * ""1/2 مع وردة كروم",25,16.000,400.000,310001588
23b4f5d4-f0ca-bd06-8007-767b2ab970cc,c038d01a-42f0-d503-a11c-fc0eafc4f805,ARSB80214,"مسكر شطافة ""1/2"" * ""1/2 كروم",30,40.000,1200.000,310001589
3f75c03f-4bde-79c7-6964-0df543f1ed19,31403d1d-6833-93c6-9e30-6304e086375b,PE30332,رولة كروسة 10 سم مع فرشة,10,5.500,55.000,210000434
daf9ad82-1d3e-a938-ef3f-c305cd0d3699,471a0b5c-c7b4-fb37-c63c-90608fd5ba4a,PA30338,ماكينة سلكون,12,7.500,90.000,210000440
18d516dc-e910-fc1d-a759-4d4f7f2a90af,471a0b5c-c7b4-fb37-c63c-90608fd5ba4a,PA30343,سخانة يدوية 1500 وات,5,8.750,43.750,210000445
c03c08f0-f11f-e7b5-2144-e7962f5e1f3a,ebce3d13-908e-a644-48bb-7a0717341171,MC10654,سرفنتينة 15 سم * 15 سم ذهبي,20,60.000,1200.000,310001456
ba24eb48-839b-0c29-b064-3410eee200d8,ebce3d13-908e-a644-48bb-7a0717341171,MD20855,خلاط دوش كروم,20,130.000,2600.000,310001477
e849b2d4-5608-7078-fe1c-ea3f662b2344,03fd07c2-73a0-4e06-6232-7acec1cc7dca,ARSB80938,طوبو شطاف فلتر1.2م رصاصي,10,18.000,180.000,310001604
422f4a6b-298b-ae3e-cc6f-fab21968102f,91be4efb-c7be-2082-7210-ce1008cf1407,CE10930,سخانة عمودية   50 لتر,6,580.000,3480.000,310001605
3ff5bc33-2452-c60f-bdd5-0532a8dc24c4,7a858df6-ad26-cd19-4b47-ab5aab840a77,CD40931,مسطرة دوش زوجية كروم,6,195.000,1170.000,310001607
304495b9-6d29-6e1b-4ce2-d7059a0c39fc,5cbe3969-75fd-759b-8f90-e1b9f2572f64,RA30384,ديسكو جرانيت 4.5'' 115 مم,6,5.500,33.000,210000488
05705c50-727c-6b72-94e1-3aa9231ea970,8e75c7a9-d762-0dbe-6305-8ab675821339,EL50398,لصقة,10,4.750,47.500,210000502
d5b6291f-50e7-1379-4533-9d3ab0e3bffa,ae8a1f9a-c22c-77d8-4449-ef07b633eed1,ARSB80085,شطاف ظغط دائري مع طوبو كروم,10,98.000,980.000,310001599
3769c039-93ae-2898-d904-0ebf2c1fcb67,ae8a1f9a-c22c-77d8-4449-ef07b633eed1,ARSB80932,شطاف ظغط مربع مع طوبو ذهبي,6,145.000,870.000,310001600
e5e1059b-70cb-9486-6c30-f107fdd6b0a1,ae8a1f9a-c22c-77d8-4449-ef07b633eed1,ARSB80868,كسكاس دوش مربع 250*250 مم مع قصبة اسود,6,705.000,4230.000,310001601
01093490-a1f4-8dcd-bfd3-b9ae4595c469,ae8a1f9a-c22c-77d8-4449-ef07b633eed1,ARSB80813,مصب دوش قصير بتحويلة كروم,10,415.000,4150.000,310001608
ae44374e-b3fe-3f04-6198-3f5b9e1eb338,ae8a1f9a-c22c-77d8-4449-ef07b633eed1,ARSB80931,شطاف ظغط دائري كلاسيكي مع طوبو كروم,10,130.000,1300.000,310001596
e3452cca-4163-feaf-ee01-184786c926c9,ebce3d13-908e-a644-48bb-7a0717341171,AASB30832,سلة قمامة كروم  8 لتر,12,118.000,1416.000,310001462
a289f6f1-5edb-d5fc-6b55-36c0e8434c1d,88a283d1-c96c-5c8d-e46f-a8a25f65932d,ARSB80462,كسكاس دوش مربع 250 مم  كروم,10,185.000,1850.000,310001348
12b1979d-1038-097b-a5a3-2812be170cc2,88a283d1-c96c-5c8d-e46f-a8a25f65932d,ARSB80598,قصبة دوش مربعة 40 سم كروم,10,198.000,1980.000,310001349
0b7f3b0c-5449-a159-ff3d-90ae1f54d9bf,88a283d1-c96c-5c8d-e46f-a8a25f65932d,ARSB80004,مخرج شطاف كروم بالعلاقة,10,125.000,1250.000,310001350
513a160e-a37f-880c-cac3-da699d57fe1f,88a283d1-c96c-5c8d-e46f-a8a25f65932d,ARSB80298,سماعة دوش مع طوبو كروم,10,190.000,1900.000,310001352
8caa0de6-5e76-8e72-2add-08d0f3d115ba,88a283d1-c96c-5c8d-e46f-a8a25f65932d,ARSB80781,شطاف ظغط مربع كبيرمع طوبو كروم,10,190.000,1900.000,310001353
4f28b59c-6ecb-a3bc-d573-719ae918439b,ae8a1f9a-c22c-77d8-4449-ef07b633eed1,ARSB80004,مخرج شطاف كروم بالعلاقة,10,125.000,1250.000,310001611
562b97f1-03a3-803d-d484-85735d9f0927,ae8a1f9a-c22c-77d8-4449-ef07b633eed1,ARSB80939,مخرج شطاف مع علاق جانبي كروم,10,115.000,1150.000,310001612
3317d34f-c5f4-0f05-d15b-52beabd9087e,ae8a1f9a-c22c-77d8-4449-ef07b633eed1,ARSB80940,وجه خلاط شطاف مدفون اسود,4,275.000,1100.000,310001613
f6f3976f-eb7c-6c24-7366-ef9c97c1eaac,ae8a1f9a-c22c-77d8-4449-ef07b633eed1,ARSB80941,وجه خلاط دوش مدفون اسود,4,475.000,1900.000,310001614
e136486a-3426-3390-73e5-069130770d01,ae8a1f9a-c22c-77d8-4449-ef07b633eed1,ARSB80942,وردة خلاط شطاف مدفون كروم,4,85.000,340.000,310001615
c1c311c9-602d-6e2f-1d66-0a23d20cd95e,ae8a1f9a-c22c-77d8-4449-ef07b633eed1,ARSB80944,يد خلاط  مدفون كروم,4,55.000,220.000,310001617
3c70a202-2f70-38b7-d849-1dbfad066a87,ae8a1f9a-c22c-77d8-4449-ef07b633eed1,MDE50504,مطول خلاط شطافة مدفون,4,195.000,780.000,310001618
6e73a1df-b02e-597f-147b-1e75a4e33a57,ae8a1f9a-c22c-77d8-4449-ef07b633eed1,ARSB80141,مصب دوش قصير بتحويلة كروم,6,370.000,2220.000,310001609
deb90552-8d34-7d1e-0bac-7b00fbfadcf3,ebce3d13-908e-a644-48bb-7a0717341171,MC10653,سرفنتينة 15 سم * 15 سم أسود,40,50.000,2000.000,310001457
252b3ca0-922b-a13e-c94b-94246e395fb1,de9fbf55-41e9-cc65-d588-962f18a032dc,MT30523,خلاط شطاف كروم,4,45.000,180.000,310000530
067d1dea-7f2d-2e2e-7088-438dbe07c20d,b405f941-ef5d-03c6-19dd-2e8390821a93,MC10769,سرفنتينة 20سم * 20 سم كروم,3,90.000,270.000,310001285
b2d182d9-5052-1d3e-b4b3-e7883e08cfa2,99b70c72-5d15-6c7b-f85b-26fff822c04b,MA20620,خلاط حوض المطبخ دبل سحاب كروم,20,200.000,4000.000,310000699
6522b9d8-4607-597a-7c1f-fb9206f76f8c,99b70c72-5d15-6c7b-f85b-26fff822c04b,MC10643,مجرى 30 سم *8 سم كروم,60,55.000,3300.000,310000718
6ada33dc-af79-14c4-3b0d-8fff10d4922f,99b70c72-5d15-6c7b-f85b-26fff822c04b,MC10644,مجرى 40 سم *8 سم كروم,80,70.000,5600.000,310000719
d4163591-216a-ef29-d604-c2aaabdafdf4,99b70c72-5d15-6c7b-f85b-26fff822c04b,MC10645,مجرى 40 سم *8 سم أسود,20,80.000,1600.000,310000720
20e54a1f-7002-9a88-3180-283fd7aada73,ecb9c3b6-95ff-a855-7180-72d99c0c9425,ATWC50167,وصلة بتارية مدفونة 35 سم,10,40.000,400.000,310001590
d8dfb6aa-bb19-e8b8-f674-06e8a4f26e0b,ecb9c3b6-95ff-a855-7180-72d99c0c9425,PLSA0241,مطول  15 مم كروم,60,7.500,450.000,310001591
176390b6-e16e-7548-d6c0-c1d3c60e7256,b977027e-bb4e-1e4e-9489-a3116b77beb1,ATWC50424,بتارية مقعد أرضي تحت,6,62.500,375.000,210000528
3d889d06-06b5-17dc-fd78-69f3dd95c641,ae8a1f9a-c22c-77d8-4449-ef07b633eed1,ARSB80598,قصبة دوش مربعة 40 سم كروم,6,175.000,1050.000,310001620
8e2ac08f-0b97-298e-962c-bb2a445e5416,94a439d2-249b-45a8-7165-2038878229d8,RA30004,طوبو4'' 6 متر,15,98.000,1470.000,210002220
fab790b7-4426-c8c3-86a8-f82f501f24aa,1054fbd0-3bf2-97b5-65d9-0fb4d911867e,ALVM50307,سيفون حوض الوجه كروم,20,115.000,2300.000,310001096
22b829e3-ccbd-1717-a9d8-af02db3acb31,ae8a1f9a-c22c-77d8-4449-ef07b633eed1,ML10766,خلاط حوض وجه كروم,6,395.000,2370.000,310001621
caf0beba-c5f4-6758-ccdb-4be3aec8cf3c,ae8a1f9a-c22c-77d8-4449-ef07b633eed1,MDE50291,مطول خلاط دوش مدفون,2,225.000,450.000,310001619
616a369a-5090-b812-6ff7-ff4ac6069209,ebce3d13-908e-a644-48bb-7a0717341171,MC10645,مجرى 40 سم *8 سم أسود,40,80.000,3200.000,310001458
8356b694-c9ce-1ca4-8485-3fcf11d14034,bfcd94a4-91cd-6453-8a08-ec4711ff06fc,ME10922,خلاط حوض المطبخ شجرة أسود مطفي,24,310.000,7440.000,310001535
8c6769b4-a7a4-78ec-d619-6d55f57ce2ca,bfcd94a4-91cd-6453-8a08-ec4711ff06fc,MA20913,خلاط حوض المطبخ سحاب أسود مطفي,12,210.000,2520.000,310001540
c5f618f4-de9d-4f96-0f91-bf8f813bef23,bfcd94a4-91cd-6453-8a08-ec4711ff06fc,ML10806,خلاط حوض وجه أسود مطفي,20,145.000,2900.000,310001542
430a4d14-5bd0-31fc-4299-8993a09e3d7d,bfcd94a4-91cd-6453-8a08-ec4711ff06fc,MA20921,خلاط حوض المطبخ سحاب كروم مطفي,100,160.000,16000.000,310001545
45402b72-7997-8573-9542-0139782f2595,bfcd94a4-91cd-6453-8a08-ec4711ff06fc,ML10894,خلاط حوض وجه ذهبي,20,190.000,3800.000,310001515
1a9aa813-6fbb-c2f9-632f-ca115815da06,bfcd94a4-91cd-6453-8a08-ec4711ff06fc,ML10895,خلاط حوض وجه أسود لامع,60,220.000,13200.000,310001516
a5b420b4-8961-643e-462c-fc9391b43f0b,bfcd94a4-91cd-6453-8a08-ec4711ff06fc,MA20906,خلاط حوض المطبخ سحاب أسود لامع,60,430.000,25800.000,310001532
d29d8949-2ef3-9433-01ae-5753142d6b63,bfcd94a4-91cd-6453-8a08-ec4711ff06fc,MA20922,خلاط حوض المطبخ سحاب رصاصي مطفي,60,160.000,9600.000,310001546
c1599d38-b4fe-4749-c4d6-985d4e97c91e,2e98cd2c-23d5-ebc6-5010-23ed378f9d97,CD40768,مسطرة دوش فرديه كروم,3,75.000,225.000,310001282
790566f7-db76-a6de-b33b-5910fdefa312,bfcd94a4-91cd-6453-8a08-ec4711ff06fc,EL10901,حوض مطبخ ستانلس ستيل منظومة بيانو 304 80*46 أسود,20,620.000,12400.000,310001543
b32853e8-8c78-5072-0e40-a72111b430f9,bcc6caf0-228f-65fd-5270-b895464bc01b,EL10385,حوض مطبخ ستانلس ستيل   304 81 *45 سم,4,575.000,2300.000,310001622
cc0a19c6-8a1c-0c5b-fef7-40cee5f589a0,bcc6caf0-228f-65fd-5270-b895464bc01b,EL10040,حوض مطبخ ستانلس ستيل   304 76 * 45 سم,4,565.000,2260.000,310001623
fb48646d-e917-35ee-11d2-cee073fc4b05,bcc6caf0-228f-65fd-5270-b895464bc01b,EL10932,حوض مطبخ ستانلس ستيل   304 75*44 سم,5,450.000,2250.000,310001625
20fed5a3-ab5e-1e6d-78e0-b3f31750db0a,c9038f6f-34b7-14b7-5942-5a3a991e7ba7,ARSB80792,قصبة دوش دائري 40 سم كروم,10,33.000,330.000,310001317
78904b0e-2ea0-0e2f-3d53-416d837e2be3,bcc6caf0-228f-65fd-5270-b895464bc01b,EL10137,حوض مطبخ ستانلس ستيل   304 70 * 45 سم,4,525.000,2100.000,310001624
8662f4cc-2527-15e7-7cc4-dd16cd4d2c95,bcc6caf0-228f-65fd-5270-b895464bc01b,ML30936,مرايا حمام مع إضاءة لد كريستال 60*80سم,12,135.000,1620.000,310001629
5f831c6d-60b0-a235-bab2-ebd4b53220e1,fa7cd30b-4e61-1ba9-d75c-d68b250ff300,PE30091,ورق سنفرة قماش رقم 80 (1 متر),35,2.371,83.000,210001844
5bd01da8-2da5-37be-ffbf-7dac421139fc,fa7cd30b-4e61-1ba9-d75c-d68b250ff300,PE30095,ورق سنفرة قماش رقم 60,35,2.371,83.000,210001845
3b66385e-9595-6d96-9d40-8ce5c4319d97,9f225ead-699c-0b61-b0d5-c52ebbb79f5a,LG40751,حوض كواريون كوارتز80سم أبيض,6,400.000,2400.000,310001247
43456869-8204-1f6c-24e0-94efd1612844,fa7cd30b-4e61-1ba9-d75c-d68b250ff300,PE30094,ورق سنفرة قماش رقم 180,40,3.500,140.000,210001846
d11b7551-8a76-a392-4f02-a4c5590c0e39,2840bae9-1d2b-f74c-0ec0-2cc6873a54b4,PD20784,حاجز دوش 10 مم اطار كروم مضبب 80 سم,1,605.000,605.000,210002265
ddd3e8b3-ac42-73d7-e88e-f3e2e57a584c,e63ab950-8c57-1503-c87c-c8416a117389,CC10308,كولة حائط 20 كغ,80,27.000,2160.000,210001983
bcafd2db-0cc5-89cd-9fae-f2bd4ea75631,a12d69ab-2491-6b83-b1e1-446d1d60e8cb,P30113,بدل كورة,4,128.000,512.000,210001984
40fc0ddb-6c2d-3924-ca12-15fa6e054b03,d6b58621-eb51-3e8a-3248-37c5d21a23f7,PA30046,كيس فارغ أبيض,1000,0.900,900.000,210002263
3e773f80-94e8-e480-39a1-968007e3f71c,1bfb31f4-26c4-315a-46eb-95c821cb557b,WP20476,مقعد أرضي ملحوم مموج  أبيض,40,525.000,21000.000,310000477
f534ea2c-b10b-b3ea-e2cb-104b7a98edb5,1bfb31f4-26c4-315a-46eb-95c821cb557b,WP20478,مقعد أرضي ملحوم ذهبي مخطط,10,547.000,5470.000,310000480
70381d13-84a7-aadc-c168-b0a9145e21f5,1bfb31f4-26c4-315a-46eb-95c821cb557b,WP20161,مقعد أرضي ملحوم رصاصي رخامي,25,550.000,13750.000,310000481
63744f0d-afa3-3951-8266-b1a1814516fe,1bfb31f4-26c4-315a-46eb-95c821cb557b,WA40479,غطاء مقعد سداسي أبيض,40,29.000,1160.000,310000483
2d8d25a2-44e5-0d27-2633-20422ac1563b,b977027e-bb4e-1e4e-9489-a3116b77beb1,PA30432,ڨوانطي,12,15.500,186.000,210000536
8a084ba8-20fe-fc1c-bb37-b39f16a9e40a,fa7cd30b-4e61-1ba9-d75c-d68b250ff300,PE30036,استوك 18 كغ,30,43.200,1296.000,210001843
c99f4d87-f6d3-e55f-e88c-79843915f9e0,56a3cae1-bd80-fae2-7e21-2e9d7e078999,ALVM50071,سيفون حوض الوجه دهبي,3,205.000,615.000,210001718
14a6669f-7bc4-399e-06b3-85e91d6efa2f,1054fbd0-3bf2-97b5-65d9-0fb4d911867e,ALVM50430,رأس سيفوني رخامي,20,45.000,900.000,310001163
7dffa5b0-7793-ec8d-e077-9ab895976d88,3365638f-9d19-009d-047b-d6a06217939d,MC10440,غطاء غرفة تفتيش 80*80 فايبر اسود,5,175.000,875.000,210001978
30af762f-d199-7924-3fd0-933995a1a712,4ed9fc54-de9a-87b5-272e-f71b716a80b4,PD20918,حاجز دوش 8 مم  مضبب80  سم,6,395.000,2370.000,310001133
260716bb-3be0-42d7-8392-08fe102b24c0,8c81de11-c25d-4f67-c46a-b86d8fdcda40,PE30037,طلاء مائي داخلي 18 كغ أبيض مطفي,30,105.600,3168.000,210001986
f0b59d5c-a003-d131-c729-351d7eff1403,3365638f-9d19-009d-047b-d6a06217939d,RA35441,ديسكو جرانيت 4.5'' 115 مم,21,12.500,262.500,210001980
3e9f315e-1a73-a263-d35d-f6a8dfef070a,ee8d04f5-b617-59ed-2251-2727c502ef56,CE10546,سخانة 80 لتر افقية,1,700.000,700.000,310001631
50c83c6f-6a40-a4de-fa94-cef2a0e844a4,8c81de11-c25d-4f67-c46a-b86d8fdcda40,PE30032,استوك 20 كغ,40,58.560,2342.400,210001985
93ca0c99-8a4f-1ce3-9003-76de6fe233f6,8c81de11-c25d-4f67-c46a-b86d8fdcda40,PE30442,ورق سنفرة قماش رقم 150,35,2.372,83.000,210001988
12b1f88c-1b8d-bf9e-cd15-c32e7c146ba4,8c81de11-c25d-4f67-c46a-b86d8fdcda40,PE30094,ورق سنفرة قماش رقم 180,35,2.372,83.000,210001989
4413ad8e-98b2-2a4e-01b5-77302b224abb,3365638f-9d19-009d-047b-d6a06217939d,PE30027,طلاء مائي داخلي 20 كغ أبيض,20,67.200,1344.000,210001979
cd2a3066-527c-0fe6-2dfe-bf854698972f,d688c806-474d-0a43-cdce-5094f3bfc96c,PA30445,سلكون حراري,52,0.298,15.496,210000549
f951ef8c-a131-c323-362a-3a3f71e046fd,b3f3ef3b-fd44-1f21-2e81-c60b6fc15054,EG30566,حوض مطبخ جرانيت أبيض محبب  47.5*47.5,2,286.150,572.300,210001479
4ae6daf7-371c-22ab-7551-4a22d90d5388,3365638f-9d19-009d-047b-d6a06217939d,MC10438,غطاء غرفة تفتيش 50*50 فايبر اسود,8,42.500,340.000,210001976
ecfeb95d-0b74-0e8d-59e1-28bdedf029cf,3365638f-9d19-009d-047b-d6a06217939d,MC10439,غطاء غرفة تفتيش 60*60 فايبر اسود,8,63.000,504.000,210001977
dc209600-8493-d93e-95c3-04b21c9049ec,20be0eaa-d9d4-9287-8766-6e749027e2b5,CC10366,كولة فواصل 033,10,35.000,350.000,210001859
51ca17d4-e730-8cb7-e36a-87cae672bea6,5520c887-467d-477c-0a85-d817f6781a84,VS10879,حوض وجه معلق أبيض,4,300.000,1200.000,310001069
552375b1-9f2c-668e-727e-ad29a670af2b,1c59e3e8-8b73-846a-837e-91c16f219fe1,RA30018,"كوربة 1.5"" - 45°",80,2.300,184.000,210001994
69e405d8-ad25-17f3-9e2f-211f1fda85fa,d688c806-474d-0a43-cdce-5094f3bfc96c,PA30450,خيط أحذية 200 غ,12,7.500,90.000,210000554
31125e41-7557-af11-7fdb-54b2ff4eff39,1c59e3e8-8b73-846a-837e-91c16f219fe1,PA30116,خفاف عتبة,20,6.250,125.000,210001999
1ff00fcd-fb5e-b180-9ed3-2f101c3ed593,1c59e3e8-8b73-846a-837e-91c16f219fe1,PA35446,فيتي بالخبور 8 مم (50 قطعة),10,4.450,44.500,210002000
794cd33c-ce08-8035-d35a-668f2395a6b0,1c59e3e8-8b73-846a-837e-91c16f219fe1,PA36446,فيتي بالخبور10مم (50 قطعة),10,5.500,55.000,210002001
12b5bca9-7806-b29d-2498-6378c75134b2,1c59e3e8-8b73-846a-837e-91c16f219fe1,PE30036,استوك 18 كغ,25,43.200,1080.000,210002002
573aedb3-5a64-1a75-ceae-1cab33ef0282,1c59e3e8-8b73-846a-837e-91c16f219fe1,PE30040,طلاء مائي مطفي  18 كغ,15,100.880,1513.200,210002003
4cfb8058-7538-fabd-0d9d-004b09f8ddba,1c59e3e8-8b73-846a-837e-91c16f219fe1,PE30898,ورق تغليف عادي,12,16.500,198.000,210002004
3597292a-3b18-6425-68d2-6c512440bf1d,1c59e3e8-8b73-846a-837e-91c16f219fe1,CE10104,سخانة 50 لتر,2,480.000,960.000,210001992
587cc046-e30b-e42a-0d4a-d6a3b653a532,1c59e3e8-8b73-846a-837e-91c16f219fe1,RA30017,"كوربة 1.5"" - 90°",60,2.300,138.000,210001993
35601dc8-953f-50e1-b3ef-d31955981737,1c59e3e8-8b73-846a-837e-91c16f219fe1,PA30443,متر 50 رولينة حديد,5,76.000,380.000,210001995
1452d7b1-76bc-db0e-2520-46940a8d629b,1c59e3e8-8b73-846a-837e-91c16f219fe1,PA30444,متر 100 رولينة قماش,5,19.500,97.500,210001996
75bf4ffc-2da9-ce31-00a5-23741f579565,1c59e3e8-8b73-846a-837e-91c16f219fe1,AETS20445,نايلو صوبات 1(متر),50,1.700,85.000,210001997
8b6a5bac-df06-e99f-43ec-5d5d1a0548ee,1c59e3e8-8b73-846a-837e-91c16f219fe1,PA30425,نايلو تغليف,6,36.500,219.000,210001998
17dda535-c11d-bb45-7f35-afa9106fdbd0,acc766eb-7be2-ca03-b69d-ec7bc387cc70,MA20875,خلاط حوض المطبخ سحاب أسود- كروم,4,605.000,2420.000,310001060
7bb5284c-6825-4304-ebba-e937e3e14084,1c59e3e8-8b73-846a-837e-91c16f219fe1,PE30447,صندوق عدة بلاستك رقم18,3,45.000,135.000,210002008
4e81b8c8-6bec-3375-f281-68eb3263542d,7678598e-31e4-2380-351f-30742aa2f709,ALVM50808,سيفون حوض الوجه كروم,10,205.000,2050.000,310001632
eee2cf7b-df06-317f-2959-2acc846c0ad4,8c9c11de-9582-be2f-7649-7ab602b625fa,RA30451,"ديسكو حديد 9"" 230 مم",25,9.250,231.250,210002013
7ad278b6-e479-49b0-ecff-c14e4fb528ac,8c9c11de-9582-be2f-7649-7ab602b625fa,SI10176,سلكون  280 غرام شفاف,120,13.000,1560.000,210002014
9b1c3a57-4a1a-af1b-cc33-192406fffb09,d688c806-474d-0a43-cdce-5094f3bfc96c,PA30452,ڨوانطي محبب,24,1.250,30.000,210000556
c976ef4e-a8c3-dbdd-245e-e853a97399b3,1c59e3e8-8b73-846a-837e-91c16f219fe1,PE30448,صندوق عدة بلاستك رقم15,3,35.000,105.000,210002009
10f2b0e3-4002-24a5-a3d6-ae387b448b9e,1c59e3e8-8b73-846a-837e-91c16f219fe1,PE30449,صندوق عدة بلاستك رقم13,3,15.000,45.000,210002010
8ba4bfd5-9b9e-57fa-71a6-dda75707cffb,8c9c11de-9582-be2f-7649-7ab602b625fa,RFP1450,"فسيبلي "" 1/2 أنثى * ""1/2 أنثى 60سم",20,18.500,370.000,210002011
a4038708-2919-0ce5-0077-0a65a1dd5758,7678598e-31e4-2380-351f-30742aa2f709,ALVM50809,سيفون حوض الوجه كروم,10,210.000,2100.000,310001633
0f67a67e-d567-7aed-a312-83c0ce2731e5,1bfb31f4-26c4-315a-46eb-95c821cb557b,WP20157,مقعد أرضي ملحوم موطو أبيض,50,427.000,21350.000,310000474
1b016332-246a-ed03-80fc-2ede47f3d9d9,1bfb31f4-26c4-315a-46eb-95c821cb557b,WP20475,مقعد أرضي ملحوم مربع  أبيض,40,450.000,18000.000,310000476
5e27c507-b4d1-5424-6705-a7da7b8cc799,8c9c11de-9582-be2f-7649-7ab602b625fa,RFP1427,"فسيبلي "" 1/2 أنثى * ""1/2 أنثى 50سم",30,17.500,525.000,210002012
7377b8cb-8a96-2a04-439b-dbd2d8ea4607,1bfb31f4-26c4-315a-46eb-95c821cb557b,WP20477,مقعد أرضي ملحوم مربع قصير أبيض,30,680.000,20400.000,310000479
113a87f5-16cc-a170-d269-3775dd03b335,1c59e3e8-8b73-846a-837e-91c16f219fe1,PE30446,صندوق عدة بلاستك رقم21,3,50.000,150.000,210002007
9cf1a659-ecfd-f676-c4d0-567276e35e7a,c9038f6f-34b7-14b7-5942-5a3a991e7ba7,PS20791,علاقة مناشف زوجية كروم,6,145.000,870.000,310001328
4db51319-6d82-3ea9-24af-59d165683b8b,d688c806-474d-0a43-cdce-5094f3bfc96c,PA30460,رأس سخانة بدون ترمستاتة,6,29.500,177.000,210000568
9bfe970a-3860-0095-6d3b-c1241977232b,7678598e-31e4-2380-351f-30742aa2f709,ALVM50139,رأس سيفوني كروم,10,145.000,1450.000,310001634
79d7f86c-f339-dbf3-2336-45e4c041f6d7,bcc6caf0-228f-65fd-5270-b895464bc01b,EL10934,حوض مطبخ ستانلس ستيل   304 81*45 *22سم,3,520.000,1560.000,310001627
695059b8-1c52-3f1f-c6cd-97d905b9e883,b3b78a28-fedd-eeb7-3e67-f0909c82eec2,ARSB80409,مصب دوش بدون تحويلة كروم,4,110.000,440.000,310000680
b433d933-f072-4884-dd6f-67c79979d18e,c7ec0d90-bca8-5496-48aa-11e711f245ca,ARSB80324,كسكاس دوش مربع 250*250 مم مع قصبة كروم,20,250.000,5000.000,310000681
9407a793-f5dc-d2c6-15d0-8fa32558200d,c7ec0d90-bca8-5496-48aa-11e711f245ca,MDE50674,خلاط دوش مدفون شريحة دائري كروم,14,345.000,4830.000,310000682
30170266-6ce6-55fa-20c4-524304f31f92,c7ec0d90-bca8-5496-48aa-11e711f245ca,MTE60675,خلاط شطاف مدفون كروم,14,220.000,3080.000,310000683
d74d43e6-c9ce-5df7-5b99-56a988d05b41,bcc6caf0-228f-65fd-5270-b895464bc01b,ML30937,مرايا حمام مع إضاءة لد80*60سم,12,88.000,1056.000,310001630
c4fd39fc-eb11-7788-a656-092cfe20993b,c9038f6f-34b7-14b7-5942-5a3a991e7ba7,MD20785,خلاط دوش كروم,6,100.000,600.000,310001313
99691fe1-f56d-52af-d022-7c73651160c1,8c9c11de-9582-be2f-7649-7ab602b625fa,PE30498,فرشة طلاء ايطالية رقم70,12,7.250,87.000,210002017
02ceaeb0-38eb-c124-b4ad-f17cdb77e05e,8c9c11de-9582-be2f-7649-7ab602b625fa,PE30399,فرشة طلاء ايطالية رقم 50,12,6.500,78.000,210002018
5181699f-01f7-da48-265f-828c033d1c0b,8c9c11de-9582-be2f-7649-7ab602b625fa,PE30032,استوك 20 كغ,25,58.560,1464.000,210002019
ba608e89-4d7e-3bd7-457f-2dd159681070,8c9c11de-9582-be2f-7649-7ab602b625fa,PE30033,استوك 10 كغ,10,33.600,336.000,210002020
0260c015-06f1-c842-bec9-91a85b5d416e,dbb5de39-7d8a-eaed-ff24-e740d7ed7f21,PE30452,غيار روله قطني 10سم,10,4.500,45.000,210002021
bdf30d28-a747-6114-a728-7abe605a8421,d5ce7348-acae-1fc7-f40d-526bc53c2fcc,AETS20237,تفلون 19 مم * 30 متر * 0.8 مم,50,5.750,287.500,210002040
c87d46b6-90c9-3ac1-8485-987730b1c34c,d5ce7348-acae-1fc7-f40d-526bc53c2fcc,AETS20454,تفلون 19 مم * 15 متر * 0.20 مم,60,2.750,165.000,210002041
10941935-c391-8ca2-da75-a66a19b9a5e3,d5ce7348-acae-1fc7-f40d-526bc53c2fcc,PA30058,متر 7.5م,12,12.500,150.000,210002042
c3b2335b-462a-cc5f-fedb-c7bb68f0f6b1,d5ce7348-acae-1fc7-f40d-526bc53c2fcc,PE30028,طلاء مائي داخلي 5 كغ أبيض,15,26.000,390.000,210002043
9a2d19ba-b4fb-4882-13e9-c4ea9093ebc0,d5ce7348-acae-1fc7-f40d-526bc53c2fcc,PE30189,فوم 300 غرام,24,9.250,222.000,210002044
0efcf6c0-0f19-419b-b1df-9b840e6eb2b4,d5ce7348-acae-1fc7-f40d-526bc53c2fcc,PE30089,دلونتي 1لتر,20,9.500,190.000,210002045
dd12cbb5-06a7-b94d-dc2e-28c71b3b4f24,5520c887-467d-477c-0a85-d817f6781a84,VS10882,حوض وجه معلق60 سم أبيض,10,100.000,1000.000,310001072
e705bcd6-994f-3fd6-f3ef-73ed3965b5e7,d5ce7348-acae-1fc7-f40d-526bc53c2fcc,PE30994,عازل ناري 4 كغ,10,76.800,768.000,210002046
eb6bae6a-2d41-0864-38f1-77a7e674cce3,1054fbd0-3bf2-97b5-65d9-0fb4d911867e,MA20927,خلاط حوض المطبخ سحاب أسود,12,135.000,1620.000,310001153
688b8319-4ac1-9ed7-fb78-df958321d9f1,d688c806-474d-0a43-cdce-5094f3bfc96c,PA30462,رأس سخانة بدون ترمستاتة,6,29.500,177.000,210000570
0afe5dde-7d93-7227-33a3-7d18086d4bbb,bcc6caf0-228f-65fd-5270-b895464bc01b,EL10933,حوض مطبخ ستانلس ستيل   304 75*44 سم,3,550.000,1650.000,310001626
3520192e-42da-ed1d-e185-f7efdd7acdab,1bfb31f4-26c4-315a-46eb-95c821cb557b,VP20483,حوض وجه فوق الرخام أبيض -40*30 سم,20,103.000,2060.000,310000490
0050b58f-f609-4ac0-83a6-5198b4551e36,d5ce7348-acae-1fc7-f40d-526bc53c2fcc,PE30124,كولة 118 مل,12,15.000,180.000,210002039
3ffe3517-b4e8-7976-e3c1-ca89d2d02f7c,1054fbd0-3bf2-97b5-65d9-0fb4d911867e,ARSB80935,مصب دوش طويل بدون تحويلة كروم,12,110.000,1320.000,310001158
d00d9791-1585-2947-b9f8-85146eb6c5a4,1054fbd0-3bf2-97b5-65d9-0fb4d911867e,AASB30916,رف زاوية زوجي كروم,12,98.000,1176.000,310001118
2c4e8616-e022-02af-db42-8de9ad9a0185,eaeb2eba-b842-be3e-04e9-37593a095564,RS40309,بلاط ارضيات بورسلين 60 سم * 60 سم (1.08  م²),102,48.600,4957.200,310000838
631146b7-6c34-f35c-2de9-0eba2669ac0f,5d44076b-9bc1-76ee-a8bf-f01344425395,VS10123,حوض وجه معلق -75 سم,3,509.250,1527.750,210002052
13936c8b-33c3-ad58-589b-562389a93cf4,5d44076b-9bc1-76ee-a8bf-f01344425395,VS10124,حوض وجه معلق -65 سم,3,261.900,785.700,210002053
0d075eae-6098-d09c-6eb0-b205c3781a91,5d44076b-9bc1-76ee-a8bf-f01344425395,VS10125,حوض وجه معلق -55 سم,3,242.500,727.500,210002054
fc8028f6-0aef-e8ae-26b0-787674e8f793,5d44076b-9bc1-76ee-a8bf-f01344425395,WS10170,مقعد معلق رايملس أبيض,3,873.000,2619.000,210002056
a518f494-bce6-f753-008c-5902e4a278f8,5d44076b-9bc1-76ee-a8bf-f01344425395,VS10201,حوض وجه معلق -80 سم,3,601.400,1804.200,210002055
6588deac-b5d9-b6b9-978f-2c67a818e0e7,594c5202-cd99-0d55-1be0-5e2e70191d01,MC10457,سرفنتينة 15 سم * 15 سم كروم,10,53.500,535.000,210002058
01e6e943-ebad-2a4f-67ab-ce60474f323b,5d44076b-9bc1-76ee-a8bf-f01344425395,WS10116,مقعد معلق رايملس أبيض,3,843.900,2531.700,210002057
c7dddcbf-e43a-78e0-be7f-c0672ac1a8a7,7518ae38-e578-09c1-aaa0-36f291d1e939,CC10370,كولة فواصل 001,15,35.000,525.000,210002059
868593b8-286a-4ba5-3bb0-bc88494c4e46,7518ae38-e578-09c1-aaa0-36f291d1e939,CC10368,كولة فواصل 007,15,35.000,525.000,210002060
e7e75aa1-6a93-9e3a-2f57-2d8283a45287,7518ae38-e578-09c1-aaa0-36f291d1e939,CC10367,كولة فواصل 003,15,35.000,525.000,210002061
e67e9f93-4269-e90c-7a6f-e21730a2dbca,6827e46c-ed34-140f-ba58-6dc1f920af00,RO10476,حنفية 3/4,10,24.500,245.000,210000583
60755f68-67d3-9fab-30e4-6de0f96d4ee0,d5ce7348-acae-1fc7-f40d-526bc53c2fcc,CC10332,صليبة بيضاء 2ملي,20,6.850,137.000,210002048
c662dfe0-5dbe-04e6-112c-7314e0429f24,5d44076b-9bc1-76ee-a8bf-f01344425395,VS10119,حوض وجه معلق -80 سم,3,451.050,1353.150,210002051
c13fc174-2720-0a9f-a5e9-cd9803883212,1054fbd0-3bf2-97b5-65d9-0fb4d911867e,PS20734,علاقة ملابس صبعين كروم,12,19.000,228.000,310001187
13d710dd-4eba-d618-5ccc-466a40c83cbf,53574c8d-f39e-3378-5eb0-f1c187207b7a,ATWC50761,زر بتريا كروم,5,90.000,450.000,310001253
7de9b42a-0c67-16f8-9253-0d08a5d70e81,1bfb31f4-26c4-315a-46eb-95c821cb557b,VS10177,حوض وجه معلق أبيض,20,260.000,5200.000,310000487
86040993-8405-e5f9-7731-e9c83e61bae8,ed4e7a9c-62bf-182b-9ec9-87960398eaa0,WS10014,مقعد معلق (صندوق خارجي) أبيض,6,550.000,3300.000,310001390
b4aa3e0e-a10c-13f1-3447-bd641854c2f2,99b70c72-5d15-6c7b-f85b-26fff822c04b,MC10646,مجرى 40 سم *8 سم ذهبي,20,85.000,1700.000,310000721
c612dcd1-0391-59d9-e76c-602ec6c84bce,fc1d12db-ea07-a1cd-d96a-f85f2e8d58bc,AETS20004,تفلون 19 مم * 15 متر * 0.20 مم,20,5.500,110.000,310001298
2301a036-6b2c-82b2-ef11-ec743c74a029,c7ec0d90-bca8-5496-48aa-11e711f245ca,ALVM50139,رأس سيفوني كروم,20,98.000,1960.000,310000684
78986d7b-a81b-0223-81a8-90d2a88b53b6,99b70c72-5d15-6c7b-f85b-26fff822c04b,MC10647,مجرى 50 سم *8 سم كروم,40,80.000,3200.000,310000722
999a6f9e-9068-45e2-fafe-34febc272caa,5efa7314-ac73-d9e0-cbab-71ed1d24d8ea,PA30496,بونتة 12 * 160 مم,12,2.650,31.800,210000603
792ba07b-f7b3-96e7-aeee-4f6c6e9657cc,4365fd0e-1d28-139b-fd7f-19ed77e51d69,RA20513,مخفض حديد 3/4 * 1/2,50,0.750,37.500,210000620
5019d570-6e56-f28a-4e24-3ee1eecb9c63,7518ae38-e578-09c1-aaa0-36f291d1e939,CC10364,كولة فواصل 024,15,35.000,525.000,210002063
66eec72f-403b-5651-dc24-6121f415400f,1054fbd0-3bf2-97b5-65d9-0fb4d911867e,ALVM50938,سيفون حوض الوجه بلاستك كروم,10,65.000,650.000,310001164
7349d771-eb7c-f501-02cc-ac521a8a5d23,1054fbd0-3bf2-97b5-65d9-0fb4d911867e,ML10900,خلاط حوض وجه كروم,6,185.000,1110.000,310001108
a8d7a900-ded8-7a05-239d-389e5fcf9b4e,ebce3d13-908e-a644-48bb-7a0717341171,AASB30831,سلة قمامة كروم معلقة 5 لتر,12,95.000,1140.000,310001460
7661e4ec-c2ea-faa7-f74c-0df5ad4bd3e4,1d397afe-4b87-d191-59bb-f800a23c59b9,LG40890,حوض رخامي كوارتز 80سم,6,550.000,3300.000,310001090
7b36c952-23c3-44c2-c202-c096f567e371,919c7698-36fa-7025-ba4f-aa90c66507d2,ARSB80356,مصب دوش بدون تحويلة متحرك كروم,10,115.000,1150.000,310000235
9e46312a-53be-85fe-8220-37aa98cb771b,88a283d1-c96c-5c8d-e46f-a8a25f65932d,ML10006,خلاط حوض وجه كروم,6,425.000,2550.000,310001358
a7cd8574-b2c6-99e4-9dcb-1657e44ffa76,c21c3a4b-ed01-a9cd-5de2-d24ff1c31d62,CE10853,سخانة 50 لتر,2,705.000,1410.000,310001393
3a474416-f7a5-8860-2e77-d8d50f34053e,1d397afe-4b87-d191-59bb-f800a23c59b9,ML30747,مرايا حمام مع إضاءة لد,10,100.000,1000.000,310001178
df9a2db1-3f4a-6e81-9e00-71e1bdc77bd7,1d397afe-4b87-d191-59bb-f800a23c59b9,AB10742,خزانة حمام أبيض,10,200.000,2000.000,310001179
0036a7b0-c846-fa01-8719-36141f4f758f,1d397afe-4b87-d191-59bb-f800a23c59b9,AM0739,دولاب حمام مع حوض وجه 80 سم,10,780.000,7800.000,310001180
0e7000e7-8c1a-f475-3fe0-276fe10452b6,1d397afe-4b87-d191-59bb-f800a23c59b9,EL10866,حوض مطبخ ستانلس ستيل    تحت الرخامة 304 86 * 44 سم,4,585.000,2340.000,310001184
f7f786f2-5129-8257-54e7-4cf3285877a5,cff07310-f241-5864-1d9d-22aee516ea56,ARSB0758,سماعة دوش مع طوبو أسود,6,68.000,408.000,310001200
cb52df1b-e62c-2ac3-1bdf-539dd90d1f8c,cff07310-f241-5864-1d9d-22aee516ea56,ARSB8076,سماعة دوش مع طوبو كروم,6,62.000,372.000,310001201
f0d89d10-9d21-261e-2644-26cb8caec4cf,cff07310-f241-5864-1d9d-22aee516ea56,ARSB80764,سماعة دوش مع طوبو ذهبي,6,72.000,432.000,310001202
7a2684ff-5a24-5926-f2c7-819675ac76f9,cff07310-f241-5864-1d9d-22aee516ea56,PS20759,علاقة ملابس سداسية,6,56.000,336.000,310001203
9ceca3f0-db92-8dc8-8530-ea5f271adcbc,1d397afe-4b87-d191-59bb-f800a23c59b9,EG40940,رف كواريون كوارتز 100سم,4,260.000,1040.000,310001167
7ecf596a-fbc7-7b88-a1ae-2c9ea88923a5,4365fd0e-1d28-139b-fd7f-19ed77e51d69,PA30522,ترودي 2.5 * 350 مم (1ممØ),6,37.500,225.000,210000629
afc267d6-0789-0e7c-ddc8-5c1e90410387,6aae9cc3-512e-d7af-fb91-f2bef0f304e7,VS10123,حوض وجه معلق -75 سم,6,421.950,2531.700,210001497
444acd2d-2603-d5b9-9807-3e577e6869e4,a17ae495-978d-9d78-6a29-4a93558749d4,ARSB80612,وجه خلاط دوش مدفون دائري كروم,4,90.000,360.000,310000666
a61c3948-1422-cce3-8a1f-bbf37860c8bf,03f44a66-0ee4-b4a2-1e78-753ab75911ee,ARSB80269,شطاف ظغط مجرح مع طوبو كروم,20,117.000,2340.000,310000667
07d2c1c5-2d7d-5db1-76b6-735a4f5d9424,1d397afe-4b87-d191-59bb-f800a23c59b9,EG40891,رف رخامي كوارتز 80سم,6,270.000,1620.000,310001168
8f19331d-0909-b845-192e-07e3f0181d96,9f225ead-699c-0b61-b0d5-c52ebbb79f5a,ML10785,خلاط حوض وجه  كروم,7,90.000,630.000,310001225
23005fb2-454b-7b3c-de56-df221b7b7683,9f225ead-699c-0b61-b0d5-c52ebbb79f5a,ML10787,خلاط حوض وجه  كروم,6,210.000,1260.000,310001226
05c51a26-a2a8-cf9d-0710-177d1cc41bb7,9f225ead-699c-0b61-b0d5-c52ebbb79f5a,ML10790,خلاط حوض وجه أسود,6,230.000,1380.000,310001227
07ed6991-618b-e23f-63e6-88637d44f294,9f225ead-699c-0b61-b0d5-c52ebbb79f5a,ML10792,خلاط حوض وجه  ذهبي,6,265.000,1590.000,310001228
9d6b28fd-14d7-d882-581d-4559165e947f,9f225ead-699c-0b61-b0d5-c52ebbb79f5a,ML10793,خلاط حوض وجه  كروم,6,225.000,1350.000,310001229
3a45626e-5b3f-bebd-e61d-d286a47defad,9f225ead-699c-0b61-b0d5-c52ebbb79f5a,ML10747,خلاط حوض وجه  كروم,6,225.000,1350.000,310001230
cd100a17-a253-7833-d113-9a30070080c7,9f225ead-699c-0b61-b0d5-c52ebbb79f5a,SA10753,طقم اكسسوار كروم,6,185.000,1110.000,310001231
cce57c0d-c9f2-d660-ca74-4386f7f1405f,9f225ead-699c-0b61-b0d5-c52ebbb79f5a,ML10791,خلاط حوض وجه طويل ذهبي,6,235.000,1410.000,310001232
c2cc856c-1c1f-954c-3fe6-f2cc3db7e64d,9f225ead-699c-0b61-b0d5-c52ebbb79f5a,ML10788,خلاط حوض وجه كروم,2,165.000,330.000,310001233
2ee43d1b-c726-79e4-d394-8dd5aeba44c1,5c801f0c-053c-f6b0-8867-cf312aef25d5,PA30537,"اسطافة 3/4"" (2 قطع)",100,3.800,380.000,210000644
654b578b-334d-14a2-9b6c-899a30092f91,5c801f0c-053c-f6b0-8867-cf312aef25d5,PA30555,فيتي 3.5 * 30 (100غ),36,1.389,50.004,210000662
8daf6262-cff9-f94b-f672-10107aa2c589,4d086231-ea81-e002-fa66-e38b1cc002d2,ALVM50030,سيفون حوض الوجه كروم,10,90.000,900.000,210001509
93e252f2-a86c-5053-3fc6-46c9484e1b37,9f225ead-699c-0b61-b0d5-c52ebbb79f5a,ML10789,خلاط حوض وجه كروم,12,53.500,642.000,310001234
ccf0b4cb-5d0f-eea7-acb1-12e0c9fccc0c,fdd8c833-3fbe-53cb-ed76-b8521b537429,VP20009,حوض وجه فوق الرخام أبيض -49سم,2,150.000,300.000,310000050
ef5dafbd-ab3f-07e0-287e-111b9da276f0,1848116d-3371-ba85-30a4-89b448995572,AASB30197,موزع صابون حساس كروم,5,45.000,225.000,310000097
6c40ebc0-9fc9-da4e-175f-c2b20a3a1b5d,283714f3-bc8c-bf4a-49de-c4ec79d166bd,FAB0177,طلاء وجه زر بتارية,7,145.000,1015.000,310000194
6bf8684e-7933-7bac-c059-cc0b446a9f58,d34ca263-d98f-957d-0260-97069fa8796d,VS10801,حوض وجه معلق -90 سم,5,450.000,2250.000,310001376
73b4b9ec-eb54-b6b2-9ef6-0d5d72ff59f8,dbb5de39-7d8a-eaed-ff24-e740d7ed7f21,PA32453,بونتة 8 * 160 مم,20,1.850,37.000,210002026
e6c9b3cb-bff0-dcb5-aaeb-06c0bb49c813,ae8a1f9a-c22c-77d8-4449-ef07b633eed1,ARSB80240,كسكاس دوش مربع 250*250 مم مع قصبة كروم,6,395.000,2370.000,310001594
8140a496-ee65-12fd-ca61-8ce4cc64b543,dbb5de39-7d8a-eaed-ff24-e740d7ed7f21,PA3370,مسمارخشب رقم 6 (2 كغ),20,12.750,255.000,210002027
d6fc105f-e7d0-cee8-02d9-5ee30557ee32,dbb5de39-7d8a-eaed-ff24-e740d7ed7f21,PA30606,ليفة تنضيف ألمنيوم,12,11.000,132.000,210002028
04cdb5aa-c204-3ed2-c8de-c53430291a09,dbb5de39-7d8a-eaed-ff24-e740d7ed7f21,PE30077,بونتة ترابنو (1 قطع),100,1.350,135.000,210002029
84bac3b8-a819-f081-3197-3d8faa1bcde4,dbb5de39-7d8a-eaed-ff24-e740d7ed7f21,RA30004,طوبو4'' 6 متر,10,89.000,890.000,210002030
8e6bd59d-f1ca-adf6-8215-b4a3d1b30b40,dbb5de39-7d8a-eaed-ff24-e740d7ed7f21,RA30046,"مجمع 2"" 1.5"" 1.5"" 1.5""",25,25.000,625.000,210002032
22953db0-eae0-09f0-ea28-5db43c48452f,dbb5de39-7d8a-eaed-ff24-e740d7ed7f21,RA30065,"طابة نهاية خط 3""",18,5.500,99.000,210002033
14c0b8fa-2777-f9a1-282b-992a59c6af8c,dbb5de39-7d8a-eaed-ff24-e740d7ed7f21,RA30018,"كوربة 1.5"" - 45°",80,2.300,184.000,210002034
3f7cb836-3ad4-f4c1-d59e-75d7ffd3fe05,dbb5de39-7d8a-eaed-ff24-e740d7ed7f21,PE30884,زمالطو ضد الصدأ1كغ أسود,9,13.440,120.960,210002035
362f81ac-6225-f1fa-f481-df3b53f9f8e4,dbb5de39-7d8a-eaed-ff24-e740d7ed7f21,RFP1376,"فسيبلي "" 1/2 أنثى * ""1/2 أنثى 40سم",30,16.500,495.000,210002036
4ba7dfc3-fef4-c786-8d15-1ab5a3612b0c,d5ce7348-acae-1fc7-f40d-526bc53c2fcc,PE30200,"سكينة تغليف 5""",12,3.450,41.400,210002037
035dc84f-61b2-4088-8145-c82fb14bdd7a,55c31c27-356a-daf1-c5e2-ca0434da84d7,CC10308,كولة حائط 20 كغ,80,27.000,2160.000,210002064
325a13d1-d522-8529-1b67-74789c27ba9e,4d086231-ea81-e002-fa66-e38b1cc002d2,ARSB80308,مخرج شطاف كروم بالعلاقة,10,45.000,450.000,210001517
504687ea-a590-4832-707b-03922c35ec6e,dbb5de39-7d8a-eaed-ff24-e740d7ed7f21,PA30495,بونتة 10 * 160 مم,23,2.150,49.450,210002025
c9cccfb8-d4e4-ea70-fc4c-bb793d04494c,aaadb2db-8c53-5939-6c7f-75e9a6f3a10c,MT30928,خلاط شطاف كروم,10,235.000,2350.000,310001602
c734ba59-2ace-33d1-1a29-c44c0b434f74,2f0d46b5-4145-813c-1079-d426b06ee705,RD30460,حوض قدم مستطيل اكريليك 70*70 زاوية,2,335.000,670.000,210002068
1b38c3fb-38ab-e65b-47fa-589c0b15cf13,2f0d46b5-4145-813c-1079-d426b06ee705,BAI10461,حوض استحمام بانيو 150*70*53 سم,2,1070.000,2140.000,210002069
49a02a73-5124-d45e-c580-3533cc376a8a,2fca5fd3-9b9e-2f8a-05e4-1dfb2f9b6a15,CC10368,كولة فواصل 007,20,35.000,700.000,210002070
313a1a81-b991-15da-d2e3-0a8d1a2ac77a,c0a80fb2-49db-35d8-4f7a-754663a09d2c,ARSB80004,مخرج شطاف كروم بالعلاقة,5,93.000,465.000,210002071
df59cd33-5535-3cc4-a3a7-2cb517ede884,c0a80fb2-49db-35d8-4f7a-754663a09d2c,ARSB80302,شطاف ظغط مربع كبيرمع طوبو كروم,5,145.000,725.000,210002072
44bbd5ed-850d-5084-0dc0-af62de8cec18,c0a80fb2-49db-35d8-4f7a-754663a09d2c,ARSB80462,كسكاس دوش مربع 250 مم مع قصبة كروم,5,150.000,750.000,210002073
295f8b8d-7a03-1b21-507e-3e92689c081d,c0a80fb2-49db-35d8-4f7a-754663a09d2c,ARSB80598,قصبة دوش مربعة 40 سم كروم,5,155.000,775.000,210002074
6c6d50c1-5d8b-9e61-0919-dbad561b561f,c0a80fb2-49db-35d8-4f7a-754663a09d2c,ALVM50809,سيفون حوض الوجه كروم,5,180.000,900.000,210002075
b72053cd-63ea-420e-d549-bc74d48f57da,c0a80fb2-49db-35d8-4f7a-754663a09d2c,ARSB80298,سماعة دوش مع طوبو كروم,5,130.000,650.000,210002076
b56e2899-e960-0191-2904-8c37318904cb,c0a80fb2-49db-35d8-4f7a-754663a09d2c,SA10311,طقم اكسسوار كروم,1,145.000,145.000,210002077
4785aedf-d293-6aa3-53d5-53a4e0b0cca3,93772a34-b192-7f6e-ce1e-0a06ad1635e8,MA20876,خلاط حوض المطبخ سحاب أسود لامع,2,700.000,1400.000,210002078
7172c3c4-d135-caea-c174-413c8bce4a2d,447eee96-3212-3f0c-5216-ba306e471048,ML10001,خلاط حوض وجه كروم,5,350.000,1750.000,210002079
dfd151f0-ab29-326d-60df-52425660ca00,c594c6b2-7379-925c-e086-316676d70426,ML10017,خلاط حوض وجه كروم,6,153.000,918.000,210001527
44329ed2-4dc9-2e84-4126-98dbb670db29,2f0d46b5-4145-813c-1079-d426b06ee705,RD30459,حوض قدم مربع  اكريليك100*100,3,455.000,1365.000,210002067
cb0f3551-f5af-e75f-2286-19277317d2ea,03f44a66-0ee4-b4a2-1e78-753ab75911ee,ARSB80082,شطاف ظغط مربع مع طوبو كروم,6,175.000,1050.000,310000669
e40dab70-84b3-62ce-58cb-1edf9d404e86,7c91f48e-e8e7-cc49-18e8-b581c69ce0c1,ARSB80868,كسكاس دوش مربع 250*250 مم مع قصبة اسود,5,625.000,3125.000,210002087
4569c3aa-bfe0-c1aa-1264-182ad3af7624,8ee740a1-d7c9-7152-97f3-11ca4b27d77b,PA30587,سلسلة ترية (1 متر),30,2.667,80.010,210000693
ee3ee9c7-18dc-f779-0e5c-bc722760ac65,7c91f48e-e8e7-cc49-18e8-b581c69ce0c1,MA20876,خلاط حوض المطبخ سحاب أسود لامع,5,685.000,3425.000,210002085
0c8c2ccd-7d22-e4ea-7477-d68da87f739e,7c91f48e-e8e7-cc49-18e8-b581c69ce0c1,SA10463,طقم اكسسوار اسود,3,1050.000,3150.000,210002084
c73944a7-c64d-2795-62a1-af8e775fab74,7c91f48e-e8e7-cc49-18e8-b581c69ce0c1,ARSB80467,شطاف ظغط مربع مع طوبو أسود,6,230.000,1380.000,210002086
58ac88e4-8cc2-7cf0-1333-7df7fc369c5f,7c91f48e-e8e7-cc49-18e8-b581c69ce0c1,ARSB80951,كسكاس دوش مربع شريحه 250 مم,5,375.000,1875.000,210002088
7e95ce24-2f66-7ff4-dfbf-a7d129f79fd4,7c91f48e-e8e7-cc49-18e8-b581c69ce0c1,ARSB88868,مخرج شطاف مربع بالعلاقة أسود,10,145.000,1450.000,210002089
27aeeab6-83a8-6607-07de-e6f5da4376a6,7c91f48e-e8e7-cc49-18e8-b581c69ce0c1,ARSB80138,مصب حوض وجه  22 سم كروم,10,295.000,2950.000,210002090
d02df326-9d23-586e-ce44-bc1198d2c3fd,d1244a1d-d679-98b4-b8ff-17ca2b8603b5,CE10104,سخانة 50 لتر,6,480.000,2880.000,210002091
2deb27b2-a965-a3f3-b122-ac12468e016b,bd36ecec-8ab8-e520-8f87-3e03e3029887,ARSB80478,قصبة دوش 40 سم سقفية اسود,10,57.000,570.000,210002092
36a20638-6a32-f39e-69ec-92f29f4f6aca,bd36ecec-8ab8-e520-8f87-3e03e3029887,ARSB80479,قصبة دوش 40 سم سقفية ذهبي,5,58.000,290.000,210002093
e2c58182-ccfd-f002-aea1-a4a7c3f503b0,168aa56a-f0c4-a983-07f9-63fe8879f21d,ML30464,مرايا حمام مع إضاءة لد مربعة 60*80سم,12,97.000,1164.000,210002081
fd7892d0-d08a-d9da-b653-b402c74e93e5,b7933fd6-ff30-9d52-f76d-87cfd9ce7bae,VS10466,حوض وجه وضوء معا خلاط معا سيفوني صرف,3,1150.000,3450.000,210002083
24525e04-96ac-940b-8bf8-98d91a5a19d3,168aa56a-f0c4-a983-07f9-63fe8879f21d,ML30465,مرايا حمام مع إضاءة لد مربعة 60*80سم,12,97.000,1164.000,210002082
4c657973-0bce-2770-dd24-811ce1f26e28,fbec084e-40eb-dcbd-7be7-62a831aec594,PE30036,استوك 18 كغ,50,43.650,2182.500,210002099
15420620-8f85-baeb-34a1-9d088bfed500,7385ae30-0cd3-4081-bbd6-e55355e2824c,ALVM50430,رأس سيفوني رخامي,24,52.000,1248.000,310001603
a977bbb7-5d6d-c911-0f3e-e5af39fb72ce,fbec084e-40eb-dcbd-7be7-62a831aec594,PE30027,طلاء مائي داخلي 20 كغ أبيض,15,67.200,1008.000,210002100
ce31c4d5-fa15-614e-9b1e-b268bbd155e4,fbec084e-40eb-dcbd-7be7-62a831aec594,PE30896,عازل ناري 16 كغ,8,292.800,2342.400,210002101
2e0a329a-4c37-bf42-4825-5e182967bd28,fbec084e-40eb-dcbd-7be7-62a831aec594,PE30989,طلاء مائي داخلي 10 كغ أبيض ربع لمعه,6,193.920,1163.520,210002102
3bd4ec1c-2229-40c7-c4ec-05afa607a5ed,fbec084e-40eb-dcbd-7be7-62a831aec594,PE30195,طلاء مائي داخلي 10 كغ أبيض 4% لمعة,6,153.600,921.600,210002103
1bd333e1-c233-d01f-f2f7-952fa3d46a19,fbec084e-40eb-dcbd-7be7-62a831aec594,PE30985,طلاء مائي داخلي 4 كغ أبيض مطفي,16,36.000,576.000,210002104
e8454a4a-f2be-7ce6-305a-c44bc5a1be95,fbec084e-40eb-dcbd-7be7-62a831aec594,PE30087,دلونتي 1لتر,24,3.333,80.000,210002105
ddb7ff0c-5f88-73e1-65a6-abba73bfbbe9,fbec084e-40eb-dcbd-7be7-62a831aec594,PE30492,طلاء عاز ل مطاطي  15 كغ اكسترا,8,201.600,1612.800,210002106
ce783635-9f60-98cc-c984-c8c913754c49,fbec084e-40eb-dcbd-7be7-62a831aec594,CE10472,سخانة 50 لتر,3,490.000,1470.000,210002108
a59d5fc9-3e21-202a-b5e6-831a566b346a,fbec084e-40eb-dcbd-7be7-62a831aec594,CE10473,سخانة 80 لتر,3,500.000,1500.000,210002109
51205f83-5a5d-761e-6ef9-26d3cbb1a099,d34ca263-d98f-957d-0260-97069fa8796d,AM0805,دولاب حمام مع إضاءة لد-80 سم,5,630.000,3150.000,310001635
79325a34-ac98-12a6-a0ea-398a40028f2d,c594c6b2-7379-925c-e086-316676d70426,ARSB80351,شطاف ظغط دائرية مع طوبو كروم,6,57.000,342.000,210001528
a6762238-de26-b05f-98bf-9543124096b8,562ee55b-e8a5-8037-203d-e727ce466445,SI10138,سلكون  280 غرام أبيض التاج,24,5.850,140.400,310000344
6b855b6c-9cf8-4684-4c1d-e3d4375fc6ac,91be4efb-c7be-2082-7210-ce1008cf1407,CE10925,سخانة 80 لتر أفقية,2,610.000,1220.000,310001606
6b6d5f96-33d3-81f2-3c81-645a50705c7b,5a713309-c0e9-4c52-96cd-c33edd8fdb01,PA30854,ماكينة سلكون ثقيلة,24,19.500,468.000,210001964
347e3417-7827-1508-9d65-c1b5a7fe5c07,5a713309-c0e9-4c52-96cd-c33edd8fdb01,PA30844,ماكينة سلكون,24,11.500,276.000,210001965
e3ce12c7-a9b7-bf78-e892-c77485a08350,8c9c11de-9582-be2f-7649-7ab602b625fa,PA30489,مفتاح زڨنالي (9 قطع),12,15.500,186.000,210002015
79fea913-7245-16cc-be3d-121884966869,dbb5de39-7d8a-eaed-ff24-e740d7ed7f21,PE30125,رولة طلاء 25 سم ديكور,25,21.000,525.000,210002022
081ae674-2c85-3903-8c0a-181da7fdc548,d5ce7348-acae-1fc7-f40d-526bc53c2fcc,RA20455,طبوا مكيف 1/2,40,2.325,93.000,210002049
8572e523-c795-2482-1fb5-2ef440b16f0d,d5ce7348-acae-1fc7-f40d-526bc53c2fcc,RA20456,طبوا مكيف 3/4,40,2.725,109.000,210002050
0492004c-3b8f-8eaf-3a66-fb9a7fa27094,bd36ecec-8ab8-e520-8f87-3e03e3029887,ARSB80481,قصبة دوش 40 سم سقفية كروم,5,48.000,240.000,210002094
7dfa24ea-c2d0-6095-08be-2eb2208c59e1,fbec084e-40eb-dcbd-7be7-62a831aec594,PE30493,طلاء مائي داخلي 10 كغ أبيض نص لمعة,6,207.360,1244.160,210002107
544eb7cf-a8d8-fe57-394f-5cc740f54127,6a3e205f-382f-bb35-2964-437d9896e812,RS40441,بلاط ارضيات كوطو 60سم * 60 سم (0.360  م²),45,43.200,1944.000,210002110
8b340224-2390-027e-8013-369174b00fe2,5b917d4a-db1f-6dd8-f30f-756f5d1deadf,PA30046,كيس فارغ أبيض,1000,0.850,850.000,210002111
5f24536a-fbed-1f46-f4d3-479dabfe6418,bb50c0c1-6d65-2d2e-3ebe-507f95ec6527,PE30037,طلاء مائي داخلي 18 كغ أبيض مطفي,25,112.320,2808.000,210002112
bcf8048c-c2a1-4ded-8957-e378903343ee,be7fde74-eb2b-3ae8-67da-f85d7239fede,MC10413,سرفنتينة 15 سم * 15 سم كروم,30,59.500,1785.000,210001535
28cb4337-6d0f-9d75-1317-8de34dcfd8f2,5a713309-c0e9-4c52-96cd-c33edd8fdb01,PE30499,فرشة طلاء ايطالية رقم60,24,5.750,138.000,210001963
f4cf332b-512a-9fff-30f3-c76f022ebb32,1054fbd0-3bf2-97b5-65d9-0fb4d911867e,ML10899,خلاط حوض وجه كروم,6,195.000,1170.000,310001107
e72f2256-2bcf-7922-9f38-8a149d7148ab,1bfb31f4-26c4-315a-46eb-95c821cb557b,WP20166,مقعد أرضي ملحوم بيضوي أبيض,34,610.000,20740.000,310000478
e25371d1-ece1-b912-1c86-a77d2b69de58,efaa99ed-c1eb-2da7-9c23-d927f330662a,MC10413,سرفنتينة 15 سم * 15 سم كروم,12,55.000,660.000,310000346
a7d21279-8e17-a0fc-dada-33a8bf4415c4,9f225ead-699c-0b61-b0d5-c52ebbb79f5a,ML10786,خلاط حوض وجه كروم,7,148.000,1036.000,310001235
40635b22-01b9-46c9-5a6a-a79ca922e70c,9f225ead-699c-0b61-b0d5-c52ebbb79f5a,ML0786,خلاط حوض وجه كروم,12,58.500,702.000,310001236
a7cc286f-6ab9-a686-bd7b-f42695044e83,9f225ead-699c-0b61-b0d5-c52ebbb79f5a,ML10784,خلاط حوض وجه كروم,12,84.000,1008.000,310001237
1cfaf070-850a-0205-2c09-944f4eb8b11f,9f225ead-699c-0b61-b0d5-c52ebbb79f5a,ML10783,خلاط حوض وجه كروم,12,105.000,1260.000,310001238
ba9f7d60-527f-ec0c-13cf-f8710a5a5332,9f225ead-699c-0b61-b0d5-c52ebbb79f5a,MD20793,خلاط دوش كروم,12,92.000,1104.000,310001239
d375c4e0-cd5a-1210-871d-76fc24ac85e5,9f225ead-699c-0b61-b0d5-c52ebbb79f5a,MT30747,خلاط شطاف كروم,8,58.000,464.000,310001241
cd2f9d6b-bac3-20d6-4354-fd3523996dba,bacf89ad-b2d6-af0d-09a6-67628927e663,PE30476,شفاط خشبي,3,79.500,238.500,210002115
d37a00e6-4d5b-c075-cd32-1fd248c39435,f95fc34f-1064-cdf1-ea86-1bdc8166730b,PA30313,"اسطافة 1.5"" (2 قطع)",70,5.900,413.000,210001537
87875abb-cece-43ad-9e87-77bd403ac45c,9f225ead-699c-0b61-b0d5-c52ebbb79f5a,MD20792,خلاط دوش كروم,12,95.000,1140.000,310001242
7dbb5f96-f426-d8bc-1ff9-ab6e079b386f,bacf89ad-b2d6-af0d-09a6-67628927e663,PE30477,شفاط ابيض,3,74.500,223.500,210002116
31d96b70-c8d2-3416-dc99-e25c4d42156c,ae8a1f9a-c22c-77d8-4449-ef07b633eed1,ARSB80826,كسكاس دوش دائري 250 مم مع قصبة كروم,6,240.000,1440.000,310001593
866de445-7a9a-0e9a-bb85-e97996bb8ccd,03f44a66-0ee4-b4a2-1e78-753ab75911ee,RFP1756,"فسيبلي "" 1/2 أنثى * ""3/8 أنثى 50سم",20,14.200,284.000,310000670
9e24782d-3564-fbde-c36d-fc0dbe509ce3,9f225ead-699c-0b61-b0d5-c52ebbb79f5a,ML10781,خلاط حوض وجه كروم,12,92.500,1110.000,310001243
e94849d7-5758-9604-c7cc-9da968878a50,9f225ead-699c-0b61-b0d5-c52ebbb79f5a,LG40749,حوض كواريون كوارتز80سم أبيض,10,400.000,4000.000,310001244
2447151a-58f3-9d63-de47-7a02da2af719,c97361b9-21c5-2747-78a9-df713b5443e0,RA20598,"فلفلة باب  1/2"" سن داخلي",10,19.000,190.000,210000704
ad3b3e7a-2e06-70a2-30b2-316670289082,9f225ead-699c-0b61-b0d5-c52ebbb79f5a,EG40748,رف كواريون كوارتز 80سم أبيض,10,230.000,2300.000,310001245
dd4fdd7c-18fe-c085-62a2-4e01d0a5d373,9f225ead-699c-0b61-b0d5-c52ebbb79f5a,ML30751,مرايا حمام مع إضاءة لد-عرض60*80 سم,10,100.000,1000.000,310001246
948e4c0f-3999-9ad5-8766-65f164c81e72,9f225ead-699c-0b61-b0d5-c52ebbb79f5a,EG40750,رف كواريون كوارتز 80سم أبيض,6,230.000,1380.000,310001248
b2ef1bc4-28bf-c215-59aa-20fcacd6bb80,2f0554ce-b7b5-e244-0bfa-f00b7748c983,PA30614,تل رخام 2 مم (1كغ),25,7.750,193.750,210000721
8e842880-93a5-bdb8-d94a-184978510915,9129aa52-1a39-6f98-50fe-b37c0adee296,PA30396,قفل شنطة نحاس 63 مم,12,6.250,75.000,210000733
6ae989d2-2205-363c-152e-82590b1e3d4a,bc8ef624-3c19-762c-6628-74d1a19ffd3b,ML10383,خلاط حوض وجه  كروم,12,68.000,816.000,210000752
82d6ee98-97f9-202d-53cc-557ce68d6482,c6147025-be67-44a5-8e7e-79db573a8978,RA20394,"سنيسكا 25"" قصيرة طربوش",9,79.000,711.000,210000766
bda4b8be-626b-e740-ed92-201ca065c947,d4b104a0-83ba-e075-3f9c-e7470a6e85a8,PA30087,فيتي 4 * 40مم 120 قطعة,2,5.000,10.000,210000785
8aeef50d-fda9-0953-ecce-a0a1403844c2,0eac1d91-2b3e-bf96-f9ff-9021ed3c0e9a,CE10265,سخانة 80 لتر,6,620.000,3720.000,210000801
cf91c17b-759f-f19e-fc06-b1e6ae10fc8b,fecdef37-95c5-17ad-e08b-6c3087143029,PE30094,ورق سنفرة قماش رقم 180,35,2.286,80.010,210000816
dd2e911c-02b7-ee19-2df0-c27164b10387,5d668a59-3ba4-b9b2-265e-722eb1fe029d,CE10104,سخانة 50 لتر,5,530.000,2650.000,210002170
69fb877f-c945-4d20-d02e-0f6f275e7fad,ae8a1f9a-c22c-77d8-4449-ef07b633eed1,ARSB80943,وردة خلاط دوش مدفون كروم,4,100.000,400.000,310001616
7e4200be-ad2a-64d8-1e69-2c6bfafebf54,9f225ead-699c-0b61-b0d5-c52ebbb79f5a,ML30752,مرايا حمام مع إضاءة لد-عرض60*80 سم,6,100.000,600.000,310001249
e115a75e-d49b-1034-7300-593dd2a55b50,17842377-5ef7-1d9f-9920-0c20f3490411,VS10625,حوض وجه معلق -100 سم,1,290.000,290.000,310001251
592c2d1f-0d14-cadd-ee61-15293e370591,fd755fa1-2d82-3312-2db7-5dbcdbd6164a,ML30503,مرايا حمام مع إضاءة لد اطارأسود 55 سم,1,80.000,80.000,310001250
ce898f67-4a02-202d-a288-397b4c77de0a,17842377-5ef7-1d9f-9920-0c20f3490411,VS10759,حوض وجه معلق -100 سم,3,452.000,1356.000,310001252
2d914418-0608-be56-2301-4e04974cd627,48ed53ad-636b-296e-9785-5b1dab913b8a,ARSB80430,كسكاس دوش مربع  250*250 مم كروم مع قصبة,7,205.000,1435.000,310000375
70d3f952-21d2-a46a-9d2d-694d3e85ec31,48ed53ad-636b-296e-9785-5b1dab913b8a,ARSB80431,كسكاس دوش مربع  300*300 مم كروم مع قصبة,5,277.000,1385.000,310000376
57d956b1-b6c1-53c3-b603-5960d2873feb,48ed53ad-636b-296e-9785-5b1dab913b8a,ARSB80432,مخرج شطاف مع علاق ذهبي,5,90.000,450.000,310000377
16f2a338-3343-4864-df4d-f1ccaae5be2d,48ed53ad-636b-296e-9785-5b1dab913b8a,ARSB80433,مخرج شطاف مع علاق كروم,5,88.000,440.000,310000378
69df0e6d-d659-dc8e-d45d-3f547a562c1f,53574c8d-f39e-3378-5eb0-f1c187207b7a,AASB30765,فرشاة تنظيف مرحاض أبيض,5,23.500,117.500,310001255
3614d51d-61c5-6b1f-60cd-4b67b9b375e7,1054fbd0-3bf2-97b5-65d9-0fb4d911867e,VS10765,حوض وجه معلق 80 سم,4,295.000,1180.000,310001217
de63a0ff-8ddc-90d9-ffac-698fc521b3bf,290fc712-d480-070d-9819-15dccee03fee,PE30317,استوك 4 كغ,10,15.000,150.000,210001542
cf4f91da-8342-ea3c-1ed4-f7b4ba12fbca,cc19d5d8-1792-f9ac-dc45-d598377ca1e6,CE10007,سخانة 80 لتر,3,495.000,1485.000,310001256
63e0eb23-ed87-4db2-0bb6-3d28d426fea7,1054fbd0-3bf2-97b5-65d9-0fb4d911867e,ML10504,خلاط حوض وجه  كروم,12,165.000,1980.000,310001104
26b0d978-6756-80fb-c947-646d6cd1a030,4e50874f-744b-78c0-5d13-97196ea8337b,ATWC50314,صندوق طرد مدفون بتارية مع زر مربع 9 لتر,4,975.000,3900.000,210002323
85230cc0-bf99-07a0-7157-54598381f2a7,cc19d5d8-1792-f9ac-dc45-d598377ca1e6,AECU50762,سيفون حوض المطبخ رأس صغير,6,14.500,87.000,310001257
46b23a26-0499-b99d-b044-5aaf262561d6,f2c9cad9-ad52-340f-14b7-f7a9d8e0a8f5,ALVM50240,مثبت حوض الوجه,30,5.500,165.000,210002326
96110681-0fe7-6568-bac4-9a68e97664f9,f2c9cad9-ad52-340f-14b7-f7a9d8e0a8f5,ARSB80214,"مسكر شطافة ""1/2"" * ""1/2 كروم",30,40.000,1200.000,210002327
862b55ae-a7ad-8135-a7b1-296e6e9f98f1,f2c9cad9-ad52-340f-14b7-f7a9d8e0a8f5,RO10536,حنفية غسالة  ''1/2 * ''3/4 كروم,10,25.000,250.000,210002328
d8725c02-210a-bda1-7732-a7b4b7b2ad57,e7aa7612-2135-5dab-e98e-6a5233651289,PE30088,سيكه فلكس مزود 600مل,3,65.000,195.000,210000846
10334fef-158d-3d95-47d8-a41f798cb58a,6ee70180-c096-6cc4-baea-26aae04527b7,EL10040,حوض مطبخ ستانلس ستيل   304 76 * 45 سم,5,520.000,2600.000,210000887
3dce7fff-b871-e0be-0004-32d261a00467,2b77f52c-b712-cd77-2e1a-2e92f75e5b2d,ML10017,خلاط حوض وجه كروم,20,148.000,2960.000,210000888
034e75cd-c936-2360-5986-9d49945c453f,a994e55c-f001-fae3-79f2-91838a9527e1,PE30028,طلاء مائي داخلي 5 كغ أبيض,10,20.370,203.700,210000892
aa97370a-8249-1efe-2da9-13f955d6e6f6,7086ed9c-a031-e1ba-8b01-955756ad73ba,PA30045,مفتاح بيبة رقم19مم,6,8.750,52.500,210000910
afd5dc55-717e-3a28-522b-494553bb01e7,7086ed9c-a031-e1ba-8b01-955756ad73ba,PA30057,متر 5م,12,6.500,78.000,210000924
905657c2-c3a5-616b-8497-39302dbc0de0,2d7d3510-fdb7-3c7f-fe08-5b51f0a16bad,ML10017,خلاط حوض وجه كروم,20,148.000,2960.000,210000952
82b0b770-da41-9bbe-833d-7716abbfc4a2,f379c32f-216c-b2c9-0d16-0cfb7a92baec,ML10069,خلاط حوض وجه كروم,6,295.000,1770.000,210000961
fc27229c-8d4e-1ec4-bad8-82a4397287a5,37f7fe7d-dc9b-e0ce-0862-8b08c73ce69a,ATWC50525,زر بتريا أسود,5,385.000,1925.000,210002322
8e365c37-2304-e634-89bf-c0461bbdb420,97c4083f-e8a5-8519-2ca4-81c5c063b979,ARSB80765,وصلة مسطرة دوش30سم,20,7.500,150.000,310001258
42a49d40-b96f-30ff-6425-177cec73ccc1,646a80cd-3f96-e3ef-21ab-44e3dacabaa8,ML30776,مرايا حمام مع إضاءة لد 60*60 سم,1,100.000,100.000,310001308
17d05310-535b-6e00-8fe6-ed115f784d51,49777160-f00d-5fe4-bd85-9eba05693594,ML10767,خلاط حوض وجه كروم,6,355.000,2130.000,310001279
b2197f57-853b-7f76-6325-db2bd9c913ce,49777160-f00d-5fe4-bd85-9eba05693594,ARSB80988,كسكاس دوش دائري 250 مم كروم,10,145.000,1450.000,310001280
5c24a9e4-00cd-114f-9465-334e8bab79cf,b405f941-ef5d-03c6-19dd-2e8390821a93,MC10413,سرفنتينة 15 سم * 15 سم كروم,20,90.000,1800.000,310001284
0ad1022e-cd38-1db7-e484-4871d37d5b09,bb9f8d85-08e9-afb9-77a0-0734123a28b1,ML10213,خلاط حوض وجه كروم,6,252.000,1512.000,310000198
306ab845-e7c5-9eab-785a-3d15c897bf96,bb9f8d85-08e9-afb9-77a0-0734123a28b1,ARSB80774,شطاف ظغط مع طوبو كروم,6,68.000,408.000,310001261
77819e75-e6ce-b28f-4e02-edd76db8fe0b,1bfb31f4-26c4-315a-46eb-95c821cb557b,VS10220,عمود حوض وجه سداسي معلق أبيض,20,65.000,1300.000,310000489
2f5a7765-5f72-019d-86aa-d050c145dfcc,bb9f8d85-08e9-afb9-77a0-0734123a28b1,ARSB80775,مخرج شطاف كروم,6,40.000,240.000,310001262
0e1c16ed-03a0-4c7d-b0b0-26cc660e16e2,bb9f8d85-08e9-afb9-77a0-0734123a28b1,ARSB80766,شطاف ظغط مع طوبو كروم,6,150.000,900.000,310001263
87f89190-ed1f-8ab2-46c7-ea91b55b5b12,bb9f8d85-08e9-afb9-77a0-0734123a28b1,ARSB80767,مخرج شطاف كروم,6,57.000,342.000,310001264
9546326b-9802-7e58-99b8-b76c6a8910e3,f96ea6f7-8b31-4cbe-e64c-158a110aa6bb,CE10104,سخانة 50 لتر,6,480.000,2880.000,310001265
22d3d190-097d-e748-7e87-dbbec108f845,25703d38-0ac5-8433-a6ae-fe6b21edbf13,ML30079,مرايا حمام مع إضاءة لد 80*60 سم,5,395.000,1975.000,210000982
80dc3b55-9af6-099e-729a-bea1e70c2e88,fc1d12db-ea07-a1cd-d96a-f85f2e8d58bc,PLSA0130,مطول 1/2*20 مم كروم,30,6.950,208.500,310001300
35e550b3-368d-5134-7178-32a5a02650d5,1054fbd0-3bf2-97b5-65d9-0fb4d911867e,ARSB84562,كسكاس دوش مربع 250*250 مم اسود,12,95.000,1140.000,310001082
e905c5ac-0806-af01-e734-ee4aa35f76c1,64b3ab2d-1c38-3e0f-2322-eef295068bb5,ML30090,مرايا حمام مع إضاءة لد مع اطار دهبي  80*60 سم,6,125.000,750.000,210000995
77a35deb-e3aa-f86e-44c8-d8678b5b95f2,cd0693ed-6be9-9460-a597-9f41ba5f9033,PS20027,علاقة ملابس فردي,20,39.000,780.000,310000672
272ace88-47e7-9bb7-38f9-ddcbf62154f9,6682ddff-d901-c75d-cc4a-4627094aa700,PE30996,قطرامينة 15ك مائية سطل بلاستك,5,53.750,268.750,210001005
45ef523a-7f81-6739-988d-c7bd8d2fc484,121b9edb-f98d-7bd7-9333-5b542facbd61,PE30796,طلاء مائي مطفي  4 كغ,8,14.400,115.200,210001018
19c8cc1d-091c-7306-f771-939159ae7ca0,3a9f405b-4e17-395a-1831-caf8e70ba7dc,ARSB80004,مخرج شطاف كروم بالعلاقة,6,87.000,522.000,210001033
92381794-c13d-8544-0da2-640a0305e1bd,e075a1c8-2ee7-6ee1-5f4f-69193df97e17,WA40043,غطاء مقعد أبيض,9,45.000,405.000,210000047
b6f2aec4-cb64-7522-aa7c-8e33aa387df5,45d357a7-d75e-f112-e880-954002ac129b,ELC1112,"مثلث كهرباء تنائي مداخل 
",5,4.500,22.500,210001056
a7acb2b2-b736-bd72-2bbb-cfa0e1631c92,ab55a1f4-ab4f-f93a-feec-18a7f6c422b7,ML10145,خلاط حوض وجه مدفون مع مصب ذهبي,1,680.000,680.000,210001072
e2f2c54a-85e5-d29c-f6c2-0835c9310b0e,f65b37dc-4652-c4c1-2bc3-9d995bd2b758,ARSB82022,شطاف ظغط دائري مع طوبو كروم,6,105.000,630.000,210001076
2d76d432-e749-d0f3-fc37-1ad39d6276f2,c5300b24-8c28-ca30-9a4a-0017b5919eb9,VP20123,حوض وجه دائري حوض فوق الرخام - 55سم,1,700.000,700.000,210001091
8118014f-9d1b-c5d1-b5f5-49e82d68548a,77eb82a9-87af-de4e-9f2e-8c09168c3159,ML10016,خلاط حوض وجه كروم,5,350.000,1750.000,210001093
5d9614ce-0583-3a58-5dd2-28a95a3618e5,5fabe345-7139-f22a-420b-bbbfdbd27d5e,ARSB8022,مخرج شطاف مع علاق  كروم,6,75.000,450.000,210001097
8b23ea1c-8c76-5740-b051-f903dc645a01,a188d005-3352-34bb-4da2-142956ed2ca2,PE30985,طلاء مائي داخلي 4 كغ أبيض مطفي,10,32.000,320.000,210001108
8c1d8692-18f1-a056-56ac-9bd45b041980,d553da64-b5bd-0472-0740-f575580dcf4e,ALVM50139,رأس سيفوني كروم,6,100.000,600.000,210001124
dfa918fc-8d48-8686-a6ae-82c656e4fe83,fa514560-8a94-7391-0dc9-593ddf507dae,PD20784,حاجز دوش 10 مم اطار كروم مضبب 80 سم,5,605.000,3025.000,310001311
4bdaaf40-6131-7879-9207-b267c4a8d43d,9f1e2804-2e26-8714-e798-abb29c5b9a3d,EL10136,حوض مطبخ ستانلس ستيل   304 60 * 45 سم,3,385.000,1155.000,310000380
df8df9f2-f603-0d7e-45cb-3c95e19796f2,9f1e2804-2e26-8714-e798-abb29c5b9a3d,ARSB80326,مصب دوش بدون تحويلة أسود,6,85.000,510.000,310000381
cc5c4ca8-c12b-3ee9-4a19-e482207e7825,9f1e2804-2e26-8714-e798-abb29c5b9a3d,ARSB80600,مصب دوش بدون تحويلة كروم,6,65.000,390.000,310000382
3378e0ab-ba02-e5b2-21ab-0c9acc7d6abb,1d397afe-4b87-d191-59bb-f800a23c59b9,AB10745,خزانة حمام أبيض,9,200.000,1800.000,310001174
3d18ee94-0535-1289-476f-23ce4d848c7c,1d397afe-4b87-d191-59bb-f800a23c59b9,ML30748,مرايا حمام مع إضاءة لد,10,100.000,1000.000,310001175
d24e5cdf-35ac-3a83-9753-fc6663843a1f,1d397afe-4b87-d191-59bb-f800a23c59b9,AB10743,خزانة حمام أبيض,10,200.000,2000.000,310001176
8195423c-2705-62a4-4384-776d2f314bb3,1d397afe-4b87-d191-59bb-f800a23c59b9,AM0737,دولاب حمام مع حوض وجه 60 سم,10,740.000,7400.000,310001177
1697fa54-4a1b-9547-f269-c77d0221f86e,342991aa-a1d1-55de-6377-bfb4faa70d3e,EL10019,حوض مطبخ ستانلس ستيل   304 85*45 كروم,5,540.000,2700.000,310001215
ab0b934d-6cbd-5dee-8bfa-33faea7480ac,86f71eb8-1bc8-d3ba-4543-8df122562574,ML10440,خلاط حوض وجه  20 سم كروم,6,177.000,1062.000,310000398
3e45553e-e15a-6277-466f-8b8a11f52698,86f71eb8-1bc8-d3ba-4543-8df122562574,MA20441,خلاط حوض المطبخ سحاب كروم,6,257.950,1547.700,310000399
553516da-6e6a-4336-8aef-0bc9c04f1f29,86f71eb8-1bc8-d3ba-4543-8df122562574,ML10441,خلاط حوض وجه شجرة كروم,3,128.800,386.400,310000400
efb00b27-90a6-7687-7444-cdc617284098,1054fbd0-3bf2-97b5-65d9-0fb4d911867e,ME10926,خلاط حوض المطبخ شجرة مولة كروم,12,245.000,2940.000,310001152
7507873d-9fd5-7314-2df5-f35cb852a1e4,bcc6caf0-228f-65fd-5270-b895464bc01b,ML30935,مرايا حمام مع إضاءة لد 60*80سم اطار كروم,12,125.000,1500.000,310001628
8977847c-5b46-3e02-2f31-7ec4c34d7dfb,290fc712-d480-070d-9819-15dccee03fee,PE30320,طلاء مائي داخلي 10 كغ أبيض ربع لمعه,5,140.000,700.000,210001545
c600a29f-f170-1524-fbf1-19ae2a3cebc3,2acd96f5-155b-913f-2b50-f7ad90b408ea,PE30036,استوك 18 كغ,30,45.590,1367.700,210002173
0ea32c49-b498-f5e0-510f-bea84801530f,b3b78a28-fedd-eeb7-3e67-f0909c82eec2,ATWC50314,صندوق طرد مدفون بتارية مع زر مربع 9 لتر,4,870.000,3480.000,310000679
21c92601-6658-5d16-8ae7-f67ea1734fdc,1054fbd0-3bf2-97b5-65d9-0fb4d911867e,PS20733,علاقة ملابس ثلاثية دوران بدون قصبة,12,37.000,444.000,310001186
dbeb8f1c-7d64-84d2-4a9e-44307528cb3d,48ed53ad-636b-296e-9785-5b1dab913b8a,ARSB80429,كسكاس دوش مربع  250*250 مم ذهبي مع قصبة,4,228.000,912.000,310000374
f55bb319-2efe-a11f-2847-9c22adc338a3,9f1e2804-2e26-8714-e798-abb29c5b9a3d,SA10427,طقم اكسسوار كروم,4,220.000,880.000,310000386
17a56cc7-b90d-4d19-3e0a-1188ce3339fc,9f1e2804-2e26-8714-e798-abb29c5b9a3d,SA10428,طقم اكسسوار ذهبي,4,235.000,940.000,310000387
59e4141e-ef6e-9ebc-6b7a-0deb852e72f7,b405f941-ef5d-03c6-19dd-2e8390821a93,ARSB80214,"مسكر شطافة ""1/2"" * ""1/2 كروم",20,31.000,620.000,310001287
b8d26006-9d4d-575e-5768-f923ae07109a,ff156715-a0b4-2efc-4bed-07b337fd19f9,ARSB80141,مصب دوش قصير بتحويلة كروم,5,225.000,1125.000,210001130
ba4a8eac-6724-82b7-38ca-5c7542e01377,ff156715-a0b4-2efc-4bed-07b337fd19f9,RFP1140,"فسيبلي "" 1/2 أنثى * ""1/2 أنثى 80سم",30,12.500,375.000,210001142
c380be67-66e8-0213-3816-e5bedc494aff,e0034d5d-687c-a368-e6a7-1c7603c7547f,SA10142,طقم اكسسوار أسود,4,195.000,780.000,210001146
44c22947-79e3-d1f1-38e8-b3a1570f8bed,246ac8c9-4e51-4403-e991-97c0f082ca89,RA30065,"طابة نهاية خط 3""",24,6.500,156.000,210002187
81d00272-2304-50f8-5cfd-70e37aaa901d,1054fbd0-3bf2-97b5-65d9-0fb4d911867e,LG40767,حوض وجه برسلين 80 سم,5,400.000,2000.000,310001218
35e18116-611c-0095-0fe4-998b92097cec,d34ca263-d98f-957d-0260-97069fa8796d,AB10812,خزانة حمام بيج,5,150.000,750.000,310001384
5a187811-4003-7e98-28f6-0745ae4909e0,9f1e2804-2e26-8714-e798-abb29c5b9a3d,SA10429,طقم اكسسوار أسود\كروم,4,235.000,940.000,310000388
d3f98c4d-e039-70e9-0543-8781f9bfb16f,9f1e2804-2e26-8714-e798-abb29c5b9a3d,ML10430,خلاط حوض وجه  كروم,5,78.000,390.000,310000389
22c67472-8a8f-8b15-a957-4bfeb5fb032a,9f1e2804-2e26-8714-e798-abb29c5b9a3d,WS10431,مقعد معلق رايملس أبيض,4,335.000,1340.000,310000390
050e474b-910c-061e-0685-11d75d5d441c,9f1e2804-2e26-8714-e798-abb29c5b9a3d,EL10432,حوض مطبخ ستانلس ستيل   304 50 * 45 سم,3,365.000,1095.000,310000391
1d27c099-033e-03f1-9556-01bdd4fe7960,9f1e2804-2e26-8714-e798-abb29c5b9a3d,EL10433,حوض مطبخ ستانلس ستيل 76*45  أسود,3,550.000,1650.000,310000392
927ec65e-6e8f-c0c9-9f1c-269e032513f2,8ae35739-cfbb-4b01-3bc7-fb7d2a644149,ML30519,مرايا حمام مع إضاءة لد 50*70 سم اطار اكريلك,6,120.000,720.000,310000827
e9ae18cb-1026-42eb-52a2-e9c2f074c90f,8ae35739-cfbb-4b01-3bc7-fb7d2a644149,MT30794,خلاط شطاف كروم,6,52.000,312.000,310001260
0679e107-c543-1df7-cbba-d7cfb5dc570c,48ed53ad-636b-296e-9785-5b1dab913b8a,ALVM50424,رأس سيفوني ذهبي,4,66.000,264.000,310000364
178d51f6-85cb-a591-0446-70a7d69ff960,48ed53ad-636b-296e-9785-5b1dab913b8a,ARSB80451,سماعة دوش مع طوبو كروم,5,110.000,550.000,310000403
d208a404-a944-16f7-d80a-9181aa383f01,da4a35c7-a3b8-c54f-b0f3-f5bcc6987098,ART0039,حامل ورق منظف كلينكس,10,54.000,540.000,310000289
87ac06aa-dbef-2b14-8015-b2257e38ec3b,3224232e-4d88-2b96-2633-4004b55e15d1,RS40679,بلاط ارضيات بورسلين 120 سم * 60 سم (صندوق),3,53.500,160.500,210001554
a63f5e07-b97d-15fb-f80f-aa3b44c03425,ebce3d13-908e-a644-48bb-7a0717341171,SA10837,طقم اكسسوار كروم,30,150.000,4500.000,310001468
1613a696-d3ac-92ee-5ba8-63f188f82ad8,1054fbd0-3bf2-97b5-65d9-0fb4d911867e,MA20932,خلاط حوض المطبخ سحاب كروم,12,135.000,1620.000,310001155
7be444dc-9968-b255-b1f9-59dd980b4239,99e73c3b-c5d5-29c1-913b-e77f35217c7a,PS20152,علاقة ملابس خماسية دوران,6,39.000,234.000,210001159
1c621d60-4d2a-86c2-f47d-36adedc827fe,99e73c3b-c5d5-29c1-913b-e77f35217c7a,PS20153,علاقة ملابس ثلاثية دوران بدون قصبة,6,84.500,507.000,210001160
5d34c09e-e082-cb5f-e922-8df418530c4e,27d02ae6-c63b-3e12-99fe-b3ed82cc6bda,EL10166,حوض مطبخ ستانلس ستيل منظومة بيانو 304 80*45 كروم,3,655.000,1965.000,210001182
0de61f2c-1c9b-603a-d797-255849cd747b,b51abcdf-c235-fae1-553a-0814a793c43a,PLSA0168,وردة ذهبي دائري,20,5.500,110.000,210001184
0c2bf6fe-8cfe-6d69-7d08-86c44641dfda,14eea473-25fc-df7f-b8a7-9bed1160a208,ML10170,خلاط حوض وجه كروم,5,73.000,365.000,210001203
72a7f8c8-3215-b2ff-5ead-b5032c329df7,14eea473-25fc-df7f-b8a7-9bed1160a208,ME10171,خلاط حوض المطبخ,5,70.000,350.000,210001204
e2af01c3-f991-f51c-2b61-2c52940cf969,3fc24d7d-d83e-34ed-a85e-ab9316cb555c,ATWC50314,صندوق طرد مدفون بتارية مع زر مربع 9 لتر,2,1240.000,2480.000,210002201
67248180-3d5a-3cd2-1b8b-ed1cc20f9780,ebce3d13-908e-a644-48bb-7a0717341171,AASB30833,سلة قمامة ذهبي   8 لتر,6,125.000,750.000,310001463
12933a38-08a8-4da7-d2f8-0150cf87bb44,ebce3d13-908e-a644-48bb-7a0717341171,AASB30834,سلة قمامة أسود  8 لتر,6,125.000,750.000,310001464
5e3adff7-8d4c-224d-2e28-2c0821a65927,ebce3d13-908e-a644-48bb-7a0717341171,SA10651,طقم اكسسوار ذهبي,10,170.000,1700.000,310001465
ef3045f0-b772-05e6-6186-58a46198b5b5,ebce3d13-908e-a644-48bb-7a0717341171,SA10836,طقم اكسسوار كروم,20,135.000,2700.000,310001466
2e6a1eca-1d93-c02c-f49f-ac87310d0ed2,ebce3d13-908e-a644-48bb-7a0717341171,SA10835,طقم اكسسوار أسود,10,165.000,1650.000,310001467
b68c4d56-bbaf-56e9-17ab-2c1c603f4b66,94a439d2-249b-45a8-7165-2038878229d8,RA30068,"مخفض 6"" * 4""",9,38.000,342.000,210002217
0b35699a-2162-6d10-abe8-98800a53450b,88a283d1-c96c-5c8d-e46f-a8a25f65932d,ML10000,خلاط حوض وجه كروم,6,490.000,2940.000,310001356
7ff7089e-5837-c7e6-4cfc-7d7cfc9b7f7f,94a439d2-249b-45a8-7165-2038878229d8,RA30036,"مخفض 1.5"" * 1""",25,2.250,56.250,210002218
06a7be3b-e653-95bc-24c9-028c758a547c,94a439d2-249b-45a8-7165-2038878229d8,RA30003,طوبو3'' 6 متر,15,85.000,1275.000,210002219
05499e88-4d8b-bc90-ccdb-1012e47153dc,0f9b9a24-989a-309d-4647-9a65e2bfa9ea,PA30425,نايلو تغليف,6,38.500,231.000,210002222
6310f923-ccb1-c859-a44d-530d963efdbf,0f9b9a24-989a-309d-4647-9a65e2bfa9ea,PE30481,لصقة مع مجفف 400 مل,25,19.500,487.500,210002223
65f6fd24-d8da-2014-e875-ba36f2cbc3ba,31df35f6-9fd5-159e-fb1d-007d10e5a944,PE30193,لصقة طلاء 45 مم,180,2.500,450.000,210001556
b1c0aaf4-a436-a444-9e01-20f52e7791f9,0f9b9a24-989a-309d-4647-9a65e2bfa9ea,RO10477,حنفية 1/2,12,21.875,262.500,210002227
09d4ac10-bb56-0aea-526b-e986199162b2,0f9b9a24-989a-309d-4647-9a65e2bfa9ea,CC10341,كولة خشب 4 كغ,4,52.500,210.000,210002228
36873e02-bfb9-4e69-00b1-02de5004b89d,0f9b9a24-989a-309d-4647-9a65e2bfa9ea,PE30193,لصقة طلاء 45 مم,144,2.639,380.001,210002229
6487567e-c1d1-8fb4-97c7-956fcd3b8ce5,0f9b9a24-989a-309d-4647-9a65e2bfa9ea,RFP1754,"فسيبلي "" 1/2 أنثى * ""1/2 أنثى 50سم",20,18.500,370.000,210002230
922f2120-df35-e7d1-e284-1c64c638e7da,0f9b9a24-989a-309d-4647-9a65e2bfa9ea,PE30418,فوم 750غرام,24,22.500,540.000,210002231
180eda75-1a6d-9fb5-e9b3-2daa0cb96ee0,0f9b9a24-989a-309d-4647-9a65e2bfa9ea,PLSA0130,مطول 1/2*20 مم كروم,30,6.950,208.500,210002235
e78458fb-aa1b-7f2f-a702-9a6b3fc6c6eb,0f9b9a24-989a-309d-4647-9a65e2bfa9ea,ARSB80604,"مسكر شطافة ""1/2"" * ""1/2 كروم",20,35.000,700.000,210002236
180b7ef0-55e0-d1ee-47e1-75518d80e878,5c3c5ccf-fccf-53ea-638f-60d665808469,LG40172,حوض وجه برسلين مشطوف 80 سم,8,400.000,3200.000,210001205
e87219fd-dc9b-3666-8064-4532fae525bd,5c3c5ccf-fccf-53ea-638f-60d665808469,LG40189,حوض وجه برسلين مشطوف 80 سم,2,300.000,600.000,210001221
89366bda-55c4-76c3-30d6-58f811351c4f,758b7c62-1cd2-7181-756d-eeea933d5a6e,MT30240,خلاط شطاف مع شطاف كروم,6,305.000,1830.000,210001224
5e0409ab-300b-4893-952e-3b901e0fd384,0f9b9a24-989a-309d-4647-9a65e2bfa9ea,CC10410,صليبة بيضاء 3ملي,20,7.500,150.000,210002226
bb34bb41-4be7-e727-6fa3-86cbc4d96158,88a283d1-c96c-5c8d-e46f-a8a25f65932d,ML10001,خلاط حوض وجه كروم,6,490.000,2940.000,310001357
dab97917-457f-7819-d574-f7f92bb074f8,7c16b3e9-4f90-e48b-5e7e-c2eaa44c06bd,ARSB80406,مصب دوش بدون تحويلة متحرك ذهبي,1,220.000,220.000,310000321
9de76454-98cf-f9fc-7184-841a166537e4,86f71eb8-1bc8-d3ba-4543-8df122562574,ML10436,خلاط حوض وجه  20 سم كروم,6,161.700,970.200,310000402
bc775304-d1f7-5e40-91cc-165af7d41daf,f66497fe-2c4f-1465-87e0-26fe24bcf509,ME10607,خلاط حوض المطبخ شجرة أسود,12,57.500,690.000,310000658
c60d6e14-b67c-94d7-c77d-d6f22be02e9c,5a46adce-b83d-e70d-1d75-0618b0f30cc4,RE10590,حنفية حوض المطبخ شجرة أسود,30,20.000,600.000,310000645
905b1b57-d18f-1ab5-e535-a6cd3c0076c7,a5f2ecfc-ad18-30cf-d510-d71dc7c37683,PE30985,طلاء مائي داخلي 4 كغ أبيض مطفي,16,33.250,532.000,210001567
a2c95bd0-652a-d468-ce0b-a17aa73b4369,a5f2ecfc-ad18-30cf-d510-d71dc7c37683,PE30398,طلاء عاز ل بلاستيك  13 كغ,15,109.250,1638.750,210001572
0466b964-5606-7c4d-7f5d-4ab2201ff9c6,a95ee006-1e02-ae4b-6f84-8e122af2229a,PA30324,ڨوانطي,24,5.750,138.000,210001587
a533b804-23e5-5b88-0c4b-590a6916a4f2,a95ee006-1e02-ae4b-6f84-8e122af2229a,PE30170,"فرشة طلاء 1.5"" 38.1 مم",12,2.500,30.000,210001589
59ab372b-aebf-9ecf-c67d-a326b970f1f9,7c22ad3c-bcf4-701e-f26a-4ab29a1f9e60,RO10329,حنفية 3/4,12,14.500,174.000,210001605
c411a666-b0ee-de40-fd46-6e5dd72bd600,d6a8fd53-5d9d-2577-372c-ab66b6157630,AM40345,مراية دولاب حمام -80 سم,3,175.000,525.000,210001628
51bfc008-4f92-02e6-9d69-93f0986c5f5c,d6a8fd53-5d9d-2577-372c-ab66b6157630,AM0359,حوض وجه  دولاب حمام -80 سم,3,300.000,900.000,210001639
daac9e0c-41df-1db5-95f2-9499789bb955,ebce3d13-908e-a644-48bb-7a0717341171,ARSB80853,سماعة دوش دائرية مع طوبو كروم,40,50.000,2000.000,310001474
3a0cb73f-a267-042f-33a2-99ad887133ed,d99a7361-b502-00d2-7903-f6bd101464a3,PS20511,علاقة ملابس رباعية,6,48.000,288.000,210002241
16088e58-4706-1e5c-fcb8-d9aadbd701f2,d99a7361-b502-00d2-7903-f6bd101464a3,PS20512,علاقة ملابس ثلاثية,6,44.000,264.000,210002242
c0f0c44d-9484-3f6d-e98f-2e5b17b25642,d99a7361-b502-00d2-7903-f6bd101464a3,PS20018,علاقة مناشف كروم,7,108.000,756.000,210002243
7a22cb4c-c88e-9edf-c70d-9c5121a03626,d99a7361-b502-00d2-7903-f6bd101464a3,PS20513,علاقة مناشف أسود,5,78.000,390.000,210002244
2c196da7-851b-5afc-04fc-a3d16a0c2118,9228404b-7f25-481d-806f-b6e450410a7a,MC10203,سرفنتينة 15 سم * 15 سم كروم,20,45.000,900.000,210001240
b53f7c2d-fabc-ac43-c04e-1d390176f44c,fdd8c833-3fbe-53cb-ed76-b8521b537429,WA40043,غطاء مقعد أبيض,5,45.000,225.000,310000047
c9c01107-8149-1ad6-0142-d1fbdeb69343,62a6ffde-eb72-ab2a-ae5d-3d281701841b,CE10104,سخانة 50 لتر,6,455.000,2730.000,210001646
ba50b536-d8d5-f538-edc0-a8140eb54a6a,1d160243-f093-b6ac-d17b-75dab6fa63ce,PE30040,طلاء مائي مطفي  18 كغ,15,99.840,1497.600,210001657
15b6a745-a42f-e540-5998-775b02fddccf,31a554fa-d187-d395-bd3e-ae1eb1ea882f,ADOU50728,كرسي دوش بدون ظهر,2,300.000,600.000,210001660
c1655207-755f-6668-5fdc-c5ba2386ab64,7d39b598-ca02-5dc8-27f4-268e29d35698,APCI40229,مطول 1/2 *10 سم كروم,50,4.950,247.500,210001668
c74691db-ef7b-cf11-69ec-7b3cb0e30c1d,17770acb-38d6-9227-11ee-42b6c433b30f,AECU50380,سيفون حوض المطبخ رأس كبير,10,33.000,330.000,210001683
b950eed6-a0ed-a1af-a92a-a936618baba7,17770acb-38d6-9227-11ee-42b6c433b30f,PLSA0382,وردة كروم 1/2,50,8.100,405.000,210001685
653b20d4-ebf9-8802-b2a3-9e8c508e37d7,03037e1b-84cf-86ef-c2da-4637b1d66f84,PE30398,طلاء عاز ل بلاستيك  13 كغ,10,114.000,1140.000,210001699
6866e904-9a81-1dad-48d0-f067f4b56435,bf52baa0-8ddb-4130-1465-e3491789c289,WS10397,مقعد معلق رايملس أبيض كريمة,3,1062.150,3186.450,210001708
a6a4a29d-6402-0643-d296-eee12d9537f3,d99a7361-b502-00d2-7903-f6bd101464a3,PS20761,علاقة ملابس سداسية,6,58.000,348.000,210002240
7422899e-40b4-4035-aa25-cd1103672288,20c25941-e6db-dc50-5a81-adfc65cdaa73,VS10191,حوض وجه معلق -80 سم,5,441.350,2206.750,210002248
9184329f-b629-5456-1622-8eaede814a84,fdd8c833-3fbe-53cb-ed76-b8521b537429,AASB30059,حاملة فرشاة أسنان كروم,5,35.000,175.000,310000048
497781ac-1344-f8d4-3fd9-05c58d17e0ca,20c25941-e6db-dc50-5a81-adfc65cdaa73,VS10200,حوض وجه معلق -80 سم,3,533.500,1600.500,210002249
26a75120-174c-0934-dd88-232284791e03,20c25941-e6db-dc50-5a81-adfc65cdaa73,VS10514,حوض وجه معلق -50 سم,5,252.200,1261.000,210002250
f75a6a48-2bc2-e21b-7405-36cd11f4302e,20c25941-e6db-dc50-5a81-adfc65cdaa73,VS10125,حوض وجه معلق -55 سم,5,276.450,1382.250,210002251
2338c2da-836c-10c9-bd66-1cc16f54663b,20c25941-e6db-dc50-5a81-adfc65cdaa73,VS10188,حوض وجه معلق -60 سم,5,339.500,1697.500,210002252
7bd3126c-0896-c767-868c-b0b60c10a9c4,20c25941-e6db-dc50-5a81-adfc65cdaa73,VS10123,حوض وجه معلق -75 سم,5,596.550,2982.750,210002253
a2bb9690-92cf-8a8f-0663-a28cea335a1f,966ba14c-8078-a844-5688-3cd5777afb9f,PS20516,علاقة ملابس ثلاثية,6,35.000,210.000,210002255
8b5e81d6-b454-dce1-fdc9-645ebaa7c521,966ba14c-8078-a844-5688-3cd5777afb9f,PS20487,علاقة ملابس رباعية,6,45.000,270.000,210002256
62351837-36b7-ad19-ae8a-d6d809a66144,966ba14c-8078-a844-5688-3cd5777afb9f,ARSB80214,"مسكر شطافة ""1/2"" * ""1/2 كروم",20,33.000,660.000,210002257
af8951e1-9ae3-bf00-dd06-dac774d07e24,966ba14c-8078-a844-5688-3cd5777afb9f,AASB30401,حاملة ورق منظف كلينكس,6,33.000,198.000,210002258
ea4a0943-e430-506e-e2bc-a998743905df,966ba14c-8078-a844-5688-3cd5777afb9f,AASB30517,حاملة ورق منظف كلينكس,6,38.000,228.000,210002259
634f3974-00f0-50bd-e84b-29ded1b916f5,8e6d6b01-82a2-4fcc-7802-6b188d6fded9,WS10172,مقعد معلق رايملس أبيض,1,710.000,710.000,210001192
13d058dc-fbf6-0f98-c5f1-9673accfb181,8916e500-ed35-0a5d-cc0f-4fffeb7f58c3,ARSB80460,مصب دوش بدون تحويلة كروم,10,71.780,717.800,210001750
e034ed54-249f-3116-f998-e295701ecf85,20c25941-e6db-dc50-5a81-adfc65cdaa73,VS10119,حوض وجه معلق -80 سم,5,494.700,2473.500,210002247
934b1ed5-2a20-b733-c4c0-1e40ec16b6a8,ff1748e4-bf7f-9b52-ab1d-dc875899495b,PS20207,علاقة مناشف,5,55.000,275.000,210001249
9598e22e-ec40-6759-c00c-7ca160db0611,fdd8c833-3fbe-53cb-ed76-b8521b537429,AASB30010,صابونية كروم,7,35.000,245.000,310000049
b2bb977b-3576-0722-ddb4-f358cd3cfab7,28add9c4-e1ce-6c3b-9da5-4dec08680caa,PE30037,طلاء مائي داخلي 18 كغ أبيض مطفي,20,91.850,1837.000,210001264
2d86370c-56b9-95ee-8682-54dc55a4d4b8,57bffa76-6641-1b47-62bc-628f29490a83,CE10265,سخانة 80 لتر,6,585.000,3510.000,210001270
e071dfc1-4402-2b94-2e38-8261cb006646,57bffa76-6641-1b47-62bc-628f29490a83,MT30240,خلاط شطاف مع شطاف كروم,2,305.000,610.000,210001272
2b60506a-de72-4f4d-dd4c-ea800667f041,dc0b3f96-c380-305c-acf5-ee87d81c9453,ARSB80278,مخرج شطاف مع علاق كروم,20,38.000,760.000,210001256
9768e383-7fc5-4b94-f9f4-c38d6af81e33,c5aa9fee-0e21-60ff-3cfa-b5b2c4366907,AB10220,خزانة حمام,1,370.000,370.000,210001298
5d5048e0-b744-220f-89f3-d6b6eab0c376,8e982682-f8a3-b143-14a8-aa5bc949b98c,ARSB80109,شطاف ظغط مربع مع طوبو ذهبي,2,195.000,390.000,210001324
34f0a421-eed6-d26b-0b13-d0a2e26b87f0,8e982682-f8a3-b143-14a8-aa5bc949b98c,ARSB80499,سماعة دوش مع طوبو كروم,6,115.000,690.000,210001326
0bea33fa-5026-c3c9-f461-a67cb7cdc711,8e982682-f8a3-b143-14a8-aa5bc949b98c,ARSB80257,مخرج شطاف ذهبي مع علاقة,5,155.000,775.000,210001328
e5e8b732-e8f3-c1ad-7983-6cc11fbdb704,8e982682-f8a3-b143-14a8-aa5bc949b98c,ML10000,خلاط حوض وجه كروم,6,355.000,2130.000,210001329
8d23539a-55a2-f204-a239-c1da7e2cfdeb,8e982682-f8a3-b143-14a8-aa5bc949b98c,ML10241,خلاط حوض وجه كروم,5,320.000,1600.000,210001331
e300c7e7-516c-1f99-a9f8-65dcb767b0cc,8e982682-f8a3-b143-14a8-aa5bc949b98c,MD20242,خلاط دوش كروم,6,255.000,1530.000,210001334
7a173e0a-7fff-a36c-c048-d4932f3583ea,8916e500-ed35-0a5d-cc0f-4fffeb7f58c3,PS20040,علاقة ملابس سداسية,6,73.720,442.320,210001761
5fab3ff3-b361-add9-dbae-5afe300d300d,966ba14c-8078-a844-5688-3cd5777afb9f,AASB30518,صابونية كروم,6,38.000,228.000,210002262
68f41545-0621-5f41-b1f2-782eebead3a0,246a9f9e-9733-3f65-1e53-d202ddb87fa4,ML30224,مرايا حمام مع إضاءة لد 80*60سم,5,115.000,575.000,210001302
09596063-7a37-6b26-9bfc-955eb36c6cb7,b333d6b1-24d9-a902-987c-f4fc2dc40682,CE10264,سخانة 50 لتر,6,575.000,3450.000,210001355
f2489dec-a265-f1da-a8b8-1e60204b5a22,b333d6b1-24d9-a902-987c-f4fc2dc40682,CD40097,مسطرة دوش زوجية كروم,6,295.000,1770.000,210001357
b7313deb-0869-39f2-f708-2e534a44e270,b333d6b1-24d9-a902-987c-f4fc2dc40682,CD40254,مسطرة دوش زوجية كروم,4,320.000,1280.000,210001358
ec7c1d8f-f4be-fc41-d025-d8afa4ed5dd5,a982654e-01b8-e010-124a-ec3a45e5dd41,PE30195,طلاء مائي داخلي 10 كغ أبيض نص لمعه,20,128.200,2564.000,210001364
4ee319aa-32ea-0abe-87fe-4804fb2ef430,17a8af22-0dec-4831-77cd-1bd12302b392,ML10267,خلاط حوض وجه كروم,5,235.000,1175.000,210001407
dc967434-9731-30e8-809c-82b7a1402994,1daf4416-8507-8400-94ff-c06b052a435d,CD40037,مسطرة دوش زوجية كروم,6,221.625,1329.750,210001370
3a412fd8-e702-a7eb-9cae-71f499d950a8,06ec2461-4ce6-7668-13ae-2837d317fa72,MC10288,مانع رائحة كروم,5,8.250,41.250,210001413
b09e7581-52a7-bad1-d1ab-507021ec1044,eaf71121-021c-cf55-d2cf-f98384a5658c,PE30032,استوك 20 كغ,25,50.880,1272.000,210001430
7e74cb8e-6d92-4a27-7403-c224d32a2e94,eaf71121-021c-cf55-d2cf-f98384a5658c,PE30040,طلاء مائي مطفي  18 كغ,10,88.320,883.200,210001432
1544f54f-609a-1880-2e84-d6de2945046c,eaf71121-021c-cf55-d2cf-f98384a5658c,PE30034,استوك 4 كغ,20,14.400,288.000,210001435
e5b82341-2602-c0bd-77af-c97a4d339902,ee291ef1-e915-989a-0286-38cbf7b5a41a,PE30169,"فرشة طلاء 1"" 25.4 مم",12,2.000,24.000,210001417
d50d3031-c076-ec47-2be8-1427b47c01a1,7051d637-5f0e-fce8-0910-b17b0312ae97,ARSB80277,"مسكر شطافة ""1/2"" * ""1/2 كروم",20,22.000,440.000,210001439
8371284b-32df-792f-6c18-5968d4246c73,76de8c03-750c-f38d-9ebb-777a14a00fc8,RA30004,طوبو4'' 6 متر,10,83.000,830.000,210001452
ba9c5992-a093-eb09-e9ae-90d961d464bf,62dff013-85c1-682b-c1bb-b8b97eac6c8a,PD20286,حاجز دوش 8 مم  مضبب70  سم,6,340.000,2040.000,210001456
bcad8a1b-fb98-120d-0a89-3b7bc1615a7e,62dff013-85c1-682b-c1bb-b8b97eac6c8a,PD20124,حاجز دوش 8 مم  مضبب80  سم,6,355.000,2130.000,210001457
a11111d1-44ec-4c2d-7d62-cd8f336fd288,62dff013-85c1-682b-c1bb-b8b97eac6c8a,PD20289,حاجز دوش 8 مم بالعلاقة المناشف80 سم,6,375.000,2250.000,210001462
61553601-7130-59eb-1004-09ac7b469056,62dff013-85c1-682b-c1bb-b8b97eac6c8a,PD20290,حاجز دوش 8 مم بالعلاقة المناشف90سم,6,395.000,2370.000,210001463
85f5ba2e-6c0c-7693-4da0-ee425cf6bd1b,b3f3ef3b-fd44-1f21-2e81-c60b6fc15054,EG30093,حوض مطبخ جرانيت رملي محبب 70*50,4,291.000,1164.000,210001472
1f9af6aa-ff4c-c747-e8e5-b3460926a661,b3f3ef3b-fd44-1f21-2e81-c60b6fc15054,EG30564,حوض مطبخ جرانيت أسود محبب  80*50,4,339.605,1358.420,210001477
f68fb365-a0db-61cf-a911-60e0f8f32637,6aae9cc3-512e-d7af-fb91-f2bef0f304e7,VS10118,حوض وجه معلق -65 سم,6,310.400,1862.400,210001496
63a6a881-321c-b029-0c14-aca5bca60603,4d086231-ea81-e002-fa66-e38b1cc002d2,AASB30302,فرشة مرحاض كروم,5,68.000,340.000,210001504
379033d0-5040-90ce-f677-cffdf203f904,4d086231-ea81-e002-fa66-e38b1cc002d2,ML30304,مرايا حمام مع إضاءة لد 80*60 سم,5,85.000,425.000,210001510
1ef2707d-f2d7-2ada-8ee0-c70650285ed4,697b3c13-57a6-657f-2ae1-4e1e3bd2096b,MC10413,سرفنتينة 15 سم * 15 سم كروم,15,59.500,892.500,210001521
8aa3e23c-73ad-9117-d471-91688fa42187,655f45a7-d35e-87e3-fa91-981fa16c6bfe,AASB30034,مجفف شعر أبيض,4,85.000,340.000,210001522
9b64e122-311b-3e2d-2c1b-4dd6b9607723,655f45a7-d35e-87e3-fa91-981fa16c6bfe,ATWC50178,زر بتريا كروم,3,280.000,840.000,210001523
da500136-5a38-b3e5-55f8-aceba422e1db,655f45a7-d35e-87e3-fa91-981fa16c6bfe,ARSB80275,كسكاس دوش مربع 250*250 مم مع قصبة كروم,10,65.000,650.000,210001524
4272b963-401a-1dcd-a7b6-c126628504d0,655f45a7-d35e-87e3-fa91-981fa16c6bfe,ARSB80307,كسكاس دوش مربع 200*200 مم مع قصبة كروم,10,75.000,750.000,210001525
710e4f8d-d571-a278-40fd-f0eb0269e028,8916e500-ed35-0a5d-cc0f-4fffeb7f58c3,ARSB80446,قصبة دوش 40 سم كروم,6,104.760,628.560,210001778
04c18f44-07b2-b238-e67d-79105337fa66,f95fc34f-1064-cdf1-ea86-1bdc8166730b,PA30540,"اسطافة 4"" (2 قطع)",35,9.800,343.000,210001536
c6347b21-6030-3bcb-a874-57c52de13aae,290fc712-d480-070d-9819-15dccee03fee,PE30315,استوك 20 كغ,5,45.000,225.000,210001540
21773793-3556-dfff-aed2-3184dc84c18d,290fc712-d480-070d-9819-15dccee03fee,PE30316,استوك 18 كغ,10,35.000,350.000,210001541
bde699eb-2e09-6ecb-412c-020abdc82f0b,290fc712-d480-070d-9819-15dccee03fee,PE30319,طلاء مائي داخلي 5 كغ أبيض نص لمعه,5,75.000,375.000,210001544
94bac1ba-d0b3-a2f3-3aed-b9671f7ea9a0,21b1b174-0f3c-618d-2282-0971a9271a4e,RD30585,حوض قدم مستطيل شريحة 120*80سم,1,820.000,820.000,210001553
12275dc3-a166-e615-f752-645496e39e7f,a5f2ecfc-ad18-30cf-d510-d71dc7c37683,PE30037,طلاء مائي داخلي 18 كغ أبيض مطفي,20,98.800,1976.000,210001560
35c6d742-3239-cfbc-f950-4e72f85ed1e0,a5f2ecfc-ad18-30cf-d510-d71dc7c37683,PE30355,دهان مطاطي عازل أكريليكي  كغ3.5 أبيض,10,41.800,418.000,210001566
7b73937b-3922-4261-b6e8-3ddb4df8c37e,a5f2ecfc-ad18-30cf-d510-d71dc7c37683,PE30030,دهان مطاطي عازل أكريليكي  كغ13 أبيض,15,137.750,2066.250,210001570
e3ad7b24-72bd-8971-853e-0ad461b63472,a95ee006-1e02-ae4b-6f84-8e122af2229a,P30345,مضخة 1/2 حصان,2,195.000,390.000,210001588
a00af946-d769-6125-9996-c5f76f0cb73f,d6a8fd53-5d9d-2577-372c-ab66b6157630,AM0344,حوض وجه  دولاب حمام -80 سم,3,300.000,900.000,210001627
7e46ff13-2e15-b057-6a64-bc230d727e15,62a6ffde-eb72-ab2a-ae5d-3d281701841b,CE10007,سخانة 80 لتر,6,480.000,2880.000,210001645
1670ef5f-3788-aa34-a27b-73c3447b2fd5,31a554fa-d187-d395-bd3e-ae1eb1ea882f,ADOU50727,كرسي دوش بالظهر,4,425.000,1700.000,210001659
0f17a744-b685-ae7d-4d7c-dd0ada102362,7d39b598-ca02-5dc8-27f4-268e29d35698,PLSA0130,مطول 1/2*20 مم كروم,50,6.400,320.000,210001667
b0d94aef-802e-6bcd-039c-36f740d64742,fd2d9858-435e-76b5-7d80-c50833b5c526,ARSB80083,شطاف ظغط دائري مع طوبو كروم,10,130.000,1300.000,210001677
5df264d8-d070-1577-d387-09ff821e4e67,17770acb-38d6-9227-11ee-42b6c433b30f,PLSA0381,وردة كروم 1/2,50,4.600,230.000,210001684
52d23fc4-b4bd-bb23-d73d-ce3d326f028d,ff156715-a0b4-2efc-4bed-07b337fd19f9,EL10138,حوض مطبخ ستانلس ستيل   70*45 كروم,5,165.000,825.000,210001128
ab38b040-8881-4d1e-0289-d6951ac8409f,ff156715-a0b4-2efc-4bed-07b337fd19f9,CD40002,مسطرة دوش زوجية كروم,5,295.000,1475.000,210001129
b08451a7-d168-c1ec-8bc8-37a920d35613,ff156715-a0b4-2efc-4bed-07b337fd19f9,MD20011,خلاط دوش كروم,6,175.000,1050.000,210001135
f38484b1-1c08-8416-dcf2-74cc0c034cc2,ff156715-a0b4-2efc-4bed-07b337fd19f9,MT30061,خلاط شطاف مع شطاف كروم,6,135.000,810.000,210001136
cf2d5951-8afd-575a-005c-08cffa18c51b,ff156715-a0b4-2efc-4bed-07b337fd19f9,ML10024,خلاط حوض وجه  15 سم كروم,6,155.000,930.000,210001137
6acdd418-89dd-51e6-b695-cd6550345863,ff156715-a0b4-2efc-4bed-07b337fd19f9,MD20010,خلاط دوش كروم,6,170.000,1020.000,210001138
4756aec5-adb3-2a6f-9033-eec248262b65,99e73c3b-c5d5-29c1-913b-e77f35217c7a,EL10146,حوض مطبخ ستانلس ستيل   50*40 أسود,3,135.000,405.000,210001150
82a5b0af-9757-f009-ec37-581fb909552a,08f8dc0c-3eb9-70f0-e696-182797aff0e1,CE10265,سخانة 80 لتر,6,585.000,3510.000,210001175
62493988-83cd-a295-6c93-8e928e14d2eb,b51abcdf-c235-fae1-553a-0814a793c43a,ARSB80195,كسكاس دوش دائري 250 مم مع قصبة كروم,5,240.000,1200.000,210001183
9b51859e-6abc-f5ba-59dd-389b0857e2d7,758b7c62-1cd2-7181-756d-eeea933d5a6e,MD20239,خلاط دوش  كروم,6,360.000,2160.000,210001223
7e81ddd4-314d-aac1-9518-4238a460e098,ddc6ef1c-91e0-73f1-b133-384c65bd78ba,CE10007,سخانة 80 لتر,1,440.000,440.000,210001227
9dd74623-6703-6fe6-55a0-3a9b5aaf5529,680342f1-bd8f-2b7d-9948-1717b86d6785,EG30093,حوض مطبخ جرانيت كريمه محبب 70*50,1,330.000,330.000,210001228
e9532e01-aaf9-af7c-3935-db2f5bf9f184,ff1748e4-bf7f-9b52-ab1d-dc875899495b,PS20039,علاقة مناشف كروم,5,19.000,95.000,210001246
4cd2f7ad-398d-c140-7627-6547864159fb,ff1748e4-bf7f-9b52-ab1d-dc875899495b,PS20006,علاقة مناشف كروم,5,48.000,240.000,210001247
289b7c4b-2a4c-5ebc-92b3-f483f82023a6,57e2d68f-d40c-2a69-5d72-b036eded4431,RE10218,حنفية حوض المطبخ شجرة كروم,5,13.750,68.750,210001288
6bc89c0b-7d53-e16d-853a-5f43f677917e,8e982682-f8a3-b143-14a8-aa5bc949b98c,ML10001,خلاط حوض وجه كروم,6,335.000,2010.000,210001330
0cfdcdc4-4a8f-679c-eb40-79847d8e4b34,8e982682-f8a3-b143-14a8-aa5bc949b98c,ML10005,خلاط حوض وجه كروم,7,235.000,1645.000,210001333
6b212f7d-2eaf-de6c-54d3-b06c50fcf464,8e982682-f8a3-b143-14a8-aa5bc949b98c,MT30245,خلاط شطاف مع شطاف أسود,10,75.000,750.000,210001338
82a592d0-0b65-28bc-265d-ad0649e9a986,c3a5dc63-d38f-fe1e-533d-20fee69e5759,CC10308,كولة حائط 20 كغ,100,26.000,2600.000,210001352
16c652fb-1ae9-3932-f805-9742e8dc058b,eb53106a-2ad5-afa8-0074-f84bf2cec1d4,PA30046,كيس فارغ أبيض,500,0.800,400.000,210001353
ce65cfdb-263c-5817-956a-fbd1bb73ed05,b333d6b1-24d9-a902-987c-f4fc2dc40682,CE10261,سخانة 30 لتر,6,565.000,3390.000,210001354
a422a41f-017a-9ade-42d8-19647ea6aa7a,73e7fde8-0b72-87e5-1d12-67add81fbb40,PE30376,جبس العز 1كغ,69,0.330,22.000,210001351
e579b3c2-42c9-9728-b6d2-a2840e2317da,eaf71121-021c-cf55-d2cf-f98384a5658c,PE30036,استوك 18 كغ,25,37.440,936.000,210001431
5a9e2321-8535-162b-ab75-a85a8094b1be,85cfd286-f878-ee37-e4bd-8203f697873a,MC10203,سرفنتينة 15 سم * 15 سم كروم,30,45.000,1350.000,210001438
52459b9f-a961-12e6-a337-891e7bbc3e9a,f2cf4005-5222-c05f-6a86-133e94504e70,ARSB80277,"مسكر شطافة ""1/2"" * ""1/2 كروم",60,22.000,1320.000,210001455
54897c70-57ac-6638-9a16-51469b70cc6c,290fc712-d480-070d-9819-15dccee03fee,PE30318,طلاء مائي داخلي 10 كغ أبيض نص لمعه,5,150.000,750.000,210001543
eee3ef9c-be37-78ac-555e-3d672aae43fc,a5f2ecfc-ad18-30cf-d510-d71dc7c37683,PE30496,طلاء مائي داخلي 18 كغ الكلمنجارو اقتصادي,10,52.250,522.500,210001562
3efffa27-5514-4ef7-3ec6-e720eeda2561,8916e500-ed35-0a5d-cc0f-4fffeb7f58c3,ARSB80415,مخرج شطاف مع علاق كروم معا مسكر,10,51.410,514.100,210001776
31220cf2-5836-4b49-309a-f1fd36fbdc4c,03037e1b-84cf-86ef-c2da-4637b1d66f84,PE30037,طلاء مائي داخلي 18 كغ أبيض مطفي,20,104.500,2090.000,210001698
94ce7376-851c-689c-6cfc-acc49bf9a507,3ec3d01f-c941-39e0-6ca9-f08c6bb4992b,MA20876,خلاط حوض المطبخ سحاب أسود لامع,3,705.000,2115.000,210001916
47de8bbc-3515-432f-8a94-1d80257cb449,3ec3d01f-c941-39e0-6ca9-f08c6bb4992b,ARSB88531,وصلة مسطرة دوش30سم,12,10.000,120.000,210001937
b2eece81-fa74-e3c8-91ca-ff64d814bf57,91f4b2d0-1caf-95e4-a2b3-acdc67725938,PE30375,جبس العز 40كغ,80,16.000,1280.000,210001974
d1215171-9ac3-6e80-9c2e-e969c419048b,8c81de11-c25d-4f67-c46a-b86d8fdcda40,PE30995,قطرامينة 13ك زيتيه سطل حديد,10,100.800,1008.000,210001990
88a8bd9d-1654-60f3-7df0-b445511aee6b,1c59e3e8-8b73-846a-837e-91c16f219fe1,PE30031,دهان عازل أكريليكي  كغ3.5 أبيض,10,38.400,384.000,210002005
b4e4c1a3-0f03-f3b8-21f4-e2ada90ff5f9,dbb5de39-7d8a-eaed-ff24-e740d7ed7f21,RA20453,"سنيسكا 32"" كروم",6,66.263,397.578,210002031
1b001ee9-0797-f842-3526-d98ba6784b76,bd36ecec-8ab8-e520-8f87-3e03e3029887,RA20468,"سنيسكا 25"" اسود مربع",5,79.000,395.000,210002095
1dd3ef07-ef71-0374-e091-f8a820b6b077,bf52baa0-8ddb-4130-1465-e3491789c289,VS10396,حوض وجه معلق -80 سم كريمة,3,712.950,2138.850,210001707
f1a20679-4716-abce-250b-fd2753f5854f,8916e500-ed35-0a5d-cc0f-4fffeb7f58c3,ARSB80483,مصب دوش بتحويلة كروم,10,95.060,950.600,210001749
8f4c5556-2b87-bba1-2acf-26777ef8a99a,8916e500-ed35-0a5d-cc0f-4fffeb7f58c3,PS20041,علاقة ملابس رباعية,6,52.380,314.280,210001759
a0c25fb0-35dc-12d1-a96c-5d4a86a4d0c3,8916e500-ed35-0a5d-cc0f-4fffeb7f58c3,PS20063,علاقة ملابس خماسية,6,62.080,372.480,210001760
bb077acc-fd01-ff37-fdf4-8ba24b6950fc,8916e500-ed35-0a5d-cc0f-4fffeb7f58c3,ARSB80456,قصبة دوش 30 سم كروم,6,75.660,453.960,210001777
26baa0dd-de55-f450-d8df-dedeaa540f5f,8916e500-ed35-0a5d-cc0f-4fffeb7f58c3,ML30398,مرايا حمام مع إضاءة لد مع بخار 60 اطار ذهبي,5,218.250,1091.250,210001790
9a275bff-bf53-676a-b1cf-e0c7931c8760,061bbc83-bb0f-d0ba-199d-e85c0a27ed53,PA30417,سرية بونتة خشب,5,8.250,41.250,210001885
d79a0a64-ef44-62c6-5b1c-87d9e6583403,cca93450-a57a-e6b2-8ec6-19551ee21c1d,VS10124,حوض وجه معلق -65 سم,6,205.000,1230.000,310000142
d5109f0d-e232-9db3-31a1-68011f90aa42,a47d2c4e-dda8-d49d-e9aa-775ec5f53f1b,ARSB80089,طوبو شطاف 120 سم كروم,15,39.000,585.000,210002266
097c6de5-4edb-d127-4eb4-4de8391eec1b,21dd41ad-f1a3-3314-e150-c9209c5fe147,ARSB80795,كسكاس دوش دائري 250*250 مم مع قصبة كروم,10,120.000,1200.000,210002267
6804cf30-2372-85f0-051c-4b3d755af80a,8916e500-ed35-0a5d-cc0f-4fffeb7f58c3,ML30399,مرايا حمام مع إضاءة لد مع بخار 60 اطار كروم,3,218.250,654.750,210001791
0f8c7a10-11ce-20f5-98bf-e01297cf58ca,0f9b9a24-989a-309d-4647-9a65e2bfa9ea,PE30187,لصقة مع مجفف 200 مل,24,11.500,276.000,210002224
c99b5a73-254b-cb71-bc75-c8dcf1b3f253,d99a7361-b502-00d2-7903-f6bd101464a3,ART0023,صابونية كروم,10,84.000,840.000,210002238
eed4c507-3a34-ac6d-9d41-a9f0edb4fd09,d99a7361-b502-00d2-7903-f6bd101464a3,PS20524,علاقة ملابس خماسية,6,56.000,336.000,210002245
9c35ef81-7aba-39b6-4a4b-4378dc5d4cf7,966ba14c-8078-a844-5688-3cd5777afb9f,AASB30303,صابونية كروم,6,45.000,270.000,210002260
844a7094-f3c8-6d13-832a-ef20f041a195,21dd41ad-f1a3-3314-e150-c9209c5fe147,ARSB80519,كسكاس دوش مربع مع قصبة 250*250 مم كروم,10,120.000,1200.000,210002268
866ac834-fc16-1485-4844-5401408bc83a,38e87176-f06f-3e62-5340-2efe0bd6c3d2,CC10308,كولة حائط 20 كغ,60,28.000,1680.000,210001805
98fcb602-d744-819b-8a89-ea019b8dea8a,246ac8c9-4e51-4403-e991-97c0f082ca89,PA30495,بونتة 10 * 160 مم,12,2.150,25.800,210002185
d45a2af9-1ba2-c2c1-9131-25e72289c00b,1848116d-3371-ba85-30a4-89b448995572,AASB30191,موزع صابون 750 أسود,2,35.000,70.000,310000067
3228f3c6-1e63-12be-8488-f11be27e7ab9,21dd41ad-f1a3-3314-e150-c9209c5fe147,ML10522,خلاط حوض وجه  كروم,6,195.000,1170.000,210002271
a9006724-7c4c-74ad-f97a-0ee0f3f2a58b,21dd41ad-f1a3-3314-e150-c9209c5fe147,SA10810,طقم اكسسوار كروم الامونيوم,6,130.000,780.000,210002272
b787c2e3-de39-6a84-e000-d2bb81bc5580,21dd41ad-f1a3-3314-e150-c9209c5fe147,SA10520,طقم اكسسوار كروم,6,255.000,1530.000,210002273
44ec56f5-9a23-a581-ee9b-027147597097,21dd41ad-f1a3-3314-e150-c9209c5fe147,PS20039,علاقة مناشف كروم,10,32.000,320.000,210002274
0e3252e3-8d51-f6aa-648a-403701ab5278,21dd41ad-f1a3-3314-e150-c9209c5fe147,PS20515,علاقة مناشف كروم,10,48.000,480.000,210002275
66ec6488-217e-fb7e-7a24-4136aab175ce,21dd41ad-f1a3-3314-e150-c9209c5fe147,PS20521,علاقة ملابس زوجية,6,25.000,150.000,210002276
7a550641-25e2-951e-7902-46149e108ed8,21dd41ad-f1a3-3314-e150-c9209c5fe147,ARSB80184,رشاش دوش كروم,15,48.000,720.000,210002277
67ff6f5c-00a5-e923-639c-70a84abfa166,21dd41ad-f1a3-3314-e150-c9209c5fe147,ARSB80379,رشاش دوش مربع كروم,15,48.000,720.000,210002278
26e22c60-3707-f348-f077-f8dcdfdacde9,21dd41ad-f1a3-3314-e150-c9209c5fe147,ARSB80522,طوبو شطاف 120 سم كروم,10,20.000,200.000,210002279
43cc9622-0773-6ef6-d9d7-464aceb56d90,8916e500-ed35-0a5d-cc0f-4fffeb7f58c3,AECU50037,رقبة خلاط حوض مطبخ,10,28.130,281.300,210001792
d675833c-c400-55df-cd15-087e3d7db810,38e87176-f06f-3e62-5340-2efe0bd6c3d2,PE30375,جبس العز 40كغ,80,14.000,1120.000,210001806
bf0db9ec-a16d-b1e8-917a-00b6ea03bcce,56a3cae1-bd80-fae2-7e21-2e9d7e078999,ALVM50288,رأس سيفوني كروم,10,95.000,950.000,210001720
8ad68ac5-da0f-c41a-5024-5ef22f9c2a1e,56a3cae1-bd80-fae2-7e21-2e9d7e078999,ARSB85300,رشاش دوش كروم,12,80.000,960.000,210001731
44104976-6cc4-b9c0-2e50-f8cf53f2f544,21dd41ad-f1a3-3314-e150-c9209c5fe147,ML10504,خلاط حوض وجه  كروم,3,175.000,525.000,210002270
aed69308-9a23-77eb-4729-3f8dba1537cb,365e7391-a484-1818-8abf-6016348507eb,ARSB84562,كسكاس دوش مربع 250*250 مم اسود,5,48.000,240.000,210001808
815a29ce-f72a-1fb8-8805-705b28229520,7c2a3bc5-a159-67ec-de01-904d46128715,PE30493,طلاء مائي داخلي 10 كغ أبيض نص لمعة,10,209.520,2095.200,210001824
638fc967-921c-023b-14c1-abe8ccdb09ba,015f6619-924d-211e-06a3-f792f22f2848,CD40403,مسطرة دوش زوجية كروم,6,95.000,570.000,210001826
9dc022bd-7941-60a7-ac97-8422105f8811,9f08f5dd-6996-f218-9c06-1ebdb506890f,PE30047,طلاء زيتي 700 غ أسود لامع,9,14.880,133.920,210001818
dd215475-c071-f484-5a08-bc40e3c8e5b8,d479de42-5bc9-c9e3-2828-091a8ed8fc5f,CC10370,كولة فواصل 001,10,35.000,350.000,210001836
5124cb5f-5374-27aa-ddf3-4000d84256d1,fa7cd30b-4e61-1ba9-d75c-d68b250ff300,PE30032,استوك 20 كغ,15,58.560,878.400,210001842
69eb0520-4cb1-8851-ba29-d14eb6683e58,45aa0188-ce90-254d-018d-a6fa5501edce,PE30471,ورق سنفرة 9بوصة 6فتحات,200,0.850,170.000,210001848
cd4b8bcd-17e3-ca03-dfa9-9c9c48dccbe6,0e1077db-f008-ff58-62b2-a40aacc3f39c,PA30046,كيس فارغ أبيض,500,0.800,400.000,210001856
65c38791-290b-f8e9-3efc-399f0217c3f7,20be0eaa-d9d4-9287-8766-6e749027e2b5,CC10367,كولة فواصل 003,10,35.000,350.000,210001858
254836b0-3e43-d0cf-64f2-3c0bab80f059,20be0eaa-d9d4-9287-8766-6e749027e2b5,CC10370,كولة فواصل 001,5,35.000,175.000,210001863
16b1aa9b-641e-5e27-087d-13bae8979f83,061bbc83-bb0f-d0ba-199d-e85c0a27ed53,PE30411,فرشة ايطالية 15*5,12,13.000,156.000,210001871
e8a28dbd-fa8a-6891-d0d5-cfcf31946285,061bbc83-bb0f-d0ba-199d-e85c0a27ed53,PA30090,مفك دبل جهتين,20,1.980,39.600,210001886
4f351a1c-3069-6dcf-c3be-937f6169fe8a,fe1379a3-3277-78e8-ac2a-8226eb8e225a,PE30953,رولة طلاء 25 سم / 10,30,6.750,202.500,210001901
f9976c40-b63e-3f64-5772-23dbf0e54a90,3ec3d01f-c941-39e0-6ca9-f08c6bb4992b,RO10424,حنفية غسالة  ''1/2 * ''3/4 كروم,12,27.500,330.000,210001912
8b57be48-7f28-582b-6725-104f0dd6059a,3ec3d01f-c941-39e0-6ca9-f08c6bb4992b,MA20875,خلاط حوض المطبخ سحاب أسود- كروم,4,605.000,2420.000,210001915
35f2698a-0376-599d-7c31-b4e5478cae41,1acf1074-cc36-fa99-b86b-45f11d04bff8,RA20470,"سنيسكا 25"" ذهبي مربع",10,105.000,1050.000,210002282
99222ad8-0384-e0f3-60fa-003d9af62303,1acf1074-cc36-fa99-b86b-45f11d04bff8,PLSA0524,وردة أسود,50,2.600,130.000,210002283
72050384-2ccc-cd3d-4603-3d2b837e65ac,f60ab62f-bd6e-46a2-b5a3-dffed17de48c,ARSB80168,سماعة دوش مع طوبو أسود,4,185.000,740.000,210002284
8f085c61-fe26-070c-873c-69a034ffb931,f60ab62f-bd6e-46a2-b5a3-dffed17de48c,ATWC50179,زر بتريا ذهبي,4,385.000,1540.000,210002285
b97dffcd-f858-9d0a-4677-b30f4b41ba97,f60ab62f-bd6e-46a2-b5a3-dffed17de48c,ATWC50525,زر بتريا أسود,2,385.000,770.000,210002286
2c71d7b2-d60e-db5e-0396-8d960db6c719,56a3cae1-bd80-fae2-7e21-2e9d7e078999,ALVM50398,رأس سيفوني ذهبي,5,110.000,550.000,210001721
2c19503c-d392-310a-7c03-65c2b5cf48bd,3ec3d01f-c941-39e0-6ca9-f08c6bb4992b,ARSB85431,كسكاس دوش دائري شريحه 250 مم,4,165.000,660.000,210001938
249c6488-3807-1f27-3b52-e8a0b5401356,5cee7ef4-1fe1-db05-de65-506688dade63,RA20037,مواسير 32'' 4 متر,100,36.750,3675.000,210001952
a5da3588-35bb-3b7f-99f3-6a495838b1db,3365638f-9d19-009d-047b-d6a06217939d,MC10437,غطاء غرفة تفتيش 40*40 فايبر اسود,8,32.500,260.000,210001975
b6abab7c-2ac4-2d10-0e13-100d0416878c,3365638f-9d19-009d-047b-d6a06217939d,RA30421,ديسكو خشب 4.5'' 110 مم,24,4.500,108.000,210001981
57468ea9-b52e-23b7-5c15-afd3abca6ce6,5a713309-c0e9-4c52-96cd-c33edd8fdb01,PE30433,قاعة ماكينة سنفر صاروخ,10,5.250,52.500,210001961
85fad07b-6a69-363c-6ba9-412838a59c15,5a713309-c0e9-4c52-96cd-c33edd8fdb01,PE30496,طلاء مائي داخلي 18 كغ الكلمنجارو اقتصادي,15,58.560,878.400,210001971
6a13721a-c47e-3b0f-5c39-2326674108f4,1acf1074-cc36-fa99-b86b-45f11d04bff8,RA20468,"سنيسكا 25"" اسود مربع",10,105.000,1050.000,210002281
d0d88f9f-1ca5-d6c7-09f7-c59effd818d6,1c59e3e8-8b73-846a-837e-91c16f219fe1,CE10007,سخانة 80 لتر,5,495.000,2475.000,210001991
bfbb4e40-9f86-850a-7385-4e03758cd939,1c59e3e8-8b73-846a-837e-91c16f219fe1,PE30103,صندوق عدة حديد 53 سم,2,60.000,120.000,210002006
da23617a-c6e6-8ed1-94e6-44cc6789416b,8c9c11de-9582-be2f-7649-7ab602b625fa,PE30411,فرشة ايطالية 15*5,12,14.000,168.000,210002016
449595cb-986a-bc4c-4c3f-116d6d0c6486,dbb5de39-7d8a-eaed-ff24-e740d7ed7f21,PE30443,غيار موس فرش 0.5 مم,10,4.250,42.500,210002023
f31977bb-8ee1-f24f-ab70-ba37699160f9,d5ce7348-acae-1fc7-f40d-526bc53c2fcc,PE30206,"سكينة تغليف 5.5""",12,3.600,43.200,210002038
49b8dc39-8ac8-f467-efd8-671380ef0889,d5ce7348-acae-1fc7-f40d-526bc53c2fcc,CC10323,صليبة بيضاء 1.5ملي,20,6.850,137.000,210002047
621dacb6-2f85-b1a8-f3c5-f9f8d27bcb7d,7518ae38-e578-09c1-aaa0-36f291d1e939,CC10365,كولة فواصل 032,15,35.000,525.000,210002062
7cc866d3-75a6-8de1-da7c-1aa13d27260c,2f0d46b5-4145-813c-1079-d426b06ee705,RD30577,حوض قدم خزف مربع 70*70 سم,3,335.000,1005.000,210002065
f9acdb1b-9429-75a5-5b4a-813625652996,55750873-30b3-4e23-230f-b1f02c640af0,ARSB80089,طوبو شطاف 120 سم كروم,20,32.000,640.000,210002080
1179e12a-66dd-a655-6013-4c902f46504c,bd36ecec-8ab8-e520-8f87-3e03e3029887,RA20469,"سنيسكا 25"" اسود دائري",5,68.000,340.000,210002096
2185e97a-bf25-2d56-3532-692f7dac7e0d,bacf89ad-b2d6-af0d-09a6-67628927e663,PE30474,شفاط ابيض,4,59.000,236.000,210002113
a2a20daf-a7c4-5d60-75ce-ac960ec6ceb9,d5acbc19-6991-2e9f-7f1e-c731dddc54b5,RD30306,حوض قدم خزف مربع 70*70 سم,3,145.000,435.000,210002127
a729cd9d-c24f-ad3d-c141-d1f4fa02b6fd,0f9b9a24-989a-309d-4647-9a65e2bfa9ea,P30268,عوامة كهربائية 1 متر,10,53.755,537.550,210002225
f262beb8-3c6d-ab77-6e3f-8333740755e6,d99a7361-b502-00d2-7903-f6bd101464a3,PLSA0003,وردة أسود,50,2.200,110.000,210002237
307cd2ca-1a3a-aa28-83aa-9a1e66224b34,d99a7361-b502-00d2-7903-f6bd101464a3,AASB30501,حامل ورق منظف كلينكس,10,84.000,840.000,210002239
4614706a-df29-856c-a799-5efa9a58f1d2,20c25941-e6db-dc50-5a81-adfc65cdaa73,VS10201,حوض وجه معلق -80 سم,5,659.600,3298.000,210002246
ccd05d59-84e3-2b0d-1491-eb3c04415218,966ba14c-8078-a844-5688-3cd5777afb9f,AASB30048,صابونية كروم,6,65.000,390.000,210002261
5e4d26e9-15ce-8b58-3eaa-b6b293090ac1,21dd41ad-f1a3-3314-e150-c9209c5fe147,ARSB80363,كسكاس دوش مربع 300*300 مم كروم,10,110.000,1100.000,210002269
bc106f7c-017c-d7a7-725f-319fadfd8464,1acf1074-cc36-fa99-b86b-45f11d04bff8,PLSA0523,وردة كروم,50,2.600,130.000,210002280
40e22820-ab23-c14c-8927-d1a340f90d43,56a3cae1-bd80-fae2-7e21-2e9d7e078999,ARSB85499,رشاش دوش ذهبي,4,105.000,420.000,210001732
a265d938-0715-9c38-15d6-e1159f321508,25fae587-9646-52fb-8a56-67ddeb3d8417,ARSB8022,مخرج شطاف مع علاق  كروم,1,73.000,73.000,210001807
807edcdc-fbb6-0144-6b63-63fab9be999e,365e7391-a484-1818-8abf-6016348507eb,ARSB87752,سماعة دوش مع طوبو أسود,5,45.000,225.000,210001809
050518c4-5ede-c7fb-dcd6-7ea9db8f66f9,7c2a3bc5-a159-67ec-de01-904d46128715,PE30195,طلاء مائي داخلي 10 كغ أبيض 4% لمعة,20,167.810,3356.200,210001825
8cffd516-27e0-213f-72b5-6d2f7fe841da,015f6619-924d-211e-06a3-f792f22f2848,CD40404,مسطرة دوش زوجية كروم,6,95.000,570.000,210001827
a02bfa5d-f1d9-625f-6d82-1158866e60ba,d479de42-5bc9-c9e3-2828-091a8ed8fc5f,CC10365,كولة فواصل 032,10,35.000,350.000,210001837
e50c78e7-d967-35fe-638c-faca40dfd87f,45aa0188-ce90-254d-018d-a6fa5501edce,PE30535,ورق سنفرة 9بوصة 6فتحات,100,0.850,85.000,210001849
1946fac4-26f7-ec32-f756-82b1246a003f,20be0eaa-d9d4-9287-8766-6e749027e2b5,CC10364,كولة فواصل 024,10,35.000,350.000,210001857
35b4a11f-0621-7707-daf6-af1bc2316016,061bbc83-bb0f-d0ba-199d-e85c0a27ed53,PA30412,متر 3م,12,4.750,57.000,210001872
f5b1ac28-c342-9d95-d038-9974ee8c64e3,061bbc83-bb0f-d0ba-199d-e85c0a27ed53,PA30758,مفك موجب,12,4.750,57.000,210001887
15b24c6e-8e6f-6337-d335-2b32fe2dd7eb,fe1379a3-3277-78e8-ac2a-8226eb8e225a,PE30335,رولة طلاء,29,6.750,195.750,210001902
15750481-69f3-2ee4-2d55-6243705883cd,3ec3d01f-c941-39e0-6ca9-f08c6bb4992b,CD40426,مسطرة دوش زوجية كروم,5,280.000,1400.000,210001917
904917d6-3ae5-3b99-7b18-dec046afcfa0,5a713309-c0e9-4c52-96cd-c33edd8fdb01,PA30424,متر 5م,12,8.000,96.000,210001962
495e6c93-74ce-3ad1-d1f4-2cb592bea84d,8c81de11-c25d-4f67-c46a-b86d8fdcda40,PE30493,طلاء مائي داخلي 10 كغ أبيض نص لمعة,10,207.360,2073.600,210001987
cb1e2530-0c5d-4f50-d28a-989a305ebcc9,dbb5de39-7d8a-eaed-ff24-e740d7ed7f21,PE30187,لصقة مع مجفف 200 مل,12,8.750,105.000,210002024
7566e43f-af3f-06c5-0363-dc4d5dbaef15,c86c3564-b607-d31f-03d5-7b86f99069b2,ARSB80266,مخرج شطاف مربع بالعلاقة أسود,6,82.500,495.000,310000801
1a1fe881-6e03-0b60-bdd4-c76d3d8f6f9b,dfb089b6-d9e4-7cc8-7afc-0003f03b8f52,EL10040,حوض مطبخ ستانلس ستيل   304 76 * 45 سم,6,485.000,2910.000,310000569
a3271a84-1dc9-b167-0aec-2b1344410a0c,88a283d1-c96c-5c8d-e46f-a8a25f65932d,ARSB80296,سماعة دوش مع طوبو أسود,6,295.000,1770.000,310001355
284c53f1-8947-5be6-0720-b7a7be88cc4f,a37159eb-b163-4cb6-0090-9d3f30e625a8,ART0719,متبث مقعد معلق CITY,5,35.000,175.000,310000811
f761c911-6e25-5b43-63fe-55bb40bda50d,2f0d46b5-4145-813c-1079-d426b06ee705,RD30458,حوض قدم مستطيل اكريليك 90*90 زاوية,3,360.000,1080.000,210002066
a7221b08-4821-17de-092e-0f9da869b807,dfb089b6-d9e4-7cc8-7afc-0003f03b8f52,EL10433,حوض مطبخ ستانلس ستيل 76*45  أسود,6,545.000,3270.000,310000570
96fddd05-710c-e170-307b-f6b42146ac4b,bd36ecec-8ab8-e520-8f87-3e03e3029887,RA20470,"سنيسكا 25"" ذهبي مربع",5,79.000,395.000,210002097
bb9f7326-66bf-0a36-0666-dd004f05cb83,bd36ecec-8ab8-e520-8f87-3e03e3029887,MA20471,خلاط حوض المطبخ شلال منظومة نص فل,3,99.000,297.000,210002098
3213aa04-579f-1ff2-3b67-0459d1278fb3,bacf89ad-b2d6-af0d-09a6-67628927e663,PE30475,شفاط ابيض,3,64.500,193.500,210002114
058cf02d-6988-4f95-993d-6fb22a01ab80,bacf89ad-b2d6-af0d-09a6-67628927e663,PE30478,شفاط خشبي,3,91.500,274.500,210002117
4ca4817e-f52a-f663-3279-d2244259d601,bacf89ad-b2d6-af0d-09a6-67628927e663,PE30479,شفاط ابيض,3,89.100,267.300,210002118
95542b90-7205-47fc-bde9-45aa8d4f9945,a3383cf7-ed8c-7a40-3e26-f47c2573098b,RA20001,"كوع 25"" لحام",213,0.922,196.386,210002120
5c16e34c-621f-83be-c61e-92239288df59,a3383cf7-ed8c-7a40-3e26-f47c2573098b,RA20597,"فلفلة باب  1"" سن داخلي",15,29.000,435.000,210002121
a6582ef7-01c7-1fa1-7a4e-21e7f644074f,dfb089b6-d9e4-7cc8-7afc-0003f03b8f52,EL10251,حوض مطبخ ستانلس ستيل 60*45  أسود,3,455.000,1365.000,310000571
a185e661-2c78-67b2-2edd-f100182895b6,dfb089b6-d9e4-7cc8-7afc-0003f03b8f52,EL10137,حوض مطبخ ستانلس ستيل   304 70 * 45 سم,5,455.000,2275.000,310000572
5e5bcddc-1909-bbc0-0e07-4fba42d49926,444d5afb-e8b2-e32e-e759-2789afe21f49,ARSB80277,"مسكر شطافة ""1/2"" * ""1/2 كروم",100,23.500,2350.000,310000671
9a690368-b5d1-c429-db19-6d40e864df2b,cd0693ed-6be9-9460-a597-9f41ba5f9033,AASB30004,موزع صابون ابيض,16,32.000,512.000,310000673
ea45f685-dfb6-7360-b295-3c99c5f43a5c,d34ca263-d98f-957d-0260-97069fa8796d,VS10806,حوض وجه معلق -80 سم,5,350.000,1750.000,310001636
9cc91736-a679-91fe-5161-9c9f2fd09f12,aecb0d9b-5aee-a5da-7a8f-848377300e54,ALVM50019,رأس سيفوني كروم,5,140.000,700.000,210002122
4edffeaf-6710-90e3-c24c-01f70514cdbe,292b3302-f27e-9ca7-bdbe-0046b9ba825a,ARSB80089,طوبو شطاف 120 سم كروم,12,34.000,408.000,210002123
d724d371-134c-6cb6-9b3d-e5f89e8775f7,292b3302-f27e-9ca7-bdbe-0046b9ba825a,ARSB88400,طوبو شطاف 120 سم كروم,12,23.000,276.000,210002124
ab5b0ed5-1523-75dc-8cd9-138428acd560,7e28c1c5-afe9-9615-dcbc-6b3a9c14fbda,ARSB80083,شطاف ظغط دائري مع طوبو كروم,7,165.000,1155.000,210002125
68e863fd-68d2-27f1-6774-7b1891866a8a,7e28c1c5-afe9-9615-dcbc-6b3a9c14fbda,ARSB80269,شطاف ظغط مجرح مع طوبو كروم,2,165.000,330.000,210002126
ca7489ef-d2b6-5081-a8e7-eb43ac8f6e9e,ebae1532-fb50-f6d8-d123-3f9694f80541,PE30419,استوك 25 كغ,31,67.900,2104.900,210002139
3723a18b-3078-85b2-0ba7-50181d10446e,ebae1532-fb50-f6d8-d123-3f9694f80541,PE30020,زمالطو  2.5 كغ أصفر لامع,8,48.500,388.000,210002141
7383e150-06c9-5371-d7ca-1cb959994d1d,ebae1532-fb50-f6d8-d123-3f9694f80541,PE30014,زمالطو ضد الصدأ 3 كغ أبيض مطفي,12,53.350,640.200,210002142
6f240c4e-0faf-c8aa-dc53-2410102c10fa,ebae1532-fb50-f6d8-d123-3f9694f80541,PE30552,زمالطو زيتي  3 كغ  اسود مطفي,12,50.440,605.280,210002143
59bad1f3-0155-3dd8-0887-cf8123622c55,c14eb080-a6da-13c1-0a43-bb4a1844f1b2,CE10473,سخانة 80 لتر,5,510.000,2550.000,210002128
01a527b0-3d00-0aed-7000-159cea11cfe2,cd0693ed-6be9-9460-a597-9f41ba5f9033,SA10256,طقم اكسسوار كروم,4,195.000,780.000,310000676
18a6ce98-0b8d-fe42-6053-d0a4afcf972b,c14eb080-a6da-13c1-0a43-bb4a1844f1b2,PE30193,لصقة طلاء 45 مم,216,2.500,540.000,210002130
d0f334a6-08d0-4b11-f597-edaa1aca2d47,c14eb080-a6da-13c1-0a43-bb4a1844f1b2,PE30462,لصقة مع مجفف 200 مل,12,10.250,123.000,210002132
c9797bc1-08e3-28f5-530a-dd8dca31f0ad,c14eb080-a6da-13c1-0a43-bb4a1844f1b2,PE30242,رولة كروسة 10 سم,20,1.950,39.000,210002133
da8807ba-2449-9184-259e-1fde817228fd,c14eb080-a6da-13c1-0a43-bb4a1844f1b2,PE30042,طلاء عاز ل مطاطي  15 كغ,15,160.050,2400.750,210002134
3e2ec456-2306-7781-67e7-c28c117eba1d,c14eb080-a6da-13c1-0a43-bb4a1844f1b2,PE30027,طلاء مائي داخلي 20 كغ أبيض,15,69.840,1047.600,210002135
8ac8c491-1365-7250-46c3-f4bda4181197,c14eb080-a6da-13c1-0a43-bb4a1844f1b2,PE30034,استوك 4 كغ,15,17.945,269.175,210002136
e9484705-32c9-63fd-870b-bbfd45c8e796,e7e13487-eb39-72aa-34c9-a351613bde40,RO10477,حنفية 1/2,2,28.500,57.000,210002148
f77e2e60-4976-ada9-2cc6-f59b8ead05e9,e7e13487-eb39-72aa-34c9-a351613bde40,P30327,عوامة 1,2,64.000,128.000,210002150
4ae9ca60-2dda-8bdf-e3e5-bc0a896ce47a,e7e13487-eb39-72aa-34c9-a351613bde40,RA20483,بوتلين مسكر1*1ربط من جهتين,1,14.500,14.500,210002151
e2fc3216-bbd3-546f-52b8-ce36a4968e5f,a9227847-e1a8-6164-7f0d-7a4bd5579774,P30484,مضخة فرامة 1حصان,1,625.000,625.000,210002152
b4efbabc-dcc6-d9a4-023c-626477d767b3,a9227847-e1a8-6164-7f0d-7a4bd5579774,AASB30485,مجفف شعر أسود,6,79.500,477.000,210002153
41157f2f-39c1-0b5d-80ec-22711b59ad8b,1cd7bf11-494a-17e9-abb4-ddbe9754faae,RA20487,طبوا بلاستك 63ضغط 16,6,79.998,479.988,210002155
a1670bbf-048b-6be6-f912-4ff36a7e0bdf,1cd7bf11-494a-17e9-abb4-ddbe9754faae,RA20488,كوربة 63*90لصقة ضغط 16,4,10.000,40.000,210002156
3d504b1c-25c0-5757-0737-dffed5b9855b,1cd7bf11-494a-17e9-abb4-ddbe9754faae,RA20491,كواردةبلاستك 63 لصقة ضغط 16ايرا,1,30.000,30.000,210002159
e35a35a7-9aa0-a3e4-81eb-f34ed5895792,1cd7bf11-494a-17e9-abb4-ddbe9754faae,RA20492,مخفض 1.25*1نحاس,1,20.000,20.000,210002160
0f157687-0b98-a70b-f107-8d9b01cdaa6c,61ee7468-2bc6-a25c-8467-feb8e14cc15e,ML30494,مرايا حمام مع إضاءة لد 100*80 سم,5,175.000,875.000,210002162
091b9aa6-56eb-72ad-60c2-8007deba0d8b,61ee7468-2bc6-a25c-8467-feb8e14cc15e,ML30495,مرايا حمام مع إضاءة لد 80*60 سم,5,120.000,600.000,210002163
480c640a-bd8f-0e8a-a784-5dad608d4f13,61ee7468-2bc6-a25c-8467-feb8e14cc15e,ML30496,مرايا حمام مع إضاءة لد 80*60 سم,5,120.000,600.000,210002164
8e6f80b9-6e4f-d268-4da6-68a54cc31b4d,61ee7468-2bc6-a25c-8467-feb8e14cc15e,ML30497,مرايا حمام مع إضاءة لد 80*60 سم,5,120.000,600.000,210002165
53362b15-3664-6fb4-0cf7-c807af9dc92e,61ee7468-2bc6-a25c-8467-feb8e14cc15e,ML30498,مرايا حمام مع إضاءة لد 80*60 سم,5,120.000,600.000,210002166
24a9d02b-bd05-9ba9-f385-f97f385bb6f6,61ee7468-2bc6-a25c-8467-feb8e14cc15e,ML30499,مرايا حمام مع إضاءة لد 80*60 سم,5,120.000,600.000,210002168
3402bbef-50fe-384e-f4aa-99cfb1179627,690424d3-af87-99a1-47cd-ba4bd9e56a1d,RS40501,بلاط ارضيات كوطو 60سم * 60 سم (0.360  م²),84,47.500,3990.000,210002169
cd8c7ab0-c130-6b04-8ea4-f43a20aa7af2,2acd96f5-155b-913f-2b50-f7ad90b408ea,PE30040,طلاء مائي مطفي  18 كغ,15,112.250,1683.750,210002174
6c088079-5b0f-e067-935b-4708ffb4d377,2acd96f5-155b-913f-2b50-f7ad90b408ea,ATWC50167,وصلة بتارية مدفونة 35 سم,10,27.500,275.000,210002175
1bf4f8e8-4096-6011-c75f-deb64dbca552,246ac8c9-4e51-4403-e991-97c0f082ca89,PE30037,طلاء مائي داخلي 18 كغ أبيض مطفي,15,120.000,1800.000,210002176
b20a514e-00d8-a269-a9de-6c5cd5bdfcf6,246ac8c9-4e51-4403-e991-97c0f082ca89,PE30996,قطرامينة 15ك مائية سطل بلاستك,15,67.200,1008.000,210002177
8a6c32e3-349d-893b-4f99-370dc65bcd98,246ac8c9-4e51-4403-e991-97c0f082ca89,PE30125,رولة طلاء 25 سم ديكور,25,28.500,712.500,210002178
2f2fee37-0234-f38f-5753-af0474bc1813,246ac8c9-4e51-4403-e991-97c0f082ca89,PE30552,زمالطو زيتي  3 كغ  اسود مطفي,12,49.920,599.040,210002179
0f5f011c-8652-69ad-d25b-944ed08bbb05,246ac8c9-4e51-4403-e991-97c0f082ca89,PE30021,زمالطو  3 كغ أبيض لامع,12,49.920,599.040,210002180
e2b90154-67a3-c70b-4f1b-651d9fc06f9f,246ac8c9-4e51-4403-e991-97c0f082ca89,RA30090,ورق سنفرة قماش رقم 220,35,2.515,88.000,210002181
aa71c277-53a6-a693-4300-a91cab2a1709,246ac8c9-4e51-4403-e991-97c0f082ca89,P30327,عوامة 1,10,66.000,660.000,210002182
acff2878-5b3b-bb9c-04f6-2bf52cad90cb,246ac8c9-4e51-4403-e991-97c0f082ca89,PE30467,كولة رخام 750 مل كريمة,48,30.000,1440.000,210002183
2eb52282-b0ba-e4ba-70c9-0e972897eef6,246ac8c9-4e51-4403-e991-97c0f082ca89,PA30493,بونتة 6 * 110 مم,12,1.900,22.800,210002184
df89212f-17c8-b905-ff67-ffbc9cd318b4,246ac8c9-4e51-4403-e991-97c0f082ca89,PE30584,فوم 600 غرام,24,19.000,456.000,210002186
aa410f6c-90e6-82cf-5d0a-723da6e04e12,246ac8c9-4e51-4403-e991-97c0f082ca89,RA30012,"كوربة 3"" 87.5°",34,10.900,370.600,210002188
0cace24a-df11-9e28-5966-f957c4eeb144,246ac8c9-4e51-4403-e991-97c0f082ca89,PE30503,زمالطو  3 كغ أبيض مطفي,8,48.500,388.000,210002190
20f8cf22-3c5b-ab63-b742-53943a01178c,246ac8c9-4e51-4403-e991-97c0f082ca89,PE30496,طلاء مائي داخلي 18 كغ الكلمنجارو اقتصادي,10,58.560,585.600,210002191
0afba5fe-7779-678f-b612-f7421ab1a34c,246ac8c9-4e51-4403-e991-97c0f082ca89,PA30496,بونتة 12 * 160 مم,12,2.350,28.200,210002192
69107e63-a97b-97b0-4d7c-90de003d84e5,20c9ffe8-2365-0c1f-0206-49befffdce74,MDE50504,مطول خلاط شطافة مدفون,1,170.000,170.000,210002193
7e1d1df7-31e3-e38e-e81f-ded7b8d8c15e,20c9ffe8-2365-0c1f-0206-49befffdce74,CD40761,مسطرة دوش زوجية كروم,5,175.000,875.000,210002194
43e48ce3-5d7f-4e3c-fd04-e1c1ed48c3f2,20c9ffe8-2365-0c1f-0206-49befffdce74,ARSB80500,شطاف ظغط مربع مع طوبو كروم,6,78.000,468.000,210002195
5ef7f67b-422a-821d-5a17-0eb8ddcf1d73,20c9ffe8-2365-0c1f-0206-49befffdce74,ARSB80505,مخرج شطاف كروم بالعلاقة,10,48.000,480.000,210002196
79d10fea-cdbf-5864-5d2e-46cb53eed546,20c9ffe8-2365-0c1f-0206-49befffdce74,ARSB80506,مخرج شطاف كروم,10,33.000,330.000,210002197
65649e03-5751-1e69-5eac-a0f6458d5d52,20c9ffe8-2365-0c1f-0206-49befffdce74,ARSB80507,مصب دوش مع تحويلة كروم,10,85.000,850.000,210002198
33254bbc-4a31-fd8b-29b4-2c6f783315c6,20c9ffe8-2365-0c1f-0206-49befffdce74,CD40760,مسطرة دوش زوجية كروم,5,130.000,650.000,210002199
49059330-8aa7-1e35-d072-c9e509ea6392,20c9ffe8-2365-0c1f-0206-49befffdce74,CD40508,مسطرة دوش زوجية كروم,5,160.000,800.000,210002200
c48a21b4-f196-52ee-9de0-91f44c995212,dafbc9d3-c63e-e46c-0ebc-0b542c1cfaf5,RA30002,طوبو1.5'' 6 متر,15,39.000,585.000,210002202
bf4e5e96-b282-a295-afcd-2254cf6d4808,dafbc9d3-c63e-e46c-0ebc-0b542c1cfaf5,RA30001,طوبو1'' 6 متر,15,33.000,495.000,210002204
5749d765-3432-efbe-10f9-888a63dff485,94a439d2-249b-45a8-7165-2038878229d8,PE30195,طلاء مائي داخلي 10 كغ أبيض 4% لمعة,15,189.150,2837.250,210002205
7a989cda-f3f8-8201-1b3c-5dbd1e36daad,94a439d2-249b-45a8-7165-2038878229d8,PE30419,استوك 25 كغ,20,76.630,1532.600,210002206
3e0a5e6a-a5e3-717c-2817-a7b4e10e6634,94a439d2-249b-45a8-7165-2038878229d8,SI10509,سلكون حراري استرا اسود 1600c,15,23.000,345.000,210002207
c2f5aa9f-2a46-bc4f-f38b-b15d3d8fadab,94a439d2-249b-45a8-7165-2038878229d8,RA30015,"كوربة 2"" - 90°",30,3.900,117.000,210002208
12e52f8c-8dd1-a4dd-dd97-769257266387,94a439d2-249b-45a8-7165-2038878229d8,RA30016,"كوربة 2"" - 45°",40,3.900,156.000,210002209
8c9ad5a3-fe4e-77db-8e2e-c6838c6dace0,94a439d2-249b-45a8-7165-2038878229d8,RA30022,"مثلث 4""",21,26.000,546.000,210002210
9218b226-a2f2-6104-1521-c879bc3184f1,94a439d2-249b-45a8-7165-2038878229d8,RA30045,"مجمع 3"" 2"" 1.5"" 2""",28,22.000,616.000,210002211
a7a6a407-4ba5-435e-d2f5-4aa5cdbdf12c,94a439d2-249b-45a8-7165-2038878229d8,RA30027,"واي 3"" 45°",11,23.500,258.500,210002212
6147f104-a88e-7664-4d9c-bc5ff37d5030,94a439d2-249b-45a8-7165-2038878229d8,RA30063,"طابة مجمع 2""",50,3.750,187.500,210002213
da0a40af-c90c-bebc-5ee3-7cc8f7924388,94a439d2-249b-45a8-7165-2038878229d8,RA30066,"طابة نهاية خط 4""",24,10.250,246.000,210002214
9c456d49-b556-9b4a-b03a-182a6f3cebfa,94a439d2-249b-45a8-7165-2038878229d8,RA30067,"طابة مجمع 1.5""",50,3.500,175.000,210002215
c353e324-bc3b-8f08-5ba8-0414dd8b6033,94a439d2-249b-45a8-7165-2038878229d8,RA30056,"مخفض 2"" *.5 1""",50,4.900,245.000,210002216
616c3458-cf64-4ac7-f9d2-5de5525e39f1,94a439d2-249b-45a8-7165-2038878229d8,RA30026,"واي 4"" 45°",16,34.000,544.000,210002221
89b61a16-9466-9d38-3765-1aec5eb63544,0f9b9a24-989a-309d-4647-9a65e2bfa9ea,PA30510,قفل باب رئيسي,6,38.000,228.000,210002232
0157e6e6-42f1-f294-e93c-8a0d35ffadd0,0f9b9a24-989a-309d-4647-9a65e2bfa9ea,PA3370,مسمارخشب رقم 6 (2 كغ),10,14.250,142.500,210002233
ea9a5305-0310-6931-4bcc-a8cdd8238879,0f9b9a24-989a-309d-4647-9a65e2bfa9ea,APCI40229,مطول 1/2 *10 سم كروم,30,5.950,178.500,210002234
c560cfe3-0b83-dd68-2619-16bd5e848571,c28ad822-7f4d-1ba4-6feb-23c02cf70de4,AECU50425,سيفون حوض المطبخ,50,21.500,1075.000,210002324
afcf8f2b-96ec-4328-55b5-de15ab6e2712,f2c9cad9-ad52-340f-14b7-f7a9d8e0a8f5,APCI40229,مطول 1/2 *10 سم كروم,50,7.500,375.000,210002325
e6c694ea-1aaf-d629-c43f-006db155c9b6,192f1ecf-f822-a149-1f0c-6ed208c24d9c,ATWC50314,صندوق طرد مدفون بتارية مع زر مربع 9 لتر,2,925.000,1850.000,210002329
75d3f641-3ea2-4cf4-5992-32e9fbefb35c,d34ca263-d98f-957d-0260-97069fa8796d,ML30824,مرايا حمام مع إضاءة لد 100*70 سم,5,150.000,750.000,310001481
8ca6574e-6fb8-2748-2d7d-01a23ced406b,d34ca263-d98f-957d-0260-97069fa8796d,VS10811,حوض وجه معلق -100 سم,5,450.000,2250.000,310001383
85c184a8-f06c-5cde-a4e9-4e7b4c8deaec,d34ca263-d98f-957d-0260-97069fa8796d,AM0822,دولاب حمام مع إضاءة لد-100 سم,5,750.000,3750.000,310001386
5f510f6c-ffab-60f8-677d-2001d39a7d7f,d34ca263-d98f-957d-0260-97069fa8796d,AM0839,حوض وجه مع دولاب حمام -80 سم,5,990.000,4950.000,310001486
9dcc3c3f-cf2d-5fb7-2bda-3f2313ac1b25,d34ca263-d98f-957d-0260-97069fa8796d,AM0843,حوض وجه مع دولاب حمام -60 سم,5,780.000,3900.000,310001489
b6e70d82-a954-a9cd-3836-783e224242df,d34ca263-d98f-957d-0260-97069fa8796d,VS10824,حوض وجه معلق -100 سم,5,450.000,2250.000,310001387
a9ed88f5-b8f3-c1b0-d9e6-7769dd149822,d34ca263-d98f-957d-0260-97069fa8796d,AM0800,دولاب حمام مع إضاءة لد -90 سم,5,700.000,3500.000,310001375
1b2598a9-0491-5293-dd2a-2d841926b6a9,d34ca263-d98f-957d-0260-97069fa8796d,ML30823,مرايا حمام مع إضاءة لد 100*70 سم,5,150.000,750.000,310001388
55def85b-94b8-ce7e-f4e9-4c01107006b3,d34ca263-d98f-957d-0260-97069fa8796d,AM0849,حوض وجه مع دولاب حمام -60 سم,5,780.000,3900.000,310001492
575c073d-8e8b-bf68-ff93-6ced2895ebe6,d34ca263-d98f-957d-0260-97069fa8796d,EG40862,رف كواريون كوارتز 100سم أبيض,5,300.000,1500.000,310001507
d682a9df-7a19-30e0-ffdd-b28e119f4404,d34ca263-d98f-957d-0260-97069fa8796d,VS10825,حوض وجه معلق -100 سم,5,450.000,2250.000,310001480
1f5b87fc-a04f-5fd0-f9be-a9d672733f28,d34ca263-d98f-957d-0260-97069fa8796d,AB10803,خزانة حمام أبيض,5,150.000,750.000,310001637
6fb2a469-a979-8a29-348f-e3af7a05a25a,d34ca263-d98f-957d-0260-97069fa8796d,AB10838,خزانة حمام أبيض,5,150.000,750.000,310001487
8ff76ff7-da54-acf0-66b5-52f2238adccf,2803fa00-103a-20b9-07fe-4346f69f3c1c,PE30089,دلونتي 1لتر,24,11.250,270.000,210002293
b7178e23-3b5e-90a9-2c08-6ce57d2023a7,2803fa00-103a-20b9-07fe-4346f69f3c1c,PE30125,رولة طلاء 25 سم ديكور,30,33.000,990.000,210002294
e2f22d4e-a1b0-0d1d-af86-9d2c0cdd21da,2803fa00-103a-20b9-07fe-4346f69f3c1c,PE30270,رولة طلاء 10 سم ديكور,24,9.500,228.000,210002295
8ffb2f8b-dbd1-555c-2490-9914a70c1be4,2803fa00-103a-20b9-07fe-4346f69f3c1c,PE30584,فوم 600 غرام,48,21.500,1032.000,210002296
3e45900c-55a0-48f6-128a-4e0c4b202bf1,2803fa00-103a-20b9-07fe-4346f69f3c1c,SI10136,سلكون  280 غرام شفاف التاج,48,8.250,396.000,210002297
32f0178c-e85b-902e-6bc7-b83d1838be90,2803fa00-103a-20b9-07fe-4346f69f3c1c,PE30527,بونتة حديد رقم 4,10,3.750,37.500,210002298
3deba2a9-951c-8cd6-7c0d-48e55ed36e64,d34ca263-d98f-957d-0260-97069fa8796d,LG40861,حوض كواريون كوارتز100سم أبيض,5,500.000,2500.000,310001506
3d416289-dee6-57a1-0795-209a12d89e2c,f3b1647a-1a5e-47f3-ecc3-8de9b9a664f2,PE30037,طلاء مائي داخلي 18 كغ أبيض مطفي,15,140.650,2109.750,210002287
25aa0918-4b5e-cdcb-ba8a-37c6592873e9,f3b1647a-1a5e-47f3-ecc3-8de9b9a664f2,PE30985,طلاء مائي داخلي 4 كغ أبيض مطفي,8,56.260,450.080,210002288
999c5c25-83e3-a32d-47a2-cf0c55a8d8f3,f3b1647a-1a5e-47f3-ecc3-8de9b9a664f2,PE30032,استوك 20 كغ,27,70.810,1911.870,210002289
d179911e-b4cc-f454-f9d4-f437e952503e,f3b1647a-1a5e-47f3-ecc3-8de9b9a664f2,PE30035,استوك 1 كغ,24,7.760,186.240,210002290
54347146-5ae8-3641-bbae-53aae9eb13df,f3b1647a-1a5e-47f3-ecc3-8de9b9a664f2,PE30051,طلاء زيتي 850 غ أبيض لامع,9,19.400,174.600,210002291
e615ad82-0c92-d814-3a28-32aa3e48f500,f3b1647a-1a5e-47f3-ecc3-8de9b9a664f2,PE30526,طلاء زيتي 850 غ أبيض مطفي,9,19.400,174.600,210002292
414aca66-e4a2-73cf-5201-f94e97d6daf6,2803fa00-103a-20b9-07fe-4346f69f3c1c,PA30058,متر 7.5م,12,18.500,222.000,210002305
d2def0f8-3592-1843-3e1d-d0754651d5ef,2803fa00-103a-20b9-07fe-4346f69f3c1c,PE30095,ورق سنفرة قماش رقم 60,70,2.429,170.013,210002306
bcf78e81-d85b-3988-2621-60a9175f5206,73a5d228-e2be-d8de-fbaa-4f4017edf652,CD40097,مسطرة دوش زوجية كروم,6,360.000,2160.000,310001643
2e93c765-cc51-5992-3c6e-59fa3ba07e14,73a5d228-e2be-d8de-fbaa-4f4017edf652,ARSB80083,شطاف ظغط دائري مع طوبو كروم,6,180.000,1080.000,310001644
d1bb017e-10e7-4fa0-9f0a-98fbb8c34c4c,2803fa00-103a-20b9-07fe-4346f69f3c1c,PE30528,بونتة حديد رقم 3,10,1.850,18.500,210002299
633c44aa-c1d8-9be6-42c5-fb1e4d373d24,2803fa00-103a-20b9-07fe-4346f69f3c1c,PE30529,بونتة حديد رقم 6,10,4.750,47.500,210002300
43405501-33db-9727-6e01-94d04a41807a,2803fa00-103a-20b9-07fe-4346f69f3c1c,PE30530,بونتة حديد رقم 8,10,8.500,85.000,210002301
6f5abc8e-6fdf-988c-621d-33aa659de5bc,2803fa00-103a-20b9-07fe-4346f69f3c1c,PE30531,بونتة حديد رقم 10,10,10.500,105.000,210002302
b80bb0a4-f243-b95b-c387-e8426c8c70b2,2803fa00-103a-20b9-07fe-4346f69f3c1c,PA30059,متر 10م,12,28.500,342.000,210002303
f85d0eec-fece-42de-7739-c352a77749a1,99b70c72-5d15-6c7b-f85b-26fff822c04b,ME10624,خلاط حوض المطبخ شجرة رصاصي,20,105.000,2100.000,310000775
33cb6af1-9c1b-92ca-2058-2a8129321890,2803fa00-103a-20b9-07fe-4346f69f3c1c,PA30057,متر 5م,12,11.500,138.000,210002304
ef5f5d86-9b4e-4705-221c-6479c68f434b,d34ca263-d98f-957d-0260-97069fa8796d,AM0858,دولاب حمام -80 سم,5,600.000,3000.000,310001645
d5f72b2d-05ed-0062-7c60-633998109d96,22ece712-993e-48dd-3cea-dd765c0868b2,PE30204,"سكينة تغليف يد خشب 6"" 150 مم",12,3.750,45.000,210002311
19087968-c53b-038d-5865-4634347379b0,22ece712-993e-48dd-3cea-dd765c0868b2,PE30533,سكينة تغليف8 بلستك,12,6.750,81.000,210002312
147ce4f2-2075-b4c9-8645-c4c124b5b47f,22ece712-993e-48dd-3cea-dd765c0868b2,PA30606,ليفة تنضيف ألمنيوم,15,12.834,192.500,210002313
80e40db9-2c6f-f059-422d-daa8576dce08,22ece712-993e-48dd-3cea-dd765c0868b2,AETS20004,تفلون 19 مم * 15 متر * 0.20 مم,50,5.500,275.000,210002314
1e3522bf-ae98-c66f-5c41-0b8b3b140960,22ece712-993e-48dd-3cea-dd765c0868b2,EL50534,قاعدة مكيف ابوفارس,10,43.500,435.000,210002315
100ba260-acb3-05ca-36f5-9aba1efa1b17,22ece712-993e-48dd-3cea-dd765c0868b2,RA30535,ديسكو سريع4.5 بوصة حديد,50,2.450,122.500,210002316
e8ef6202-6fb7-55b3-26fb-80b3ad97bc01,22ece712-993e-48dd-3cea-dd765c0868b2,RA20453,"سنيسكا 32"" كروم",10,97.750,977.500,210002317
09e1d12f-8955-1d3d-2e29-bc6e28cb6d52,22ece712-993e-48dd-3cea-dd765c0868b2,PA30056,بونتة 6 * 16سم,13,2.450,31.850,210002318
e50f0a0f-4b7a-288b-c3dc-d5fb34e11170,72a3bef7-016b-2e34-0deb-0440eea49f93,ARSB85300,رشاش دوش كروم,12,160.000,1920.000,210002319
b0fd64d8-6f35-3d45-31a7-475a39cbfa1b,22ece712-993e-48dd-3cea-dd765c0868b2,PA30496,بونتة 12 * 160 مم,12,2.450,29.400,210002308
6e21741b-e548-733e-c60a-b37b2a970207,22ece712-993e-48dd-3cea-dd765c0868b2,PA30493,بونتة 6 * 110 مم,11,2.350,25.850,210002310
221f58c4-3295-3ab7-b66b-cf2f98ec295f,22ece712-993e-48dd-3cea-dd765c0868b2,PE30532,غيار موس فرش 0.5 مم باكو اسود,40,1.750,70.000,210002307
e1fa0183-bb40-dc1e-a352-69324199e5ea,d34ca263-d98f-957d-0260-97069fa8796d,AB10844,خزانة حمام أبيض,5,150.000,750.000,310001647
0c048588-9e45-5f72-7924-c5716ec544ad,c6aeadca-0497-68e6-de6e-e1413016e4b0,ARSB80214,"مسكر شطافة ""1/2"" * ""1/2 كروم",60,25.750,1545.000,310000202
cefa3dc1-6a1a-bbd5-918b-03f580c05e1a,c6aeadca-0497-68e6-de6e-e1413016e4b0,APCI40229,مطول 1/2 *10 سم كروم,50,4.950,247.500,310000206
8db39562-325a-10b4-de1e-f541309c70f8,5bc4e9dc-5927-f878-869a-77c16ecfabcf,ARSB80040,شطاف ظغط مربع مع طوبو كروم,5,165.000,825.000,310000208
bed2311d-4b65-bc41-ff20-9b4c35808109,d34ca263-d98f-957d-0260-97069fa8796d,ML30842,مرايا حمام مع إضاءة لد80*60 سم,5,120.000,600.000,310001648
c7e3bdde-7e45-83e5-55c8-8ed776512e32,567f2c5a-008b-051c-638e-4a53569aef17,CC10369,كولة فواصل 018,25,38.000,950.000,210002320
dbc7e9dd-54c8-0d9d-1c1f-8b76dd40adf7,567f2c5a-008b-051c-638e-4a53569aef17,CC10368,كولة فواصل 007,10,38.000,380.000,210002321
5a502f30-44b5-ea3b-00b6-a089a3b4ad2d,99b70c72-5d15-6c7b-f85b-26fff822c04b,PS20666,علاقة مناشف زوجية أسود,20,40.000,800.000,310000740
bf593a26-ce38-7cf6-277a-1c6716deef6c,efa60f1b-f37f-7044-393b-3dea2a12d44c,CE10265,سخانة 80 لتر,1,585.000,585.000,310000358
0d62ff6d-6b20-802e-fbbf-a0f3d808d6dd,d34ca263-d98f-957d-0260-97069fa8796d,AM0828,دولاب حمام -80 سم,5,600.000,3000.000,310001653
f53c3bf0-b63a-8e9f-1e56-74925070cbf5,d34ca263-d98f-957d-0260-97069fa8796d,VS10841,حوض وجه معلق -80 سم,5,350.000,1750.000,310001646
f95e390d-5512-dd9e-2409-5573dd24e412,d34ca263-d98f-957d-0260-97069fa8796d,AM0859,دولاب حمام -80 سم,5,600.000,3000.000,310001649
6d7646a0-ae74-a4a5-58bd-e2173e41f6bd,d34ca263-d98f-957d-0260-97069fa8796d,VS10826,حوض وجه معلق -80 سم,5,350.000,1750.000,310001654
808e969e-b935-b520-50fa-2866773fee34,d34ca263-d98f-957d-0260-97069fa8796d,VS10843,حوض وجه معلق -80 سم,5,350.000,1750.000,310001650
d3939a99-18e0-fb03-6e6b-0932942d105a,d34ca263-d98f-957d-0260-97069fa8796d,AB10845,خزانة حمام أبيض,5,150.000,750.000,310001651
fe77ef8f-a1a0-7531-7224-5c45e42e1507,d34ca263-d98f-957d-0260-97069fa8796d,ML30826,مرايا حمام مع إضاءة لد80*60 سم,5,120.000,600.000,310001656
6fb04cb0-0237-7040-eaf0-de023146815f,d34ca263-d98f-957d-0260-97069fa8796d,AB10825,خزانة حمام أبيض,5,150.000,750.000,310001655
c39944f4-011f-3302-26fa-a49828178ffc,1196c726-0e93-836c-1a12-0cb5c830e844,EG40750,رف كواريون كوارتز 80سم أبيض,10,220.000,2200.000,310001512
0cb3b6e3-a8ab-1065-1fd3-653b59542215,919c7698-36fa-7025-ba4f-aa90c66507d2,AASB30764,رف زاوية زوجي كروم,5,88.000,440.000,310000239
673b0118-7755-51f4-9f9e-f3483945f807,2a92b072-38f5-6bf4-ee61-e95ac52da8cc,PS20766,علاقة ملابس ثلاثية دوران بدون قصبة,6,34.000,204.000,310000243
2a5ceb28-0a8d-e5d1-d1ef-accfe2b0e0e4,2a92b072-38f5-6bf4-ee61-e95ac52da8cc,RA20767,مخفض 1/2*3/4 كروم,20,3.750,75.000,310000244
34d04d04-7988-01d4-fd66-4ac6c08ff1cc,0a221683-d9a6-5d5a-509c-b70915e11394,ARSB80771,مخرج شطاف مع علاق ذهبي,10,40.000,400.000,310000249
392bc65f-2b8a-dcc0-2969-599ffc52bdbc,b7b5bf87-a952-074f-dda1-4ed57329b662,ALVM50207,رأس سيفوني كروم,2,125.000,250.000,310000251
7f2bc068-1823-8318-9a3c-069459dd982c,d34ca263-d98f-957d-0260-97069fa8796d,AM0857,دولاب حمام -60 سم,5,600.000,3000.000,310001663
5b61c9d5-b6c8-27bf-92ba-66f3106e4618,d34ca263-d98f-957d-0260-97069fa8796d,VS10845,حوض وجه معلق -60 سم,5,330.000,1650.000,310001664
708d4834-99ec-d3e5-9292-9e42b57a5742,d34ca263-d98f-957d-0260-97069fa8796d,ML30846,مرايا حمام مع إضاءة لد80*60 سم,5,120.000,600.000,310001665
f891d32c-3370-77c3-4f49-18297ad210fd,a55b2292-a657-ef35-54cd-f2f4101c2fe7,WS10015,صندوق مقعد معلق أبيض,8,100.000,800.000,310001666
e8bce989-047e-5c25-12b7-4c4998b4fd5c,a55b2292-a657-ef35-54cd-f2f4101c2fe7,WS10014,مقعد معلق (صندوق خارجي) أبيض,8,470.000,3760.000,310001667
17306ada-5f23-3d45-4260-2ed200c6e9c2,81142622-f660-a92d-f381-85b7b621fba7,ARSB80499,سماعة دوش مع طوبو كروم,2,195.000,390.000,310001668
bded55ec-d73c-f500-117f-0ff06af1e3fa,3f1ad060-78b2-3ac4-f7d9-62d894c39884,ML30948,مرايا حمام مع إضاءة لد 60*80سم اطار كروم,6,60.000,360.000,310001669
ab46b63e-29c2-75bb-29ac-26a73aa5d346,3f1ad060-78b2-3ac4-f7d9-62d894c39884,ML30949,مرايا حمام مع إضاءة لد 80*60سم اطار كروم,6,60.000,360.000,310001670
c43504b8-ff0d-335f-4f84-200d23c0eb5b,d34ca263-d98f-957d-0260-97069fa8796d,ML30844,مرايا حمام مع إضاءة لد80*60 سم,5,120.000,600.000,310001652
985ebd25-b916-41cd-af8f-868e9b97d4e5,87acc686-edd2-7973-1606-acb0227cc191,PLSA0241,مطول  15 مم كروم,10,6.650,66.500,310001671
068c6f48-9283-cd35-7285-fd1ac36dfbed,494fac9a-eb9d-5766-5f10-cc7b5eac2ed2,ADOU50187,سيفون حوض قدم,1,30.000,30.000,310000253
20d209b4-156b-76de-9e1c-7ff69909bdd5,20d3cf23-6a4f-7f29-32a3-c64df75dd2d5,ML10005,خلاط حوض وجه كروم,4,235.000,940.000,310000255
62499495-d37a-f10e-f6e7-1b4f9193679c,20d3cf23-6a4f-7f29-32a3-c64df75dd2d5,ML10761,خلاط حوض وجه كروم,3,255.000,765.000,310000256
c3d400fc-b539-b9f0-b2f4-062a1375cad0,07d9ea81-d452-6ad6-3bc8-b8f8b2f31976,CD40781,مسطرة دوش زوجية اسود,1,130.000,130.000,310000260
ab024911-86a2-a913-2d79-4c897d010287,7037a07a-aeea-4061-0403-576b29031573,VS10538,عمود حوض وجه سفير أرضي أبيض,4,110.000,440.000,210002330
d24b0702-27a1-98f2-64a0-61aca83b9c19,7037a07a-aeea-4061-0403-576b29031573,VS10537,حوض وجه السفير معلق60 سم أبيض,4,210.000,840.000,210002331
1459bbb2-f577-53c1-8ab4-afbce5e2f755,7037a07a-aeea-4061-0403-576b29031573,VS10539,حوض وجه سداسي معلق مع عمود أبيض,3,275.000,825.000,210002332
0ef6f625-c022-d94c-2403-17771acae470,7037a07a-aeea-4061-0403-576b29031573,ATWC50540,صندوق بتارية مقعد أرضي,1,160.000,160.000,210002333
05ae1072-1163-901e-2ea7-aebf904389d6,8cbbc5fd-8223-daee-b253-0539c1d4ce29,AM0941,دولاب حمام -80 سم,15,400.000,6000.000,310001672
9a62e9b2-8de5-f333-33a0-e04a64bf7c5a,8cbbc5fd-8223-daee-b253-0539c1d4ce29,VS10939,حوض وجه معلق -80 سم,15,240.000,3600.000,310001673
fd50966f-5756-6616-97f7-09ddb1a3c2cd,8cbbc5fd-8223-daee-b253-0539c1d4ce29,AM40940,مراية دولاب حمام 80 سم,15,200.000,3000.000,310001674
d4f6b3fe-98aa-8f67-5137-df03e575e750,8cbbc5fd-8223-daee-b253-0539c1d4ce29,AM0944,دولاب حمام -80 سم,15,400.000,6000.000,310001675
4d1b4200-682c-2dac-7277-48dba4b2432e,8cbbc5fd-8223-daee-b253-0539c1d4ce29,VS10943,حوض وجه معلق -80 سم,15,240.000,3600.000,310001676
8238ed3e-171f-bb42-4ade-714713527f70,8cbbc5fd-8223-daee-b253-0539c1d4ce29,AM40945,مراية دولاب حمام 80 سم,15,200.000,3000.000,310001677
bf1c7a4a-dcaf-2e7e-3501-b4c7423a5953,8cbbc5fd-8223-daee-b253-0539c1d4ce29,AM0951,دولاب حمام -80 سم,3,380.000,1140.000,310001678
6112c9f2-11c3-b9af-2694-889ad8097df1,8cbbc5fd-8223-daee-b253-0539c1d4ce29,VS10952,حوض وجه معلق -80 سم,3,220.000,660.000,310001679
48bea8b0-3896-1794-1dd9-c955f96b0573,8cbbc5fd-8223-daee-b253-0539c1d4ce29,AM40953,مراية دولاب حمام 80 سم,3,200.000,600.000,310001680
28e6e6c3-e716-7a15-44e1-0e5153f5b4cf,8cbbc5fd-8223-daee-b253-0539c1d4ce29,AM0955,دولاب حمام -70 سم,10,300.000,3000.000,310001681
81f4d286-3a53-a2d3-c762-8f4c089d04d2,8cbbc5fd-8223-daee-b253-0539c1d4ce29,VS10956,حوض وجه معلق -70 سم,10,250.000,2500.000,310001682
a5a1541b-dc02-7d1c-dd0a-3d02904594a8,8cbbc5fd-8223-daee-b253-0539c1d4ce29,AM40957,مراية دولاب حمام 70 سم,10,150.000,1500.000,310001683
2a6b8955-28a2-f50a-f332-b74406556606,8cbbc5fd-8223-daee-b253-0539c1d4ce29,AM0959,دولاب حمام -70 سم,5,300.000,1500.000,310001684
c570d0b2-6b45-b3ed-bdaf-3710e753f35e,8cbbc5fd-8223-daee-b253-0539c1d4ce29,VS10960,حوض وجه معلق -70 سم,5,250.000,1250.000,310001685
c9c3d28c-b719-e73e-25c8-3d65903ebfc5,8cbbc5fd-8223-daee-b253-0539c1d4ce29,AM40961,مراية دولاب حمام 70 سم,5,150.000,750.000,310001686
c1983a17-1c21-a04d-6c02-7ea4b4ad1950,8cbbc5fd-8223-daee-b253-0539c1d4ce29,AM0963,دولاب حمام -70 سم,6,300.000,1800.000,310001687
71968604-2da7-abf3-612d-0696a769a839,8cbbc5fd-8223-daee-b253-0539c1d4ce29,VS10964,حوض وجه معلق -70 سم,6,250.000,1500.000,310001688
3cbb6dcb-51f2-f7d4-b5d6-803f91bdd9f2,8cbbc5fd-8223-daee-b253-0539c1d4ce29,AM40965,مراية دولاب حمام 70 سم,6,150.000,900.000,310001689
78dadc17-f28e-e9a6-f7dd-531a354d94b8,8cbbc5fd-8223-daee-b253-0539c1d4ce29,AM0967,دولاب حمام -60 سم,10,310.000,3100.000,310001690
971fa337-d15f-5a98-5945-9e146f4e5b1b,8cbbc5fd-8223-daee-b253-0539c1d4ce29,VS10968,حوض وجه معلق -60 سم,10,250.000,2500.000,310001691
24b16cc4-9074-7923-5de1-696efd51f5c4,8cbbc5fd-8223-daee-b253-0539c1d4ce29,AM40969,مراية دولاب حمام 60 سم,10,150.000,1500.000,310001692
94bcc619-f74b-86d7-c891-5580fc0c14aa,8cbbc5fd-8223-daee-b253-0539c1d4ce29,AM0971,دولاب حمام -60 سم,10,310.000,3100.000,310001693
340a52d4-1242-5bb7-b8ed-c55c3317003b,8cbbc5fd-8223-daee-b253-0539c1d4ce29,VS10972,حوض وجه معلق -60 سم,10,250.000,2500.000,310001694
5de28d17-a24a-6951-8388-e68e8e44b813,8cbbc5fd-8223-daee-b253-0539c1d4ce29,AM40973,مراية دولاب حمام 60 سم,10,150.000,1500.000,310001695
33fdb285-1159-9ce8-bab6-a74812123232,8cbbc5fd-8223-daee-b253-0539c1d4ce29,AM0975,دولاب حمام -60 سم,10,310.000,3100.000,310001696
8bc8faa3-b288-6217-5b71-337e89ee329e,8cbbc5fd-8223-daee-b253-0539c1d4ce29,VS10976,حوض وجه معلق -60 سم,10,250.000,2500.000,310001697
c97fc03e-4b30-a5a4-4dad-e76eac27c6e3,8cbbc5fd-8223-daee-b253-0539c1d4ce29,AM40977,مراية دولاب حمام 60 سم,10,150.000,1500.000,310001698
ceaa65cf-d303-bb49-d603-4a37e6d78e1f,d6cc9d63-4cfa-145c-721c-8fa4d207eb36,PD20786,حاجز دوش 10مم اطار كروم مضبب 90 سم,3,620.000,1860.000,210002334
5fd00d11-5e6f-6f47-2172-9b55e6f6dd7a,1054fbd0-3bf2-97b5-65d9-0fb4d911867e,ARSB80914,شطاف ظغط دائري مع طوبو كروم,12,45.000,540.000,310001116
905b2b76-58f6-7b1f-f822-a351f255c365,1054fbd0-3bf2-97b5-65d9-0fb4d911867e,LG40770,حوض كواريون كوارتز80سم أسود,3,400.000,1200.000,310001699
8d94b585-b093-41d7-869c-61b5eb0270c4,1054fbd0-3bf2-97b5-65d9-0fb4d911867e,EG40771,رف كواريون كوارتز 80سم أسود,3,270.000,810.000,310001700
9ac1b54f-7323-0473-a69b-caed2e771f21,1054fbd0-3bf2-97b5-65d9-0fb4d911867e,ML30775,مرايا حمام مع إضاءة لد 60*80 سم عرض,3,100.000,300.000,310001701
61ff4b0e-539c-e4cb-4972-ebbf265136a5,0af9910c-d70d-6c9a-65cf-6f6c0441c88b,AM40227,مراية دولاب حمام -70 سم,1,94.000,94.000,310001706
5d4ebc69-11ac-7df5-6750-8be322dbbe4b,0af9910c-d70d-6c9a-65cf-6f6c0441c88b,EG40347,رف حوض وجه برسلين 80 سم,1,60.000,60.000,310001708
dd5034a5-b686-35b7-fa58-7d8347e3d7df,0af9910c-d70d-6c9a-65cf-6f6c0441c88b,LG40319,حوض وجه برسلين مشطوف 80 سم,1,500.000,500.000,310001709
fb9c6781-6847-a0bc-c229-72f174934af5,0af9910c-d70d-6c9a-65cf-6f6c0441c88b,EG40392,رف حوض وجه برسلين 80 سم,1,60.000,60.000,310001710
e1f170d9-21cf-25fa-7bed-a3a3a1fcd596,0af9910c-d70d-6c9a-65cf-6f6c0441c88b,LG40391,حوض وجه برسلين 80 سم,1,400.000,400.000,310001711
7f98f761-0359-3723-23ac-b4d029259c6d,0af9910c-d70d-6c9a-65cf-6f6c0441c88b,EG40372,رف حوض وجه برسلين 80 سم,1,85.000,85.000,310001712
c1971615-4051-26a9-6c39-247e073dfeff,0af9910c-d70d-6c9a-65cf-6f6c0441c88b,LG40400,حوض وجه برسلين 80 سم,1,400.000,400.000,310001713
e865e209-4535-139b-bdef-7e0c834873c4,ed076204-fc9b-321b-79c2-d03065f83759,ALVM50821,رأس سيفوني كروم,3,95.000,285.000,310000314
f153ae36-78f9-078c-cef3-d29d421d05a3,ed076204-fc9b-321b-79c2-d03065f83759,ART0005,مصب دوش مع تحويلة كروم,3,215.000,645.000,310000315
f24393c9-6a87-b154-0e15-2b48c672d187,ed076204-fc9b-321b-79c2-d03065f83759,ML10822,خلاط حوض وجه أسود,5,85.000,425.000,310000316
c82a1f2a-c52d-334c-ed1e-6feebd8ca924,f0e963c6-7683-17d1-3803-a41fbdd0a198,VS10827,حوض وجه معلق -80 * 45 سم,2,320.000,640.000,310000317
3f7ca87f-7ce6-7bb7-3180-3479b7b64222,1054fbd0-3bf2-97b5-65d9-0fb4d911867e,CD40754,مسطرة دوش زوجية اسود,5,105.000,525.000,310001195
f4da400c-d495-e8a2-bdd7-05699e71c44e,1054fbd0-3bf2-97b5-65d9-0fb4d911867e,LG40773,حوض كواريون كوارتز 60سم,3,380.000,1140.000,310001702
f17ecc8f-2b1d-1c25-7506-37337fc53df2,1054fbd0-3bf2-97b5-65d9-0fb4d911867e,EG40774,رف كواريون كوارتز 60سم,3,250.000,750.000,310001703
43f62bef-095f-aef4-2142-cc3235e2fbd4,1054fbd0-3bf2-97b5-65d9-0fb4d911867e,ML30763,مرايا حمام مع إضاءة لد 60*60 سم,3,90.000,270.000,310001704
8fd31eae-d360-af3b-5d11-41b79ada9e3e,0af9910c-d70d-6c9a-65cf-6f6c0441c88b,EG40082,رف حوض وجه برسلين 90 سم,1,145.000,145.000,310001715
e206d586-4b47-6c20-d7e8-69096bcb3a25,0af9910c-d70d-6c9a-65cf-6f6c0441c88b,EG40359,رف حوض وجه برسلين 65 سم,1,60.000,60.000,310001717
840ee5c4-4e9a-842e-46e1-8e7347165297,0af9910c-d70d-6c9a-65cf-6f6c0441c88b,LG40331,حوض وجه برسلين 65 سم,1,400.000,400.000,310001718
6f38e67f-63ae-0586-402e-a8be52d52e86,0af9910c-d70d-6c9a-65cf-6f6c0441c88b,AB10420,خزانة حمام 120*24*20,1,100.000,100.000,310001719
41c664f1-5285-0d7d-416f-1ef31f1c931c,0af9910c-d70d-6c9a-65cf-6f6c0441c88b,AM0421,حوض وجه مع دولاب حمام -80 سم,1,600.000,600.000,310001720
517d5f95-a4cb-ae53-5cce-3f0d2e00295c,0af9910c-d70d-6c9a-65cf-6f6c0441c88b,VS10140,حوض وجه معلق -90 سم,1,300.000,300.000,310001722
910ba8e5-0a86-b66c-f883-017d429a22e9,0af9910c-d70d-6c9a-65cf-6f6c0441c88b,EG40346,رف حوض وجه برسلين 80 سم,1,60.000,60.000,310001724
bc6d2e5b-74e2-7fcd-fd6c-dcd27f0bec50,0af9910c-d70d-6c9a-65cf-6f6c0441c88b,ML30121,مرايا حمام مع إضاءة لد 90 سم,1,240.000,240.000,310001725
9b459102-84f3-fae0-388b-49a662dbace1,0af9910c-d70d-6c9a-65cf-6f6c0441c88b,VP20119,حوض وجه فوق الرخام 100 سم أبيض,1,350.000,350.000,310001726
7d28409c-b69a-bb27-2bc6-14db68d7bb0e,0af9910c-d70d-6c9a-65cf-6f6c0441c88b,AM0120,دولاب حمام 100 سم أبيض,1,700.000,700.000,310001727
ffc9a82a-bed5-f945-1844-86b88669871d,0af9910c-d70d-6c9a-65cf-6f6c0441c88b,EG40446,رف حوض وجه برسلين 65 سم,1,30.000,30.000,310001728
ba95b713-c5b7-e195-52d8-7e2d3db7cb6f,0af9910c-d70d-6c9a-65cf-6f6c0441c88b,LG40445,حوض وجه برسلين 80 سم,1,400.000,400.000,310001729
a34abac8-09b1-1f99-00fb-ad36f14d68a2,0af9910c-d70d-6c9a-65cf-6f6c0441c88b,EG40351,رف حوض وجه برسلين 80 سم,1,60.000,60.000,310001730
c6e1785c-74a0-c549-8df2-c7521a211938,0af9910c-d70d-6c9a-65cf-6f6c0441c88b,LG40322,حوض وجه برسلين 80 سم,1,400.000,400.000,310001731
0f1395fd-be9e-bb67-4b32-0ec294355ebd,0af9910c-d70d-6c9a-65cf-6f6c0441c88b,AM0411,حوض وجه مع دولاب حمام -80 سم,1,600.000,600.000,310001732
9c2d3093-4b95-f3bb-5247-f6c606f62ffd,0af9910c-d70d-6c9a-65cf-6f6c0441c88b,AB10412,خزانة حمام 120*24*20,1,80.000,80.000,310001733
e8cc3406-afca-90f3-e4e6-ed3f379dcd4c,0af9910c-d70d-6c9a-65cf-6f6c0441c88b,ML30413,مرايا حمام مع إضاءة لد 80*60 سم,1,50.000,50.000,310001734
8d9f4320-5d7e-cb2f-a63f-75c0cd267992,0af9910c-d70d-6c9a-65cf-6f6c0441c88b,EG40150,رف حوض وجه برسلين 80 سم,1,185.000,185.000,310001735
81150f5a-5dc2-ad64-dcd1-5d89ee91c14b,0af9910c-d70d-6c9a-65cf-6f6c0441c88b,EG40375,رف حوض وجه برسلين 80 سم,1,85.000,85.000,310001737
3e5d58de-3017-e95d-edbb-51be89dd65a4,0af9910c-d70d-6c9a-65cf-6f6c0441c88b,LG40374,حوض وجه برسلين 80 سم,1,400.000,400.000,310001738
1c942716-a361-73fa-29e5-84c71eb7715b,0af9910c-d70d-6c9a-65cf-6f6c0441c88b,AM0185,حوض وجه مع دولاب حمام -60 سم,1,308.000,308.000,310001739
a66d3d58-6e29-fdb2-779c-84b832262def,0af9910c-d70d-6c9a-65cf-6f6c0441c88b,AM40193,مراية دولاب حمام -60 سم,1,100.000,100.000,310001740
99594656-a4f2-d8da-fab0-acb74770c6ce,0af9910c-d70d-6c9a-65cf-6f6c0441c88b,AM40194,مراية دولاب حمام -60 سم,1,100.000,100.000,310001741
5031bc1a-2f10-3660-b367-3eeb2a7fa8a2,0af9910c-d70d-6c9a-65cf-6f6c0441c88b,AM0184,حوض وجه مع دولاب حمام -60 سم,1,380.000,380.000,310001742
40fcebd6-9e3d-d9d5-745c-08f8c7c9e2f4,0af9910c-d70d-6c9a-65cf-6f6c0441c88b,EG40352,رف حوض وجه برسلين 80 سم,1,70.000,70.000,310001743
28ad5349-313f-4374-51e7-b9013959f7a6,0af9910c-d70d-6c9a-65cf-6f6c0441c88b,ML30115,مرايا حمام مع إضاءة لد 100*80 سم,1,200.000,200.000,310001747
b9c2d564-992d-0723-4bba-98216f589f49,0af9910c-d70d-6c9a-65cf-6f6c0441c88b,VP20118,حوض وجه فوق الرخام 100 سم أبيض,1,200.000,200.000,310001748
728c5da4-be6b-f528-88ef-1d59dd1cf50c,0af9910c-d70d-6c9a-65cf-6f6c0441c88b,EG40358,رف حوض وجه برسلين 65 سم,1,60.000,60.000,310001749
2fa65b61-983a-bb14-e6ba-654faa3a2359,0af9910c-d70d-6c9a-65cf-6f6c0441c88b,LG40324,حوض وجه برسلين 65 سم,1,400.000,400.000,310001750
203602a6-3eb5-5043-83ec-0a83053b30de,0af9910c-d70d-6c9a-65cf-6f6c0441c88b,AM40226,مراية دولاب حمام -70 سم,1,90.000,90.000,310001752
c3dfdd80-7c17-1f29-1fa0-9cbdb5abd62b,0af9910c-d70d-6c9a-65cf-6f6c0441c88b,ML30137,مرايا حمام مع إضاءة لد 100*80 سم,1,195.000,195.000,310001753
356ef38f-cacc-eb8a-63f9-85d26009d08a,0af9910c-d70d-6c9a-65cf-6f6c0441c88b,VS10136,حوض وجه معلق -100 سم,1,300.000,300.000,310001754
8d3ba6ba-43c7-e2be-d5fa-20b3044068a7,0af9910c-d70d-6c9a-65cf-6f6c0441c88b,AM0135,دولاب حمام 100 سم أبيض,1,600.000,600.000,310001755
9204daff-79ba-6554-290e-558fec1a6b80,0af9910c-d70d-6c9a-65cf-6f6c0441c88b,LG40320,حوض وجه برسلين مشطوف 80 سم,1,500.000,500.000,310001756
2f09d7ec-a5c1-b627-49c3-d78f3af18de8,0af9910c-d70d-6c9a-65cf-6f6c0441c88b,EG40348,رف حوض وجه برسلين 80 سم,1,60.000,60.000,310001757
da755abe-18af-ade4-559f-230159ae21ab,0af9910c-d70d-6c9a-65cf-6f6c0441c88b,AB10113,خزانة حمام أبيض,1,255.000,255.000,310001758
23ad4398-6ea3-e1e2-0da4-e54943efa035,0af9910c-d70d-6c9a-65cf-6f6c0441c88b,EG40371,رف حوض وجه برسلين 80 سم,1,80.000,80.000,310001761
d56f4107-03bf-97fa-b27d-65a68262551a,0af9910c-d70d-6c9a-65cf-6f6c0441c88b,LG40375,حوض وجه برسلين مشطوف 80 سم,1,500.000,500.000,310001762
78e9d7df-bf22-ee2c-08e4-661c5aa1bfe6,0af9910c-d70d-6c9a-65cf-6f6c0441c88b,AB10110,خزانة حمام أبيض,1,255.000,255.000,310001763
ca13c670-19fb-7b29-1d4a-c87e26351f95,0af9910c-d70d-6c9a-65cf-6f6c0441c88b,AM0111,حوض وجه مع دولاب حمام -80 سم,1,600.000,600.000,310001765
96100821-9a2d-c2e7-2491-bd2dd156f43f,0af9910c-d70d-6c9a-65cf-6f6c0441c88b,AM0106,حوض وجه مع دولاب حمام -80 سم,1,600.000,600.000,310001768
28184121-f741-ce64-d620-2033bae1e750,0af9910c-d70d-6c9a-65cf-6f6c0441c88b,LG40341,حوض وجه برسلين مشطوف 80 سم,1,400.000,400.000,310001770
fe6dce1a-c1c4-7acb-bc48-6365d91636d9,0af9910c-d70d-6c9a-65cf-6f6c0441c88b,VS10454,حوض وجه معلق 100 سم,1,310.000,310.000,310001771
7a8ca41f-a6d0-f43e-c36e-a1b4b1fefad4,0af9910c-d70d-6c9a-65cf-6f6c0441c88b,AM40452,مراية دولاب حمام 100 سم,1,700.000,700.000,310001772
a8fc7b8e-7555-3439-79eb-c5acc230e00a,0af9910c-d70d-6c9a-65cf-6f6c0441c88b,AM0450,دولاب حمام 100 سم,1,1600.000,1600.000,310001773
3e3ddab8-8f0c-1acb-ad12-c912f5d408b4,0af9910c-d70d-6c9a-65cf-6f6c0441c88b,EG40342,رف حوض وجه برسلين 80 سم,1,60.000,60.000,310001774
0a6b85a0-a679-303e-d3de-c6c0664591e0,0af9910c-d70d-6c9a-65cf-6f6c0441c88b,LG40315,حوض وجه برسلين مشطوف 80 سم,1,500.000,500.000,310001775
1e4312af-ed1e-5af6-d8db-9ec69f834ece,0af9910c-d70d-6c9a-65cf-6f6c0441c88b,LG40147,حوض وجه برسلين 100 سم,1,400.000,400.000,310001776
3a78d6bd-2033-d557-ce3c-5a36772cd50e,0af9910c-d70d-6c9a-65cf-6f6c0441c88b,EG40149,رف حوض وجه برسلين 100 سم,1,125.000,125.000,310001777
231669d5-4bee-3330-f517-8a3ce7b1a781,0af9910c-d70d-6c9a-65cf-6f6c0441c88b,LG40368,حوض وجه برسلين مشطوف 80 سم,1,400.000,400.000,310001778
33d0f0d0-ee3e-b4e6-22a7-f300eb51131b,0af9910c-d70d-6c9a-65cf-6f6c0441c88b,EG40373,رف حوض وجه برسلين 80 سم,1,185.000,185.000,310001779
a64a4d8e-7684-04eb-129d-ed08f241a637,0af9910c-d70d-6c9a-65cf-6f6c0441c88b,EG40370,رف حوض وجه برسلين 80 سم,1,185.000,185.000,310001780
f9030194-4a12-399a-ef0f-0b2b2a5f4a9c,0af9910c-d70d-6c9a-65cf-6f6c0441c88b,LG40318,حوض وجه برسلين مشطوف 80 سم,1,500.000,500.000,310001782
9ea676ea-8afe-67f6-c197-e09a6db649fd,0af9910c-d70d-6c9a-65cf-6f6c0441c88b,LG40329,حوض وجه برسلين 80 سم,1,400.000,400.000,310001784
b2246d4b-a63f-4a4f-4d72-212fb3f3d117,0af9910c-d70d-6c9a-65cf-6f6c0441c88b,EG40353,رف حوض وجه برسلين 80 سم,1,70.000,70.000,310001785
75b2ddf6-4f89-8ce2-51af-059e43b1ed6d,0af9910c-d70d-6c9a-65cf-6f6c0441c88b,AM0112,حوض وجه مع دولاب حمام -80 سم,1,625.000,625.000,310001786
06f4bca0-db19-f0e0-0a87-d8d32161c6e7,0af9910c-d70d-6c9a-65cf-6f6c0441c88b,ML30114,مرايا حمام مع إضاءة لد 80*60 سم,1,100.000,100.000,310001787
830d6eee-95af-782d-7842-42995746f770,0af9910c-d70d-6c9a-65cf-6f6c0441c88b,AB10104,خزانة حمام أبيض,1,250.000,250.000,310001788
38df8f6d-7d13-8d31-b335-d75c497f265d,0af9910c-d70d-6c9a-65cf-6f6c0441c88b,AM0103,دولاب حمام 80 سم أبيض,1,500.000,500.000,310001789
9c0051fc-20b2-9dce-0421-2de4a9d0ca56,0af9910c-d70d-6c9a-65cf-6f6c0441c88b,VP20102,حوض وجه فوق الرخام أبيض,1,95.000,95.000,310001790
c7309bb7-4278-3147-cf6d-81c546d672d2,0af9910c-d70d-6c9a-65cf-6f6c0441c88b,ML30105,مرايا حمام مع إضاءة لد 80*60 سم,1,130.000,130.000,310001791
e95e7bc6-eb95-e3b4-9eec-4a9198e8a28f,0af9910c-d70d-6c9a-65cf-6f6c0441c88b,LG40330,حوض وجه برسلين 65 سم,1,400.000,400.000,310001792
a217b0e8-c999-b6a9-a903-4c825f98cbad,0af9910c-d70d-6c9a-65cf-6f6c0441c88b,EG40355,رف حوض وجه برسلين 65 سم,1,60.000,60.000,310001793
0bd3dfbc-7e1a-9e17-585d-7f003a9ee7e6,0af9910c-d70d-6c9a-65cf-6f6c0441c88b,AM0416,حوض وجه مع دولاب حمام -80 سم,1,600.000,600.000,310001794
463fc140-6e4b-468d-c782-60b5d3554121,0af9910c-d70d-6c9a-65cf-6f6c0441c88b,ML30418,مرايا حمام مع إضاءة لد 80*60 سم,1,80.000,80.000,310001795
aceed65b-cc94-110b-f098-eb9e60d7010b,0af9910c-d70d-6c9a-65cf-6f6c0441c88b,AB10417,خزانة حمام 120*24*20,1,100.000,100.000,310001796
451a936c-208f-1a2c-b45c-c4f858b031b2,0af9910c-d70d-6c9a-65cf-6f6c0441c88b,LG40394,حوض وجه برسلين 80 سم,1,400.000,400.000,310001797
a175da51-cc16-4a2b-1070-da45dcc1e607,0af9910c-d70d-6c9a-65cf-6f6c0441c88b,EG40395,رف حوض وجه برسلين 80 سم,1,60.000,60.000,310001798
a72e76b7-8670-8e2a-d7d2-374adc043fa4,0af9910c-d70d-6c9a-65cf-6f6c0441c88b,EG40356,رف حوض وجه برسلين 60 سم,1,60.000,60.000,310001799
9c543625-af50-228b-6206-726660f7371e,0af9910c-d70d-6c9a-65cf-6f6c0441c88b,LG40361,حوض وجه برسلين 60 سم,1,400.000,400.000,310001800
cf1407e3-9fc4-a147-e915-db62d47857d9,0af9910c-d70d-6c9a-65cf-6f6c0441c88b,EG40349,رف حوض وجه برسلين 80 سم,1,60.000,60.000,310001801
ecabf432-67d2-d036-4bd9-994042691165,0af9910c-d70d-6c9a-65cf-6f6c0441c88b,LG40326,حوض وجه برسلين مشطوف 80 سم,1,500.000,500.000,310001802
50ce3ae7-9e87-562d-ebd6-f7a7b2e4a80f,f2cc1cd1-e666-2223-df39-14fe0dff5e6d,CD40449,مسطرة دوش زوجية كروم,5,135.000,675.000,310000430
8d2657ad-95f8-473a-e73b-2b246d294aa3,f2cc1cd1-e666-2223-df39-14fe0dff5e6d,ATWC50450,غطاء خزان,1,30.000,30.000,310000431
ae378f02-ed2a-0799-74f2-2ed533dd2efe,99b70c72-5d15-6c7b-f85b-26fff822c04b,MC10642,مجرى 50سم *3 سم كروم,60,120.000,7200.000,310000717
543163e3-7c35-937a-7734-e3be76637926,99b70c72-5d15-6c7b-f85b-26fff822c04b,CD40631,مسطرة دوش زوجية مع خلاط دجتل رصاصي,10,300.000,3000.000,310000707
0f3dc95e-cc87-f78f-2ba0-434ed8ba28da,0af9910c-d70d-6c9a-65cf-6f6c0441c88b,VS10219,عمود حوض وجه سداسي أرضي أبيض,1,45.000,45.000,310001705
cb2a9b9c-db96-39ad-a661-4de59744855c,0af9910c-d70d-6c9a-65cf-6f6c0441c88b,AM0182,حوض وجه مع دولاب حمام -80 سم,1,460.000,460.000,310001707
722c4e70-e624-7e3e-8d40-106f2feeea28,0af9910c-d70d-6c9a-65cf-6f6c0441c88b,AM0183,حوض وجه مع دولاب حمام -80 سم,1,380.000,380.000,310001751
3d66973e-0582-e844-c68b-787870d59a52,0af9910c-d70d-6c9a-65cf-6f6c0441c88b,LG40155,حوض وجه برسلين مشطوف لد 80 سم,1,500.000,500.000,310001759
14897778-2649-aef6-e0ee-5c846b3f29fa,0af9910c-d70d-6c9a-65cf-6f6c0441c88b,EG40156,رف حوض وجه برسلين 80 سم,1,95.000,95.000,310001760
5823c34c-51f6-d06b-25f3-6cec1954d248,0af9910c-d70d-6c9a-65cf-6f6c0441c88b,ML30108,مرايا حمام مع إضاءة لد 80*60 سم,1,100.000,100.000,310001766
bbe7d3ee-75a1-46c9-42ec-9a08534c8408,0af9910c-d70d-6c9a-65cf-6f6c0441c88b,AB10107,خزانة حمام أبيض,1,255.000,255.000,310001767
916c5c23-b506-55a8-ce4a-1ef930eada7b,0af9910c-d70d-6c9a-65cf-6f6c0441c88b,EG40354,رف حوض وجه برسلين 80 سم,1,60.000,60.000,310001769
54a29cb0-30b2-6e3e-efb4-9d1675e142d4,0af9910c-d70d-6c9a-65cf-6f6c0441c88b,LG40369,حوض وجه برسلين مشطوف 80 سم,1,400.000,400.000,310001781
bbb54b8f-9653-8f7c-f7e4-ab291212aef9,0af9910c-d70d-6c9a-65cf-6f6c0441c88b,EG40345,رف حوض وجه برسلين 80 سم,1,60.000,60.000,310001783
6be81854-2a82-a147-20c7-39b84a46d729,0af9910c-d70d-6c9a-65cf-6f6c0441c88b,LG40323,حوض وجه برسلين 65 سم,1,400.000,400.000,310001803
ef59b369-6b38-ae36-0a08-eaf5c69df21c,919c7698-36fa-7025-ba4f-aa90c66507d2,SA10758,طقم اكسسوار كروم,5,75.000,375.000,310000231
871f848e-2e0b-f815-ea37-d10ec31598a9,919c7698-36fa-7025-ba4f-aa90c66507d2,ML10761,خلاط حوض وجه كروم,5,250.000,1250.000,310000234
330b6e4d-1a9d-8818-fee2-2805f1b1e841,0af9910c-d70d-6c9a-65cf-6f6c0441c88b,LG40081,قاعدة حوض وجه برسلين 90 سم,1,200.000,200.000,310001714
da75ce19-473b-19cd-44a6-73ce80eb0b17,0af9910c-d70d-6c9a-65cf-6f6c0441c88b,VP20786,حوض وجه فوق الرخام أبيض,1,175.000,175.000,310001716
e0cd49aa-5002-31bc-fc37-cd7a22a49a28,0af9910c-d70d-6c9a-65cf-6f6c0441c88b,ML30422,مرايا حمام مع إضاءة لد 80*60 سم,1,80.000,80.000,310001721
3c8ef352-fc23-f217-4a93-1f899966f4e1,0af9910c-d70d-6c9a-65cf-6f6c0441c88b,LG40325,حوض وجه برسلين مشطوف 80 سم,1,500.000,500.000,310001723
a8bb6b81-a202-c9ad-eb14-2c3fe9395a9f,0af9910c-d70d-6c9a-65cf-6f6c0441c88b,LG40149,حوض وجه برسلين مشطوف 80 سم,1,400.000,400.000,310001736
2d127bb8-525a-6390-f75b-79725a0fb96c,0af9910c-d70d-6c9a-65cf-6f6c0441c88b,LG40328,حوض وجه برسلين 80 سم,1,400.000,400.000,310001744
0b3d1923-79a7-506e-7c3c-830ffd4e86f5,0af9910c-d70d-6c9a-65cf-6f6c0441c88b,AM0117,دولاب حمام 100 سم أبيض,1,430.000,430.000,310001745
4a3359f9-0fc1-a2f4-6535-83f36208de00,0af9910c-d70d-6c9a-65cf-6f6c0441c88b,AB10116,خزانة حمام أبيض,1,250.000,250.000,310001746
8177c124-9446-2f78-5ff1-feed7160a006,0af9910c-d70d-6c9a-65cf-6f6c0441c88b,ML30109,مرايا حمام مع إضاءة لد 80*60 سم,1,100.000,100.000,310001764
62324dff-d97a-24cc-2873-a55bb9cbbf18,0af9910c-d70d-6c9a-65cf-6f6c0441c88b,EG40360,رف حوض وجه برسلين 65 سم,1,40.000,40.000,310001804
38a255a0-55a0-5b05-0b2c-0bf719007676,49fbfab0-5d5f-adbe-22a7-a5775c2597a2,AASB30473,رف زاوية ثلاثي كروم,6,45.000,270.000,310000472
cb8c8aa8-935c-45d8-b15a-bb3f135649fc,71477cd7-594f-dd7f-1099-6d3e8ac93267,CE10261,سخانة 30 لتر,3,545.000,1635.000,310000461
fe163d38-805e-12de-c132-fda7cdfa812e,71477cd7-594f-dd7f-1099-6d3e8ac93267,ARSB80408,شطاف ظغط مربع مع طوبو كروم,7,55.000,385.000,310000463
4c8d2e14-6523-c68c-0391-1ca3481c5951,71477cd7-594f-dd7f-1099-6d3e8ac93267,ME10457,خلاط حوض المطبخ شجرة كروم,5,173.000,865.000,310000465
996051cd-58d0-8e00-bb68-0c9f4e4b5b82,71477cd7-594f-dd7f-1099-6d3e8ac93267,ARSB80468,"مسكر شطافة دبل ""1/2"" * ""1/2 كروم",6,53.500,321.000,310000466
e8c121a7-02de-5480-741e-abc6d8891611,fb0dc766-d101-4d1d-734a-ce15bb0e5e23,PLSA0420,"مخفض طاسة ""1/2 ""3/8 كروم",6,5.000,30.000,310000357
f9fa6734-67d6-72a8-5536-b26d86f433e2,ae8a1f9a-c22c-77d8-4449-ef07b633eed1,ARSB80031,شطاف ظغط دائري طتش مع طوبو كروم,6,135.000,810.000,310001597
792304dc-553f-c0ce-0509-e7def8afd7b6,ae8a1f9a-c22c-77d8-4449-ef07b633eed1,ARSB80781,شطاف ظغط مربع كبيرمع طوبو كروم,10,168.000,1680.000,310001598
80cb5151-47be-e871-262d-36ccb70f07a9,75532201-d909-043a-eed8-79bed0d48601,AETS20004,تفلون 19 مم * 15 متر * 0.20 مم,48,5.400,259.200,310001809
cde8ebd3-5515-3c23-5f32-c8c93dc0069f,c286f034-4d30-53e1-2146-e94447af7796,ARSB80984,"مسكر شطافة ""1/2"" * ""1/2 كروم",30,33.000,990.000,310001810
b1c0052e-fa63-9c2e-9fe5-3532a3d3b66f,9aa484ca-5b8c-d654-502d-b634a4862d71,LG40981,حوض كواريون كوارتز100سم أبيض,6,400.000,2400.000,310001806
ebf9cae7-608c-ca41-530a-2a4e17dd167d,9aa484ca-5b8c-d654-502d-b634a4862d71,EG40982,رف كواريون كوارتز 100سم أبيض,6,280.000,1680.000,310001807
013b320d-6123-7503-378d-d9e717ac0a41,fa514560-8a94-7391-0dc9-593ddf507dae,PD20783,حاجز دوش 10مم اطار كروم مضبب 70 سم,5,565.000,2825.000,310001310
045edfb1-4d92-787d-423a-6b182e0f8dd7,c9038f6f-34b7-14b7-5942-5a3a991e7ba7,ML10247,خلاط حوض وجه اسود,6,100.000,600.000,310001316
56c38d5d-82d3-e215-6966-e2d59968464f,5fd03ab7-bfa7-0ead-274b-bcf25476ab89,EL10985,حوض مطبخ ستانلس ستيل   304 45 *44 سم,3,365.000,1095.000,310001812
1921e31a-403f-0596-a5eb-683639d8a7f8,2ea21945-ddde-adcb-e652-27f03fa61db7,MD20785,خلاط دوش كروم,35,100.000,3500.000,310001336
06f286f1-282d-9ff2-f9c1-d2b3b04aa819,2f89053a-5b6a-47ed-279c-e17c693745b4,EG40796,رف كواريون كوارتزأبيض 60سم,5,200.000,1000.000,310001340
d63d7bcb-d878-abfe-3150-ea6bd87f0067,71477cd7-594f-dd7f-1099-6d3e8ac93267,MT30469,خلاط شطاف كروم,5,125.000,625.000,310000467
5d0d78e6-73b0-6f9e-af49-43bd954dcf94,fc1d12db-ea07-a1cd-d96a-f85f2e8d58bc,SI10138,سلكون  280 غرام أبيض التاج,24,7.708,184.992,310001297
1c09732b-f4bd-eec9-c51e-3fea86162e41,5fd03ab7-bfa7-0ead-274b-bcf25476ab89,PS20532,علاقة مناشف زوجية ذهبي,4,110.000,440.000,310001813
75cd02c7-d5e8-8175-449c-73fbd5a719d0,1054fbd0-3bf2-97b5-65d9-0fb4d911867e,AASB30341,حاملة منظفات زوجي كروم,12,105.000,1260.000,310001209
4325cc89-e7f7-337a-0fbf-592fd3a3c26b,ae8a1f9a-c22c-77d8-4449-ef07b633eed1,ARSB80324,كسكاس دوش مربع 250*250 مم مع قصبة كروم,20,385.000,7700.000,310001595
c0f095e1-c8e4-959e-794a-d7839eed953d,ae8a1f9a-c22c-77d8-4449-ef07b633eed1,ARSB80979,مصب دوش مربع بالتحويله أسود,4,760.000,3040.000,310001805
62aa2a5d-be33-fe89-f89e-48a9dda8ecbb,68354a74-6c84-e8f9-c6bd-1f77b955734d,MC10990,مجرى 40 سم *6 سم كروم,12,185.000,2220.000,310001818
09a28105-ff57-e411-f985-53eaba7891b0,c9038f6f-34b7-14b7-5942-5a3a991e7ba7,ARSB80139,شطاف ظغط دائري مع طوبو كروم,10,98.000,980.000,310001323
cb28a167-5baf-93a2-ae59-61e3fa1126db,c9038f6f-34b7-14b7-5942-5a3a991e7ba7,ARSB80275,كسكاس دوش مربع 250*250 مم مع قصبة كروم,10,120.000,1200.000,310001322
b084ac20-9c73-018a-1ffc-44ebb0617783,c9038f6f-34b7-14b7-5942-5a3a991e7ba7,ARSB80505,مخرج شطاف كروم بالعلاقة,10,75.000,750.000,310001325
f0e286f9-67b9-fdd6-7a36-7b2b9fdd5477,c9038f6f-34b7-14b7-5942-5a3a991e7ba7,ARSB80789,كسكاس دوش مربع 250*250 مم مع قصبة كروم,6,135.000,810.000,310001321
321e90d0-232b-1818-7f45-289b52ae62ea,c9038f6f-34b7-14b7-5942-5a3a991e7ba7,PS20922,علاقة مناشف زوجية كروم,6,130.000,780.000,310001327
75773b8d-5e54-5d31-4e36-1b127166d470,7d4a1095-0aa0-cdfd-54a4-5f69abce1681,MC10413,سرفنتينة 15 سم * 15 سم كروم,50,77.500,3875.000,310001819
6dca4a63-0b20-d13d-3c07-26dd1587d804,1054fbd0-3bf2-97b5-65d9-0fb4d911867e,ARSB80275,كسكاس دوش مربع 250*250 مم مع قصبة كروم,12,95.000,1140.000,310001097
dd96777b-37bf-64c2-029b-03f4deb0a129,5fd03ab7-bfa7-0ead-274b-bcf25476ab89,LG40795,حوض كواريون كوارتزأبيض 60سم,1,450.000,450.000,310001811
6cb97119-9385-2af1-1e3e-2c327408ff82,5fd03ab7-bfa7-0ead-274b-bcf25476ab89,LG40987,حوض كواريون كوارتز80سم أبيض,6,350.000,2100.000,310001814
a6a4124a-2ebf-8fee-e482-6b4ee6a6710a,5fd03ab7-bfa7-0ead-274b-bcf25476ab89,EG40988,رف كواريون كوارتز 80سم أبيض,6,180.000,1080.000,310001815
ff778b9b-36d3-3a34-e354-cb41158287cd,5fd03ab7-bfa7-0ead-274b-bcf25476ab89,ML30989,مرايا حمام مع إضاءة لد-عرض60*80 سم,6,105.000,630.000,310001816
d5cbae88-86e4-37ef-3c05-8f8e367ef712,7d4a1095-0aa0-cdfd-54a4-5f69abce1681,MC10446,مجرى 40 سم *8 سم كروم,15,175.000,2625.000,310001820
142a371f-3d9d-1b5e-9ec9-8bf4f4fb3f8f,7d4a1095-0aa0-cdfd-54a4-5f69abce1681,ARSB80428,كسكاس دوش دائري 250 مم كروم,5,190.000,950.000,310001821
f88dc0d4-beb2-0805-9202-71e627ec4599,5555d222-d554-27fb-7954-d0986055f1fb,PE30036,استوك 18 كغ,50,48.500,2425.000,210002338
fa3cb49c-9936-0ede-732e-2037b413c742,5555d222-d554-27fb-7954-d0986055f1fb,P30113,بدل كورة,5,138.000,690.000,210002339
026ca164-1c1c-c776-1269-87dcf4a1db44,5555d222-d554-27fb-7954-d0986055f1fb,EL50397,لصقة 0.13 مم * 19 مم * 25 متر,20,6.000,120.000,210002340
9a6632da-2ec7-6c55-b8f9-1145d60131b9,5555d222-d554-27fb-7954-d0986055f1fb,EL50398,لصقة 0.13 مم * 19 مم * 25 متر,20,6.000,120.000,210002341
663f00d7-a3c5-ffa6-17d7-5987299d6c75,5555d222-d554-27fb-7954-d0986055f1fb,EL50541,لصقة 0.13 مم * 19 مم * 25 متر,20,6.000,120.000,210002342
7b168a26-1c6d-ede5-ced4-25722160cc4a,5555d222-d554-27fb-7954-d0986055f1fb,SI10138,سلكون  280 غرام أبيض التاج,24,7.290,175.000,210002343
c8d6145a-1451-3150-12bf-f7b121c98eb6,5555d222-d554-27fb-7954-d0986055f1fb,PE30068,طلاء بخاخ داخلي و خارجي أصفر,24,5.720,137.280,210002344
8ff38c9a-d1e1-6eac-e25a-e06ce5cf2d8e,5555d222-d554-27fb-7954-d0986055f1fb,PE30070,طلاء بخاخ داخلي و خارجي بُنِيّ,12,5.720,68.640,210002345
9abf1060-581e-7b40-f721-1e87f877f8f7,5555d222-d554-27fb-7954-d0986055f1fb,PE30066,طلاء بخاخ داخلي و خارجي أسود مطفي,12,5.720,68.640,210002346
ae624215-1ccc-c7e0-01e4-9b949b6f037d,5555d222-d554-27fb-7954-d0986055f1fb,PE30067,طلاء بخاخ داخلي و خارجي أسود لامع,12,5.720,68.647,210002347
905fca33-642b-fe67-0c53-0a962136d40b,5555d222-d554-27fb-7954-d0986055f1fb,PE30542,كولة 500 مل,12,52.500,630.000,210002348
076d149c-2e44-b3a6-c09a-cfaf07427b20,5555d222-d554-27fb-7954-d0986055f1fb,PE30027,طلاء مائي داخلي 20 كغ أبيض,20,87.300,1746.000,210002337
8892de5e-52af-3fbe-789e-c2408f66c86b,5555d222-d554-27fb-7954-d0986055f1fb,PE30040,طلاء مائي مطفي  18 كغ,15,130.950,1964.250,210002335
97a41ada-bdcc-ff8a-6fe2-62f21af5bcc9,5555d222-d554-27fb-7954-d0986055f1fb,PE30037,طلاء مائي داخلي 18 كغ أبيض مطفي,5,139.000,695.000,210002336
86537c15-7cc6-0311-a009-ccc1fd411cf0,c8ec7444-2a45-243a-4ab2-e7be535b559d,ATWC50314,صندوق طرد مدفون بتارية مع زر مربع 9 لتر,7,925.000,6475.000,210002349
3f9474cb-c2a2-5258-1cdc-3980e3dba906,e89499f0-f048-1287-98e5-cdfb50843315,RFP1213,"فسيبلي خلاط مطبخ شجرة (2طرف) ""1/2أنثى 50سم",10,21.500,215.000,210002350
4e2e6219-8b62-7816-cd0a-4842b9a6cfb7,e89499f0-f048-1287-98e5-cdfb50843315,RFP1543,"فسيبلي خلاط مطبخ شجرة (2طرف) ""1/2أنثى 60سم",10,8.250,82.500,210002351
7308d63e-13f7-e950-2466-10e87246e8ae,e89499f0-f048-1287-98e5-cdfb50843315,PE30193,لصقة طلاء 45 مم,216,2.639,570.024,210002352
622c88fb-3191-bd53-d956-b407f07c20ca,e89499f0-f048-1287-98e5-cdfb50843315,PE30021,زمالطو  3 كغ أبيض لامع,8,54.500,436.000,210002353
eff4c316-975d-b197-9053-cb11eeff512a,e89499f0-f048-1287-98e5-cdfb50843315,PE30018,زمالطو  3 كغ أزرق سماوي,8,52.500,420.000,210002354
1ce56cba-2cac-2668-b9ac-dc343ce69e39,e89499f0-f048-1287-98e5-cdfb50843315,PE30544,لصقة دبل فيس 3 سم 5متر,10,5.500,55.000,210002355
268f30a0-4bdd-a864-d0c6-9768a74452b3,e89499f0-f048-1287-98e5-cdfb50843315,RA30067,"طابة مجمع 1.5""",100,3.880,388.000,210002356
23377f96-0ef2-924b-6fa0-eb5ea6ba4cc4,e89499f0-f048-1287-98e5-cdfb50843315,RA30015,"كوربة 2"" - 90°",30,4.365,130.950,210002357
dbd87175-9322-06d4-5453-6c6432411bc8,e89499f0-f048-1287-98e5-cdfb50843315,RA30065,"طابة نهاية خط 3""",30,7.275,218.250,210002358
7883403c-5e31-4f8c-d935-8047b543d77c,e89499f0-f048-1287-98e5-cdfb50843315,RA30011,"كوربة 3"" 45°",40,11.204,448.160,210002359
12827583-c038-c262-a482-02e61f9c8cf5,e89499f0-f048-1287-98e5-cdfb50843315,PLSA0131,"مطول ""1/2* 30 مم كروم",60,13.500,810.000,210002360
9d250cd8-7b18-abcb-7c94-0e6542bcbee7,e89499f0-f048-1287-98e5-cdfb50843315,ACE20242,مثبت سخانة,50,3.500,175.000,210002361
f7af765f-bfe9-9b3c-de24-a4cecfa97c36,e89499f0-f048-1287-98e5-cdfb50843315,PE30545,"سكينة تغليف 3""",12,3.283,39.396,210002362
97d58fa0-c17c-2ade-9cf9-0cfbcb356678,de9fbf55-41e9-cc65-d588-962f18a032dc,ALVM50526,رأس سيفوني كروم,10,14.000,140.000,310000531
69c94e46-9655-46f4-59ac-466b8c42038b,de9fbf55-41e9-cc65-d588-962f18a032dc,ARSB80527,شطاف ظغط دائري مع طوبو أسود,10,33.500,335.000,310000532
6f80e653-ea30-8976-eeff-fffd353d48f8,de9fbf55-41e9-cc65-d588-962f18a032dc,AASB30528,مجفف شعر أسود,6,62.000,372.000,310000533
ba25336f-2693-2219-c0aa-2ad15964ce15,de9fbf55-41e9-cc65-d588-962f18a032dc,AASB30529,مجفف شعر أبيض,6,62.000,372.000,310000534
c44b9124-c5e6-541b-e557-5040e11a863d,de9fbf55-41e9-cc65-d588-962f18a032dc,ML30518,مرايا حمام مع إضاءة لد 50*70 سم اطار اكريلك,6,115.000,690.000,310000524
ff0ecddd-a1d5-e37d-e846-3091acc394b8,49fbfab0-5d5f-adbe-22a7-a5775c2597a2,PS20484,علاقة مناشف زوجية أسود,7,30.000,210.000,310000473
1d645dad-0bcc-918d-370a-7bb7cbfb2dd9,de9fbf55-41e9-cc65-d588-962f18a032dc,ML10520,خلاط حوض وجه  كروم,6,55.000,330.000,310000526
cf02f758-5b5f-ee08-3d10-1b96c215d98c,de9fbf55-41e9-cc65-d588-962f18a032dc,MT30522,خلاط شطاف كروم,4,48.000,192.000,310000527
e56e9a1a-290d-6ac2-3570-b4fe2d8b6a63,e89499f0-f048-1287-98e5-cdfb50843315,RA20034,"سنيسكا 25"" كروم",12,61.000,732.000,210002363
d6405ee6-04fe-6211-6435-adf5c007471e,e89499f0-f048-1287-98e5-cdfb50843315,RA20032,"سنيسكا 32"" ليفة",20,34.587,691.740,210002364
f17a73a6-d42a-a9c0-2564-600df230fa88,cc972dd0-1df3-72f3-2ef6-d6ce1fed9f70,LG40993,حوض مع رف كواريون كوارتز 60سم أبيض,4,670.000,2680.000,310001830
03039f19-aeac-9cea-2e06-9619393a3eec,18ce7d2f-8ece-4934-a748-8c78b3c25a43,MT30927,خلاط شطاف كروم,1,235.000,235.000,310001831
c6709b0d-cd90-a11f-287e-c88a0d71726e,30b33fbe-20b0-eb06-b91b-43a2ab3313fb,ALVM50430,رأس سيفوني رخامي,12,52.000,624.000,310001822
ad81aa88-d1aa-636f-a3b6-22e3a42afe83,30b33fbe-20b0-eb06-b91b-43a2ab3313fb,ML10900,خلاط حوض وجه كروم,5,230.000,1150.000,310001823
a9f95e4d-2b5c-bcef-7749-af7693d047a2,30b33fbe-20b0-eb06-b91b-43a2ab3313fb,ALVM50307,سيفون حوض الوجه كروم,25,145.000,3625.000,310001824
7654c518-b0fe-332f-6c01-7a4dfa4cf5d7,9039ec04-eb73-77a2-dd5d-2e93216ecda6,ALVM50776,رأس سيفوني كروم,20,18.000,360.000,310001825
94c4cd58-99f0-5f99-850f-b9947437f711,9039ec04-eb73-77a2-dd5d-2e93216ecda6,PLSA0523,وردة كروم,50,2.600,130.000,310001826
7aa4dbbd-4731-0156-e8ae-fdcc61504ac5,9039ec04-eb73-77a2-dd5d-2e93216ecda6,RFP1991,"فسيبلي "" 1/2 أنثى * ""1/2 أنثى 50سم",10,18.000,180.000,310001827
b4cb4a30-4492-d39e-2186-087b8c121bfb,5d592c05-d719-8482-be07-8335bee89477,AASB30311,مجفف شعر أبيض,12,99.000,1188.000,310001828
7bf9145e-3e32-b2c0-4fd1-908a91a9818a,c8da6279-4d6b-9201-afe1-496cb81048a9,LG40993,حوض مع رف كواريون كوارتز 60سم أبيض,4,670.000,2680.000,310001829
10f126fc-0742-c8e0-4c39-08fc06753d6e,18ce7d2f-8ece-4934-a748-8c78b3c25a43,ML10994,خلاط حوض وجه كروم,6,350.000,2100.000,310001832
a26b629c-875d-8c7b-8d0a-1180f3d6dbb2,18ce7d2f-8ece-4934-a748-8c78b3c25a43,MT30995,خلاط شطاف كروم,6,235.000,1410.000,310001833
2e4a0d64-ba0c-6114-be2a-a85b8e78fde6,18ce7d2f-8ece-4934-a748-8c78b3c25a43,MD20996,خلاط دوش مع سماعة كروم,6,330.000,1980.000,310001834
e3fead5b-ff47-6a49-fc8c-d690ad6a4b05,14047f97-97a2-04de-bb22-333c802ee192,CD40002,مسطرة دوش زوجية كروم,6,350.000,2100.000,310001837
8551bf8e-f917-786a-2e92-7df45af61491,14047f97-97a2-04de-bb22-333c802ee192,ML10899,خلاط حوض وجه كروم,6,265.000,1590.000,310001838
0e558ed8-f1f1-f5a6-1de1-c776d1f50c13,14047f97-97a2-04de-bb22-333c802ee192,MD20242,خلاط دوش كروم,6,395.000,2370.000,310001835
5b291f52-d57a-3a2a-cfc0-cdc702678d87,14047f97-97a2-04de-bb22-333c802ee192,MT30243,خلاط شطاف كروم,6,295.000,1770.000,310001836
cf6c415a-3fc8-c591-0d00-e57a38999973,14047f97-97a2-04de-bb22-333c802ee192,ML10900,خلاط حوض وجه كروم,6,230.000,1380.000,310001839
442ed930-6850-5438-fe77-614c4f708b0d,aa25bd0a-ec40-3258-2305-92ea3db946a6,VS10928,حوض وجه معلق بالعلاقة-80 سم,4,600.000,2400.000,310001840
8d3bdb27-b7b5-5eae-e1b7-95665552cbc9,9f424b89-c137-b0b1-ed91-e16d419542dd,CE10930,سخانة عمودية   50 لتر,4,535.000,2140.000,310001842
67e8bd35-f39c-8502-f534-5eef2664c701,9f424b89-c137-b0b1-ed91-e16d419542dd,CE10925,سخانة 80 لتر عمودية,4,570.000,2280.000,310001843
8b5dd13d-1c0b-d131-509c-e258d7153677,98843111-e398-9cae-cef4-86a149f4ae66,RA20997,مثلث كروم سن داخلي 1/2,20,14.500,290.000,310001844
ba86b9ed-1f3c-a6f2-6dd3-7d6309101c7c,98843111-e398-9cae-cef4-86a149f4ae66,CE10104,سخانة 50 لتر,3,560.000,1680.000,310001845
7157257c-e626-8455-1035-b042c61f0328,98843111-e398-9cae-cef4-86a149f4ae66,CE10007,سخانة 80 لتر,3,580.000,1740.000,310001846
4168805c-856a-fa4c-5f69-dbfcf77b0fdd,ebce3d13-908e-a644-48bb-7a0717341171,ARSB80850,سماعة دوش مربعة مع طوبو كروم,40,40.000,1600.000,310001472
ef5ac479-5103-375d-9a84-e2da2bc342d3,98843111-e398-9cae-cef4-86a149f4ae66,RO10998,حنفية غسالة  ''1/2 * ''3/4 كروم,30,25.000,750.000,310001847
303d4705-d76e-20d5-faea-1d50a7e34ea6,98843111-e398-9cae-cef4-86a149f4ae66,RO10286,مسكر زاوية  ''1/2 * ''1/2 كروم,30,26.750,802.500,310001848
1b29f7de-b27a-e4e6-71d2-fa42f3ae70a9,97d0c895-9d0e-86b7-3a3e-267112adef64,RFP11000,"فسيبلي "" 1/2 أنثى * ""1/2 أنثى 50سم",20,15.500,310.000,310001850
f52e84c2-8e2c-ab49-7508-56feb56ced06,ebce3d13-908e-a644-48bb-7a0717341171,AASB30671,فرشاة تنظيف مرحاض كروم,40,40.000,1600.000,310001459
993f0d35-9862-7c17-bc14-982a66097c51,ebce3d13-908e-a644-48bb-7a0717341171,ARSB80901,طوبو دوش 150سم كروم,80,10.000,800.000,310001841
e9c33a51-593b-1ced-b9d6-92df53abdf55,97d0c895-9d0e-86b7-3a3e-267112adef64,RFP1999,"فسيبلي "" 1/2 أنثى * ""1/2 أنثى 40سم",20,14.500,290.000,310001849
e98bea9b-6162-452e-2df8-05d248bfc69a,97d0c895-9d0e-86b7-3a3e-267112adef64,RFP1373,"فسيبلي "" 1/2 أنثى * ""1/2 أنثى 60سم",20,16.500,330.000,310001851
2a834d94-d6ac-006e-a461-e4cfa56c416c,97d0c895-9d0e-86b7-3a3e-267112adef64,ARSB80214,"مسكر شطافة ""1/2"" * ""1/2 كروم",30,33.500,1005.000,310001852
e0b6bb33-252e-d5e2-4008-c0336f64ab01,ebce3d13-908e-a644-48bb-7a0717341171,ARSB80849,شطاف ظغط مربع مع طوبو أسود,20,70.000,1400.000,310001592
63e75b64-67cd-bda4-8bbe-8554d239a10d,4baab33d-02d6-6236-9e4f-1a8b80de83c0,CE10268,سخانة 30 لتر,5,545.000,2725.000,310001853
2c086646-7af8-0c5a-a8f2-0ca37c6cc9a0,c7f85968-df86-6299-10b7-47495adc1fd7,ALVM51001,سيفون حوض الوجه كلك بمانع رائحة,6,33.000,198.000,310001854
c554c726-69ca-6d52-3006-171f4a194df7,c7f85968-df86-6299-10b7-47495adc1fd7,CE10224,سخانة 50 لتر,3,780.000,2340.000,310001855
52d02048-e689-4283-1f5d-3c76275cd0ae,c7f85968-df86-6299-10b7-47495adc1fd7,CE11002,سخانة 50 لتر أفقية,2,895.000,1790.000,310001856
6a5da5b7-8a09-d45c-7e51-8378a2da9f91,c7f85968-df86-6299-10b7-47495adc1fd7,CE10225,سخانة 80 لتر أفقية,2,955.000,1910.000,310001857
c305eadb-9cf3-348e-5737-b7511fae753b,c7f85968-df86-6299-10b7-47495adc1fd7,CE10451,سخانة 80 لتر عمودية,3,830.000,2490.000,310001858
035e246a-8fa6-ea50-112a-2ad146358076,c7f85968-df86-6299-10b7-47495adc1fd7,ALVM50428,سيفون حوض الوجه كروم,5,165.000,825.000,310001859
bf6ce0aa-f217-f818-0fd8-c5d8571a9e6c,c7f85968-df86-6299-10b7-47495adc1fd7,ARSB80430,كسكاس دوش مربع  250*250 مم كروم مع قصبة,6,210.000,1260.000,310001860
49db8780-a7a4-edae-e871-9a455d5633ec,c7f85968-df86-6299-10b7-47495adc1fd7,ARSB80431,كسكاس دوش مربع  300*300 مم كروم مع قصبة,6,240.000,1440.000,310001861
6e9cc732-4e5a-8aa5-1398-90d9d1fa969a,c7f85968-df86-6299-10b7-47495adc1fd7,PLSA1003,"وصلة أنثى ""1/2 كروم",20,2.750,55.000,310001862
8d69271e-82c6-9722-4868-91b56682547e,34e41f6c-66c8-79c7-42a8-607bb6492650,PA31004,مدور نحاسي,10,1.350,13.500,310001864
c8057e64-a697-0da3-c267-f51cf1dd54f0,34e41f6c-66c8-79c7-42a8-607bb6492650,MD21005,خلاط دوش كروم,7,144.000,1008.000,310001865
10fe539d-d3f7-2200-3e97-9e4972568f32,ebce3d13-908e-a644-48bb-7a0717341171,ARSB80851,سماعة دوش مربعة مع طوبو أسود,40,50.000,2000.000,310001473
79dd2c3e-f317-5a6d-87f3-daba589a955e,34e41f6c-66c8-79c7-42a8-607bb6492650,MT31007,خلاط شطاف مع شطاف كروم,12,123.000,1476.000,310001867
d841e1a6-c7d8-f1ff-9635-ab3a7437a9b6,34e41f6c-66c8-79c7-42a8-607bb6492650,ML11008,خلاط حوض وجه طويل كروم,12,127.000,1524.000,310001868
8dc9672d-9730-cd67-9b52-50fb3691b698,34e41f6c-66c8-79c7-42a8-607bb6492650,ARSB81009,سماعة دوش مع طوبو كروم,10,108.000,1080.000,310001869
dae8ea7c-9581-03e3-77e4-a76189f3135c,34e41f6c-66c8-79c7-42a8-607bb6492650,ARSB80451,سماعة دوش مع طوبو كروم,10,110.000,1100.000,310001870
9ed8c596-34c9-919e-12e9-2ef569cf84a1,34e41f6c-66c8-79c7-42a8-607bb6492650,ARSB81010,سماعة دوش مع طوبو كروم,10,30.500,305.000,310001871
6e6b5881-15bb-1206-850c-07600ad5ca25,34e41f6c-66c8-79c7-42a8-607bb6492650,ARSB81011,طوبو شطاف فلتر1.2م كروم,20,18.750,375.000,310001872
e2320bf9-28d9-cb9b-a2d9-7e827446f5b0,34e41f6c-66c8-79c7-42a8-607bb6492650,CE10007,سخانة 80 لتر,6,580.000,3480.000,310001863
cb2fc1ee-17a1-64cb-5b7c-224128971668,34e41f6c-66c8-79c7-42a8-607bb6492650,ME11006,خلاط حوض المطبخ شجرة كروم,6,132.000,792.000,310001866
da82f9dc-d15e-502d-19cc-4bf6c6ae35b1,34e41f6c-66c8-79c7-42a8-607bb6492650,ARSB81012,علاقة سماعة دوش كبيرة متحركة كروم,20,2.250,45.000,310001873
94cdc465-d7ef-b312-10e0-0ce05e91fa6a,34e41f6c-66c8-79c7-42a8-607bb6492650,ARSB81013,مخرج شطاف مع علاق كروم مع مسكر,8,125.000,1000.000,310001874
435c1da2-68d2-a5b5-46df-0176a63ac8b2,7c6b61bf-67b0-c6c8-e09d-4ab4a281b13c,ARSB80499,سماعة دوش مع طوبو كروم,10,135.000,1350.000,310001875
6304a1b5-b0c9-c4ae-b9a8-30f7d2b84c5e,7c6b61bf-67b0-c6c8-e09d-4ab4a281b13c,ARSB80298,سماعة دوش مع طوبو كروم,20,140.000,2800.000,310001876
bb450516-6297-bd31-6e23-62b34ff462ee,7c6b61bf-67b0-c6c8-e09d-4ab4a281b13c,ARSB80939,مخرج شطاف مع علاق جانبي كروم,20,100.000,2000.000,310001877
c4ffb613-2881-2327-f269-74ac65633134,7c6b61bf-67b0-c6c8-e09d-4ab4a281b13c,ARSB80004,مخرج شطاف كروم بالعلاقة,20,105.000,2100.000,310001878
d3ea1ee8-4db1-2728-4f8e-8514563814c4,7c6b61bf-67b0-c6c8-e09d-4ab4a281b13c,ML10241,خلاط حوض وجه كروم,6,395.000,2370.000,310001879
f3732081-9ac0-3d53-c54d-302046633ebe,7c6b61bf-67b0-c6c8-e09d-4ab4a281b13c,ML11014,خلاط حوض وجه كروم,6,365.000,2190.000,310001880
8920cc0b-1af1-7c51-6276-dd9d4742b9bf,7c6b61bf-67b0-c6c8-e09d-4ab4a281b13c,ARSB80462,كسكاس دوش مربع 250 مم  كروم,10,140.000,1400.000,310001881
9494eb2e-b678-940e-3f7b-07a006d2dc38,7c6b61bf-67b0-c6c8-e09d-4ab4a281b13c,ARSB80598,قصبة دوش مربعة 40 سم كروم,10,145.000,1450.000,310001882
a5c7b291-8cdf-0463-18e0-70977eaa937c,7c6b61bf-67b0-c6c8-e09d-4ab4a281b13c,ARSB80599,كسكاس دوش مربع شريحه 250 مم,10,180.000,1800.000,310001883
5fecfe89-495d-7846-3224-624f41a0032e,7c6b61bf-67b0-c6c8-e09d-4ab4a281b13c,ARSB88868,مخرج شطاف مربع بالعلاقة أسود,8,155.000,1240.000,310001884
c33f615b-e449-5a6a-da78-6d806a1afc25,7c6b61bf-67b0-c6c8-e09d-4ab4a281b13c,ARSB80781,شطاف ظغط مربع كبيرمع طوبو كروم,20,155.000,3100.000,310001885
846e219a-3ece-bfb0-a81b-99b58a1b8cb6,7c6b61bf-67b0-c6c8-e09d-4ab4a281b13c,ARSB80931,شطاف ظغط دائري كلاسيكي مع طوبو كروم,10,120.000,1200.000,310001886
ff866b27-e0fe-a06f-8c5e-4ef0b7b1cc2b,7c6b61bf-67b0-c6c8-e09d-4ab4a281b13c,ARSB80085,شطاف ظغط دائري مع طوبو كروم,10,108.000,1080.000,310001887
cf42ad94-4c3c-238c-1293-3b3fa860b21c,7c6b61bf-67b0-c6c8-e09d-4ab4a281b13c,ARSB80813,مصب دوش قصير بتحويلة كروم,14,340.000,4760.000,310001888
60ff9f5e-43c4-1640-3381-a36e50ba9738,51e46696-a783-28c3-a329-bb707cf59797,PD21023,حاجز دوش 80* 190سم 8مم اطار كروم مخطط,4,575.000,2300.000,310001892
781b3989-3035-61b3-b7c5-e387ab909a23,c022875a-4905-b91e-aa1c-8360cfe1f2a5,LG41018,حوض رخامي كوريان 80سم,2,340.000,680.000,310001889
d4ac000a-e54c-192a-c8a9-8a659e0f20f2,c022875a-4905-b91e-aa1c-8360cfe1f2a5,AM1019,دولاب حمام -80 سم,2,500.000,1000.000,310001890
306ec2d5-badc-8d4c-160f-a2bf5b4b259f,c022875a-4905-b91e-aa1c-8360cfe1f2a5,ML31020,مرايا حمام مع إضاءة لد 60*80 سم,2,100.000,200.000,310001891
d549483f-9a6d-0908-e185-660046b4bd17,c022875a-4905-b91e-aa1c-8360cfe1f2a5,AM0901,دولاب حمام -80 سم,3,500.000,1500.000,310001893
8344e6bd-8c2f-dec5-af36-c5e64c12f7f1,c022875a-4905-b91e-aa1c-8360cfe1f2a5,LG40902,حوض رخامي كوريان 80سم,3,340.000,1020.000,310001894
cd5e9f81-f944-fa17-7b12-9f420fe324d9,c022875a-4905-b91e-aa1c-8360cfe1f2a5,ML30903,مرايا حمام مع إضاءة لد 60*80 سم,3,100.000,300.000,310001895
64956bef-b7d9-9559-96d1-febeef346b81,c022875a-4905-b91e-aa1c-8360cfe1f2a5,ML31021,مرايا حمام ضد البخار لد بالعلاقة اطار وردة كروم70*70سم,10,148.000,1480.000,310001896
90867ba2-0795-502e-026b-b9013e990785,c022875a-4905-b91e-aa1c-8360cfe1f2a5,ML31022,مرايا حمام ضد البخار لد بالعلاقة اطار وردةأسود70*70سم,10,148.000,1480.000,310001897
b89ad23e-91dc-13ba-c225-16f132c05dd7,c022875a-4905-b91e-aa1c-8360cfe1f2a5,AB11024,خزانة حمام مقبض أبيض 120*23*20,3,410.000,1230.000,310001898
69781a43-8f53-bc0d-6848-69da68658ba7,c022875a-4905-b91e-aa1c-8360cfe1f2a5,AB11025,خزانة حمام مقبض أسود 120*23*20,3,410.000,1230.000,310001899
2293323d-3396-1f92-b35c-a0e9de6cf68c,c022875a-4905-b91e-aa1c-8360cfe1f2a5,ML31026,مرايا حمام ضد البخار مع إضاءة لد 80*100 سم,4,167.000,668.000,310001900
3db6e81d-9861-7be0-2a43-58ead89ee86f,c022875a-4905-b91e-aa1c-8360cfe1f2a5,LG41028,حوض مع رف كواريون كوارتز 80سم أبيض,4,900.000,3600.000,310001901
46dd63ba-815b-1dde-3573-52157dc40256,c022875a-4905-b91e-aa1c-8360cfe1f2a5,ML31029,مرايا حمام كواريون 48*80سم أبيض,4,340.000,1360.000,310001902
bad10307-cb40-3cf3-b415-4709f3501769,51e46696-a783-28c3-a329-bb707cf59797,PD21030,حاجز دوش 100*190سم 8مم اطار كروم مخطط,4,620.000,2480.000,310001903
520f03ab-9a75-ab28-dfdb-267e0a06f380,51e46696-a783-28c3-a329-bb707cf59797,PD21031,حاجز دوش 60*190سم 8مم اطار كروم مخطط,4,490.000,1960.000,310001904
4e839fc1-0ab1-96e3-ab13-3a568e3543a7,51e46696-a783-28c3-a329-bb707cf59797,PD21032,حاجز دوش 70*190سم 8مم اطار كروم مخطط,2,535.000,1070.000,310001905
fd2c9360-1486-1a94-9d48-33e69234ff52,32fc4c39-b996-df10-e350-7aa3119c6b2e,ATWC50258,زر بتريا كروم,4,140.000,560.000,310001906
28442e0f-3d47-a11c-a8fe-b82f3ff2f9f6,32fc4c39-b996-df10-e350-7aa3119c6b2e,ALVM51033,سيفون حوض الوجه كلك بمانع رائحة,6,33.000,198.000,310001907
beeb46b0-2b02-8b53-05cd-80ef1df61149,32fc4c39-b996-df10-e350-7aa3119c6b2e,ALVM50422,رأس سيفوني كروم,5,68.750,343.750,310001908
cff2295a-9643-7973-b6ec-d0a85d6cf65c,32fc4c39-b996-df10-e350-7aa3119c6b2e,ARSB80815,"مسكر شطافة ""1/2"" * ""1/2 أسود",20,35.250,705.000,310001909
a949a575-5c57-b4da-e6e1-d4a3c5afe93c,32fc4c39-b996-df10-e350-7aa3119c6b2e,ALVM51034,سيفون حوض الوجه كروم,10,145.000,1450.000,310001910
6380d4ad-8057-d005-5b63-e09f89cb3293,32fc4c39-b996-df10-e350-7aa3119c6b2e,ALVM50428,سيفون حوض الوجه كروم,10,165.000,1650.000,310001911
33ccfd27-668d-0cda-32ec-2d769f35410f,9a8b0f67-2f79-67f2-e88d-2d684172147c,ARSB81036,كسكاس دوش دائري 250*250 مم مع قصبة اسود,6,65.000,390.000,310001912
fcf6d28e-d4f0-7c70-73e5-c8260cbfe1d0,9a8b0f67-2f79-67f2-e88d-2d684172147c,ALVM51037,رأس سيفوني ذهبي,6,25.000,150.000,310001913
14d3069d-db5a-c0b5-9735-e6ff9eecfd20,9a8b0f67-2f79-67f2-e88d-2d684172147c,ALVM50030,سيفون حوض الوجه كروم,10,120.000,1200.000,310001914
9346aa79-017e-5f1c-643e-980581a9e7e8,9a8b0f67-2f79-67f2-e88d-2d684172147c,ARSB81039,وصلة مسطرة دوش40سم أسود,10,12.500,125.000,310001915
d3e19e42-d513-f726-12d8-aad9d17a1c25,9a8b0f67-2f79-67f2-e88d-2d684172147c,ARSB81038,وصلة مسطرة دوش40سم ذهبي,10,13.500,135.000,310001916
034fe614-760e-f309-22bf-3b2154a21f8f,110056ed-185d-546f-3d17-7bf97032aee4,ARSB81040,اكسسوار خلاط دوش مدفون دائري اسود,3,145.000,435.000,310001917
85d1e5ff-72d1-0572-d8c9-c750cbcb1880,110056ed-185d-546f-3d17-7bf97032aee4,ARSB81041,اكسسوار خلاط شطاف مدفون دائري أسود,3,90.000,270.000,310001919
97cce9eb-9dcf-29f9-9799-0023d047a279,110056ed-185d-546f-3d17-7bf97032aee4,ARSB81042,اكسسوار خلاط دوش مدفون دائري ذهبي,3,145.000,435.000,310001920
6268b4ad-67c3-04fa-2026-a42e1db4361f,110056ed-185d-546f-3d17-7bf97032aee4,ARSB81043,اكسسوار خلاط شطاف مدفون دائري ذهبي,3,90.000,270.000,310001921
16615b3c-45e1-0de2-c6dd-9ee689419cd6,110056ed-185d-546f-3d17-7bf97032aee4,ARSB81044,اكسسوار خلاط شطاف مدفون دائري كروم,3,85.000,255.000,310001922
812bafb0-0925-80d7-8be8-d1eab6d1c632,110056ed-185d-546f-3d17-7bf97032aee4,ARSB81045,اكسسوار خلاط دوش مدفون دائري كروم,3,135.000,405.000,310001923
6770c44c-bdad-08cc-1c8c-85e0f6290e5f,110056ed-185d-546f-3d17-7bf97032aee4,ARSB81046,وصلة مسطرة دوش60 كروم سم,10,6.950,69.500,310001924
d2711653-43b7-138b-0499-85ac44514fc2,110056ed-185d-546f-3d17-7bf97032aee4,ARSB81047,وصلة مسطرة دوش40سم كروم,10,6.300,63.000,310001925
a6619b81-0b04-ac6b-a65d-f552a68a377d,110056ed-185d-546f-3d17-7bf97032aee4,AECU51048,سيفون حوض المطبخ راس كبير بالهواية,10,33.500,335.000,310001926
792acf48-e7a0-f4c1-1e55-3692c61aab6f,2b4c0337-c891-ad93-265c-746879e4bfd3,CE11035,سخانة مربعة   30 لتر,4,530.000,2120.000,310001927
d4121c18-b11c-cfe6-5bb3-0cee9db3d2da,2b4c0337-c891-ad93-265c-746879e4bfd3,CE10925,سخانة 80 لتر عمودية,4,570.000,2280.000,310001928
f791d78b-528a-7008-deea-cd15478a175b,2b4c0337-c891-ad93-265c-746879e4bfd3,CE10930,سخانة عمودية   50 لتر,4,535.000,2140.000,310001929
7bb839e2-4a7a-60c6-d7db-af07b1c94046,f2c88f5a-3c13-3ab7-0b89-57f5e2515468,ARSB81054,اكسسوار خلاط دوش مدفون مربع ذهبي,1,145.000,145.000,310001930
36812d35-4478-15ee-8e9b-fa3d6bcfde5a,f2c88f5a-3c13-3ab7-0b89-57f5e2515468,ARSB81055,اكسسوار خلاط شطاف مدفون مربع ذهبي,1,90.000,90.000,310001931
a0ad1f6a-4d7f-ae0a-fe60-adf3042cd52b,e88d00a8-fc02-4cf4-f86d-60cb81c50905,APCI40229,مطول 1/2 *10 سم كروم,50,7.250,362.500,310001932
f7cb7969-12fd-d43b-46fa-114eb4821b9b,00e5af2e-b130-3331-750d-3b144daca144,WS10813,مقعد معلق تورنيدو أبيض,60,430.000,25800.000,310001444
7ae2243b-6a9b-ee81-e1cb-86fd01f45218,00e5af2e-b130-3331-750d-3b144daca144,WS10815,مقعد معلق ملحوم تورنيدو أبيض,40,430.000,17200.000,310001446
09eeed15-4b8b-0e61-09d5-463dfe54f0fe,00e5af2e-b130-3331-750d-3b144daca144,WA41056,غطاء مقعد معلق تورنيدو أبيض,2,51.000,102.000,310001936
7cfa2a6e-dac4-b60b-9e62-1a4e54879efa,00e5af2e-b130-3331-750d-3b144daca144,WA41057,غطاء مقعد معلق تورنيدو أبيض,2,51.000,102.000,310001937
fa55d504-9c39-3167-177c-1187ff443d6b,00e5af2e-b130-3331-750d-3b144daca144,WA41058,غطاء مقعد معلق تورنيدو أبيض,2,51.000,102.000,310001938
d20ebf47-46ec-d20d-4823-047f62fe6f61,00e5af2e-b130-3331-750d-3b144daca144,WS10816,مقعد معلق ملحوم تورنيدو أبيض,50,435.000,21750.000,310001447
5026f3cc-f0fb-fd38-349b-02de2a7de563,00e5af2e-b130-3331-750d-3b144daca144,WS10817,مقعد معلق ملحوم تورنيدو أبيض,40,440.000,17600.000,310001448
2f38ae47-4489-5df0-3953-759c2e314cf5,00e5af2e-b130-3331-750d-3b144daca144,WS10819,مقعد معلق كبير بلس سايز ملحوم تورنيدو أبيض,20,505.000,10100.000,310001450
8716a0d0-c871-1016-a731-cc56b271e5fe,00e5af2e-b130-3331-750d-3b144daca144,WA41049,غطاء مقعد معلق تورنيدو أبيض,2,51.000,102.000,310001933
ffd8d6e7-1ed1-284b-b553-f8483ca13a9a,00e5af2e-b130-3331-750d-3b144daca144,WA41050,غطاء مقعد معلق تورنيدو أبيض,2,51.000,102.000,310001934
138ab362-cd12-2ce3-1870-49e6d9f8016f,00e5af2e-b130-3331-750d-3b144daca144,WA41053,غطاء مقعد معلق تورنيدو أسود,2,51.000,102.000,310001935
aa8b16b7-ba15-d246-c6f1-c1e3915d251e,00e5af2e-b130-3331-750d-3b144daca144,WA41059,غطاء مقعد معلق تورنيدو أبيض,2,51.000,102.000,310001939
f435241a-0bf8-1924-2c10-4a1d4213b21e,00e5af2e-b130-3331-750d-3b144daca144,WS10818,مقعد معلق كبير بلس سايز ملحوم تورنيدو أبيض,20,505.000,10100.000,310001449
a9d3bee8-357a-608e-36df-2a6200b5ed7f,00e5af2e-b130-3331-750d-3b144daca144,ATWC51060,طقم تثبيت المرحاض المعلق على الحائط,20,20.000,400.000,310001940
2269b96d-bb01-485a-1c8b-96e0f70ab310,595a7e91-6ca4-ed33-bcdf-1e0c148c8860,CE10265,سخانة 80 لتر,2,930.000,1860.000,210002365
3f96b2e5-6c8b-f419-d7fa-13133a99283b,595a7e91-6ca4-ed33-bcdf-1e0c148c8860,CE10264,سخانة 50 لتر,2,910.000,1820.000,210002366
8e19a15f-0ee6-a7f4-0b7a-fa250e448720,595a7e91-6ca4-ed33-bcdf-1e0c148c8860,CD40097,مسطرة دوش زوجية كروم,10,390.000,3900.000,210002367
67aee90c-128a-b3fa-fe74-3eb04d3d4816,5ae22a01-c02b-0b15-a9df-69b02c948fc2,ARSB80125,مخرج شطاف كروم,10,43.600,436.000,210002368
195fd46c-d23c-21eb-d549-afafd8a0bdc0,5ae22a01-c02b-0b15-a9df-69b02c948fc2,PS20018,علاقة مناشف كروم,5,112.800,564.000,210002369
a91f7a6b-e56b-6683-65fb-49bba7d8028f,5ae22a01-c02b-0b15-a9df-69b02c948fc2,PS20546,علاقة مناشف كروم,6,112.800,676.800,210002370
529f4662-c70a-74d0-fe53-03cab2b6401d,5ae22a01-c02b-0b15-a9df-69b02c948fc2,PS20009,علاقة مناشف كروم,6,112.800,676.800,210002371
04ef38d1-5dd0-0501-7310-70e930e90ac7,5ae22a01-c02b-0b15-a9df-69b02c948fc2,PS20549,علاقة مناشف كروم,6,136.100,816.600,210002372
12b987ce-5df9-d289-9d7a-c00c50f859a7,5ae22a01-c02b-0b15-a9df-69b02c948fc2,AASB30547,رف زاوية كروم,4,114.700,458.800,210002373
df185343-30e8-f6fa-71e4-5c7366be8688,5ae22a01-c02b-0b15-a9df-69b02c948fc2,AASB30548,رف زاوية أسود فردي,4,112.250,449.000,210002374
28a1cb2b-c170-0465-9482-d80c1db34282,5ae22a01-c02b-0b15-a9df-69b02c948fc2,SA10039,طقم اكسسوار كروم,4,230.500,922.000,210002375
fc1d5317-ab5a-01fa-4285-899945bd5d3f,a8e8d40e-9b81-c16a-473f-2f862ccc079d,PLSA0549,وردة كروم  1/2,50,7.000,350.000,210002376
54eb106d-a8eb-8e01-6cc6-9d51e2c4f48c,a8e8d40e-9b81-c16a-473f-2f862ccc079d,PLSA0550,وردة كروم  1/2,50,2.950,147.500,210002377
98a79135-8abd-a79e-9c19-0b4970d87e07,a8e8d40e-9b81-c16a-473f-2f862ccc079d,AASB30026,رف زاوية زوجي كروم,6,140.000,840.000,210002378
74dde702-f340-afbc-1b7f-769ddfad0d03,a8e8d40e-9b81-c16a-473f-2f862ccc079d,AASB30916,رف زاوية زوجي كروم,6,130.000,780.000,210002379
748dae75-a247-0229-ea66-c668b8e0b8d5,a8e8d40e-9b81-c16a-473f-2f862ccc079d,PS20551,علاقة مناشف زوجية بالعلاقة كروم,6,130.000,780.000,210002380
7d0f1e54-b9de-63da-a21e-4d3c706ea16a,a8e8d40e-9b81-c16a-473f-2f862ccc079d,ML10552,خلاط حوض وجه  كروم,6,135.000,810.000,210002381
bdc2ed80-de9f-8438-276c-c8eb0d4a36c7,a8e8d40e-9b81-c16a-473f-2f862ccc079d,ML10553,خلاط حوض وجه  كروم,6,175.000,1050.000,210002382
f8e20378-b2bf-884e-4a5a-545752395799,a8e8d40e-9b81-c16a-473f-2f862ccc079d,AASB30762,رف زاوية كروم,6,95.000,570.000,210002383
4cdc5cc3-20aa-92f8-84ed-14f7adc26a82,a8e8d40e-9b81-c16a-473f-2f862ccc079d,ALVM50307,سيفون حوض الوجه كروم,12,148.000,1776.000,210002384
9c3f8eee-31d0-622c-c949-68c967b6a16c,a8e8d40e-9b81-c16a-473f-2f862ccc079d,ALVM50030,سيفون حوض الوجه كروم,12,120.000,1440.000,210002385
c1fd564c-d08d-4a1a-fdcb-55d5c46aa193,1054fbd0-3bf2-97b5-65d9-0fb4d911867e,ARSB80500,شطاف ظغط مربع مع طوبو كروم,12,78.000,936.000,310001293
325fc47c-288e-2e90-6fc5-aeffecae55f6,efe7652f-b608-a4b7-319c-88baa8cd38df,CE10104,سخانة 50 لتر,1,595.000,595.000,310001941
4754d631-4947-745f-1d56-8e95129131e4,a8e8d40e-9b81-c16a-473f-2f862ccc079d,ML10554,خلاط حوض وجه اسود,6,110.000,660.000,210002386
cd634bb3-33c0-c071-8dbc-f689d2e29f0e,a8e8d40e-9b81-c16a-473f-2f862ccc079d,ML10247,خلاط حوض وجه اسود,6,115.000,690.000,210002387
4dbf5b40-2ec5-f4f8-dc5e-37e626da52ac,a8e8d40e-9b81-c16a-473f-2f862ccc079d,ML10250,خلاط حوض وجه ذهبي,6,130.000,780.000,210002388
6d5b035b-576d-0f95-24eb-8960870e8eec,646a80cd-3f96-e3ef-21ab-44e3dacabaa8,EG40775,رف كواريون كوارتز 60سم,1,230.000,230.000,310001309
e6eb7863-709b-b68a-aac8-a01279a03b73,a8e8d40e-9b81-c16a-473f-2f862ccc079d,MC10856,مجرى 40 سم *6 سم كروم,6,215.000,1290.000,210002389
fa0f318c-5516-047d-6dfb-1385b334e73c,a8e8d40e-9b81-c16a-473f-2f862ccc079d,PLSA0129,"مطول ""1/2 * 25 مم كروم",50,10.750,537.500,210002390
74032ebf-26f1-9c83-7f34-2365ad76cd89,a8e8d40e-9b81-c16a-473f-2f862ccc079d,PLSA0555,مطول 1/2*40 مم كروم,20,27.000,540.000,210002391
8d3b3d06-47de-fcee-42ba-d597e566fad9,1054fbd0-3bf2-97b5-65d9-0fb4d911867e,SA10889,طقم اكسسوار كروم,10,175.000,1750.000,310001084
804e9345-d18f-cadd-b6c9-94670e0e0764,1054fbd0-3bf2-97b5-65d9-0fb4d911867e,MT30245,خلاط شطاف مع شطاف أسود,12,88.000,1056.000,310001088
01c2be4f-2f17-805c-92b2-cf7459b6a733,1054fbd0-3bf2-97b5-65d9-0fb4d911867e,PS20015,علاقة ملابس خماسية دوران,12,78.000,936.000,310001166
30401f1f-6a69-26c2-6158-d5f807d15704,1054fbd0-3bf2-97b5-65d9-0fb4d911867e,CD40753,مسطرة دوش زوجية اسود,5,105.000,525.000,310001194
97b47581-f9bc-884a-132e-fbc1e1b452a5,a8e8d40e-9b81-c16a-473f-2f862ccc079d,SA10809,طقم اكسسوار أسود الامونيوم,4,145.000,580.000,210002392
3b90ba7c-808e-c48a-4588-dddeca4ceeea,a8e8d40e-9b81-c16a-473f-2f862ccc079d,PLSA0259,"طابة ""1/2 مع وردة كروم",10,11.500,115.000,210002393
5de91ff0-8403-a25c-2bfb-b2b64161e80a,a8e8d40e-9b81-c16a-473f-2f862ccc079d,ARSB80984,"مسكر شطافة ""1/2"" * ""1/2 كروم",20,31.000,620.000,210002394
19d3fd25-9673-07e6-bab3-41e957516942,a8e8d40e-9b81-c16a-473f-2f862ccc079d,MT30556,خلاط شطاف مع شطاف كروم,6,165.000,990.000,210002395
bd4820c3-caca-b89d-222a-56eaca685ec5,a8e8d40e-9b81-c16a-473f-2f862ccc079d,MT30557,خلاط شطاف مع شطاف كروم,6,98.000,588.000,210002396
6ebdbafb-ed0a-2bc0-4536-03687c883ab5,a8e8d40e-9b81-c16a-473f-2f862ccc079d,ARSB80308,مخرج شطاف كروم بالعلاقة,6,68.000,408.000,210002397
3df9a09f-f02f-f7f7-5dd8-c709fb9c6dd1,a8e8d40e-9b81-c16a-473f-2f862ccc079d,RFP11000,"فسيبلي "" 1/2 أنثى * ""1/2 أنثى 50سم",20,15.500,310.000,210002398
94a6deaa-d7f5-9fb4-a3f3-62f102bb3fdd,a8e8d40e-9b81-c16a-473f-2f862ccc079d,RFP1373,"فسيبلي "" 1/2 أنثى * ""1/2 أنثى 60سم",20,16.500,330.000,210002399
f9e282f8-a1be-8ffd-911d-6a08c821a7b2,a8e8d40e-9b81-c16a-473f-2f862ccc079d,RFP1999,"فسيبلي "" 1/2 أنثى * ""1/2 أنثى 40سم",20,14.500,290.000,210002400
af77fac9-1a62-91f4-739e-ac3cf0eb4976,49f7c933-b7a5-cbf3-d7dd-05c2e2005d61,AM0559,حوض وجه مع دولاب حمام -80 سم,3,700.000,2100.000,210002402
0d493a0b-835a-8148-ad33-c647a8e1de52,49f7c933-b7a5-cbf3-d7dd-05c2e2005d61,AM40560,مراية دولاب حمام -80 سم,3,215.000,645.000,210002403
4333f6d1-dfd4-60b0-32c4-c4c16e61ea27,49f7c933-b7a5-cbf3-d7dd-05c2e2005d61,AB10562,خزانة حمام أبيض,3,200.000,600.000,210002404
ec33fe4e-e9de-9c0b-5657-263a517087c3,49f7c933-b7a5-cbf3-d7dd-05c2e2005d61,AM0563,حوض وجه  دولاب حمام -90 سم,3,300.000,900.000,210002405
8953b67f-3b5e-4bef-5ebd-10a54edc48b8,49f7c933-b7a5-cbf3-d7dd-05c2e2005d61,AM0564,دولاب حمام -90 سم,3,600.000,1800.000,210002406
b118a13f-4bb2-b4c0-d82d-a542b7da059c,49f7c933-b7a5-cbf3-d7dd-05c2e2005d61,AM40565,مراية دولاب حمام -90 سم,3,195.000,585.000,210002407
a41ee6b4-151c-1c54-8fbd-a69aae2e139b,49f7c933-b7a5-cbf3-d7dd-05c2e2005d61,AB10567,خزانة حمام أبيض,3,300.000,900.000,210002408
c5dbad7b-ac61-221d-cb29-6692b5dc38e7,49f7c933-b7a5-cbf3-d7dd-05c2e2005d61,AM0568,حوض وجه مع دولاب حمام -80 سم,3,700.000,2100.000,210002409
482b5bd3-f507-0f27-8c6e-628fc82f00b5,49f7c933-b7a5-cbf3-d7dd-05c2e2005d61,AM40569,مراية دولاب حمام -80 سم,3,215.000,645.000,210002410
526825a3-27e5-53a8-a76b-0ec10a3f4b6a,49f7c933-b7a5-cbf3-d7dd-05c2e2005d61,AB10558,خزانة حمام أبيض,3,300.000,900.000,210002401
92e0bfa7-b743-c0cd-7293-9605dd65513c,49f7c933-b7a5-cbf3-d7dd-05c2e2005d61,VS10571,حوض وجه معلق 60سم,4,220.000,880.000,210002411
da6f4125-cc4a-d0fc-d18b-654e1182b4b0,49f7c933-b7a5-cbf3-d7dd-05c2e2005d61,ARSB80214,"مسكر شطافة ""1/2"" * ""1/2 كروم",30,33.500,1005.000,210002412
9e99dd47-6991-c596-d54e-0bbb188566b8,49f7c933-b7a5-cbf3-d7dd-05c2e2005d61,RO10572,حنفية غسالة  ''1/2 * ''3/4 كروم,10,35.000,350.000,210002413
409ba2fc-27fa-e1e5-7304-8af20d2565db,49f7c933-b7a5-cbf3-d7dd-05c2e2005d61,CD40002,مسطرة دوش زوجية كروم,5,350.000,1750.000,210002414
b0ecea0d-2185-8b91-e52e-eebae8a2eb9b,49f7c933-b7a5-cbf3-d7dd-05c2e2005d61,CD40426,مسطرة دوش زوجية كروم,5,320.000,1600.000,210002415
169fbe3a-6128-c021-76a1-7164158ea0a5,49f7c933-b7a5-cbf3-d7dd-05c2e2005d61,AB10573,خزانة حمام أبيض,4,300.000,1200.000,210002416
70311453-f009-4115-a057-0ce39ab7bdf2,49f7c933-b7a5-cbf3-d7dd-05c2e2005d61,AM0574,حوض وجه مع دولاب حمام -60 سم,4,600.000,2400.000,210002417
94b9cfdf-13a6-5388-1862-da4edb9a3e95,49f7c933-b7a5-cbf3-d7dd-05c2e2005d61,AM40575,مراية دولاب حمام -60 سم,4,150.000,600.000,210002418
8cc4c932-4143-dff0-a0f1-100bc6713419,e3431913-95fa-12c7-50ec-f91c502298f3,VS10577,حوض وجه معلق80 سم,5,340.000,1700.000,210002419
f0842b1f-b228-4568-4431-5631a2a29c5a,19017545-30eb-37f2-d4c8-22acc31b71e4,EL10040,حوض مطبخ ستانلس ستيل   304 76 * 45 سم,6,620.000,3720.000,310001942
dac42657-3a8b-057e-af70-d0aafc81d784,19017545-30eb-37f2-d4c8-22acc31b71e4,EL10433,حوض مطبخ ستانلس ستيل 76*45  أسود,5,695.000,3475.000,310001943
1fb1c5fa-993f-a5c8-b7da-8cb5ea3b1e57,19017545-30eb-37f2-d4c8-22acc31b71e4,EL10985,حوض مطبخ ستانلس ستيل   304 45 *44 سم,3,365.000,1095.000,310001944
f9bc0bd3-d153-c579-9e4b-afe2194e387d,19017545-30eb-37f2-d4c8-22acc31b71e4,EL11063,حوض مطبخ ستانلس ستيل تحت الرخامة 304 76.2*45.7*22 سم,4,645.000,2580.000,310001945
6095e91a-cdbb-7f9a-6465-116eb4fe901b,a77d411d-51cf-dfe3-96b9-4f742c56ae7b,ARSB80768,رشاش دوش كروم,10,37.500,375.000,310000877
e9197d52-7926-1df5-bb46-c39af63da2ac,a77d411d-51cf-dfe3-96b9-4f742c56ae7b,ARSB80772,رشاش دوش أسود,6,49.500,297.000,310000879
0eb1a871-bff4-e330-8dc2-515212284cd7,a77d411d-51cf-dfe3-96b9-4f742c56ae7b,SA10770,طقم اكسسوار ذهبي,4,185.000,740.000,310000880
50422d77-ecca-850e-acfa-7f526db2d804,19017545-30eb-37f2-d4c8-22acc31b71e4,EL10934,حوض مطبخ ستانلس ستيل   304 81*45 *22سم,5,535.000,2675.000,310001946
e0418e16-3b5a-281a-9685-bb0dfbf99d60,bf2808aa-1493-7ca8-f6f9-1bd5f58b1ef8,ARSB81067,مصب دوش مع تحويلة ذهبي,5,75.000,375.000,310001949
7e5c286d-cd68-263e-5d40-26269597d7f5,9b2bb954-773f-e1f0-fb2c-7d6752c38328,ARSB81054,اكسسوار خلاط دوش مدفون مربع ذهبي,5,145.000,725.000,310001954
6d52f55b-05f0-6c65-3dea-6d539105502a,9b2bb954-773f-e1f0-fb2c-7d6752c38328,ARSB81055,اكسسوار خلاط شطاف مدفون مربع ذهبي,5,90.000,450.000,310001955
c83ced9d-26af-eee6-928a-e9b2590df907,9b2bb954-773f-e1f0-fb2c-7d6752c38328,ART0118,راس غاز,1,15.000,15.000,310001956
c70738c9-3d2a-4fe1-76cb-738f4a9f7dad,9b2bb954-773f-e1f0-fb2c-7d6752c38328,VS11069,حوض وجه موطو مع عمود أبيض,5,295.000,1475.000,310001957
d1d7b343-0e70-8b7f-c599-319e028d4fb8,b1384b49-587e-5d5f-757d-34f10c0889bd,ARSB80257,مخرج شطاف ذهبي مع علاقة,6,155.000,930.000,310001952
0805814a-e9b2-386e-f9bd-0665941a022c,b1384b49-587e-5d5f-757d-34f10c0889bd,RO10141,مسكر زاوية  ''1/2 * ''1/2 ذهبي,20,25.000,500.000,310001953
0a52c8f7-9522-35a3-a909-78e0323f3d04,bf2808aa-1493-7ca8-f6f9-1bd5f58b1ef8,RA21065,"سنيسكا 25"" كروم مربع",6,95.000,570.000,310001947
402d7cf7-89cf-27ec-b06d-0cbb0cf59c28,bf2808aa-1493-7ca8-f6f9-1bd5f58b1ef8,ARSB81066,سماعة دوش مع طوبو ذهبي,5,68.000,340.000,310001948
e7157ec1-7ef7-f3b8-fc11-ddf1c5c270a3,44424ed6-49a8-f993-5426-5c215106e971,CE10225,سخانة 80 لتر أفقية,2,955.000,1910.000,310001958
d8ff7e7e-ee47-b935-959b-b6bdc3813599,44424ed6-49a8-f993-5426-5c215106e971,ARSB81070,"مسكر شطافة ""1/2"" * ""1/2 ذهبي",30,39.000,1170.000,310001959
b94d817a-a40a-1c60-b256-5757c7623918,92a20876-27dd-6a47-a795-1a61f0e4118e,ARSB81071,مصب دوش مع تحويلة ذهبي,1,470.000,470.000,310001960
cf923659-1d3a-accd-a660-4aadcc0677ef,136fbf38-ce8c-726e-9a8e-35ea5b322c32,ATWC50525,زر بتريا أسود,4,385.000,1540.000,310001961
70062120-9f6d-3a01-dbe3-f34aa6be9bc8,136fbf38-ce8c-726e-9a8e-35ea5b322c32,ATWC50179,زر بتريا ذهبي,4,385.000,1540.000,310001962
1da06d4f-fe2f-1787-8f09-f0e118b50e90,136fbf38-ce8c-726e-9a8e-35ea5b322c32,ARSB81072,كسكاس دوش مربع 300*300 مم مع قصبة كروم,5,125.000,625.000,310001963
b8b131cb-86c3-60fe-0c40-cd1c5aa6ae62,bf2808aa-1493-7ca8-f6f9-1bd5f58b1ef8,ARSB81068,كسكاس دوش مربع 300*300 مم كروم,5,49.000,245.000,310001950
7df5b3f6-c495-71a8-94ca-c7c1d979c7b3,bf2808aa-1493-7ca8-f6f9-1bd5f58b1ef8,AECU50057,صابونية حوض مطبخ أسود,12,12.000,144.000,310001951
b83bf74d-bfa4-1108-3f32-487f9ab6074b,136fbf38-ce8c-726e-9a8e-35ea5b322c32,ARSB80399,سماعة دوش مع طوبو ذهبي,6,195.000,1170.000,310001964
351174e3-800b-55b4-96f3-2d769bbb6055,9aa484ca-5b8c-d654-502d-b634a4862d71,ML30983,مرايا حمام مع إضاءة لد-عرض60*90 سم,6,115.000,690.000,310001808
a730224d-0253-d202-16e1-3a7f4b12dd31,88a27f62-bf96-760c-2766-e00ae9be0208,ARSB81077,كسكاس دوش مربع شريحه كروم 300 مم,4,195.000,780.000,310001965
657aedb3-2c7e-7d44-facc-cd7a27e97d03,88a27f62-bf96-760c-2766-e00ae9be0208,ML11078,خلاط حوض وجه كروم,7,290.000,2030.000,310001966
afdcc7a6-d1e5-2ebb-3a84-a7604d558caa,88a27f62-bf96-760c-2766-e00ae9be0208,RFP11079,"فسيبلي "" 1/2 أنثى * ""1/2 أنثى 50سم",20,19.750,395.000,310001967
ca0edbaf-24d0-4eeb-0d0c-46c52911be2f,88a27f62-bf96-760c-2766-e00ae9be0208,ARSB81071,مصب دوش مع تحويلة ذهبي,4,390.000,1560.000,310001968
a38ffaf0-219b-22cb-e449-3beab320b95f,929c9367-029b-017c-e6ed-26f9f7685988,CD40768,مسطرة دوش فرديه كروم,7,75.000,525.000,310001969
861373ad-10a3-9e11-efd6-86c32b8eed6b,929c9367-029b-017c-e6ed-26f9f7685988,ARSB80784,طوبو دوش 200سم كروم,7,20.000,140.000,310001970
1f52ea71-3fe4-9730-1ff5-23c3c52f2c83,892e246d-2fe1-c04f-c4cb-26bd468482eb,ATWC51080,زر بتريا أسود,3,100.000,300.000,310001971
ffd6e54f-d55a-2422-26c2-9d9dcc245d86,892e246d-2fe1-c04f-c4cb-26bd468482eb,ATWC51081,زر بتريا ذهبي,3,105.000,315.000,310001972
a0a387da-ff24-0eeb-fe45-5f25511e38af,892e246d-2fe1-c04f-c4cb-26bd468482eb,ATWC51082,زر بتريا مربع ذهبي,3,115.000,345.000,310001973
c5aeb412-d657-462f-31c4-30551a306a1f,f090ce62-70e4-fc04-d9a8-ebdbdcddc292,VS11083,حوض وجه معلق 85*38سم,2,615.000,1230.000,310002004
0e6bf15e-23a3-caee-8444-de8d1add470b,f090ce62-70e4-fc04-d9a8-ebdbdcddc292,VS11084,حوض وجه معلق 65*38سم,3,540.000,1620.000,310002005
02bdd6a5-a73f-dbfd-f691-91903135f6c0,f090ce62-70e4-fc04-d9a8-ebdbdcddc292,VS10321,حوض وجه معلق -130 سم,5,320.000,1600.000,310002006
aedaff08-24a3-e6b1-c91c-79eca5b87463,f090ce62-70e4-fc04-d9a8-ebdbdcddc292,VS10873,حوض وجه معلق -75 سم,3,570.000,1710.000,310002007
fa1a2310-02b8-b43d-85dc-d447b962747c,f090ce62-70e4-fc04-d9a8-ebdbdcddc292,VS10396,حوض وجه معلق -80 سم كريمة,1,920.000,920.000,310002008
b5a3a28b-deeb-605c-e1c8-5bf3566086b4,f090ce62-70e4-fc04-d9a8-ebdbdcddc292,VS10312,حوض وجه معلق 100 سم,3,505.000,1515.000,310002009
138a3a39-2d9a-2a60-d1c0-5a2e39a8398d,6a53d2f0-487c-c31e-cab4-7a4a72402c7e,CE10007,سخانة 80 لتر,5,585.000,2925.000,310002010
75216052-e8c2-812c-33d4-f770cca10665,6a53d2f0-487c-c31e-cab4-7a4a72402c7e,CE11088,سخانة 50 لتر أفقية,3,595.000,1785.000,310002011
2c8bedec-9108-fb00-ff07-307b92574898,cc984294-e171-448b-0789-12024dc6f4ee,CE10546,سخانة 80 لتر افقية,3,605.000,1815.000,310002012
a51a3712-aae6-e318-c67a-3a61776152ce,cc984294-e171-448b-0789-12024dc6f4ee,CE10104,سخانة 50 لتر,5,565.000,2825.000,310002013
88ea363d-eecc-1116-fd31-1611c5d008db,c3c7b114-a291-ed59-03b7-2ac433738567,RA20578,"سنيسكا 25"" ذهبي دائرية",5,88.000,440.000,210002420
2dac0bc5-a2d6-8b3e-6e1a-93ecc181d730,c3c7b114-a291-ed59-03b7-2ac433738567,AECU50055,غسالة أكواب حوض المطبخ,10,14.000,140.000,210002421
7871c524-fbab-9a0d-4ee2-3df3de6c92af,c3c7b114-a291-ed59-03b7-2ac433738567,AECU50057,صابونية حوض مطبخ أسود,10,11.000,110.000,210002422
cb128dbc-2440-fabb-ba83-e6e1bd4f36b7,2d3185c3-4135-82ad-5e37-5b234f1ebc5e,ML11091,خلاط حوض وجه أبيض-كروم,2,188.500,377.000,310002015
5c4c3bf0-be30-3cb2-87df-340a72915e20,2d3185c3-4135-82ad-5e37-5b234f1ebc5e,ML11093,خلاط حوض وجه برنزي,5,170.000,850.000,310002017
b4bb2a29-3659-e9af-eaa7-53a292204156,2d3185c3-4135-82ad-5e37-5b234f1ebc5e,ML11094,خلاط حوض وجه كلاسيكي كروم,5,160.000,800.000,310002018
bd42ab1d-e2cc-c076-706f-f01dd44b7a1f,2d3185c3-4135-82ad-5e37-5b234f1ebc5e,ME11095,خلاط حوض المطبخ شلال شجرة رصاصي,4,315.000,1260.000,310002019
0e59f9e9-1c2f-8cd5-7146-e37491ac06fe,2d3185c3-4135-82ad-5e37-5b234f1ebc5e,ME11096,خلاط حوض المطبخ شلال شجرة كروم,4,315.000,1260.000,310002020
d48dab7b-2c2a-8e77-97ee-7ded40e3e8e6,2d3185c3-4135-82ad-5e37-5b234f1ebc5e,ARSB81097,شطاف ظغط دائري مع طوبو كروم,7,42.000,294.000,310002021
796e6241-fbed-3c74-3fc9-c55892340ab1,2d3185c3-4135-82ad-5e37-5b234f1ebc5e,ML11090,خلاط حوض وجه كلاسيكي أسود-كروم,5,180.000,900.000,310002014
8347bfa1-909c-d8da-565c-f0f183dc273d,2d3185c3-4135-82ad-5e37-5b234f1ebc5e,ML11092,خلاط حوض وجه أسود,5,185.000,925.000,310002016
ff17e431-b27f-abcf-445c-20fca0ac4fd4,2d3185c3-4135-82ad-5e37-5b234f1ebc5e,ARSB81098,شطاف ظغط مربع مع طوبو كروم,7,42.000,294.000,310002022
2769c38c-5318-5fe9-584a-ee75a647cb58,2d3185c3-4135-82ad-5e37-5b234f1ebc5e,ARSB81099,شطاف ظغط دائري مع طوبو كروم,8,55.000,440.000,310002023
c61240dc-e999-be93-f4fe-d4946bec134a,530b7f30-d603-adc9-8158-b665e1d6b917,ARSB80931,شطاف ظغط دائري كلاسيكي مع طوبو كروم,60,120.000,7200.000,310002024
6a8e5515-d3e2-a4e6-c85c-88e165f04ef9,530b7f30-d603-adc9-8158-b665e1d6b917,ARSB80826,كسكاس دوش دائري 250 مم مع قصبة كروم,10,250.000,2500.000,310002025
154fce18-fdc3-d1df-dc4b-e2d5d88a8d5a,530b7f30-d603-adc9-8158-b665e1d6b917,ARSB80825,كسكاس دوش دائري شريحه 250 مم مع قصبة كروم,10,285.000,2850.000,310002026
07306204-0ad1-a2de-5a44-1de5320194a6,530b7f30-d603-adc9-8158-b665e1d6b917,MDE50047,خلاط دوش مدفون كروم,10,360.000,3600.000,310002027
08440db0-709c-4f99-f30a-8f057c70cf22,530b7f30-d603-adc9-8158-b665e1d6b917,MTE60032,خلاط شطاف مدفون كروم,10,195.000,1950.000,310002028
dcade079-ca50-1463-3788-1af9643f158c,530b7f30-d603-adc9-8158-b665e1d6b917,MDE50676,خلاط دوش مدفون كروم,10,395.000,3950.000,310002029
2d2a08c4-2319-a5a1-a063-7bf627fd66fc,530b7f30-d603-adc9-8158-b665e1d6b917,MTE60675,خلاط شطاف مدفون كروم,10,225.000,2250.000,310002030
2e9390e5-2924-9a0d-9b44-ceaafe18cabf,530b7f30-d603-adc9-8158-b665e1d6b917,ARSB81100,قصبة دوش 40 سم كروم,10,135.000,1350.000,310002031
417ae387-4e07-3223-3078-9992c48ef19d,530b7f30-d603-adc9-8158-b665e1d6b917,ARSB81101,قصبة دوش 40 سم كروم,10,60.000,600.000,310002032
7b7443f8-b468-2ab6-f918-9ae670cf8ce9,723b7882-c13d-dff2-aef4-325e1881e4b8,ML30275,مرايا حمام مع إضاءة لد 80*60 سم,12,70.000,840.000,310002033
54b8ef66-f669-3f5f-0f74-f404b77f3fa9,723b7882-c13d-dff2-aef4-325e1881e4b8,ML31102,مرايا حمام مع إضاءة لد60*80 سم,12,70.000,840.000,310002034
71944dc7-55c0-f419-cd2b-683a14b4b2b6,723b7882-c13d-dff2-aef4-325e1881e4b8,ML30274,مرايا حمام مع إضاءة لد 80*60 سم,12,70.000,840.000,310002035
c1d3430d-2abf-c6db-5770-9fdde723458a,723b7882-c13d-dff2-aef4-325e1881e4b8,ML30281,مرايا حمام مع إضاءة لد 80*60 سم,11,70.000,770.000,310002036
712fe401-cd92-8294-9e21-044fd138a400,3fe26199-dc15-fdde-fb3f-89410b75923c,ATWC50314,صندوق طرد مدفون بتارية مع زر مربع 9 لتر,4,925.000,3700.000,310002037
d209184c-ec8f-7e24-7cec-b8411f0b6f7b,3fe26199-dc15-fdde-fb3f-89410b75923c,RO10294,حنفية غسالة  ''1/2 * ''3/4 كروم,30,28.000,840.000,310002038
549de947-2c25-fd57-5653-8c594cbec5c7,c99d6050-24f8-b239-c658-59f67acf4268,WS10014,مقعد معلق (صندوق خارجي) أبيض,4,500.000,2000.000,210002423
f940c46e-4189-804a-56fa-c76756569b9c,c99d6050-24f8-b239-c658-59f67acf4268,WS10015,صندوق مقعد معلق أبيض,4,100.000,400.000,210002424
76f5539a-4ca7-5766-8000-d4536e1a8dee,133872bb-8e70-1eb1-72e6-909368739468,AASB31106,موزع صابون كروم,4,75.000,300.000,310002042
2aaaaa27-9bda-95f0-24ac-9beb1be3745b,133872bb-8e70-1eb1-72e6-909368739468,PS21107,علاقة مناشف زوجية كروم متحركة,4,62.500,250.000,310002043
bd4f69c3-1351-8898-c015-857563894139,133872bb-8e70-1eb1-72e6-909368739468,PS21108,علاقة مناشف كروم,4,90.000,360.000,310002044
1b4b99cd-8afd-7a95-4b31-fbc0018e7056,226401c8-de32-4b34-f768-1166968a33b5,WS10015,صندوق مقعد معلق أبيض,4,100.000,400.000,210002425
e45f1a78-8f7d-b0c2-f779-2ee258a6d15f,226401c8-de32-4b34-f768-1166968a33b5,WS10014,مقعد معلق (صندوق خارجي) أبيض,4,500.000,2000.000,210002426
28116ff4-8f83-56c2-7cb5-fbc17341879b,7e54dc93-b614-793b-9286-5d1067626ae4,PD20579,حاجز دوش 80*190سم 10مم اطار كروم منقط,1,595.000,595.000,210002427
27cc15c4-96bc-a911-bbbd-ed167854681b,133872bb-8e70-1eb1-72e6-909368739468,PS21103,علاقة مناشف زوجية كروم,4,140.000,560.000,310002039
0207645e-2865-ca1c-34a4-0075aa459534,133872bb-8e70-1eb1-72e6-909368739468,AASB31104,حاملة فوط كروم,6,105.000,630.000,310002040
e477f501-4a2e-6322-29a3-7db9aa9e68ab,133872bb-8e70-1eb1-72e6-909368739468,AASB31105,صابونية كروم,6,72.500,435.000,310002041
d06aaf02-71a2-c0dc-df91-e9bc1263712d,c8970d69-9f12-e2e6-ccbe-bdae3a633df6,PD21110,حاجز دوش 10مم اطار كروم منقط 100 سم,3,675.000,2025.000,310002046
dfa895e5-2641-46d6-48cc-ff757229f59e,c8970d69-9f12-e2e6-ccbe-bdae3a633df6,PD21111,حاجز دوش 10مم اطار كروم منقط 70 سم,4,575.000,2300.000,310002047
7418dd9a-093d-ea3b-5639-7859dd6702fe,c8970d69-9f12-e2e6-ccbe-bdae3a633df6,PD21113,حاجز دوش 10مم اطار كروم منقط 90سم,4,640.000,2560.000,310002049
1e24ddfb-af91-1c04-e05b-2fa7e25e1893,c8970d69-9f12-e2e6-ccbe-bdae3a633df6,SA11114,طقم اكسسوار كروم,5,295.000,1475.000,310002050
a1e7b56b-823e-e704-97fa-39216e782805,c8970d69-9f12-e2e6-ccbe-bdae3a633df6,SA11115,طقم اكسسوار كروم,5,190.000,950.000,310002051
1980df0d-cc27-2da9-1198-e8c78e297e19,c8970d69-9f12-e2e6-ccbe-bdae3a633df6,PS21116,علاقة مناشف كروم,5,190.000,950.000,310002052
d7d075c8-a768-1a22-3477-a852ffd92d8a,c8970d69-9f12-e2e6-ccbe-bdae3a633df6,PS21117,علاقة مناشف كروم,5,195.000,975.000,310002053
6cab6200-3903-a397-721d-bc1c038f501b,c8970d69-9f12-e2e6-ccbe-bdae3a633df6,PS21118,علاقة مناشف كروم,5,155.000,775.000,310002054
950616bc-3ec8-ff36-6198-d88bff828995,c8970d69-9f12-e2e6-ccbe-bdae3a633df6,PS21119,علاقة مناشف كروم,5,195.000,975.000,310002055
e3c264fd-23f4-b257-6803-85525bcdc30b,c8970d69-9f12-e2e6-ccbe-bdae3a633df6,AASB31120,رف زاوية زوجي كروم,5,145.000,725.000,310002056
0409417c-7384-50de-eb65-6dd4e633bc05,c8970d69-9f12-e2e6-ccbe-bdae3a633df6,PS21121,علاقة مناشف كروم,6,90.000,540.000,310002057
f1ca3765-4187-9586-5ba2-1f85ad70c1ca,c8970d69-9f12-e2e6-ccbe-bdae3a633df6,AASB31122,رف زاوية زوجي كروم,3,165.000,495.000,310002058
5293624c-013c-b5cc-223f-3248119c9769,c8970d69-9f12-e2e6-ccbe-bdae3a633df6,AASB31123,رف زاوية زوجي كروم,5,115.000,575.000,310002059
82882398-dbca-9b12-2028-6ab5a50a8e87,c8970d69-9f12-e2e6-ccbe-bdae3a633df6,ARSB80926,مصب دوش نحاس مع تحويلة كروم,10,115.000,1150.000,310002060
1b34b36c-55b6-8108-023f-f12e7371a0b6,c8970d69-9f12-e2e6-ccbe-bdae3a633df6,ALVM50430,رأس سيفوني رخامي,10,52.000,520.000,310002061
f84b951c-7f1c-58e2-56f9-93d61e5e3c34,c8970d69-9f12-e2e6-ccbe-bdae3a633df6,ARSB81124,شطاف ظغط مربع مع طوبو كروم,10,49.000,490.000,310002062
46125797-038f-34d1-ce4b-9406ec60d92c,c8970d69-9f12-e2e6-ccbe-bdae3a633df6,ARSB81125,شطاف ظغط دائرية مع طوبو كروم,6,95.000,570.000,310002063
180196ab-980f-0a12-686c-b54da87f3b93,c8970d69-9f12-e2e6-ccbe-bdae3a633df6,ARSB81126,شطاف ظغط مربعة مع طوبو كروم,10,95.000,950.000,310002064
956266f7-5155-b731-7a1f-f5502c7f4a1e,c8970d69-9f12-e2e6-ccbe-bdae3a633df6,ARSB81127,مخرج شطاف بالعلاقة مربع كروم,10,38.000,380.000,310002065
f8a0ccde-c7cc-30ec-8980-8b91100c4098,c8970d69-9f12-e2e6-ccbe-bdae3a633df6,ARSB81128,مخرج شطاف مربع كروم,10,28.000,280.000,310002066
75bbd91f-a3c8-2b88-7531-3c9c0dc21b24,c8970d69-9f12-e2e6-ccbe-bdae3a633df6,MT30556,خلاط شطاف مع شطاف كروم,6,195.000,1170.000,310002067
03542bad-a2ac-65c0-88ad-e954912869ae,c8970d69-9f12-e2e6-ccbe-bdae3a633df6,AASB31129,رف زاوية زوجي ذهبي,4,145.000,580.000,310002068
3ea17a67-39aa-09ec-8279-64a806eb0913,c8970d69-9f12-e2e6-ccbe-bdae3a633df6,AASB30026,رف زاوية زوجي كروم,3,140.000,420.000,310002069
47a127af-3b65-5c29-8ba1-7e82d56a65e8,c8970d69-9f12-e2e6-ccbe-bdae3a633df6,RFP11109,"فسيبلي "" 1/2 أنثى * ""3/8 أنثى 60سم",10,11.250,112.500,310002045
957c9be1-b1b5-50ca-68fb-4eb876200501,c8970d69-9f12-e2e6-ccbe-bdae3a633df6,PD21112,حاجز دوش 10مم اطار كروم منقط 80سم,4,595.000,2380.000,310002048
620e146b-6f8d-4f07-25ad-eb76069174e3,c8970d69-9f12-e2e6-ccbe-bdae3a633df6,AASB31130,مجفف يد أسود,3,185.000,555.000,310002070
0d3963c4-d377-da53-9800-5f7a3a701add,c8970d69-9f12-e2e6-ccbe-bdae3a633df6,PS21131,علاقة مناشف كروم,10,95.000,950.000,310002071
a740be03-dcb6-c130-eb08-b3d5139113bf,c8970d69-9f12-e2e6-ccbe-bdae3a633df6,AASB31132,مجفف يد أبيض,3,150.000,450.000,310002072
19e6a69b-3293-89e4-88a9-e87ed71e87d6,c8970d69-9f12-e2e6-ccbe-bdae3a633df6,ML11133,خلاط حوض وجه  كروم,4,210.000,840.000,310002073
c7054cf0-27f3-ac62-f56c-24528fb8fb7e,c8970d69-9f12-e2e6-ccbe-bdae3a633df6,SA11134,طقم اكسسوار كروم,5,155.000,775.000,310002074
f87027d2-a3af-f286-5d55-29e25d0527a0,c8970d69-9f12-e2e6-ccbe-bdae3a633df6,SA10520,طقم اكسسوار كروم,5,255.000,1275.000,310002075
1d51cac0-6cfa-09a1-c046-2cdfa03cad9c,c8970d69-9f12-e2e6-ccbe-bdae3a633df6,SA11135,طقم اكسسوار كروم,5,245.000,1225.000,310002076
cff76026-057d-52f5-6453-f26d879224e0,55f0d09c-b455-9d9f-e377-bf2b21fbffee,WS10172,مقعد معلق رايملس أبيض,3,940.000,2820.000,310002077
6976cb99-f381-d2c9-b7e5-18dd782cf41f,15ee708b-a29e-ee61-c4de-6a290ef15cde,PLSA0550,وردة كروم  1/2,50,2.950,147.500,310002078
f9dd82da-25b9-e84a-7ad5-ac3e07b89180,15ee708b-a29e-ee61-c4de-6a290ef15cde,PLSA0549,وردة كروم  1/2,50,7.000,350.000,310002079
5aaf0fca-9193-18f5-19c3-faae85d4863d,8e5ba119-db5e-10a6-871f-b972e0a3ff57,PD21111,حاجز دوش 10مم اطار كروم منقط 70 سم,6,575.000,3450.000,310002080
dc84d903-f589-91e2-e966-795e97830f29,2d789600-9405-a7b4-2316-be665608eda4,ML31136,مرايا حمام مع إضاءة لد 80*60 سم,2,130.000,260.000,310002081
df0776ff-d466-46c3-61b9-dd8ab5e48092,2d789600-9405-a7b4-2316-be665608eda4,LG41137,حوض معا رف كوارتز80سم أبيض,2,600.000,1200.000,310002082
b741e84d-ab77-581a-c356-d3013b1a56a5,2d789600-9405-a7b4-2316-be665608eda4,WS10015,صندوق مقعد معلق أبيض,4,135.000,540.000,310002083
ef1025e6-f79f-5c86-2e87-92b434de18db,2d789600-9405-a7b4-2316-be665608eda4,WS10014,مقعد معلق (صندوق خارجي) أبيض,4,470.000,1880.000,310002084
48f04104-3e7d-0010-4a8e-702eb7112efa,fb9e6a38-bb34-5504-2cd1-e662f0ddaab7,EL10933,حوض مطبخ ستانلس ستيل تحت الرخامة 304 75*44 سم,4,595.000,2380.000,310002085
7489a093-3035-7b69-25ee-719295dace3a,fb9e6a38-bb34-5504-2cd1-e662f0ddaab7,VS11139,حوض وجه معلق 60سم,5,345.000,1725.000,310002086
0e301dde-3b6d-76e3-2250-c3c5080f2580,fb9e6a38-bb34-5504-2cd1-e662f0ddaab7,VS11140,حوض وجه معلق 80سم,5,425.000,2125.000,310002087
f3fe9181-162a-b443-f23b-0a5d36879b18,fb9e6a38-bb34-5504-2cd1-e662f0ddaab7,VS11141,حوض وجه معلق80 سم,5,375.000,1875.000,310002088
933ff4fc-3386-2be1-5400-21734d4a6df8,fb9e6a38-bb34-5504-2cd1-e662f0ddaab7,VS11142,حوض وجه معلق60 سم,5,315.000,1575.000,310002089
cca2ac48-92b6-b2ce-f56a-5d0e2b79d203,6efab3e0-0830-2f87-1281-6e827f38533a,ATWC50314,صندوق طرد مدفون بتارية مع زر مربع 9 لتر,4,960.000,3840.000,310002090
2aff5470-316c-1eff-765f-85173800d45a,6efab3e0-0830-2f87-1281-6e827f38533a,ARSB80214,"مسكر شطافة ""1/2"" * ""1/2 كروم",60,32.500,1950.000,310002091
3c4a8a69-ea2f-900c-5afa-dcfba56d0ba3,6efab3e0-0830-2f87-1281-6e827f38533a,ARSB80294,"مسكر شطافة ""1/2"" * ""1/2 كروم",12,35.500,426.000,310002092
4ed7e134-78b7-422c-5d8a-97a933e19048,6efab3e0-0830-2f87-1281-6e827f38533a,ARSB80295,"مسكر شطافة ""1/2"" * ""1/2 كروم",8,65.000,520.000,310002093
db6e1394-a644-0709-4499-0c6c19212932,6efab3e0-0830-2f87-1281-6e827f38533a,ARSB81144,شطاف ظغط ايطالية بلاستك,6,47.000,282.000,310002094
ac9edf93-8c79-278b-edca-5539c4f8d991,6efab3e0-0830-2f87-1281-6e827f38533a,ARSB81145,شطاف ظغط ايطالية بلاستك,6,77.000,462.000,310002095
501c9ae2-5a31-1e6e-3106-27abfdf4cfef,afa278aa-0bb2-0607-e507-423b0fd5e8dc,VS11140,حوض وجه معلق 80سم,2,425.000,850.000,310002096
4f860ed3-2ed5-a6e8-99b8-a9af8febc3f9,510f2828-7bcf-8273-0b58-4da99d1c7e38,CE11147,سخانة 50 لتر عمودية,6,660.000,3960.000,310002098
a7fb886a-c230-265a-95dd-771f568f01f9,510f2828-7bcf-8273-0b58-4da99d1c7e38,RO11146,حنفية  3/4مع تفلون,12,38.500,462.000,310002097
fc708865-3de3-eca7-5fdc-28ac60a99a93,510f2828-7bcf-8273-0b58-4da99d1c7e38,CE11148,سخانة 80 لتر عمودية,6,750.000,4500.000,310002099
febc52ad-5c90-79b6-621c-2b614f5862eb,510f2828-7bcf-8273-0b58-4da99d1c7e38,CE10007,سخانة 80 لتر,6,580.000,3480.000,310002100
48cc42e8-6340-6127-371b-3c4d3db9fd10,510f2828-7bcf-8273-0b58-4da99d1c7e38,ALVM50422,رأس سيفوني كروم,6,68.750,412.500,310002101
462c6bcb-1b38-3f68-fc09-f488231c489e,510f2828-7bcf-8273-0b58-4da99d1c7e38,ATWC50246,رجسترو مقعد أرضي مائل 3 سم,20,7.000,140.000,310002102
b818be2b-0fe9-3124-4e4b-7b6fb29738a3,510f2828-7bcf-8273-0b58-4da99d1c7e38,ATWC50245,رجسترو مقعد أرضي مستقيم,20,7.000,140.000,310002103
b65ac972-be61-e982-4208-f7b38fbce03c,510f2828-7bcf-8273-0b58-4da99d1c7e38,SI11149,سلكون  280 غرام أبيض,24,9.750,234.000,310002104
d42bd0dd-cff5-c4a4-a1a0-84bca1c9816a,510f2828-7bcf-8273-0b58-4da99d1c7e38,SI10412,سلكون  280 غرام شفاف,24,9.750,234.000,310002105
6d7dae95-b075-30b0-bdbd-5eb31862bfc3,510f2828-7bcf-8273-0b58-4da99d1c7e38,ARSB81150,كسكاس دوش دائري  250*250 مم اسود مع قصبة,6,220.000,1320.000,310002106
53c98e58-6881-fe42-07ca-91c9ba62e5ec,510f2828-7bcf-8273-0b58-4da99d1c7e38,ACE20242,مثبت سخانة,20,4.250,85.000,310002107
24e3516d-b845-d6ad-0971-f9573577bf4f,510f2828-7bcf-8273-0b58-4da99d1c7e38,ALVM50240,مثبت حوض الوجه,30,3.750,112.500,310002108
bfa43f2c-5abc-d260-ad8a-4e8b1dde61ad,c07fc0c1-0483-67ea-1cd5-4ee6c021400b,AM0901,دولاب حمام -80 سم,6,500.000,3000.000,310001109
31713eca-825d-8532-27c0-66a5a38270df,5a46adce-b83d-e70d-1d75-0618b0f30cc4,RE10591,حنفية حوض المطبخ شجرة كروم,5,20.000,100.000,310000646
cd8ad0b8-0482-c568-5f12-404eb8b784c7,71477cd7-594f-dd7f-1099-6d3e8ac93267,WA40444,غطاء مقعد تركي أبيض,10,43.000,430.000,310000469
25c02dd1-be4a-3128-edd2-64b1d4984099,71477cd7-594f-dd7f-1099-6d3e8ac93267,ARSB80040,شطاف ظغط مربع مع طوبو كروم,4,165.000,660.000,310000568
2d2d4e52-ca0e-2a81-1ca2-fe96ab5df6f1,5a46adce-b83d-e70d-1d75-0618b0f30cc4,EL10595,حوض مطبخ ستانلس ستيل 304 80*45,3,175.000,525.000,310000650
1dfef2e1-17d1-8c2a-c26c-d1a5110ba0bc,ebce3d13-908e-a644-48bb-7a0717341171,ARSB80847,شطاف ظغط مربع مع طوبو كروم,50,60.000,3000.000,310001469
82b9720d-ff1d-d553-7ca6-792f6bc30497,ebce3d13-908e-a644-48bb-7a0717341171,ARSB80848,شطاف ظغط مربع مع طوبو ذهبي,50,60.000,3000.000,310001470
